Region Code,Provider Code,Provider Name,Treatment Function Code,Treatment Function,Total number of incomplete pathways,Total within 18 weeks,% within 18 weeks,Average (median) waiting time (in weeks),92nd percentile waiting time (in weeks),Total 52 plus weeks
Y56,R1H,BARTS HEALTH NHS TRUST,C_100,General Surgery Service,"3,397",,,21.7,,608
Y56,R1H,BARTS HEALTH NHS TRUST,C_101,Urology Service,"5,187",,,16.9,,739
Y56,R1H,BARTS HEALTH NHS TRUST,C_110,Trauma and Orthopaedic Service,"8,734",,,25.1,,"2,037"
Y56,R1H,BARTS HEALTH NHS TRUST,C_120,Ear Nose and Throat Service,"9,466",,,25.7,,"2,338"
Y56,R1H,BARTS HEALTH NHS TRUST,C_130,Ophthalmology Service,"5,134",,,22.7,,859
Y56,R1H,BARTS HEALTH NHS TRUST,C_140,Oral Surgery Service,"4,374",,,18.8,,887
Y56,R1H,BARTS HEALTH NHS TRUST,C_150,Neurosurgical Service,724,,,12.9,,95
Y56,R1H,BARTS HEALTH NHS TRUST,C_160,Plastic Surgery Service,"1,064",,,29.9,,343
Y56,R1H,BARTS HEALTH NHS TRUST,C_170,Cardiothoracic Surgery Service,770,,,8.3,,7
Y56,R1H,BARTS HEALTH NHS TRUST,C_300,General Internal Medicine Service,76,,,6.2,,2
Y56,R1H,BARTS HEALTH NHS TRUST,C_301,Gastroenterology Service,"4,744",,,13.4,,248
Y56,R1H,BARTS HEALTH NHS TRUST,C_320,Cardiology Service,"5,118",,,8.5,,46
Y56,R1H,BARTS HEALTH NHS TRUST,C_330,Dermatology Service,"4,033",,,13.9,,192
Y56,R1H,BARTS HEALTH NHS TRUST,C_340,Respiratory Medicine Service,"2,351",,,10.7,,119
Y56,R1H,BARTS HEALTH NHS TRUST,C_400,Neurology Service,852,,,7.2,,41
Y56,R1H,BARTS HEALTH NHS TRUST,C_410,Rheumatology Service,"1,144",,,5.3,,3
Y56,R1H,BARTS HEALTH NHS TRUST,C_430,Elderly Medicine Service,51,,,2.8,,0
Y56,R1H,BARTS HEALTH NHS TRUST,C_502,Gynaecology Service,"7,130",,,13.7,,747
Y56,R1H,BARTS HEALTH NHS TRUST,X02,Other - Medical Services,"9,857",,,8.9,,552
Y56,R1H,BARTS HEALTH NHS TRUST,X03,Other - Mental Health Services, -   ,,,-,,0
Y56,R1H,BARTS HEALTH NHS TRUST,X04,Other - Paediatric Services,"10,552",,,21,,"2,439"
Y56,R1H,BARTS HEALTH NHS TRUST,X05,Other - Surgical Services,"11,970",,,18.7,,"2,153"
Y56,R1H,BARTS HEALTH NHS TRUST,X06,Other - Other Services,545,,,8.3,,47
Y56,R1K,LONDON NORTH WEST UNIVERSITY HEALTHCARE NHS TRUST,C_100,General Surgery Service,"7,153","4,778",66.80%,9.8,43.4,466
Y56,R1K,LONDON NORTH WEST UNIVERSITY HEALTHCARE NHS TRUST,C_101,Urology Service,"1,495","1,215",81.30%,6.3,27.6,1
Y56,R1K,LONDON NORTH WEST UNIVERSITY HEALTHCARE NHS TRUST,C_110,Trauma and Orthopaedic Service,"2,661","1,471",55.30%,14.1,37.8,54
Y56,R1K,LONDON NORTH WEST UNIVERSITY HEALTHCARE NHS TRUST,C_120,Ear Nose and Throat Service,"5,582","2,791",50.00%,18,59.3,489
Y56,R1K,LONDON NORTH WEST UNIVERSITY HEALTHCARE NHS TRUST,C_130,Ophthalmology Service,949,763,80.40%,6.9,29.7,16
Y56,R1K,LONDON NORTH WEST UNIVERSITY HEALTHCARE NHS TRUST,C_140,Oral Surgery Service,"4,865","3,301",67.90%,9.7,30.7,114
Y56,R1K,LONDON NORTH WEST UNIVERSITY HEALTHCARE NHS TRUST,C_150,Neurosurgical Service, -   , -   , -   ,-,-,0
Y56,R1K,LONDON NORTH WEST UNIVERSITY HEALTHCARE NHS TRUST,C_160,Plastic Surgery Service,2,1,50.00%,-,-,1
Y56,R1K,LONDON NORTH WEST UNIVERSITY HEALTHCARE NHS TRUST,C_170,Cardiothoracic Surgery Service, -   , -   , -   ,-,-,0
Y56,R1K,LONDON NORTH WEST UNIVERSITY HEALTHCARE NHS TRUST,C_300,General Internal Medicine Service,12,11,91.70%,-,-,0
Y56,R1K,LONDON NORTH WEST UNIVERSITY HEALTHCARE NHS TRUST,C_301,Gastroenterology Service,"3,812","2,772",72.70%,9.9,27.2,3
Y56,R1K,LONDON NORTH WEST UNIVERSITY HEALTHCARE NHS TRUST,C_320,Cardiology Service,"2,047","2,008",98.10%,5.9,14.5,0
Y56,R1K,LONDON NORTH WEST UNIVERSITY HEALTHCARE NHS TRUST,C_330,Dermatology Service,"1,669","1,599",95.80%,4.7,12.7,0
Y56,R1K,LONDON NORTH WEST UNIVERSITY HEALTHCARE NHS TRUST,C_340,Respiratory Medicine Service,761,701,92.10%,5.4,17.8,0
Y56,R1K,LONDON NORTH WEST UNIVERSITY HEALTHCARE NHS TRUST,C_400,Neurology Service,829,827,99.80%,5,10.7,0
Y56,R1K,LONDON NORTH WEST UNIVERSITY HEALTHCARE NHS TRUST,C_410,Rheumatology Service,533,526,98.70%,3.8,11.8,0
Y56,R1K,LONDON NORTH WEST UNIVERSITY HEALTHCARE NHS TRUST,C_430,Elderly Medicine Service,27,27,100.00%,0.7,4.4,0
Y56,R1K,LONDON NORTH WEST UNIVERSITY HEALTHCARE NHS TRUST,C_502,Gynaecology Service,"5,007","2,827",56.50%,13.6,60.2,455
Y56,R1K,LONDON NORTH WEST UNIVERSITY HEALTHCARE NHS TRUST,X02,Other - Medical Services,"4,386","3,953",90.10%,5.9,19.4,4
Y56,R1K,LONDON NORTH WEST UNIVERSITY HEALTHCARE NHS TRUST,X03,Other - Mental Health Services, -   , -   , -   ,-,-,0
Y56,R1K,LONDON NORTH WEST UNIVERSITY HEALTHCARE NHS TRUST,X04,Other - Paediatric Services,770,684,88.80%,6,20.8,0
Y56,R1K,LONDON NORTH WEST UNIVERSITY HEALTHCARE NHS TRUST,X05,Other - Surgical Services, -   , -   , -   ,-,-,0
Y56,R1K,LONDON NORTH WEST UNIVERSITY HEALTHCARE NHS TRUST,X06,Other - Other Services,57,54,94.70%,6,15.2,0
Y56,RAL,ROYAL FREE LONDON NHS FOUNDATION TRUST,C_100,General Surgery Service,"1,805",754,41.80%,21.4,68.7,317
Y56,RAL,ROYAL FREE LONDON NHS FOUNDATION TRUST,C_101,Urology Service,"3,826","1,719",44.90%,20.2,62.7,496
Y56,RAL,ROYAL FREE LONDON NHS FOUNDATION TRUST,C_110,Trauma and Orthopaedic Service,"7,250","2,560",35.30%,26.7,69.3,"1,454"
Y56,RAL,ROYAL FREE LONDON NHS FOUNDATION TRUST,C_120,Ear Nose and Throat Service,"9,037","3,152",34.90%,28.8,66.9,"2,335"
Y56,RAL,ROYAL FREE LONDON NHS FOUNDATION TRUST,C_130,Ophthalmology Service,"6,917","3,875",56.00%,14.7,63.2,884
Y56,RAL,ROYAL FREE LONDON NHS FOUNDATION TRUST,C_140,Oral Surgery Service,171,21,12.30%,64.5,86.6,116
Y56,RAL,ROYAL FREE LONDON NHS FOUNDATION TRUST,C_150,Neurosurgical Service, -   , -   , -   ,-,-,0
Y56,RAL,ROYAL FREE LONDON NHS FOUNDATION TRUST,C_160,Plastic Surgery Service,"2,820",921,32.70%,31.8,102.4,"1,140"
Y56,RAL,ROYAL FREE LONDON NHS FOUNDATION TRUST,C_170,Cardiothoracic Surgery Service, -   , -   , -   ,-,-,0
Y56,RAL,ROYAL FREE LONDON NHS FOUNDATION TRUST,C_300,General Internal Medicine Service,93,43,46.20%,20,53.6,9
Y56,RAL,ROYAL FREE LONDON NHS FOUNDATION TRUST,C_301,Gastroenterology Service,"4,989","2,684",53.80%,15.9,52.5,414
Y56,RAL,ROYAL FREE LONDON NHS FOUNDATION TRUST,C_320,Cardiology Service,"2,703","2,036",75.30%,8.7,27.4,9
Y56,RAL,ROYAL FREE LONDON NHS FOUNDATION TRUST,C_330,Dermatology Service,"6,107","3,135",51.30%,16.7,59.9,598
Y56,RAL,ROYAL FREE LONDON NHS FOUNDATION TRUST,C_340,Respiratory Medicine Service,"2,625","1,607",61.20%,13,34.6,22
Y56,RAL,ROYAL FREE LONDON NHS FOUNDATION TRUST,C_400,Neurology Service,"2,153","1,577",73.20%,10.5,30,12
Y56,RAL,ROYAL FREE LONDON NHS FOUNDATION TRUST,C_410,Rheumatology Service,"2,712","1,444",53.20%,16.4,41.1,87
Y56,RAL,ROYAL FREE LONDON NHS FOUNDATION TRUST,C_430,Elderly Medicine Service,65,48,73.80%,7.8,42.9,4
Y56,RAL,ROYAL FREE LONDON NHS FOUNDATION TRUST,C_502,Gynaecology Service,"3,919","1,942",49.60%,18.2,64.6,495
Y56,RAL,ROYAL FREE LONDON NHS FOUNDATION TRUST,X02,Other - Medical Services,"10,223","6,082",59.50%,13.2,61.8,"1,186"
Y56,RAL,ROYAL FREE LONDON NHS FOUNDATION TRUST,X03,Other - Mental Health Services, -   , -   , -   ,-,-,0
Y56,RAL,ROYAL FREE LONDON NHS FOUNDATION TRUST,X04,Other - Paediatric Services,"4,918","2,333",47.40%,19.3,65.3,945
Y56,RAL,ROYAL FREE LONDON NHS FOUNDATION TRUST,X05,Other - Surgical Services,"12,757","5,469",42.90%,22.3,68.3,"3,213"
Y56,RAL,ROYAL FREE LONDON NHS FOUNDATION TRUST,X06,Other - Other Services,"1,535",931,60.70%,11.9,64.9,214
Y56,RAN,ROYAL NATIONAL ORTHOPAEDIC HOSPITAL NHS TRUST,C_100,General Surgery Service, -   , -   , -   ,-,-,0
Y56,RAN,ROYAL NATIONAL ORTHOPAEDIC HOSPITAL NHS TRUST,C_101,Urology Service,76,51,67.10%,13.3,42.9,2
Y56,RAN,ROYAL NATIONAL ORTHOPAEDIC HOSPITAL NHS TRUST,C_110,Trauma and Orthopaedic Service,"4,934","3,214",65.10%,10.3,43.4,314
Y56,RAN,ROYAL NATIONAL ORTHOPAEDIC HOSPITAL NHS TRUST,C_120,Ear Nose and Throat Service, -   , -   , -   ,-,-,0
Y56,RAN,ROYAL NATIONAL ORTHOPAEDIC HOSPITAL NHS TRUST,C_130,Ophthalmology Service, -   , -   , -   ,-,-,0
Y56,RAN,ROYAL NATIONAL ORTHOPAEDIC HOSPITAL NHS TRUST,C_140,Oral Surgery Service, -   , -   , -   ,-,-,0
Y56,RAN,ROYAL NATIONAL ORTHOPAEDIC HOSPITAL NHS TRUST,C_150,Neurosurgical Service,1, -   , -   ,-,-,0
Y56,RAN,ROYAL NATIONAL ORTHOPAEDIC HOSPITAL NHS TRUST,C_160,Plastic Surgery Service,4,2,50.00%,-,-,0
Y56,RAN,ROYAL NATIONAL ORTHOPAEDIC HOSPITAL NHS TRUST,C_170,Cardiothoracic Surgery Service, -   , -   , -   ,-,-,0
Y56,RAN,ROYAL NATIONAL ORTHOPAEDIC HOSPITAL NHS TRUST,C_300,General Internal Medicine Service, -   , -   , -   ,-,-,0
Y56,RAN,ROYAL NATIONAL ORTHOPAEDIC HOSPITAL NHS TRUST,C_301,Gastroenterology Service,12,6,50.00%,-,-,0
Y56,RAN,ROYAL NATIONAL ORTHOPAEDIC HOSPITAL NHS TRUST,C_320,Cardiology Service, -   , -   , -   ,-,-,0
Y56,RAN,ROYAL NATIONAL ORTHOPAEDIC HOSPITAL NHS TRUST,C_330,Dermatology Service, -   , -   , -   ,-,-,0
Y56,RAN,ROYAL NATIONAL ORTHOPAEDIC HOSPITAL NHS TRUST,C_340,Respiratory Medicine Service, -   , -   , -   ,-,-,0
Y56,RAN,ROYAL NATIONAL ORTHOPAEDIC HOSPITAL NHS TRUST,C_400,Neurology Service,1,1,100.00%,-,-,0
Y56,RAN,ROYAL NATIONAL ORTHOPAEDIC HOSPITAL NHS TRUST,C_410,Rheumatology Service,142,85,59.90%,14.4,35.5,1
Y56,RAN,ROYAL NATIONAL ORTHOPAEDIC HOSPITAL NHS TRUST,C_430,Elderly Medicine Service, -   , -   , -   ,-,-,0
Y56,RAN,ROYAL NATIONAL ORTHOPAEDIC HOSPITAL NHS TRUST,C_502,Gynaecology Service, -   , -   , -   ,-,-,0
Y56,RAN,ROYAL NATIONAL ORTHOPAEDIC HOSPITAL NHS TRUST,X02,Other - Medical Services,580,433,74.70%,8.4,32.4,8
Y56,RAN,ROYAL NATIONAL ORTHOPAEDIC HOSPITAL NHS TRUST,X03,Other - Mental Health Services,3,3,100.00%,-,-,0
Y56,RAN,ROYAL NATIONAL ORTHOPAEDIC HOSPITAL NHS TRUST,X04,Other - Paediatric Services,454,357,78.60%,7.4,27.1,4
Y56,RAN,ROYAL NATIONAL ORTHOPAEDIC HOSPITAL NHS TRUST,X05,Other - Surgical Services, -   , -   , -   ,-,-,0
Y56,RAN,ROYAL NATIONAL ORTHOPAEDIC HOSPITAL NHS TRUST,X06,Other - Other Services,14,14,100.00%,-,-,0
Y56,RAP,NORTH MIDDLESEX UNIVERSITY HOSPITAL NHS TRUST,C_100,General Surgery Service,"1,291","1,081",83.70%,6.4,22.6,0
Y56,RAP,NORTH MIDDLESEX UNIVERSITY HOSPITAL NHS TRUST,C_101,Urology Service,"1,145",898,78.40%,9.5,24.2,0
Y56,RAP,NORTH MIDDLESEX UNIVERSITY HOSPITAL NHS TRUST,C_110,Trauma and Orthopaedic Service,618,477,77.20%,8.2,23.9,0
Y56,RAP,NORTH MIDDLESEX UNIVERSITY HOSPITAL NHS TRUST,C_120,Ear Nose and Throat Service, -   , -   , -   ,-,-,0
Y56,RAP,NORTH MIDDLESEX UNIVERSITY HOSPITAL NHS TRUST,C_130,Ophthalmology Service,641,563,87.80%,4.3,20.6,0
Y56,RAP,NORTH MIDDLESEX UNIVERSITY HOSPITAL NHS TRUST,C_140,Oral Surgery Service, -   , -   , -   ,-,-,0
Y56,RAP,NORTH MIDDLESEX UNIVERSITY HOSPITAL NHS TRUST,C_150,Neurosurgical Service, -   , -   , -   ,-,-,0
Y56,RAP,NORTH MIDDLESEX UNIVERSITY HOSPITAL NHS TRUST,C_160,Plastic Surgery Service, -   , -   , -   ,-,-,0
Y56,RAP,NORTH MIDDLESEX UNIVERSITY HOSPITAL NHS TRUST,C_170,Cardiothoracic Surgery Service, -   , -   , -   ,-,-,0
Y56,RAP,NORTH MIDDLESEX UNIVERSITY HOSPITAL NHS TRUST,C_300,General Internal Medicine Service,305,274,89.80%,7.9,19.1,0
Y56,RAP,NORTH MIDDLESEX UNIVERSITY HOSPITAL NHS TRUST,C_301,Gastroenterology Service,"1,083",938,86.60%,6.4,20,0
Y56,RAP,NORTH MIDDLESEX UNIVERSITY HOSPITAL NHS TRUST,C_320,Cardiology Service,770,660,85.70%,7.3,22.6,0
Y56,RAP,NORTH MIDDLESEX UNIVERSITY HOSPITAL NHS TRUST,C_330,Dermatology Service,807,679,84.10%,7.7,21.4,0
Y56,RAP,NORTH MIDDLESEX UNIVERSITY HOSPITAL NHS TRUST,C_340,Respiratory Medicine Service,953,732,76.80%,8.4,24.1,0
Y56,RAP,NORTH MIDDLESEX UNIVERSITY HOSPITAL NHS TRUST,C_400,Neurology Service,324,305,94.10%,8.1,16.4,0
Y56,RAP,NORTH MIDDLESEX UNIVERSITY HOSPITAL NHS TRUST,C_410,Rheumatology Service,395,303,76.70%,11,22.9,0
Y56,RAP,NORTH MIDDLESEX UNIVERSITY HOSPITAL NHS TRUST,C_430,Elderly Medicine Service,185,144,77.80%,9.3,23.4,0
Y56,RAP,NORTH MIDDLESEX UNIVERSITY HOSPITAL NHS TRUST,C_502,Gynaecology Service,861,697,81.00%,5.4,23.5,0
Y56,RAP,NORTH MIDDLESEX UNIVERSITY HOSPITAL NHS TRUST,X02,Other - Medical Services,527,462,87.70%,7.1,19.8,0
Y56,RAP,NORTH MIDDLESEX UNIVERSITY HOSPITAL NHS TRUST,X03,Other - Mental Health Services, -   , -   , -   ,-,-,0
Y56,RAP,NORTH MIDDLESEX UNIVERSITY HOSPITAL NHS TRUST,X04,Other - Paediatric Services,647,640,98.90%,6.1,13.4,0
Y56,RAP,NORTH MIDDLESEX UNIVERSITY HOSPITAL NHS TRUST,X05,Other - Surgical Services,"2,356","1,621",68.80%,9.9,37,83
Y56,RAP,NORTH MIDDLESEX UNIVERSITY HOSPITAL NHS TRUST,X06,Other - Other Services, -   , -   , -   ,-,-,0
Y56,RAS,THE HILLINGDON HOSPITALS NHS FOUNDATION TRUST,C_100,General Surgery Service,"1,160",551,47.50%,18.6,57.1,95
Y56,RAS,THE HILLINGDON HOSPITALS NHS FOUNDATION TRUST,C_101,Urology Service,"1,045",541,51.80%,17.5,39,42
Y56,RAS,THE HILLINGDON HOSPITALS NHS FOUNDATION TRUST,C_110,Trauma and Orthopaedic Service,"3,217","1,735",53.90%,15.3,66.5,345
Y56,RAS,THE HILLINGDON HOSPITALS NHS FOUNDATION TRUST,C_120,Ear Nose and Throat Service,"1,072",503,46.90%,19.6,37,1
Y56,RAS,THE HILLINGDON HOSPITALS NHS FOUNDATION TRUST,C_130,Ophthalmology Service,"1,650",996,60.40%,13.1,30.8,7
Y56,RAS,THE HILLINGDON HOSPITALS NHS FOUNDATION TRUST,C_140,Oral Surgery Service,"1,078",646,59.90%,13.3,33.3,23
Y56,RAS,THE HILLINGDON HOSPITALS NHS FOUNDATION TRUST,C_150,Neurosurgical Service, -   , -   , -   ,-,-,0
Y56,RAS,THE HILLINGDON HOSPITALS NHS FOUNDATION TRUST,C_160,Plastic Surgery Service,19,6,31.60%,-,-,5
Y56,RAS,THE HILLINGDON HOSPITALS NHS FOUNDATION TRUST,C_170,Cardiothoracic Surgery Service, -   , -   , -   ,-,-,0
Y56,RAS,THE HILLINGDON HOSPITALS NHS FOUNDATION TRUST,C_300,General Internal Medicine Service,102,101,99.00%,5.4,12.6,0
Y56,RAS,THE HILLINGDON HOSPITALS NHS FOUNDATION TRUST,C_301,Gastroenterology Service,719,535,74.40%,7.5,29.9,8
Y56,RAS,THE HILLINGDON HOSPITALS NHS FOUNDATION TRUST,C_320,Cardiology Service,706,572,81.00%,8.5,25.8,3
Y56,RAS,THE HILLINGDON HOSPITALS NHS FOUNDATION TRUST,C_330,Dermatology Service,623,430,69.00%,7.8,65.5,71
Y56,RAS,THE HILLINGDON HOSPITALS NHS FOUNDATION TRUST,C_340,Respiratory Medicine Service,571,474,83.00%,7.3,21.9,0
Y56,RAS,THE HILLINGDON HOSPITALS NHS FOUNDATION TRUST,C_400,Neurology Service,344,227,66.00%,12.2,36.1,2
Y56,RAS,THE HILLINGDON HOSPITALS NHS FOUNDATION TRUST,C_410,Rheumatology Service,613,257,41.90%,23.2,36.1,3
Y56,RAS,THE HILLINGDON HOSPITALS NHS FOUNDATION TRUST,C_430,Elderly Medicine Service,34,32,94.10%,5.2,15.3,0
Y56,RAS,THE HILLINGDON HOSPITALS NHS FOUNDATION TRUST,C_502,Gynaecology Service,"1,256","1,076",85.70%,7.2,22.8,7
Y56,RAS,THE HILLINGDON HOSPITALS NHS FOUNDATION TRUST,X02,Other - Medical Services,"3,525","1,727",49.00%,19.3,62.9,353
Y56,RAS,THE HILLINGDON HOSPITALS NHS FOUNDATION TRUST,X03,Other - Mental Health Services, -   , -   , -   ,-,-,0
Y56,RAS,THE HILLINGDON HOSPITALS NHS FOUNDATION TRUST,X04,Other - Paediatric Services,934,546,58.50%,12.3,62.1,80
Y56,RAS,THE HILLINGDON HOSPITALS NHS FOUNDATION TRUST,X05,Other - Surgical Services,"1,018",703,69.10%,9,33,13
Y56,RAS,THE HILLINGDON HOSPITALS NHS FOUNDATION TRUST,X06,Other - Other Services,174,84,48.30%,19.2,29.9,1
Y56,RAT,NORTH EAST LONDON NHS FOUNDATION TRUST,C_100,General Surgery Service, -   , -   , -   ,-,-,0
Y56,RAT,NORTH EAST LONDON NHS FOUNDATION TRUST,C_101,Urology Service, -   , -   , -   ,-,-,0
Y56,RAT,NORTH EAST LONDON NHS FOUNDATION TRUST,C_110,Trauma and Orthopaedic Service, -   , -   , -   ,-,-,0
Y56,RAT,NORTH EAST LONDON NHS FOUNDATION TRUST,C_120,Ear Nose and Throat Service, -   , -   , -   ,-,-,0
Y56,RAT,NORTH EAST LONDON NHS FOUNDATION TRUST,C_130,Ophthalmology Service, -   , -   , -   ,-,-,0
Y56,RAT,NORTH EAST LONDON NHS FOUNDATION TRUST,C_140,Oral Surgery Service, -   , -   , -   ,-,-,0
Y56,RAT,NORTH EAST LONDON NHS FOUNDATION TRUST,C_150,Neurosurgical Service, -   , -   , -   ,-,-,0
Y56,RAT,NORTH EAST LONDON NHS FOUNDATION TRUST,C_160,Plastic Surgery Service, -   , -   , -   ,-,-,0
Y56,RAT,NORTH EAST LONDON NHS FOUNDATION TRUST,C_170,Cardiothoracic Surgery Service, -   , -   , -   ,-,-,0
Y56,RAT,NORTH EAST LONDON NHS FOUNDATION TRUST,C_300,General Internal Medicine Service, -   , -   , -   ,-,-,0
Y56,RAT,NORTH EAST LONDON NHS FOUNDATION TRUST,C_301,Gastroenterology Service, -   , -   , -   ,-,-,0
Y56,RAT,NORTH EAST LONDON NHS FOUNDATION TRUST,C_320,Cardiology Service, -   , -   , -   ,-,-,0
Y56,RAT,NORTH EAST LONDON NHS FOUNDATION TRUST,C_330,Dermatology Service, -   , -   , -   ,-,-,0
Y56,RAT,NORTH EAST LONDON NHS FOUNDATION TRUST,C_340,Respiratory Medicine Service, -   , -   , -   ,-,-,0
Y56,RAT,NORTH EAST LONDON NHS FOUNDATION TRUST,C_400,Neurology Service, -   , -   , -   ,-,-,0
Y56,RAT,NORTH EAST LONDON NHS FOUNDATION TRUST,C_410,Rheumatology Service, -   , -   , -   ,-,-,0
Y56,RAT,NORTH EAST LONDON NHS FOUNDATION TRUST,C_430,Elderly Medicine Service,55,55,100.00%,2.6,5.9,0
Y56,RAT,NORTH EAST LONDON NHS FOUNDATION TRUST,C_502,Gynaecology Service, -   , -   , -   ,-,-,0
Y56,RAT,NORTH EAST LONDON NHS FOUNDATION TRUST,X02,Other - Medical Services, -   , -   , -   ,-,-,0
Y56,RAT,NORTH EAST LONDON NHS FOUNDATION TRUST,X03,Other - Mental Health Services, -   , -   , -   ,-,-,0
Y56,RAT,NORTH EAST LONDON NHS FOUNDATION TRUST,X04,Other - Paediatric Services,"1,174",930,79.20%,5.9,44.3,75
Y56,RAT,NORTH EAST LONDON NHS FOUNDATION TRUST,X05,Other - Surgical Services, -   , -   , -   ,-,-,0
Y56,RAT,NORTH EAST LONDON NHS FOUNDATION TRUST,X06,Other - Other Services, -   , -   , -   ,-,-,0
Y56,RAX,KINGSTON HOSPITAL NHS FOUNDATION TRUST,C_100,General Surgery Service,669,520,77.70%,7.9,26.2,2
Y56,RAX,KINGSTON HOSPITAL NHS FOUNDATION TRUST,C_101,Urology Service,953,840,88.10%,6.2,20.9,3
Y56,RAX,KINGSTON HOSPITAL NHS FOUNDATION TRUST,C_110,Trauma and Orthopaedic Service,"1,869","1,301",69.60%,8.9,32.9,29
Y56,RAX,KINGSTON HOSPITAL NHS FOUNDATION TRUST,C_120,Ear Nose and Throat Service,"1,452","1,317",90.70%,4.8,19.7,18
Y56,RAX,KINGSTON HOSPITAL NHS FOUNDATION TRUST,C_130,Ophthalmology Service,"3,755","2,611",69.50%,9.7,31,40
Y56,RAX,KINGSTON HOSPITAL NHS FOUNDATION TRUST,C_140,Oral Surgery Service,871,758,87.00%,6.1,22.2,1
Y56,RAX,KINGSTON HOSPITAL NHS FOUNDATION TRUST,C_150,Neurosurgical Service, -   , -   , -   ,-,-,0
Y56,RAX,KINGSTON HOSPITAL NHS FOUNDATION TRUST,C_160,Plastic Surgery Service,222,188,84.70%,5.7,21.1,0
Y56,RAX,KINGSTON HOSPITAL NHS FOUNDATION TRUST,C_170,Cardiothoracic Surgery Service, -   , -   , -   ,-,-,0
Y56,RAX,KINGSTON HOSPITAL NHS FOUNDATION TRUST,C_300,General Internal Medicine Service,139,125,89.90%,8.7,20,0
Y56,RAX,KINGSTON HOSPITAL NHS FOUNDATION TRUST,C_301,Gastroenterology Service,"1,220",974,79.80%,6.4,22.5,0
Y56,RAX,KINGSTON HOSPITAL NHS FOUNDATION TRUST,C_320,Cardiology Service,811,651,80.30%,8.2,29,0
Y56,RAX,KINGSTON HOSPITAL NHS FOUNDATION TRUST,C_330,Dermatology Service,"1,548","1,278",82.60%,6.6,27,0
Y56,RAX,KINGSTON HOSPITAL NHS FOUNDATION TRUST,C_340,Respiratory Medicine Service,760,520,68.40%,10.7,29.3,0
Y56,RAX,KINGSTON HOSPITAL NHS FOUNDATION TRUST,C_400,Neurology Service,455,452,99.30%,6.3,12.7,0
Y56,RAX,KINGSTON HOSPITAL NHS FOUNDATION TRUST,C_410,Rheumatology Service,684,547,80.00%,7.7,22.4,0
Y56,RAX,KINGSTON HOSPITAL NHS FOUNDATION TRUST,C_430,Elderly Medicine Service,25,24,96.00%,3.3,10,0
Y56,RAX,KINGSTON HOSPITAL NHS FOUNDATION TRUST,C_502,Gynaecology Service,"2,814","2,403",85.40%,7.1,23,0
Y56,RAX,KINGSTON HOSPITAL NHS FOUNDATION TRUST,X02,Other - Medical Services,468,427,91.20%,5.8,18.7,0
Y56,RAX,KINGSTON HOSPITAL NHS FOUNDATION TRUST,X03,Other - Mental Health Services, -   , -   , -   ,-,-,0
Y56,RAX,KINGSTON HOSPITAL NHS FOUNDATION TRUST,X04,Other - Paediatric Services,926,800,86.40%,6.7,23,0
Y56,RAX,KINGSTON HOSPITAL NHS FOUNDATION TRUST,X05,Other - Surgical Services,"2,515","2,093",83.20%,5.7,23.8,4
Y56,RAX,KINGSTON HOSPITAL NHS FOUNDATION TRUST,X06,Other - Other Services,88,67,76.10%,5.9,33,0
Y56,RF4,"BARKING, HAVERING AND REDBRIDGE UNIVERSITY HOSPITALS NHS TRUST",C_100,General Surgery Service,"4,639","2,383",51.40%,16.8,50.7,357
Y56,RF4,"BARKING, HAVERING AND REDBRIDGE UNIVERSITY HOSPITALS NHS TRUST",C_101,Urology Service,"4,504","2,583",57.30%,14.1,40.3,191
Y56,RF4,"BARKING, HAVERING AND REDBRIDGE UNIVERSITY HOSPITALS NHS TRUST",C_110,Trauma and Orthopaedic Service,"5,582","2,004",35.90%,23.1,41.3,230
Y56,RF4,"BARKING, HAVERING AND REDBRIDGE UNIVERSITY HOSPITALS NHS TRUST",C_120,Ear Nose and Throat Service,"3,211","2,418",75.30%,10.1,31.2,50
Y56,RF4,"BARKING, HAVERING AND REDBRIDGE UNIVERSITY HOSPITALS NHS TRUST",C_130,Ophthalmology Service,"4,026","2,392",59.40%,12.6,32.4,46
Y56,RF4,"BARKING, HAVERING AND REDBRIDGE UNIVERSITY HOSPITALS NHS TRUST",C_140,Oral Surgery Service, -   , -   , -   ,-,-,0
Y56,RF4,"BARKING, HAVERING AND REDBRIDGE UNIVERSITY HOSPITALS NHS TRUST",C_150,Neurosurgical Service,"2,557","1,509",59.00%,14,45.8,181
Y56,RF4,"BARKING, HAVERING AND REDBRIDGE UNIVERSITY HOSPITALS NHS TRUST",C_160,Plastic Surgery Service, -   , -   , -   ,-,-,0
Y56,RF4,"BARKING, HAVERING AND REDBRIDGE UNIVERSITY HOSPITALS NHS TRUST",C_170,Cardiothoracic Surgery Service, -   , -   , -   ,-,-,0
Y56,RF4,"BARKING, HAVERING AND REDBRIDGE UNIVERSITY HOSPITALS NHS TRUST",C_300,General Internal Medicine Service,104,60,57.70%,11.8,39.3,3
Y56,RF4,"BARKING, HAVERING AND REDBRIDGE UNIVERSITY HOSPITALS NHS TRUST",C_301,Gastroenterology Service,"1,339","1,283",95.80%,6.9,14.5,0
Y56,RF4,"BARKING, HAVERING AND REDBRIDGE UNIVERSITY HOSPITALS NHS TRUST",C_320,Cardiology Service,"1,275","1,158",90.80%,4.4,19.1,2
Y56,RF4,"BARKING, HAVERING AND REDBRIDGE UNIVERSITY HOSPITALS NHS TRUST",C_330,Dermatology Service,"1,532","1,171",76.40%,7.6,27.5,1
Y56,RF4,"BARKING, HAVERING AND REDBRIDGE UNIVERSITY HOSPITALS NHS TRUST",C_340,Respiratory Medicine Service,610,588,96.40%,2.6,13.7,3
Y56,RF4,"BARKING, HAVERING AND REDBRIDGE UNIVERSITY HOSPITALS NHS TRUST",C_400,Neurology Service,"2,546","1,351",53.10%,15.8,35,14
Y56,RF4,"BARKING, HAVERING AND REDBRIDGE UNIVERSITY HOSPITALS NHS TRUST",C_410,Rheumatology Service,974,889,91.30%,7.4,18.9,4
Y56,RF4,"BARKING, HAVERING AND REDBRIDGE UNIVERSITY HOSPITALS NHS TRUST",C_430,Elderly Medicine Service,170,90,52.90%,16.5,34.6,1
Y56,RF4,"BARKING, HAVERING AND REDBRIDGE UNIVERSITY HOSPITALS NHS TRUST",C_502,Gynaecology Service,"4,953","2,533",51.10%,16.9,45.5,299
Y56,RF4,"BARKING, HAVERING AND REDBRIDGE UNIVERSITY HOSPITALS NHS TRUST",X02,Other - Medical Services,"5,489","3,886",70.80%,9.9,40.3,286
Y56,RF4,"BARKING, HAVERING AND REDBRIDGE UNIVERSITY HOSPITALS NHS TRUST",X03,Other - Mental Health Services, -   , -   , -   ,-,-,0
Y56,RF4,"BARKING, HAVERING AND REDBRIDGE UNIVERSITY HOSPITALS NHS TRUST",X04,Other - Paediatric Services,476,328,68.90%,11.5,25.4,13
Y56,RF4,"BARKING, HAVERING AND REDBRIDGE UNIVERSITY HOSPITALS NHS TRUST",X05,Other - Surgical Services,"3,941","2,423",61.50%,11.3,44.9,244
Y56,RF4,"BARKING, HAVERING AND REDBRIDGE UNIVERSITY HOSPITALS NHS TRUST",X06,Other - Other Services,445,361,81.10%,6,36.1,13
Y56,RJ1,GUY'S AND ST THOMAS' NHS FOUNDATION TRUST,C_100,General Surgery Service,708,394,55.60%,15.4,67.8,106
Y56,RJ1,GUY'S AND ST THOMAS' NHS FOUNDATION TRUST,C_101,Urology Service,"2,795","1,752",62.70%,12.7,37.7,80
Y56,RJ1,GUY'S AND ST THOMAS' NHS FOUNDATION TRUST,C_110,Trauma and Orthopaedic Service,"3,748","2,118",56.50%,13.6,43.1,216
Y56,RJ1,GUY'S AND ST THOMAS' NHS FOUNDATION TRUST,C_120,Ear Nose and Throat Service,"4,674","2,584",55.30%,13.9,69,678
Y56,RJ1,GUY'S AND ST THOMAS' NHS FOUNDATION TRUST,C_130,Ophthalmology Service,"5,255","3,212",61.10%,12.9,32.9,43
Y56,RJ1,GUY'S AND ST THOMAS' NHS FOUNDATION TRUST,C_140,Oral Surgery Service,"5,030","3,678",73.10%,10,30.6,202
Y56,RJ1,GUY'S AND ST THOMAS' NHS FOUNDATION TRUST,C_150,Neurosurgical Service, -   , -   , -   ,-,-,0
Y56,RJ1,GUY'S AND ST THOMAS' NHS FOUNDATION TRUST,C_160,Plastic Surgery Service,"1,819",775,42.60%,20.8,71.8,350
Y56,RJ1,GUY'S AND ST THOMAS' NHS FOUNDATION TRUST,C_170,Cardiothoracic Surgery Service,793,572,72.10%,9.6,30,17
Y56,RJ1,GUY'S AND ST THOMAS' NHS FOUNDATION TRUST,C_300,General Internal Medicine Service,137,133,97.10%,4.8,15.5,0
Y56,RJ1,GUY'S AND ST THOMAS' NHS FOUNDATION TRUST,C_301,Gastroenterology Service,"1,832","1,361",74.30%,9.7,27,17
Y56,RJ1,GUY'S AND ST THOMAS' NHS FOUNDATION TRUST,C_320,Cardiology Service,"6,414","4,234",66.00%,11,43.1,369
Y56,RJ1,GUY'S AND ST THOMAS' NHS FOUNDATION TRUST,C_330,Dermatology Service,"2,402","2,198",91.50%,5.6,18.4,1
Y56,RJ1,GUY'S AND ST THOMAS' NHS FOUNDATION TRUST,C_340,Respiratory Medicine Service,"2,711","2,245",82.80%,7.6,21.4,5
Y56,RJ1,GUY'S AND ST THOMAS' NHS FOUNDATION TRUST,C_400,Neurology Service,946,793,83.80%,6.3,23.4,1
Y56,RJ1,GUY'S AND ST THOMAS' NHS FOUNDATION TRUST,C_410,Rheumatology Service,649,565,87.10%,7.6,21.1,0
Y56,RJ1,GUY'S AND ST THOMAS' NHS FOUNDATION TRUST,C_430,Elderly Medicine Service,524,488,93.10%,4.9,16.9,2
Y56,RJ1,GUY'S AND ST THOMAS' NHS FOUNDATION TRUST,C_502,Gynaecology Service,"3,419","2,126",62.20%,12.1,39.2,182
Y56,RJ1,GUY'S AND ST THOMAS' NHS FOUNDATION TRUST,X02,Other - Medical Services,"9,371","7,983",85.20%,6.2,24.1,75
Y56,RJ1,GUY'S AND ST THOMAS' NHS FOUNDATION TRUST,X03,Other - Mental Health Services,1,1,100.00%,-,-,0
Y56,RJ1,GUY'S AND ST THOMAS' NHS FOUNDATION TRUST,X04,Other - Paediatric Services,"9,699","6,886",71.00%,9.4,31.4,282
Y56,RJ1,GUY'S AND ST THOMAS' NHS FOUNDATION TRUST,X05,Other - Surgical Services,"7,758","4,788",61.70%,11,60.7,772
Y56,RJ1,GUY'S AND ST THOMAS' NHS FOUNDATION TRUST,X06,Other - Other Services,"1,333","1,008",75.60%,6,29.8,32
Y56,RJ2,LEWISHAM AND GREENWICH NHS TRUST,C_100,General Surgery Service,"8,506","6,059",71.20%,10.6,41,521
Y56,RJ2,LEWISHAM AND GREENWICH NHS TRUST,C_101,Urology Service,"1,848","1,264",68.40%,11.4,34,28
Y56,RJ2,LEWISHAM AND GREENWICH NHS TRUST,C_110,Trauma and Orthopaedic Service,"5,536","2,217",40.00%,20.9,64.5,772
Y56,RJ2,LEWISHAM AND GREENWICH NHS TRUST,C_120,Ear Nose and Throat Service,"8,366","4,496",53.70%,15.6,59,771
Y56,RJ2,LEWISHAM AND GREENWICH NHS TRUST,C_130,Ophthalmology Service,620,484,78.10%,9.5,22.6,0
Y56,RJ2,LEWISHAM AND GREENWICH NHS TRUST,C_140,Oral Surgery Service, -   , -   , -   ,-,-,0
Y56,RJ2,LEWISHAM AND GREENWICH NHS TRUST,C_150,Neurosurgical Service, -   , -   , -   ,-,-,0
Y56,RJ2,LEWISHAM AND GREENWICH NHS TRUST,C_160,Plastic Surgery Service,23,11,47.80%,18.5,32.6,0
Y56,RJ2,LEWISHAM AND GREENWICH NHS TRUST,C_170,Cardiothoracic Surgery Service, -   , -   , -   ,-,-,0
Y56,RJ2,LEWISHAM AND GREENWICH NHS TRUST,C_300,General Internal Medicine Service,686,512,74.60%,8.9,24.4,8
Y56,RJ2,LEWISHAM AND GREENWICH NHS TRUST,C_301,Gastroenterology Service,"3,285","2,420",73.70%,10.5,28.7,5
Y56,RJ2,LEWISHAM AND GREENWICH NHS TRUST,C_320,Cardiology Service,"3,186","2,487",78.10%,8.4,27.6,7
Y56,RJ2,LEWISHAM AND GREENWICH NHS TRUST,C_330,Dermatology Service,"3,764","2,631",69.90%,10.5,31.1,6
Y56,RJ2,LEWISHAM AND GREENWICH NHS TRUST,C_340,Respiratory Medicine Service,"1,582","1,494",94.40%,6.9,14.9,0
Y56,RJ2,LEWISHAM AND GREENWICH NHS TRUST,C_400,Neurology Service,"1,711","1,420",83.00%,8.3,24.4,3
Y56,RJ2,LEWISHAM AND GREENWICH NHS TRUST,C_410,Rheumatology Service,"1,161",875,75.40%,8.1,31.4,30
Y56,RJ2,LEWISHAM AND GREENWICH NHS TRUST,C_430,Elderly Medicine Service,213,209,98.10%,4.3,9.2,0
Y56,RJ2,LEWISHAM AND GREENWICH NHS TRUST,C_502,Gynaecology Service,"5,456","3,320",60.90%,13.1,64.6,663
Y56,RJ2,LEWISHAM AND GREENWICH NHS TRUST,X02,Other - Medical Services,"2,277","1,843",80.90%,8,24,21
Y56,RJ2,LEWISHAM AND GREENWICH NHS TRUST,X03,Other - Mental Health Services, -   , -   , -   ,-,-,0
Y56,RJ2,LEWISHAM AND GREENWICH NHS TRUST,X04,Other - Paediatric Services,"2,199","1,741",79.20%,8.1,25.2,4
Y56,RJ2,LEWISHAM AND GREENWICH NHS TRUST,X05,Other - Surgical Services,"1,096",818,74.60%,9,30.4,6
Y56,RJ2,LEWISHAM AND GREENWICH NHS TRUST,X06,Other - Other Services,5,3,60.00%,-,-,0
Y56,RJ6,CROYDON HEALTH SERVICES NHS TRUST,C_100,General Surgery Service,"1,012",815,80.50%,8.1,25.8,9
Y56,RJ6,CROYDON HEALTH SERVICES NHS TRUST,C_101,Urology Service,"1,434","1,198",83.50%,7.8,22,5
Y56,RJ6,CROYDON HEALTH SERVICES NHS TRUST,C_110,Trauma and Orthopaedic Service,"1,490","1,158",77.70%,10.3,27.5,8
Y56,RJ6,CROYDON HEALTH SERVICES NHS TRUST,C_120,Ear Nose and Throat Service,"1,374","1,185",86.20%,6.8,24,21
Y56,RJ6,CROYDON HEALTH SERVICES NHS TRUST,C_130,Ophthalmology Service, -   , -   , -   ,-,-,0
Y56,RJ6,CROYDON HEALTH SERVICES NHS TRUST,C_140,Oral Surgery Service,"1,341","1,094",81.60%,8.3,27,14
Y56,RJ6,CROYDON HEALTH SERVICES NHS TRUST,C_150,Neurosurgical Service, -   , -   , -   ,-,-,0
Y56,RJ6,CROYDON HEALTH SERVICES NHS TRUST,C_160,Plastic Surgery Service,78,51,65.40%,13.3,29,5
Y56,RJ6,CROYDON HEALTH SERVICES NHS TRUST,C_170,Cardiothoracic Surgery Service, -   , -   , -   ,-,-,0
Y56,RJ6,CROYDON HEALTH SERVICES NHS TRUST,C_300,General Internal Medicine Service,113,95,84.10%,10.4,20,0
Y56,RJ6,CROYDON HEALTH SERVICES NHS TRUST,C_301,Gastroenterology Service,"1,624","1,354",83.40%,9.4,23.3,3
Y56,RJ6,CROYDON HEALTH SERVICES NHS TRUST,C_320,Cardiology Service,517,517,100.00%,3.1,8.8,0
Y56,RJ6,CROYDON HEALTH SERVICES NHS TRUST,C_330,Dermatology Service,"2,184","1,502",68.80%,10.2,29.5,2
Y56,RJ6,CROYDON HEALTH SERVICES NHS TRUST,C_340,Respiratory Medicine Service,650,642,98.80%,4.7,13.5,0
Y56,RJ6,CROYDON HEALTH SERVICES NHS TRUST,C_400,Neurology Service,565,541,95.80%,5.9,15.1,0
Y56,RJ6,CROYDON HEALTH SERVICES NHS TRUST,C_410,Rheumatology Service,347,347,100.00%,3.7,7.8,0
Y56,RJ6,CROYDON HEALTH SERVICES NHS TRUST,C_430,Elderly Medicine Service,47,47,100.00%,1.7,5.2,0
Y56,RJ6,CROYDON HEALTH SERVICES NHS TRUST,C_502,Gynaecology Service,"2,460","2,000",81.30%,8.2,25.1,3
Y56,RJ6,CROYDON HEALTH SERVICES NHS TRUST,X02,Other - Medical Services,"1,974","1,777",90.00%,5.4,20.4,8
Y56,RJ6,CROYDON HEALTH SERVICES NHS TRUST,X03,Other - Mental Health Services, -   , -   , -   ,-,-,0
Y56,RJ6,CROYDON HEALTH SERVICES NHS TRUST,X04,Other - Paediatric Services,539,503,93.30%,6.7,16.7,0
Y56,RJ6,CROYDON HEALTH SERVICES NHS TRUST,X05,Other - Surgical Services,"2,267","2,083",91.90%,5,18.1,10
Y56,RJ6,CROYDON HEALTH SERVICES NHS TRUST,X06,Other - Other Services,78,75,96.20%,6.3,14.6,0
Y56,RJ7,ST GEORGE'S UNIVERSITY HOSPITALS NHS FOUNDATION TRUST,C_100,General Surgery Service,"1,405",699,49.80%,18.3,63.6,165
Y56,RJ7,ST GEORGE'S UNIVERSITY HOSPITALS NHS FOUNDATION TRUST,C_101,Urology Service,"2,007","1,526",76.00%,7.7,36,91
Y56,RJ7,ST GEORGE'S UNIVERSITY HOSPITALS NHS FOUNDATION TRUST,C_110,Trauma and Orthopaedic Service,"2,104","1,465",69.60%,9.5,31.1,22
Y56,RJ7,ST GEORGE'S UNIVERSITY HOSPITALS NHS FOUNDATION TRUST,C_120,Ear Nose and Throat Service,"4,460","2,696",60.40%,12.3,59.4,417
Y56,RJ7,ST GEORGE'S UNIVERSITY HOSPITALS NHS FOUNDATION TRUST,C_130,Ophthalmology Service,494,111,22.50%,32.2,64.7,127
Y56,RJ7,ST GEORGE'S UNIVERSITY HOSPITALS NHS FOUNDATION TRUST,C_140,Oral Surgery Service,"1,080",690,63.90%,11.2,61.2,107
Y56,RJ7,ST GEORGE'S UNIVERSITY HOSPITALS NHS FOUNDATION TRUST,C_150,Neurosurgical Service,"2,198","1,513",68.80%,11.5,35.4,66
Y56,RJ7,ST GEORGE'S UNIVERSITY HOSPITALS NHS FOUNDATION TRUST,C_160,Plastic Surgery Service,"1,115",653,58.60%,11.7,64.4,138
Y56,RJ7,ST GEORGE'S UNIVERSITY HOSPITALS NHS FOUNDATION TRUST,C_170,Cardiothoracic Surgery Service,214,198,92.50%,6.9,17.8,0
Y56,RJ7,ST GEORGE'S UNIVERSITY HOSPITALS NHS FOUNDATION TRUST,C_300,General Internal Medicine Service,21,15,71.40%,10,23.3,0
Y56,RJ7,ST GEORGE'S UNIVERSITY HOSPITALS NHS FOUNDATION TRUST,C_301,Gastroenterology Service,"3,140","2,168",69.00%,10.1,29.5,12
Y56,RJ7,ST GEORGE'S UNIVERSITY HOSPITALS NHS FOUNDATION TRUST,C_320,Cardiology Service,"3,433","2,201",64.10%,10.9,51.9,274
Y56,RJ7,ST GEORGE'S UNIVERSITY HOSPITALS NHS FOUNDATION TRUST,C_330,Dermatology Service,"2,257","1,896",84.00%,6.6,25,21
Y56,RJ7,ST GEORGE'S UNIVERSITY HOSPITALS NHS FOUNDATION TRUST,C_340,Respiratory Medicine Service,"1,146","1,046",91.30%,6.7,18.5,0
Y56,RJ7,ST GEORGE'S UNIVERSITY HOSPITALS NHS FOUNDATION TRUST,C_400,Neurology Service,"1,833","1,623",88.50%,6.1,20.5,0
Y56,RJ7,ST GEORGE'S UNIVERSITY HOSPITALS NHS FOUNDATION TRUST,C_410,Rheumatology Service,929,659,70.90%,9.1,31.5,1
Y56,RJ7,ST GEORGE'S UNIVERSITY HOSPITALS NHS FOUNDATION TRUST,C_430,Elderly Medicine Service,47,38,80.90%,8.3,23.6,0
Y56,RJ7,ST GEORGE'S UNIVERSITY HOSPITALS NHS FOUNDATION TRUST,C_502,Gynaecology Service,"2,343","1,685",71.90%,8.8,34.1,61
Y56,RJ7,ST GEORGE'S UNIVERSITY HOSPITALS NHS FOUNDATION TRUST,X02,Other - Medical Services,"6,188","4,897",79.10%,8.1,28.9,73
Y56,RJ7,ST GEORGE'S UNIVERSITY HOSPITALS NHS FOUNDATION TRUST,X03,Other - Mental Health Services, -   , -   , -   ,-,-,0
Y56,RJ7,ST GEORGE'S UNIVERSITY HOSPITALS NHS FOUNDATION TRUST,X04,Other - Paediatric Services,"2,616","1,924",73.50%,9.3,37,117
Y56,RJ7,ST GEORGE'S UNIVERSITY HOSPITALS NHS FOUNDATION TRUST,X05,Other - Surgical Services,"4,283","2,823",65.90%,10.9,59.1,374
Y56,RJ7,ST GEORGE'S UNIVERSITY HOSPITALS NHS FOUNDATION TRUST,X06,Other - Other Services,"1,773","1,046",59.00%,11.9,41.9,107
Y56,RJZ,KING'S COLLEGE HOSPITAL NHS FOUNDATION TRUST,C_100,General Surgery Service,"4,340","2,636",60.70%,12.9,65,498
Y56,RJZ,KING'S COLLEGE HOSPITAL NHS FOUNDATION TRUST,C_101,Urology Service,"2,583","1,995",77.20%,8.1,29.4,36
Y56,RJZ,KING'S COLLEGE HOSPITAL NHS FOUNDATION TRUST,C_110,Trauma and Orthopaedic Service,"4,431","2,429",54.80%,14.9,41.2,266
Y56,RJZ,KING'S COLLEGE HOSPITAL NHS FOUNDATION TRUST,C_120,Ear Nose and Throat Service,"2,722","1,462",53.70%,15.7,43.8,158
Y56,RJZ,KING'S COLLEGE HOSPITAL NHS FOUNDATION TRUST,C_130,Ophthalmology Service,"4,663","2,121",45.50%,20.8,72.3,"1,333"
Y56,RJZ,KING'S COLLEGE HOSPITAL NHS FOUNDATION TRUST,C_140,Oral Surgery Service,"8,893","4,468",50.20%,17.8,64.6,"1,390"
Y56,RJZ,KING'S COLLEGE HOSPITAL NHS FOUNDATION TRUST,C_150,Neurosurgical Service,"1,879","1,275",67.90%,8.9,48.1,130
Y56,RJZ,KING'S COLLEGE HOSPITAL NHS FOUNDATION TRUST,C_160,Plastic Surgery Service,16,7,43.80%,-,-,2
Y56,RJZ,KING'S COLLEGE HOSPITAL NHS FOUNDATION TRUST,C_170,Cardiothoracic Surgery Service,183,124,67.80%,10.3,27.8,2
Y56,RJZ,KING'S COLLEGE HOSPITAL NHS FOUNDATION TRUST,C_300,General Internal Medicine Service,"1,417","1,254",88.50%,6.8,23.2,5
Y56,RJZ,KING'S COLLEGE HOSPITAL NHS FOUNDATION TRUST,C_301,Gastroenterology Service,"1,323",925,69.90%,10.2,32.1,18
Y56,RJZ,KING'S COLLEGE HOSPITAL NHS FOUNDATION TRUST,C_320,Cardiology Service,"1,964","1,551",79.00%,7.5,29.1,16
Y56,RJZ,KING'S COLLEGE HOSPITAL NHS FOUNDATION TRUST,C_330,Dermatology Service,"2,024","1,716",84.80%,6.4,22.3,4
Y56,RJZ,KING'S COLLEGE HOSPITAL NHS FOUNDATION TRUST,C_340,Respiratory Medicine Service,"1,791","1,479",82.60%,7.1,26.1,3
Y56,RJZ,KING'S COLLEGE HOSPITAL NHS FOUNDATION TRUST,C_400,Neurology Service,"1,532","1,403",91.60%,5.6,18.6,0
Y56,RJZ,KING'S COLLEGE HOSPITAL NHS FOUNDATION TRUST,C_410,Rheumatology Service,793,697,87.90%,5.4,21.3,0
Y56,RJZ,KING'S COLLEGE HOSPITAL NHS FOUNDATION TRUST,C_430,Elderly Medicine Service,258,243,94.20%,5.9,16.8,1
Y56,RJZ,KING'S COLLEGE HOSPITAL NHS FOUNDATION TRUST,C_502,Gynaecology Service,"4,668","3,326",71.30%,9.7,34.6,142
Y56,RJZ,KING'S COLLEGE HOSPITAL NHS FOUNDATION TRUST,X02,Other - Medical Services,"5,521","4,502",81.50%,7.5,27.1,103
Y56,RJZ,KING'S COLLEGE HOSPITAL NHS FOUNDATION TRUST,X03,Other - Mental Health Services, -   , -   , -   ,-,-,0
Y56,RJZ,KING'S COLLEGE HOSPITAL NHS FOUNDATION TRUST,X04,Other - Paediatric Services,"1,411","1,111",78.70%,7.7,63.3,172
Y56,RJZ,KING'S COLLEGE HOSPITAL NHS FOUNDATION TRUST,X05,Other - Surgical Services,"8,736","5,691",65.10%,10.6,57.1,732
Y56,RJZ,KING'S COLLEGE HOSPITAL NHS FOUNDATION TRUST,X06,Other - Other Services,"1,008",408,40.50%,21.2,65,222
Y56,RKE,WHITTINGTON HEALTH NHS TRUST,C_100,General Surgery Service,"2,619","1,526",58.30%,12.4,64.6,372
Y56,RKE,WHITTINGTON HEALTH NHS TRUST,C_101,Urology Service,"1,299",878,67.60%,10.6,41.3,78
Y56,RKE,WHITTINGTON HEALTH NHS TRUST,C_110,Trauma and Orthopaedic Service,"1,946","1,078",55.40%,12.9,64.8,295
Y56,RKE,WHITTINGTON HEALTH NHS TRUST,C_120,Ear Nose and Throat Service,383,211,55.10%,13.8,62.9,77
Y56,RKE,WHITTINGTON HEALTH NHS TRUST,C_130,Ophthalmology Service,"1,448","1,011",69.80%,9.4,60.9,183
Y56,RKE,WHITTINGTON HEALTH NHS TRUST,C_140,Oral Surgery Service,212,101,47.60%,19.2,32.8,0
Y56,RKE,WHITTINGTON HEALTH NHS TRUST,C_150,Neurosurgical Service, -   , -   , -   ,-,-,0
Y56,RKE,WHITTINGTON HEALTH NHS TRUST,C_160,Plastic Surgery Service,35,17,48.60%,19,50.2,2
Y56,RKE,WHITTINGTON HEALTH NHS TRUST,C_170,Cardiothoracic Surgery Service, -   , -   , -   ,-,-,0
Y56,RKE,WHITTINGTON HEALTH NHS TRUST,C_300,General Internal Medicine Service,70,60,85.70%,6.9,31.4,0
Y56,RKE,WHITTINGTON HEALTH NHS TRUST,C_301,Gastroenterology Service,"1,040",735,70.70%,9.4,26,4
Y56,RKE,WHITTINGTON HEALTH NHS TRUST,C_320,Cardiology Service,820,693,84.50%,8.7,22.7,0
Y56,RKE,WHITTINGTON HEALTH NHS TRUST,C_330,Dermatology Service,880,554,63.00%,14.2,37.1,20
Y56,RKE,WHITTINGTON HEALTH NHS TRUST,C_340,Respiratory Medicine Service,603,493,81.80%,9,23.5,1
Y56,RKE,WHITTINGTON HEALTH NHS TRUST,C_400,Neurology Service,193,138,71.50%,9.8,24.9,0
Y56,RKE,WHITTINGTON HEALTH NHS TRUST,C_410,Rheumatology Service,163,154,94.50%,2.7,11,0
Y56,RKE,WHITTINGTON HEALTH NHS TRUST,C_430,Elderly Medicine Service,75,72,96.00%,3,14,0
Y56,RKE,WHITTINGTON HEALTH NHS TRUST,C_502,Gynaecology Service,"1,517","1,204",79.40%,7.8,28.3,17
Y56,RKE,WHITTINGTON HEALTH NHS TRUST,X02,Other - Medical Services,"2,089","1,917",91.80%,6.6,18.1,1
Y56,RKE,WHITTINGTON HEALTH NHS TRUST,X03,Other - Mental Health Services, -   , -   , -   ,-,-,0
Y56,RKE,WHITTINGTON HEALTH NHS TRUST,X04,Other - Paediatric Services,13,12,92.30%,-,-,0
Y56,RKE,WHITTINGTON HEALTH NHS TRUST,X05,Other - Surgical Services, -   , -   , -   ,-,-,0
Y56,RKE,WHITTINGTON HEALTH NHS TRUST,X06,Other - Other Services, -   , -   , -   ,-,-,0
Y56,RKL,WEST LONDON NHS TRUST,C_100,General Surgery Service, -   , -   , -   ,-,-,0
Y56,RKL,WEST LONDON NHS TRUST,C_101,Urology Service, -   , -   , -   ,-,-,0
Y56,RKL,WEST LONDON NHS TRUST,C_110,Trauma and Orthopaedic Service,"2,965","2,015",68.00%,10.4,25.4,6
Y56,RKL,WEST LONDON NHS TRUST,C_120,Ear Nose and Throat Service, -   , -   , -   ,-,-,0
Y56,RKL,WEST LONDON NHS TRUST,C_130,Ophthalmology Service, -   , -   , -   ,-,-,0
Y56,RKL,WEST LONDON NHS TRUST,C_140,Oral Surgery Service, -   , -   , -   ,-,-,0
Y56,RKL,WEST LONDON NHS TRUST,C_150,Neurosurgical Service, -   , -   , -   ,-,-,0
Y56,RKL,WEST LONDON NHS TRUST,C_160,Plastic Surgery Service, -   , -   , -   ,-,-,0
Y56,RKL,WEST LONDON NHS TRUST,C_170,Cardiothoracic Surgery Service, -   , -   , -   ,-,-,0
Y56,RKL,WEST LONDON NHS TRUST,C_300,General Internal Medicine Service, -   , -   , -   ,-,-,0
Y56,RKL,WEST LONDON NHS TRUST,C_301,Gastroenterology Service, -   , -   , -   ,-,-,0
Y56,RKL,WEST LONDON NHS TRUST,C_320,Cardiology Service, -   , -   , -   ,-,-,0
Y56,RKL,WEST LONDON NHS TRUST,C_330,Dermatology Service, -   , -   , -   ,-,-,0
Y56,RKL,WEST LONDON NHS TRUST,C_340,Respiratory Medicine Service, -   , -   , -   ,-,-,0
Y56,RKL,WEST LONDON NHS TRUST,C_400,Neurology Service, -   , -   , -   ,-,-,0
Y56,RKL,WEST LONDON NHS TRUST,C_410,Rheumatology Service, -   , -   , -   ,-,-,0
Y56,RKL,WEST LONDON NHS TRUST,C_430,Elderly Medicine Service, -   , -   , -   ,-,-,0
Y56,RKL,WEST LONDON NHS TRUST,C_502,Gynaecology Service, -   , -   , -   ,-,-,0
Y56,RKL,WEST LONDON NHS TRUST,X02,Other - Medical Services, -   , -   , -   ,-,-,0
Y56,RKL,WEST LONDON NHS TRUST,X03,Other - Mental Health Services, -   , -   , -   ,-,-,0
Y56,RKL,WEST LONDON NHS TRUST,X04,Other - Paediatric Services,75,71,94.70%,1.7,8,0
Y56,RKL,WEST LONDON NHS TRUST,X05,Other - Surgical Services, -   , -   , -   ,-,-,0
Y56,RKL,WEST LONDON NHS TRUST,X06,Other - Other Services, -   , -   , -   ,-,-,0
Y56,RP4,GREAT ORMOND STREET HOSPITAL FOR CHILDREN NHS FOUNDATION TRUST,C_100,General Surgery Service, -   ,,,-,,0
Y56,RP4,GREAT ORMOND STREET HOSPITAL FOR CHILDREN NHS FOUNDATION TRUST,C_101,Urology Service, -   ,,,-,,0
Y56,RP4,GREAT ORMOND STREET HOSPITAL FOR CHILDREN NHS FOUNDATION TRUST,C_110,Trauma and Orthopaedic Service, -   ,,,-,,0
Y56,RP4,GREAT ORMOND STREET HOSPITAL FOR CHILDREN NHS FOUNDATION TRUST,C_120,Ear Nose and Throat Service, -   ,,,-,,0
Y56,RP4,GREAT ORMOND STREET HOSPITAL FOR CHILDREN NHS FOUNDATION TRUST,C_130,Ophthalmology Service, -   ,,,-,,0
Y56,RP4,GREAT ORMOND STREET HOSPITAL FOR CHILDREN NHS FOUNDATION TRUST,C_140,Oral Surgery Service, -   ,,,-,,0
Y56,RP4,GREAT ORMOND STREET HOSPITAL FOR CHILDREN NHS FOUNDATION TRUST,C_150,Neurosurgical Service, -   ,,,-,,0
Y56,RP4,GREAT ORMOND STREET HOSPITAL FOR CHILDREN NHS FOUNDATION TRUST,C_160,Plastic Surgery Service, -   ,,,-,,0
Y56,RP4,GREAT ORMOND STREET HOSPITAL FOR CHILDREN NHS FOUNDATION TRUST,C_170,Cardiothoracic Surgery Service, -   ,,,-,,0
Y56,RP4,GREAT ORMOND STREET HOSPITAL FOR CHILDREN NHS FOUNDATION TRUST,C_300,General Internal Medicine Service, -   ,,,-,,0
Y56,RP4,GREAT ORMOND STREET HOSPITAL FOR CHILDREN NHS FOUNDATION TRUST,C_301,Gastroenterology Service, -   ,,,-,,0
Y56,RP4,GREAT ORMOND STREET HOSPITAL FOR CHILDREN NHS FOUNDATION TRUST,C_320,Cardiology Service, -   ,,,-,,0
Y56,RP4,GREAT ORMOND STREET HOSPITAL FOR CHILDREN NHS FOUNDATION TRUST,C_330,Dermatology Service, -   ,,,-,,0
Y56,RP4,GREAT ORMOND STREET HOSPITAL FOR CHILDREN NHS FOUNDATION TRUST,C_340,Respiratory Medicine Service, -   ,,,-,,0
Y56,RP4,GREAT ORMOND STREET HOSPITAL FOR CHILDREN NHS FOUNDATION TRUST,C_400,Neurology Service, -   ,,,-,,0
Y56,RP4,GREAT ORMOND STREET HOSPITAL FOR CHILDREN NHS FOUNDATION TRUST,C_410,Rheumatology Service, -   ,,,-,,0
Y56,RP4,GREAT ORMOND STREET HOSPITAL FOR CHILDREN NHS FOUNDATION TRUST,C_430,Elderly Medicine Service, -   ,,,-,,0
Y56,RP4,GREAT ORMOND STREET HOSPITAL FOR CHILDREN NHS FOUNDATION TRUST,C_502,Gynaecology Service, -   ,,,-,,0
Y56,RP4,GREAT ORMOND STREET HOSPITAL FOR CHILDREN NHS FOUNDATION TRUST,X02,Other - Medical Services,704,,,4.3,,4
Y56,RP4,GREAT ORMOND STREET HOSPITAL FOR CHILDREN NHS FOUNDATION TRUST,X03,Other - Mental Health Services,190,,,9.5,,4
Y56,RP4,GREAT ORMOND STREET HOSPITAL FOR CHILDREN NHS FOUNDATION TRUST,X04,Other - Paediatric Services,"5,830",,,9.7,,449
Y56,RP4,GREAT ORMOND STREET HOSPITAL FOR CHILDREN NHS FOUNDATION TRUST,X05,Other - Surgical Services,23,,,28,,6
Y56,RP4,GREAT ORMOND STREET HOSPITAL FOR CHILDREN NHS FOUNDATION TRUST,X06,Other - Other Services,48,,,8.4,,2
Y56,RP6,MOORFIELDS EYE HOSPITAL NHS FOUNDATION TRUST,C_100,General Surgery Service, -   , -   , -   ,-,-,0
Y56,RP6,MOORFIELDS EYE HOSPITAL NHS FOUNDATION TRUST,C_101,Urology Service, -   , -   , -   ,-,-,0
Y56,RP6,MOORFIELDS EYE HOSPITAL NHS FOUNDATION TRUST,C_110,Trauma and Orthopaedic Service, -   , -   , -   ,-,-,0
Y56,RP6,MOORFIELDS EYE HOSPITAL NHS FOUNDATION TRUST,C_120,Ear Nose and Throat Service, -   , -   , -   ,-,-,0
Y56,RP6,MOORFIELDS EYE HOSPITAL NHS FOUNDATION TRUST,C_130,Ophthalmology Service,"32,693","22,872",70.00%,9.5,29.6,178
Y56,RP6,MOORFIELDS EYE HOSPITAL NHS FOUNDATION TRUST,C_140,Oral Surgery Service, -   , -   , -   ,-,-,0
Y56,RP6,MOORFIELDS EYE HOSPITAL NHS FOUNDATION TRUST,C_150,Neurosurgical Service, -   , -   , -   ,-,-,0
Y56,RP6,MOORFIELDS EYE HOSPITAL NHS FOUNDATION TRUST,C_160,Plastic Surgery Service, -   , -   , -   ,-,-,0
Y56,RP6,MOORFIELDS EYE HOSPITAL NHS FOUNDATION TRUST,C_170,Cardiothoracic Surgery Service, -   , -   , -   ,-,-,0
Y56,RP6,MOORFIELDS EYE HOSPITAL NHS FOUNDATION TRUST,C_300,General Internal Medicine Service, -   , -   , -   ,-,-,0
Y56,RP6,MOORFIELDS EYE HOSPITAL NHS FOUNDATION TRUST,C_301,Gastroenterology Service, -   , -   , -   ,-,-,0
Y56,RP6,MOORFIELDS EYE HOSPITAL NHS FOUNDATION TRUST,C_320,Cardiology Service, -   , -   , -   ,-,-,0
Y56,RP6,MOORFIELDS EYE HOSPITAL NHS FOUNDATION TRUST,C_330,Dermatology Service, -   , -   , -   ,-,-,0
Y56,RP6,MOORFIELDS EYE HOSPITAL NHS FOUNDATION TRUST,C_340,Respiratory Medicine Service, -   , -   , -   ,-,-,0
Y56,RP6,MOORFIELDS EYE HOSPITAL NHS FOUNDATION TRUST,C_400,Neurology Service, -   , -   , -   ,-,-,0
Y56,RP6,MOORFIELDS EYE HOSPITAL NHS FOUNDATION TRUST,C_410,Rheumatology Service, -   , -   , -   ,-,-,0
Y56,RP6,MOORFIELDS EYE HOSPITAL NHS FOUNDATION TRUST,C_430,Elderly Medicine Service, -   , -   , -   ,-,-,0
Y56,RP6,MOORFIELDS EYE HOSPITAL NHS FOUNDATION TRUST,C_502,Gynaecology Service, -   , -   , -   ,-,-,0
Y56,RP6,MOORFIELDS EYE HOSPITAL NHS FOUNDATION TRUST,X02,Other - Medical Services, -   , -   , -   ,-,-,0
Y56,RP6,MOORFIELDS EYE HOSPITAL NHS FOUNDATION TRUST,X03,Other - Mental Health Services, -   , -   , -   ,-,-,0
Y56,RP6,MOORFIELDS EYE HOSPITAL NHS FOUNDATION TRUST,X04,Other - Paediatric Services, -   , -   , -   ,-,-,0
Y56,RP6,MOORFIELDS EYE HOSPITAL NHS FOUNDATION TRUST,X05,Other - Surgical Services, -   , -   , -   ,-,-,0
Y56,RP6,MOORFIELDS EYE HOSPITAL NHS FOUNDATION TRUST,X06,Other - Other Services, -   , -   , -   ,-,-,0
Y56,RPG,OXLEAS NHS FOUNDATION TRUST,C_100,General Surgery Service, -   , -   , -   ,-,-,0
Y56,RPG,OXLEAS NHS FOUNDATION TRUST,C_101,Urology Service, -   , -   , -   ,-,-,0
Y56,RPG,OXLEAS NHS FOUNDATION TRUST,C_110,Trauma and Orthopaedic Service, -   , -   , -   ,-,-,0
Y56,RPG,OXLEAS NHS FOUNDATION TRUST,C_120,Ear Nose and Throat Service, -   , -   , -   ,-,-,0
Y56,RPG,OXLEAS NHS FOUNDATION TRUST,C_130,Ophthalmology Service, -   , -   , -   ,-,-,0
Y56,RPG,OXLEAS NHS FOUNDATION TRUST,C_140,Oral Surgery Service, -   , -   , -   ,-,-,0
Y56,RPG,OXLEAS NHS FOUNDATION TRUST,C_150,Neurosurgical Service, -   , -   , -   ,-,-,0
Y56,RPG,OXLEAS NHS FOUNDATION TRUST,C_160,Plastic Surgery Service, -   , -   , -   ,-,-,0
Y56,RPG,OXLEAS NHS FOUNDATION TRUST,C_170,Cardiothoracic Surgery Service, -   , -   , -   ,-,-,0
Y56,RPG,OXLEAS NHS FOUNDATION TRUST,C_300,General Internal Medicine Service, -   , -   , -   ,-,-,0
Y56,RPG,OXLEAS NHS FOUNDATION TRUST,C_301,Gastroenterology Service, -   , -   , -   ,-,-,0
Y56,RPG,OXLEAS NHS FOUNDATION TRUST,C_320,Cardiology Service, -   , -   , -   ,-,-,0
Y56,RPG,OXLEAS NHS FOUNDATION TRUST,C_330,Dermatology Service, -   , -   , -   ,-,-,0
Y56,RPG,OXLEAS NHS FOUNDATION TRUST,C_340,Respiratory Medicine Service, -   , -   , -   ,-,-,0
Y56,RPG,OXLEAS NHS FOUNDATION TRUST,C_400,Neurology Service, -   , -   , -   ,-,-,0
Y56,RPG,OXLEAS NHS FOUNDATION TRUST,C_410,Rheumatology Service, -   , -   , -   ,-,-,0
Y56,RPG,OXLEAS NHS FOUNDATION TRUST,C_430,Elderly Medicine Service, -   , -   , -   ,-,-,0
Y56,RPG,OXLEAS NHS FOUNDATION TRUST,C_502,Gynaecology Service, -   , -   , -   ,-,-,0
Y56,RPG,OXLEAS NHS FOUNDATION TRUST,X02,Other - Medical Services, -   , -   , -   ,-,-,0
Y56,RPG,OXLEAS NHS FOUNDATION TRUST,X03,Other - Mental Health Services, -   , -   , -   ,-,-,0
Y56,RPG,OXLEAS NHS FOUNDATION TRUST,X04,Other - Paediatric Services, -   , -   , -   ,-,-,0
Y56,RPG,OXLEAS NHS FOUNDATION TRUST,X05,Other - Surgical Services, -   , -   , -   ,-,-,0
Y56,RPG,OXLEAS NHS FOUNDATION TRUST,X06,Other - Other Services,509,501,98.40%,4.7,10.2,0
Y56,RPY,THE ROYAL MARSDEN NHS FOUNDATION TRUST,C_100,General Surgery Service,195,180,92.30%,4.2,16.8,0
Y56,RPY,THE ROYAL MARSDEN NHS FOUNDATION TRUST,C_101,Urology Service,53,49,92.50%,5,17.8,0
Y56,RPY,THE ROYAL MARSDEN NHS FOUNDATION TRUST,C_110,Trauma and Orthopaedic Service, -   , -   , -   ,-,-,0
Y56,RPY,THE ROYAL MARSDEN NHS FOUNDATION TRUST,C_120,Ear Nose and Throat Service,30,28,93.30%,2.2,16.6,0
Y56,RPY,THE ROYAL MARSDEN NHS FOUNDATION TRUST,C_130,Ophthalmology Service,1,1,100.00%,-,-,0
Y56,RPY,THE ROYAL MARSDEN NHS FOUNDATION TRUST,C_140,Oral Surgery Service,37,33,89.20%,4.3,21.5,0
Y56,RPY,THE ROYAL MARSDEN NHS FOUNDATION TRUST,C_150,Neurosurgical Service, -   , -   , -   ,-,-,0
Y56,RPY,THE ROYAL MARSDEN NHS FOUNDATION TRUST,C_160,Plastic Surgery Service,27,15,55.60%,11,43.8,2
Y56,RPY,THE ROYAL MARSDEN NHS FOUNDATION TRUST,C_170,Cardiothoracic Surgery Service, -   , -   , -   ,-,-,0
Y56,RPY,THE ROYAL MARSDEN NHS FOUNDATION TRUST,C_300,General Internal Medicine Service, -   , -   , -   ,-,-,0
Y56,RPY,THE ROYAL MARSDEN NHS FOUNDATION TRUST,C_301,Gastroenterology Service,14,12,85.70%,-,-,0
Y56,RPY,THE ROYAL MARSDEN NHS FOUNDATION TRUST,C_320,Cardiology Service, -   , -   , -   ,-,-,0
Y56,RPY,THE ROYAL MARSDEN NHS FOUNDATION TRUST,C_330,Dermatology Service,7,6,85.70%,-,-,0
Y56,RPY,THE ROYAL MARSDEN NHS FOUNDATION TRUST,C_340,Respiratory Medicine Service, -   , -   , -   ,-,-,0
Y56,RPY,THE ROYAL MARSDEN NHS FOUNDATION TRUST,C_400,Neurology Service,1,1,100.00%,-,-,0
Y56,RPY,THE ROYAL MARSDEN NHS FOUNDATION TRUST,C_410,Rheumatology Service, -   , -   , -   ,-,-,0
Y56,RPY,THE ROYAL MARSDEN NHS FOUNDATION TRUST,C_430,Elderly Medicine Service, -   , -   , -   ,-,-,0
Y56,RPY,THE ROYAL MARSDEN NHS FOUNDATION TRUST,C_502,Gynaecology Service, -   , -   , -   ,-,-,0
Y56,RPY,THE ROYAL MARSDEN NHS FOUNDATION TRUST,X02,Other - Medical Services,251,234,93.20%,4.9,16,2
Y56,RPY,THE ROYAL MARSDEN NHS FOUNDATION TRUST,X03,Other - Mental Health Services, -   , -   , -   ,-,-,0
Y56,RPY,THE ROYAL MARSDEN NHS FOUNDATION TRUST,X04,Other - Paediatric Services,12,11,91.70%,-,-,0
Y56,RPY,THE ROYAL MARSDEN NHS FOUNDATION TRUST,X05,Other - Surgical Services,497,477,96.00%,1.9,10.9,0
Y56,RPY,THE ROYAL MARSDEN NHS FOUNDATION TRUST,X06,Other - Other Services,231,221,95.70%,3.7,15.5,0
Y56,RQM,CHELSEA AND WESTMINSTER HOSPITAL NHS FOUNDATION TRUST,C_100,General Surgery Service,"1,568",738,47.10%,19.2,41.1,81
Y56,RQM,CHELSEA AND WESTMINSTER HOSPITAL NHS FOUNDATION TRUST,C_101,Urology Service,"2,009","1,153",57.40%,15.1,34.8,59
Y56,RQM,CHELSEA AND WESTMINSTER HOSPITAL NHS FOUNDATION TRUST,C_110,Trauma and Orthopaedic Service,"3,191","2,026",63.50%,11.9,36.1,166
Y56,RQM,CHELSEA AND WESTMINSTER HOSPITAL NHS FOUNDATION TRUST,C_120,Ear Nose and Throat Service,"2,021","1,121",55.50%,15.4,30.2,23
Y56,RQM,CHELSEA AND WESTMINSTER HOSPITAL NHS FOUNDATION TRUST,C_130,Ophthalmology Service,"1,122",675,60.20%,13.2,33.2,36
Y56,RQM,CHELSEA AND WESTMINSTER HOSPITAL NHS FOUNDATION TRUST,C_140,Oral Surgery Service,886,619,69.90%,10.1,31.4,14
Y56,RQM,CHELSEA AND WESTMINSTER HOSPITAL NHS FOUNDATION TRUST,C_150,Neurosurgical Service, -   , -   , -   ,-,-,0
Y56,RQM,CHELSEA AND WESTMINSTER HOSPITAL NHS FOUNDATION TRUST,C_160,Plastic Surgery Service,"1,797",979,54.50%,15,40.6,104
Y56,RQM,CHELSEA AND WESTMINSTER HOSPITAL NHS FOUNDATION TRUST,C_170,Cardiothoracic Surgery Service, -   , -   , -   ,-,-,0
Y56,RQM,CHELSEA AND WESTMINSTER HOSPITAL NHS FOUNDATION TRUST,C_300,General Internal Medicine Service,143,137,95.80%,5.8,16.8,0
Y56,RQM,CHELSEA AND WESTMINSTER HOSPITAL NHS FOUNDATION TRUST,C_301,Gastroenterology Service,"1,920","1,647",85.80%,6.9,23,4
Y56,RQM,CHELSEA AND WESTMINSTER HOSPITAL NHS FOUNDATION TRUST,C_320,Cardiology Service,"1,715","1,566",91.30%,6.9,19.7,0
Y56,RQM,CHELSEA AND WESTMINSTER HOSPITAL NHS FOUNDATION TRUST,C_330,Dermatology Service,"2,152","2,020",93.90%,5.7,15.7,0
Y56,RQM,CHELSEA AND WESTMINSTER HOSPITAL NHS FOUNDATION TRUST,C_340,Respiratory Medicine Service,"1,043",959,91.90%,6.4,18.1,1
Y56,RQM,CHELSEA AND WESTMINSTER HOSPITAL NHS FOUNDATION TRUST,C_400,Neurology Service,966,905,93.70%,6,15.9,0
Y56,RQM,CHELSEA AND WESTMINSTER HOSPITAL NHS FOUNDATION TRUST,C_410,Rheumatology Service,605,548,90.60%,6.2,18.7,0
Y56,RQM,CHELSEA AND WESTMINSTER HOSPITAL NHS FOUNDATION TRUST,C_430,Elderly Medicine Service,246,234,95.10%,6.4,16.6,0
Y56,RQM,CHELSEA AND WESTMINSTER HOSPITAL NHS FOUNDATION TRUST,C_502,Gynaecology Service,"4,122","3,441",83.50%,8.4,23.5,1
Y56,RQM,CHELSEA AND WESTMINSTER HOSPITAL NHS FOUNDATION TRUST,X02,Other - Medical Services,"1,052","1,000",95.10%,5.7,15.7,3
Y56,RQM,CHELSEA AND WESTMINSTER HOSPITAL NHS FOUNDATION TRUST,X03,Other - Mental Health Services,3,3,100.00%,-,-,0
Y56,RQM,CHELSEA AND WESTMINSTER HOSPITAL NHS FOUNDATION TRUST,X04,Other - Paediatric Services,"5,194","3,423",65.90%,10.9,44,333
Y56,RQM,CHELSEA AND WESTMINSTER HOSPITAL NHS FOUNDATION TRUST,X05,Other - Surgical Services,"2,536","1,747",68.90%,10.2,33.2,67
Y56,RQM,CHELSEA AND WESTMINSTER HOSPITAL NHS FOUNDATION TRUST,X06,Other - Other Services,"2,785","2,390",85.80%,7.6,23.7,25
Y56,RQX,HOMERTON UNIVERSITY HOSPITAL NHS FOUNDATION TRUST,C_100,General Surgery Service,"1,939","1,392",71.80%,8.9,28.5,33
Y56,RQX,HOMERTON UNIVERSITY HOSPITAL NHS FOUNDATION TRUST,C_101,Urology Service,"1,124",908,80.80%,6.3,24.6,3
Y56,RQX,HOMERTON UNIVERSITY HOSPITAL NHS FOUNDATION TRUST,C_110,Trauma and Orthopaedic Service,"1,327",822,61.90%,12,39,47
Y56,RQX,HOMERTON UNIVERSITY HOSPITAL NHS FOUNDATION TRUST,C_120,Ear Nose and Throat Service,991,820,82.70%,6.7,24.8,7
Y56,RQX,HOMERTON UNIVERSITY HOSPITAL NHS FOUNDATION TRUST,C_130,Ophthalmology Service,35,34,97.10%,0.9,6.2,0
Y56,RQX,HOMERTON UNIVERSITY HOSPITAL NHS FOUNDATION TRUST,C_140,Oral Surgery Service, -   , -   , -   ,-,-,0
Y56,RQX,HOMERTON UNIVERSITY HOSPITAL NHS FOUNDATION TRUST,C_150,Neurosurgical Service, -   , -   , -   ,-,-,0
Y56,RQX,HOMERTON UNIVERSITY HOSPITAL NHS FOUNDATION TRUST,C_160,Plastic Surgery Service,158,84,53.20%,16.5,38.6,0
Y56,RQX,HOMERTON UNIVERSITY HOSPITAL NHS FOUNDATION TRUST,C_170,Cardiothoracic Surgery Service, -   , -   , -   ,-,-,0
Y56,RQX,HOMERTON UNIVERSITY HOSPITAL NHS FOUNDATION TRUST,C_300,General Internal Medicine Service,117,105,89.70%,8.1,20.3,0
Y56,RQX,HOMERTON UNIVERSITY HOSPITAL NHS FOUNDATION TRUST,C_301,Gastroenterology Service,"1,230",978,79.50%,7.7,22.7,3
Y56,RQX,HOMERTON UNIVERSITY HOSPITAL NHS FOUNDATION TRUST,C_320,Cardiology Service,606,525,86.60%,5.6,22.5,3
Y56,RQX,HOMERTON UNIVERSITY HOSPITAL NHS FOUNDATION TRUST,C_330,Dermatology Service,"1,347",947,70.30%,9.4,30.6,5
Y56,RQX,HOMERTON UNIVERSITY HOSPITAL NHS FOUNDATION TRUST,C_340,Respiratory Medicine Service,346,318,91.90%,4.4,18.1,0
Y56,RQX,HOMERTON UNIVERSITY HOSPITAL NHS FOUNDATION TRUST,C_400,Neurology Service,461,454,98.50%,3.4,9.3,0
Y56,RQX,HOMERTON UNIVERSITY HOSPITAL NHS FOUNDATION TRUST,C_410,Rheumatology Service,381,364,95.50%,5.4,13.8,1
Y56,RQX,HOMERTON UNIVERSITY HOSPITAL NHS FOUNDATION TRUST,C_430,Elderly Medicine Service,91,83,91.20%,4.8,18.2,0
Y56,RQX,HOMERTON UNIVERSITY HOSPITAL NHS FOUNDATION TRUST,C_502,Gynaecology Service,"2,580","2,340",90.70%,5.9,19.8,3
Y56,RQX,HOMERTON UNIVERSITY HOSPITAL NHS FOUNDATION TRUST,X02,Other - Medical Services,"2,609","2,154",82.60%,6.3,25.7,3
Y56,RQX,HOMERTON UNIVERSITY HOSPITAL NHS FOUNDATION TRUST,X03,Other - Mental Health Services, -   , -   , -   ,-,-,0
Y56,RQX,HOMERTON UNIVERSITY HOSPITAL NHS FOUNDATION TRUST,X04,Other - Paediatric Services,"1,944","1,526",78.50%,7.8,28.6,47
Y56,RQX,HOMERTON UNIVERSITY HOSPITAL NHS FOUNDATION TRUST,X05,Other - Surgical Services,"2,846","2,080",73.10%,8.7,25.8,30
Y56,RQX,HOMERTON UNIVERSITY HOSPITAL NHS FOUNDATION TRUST,X06,Other - Other Services,298,266,89.30%,7.2,19.8,1
Y56,RQY,SOUTH WEST LONDON AND ST GEORGE'S MENTAL HEALTH NHS TRUST,C_100,General Surgery Service, -   , -   , -   ,-,-,0
Y56,RQY,SOUTH WEST LONDON AND ST GEORGE'S MENTAL HEALTH NHS TRUST,C_101,Urology Service, -   , -   , -   ,-,-,0
Y56,RQY,SOUTH WEST LONDON AND ST GEORGE'S MENTAL HEALTH NHS TRUST,C_110,Trauma and Orthopaedic Service, -   , -   , -   ,-,-,0
Y56,RQY,SOUTH WEST LONDON AND ST GEORGE'S MENTAL HEALTH NHS TRUST,C_120,Ear Nose and Throat Service, -   , -   , -   ,-,-,0
Y56,RQY,SOUTH WEST LONDON AND ST GEORGE'S MENTAL HEALTH NHS TRUST,C_130,Ophthalmology Service, -   , -   , -   ,-,-,0
Y56,RQY,SOUTH WEST LONDON AND ST GEORGE'S MENTAL HEALTH NHS TRUST,C_140,Oral Surgery Service, -   , -   , -   ,-,-,0
Y56,RQY,SOUTH WEST LONDON AND ST GEORGE'S MENTAL HEALTH NHS TRUST,C_150,Neurosurgical Service, -   , -   , -   ,-,-,0
Y56,RQY,SOUTH WEST LONDON AND ST GEORGE'S MENTAL HEALTH NHS TRUST,C_160,Plastic Surgery Service, -   , -   , -   ,-,-,0
Y56,RQY,SOUTH WEST LONDON AND ST GEORGE'S MENTAL HEALTH NHS TRUST,C_170,Cardiothoracic Surgery Service, -   , -   , -   ,-,-,0
Y56,RQY,SOUTH WEST LONDON AND ST GEORGE'S MENTAL HEALTH NHS TRUST,C_300,General Internal Medicine Service, -   , -   , -   ,-,-,0
Y56,RQY,SOUTH WEST LONDON AND ST GEORGE'S MENTAL HEALTH NHS TRUST,C_301,Gastroenterology Service, -   , -   , -   ,-,-,0
Y56,RQY,SOUTH WEST LONDON AND ST GEORGE'S MENTAL HEALTH NHS TRUST,C_320,Cardiology Service, -   , -   , -   ,-,-,0
Y56,RQY,SOUTH WEST LONDON AND ST GEORGE'S MENTAL HEALTH NHS TRUST,C_330,Dermatology Service, -   , -   , -   ,-,-,0
Y56,RQY,SOUTH WEST LONDON AND ST GEORGE'S MENTAL HEALTH NHS TRUST,C_340,Respiratory Medicine Service, -   , -   , -   ,-,-,0
Y56,RQY,SOUTH WEST LONDON AND ST GEORGE'S MENTAL HEALTH NHS TRUST,C_400,Neurology Service, -   , -   , -   ,-,-,0
Y56,RQY,SOUTH WEST LONDON AND ST GEORGE'S MENTAL HEALTH NHS TRUST,C_410,Rheumatology Service, -   , -   , -   ,-,-,0
Y56,RQY,SOUTH WEST LONDON AND ST GEORGE'S MENTAL HEALTH NHS TRUST,C_430,Elderly Medicine Service, -   , -   , -   ,-,-,0
Y56,RQY,SOUTH WEST LONDON AND ST GEORGE'S MENTAL HEALTH NHS TRUST,C_502,Gynaecology Service, -   , -   , -   ,-,-,0
Y56,RQY,SOUTH WEST LONDON AND ST GEORGE'S MENTAL HEALTH NHS TRUST,X02,Other - Medical Services, -   , -   , -   ,-,-,0
Y56,RQY,SOUTH WEST LONDON AND ST GEORGE'S MENTAL HEALTH NHS TRUST,X03,Other - Mental Health Services,"3,972","3,618",91.10%,4.4,19.2,1
Y56,RQY,SOUTH WEST LONDON AND ST GEORGE'S MENTAL HEALTH NHS TRUST,X04,Other - Paediatric Services, -   , -   , -   ,-,-,0
Y56,RQY,SOUTH WEST LONDON AND ST GEORGE'S MENTAL HEALTH NHS TRUST,X05,Other - Surgical Services, -   , -   , -   ,-,-,0
Y56,RQY,SOUTH WEST LONDON AND ST GEORGE'S MENTAL HEALTH NHS TRUST,X06,Other - Other Services, -   , -   , -   ,-,-,0
Y56,RRV,UNIVERSITY COLLEGE LONDON HOSPITALS NHS FOUNDATION TRUST,C_100,General Surgery Service,793,355,44.80%,20,64.8,148
Y56,RRV,UNIVERSITY COLLEGE LONDON HOSPITALS NHS FOUNDATION TRUST,C_101,Urology Service,"3,568","1,702",47.70%,19.3,55.6,305
Y56,RRV,UNIVERSITY COLLEGE LONDON HOSPITALS NHS FOUNDATION TRUST,C_110,Trauma and Orthopaedic Service,"2,621","1,458",55.60%,14.3,61.4,330
Y56,RRV,UNIVERSITY COLLEGE LONDON HOSPITALS NHS FOUNDATION TRUST,C_120,Ear Nose and Throat Service,"5,573","2,632",47.20%,19.6,64.2,"1,013"
Y56,RRV,UNIVERSITY COLLEGE LONDON HOSPITALS NHS FOUNDATION TRUST,C_130,Ophthalmology Service, -   , -   , -   ,-,-,0
Y56,RRV,UNIVERSITY COLLEGE LONDON HOSPITALS NHS FOUNDATION TRUST,C_140,Oral Surgery Service,"2,028","1,691",83.40%,8.6,25.8,24
Y56,RRV,UNIVERSITY COLLEGE LONDON HOSPITALS NHS FOUNDATION TRUST,C_150,Neurosurgical Service,"1,058",748,70.70%,9.6,32.6,27
Y56,RRV,UNIVERSITY COLLEGE LONDON HOSPITALS NHS FOUNDATION TRUST,C_160,Plastic Surgery Service, -   , -   , -   ,-,-,0
Y56,RRV,UNIVERSITY COLLEGE LONDON HOSPITALS NHS FOUNDATION TRUST,C_170,Cardiothoracic Surgery Service,40,40,100.00%,1.7,7,0
Y56,RRV,UNIVERSITY COLLEGE LONDON HOSPITALS NHS FOUNDATION TRUST,C_300,General Internal Medicine Service,"1,269","1,100",86.70%,6.2,23.2,11
Y56,RRV,UNIVERSITY COLLEGE LONDON HOSPITALS NHS FOUNDATION TRUST,C_301,Gastroenterology Service,"1,026",855,83.30%,7.3,22.4,3
Y56,RRV,UNIVERSITY COLLEGE LONDON HOSPITALS NHS FOUNDATION TRUST,C_320,Cardiology Service,646,618,95.70%,5.5,14.5,0
Y56,RRV,UNIVERSITY COLLEGE LONDON HOSPITALS NHS FOUNDATION TRUST,C_330,Dermatology Service,"1,337","1,070",80.00%,7.8,25.2,11
Y56,RRV,UNIVERSITY COLLEGE LONDON HOSPITALS NHS FOUNDATION TRUST,C_340,Respiratory Medicine Service,488,473,96.90%,5.9,14.5,0
Y56,RRV,UNIVERSITY COLLEGE LONDON HOSPITALS NHS FOUNDATION TRUST,C_400,Neurology Service,"3,089","2,539",82.20%,7,26.6,53
Y56,RRV,UNIVERSITY COLLEGE LONDON HOSPITALS NHS FOUNDATION TRUST,C_410,Rheumatology Service,685,627,91.50%,7.2,18.5,0
Y56,RRV,UNIVERSITY COLLEGE LONDON HOSPITALS NHS FOUNDATION TRUST,C_430,Elderly Medicine Service,12,12,100.00%,-,-,0
Y56,RRV,UNIVERSITY COLLEGE LONDON HOSPITALS NHS FOUNDATION TRUST,C_502,Gynaecology Service,"2,863","1,626",56.80%,13,44.8,187
Y56,RRV,UNIVERSITY COLLEGE LONDON HOSPITALS NHS FOUNDATION TRUST,X02,Other - Medical Services,"5,817","3,989",68.60%,9.4,41.5,299
Y56,RRV,UNIVERSITY COLLEGE LONDON HOSPITALS NHS FOUNDATION TRUST,X03,Other - Mental Health Services,"5,933","4,333",73.00%,8.6,33.1,178
Y56,RRV,UNIVERSITY COLLEGE LONDON HOSPITALS NHS FOUNDATION TRUST,X04,Other - Paediatric Services,"3,894","2,075",53.30%,15.8,61,464
Y56,RRV,UNIVERSITY COLLEGE LONDON HOSPITALS NHS FOUNDATION TRUST,X05,Other - Surgical Services,255,181,71.00%,8.7,29.6,0
Y56,RRV,UNIVERSITY COLLEGE LONDON HOSPITALS NHS FOUNDATION TRUST,X06,Other - Other Services,"1,555","1,023",65.80%,10.7,37,78
Y56,RV3,CENTRAL AND NORTH WEST LONDON NHS FOUNDATION TRUST,C_100,General Surgery Service, -   , -   , -   ,-,-,0
Y56,RV3,CENTRAL AND NORTH WEST LONDON NHS FOUNDATION TRUST,C_101,Urology Service, -   , -   , -   ,-,-,0
Y56,RV3,CENTRAL AND NORTH WEST LONDON NHS FOUNDATION TRUST,C_110,Trauma and Orthopaedic Service, -   , -   , -   ,-,-,0
Y56,RV3,CENTRAL AND NORTH WEST LONDON NHS FOUNDATION TRUST,C_120,Ear Nose and Throat Service, -   , -   , -   ,-,-,0
Y56,RV3,CENTRAL AND NORTH WEST LONDON NHS FOUNDATION TRUST,C_130,Ophthalmology Service, -   , -   , -   ,-,-,0
Y56,RV3,CENTRAL AND NORTH WEST LONDON NHS FOUNDATION TRUST,C_140,Oral Surgery Service, -   , -   , -   ,-,-,0
Y56,RV3,CENTRAL AND NORTH WEST LONDON NHS FOUNDATION TRUST,C_150,Neurosurgical Service, -   , -   , -   ,-,-,0
Y56,RV3,CENTRAL AND NORTH WEST LONDON NHS FOUNDATION TRUST,C_160,Plastic Surgery Service, -   , -   , -   ,-,-,0
Y56,RV3,CENTRAL AND NORTH WEST LONDON NHS FOUNDATION TRUST,C_170,Cardiothoracic Surgery Service, -   , -   , -   ,-,-,0
Y56,RV3,CENTRAL AND NORTH WEST LONDON NHS FOUNDATION TRUST,C_300,General Internal Medicine Service, -   , -   , -   ,-,-,0
Y56,RV3,CENTRAL AND NORTH WEST LONDON NHS FOUNDATION TRUST,C_301,Gastroenterology Service, -   , -   , -   ,-,-,0
Y56,RV3,CENTRAL AND NORTH WEST LONDON NHS FOUNDATION TRUST,C_320,Cardiology Service, -   , -   , -   ,-,-,0
Y56,RV3,CENTRAL AND NORTH WEST LONDON NHS FOUNDATION TRUST,C_330,Dermatology Service, -   , -   , -   ,-,-,0
Y56,RV3,CENTRAL AND NORTH WEST LONDON NHS FOUNDATION TRUST,C_340,Respiratory Medicine Service, -   , -   , -   ,-,-,0
Y56,RV3,CENTRAL AND NORTH WEST LONDON NHS FOUNDATION TRUST,C_400,Neurology Service, -   , -   , -   ,-,-,0
Y56,RV3,CENTRAL AND NORTH WEST LONDON NHS FOUNDATION TRUST,C_410,Rheumatology Service, -   , -   , -   ,-,-,0
Y56,RV3,CENTRAL AND NORTH WEST LONDON NHS FOUNDATION TRUST,C_430,Elderly Medicine Service, -   , -   , -   ,-,-,0
Y56,RV3,CENTRAL AND NORTH WEST LONDON NHS FOUNDATION TRUST,C_502,Gynaecology Service, -   , -   , -   ,-,-,0
Y56,RV3,CENTRAL AND NORTH WEST LONDON NHS FOUNDATION TRUST,X02,Other - Medical Services, -   , -   , -   ,-,-,0
Y56,RV3,CENTRAL AND NORTH WEST LONDON NHS FOUNDATION TRUST,X03,Other - Mental Health Services,480,479,99.80%,6.1,12.6,0
Y56,RV3,CENTRAL AND NORTH WEST LONDON NHS FOUNDATION TRUST,X04,Other - Paediatric Services, -   , -   , -   ,-,-,0
Y56,RV3,CENTRAL AND NORTH WEST LONDON NHS FOUNDATION TRUST,X05,Other - Surgical Services, -   , -   , -   ,-,-,0
Y56,RV3,CENTRAL AND NORTH WEST LONDON NHS FOUNDATION TRUST,X06,Other - Other Services, -   , -   , -   ,-,-,0
Y56,RVR,EPSOM AND ST HELIER UNIVERSITY HOSPITALS NHS TRUST,C_100,General Surgery Service,"2,731","2,110",77.30%,8.3,29.9,45
Y56,RVR,EPSOM AND ST HELIER UNIVERSITY HOSPITALS NHS TRUST,C_101,Urology Service,"1,760","1,392",79.10%,8.1,31.2,46
Y56,RVR,EPSOM AND ST HELIER UNIVERSITY HOSPITALS NHS TRUST,C_110,Trauma and Orthopaedic Service,"5,179","2,947",56.90%,14.3,36.9,116
Y56,RVR,EPSOM AND ST HELIER UNIVERSITY HOSPITALS NHS TRUST,C_120,Ear Nose and Throat Service,"2,248","1,695",75.40%,8.5,28.8,33
Y56,RVR,EPSOM AND ST HELIER UNIVERSITY HOSPITALS NHS TRUST,C_130,Ophthalmology Service,"2,443","1,986",81.30%,6.2,23.9,5
Y56,RVR,EPSOM AND ST HELIER UNIVERSITY HOSPITALS NHS TRUST,C_140,Oral Surgery Service,920,764,83.00%,6.6,23.5,16
Y56,RVR,EPSOM AND ST HELIER UNIVERSITY HOSPITALS NHS TRUST,C_150,Neurosurgical Service, -   , -   , -   ,-,-,0
Y56,RVR,EPSOM AND ST HELIER UNIVERSITY HOSPITALS NHS TRUST,C_160,Plastic Surgery Service,33,28,84.80%,6.4,32.4,2
Y56,RVR,EPSOM AND ST HELIER UNIVERSITY HOSPITALS NHS TRUST,C_170,Cardiothoracic Surgery Service, -   , -   , -   ,-,-,0
Y56,RVR,EPSOM AND ST HELIER UNIVERSITY HOSPITALS NHS TRUST,C_300,General Internal Medicine Service,47,43,91.50%,3,19.1,0
Y56,RVR,EPSOM AND ST HELIER UNIVERSITY HOSPITALS NHS TRUST,C_301,Gastroenterology Service,"2,396","1,589",66.30%,11.3,36.4,82
Y56,RVR,EPSOM AND ST HELIER UNIVERSITY HOSPITALS NHS TRUST,C_320,Cardiology Service,"2,047","1,388",67.80%,11,32.3,44
Y56,RVR,EPSOM AND ST HELIER UNIVERSITY HOSPITALS NHS TRUST,C_330,Dermatology Service,"2,250","2,025",90.00%,5.9,20,8
Y56,RVR,EPSOM AND ST HELIER UNIVERSITY HOSPITALS NHS TRUST,C_340,Respiratory Medicine Service,737,465,63.10%,10.2,35.9,5
Y56,RVR,EPSOM AND ST HELIER UNIVERSITY HOSPITALS NHS TRUST,C_400,Neurology Service,932,783,84.00%,6.9,24.9,16
Y56,RVR,EPSOM AND ST HELIER UNIVERSITY HOSPITALS NHS TRUST,C_410,Rheumatology Service,491,380,77.40%,8.5,24.1,2
Y56,RVR,EPSOM AND ST HELIER UNIVERSITY HOSPITALS NHS TRUST,C_430,Elderly Medicine Service,54,44,81.50%,5.5,20.7,0
Y56,RVR,EPSOM AND ST HELIER UNIVERSITY HOSPITALS NHS TRUST,C_502,Gynaecology Service,"2,563","1,583",61.80%,12.9,34.7,44
Y56,RVR,EPSOM AND ST HELIER UNIVERSITY HOSPITALS NHS TRUST,X02,Other - Medical Services,"3,161","2,490",78.80%,6.9,29.6,43
Y56,RVR,EPSOM AND ST HELIER UNIVERSITY HOSPITALS NHS TRUST,X03,Other - Mental Health Services,6,2,33.30%,-,-,0
Y56,RVR,EPSOM AND ST HELIER UNIVERSITY HOSPITALS NHS TRUST,X04,Other - Paediatric Services,"2,097","1,719",82.00%,7.6,24.3,28
Y56,RVR,EPSOM AND ST HELIER UNIVERSITY HOSPITALS NHS TRUST,X05,Other - Surgical Services,50,37,74.00%,10.5,25,2
Y56,RVR,EPSOM AND ST HELIER UNIVERSITY HOSPITALS NHS TRUST,X06,Other - Other Services,555,521,93.90%,5.4,16.1,0
Y56,RY9,HOUNSLOW AND RICHMOND COMMUNITY HEALTHCARE NHS TRUST,C_100,General Surgery Service, -   , -   , -   ,-,-,0
Y56,RY9,HOUNSLOW AND RICHMOND COMMUNITY HEALTHCARE NHS TRUST,C_101,Urology Service, -   , -   , -   ,-,-,0
Y56,RY9,HOUNSLOW AND RICHMOND COMMUNITY HEALTHCARE NHS TRUST,C_110,Trauma and Orthopaedic Service, -   , -   , -   ,-,-,0
Y56,RY9,HOUNSLOW AND RICHMOND COMMUNITY HEALTHCARE NHS TRUST,C_120,Ear Nose and Throat Service, -   , -   , -   ,-,-,0
Y56,RY9,HOUNSLOW AND RICHMOND COMMUNITY HEALTHCARE NHS TRUST,C_130,Ophthalmology Service, -   , -   , -   ,-,-,0
Y56,RY9,HOUNSLOW AND RICHMOND COMMUNITY HEALTHCARE NHS TRUST,C_140,Oral Surgery Service, -   , -   , -   ,-,-,0
Y56,RY9,HOUNSLOW AND RICHMOND COMMUNITY HEALTHCARE NHS TRUST,C_150,Neurosurgical Service, -   , -   , -   ,-,-,0
Y56,RY9,HOUNSLOW AND RICHMOND COMMUNITY HEALTHCARE NHS TRUST,C_160,Plastic Surgery Service, -   , -   , -   ,-,-,0
Y56,RY9,HOUNSLOW AND RICHMOND COMMUNITY HEALTHCARE NHS TRUST,C_170,Cardiothoracic Surgery Service, -   , -   , -   ,-,-,0
Y56,RY9,HOUNSLOW AND RICHMOND COMMUNITY HEALTHCARE NHS TRUST,C_300,General Internal Medicine Service, -   , -   , -   ,-,-,0
Y56,RY9,HOUNSLOW AND RICHMOND COMMUNITY HEALTHCARE NHS TRUST,C_301,Gastroenterology Service, -   , -   , -   ,-,-,0
Y56,RY9,HOUNSLOW AND RICHMOND COMMUNITY HEALTHCARE NHS TRUST,C_320,Cardiology Service, -   , -   , -   ,-,-,0
Y56,RY9,HOUNSLOW AND RICHMOND COMMUNITY HEALTHCARE NHS TRUST,C_330,Dermatology Service, -   , -   , -   ,-,-,0
Y56,RY9,HOUNSLOW AND RICHMOND COMMUNITY HEALTHCARE NHS TRUST,C_340,Respiratory Medicine Service, -   , -   , -   ,-,-,0
Y56,RY9,HOUNSLOW AND RICHMOND COMMUNITY HEALTHCARE NHS TRUST,C_400,Neurology Service, -   , -   , -   ,-,-,0
Y56,RY9,HOUNSLOW AND RICHMOND COMMUNITY HEALTHCARE NHS TRUST,C_410,Rheumatology Service, -   , -   , -   ,-,-,0
Y56,RY9,HOUNSLOW AND RICHMOND COMMUNITY HEALTHCARE NHS TRUST,C_430,Elderly Medicine Service, -   , -   , -   ,-,-,0
Y56,RY9,HOUNSLOW AND RICHMOND COMMUNITY HEALTHCARE NHS TRUST,C_502,Gynaecology Service, -   , -   , -   ,-,-,0
Y56,RY9,HOUNSLOW AND RICHMOND COMMUNITY HEALTHCARE NHS TRUST,X02,Other - Medical Services, -   , -   , -   ,-,-,0
Y56,RY9,HOUNSLOW AND RICHMOND COMMUNITY HEALTHCARE NHS TRUST,X03,Other - Mental Health Services, -   , -   , -   ,-,-,0
Y56,RY9,HOUNSLOW AND RICHMOND COMMUNITY HEALTHCARE NHS TRUST,X04,Other - Paediatric Services,244,244,100.00%,4.5,8.9,0
Y56,RY9,HOUNSLOW AND RICHMOND COMMUNITY HEALTHCARE NHS TRUST,X05,Other - Surgical Services, -   , -   , -   ,-,-,0
Y56,RY9,HOUNSLOW AND RICHMOND COMMUNITY HEALTHCARE NHS TRUST,X06,Other - Other Services, -   , -   , -   ,-,-,0
Y56,RYJ,IMPERIAL COLLEGE HEALTHCARE NHS TRUST,C_100,General Surgery Service,"2,766","1,225",44.30%,20.6,57.2,232
Y56,RYJ,IMPERIAL COLLEGE HEALTHCARE NHS TRUST,C_101,Urology Service,"3,578","1,805",50.40%,17.3,56.8,318
Y56,RYJ,IMPERIAL COLLEGE HEALTHCARE NHS TRUST,C_110,Trauma and Orthopaedic Service,"1,786","1,053",59.00%,12.5,41.6,100
Y56,RYJ,IMPERIAL COLLEGE HEALTHCARE NHS TRUST,C_120,Ear Nose and Throat Service,"5,903","3,558",60.30%,12.4,33.3,124
Y56,RYJ,IMPERIAL COLLEGE HEALTHCARE NHS TRUST,C_130,Ophthalmology Service,"4,165","3,081",74.00%,8.9,30.8,83
Y56,RYJ,IMPERIAL COLLEGE HEALTHCARE NHS TRUST,C_140,Oral Surgery Service,115,100,87.00%,3.6,23.8,5
Y56,RYJ,IMPERIAL COLLEGE HEALTHCARE NHS TRUST,C_150,Neurosurgical Service,"3,331","1,917",57.60%,14.3,45.7,226
Y56,RYJ,IMPERIAL COLLEGE HEALTHCARE NHS TRUST,C_160,Plastic Surgery Service,848,566,66.70%,9.2,38,37
Y56,RYJ,IMPERIAL COLLEGE HEALTHCARE NHS TRUST,C_170,Cardiothoracic Surgery Service,312,226,72.40%,8.5,34,8
Y56,RYJ,IMPERIAL COLLEGE HEALTHCARE NHS TRUST,C_300,General Internal Medicine Service,104,78,75.00%,7.1,27.8,0
Y56,RYJ,IMPERIAL COLLEGE HEALTHCARE NHS TRUST,C_301,Gastroenterology Service,"3,720","2,968",79.80%,8.3,28.3,32
Y56,RYJ,IMPERIAL COLLEGE HEALTHCARE NHS TRUST,C_320,Cardiology Service,"5,949","4,327",72.70%,8.2,36.4,218
Y56,RYJ,IMPERIAL COLLEGE HEALTHCARE NHS TRUST,C_330,Dermatology Service,"1,972","1,211",61.40%,10,34.3,1
Y56,RYJ,IMPERIAL COLLEGE HEALTHCARE NHS TRUST,C_340,Respiratory Medicine Service,"1,947","1,636",84.00%,6.8,23.7,7
Y56,RYJ,IMPERIAL COLLEGE HEALTHCARE NHS TRUST,C_400,Neurology Service,"3,183","2,109",66.30%,11,37.5,87
Y56,RYJ,IMPERIAL COLLEGE HEALTHCARE NHS TRUST,C_410,Rheumatology Service,934,617,66.10%,11.1,34.7,14
Y56,RYJ,IMPERIAL COLLEGE HEALTHCARE NHS TRUST,C_430,Elderly Medicine Service,132,99,75.00%,7.3,25.7,0
Y56,RYJ,IMPERIAL COLLEGE HEALTHCARE NHS TRUST,C_502,Gynaecology Service,"6,385","3,857",60.40%,12.8,35.7,161
Y56,RYJ,IMPERIAL COLLEGE HEALTHCARE NHS TRUST,X02,Other - Medical Services,"9,576","7,610",79.50%,7.2,28,114
Y56,RYJ,IMPERIAL COLLEGE HEALTHCARE NHS TRUST,X03,Other - Mental Health Services, -   , -   , -   ,-,-,0
Y56,RYJ,IMPERIAL COLLEGE HEALTHCARE NHS TRUST,X04,Other - Paediatric Services,"3,309","2,566",77.50%,8.1,31.4,54
Y56,RYJ,IMPERIAL COLLEGE HEALTHCARE NHS TRUST,X05,Other - Surgical Services,"5,256","3,364",64.00%,9.9,43.4,326
Y56,RYJ,IMPERIAL COLLEGE HEALTHCARE NHS TRUST,X06,Other - Other Services,386,339,87.80%,5.4,21,1
Y56,RYX,CENTRAL LONDON COMMUNITY HEALTHCARE NHS TRUST,C_100,General Surgery Service, -   , -   , -   ,-,-,0
Y56,RYX,CENTRAL LONDON COMMUNITY HEALTHCARE NHS TRUST,C_101,Urology Service, -   , -   , -   ,-,-,0
Y56,RYX,CENTRAL LONDON COMMUNITY HEALTHCARE NHS TRUST,C_110,Trauma and Orthopaedic Service, -   , -   , -   ,-,-,0
Y56,RYX,CENTRAL LONDON COMMUNITY HEALTHCARE NHS TRUST,C_120,Ear Nose and Throat Service, -   , -   , -   ,-,-,0
Y56,RYX,CENTRAL LONDON COMMUNITY HEALTHCARE NHS TRUST,C_130,Ophthalmology Service, -   , -   , -   ,-,-,0
Y56,RYX,CENTRAL LONDON COMMUNITY HEALTHCARE NHS TRUST,C_140,Oral Surgery Service, -   , -   , -   ,-,-,0
Y56,RYX,CENTRAL LONDON COMMUNITY HEALTHCARE NHS TRUST,C_150,Neurosurgical Service, -   , -   , -   ,-,-,0
Y56,RYX,CENTRAL LONDON COMMUNITY HEALTHCARE NHS TRUST,C_160,Plastic Surgery Service, -   , -   , -   ,-,-,0
Y56,RYX,CENTRAL LONDON COMMUNITY HEALTHCARE NHS TRUST,C_170,Cardiothoracic Surgery Service, -   , -   , -   ,-,-,0
Y56,RYX,CENTRAL LONDON COMMUNITY HEALTHCARE NHS TRUST,C_300,General Internal Medicine Service,119,112,94.10%,3,15.5,0
Y56,RYX,CENTRAL LONDON COMMUNITY HEALTHCARE NHS TRUST,C_301,Gastroenterology Service, -   , -   , -   ,-,-,0
Y56,RYX,CENTRAL LONDON COMMUNITY HEALTHCARE NHS TRUST,C_320,Cardiology Service, -   , -   , -   ,-,-,0
Y56,RYX,CENTRAL LONDON COMMUNITY HEALTHCARE NHS TRUST,C_330,Dermatology Service, -   , -   , -   ,-,-,0
Y56,RYX,CENTRAL LONDON COMMUNITY HEALTHCARE NHS TRUST,C_340,Respiratory Medicine Service,876,681,77.70%,7.2,27.9,10
Y56,RYX,CENTRAL LONDON COMMUNITY HEALTHCARE NHS TRUST,C_400,Neurology Service, -   , -   , -   ,-,-,0
Y56,RYX,CENTRAL LONDON COMMUNITY HEALTHCARE NHS TRUST,C_410,Rheumatology Service, -   , -   , -   ,-,-,0
Y56,RYX,CENTRAL LONDON COMMUNITY HEALTHCARE NHS TRUST,C_430,Elderly Medicine Service, -   , -   , -   ,-,-,0
Y56,RYX,CENTRAL LONDON COMMUNITY HEALTHCARE NHS TRUST,C_502,Gynaecology Service, -   , -   , -   ,-,-,0
Y56,RYX,CENTRAL LONDON COMMUNITY HEALTHCARE NHS TRUST,X02,Other - Medical Services,16,16,100.00%,-,-,0
Y56,RYX,CENTRAL LONDON COMMUNITY HEALTHCARE NHS TRUST,X03,Other - Mental Health Services, -   , -   , -   ,-,-,0
Y56,RYX,CENTRAL LONDON COMMUNITY HEALTHCARE NHS TRUST,X04,Other - Paediatric Services, -   , -   , -   ,-,-,0
Y56,RYX,CENTRAL LONDON COMMUNITY HEALTHCARE NHS TRUST,X05,Other - Surgical Services,83,33,39.80%,20.7,58.4,7
Y56,RYX,CENTRAL LONDON COMMUNITY HEALTHCARE NHS TRUST,X06,Other - Other Services,"1,241","1,200",96.70%,3.5,13.9,0
Y58,R0D,UNIVERSITY HOSPITALS DORSET NHS FOUNDATION TRUST,C_100,General Surgery Service,"7,940","4,844",61.00%,12.9,44.8,489
Y58,R0D,UNIVERSITY HOSPITALS DORSET NHS FOUNDATION TRUST,C_101,Urology Service,"2,192","1,028",46.90%,19.4,49.7,163
Y58,R0D,UNIVERSITY HOSPITALS DORSET NHS FOUNDATION TRUST,C_110,Trauma and Orthopaedic Service,"5,277","1,922",36.40%,25.6,70.3,"1,071"
Y58,R0D,UNIVERSITY HOSPITALS DORSET NHS FOUNDATION TRUST,C_120,Ear Nose and Throat Service,"5,356","2,163",40.40%,24.5,71.7,"1,339"
Y58,R0D,UNIVERSITY HOSPITALS DORSET NHS FOUNDATION TRUST,C_130,Ophthalmology Service,"4,662","3,252",69.80%,9.2,29.7,35
Y58,R0D,UNIVERSITY HOSPITALS DORSET NHS FOUNDATION TRUST,C_140,Oral Surgery Service,"3,735","1,454",38.90%,24.9,84.5,"1,139"
Y58,R0D,UNIVERSITY HOSPITALS DORSET NHS FOUNDATION TRUST,C_150,Neurosurgical Service, -   , -   , -   ,-,-,0
Y58,R0D,UNIVERSITY HOSPITALS DORSET NHS FOUNDATION TRUST,C_160,Plastic Surgery Service, -   , -   , -   ,-,-,0
Y58,R0D,UNIVERSITY HOSPITALS DORSET NHS FOUNDATION TRUST,C_170,Cardiothoracic Surgery Service,34,17,50.00%,19.5,35.1,0
Y58,R0D,UNIVERSITY HOSPITALS DORSET NHS FOUNDATION TRUST,C_300,General Internal Medicine Service,"2,465","1,780",72.20%,9,29.2,27
Y58,R0D,UNIVERSITY HOSPITALS DORSET NHS FOUNDATION TRUST,C_301,Gastroenterology Service,551,509,92.40%,7.9,17.9,1
Y58,R0D,UNIVERSITY HOSPITALS DORSET NHS FOUNDATION TRUST,C_320,Cardiology Service,"2,395","2,083",87.00%,7.8,22,1
Y58,R0D,UNIVERSITY HOSPITALS DORSET NHS FOUNDATION TRUST,C_330,Dermatology Service,"2,068","1,590",76.90%,8,25.6,6
Y58,R0D,UNIVERSITY HOSPITALS DORSET NHS FOUNDATION TRUST,C_340,Respiratory Medicine Service,527,331,62.80%,13.4,36.3,15
Y58,R0D,UNIVERSITY HOSPITALS DORSET NHS FOUNDATION TRUST,C_400,Neurology Service,"1,223",938,76.70%,9.1,26.1,2
Y58,R0D,UNIVERSITY HOSPITALS DORSET NHS FOUNDATION TRUST,C_410,Rheumatology Service,"1,331","1,028",77.20%,8.2,27.9,1
Y58,R0D,UNIVERSITY HOSPITALS DORSET NHS FOUNDATION TRUST,C_430,Elderly Medicine Service,194,181,93.30%,4.3,16.7,0
Y58,R0D,UNIVERSITY HOSPITALS DORSET NHS FOUNDATION TRUST,C_502,Gynaecology Service,"4,407","2,484",56.40%,14.8,60.2,426
Y58,R0D,UNIVERSITY HOSPITALS DORSET NHS FOUNDATION TRUST,X02,Other - Medical Services,"1,377","1,186",86.10%,6.2,26.1,26
Y58,R0D,UNIVERSITY HOSPITALS DORSET NHS FOUNDATION TRUST,X03,Other - Mental Health Services, -   , -   , -   ,-,-,0
Y58,R0D,UNIVERSITY HOSPITALS DORSET NHS FOUNDATION TRUST,X04,Other - Paediatric Services,"1,228",989,80.50%,8.5,24.8,0
Y58,R0D,UNIVERSITY HOSPITALS DORSET NHS FOUNDATION TRUST,X05,Other - Surgical Services,782,606,77.50%,7.6,59.2,67
Y58,R0D,UNIVERSITY HOSPITALS DORSET NHS FOUNDATION TRUST,X06,Other - Other Services,227,224,98.70%,5.4,16,1
Y58,RA4,YEOVIL DISTRICT HOSPITAL NHS FOUNDATION TRUST,C_100,General Surgery Service,846,544,64.30%,10.8,37.4,30
Y58,RA4,YEOVIL DISTRICT HOSPITAL NHS FOUNDATION TRUST,C_101,Urology Service,586,392,66.90%,11.2,36.8,27
Y58,RA4,YEOVIL DISTRICT HOSPITAL NHS FOUNDATION TRUST,C_110,Trauma and Orthopaedic Service,"1,021",450,44.10%,21.2,56.3,95
Y58,RA4,YEOVIL DISTRICT HOSPITAL NHS FOUNDATION TRUST,C_120,Ear Nose and Throat Service,"1,406",584,41.50%,24.3,62.2,259
Y58,RA4,YEOVIL DISTRICT HOSPITAL NHS FOUNDATION TRUST,C_130,Ophthalmology Service,"1,505",927,61.60%,12,35.1,37
Y58,RA4,YEOVIL DISTRICT HOSPITAL NHS FOUNDATION TRUST,C_140,Oral Surgery Service, -   , -   , -   ,-,-,0
Y58,RA4,YEOVIL DISTRICT HOSPITAL NHS FOUNDATION TRUST,C_150,Neurosurgical Service, -   , -   , -   ,-,-,0
Y58,RA4,YEOVIL DISTRICT HOSPITAL NHS FOUNDATION TRUST,C_160,Plastic Surgery Service,94,58,61.70%,10.2,36.5,3
Y58,RA4,YEOVIL DISTRICT HOSPITAL NHS FOUNDATION TRUST,C_170,Cardiothoracic Surgery Service, -   , -   , -   ,-,-,0
Y58,RA4,YEOVIL DISTRICT HOSPITAL NHS FOUNDATION TRUST,C_300,General Internal Medicine Service,7,7,100.00%,-,-,0
Y58,RA4,YEOVIL DISTRICT HOSPITAL NHS FOUNDATION TRUST,C_301,Gastroenterology Service,188,168,89.40%,5,20,0
Y58,RA4,YEOVIL DISTRICT HOSPITAL NHS FOUNDATION TRUST,C_320,Cardiology Service,958,910,95.00%,8.4,16.9,0
Y58,RA4,YEOVIL DISTRICT HOSPITAL NHS FOUNDATION TRUST,C_330,Dermatology Service,489,453,92.60%,3.6,16.3,5
Y58,RA4,YEOVIL DISTRICT HOSPITAL NHS FOUNDATION TRUST,C_340,Respiratory Medicine Service,261,228,87.40%,7.3,22.3,1
Y58,RA4,YEOVIL DISTRICT HOSPITAL NHS FOUNDATION TRUST,C_400,Neurology Service,586,232,39.60%,24.1,60.1,68
Y58,RA4,YEOVIL DISTRICT HOSPITAL NHS FOUNDATION TRUST,C_410,Rheumatology Service,152,129,84.90%,6.7,21.9,1
Y58,RA4,YEOVIL DISTRICT HOSPITAL NHS FOUNDATION TRUST,C_430,Elderly Medicine Service,65,61,93.80%,4.1,12.4,0
Y58,RA4,YEOVIL DISTRICT HOSPITAL NHS FOUNDATION TRUST,C_502,Gynaecology Service,"1,031",726,70.40%,9.7,41.5,55
Y58,RA4,YEOVIL DISTRICT HOSPITAL NHS FOUNDATION TRUST,X02,Other - Medical Services,358,310,86.60%,6.7,23.5,0
Y58,RA4,YEOVIL DISTRICT HOSPITAL NHS FOUNDATION TRUST,X03,Other - Mental Health Services, -   , -   , -   ,-,-,0
Y58,RA4,YEOVIL DISTRICT HOSPITAL NHS FOUNDATION TRUST,X04,Other - Paediatric Services,347,273,78.70%,5.5,34.2,17
Y58,RA4,YEOVIL DISTRICT HOSPITAL NHS FOUNDATION TRUST,X05,Other - Surgical Services,494,385,77.90%,4.3,38.9,32
Y58,RA4,YEOVIL DISTRICT HOSPITAL NHS FOUNDATION TRUST,X06,Other - Other Services, -   , -   , -   ,-,-,0
Y58,RA7,UNIVERSITY HOSPITALS BRISTOL AND WESTON NHS FOUNDATION TRUST,C_100,General Surgery Service,221,,,17,,36
Y58,RA7,UNIVERSITY HOSPITALS BRISTOL AND WESTON NHS FOUNDATION TRUST,C_101,Urology Service,948,,,19.6,,141
Y58,RA7,UNIVERSITY HOSPITALS BRISTOL AND WESTON NHS FOUNDATION TRUST,C_110,Trauma and Orthopaedic Service,"1,713",,,29.4,,448
Y58,RA7,UNIVERSITY HOSPITALS BRISTOL AND WESTON NHS FOUNDATION TRUST,C_120,Ear Nose and Throat Service,"4,616",,,21.4,,606
Y58,RA7,UNIVERSITY HOSPITALS BRISTOL AND WESTON NHS FOUNDATION TRUST,C_130,Ophthalmology Service,"7,911",,,10.2,,401
Y58,RA7,UNIVERSITY HOSPITALS BRISTOL AND WESTON NHS FOUNDATION TRUST,C_140,Oral Surgery Service,"4,116",,,18.9,,507
Y58,RA7,UNIVERSITY HOSPITALS BRISTOL AND WESTON NHS FOUNDATION TRUST,C_150,Neurosurgical Service, -   ,,,-,,0
Y58,RA7,UNIVERSITY HOSPITALS BRISTOL AND WESTON NHS FOUNDATION TRUST,C_160,Plastic Surgery Service, -   ,,,-,,0
Y58,RA7,UNIVERSITY HOSPITALS BRISTOL AND WESTON NHS FOUNDATION TRUST,C_170,Cardiothoracic Surgery Service,457,,,17.7,,59
Y58,RA7,UNIVERSITY HOSPITALS BRISTOL AND WESTON NHS FOUNDATION TRUST,C_300,General Internal Medicine Service,70,,,14.5,,2
Y58,RA7,UNIVERSITY HOSPITALS BRISTOL AND WESTON NHS FOUNDATION TRUST,C_301,Gastroenterology Service,"1,399",,,25.7,,236
Y58,RA7,UNIVERSITY HOSPITALS BRISTOL AND WESTON NHS FOUNDATION TRUST,C_320,Cardiology Service,"3,582",,,10.5,,265
Y58,RA7,UNIVERSITY HOSPITALS BRISTOL AND WESTON NHS FOUNDATION TRUST,C_330,Dermatology Service,"2,100",,,5.6,,5
Y58,RA7,UNIVERSITY HOSPITALS BRISTOL AND WESTON NHS FOUNDATION TRUST,C_340,Respiratory Medicine Service,"1,159",,,9.2,,19
Y58,RA7,UNIVERSITY HOSPITALS BRISTOL AND WESTON NHS FOUNDATION TRUST,C_400,Neurology Service,417,,,14.2,,39
Y58,RA7,UNIVERSITY HOSPITALS BRISTOL AND WESTON NHS FOUNDATION TRUST,C_410,Rheumatology Service,848,,,9.4,,0
Y58,RA7,UNIVERSITY HOSPITALS BRISTOL AND WESTON NHS FOUNDATION TRUST,C_430,Elderly Medicine Service,150,,,7.5,,4
Y58,RA7,UNIVERSITY HOSPITALS BRISTOL AND WESTON NHS FOUNDATION TRUST,C_502,Gynaecology Service,"2,114",,,8.6,,48
Y58,RA7,UNIVERSITY HOSPITALS BRISTOL AND WESTON NHS FOUNDATION TRUST,X02,Other - Medical Services,"4,048",,,9,,87
Y58,RA7,UNIVERSITY HOSPITALS BRISTOL AND WESTON NHS FOUNDATION TRUST,X03,Other - Mental Health Services,62,,,3.1,,0
Y58,RA7,UNIVERSITY HOSPITALS BRISTOL AND WESTON NHS FOUNDATION TRUST,X04,Other - Paediatric Services,"7,066",,,13.6,,919
Y58,RA7,UNIVERSITY HOSPITALS BRISTOL AND WESTON NHS FOUNDATION TRUST,X05,Other - Surgical Services,"5,315",,,14.2,,775
Y58,RA7,UNIVERSITY HOSPITALS BRISTOL AND WESTON NHS FOUNDATION TRUST,X06,Other - Other Services,590,,,5.2,,1
Y58,RA9,TORBAY AND SOUTH DEVON NHS FOUNDATION TRUST,C_100,General Surgery Service, -   , -   , -   ,-,-,0
Y58,RA9,TORBAY AND SOUTH DEVON NHS FOUNDATION TRUST,C_101,Urology Service,"2,461","1,169",47.50%,19.3,61.9,308
Y58,RA9,TORBAY AND SOUTH DEVON NHS FOUNDATION TRUST,C_110,Trauma and Orthopaedic Service,"3,160","1,392",44.10%,21.3,68.6,527
Y58,RA9,TORBAY AND SOUTH DEVON NHS FOUNDATION TRUST,C_120,Ear Nose and Throat Service,"1,985","1,306",65.80%,9.7,43.2,119
Y58,RA9,TORBAY AND SOUTH DEVON NHS FOUNDATION TRUST,C_130,Ophthalmology Service,"4,962","3,299",66.50%,10,39.9,246
Y58,RA9,TORBAY AND SOUTH DEVON NHS FOUNDATION TRUST,C_140,Oral Surgery Service,"1,572","1,054",67.00%,10.7,35,60
Y58,RA9,TORBAY AND SOUTH DEVON NHS FOUNDATION TRUST,C_150,Neurosurgical Service, -   , -   , -   ,-,-,0
Y58,RA9,TORBAY AND SOUTH DEVON NHS FOUNDATION TRUST,C_160,Plastic Surgery Service,148,100,67.60%,11.5,42.2,7
Y58,RA9,TORBAY AND SOUTH DEVON NHS FOUNDATION TRUST,C_170,Cardiothoracic Surgery Service,8,5,62.50%,-,-,0
Y58,RA9,TORBAY AND SOUTH DEVON NHS FOUNDATION TRUST,C_300,General Internal Medicine Service,53,42,79.20%,6.5,34.8,2
Y58,RA9,TORBAY AND SOUTH DEVON NHS FOUNDATION TRUST,C_301,Gastroenterology Service,"1,872","1,355",72.40%,7.2,37.9,56
Y58,RA9,TORBAY AND SOUTH DEVON NHS FOUNDATION TRUST,C_320,Cardiology Service,"1,543","1,136",73.60%,7.8,34.6,34
Y58,RA9,TORBAY AND SOUTH DEVON NHS FOUNDATION TRUST,C_330,Dermatology Service,"1,357","1,006",74.10%,7.1,29.5,0
Y58,RA9,TORBAY AND SOUTH DEVON NHS FOUNDATION TRUST,C_340,Respiratory Medicine Service,742,572,77.10%,8.4,27.5,5
Y58,RA9,TORBAY AND SOUTH DEVON NHS FOUNDATION TRUST,C_400,Neurology Service,720,417,57.90%,13.2,55.1,62
Y58,RA9,TORBAY AND SOUTH DEVON NHS FOUNDATION TRUST,C_410,Rheumatology Service,379,274,72.30%,9.4,47.4,17
Y58,RA9,TORBAY AND SOUTH DEVON NHS FOUNDATION TRUST,C_430,Elderly Medicine Service,121,111,91.70%,5.6,18.2,0
Y58,RA9,TORBAY AND SOUTH DEVON NHS FOUNDATION TRUST,C_502,Gynaecology Service,"1,783","1,347",75.50%,8,27.6,7
Y58,RA9,TORBAY AND SOUTH DEVON NHS FOUNDATION TRUST,X02,Other - Medical Services,"1,322","1,007",76.20%,7.9,36.2,45
Y58,RA9,TORBAY AND SOUTH DEVON NHS FOUNDATION TRUST,X03,Other - Mental Health Services, -   , -   , -   ,-,-,0
Y58,RA9,TORBAY AND SOUTH DEVON NHS FOUNDATION TRUST,X04,Other - Paediatric Services,"1,217",731,60.10%,13.3,34.7,14
Y58,RA9,TORBAY AND SOUTH DEVON NHS FOUNDATION TRUST,X05,Other - Surgical Services,"3,100","1,611",52.00%,16.5,60.5,364
Y58,RA9,TORBAY AND SOUTH DEVON NHS FOUNDATION TRUST,X06,Other - Other Services,252,235,93.30%,6.3,16.5,3
Y58,RBD,DORSET COUNTY HOSPITAL NHS FOUNDATION TRUST,C_100,General Surgery Service,590,324,54.90%,15.5,61.2,59
Y58,RBD,DORSET COUNTY HOSPITAL NHS FOUNDATION TRUST,C_101,Urology Service,858,656,76.50%,8.7,27.4,21
Y58,RBD,DORSET COUNTY HOSPITAL NHS FOUNDATION TRUST,C_110,Trauma and Orthopaedic Service,"3,169","1,140",36.00%,25.8,76.7,731
Y58,RBD,DORSET COUNTY HOSPITAL NHS FOUNDATION TRUST,C_120,Ear Nose and Throat Service,"2,135",926,43.40%,21.9,64.7,357
Y58,RBD,DORSET COUNTY HOSPITAL NHS FOUNDATION TRUST,C_130,Ophthalmology Service,"2,636","1,246",47.30%,19.6,63.7,392
Y58,RBD,DORSET COUNTY HOSPITAL NHS FOUNDATION TRUST,C_140,Oral Surgery Service,"2,079",497,23.90%,57.4,89.9,"1,082"
Y58,RBD,DORSET COUNTY HOSPITAL NHS FOUNDATION TRUST,C_150,Neurosurgical Service, -   , -   , -   ,-,-,0
Y58,RBD,DORSET COUNTY HOSPITAL NHS FOUNDATION TRUST,C_160,Plastic Surgery Service, -   , -   , -   ,-,-,0
Y58,RBD,DORSET COUNTY HOSPITAL NHS FOUNDATION TRUST,C_170,Cardiothoracic Surgery Service, -   , -   , -   ,-,-,0
Y58,RBD,DORSET COUNTY HOSPITAL NHS FOUNDATION TRUST,C_300,General Internal Medicine Service,6,6,100.00%,-,-,0
Y58,RBD,DORSET COUNTY HOSPITAL NHS FOUNDATION TRUST,C_301,Gastroenterology Service,"1,207",554,45.90%,19.8,61,144
Y58,RBD,DORSET COUNTY HOSPITAL NHS FOUNDATION TRUST,C_320,Cardiology Service,346,338,97.70%,4.5,14.2,0
Y58,RBD,DORSET COUNTY HOSPITAL NHS FOUNDATION TRUST,C_330,Dermatology Service,648,511,78.90%,5.3,35.6,35
Y58,RBD,DORSET COUNTY HOSPITAL NHS FOUNDATION TRUST,C_340,Respiratory Medicine Service,183,179,97.80%,4.9,14.4,0
Y58,RBD,DORSET COUNTY HOSPITAL NHS FOUNDATION TRUST,C_400,Neurology Service, -   , -   , -   ,-,-,0
Y58,RBD,DORSET COUNTY HOSPITAL NHS FOUNDATION TRUST,C_410,Rheumatology Service,329,217,66.00%,10.1,29.5,0
Y58,RBD,DORSET COUNTY HOSPITAL NHS FOUNDATION TRUST,C_430,Elderly Medicine Service,26,26,100.00%,4.5,8,0
Y58,RBD,DORSET COUNTY HOSPITAL NHS FOUNDATION TRUST,C_502,Gynaecology Service,"1,055",749,71.00%,10,37.7,42
Y58,RBD,DORSET COUNTY HOSPITAL NHS FOUNDATION TRUST,X02,Other - Medical Services,620,532,85.80%,5.2,27.2,6
Y58,RBD,DORSET COUNTY HOSPITAL NHS FOUNDATION TRUST,X03,Other - Mental Health Services, -   , -   , -   ,-,-,0
Y58,RBD,DORSET COUNTY HOSPITAL NHS FOUNDATION TRUST,X04,Other - Paediatric Services,209,122,58.40%,13,45.3,15
Y58,RBD,DORSET COUNTY HOSPITAL NHS FOUNDATION TRUST,X05,Other - Surgical Services,"1,084",821,75.70%,5.3,41.4,62
Y58,RBD,DORSET COUNTY HOSPITAL NHS FOUNDATION TRUST,X06,Other - Other Services,4,1,25.00%,-,-,0
Y58,RBZ,NORTHERN DEVON HEALTHCARE NHS TRUST,C_100,General Surgery Service,358,214,59.80%,10.3,46.4,27
Y58,RBZ,NORTHERN DEVON HEALTHCARE NHS TRUST,C_101,Urology Service,958,565,59.00%,13.3,60.2,107
Y58,RBZ,NORTHERN DEVON HEALTHCARE NHS TRUST,C_110,Trauma and Orthopaedic Service,"2,387","1,186",49.70%,18.3,65.3,414
Y58,RBZ,NORTHERN DEVON HEALTHCARE NHS TRUST,C_120,Ear Nose and Throat Service, -   , -   , -   ,-,-,0
Y58,RBZ,NORTHERN DEVON HEALTHCARE NHS TRUST,C_130,Ophthalmology Service,"2,637","1,219",46.20%,20.5,66.5,491
Y58,RBZ,NORTHERN DEVON HEALTHCARE NHS TRUST,C_140,Oral Surgery Service,531,364,68.50%,8.8,60.3,61
Y58,RBZ,NORTHERN DEVON HEALTHCARE NHS TRUST,C_150,Neurosurgical Service, -   , -   , -   ,-,-,0
Y58,RBZ,NORTHERN DEVON HEALTHCARE NHS TRUST,C_160,Plastic Surgery Service,61,35,57.40%,10,47.1,4
Y58,RBZ,NORTHERN DEVON HEALTHCARE NHS TRUST,C_170,Cardiothoracic Surgery Service, -   , -   , -   ,-,-,0
Y58,RBZ,NORTHERN DEVON HEALTHCARE NHS TRUST,C_300,General Internal Medicine Service, -   , -   , -   ,-,-,0
Y58,RBZ,NORTHERN DEVON HEALTHCARE NHS TRUST,C_301,Gastroenterology Service,776,548,70.60%,8.3,39.2,9
Y58,RBZ,NORTHERN DEVON HEALTHCARE NHS TRUST,C_320,Cardiology Service,467,407,87.20%,5.7,30.1,7
Y58,RBZ,NORTHERN DEVON HEALTHCARE NHS TRUST,C_330,Dermatology Service,"1,149",840,73.10%,7.8,34.3,21
Y58,RBZ,NORTHERN DEVON HEALTHCARE NHS TRUST,C_340,Respiratory Medicine Service,315,246,78.10%,9.3,32.6,3
Y58,RBZ,NORTHERN DEVON HEALTHCARE NHS TRUST,C_400,Neurology Service,486,251,51.60%,17.1,50.6,35
Y58,RBZ,NORTHERN DEVON HEALTHCARE NHS TRUST,C_410,Rheumatology Service,83,64,77.10%,7.5,37.2,0
Y58,RBZ,NORTHERN DEVON HEALTHCARE NHS TRUST,C_430,Elderly Medicine Service,36,33,91.70%,1.9,28.1,0
Y58,RBZ,NORTHERN DEVON HEALTHCARE NHS TRUST,C_502,Gynaecology Service,836,486,58.10%,12.1,64,116
Y58,RBZ,NORTHERN DEVON HEALTHCARE NHS TRUST,X02,Other - Medical Services,807,558,69.10%,8.5,59.2,81
Y58,RBZ,NORTHERN DEVON HEALTHCARE NHS TRUST,X03,Other - Mental Health Services, -   , -   , -   ,-,-,0
Y58,RBZ,NORTHERN DEVON HEALTHCARE NHS TRUST,X04,Other - Paediatric Services,296,164,55.40%,14.6,65.4,41
Y58,RBZ,NORTHERN DEVON HEALTHCARE NHS TRUST,X05,Other - Surgical Services,"1,356",963,71.00%,8.9,42.4,76
Y58,RBZ,NORTHERN DEVON HEALTHCARE NHS TRUST,X06,Other - Other Services,66,64,97.00%,6.1,13.9,0
Y58,RD1,ROYAL UNITED HOSPITALS BATH NHS FOUNDATION TRUST,C_100,General Surgery Service,"3,449","2,203",63.90%,13.1,43.9,182
Y58,RD1,ROYAL UNITED HOSPITALS BATH NHS FOUNDATION TRUST,C_101,Urology Service,"1,476",836,56.60%,15,40.8,32
Y58,RD1,ROYAL UNITED HOSPITALS BATH NHS FOUNDATION TRUST,C_110,Trauma and Orthopaedic Service,"1,871","1,041",55.60%,14.5,63.4,235
Y58,RD1,ROYAL UNITED HOSPITALS BATH NHS FOUNDATION TRUST,C_120,Ear Nose and Throat Service,"2,070","1,304",63.00%,12.6,47.3,146
Y58,RD1,ROYAL UNITED HOSPITALS BATH NHS FOUNDATION TRUST,C_130,Ophthalmology Service,"2,653","1,907",71.90%,8.9,41,127
Y58,RD1,ROYAL UNITED HOSPITALS BATH NHS FOUNDATION TRUST,C_140,Oral Surgery Service,"3,291","1,750",53.20%,16.4,64.2,516
Y58,RD1,ROYAL UNITED HOSPITALS BATH NHS FOUNDATION TRUST,C_150,Neurosurgical Service, -   , -   , -   ,-,-,0
Y58,RD1,ROYAL UNITED HOSPITALS BATH NHS FOUNDATION TRUST,C_160,Plastic Surgery Service, -   , -   , -   ,-,-,0
Y58,RD1,ROYAL UNITED HOSPITALS BATH NHS FOUNDATION TRUST,C_170,Cardiothoracic Surgery Service, -   , -   , -   ,-,-,0
Y58,RD1,ROYAL UNITED HOSPITALS BATH NHS FOUNDATION TRUST,C_300,General Internal Medicine Service,196,196,100.00%,8.2,15.9,0
Y58,RD1,ROYAL UNITED HOSPITALS BATH NHS FOUNDATION TRUST,C_301,Gastroenterology Service,"2,663","1,553",58.30%,15.2,41.4,17
Y58,RD1,ROYAL UNITED HOSPITALS BATH NHS FOUNDATION TRUST,C_320,Cardiology Service,"1,962","1,513",77.10%,10.2,30.3,5
Y58,RD1,ROYAL UNITED HOSPITALS BATH NHS FOUNDATION TRUST,C_330,Dermatology Service,708,659,93.10%,3.9,17,2
Y58,RD1,ROYAL UNITED HOSPITALS BATH NHS FOUNDATION TRUST,C_340,Respiratory Medicine Service,273,273,100.00%,4.3,13.2,0
Y58,RD1,ROYAL UNITED HOSPITALS BATH NHS FOUNDATION TRUST,C_400,Neurology Service,552,527,95.50%,6.4,15.2,0
Y58,RD1,ROYAL UNITED HOSPITALS BATH NHS FOUNDATION TRUST,C_410,Rheumatology Service,911,901,98.90%,7,15.8,0
Y58,RD1,ROYAL UNITED HOSPITALS BATH NHS FOUNDATION TRUST,C_430,Elderly Medicine Service,114,114,100.00%,4.4,14.6,0
Y58,RD1,ROYAL UNITED HOSPITALS BATH NHS FOUNDATION TRUST,C_502,Gynaecology Service,"1,862","1,481",79.50%,9.1,35.2,33
Y58,RD1,ROYAL UNITED HOSPITALS BATH NHS FOUNDATION TRUST,X02,Other - Medical Services,"1,427","1,293",90.60%,6.8,19.2,4
Y58,RD1,ROYAL UNITED HOSPITALS BATH NHS FOUNDATION TRUST,X03,Other - Mental Health Services, -   , -   , -   ,-,-,0
Y58,RD1,ROYAL UNITED HOSPITALS BATH NHS FOUNDATION TRUST,X04,Other - Paediatric Services,103,79,76.70%,9.6,22.5,0
Y58,RD1,ROYAL UNITED HOSPITALS BATH NHS FOUNDATION TRUST,X05,Other - Surgical Services,446,395,88.60%,3,25.2,21
Y58,RD1,ROYAL UNITED HOSPITALS BATH NHS FOUNDATION TRUST,X06,Other - Other Services,982,701,71.40%,10.8,37.3,52
Y58,REF,ROYAL CORNWALL HOSPITALS NHS TRUST,C_100,General Surgery Service,"1,646","1,199",72.80%,7.7,33.7,46
Y58,REF,ROYAL CORNWALL HOSPITALS NHS TRUST,C_101,Urology Service,"1,360",863,63.50%,10.7,63.3,150
Y58,REF,ROYAL CORNWALL HOSPITALS NHS TRUST,C_110,Trauma and Orthopaedic Service,"4,682","2,326",49.70%,18.2,57.7,418
Y58,REF,ROYAL CORNWALL HOSPITALS NHS TRUST,C_120,Ear Nose and Throat Service,"1,548","1,185",76.60%,7.7,28.9,27
Y58,REF,ROYAL CORNWALL HOSPITALS NHS TRUST,C_130,Ophthalmology Service,"2,542","1,967",77.40%,6.6,29.1,25
Y58,REF,ROYAL CORNWALL HOSPITALS NHS TRUST,C_140,Oral Surgery Service,"1,803","1,306",72.40%,9.1,32.1,74
Y58,REF,ROYAL CORNWALL HOSPITALS NHS TRUST,C_150,Neurosurgical Service, -   , -   , -   ,-,-,0
Y58,REF,ROYAL CORNWALL HOSPITALS NHS TRUST,C_160,Plastic Surgery Service, -   , -   , -   ,-,-,0
Y58,REF,ROYAL CORNWALL HOSPITALS NHS TRUST,C_170,Cardiothoracic Surgery Service, -   , -   , -   ,-,-,0
Y58,REF,ROYAL CORNWALL HOSPITALS NHS TRUST,C_300,General Internal Medicine Service,1,1,100.00%,-,-,0
Y58,REF,ROYAL CORNWALL HOSPITALS NHS TRUST,C_301,Gastroenterology Service,"1,120",957,85.40%,5.1,22,1
Y58,REF,ROYAL CORNWALL HOSPITALS NHS TRUST,C_320,Cardiology Service,"1,703","1,266",74.30%,8.2,29.3,5
Y58,REF,ROYAL CORNWALL HOSPITALS NHS TRUST,C_330,Dermatology Service,"1,715","1,570",91.50%,4.8,18.5,1
Y58,REF,ROYAL CORNWALL HOSPITALS NHS TRUST,C_340,Respiratory Medicine Service,145,138,95.20%,2.8,13.4,0
Y58,REF,ROYAL CORNWALL HOSPITALS NHS TRUST,C_400,Neurology Service,"1,069",739,69.10%,11.1,27,0
Y58,REF,ROYAL CORNWALL HOSPITALS NHS TRUST,C_410,Rheumatology Service,695,530,76.30%,10.6,21.9,1
Y58,REF,ROYAL CORNWALL HOSPITALS NHS TRUST,C_430,Elderly Medicine Service,151,142,94.00%,4.7,16.3,0
Y58,REF,ROYAL CORNWALL HOSPITALS NHS TRUST,C_502,Gynaecology Service,"1,589","1,305",82.10%,7.1,24.9,4
Y58,REF,ROYAL CORNWALL HOSPITALS NHS TRUST,X02,Other - Medical Services,"2,505","2,303",91.90%,5.5,18,3
Y58,REF,ROYAL CORNWALL HOSPITALS NHS TRUST,X03,Other - Mental Health Services, -   , -   , -   ,-,-,0
Y58,REF,ROYAL CORNWALL HOSPITALS NHS TRUST,X04,Other - Paediatric Services,508,455,89.60%,6.3,20,2
Y58,REF,ROYAL CORNWALL HOSPITALS NHS TRUST,X05,Other - Surgical Services,"1,888","1,183",62.70%,8.9,47.6,116
Y58,REF,ROYAL CORNWALL HOSPITALS NHS TRUST,X06,Other - Other Services,727,591,81.30%,5.5,28.2,4
Y58,RH5,SOMERSET NHS FOUNDATION TRUST,C_100,General Surgery Service,522,,,15.9,,18
Y58,RH5,SOMERSET NHS FOUNDATION TRUST,C_101,Urology Service,"1,230",,,9.2,,101
Y58,RH5,SOMERSET NHS FOUNDATION TRUST,C_110,Trauma and Orthopaedic Service,"4,232",,,12.7,,476
Y58,RH5,SOMERSET NHS FOUNDATION TRUST,C_120,Ear Nose and Throat Service,"2,186",,,15.1,,294
Y58,RH5,SOMERSET NHS FOUNDATION TRUST,C_130,Ophthalmology Service,"3,292",,,20.5,,728
Y58,RH5,SOMERSET NHS FOUNDATION TRUST,C_140,Oral Surgery Service,"1,626",,,11.3,,215
Y58,RH5,SOMERSET NHS FOUNDATION TRUST,C_150,Neurosurgical Service, -   ,,,-,,0
Y58,RH5,SOMERSET NHS FOUNDATION TRUST,C_160,Plastic Surgery Service,4,,,-,,0
Y58,RH5,SOMERSET NHS FOUNDATION TRUST,C_170,Cardiothoracic Surgery Service,28,,,4.5,,0
Y58,RH5,SOMERSET NHS FOUNDATION TRUST,C_300,General Internal Medicine Service,8,,,-,,0
Y58,RH5,SOMERSET NHS FOUNDATION TRUST,C_301,Gastroenterology Service,"1,952",,,14.3,,36
Y58,RH5,SOMERSET NHS FOUNDATION TRUST,C_320,Cardiology Service,"1,726",,,14,,23
Y58,RH5,SOMERSET NHS FOUNDATION TRUST,C_330,Dermatology Service,76,,,5,,0
Y58,RH5,SOMERSET NHS FOUNDATION TRUST,C_340,Respiratory Medicine Service,648,,,9.3,,17
Y58,RH5,SOMERSET NHS FOUNDATION TRUST,C_400,Neurology Service,815,,,17.3,,43
Y58,RH5,SOMERSET NHS FOUNDATION TRUST,C_410,Rheumatology Service,929,,,14.3,,54
Y58,RH5,SOMERSET NHS FOUNDATION TRUST,C_430,Elderly Medicine Service,203,,,5.1,,1
Y58,RH5,SOMERSET NHS FOUNDATION TRUST,C_502,Gynaecology Service,"1,701",,,11.1,,101
Y58,RH5,SOMERSET NHS FOUNDATION TRUST,X02,Other - Medical Services,"1,128",,,10.1,,36
Y58,RH5,SOMERSET NHS FOUNDATION TRUST,X03,Other - Mental Health Services, -   ,,,-,,0
Y58,RH5,SOMERSET NHS FOUNDATION TRUST,X04,Other - Paediatric Services,707,,,9.4,,17
Y58,RH5,SOMERSET NHS FOUNDATION TRUST,X05,Other - Surgical Services,"4,129",,,13,,522
Y58,RH5,SOMERSET NHS FOUNDATION TRUST,X06,Other - Other Services,501,,,7.8,,11
Y58,RH8,ROYAL DEVON AND EXETER NHS FOUNDATION TRUST,C_100,General Surgery Service,"2,232",616,27.60%,33.8,66.8,592
Y58,RH8,ROYAL DEVON AND EXETER NHS FOUNDATION TRUST,C_101,Urology Service,"2,172","1,321",60.80%,13.4,57,198
Y58,RH8,ROYAL DEVON AND EXETER NHS FOUNDATION TRUST,C_110,Trauma and Orthopaedic Service,"6,621","2,289",34.60%,28.7,79,"1,847"
Y58,RH8,ROYAL DEVON AND EXETER NHS FOUNDATION TRUST,C_120,Ear Nose and Throat Service,"3,093","1,805",58.40%,14.6,52.5,249
Y58,RH8,ROYAL DEVON AND EXETER NHS FOUNDATION TRUST,C_130,Ophthalmology Service,"8,471","3,793",44.80%,20.8,61.4,"1,250"
Y58,RH8,ROYAL DEVON AND EXETER NHS FOUNDATION TRUST,C_140,Oral Surgery Service,3, -   , -   ,-,-,0
Y58,RH8,ROYAL DEVON AND EXETER NHS FOUNDATION TRUST,C_150,Neurosurgical Service, -   , -   , -   ,-,-,0
Y58,RH8,ROYAL DEVON AND EXETER NHS FOUNDATION TRUST,C_160,Plastic Surgery Service,"1,401",736,52.50%,15.7,59.6,146
Y58,RH8,ROYAL DEVON AND EXETER NHS FOUNDATION TRUST,C_170,Cardiothoracic Surgery Service,2, -   , -   ,-,-,0
Y58,RH8,ROYAL DEVON AND EXETER NHS FOUNDATION TRUST,C_300,General Internal Medicine Service,"1,010",586,58.00%,13.7,36.9,29
Y58,RH8,ROYAL DEVON AND EXETER NHS FOUNDATION TRUST,C_301,Gastroenterology Service,"4,049","2,218",54.80%,15.3,40.2,171
Y58,RH8,ROYAL DEVON AND EXETER NHS FOUNDATION TRUST,C_320,Cardiology Service,"2,902","1,304",44.90%,21,64.7,406
Y58,RH8,ROYAL DEVON AND EXETER NHS FOUNDATION TRUST,C_330,Dermatology Service,"3,091","2,091",67.60%,9.5,28.4,7
Y58,RH8,ROYAL DEVON AND EXETER NHS FOUNDATION TRUST,C_340,Respiratory Medicine Service,"1,179",504,42.70%,21.4,60.6,156
Y58,RH8,ROYAL DEVON AND EXETER NHS FOUNDATION TRUST,C_400,Neurology Service,"1,388",629,45.30%,20.1,43.8,60
Y58,RH8,ROYAL DEVON AND EXETER NHS FOUNDATION TRUST,C_410,Rheumatology Service,451,357,79.20%,7.9,30,3
Y58,RH8,ROYAL DEVON AND EXETER NHS FOUNDATION TRUST,C_430,Elderly Medicine Service,431,223,51.70%,17.3,36.9,11
Y58,RH8,ROYAL DEVON AND EXETER NHS FOUNDATION TRUST,C_502,Gynaecology Service,"2,931","1,449",49.40%,18.3,37.8,86
Y58,RH8,ROYAL DEVON AND EXETER NHS FOUNDATION TRUST,X02,Other - Medical Services,"6,133","3,693",60.20%,13.1,33.4,167
Y58,RH8,ROYAL DEVON AND EXETER NHS FOUNDATION TRUST,X03,Other - Mental Health Services,2,1,50.00%,-,-,0
Y58,RH8,ROYAL DEVON AND EXETER NHS FOUNDATION TRUST,X04,Other - Paediatric Services,289,140,48.40%,18.8,38,7
Y58,RH8,ROYAL DEVON AND EXETER NHS FOUNDATION TRUST,X05,Other - Surgical Services,"4,076","2,452",60.20%,13.2,70.9,529
Y58,RH8,ROYAL DEVON AND EXETER NHS FOUNDATION TRUST,X06,Other - Other Services,"4,673","2,755",59.00%,13.7,32.6,132
Y58,RJ8,CORNWALL PARTNERSHIP NHS FOUNDATION TRUST,C_100,General Surgery Service, -   , -   , -   ,-,-,0
Y58,RJ8,CORNWALL PARTNERSHIP NHS FOUNDATION TRUST,C_101,Urology Service, -   , -   , -   ,-,-,0
Y58,RJ8,CORNWALL PARTNERSHIP NHS FOUNDATION TRUST,C_110,Trauma and Orthopaedic Service, -   , -   , -   ,-,-,0
Y58,RJ8,CORNWALL PARTNERSHIP NHS FOUNDATION TRUST,C_120,Ear Nose and Throat Service, -   , -   , -   ,-,-,0
Y58,RJ8,CORNWALL PARTNERSHIP NHS FOUNDATION TRUST,C_130,Ophthalmology Service, -   , -   , -   ,-,-,0
Y58,RJ8,CORNWALL PARTNERSHIP NHS FOUNDATION TRUST,C_140,Oral Surgery Service, -   , -   , -   ,-,-,0
Y58,RJ8,CORNWALL PARTNERSHIP NHS FOUNDATION TRUST,C_150,Neurosurgical Service, -   , -   , -   ,-,-,0
Y58,RJ8,CORNWALL PARTNERSHIP NHS FOUNDATION TRUST,C_160,Plastic Surgery Service, -   , -   , -   ,-,-,0
Y58,RJ8,CORNWALL PARTNERSHIP NHS FOUNDATION TRUST,C_170,Cardiothoracic Surgery Service, -   , -   , -   ,-,-,0
Y58,RJ8,CORNWALL PARTNERSHIP NHS FOUNDATION TRUST,C_300,General Internal Medicine Service, -   , -   , -   ,-,-,0
Y58,RJ8,CORNWALL PARTNERSHIP NHS FOUNDATION TRUST,C_301,Gastroenterology Service, -   , -   , -   ,-,-,0
Y58,RJ8,CORNWALL PARTNERSHIP NHS FOUNDATION TRUST,C_320,Cardiology Service, -   , -   , -   ,-,-,0
Y58,RJ8,CORNWALL PARTNERSHIP NHS FOUNDATION TRUST,C_330,Dermatology Service, -   , -   , -   ,-,-,0
Y58,RJ8,CORNWALL PARTNERSHIP NHS FOUNDATION TRUST,C_340,Respiratory Medicine Service, -   , -   , -   ,-,-,0
Y58,RJ8,CORNWALL PARTNERSHIP NHS FOUNDATION TRUST,C_400,Neurology Service, -   , -   , -   ,-,-,0
Y58,RJ8,CORNWALL PARTNERSHIP NHS FOUNDATION TRUST,C_410,Rheumatology Service, -   , -   , -   ,-,-,0
Y58,RJ8,CORNWALL PARTNERSHIP NHS FOUNDATION TRUST,C_430,Elderly Medicine Service, -   , -   , -   ,-,-,0
Y58,RJ8,CORNWALL PARTNERSHIP NHS FOUNDATION TRUST,C_502,Gynaecology Service, -   , -   , -   ,-,-,0
Y58,RJ8,CORNWALL PARTNERSHIP NHS FOUNDATION TRUST,X02,Other - Medical Services, -   , -   , -   ,-,-,0
Y58,RJ8,CORNWALL PARTNERSHIP NHS FOUNDATION TRUST,X03,Other - Mental Health Services, -   , -   , -   ,-,-,0
Y58,RJ8,CORNWALL PARTNERSHIP NHS FOUNDATION TRUST,X04,Other - Paediatric Services, -   , -   , -   ,-,-,0
Y58,RJ8,CORNWALL PARTNERSHIP NHS FOUNDATION TRUST,X05,Other - Surgical Services, -   , -   , -   ,-,-,0
Y58,RJ8,CORNWALL PARTNERSHIP NHS FOUNDATION TRUST,X06,Other - Other Services,717,716,99.90%,5.5,13.4,0
Y58,RK9,UNIVERSITY HOSPITALS PLYMOUTH NHS TRUST,C_100,General Surgery Service,449,238,53.00%,16.2,59.1,41
Y58,RK9,UNIVERSITY HOSPITALS PLYMOUTH NHS TRUST,C_101,Urology Service,"1,863","1,180",63.30%,10.8,47.4,127
Y58,RK9,UNIVERSITY HOSPITALS PLYMOUTH NHS TRUST,C_110,Trauma and Orthopaedic Service,"3,645","1,611",44.20%,21.4,72.2,627
Y58,RK9,UNIVERSITY HOSPITALS PLYMOUTH NHS TRUST,C_120,Ear Nose and Throat Service,"2,108","1,482",70.30%,7.9,56.5,187
Y58,RK9,UNIVERSITY HOSPITALS PLYMOUTH NHS TRUST,C_130,Ophthalmology Service,"3,987","3,174",79.60%,7.9,34.7,168
Y58,RK9,UNIVERSITY HOSPITALS PLYMOUTH NHS TRUST,C_140,Oral Surgery Service, -   , -   , -   ,-,-,0
Y58,RK9,UNIVERSITY HOSPITALS PLYMOUTH NHS TRUST,C_150,Neurosurgical Service,"1,947",800,41.10%,23.3,65.7,315
Y58,RK9,UNIVERSITY HOSPITALS PLYMOUTH NHS TRUST,C_160,Plastic Surgery Service,745,528,70.90%,6.4,55.4,64
Y58,RK9,UNIVERSITY HOSPITALS PLYMOUTH NHS TRUST,C_170,Cardiothoracic Surgery Service,580,229,39.50%,22.4,59.7,75
Y58,RK9,UNIVERSITY HOSPITALS PLYMOUTH NHS TRUST,C_300,General Internal Medicine Service,41,29,70.70%,9,39.9,0
Y58,RK9,UNIVERSITY HOSPITALS PLYMOUTH NHS TRUST,C_301,Gastroenterology Service,"1,217",940,77.20%,7.1,25.3,1
Y58,RK9,UNIVERSITY HOSPITALS PLYMOUTH NHS TRUST,C_320,Cardiology Service,"1,475","1,049",71.10%,10,33.5,40
Y58,RK9,UNIVERSITY HOSPITALS PLYMOUTH NHS TRUST,C_330,Dermatology Service,"2,125","1,316",61.90%,12.5,31.2,4
Y58,RK9,UNIVERSITY HOSPITALS PLYMOUTH NHS TRUST,C_340,Respiratory Medicine Service,692,508,73.40%,7.6,31.9,3
Y58,RK9,UNIVERSITY HOSPITALS PLYMOUTH NHS TRUST,C_400,Neurology Service,"1,425","1,214",85.20%,7.2,24.2,7
Y58,RK9,UNIVERSITY HOSPITALS PLYMOUTH NHS TRUST,C_410,Rheumatology Service,809,288,35.60%,27.4,62.9,165
Y58,RK9,UNIVERSITY HOSPITALS PLYMOUTH NHS TRUST,C_430,Elderly Medicine Service,14,8,57.10%,-,-,0
Y58,RK9,UNIVERSITY HOSPITALS PLYMOUTH NHS TRUST,C_502,Gynaecology Service,"2,099","1,280",61.00%,11.8,49.3,134
Y58,RK9,UNIVERSITY HOSPITALS PLYMOUTH NHS TRUST,X02,Other - Medical Services,"3,007","2,416",80.30%,6.3,32.6,60
Y58,RK9,UNIVERSITY HOSPITALS PLYMOUTH NHS TRUST,X03,Other - Mental Health Services,29,29,100.00%,1.1,1.9,0
Y58,RK9,UNIVERSITY HOSPITALS PLYMOUTH NHS TRUST,X04,Other - Paediatric Services,991,740,74.70%,7.2,32.4,4
Y58,RK9,UNIVERSITY HOSPITALS PLYMOUTH NHS TRUST,X05,Other - Surgical Services,"5,241","3,502",66.80%,9.5,56.6,461
Y58,RK9,UNIVERSITY HOSPITALS PLYMOUTH NHS TRUST,X06,Other - Other Services,439,360,82.00%,6.1,36.9,20
Y58,RN3,GREAT WESTERN HOSPITALS NHS FOUNDATION TRUST,C_100,General Surgery Service,"3,131","2,104",67.20%,10.4,49.6,221
Y58,RN3,GREAT WESTERN HOSPITALS NHS FOUNDATION TRUST,C_101,Urology Service,"1,564",934,59.70%,12.5,67.7,278
Y58,RN3,GREAT WESTERN HOSPITALS NHS FOUNDATION TRUST,C_110,Trauma and Orthopaedic Service,"3,414","1,339",39.20%,25.1,75.7,807
Y58,RN3,GREAT WESTERN HOSPITALS NHS FOUNDATION TRUST,C_120,Ear Nose and Throat Service,"2,724","1,618",59.40%,13.1,35,108
Y58,RN3,GREAT WESTERN HOSPITALS NHS FOUNDATION TRUST,C_130,Ophthalmology Service,"2,176","1,374",63.10%,12.5,33.9,35
Y58,RN3,GREAT WESTERN HOSPITALS NHS FOUNDATION TRUST,C_140,Oral Surgery Service,"1,730","1,157",66.90%,11.6,28,29
Y58,RN3,GREAT WESTERN HOSPITALS NHS FOUNDATION TRUST,C_150,Neurosurgical Service, -   , -   , -   ,-,-,0
Y58,RN3,GREAT WESTERN HOSPITALS NHS FOUNDATION TRUST,C_160,Plastic Surgery Service,134,116,86.60%,5.9,22.3,0
Y58,RN3,GREAT WESTERN HOSPITALS NHS FOUNDATION TRUST,C_170,Cardiothoracic Surgery Service, -   , -   , -   ,-,-,0
Y58,RN3,GREAT WESTERN HOSPITALS NHS FOUNDATION TRUST,C_300,General Internal Medicine Service,8,6,75.00%,-,-,0
Y58,RN3,GREAT WESTERN HOSPITALS NHS FOUNDATION TRUST,C_301,Gastroenterology Service,"2,598","1,855",71.40%,10.4,31.5,28
Y58,RN3,GREAT WESTERN HOSPITALS NHS FOUNDATION TRUST,C_320,Cardiology Service,381,361,94.80%,2.7,14.6,0
Y58,RN3,GREAT WESTERN HOSPITALS NHS FOUNDATION TRUST,C_330,Dermatology Service,"1,468","1,223",83.30%,7.3,26.7,1
Y58,RN3,GREAT WESTERN HOSPITALS NHS FOUNDATION TRUST,C_340,Respiratory Medicine Service,685,445,65.00%,12.7,33.2,5
Y58,RN3,GREAT WESTERN HOSPITALS NHS FOUNDATION TRUST,C_400,Neurology Service,938,751,80.10%,10.1,26.2,0
Y58,RN3,GREAT WESTERN HOSPITALS NHS FOUNDATION TRUST,C_410,Rheumatology Service,275,263,95.60%,3,12.3,0
Y58,RN3,GREAT WESTERN HOSPITALS NHS FOUNDATION TRUST,C_430,Elderly Medicine Service,72,70,97.20%,3.3,12.1,0
Y58,RN3,GREAT WESTERN HOSPITALS NHS FOUNDATION TRUST,C_502,Gynaecology Service,"1,797","1,241",69.10%,9.1,42.1,89
Y58,RN3,GREAT WESTERN HOSPITALS NHS FOUNDATION TRUST,X02,Other - Medical Services,861,741,86.10%,6,23.7,0
Y58,RN3,GREAT WESTERN HOSPITALS NHS FOUNDATION TRUST,X03,Other - Mental Health Services, -   , -   , -   ,-,-,0
Y58,RN3,GREAT WESTERN HOSPITALS NHS FOUNDATION TRUST,X04,Other - Paediatric Services,345,314,91.00%,4.8,21.8,0
Y58,RN3,GREAT WESTERN HOSPITALS NHS FOUNDATION TRUST,X05,Other - Surgical Services,483,460,95.20%,2.3,11.5,2
Y58,RN3,GREAT WESTERN HOSPITALS NHS FOUNDATION TRUST,X06,Other - Other Services,414,358,86.50%,2.9,24.3,5
Y58,RNZ,SALISBURY NHS FOUNDATION TRUST,C_100,General Surgery Service,574,345,60.10%,13.5,61.8,62
Y58,RNZ,SALISBURY NHS FOUNDATION TRUST,C_101,Urology Service,974,712,73.10%,7.8,58.8,89
Y58,RNZ,SALISBURY NHS FOUNDATION TRUST,C_110,Trauma and Orthopaedic Service,"1,176",649,55.20%,15.4,60.2,130
Y58,RNZ,SALISBURY NHS FOUNDATION TRUST,C_120,Ear Nose and Throat Service,"1,843","1,009",54.70%,15.5,38.9,70
Y58,RNZ,SALISBURY NHS FOUNDATION TRUST,C_130,Ophthalmology Service,"2,163","1,058",48.90%,18.6,58.1,203
Y58,RNZ,SALISBURY NHS FOUNDATION TRUST,C_140,Oral Surgery Service,"1,598",940,58.80%,13.4,57.8,145
Y58,RNZ,SALISBURY NHS FOUNDATION TRUST,C_150,Neurosurgical Service, -   , -   , -   ,-,-,0
Y58,RNZ,SALISBURY NHS FOUNDATION TRUST,C_160,Plastic Surgery Service,"1,129",648,57.40%,13.8,62.4,139
Y58,RNZ,SALISBURY NHS FOUNDATION TRUST,C_170,Cardiothoracic Surgery Service, -   , -   , -   ,-,-,0
Y58,RNZ,SALISBURY NHS FOUNDATION TRUST,C_300,General Internal Medicine Service,998,736,73.70%,8.7,37.6,49
Y58,RNZ,SALISBURY NHS FOUNDATION TRUST,C_301,Gastroenterology Service,595,443,74.50%,10.8,25.7,0
Y58,RNZ,SALISBURY NHS FOUNDATION TRUST,C_320,Cardiology Service,"1,027",923,89.90%,7.6,18.6,3
Y58,RNZ,SALISBURY NHS FOUNDATION TRUST,C_330,Dermatology Service,694,442,63.70%,11.1,37.5,33
Y58,RNZ,SALISBURY NHS FOUNDATION TRUST,C_340,Respiratory Medicine Service,696,452,64.90%,15.1,30.9,2
Y58,RNZ,SALISBURY NHS FOUNDATION TRUST,C_400,Neurology Service, -   , -   , -   ,-,-,0
Y58,RNZ,SALISBURY NHS FOUNDATION TRUST,C_410,Rheumatology Service,341,269,78.90%,5.5,23.5,9
Y58,RNZ,SALISBURY NHS FOUNDATION TRUST,C_430,Elderly Medicine Service,147,107,72.80%,8.6,26.2,2
Y58,RNZ,SALISBURY NHS FOUNDATION TRUST,C_502,Gynaecology Service,"1,652","1,038",62.80%,12.2,35.8,46
Y58,RNZ,SALISBURY NHS FOUNDATION TRUST,X02,Other - Medical Services,"1,594","1,277",80.10%,8.5,29.5,31
Y58,RNZ,SALISBURY NHS FOUNDATION TRUST,X03,Other - Mental Health Services,23,20,87.00%,5,33.2,0
Y58,RNZ,SALISBURY NHS FOUNDATION TRUST,X04,Other - Paediatric Services,166,105,63.30%,13.8,47.4,12
Y58,RNZ,SALISBURY NHS FOUNDATION TRUST,X05,Other - Surgical Services,989,831,84.00%,6.7,25.7,16
Y58,RNZ,SALISBURY NHS FOUNDATION TRUST,X06,Other - Other Services,270,193,71.50%,9.5,40.4,16
Y58,RTE,GLOUCESTERSHIRE HOSPITALS NHS FOUNDATION TRUST,C_100,General Surgery Service,194,72,37.10%,29.3,52.2,19
Y58,RTE,GLOUCESTERSHIRE HOSPITALS NHS FOUNDATION TRUST,C_101,Urology Service,"2,463","2,087",84.70%,7.2,27.9,53
Y58,RTE,GLOUCESTERSHIRE HOSPITALS NHS FOUNDATION TRUST,C_110,Trauma and Orthopaedic Service,"7,015","2,965",42.30%,22.9,52.5,"1,030"
Y58,RTE,GLOUCESTERSHIRE HOSPITALS NHS FOUNDATION TRUST,C_120,Ear Nose and Throat Service,"4,042","2,458",60.80%,13.3,39,125
Y58,RTE,GLOUCESTERSHIRE HOSPITALS NHS FOUNDATION TRUST,C_130,Ophthalmology Service,"4,756","2,725",57.30%,14.2,46.2,321
Y58,RTE,GLOUCESTERSHIRE HOSPITALS NHS FOUNDATION TRUST,C_140,Oral Surgery Service,"3,931","2,397",61.00%,13.5,52.1,346
Y58,RTE,GLOUCESTERSHIRE HOSPITALS NHS FOUNDATION TRUST,C_150,Neurosurgical Service, -   , -   , -   ,-,-,0
Y58,RTE,GLOUCESTERSHIRE HOSPITALS NHS FOUNDATION TRUST,C_160,Plastic Surgery Service, -   , -   , -   ,-,-,0
Y58,RTE,GLOUCESTERSHIRE HOSPITALS NHS FOUNDATION TRUST,C_170,Cardiothoracic Surgery Service,19,18,94.70%,-,-,0
Y58,RTE,GLOUCESTERSHIRE HOSPITALS NHS FOUNDATION TRUST,C_300,General Internal Medicine Service,159,157,98.70%,5.1,12.9,0
Y58,RTE,GLOUCESTERSHIRE HOSPITALS NHS FOUNDATION TRUST,C_301,Gastroenterology Service,"3,259","2,589",79.40%,9.7,31.9,12
Y58,RTE,GLOUCESTERSHIRE HOSPITALS NHS FOUNDATION TRUST,C_320,Cardiology Service,"5,705","4,913",86.10%,9.1,23.8,9
Y58,RTE,GLOUCESTERSHIRE HOSPITALS NHS FOUNDATION TRUST,C_330,Dermatology Service,"2,194","1,740",79.30%,9.5,26.8,4
Y58,RTE,GLOUCESTERSHIRE HOSPITALS NHS FOUNDATION TRUST,C_340,Respiratory Medicine Service,926,854,92.20%,7.6,17.9,0
Y58,RTE,GLOUCESTERSHIRE HOSPITALS NHS FOUNDATION TRUST,C_400,Neurology Service,"1,416","1,299",91.70%,6.8,18.3,0
Y58,RTE,GLOUCESTERSHIRE HOSPITALS NHS FOUNDATION TRUST,C_410,Rheumatology Service,"1,066",679,63.70%,12.7,33.3,3
Y58,RTE,GLOUCESTERSHIRE HOSPITALS NHS FOUNDATION TRUST,C_430,Elderly Medicine Service,2,2,100.00%,-,-,0
Y58,RTE,GLOUCESTERSHIRE HOSPITALS NHS FOUNDATION TRUST,C_502,Gynaecology Service,"2,679","1,939",72.40%,10.2,35.7,72
Y58,RTE,GLOUCESTERSHIRE HOSPITALS NHS FOUNDATION TRUST,X02,Other - Medical Services,"6,444","5,880",91.20%,6.2,18.9,12
Y58,RTE,GLOUCESTERSHIRE HOSPITALS NHS FOUNDATION TRUST,X03,Other - Mental Health Services, -   , -   , -   ,-,-,0
Y58,RTE,GLOUCESTERSHIRE HOSPITALS NHS FOUNDATION TRUST,X04,Other - Paediatric Services,"1,141",721,63.20%,12.8,36.1,30
Y58,RTE,GLOUCESTERSHIRE HOSPITALS NHS FOUNDATION TRUST,X05,Other - Surgical Services,"7,886","5,067",64.30%,12.4,50.2,569
Y58,RTE,GLOUCESTERSHIRE HOSPITALS NHS FOUNDATION TRUST,X06,Other - Other Services,891,810,90.90%,8.9,18.3,0
Y58,RVJ,NORTH BRISTOL NHS TRUST,C_100,General Surgery Service,981,630,64.20%,12.3,43.6,46
Y58,RVJ,NORTH BRISTOL NHS TRUST,C_101,Urology Service,"4,542","3,739",82.30%,9.1,28.3,65
Y58,RVJ,NORTH BRISTOL NHS TRUST,C_110,Trauma and Orthopaedic Service,"5,222","2,099",40.20%,23.7,73.3,"1,192"
Y58,RVJ,NORTH BRISTOL NHS TRUST,C_120,Ear Nose and Throat Service, -   , -   , -   ,-,-,0
Y58,RVJ,NORTH BRISTOL NHS TRUST,C_130,Ophthalmology Service, -   , -   , -   ,-,-,0
Y58,RVJ,NORTH BRISTOL NHS TRUST,C_140,Oral Surgery Service, -   , -   , -   ,-,-,0
Y58,RVJ,NORTH BRISTOL NHS TRUST,C_150,Neurosurgical Service,"1,224",728,59.50%,13.4,67.4,166
Y58,RVJ,NORTH BRISTOL NHS TRUST,C_160,Plastic Surgery Service,"2,078","1,527",73.50%,8.7,34.7,42
Y58,RVJ,NORTH BRISTOL NHS TRUST,C_170,Cardiothoracic Surgery Service,24,24,100.00%,4.8,11.1,0
Y58,RVJ,NORTH BRISTOL NHS TRUST,C_300,General Internal Medicine Service,6,6,100.00%,-,-,0
Y58,RVJ,NORTH BRISTOL NHS TRUST,C_301,Gastroenterology Service,667,622,93.30%,5.2,15.9,2
Y58,RVJ,NORTH BRISTOL NHS TRUST,C_320,Cardiology Service,"1,351","1,237",91.60%,7.1,18.3,0
Y58,RVJ,NORTH BRISTOL NHS TRUST,C_330,Dermatology Service,"1,303","1,158",88.90%,5.7,19.9,0
Y58,RVJ,NORTH BRISTOL NHS TRUST,C_340,Respiratory Medicine Service,593,567,95.60%,4.9,13.5,0
Y58,RVJ,NORTH BRISTOL NHS TRUST,C_400,Neurology Service,"1,950","1,687",86.50%,7.7,22.8,29
Y58,RVJ,NORTH BRISTOL NHS TRUST,C_410,Rheumatology Service,470,442,94.00%,5.6,15.6,0
Y58,RVJ,NORTH BRISTOL NHS TRUST,C_430,Elderly Medicine Service,81,80,98.80%,2.9,10.8,0
Y58,RVJ,NORTH BRISTOL NHS TRUST,C_502,Gynaecology Service,"3,042","2,002",65.80%,10.7,47.9,233
Y58,RVJ,NORTH BRISTOL NHS TRUST,X02,Other - Medical Services,"2,960","2,259",76.30%,7.4,34.7,10
Y58,RVJ,NORTH BRISTOL NHS TRUST,X03,Other - Mental Health Services, -   , -   , -   ,-,-,0
Y58,RVJ,NORTH BRISTOL NHS TRUST,X04,Other - Paediatric Services,42,42,100.00%,4.3,8.9,0
Y58,RVJ,NORTH BRISTOL NHS TRUST,X05,Other - Surgical Services,"4,549","4,016",88.30%,4.8,22.8,42
Y58,RVJ,NORTH BRISTOL NHS TRUST,X06,Other - Other Services,58,52,89.70%,6.4,18.5,0
Y59,R1C,SOLENT NHS TRUST,C_100,General Surgery Service, -   , -   , -   ,-,-,0
Y59,R1C,SOLENT NHS TRUST,C_101,Urology Service, -   , -   , -   ,-,-,0
Y59,R1C,SOLENT NHS TRUST,C_110,Trauma and Orthopaedic Service, -   , -   , -   ,-,-,0
Y59,R1C,SOLENT NHS TRUST,C_120,Ear Nose and Throat Service, -   , -   , -   ,-,-,0
Y59,R1C,SOLENT NHS TRUST,C_130,Ophthalmology Service, -   , -   , -   ,-,-,0
Y59,R1C,SOLENT NHS TRUST,C_140,Oral Surgery Service, -   , -   , -   ,-,-,0
Y59,R1C,SOLENT NHS TRUST,C_150,Neurosurgical Service, -   , -   , -   ,-,-,0
Y59,R1C,SOLENT NHS TRUST,C_160,Plastic Surgery Service, -   , -   , -   ,-,-,0
Y59,R1C,SOLENT NHS TRUST,C_170,Cardiothoracic Surgery Service, -   , -   , -   ,-,-,0
Y59,R1C,SOLENT NHS TRUST,C_300,General Internal Medicine Service, -   , -   , -   ,-,-,0
Y59,R1C,SOLENT NHS TRUST,C_301,Gastroenterology Service, -   , -   , -   ,-,-,0
Y59,R1C,SOLENT NHS TRUST,C_320,Cardiology Service, -   , -   , -   ,-,-,0
Y59,R1C,SOLENT NHS TRUST,C_330,Dermatology Service, -   , -   , -   ,-,-,0
Y59,R1C,SOLENT NHS TRUST,C_340,Respiratory Medicine Service, -   , -   , -   ,-,-,0
Y59,R1C,SOLENT NHS TRUST,C_400,Neurology Service, -   , -   , -   ,-,-,0
Y59,R1C,SOLENT NHS TRUST,C_410,Rheumatology Service,7,6,85.70%,-,-,0
Y59,R1C,SOLENT NHS TRUST,C_430,Elderly Medicine Service, -   , -   , -   ,-,-,0
Y59,R1C,SOLENT NHS TRUST,C_502,Gynaecology Service, -   , -   , -   ,-,-,0
Y59,R1C,SOLENT NHS TRUST,X02,Other - Medical Services,100,100,100.00%,4.9,11.7,0
Y59,R1C,SOLENT NHS TRUST,X03,Other - Mental Health Services,335,329,98.20%,5.6,12.2,0
Y59,R1C,SOLENT NHS TRUST,X04,Other - Paediatric Services,337,313,92.90%,6.9,16.8,0
Y59,R1C,SOLENT NHS TRUST,X05,Other - Surgical Services, -   , -   , -   ,-,-,0
Y59,R1C,SOLENT NHS TRUST,X06,Other - Other Services,73,71,97.30%,6,12.7,0
Y59,R1F,ISLE OF WIGHT NHS TRUST,C_100,General Surgery Service,882,436,49.40%,19,59.7,88
Y59,R1F,ISLE OF WIGHT NHS TRUST,C_101,Urology Service,762,422,55.40%,13.5,63.6,102
Y59,R1F,ISLE OF WIGHT NHS TRUST,C_110,Trauma and Orthopaedic Service,"1,509",653,43.30%,21.5,66.5,259
Y59,R1F,ISLE OF WIGHT NHS TRUST,C_120,Ear Nose and Throat Service,377,343,91.00%,5,19.6,0
Y59,R1F,ISLE OF WIGHT NHS TRUST,C_130,Ophthalmology Service,"2,261",928,41.00%,23.1,63,383
Y59,R1F,ISLE OF WIGHT NHS TRUST,C_140,Oral Surgery Service,429,306,71.30%,8.9,30.7,5
Y59,R1F,ISLE OF WIGHT NHS TRUST,C_150,Neurosurgical Service, -   , -   , -   ,-,-,0
Y59,R1F,ISLE OF WIGHT NHS TRUST,C_160,Plastic Surgery Service, -   , -   , -   ,-,-,0
Y59,R1F,ISLE OF WIGHT NHS TRUST,C_170,Cardiothoracic Surgery Service, -   , -   , -   ,-,-,0
Y59,R1F,ISLE OF WIGHT NHS TRUST,C_300,General Internal Medicine Service,8,8,100.00%,-,-,0
Y59,R1F,ISLE OF WIGHT NHS TRUST,C_301,Gastroenterology Service,400,269,67.30%,12.8,36.5,13
Y59,R1F,ISLE OF WIGHT NHS TRUST,C_320,Cardiology Service,291,198,68.00%,10.3,34.7,12
Y59,R1F,ISLE OF WIGHT NHS TRUST,C_330,Dermatology Service,388,387,99.70%,3.4,8,0
Y59,R1F,ISLE OF WIGHT NHS TRUST,C_340,Respiratory Medicine Service,170,118,69.40%,13.2,28.3,0
Y59,R1F,ISLE OF WIGHT NHS TRUST,C_400,Neurology Service, -   , -   , -   ,-,-,0
Y59,R1F,ISLE OF WIGHT NHS TRUST,C_410,Rheumatology Service,236,213,90.30%,7.5,18.8,0
Y59,R1F,ISLE OF WIGHT NHS TRUST,C_430,Elderly Medicine Service,18,18,100.00%,-,-,0
Y59,R1F,ISLE OF WIGHT NHS TRUST,C_502,Gynaecology Service,652,341,52.30%,16.2,58.2,61
Y59,R1F,ISLE OF WIGHT NHS TRUST,X02,Other - Medical Services,639,497,77.80%,7.4,28.3,5
Y59,R1F,ISLE OF WIGHT NHS TRUST,X03,Other - Mental Health Services,263,147,55.90%,14.9,38.5,7
Y59,R1F,ISLE OF WIGHT NHS TRUST,X04,Other - Paediatric Services, -   , -   , -   ,-,-,0
Y59,R1F,ISLE OF WIGHT NHS TRUST,X05,Other - Surgical Services,777,466,60.00%,12.2,41.8,40
Y59,R1F,ISLE OF WIGHT NHS TRUST,X06,Other - Other Services,34,26,76.50%,4.9,44.3,1
Y59,RA2,ROYAL SURREY COUNTY HOSPITAL NHS FOUNDATION TRUST,C_100,General Surgery Service,"2,169","1,537",70.90%,7.8,39.1,66
Y59,RA2,ROYAL SURREY COUNTY HOSPITAL NHS FOUNDATION TRUST,C_101,Urology Service,942,688,73.00%,6.4,35.8,21
Y59,RA2,ROYAL SURREY COUNTY HOSPITAL NHS FOUNDATION TRUST,C_110,Trauma and Orthopaedic Service,"3,495","2,242",64.10%,9.7,42.5,175
Y59,RA2,ROYAL SURREY COUNTY HOSPITAL NHS FOUNDATION TRUST,C_120,Ear Nose and Throat Service,"1,945","1,350",69.40%,9.7,41.6,94
Y59,RA2,ROYAL SURREY COUNTY HOSPITAL NHS FOUNDATION TRUST,C_130,Ophthalmology Service,"2,222","1,360",61.20%,12.7,40.4,132
Y59,RA2,ROYAL SURREY COUNTY HOSPITAL NHS FOUNDATION TRUST,C_140,Oral Surgery Service,"1,955","1,356",69.40%,9.2,40,104
Y59,RA2,ROYAL SURREY COUNTY HOSPITAL NHS FOUNDATION TRUST,C_150,Neurosurgical Service, -   , -   , -   ,-,-,0
Y59,RA2,ROYAL SURREY COUNTY HOSPITAL NHS FOUNDATION TRUST,C_160,Plastic Surgery Service,149,123,82.60%,6.2,24.7,0
Y59,RA2,ROYAL SURREY COUNTY HOSPITAL NHS FOUNDATION TRUST,C_170,Cardiothoracic Surgery Service,5,5,100.00%,-,-,0
Y59,RA2,ROYAL SURREY COUNTY HOSPITAL NHS FOUNDATION TRUST,C_300,General Internal Medicine Service,2,2,100.00%,-,-,0
Y59,RA2,ROYAL SURREY COUNTY HOSPITAL NHS FOUNDATION TRUST,C_301,Gastroenterology Service,756,672,88.90%,6.4,20.9,1
Y59,RA2,ROYAL SURREY COUNTY HOSPITAL NHS FOUNDATION TRUST,C_320,Cardiology Service,630,578,91.70%,5.7,18.3,0
Y59,RA2,ROYAL SURREY COUNTY HOSPITAL NHS FOUNDATION TRUST,C_330,Dermatology Service, -   , -   , -   ,-,-,0
Y59,RA2,ROYAL SURREY COUNTY HOSPITAL NHS FOUNDATION TRUST,C_340,Respiratory Medicine Service,757,671,88.60%,8.4,20.2,0
Y59,RA2,ROYAL SURREY COUNTY HOSPITAL NHS FOUNDATION TRUST,C_400,Neurology Service,372,355,95.40%,4.2,14.7,0
Y59,RA2,ROYAL SURREY COUNTY HOSPITAL NHS FOUNDATION TRUST,C_410,Rheumatology Service,327,260,79.50%,9.3,29.2,1
Y59,RA2,ROYAL SURREY COUNTY HOSPITAL NHS FOUNDATION TRUST,C_430,Elderly Medicine Service,16,16,100.00%,-,-,0
Y59,RA2,ROYAL SURREY COUNTY HOSPITAL NHS FOUNDATION TRUST,C_502,Gynaecology Service,"1,323",979,74.00%,8.4,33.7,33
Y59,RA2,ROYAL SURREY COUNTY HOSPITAL NHS FOUNDATION TRUST,X02,Other - Medical Services,"2,610","2,123",81.30%,6.6,29.4,11
Y59,RA2,ROYAL SURREY COUNTY HOSPITAL NHS FOUNDATION TRUST,X03,Other - Mental Health Services,5,5,100.00%,-,-,0
Y59,RA2,ROYAL SURREY COUNTY HOSPITAL NHS FOUNDATION TRUST,X04,Other - Paediatric Services,443,358,80.80%,7.6,23.8,0
Y59,RA2,ROYAL SURREY COUNTY HOSPITAL NHS FOUNDATION TRUST,X05,Other - Surgical Services,552,507,91.80%,2.9,18.2,5
Y59,RA2,ROYAL SURREY COUNTY HOSPITAL NHS FOUNDATION TRUST,X06,Other - Other Services,578,553,95.70%,4.9,12.3,2
Y59,RDR,SUSSEX COMMUNITY NHS FOUNDATION TRUST,C_100,General Surgery Service, -   , -   , -   ,-,-,0
Y59,RDR,SUSSEX COMMUNITY NHS FOUNDATION TRUST,C_101,Urology Service, -   , -   , -   ,-,-,0
Y59,RDR,SUSSEX COMMUNITY NHS FOUNDATION TRUST,C_110,Trauma and Orthopaedic Service,"3,038","2,756",90.70%,5.8,19,0
Y59,RDR,SUSSEX COMMUNITY NHS FOUNDATION TRUST,C_120,Ear Nose and Throat Service, -   , -   , -   ,-,-,0
Y59,RDR,SUSSEX COMMUNITY NHS FOUNDATION TRUST,C_130,Ophthalmology Service, -   , -   , -   ,-,-,0
Y59,RDR,SUSSEX COMMUNITY NHS FOUNDATION TRUST,C_140,Oral Surgery Service, -   , -   , -   ,-,-,0
Y59,RDR,SUSSEX COMMUNITY NHS FOUNDATION TRUST,C_150,Neurosurgical Service, -   , -   , -   ,-,-,0
Y59,RDR,SUSSEX COMMUNITY NHS FOUNDATION TRUST,C_160,Plastic Surgery Service, -   , -   , -   ,-,-,0
Y59,RDR,SUSSEX COMMUNITY NHS FOUNDATION TRUST,C_170,Cardiothoracic Surgery Service, -   , -   , -   ,-,-,0
Y59,RDR,SUSSEX COMMUNITY NHS FOUNDATION TRUST,C_300,General Internal Medicine Service,207,199,96.10%,5.5,14.5,0
Y59,RDR,SUSSEX COMMUNITY NHS FOUNDATION TRUST,C_301,Gastroenterology Service, -   , -   , -   ,-,-,0
Y59,RDR,SUSSEX COMMUNITY NHS FOUNDATION TRUST,C_320,Cardiology Service, -   , -   , -   ,-,-,0
Y59,RDR,SUSSEX COMMUNITY NHS FOUNDATION TRUST,C_330,Dermatology Service, -   , -   , -   ,-,-,0
Y59,RDR,SUSSEX COMMUNITY NHS FOUNDATION TRUST,C_340,Respiratory Medicine Service, -   , -   , -   ,-,-,0
Y59,RDR,SUSSEX COMMUNITY NHS FOUNDATION TRUST,C_400,Neurology Service, -   , -   , -   ,-,-,0
Y59,RDR,SUSSEX COMMUNITY NHS FOUNDATION TRUST,C_410,Rheumatology Service,48,47,97.90%,9.1,13.1,0
Y59,RDR,SUSSEX COMMUNITY NHS FOUNDATION TRUST,C_430,Elderly Medicine Service, -   , -   , -   ,-,-,0
Y59,RDR,SUSSEX COMMUNITY NHS FOUNDATION TRUST,C_502,Gynaecology Service, -   , -   , -   ,-,-,0
Y59,RDR,SUSSEX COMMUNITY NHS FOUNDATION TRUST,X02,Other - Medical Services,19,19,100.00%,-,-,0
Y59,RDR,SUSSEX COMMUNITY NHS FOUNDATION TRUST,X03,Other - Mental Health Services, -   , -   , -   ,-,-,0
Y59,RDR,SUSSEX COMMUNITY NHS FOUNDATION TRUST,X04,Other - Paediatric Services,514,500,97.30%,5.9,14.4,0
Y59,RDR,SUSSEX COMMUNITY NHS FOUNDATION TRUST,X05,Other - Surgical Services,363,226,62.30%,13.6,28,1
Y59,RDR,SUSSEX COMMUNITY NHS FOUNDATION TRUST,X06,Other - Other Services, -   , -   , -   ,-,-,0
Y59,RDU,FRIMLEY HEALTH NHS FOUNDATION TRUST,C_100,General Surgery Service,"2,818","1,713",60.80%,12.1,42.7,125
Y59,RDU,FRIMLEY HEALTH NHS FOUNDATION TRUST,C_101,Urology Service,"3,094","2,088",67.50%,9.6,43,173
Y59,RDU,FRIMLEY HEALTH NHS FOUNDATION TRUST,C_110,Trauma and Orthopaedic Service,"8,567","4,476",52.20%,15.4,44.3,493
Y59,RDU,FRIMLEY HEALTH NHS FOUNDATION TRUST,C_120,Ear Nose and Throat Service,"3,673","2,559",69.70%,10.7,31.6,111
Y59,RDU,FRIMLEY HEALTH NHS FOUNDATION TRUST,C_130,Ophthalmology Service,"3,397","2,153",63.40%,12.1,30.1,42
Y59,RDU,FRIMLEY HEALTH NHS FOUNDATION TRUST,C_140,Oral Surgery Service,807,598,74.10%,8.4,51.2,63
Y59,RDU,FRIMLEY HEALTH NHS FOUNDATION TRUST,C_150,Neurosurgical Service, -   , -   , -   ,-,-,0
Y59,RDU,FRIMLEY HEALTH NHS FOUNDATION TRUST,C_160,Plastic Surgery Service,904,545,60.30%,13.1,35,23
Y59,RDU,FRIMLEY HEALTH NHS FOUNDATION TRUST,C_170,Cardiothoracic Surgery Service, -   , -   , -   ,-,-,0
Y59,RDU,FRIMLEY HEALTH NHS FOUNDATION TRUST,C_300,General Internal Medicine Service,38,36,94.70%,3.8,16,0
Y59,RDU,FRIMLEY HEALTH NHS FOUNDATION TRUST,C_301,Gastroenterology Service,"1,779","1,555",87.40%,6.3,21.5,4
Y59,RDU,FRIMLEY HEALTH NHS FOUNDATION TRUST,C_320,Cardiology Service,"2,485","2,082",83.80%,7.1,23.8,2
Y59,RDU,FRIMLEY HEALTH NHS FOUNDATION TRUST,C_330,Dermatology Service,"2,858","1,542",54.00%,15.3,36.6,9
Y59,RDU,FRIMLEY HEALTH NHS FOUNDATION TRUST,C_340,Respiratory Medicine Service,966,752,77.80%,7.5,25,2
Y59,RDU,FRIMLEY HEALTH NHS FOUNDATION TRUST,C_400,Neurology Service,"1,666",995,59.70%,12.7,31.2,0
Y59,RDU,FRIMLEY HEALTH NHS FOUNDATION TRUST,C_410,Rheumatology Service,729,474,65.00%,9.8,39.3,0
Y59,RDU,FRIMLEY HEALTH NHS FOUNDATION TRUST,C_430,Elderly Medicine Service,124,118,95.20%,6,15.3,0
Y59,RDU,FRIMLEY HEALTH NHS FOUNDATION TRUST,C_502,Gynaecology Service,"3,462","2,505",72.40%,9.6,28.9,37
Y59,RDU,FRIMLEY HEALTH NHS FOUNDATION TRUST,X02,Other - Medical Services,"3,140","2,190",69.70%,9.6,57.7,260
Y59,RDU,FRIMLEY HEALTH NHS FOUNDATION TRUST,X03,Other - Mental Health Services, -   , -   , -   ,-,-,0
Y59,RDU,FRIMLEY HEALTH NHS FOUNDATION TRUST,X04,Other - Paediatric Services,740,420,56.80%,14.2,60.3,69
Y59,RDU,FRIMLEY HEALTH NHS FOUNDATION TRUST,X05,Other - Surgical Services,"3,956","3,010",76.10%,8.9,29.2,64
Y59,RDU,FRIMLEY HEALTH NHS FOUNDATION TRUST,X06,Other - Other Services,710,634,89.30%,9.4,19.4,9
Y59,RHM,UNIVERSITY HOSPITAL SOUTHAMPTON NHS FOUNDATION TRUST,C_100,General Surgery Service,697,443,63.60%,11.8,60.7,73
Y59,RHM,UNIVERSITY HOSPITAL SOUTHAMPTON NHS FOUNDATION TRUST,C_101,Urology Service,"1,754","1,185",67.60%,11.1,47.6,123
Y59,RHM,UNIVERSITY HOSPITAL SOUTHAMPTON NHS FOUNDATION TRUST,C_110,Trauma and Orthopaedic Service,"3,244","1,139",35.10%,27.5,76.2,820
Y59,RHM,UNIVERSITY HOSPITAL SOUTHAMPTON NHS FOUNDATION TRUST,C_120,Ear Nose and Throat Service,"1,651",608,36.80%,25.5,75.9,430
Y59,RHM,UNIVERSITY HOSPITAL SOUTHAMPTON NHS FOUNDATION TRUST,C_130,Ophthalmology Service,"5,979","3,605",60.30%,11.9,55.4,504
Y59,RHM,UNIVERSITY HOSPITAL SOUTHAMPTON NHS FOUNDATION TRUST,C_140,Oral Surgery Service,"1,271",771,60.70%,11.9,66.2,195
Y59,RHM,UNIVERSITY HOSPITAL SOUTHAMPTON NHS FOUNDATION TRUST,C_150,Neurosurgical Service,739,419,56.70%,14.3,60,80
Y59,RHM,UNIVERSITY HOSPITAL SOUTHAMPTON NHS FOUNDATION TRUST,C_160,Plastic Surgery Service, -   , -   , -   ,-,-,0
Y59,RHM,UNIVERSITY HOSPITAL SOUTHAMPTON NHS FOUNDATION TRUST,C_170,Cardiothoracic Surgery Service,557,363,65.20%,9.9,56.6,49
Y59,RHM,UNIVERSITY HOSPITAL SOUTHAMPTON NHS FOUNDATION TRUST,C_300,General Internal Medicine Service,172,72,41.90%,22.2,48.4,7
Y59,RHM,UNIVERSITY HOSPITAL SOUTHAMPTON NHS FOUNDATION TRUST,C_301,Gastroenterology Service,751,652,86.80%,7.6,22.6,3
Y59,RHM,UNIVERSITY HOSPITAL SOUTHAMPTON NHS FOUNDATION TRUST,C_320,Cardiology Service,"1,171",921,78.70%,8.7,27,15
Y59,RHM,UNIVERSITY HOSPITAL SOUTHAMPTON NHS FOUNDATION TRUST,C_330,Dermatology Service,"1,248","1,106",88.60%,6.1,21.6,2
Y59,RHM,UNIVERSITY HOSPITAL SOUTHAMPTON NHS FOUNDATION TRUST,C_340,Respiratory Medicine Service,744,640,86.00%,6.5,23.1,1
Y59,RHM,UNIVERSITY HOSPITAL SOUTHAMPTON NHS FOUNDATION TRUST,C_400,Neurology Service,"2,055","1,764",85.80%,6.4,22.6,21
Y59,RHM,UNIVERSITY HOSPITAL SOUTHAMPTON NHS FOUNDATION TRUST,C_410,Rheumatology Service,599,470,78.50%,7.6,28,6
Y59,RHM,UNIVERSITY HOSPITAL SOUTHAMPTON NHS FOUNDATION TRUST,C_430,Elderly Medicine Service,88,86,97.70%,5,14,0
Y59,RHM,UNIVERSITY HOSPITAL SOUTHAMPTON NHS FOUNDATION TRUST,C_502,Gynaecology Service,"2,721","1,949",71.60%,9,41.2,163
Y59,RHM,UNIVERSITY HOSPITAL SOUTHAMPTON NHS FOUNDATION TRUST,X02,Other - Medical Services,"3,572","2,913",81.60%,8.1,28,51
Y59,RHM,UNIVERSITY HOSPITAL SOUTHAMPTON NHS FOUNDATION TRUST,X03,Other - Mental Health Services,1,1,100.00%,-,-,0
Y59,RHM,UNIVERSITY HOSPITAL SOUTHAMPTON NHS FOUNDATION TRUST,X04,Other - Paediatric Services,"4,923","3,295",66.90%,10.6,46.6,333
Y59,RHM,UNIVERSITY HOSPITAL SOUTHAMPTON NHS FOUNDATION TRUST,X05,Other - Surgical Services,"3,086","2,173",70.40%,8.1,48.4,228
Y59,RHM,UNIVERSITY HOSPITAL SOUTHAMPTON NHS FOUNDATION TRUST,X06,Other - Other Services,584,433,74.10%,10.6,22.7,3
Y59,RHU,PORTSMOUTH HOSPITALS UNIVERSITY NATIONAL HEALTH SERVICE TRUST,C_100,General Surgery Service,"4,707","2,907",61.80%,10.7,53.7,387
Y59,RHU,PORTSMOUTH HOSPITALS UNIVERSITY NATIONAL HEALTH SERVICE TRUST,C_101,Urology Service,"1,672","1,119",66.90%,10.7,40.9,66
Y59,RHU,PORTSMOUTH HOSPITALS UNIVERSITY NATIONAL HEALTH SERVICE TRUST,C_110,Trauma and Orthopaedic Service,"4,985","1,910",38.30%,22.7,61.5,631
Y59,RHU,PORTSMOUTH HOSPITALS UNIVERSITY NATIONAL HEALTH SERVICE TRUST,C_120,Ear Nose and Throat Service,"5,405","3,002",55.50%,14.5,45.3,332
Y59,RHU,PORTSMOUTH HOSPITALS UNIVERSITY NATIONAL HEALTH SERVICE TRUST,C_130,Ophthalmology Service,"5,390","3,149",58.40%,13.2,60.4,606
Y59,RHU,PORTSMOUTH HOSPITALS UNIVERSITY NATIONAL HEALTH SERVICE TRUST,C_140,Oral Surgery Service,"1,901",870,45.80%,21.4,62.9,440
Y59,RHU,PORTSMOUTH HOSPITALS UNIVERSITY NATIONAL HEALTH SERVICE TRUST,C_150,Neurosurgical Service, -   , -   , -   ,-,-,0
Y59,RHU,PORTSMOUTH HOSPITALS UNIVERSITY NATIONAL HEALTH SERVICE TRUST,C_160,Plastic Surgery Service,319,191,59.90%,12.9,41.3,6
Y59,RHU,PORTSMOUTH HOSPITALS UNIVERSITY NATIONAL HEALTH SERVICE TRUST,C_170,Cardiothoracic Surgery Service, -   , -   , -   ,-,-,0
Y59,RHU,PORTSMOUTH HOSPITALS UNIVERSITY NATIONAL HEALTH SERVICE TRUST,C_300,General Internal Medicine Service, -   , -   , -   ,-,-,0
Y59,RHU,PORTSMOUTH HOSPITALS UNIVERSITY NATIONAL HEALTH SERVICE TRUST,C_301,Gastroenterology Service,"2,653","1,976",74.50%,9,30.8,23
Y59,RHU,PORTSMOUTH HOSPITALS UNIVERSITY NATIONAL HEALTH SERVICE TRUST,C_320,Cardiology Service,"1,007",940,93.30%,5.3,15.9,0
Y59,RHU,PORTSMOUTH HOSPITALS UNIVERSITY NATIONAL HEALTH SERVICE TRUST,C_330,Dermatology Service,"1,648","1,389",84.30%,6,24,4
Y59,RHU,PORTSMOUTH HOSPITALS UNIVERSITY NATIONAL HEALTH SERVICE TRUST,C_340,Respiratory Medicine Service,411,403,98.10%,4.2,11.3,0
Y59,RHU,PORTSMOUTH HOSPITALS UNIVERSITY NATIONAL HEALTH SERVICE TRUST,C_400,Neurology Service, -   , -   , -   ,-,-,0
Y59,RHU,PORTSMOUTH HOSPITALS UNIVERSITY NATIONAL HEALTH SERVICE TRUST,C_410,Rheumatology Service,344,344,100.00%,3.1,6.9,0
Y59,RHU,PORTSMOUTH HOSPITALS UNIVERSITY NATIONAL HEALTH SERVICE TRUST,C_430,Elderly Medicine Service,13,13,100.00%,-,-,0
Y59,RHU,PORTSMOUTH HOSPITALS UNIVERSITY NATIONAL HEALTH SERVICE TRUST,C_502,Gynaecology Service,"3,053","2,084",68.30%,8.1,43.1,156
Y59,RHU,PORTSMOUTH HOSPITALS UNIVERSITY NATIONAL HEALTH SERVICE TRUST,X02,Other - Medical Services,"1,478","1,288",87.10%,6.6,21.8,2
Y59,RHU,PORTSMOUTH HOSPITALS UNIVERSITY NATIONAL HEALTH SERVICE TRUST,X03,Other - Mental Health Services, -   , -   , -   ,-,-,0
Y59,RHU,PORTSMOUTH HOSPITALS UNIVERSITY NATIONAL HEALTH SERVICE TRUST,X04,Other - Paediatric Services,427,413,96.70%,3.9,12.2,0
Y59,RHU,PORTSMOUTH HOSPITALS UNIVERSITY NATIONAL HEALTH SERVICE TRUST,X05,Other - Surgical Services,432,335,77.50%,9.7,27.4,5
Y59,RHU,PORTSMOUTH HOSPITALS UNIVERSITY NATIONAL HEALTH SERVICE TRUST,X06,Other - Other Services,"1,300",950,73.10%,9.7,36.5,18
Y59,RHW,ROYAL BERKSHIRE NHS FOUNDATION TRUST,C_100,General Surgery Service,"5,132","2,866",55.80%,15,42.5,303
Y59,RHW,ROYAL BERKSHIRE NHS FOUNDATION TRUST,C_101,Urology Service,"3,552","2,155",60.70%,13.3,35.8,60
Y59,RHW,ROYAL BERKSHIRE NHS FOUNDATION TRUST,C_110,Trauma and Orthopaedic Service,"4,559","2,544",55.80%,14.7,43.1,216
Y59,RHW,ROYAL BERKSHIRE NHS FOUNDATION TRUST,C_120,Ear Nose and Throat Service,"2,577","1,324",51.40%,16.8,63.2,320
Y59,RHW,ROYAL BERKSHIRE NHS FOUNDATION TRUST,C_130,Ophthalmology Service,"5,499","2,529",46.00%,19.7,66,815
Y59,RHW,ROYAL BERKSHIRE NHS FOUNDATION TRUST,C_140,Oral Surgery Service,792,536,67.70%,8.3,36.6,10
Y59,RHW,ROYAL BERKSHIRE NHS FOUNDATION TRUST,C_150,Neurosurgical Service, -   , -   , -   ,-,-,0
Y59,RHW,ROYAL BERKSHIRE NHS FOUNDATION TRUST,C_160,Plastic Surgery Service,334,178,53.30%,15.8,35.8,6
Y59,RHW,ROYAL BERKSHIRE NHS FOUNDATION TRUST,C_170,Cardiothoracic Surgery Service, -   , -   , -   ,-,-,0
Y59,RHW,ROYAL BERKSHIRE NHS FOUNDATION TRUST,C_300,General Internal Medicine Service,"1,449",950,65.60%,16.3,32.4,18
Y59,RHW,ROYAL BERKSHIRE NHS FOUNDATION TRUST,C_301,Gastroenterology Service,"5,974","3,666",61.40%,13.8,31.5,4
Y59,RHW,ROYAL BERKSHIRE NHS FOUNDATION TRUST,C_320,Cardiology Service,"2,275","2,158",94.90%,6.2,14.6,0
Y59,RHW,ROYAL BERKSHIRE NHS FOUNDATION TRUST,C_330,Dermatology Service,"1,238",863,69.70%,11.6,28.8,0
Y59,RHW,ROYAL BERKSHIRE NHS FOUNDATION TRUST,C_340,Respiratory Medicine Service,899,815,90.70%,5.5,20,0
Y59,RHW,ROYAL BERKSHIRE NHS FOUNDATION TRUST,C_400,Neurology Service,"1,418",831,58.60%,14.8,32,4
Y59,RHW,ROYAL BERKSHIRE NHS FOUNDATION TRUST,C_410,Rheumatology Service,721,413,57.30%,15.3,33.6,0
Y59,RHW,ROYAL BERKSHIRE NHS FOUNDATION TRUST,C_430,Elderly Medicine Service,136,95,69.90%,12.3,25.8,0
Y59,RHW,ROYAL BERKSHIRE NHS FOUNDATION TRUST,C_502,Gynaecology Service,"2,245","1,352",60.20%,14.2,27.6,3
Y59,RHW,ROYAL BERKSHIRE NHS FOUNDATION TRUST,X02,Other - Medical Services,"2,222","1,599",72.00%,9.8,30.2,0
Y59,RHW,ROYAL BERKSHIRE NHS FOUNDATION TRUST,X03,Other - Mental Health Services, -   , -   , -   ,-,-,0
Y59,RHW,ROYAL BERKSHIRE NHS FOUNDATION TRUST,X04,Other - Paediatric Services,"2,060","1,288",62.50%,11.9,35.9,35
Y59,RHW,ROYAL BERKSHIRE NHS FOUNDATION TRUST,X05,Other - Surgical Services,53,30,56.60%,15.5,45.8,3
Y59,RHW,ROYAL BERKSHIRE NHS FOUNDATION TRUST,X06,Other - Other Services,762,647,84.90%,8.1,21.9,0
Y59,RN5,HAMPSHIRE HOSPITALS NHS FOUNDATION TRUST,C_100,General Surgery Service,"2,214","1,268",57.30%,13.9,45.6,122
Y59,RN5,HAMPSHIRE HOSPITALS NHS FOUNDATION TRUST,C_101,Urology Service,"3,786","2,191",57.90%,14.7,56.2,337
Y59,RN5,HAMPSHIRE HOSPITALS NHS FOUNDATION TRUST,C_110,Trauma and Orthopaedic Service,"5,528","2,460",44.50%,20.8,60.5,619
Y59,RN5,HAMPSHIRE HOSPITALS NHS FOUNDATION TRUST,C_120,Ear Nose and Throat Service,"1,901",939,49.40%,18.6,59.9,240
Y59,RN5,HAMPSHIRE HOSPITALS NHS FOUNDATION TRUST,C_130,Ophthalmology Service,"5,343","2,651",49.60%,18.2,61,606
Y59,RN5,HAMPSHIRE HOSPITALS NHS FOUNDATION TRUST,C_140,Oral Surgery Service,"1,582",821,51.90%,16.8,64.7,345
Y59,RN5,HAMPSHIRE HOSPITALS NHS FOUNDATION TRUST,C_150,Neurosurgical Service, -   , -   , -   ,-,-,0
Y59,RN5,HAMPSHIRE HOSPITALS NHS FOUNDATION TRUST,C_160,Plastic Surgery Service, -   , -   , -   ,-,-,0
Y59,RN5,HAMPSHIRE HOSPITALS NHS FOUNDATION TRUST,C_170,Cardiothoracic Surgery Service,4,1,25.00%,-,-,0
Y59,RN5,HAMPSHIRE HOSPITALS NHS FOUNDATION TRUST,C_300,General Internal Medicine Service,79,73,92.40%,4.9,17.7,0
Y59,RN5,HAMPSHIRE HOSPITALS NHS FOUNDATION TRUST,C_301,Gastroenterology Service,"2,589","2,253",87.00%,7.5,23.1,21
Y59,RN5,HAMPSHIRE HOSPITALS NHS FOUNDATION TRUST,C_320,Cardiology Service,"2,011","1,590",79.10%,9.8,24.6,7
Y59,RN5,HAMPSHIRE HOSPITALS NHS FOUNDATION TRUST,C_330,Dermatology Service,"2,717","2,100",77.30%,8.4,28.3,14
Y59,RN5,HAMPSHIRE HOSPITALS NHS FOUNDATION TRUST,C_340,Respiratory Medicine Service,"1,099",895,81.40%,8.4,24.2,4
Y59,RN5,HAMPSHIRE HOSPITALS NHS FOUNDATION TRUST,C_400,Neurology Service,"1,110",727,65.50%,12.9,29,6
Y59,RN5,HAMPSHIRE HOSPITALS NHS FOUNDATION TRUST,C_410,Rheumatology Service,790,710,89.90%,7,22.2,14
Y59,RN5,HAMPSHIRE HOSPITALS NHS FOUNDATION TRUST,C_430,Elderly Medicine Service,127,126,99.20%,5.1,10.7,0
Y59,RN5,HAMPSHIRE HOSPITALS NHS FOUNDATION TRUST,C_502,Gynaecology Service,"3,900","2,793",71.60%,11,34,88
Y59,RN5,HAMPSHIRE HOSPITALS NHS FOUNDATION TRUST,X02,Other - Medical Services,"3,435","2,900",84.40%,7.1,26.8,91
Y59,RN5,HAMPSHIRE HOSPITALS NHS FOUNDATION TRUST,X03,Other - Mental Health Services, -   , -   , -   ,-,-,0
Y59,RN5,HAMPSHIRE HOSPITALS NHS FOUNDATION TRUST,X04,Other - Paediatric Services,818,655,80.10%,7.4,33.5,29
Y59,RN5,HAMPSHIRE HOSPITALS NHS FOUNDATION TRUST,X05,Other - Surgical Services,"2,981","2,280",76.50%,7.8,30.1,73
Y59,RN5,HAMPSHIRE HOSPITALS NHS FOUNDATION TRUST,X06,Other - Other Services,98,90,91.80%,6.5,18.2,0
Y59,RN7,DARTFORD AND GRAVESHAM NHS TRUST,C_100,General Surgery Service,"4,673","3,095",66.20%,9.6,34.8,146
Y59,RN7,DARTFORD AND GRAVESHAM NHS TRUST,C_101,Urology Service,"1,980","1,257",63.50%,10,47.3,142
Y59,RN7,DARTFORD AND GRAVESHAM NHS TRUST,C_110,Trauma and Orthopaedic Service,"3,325","1,617",48.60%,18.7,55,281
Y59,RN7,DARTFORD AND GRAVESHAM NHS TRUST,C_120,Ear Nose and Throat Service, -   , -   , -   ,-,-,0
Y59,RN7,DARTFORD AND GRAVESHAM NHS TRUST,C_130,Ophthalmology Service, -   , -   , -   ,-,-,0
Y59,RN7,DARTFORD AND GRAVESHAM NHS TRUST,C_140,Oral Surgery Service, -   , -   , -   ,-,-,0
Y59,RN7,DARTFORD AND GRAVESHAM NHS TRUST,C_150,Neurosurgical Service, -   , -   , -   ,-,-,0
Y59,RN7,DARTFORD AND GRAVESHAM NHS TRUST,C_160,Plastic Surgery Service, -   , -   , -   ,-,-,0
Y59,RN7,DARTFORD AND GRAVESHAM NHS TRUST,C_170,Cardiothoracic Surgery Service, -   , -   , -   ,-,-,0
Y59,RN7,DARTFORD AND GRAVESHAM NHS TRUST,C_300,General Internal Medicine Service,218,197,90.40%,4,20.6,5
Y59,RN7,DARTFORD AND GRAVESHAM NHS TRUST,C_301,Gastroenterology Service,"1,612","1,197",74.30%,8.7,32.3,24
Y59,RN7,DARTFORD AND GRAVESHAM NHS TRUST,C_320,Cardiology Service,712,576,80.90%,7.5,26.4,4
Y59,RN7,DARTFORD AND GRAVESHAM NHS TRUST,C_330,Dermatology Service, -   , -   , -   ,-,-,0
Y59,RN7,DARTFORD AND GRAVESHAM NHS TRUST,C_340,Respiratory Medicine Service,466,269,57.70%,13.7,37.6,11
Y59,RN7,DARTFORD AND GRAVESHAM NHS TRUST,C_400,Neurology Service,349,300,86.00%,5.5,26.5,4
Y59,RN7,DARTFORD AND GRAVESHAM NHS TRUST,C_410,Rheumatology Service, -   , -   , -   ,-,-,0
Y59,RN7,DARTFORD AND GRAVESHAM NHS TRUST,C_430,Elderly Medicine Service,198,165,83.30%,5,23.7,0
Y59,RN7,DARTFORD AND GRAVESHAM NHS TRUST,C_502,Gynaecology Service,"2,295","1,530",66.70%,8.8,37.7,59
Y59,RN7,DARTFORD AND GRAVESHAM NHS TRUST,X02,Other - Medical Services,221,211,95.50%,3.5,12.7,3
Y59,RN7,DARTFORD AND GRAVESHAM NHS TRUST,X03,Other - Mental Health Services, -   , -   , -   ,-,-,0
Y59,RN7,DARTFORD AND GRAVESHAM NHS TRUST,X04,Other - Paediatric Services,444,423,95.30%,2.6,13.8,0
Y59,RN7,DARTFORD AND GRAVESHAM NHS TRUST,X05,Other - Surgical Services,915,546,59.70%,12.5,38.9,29
Y59,RN7,DARTFORD AND GRAVESHAM NHS TRUST,X06,Other - Other Services,70,34,48.60%,19.5,71.4,15
Y59,RPA,MEDWAY NHS FOUNDATION TRUST,C_100,General Surgery Service,529,249,47.10%,19.4,44.8,17
Y59,RPA,MEDWAY NHS FOUNDATION TRUST,C_101,Urology Service,"1,621","1,094",67.50%,9.2,32.8,1
Y59,RPA,MEDWAY NHS FOUNDATION TRUST,C_110,Trauma and Orthopaedic Service,"1,628",831,51.00%,17,45.4,83
Y59,RPA,MEDWAY NHS FOUNDATION TRUST,C_120,Ear Nose and Throat Service,"3,261","1,261",38.70%,24.2,59.6,334
Y59,RPA,MEDWAY NHS FOUNDATION TRUST,C_130,Ophthalmology Service, -   , -   , -   ,-,-,0
Y59,RPA,MEDWAY NHS FOUNDATION TRUST,C_140,Oral Surgery Service, -   , -   , -   ,-,-,0
Y59,RPA,MEDWAY NHS FOUNDATION TRUST,C_150,Neurosurgical Service, -   , -   , -   ,-,-,0
Y59,RPA,MEDWAY NHS FOUNDATION TRUST,C_160,Plastic Surgery Service, -   , -   , -   ,-,-,0
Y59,RPA,MEDWAY NHS FOUNDATION TRUST,C_170,Cardiothoracic Surgery Service, -   , -   , -   ,-,-,0
Y59,RPA,MEDWAY NHS FOUNDATION TRUST,C_300,General Internal Medicine Service,451,375,83.10%,6.7,25,0
Y59,RPA,MEDWAY NHS FOUNDATION TRUST,C_301,Gastroenterology Service,"2,058","1,208",58.70%,13.3,36.1,1
Y59,RPA,MEDWAY NHS FOUNDATION TRUST,C_320,Cardiology Service,"1,678","1,118",66.60%,11.4,31.6,2
Y59,RPA,MEDWAY NHS FOUNDATION TRUST,C_330,Dermatology Service, -   , -   , -   ,-,-,0
Y59,RPA,MEDWAY NHS FOUNDATION TRUST,C_340,Respiratory Medicine Service,142,128,90.10%,5.1,22.2,0
Y59,RPA,MEDWAY NHS FOUNDATION TRUST,C_400,Neurology Service,390,319,81.80%,9.8,22.3,1
Y59,RPA,MEDWAY NHS FOUNDATION TRUST,C_410,Rheumatology Service,"1,734",993,57.30%,14.1,33.8,1
Y59,RPA,MEDWAY NHS FOUNDATION TRUST,C_430,Elderly Medicine Service,102,77,75.50%,7.9,25.8,0
Y59,RPA,MEDWAY NHS FOUNDATION TRUST,C_502,Gynaecology Service,"2,570","1,683",65.50%,10.6,34.3,23
Y59,RPA,MEDWAY NHS FOUNDATION TRUST,X02,Other - Medical Services,"2,874","2,191",76.20%,8.3,31.5,0
Y59,RPA,MEDWAY NHS FOUNDATION TRUST,X03,Other - Mental Health Services, -   , -   , -   ,-,-,0
Y59,RPA,MEDWAY NHS FOUNDATION TRUST,X04,Other - Paediatric Services,103,103,100.00%,5.5,11.3,0
Y59,RPA,MEDWAY NHS FOUNDATION TRUST,X05,Other - Surgical Services,"3,262","2,422",74.20%,7.1,32.8,37
Y59,RPA,MEDWAY NHS FOUNDATION TRUST,X06,Other - Other Services,610,463,75.90%,10.3,27.2,0
Y59,RPC,QUEEN VICTORIA HOSPITAL NHS FOUNDATION TRUST,C_100,General Surgery Service, -   , -   , -   ,-,-,0
Y59,RPC,QUEEN VICTORIA HOSPITAL NHS FOUNDATION TRUST,C_101,Urology Service, -   , -   , -   ,-,-,0
Y59,RPC,QUEEN VICTORIA HOSPITAL NHS FOUNDATION TRUST,C_110,Trauma and Orthopaedic Service, -   , -   , -   ,-,-,0
Y59,RPC,QUEEN VICTORIA HOSPITAL NHS FOUNDATION TRUST,C_120,Ear Nose and Throat Service,244,232,95.10%,3.3,12.9,0
Y59,RPC,QUEEN VICTORIA HOSPITAL NHS FOUNDATION TRUST,C_130,Ophthalmology Service,"2,361","1,777",75.30%,11.4,37.9,127
Y59,RPC,QUEEN VICTORIA HOSPITAL NHS FOUNDATION TRUST,C_140,Oral Surgery Service,"3,334","2,442",73.20%,8.4,31.7,108
Y59,RPC,QUEEN VICTORIA HOSPITAL NHS FOUNDATION TRUST,C_150,Neurosurgical Service, -   , -   , -   ,-,-,0
Y59,RPC,QUEEN VICTORIA HOSPITAL NHS FOUNDATION TRUST,C_160,Plastic Surgery Service,"3,520","2,078",59.00%,12.3,64.3,469
Y59,RPC,QUEEN VICTORIA HOSPITAL NHS FOUNDATION TRUST,C_170,Cardiothoracic Surgery Service, -   , -   , -   ,-,-,0
Y59,RPC,QUEEN VICTORIA HOSPITAL NHS FOUNDATION TRUST,C_300,General Internal Medicine Service, -   , -   , -   ,-,-,0
Y59,RPC,QUEEN VICTORIA HOSPITAL NHS FOUNDATION TRUST,C_301,Gastroenterology Service, -   , -   , -   ,-,-,0
Y59,RPC,QUEEN VICTORIA HOSPITAL NHS FOUNDATION TRUST,C_320,Cardiology Service,44,37,84.10%,6.8,26.5,0
Y59,RPC,QUEEN VICTORIA HOSPITAL NHS FOUNDATION TRUST,C_330,Dermatology Service, -   , -   , -   ,-,-,0
Y59,RPC,QUEEN VICTORIA HOSPITAL NHS FOUNDATION TRUST,C_340,Respiratory Medicine Service, -   , -   , -   ,-,-,0
Y59,RPC,QUEEN VICTORIA HOSPITAL NHS FOUNDATION TRUST,C_400,Neurology Service, -   , -   , -   ,-,-,0
Y59,RPC,QUEEN VICTORIA HOSPITAL NHS FOUNDATION TRUST,C_410,Rheumatology Service,11,11,100.00%,-,-,0
Y59,RPC,QUEEN VICTORIA HOSPITAL NHS FOUNDATION TRUST,C_430,Elderly Medicine Service, -   , -   , -   ,-,-,0
Y59,RPC,QUEEN VICTORIA HOSPITAL NHS FOUNDATION TRUST,C_502,Gynaecology Service, -   , -   , -   ,-,-,0
Y59,RPC,QUEEN VICTORIA HOSPITAL NHS FOUNDATION TRUST,X02,Other - Medical Services,5,3,60.00%,-,-,0
Y59,RPC,QUEEN VICTORIA HOSPITAL NHS FOUNDATION TRUST,X03,Other - Mental Health Services,2,1,50.00%,-,-,0
Y59,RPC,QUEEN VICTORIA HOSPITAL NHS FOUNDATION TRUST,X04,Other - Paediatric Services,21,21,100.00%,2.5,8.7,0
Y59,RPC,QUEEN VICTORIA HOSPITAL NHS FOUNDATION TRUST,X05,Other - Surgical Services,9,4,44.40%,-,-,2
Y59,RPC,QUEEN VICTORIA HOSPITAL NHS FOUNDATION TRUST,X06,Other - Other Services,"1,021",925,90.60%,6.8,19.4,4
Y59,RTH,OXFORD UNIVERSITY HOSPITALS NHS FOUNDATION TRUST,C_100,General Surgery Service,"1,302","1,125",86.40%,6.1,22.3,3
Y59,RTH,OXFORD UNIVERSITY HOSPITALS NHS FOUNDATION TRUST,C_101,Urology Service,"1,823","1,376",75.50%,7.9,35.7,60
Y59,RTH,OXFORD UNIVERSITY HOSPITALS NHS FOUNDATION TRUST,C_110,Trauma and Orthopaedic Service,"6,481","3,331",51.40%,16.6,47.4,477
Y59,RTH,OXFORD UNIVERSITY HOSPITALS NHS FOUNDATION TRUST,C_120,Ear Nose and Throat Service,"2,453",724,29.50%,64,82.2,"1,563"
Y59,RTH,OXFORD UNIVERSITY HOSPITALS NHS FOUNDATION TRUST,C_130,Ophthalmology Service,"2,769","1,797",64.90%,10,62.6,334
Y59,RTH,OXFORD UNIVERSITY HOSPITALS NHS FOUNDATION TRUST,C_140,Oral Surgery Service,"1,187",454,38.20%,32.4,78.7,512
Y59,RTH,OXFORD UNIVERSITY HOSPITALS NHS FOUNDATION TRUST,C_150,Neurosurgical Service,710,444,62.50%,10.5,65,96
Y59,RTH,OXFORD UNIVERSITY HOSPITALS NHS FOUNDATION TRUST,C_160,Plastic Surgery Service,"1,500",817,54.50%,15.5,65.2,192
Y59,RTH,OXFORD UNIVERSITY HOSPITALS NHS FOUNDATION TRUST,C_170,Cardiothoracic Surgery Service,152,130,85.50%,6.1,23.8,0
Y59,RTH,OXFORD UNIVERSITY HOSPITALS NHS FOUNDATION TRUST,C_300,General Internal Medicine Service,42,36,85.70%,4.8,22.6,0
Y59,RTH,OXFORD UNIVERSITY HOSPITALS NHS FOUNDATION TRUST,C_301,Gastroenterology Service,"2,755","2,292",83.20%,6,24.5,3
Y59,RTH,OXFORD UNIVERSITY HOSPITALS NHS FOUNDATION TRUST,C_320,Cardiology Service,"1,719","1,523",88.60%,5.4,21.6,0
Y59,RTH,OXFORD UNIVERSITY HOSPITALS NHS FOUNDATION TRUST,C_330,Dermatology Service,"1,933","1,678",86.80%,5.6,22.8,2
Y59,RTH,OXFORD UNIVERSITY HOSPITALS NHS FOUNDATION TRUST,C_340,Respiratory Medicine Service,775,742,95.70%,5.2,14.4,0
Y59,RTH,OXFORD UNIVERSITY HOSPITALS NHS FOUNDATION TRUST,C_400,Neurology Service,"1,361","1,265",92.90%,4.9,16.4,2
Y59,RTH,OXFORD UNIVERSITY HOSPITALS NHS FOUNDATION TRUST,C_410,Rheumatology Service,"1,407",967,68.70%,12.4,26.6,6
Y59,RTH,OXFORD UNIVERSITY HOSPITALS NHS FOUNDATION TRUST,C_430,Elderly Medicine Service,144,133,92.40%,3.3,16.5,0
Y59,RTH,OXFORD UNIVERSITY HOSPITALS NHS FOUNDATION TRUST,C_502,Gynaecology Service,"2,644","1,939",73.30%,8.3,37.1,92
Y59,RTH,OXFORD UNIVERSITY HOSPITALS NHS FOUNDATION TRUST,X02,Other - Medical Services,"5,331","4,823",90.50%,5.8,19.9,24
Y59,RTH,OXFORD UNIVERSITY HOSPITALS NHS FOUNDATION TRUST,X03,Other - Mental Health Services,21,21,100.00%,1.7,13.3,0
Y59,RTH,OXFORD UNIVERSITY HOSPITALS NHS FOUNDATION TRUST,X04,Other - Paediatric Services,"4,390","2,901",66.10%,10.2,68.3,687
Y59,RTH,OXFORD UNIVERSITY HOSPITALS NHS FOUNDATION TRUST,X05,Other - Surgical Services,"2,981","2,408",80.80%,6.2,28.5,79
Y59,RTH,OXFORD UNIVERSITY HOSPITALS NHS FOUNDATION TRUST,X06,Other - Other Services,"1,494","1,026",68.70%,10.3,31.9,31
Y59,RTK,ASHFORD AND ST PETER'S HOSPITALS NHS FOUNDATION TRUST,C_100,General Surgery Service,312,271,86.90%,5.4,24.6,3
Y59,RTK,ASHFORD AND ST PETER'S HOSPITALS NHS FOUNDATION TRUST,C_101,Urology Service,977,781,79.90%,6.4,31.8,30
Y59,RTK,ASHFORD AND ST PETER'S HOSPITALS NHS FOUNDATION TRUST,C_110,Trauma and Orthopaedic Service,"3,980","3,234",81.30%,6.5,29.2,1
Y59,RTK,ASHFORD AND ST PETER'S HOSPITALS NHS FOUNDATION TRUST,C_120,Ear Nose and Throat Service,"2,538","1,834",72.30%,10.1,28.2,33
Y59,RTK,ASHFORD AND ST PETER'S HOSPITALS NHS FOUNDATION TRUST,C_130,Ophthalmology Service,"2,929","2,184",74.60%,8.5,26,0
Y59,RTK,ASHFORD AND ST PETER'S HOSPITALS NHS FOUNDATION TRUST,C_140,Oral Surgery Service,"2,359","1,564",66.30%,12.1,30.2,18
Y59,RTK,ASHFORD AND ST PETER'S HOSPITALS NHS FOUNDATION TRUST,C_150,Neurosurgical Service, -   , -   , -   ,-,-,0
Y59,RTK,ASHFORD AND ST PETER'S HOSPITALS NHS FOUNDATION TRUST,C_160,Plastic Surgery Service,1,1,100.00%,-,-,0
Y59,RTK,ASHFORD AND ST PETER'S HOSPITALS NHS FOUNDATION TRUST,C_170,Cardiothoracic Surgery Service, -   , -   , -   ,-,-,0
Y59,RTK,ASHFORD AND ST PETER'S HOSPITALS NHS FOUNDATION TRUST,C_300,General Internal Medicine Service,82,79,96.30%,3.5,12.7,0
Y59,RTK,ASHFORD AND ST PETER'S HOSPITALS NHS FOUNDATION TRUST,C_301,Gastroenterology Service,"1,876","1,286",68.60%,11.5,34.4,44
Y59,RTK,ASHFORD AND ST PETER'S HOSPITALS NHS FOUNDATION TRUST,C_320,Cardiology Service,"1,640","1,373",83.70%,5.8,26,4
Y59,RTK,ASHFORD AND ST PETER'S HOSPITALS NHS FOUNDATION TRUST,C_330,Dermatology Service,"1,899","1,786",94.00%,5,16.5,0
Y59,RTK,ASHFORD AND ST PETER'S HOSPITALS NHS FOUNDATION TRUST,C_340,Respiratory Medicine Service,935,823,88.00%,7.5,20.5,2
Y59,RTK,ASHFORD AND ST PETER'S HOSPITALS NHS FOUNDATION TRUST,C_400,Neurology Service,882,742,84.10%,6.4,23.8,0
Y59,RTK,ASHFORD AND ST PETER'S HOSPITALS NHS FOUNDATION TRUST,C_410,Rheumatology Service,297,285,96.00%,6.3,15.5,0
Y59,RTK,ASHFORD AND ST PETER'S HOSPITALS NHS FOUNDATION TRUST,C_430,Elderly Medicine Service,30,30,100.00%,1.9,8.6,0
Y59,RTK,ASHFORD AND ST PETER'S HOSPITALS NHS FOUNDATION TRUST,C_502,Gynaecology Service,"2,059","1,656",80.40%,7.4,27.3,23
Y59,RTK,ASHFORD AND ST PETER'S HOSPITALS NHS FOUNDATION TRUST,X02,Other - Medical Services,"1,998","1,846",92.40%,5.5,17.1,1
Y59,RTK,ASHFORD AND ST PETER'S HOSPITALS NHS FOUNDATION TRUST,X03,Other - Mental Health Services, -   , -   , -   ,-,-,0
Y59,RTK,ASHFORD AND ST PETER'S HOSPITALS NHS FOUNDATION TRUST,X04,Other - Paediatric Services, -   , -   , -   ,-,-,0
Y59,RTK,ASHFORD AND ST PETER'S HOSPITALS NHS FOUNDATION TRUST,X05,Other - Surgical Services,"4,156","3,056",73.50%,9.3,32.6,115
Y59,RTK,ASHFORD AND ST PETER'S HOSPITALS NHS FOUNDATION TRUST,X06,Other - Other Services,26,15,57.70%,14.5,32.9,0
Y59,RTP,SURREY AND SUSSEX HEALTHCARE NHS TRUST,C_100,General Surgery Service,"3,889",,,7.5,,43
Y59,RTP,SURREY AND SUSSEX HEALTHCARE NHS TRUST,C_101,Urology Service,"1,541",,,7.6,,36
Y59,RTP,SURREY AND SUSSEX HEALTHCARE NHS TRUST,C_110,Trauma and Orthopaedic Service,764,,,11.6,,28
Y59,RTP,SURREY AND SUSSEX HEALTHCARE NHS TRUST,C_120,Ear Nose and Throat Service,"3,379",,,7.8,,41
Y59,RTP,SURREY AND SUSSEX HEALTHCARE NHS TRUST,C_130,Ophthalmology Service,"3,304",,,11.9,,60
Y59,RTP,SURREY AND SUSSEX HEALTHCARE NHS TRUST,C_140,Oral Surgery Service,"1,291",,,11,,54
Y59,RTP,SURREY AND SUSSEX HEALTHCARE NHS TRUST,C_150,Neurosurgical Service, -   ,,,-,,0
Y59,RTP,SURREY AND SUSSEX HEALTHCARE NHS TRUST,C_160,Plastic Surgery Service, -   ,,,-,,0
Y59,RTP,SURREY AND SUSSEX HEALTHCARE NHS TRUST,C_170,Cardiothoracic Surgery Service, -   ,,,-,,0
Y59,RTP,SURREY AND SUSSEX HEALTHCARE NHS TRUST,C_300,General Internal Medicine Service,4,,,-,,0
Y59,RTP,SURREY AND SUSSEX HEALTHCARE NHS TRUST,C_301,Gastroenterology Service,"2,431",,,8.8,,33
Y59,RTP,SURREY AND SUSSEX HEALTHCARE NHS TRUST,C_320,Cardiology Service,"1,356",,,6.8,,3
Y59,RTP,SURREY AND SUSSEX HEALTHCARE NHS TRUST,C_330,Dermatology Service,957,,,4.5,,1
Y59,RTP,SURREY AND SUSSEX HEALTHCARE NHS TRUST,C_340,Respiratory Medicine Service,889,,,14.9,,1
Y59,RTP,SURREY AND SUSSEX HEALTHCARE NHS TRUST,C_400,Neurology Service,843,,,10,,12
Y59,RTP,SURREY AND SUSSEX HEALTHCARE NHS TRUST,C_410,Rheumatology Service,222,,,4.4,,2
Y59,RTP,SURREY AND SUSSEX HEALTHCARE NHS TRUST,C_430,Elderly Medicine Service,79,,,3.7,,0
Y59,RTP,SURREY AND SUSSEX HEALTHCARE NHS TRUST,C_502,Gynaecology Service,"1,954",,,9,,21
Y59,RTP,SURREY AND SUSSEX HEALTHCARE NHS TRUST,X02,Other - Medical Services,"1,529",,,10.7,,18
Y59,RTP,SURREY AND SUSSEX HEALTHCARE NHS TRUST,X03,Other - Mental Health Services, -   ,,,-,,0
Y59,RTP,SURREY AND SUSSEX HEALTHCARE NHS TRUST,X04,Other - Paediatric Services,"1,322",,,6.6,,57
Y59,RTP,SURREY AND SUSSEX HEALTHCARE NHS TRUST,X05,Other - Surgical Services,476,,,7,,4
Y59,RTP,SURREY AND SUSSEX HEALTHCARE NHS TRUST,X06,Other - Other Services,148,,,12.6,,12
Y59,RVV,EAST KENT HOSPITALS UNIVERSITY NHS FOUNDATION TRUST,C_100,General Surgery Service,"8,097","4,498",55.60%,13.9,61.6,878
Y59,RVV,EAST KENT HOSPITALS UNIVERSITY NHS FOUNDATION TRUST,C_101,Urology Service,"2,664","1,734",65.10%,10.4,45.8,162
Y59,RVV,EAST KENT HOSPITALS UNIVERSITY NHS FOUNDATION TRUST,C_110,Trauma and Orthopaedic Service,"7,372","2,613",35.40%,26.4,69.1,"1,593"
Y59,RVV,EAST KENT HOSPITALS UNIVERSITY NHS FOUNDATION TRUST,C_120,Ear Nose and Throat Service,"6,616","2,929",44.30%,20.6,68.6,"1,116"
Y59,RVV,EAST KENT HOSPITALS UNIVERSITY NHS FOUNDATION TRUST,C_130,Ophthalmology Service,"4,211","2,729",64.80%,10.7,36.8,195
Y59,RVV,EAST KENT HOSPITALS UNIVERSITY NHS FOUNDATION TRUST,C_140,Oral Surgery Service,"2,732","1,886",69.00%,10.2,33.4,109
Y59,RVV,EAST KENT HOSPITALS UNIVERSITY NHS FOUNDATION TRUST,C_150,Neurosurgical Service, -   , -   , -   ,-,-,0
Y59,RVV,EAST KENT HOSPITALS UNIVERSITY NHS FOUNDATION TRUST,C_160,Plastic Surgery Service, -   , -   , -   ,-,-,0
Y59,RVV,EAST KENT HOSPITALS UNIVERSITY NHS FOUNDATION TRUST,C_170,Cardiothoracic Surgery Service,9,9,100.00%,-,-,0
Y59,RVV,EAST KENT HOSPITALS UNIVERSITY NHS FOUNDATION TRUST,C_300,General Internal Medicine Service,7,3,42.90%,-,-,1
Y59,RVV,EAST KENT HOSPITALS UNIVERSITY NHS FOUNDATION TRUST,C_301,Gastroenterology Service,"4,083","2,735",67.00%,11.4,33.4,34
Y59,RVV,EAST KENT HOSPITALS UNIVERSITY NHS FOUNDATION TRUST,C_320,Cardiology Service,"1,120",979,87.40%,6.4,21.5,0
Y59,RVV,EAST KENT HOSPITALS UNIVERSITY NHS FOUNDATION TRUST,C_330,Dermatology Service,"4,171","2,818",67.60%,10.1,38.1,85
Y59,RVV,EAST KENT HOSPITALS UNIVERSITY NHS FOUNDATION TRUST,C_340,Respiratory Medicine Service,"1,123",955,85.00%,7.6,22.3,0
Y59,RVV,EAST KENT HOSPITALS UNIVERSITY NHS FOUNDATION TRUST,C_400,Neurology Service,"1,584","1,225",77.30%,9.8,22.3,0
Y59,RVV,EAST KENT HOSPITALS UNIVERSITY NHS FOUNDATION TRUST,C_410,Rheumatology Service,962,827,86.00%,7.1,21.9,0
Y59,RVV,EAST KENT HOSPITALS UNIVERSITY NHS FOUNDATION TRUST,C_430,Elderly Medicine Service,451,256,56.80%,14.5,29.4,0
Y59,RVV,EAST KENT HOSPITALS UNIVERSITY NHS FOUNDATION TRUST,C_502,Gynaecology Service,"4,635","2,767",59.70%,12,65.3,604
Y59,RVV,EAST KENT HOSPITALS UNIVERSITY NHS FOUNDATION TRUST,X02,Other - Medical Services,979,924,94.40%,4.1,15.8,5
Y59,RVV,EAST KENT HOSPITALS UNIVERSITY NHS FOUNDATION TRUST,X03,Other - Mental Health Services, -   , -   , -   ,-,-,0
Y59,RVV,EAST KENT HOSPITALS UNIVERSITY NHS FOUNDATION TRUST,X04,Other - Paediatric Services,"1,170","1,075",91.90%,5.5,18.1,0
Y59,RVV,EAST KENT HOSPITALS UNIVERSITY NHS FOUNDATION TRUST,X05,Other - Surgical Services,"1,864","1,190",63.80%,10.9,50.9,147
Y59,RVV,EAST KENT HOSPITALS UNIVERSITY NHS FOUNDATION TRUST,X06,Other - Other Services,50,44,88.00%,10.4,22.7,1
Y59,RW1,SOUTHERN HEALTH NHS FOUNDATION TRUST,C_100,General Surgery Service,1, -   , -   ,-,-,0
Y59,RW1,SOUTHERN HEALTH NHS FOUNDATION TRUST,C_101,Urology Service, -   , -   , -   ,-,-,0
Y59,RW1,SOUTHERN HEALTH NHS FOUNDATION TRUST,C_110,Trauma and Orthopaedic Service,"1,659","1,362",82.10%,6.6,21.3,0
Y59,RW1,SOUTHERN HEALTH NHS FOUNDATION TRUST,C_120,Ear Nose and Throat Service,284,276,97.20%,4.1,11.6,0
Y59,RW1,SOUTHERN HEALTH NHS FOUNDATION TRUST,C_130,Ophthalmology Service, -   , -   , -   ,-,-,0
Y59,RW1,SOUTHERN HEALTH NHS FOUNDATION TRUST,C_140,Oral Surgery Service, -   , -   , -   ,-,-,0
Y59,RW1,SOUTHERN HEALTH NHS FOUNDATION TRUST,C_150,Neurosurgical Service, -   , -   , -   ,-,-,0
Y59,RW1,SOUTHERN HEALTH NHS FOUNDATION TRUST,C_160,Plastic Surgery Service, -   , -   , -   ,-,-,0
Y59,RW1,SOUTHERN HEALTH NHS FOUNDATION TRUST,C_170,Cardiothoracic Surgery Service, -   , -   , -   ,-,-,0
Y59,RW1,SOUTHERN HEALTH NHS FOUNDATION TRUST,C_300,General Internal Medicine Service,76,76,100.00%,2.6,7.8,0
Y59,RW1,SOUTHERN HEALTH NHS FOUNDATION TRUST,C_301,Gastroenterology Service,135,133,98.50%,2.3,8.1,0
Y59,RW1,SOUTHERN HEALTH NHS FOUNDATION TRUST,C_320,Cardiology Service,79,79,100.00%,4.5,10.3,0
Y59,RW1,SOUTHERN HEALTH NHS FOUNDATION TRUST,C_330,Dermatology Service, -   , -   , -   ,-,-,0
Y59,RW1,SOUTHERN HEALTH NHS FOUNDATION TRUST,C_340,Respiratory Medicine Service,41,41,100.00%,4.6,9.9,0
Y59,RW1,SOUTHERN HEALTH NHS FOUNDATION TRUST,C_400,Neurology Service, -   , -   , -   ,-,-,0
Y59,RW1,SOUTHERN HEALTH NHS FOUNDATION TRUST,C_410,Rheumatology Service,81,77,95.10%,5.4,13.5,0
Y59,RW1,SOUTHERN HEALTH NHS FOUNDATION TRUST,C_430,Elderly Medicine Service, -   , -   , -   ,-,-,0
Y59,RW1,SOUTHERN HEALTH NHS FOUNDATION TRUST,C_502,Gynaecology Service, -   , -   , -   ,-,-,0
Y59,RW1,SOUTHERN HEALTH NHS FOUNDATION TRUST,X02,Other - Medical Services,111,111,100.00%,3.3,7.9,0
Y59,RW1,SOUTHERN HEALTH NHS FOUNDATION TRUST,X03,Other - Mental Health Services, -   , -   , -   ,-,-,0
Y59,RW1,SOUTHERN HEALTH NHS FOUNDATION TRUST,X04,Other - Paediatric Services,8,8,100.00%,-,-,0
Y59,RW1,SOUTHERN HEALTH NHS FOUNDATION TRUST,X05,Other - Surgical Services,100,99,99.00%,5.1,11.5,0
Y59,RW1,SOUTHERN HEALTH NHS FOUNDATION TRUST,X06,Other - Other Services, -   , -   , -   ,-,-,0
Y59,RWF,MAIDSTONE AND TUNBRIDGE WELLS NHS TRUST,C_100,General Surgery Service,"3,343","1,653",49.40%,19,34.7,28
Y59,RWF,MAIDSTONE AND TUNBRIDGE WELLS NHS TRUST,C_101,Urology Service,"2,087","1,202",57.60%,13.6,38.3,48
Y59,RWF,MAIDSTONE AND TUNBRIDGE WELLS NHS TRUST,C_110,Trauma and Orthopaedic Service,"3,380","1,572",46.50%,19.5,43.2,153
Y59,RWF,MAIDSTONE AND TUNBRIDGE WELLS NHS TRUST,C_120,Ear Nose and Throat Service,"3,394","1,857",54.70%,15.6,35.1,101
Y59,RWF,MAIDSTONE AND TUNBRIDGE WELLS NHS TRUST,C_130,Ophthalmology Service,"7,090","3,756",53.00%,15.9,32.1,42
Y59,RWF,MAIDSTONE AND TUNBRIDGE WELLS NHS TRUST,C_140,Oral Surgery Service, -   , -   , -   ,-,-,0
Y59,RWF,MAIDSTONE AND TUNBRIDGE WELLS NHS TRUST,C_150,Neurosurgical Service, -   , -   , -   ,-,-,0
Y59,RWF,MAIDSTONE AND TUNBRIDGE WELLS NHS TRUST,C_160,Plastic Surgery Service, -   , -   , -   ,-,-,0
Y59,RWF,MAIDSTONE AND TUNBRIDGE WELLS NHS TRUST,C_170,Cardiothoracic Surgery Service,17,17,100.00%,-,-,0
Y59,RWF,MAIDSTONE AND TUNBRIDGE WELLS NHS TRUST,C_300,General Internal Medicine Service,1,1,100.00%,-,-,0
Y59,RWF,MAIDSTONE AND TUNBRIDGE WELLS NHS TRUST,C_301,Gastroenterology Service,"1,663","1,390",83.60%,8.9,22.7,0
Y59,RWF,MAIDSTONE AND TUNBRIDGE WELLS NHS TRUST,C_320,Cardiology Service,"1,370","1,194",87.20%,7.4,21.2,0
Y59,RWF,MAIDSTONE AND TUNBRIDGE WELLS NHS TRUST,C_330,Dermatology Service, -   , -   , -   ,-,-,0
Y59,RWF,MAIDSTONE AND TUNBRIDGE WELLS NHS TRUST,C_340,Respiratory Medicine Service,718,618,86.10%,8.2,21.5,0
Y59,RWF,MAIDSTONE AND TUNBRIDGE WELLS NHS TRUST,C_400,Neurology Service,925,794,85.80%,8,21.5,0
Y59,RWF,MAIDSTONE AND TUNBRIDGE WELLS NHS TRUST,C_410,Rheumatology Service,637,596,93.60%,6.2,14.9,0
Y59,RWF,MAIDSTONE AND TUNBRIDGE WELLS NHS TRUST,C_430,Elderly Medicine Service,81,81,100.00%,3.7,9.8,0
Y59,RWF,MAIDSTONE AND TUNBRIDGE WELLS NHS TRUST,C_502,Gynaecology Service,"3,347","2,139",63.90%,11.6,30.6,24
Y59,RWF,MAIDSTONE AND TUNBRIDGE WELLS NHS TRUST,X02,Other - Medical Services,"2,674","2,361",88.30%,6.6,20.5,0
Y59,RWF,MAIDSTONE AND TUNBRIDGE WELLS NHS TRUST,X03,Other - Mental Health Services, -   , -   , -   ,-,-,0
Y59,RWF,MAIDSTONE AND TUNBRIDGE WELLS NHS TRUST,X04,Other - Paediatric Services,666,473,71.00%,9.1,32.6,19
Y59,RWF,MAIDSTONE AND TUNBRIDGE WELLS NHS TRUST,X05,Other - Surgical Services,881,747,84.80%,3.9,24.4,8
Y59,RWF,MAIDSTONE AND TUNBRIDGE WELLS NHS TRUST,X06,Other - Other Services, -   , -   , -   ,-,-,0
Y59,RWX,BERKSHIRE HEALTHCARE NHS FOUNDATION TRUST,C_100,General Surgery Service, -   , -   , -   ,-,-,0
Y59,RWX,BERKSHIRE HEALTHCARE NHS FOUNDATION TRUST,C_101,Urology Service, -   , -   , -   ,-,-,0
Y59,RWX,BERKSHIRE HEALTHCARE NHS FOUNDATION TRUST,C_110,Trauma and Orthopaedic Service, -   , -   , -   ,-,-,0
Y59,RWX,BERKSHIRE HEALTHCARE NHS FOUNDATION TRUST,C_120,Ear Nose and Throat Service, -   , -   , -   ,-,-,0
Y59,RWX,BERKSHIRE HEALTHCARE NHS FOUNDATION TRUST,C_130,Ophthalmology Service, -   , -   , -   ,-,-,0
Y59,RWX,BERKSHIRE HEALTHCARE NHS FOUNDATION TRUST,C_140,Oral Surgery Service, -   , -   , -   ,-,-,0
Y59,RWX,BERKSHIRE HEALTHCARE NHS FOUNDATION TRUST,C_150,Neurosurgical Service, -   , -   , -   ,-,-,0
Y59,RWX,BERKSHIRE HEALTHCARE NHS FOUNDATION TRUST,C_160,Plastic Surgery Service, -   , -   , -   ,-,-,0
Y59,RWX,BERKSHIRE HEALTHCARE NHS FOUNDATION TRUST,C_170,Cardiothoracic Surgery Service, -   , -   , -   ,-,-,0
Y59,RWX,BERKSHIRE HEALTHCARE NHS FOUNDATION TRUST,C_300,General Internal Medicine Service, -   , -   , -   ,-,-,0
Y59,RWX,BERKSHIRE HEALTHCARE NHS FOUNDATION TRUST,C_301,Gastroenterology Service, -   , -   , -   ,-,-,0
Y59,RWX,BERKSHIRE HEALTHCARE NHS FOUNDATION TRUST,C_320,Cardiology Service, -   , -   , -   ,-,-,0
Y59,RWX,BERKSHIRE HEALTHCARE NHS FOUNDATION TRUST,C_330,Dermatology Service, -   , -   , -   ,-,-,0
Y59,RWX,BERKSHIRE HEALTHCARE NHS FOUNDATION TRUST,C_340,Respiratory Medicine Service, -   , -   , -   ,-,-,0
Y59,RWX,BERKSHIRE HEALTHCARE NHS FOUNDATION TRUST,C_400,Neurology Service, -   , -   , -   ,-,-,0
Y59,RWX,BERKSHIRE HEALTHCARE NHS FOUNDATION TRUST,C_410,Rheumatology Service, -   , -   , -   ,-,-,0
Y59,RWX,BERKSHIRE HEALTHCARE NHS FOUNDATION TRUST,C_430,Elderly Medicine Service, -   , -   , -   ,-,-,0
Y59,RWX,BERKSHIRE HEALTHCARE NHS FOUNDATION TRUST,C_502,Gynaecology Service, -   , -   , -   ,-,-,0
Y59,RWX,BERKSHIRE HEALTHCARE NHS FOUNDATION TRUST,X02,Other - Medical Services,36,36,100.00%,1.7,9.1,0
Y59,RWX,BERKSHIRE HEALTHCARE NHS FOUNDATION TRUST,X03,Other - Mental Health Services, -   , -   , -   ,-,-,0
Y59,RWX,BERKSHIRE HEALTHCARE NHS FOUNDATION TRUST,X04,Other - Paediatric Services,117,117,100.00%,5.3,11.2,0
Y59,RWX,BERKSHIRE HEALTHCARE NHS FOUNDATION TRUST,X05,Other - Surgical Services, -   , -   , -   ,-,-,0
Y59,RWX,BERKSHIRE HEALTHCARE NHS FOUNDATION TRUST,X06,Other - Other Services, -   , -   , -   ,-,-,0
Y59,RXC,EAST SUSSEX HEALTHCARE NHS TRUST,C_100,General Surgery Service,"3,473","2,601",74.90%,10.3,27.9,3
Y59,RXC,EAST SUSSEX HEALTHCARE NHS TRUST,C_101,Urology Service,"3,043","1,901",62.50%,12.9,30.3,14
Y59,RXC,EAST SUSSEX HEALTHCARE NHS TRUST,C_110,Trauma and Orthopaedic Service,"1,472",944,64.10%,11.6,32.3,2
Y59,RXC,EAST SUSSEX HEALTHCARE NHS TRUST,C_120,Ear Nose and Throat Service,"3,141","2,410",76.70%,8.7,29.8,13
Y59,RXC,EAST SUSSEX HEALTHCARE NHS TRUST,C_130,Ophthalmology Service,"4,590","3,637",79.20%,8.8,25.9,8
Y59,RXC,EAST SUSSEX HEALTHCARE NHS TRUST,C_140,Oral Surgery Service,"1,075",871,81.00%,7.2,24.8,2
Y59,RXC,EAST SUSSEX HEALTHCARE NHS TRUST,C_150,Neurosurgical Service, -   , -   , -   ,-,-,0
Y59,RXC,EAST SUSSEX HEALTHCARE NHS TRUST,C_160,Plastic Surgery Service, -   , -   , -   ,-,-,0
Y59,RXC,EAST SUSSEX HEALTHCARE NHS TRUST,C_170,Cardiothoracic Surgery Service, -   , -   , -   ,-,-,0
Y59,RXC,EAST SUSSEX HEALTHCARE NHS TRUST,C_300,General Internal Medicine Service,8,8,100.00%,-,-,0
Y59,RXC,EAST SUSSEX HEALTHCARE NHS TRUST,C_301,Gastroenterology Service,"2,437","2,108",86.50%,8.3,23.8,1
Y59,RXC,EAST SUSSEX HEALTHCARE NHS TRUST,C_320,Cardiology Service,"1,417","1,130",79.70%,7.8,23.6,1
Y59,RXC,EAST SUSSEX HEALTHCARE NHS TRUST,C_330,Dermatology Service,295,294,99.70%,1.5,6.9,0
Y59,RXC,EAST SUSSEX HEALTHCARE NHS TRUST,C_340,Respiratory Medicine Service,852,803,94.20%,6.5,16.8,0
Y59,RXC,EAST SUSSEX HEALTHCARE NHS TRUST,C_400,Neurology Service,"1,275","1,025",80.40%,10,21.6,0
Y59,RXC,EAST SUSSEX HEALTHCARE NHS TRUST,C_410,Rheumatology Service,515,369,71.70%,10.4,25.7,0
Y59,RXC,EAST SUSSEX HEALTHCARE NHS TRUST,C_430,Elderly Medicine Service,101,101,100.00%,7,14.8,0
Y59,RXC,EAST SUSSEX HEALTHCARE NHS TRUST,C_502,Gynaecology Service, -   , -   , -   ,-,-,0
Y59,RXC,EAST SUSSEX HEALTHCARE NHS TRUST,X02,Other - Medical Services,"4,627","3,407",73.60%,10.4,29.5,10
Y59,RXC,EAST SUSSEX HEALTHCARE NHS TRUST,X03,Other - Mental Health Services, -   , -   , -   ,-,-,0
Y59,RXC,EAST SUSSEX HEALTHCARE NHS TRUST,X04,Other - Paediatric Services,314,163,51.90%,16.4,33.2,0
Y59,RXC,EAST SUSSEX HEALTHCARE NHS TRUST,X05,Other - Surgical Services,"2,140","1,771",82.80%,8.4,21,0
Y59,RXC,EAST SUSSEX HEALTHCARE NHS TRUST,X06,Other - Other Services,421,406,96.40%,6.2,15.1,0
Y59,RXQ,BUCKINGHAMSHIRE HEALTHCARE NHS TRUST,C_100,General Surgery Service,"1,910",962,50.40%,17.8,63.4,294
Y59,RXQ,BUCKINGHAMSHIRE HEALTHCARE NHS TRUST,C_101,Urology Service,"2,362","1,143",48.40%,19,63.6,302
Y59,RXQ,BUCKINGHAMSHIRE HEALTHCARE NHS TRUST,C_110,Trauma and Orthopaedic Service,"4,700","1,515",32.20%,27.8,75.6,"1,236"
Y59,RXQ,BUCKINGHAMSHIRE HEALTHCARE NHS TRUST,C_120,Ear Nose and Throat Service,"3,895","1,474",37.80%,33.1,73.7,"1,371"
Y59,RXQ,BUCKINGHAMSHIRE HEALTHCARE NHS TRUST,C_130,Ophthalmology Service,"5,866","2,796",47.70%,19.9,79,"1,467"
Y59,RXQ,BUCKINGHAMSHIRE HEALTHCARE NHS TRUST,C_140,Oral Surgery Service,"1,084",477,44.00%,19.7,71.6,255
Y59,RXQ,BUCKINGHAMSHIRE HEALTHCARE NHS TRUST,C_150,Neurosurgical Service, -   , -   , -   ,-,-,0
Y59,RXQ,BUCKINGHAMSHIRE HEALTHCARE NHS TRUST,C_160,Plastic Surgery Service,"1,196",500,41.80%,25.1,78.7,365
Y59,RXQ,BUCKINGHAMSHIRE HEALTHCARE NHS TRUST,C_170,Cardiothoracic Surgery Service, -   , -   , -   ,-,-,0
Y59,RXQ,BUCKINGHAMSHIRE HEALTHCARE NHS TRUST,C_300,General Internal Medicine Service, -   , -   , -   ,-,-,0
Y59,RXQ,BUCKINGHAMSHIRE HEALTHCARE NHS TRUST,C_301,Gastroenterology Service,"2,575","1,637",63.60%,10.6,36.4,13
Y59,RXQ,BUCKINGHAMSHIRE HEALTHCARE NHS TRUST,C_320,Cardiology Service,440,436,99.10%,6.6,15.7,0
Y59,RXQ,BUCKINGHAMSHIRE HEALTHCARE NHS TRUST,C_330,Dermatology Service,"1,884","1,515",80.40%,9,24.1,33
Y59,RXQ,BUCKINGHAMSHIRE HEALTHCARE NHS TRUST,C_340,Respiratory Medicine Service,462,370,80.10%,9.3,22.5,4
Y59,RXQ,BUCKINGHAMSHIRE HEALTHCARE NHS TRUST,C_400,Neurology Service,814,595,73.10%,10.8,20.7,0
Y59,RXQ,BUCKINGHAMSHIRE HEALTHCARE NHS TRUST,C_410,Rheumatology Service,731,279,38.20%,25.2,61.6,118
Y59,RXQ,BUCKINGHAMSHIRE HEALTHCARE NHS TRUST,C_430,Elderly Medicine Service,127,126,99.20%,1.9,7.6,0
Y59,RXQ,BUCKINGHAMSHIRE HEALTHCARE NHS TRUST,C_502,Gynaecology Service,"2,779","1,628",58.60%,12.3,53.4,227
Y59,RXQ,BUCKINGHAMSHIRE HEALTHCARE NHS TRUST,X02,Other - Medical Services,"2,336","1,717",73.50%,9.7,29.2,52
Y59,RXQ,BUCKINGHAMSHIRE HEALTHCARE NHS TRUST,X03,Other - Mental Health Services, -   , -   , -   ,-,-,0
Y59,RXQ,BUCKINGHAMSHIRE HEALTHCARE NHS TRUST,X04,Other - Paediatric Services,620,423,68.20%,11.5,61,92
Y59,RXQ,BUCKINGHAMSHIRE HEALTHCARE NHS TRUST,X05,Other - Surgical Services,"1,078",644,59.70%,11.5,59.6,103
Y59,RXQ,BUCKINGHAMSHIRE HEALTHCARE NHS TRUST,X06,Other - Other Services,333,316,94.90%,7.3,16.3,5
Y59,RYR,UNIVERSITY HOSPITALS SUSSEX NHS FOUNDATION TRUST,C_100,General Surgery Service,"1,977",778,39.40%,22.8,61.2,285
Y59,RYR,UNIVERSITY HOSPITALS SUSSEX NHS FOUNDATION TRUST,C_101,Urology Service,"6,323","3,012",47.60%,19.1,60.9,750
Y59,RYR,UNIVERSITY HOSPITALS SUSSEX NHS FOUNDATION TRUST,C_110,Trauma and Orthopaedic Service,"6,040","2,405",39.80%,23.2,64.5,"1,191"
Y59,RYR,UNIVERSITY HOSPITALS SUSSEX NHS FOUNDATION TRUST,C_120,Ear Nose and Throat Service,"8,156","3,179",39.00%,24.3,64.3,"1,650"
Y59,RYR,UNIVERSITY HOSPITALS SUSSEX NHS FOUNDATION TRUST,C_130,Ophthalmology Service,"12,727","6,792",53.40%,15.7,53.6,"1,053"
Y59,RYR,UNIVERSITY HOSPITALS SUSSEX NHS FOUNDATION TRUST,C_140,Oral Surgery Service,"4,342","2,323",53.50%,15.4,64.6,647
Y59,RYR,UNIVERSITY HOSPITALS SUSSEX NHS FOUNDATION TRUST,C_150,Neurosurgical Service,880,367,41.70%,23.8,71.9,161
Y59,RYR,UNIVERSITY HOSPITALS SUSSEX NHS FOUNDATION TRUST,C_160,Plastic Surgery Service,32,23,71.90%,9.5,24.7,0
Y59,RYR,UNIVERSITY HOSPITALS SUSSEX NHS FOUNDATION TRUST,C_170,Cardiothoracic Surgery Service,174,89,51.10%,16.9,55.1,14
Y59,RYR,UNIVERSITY HOSPITALS SUSSEX NHS FOUNDATION TRUST,C_300,General Internal Medicine Service,202,122,60.40%,15.7,29.8,3
Y59,RYR,UNIVERSITY HOSPITALS SUSSEX NHS FOUNDATION TRUST,C_301,Gastroenterology Service,"7,014","3,317",47.30%,19.2,59.2,774
Y59,RYR,UNIVERSITY HOSPITALS SUSSEX NHS FOUNDATION TRUST,C_320,Cardiology Service,"4,940","3,696",74.80%,9.4,29.5,79
Y59,RYR,UNIVERSITY HOSPITALS SUSSEX NHS FOUNDATION TRUST,C_330,Dermatology Service,"3,044","2,702",88.80%,4.9,20.8,8
Y59,RYR,UNIVERSITY HOSPITALS SUSSEX NHS FOUNDATION TRUST,C_340,Respiratory Medicine Service,"2,070","1,527",73.80%,10.2,30.7,46
Y59,RYR,UNIVERSITY HOSPITALS SUSSEX NHS FOUNDATION TRUST,C_400,Neurology Service,"3,405","2,043",60.00%,12.9,37,36
Y59,RYR,UNIVERSITY HOSPITALS SUSSEX NHS FOUNDATION TRUST,C_410,Rheumatology Service,"1,155",873,75.60%,9.6,23.2,4
Y59,RYR,UNIVERSITY HOSPITALS SUSSEX NHS FOUNDATION TRUST,C_430,Elderly Medicine Service,115,100,87.00%,6.6,20.8,0
Y59,RYR,UNIVERSITY HOSPITALS SUSSEX NHS FOUNDATION TRUST,C_502,Gynaecology Service,"8,126","4,196",51.60%,16.5,55.5,706
Y59,RYR,UNIVERSITY HOSPITALS SUSSEX NHS FOUNDATION TRUST,X02,Other - Medical Services,"3,907","3,144",80.50%,8.7,28.5,39
Y59,RYR,UNIVERSITY HOSPITALS SUSSEX NHS FOUNDATION TRUST,X03,Other - Mental Health Services, -   , -   , -   ,-,-,0
Y59,RYR,UNIVERSITY HOSPITALS SUSSEX NHS FOUNDATION TRUST,X04,Other - Paediatric Services,"4,641","3,358",72.40%,9.2,31.2,59
Y59,RYR,UNIVERSITY HOSPITALS SUSSEX NHS FOUNDATION TRUST,X05,Other - Surgical Services,"11,011","6,268",56.90%,13.2,58.8,"1,132"
Y59,RYR,UNIVERSITY HOSPITALS SUSSEX NHS FOUNDATION TRUST,X06,Other - Other Services,"3,098","1,906",61.50%,12.1,58.8,348
Y59,RYY,KENT COMMUNITY HEALTH NHS FOUNDATION TRUST,C_100,General Surgery Service, -   , -   , -   ,-,-,0
Y59,RYY,KENT COMMUNITY HEALTH NHS FOUNDATION TRUST,C_101,Urology Service, -   , -   , -   ,-,-,0
Y59,RYY,KENT COMMUNITY HEALTH NHS FOUNDATION TRUST,C_110,Trauma and Orthopaedic Service,"1,971","1,969",99.90%,4.3,8.6,0
Y59,RYY,KENT COMMUNITY HEALTH NHS FOUNDATION TRUST,C_120,Ear Nose and Throat Service, -   , -   , -   ,-,-,0
Y59,RYY,KENT COMMUNITY HEALTH NHS FOUNDATION TRUST,C_130,Ophthalmology Service, -   , -   , -   ,-,-,0
Y59,RYY,KENT COMMUNITY HEALTH NHS FOUNDATION TRUST,C_140,Oral Surgery Service, -   , -   , -   ,-,-,0
Y59,RYY,KENT COMMUNITY HEALTH NHS FOUNDATION TRUST,C_150,Neurosurgical Service, -   , -   , -   ,-,-,0
Y59,RYY,KENT COMMUNITY HEALTH NHS FOUNDATION TRUST,C_160,Plastic Surgery Service, -   , -   , -   ,-,-,0
Y59,RYY,KENT COMMUNITY HEALTH NHS FOUNDATION TRUST,C_170,Cardiothoracic Surgery Service, -   , -   , -   ,-,-,0
Y59,RYY,KENT COMMUNITY HEALTH NHS FOUNDATION TRUST,C_300,General Internal Medicine Service, -   , -   , -   ,-,-,0
Y59,RYY,KENT COMMUNITY HEALTH NHS FOUNDATION TRUST,C_301,Gastroenterology Service, -   , -   , -   ,-,-,0
Y59,RYY,KENT COMMUNITY HEALTH NHS FOUNDATION TRUST,C_320,Cardiology Service, -   , -   , -   ,-,-,0
Y59,RYY,KENT COMMUNITY HEALTH NHS FOUNDATION TRUST,C_330,Dermatology Service, -   , -   , -   ,-,-,0
Y59,RYY,KENT COMMUNITY HEALTH NHS FOUNDATION TRUST,C_340,Respiratory Medicine Service, -   , -   , -   ,-,-,0
Y59,RYY,KENT COMMUNITY HEALTH NHS FOUNDATION TRUST,C_400,Neurology Service, -   , -   , -   ,-,-,0
Y59,RYY,KENT COMMUNITY HEALTH NHS FOUNDATION TRUST,C_410,Rheumatology Service, -   , -   , -   ,-,-,0
Y59,RYY,KENT COMMUNITY HEALTH NHS FOUNDATION TRUST,C_430,Elderly Medicine Service, -   , -   , -   ,-,-,0
Y59,RYY,KENT COMMUNITY HEALTH NHS FOUNDATION TRUST,C_502,Gynaecology Service, -   , -   , -   ,-,-,0
Y59,RYY,KENT COMMUNITY HEALTH NHS FOUNDATION TRUST,X02,Other - Medical Services,336,333,99.10%,2.5,7.5,0
Y59,RYY,KENT COMMUNITY HEALTH NHS FOUNDATION TRUST,X03,Other - Mental Health Services, -   , -   , -   ,-,-,0
Y59,RYY,KENT COMMUNITY HEALTH NHS FOUNDATION TRUST,X04,Other - Paediatric Services,"1,065","1,062",99.70%,6,13.2,0
Y59,RYY,KENT COMMUNITY HEALTH NHS FOUNDATION TRUST,X05,Other - Surgical Services, -   , -   , -   ,-,-,0
Y59,RYY,KENT COMMUNITY HEALTH NHS FOUNDATION TRUST,X06,Other - Other Services,286,286,100.00%,2.2,7.1,0
Y60,R1A,HEREFORDSHIRE AND WORCESTERSHIRE HEALTH AND CARE NHS TRUST,C_100,General Surgery Service, -   , -   , -   ,-,-,0
Y60,R1A,HEREFORDSHIRE AND WORCESTERSHIRE HEALTH AND CARE NHS TRUST,C_101,Urology Service, -   , -   , -   ,-,-,0
Y60,R1A,HEREFORDSHIRE AND WORCESTERSHIRE HEALTH AND CARE NHS TRUST,C_110,Trauma and Orthopaedic Service,51,43,84.30%,2.3,26.9,0
Y60,R1A,HEREFORDSHIRE AND WORCESTERSHIRE HEALTH AND CARE NHS TRUST,C_120,Ear Nose and Throat Service,28, -   , -   ,61.3,65.8,24
Y60,R1A,HEREFORDSHIRE AND WORCESTERSHIRE HEALTH AND CARE NHS TRUST,C_130,Ophthalmology Service, -   , -   , -   ,-,-,0
Y60,R1A,HEREFORDSHIRE AND WORCESTERSHIRE HEALTH AND CARE NHS TRUST,C_140,Oral Surgery Service, -   , -   , -   ,-,-,0
Y60,R1A,HEREFORDSHIRE AND WORCESTERSHIRE HEALTH AND CARE NHS TRUST,C_150,Neurosurgical Service, -   , -   , -   ,-,-,0
Y60,R1A,HEREFORDSHIRE AND WORCESTERSHIRE HEALTH AND CARE NHS TRUST,C_160,Plastic Surgery Service, -   , -   , -   ,-,-,0
Y60,R1A,HEREFORDSHIRE AND WORCESTERSHIRE HEALTH AND CARE NHS TRUST,C_170,Cardiothoracic Surgery Service, -   , -   , -   ,-,-,0
Y60,R1A,HEREFORDSHIRE AND WORCESTERSHIRE HEALTH AND CARE NHS TRUST,C_300,General Internal Medicine Service,7,7,100.00%,-,-,0
Y60,R1A,HEREFORDSHIRE AND WORCESTERSHIRE HEALTH AND CARE NHS TRUST,C_301,Gastroenterology Service, -   , -   , -   ,-,-,0
Y60,R1A,HEREFORDSHIRE AND WORCESTERSHIRE HEALTH AND CARE NHS TRUST,C_320,Cardiology Service, -   , -   , -   ,-,-,0
Y60,R1A,HEREFORDSHIRE AND WORCESTERSHIRE HEALTH AND CARE NHS TRUST,C_330,Dermatology Service, -   , -   , -   ,-,-,0
Y60,R1A,HEREFORDSHIRE AND WORCESTERSHIRE HEALTH AND CARE NHS TRUST,C_340,Respiratory Medicine Service, -   , -   , -   ,-,-,0
Y60,R1A,HEREFORDSHIRE AND WORCESTERSHIRE HEALTH AND CARE NHS TRUST,C_400,Neurology Service, -   , -   , -   ,-,-,0
Y60,R1A,HEREFORDSHIRE AND WORCESTERSHIRE HEALTH AND CARE NHS TRUST,C_410,Rheumatology Service, -   , -   , -   ,-,-,0
Y60,R1A,HEREFORDSHIRE AND WORCESTERSHIRE HEALTH AND CARE NHS TRUST,C_430,Elderly Medicine Service, -   , -   , -   ,-,-,0
Y60,R1A,HEREFORDSHIRE AND WORCESTERSHIRE HEALTH AND CARE NHS TRUST,C_502,Gynaecology Service,41,38,92.70%,4.3,16.7,0
Y60,R1A,HEREFORDSHIRE AND WORCESTERSHIRE HEALTH AND CARE NHS TRUST,X02,Other - Medical Services,26,23,88.50%,7.5,21.9,0
Y60,R1A,HEREFORDSHIRE AND WORCESTERSHIRE HEALTH AND CARE NHS TRUST,X03,Other - Mental Health Services, -   , -   , -   ,-,-,0
Y60,R1A,HEREFORDSHIRE AND WORCESTERSHIRE HEALTH AND CARE NHS TRUST,X04,Other - Paediatric Services,31,30,96.80%,5.3,12.8,0
Y60,R1A,HEREFORDSHIRE AND WORCESTERSHIRE HEALTH AND CARE NHS TRUST,X05,Other - Surgical Services, -   , -   , -   ,-,-,0
Y60,R1A,HEREFORDSHIRE AND WORCESTERSHIRE HEALTH AND CARE NHS TRUST,X06,Other - Other Services, -   , -   , -   ,-,-,0
Y60,R1D,SHROPSHIRE COMMUNITY HEALTH NHS TRUST,C_100,General Surgery Service,33,30,90.90%,6,20.4,0
Y60,R1D,SHROPSHIRE COMMUNITY HEALTH NHS TRUST,C_101,Urology Service, -   , -   , -   ,-,-,0
Y60,R1D,SHROPSHIRE COMMUNITY HEALTH NHS TRUST,C_110,Trauma and Orthopaedic Service,"2,140","1,662",77.70%,7.6,31.4,29
Y60,R1D,SHROPSHIRE COMMUNITY HEALTH NHS TRUST,C_120,Ear Nose and Throat Service,104,101,97.10%,8.7,16.3,0
Y60,R1D,SHROPSHIRE COMMUNITY HEALTH NHS TRUST,C_130,Ophthalmology Service, -   , -   , -   ,-,-,0
Y60,R1D,SHROPSHIRE COMMUNITY HEALTH NHS TRUST,C_140,Oral Surgery Service,131,85,64.90%,9.9,61.5,20
Y60,R1D,SHROPSHIRE COMMUNITY HEALTH NHS TRUST,C_150,Neurosurgical Service, -   , -   , -   ,-,-,0
Y60,R1D,SHROPSHIRE COMMUNITY HEALTH NHS TRUST,C_160,Plastic Surgery Service, -   , -   , -   ,-,-,0
Y60,R1D,SHROPSHIRE COMMUNITY HEALTH NHS TRUST,C_170,Cardiothoracic Surgery Service, -   , -   , -   ,-,-,0
Y60,R1D,SHROPSHIRE COMMUNITY HEALTH NHS TRUST,C_300,General Internal Medicine Service, -   , -   , -   ,-,-,0
Y60,R1D,SHROPSHIRE COMMUNITY HEALTH NHS TRUST,C_301,Gastroenterology Service,6,4,66.70%,-,-,0
Y60,R1D,SHROPSHIRE COMMUNITY HEALTH NHS TRUST,C_320,Cardiology Service,21,15,71.40%,9,21.4,0
Y60,R1D,SHROPSHIRE COMMUNITY HEALTH NHS TRUST,C_330,Dermatology Service, -   , -   , -   ,-,-,0
Y60,R1D,SHROPSHIRE COMMUNITY HEALTH NHS TRUST,C_340,Respiratory Medicine Service,4,3,75.00%,-,-,0
Y60,R1D,SHROPSHIRE COMMUNITY HEALTH NHS TRUST,C_400,Neurology Service, -   , -   , -   ,-,-,0
Y60,R1D,SHROPSHIRE COMMUNITY HEALTH NHS TRUST,C_410,Rheumatology Service,17,17,100.00%,-,-,0
Y60,R1D,SHROPSHIRE COMMUNITY HEALTH NHS TRUST,C_430,Elderly Medicine Service, -   , -   , -   ,-,-,0
Y60,R1D,SHROPSHIRE COMMUNITY HEALTH NHS TRUST,C_502,Gynaecology Service,40,34,85.00%,5.8,20.7,0
Y60,R1D,SHROPSHIRE COMMUNITY HEALTH NHS TRUST,X02,Other - Medical Services, -   , -   , -   ,-,-,0
Y60,R1D,SHROPSHIRE COMMUNITY HEALTH NHS TRUST,X03,Other - Mental Health Services, -   , -   , -   ,-,-,0
Y60,R1D,SHROPSHIRE COMMUNITY HEALTH NHS TRUST,X04,Other - Paediatric Services,199,199,100.00%,3.6,9,0
Y60,R1D,SHROPSHIRE COMMUNITY HEALTH NHS TRUST,X05,Other - Surgical Services, -   , -   , -   ,-,-,0
Y60,R1D,SHROPSHIRE COMMUNITY HEALTH NHS TRUST,X06,Other - Other Services, -   , -   , -   ,-,-,0
Y60,RBK,WALSALL HEALTHCARE NHS TRUST,C_100,General Surgery Service,"1,404",585,41.70%,23,57.4,123
Y60,RBK,WALSALL HEALTHCARE NHS TRUST,C_101,Urology Service,"1,835",965,52.60%,15.9,44.7,94
Y60,RBK,WALSALL HEALTHCARE NHS TRUST,C_110,Trauma and Orthopaedic Service,"2,763","1,414",51.20%,16.8,47,199
Y60,RBK,WALSALL HEALTHCARE NHS TRUST,C_120,Ear Nose and Throat Service,"1,626",965,59.30%,12.8,42.3,73
Y60,RBK,WALSALL HEALTHCARE NHS TRUST,C_130,Ophthalmology Service,"1,165",789,67.70%,9.3,32.3,8
Y60,RBK,WALSALL HEALTHCARE NHS TRUST,C_140,Oral Surgery Service,"1,825","1,237",67.80%,10.7,32.3,26
Y60,RBK,WALSALL HEALTHCARE NHS TRUST,C_150,Neurosurgical Service, -   , -   , -   ,-,-,0
Y60,RBK,WALSALL HEALTHCARE NHS TRUST,C_160,Plastic Surgery Service,125,79,63.20%,12.7,27.9,0
Y60,RBK,WALSALL HEALTHCARE NHS TRUST,C_170,Cardiothoracic Surgery Service,13,12,92.30%,-,-,0
Y60,RBK,WALSALL HEALTHCARE NHS TRUST,C_300,General Internal Medicine Service, -   , -   , -   ,-,-,0
Y60,RBK,WALSALL HEALTHCARE NHS TRUST,C_301,Gastroenterology Service,"1,022",893,87.40%,6.3,20.9,0
Y60,RBK,WALSALL HEALTHCARE NHS TRUST,C_320,Cardiology Service,541,535,98.90%,2.5,11,0
Y60,RBK,WALSALL HEALTHCARE NHS TRUST,C_330,Dermatology Service,"1,091",774,70.90%,9.9,29.7,0
Y60,RBK,WALSALL HEALTHCARE NHS TRUST,C_340,Respiratory Medicine Service,652,516,79.10%,9.5,25.2,0
Y60,RBK,WALSALL HEALTHCARE NHS TRUST,C_400,Neurology Service,607,467,76.90%,8,25.3,0
Y60,RBK,WALSALL HEALTHCARE NHS TRUST,C_410,Rheumatology Service,728,415,57.00%,14.8,35,1
Y60,RBK,WALSALL HEALTHCARE NHS TRUST,C_430,Elderly Medicine Service,91,82,90.10%,5.8,18.9,0
Y60,RBK,WALSALL HEALTHCARE NHS TRUST,C_502,Gynaecology Service,"1,445","1,187",82.10%,7.6,24.6,1
Y60,RBK,WALSALL HEALTHCARE NHS TRUST,X02,Other - Medical Services,"1,815","1,352",74.50%,7.4,31.4,19
Y60,RBK,WALSALL HEALTHCARE NHS TRUST,X03,Other - Mental Health Services,904,846,93.60%,6.3,15.8,0
Y60,RBK,WALSALL HEALTHCARE NHS TRUST,X04,Other - Paediatric Services,"1,411","1,248",88.40%,4.7,23.8,10
Y60,RBK,WALSALL HEALTHCARE NHS TRUST,X05,Other - Surgical Services, -   , -   , -   ,-,-,0
Y60,RBK,WALSALL HEALTHCARE NHS TRUST,X06,Other - Other Services,32,31,96.90%,3.9,9.7,0
Y60,RFS,CHESTERFIELD ROYAL HOSPITAL NHS FOUNDATION TRUST,C_100,General Surgery Service,"1,319",489,37.10%,26.1,51.7,105
Y60,RFS,CHESTERFIELD ROYAL HOSPITAL NHS FOUNDATION TRUST,C_101,Urology Service,"1,081",897,83.00%,8.6,30.9,36
Y60,RFS,CHESTERFIELD ROYAL HOSPITAL NHS FOUNDATION TRUST,C_110,Trauma and Orthopaedic Service,"1,598",822,51.40%,16.8,61.6,213
Y60,RFS,CHESTERFIELD ROYAL HOSPITAL NHS FOUNDATION TRUST,C_120,Ear Nose and Throat Service,"1,533",995,64.90%,10.4,62.7,168
Y60,RFS,CHESTERFIELD ROYAL HOSPITAL NHS FOUNDATION TRUST,C_130,Ophthalmology Service,"2,093","1,045",49.90%,18.1,60.4,224
Y60,RFS,CHESTERFIELD ROYAL HOSPITAL NHS FOUNDATION TRUST,C_140,Oral Surgery Service,"1,079",648,60.10%,11.9,67.5,146
Y60,RFS,CHESTERFIELD ROYAL HOSPITAL NHS FOUNDATION TRUST,C_150,Neurosurgical Service, -   , -   , -   ,-,-,0
Y60,RFS,CHESTERFIELD ROYAL HOSPITAL NHS FOUNDATION TRUST,C_160,Plastic Surgery Service, -   , -   , -   ,-,-,0
Y60,RFS,CHESTERFIELD ROYAL HOSPITAL NHS FOUNDATION TRUST,C_170,Cardiothoracic Surgery Service, -   , -   , -   ,-,-,0
Y60,RFS,CHESTERFIELD ROYAL HOSPITAL NHS FOUNDATION TRUST,C_300,General Internal Medicine Service,241,171,71.00%,9.2,28.4,0
Y60,RFS,CHESTERFIELD ROYAL HOSPITAL NHS FOUNDATION TRUST,C_301,Gastroenterology Service,"1,451",935,64.40%,12.1,35.4,30
Y60,RFS,CHESTERFIELD ROYAL HOSPITAL NHS FOUNDATION TRUST,C_320,Cardiology Service,581,424,73.00%,8.3,29.4,7
Y60,RFS,CHESTERFIELD ROYAL HOSPITAL NHS FOUNDATION TRUST,C_330,Dermatology Service,"1,084","1,005",92.70%,5.1,15.2,22
Y60,RFS,CHESTERFIELD ROYAL HOSPITAL NHS FOUNDATION TRUST,C_340,Respiratory Medicine Service,371,313,84.40%,8,22.4,0
Y60,RFS,CHESTERFIELD ROYAL HOSPITAL NHS FOUNDATION TRUST,C_400,Neurology Service, -   , -   , -   ,-,-,0
Y60,RFS,CHESTERFIELD ROYAL HOSPITAL NHS FOUNDATION TRUST,C_410,Rheumatology Service,466,308,66.10%,10.5,30.8,3
Y60,RFS,CHESTERFIELD ROYAL HOSPITAL NHS FOUNDATION TRUST,C_430,Elderly Medicine Service, -   , -   , -   ,-,-,0
Y60,RFS,CHESTERFIELD ROYAL HOSPITAL NHS FOUNDATION TRUST,C_502,Gynaecology Service,"1,438",882,61.30%,11.3,60.7,136
Y60,RFS,CHESTERFIELD ROYAL HOSPITAL NHS FOUNDATION TRUST,X02,Other - Medical Services,881,716,81.30%,7.7,27.8,6
Y60,RFS,CHESTERFIELD ROYAL HOSPITAL NHS FOUNDATION TRUST,X03,Other - Mental Health Services, -   , -   , -   ,-,-,0
Y60,RFS,CHESTERFIELD ROYAL HOSPITAL NHS FOUNDATION TRUST,X04,Other - Paediatric Services,821,740,90.10%,5.3,23.7,22
Y60,RFS,CHESTERFIELD ROYAL HOSPITAL NHS FOUNDATION TRUST,X05,Other - Surgical Services,"1,611","1,118",69.40%,9.2,61.6,160
Y60,RFS,CHESTERFIELD ROYAL HOSPITAL NHS FOUNDATION TRUST,X06,Other - Other Services, -   , -   , -   ,-,-,0
Y60,RJC,SOUTH WARWICKSHIRE NHS FOUNDATION TRUST,C_100,General Surgery Service,811,468,57.70%,15,38.8,27
Y60,RJC,SOUTH WARWICKSHIRE NHS FOUNDATION TRUST,C_101,Urology Service,"1,960","1,019",52.00%,16.4,64.3,252
Y60,RJC,SOUTH WARWICKSHIRE NHS FOUNDATION TRUST,C_110,Trauma and Orthopaedic Service,"2,114","1,488",70.40%,11.4,30.4,8
Y60,RJC,SOUTH WARWICKSHIRE NHS FOUNDATION TRUST,C_120,Ear Nose and Throat Service,"1,173",916,78.10%,9.1,31.4,30
Y60,RJC,SOUTH WARWICKSHIRE NHS FOUNDATION TRUST,C_130,Ophthalmology Service,"1,995","1,366",68.50%,10.2,36.8,115
Y60,RJC,SOUTH WARWICKSHIRE NHS FOUNDATION TRUST,C_140,Oral Surgery Service,456,407,89.30%,7.6,21.8,7
Y60,RJC,SOUTH WARWICKSHIRE NHS FOUNDATION TRUST,C_150,Neurosurgical Service, -   , -   , -   ,-,-,0
Y60,RJC,SOUTH WARWICKSHIRE NHS FOUNDATION TRUST,C_160,Plastic Surgery Service,234,204,87.20%,7.4,23.1,5
Y60,RJC,SOUTH WARWICKSHIRE NHS FOUNDATION TRUST,C_170,Cardiothoracic Surgery Service, -   , -   , -   ,-,-,0
Y60,RJC,SOUTH WARWICKSHIRE NHS FOUNDATION TRUST,C_300,General Internal Medicine Service,207,115,55.60%,14.9,44.4,12
Y60,RJC,SOUTH WARWICKSHIRE NHS FOUNDATION TRUST,C_301,Gastroenterology Service,858,770,89.70%,7.5,21.2,3
Y60,RJC,SOUTH WARWICKSHIRE NHS FOUNDATION TRUST,C_320,Cardiology Service,658,616,93.60%,6.6,16.8,0
Y60,RJC,SOUTH WARWICKSHIRE NHS FOUNDATION TRUST,C_330,Dermatology Service,"1,137","1,101",96.80%,5,14.1,3
Y60,RJC,SOUTH WARWICKSHIRE NHS FOUNDATION TRUST,C_340,Respiratory Medicine Service,367,335,91.30%,8.4,19.2,1
Y60,RJC,SOUTH WARWICKSHIRE NHS FOUNDATION TRUST,C_400,Neurology Service, -   , -   , -   ,-,-,0
Y60,RJC,SOUTH WARWICKSHIRE NHS FOUNDATION TRUST,C_410,Rheumatology Service,658,546,83.00%,10,26.2,19
Y60,RJC,SOUTH WARWICKSHIRE NHS FOUNDATION TRUST,C_430,Elderly Medicine Service,144,142,98.60%,4.8,15.1,0
Y60,RJC,SOUTH WARWICKSHIRE NHS FOUNDATION TRUST,C_502,Gynaecology Service,"1,688","1,388",82.20%,9.2,27,20
Y60,RJC,SOUTH WARWICKSHIRE NHS FOUNDATION TRUST,X02,Other - Medical Services,"1,252","1,068",85.30%,7.8,25.5,10
Y60,RJC,SOUTH WARWICKSHIRE NHS FOUNDATION TRUST,X03,Other - Mental Health Services, -   , -   , -   ,-,-,0
Y60,RJC,SOUTH WARWICKSHIRE NHS FOUNDATION TRUST,X04,Other - Paediatric Services,410,329,80.20%,9.1,23.8,2
Y60,RJC,SOUTH WARWICKSHIRE NHS FOUNDATION TRUST,X05,Other - Surgical Services,"2,191","1,752",80.00%,8.1,40.5,147
Y60,RJC,SOUTH WARWICKSHIRE NHS FOUNDATION TRUST,X06,Other - Other Services,488,482,98.80%,2.6,7.4,0
Y60,RJE,UNIVERSITY HOSPITALS OF NORTH MIDLANDS NHS TRUST,C_100,General Surgery Service,"8,095","4,565",56.40%,13.8,63.2,904
Y60,RJE,UNIVERSITY HOSPITALS OF NORTH MIDLANDS NHS TRUST,C_101,Urology Service,"3,700","2,015",54.50%,15.5,54.2,303
Y60,RJE,UNIVERSITY HOSPITALS OF NORTH MIDLANDS NHS TRUST,C_110,Trauma and Orthopaedic Service,"8,707","3,372",38.70%,23.6,64.6,"1,164"
Y60,RJE,UNIVERSITY HOSPITALS OF NORTH MIDLANDS NHS TRUST,C_120,Ear Nose and Throat Service,"2,993","1,525",51.00%,17.1,68.5,506
Y60,RJE,UNIVERSITY HOSPITALS OF NORTH MIDLANDS NHS TRUST,C_130,Ophthalmology Service,"3,154","1,647",52.20%,16.6,43,195
Y60,RJE,UNIVERSITY HOSPITALS OF NORTH MIDLANDS NHS TRUST,C_140,Oral Surgery Service,"2,507","1,496",59.70%,12.8,73.9,460
Y60,RJE,UNIVERSITY HOSPITALS OF NORTH MIDLANDS NHS TRUST,C_150,Neurosurgical Service,573,329,57.40%,13.9,40.4,21
Y60,RJE,UNIVERSITY HOSPITALS OF NORTH MIDLANDS NHS TRUST,C_160,Plastic Surgery Service,"1,137",739,65.00%,10.1,63,139
Y60,RJE,UNIVERSITY HOSPITALS OF NORTH MIDLANDS NHS TRUST,C_170,Cardiothoracic Surgery Service,203,126,62.10%,11.7,30.9,2
Y60,RJE,UNIVERSITY HOSPITALS OF NORTH MIDLANDS NHS TRUST,C_300,General Internal Medicine Service, -   , -   , -   ,-,-,0
Y60,RJE,UNIVERSITY HOSPITALS OF NORTH MIDLANDS NHS TRUST,C_301,Gastroenterology Service,"5,207","3,318",63.70%,12.7,32.6,37
Y60,RJE,UNIVERSITY HOSPITALS OF NORTH MIDLANDS NHS TRUST,C_320,Cardiology Service,"2,298","1,799",78.30%,7.6,25.4,0
Y60,RJE,UNIVERSITY HOSPITALS OF NORTH MIDLANDS NHS TRUST,C_330,Dermatology Service,"1,912","1,275",66.70%,9.8,32.7,3
Y60,RJE,UNIVERSITY HOSPITALS OF NORTH MIDLANDS NHS TRUST,C_340,Respiratory Medicine Service,"2,509","1,886",75.20%,8.8,28.5,8
Y60,RJE,UNIVERSITY HOSPITALS OF NORTH MIDLANDS NHS TRUST,C_400,Neurology Service,"3,491","2,082",59.60%,14.1,29.7,0
Y60,RJE,UNIVERSITY HOSPITALS OF NORTH MIDLANDS NHS TRUST,C_410,Rheumatology Service,69,24,34.80%,45,77.5,32
Y60,RJE,UNIVERSITY HOSPITALS OF NORTH MIDLANDS NHS TRUST,C_430,Elderly Medicine Service,47,47,100.00%,3.5,12.1,0
Y60,RJE,UNIVERSITY HOSPITALS OF NORTH MIDLANDS NHS TRUST,C_502,Gynaecology Service,"2,922","2,038",69.70%,9.9,44.8,200
Y60,RJE,UNIVERSITY HOSPITALS OF NORTH MIDLANDS NHS TRUST,X02,Other - Medical Services,30,29,96.70%,4.9,16.3,0
Y60,RJE,UNIVERSITY HOSPITALS OF NORTH MIDLANDS NHS TRUST,X03,Other - Mental Health Services,"7,320","6,054",82.70%,8.8,22.3,29
Y60,RJE,UNIVERSITY HOSPITALS OF NORTH MIDLANDS NHS TRUST,X04,Other - Paediatric Services,"2,234","1,653",74.00%,8.1,31,65
Y60,RJE,UNIVERSITY HOSPITALS OF NORTH MIDLANDS NHS TRUST,X05,Other - Surgical Services, -   , -   , -   ,-,-,0
Y60,RJE,UNIVERSITY HOSPITALS OF NORTH MIDLANDS NHS TRUST,X06,Other - Other Services,448,377,84.20%,8,26.7,8
Y60,RK5,SHERWOOD FOREST HOSPITALS NHS FOUNDATION TRUST,C_100,General Surgery Service,"3,578","2,380",66.50%,10.6,40.8,172
Y60,RK5,SHERWOOD FOREST HOSPITALS NHS FOUNDATION TRUST,C_101,Urology Service,"1,908","1,396",73.20%,9.1,36.2,69
Y60,RK5,SHERWOOD FOREST HOSPITALS NHS FOUNDATION TRUST,C_110,Trauma and Orthopaedic Service,"2,771","1,585",57.20%,13.6,60.1,318
Y60,RK5,SHERWOOD FOREST HOSPITALS NHS FOUNDATION TRUST,C_120,Ear Nose and Throat Service,"5,551","2,423",43.60%,21.6,52,442
Y60,RK5,SHERWOOD FOREST HOSPITALS NHS FOUNDATION TRUST,C_130,Ophthalmology Service,"6,823","3,551",52.00%,16.8,43.8,324
Y60,RK5,SHERWOOD FOREST HOSPITALS NHS FOUNDATION TRUST,C_140,Oral Surgery Service,916,334,36.50%,23.5,46.7,56
Y60,RK5,SHERWOOD FOREST HOSPITALS NHS FOUNDATION TRUST,C_150,Neurosurgical Service, -   , -   , -   ,-,-,0
Y60,RK5,SHERWOOD FOREST HOSPITALS NHS FOUNDATION TRUST,C_160,Plastic Surgery Service,129,108,83.70%,5.4,31.3,0
Y60,RK5,SHERWOOD FOREST HOSPITALS NHS FOUNDATION TRUST,C_170,Cardiothoracic Surgery Service, -   , -   , -   ,-,-,0
Y60,RK5,SHERWOOD FOREST HOSPITALS NHS FOUNDATION TRUST,C_300,General Internal Medicine Service, -   , -   , -   ,-,-,0
Y60,RK5,SHERWOOD FOREST HOSPITALS NHS FOUNDATION TRUST,C_301,Gastroenterology Service,"2,662","2,162",81.20%,7.7,25.2,8
Y60,RK5,SHERWOOD FOREST HOSPITALS NHS FOUNDATION TRUST,C_320,Cardiology Service,"2,077","1,196",57.60%,14.6,37.5,38
Y60,RK5,SHERWOOD FOREST HOSPITALS NHS FOUNDATION TRUST,C_330,Dermatology Service,"1,290","1,054",81.70%,7,25.2,1
Y60,RK5,SHERWOOD FOREST HOSPITALS NHS FOUNDATION TRUST,C_340,Respiratory Medicine Service,"1,455",964,66.30%,10.6,35.3,29
Y60,RK5,SHERWOOD FOREST HOSPITALS NHS FOUNDATION TRUST,C_400,Neurology Service, -   , -   , -   ,-,-,0
Y60,RK5,SHERWOOD FOREST HOSPITALS NHS FOUNDATION TRUST,C_410,Rheumatology Service,"1,684","1,140",67.70%,11.4,28.7,3
Y60,RK5,SHERWOOD FOREST HOSPITALS NHS FOUNDATION TRUST,C_430,Elderly Medicine Service,474,419,88.40%,2.7,21.2,2
Y60,RK5,SHERWOOD FOREST HOSPITALS NHS FOUNDATION TRUST,C_502,Gynaecology Service,"2,004","1,544",77.00%,7.5,31.4,25
Y60,RK5,SHERWOOD FOREST HOSPITALS NHS FOUNDATION TRUST,X02,Other - Medical Services,"1,540","1,373",89.20%,8.8,20.2,2
Y60,RK5,SHERWOOD FOREST HOSPITALS NHS FOUNDATION TRUST,X03,Other - Mental Health Services, -   , -   , -   ,-,-,0
Y60,RK5,SHERWOOD FOREST HOSPITALS NHS FOUNDATION TRUST,X04,Other - Paediatric Services,"2,425","2,165",89.30%,6.6,20.4,8
Y60,RK5,SHERWOOD FOREST HOSPITALS NHS FOUNDATION TRUST,X05,Other - Surgical Services,119,119,100.00%,2.2,6.2,0
Y60,RK5,SHERWOOD FOREST HOSPITALS NHS FOUNDATION TRUST,X06,Other - Other Services, -   , -   , -   ,-,-,0
Y60,RKB,UNIVERSITY HOSPITALS COVENTRY AND WARWICKSHIRE NHS TRUST,C_100,General Surgery Service,"4,926",,,18.8,,860
Y60,RKB,UNIVERSITY HOSPITALS COVENTRY AND WARWICKSHIRE NHS TRUST,C_101,Urology Service,"3,460",,,23.5,,559
Y60,RKB,UNIVERSITY HOSPITALS COVENTRY AND WARWICKSHIRE NHS TRUST,C_110,Trauma and Orthopaedic Service,"6,018",,,21,,656
Y60,RKB,UNIVERSITY HOSPITALS COVENTRY AND WARWICKSHIRE NHS TRUST,C_120,Ear Nose and Throat Service,"4,825",,,21.9,,415
Y60,RKB,UNIVERSITY HOSPITALS COVENTRY AND WARWICKSHIRE NHS TRUST,C_130,Ophthalmology Service,"4,311",,,13.5,,405
Y60,RKB,UNIVERSITY HOSPITALS COVENTRY AND WARWICKSHIRE NHS TRUST,C_140,Oral Surgery Service,"2,147",,,9.9,,221
Y60,RKB,UNIVERSITY HOSPITALS COVENTRY AND WARWICKSHIRE NHS TRUST,C_150,Neurosurgical Service,"2,119",,,15.7,,179
Y60,RKB,UNIVERSITY HOSPITALS COVENTRY AND WARWICKSHIRE NHS TRUST,C_160,Plastic Surgery Service,639,,,23.9,,151
Y60,RKB,UNIVERSITY HOSPITALS COVENTRY AND WARWICKSHIRE NHS TRUST,C_170,Cardiothoracic Surgery Service,228,,,11.5,,10
Y60,RKB,UNIVERSITY HOSPITALS COVENTRY AND WARWICKSHIRE NHS TRUST,C_300,General Internal Medicine Service,274,,,7.3,,0
Y60,RKB,UNIVERSITY HOSPITALS COVENTRY AND WARWICKSHIRE NHS TRUST,C_301,Gastroenterology Service,"1,616",,,6.5,,7
Y60,RKB,UNIVERSITY HOSPITALS COVENTRY AND WARWICKSHIRE NHS TRUST,C_320,Cardiology Service,"1,403",,,7.4,,8
Y60,RKB,UNIVERSITY HOSPITALS COVENTRY AND WARWICKSHIRE NHS TRUST,C_330,Dermatology Service,"5,845",,,21,,193
Y60,RKB,UNIVERSITY HOSPITALS COVENTRY AND WARWICKSHIRE NHS TRUST,C_340,Respiratory Medicine Service,935,,,9,,4
Y60,RKB,UNIVERSITY HOSPITALS COVENTRY AND WARWICKSHIRE NHS TRUST,C_400,Neurology Service,"2,613",,,9.2,,14
Y60,RKB,UNIVERSITY HOSPITALS COVENTRY AND WARWICKSHIRE NHS TRUST,C_410,Rheumatology Service,533,,,5.9,,5
Y60,RKB,UNIVERSITY HOSPITALS COVENTRY AND WARWICKSHIRE NHS TRUST,C_430,Elderly Medicine Service,25,,,3,,0
Y60,RKB,UNIVERSITY HOSPITALS COVENTRY AND WARWICKSHIRE NHS TRUST,C_502,Gynaecology Service,"4,691",,,19.5,,428
Y60,RKB,UNIVERSITY HOSPITALS COVENTRY AND WARWICKSHIRE NHS TRUST,X02,Other - Medical Services,"3,877",,,10.8,,217
Y60,RKB,UNIVERSITY HOSPITALS COVENTRY AND WARWICKSHIRE NHS TRUST,X03,Other - Mental Health Services, -   ,,,-,,0
Y60,RKB,UNIVERSITY HOSPITALS COVENTRY AND WARWICKSHIRE NHS TRUST,X04,Other - Paediatric Services,501,,,14.4,,18
Y60,RKB,UNIVERSITY HOSPITALS COVENTRY AND WARWICKSHIRE NHS TRUST,X05,Other - Surgical Services, -   ,,,-,,0
Y60,RKB,UNIVERSITY HOSPITALS COVENTRY AND WARWICKSHIRE NHS TRUST,X06,Other - Other Services,157,,,2.7,,4
Y60,RL1,THE ROBERT JONES AND AGNES HUNT ORTHOPAEDIC HOSPITAL NHS FOUNDATION TRUST,C_100,General Surgery Service, -   , -   , -   ,-,-,0
Y60,RL1,THE ROBERT JONES AND AGNES HUNT ORTHOPAEDIC HOSPITAL NHS FOUNDATION TRUST,C_101,Urology Service, -   , -   , -   ,-,-,0
Y60,RL1,THE ROBERT JONES AND AGNES HUNT ORTHOPAEDIC HOSPITAL NHS FOUNDATION TRUST,C_110,Trauma and Orthopaedic Service,"9,574","4,951",51.70%,16.4,64.2,"1,464"
Y60,RL1,THE ROBERT JONES AND AGNES HUNT ORTHOPAEDIC HOSPITAL NHS FOUNDATION TRUST,C_120,Ear Nose and Throat Service, -   , -   , -   ,-,-,0
Y60,RL1,THE ROBERT JONES AND AGNES HUNT ORTHOPAEDIC HOSPITAL NHS FOUNDATION TRUST,C_130,Ophthalmology Service, -   , -   , -   ,-,-,0
Y60,RL1,THE ROBERT JONES AND AGNES HUNT ORTHOPAEDIC HOSPITAL NHS FOUNDATION TRUST,C_140,Oral Surgery Service, -   , -   , -   ,-,-,0
Y60,RL1,THE ROBERT JONES AND AGNES HUNT ORTHOPAEDIC HOSPITAL NHS FOUNDATION TRUST,C_150,Neurosurgical Service, -   , -   , -   ,-,-,0
Y60,RL1,THE ROBERT JONES AND AGNES HUNT ORTHOPAEDIC HOSPITAL NHS FOUNDATION TRUST,C_160,Plastic Surgery Service, -   , -   , -   ,-,-,0
Y60,RL1,THE ROBERT JONES AND AGNES HUNT ORTHOPAEDIC HOSPITAL NHS FOUNDATION TRUST,C_170,Cardiothoracic Surgery Service, -   , -   , -   ,-,-,0
Y60,RL1,THE ROBERT JONES AND AGNES HUNT ORTHOPAEDIC HOSPITAL NHS FOUNDATION TRUST,C_300,General Internal Medicine Service,"1,986","1,449",73.00%,9.9,26.7,9
Y60,RL1,THE ROBERT JONES AND AGNES HUNT ORTHOPAEDIC HOSPITAL NHS FOUNDATION TRUST,C_301,Gastroenterology Service, -   , -   , -   ,-,-,0
Y60,RL1,THE ROBERT JONES AND AGNES HUNT ORTHOPAEDIC HOSPITAL NHS FOUNDATION TRUST,C_320,Cardiology Service, -   , -   , -   ,-,-,0
Y60,RL1,THE ROBERT JONES AND AGNES HUNT ORTHOPAEDIC HOSPITAL NHS FOUNDATION TRUST,C_330,Dermatology Service, -   , -   , -   ,-,-,0
Y60,RL1,THE ROBERT JONES AND AGNES HUNT ORTHOPAEDIC HOSPITAL NHS FOUNDATION TRUST,C_340,Respiratory Medicine Service, -   , -   , -   ,-,-,0
Y60,RL1,THE ROBERT JONES AND AGNES HUNT ORTHOPAEDIC HOSPITAL NHS FOUNDATION TRUST,C_400,Neurology Service,197,76,38.60%,30.4,56.9,34
Y60,RL1,THE ROBERT JONES AND AGNES HUNT ORTHOPAEDIC HOSPITAL NHS FOUNDATION TRUST,C_410,Rheumatology Service,440,412,93.60%,6.3,15.6,1
Y60,RL1,THE ROBERT JONES AND AGNES HUNT ORTHOPAEDIC HOSPITAL NHS FOUNDATION TRUST,C_430,Elderly Medicine Service,7,7,100.00%,-,-,0
Y60,RL1,THE ROBERT JONES AND AGNES HUNT ORTHOPAEDIC HOSPITAL NHS FOUNDATION TRUST,C_502,Gynaecology Service, -   , -   , -   ,-,-,0
Y60,RL1,THE ROBERT JONES AND AGNES HUNT ORTHOPAEDIC HOSPITAL NHS FOUNDATION TRUST,X02,Other - Medical Services,56,51,91.10%,5.1,22.3,1
Y60,RL1,THE ROBERT JONES AND AGNES HUNT ORTHOPAEDIC HOSPITAL NHS FOUNDATION TRUST,X03,Other - Mental Health Services, -   , -   , -   ,-,-,0
Y60,RL1,THE ROBERT JONES AND AGNES HUNT ORTHOPAEDIC HOSPITAL NHS FOUNDATION TRUST,X04,Other - Paediatric Services, -   , -   , -   ,-,-,0
Y60,RL1,THE ROBERT JONES AND AGNES HUNT ORTHOPAEDIC HOSPITAL NHS FOUNDATION TRUST,X05,Other - Surgical Services, -   , -   , -   ,-,-,0
Y60,RL1,THE ROBERT JONES AND AGNES HUNT ORTHOPAEDIC HOSPITAL NHS FOUNDATION TRUST,X06,Other - Other Services,8,8,100.00%,-,-,0
Y60,RL4,THE ROYAL WOLVERHAMPTON NHS TRUST,C_100,General Surgery Service,"5,219","2,979",57.10%,13.6,55.9,433
Y60,RL4,THE ROYAL WOLVERHAMPTON NHS TRUST,C_101,Urology Service,"3,905","1,802",46.10%,19.9,63.3,520
Y60,RL4,THE ROYAL WOLVERHAMPTON NHS TRUST,C_110,Trauma and Orthopaedic Service,"5,159","3,115",60.40%,14.5,37.1,184
Y60,RL4,THE ROYAL WOLVERHAMPTON NHS TRUST,C_120,Ear Nose and Throat Service,"3,699","2,233",60.40%,14,38.7,146
Y60,RL4,THE ROYAL WOLVERHAMPTON NHS TRUST,C_130,Ophthalmology Service,"5,795","4,744",81.90%,8,24.7,30
Y60,RL4,THE ROYAL WOLVERHAMPTON NHS TRUST,C_140,Oral Surgery Service,"3,551","1,580",44.50%,20.2,59.6,345
Y60,RL4,THE ROYAL WOLVERHAMPTON NHS TRUST,C_150,Neurosurgical Service, -   , -   , -   ,-,-,0
Y60,RL4,THE ROYAL WOLVERHAMPTON NHS TRUST,C_160,Plastic Surgery Service,192,80,41.70%,21.1,58.3,19
Y60,RL4,THE ROYAL WOLVERHAMPTON NHS TRUST,C_170,Cardiothoracic Surgery Service,356,259,72.80%,6.6,38.5,16
Y60,RL4,THE ROYAL WOLVERHAMPTON NHS TRUST,C_300,General Internal Medicine Service,196,186,94.90%,4.7,12.6,2
Y60,RL4,THE ROYAL WOLVERHAMPTON NHS TRUST,C_301,Gastroenterology Service,"1,914","1,595",83.30%,6.8,24.1,5
Y60,RL4,THE ROYAL WOLVERHAMPTON NHS TRUST,C_320,Cardiology Service,"3,360","2,352",70.00%,8.9,36.4,75
Y60,RL4,THE ROYAL WOLVERHAMPTON NHS TRUST,C_330,Dermatology Service,594,578,97.30%,2.7,11.3,1
Y60,RL4,THE ROYAL WOLVERHAMPTON NHS TRUST,C_340,Respiratory Medicine Service,992,842,84.90%,6.9,23.2,2
Y60,RL4,THE ROYAL WOLVERHAMPTON NHS TRUST,C_400,Neurology Service,"1,600","1,448",90.50%,5.8,18.9,0
Y60,RL4,THE ROYAL WOLVERHAMPTON NHS TRUST,C_410,Rheumatology Service,"1,326","1,192",89.90%,7.1,18.9,0
Y60,RL4,THE ROYAL WOLVERHAMPTON NHS TRUST,C_430,Elderly Medicine Service,155,140,90.30%,6.6,18.5,0
Y60,RL4,THE ROYAL WOLVERHAMPTON NHS TRUST,C_502,Gynaecology Service,"4,045","2,052",50.70%,17.3,38.6,199
Y60,RL4,THE ROYAL WOLVERHAMPTON NHS TRUST,X02,Other - Medical Services,"1,691","1,351",79.90%,6.5,26.9,16
Y60,RL4,THE ROYAL WOLVERHAMPTON NHS TRUST,X03,Other - Mental Health Services, -   , -   , -   ,-,-,0
Y60,RL4,THE ROYAL WOLVERHAMPTON NHS TRUST,X04,Other - Paediatric Services,"2,570","2,041",79.40%,7.8,25.9,23
Y60,RL4,THE ROYAL WOLVERHAMPTON NHS TRUST,X05,Other - Surgical Services,277,154,55.60%,14.7,68.5,70
Y60,RL4,THE ROYAL WOLVERHAMPTON NHS TRUST,X06,Other - Other Services,11,7,63.60%,-,-,1
Y60,RLQ,WYE VALLEY NHS TRUST,C_100,General Surgery Service,775,273,35.20%,24.2,67,119
Y60,RLQ,WYE VALLEY NHS TRUST,C_101,Urology Service,"1,141",580,50.80%,17,61.2,146
Y60,RLQ,WYE VALLEY NHS TRUST,C_110,Trauma and Orthopaedic Service,"2,073",779,37.60%,25.2,73.8,541
Y60,RLQ,WYE VALLEY NHS TRUST,C_120,Ear Nose and Throat Service,"1,124",532,47.30%,20,65.8,218
Y60,RLQ,WYE VALLEY NHS TRUST,C_130,Ophthalmology Service,"2,574","1,455",56.50%,13.5,37.2,80
Y60,RLQ,WYE VALLEY NHS TRUST,C_140,Oral Surgery Service,371,232,62.50%,10.6,68.3,59
Y60,RLQ,WYE VALLEY NHS TRUST,C_150,Neurosurgical Service, -   , -   , -   ,-,-,0
Y60,RLQ,WYE VALLEY NHS TRUST,C_160,Plastic Surgery Service,118,87,73.70%,6.9,51.5,8
Y60,RLQ,WYE VALLEY NHS TRUST,C_170,Cardiothoracic Surgery Service,19,14,73.70%,-,-,1
Y60,RLQ,WYE VALLEY NHS TRUST,C_300,General Internal Medicine Service,48,25,52.10%,16.5,64.2,9
Y60,RLQ,WYE VALLEY NHS TRUST,C_301,Gastroenterology Service,991,610,61.60%,13.7,38,34
Y60,RLQ,WYE VALLEY NHS TRUST,C_320,Cardiology Service,721,466,64.60%,12.6,40.9,34
Y60,RLQ,WYE VALLEY NHS TRUST,C_330,Dermatology Service,537,412,76.70%,7.3,36.4,25
Y60,RLQ,WYE VALLEY NHS TRUST,C_340,Respiratory Medicine Service,863,395,45.80%,20.3,68.4,200
Y60,RLQ,WYE VALLEY NHS TRUST,C_400,Neurology Service,291,171,58.80%,14,30.4,7
Y60,RLQ,WYE VALLEY NHS TRUST,C_410,Rheumatology Service,310,227,73.20%,10.5,24.9,0
Y60,RLQ,WYE VALLEY NHS TRUST,C_430,Elderly Medicine Service,66,57,86.40%,7.5,25.7,2
Y60,RLQ,WYE VALLEY NHS TRUST,C_502,Gynaecology Service,"1,072",670,62.50%,12,63.8,121
Y60,RLQ,WYE VALLEY NHS TRUST,X02,Other - Medical Services,571,508,89.00%,5.8,22.8,11
Y60,RLQ,WYE VALLEY NHS TRUST,X03,Other - Mental Health Services, -   , -   , -   ,-,-,0
Y60,RLQ,WYE VALLEY NHS TRUST,X04,Other - Paediatric Services,305,256,83.90%,6.3,28.2,8
Y60,RLQ,WYE VALLEY NHS TRUST,X05,Other - Surgical Services,"1,422",821,57.70%,13.4,63.5,176
Y60,RLQ,WYE VALLEY NHS TRUST,X06,Other - Other Services,1, -   , -   ,-,-,0
Y60,RLT,GEORGE ELIOT HOSPITAL NHS TRUST,C_100,General Surgery Service,"1,778",928,52.20%,16.4,66.5,249
Y60,RLT,GEORGE ELIOT HOSPITAL NHS TRUST,C_101,Urology Service,963,547,56.80%,13.6,49.2,62
Y60,RLT,GEORGE ELIOT HOSPITAL NHS TRUST,C_110,Trauma and Orthopaedic Service,"1,554",775,49.90%,18.1,57.8,143
Y60,RLT,GEORGE ELIOT HOSPITAL NHS TRUST,C_120,Ear Nose and Throat Service,"1,102",453,41.10%,21.6,63.2,179
Y60,RLT,GEORGE ELIOT HOSPITAL NHS TRUST,C_130,Ophthalmology Service,902,558,61.90%,12.7,59.9,107
Y60,RLT,GEORGE ELIOT HOSPITAL NHS TRUST,C_140,Oral Surgery Service,559,323,57.80%,7.7,66.6,111
Y60,RLT,GEORGE ELIOT HOSPITAL NHS TRUST,C_150,Neurosurgical Service, -   , -   , -   ,-,-,0
Y60,RLT,GEORGE ELIOT HOSPITAL NHS TRUST,C_160,Plastic Surgery Service,158,109,69.00%,8.6,62.4,15
Y60,RLT,GEORGE ELIOT HOSPITAL NHS TRUST,C_170,Cardiothoracic Surgery Service, -   , -   , -   ,-,-,0
Y60,RLT,GEORGE ELIOT HOSPITAL NHS TRUST,C_300,General Internal Medicine Service,506,400,79.10%,8.5,26.7,3
Y60,RLT,GEORGE ELIOT HOSPITAL NHS TRUST,C_301,Gastroenterology Service,323,316,97.80%,4.1,11.9,1
Y60,RLT,GEORGE ELIOT HOSPITAL NHS TRUST,C_320,Cardiology Service,453,410,90.50%,6.3,18.5,4
Y60,RLT,GEORGE ELIOT HOSPITAL NHS TRUST,C_330,Dermatology Service, -   , -   , -   ,-,-,0
Y60,RLT,GEORGE ELIOT HOSPITAL NHS TRUST,C_340,Respiratory Medicine Service,303,270,89.10%,8.6,20.4,3
Y60,RLT,GEORGE ELIOT HOSPITAL NHS TRUST,C_400,Neurology Service, -   , -   , -   ,-,-,0
Y60,RLT,GEORGE ELIOT HOSPITAL NHS TRUST,C_410,Rheumatology Service,232,218,94.00%,4.3,16.7,0
Y60,RLT,GEORGE ELIOT HOSPITAL NHS TRUST,C_430,Elderly Medicine Service, -   , -   , -   ,-,-,0
Y60,RLT,GEORGE ELIOT HOSPITAL NHS TRUST,C_502,Gynaecology Service,"1,144",694,60.70%,12.2,64.5,113
Y60,RLT,GEORGE ELIOT HOSPITAL NHS TRUST,X02,Other - Medical Services,476,467,98.10%,6.1,13.9,1
Y60,RLT,GEORGE ELIOT HOSPITAL NHS TRUST,X03,Other - Mental Health Services, -   , -   , -   ,-,-,0
Y60,RLT,GEORGE ELIOT HOSPITAL NHS TRUST,X04,Other - Paediatric Services,734,521,71.00%,10.1,32,13
Y60,RLT,GEORGE ELIOT HOSPITAL NHS TRUST,X05,Other - Surgical Services,546,354,64.80%,10.4,61.3,59
Y60,RLT,GEORGE ELIOT HOSPITAL NHS TRUST,X06,Other - Other Services,291,148,50.90%,17.3,53.7,26
Y60,RNA,THE DUDLEY GROUP NHS FOUNDATION TRUST,C_100,General Surgery Service,"2,036","1,158",56.90%,15.5,42.3,43
Y60,RNA,THE DUDLEY GROUP NHS FOUNDATION TRUST,C_101,Urology Service,"1,672","1,127",67.40%,9.8,41.3,61
Y60,RNA,THE DUDLEY GROUP NHS FOUNDATION TRUST,C_110,Trauma and Orthopaedic Service,"2,571","1,407",54.70%,14.9,35.1,31
Y60,RNA,THE DUDLEY GROUP NHS FOUNDATION TRUST,C_120,Ear Nose and Throat Service,"1,499","1,226",81.80%,5.8,30.5,15
Y60,RNA,THE DUDLEY GROUP NHS FOUNDATION TRUST,C_130,Ophthalmology Service,"1,355","1,076",79.40%,5.5,31.7,35
Y60,RNA,THE DUDLEY GROUP NHS FOUNDATION TRUST,C_140,Oral Surgery Service,807,557,69.00%,9.5,38.7,40
Y60,RNA,THE DUDLEY GROUP NHS FOUNDATION TRUST,C_150,Neurosurgical Service, -   , -   , -   ,-,-,0
Y60,RNA,THE DUDLEY GROUP NHS FOUNDATION TRUST,C_160,Plastic Surgery Service,911,681,74.80%,7.1,32.9,15
Y60,RNA,THE DUDLEY GROUP NHS FOUNDATION TRUST,C_170,Cardiothoracic Surgery Service, -   , -   , -   ,-,-,0
Y60,RNA,THE DUDLEY GROUP NHS FOUNDATION TRUST,C_300,General Internal Medicine Service,3,3,100.00%,-,-,0
Y60,RNA,THE DUDLEY GROUP NHS FOUNDATION TRUST,C_301,Gastroenterology Service,"2,432","2,127",87.50%,7.7,21.1,0
Y60,RNA,THE DUDLEY GROUP NHS FOUNDATION TRUST,C_320,Cardiology Service,877,827,94.30%,6.2,16.5,0
Y60,RNA,THE DUDLEY GROUP NHS FOUNDATION TRUST,C_330,Dermatology Service,763,731,95.80%,3.8,13.6,0
Y60,RNA,THE DUDLEY GROUP NHS FOUNDATION TRUST,C_340,Respiratory Medicine Service,411,374,91.00%,5.4,19.3,0
Y60,RNA,THE DUDLEY GROUP NHS FOUNDATION TRUST,C_400,Neurology Service,555,500,90.10%,6.8,18.6,0
Y60,RNA,THE DUDLEY GROUP NHS FOUNDATION TRUST,C_410,Rheumatology Service,641,560,87.40%,6.1,23,0
Y60,RNA,THE DUDLEY GROUP NHS FOUNDATION TRUST,C_430,Elderly Medicine Service,101,87,86.10%,6.2,24,0
Y60,RNA,THE DUDLEY GROUP NHS FOUNDATION TRUST,C_502,Gynaecology Service,"2,044","1,633",79.90%,8.3,29.7,3
Y60,RNA,THE DUDLEY GROUP NHS FOUNDATION TRUST,X02,Other - Medical Services,"2,043","1,658",81.20%,7.2,29.8,11
Y60,RNA,THE DUDLEY GROUP NHS FOUNDATION TRUST,X03,Other - Mental Health Services, -   , -   , -   ,-,-,0
Y60,RNA,THE DUDLEY GROUP NHS FOUNDATION TRUST,X04,Other - Paediatric Services,958,816,85.20%,6.8,23,7
Y60,RNA,THE DUDLEY GROUP NHS FOUNDATION TRUST,X05,Other - Surgical Services,"1,633","1,351",82.70%,7.5,29.4,39
Y60,RNA,THE DUDLEY GROUP NHS FOUNDATION TRUST,X06,Other - Other Services,462,423,91.60%,8.1,18.3,0
Y60,RNQ,KETTERING GENERAL HOSPITAL NHS FOUNDATION TRUST,C_100,General Surgery Service,"1,152",709,61.50%,13.8,31.9,0
Y60,RNQ,KETTERING GENERAL HOSPITAL NHS FOUNDATION TRUST,C_101,Urology Service,981,727,74.10%,8.6,28.4,1
Y60,RNQ,KETTERING GENERAL HOSPITAL NHS FOUNDATION TRUST,C_110,Trauma and Orthopaedic Service,"2,054","1,477",71.90%,10.3,29.5,0
Y60,RNQ,KETTERING GENERAL HOSPITAL NHS FOUNDATION TRUST,C_120,Ear Nose and Throat Service,"1,084",690,63.70%,13.7,29.7,0
Y60,RNQ,KETTERING GENERAL HOSPITAL NHS FOUNDATION TRUST,C_130,Ophthalmology Service,"1,926","1,451",75.30%,10,28.8,1
Y60,RNQ,KETTERING GENERAL HOSPITAL NHS FOUNDATION TRUST,C_140,Oral Surgery Service,"1,214",843,69.40%,10.9,28.1,3
Y60,RNQ,KETTERING GENERAL HOSPITAL NHS FOUNDATION TRUST,C_150,Neurosurgical Service, -   , -   , -   ,-,-,0
Y60,RNQ,KETTERING GENERAL HOSPITAL NHS FOUNDATION TRUST,C_160,Plastic Surgery Service,90,65,72.20%,11.9,32.6,0
Y60,RNQ,KETTERING GENERAL HOSPITAL NHS FOUNDATION TRUST,C_170,Cardiothoracic Surgery Service,11,8,72.70%,-,-,0
Y60,RNQ,KETTERING GENERAL HOSPITAL NHS FOUNDATION TRUST,C_300,General Internal Medicine Service,2,2,100.00%,-,-,0
Y60,RNQ,KETTERING GENERAL HOSPITAL NHS FOUNDATION TRUST,C_301,Gastroenterology Service,"1,413","1,133",80.20%,9.6,25.8,0
Y60,RNQ,KETTERING GENERAL HOSPITAL NHS FOUNDATION TRUST,C_320,Cardiology Service,"1,233","1,001",81.20%,10,22.3,0
Y60,RNQ,KETTERING GENERAL HOSPITAL NHS FOUNDATION TRUST,C_330,Dermatology Service,674,498,73.90%,9.8,24.5,0
Y60,RNQ,KETTERING GENERAL HOSPITAL NHS FOUNDATION TRUST,C_340,Respiratory Medicine Service,640,493,77.00%,9.4,26.3,0
Y60,RNQ,KETTERING GENERAL HOSPITAL NHS FOUNDATION TRUST,C_400,Neurology Service,363,346,95.30%,5.8,16.3,0
Y60,RNQ,KETTERING GENERAL HOSPITAL NHS FOUNDATION TRUST,C_410,Rheumatology Service,435,142,32.60%,21.8,34,2
Y60,RNQ,KETTERING GENERAL HOSPITAL NHS FOUNDATION TRUST,C_430,Elderly Medicine Service,67,55,82.10%,9.4,23.9,0
Y60,RNQ,KETTERING GENERAL HOSPITAL NHS FOUNDATION TRUST,C_502,Gynaecology Service,"1,308","1,123",85.90%,7.2,23.3,0
Y60,RNQ,KETTERING GENERAL HOSPITAL NHS FOUNDATION TRUST,X02,Other - Medical Services,"2,008","1,429",71.20%,10.8,31.4,0
Y60,RNQ,KETTERING GENERAL HOSPITAL NHS FOUNDATION TRUST,X03,Other - Mental Health Services, -   , -   , -   ,-,-,0
Y60,RNQ,KETTERING GENERAL HOSPITAL NHS FOUNDATION TRUST,X04,Other - Paediatric Services,270,177,65.60%,12.7,26.4,0
Y60,RNQ,KETTERING GENERAL HOSPITAL NHS FOUNDATION TRUST,X05,Other - Surgical Services,717,611,85.20%,3.7,23,0
Y60,RNQ,KETTERING GENERAL HOSPITAL NHS FOUNDATION TRUST,X06,Other - Other Services,36,33,91.70%,4.8,26.1,0
Y60,RNS,NORTHAMPTON GENERAL HOSPITAL NHS TRUST,C_100,General Surgery Service,"1,840",,,9,,35
Y60,RNS,NORTHAMPTON GENERAL HOSPITAL NHS TRUST,C_101,Urology Service,798,,,10.7,,25
Y60,RNS,NORTHAMPTON GENERAL HOSPITAL NHS TRUST,C_110,Trauma and Orthopaedic Service,"1,477",,,18.6,,139
Y60,RNS,NORTHAMPTON GENERAL HOSPITAL NHS TRUST,C_120,Ear Nose and Throat Service,"1,217",,,8.7,,27
Y60,RNS,NORTHAMPTON GENERAL HOSPITAL NHS TRUST,C_130,Ophthalmology Service,"2,063",,,6.8,,10
Y60,RNS,NORTHAMPTON GENERAL HOSPITAL NHS TRUST,C_140,Oral Surgery Service,"1,499",,,11.3,,63
Y60,RNS,NORTHAMPTON GENERAL HOSPITAL NHS TRUST,C_150,Neurosurgical Service,52,,,6.5,,0
Y60,RNS,NORTHAMPTON GENERAL HOSPITAL NHS TRUST,C_160,Plastic Surgery Service,132,,,6.3,,3
Y60,RNS,NORTHAMPTON GENERAL HOSPITAL NHS TRUST,C_170,Cardiothoracic Surgery Service,25,,,4,,0
Y60,RNS,NORTHAMPTON GENERAL HOSPITAL NHS TRUST,C_300,General Internal Medicine Service,408,,,5.1,,0
Y60,RNS,NORTHAMPTON GENERAL HOSPITAL NHS TRUST,C_301,Gastroenterology Service,"2,026",,,8.6,,13
Y60,RNS,NORTHAMPTON GENERAL HOSPITAL NHS TRUST,C_320,Cardiology Service,"2,008",,,10.5,,35
Y60,RNS,NORTHAMPTON GENERAL HOSPITAL NHS TRUST,C_330,Dermatology Service,"1,359",,,4.9,,1
Y60,RNS,NORTHAMPTON GENERAL HOSPITAL NHS TRUST,C_340,Respiratory Medicine Service,554,,,8.3,,2
Y60,RNS,NORTHAMPTON GENERAL HOSPITAL NHS TRUST,C_400,Neurology Service,747,,,5.4,,0
Y60,RNS,NORTHAMPTON GENERAL HOSPITAL NHS TRUST,C_410,Rheumatology Service,536,,,7.1,,0
Y60,RNS,NORTHAMPTON GENERAL HOSPITAL NHS TRUST,C_430,Elderly Medicine Service,74,,,5.4,,0
Y60,RNS,NORTHAMPTON GENERAL HOSPITAL NHS TRUST,C_502,Gynaecology Service,"2,113",,,11.7,,66
Y60,RNS,NORTHAMPTON GENERAL HOSPITAL NHS TRUST,X02,Other - Medical Services,"1,121",,,6,,26
Y60,RNS,NORTHAMPTON GENERAL HOSPITAL NHS TRUST,X03,Other - Mental Health Services, -   ,,,-,,0
Y60,RNS,NORTHAMPTON GENERAL HOSPITAL NHS TRUST,X04,Other - Paediatric Services,347,,,6.4,,10
Y60,RNS,NORTHAMPTON GENERAL HOSPITAL NHS TRUST,X05,Other - Surgical Services,411,,,9.7,,8
Y60,RNS,NORTHAMPTON GENERAL HOSPITAL NHS TRUST,X06,Other - Other Services,285,,,3.6,,0
Y60,RP1,NORTHAMPTONSHIRE HEALTHCARE NHS FOUNDATION TRUST,C_100,General Surgery Service, -   , -   , -   ,-,-,0
Y60,RP1,NORTHAMPTONSHIRE HEALTHCARE NHS FOUNDATION TRUST,C_101,Urology Service, -   , -   , -   ,-,-,0
Y60,RP1,NORTHAMPTONSHIRE HEALTHCARE NHS FOUNDATION TRUST,C_110,Trauma and Orthopaedic Service, -   , -   , -   ,-,-,0
Y60,RP1,NORTHAMPTONSHIRE HEALTHCARE NHS FOUNDATION TRUST,C_120,Ear Nose and Throat Service, -   , -   , -   ,-,-,0
Y60,RP1,NORTHAMPTONSHIRE HEALTHCARE NHS FOUNDATION TRUST,C_130,Ophthalmology Service, -   , -   , -   ,-,-,0
Y60,RP1,NORTHAMPTONSHIRE HEALTHCARE NHS FOUNDATION TRUST,C_140,Oral Surgery Service, -   , -   , -   ,-,-,0
Y60,RP1,NORTHAMPTONSHIRE HEALTHCARE NHS FOUNDATION TRUST,C_150,Neurosurgical Service, -   , -   , -   ,-,-,0
Y60,RP1,NORTHAMPTONSHIRE HEALTHCARE NHS FOUNDATION TRUST,C_160,Plastic Surgery Service, -   , -   , -   ,-,-,0
Y60,RP1,NORTHAMPTONSHIRE HEALTHCARE NHS FOUNDATION TRUST,C_170,Cardiothoracic Surgery Service, -   , -   , -   ,-,-,0
Y60,RP1,NORTHAMPTONSHIRE HEALTHCARE NHS FOUNDATION TRUST,C_300,General Internal Medicine Service, -   , -   , -   ,-,-,0
Y60,RP1,NORTHAMPTONSHIRE HEALTHCARE NHS FOUNDATION TRUST,C_301,Gastroenterology Service, -   , -   , -   ,-,-,0
Y60,RP1,NORTHAMPTONSHIRE HEALTHCARE NHS FOUNDATION TRUST,C_320,Cardiology Service, -   , -   , -   ,-,-,0
Y60,RP1,NORTHAMPTONSHIRE HEALTHCARE NHS FOUNDATION TRUST,C_330,Dermatology Service, -   , -   , -   ,-,-,0
Y60,RP1,NORTHAMPTONSHIRE HEALTHCARE NHS FOUNDATION TRUST,C_340,Respiratory Medicine Service, -   , -   , -   ,-,-,0
Y60,RP1,NORTHAMPTONSHIRE HEALTHCARE NHS FOUNDATION TRUST,C_400,Neurology Service, -   , -   , -   ,-,-,0
Y60,RP1,NORTHAMPTONSHIRE HEALTHCARE NHS FOUNDATION TRUST,C_410,Rheumatology Service, -   , -   , -   ,-,-,0
Y60,RP1,NORTHAMPTONSHIRE HEALTHCARE NHS FOUNDATION TRUST,C_430,Elderly Medicine Service, -   , -   , -   ,-,-,0
Y60,RP1,NORTHAMPTONSHIRE HEALTHCARE NHS FOUNDATION TRUST,C_502,Gynaecology Service, -   , -   , -   ,-,-,0
Y60,RP1,NORTHAMPTONSHIRE HEALTHCARE NHS FOUNDATION TRUST,X02,Other - Medical Services, -   , -   , -   ,-,-,0
Y60,RP1,NORTHAMPTONSHIRE HEALTHCARE NHS FOUNDATION TRUST,X03,Other - Mental Health Services, -   , -   , -   ,-,-,0
Y60,RP1,NORTHAMPTONSHIRE HEALTHCARE NHS FOUNDATION TRUST,X04,Other - Paediatric Services,189,146,77.20%,8.9,37.9,10
Y60,RP1,NORTHAMPTONSHIRE HEALTHCARE NHS FOUNDATION TRUST,X05,Other - Surgical Services, -   , -   , -   ,-,-,0
Y60,RP1,NORTHAMPTONSHIRE HEALTHCARE NHS FOUNDATION TRUST,X06,Other - Other Services,19,19,100.00%,-,-,0
Y60,RP7,LINCOLNSHIRE PARTNERSHIP NHS FOUNDATION TRUST,C_100,General Surgery Service, -   , -   , -   ,-,-,0
Y60,RP7,LINCOLNSHIRE PARTNERSHIP NHS FOUNDATION TRUST,C_101,Urology Service, -   , -   , -   ,-,-,0
Y60,RP7,LINCOLNSHIRE PARTNERSHIP NHS FOUNDATION TRUST,C_110,Trauma and Orthopaedic Service, -   , -   , -   ,-,-,0
Y60,RP7,LINCOLNSHIRE PARTNERSHIP NHS FOUNDATION TRUST,C_120,Ear Nose and Throat Service, -   , -   , -   ,-,-,0
Y60,RP7,LINCOLNSHIRE PARTNERSHIP NHS FOUNDATION TRUST,C_130,Ophthalmology Service, -   , -   , -   ,-,-,0
Y60,RP7,LINCOLNSHIRE PARTNERSHIP NHS FOUNDATION TRUST,C_140,Oral Surgery Service, -   , -   , -   ,-,-,0
Y60,RP7,LINCOLNSHIRE PARTNERSHIP NHS FOUNDATION TRUST,C_150,Neurosurgical Service, -   , -   , -   ,-,-,0
Y60,RP7,LINCOLNSHIRE PARTNERSHIP NHS FOUNDATION TRUST,C_160,Plastic Surgery Service, -   , -   , -   ,-,-,0
Y60,RP7,LINCOLNSHIRE PARTNERSHIP NHS FOUNDATION TRUST,C_170,Cardiothoracic Surgery Service, -   , -   , -   ,-,-,0
Y60,RP7,LINCOLNSHIRE PARTNERSHIP NHS FOUNDATION TRUST,C_300,General Internal Medicine Service, -   , -   , -   ,-,-,0
Y60,RP7,LINCOLNSHIRE PARTNERSHIP NHS FOUNDATION TRUST,C_301,Gastroenterology Service, -   , -   , -   ,-,-,0
Y60,RP7,LINCOLNSHIRE PARTNERSHIP NHS FOUNDATION TRUST,C_320,Cardiology Service, -   , -   , -   ,-,-,0
Y60,RP7,LINCOLNSHIRE PARTNERSHIP NHS FOUNDATION TRUST,C_330,Dermatology Service, -   , -   , -   ,-,-,0
Y60,RP7,LINCOLNSHIRE PARTNERSHIP NHS FOUNDATION TRUST,C_340,Respiratory Medicine Service, -   , -   , -   ,-,-,0
Y60,RP7,LINCOLNSHIRE PARTNERSHIP NHS FOUNDATION TRUST,C_400,Neurology Service, -   , -   , -   ,-,-,0
Y60,RP7,LINCOLNSHIRE PARTNERSHIP NHS FOUNDATION TRUST,C_410,Rheumatology Service, -   , -   , -   ,-,-,0
Y60,RP7,LINCOLNSHIRE PARTNERSHIP NHS FOUNDATION TRUST,C_430,Elderly Medicine Service, -   , -   , -   ,-,-,0
Y60,RP7,LINCOLNSHIRE PARTNERSHIP NHS FOUNDATION TRUST,C_502,Gynaecology Service, -   , -   , -   ,-,-,0
Y60,RP7,LINCOLNSHIRE PARTNERSHIP NHS FOUNDATION TRUST,X02,Other - Medical Services, -   , -   , -   ,-,-,0
Y60,RP7,LINCOLNSHIRE PARTNERSHIP NHS FOUNDATION TRUST,X03,Other - Mental Health Services,132,87,65.90%,13.2,35.4,2
Y60,RP7,LINCOLNSHIRE PARTNERSHIP NHS FOUNDATION TRUST,X04,Other - Paediatric Services, -   , -   , -   ,-,-,0
Y60,RP7,LINCOLNSHIRE PARTNERSHIP NHS FOUNDATION TRUST,X05,Other - Surgical Services, -   , -   , -   ,-,-,0
Y60,RP7,LINCOLNSHIRE PARTNERSHIP NHS FOUNDATION TRUST,X06,Other - Other Services, -   , -   , -   ,-,-,0
Y60,RQ3,BIRMINGHAM WOMEN'S AND CHILDREN'S NHS FOUNDATION TRUST,C_100,General Surgery Service, -   , -   , -   ,-,-,0
Y60,RQ3,BIRMINGHAM WOMEN'S AND CHILDREN'S NHS FOUNDATION TRUST,C_101,Urology Service, -   , -   , -   ,-,-,0
Y60,RQ3,BIRMINGHAM WOMEN'S AND CHILDREN'S NHS FOUNDATION TRUST,C_110,Trauma and Orthopaedic Service, -   , -   , -   ,-,-,0
Y60,RQ3,BIRMINGHAM WOMEN'S AND CHILDREN'S NHS FOUNDATION TRUST,C_120,Ear Nose and Throat Service, -   , -   , -   ,-,-,0
Y60,RQ3,BIRMINGHAM WOMEN'S AND CHILDREN'S NHS FOUNDATION TRUST,C_130,Ophthalmology Service, -   , -   , -   ,-,-,0
Y60,RQ3,BIRMINGHAM WOMEN'S AND CHILDREN'S NHS FOUNDATION TRUST,C_140,Oral Surgery Service, -   , -   , -   ,-,-,0
Y60,RQ3,BIRMINGHAM WOMEN'S AND CHILDREN'S NHS FOUNDATION TRUST,C_150,Neurosurgical Service, -   , -   , -   ,-,-,0
Y60,RQ3,BIRMINGHAM WOMEN'S AND CHILDREN'S NHS FOUNDATION TRUST,C_160,Plastic Surgery Service, -   , -   , -   ,-,-,0
Y60,RQ3,BIRMINGHAM WOMEN'S AND CHILDREN'S NHS FOUNDATION TRUST,C_170,Cardiothoracic Surgery Service, -   , -   , -   ,-,-,0
Y60,RQ3,BIRMINGHAM WOMEN'S AND CHILDREN'S NHS FOUNDATION TRUST,C_300,General Internal Medicine Service, -   , -   , -   ,-,-,0
Y60,RQ3,BIRMINGHAM WOMEN'S AND CHILDREN'S NHS FOUNDATION TRUST,C_301,Gastroenterology Service, -   , -   , -   ,-,-,0
Y60,RQ3,BIRMINGHAM WOMEN'S AND CHILDREN'S NHS FOUNDATION TRUST,C_320,Cardiology Service, -   , -   , -   ,-,-,0
Y60,RQ3,BIRMINGHAM WOMEN'S AND CHILDREN'S NHS FOUNDATION TRUST,C_330,Dermatology Service, -   , -   , -   ,-,-,0
Y60,RQ3,BIRMINGHAM WOMEN'S AND CHILDREN'S NHS FOUNDATION TRUST,C_340,Respiratory Medicine Service, -   , -   , -   ,-,-,0
Y60,RQ3,BIRMINGHAM WOMEN'S AND CHILDREN'S NHS FOUNDATION TRUST,C_400,Neurology Service, -   , -   , -   ,-,-,0
Y60,RQ3,BIRMINGHAM WOMEN'S AND CHILDREN'S NHS FOUNDATION TRUST,C_410,Rheumatology Service, -   , -   , -   ,-,-,0
Y60,RQ3,BIRMINGHAM WOMEN'S AND CHILDREN'S NHS FOUNDATION TRUST,C_430,Elderly Medicine Service, -   , -   , -   ,-,-,0
Y60,RQ3,BIRMINGHAM WOMEN'S AND CHILDREN'S NHS FOUNDATION TRUST,C_502,Gynaecology Service,"5,218","4,309",82.60%,7.7,30.8,133
Y60,RQ3,BIRMINGHAM WOMEN'S AND CHILDREN'S NHS FOUNDATION TRUST,X02,Other - Medical Services, -   , -   , -   ,-,-,0
Y60,RQ3,BIRMINGHAM WOMEN'S AND CHILDREN'S NHS FOUNDATION TRUST,X03,Other - Mental Health Services, -   , -   , -   ,-,-,0
Y60,RQ3,BIRMINGHAM WOMEN'S AND CHILDREN'S NHS FOUNDATION TRUST,X04,Other - Paediatric Services,"9,026","6,547",72.50%,9.4,59.5,861
Y60,RQ3,BIRMINGHAM WOMEN'S AND CHILDREN'S NHS FOUNDATION TRUST,X05,Other - Surgical Services, -   , -   , -   ,-,-,0
Y60,RQ3,BIRMINGHAM WOMEN'S AND CHILDREN'S NHS FOUNDATION TRUST,X06,Other - Other Services,"2,368","2,249",95.00%,6.3,15.7,0
Y60,RRE,MIDLANDS PARTNERSHIP NHS FOUNDATION TRUST,C_100,General Surgery Service, -   , -   , -   ,-,-,0
Y60,RRE,MIDLANDS PARTNERSHIP NHS FOUNDATION TRUST,C_101,Urology Service, -   , -   , -   ,-,-,0
Y60,RRE,MIDLANDS PARTNERSHIP NHS FOUNDATION TRUST,C_110,Trauma and Orthopaedic Service, -   , -   , -   ,-,-,0
Y60,RRE,MIDLANDS PARTNERSHIP NHS FOUNDATION TRUST,C_120,Ear Nose and Throat Service, -   , -   , -   ,-,-,0
Y60,RRE,MIDLANDS PARTNERSHIP NHS FOUNDATION TRUST,C_130,Ophthalmology Service, -   , -   , -   ,-,-,0
Y60,RRE,MIDLANDS PARTNERSHIP NHS FOUNDATION TRUST,C_140,Oral Surgery Service, -   , -   , -   ,-,-,0
Y60,RRE,MIDLANDS PARTNERSHIP NHS FOUNDATION TRUST,C_150,Neurosurgical Service, -   , -   , -   ,-,-,0
Y60,RRE,MIDLANDS PARTNERSHIP NHS FOUNDATION TRUST,C_160,Plastic Surgery Service, -   , -   , -   ,-,-,0
Y60,RRE,MIDLANDS PARTNERSHIP NHS FOUNDATION TRUST,C_170,Cardiothoracic Surgery Service, -   , -   , -   ,-,-,0
Y60,RRE,MIDLANDS PARTNERSHIP NHS FOUNDATION TRUST,C_300,General Internal Medicine Service, -   , -   , -   ,-,-,0
Y60,RRE,MIDLANDS PARTNERSHIP NHS FOUNDATION TRUST,C_301,Gastroenterology Service, -   , -   , -   ,-,-,0
Y60,RRE,MIDLANDS PARTNERSHIP NHS FOUNDATION TRUST,C_320,Cardiology Service, -   , -   , -   ,-,-,0
Y60,RRE,MIDLANDS PARTNERSHIP NHS FOUNDATION TRUST,C_330,Dermatology Service, -   , -   , -   ,-,-,0
Y60,RRE,MIDLANDS PARTNERSHIP NHS FOUNDATION TRUST,C_340,Respiratory Medicine Service, -   , -   , -   ,-,-,0
Y60,RRE,MIDLANDS PARTNERSHIP NHS FOUNDATION TRUST,C_400,Neurology Service,35,35,100.00%,8.5,12.6,0
Y60,RRE,MIDLANDS PARTNERSHIP NHS FOUNDATION TRUST,C_410,Rheumatology Service,"3,766","3,068",81.50%,5.7,25.9,15
Y60,RRE,MIDLANDS PARTNERSHIP NHS FOUNDATION TRUST,C_430,Elderly Medicine Service,1,1,100.00%,-,-,0
Y60,RRE,MIDLANDS PARTNERSHIP NHS FOUNDATION TRUST,C_502,Gynaecology Service, -   , -   , -   ,-,-,0
Y60,RRE,MIDLANDS PARTNERSHIP NHS FOUNDATION TRUST,X02,Other - Medical Services,41,38,92.70%,7.5,16.7,0
Y60,RRE,MIDLANDS PARTNERSHIP NHS FOUNDATION TRUST,X03,Other - Mental Health Services, -   , -   , -   ,-,-,0
Y60,RRE,MIDLANDS PARTNERSHIP NHS FOUNDATION TRUST,X04,Other - Paediatric Services, -   , -   , -   ,-,-,0
Y60,RRE,MIDLANDS PARTNERSHIP NHS FOUNDATION TRUST,X05,Other - Surgical Services, -   , -   , -   ,-,-,0
Y60,RRE,MIDLANDS PARTNERSHIP NHS FOUNDATION TRUST,X06,Other - Other Services,"1,457","1,455",99.90%,1.9,5.1,0
Y60,RRJ,THE ROYAL ORTHOPAEDIC HOSPITAL NHS FOUNDATION TRUST,C_100,General Surgery Service, -   , -   , -   ,-,-,0
Y60,RRJ,THE ROYAL ORTHOPAEDIC HOSPITAL NHS FOUNDATION TRUST,C_101,Urology Service, -   , -   , -   ,-,-,0
Y60,RRJ,THE ROYAL ORTHOPAEDIC HOSPITAL NHS FOUNDATION TRUST,C_110,Trauma and Orthopaedic Service,"8,942","4,986",55.80%,15,36.2,123
Y60,RRJ,THE ROYAL ORTHOPAEDIC HOSPITAL NHS FOUNDATION TRUST,C_120,Ear Nose and Throat Service, -   , -   , -   ,-,-,0
Y60,RRJ,THE ROYAL ORTHOPAEDIC HOSPITAL NHS FOUNDATION TRUST,C_130,Ophthalmology Service, -   , -   , -   ,-,-,0
Y60,RRJ,THE ROYAL ORTHOPAEDIC HOSPITAL NHS FOUNDATION TRUST,C_140,Oral Surgery Service, -   , -   , -   ,-,-,0
Y60,RRJ,THE ROYAL ORTHOPAEDIC HOSPITAL NHS FOUNDATION TRUST,C_150,Neurosurgical Service, -   , -   , -   ,-,-,0
Y60,RRJ,THE ROYAL ORTHOPAEDIC HOSPITAL NHS FOUNDATION TRUST,C_160,Plastic Surgery Service, -   , -   , -   ,-,-,0
Y60,RRJ,THE ROYAL ORTHOPAEDIC HOSPITAL NHS FOUNDATION TRUST,C_170,Cardiothoracic Surgery Service, -   , -   , -   ,-,-,0
Y60,RRJ,THE ROYAL ORTHOPAEDIC HOSPITAL NHS FOUNDATION TRUST,C_300,General Internal Medicine Service,278,222,79.90%,6.9,27.2,0
Y60,RRJ,THE ROYAL ORTHOPAEDIC HOSPITAL NHS FOUNDATION TRUST,C_301,Gastroenterology Service, -   , -   , -   ,-,-,0
Y60,RRJ,THE ROYAL ORTHOPAEDIC HOSPITAL NHS FOUNDATION TRUST,C_320,Cardiology Service, -   , -   , -   ,-,-,0
Y60,RRJ,THE ROYAL ORTHOPAEDIC HOSPITAL NHS FOUNDATION TRUST,C_330,Dermatology Service, -   , -   , -   ,-,-,0
Y60,RRJ,THE ROYAL ORTHOPAEDIC HOSPITAL NHS FOUNDATION TRUST,C_340,Respiratory Medicine Service, -   , -   , -   ,-,-,0
Y60,RRJ,THE ROYAL ORTHOPAEDIC HOSPITAL NHS FOUNDATION TRUST,C_400,Neurology Service, -   , -   , -   ,-,-,0
Y60,RRJ,THE ROYAL ORTHOPAEDIC HOSPITAL NHS FOUNDATION TRUST,C_410,Rheumatology Service, -   , -   , -   ,-,-,0
Y60,RRJ,THE ROYAL ORTHOPAEDIC HOSPITAL NHS FOUNDATION TRUST,C_430,Elderly Medicine Service, -   , -   , -   ,-,-,0
Y60,RRJ,THE ROYAL ORTHOPAEDIC HOSPITAL NHS FOUNDATION TRUST,C_502,Gynaecology Service, -   , -   , -   ,-,-,0
Y60,RRJ,THE ROYAL ORTHOPAEDIC HOSPITAL NHS FOUNDATION TRUST,X02,Other - Medical Services,444,306,68.90%,11,24.7,0
Y60,RRJ,THE ROYAL ORTHOPAEDIC HOSPITAL NHS FOUNDATION TRUST,X03,Other - Mental Health Services, -   , -   , -   ,-,-,0
Y60,RRJ,THE ROYAL ORTHOPAEDIC HOSPITAL NHS FOUNDATION TRUST,X04,Other - Paediatric Services, -   , -   , -   ,-,-,0
Y60,RRJ,THE ROYAL ORTHOPAEDIC HOSPITAL NHS FOUNDATION TRUST,X05,Other - Surgical Services, -   , -   , -   ,-,-,0
Y60,RRJ,THE ROYAL ORTHOPAEDIC HOSPITAL NHS FOUNDATION TRUST,X06,Other - Other Services,201,166,82.60%,8.4,28.9,1
Y60,RRK,UNIVERSITY HOSPITALS BIRMINGHAM NHS FOUNDATION TRUST,C_100,General Surgery Service,"9,397","3,952",42.10%,22.5,73.2,"1,969"
Y60,RRK,UNIVERSITY HOSPITALS BIRMINGHAM NHS FOUNDATION TRUST,C_101,Urology Service,"10,965","3,916",35.70%,26,74.9,"2,911"
Y60,RRK,UNIVERSITY HOSPITALS BIRMINGHAM NHS FOUNDATION TRUST,C_110,Trauma and Orthopaedic Service,"10,796","4,295",39.80%,24.1,58.4,"1,038"
Y60,RRK,UNIVERSITY HOSPITALS BIRMINGHAM NHS FOUNDATION TRUST,C_120,Ear Nose and Throat Service,"17,188","5,772",33.60%,28.3,69.2,"4,442"
Y60,RRK,UNIVERSITY HOSPITALS BIRMINGHAM NHS FOUNDATION TRUST,C_130,Ophthalmology Service,"13,686","5,563",40.60%,22.9,68.5,"3,251"
Y60,RRK,UNIVERSITY HOSPITALS BIRMINGHAM NHS FOUNDATION TRUST,C_140,Oral Surgery Service,"4,780","1,794",37.50%,23.3,72.1,"1,081"
Y60,RRK,UNIVERSITY HOSPITALS BIRMINGHAM NHS FOUNDATION TRUST,C_150,Neurosurgical Service,"2,964","1,334",45.00%,19.8,56.5,266
Y60,RRK,UNIVERSITY HOSPITALS BIRMINGHAM NHS FOUNDATION TRUST,C_160,Plastic Surgery Service,"1,720",684,39.80%,23,72.1,359
Y60,RRK,UNIVERSITY HOSPITALS BIRMINGHAM NHS FOUNDATION TRUST,C_170,Cardiothoracic Surgery Service,436,201,46.10%,20.2,60.1,47
Y60,RRK,UNIVERSITY HOSPITALS BIRMINGHAM NHS FOUNDATION TRUST,C_300,General Internal Medicine Service,"3,960","3,559",89.90%,8.6,18.8,0
Y60,RRK,UNIVERSITY HOSPITALS BIRMINGHAM NHS FOUNDATION TRUST,C_301,Gastroenterology Service,"9,075","5,870",64.70%,12.9,37.2,427
Y60,RRK,UNIVERSITY HOSPITALS BIRMINGHAM NHS FOUNDATION TRUST,C_320,Cardiology Service,"11,445","7,661",66.90%,11.9,31.5,231
Y60,RRK,UNIVERSITY HOSPITALS BIRMINGHAM NHS FOUNDATION TRUST,C_330,Dermatology Service,"10,270","5,372",52.30%,16.6,59.7,"1,036"
Y60,RRK,UNIVERSITY HOSPITALS BIRMINGHAM NHS FOUNDATION TRUST,C_340,Respiratory Medicine Service,"3,416","1,968",57.60%,15.2,40.8,120
Y60,RRK,UNIVERSITY HOSPITALS BIRMINGHAM NHS FOUNDATION TRUST,C_400,Neurology Service,"7,343","3,113",42.40%,21.7,51.8,584
Y60,RRK,UNIVERSITY HOSPITALS BIRMINGHAM NHS FOUNDATION TRUST,C_410,Rheumatology Service,"2,701","1,714",63.50%,13.3,32.2,10
Y60,RRK,UNIVERSITY HOSPITALS BIRMINGHAM NHS FOUNDATION TRUST,C_430,Elderly Medicine Service,623,366,58.70%,14.7,46.1,42
Y60,RRK,UNIVERSITY HOSPITALS BIRMINGHAM NHS FOUNDATION TRUST,C_502,Gynaecology Service,"10,728","6,479",60.40%,14.4,35.2,383
Y60,RRK,UNIVERSITY HOSPITALS BIRMINGHAM NHS FOUNDATION TRUST,X02,Other - Medical Services,"16,014","10,829",67.60%,11.9,33.1,405
Y60,RRK,UNIVERSITY HOSPITALS BIRMINGHAM NHS FOUNDATION TRUST,X03,Other - Mental Health Services,3,3,100.00%,-,-,0
Y60,RRK,UNIVERSITY HOSPITALS BIRMINGHAM NHS FOUNDATION TRUST,X04,Other - Paediatric Services,"2,938","1,401",47.70%,19.3,59.2,295
Y60,RRK,UNIVERSITY HOSPITALS BIRMINGHAM NHS FOUNDATION TRUST,X05,Other - Surgical Services,"10,327","4,877",47.20%,19.6,62.8,"1,479"
Y60,RRK,UNIVERSITY HOSPITALS BIRMINGHAM NHS FOUNDATION TRUST,X06,Other - Other Services,"5,567","3,864",69.40%,11.5,27.5,94
Y60,RTG,UNIVERSITY HOSPITALS OF DERBY AND BURTON NHS FOUNDATION TRUST,C_100,General Surgery Service,"3,724","1,903",51.10%,16.8,71.3,670
Y60,RTG,UNIVERSITY HOSPITALS OF DERBY AND BURTON NHS FOUNDATION TRUST,C_101,Urology Service,"2,874","1,584",55.10%,14.6,64.9,404
Y60,RTG,UNIVERSITY HOSPITALS OF DERBY AND BURTON NHS FOUNDATION TRUST,C_110,Trauma and Orthopaedic Service,"12,848","4,763",37.10%,25,73.7,"3,092"
Y60,RTG,UNIVERSITY HOSPITALS OF DERBY AND BURTON NHS FOUNDATION TRUST,C_120,Ear Nose and Throat Service,"4,974","2,206",44.40%,21.4,59.2,589
Y60,RTG,UNIVERSITY HOSPITALS OF DERBY AND BURTON NHS FOUNDATION TRUST,C_130,Ophthalmology Service,"9,258","4,323",46.70%,19.6,62.6,"1,312"
Y60,RTG,UNIVERSITY HOSPITALS OF DERBY AND BURTON NHS FOUNDATION TRUST,C_140,Oral Surgery Service,"3,057","1,539",50.30%,17.2,65.9,565
Y60,RTG,UNIVERSITY HOSPITALS OF DERBY AND BURTON NHS FOUNDATION TRUST,C_150,Neurosurgical Service,64,28,43.80%,22.5,35.9,4
Y60,RTG,UNIVERSITY HOSPITALS OF DERBY AND BURTON NHS FOUNDATION TRUST,C_160,Plastic Surgery Service,359,180,50.10%,17,77.1,76
Y60,RTG,UNIVERSITY HOSPITALS OF DERBY AND BURTON NHS FOUNDATION TRUST,C_170,Cardiothoracic Surgery Service,11,9,81.80%,-,-,1
Y60,RTG,UNIVERSITY HOSPITALS OF DERBY AND BURTON NHS FOUNDATION TRUST,C_300,General Internal Medicine Service,577,547,94.80%,7.6,15.6,1
Y60,RTG,UNIVERSITY HOSPITALS OF DERBY AND BURTON NHS FOUNDATION TRUST,C_301,Gastroenterology Service,"3,225","2,927",90.80%,7.3,18.8,12
Y60,RTG,UNIVERSITY HOSPITALS OF DERBY AND BURTON NHS FOUNDATION TRUST,C_320,Cardiology Service,"1,777","1,583",89.10%,5.6,23.1,19
Y60,RTG,UNIVERSITY HOSPITALS OF DERBY AND BURTON NHS FOUNDATION TRUST,C_330,Dermatology Service,"3,234","1,954",60.40%,11.2,40.8,132
Y60,RTG,UNIVERSITY HOSPITALS OF DERBY AND BURTON NHS FOUNDATION TRUST,C_340,Respiratory Medicine Service,430,329,76.50%,7.6,24.9,3
Y60,RTG,UNIVERSITY HOSPITALS OF DERBY AND BURTON NHS FOUNDATION TRUST,C_400,Neurology Service,"1,052",631,60.00%,12.3,34.2,26
Y60,RTG,UNIVERSITY HOSPITALS OF DERBY AND BURTON NHS FOUNDATION TRUST,C_410,Rheumatology Service,"1,121",869,77.50%,8.3,25.2,7
Y60,RTG,UNIVERSITY HOSPITALS OF DERBY AND BURTON NHS FOUNDATION TRUST,C_430,Elderly Medicine Service,297,232,78.10%,5.7,34.2,2
Y60,RTG,UNIVERSITY HOSPITALS OF DERBY AND BURTON NHS FOUNDATION TRUST,C_502,Gynaecology Service,"4,438","2,514",56.60%,14.8,56.9,381
Y60,RTG,UNIVERSITY HOSPITALS OF DERBY AND BURTON NHS FOUNDATION TRUST,X02,Other - Medical Services,"4,586","3,908",85.20%,6.9,24.2,55
Y60,RTG,UNIVERSITY HOSPITALS OF DERBY AND BURTON NHS FOUNDATION TRUST,X03,Other - Mental Health Services,2,2,100.00%,-,-,0
Y60,RTG,UNIVERSITY HOSPITALS OF DERBY AND BURTON NHS FOUNDATION TRUST,X04,Other - Paediatric Services,"2,063",931,45.10%,20.8,69.6,534
Y60,RTG,UNIVERSITY HOSPITALS OF DERBY AND BURTON NHS FOUNDATION TRUST,X05,Other - Surgical Services,"4,469","2,744",61.40%,11.5,68.9,645
Y60,RTG,UNIVERSITY HOSPITALS OF DERBY AND BURTON NHS FOUNDATION TRUST,X06,Other - Other Services,717,526,73.40%,7.9,61.9,75
Y60,RWD,UNITED LINCOLNSHIRE HOSPITALS NHS TRUST,C_100,General Surgery Service,"3,108","1,929",62.10%,12.7,41.4,141
Y60,RWD,UNITED LINCOLNSHIRE HOSPITALS NHS TRUST,C_101,Urology Service,"2,146","1,383",64.40%,12.7,34.3,22
Y60,RWD,UNITED LINCOLNSHIRE HOSPITALS NHS TRUST,C_110,Trauma and Orthopaedic Service,"2,940","1,378",46.90%,19.5,40,113
Y60,RWD,UNITED LINCOLNSHIRE HOSPITALS NHS TRUST,C_120,Ear Nose and Throat Service,"4,518","1,843",40.80%,21.5,39.5,125
Y60,RWD,UNITED LINCOLNSHIRE HOSPITALS NHS TRUST,C_130,Ophthalmology Service,"6,346","2,746",43.30%,21.1,44.7,384
Y60,RWD,UNITED LINCOLNSHIRE HOSPITALS NHS TRUST,C_140,Oral Surgery Service, -   , -   , -   ,-,-,0
Y60,RWD,UNITED LINCOLNSHIRE HOSPITALS NHS TRUST,C_150,Neurosurgical Service, -   , -   , -   ,-,-,0
Y60,RWD,UNITED LINCOLNSHIRE HOSPITALS NHS TRUST,C_160,Plastic Surgery Service, -   , -   , -   ,-,-,0
Y60,RWD,UNITED LINCOLNSHIRE HOSPITALS NHS TRUST,C_170,Cardiothoracic Surgery Service,3,2,66.70%,-,-,0
Y60,RWD,UNITED LINCOLNSHIRE HOSPITALS NHS TRUST,C_300,General Internal Medicine Service,128,75,58.60%,13.8,35.8,6
Y60,RWD,UNITED LINCOLNSHIRE HOSPITALS NHS TRUST,C_301,Gastroenterology Service,"2,866","1,772",61.80%,13,35.3,6
Y60,RWD,UNITED LINCOLNSHIRE HOSPITALS NHS TRUST,C_320,Cardiology Service,"1,339","1,085",81.00%,11,22.4,0
Y60,RWD,UNITED LINCOLNSHIRE HOSPITALS NHS TRUST,C_330,Dermatology Service,"2,714","1,270",46.80%,19.6,39.4,4
Y60,RWD,UNITED LINCOLNSHIRE HOSPITALS NHS TRUST,C_340,Respiratory Medicine Service,"1,259",650,51.60%,16.7,41.9,22
Y60,RWD,UNITED LINCOLNSHIRE HOSPITALS NHS TRUST,C_400,Neurology Service,953,518,54.40%,14.8,30.9,0
Y60,RWD,UNITED LINCOLNSHIRE HOSPITALS NHS TRUST,C_410,Rheumatology Service,"1,210",652,53.90%,15.7,38.2,0
Y60,RWD,UNITED LINCOLNSHIRE HOSPITALS NHS TRUST,C_430,Elderly Medicine Service,154,130,84.40%,10.6,26.3,4
Y60,RWD,UNITED LINCOLNSHIRE HOSPITALS NHS TRUST,C_502,Gynaecology Service,"3,456","1,826",52.80%,16.1,45,224
Y60,RWD,UNITED LINCOLNSHIRE HOSPITALS NHS TRUST,X02,Other - Medical Services,"2,902","2,325",80.10%,8.5,27.4,2
Y60,RWD,UNITED LINCOLNSHIRE HOSPITALS NHS TRUST,X03,Other - Mental Health Services, -   , -   , -   ,-,-,0
Y60,RWD,UNITED LINCOLNSHIRE HOSPITALS NHS TRUST,X04,Other - Paediatric Services,"1,411",910,64.50%,12.9,29,0
Y60,RWD,UNITED LINCOLNSHIRE HOSPITALS NHS TRUST,X05,Other - Surgical Services,"5,172","3,217",62.20%,11.3,41.9,290
Y60,RWD,UNITED LINCOLNSHIRE HOSPITALS NHS TRUST,X06,Other - Other Services,491,359,73.10%,9.3,32.5,6
Y60,RWE,UNIVERSITY HOSPITALS OF LEICESTER NHS TRUST,C_100,General Surgery Service,"5,521","2,447",44.30%,21.7,75.4,"1,147"
Y60,RWE,UNIVERSITY HOSPITALS OF LEICESTER NHS TRUST,C_101,Urology Service,"5,127","2,607",50.80%,17.1,73.1,815
Y60,RWE,UNIVERSITY HOSPITALS OF LEICESTER NHS TRUST,C_110,Trauma and Orthopaedic Service,"9,333","3,114",33.40%,26.5,73.4,"2,329"
Y60,RWE,UNIVERSITY HOSPITALS OF LEICESTER NHS TRUST,C_120,Ear Nose and Throat Service,"6,744","2,473",36.70%,24.9,74.2,"1,402"
Y60,RWE,UNIVERSITY HOSPITALS OF LEICESTER NHS TRUST,C_130,Ophthalmology Service,"11,351","5,975",52.60%,15.9,43.4,711
Y60,RWE,UNIVERSITY HOSPITALS OF LEICESTER NHS TRUST,C_140,Oral Surgery Service,"3,618","1,448",40.00%,23.1,78.5,920
Y60,RWE,UNIVERSITY HOSPITALS OF LEICESTER NHS TRUST,C_150,Neurosurgical Service,36,34,94.40%,8.7,16.6,0
Y60,RWE,UNIVERSITY HOSPITALS OF LEICESTER NHS TRUST,C_160,Plastic Surgery Service,"1,343",484,36.00%,27.8,77.4,416
Y60,RWE,UNIVERSITY HOSPITALS OF LEICESTER NHS TRUST,C_170,Cardiothoracic Surgery Service,398,247,62.10%,10.4,37.8,9
Y60,RWE,UNIVERSITY HOSPITALS OF LEICESTER NHS TRUST,C_300,General Internal Medicine Service,35,30,85.70%,2.5,25.1,0
Y60,RWE,UNIVERSITY HOSPITALS OF LEICESTER NHS TRUST,C_301,Gastroenterology Service,"7,772","3,612",46.50%,20,57.1,760
Y60,RWE,UNIVERSITY HOSPITALS OF LEICESTER NHS TRUST,C_320,Cardiology Service,"3,990","2,439",61.10%,11.8,43.7,200
Y60,RWE,UNIVERSITY HOSPITALS OF LEICESTER NHS TRUST,C_330,Dermatology Service,"3,014","1,939",64.30%,11.3,30.9,2
Y60,RWE,UNIVERSITY HOSPITALS OF LEICESTER NHS TRUST,C_340,Respiratory Medicine Service,680,652,95.90%,4.3,13,1
Y60,RWE,UNIVERSITY HOSPITALS OF LEICESTER NHS TRUST,C_400,Neurology Service,"1,836","1,413",77.00%,9.5,22.4,1
Y60,RWE,UNIVERSITY HOSPITALS OF LEICESTER NHS TRUST,C_410,Rheumatology Service,"1,615","1,199",74.20%,10.2,24.9,0
Y60,RWE,UNIVERSITY HOSPITALS OF LEICESTER NHS TRUST,C_430,Elderly Medicine Service,367,321,87.50%,7.2,19.7,1
Y60,RWE,UNIVERSITY HOSPITALS OF LEICESTER NHS TRUST,C_502,Gynaecology Service,"8,554","3,335",39.00%,23.8,63.1,"1,293"
Y60,RWE,UNIVERSITY HOSPITALS OF LEICESTER NHS TRUST,X02,Other - Medical Services,"6,893","4,831",70.10%,9.5,43,358
Y60,RWE,UNIVERSITY HOSPITALS OF LEICESTER NHS TRUST,X03,Other - Mental Health Services, -   , -   , -   ,-,-,0
Y60,RWE,UNIVERSITY HOSPITALS OF LEICESTER NHS TRUST,X04,Other - Paediatric Services,"7,340","4,221",57.50%,13.6,68.8,"1,147"
Y60,RWE,UNIVERSITY HOSPITALS OF LEICESTER NHS TRUST,X05,Other - Surgical Services,"3,939","1,827",46.40%,20.3,63.9,681
Y60,RWE,UNIVERSITY HOSPITALS OF LEICESTER NHS TRUST,X06,Other - Other Services,"2,182","1,393",63.80%,11.7,51.1,172
Y60,RWP,WORCESTERSHIRE ACUTE HOSPITALS NHS TRUST,C_100,General Surgery Service,"5,848","2,421",41.40%,22.9,63.7,887
Y60,RWP,WORCESTERSHIRE ACUTE HOSPITALS NHS TRUST,C_101,Urology Service,"5,145","1,914",37.20%,28.2,69.4,"1,198"
Y60,RWP,WORCESTERSHIRE ACUTE HOSPITALS NHS TRUST,C_110,Trauma and Orthopaedic Service,"4,218","1,048",24.80%,32.3,72.7,"1,139"
Y60,RWP,WORCESTERSHIRE ACUTE HOSPITALS NHS TRUST,C_120,Ear Nose and Throat Service,"4,399","2,383",54.20%,16.1,46,296
Y60,RWP,WORCESTERSHIRE ACUTE HOSPITALS NHS TRUST,C_130,Ophthalmology Service,"5,296","3,339",63.00%,13.2,38.4,240
Y60,RWP,WORCESTERSHIRE ACUTE HOSPITALS NHS TRUST,C_140,Oral Surgery Service,"2,767","1,027",37.10%,25.5,67,666
Y60,RWP,WORCESTERSHIRE ACUTE HOSPITALS NHS TRUST,C_150,Neurosurgical Service, -   , -   , -   ,-,-,0
Y60,RWP,WORCESTERSHIRE ACUTE HOSPITALS NHS TRUST,C_160,Plastic Surgery Service,39,12,30.80%,31,65.9,15
Y60,RWP,WORCESTERSHIRE ACUTE HOSPITALS NHS TRUST,C_170,Cardiothoracic Surgery Service, -   , -   , -   ,-,-,0
Y60,RWP,WORCESTERSHIRE ACUTE HOSPITALS NHS TRUST,C_300,General Internal Medicine Service,357,320,89.60%,7.6,21.1,7
Y60,RWP,WORCESTERSHIRE ACUTE HOSPITALS NHS TRUST,C_301,Gastroenterology Service,"2,596","1,669",64.30%,12.9,41.7,74
Y60,RWP,WORCESTERSHIRE ACUTE HOSPITALS NHS TRUST,C_320,Cardiology Service,"1,536","1,007",65.60%,11.6,33.8,29
Y60,RWP,WORCESTERSHIRE ACUTE HOSPITALS NHS TRUST,C_330,Dermatology Service,"1,529",923,60.40%,10.2,61,185
Y60,RWP,WORCESTERSHIRE ACUTE HOSPITALS NHS TRUST,C_340,Respiratory Medicine Service,953,603,63.30%,12.3,41.8,30
Y60,RWP,WORCESTERSHIRE ACUTE HOSPITALS NHS TRUST,C_400,Neurology Service,"1,043",728,69.80%,11.1,26.3,1
Y60,RWP,WORCESTERSHIRE ACUTE HOSPITALS NHS TRUST,C_410,Rheumatology Service,994,517,52.00%,16.3,59,100
Y60,RWP,WORCESTERSHIRE ACUTE HOSPITALS NHS TRUST,C_430,Elderly Medicine Service,182,168,92.30%,4.1,17.9,2
Y60,RWP,WORCESTERSHIRE ACUTE HOSPITALS NHS TRUST,C_502,Gynaecology Service,"4,141","1,962",47.40%,19.2,58.2,374
Y60,RWP,WORCESTERSHIRE ACUTE HOSPITALS NHS TRUST,X02,Other - Medical Services,"3,465","2,206",63.70%,12.6,43.8,211
Y60,RWP,WORCESTERSHIRE ACUTE HOSPITALS NHS TRUST,X03,Other - Mental Health Services, -   , -   , -   ,-,-,0
Y60,RWP,WORCESTERSHIRE ACUTE HOSPITALS NHS TRUST,X04,Other - Paediatric Services,100,60,60.00%,13.9,31,2
Y60,RWP,WORCESTERSHIRE ACUTE HOSPITALS NHS TRUST,X05,Other - Surgical Services,"3,406","1,902",55.80%,13.7,78.5,753
Y60,RWP,WORCESTERSHIRE ACUTE HOSPITALS NHS TRUST,X06,Other - Other Services,907,690,76.10%,9.1,35.7,40
Y60,RX1,NOTTINGHAM UNIVERSITY HOSPITALS NHS TRUST,C_100,General Surgery Service,849,398,46.90%,19.6,67,144
Y60,RX1,NOTTINGHAM UNIVERSITY HOSPITALS NHS TRUST,C_101,Urology Service,"3,033","2,162",71.30%,9.9,47.9,206
Y60,RX1,NOTTINGHAM UNIVERSITY HOSPITALS NHS TRUST,C_110,Trauma and Orthopaedic Service,"6,635","3,235",48.80%,19,60,755
Y60,RX1,NOTTINGHAM UNIVERSITY HOSPITALS NHS TRUST,C_120,Ear Nose and Throat Service,"4,257","2,499",58.70%,12.4,66.1,605
Y60,RX1,NOTTINGHAM UNIVERSITY HOSPITALS NHS TRUST,C_130,Ophthalmology Service,"7,001","3,865",55.20%,15,60.4,783
Y60,RX1,NOTTINGHAM UNIVERSITY HOSPITALS NHS TRUST,C_140,Oral Surgery Service,"2,399","1,210",50.40%,17,62.1,318
Y60,RX1,NOTTINGHAM UNIVERSITY HOSPITALS NHS TRUST,C_150,Neurosurgical Service,539,362,67.20%,10.1,61.2,63
Y60,RX1,NOTTINGHAM UNIVERSITY HOSPITALS NHS TRUST,C_160,Plastic Surgery Service,786,527,67.00%,11.2,42.2,45
Y60,RX1,NOTTINGHAM UNIVERSITY HOSPITALS NHS TRUST,C_170,Cardiothoracic Surgery Service,339,216,63.70%,11.5,49.4,23
Y60,RX1,NOTTINGHAM UNIVERSITY HOSPITALS NHS TRUST,C_300,General Internal Medicine Service,74,73,98.60%,0.5,0.9,0
Y60,RX1,NOTTINGHAM UNIVERSITY HOSPITALS NHS TRUST,C_301,Gastroenterology Service,"4,089","2,363",57.80%,13.8,35.7,47
Y60,RX1,NOTTINGHAM UNIVERSITY HOSPITALS NHS TRUST,C_320,Cardiology Service,"1,222","1,005",82.20%,6.5,31.7,37
Y60,RX1,NOTTINGHAM UNIVERSITY HOSPITALS NHS TRUST,C_330,Dermatology Service,"2,454","2,370",96.60%,4.5,12.3,0
Y60,RX1,NOTTINGHAM UNIVERSITY HOSPITALS NHS TRUST,C_340,Respiratory Medicine Service,"1,418","1,095",77.20%,9.1,30.8,4
Y60,RX1,NOTTINGHAM UNIVERSITY HOSPITALS NHS TRUST,C_400,Neurology Service,555,542,97.70%,4.5,11.3,0
Y60,RX1,NOTTINGHAM UNIVERSITY HOSPITALS NHS TRUST,C_410,Rheumatology Service,886,657,74.20%,11,28.5,1
Y60,RX1,NOTTINGHAM UNIVERSITY HOSPITALS NHS TRUST,C_430,Elderly Medicine Service,82,75,91.50%,5.2,18.4,0
Y60,RX1,NOTTINGHAM UNIVERSITY HOSPITALS NHS TRUST,C_502,Gynaecology Service,"2,399","1,863",77.70%,8,32.7,111
Y60,RX1,NOTTINGHAM UNIVERSITY HOSPITALS NHS TRUST,X02,Other - Medical Services,"4,458","3,947",88.50%,6,20.6,22
Y60,RX1,NOTTINGHAM UNIVERSITY HOSPITALS NHS TRUST,X03,Other - Mental Health Services, -   , -   , -   ,-,-,0
Y60,RX1,NOTTINGHAM UNIVERSITY HOSPITALS NHS TRUST,X04,Other - Paediatric Services,"1,678","1,334",79.50%,5.7,36.2,69
Y60,RX1,NOTTINGHAM UNIVERSITY HOSPITALS NHS TRUST,X05,Other - Surgical Services,"5,287","2,843",53.80%,15.6,57.3,534
Y60,RX1,NOTTINGHAM UNIVERSITY HOSPITALS NHS TRUST,X06,Other - Other Services,"1,188","1,118",94.10%,7.8,16.9,5
Y60,RXK,SANDWELL AND WEST BIRMINGHAM HOSPITALS NHS TRUST,C_100,General Surgery Service,"3,853","2,749",71.30%,8,36.7,92
Y60,RXK,SANDWELL AND WEST BIRMINGHAM HOSPITALS NHS TRUST,C_101,Urology Service,"3,187","1,954",61.30%,12.8,42.3,143
Y60,RXK,SANDWELL AND WEST BIRMINGHAM HOSPITALS NHS TRUST,C_110,Trauma and Orthopaedic Service,"4,304","2,413",56.10%,15.3,58.5,365
Y60,RXK,SANDWELL AND WEST BIRMINGHAM HOSPITALS NHS TRUST,C_120,Ear Nose and Throat Service,"3,184","2,391",75.10%,9.2,33.6,161
Y60,RXK,SANDWELL AND WEST BIRMINGHAM HOSPITALS NHS TRUST,C_130,Ophthalmology Service,"9,155","6,303",68.80%,9.1,39.2,567
Y60,RXK,SANDWELL AND WEST BIRMINGHAM HOSPITALS NHS TRUST,C_140,Oral Surgery Service,"2,024",597,29.50%,29.1,64.8,587
Y60,RXK,SANDWELL AND WEST BIRMINGHAM HOSPITALS NHS TRUST,C_150,Neurosurgical Service, -   , -   , -   ,-,-,0
Y60,RXK,SANDWELL AND WEST BIRMINGHAM HOSPITALS NHS TRUST,C_160,Plastic Surgery Service,181,85,47.00%,20,64.8,26
Y60,RXK,SANDWELL AND WEST BIRMINGHAM HOSPITALS NHS TRUST,C_170,Cardiothoracic Surgery Service,13,12,92.30%,-,-,0
Y60,RXK,SANDWELL AND WEST BIRMINGHAM HOSPITALS NHS TRUST,C_300,General Internal Medicine Service, -   , -   , -   ,-,-,0
Y60,RXK,SANDWELL AND WEST BIRMINGHAM HOSPITALS NHS TRUST,C_301,Gastroenterology Service,"1,869","1,309",70.00%,8.9,32.5,24
Y60,RXK,SANDWELL AND WEST BIRMINGHAM HOSPITALS NHS TRUST,C_320,Cardiology Service,"1,524","1,396",91.60%,7,18.4,1
Y60,RXK,SANDWELL AND WEST BIRMINGHAM HOSPITALS NHS TRUST,C_330,Dermatology Service,"3,085","1,578",51.20%,16.7,48.2,166
Y60,RXK,SANDWELL AND WEST BIRMINGHAM HOSPITALS NHS TRUST,C_340,Respiratory Medicine Service,"1,525","1,309",85.80%,7.1,20.8,0
Y60,RXK,SANDWELL AND WEST BIRMINGHAM HOSPITALS NHS TRUST,C_400,Neurology Service,501,487,97.20%,6.6,14.9,0
Y60,RXK,SANDWELL AND WEST BIRMINGHAM HOSPITALS NHS TRUST,C_410,Rheumatology Service,469,432,92.10%,5.7,17.7,0
Y60,RXK,SANDWELL AND WEST BIRMINGHAM HOSPITALS NHS TRUST,C_430,Elderly Medicine Service,41,41,100.00%,2.8,8.4,0
Y60,RXK,SANDWELL AND WEST BIRMINGHAM HOSPITALS NHS TRUST,C_502,Gynaecology Service,"2,264","1,818",80.30%,8.2,29,11
Y60,RXK,SANDWELL AND WEST BIRMINGHAM HOSPITALS NHS TRUST,X02,Other - Medical Services,"4,206","3,809",90.60%,11.2,19.1,5
Y60,RXK,SANDWELL AND WEST BIRMINGHAM HOSPITALS NHS TRUST,X03,Other - Mental Health Services, -   , -   , -   ,-,-,0
Y60,RXK,SANDWELL AND WEST BIRMINGHAM HOSPITALS NHS TRUST,X04,Other - Paediatric Services,"4,320","3,237",74.90%,8.3,38.6,225
Y60,RXK,SANDWELL AND WEST BIRMINGHAM HOSPITALS NHS TRUST,X05,Other - Surgical Services,"1,870","1,594",85.20%,7.8,28.1,50
Y60,RXK,SANDWELL AND WEST BIRMINGHAM HOSPITALS NHS TRUST,X06,Other - Other Services,171,155,90.60%,5.6,21.2,5
Y60,RXM,DERBYSHIRE HEALTHCARE NHS FOUNDATION TRUST,C_100,General Surgery Service, -   , -   , -   ,-,-,0
Y60,RXM,DERBYSHIRE HEALTHCARE NHS FOUNDATION TRUST,C_101,Urology Service, -   , -   , -   ,-,-,0
Y60,RXM,DERBYSHIRE HEALTHCARE NHS FOUNDATION TRUST,C_110,Trauma and Orthopaedic Service, -   , -   , -   ,-,-,0
Y60,RXM,DERBYSHIRE HEALTHCARE NHS FOUNDATION TRUST,C_120,Ear Nose and Throat Service, -   , -   , -   ,-,-,0
Y60,RXM,DERBYSHIRE HEALTHCARE NHS FOUNDATION TRUST,C_130,Ophthalmology Service, -   , -   , -   ,-,-,0
Y60,RXM,DERBYSHIRE HEALTHCARE NHS FOUNDATION TRUST,C_140,Oral Surgery Service, -   , -   , -   ,-,-,0
Y60,RXM,DERBYSHIRE HEALTHCARE NHS FOUNDATION TRUST,C_150,Neurosurgical Service, -   , -   , -   ,-,-,0
Y60,RXM,DERBYSHIRE HEALTHCARE NHS FOUNDATION TRUST,C_160,Plastic Surgery Service, -   , -   , -   ,-,-,0
Y60,RXM,DERBYSHIRE HEALTHCARE NHS FOUNDATION TRUST,C_170,Cardiothoracic Surgery Service, -   , -   , -   ,-,-,0
Y60,RXM,DERBYSHIRE HEALTHCARE NHS FOUNDATION TRUST,C_300,General Internal Medicine Service, -   , -   , -   ,-,-,0
Y60,RXM,DERBYSHIRE HEALTHCARE NHS FOUNDATION TRUST,C_301,Gastroenterology Service, -   , -   , -   ,-,-,0
Y60,RXM,DERBYSHIRE HEALTHCARE NHS FOUNDATION TRUST,C_320,Cardiology Service, -   , -   , -   ,-,-,0
Y60,RXM,DERBYSHIRE HEALTHCARE NHS FOUNDATION TRUST,C_330,Dermatology Service, -   , -   , -   ,-,-,0
Y60,RXM,DERBYSHIRE HEALTHCARE NHS FOUNDATION TRUST,C_340,Respiratory Medicine Service, -   , -   , -   ,-,-,0
Y60,RXM,DERBYSHIRE HEALTHCARE NHS FOUNDATION TRUST,C_400,Neurology Service, -   , -   , -   ,-,-,0
Y60,RXM,DERBYSHIRE HEALTHCARE NHS FOUNDATION TRUST,C_410,Rheumatology Service, -   , -   , -   ,-,-,0
Y60,RXM,DERBYSHIRE HEALTHCARE NHS FOUNDATION TRUST,C_430,Elderly Medicine Service, -   , -   , -   ,-,-,0
Y60,RXM,DERBYSHIRE HEALTHCARE NHS FOUNDATION TRUST,C_502,Gynaecology Service, -   , -   , -   ,-,-,0
Y60,RXM,DERBYSHIRE HEALTHCARE NHS FOUNDATION TRUST,X02,Other - Medical Services, -   , -   , -   ,-,-,0
Y60,RXM,DERBYSHIRE HEALTHCARE NHS FOUNDATION TRUST,X03,Other - Mental Health Services,327,299,91.40%,6.3,18.6,0
Y60,RXM,DERBYSHIRE HEALTHCARE NHS FOUNDATION TRUST,X04,Other - Paediatric Services,599,592,98.80%,7.3,14.8,0
Y60,RXM,DERBYSHIRE HEALTHCARE NHS FOUNDATION TRUST,X05,Other - Surgical Services, -   , -   , -   ,-,-,0
Y60,RXM,DERBYSHIRE HEALTHCARE NHS FOUNDATION TRUST,X06,Other - Other Services, -   , -   , -   ,-,-,0
Y60,RXW,THE SHREWSBURY AND TELFORD HOSPITAL NHS TRUST,C_100,General Surgery Service,"4,873","2,772",56.90%,12.8,63.1,634
Y60,RXW,THE SHREWSBURY AND TELFORD HOSPITAL NHS TRUST,C_101,Urology Service,"2,244","1,452",64.70%,12.1,41.1,120
Y60,RXW,THE SHREWSBURY AND TELFORD HOSPITAL NHS TRUST,C_110,Trauma and Orthopaedic Service,924,295,31.90%,30.5,75.1,321
Y60,RXW,THE SHREWSBURY AND TELFORD HOSPITAL NHS TRUST,C_120,Ear Nose and Throat Service,"2,627","1,624",61.80%,12.8,44.1,162
Y60,RXW,THE SHREWSBURY AND TELFORD HOSPITAL NHS TRUST,C_130,Ophthalmology Service,"6,554","2,665",40.70%,23.3,64.3,"1,148"
Y60,RXW,THE SHREWSBURY AND TELFORD HOSPITAL NHS TRUST,C_140,Oral Surgery Service,"1,805",748,41.40%,24.4,66.6,496
Y60,RXW,THE SHREWSBURY AND TELFORD HOSPITAL NHS TRUST,C_150,Neurosurgical Service, -   , -   , -   ,-,-,0
Y60,RXW,THE SHREWSBURY AND TELFORD HOSPITAL NHS TRUST,C_160,Plastic Surgery Service, -   , -   , -   ,-,-,0
Y60,RXW,THE SHREWSBURY AND TELFORD HOSPITAL NHS TRUST,C_170,Cardiothoracic Surgery Service,18,18,100.00%,-,-,0
Y60,RXW,THE SHREWSBURY AND TELFORD HOSPITAL NHS TRUST,C_300,General Internal Medicine Service,"1,012",745,73.60%,9.5,26.1,8
Y60,RXW,THE SHREWSBURY AND TELFORD HOSPITAL NHS TRUST,C_301,Gastroenterology Service,"1,922","1,411",73.40%,9.8,31.2,30
Y60,RXW,THE SHREWSBURY AND TELFORD HOSPITAL NHS TRUST,C_320,Cardiology Service,"1,785","1,004",56.20%,14.9,40.2,23
Y60,RXW,THE SHREWSBURY AND TELFORD HOSPITAL NHS TRUST,C_330,Dermatology Service,740,623,84.20%,3.9,23.5,0
Y60,RXW,THE SHREWSBURY AND TELFORD HOSPITAL NHS TRUST,C_340,Respiratory Medicine Service,"1,206",604,50.10%,18,44.8,40
Y60,RXW,THE SHREWSBURY AND TELFORD HOSPITAL NHS TRUST,C_400,Neurology Service,6,6,100.00%,-,-,0
Y60,RXW,THE SHREWSBURY AND TELFORD HOSPITAL NHS TRUST,C_410,Rheumatology Service, -   , -   , -   ,-,-,0
Y60,RXW,THE SHREWSBURY AND TELFORD HOSPITAL NHS TRUST,C_430,Elderly Medicine Service,126,109,86.50%,5.9,24.9,1
Y60,RXW,THE SHREWSBURY AND TELFORD HOSPITAL NHS TRUST,C_502,Gynaecology Service,"2,840","1,699",59.80%,12.8,42.6,163
Y60,RXW,THE SHREWSBURY AND TELFORD HOSPITAL NHS TRUST,X02,Other - Medical Services,13,13,100.00%,-,-,0
Y60,RXW,THE SHREWSBURY AND TELFORD HOSPITAL NHS TRUST,X03,Other - Mental Health Services, -   , -   , -   ,-,-,0
Y60,RXW,THE SHREWSBURY AND TELFORD HOSPITAL NHS TRUST,X04,Other - Paediatric Services,941,593,63.00%,11.3,39.2,41
Y60,RXW,THE SHREWSBURY AND TELFORD HOSPITAL NHS TRUST,X05,Other - Surgical Services,266,136,51.10%,15.8,67,73
Y60,RXW,THE SHREWSBURY AND TELFORD HOSPITAL NHS TRUST,X06,Other - Other Services,249,108,43.40%,20.2,62.5,35
Y60,RYG,COVENTRY AND WARWICKSHIRE PARTNERSHIP NHS TRUST,C_100,General Surgery Service, -   , -   , -   ,-,-,0
Y60,RYG,COVENTRY AND WARWICKSHIRE PARTNERSHIP NHS TRUST,C_101,Urology Service, -   , -   , -   ,-,-,0
Y60,RYG,COVENTRY AND WARWICKSHIRE PARTNERSHIP NHS TRUST,C_110,Trauma and Orthopaedic Service, -   , -   , -   ,-,-,0
Y60,RYG,COVENTRY AND WARWICKSHIRE PARTNERSHIP NHS TRUST,C_120,Ear Nose and Throat Service, -   , -   , -   ,-,-,0
Y60,RYG,COVENTRY AND WARWICKSHIRE PARTNERSHIP NHS TRUST,C_130,Ophthalmology Service, -   , -   , -   ,-,-,0
Y60,RYG,COVENTRY AND WARWICKSHIRE PARTNERSHIP NHS TRUST,C_140,Oral Surgery Service, -   , -   , -   ,-,-,0
Y60,RYG,COVENTRY AND WARWICKSHIRE PARTNERSHIP NHS TRUST,C_150,Neurosurgical Service, -   , -   , -   ,-,-,0
Y60,RYG,COVENTRY AND WARWICKSHIRE PARTNERSHIP NHS TRUST,C_160,Plastic Surgery Service, -   , -   , -   ,-,-,0
Y60,RYG,COVENTRY AND WARWICKSHIRE PARTNERSHIP NHS TRUST,C_170,Cardiothoracic Surgery Service, -   , -   , -   ,-,-,0
Y60,RYG,COVENTRY AND WARWICKSHIRE PARTNERSHIP NHS TRUST,C_300,General Internal Medicine Service, -   , -   , -   ,-,-,0
Y60,RYG,COVENTRY AND WARWICKSHIRE PARTNERSHIP NHS TRUST,C_301,Gastroenterology Service, -   , -   , -   ,-,-,0
Y60,RYG,COVENTRY AND WARWICKSHIRE PARTNERSHIP NHS TRUST,C_320,Cardiology Service, -   , -   , -   ,-,-,0
Y60,RYG,COVENTRY AND WARWICKSHIRE PARTNERSHIP NHS TRUST,C_330,Dermatology Service, -   , -   , -   ,-,-,0
Y60,RYG,COVENTRY AND WARWICKSHIRE PARTNERSHIP NHS TRUST,C_340,Respiratory Medicine Service, -   , -   , -   ,-,-,0
Y60,RYG,COVENTRY AND WARWICKSHIRE PARTNERSHIP NHS TRUST,C_400,Neurology Service, -   , -   , -   ,-,-,0
Y60,RYG,COVENTRY AND WARWICKSHIRE PARTNERSHIP NHS TRUST,C_410,Rheumatology Service, -   , -   , -   ,-,-,0
Y60,RYG,COVENTRY AND WARWICKSHIRE PARTNERSHIP NHS TRUST,C_430,Elderly Medicine Service, -   , -   , -   ,-,-,0
Y60,RYG,COVENTRY AND WARWICKSHIRE PARTNERSHIP NHS TRUST,C_502,Gynaecology Service, -   , -   , -   ,-,-,0
Y60,RYG,COVENTRY AND WARWICKSHIRE PARTNERSHIP NHS TRUST,X02,Other - Medical Services, -   , -   , -   ,-,-,0
Y60,RYG,COVENTRY AND WARWICKSHIRE PARTNERSHIP NHS TRUST,X03,Other - Mental Health Services, -   , -   , -   ,-,-,0
Y60,RYG,COVENTRY AND WARWICKSHIRE PARTNERSHIP NHS TRUST,X04,Other - Paediatric Services,151,151,100.00%,5.1,11.4,0
Y60,RYG,COVENTRY AND WARWICKSHIRE PARTNERSHIP NHS TRUST,X05,Other - Surgical Services, -   , -   , -   ,-,-,0
Y60,RYG,COVENTRY AND WARWICKSHIRE PARTNERSHIP NHS TRUST,X06,Other - Other Services, -   , -   , -   ,-,-,0
Y60,RYW,BIRMINGHAM COMMUNITY HEALTHCARE NHS FOUNDATION TRUST,C_100,General Surgery Service, -   , -   , -   ,-,-,0
Y60,RYW,BIRMINGHAM COMMUNITY HEALTHCARE NHS FOUNDATION TRUST,C_101,Urology Service, -   , -   , -   ,-,-,0
Y60,RYW,BIRMINGHAM COMMUNITY HEALTHCARE NHS FOUNDATION TRUST,C_110,Trauma and Orthopaedic Service,"1,610","1,600",99.40%,3,6.8,1
Y60,RYW,BIRMINGHAM COMMUNITY HEALTHCARE NHS FOUNDATION TRUST,C_120,Ear Nose and Throat Service, -   , -   , -   ,-,-,0
Y60,RYW,BIRMINGHAM COMMUNITY HEALTHCARE NHS FOUNDATION TRUST,C_130,Ophthalmology Service, -   , -   , -   ,-,-,0
Y60,RYW,BIRMINGHAM COMMUNITY HEALTHCARE NHS FOUNDATION TRUST,C_140,Oral Surgery Service,"5,695","2,537",44.50%,20.8,61.9,997
Y60,RYW,BIRMINGHAM COMMUNITY HEALTHCARE NHS FOUNDATION TRUST,C_150,Neurosurgical Service, -   , -   , -   ,-,-,0
Y60,RYW,BIRMINGHAM COMMUNITY HEALTHCARE NHS FOUNDATION TRUST,C_160,Plastic Surgery Service, -   , -   , -   ,-,-,0
Y60,RYW,BIRMINGHAM COMMUNITY HEALTHCARE NHS FOUNDATION TRUST,C_170,Cardiothoracic Surgery Service, -   , -   , -   ,-,-,0
Y60,RYW,BIRMINGHAM COMMUNITY HEALTHCARE NHS FOUNDATION TRUST,C_300,General Internal Medicine Service, -   , -   , -   ,-,-,0
Y60,RYW,BIRMINGHAM COMMUNITY HEALTHCARE NHS FOUNDATION TRUST,C_301,Gastroenterology Service, -   , -   , -   ,-,-,0
Y60,RYW,BIRMINGHAM COMMUNITY HEALTHCARE NHS FOUNDATION TRUST,C_320,Cardiology Service, -   , -   , -   ,-,-,0
Y60,RYW,BIRMINGHAM COMMUNITY HEALTHCARE NHS FOUNDATION TRUST,C_330,Dermatology Service, -   , -   , -   ,-,-,0
Y60,RYW,BIRMINGHAM COMMUNITY HEALTHCARE NHS FOUNDATION TRUST,C_340,Respiratory Medicine Service, -   , -   , -   ,-,-,0
Y60,RYW,BIRMINGHAM COMMUNITY HEALTHCARE NHS FOUNDATION TRUST,C_400,Neurology Service, -   , -   , -   ,-,-,0
Y60,RYW,BIRMINGHAM COMMUNITY HEALTHCARE NHS FOUNDATION TRUST,C_410,Rheumatology Service, -   , -   , -   ,-,-,0
Y60,RYW,BIRMINGHAM COMMUNITY HEALTHCARE NHS FOUNDATION TRUST,C_430,Elderly Medicine Service, -   , -   , -   ,-,-,0
Y60,RYW,BIRMINGHAM COMMUNITY HEALTHCARE NHS FOUNDATION TRUST,C_502,Gynaecology Service, -   , -   , -   ,-,-,0
Y60,RYW,BIRMINGHAM COMMUNITY HEALTHCARE NHS FOUNDATION TRUST,X02,Other - Medical Services,696,563,80.90%,7,30.3,7
Y60,RYW,BIRMINGHAM COMMUNITY HEALTHCARE NHS FOUNDATION TRUST,X03,Other - Mental Health Services,32,30,93.80%,6.5,17.7,0
Y60,RYW,BIRMINGHAM COMMUNITY HEALTHCARE NHS FOUNDATION TRUST,X04,Other - Paediatric Services,"1,263","1,209",95.70%,6.3,15.2,0
Y60,RYW,BIRMINGHAM COMMUNITY HEALTHCARE NHS FOUNDATION TRUST,X05,Other - Surgical Services,"4,093","2,014",49.20%,18.5,67.7,"1,147"
Y60,RYW,BIRMINGHAM COMMUNITY HEALTHCARE NHS FOUNDATION TRUST,X06,Other - Other Services, -   , -   , -   ,-,-,0
Y61,RAJ,MID AND SOUTH ESSEX NHS FOUNDATION TRUST,C_100,General Surgery Service,"6,645","3,881",58.40%,13.4,69.2,913
Y61,RAJ,MID AND SOUTH ESSEX NHS FOUNDATION TRUST,C_101,Urology Service,"5,690","3,195",56.20%,13.9,66.3,732
Y61,RAJ,MID AND SOUTH ESSEX NHS FOUNDATION TRUST,C_110,Trauma and Orthopaedic Service,"11,652","5,160",44.30%,21.3,74.3,"2,339"
Y61,RAJ,MID AND SOUTH ESSEX NHS FOUNDATION TRUST,C_120,Ear Nose and Throat Service,"6,959","4,003",57.50%,13.7,60.7,739
Y61,RAJ,MID AND SOUTH ESSEX NHS FOUNDATION TRUST,C_130,Ophthalmology Service,"8,703","5,901",67.80%,9.4,37.9,383
Y61,RAJ,MID AND SOUTH ESSEX NHS FOUNDATION TRUST,C_140,Oral Surgery Service,"3,462","1,887",54.50%,14.7,60.4,347
Y61,RAJ,MID AND SOUTH ESSEX NHS FOUNDATION TRUST,C_150,Neurosurgical Service,33,20,60.60%,15,66.4,4
Y61,RAJ,MID AND SOUTH ESSEX NHS FOUNDATION TRUST,C_160,Plastic Surgery Service,"2,544","1,330",52.30%,15.2,77.5,571
Y61,RAJ,MID AND SOUTH ESSEX NHS FOUNDATION TRUST,C_170,Cardiothoracic Surgery Service,299,164,54.80%,14.9,57,32
Y61,RAJ,MID AND SOUTH ESSEX NHS FOUNDATION TRUST,C_300,General Internal Medicine Service,"1,255","1,048",83.50%,7.6,27.1,13
Y61,RAJ,MID AND SOUTH ESSEX NHS FOUNDATION TRUST,C_301,Gastroenterology Service,"4,697","3,095",65.90%,10.8,32,30
Y61,RAJ,MID AND SOUTH ESSEX NHS FOUNDATION TRUST,C_320,Cardiology Service,"5,769","4,345",75.30%,8,30,61
Y61,RAJ,MID AND SOUTH ESSEX NHS FOUNDATION TRUST,C_330,Dermatology Service,"5,364","4,344",81.00%,5.4,26.9,16
Y61,RAJ,MID AND SOUTH ESSEX NHS FOUNDATION TRUST,C_340,Respiratory Medicine Service,"2,517","1,797",71.40%,10.5,33.4,46
Y61,RAJ,MID AND SOUTH ESSEX NHS FOUNDATION TRUST,C_400,Neurology Service,"2,158","1,574",72.90%,8.5,30.4,15
Y61,RAJ,MID AND SOUTH ESSEX NHS FOUNDATION TRUST,C_410,Rheumatology Service,"1,995","1,359",68.10%,10.6,36.3,30
Y61,RAJ,MID AND SOUTH ESSEX NHS FOUNDATION TRUST,C_430,Elderly Medicine Service,260,225,86.50%,3.4,25.8,7
Y61,RAJ,MID AND SOUTH ESSEX NHS FOUNDATION TRUST,C_502,Gynaecology Service,"6,591","4,378",66.40%,11.1,39.2,315
Y61,RAJ,MID AND SOUTH ESSEX NHS FOUNDATION TRUST,X02,Other - Medical Services,"9,362","6,947",74.20%,8.1,31.7,225
Y61,RAJ,MID AND SOUTH ESSEX NHS FOUNDATION TRUST,X03,Other - Mental Health Services,1,1,100.00%,-,-,0
Y61,RAJ,MID AND SOUTH ESSEX NHS FOUNDATION TRUST,X04,Other - Paediatric Services,"2,164","1,242",57.40%,13.7,58.7,219
Y61,RAJ,MID AND SOUTH ESSEX NHS FOUNDATION TRUST,X05,Other - Surgical Services,"3,509","2,735",77.90%,5.8,33.3,96
Y61,RAJ,MID AND SOUTH ESSEX NHS FOUNDATION TRUST,X06,Other - Other Services,"1,176",787,66.90%,9.7,45.3,85
Y61,RC9,BEDFORDSHIRE HOSPITALS NHS FOUNDATION TRUST,C_100,General Surgery Service,"2,439","1,461",59.90%,12.3,50.4,186
Y61,RC9,BEDFORDSHIRE HOSPITALS NHS FOUNDATION TRUST,C_101,Urology Service,"3,047","2,088",68.50%,9.5,47.3,218
Y61,RC9,BEDFORDSHIRE HOSPITALS NHS FOUNDATION TRUST,C_110,Trauma and Orthopaedic Service,"3,186","1,156",36.30%,26.2,81.8,885
Y61,RC9,BEDFORDSHIRE HOSPITALS NHS FOUNDATION TRUST,C_120,Ear Nose and Throat Service,"3,797","1,987",52.30%,16.4,38.8,103
Y61,RC9,BEDFORDSHIRE HOSPITALS NHS FOUNDATION TRUST,C_130,Ophthalmology Service,"7,154","3,858",53.90%,15.4,61.1,848
Y61,RC9,BEDFORDSHIRE HOSPITALS NHS FOUNDATION TRUST,C_140,Oral Surgery Service,"3,681","2,121",57.60%,13.5,59.6,379
Y61,RC9,BEDFORDSHIRE HOSPITALS NHS FOUNDATION TRUST,C_150,Neurosurgical Service, -   , -   , -   ,-,-,0
Y61,RC9,BEDFORDSHIRE HOSPITALS NHS FOUNDATION TRUST,C_160,Plastic Surgery Service,770,497,64.50%,10.3,57.6,66
Y61,RC9,BEDFORDSHIRE HOSPITALS NHS FOUNDATION TRUST,C_170,Cardiothoracic Surgery Service, -   , -   , -   ,-,-,0
Y61,RC9,BEDFORDSHIRE HOSPITALS NHS FOUNDATION TRUST,C_300,General Internal Medicine Service,946,882,93.20%,4.7,16,2
Y61,RC9,BEDFORDSHIRE HOSPITALS NHS FOUNDATION TRUST,C_301,Gastroenterology Service,"2,789","2,079",74.50%,9.5,27.1,15
Y61,RC9,BEDFORDSHIRE HOSPITALS NHS FOUNDATION TRUST,C_320,Cardiology Service,"3,115","2,398",77.00%,7.9,25.3,13
Y61,RC9,BEDFORDSHIRE HOSPITALS NHS FOUNDATION TRUST,C_330,Dermatology Service,"1,750","1,499",85.70%,6.4,24.5,10
Y61,RC9,BEDFORDSHIRE HOSPITALS NHS FOUNDATION TRUST,C_340,Respiratory Medicine Service,"1,754","1,365",77.80%,8.1,25.8,2
Y61,RC9,BEDFORDSHIRE HOSPITALS NHS FOUNDATION TRUST,C_400,Neurology Service,"1,453","1,291",88.90%,7.6,20.6,0
Y61,RC9,BEDFORDSHIRE HOSPITALS NHS FOUNDATION TRUST,C_410,Rheumatology Service,687,633,92.10%,5,17.8,0
Y61,RC9,BEDFORDSHIRE HOSPITALS NHS FOUNDATION TRUST,C_430,Elderly Medicine Service,112,107,95.50%,3,12,0
Y61,RC9,BEDFORDSHIRE HOSPITALS NHS FOUNDATION TRUST,C_502,Gynaecology Service,"3,715","2,878",77.50%,9,27.2,18
Y61,RC9,BEDFORDSHIRE HOSPITALS NHS FOUNDATION TRUST,X02,Other - Medical Services,"1,357","1,234",90.90%,5.3,19.3,2
Y61,RC9,BEDFORDSHIRE HOSPITALS NHS FOUNDATION TRUST,X03,Other - Mental Health Services, -   , -   , -   ,-,-,0
Y61,RC9,BEDFORDSHIRE HOSPITALS NHS FOUNDATION TRUST,X04,Other - Paediatric Services,"2,435","1,918",78.80%,7.7,29.7,51
Y61,RC9,BEDFORDSHIRE HOSPITALS NHS FOUNDATION TRUST,X05,Other - Surgical Services,"4,881","3,203",65.60%,11,43.4,286
Y61,RC9,BEDFORDSHIRE HOSPITALS NHS FOUNDATION TRUST,X06,Other - Other Services,"1,477","1,429",96.80%,3.4,12.4,2
Y61,RCX,"THE QUEEN ELIZABETH HOSPITAL, KING'S LYNN, NHS FOUNDATION TRUST",C_100,General Surgery Service,"1,441",705,48.90%,19.3,63.8,205
Y61,RCX,"THE QUEEN ELIZABETH HOSPITAL, KING'S LYNN, NHS FOUNDATION TRUST",C_101,Urology Service, -   , -   , -   ,-,-,0
Y61,RCX,"THE QUEEN ELIZABETH HOSPITAL, KING'S LYNN, NHS FOUNDATION TRUST",C_110,Trauma and Orthopaedic Service,"2,480","1,143",46.10%,20.6,68.7,426
Y61,RCX,"THE QUEEN ELIZABETH HOSPITAL, KING'S LYNN, NHS FOUNDATION TRUST",C_120,Ear Nose and Throat Service,"1,791","1,035",57.80%,14.3,56.9,147
Y61,RCX,"THE QUEEN ELIZABETH HOSPITAL, KING'S LYNN, NHS FOUNDATION TRUST",C_130,Ophthalmology Service,"2,010","1,216",60.50%,13,37.8,68
Y61,RCX,"THE QUEEN ELIZABETH HOSPITAL, KING'S LYNN, NHS FOUNDATION TRUST",C_140,Oral Surgery Service,565,276,48.80%,20.4,75.5,168
Y61,RCX,"THE QUEEN ELIZABETH HOSPITAL, KING'S LYNN, NHS FOUNDATION TRUST",C_150,Neurosurgical Service, -   , -   , -   ,-,-,0
Y61,RCX,"THE QUEEN ELIZABETH HOSPITAL, KING'S LYNN, NHS FOUNDATION TRUST",C_160,Plastic Surgery Service,58,32,55.20%,12.3,68.4,11
Y61,RCX,"THE QUEEN ELIZABETH HOSPITAL, KING'S LYNN, NHS FOUNDATION TRUST",C_170,Cardiothoracic Surgery Service,3,3,100.00%,-,-,0
Y61,RCX,"THE QUEEN ELIZABETH HOSPITAL, KING'S LYNN, NHS FOUNDATION TRUST",C_300,General Internal Medicine Service,77,65,84.40%,4,25.9,0
Y61,RCX,"THE QUEEN ELIZABETH HOSPITAL, KING'S LYNN, NHS FOUNDATION TRUST",C_301,Gastroenterology Service,873,689,78.90%,8.6,23.2,1
Y61,RCX,"THE QUEEN ELIZABETH HOSPITAL, KING'S LYNN, NHS FOUNDATION TRUST",C_320,Cardiology Service,"1,309",851,65.00%,11,34.9,0
Y61,RCX,"THE QUEEN ELIZABETH HOSPITAL, KING'S LYNN, NHS FOUNDATION TRUST",C_330,Dermatology Service,"1,289",870,67.50%,9.8,28.2,0
Y61,RCX,"THE QUEEN ELIZABETH HOSPITAL, KING'S LYNN, NHS FOUNDATION TRUST",C_340,Respiratory Medicine Service,400,270,67.50%,10.1,31.3,1
Y61,RCX,"THE QUEEN ELIZABETH HOSPITAL, KING'S LYNN, NHS FOUNDATION TRUST",C_400,Neurology Service,591,398,67.30%,11.9,28.4,0
Y61,RCX,"THE QUEEN ELIZABETH HOSPITAL, KING'S LYNN, NHS FOUNDATION TRUST",C_410,Rheumatology Service,88,88,100.00%,1.7,4,0
Y61,RCX,"THE QUEEN ELIZABETH HOSPITAL, KING'S LYNN, NHS FOUNDATION TRUST",C_430,Elderly Medicine Service,42,38,90.50%,4.8,18.6,0
Y61,RCX,"THE QUEEN ELIZABETH HOSPITAL, KING'S LYNN, NHS FOUNDATION TRUST",C_502,Gynaecology Service,"1,386",812,58.60%,13.9,71.3,220
Y61,RCX,"THE QUEEN ELIZABETH HOSPITAL, KING'S LYNN, NHS FOUNDATION TRUST",X02,Other - Medical Services,700,639,91.30%,5.1,18.5,0
Y61,RCX,"THE QUEEN ELIZABETH HOSPITAL, KING'S LYNN, NHS FOUNDATION TRUST",X03,Other - Mental Health Services, -   , -   , -   ,-,-,0
Y61,RCX,"THE QUEEN ELIZABETH HOSPITAL, KING'S LYNN, NHS FOUNDATION TRUST",X04,Other - Paediatric Services,287,261,90.90%,3.6,19.2,0
Y61,RCX,"THE QUEEN ELIZABETH HOSPITAL, KING'S LYNN, NHS FOUNDATION TRUST",X05,Other - Surgical Services,"1,311",794,60.60%,11.6,44.1,36
Y61,RCX,"THE QUEEN ELIZABETH HOSPITAL, KING'S LYNN, NHS FOUNDATION TRUST",X06,Other - Other Services,61,48,78.70%,4.3,53.1,5
Y61,RD8,MILTON KEYNES UNIVERSITY HOSPITAL NHS FOUNDATION TRUST,C_100,General Surgery Service,595,,,10.1,,0
Y61,RD8,MILTON KEYNES UNIVERSITY HOSPITAL NHS FOUNDATION TRUST,C_101,Urology Service,"1,690",,,13.7,,66
Y61,RD8,MILTON KEYNES UNIVERSITY HOSPITAL NHS FOUNDATION TRUST,C_110,Trauma and Orthopaedic Service,"2,239",,,16,,100
Y61,RD8,MILTON KEYNES UNIVERSITY HOSPITAL NHS FOUNDATION TRUST,C_120,Ear Nose and Throat Service,"2,607",,,19.9,,234
Y61,RD8,MILTON KEYNES UNIVERSITY HOSPITAL NHS FOUNDATION TRUST,C_130,Ophthalmology Service,"4,048",,,15.9,,178
Y61,RD8,MILTON KEYNES UNIVERSITY HOSPITAL NHS FOUNDATION TRUST,C_140,Oral Surgery Service,890,,,9.1,,11
Y61,RD8,MILTON KEYNES UNIVERSITY HOSPITAL NHS FOUNDATION TRUST,C_150,Neurosurgical Service, -   ,,,-,,0
Y61,RD8,MILTON KEYNES UNIVERSITY HOSPITAL NHS FOUNDATION TRUST,C_160,Plastic Surgery Service, -   ,,,-,,0
Y61,RD8,MILTON KEYNES UNIVERSITY HOSPITAL NHS FOUNDATION TRUST,C_170,Cardiothoracic Surgery Service, -   ,,,-,,0
Y61,RD8,MILTON KEYNES UNIVERSITY HOSPITAL NHS FOUNDATION TRUST,C_300,General Internal Medicine Service,765,,,13.4,,100
Y61,RD8,MILTON KEYNES UNIVERSITY HOSPITAL NHS FOUNDATION TRUST,C_301,Gastroenterology Service,950,,,7.3,,1
Y61,RD8,MILTON KEYNES UNIVERSITY HOSPITAL NHS FOUNDATION TRUST,C_320,Cardiology Service,733,,,9.4,,2
Y61,RD8,MILTON KEYNES UNIVERSITY HOSPITAL NHS FOUNDATION TRUST,C_330,Dermatology Service,749,,,2.4,,0
Y61,RD8,MILTON KEYNES UNIVERSITY HOSPITAL NHS FOUNDATION TRUST,C_340,Respiratory Medicine Service,418,,,7.7,,1
Y61,RD8,MILTON KEYNES UNIVERSITY HOSPITAL NHS FOUNDATION TRUST,C_400,Neurology Service,541,,,9.2,,7
Y61,RD8,MILTON KEYNES UNIVERSITY HOSPITAL NHS FOUNDATION TRUST,C_410,Rheumatology Service,769,,,14.3,,0
Y61,RD8,MILTON KEYNES UNIVERSITY HOSPITAL NHS FOUNDATION TRUST,C_430,Elderly Medicine Service,2,,,-,,1
Y61,RD8,MILTON KEYNES UNIVERSITY HOSPITAL NHS FOUNDATION TRUST,C_502,Gynaecology Service,"1,388",,,13.1,,10
Y61,RD8,MILTON KEYNES UNIVERSITY HOSPITAL NHS FOUNDATION TRUST,X02,Other - Medical Services,"2,865",,,16.8,,7
Y61,RD8,MILTON KEYNES UNIVERSITY HOSPITAL NHS FOUNDATION TRUST,X03,Other - Mental Health Services, -   ,,,-,,0
Y61,RD8,MILTON KEYNES UNIVERSITY HOSPITAL NHS FOUNDATION TRUST,X04,Other - Paediatric Services,1,,,-,,0
Y61,RD8,MILTON KEYNES UNIVERSITY HOSPITAL NHS FOUNDATION TRUST,X05,Other - Surgical Services,"1,323",,,7.1,,3
Y61,RD8,MILTON KEYNES UNIVERSITY HOSPITAL NHS FOUNDATION TRUST,X06,Other - Other Services,55,,,27,,0
Y61,RDE,EAST SUFFOLK AND NORTH ESSEX NHS FOUNDATION TRUST,C_100,General Surgery Service,"9,514","5,415",56.90%,13.3,59.1,953
Y61,RDE,EAST SUFFOLK AND NORTH ESSEX NHS FOUNDATION TRUST,C_101,Urology Service,"3,127","2,026",64.80%,9.9,42.3,167
Y61,RDE,EAST SUFFOLK AND NORTH ESSEX NHS FOUNDATION TRUST,C_110,Trauma and Orthopaedic Service,"8,166","3,608",44.20%,20.3,61.8,"1,132"
Y61,RDE,EAST SUFFOLK AND NORTH ESSEX NHS FOUNDATION TRUST,C_120,Ear Nose and Throat Service,"5,573","3,200",57.40%,14,32.3,33
Y61,RDE,EAST SUFFOLK AND NORTH ESSEX NHS FOUNDATION TRUST,C_130,Ophthalmology Service,"5,463","3,920",71.80%,7.7,28.2,17
Y61,RDE,EAST SUFFOLK AND NORTH ESSEX NHS FOUNDATION TRUST,C_140,Oral Surgery Service,"2,209","1,351",61.20%,12.3,36.1,93
Y61,RDE,EAST SUFFOLK AND NORTH ESSEX NHS FOUNDATION TRUST,C_150,Neurosurgical Service, -   , -   , -   ,-,-,0
Y61,RDE,EAST SUFFOLK AND NORTH ESSEX NHS FOUNDATION TRUST,C_160,Plastic Surgery Service,306,158,51.60%,16.1,42.9,12
Y61,RDE,EAST SUFFOLK AND NORTH ESSEX NHS FOUNDATION TRUST,C_170,Cardiothoracic Surgery Service, -   , -   , -   ,-,-,0
Y61,RDE,EAST SUFFOLK AND NORTH ESSEX NHS FOUNDATION TRUST,C_300,General Internal Medicine Service,293,253,86.30%,3.1,32.6,11
Y61,RDE,EAST SUFFOLK AND NORTH ESSEX NHS FOUNDATION TRUST,C_301,Gastroenterology Service,"2,809","1,823",64.90%,11.3,41.7,136
Y61,RDE,EAST SUFFOLK AND NORTH ESSEX NHS FOUNDATION TRUST,C_320,Cardiology Service,"1,745","1,647",94.40%,5.7,15.8,1
Y61,RDE,EAST SUFFOLK AND NORTH ESSEX NHS FOUNDATION TRUST,C_330,Dermatology Service,"3,865","2,953",76.40%,7.1,28.6,9
Y61,RDE,EAST SUFFOLK AND NORTH ESSEX NHS FOUNDATION TRUST,C_340,Respiratory Medicine Service,"1,085",728,67.10%,9.7,30.9,0
Y61,RDE,EAST SUFFOLK AND NORTH ESSEX NHS FOUNDATION TRUST,C_400,Neurology Service,"1,424","1,232",86.50%,6.6,20.8,4
Y61,RDE,EAST SUFFOLK AND NORTH ESSEX NHS FOUNDATION TRUST,C_410,Rheumatology Service,"1,470",811,55.20%,14.9,33.8,9
Y61,RDE,EAST SUFFOLK AND NORTH ESSEX NHS FOUNDATION TRUST,C_430,Elderly Medicine Service,156,132,84.60%,3.7,21.8,0
Y61,RDE,EAST SUFFOLK AND NORTH ESSEX NHS FOUNDATION TRUST,C_502,Gynaecology Service,"5,050","2,763",54.70%,15.1,49.6,383
Y61,RDE,EAST SUFFOLK AND NORTH ESSEX NHS FOUNDATION TRUST,X02,Other - Medical Services,"3,564","2,614",73.30%,7.5,46.3,257
Y61,RDE,EAST SUFFOLK AND NORTH ESSEX NHS FOUNDATION TRUST,X03,Other - Mental Health Services, -   , -   , -   ,-,-,0
Y61,RDE,EAST SUFFOLK AND NORTH ESSEX NHS FOUNDATION TRUST,X04,Other - Paediatric Services,972,935,96.20%,6.5,15.9,0
Y61,RDE,EAST SUFFOLK AND NORTH ESSEX NHS FOUNDATION TRUST,X05,Other - Surgical Services,78,73,93.60%,2.6,12.8,3
Y61,RDE,EAST SUFFOLK AND NORTH ESSEX NHS FOUNDATION TRUST,X06,Other - Other Services,48,34,70.80%,6.5,43.2,3
Y61,RGM,ROYAL PAPWORTH HOSPITAL NHS FOUNDATION TRUST,C_100,General Surgery Service, -   , -   , -   ,-,-,0
Y61,RGM,ROYAL PAPWORTH HOSPITAL NHS FOUNDATION TRUST,C_101,Urology Service, -   , -   , -   ,-,-,0
Y61,RGM,ROYAL PAPWORTH HOSPITAL NHS FOUNDATION TRUST,C_110,Trauma and Orthopaedic Service, -   , -   , -   ,-,-,0
Y61,RGM,ROYAL PAPWORTH HOSPITAL NHS FOUNDATION TRUST,C_120,Ear Nose and Throat Service, -   , -   , -   ,-,-,0
Y61,RGM,ROYAL PAPWORTH HOSPITAL NHS FOUNDATION TRUST,C_130,Ophthalmology Service, -   , -   , -   ,-,-,0
Y61,RGM,ROYAL PAPWORTH HOSPITAL NHS FOUNDATION TRUST,C_140,Oral Surgery Service, -   , -   , -   ,-,-,0
Y61,RGM,ROYAL PAPWORTH HOSPITAL NHS FOUNDATION TRUST,C_150,Neurosurgical Service, -   , -   , -   ,-,-,0
Y61,RGM,ROYAL PAPWORTH HOSPITAL NHS FOUNDATION TRUST,C_160,Plastic Surgery Service, -   , -   , -   ,-,-,0
Y61,RGM,ROYAL PAPWORTH HOSPITAL NHS FOUNDATION TRUST,C_170,Cardiothoracic Surgery Service,588,383,65.10%,11.9,36,11
Y61,RGM,ROYAL PAPWORTH HOSPITAL NHS FOUNDATION TRUST,C_300,General Internal Medicine Service, -   , -   , -   ,-,-,0
Y61,RGM,ROYAL PAPWORTH HOSPITAL NHS FOUNDATION TRUST,C_301,Gastroenterology Service, -   , -   , -   ,-,-,0
Y61,RGM,ROYAL PAPWORTH HOSPITAL NHS FOUNDATION TRUST,C_320,Cardiology Service,"1,469","1,123",76.40%,8.9,29.5,1
Y61,RGM,ROYAL PAPWORTH HOSPITAL NHS FOUNDATION TRUST,C_330,Dermatology Service, -   , -   , -   ,-,-,0
Y61,RGM,ROYAL PAPWORTH HOSPITAL NHS FOUNDATION TRUST,C_340,Respiratory Medicine Service,"1,283","1,166",90.90%,5.8,19,0
Y61,RGM,ROYAL PAPWORTH HOSPITAL NHS FOUNDATION TRUST,C_400,Neurology Service, -   , -   , -   ,-,-,0
Y61,RGM,ROYAL PAPWORTH HOSPITAL NHS FOUNDATION TRUST,C_410,Rheumatology Service, -   , -   , -   ,-,-,0
Y61,RGM,ROYAL PAPWORTH HOSPITAL NHS FOUNDATION TRUST,C_430,Elderly Medicine Service, -   , -   , -   ,-,-,0
Y61,RGM,ROYAL PAPWORTH HOSPITAL NHS FOUNDATION TRUST,C_502,Gynaecology Service, -   , -   , -   ,-,-,0
Y61,RGM,ROYAL PAPWORTH HOSPITAL NHS FOUNDATION TRUST,X02,Other - Medical Services, -   , -   , -   ,-,-,0
Y61,RGM,ROYAL PAPWORTH HOSPITAL NHS FOUNDATION TRUST,X03,Other - Mental Health Services, -   , -   , -   ,-,-,0
Y61,RGM,ROYAL PAPWORTH HOSPITAL NHS FOUNDATION TRUST,X04,Other - Paediatric Services, -   , -   , -   ,-,-,0
Y61,RGM,ROYAL PAPWORTH HOSPITAL NHS FOUNDATION TRUST,X05,Other - Surgical Services, -   , -   , -   ,-,-,0
Y61,RGM,ROYAL PAPWORTH HOSPITAL NHS FOUNDATION TRUST,X06,Other - Other Services, -   , -   , -   ,-,-,0
Y61,RGN,NORTH WEST ANGLIA NHS FOUNDATION TRUST,C_100,General Surgery Service,"3,897","2,643",67.80%,9.3,37.9,179
Y61,RGN,NORTH WEST ANGLIA NHS FOUNDATION TRUST,C_101,Urology Service,"3,451","1,736",50.30%,17.7,67.9,461
Y61,RGN,NORTH WEST ANGLIA NHS FOUNDATION TRUST,C_110,Trauma and Orthopaedic Service,"3,615","1,884",52.10%,16.6,43.2,230
Y61,RGN,NORTH WEST ANGLIA NHS FOUNDATION TRUST,C_120,Ear Nose and Throat Service,"2,653","1,143",43.10%,21.6,68.4,467
Y61,RGN,NORTH WEST ANGLIA NHS FOUNDATION TRUST,C_130,Ophthalmology Service,"5,058","2,286",45.20%,20.5,72.2,"1,336"
Y61,RGN,NORTH WEST ANGLIA NHS FOUNDATION TRUST,C_140,Oral Surgery Service,"1,178",746,63.30%,10,60.8,128
Y61,RGN,NORTH WEST ANGLIA NHS FOUNDATION TRUST,C_150,Neurosurgical Service, -   , -   , -   ,-,-,0
Y61,RGN,NORTH WEST ANGLIA NHS FOUNDATION TRUST,C_160,Plastic Surgery Service,798,452,56.60%,12.6,41.7,32
Y61,RGN,NORTH WEST ANGLIA NHS FOUNDATION TRUST,C_170,Cardiothoracic Surgery Service, -   , -   , -   ,-,-,0
Y61,RGN,NORTH WEST ANGLIA NHS FOUNDATION TRUST,C_300,General Internal Medicine Service,34,29,85.30%,6.1,22.3,0
Y61,RGN,NORTH WEST ANGLIA NHS FOUNDATION TRUST,C_301,Gastroenterology Service,"3,871","2,279",58.90%,13.4,61.1,426
Y61,RGN,NORTH WEST ANGLIA NHS FOUNDATION TRUST,C_320,Cardiology Service,"2,691","1,862",69.20%,9.1,30.9,3
Y61,RGN,NORTH WEST ANGLIA NHS FOUNDATION TRUST,C_330,Dermatology Service,982,720,73.30%,6.7,29.3,10
Y61,RGN,NORTH WEST ANGLIA NHS FOUNDATION TRUST,C_340,Respiratory Medicine Service,735,646,87.90%,5.6,21.9,0
Y61,RGN,NORTH WEST ANGLIA NHS FOUNDATION TRUST,C_400,Neurology Service,393,347,88.30%,4.7,19.5,0
Y61,RGN,NORTH WEST ANGLIA NHS FOUNDATION TRUST,C_410,Rheumatology Service,423,352,83.20%,4.9,23.1,3
Y61,RGN,NORTH WEST ANGLIA NHS FOUNDATION TRUST,C_430,Elderly Medicine Service,465,348,74.80%,8.4,32.3,3
Y61,RGN,NORTH WEST ANGLIA NHS FOUNDATION TRUST,C_502,Gynaecology Service,"2,549","2,131",83.60%,5.5,23.6,16
Y61,RGN,NORTH WEST ANGLIA NHS FOUNDATION TRUST,X02,Other - Medical Services,"2,959","2,218",75.00%,7.2,27.4,53
Y61,RGN,NORTH WEST ANGLIA NHS FOUNDATION TRUST,X03,Other - Mental Health Services,3,3,100.00%,-,-,0
Y61,RGN,NORTH WEST ANGLIA NHS FOUNDATION TRUST,X04,Other - Paediatric Services,578,433,74.90%,7.8,33.4,21
Y61,RGN,NORTH WEST ANGLIA NHS FOUNDATION TRUST,X05,Other - Surgical Services,510,476,93.30%,1.8,13.6,7
Y61,RGN,NORTH WEST ANGLIA NHS FOUNDATION TRUST,X06,Other - Other Services,529,393,74.30%,8,32.7,17
Y61,RGP,JAMES PAGET UNIVERSITY HOSPITALS NHS FOUNDATION TRUST,C_100,General Surgery Service,"2,020","1,008",49.90%,18.1,58.4,191
Y61,RGP,JAMES PAGET UNIVERSITY HOSPITALS NHS FOUNDATION TRUST,C_101,Urology Service, -   , -   , -   ,-,-,0
Y61,RGP,JAMES PAGET UNIVERSITY HOSPITALS NHS FOUNDATION TRUST,C_110,Trauma and Orthopaedic Service,"1,947",827,42.50%,23.5,69.4,326
Y61,RGP,JAMES PAGET UNIVERSITY HOSPITALS NHS FOUNDATION TRUST,C_120,Ear Nose and Throat Service, -   , -   , -   ,-,-,0
Y61,RGP,JAMES PAGET UNIVERSITY HOSPITALS NHS FOUNDATION TRUST,C_130,Ophthalmology Service,"2,805","1,225",43.70%,21.4,59.9,312
Y61,RGP,JAMES PAGET UNIVERSITY HOSPITALS NHS FOUNDATION TRUST,C_140,Oral Surgery Service,341,239,70.10%,7.9,41.7,20
Y61,RGP,JAMES PAGET UNIVERSITY HOSPITALS NHS FOUNDATION TRUST,C_150,Neurosurgical Service, -   , -   , -   ,-,-,0
Y61,RGP,JAMES PAGET UNIVERSITY HOSPITALS NHS FOUNDATION TRUST,C_160,Plastic Surgery Service,125,68,54.40%,15.2,38,6
Y61,RGP,JAMES PAGET UNIVERSITY HOSPITALS NHS FOUNDATION TRUST,C_170,Cardiothoracic Surgery Service, -   , -   , -   ,-,-,0
Y61,RGP,JAMES PAGET UNIVERSITY HOSPITALS NHS FOUNDATION TRUST,C_300,General Internal Medicine Service,343,237,69.10%,10.2,26.2,1
Y61,RGP,JAMES PAGET UNIVERSITY HOSPITALS NHS FOUNDATION TRUST,C_301,Gastroenterology Service,559,434,77.60%,8.5,25.4,0
Y61,RGP,JAMES PAGET UNIVERSITY HOSPITALS NHS FOUNDATION TRUST,C_320,Cardiology Service,351,283,80.60%,8.8,27.1,0
Y61,RGP,JAMES PAGET UNIVERSITY HOSPITALS NHS FOUNDATION TRUST,C_330,Dermatology Service,"1,059",750,70.80%,6.4,37.7,15
Y61,RGP,JAMES PAGET UNIVERSITY HOSPITALS NHS FOUNDATION TRUST,C_340,Respiratory Medicine Service,216,189,87.50%,9.9,19.8,0
Y61,RGP,JAMES PAGET UNIVERSITY HOSPITALS NHS FOUNDATION TRUST,C_400,Neurology Service,464,338,72.80%,9.5,24.2,0
Y61,RGP,JAMES PAGET UNIVERSITY HOSPITALS NHS FOUNDATION TRUST,C_410,Rheumatology Service,188,156,83.00%,11.1,23.5,0
Y61,RGP,JAMES PAGET UNIVERSITY HOSPITALS NHS FOUNDATION TRUST,C_430,Elderly Medicine Service, -   , -   , -   ,-,-,0
Y61,RGP,JAMES PAGET UNIVERSITY HOSPITALS NHS FOUNDATION TRUST,C_502,Gynaecology Service,"1,890","1,210",64.00%,12.2,38,62
Y61,RGP,JAMES PAGET UNIVERSITY HOSPITALS NHS FOUNDATION TRUST,X02,Other - Medical Services,670,591,88.20%,9.2,33.9,4
Y61,RGP,JAMES PAGET UNIVERSITY HOSPITALS NHS FOUNDATION TRUST,X03,Other - Mental Health Services, -   , -   , -   ,-,-,0
Y61,RGP,JAMES PAGET UNIVERSITY HOSPITALS NHS FOUNDATION TRUST,X04,Other - Paediatric Services,856,725,84.70%,5.5,25.4,20
Y61,RGP,JAMES PAGET UNIVERSITY HOSPITALS NHS FOUNDATION TRUST,X05,Other - Surgical Services,923,605,65.50%,8,79.2,157
Y61,RGP,JAMES PAGET UNIVERSITY HOSPITALS NHS FOUNDATION TRUST,X06,Other - Other Services,280,280,100.00%,0.6,2.3,0
Y61,RGR,WEST SUFFOLK NHS FOUNDATION TRUST,C_100,General Surgery Service,"4,140","2,480",59.90%,13.1,61.6,439
Y61,RGR,WEST SUFFOLK NHS FOUNDATION TRUST,C_101,Urology Service,"1,574",872,55.40%,14.7,66.3,240
Y61,RGR,WEST SUFFOLK NHS FOUNDATION TRUST,C_110,Trauma and Orthopaedic Service,"3,811","1,443",37.90%,24,73.2,771
Y61,RGR,WEST SUFFOLK NHS FOUNDATION TRUST,C_120,Ear Nose and Throat Service,"2,371","1,279",53.90%,14.8,64.3,344
Y61,RGR,WEST SUFFOLK NHS FOUNDATION TRUST,C_130,Ophthalmology Service,"1,504",747,49.70%,19.1,80.9,564
Y61,RGR,WEST SUFFOLK NHS FOUNDATION TRUST,C_140,Oral Surgery Service, -   , -   , -   ,-,-,0
Y61,RGR,WEST SUFFOLK NHS FOUNDATION TRUST,C_150,Neurosurgical Service, -   , -   , -   ,-,-,0
Y61,RGR,WEST SUFFOLK NHS FOUNDATION TRUST,C_160,Plastic Surgery Service,493,210,42.60%,21.8,63.5,64
Y61,RGR,WEST SUFFOLK NHS FOUNDATION TRUST,C_170,Cardiothoracic Surgery Service, -   , -   , -   ,-,-,0
Y61,RGR,WEST SUFFOLK NHS FOUNDATION TRUST,C_300,General Internal Medicine Service,473,435,92.00%,4.5,18.1,5
Y61,RGR,WEST SUFFOLK NHS FOUNDATION TRUST,C_301,Gastroenterology Service,"1,221",880,72.10%,9,38.3,45
Y61,RGR,WEST SUFFOLK NHS FOUNDATION TRUST,C_320,Cardiology Service,713,627,87.90%,6.9,22.4,0
Y61,RGR,WEST SUFFOLK NHS FOUNDATION TRUST,C_330,Dermatology Service,"1,101",976,88.60%,4.6,22.2,9
Y61,RGR,WEST SUFFOLK NHS FOUNDATION TRUST,C_340,Respiratory Medicine Service,351,321,91.50%,7.5,18.6,1
Y61,RGR,WEST SUFFOLK NHS FOUNDATION TRUST,C_400,Neurology Service,358,311,86.90%,4.6,22.8,2
Y61,RGR,WEST SUFFOLK NHS FOUNDATION TRUST,C_410,Rheumatology Service,211,204,96.70%,2.6,14,0
Y61,RGR,WEST SUFFOLK NHS FOUNDATION TRUST,C_430,Elderly Medicine Service,12,11,91.70%,-,-,0
Y61,RGR,WEST SUFFOLK NHS FOUNDATION TRUST,C_502,Gynaecology Service,"2,485","1,490",60.00%,12.6,66.2,321
Y61,RGR,WEST SUFFOLK NHS FOUNDATION TRUST,X02,Other - Medical Services,298,173,58.10%,13.3,66.7,54
Y61,RGR,WEST SUFFOLK NHS FOUNDATION TRUST,X03,Other - Mental Health Services,39,36,92.30%,8.5,15.9,0
Y61,RGR,WEST SUFFOLK NHS FOUNDATION TRUST,X04,Other - Paediatric Services,718,602,83.80%,8.6,26,11
Y61,RGR,WEST SUFFOLK NHS FOUNDATION TRUST,X05,Other - Surgical Services, -   , -   , -   ,-,-,0
Y61,RGR,WEST SUFFOLK NHS FOUNDATION TRUST,X06,Other - Other Services,173,115,66.50%,12.6,33.2,4
Y61,RGT,CAMBRIDGE UNIVERSITY HOSPITALS NHS FOUNDATION TRUST,C_100,General Surgery Service,"1,053",494,46.90%,19.6,65.4,139
Y61,RGT,CAMBRIDGE UNIVERSITY HOSPITALS NHS FOUNDATION TRUST,C_101,Urology Service,"1,739","1,089",62.60%,10.5,61.9,181
Y61,RGT,CAMBRIDGE UNIVERSITY HOSPITALS NHS FOUNDATION TRUST,C_110,Trauma and Orthopaedic Service,"3,831","1,393",36.40%,26.1,72,837
Y61,RGT,CAMBRIDGE UNIVERSITY HOSPITALS NHS FOUNDATION TRUST,C_120,Ear Nose and Throat Service,"3,268","1,674",51.20%,17.2,71.6,593
Y61,RGT,CAMBRIDGE UNIVERSITY HOSPITALS NHS FOUNDATION TRUST,C_130,Ophthalmology Service,"3,910","2,270",58.10%,13.6,62.2,475
Y61,RGT,CAMBRIDGE UNIVERSITY HOSPITALS NHS FOUNDATION TRUST,C_140,Oral Surgery Service,"2,618","1,104",42.20%,22.3,67.5,546
Y61,RGT,CAMBRIDGE UNIVERSITY HOSPITALS NHS FOUNDATION TRUST,C_150,Neurosurgical Service,"1,076",616,57.20%,12.4,50.6,80
Y61,RGT,CAMBRIDGE UNIVERSITY HOSPITALS NHS FOUNDATION TRUST,C_160,Plastic Surgery Service,840,542,64.50%,8.6,64.8,105
Y61,RGT,CAMBRIDGE UNIVERSITY HOSPITALS NHS FOUNDATION TRUST,C_170,Cardiothoracic Surgery Service, -   , -   , -   ,-,-,0
Y61,RGT,CAMBRIDGE UNIVERSITY HOSPITALS NHS FOUNDATION TRUST,C_300,General Internal Medicine Service,246,219,89.00%,10,19.7,0
Y61,RGT,CAMBRIDGE UNIVERSITY HOSPITALS NHS FOUNDATION TRUST,C_301,Gastroenterology Service,"1,779","1,350",75.90%,6.2,29.7,12
Y61,RGT,CAMBRIDGE UNIVERSITY HOSPITALS NHS FOUNDATION TRUST,C_320,Cardiology Service,"1,677",987,58.90%,13.3,35.2,2
Y61,RGT,CAMBRIDGE UNIVERSITY HOSPITALS NHS FOUNDATION TRUST,C_330,Dermatology Service,"2,155","1,387",64.40%,9.7,48.5,159
Y61,RGT,CAMBRIDGE UNIVERSITY HOSPITALS NHS FOUNDATION TRUST,C_340,Respiratory Medicine Service,684,574,83.90%,7.6,20.8,0
Y61,RGT,CAMBRIDGE UNIVERSITY HOSPITALS NHS FOUNDATION TRUST,C_400,Neurology Service,776,705,90.90%,6.5,19.7,7
Y61,RGT,CAMBRIDGE UNIVERSITY HOSPITALS NHS FOUNDATION TRUST,C_410,Rheumatology Service,"1,601","1,222",76.30%,8,28.8,11
Y61,RGT,CAMBRIDGE UNIVERSITY HOSPITALS NHS FOUNDATION TRUST,C_430,Elderly Medicine Service,98,79,80.60%,6.4,24.2,0
Y61,RGT,CAMBRIDGE UNIVERSITY HOSPITALS NHS FOUNDATION TRUST,C_502,Gynaecology Service,"2,347","1,321",56.30%,14.3,36.9,72
Y61,RGT,CAMBRIDGE UNIVERSITY HOSPITALS NHS FOUNDATION TRUST,X02,Other - Medical Services,"5,241","4,277",81.60%,6.1,28.9,171
Y61,RGT,CAMBRIDGE UNIVERSITY HOSPITALS NHS FOUNDATION TRUST,X03,Other - Mental Health Services,65,54,83.10%,4.5,39.8,0
Y61,RGT,CAMBRIDGE UNIVERSITY HOSPITALS NHS FOUNDATION TRUST,X04,Other - Paediatric Services,"4,044","2,127",52.60%,16.1,62.8,486
Y61,RGT,CAMBRIDGE UNIVERSITY HOSPITALS NHS FOUNDATION TRUST,X05,Other - Surgical Services,"3,383","1,904",56.30%,13.5,61.4,395
Y61,RGT,CAMBRIDGE UNIVERSITY HOSPITALS NHS FOUNDATION TRUST,X06,Other - Other Services,531,399,75.10%,5.2,38.3,22
Y61,RM1,NORFOLK AND NORWICH UNIVERSITY HOSPITALS NHS FOUNDATION TRUST,C_100,General Surgery Service,"4,537","2,674",58.90%,10.9,73.6,756
Y61,RM1,NORFOLK AND NORWICH UNIVERSITY HOSPITALS NHS FOUNDATION TRUST,C_101,Urology Service,"5,043","2,955",58.60%,12,63.8,593
Y61,RM1,NORFOLK AND NORWICH UNIVERSITY HOSPITALS NHS FOUNDATION TRUST,C_110,Trauma and Orthopaedic Service,"9,477","2,366",25.00%,33.8,86.1,"3,219"
Y61,RM1,NORFOLK AND NORWICH UNIVERSITY HOSPITALS NHS FOUNDATION TRUST,C_120,Ear Nose and Throat Service,"6,964","2,544",36.50%,26,64.6,"1,467"
Y61,RM1,NORFOLK AND NORWICH UNIVERSITY HOSPITALS NHS FOUNDATION TRUST,C_130,Ophthalmology Service,"6,298","2,605",41.40%,22.7,64.2,"1,075"
Y61,RM1,NORFOLK AND NORWICH UNIVERSITY HOSPITALS NHS FOUNDATION TRUST,C_140,Oral Surgery Service,"1,611",963,59.80%,13.8,66.9,240
Y61,RM1,NORFOLK AND NORWICH UNIVERSITY HOSPITALS NHS FOUNDATION TRUST,C_150,Neurosurgical Service, -   , -   , -   ,-,-,0
Y61,RM1,NORFOLK AND NORWICH UNIVERSITY HOSPITALS NHS FOUNDATION TRUST,C_160,Plastic Surgery Service,"1,398",519,37.10%,25.8,74.4,281
Y61,RM1,NORFOLK AND NORWICH UNIVERSITY HOSPITALS NHS FOUNDATION TRUST,C_170,Cardiothoracic Surgery Service, -   , -   , -   ,-,-,0
Y61,RM1,NORFOLK AND NORWICH UNIVERSITY HOSPITALS NHS FOUNDATION TRUST,C_300,General Internal Medicine Service, -   , -   , -   ,-,-,0
Y61,RM1,NORFOLK AND NORWICH UNIVERSITY HOSPITALS NHS FOUNDATION TRUST,C_301,Gastroenterology Service,"2,679","2,044",76.30%,7.6,27.5,30
Y61,RM1,NORFOLK AND NORWICH UNIVERSITY HOSPITALS NHS FOUNDATION TRUST,C_320,Cardiology Service,"2,294","1,582",69.00%,9.9,38.2,73
Y61,RM1,NORFOLK AND NORWICH UNIVERSITY HOSPITALS NHS FOUNDATION TRUST,C_330,Dermatology Service,"5,825","2,284",39.20%,24.3,59.4,695
Y61,RM1,NORFOLK AND NORWICH UNIVERSITY HOSPITALS NHS FOUNDATION TRUST,C_340,Respiratory Medicine Service,813,648,79.70%,8.3,28.2,17
Y61,RM1,NORFOLK AND NORWICH UNIVERSITY HOSPITALS NHS FOUNDATION TRUST,C_400,Neurology Service,"1,305","1,066",81.70%,7.3,24.1,8
Y61,RM1,NORFOLK AND NORWICH UNIVERSITY HOSPITALS NHS FOUNDATION TRUST,C_410,Rheumatology Service,"1,058",930,87.90%,7.2,20.2,5
Y61,RM1,NORFOLK AND NORWICH UNIVERSITY HOSPITALS NHS FOUNDATION TRUST,C_430,Elderly Medicine Service,48,42,87.50%,4.5,20.2,0
Y61,RM1,NORFOLK AND NORWICH UNIVERSITY HOSPITALS NHS FOUNDATION TRUST,C_502,Gynaecology Service,"5,575","2,588",46.40%,20.4,74.7,948
Y61,RM1,NORFOLK AND NORWICH UNIVERSITY HOSPITALS NHS FOUNDATION TRUST,X02,Other - Medical Services,"3,670","2,681",73.10%,7,42.7,197
Y61,RM1,NORFOLK AND NORWICH UNIVERSITY HOSPITALS NHS FOUNDATION TRUST,X03,Other - Mental Health Services, -   , -   , -   ,-,-,0
Y61,RM1,NORFOLK AND NORWICH UNIVERSITY HOSPITALS NHS FOUNDATION TRUST,X04,Other - Paediatric Services,"3,799","1,971",51.90%,16.1,63.7,606
Y61,RM1,NORFOLK AND NORWICH UNIVERSITY HOSPITALS NHS FOUNDATION TRUST,X05,Other - Surgical Services,"1,663",672,40.40%,26,84.4,539
Y61,RM1,NORFOLK AND NORWICH UNIVERSITY HOSPITALS NHS FOUNDATION TRUST,X06,Other - Other Services,527,457,86.70%,4.7,24.3,13
Y61,RQW,THE PRINCESS ALEXANDRA HOSPITAL NHS TRUST,C_100,General Surgery Service,"3,041","1,738",57.20%,13.4,41.9,116
Y61,RQW,THE PRINCESS ALEXANDRA HOSPITAL NHS TRUST,C_101,Urology Service,"1,541",913,59.20%,12.5,51.7,122
Y61,RQW,THE PRINCESS ALEXANDRA HOSPITAL NHS TRUST,C_110,Trauma and Orthopaedic Service,"2,916",790,27.10%,27,52.6,643
Y61,RQW,THE PRINCESS ALEXANDRA HOSPITAL NHS TRUST,C_120,Ear Nose and Throat Service,"1,602","1,036",64.70%,9.2,39,69
Y61,RQW,THE PRINCESS ALEXANDRA HOSPITAL NHS TRUST,C_130,Ophthalmology Service,"1,509",879,58.30%,13,36.7,31
Y61,RQW,THE PRINCESS ALEXANDRA HOSPITAL NHS TRUST,C_140,Oral Surgery Service,657,370,56.30%,13.6,49.7,52
Y61,RQW,THE PRINCESS ALEXANDRA HOSPITAL NHS TRUST,C_150,Neurosurgical Service, -   , -   , -   ,-,-,0
Y61,RQW,THE PRINCESS ALEXANDRA HOSPITAL NHS TRUST,C_160,Plastic Surgery Service, -   , -   , -   ,-,-,0
Y61,RQW,THE PRINCESS ALEXANDRA HOSPITAL NHS TRUST,C_170,Cardiothoracic Surgery Service, -   , -   , -   ,-,-,0
Y61,RQW,THE PRINCESS ALEXANDRA HOSPITAL NHS TRUST,C_300,General Internal Medicine Service,348,298,85.60%,6.8,25.4,2
Y61,RQW,THE PRINCESS ALEXANDRA HOSPITAL NHS TRUST,C_301,Gastroenterology Service,"1,886",939,49.80%,18.1,46.9,112
Y61,RQW,THE PRINCESS ALEXANDRA HOSPITAL NHS TRUST,C_320,Cardiology Service,"1,194",873,73.10%,7.2,31.4,4
Y61,RQW,THE PRINCESS ALEXANDRA HOSPITAL NHS TRUST,C_330,Dermatology Service,"1,291",956,74.10%,6.7,32.6,15
Y61,RQW,THE PRINCESS ALEXANDRA HOSPITAL NHS TRUST,C_340,Respiratory Medicine Service,539,465,86.30%,7.7,23.4,1
Y61,RQW,THE PRINCESS ALEXANDRA HOSPITAL NHS TRUST,C_400,Neurology Service,414,354,85.50%,11,20.5,0
Y61,RQW,THE PRINCESS ALEXANDRA HOSPITAL NHS TRUST,C_410,Rheumatology Service,430,337,78.40%,7,35.9,14
Y61,RQW,THE PRINCESS ALEXANDRA HOSPITAL NHS TRUST,C_430,Elderly Medicine Service,14,8,57.10%,-,-,0
Y61,RQW,THE PRINCESS ALEXANDRA HOSPITAL NHS TRUST,C_502,Gynaecology Service,"1,383",869,62.80%,8.4,43.1,74
Y61,RQW,THE PRINCESS ALEXANDRA HOSPITAL NHS TRUST,X02,Other - Medical Services,612,354,57.80%,13.1,42,26
Y61,RQW,THE PRINCESS ALEXANDRA HOSPITAL NHS TRUST,X03,Other - Mental Health Services, -   , -   , -   ,-,-,0
Y61,RQW,THE PRINCESS ALEXANDRA HOSPITAL NHS TRUST,X04,Other - Paediatric Services,774,670,86.60%,5.4,23,0
Y61,RQW,THE PRINCESS ALEXANDRA HOSPITAL NHS TRUST,X05,Other - Surgical Services,49,38,77.60%,12.5,40.1,2
Y61,RQW,THE PRINCESS ALEXANDRA HOSPITAL NHS TRUST,X06,Other - Other Services,"1,097",761,69.40%,10.2,31.6,19
Y61,RT1,CAMBRIDGESHIRE AND PETERBOROUGH NHS FOUNDATION TRUST,C_100,General Surgery Service, -   , -   , -   ,-,-,0
Y61,RT1,CAMBRIDGESHIRE AND PETERBOROUGH NHS FOUNDATION TRUST,C_101,Urology Service, -   , -   , -   ,-,-,0
Y61,RT1,CAMBRIDGESHIRE AND PETERBOROUGH NHS FOUNDATION TRUST,C_110,Trauma and Orthopaedic Service, -   , -   , -   ,-,-,0
Y61,RT1,CAMBRIDGESHIRE AND PETERBOROUGH NHS FOUNDATION TRUST,C_120,Ear Nose and Throat Service, -   , -   , -   ,-,-,0
Y61,RT1,CAMBRIDGESHIRE AND PETERBOROUGH NHS FOUNDATION TRUST,C_130,Ophthalmology Service, -   , -   , -   ,-,-,0
Y61,RT1,CAMBRIDGESHIRE AND PETERBOROUGH NHS FOUNDATION TRUST,C_140,Oral Surgery Service, -   , -   , -   ,-,-,0
Y61,RT1,CAMBRIDGESHIRE AND PETERBOROUGH NHS FOUNDATION TRUST,C_150,Neurosurgical Service, -   , -   , -   ,-,-,0
Y61,RT1,CAMBRIDGESHIRE AND PETERBOROUGH NHS FOUNDATION TRUST,C_160,Plastic Surgery Service, -   , -   , -   ,-,-,0
Y61,RT1,CAMBRIDGESHIRE AND PETERBOROUGH NHS FOUNDATION TRUST,C_170,Cardiothoracic Surgery Service, -   , -   , -   ,-,-,0
Y61,RT1,CAMBRIDGESHIRE AND PETERBOROUGH NHS FOUNDATION TRUST,C_300,General Internal Medicine Service, -   , -   , -   ,-,-,0
Y61,RT1,CAMBRIDGESHIRE AND PETERBOROUGH NHS FOUNDATION TRUST,C_301,Gastroenterology Service, -   , -   , -   ,-,-,0
Y61,RT1,CAMBRIDGESHIRE AND PETERBOROUGH NHS FOUNDATION TRUST,C_320,Cardiology Service, -   , -   , -   ,-,-,0
Y61,RT1,CAMBRIDGESHIRE AND PETERBOROUGH NHS FOUNDATION TRUST,C_330,Dermatology Service, -   , -   , -   ,-,-,0
Y61,RT1,CAMBRIDGESHIRE AND PETERBOROUGH NHS FOUNDATION TRUST,C_340,Respiratory Medicine Service, -   , -   , -   ,-,-,0
Y61,RT1,CAMBRIDGESHIRE AND PETERBOROUGH NHS FOUNDATION TRUST,C_400,Neurology Service, -   , -   , -   ,-,-,0
Y61,RT1,CAMBRIDGESHIRE AND PETERBOROUGH NHS FOUNDATION TRUST,C_410,Rheumatology Service, -   , -   , -   ,-,-,0
Y61,RT1,CAMBRIDGESHIRE AND PETERBOROUGH NHS FOUNDATION TRUST,C_430,Elderly Medicine Service, -   , -   , -   ,-,-,0
Y61,RT1,CAMBRIDGESHIRE AND PETERBOROUGH NHS FOUNDATION TRUST,C_502,Gynaecology Service, -   , -   , -   ,-,-,0
Y61,RT1,CAMBRIDGESHIRE AND PETERBOROUGH NHS FOUNDATION TRUST,X02,Other - Medical Services, -   , -   , -   ,-,-,0
Y61,RT1,CAMBRIDGESHIRE AND PETERBOROUGH NHS FOUNDATION TRUST,X03,Other - Mental Health Services, -   , -   , -   ,-,-,0
Y61,RT1,CAMBRIDGESHIRE AND PETERBOROUGH NHS FOUNDATION TRUST,X04,Other - Paediatric Services, -   , -   , -   ,-,-,0
Y61,RT1,CAMBRIDGESHIRE AND PETERBOROUGH NHS FOUNDATION TRUST,X05,Other - Surgical Services, -   , -   , -   ,-,-,0
Y61,RT1,CAMBRIDGESHIRE AND PETERBOROUGH NHS FOUNDATION TRUST,X06,Other - Other Services,17,14,82.40%,-,-,0
Y61,RWG,WEST HERTFORDSHIRE HOSPITALS NHS TRUST,C_100,General Surgery Service,"1,607",844,52.50%,15.4,56.4,130
Y61,RWG,WEST HERTFORDSHIRE HOSPITALS NHS TRUST,C_101,Urology Service,"1,715","1,237",72.10%,6.8,45.6,123
Y61,RWG,WEST HERTFORDSHIRE HOSPITALS NHS TRUST,C_110,Trauma and Orthopaedic Service,"2,947","1,404",47.60%,19,61.4,309
Y61,RWG,WEST HERTFORDSHIRE HOSPITALS NHS TRUST,C_120,Ear Nose and Throat Service,"1,378",766,55.60%,14.1,74.3,227
Y61,RWG,WEST HERTFORDSHIRE HOSPITALS NHS TRUST,C_130,Ophthalmology Service,"1,333",839,62.90%,9.9,73.8,232
Y61,RWG,WEST HERTFORDSHIRE HOSPITALS NHS TRUST,C_140,Oral Surgery Service,"1,059",741,70.00%,6.8,74.1,187
Y61,RWG,WEST HERTFORDSHIRE HOSPITALS NHS TRUST,C_150,Neurosurgical Service, -   , -   , -   ,-,-,0
Y61,RWG,WEST HERTFORDSHIRE HOSPITALS NHS TRUST,C_160,Plastic Surgery Service, -   , -   , -   ,-,-,0
Y61,RWG,WEST HERTFORDSHIRE HOSPITALS NHS TRUST,C_170,Cardiothoracic Surgery Service, -   , -   , -   ,-,-,0
Y61,RWG,WEST HERTFORDSHIRE HOSPITALS NHS TRUST,C_300,General Internal Medicine Service, -   , -   , -   ,-,-,0
Y61,RWG,WEST HERTFORDSHIRE HOSPITALS NHS TRUST,C_301,Gastroenterology Service,"1,526","1,401",91.80%,5.5,18.2,0
Y61,RWG,WEST HERTFORDSHIRE HOSPITALS NHS TRUST,C_320,Cardiology Service,"2,481","2,148",86.60%,7.4,21.7,3
Y61,RWG,WEST HERTFORDSHIRE HOSPITALS NHS TRUST,C_330,Dermatology Service,"2,343","2,065",88.10%,6.5,22.3,0
Y61,RWG,WEST HERTFORDSHIRE HOSPITALS NHS TRUST,C_340,Respiratory Medicine Service,399,367,92.00%,4,18.1,5
Y61,RWG,WEST HERTFORDSHIRE HOSPITALS NHS TRUST,C_400,Neurology Service,"1,041",917,88.10%,5.7,21.3,1
Y61,RWG,WEST HERTFORDSHIRE HOSPITALS NHS TRUST,C_410,Rheumatology Service,822,628,76.40%,9.9,25,3
Y61,RWG,WEST HERTFORDSHIRE HOSPITALS NHS TRUST,C_430,Elderly Medicine Service,79,69,87.30%,6.8,20.7,0
Y61,RWG,WEST HERTFORDSHIRE HOSPITALS NHS TRUST,C_502,Gynaecology Service,"1,378","1,133",82.20%,7.5,23.9,3
Y61,RWG,WEST HERTFORDSHIRE HOSPITALS NHS TRUST,X02,Other - Medical Services,"2,417","1,764",73.00%,8.1,33.5,100
Y61,RWG,WEST HERTFORDSHIRE HOSPITALS NHS TRUST,X03,Other - Mental Health Services, -   , -   , -   ,-,-,0
Y61,RWG,WEST HERTFORDSHIRE HOSPITALS NHS TRUST,X04,Other - Paediatric Services,808,590,73.00%,10,36.5,40
Y61,RWG,WEST HERTFORDSHIRE HOSPITALS NHS TRUST,X05,Other - Surgical Services,"1,605","1,140",71.00%,7.2,40.4,98
Y61,RWG,WEST HERTFORDSHIRE HOSPITALS NHS TRUST,X06,Other - Other Services,75,68,90.70%,4,20,0
Y61,RWH,EAST AND NORTH HERTFORDSHIRE NHS TRUST,C_100,General Surgery Service,"3,358","1,749",52.10%,16.7,46.6,192
Y61,RWH,EAST AND NORTH HERTFORDSHIRE NHS TRUST,C_101,Urology Service,"2,330","1,354",58.10%,12.2,54.3,209
Y61,RWH,EAST AND NORTH HERTFORDSHIRE NHS TRUST,C_110,Trauma and Orthopaedic Service,"4,259","1,817",42.70%,21.8,68.3,736
Y61,RWH,EAST AND NORTH HERTFORDSHIRE NHS TRUST,C_120,Ear Nose and Throat Service,"3,248","2,042",62.90%,12,33.3,75
Y61,RWH,EAST AND NORTH HERTFORDSHIRE NHS TRUST,C_130,Ophthalmology Service,"5,026","2,349",46.70%,19.1,39.1,235
Y61,RWH,EAST AND NORTH HERTFORDSHIRE NHS TRUST,C_140,Oral Surgery Service,"2,553","1,368",53.60%,15.1,63.7,379
Y61,RWH,EAST AND NORTH HERTFORDSHIRE NHS TRUST,C_150,Neurosurgical Service, -   , -   , -   ,-,-,0
Y61,RWH,EAST AND NORTH HERTFORDSHIRE NHS TRUST,C_160,Plastic Surgery Service,"1,692","1,245",73.60%,7.2,36,63
Y61,RWH,EAST AND NORTH HERTFORDSHIRE NHS TRUST,C_170,Cardiothoracic Surgery Service,15,14,93.30%,-,-,0
Y61,RWH,EAST AND NORTH HERTFORDSHIRE NHS TRUST,C_300,General Internal Medicine Service,83,68,81.90%,1,20.6,0
Y61,RWH,EAST AND NORTH HERTFORDSHIRE NHS TRUST,C_301,Gastroenterology Service,"4,890","2,258",46.20%,19.4,51.6,381
Y61,RWH,EAST AND NORTH HERTFORDSHIRE NHS TRUST,C_320,Cardiology Service,"2,029","1,520",74.90%,8,27.5,10
Y61,RWH,EAST AND NORTH HERTFORDSHIRE NHS TRUST,C_330,Dermatology Service,626,414,66.10%,8.5,31.3,0
Y61,RWH,EAST AND NORTH HERTFORDSHIRE NHS TRUST,C_340,Respiratory Medicine Service,"1,029",694,67.40%,10.4,27.5,4
Y61,RWH,EAST AND NORTH HERTFORDSHIRE NHS TRUST,C_400,Neurology Service,390,372,95.40%,4.4,14.4,3
Y61,RWH,EAST AND NORTH HERTFORDSHIRE NHS TRUST,C_410,Rheumatology Service,965,760,78.80%,7.9,28.7,10
Y61,RWH,EAST AND NORTH HERTFORDSHIRE NHS TRUST,C_430,Elderly Medicine Service,207,137,66.20%,10,30.6,0
Y61,RWH,EAST AND NORTH HERTFORDSHIRE NHS TRUST,C_502,Gynaecology Service,"5,045","3,398",67.40%,12.4,26.8,54
Y61,RWH,EAST AND NORTH HERTFORDSHIRE NHS TRUST,X02,Other - Medical Services, -   , -   , -   ,-,-,0
Y61,RWH,EAST AND NORTH HERTFORDSHIRE NHS TRUST,X03,Other - Mental Health Services, -   , -   , -   ,-,-,0
Y61,RWH,EAST AND NORTH HERTFORDSHIRE NHS TRUST,X04,Other - Paediatric Services, -   , -   , -   ,-,-,0
Y61,RWH,EAST AND NORTH HERTFORDSHIRE NHS TRUST,X05,Other - Surgical Services, -   , -   , -   ,-,-,0
Y61,RWH,EAST AND NORTH HERTFORDSHIRE NHS TRUST,X06,Other - Other Services,"12,532","8,351",66.60%,10.6,39.2,584
Y61,RY3,NORFOLK COMMUNITY HEALTH AND CARE NHS TRUST,C_100,General Surgery Service, -   , -   , -   ,-,-,0
Y61,RY3,NORFOLK COMMUNITY HEALTH AND CARE NHS TRUST,C_101,Urology Service, -   , -   , -   ,-,-,0
Y61,RY3,NORFOLK COMMUNITY HEALTH AND CARE NHS TRUST,C_110,Trauma and Orthopaedic Service,438,436,99.50%,2.3,8.9,0
Y61,RY3,NORFOLK COMMUNITY HEALTH AND CARE NHS TRUST,C_120,Ear Nose and Throat Service, -   , -   , -   ,-,-,0
Y61,RY3,NORFOLK COMMUNITY HEALTH AND CARE NHS TRUST,C_130,Ophthalmology Service, -   , -   , -   ,-,-,0
Y61,RY3,NORFOLK COMMUNITY HEALTH AND CARE NHS TRUST,C_140,Oral Surgery Service, -   , -   , -   ,-,-,0
Y61,RY3,NORFOLK COMMUNITY HEALTH AND CARE NHS TRUST,C_150,Neurosurgical Service, -   , -   , -   ,-,-,0
Y61,RY3,NORFOLK COMMUNITY HEALTH AND CARE NHS TRUST,C_160,Plastic Surgery Service, -   , -   , -   ,-,-,0
Y61,RY3,NORFOLK COMMUNITY HEALTH AND CARE NHS TRUST,C_170,Cardiothoracic Surgery Service, -   , -   , -   ,-,-,0
Y61,RY3,NORFOLK COMMUNITY HEALTH AND CARE NHS TRUST,C_300,General Internal Medicine Service, -   , -   , -   ,-,-,0
Y61,RY3,NORFOLK COMMUNITY HEALTH AND CARE NHS TRUST,C_301,Gastroenterology Service, -   , -   , -   ,-,-,0
Y61,RY3,NORFOLK COMMUNITY HEALTH AND CARE NHS TRUST,C_320,Cardiology Service, -   , -   , -   ,-,-,0
Y61,RY3,NORFOLK COMMUNITY HEALTH AND CARE NHS TRUST,C_330,Dermatology Service, -   , -   , -   ,-,-,0
Y61,RY3,NORFOLK COMMUNITY HEALTH AND CARE NHS TRUST,C_340,Respiratory Medicine Service, -   , -   , -   ,-,-,0
Y61,RY3,NORFOLK COMMUNITY HEALTH AND CARE NHS TRUST,C_400,Neurology Service, -   , -   , -   ,-,-,0
Y61,RY3,NORFOLK COMMUNITY HEALTH AND CARE NHS TRUST,C_410,Rheumatology Service, -   , -   , -   ,-,-,0
Y61,RY3,NORFOLK COMMUNITY HEALTH AND CARE NHS TRUST,C_430,Elderly Medicine Service, -   , -   , -   ,-,-,0
Y61,RY3,NORFOLK COMMUNITY HEALTH AND CARE NHS TRUST,C_502,Gynaecology Service, -   , -   , -   ,-,-,0
Y61,RY3,NORFOLK COMMUNITY HEALTH AND CARE NHS TRUST,X02,Other - Medical Services, -   , -   , -   ,-,-,0
Y61,RY3,NORFOLK COMMUNITY HEALTH AND CARE NHS TRUST,X03,Other - Mental Health Services, -   , -   , -   ,-,-,0
Y61,RY3,NORFOLK COMMUNITY HEALTH AND CARE NHS TRUST,X04,Other - Paediatric Services,252,250,99.20%,6.1,11.9,0
Y61,RY3,NORFOLK COMMUNITY HEALTH AND CARE NHS TRUST,X05,Other - Surgical Services, -   , -   , -   ,-,-,0
Y61,RY3,NORFOLK COMMUNITY HEALTH AND CARE NHS TRUST,X06,Other - Other Services,114,111,97.40%,3.8,15.6,0
Y61,RY4,HERTFORDSHIRE COMMUNITY NHS TRUST,C_100,General Surgery Service, -   , -   , -   ,-,-,0
Y61,RY4,HERTFORDSHIRE COMMUNITY NHS TRUST,C_101,Urology Service, -   , -   , -   ,-,-,0
Y61,RY4,HERTFORDSHIRE COMMUNITY NHS TRUST,C_110,Trauma and Orthopaedic Service, -   , -   , -   ,-,-,0
Y61,RY4,HERTFORDSHIRE COMMUNITY NHS TRUST,C_120,Ear Nose and Throat Service, -   , -   , -   ,-,-,0
Y61,RY4,HERTFORDSHIRE COMMUNITY NHS TRUST,C_130,Ophthalmology Service, -   , -   , -   ,-,-,0
Y61,RY4,HERTFORDSHIRE COMMUNITY NHS TRUST,C_140,Oral Surgery Service, -   , -   , -   ,-,-,0
Y61,RY4,HERTFORDSHIRE COMMUNITY NHS TRUST,C_150,Neurosurgical Service, -   , -   , -   ,-,-,0
Y61,RY4,HERTFORDSHIRE COMMUNITY NHS TRUST,C_160,Plastic Surgery Service, -   , -   , -   ,-,-,0
Y61,RY4,HERTFORDSHIRE COMMUNITY NHS TRUST,C_170,Cardiothoracic Surgery Service, -   , -   , -   ,-,-,0
Y61,RY4,HERTFORDSHIRE COMMUNITY NHS TRUST,C_300,General Internal Medicine Service, -   , -   , -   ,-,-,0
Y61,RY4,HERTFORDSHIRE COMMUNITY NHS TRUST,C_301,Gastroenterology Service, -   , -   , -   ,-,-,0
Y61,RY4,HERTFORDSHIRE COMMUNITY NHS TRUST,C_320,Cardiology Service, -   , -   , -   ,-,-,0
Y61,RY4,HERTFORDSHIRE COMMUNITY NHS TRUST,C_330,Dermatology Service, -   , -   , -   ,-,-,0
Y61,RY4,HERTFORDSHIRE COMMUNITY NHS TRUST,C_340,Respiratory Medicine Service, -   , -   , -   ,-,-,0
Y61,RY4,HERTFORDSHIRE COMMUNITY NHS TRUST,C_400,Neurology Service, -   , -   , -   ,-,-,0
Y61,RY4,HERTFORDSHIRE COMMUNITY NHS TRUST,C_410,Rheumatology Service, -   , -   , -   ,-,-,0
Y61,RY4,HERTFORDSHIRE COMMUNITY NHS TRUST,C_430,Elderly Medicine Service, -   , -   , -   ,-,-,0
Y61,RY4,HERTFORDSHIRE COMMUNITY NHS TRUST,C_502,Gynaecology Service, -   , -   , -   ,-,-,0
Y61,RY4,HERTFORDSHIRE COMMUNITY NHS TRUST,X02,Other - Medical Services,667,667,100.00%,3.9,9.7,0
Y61,RY4,HERTFORDSHIRE COMMUNITY NHS TRUST,X03,Other - Mental Health Services, -   , -   , -   ,-,-,0
Y61,RY4,HERTFORDSHIRE COMMUNITY NHS TRUST,X04,Other - Paediatric Services,"1,537","1,053",68.50%,10.5,29,0
Y61,RY4,HERTFORDSHIRE COMMUNITY NHS TRUST,X05,Other - Surgical Services, -   , -   , -   ,-,-,0
Y61,RY4,HERTFORDSHIRE COMMUNITY NHS TRUST,X06,Other - Other Services, -   , -   , -   ,-,-,0
Y61,RYV,CAMBRIDGESHIRE COMMUNITY SERVICES NHS TRUST,C_100,General Surgery Service, -   , -   , -   ,-,-,0
Y61,RYV,CAMBRIDGESHIRE COMMUNITY SERVICES NHS TRUST,C_101,Urology Service, -   , -   , -   ,-,-,0
Y61,RYV,CAMBRIDGESHIRE COMMUNITY SERVICES NHS TRUST,C_110,Trauma and Orthopaedic Service, -   , -   , -   ,-,-,0
Y61,RYV,CAMBRIDGESHIRE COMMUNITY SERVICES NHS TRUST,C_120,Ear Nose and Throat Service, -   , -   , -   ,-,-,0
Y61,RYV,CAMBRIDGESHIRE COMMUNITY SERVICES NHS TRUST,C_130,Ophthalmology Service, -   , -   , -   ,-,-,0
Y61,RYV,CAMBRIDGESHIRE COMMUNITY SERVICES NHS TRUST,C_140,Oral Surgery Service,113,38,33.60%,58.3,66.5,64
Y61,RYV,CAMBRIDGESHIRE COMMUNITY SERVICES NHS TRUST,C_150,Neurosurgical Service, -   , -   , -   ,-,-,0
Y61,RYV,CAMBRIDGESHIRE COMMUNITY SERVICES NHS TRUST,C_160,Plastic Surgery Service, -   , -   , -   ,-,-,0
Y61,RYV,CAMBRIDGESHIRE COMMUNITY SERVICES NHS TRUST,C_170,Cardiothoracic Surgery Service, -   , -   , -   ,-,-,0
Y61,RYV,CAMBRIDGESHIRE COMMUNITY SERVICES NHS TRUST,C_300,General Internal Medicine Service, -   , -   , -   ,-,-,0
Y61,RYV,CAMBRIDGESHIRE COMMUNITY SERVICES NHS TRUST,C_301,Gastroenterology Service, -   , -   , -   ,-,-,0
Y61,RYV,CAMBRIDGESHIRE COMMUNITY SERVICES NHS TRUST,C_320,Cardiology Service, -   , -   , -   ,-,-,0
Y61,RYV,CAMBRIDGESHIRE COMMUNITY SERVICES NHS TRUST,C_330,Dermatology Service, -   , -   , -   ,-,-,0
Y61,RYV,CAMBRIDGESHIRE COMMUNITY SERVICES NHS TRUST,C_340,Respiratory Medicine Service, -   , -   , -   ,-,-,0
Y61,RYV,CAMBRIDGESHIRE COMMUNITY SERVICES NHS TRUST,C_400,Neurology Service, -   , -   , -   ,-,-,0
Y61,RYV,CAMBRIDGESHIRE COMMUNITY SERVICES NHS TRUST,C_410,Rheumatology Service, -   , -   , -   ,-,-,0
Y61,RYV,CAMBRIDGESHIRE COMMUNITY SERVICES NHS TRUST,C_430,Elderly Medicine Service, -   , -   , -   ,-,-,0
Y61,RYV,CAMBRIDGESHIRE COMMUNITY SERVICES NHS TRUST,C_502,Gynaecology Service, -   , -   , -   ,-,-,0
Y61,RYV,CAMBRIDGESHIRE COMMUNITY SERVICES NHS TRUST,X02,Other - Medical Services,"1,382",882,63.80%,11.8,35.9,28
Y61,RYV,CAMBRIDGESHIRE COMMUNITY SERVICES NHS TRUST,X03,Other - Mental Health Services, -   , -   , -   ,-,-,0
Y61,RYV,CAMBRIDGESHIRE COMMUNITY SERVICES NHS TRUST,X04,Other - Paediatric Services, -   , -   , -   ,-,-,0
Y61,RYV,CAMBRIDGESHIRE COMMUNITY SERVICES NHS TRUST,X05,Other - Surgical Services, -   , -   , -   ,-,-,0
Y61,RYV,CAMBRIDGESHIRE COMMUNITY SERVICES NHS TRUST,X06,Other - Other Services, -   , -   , -   ,-,-,0
Y62,R0A,MANCHESTER UNIVERSITY NHS FOUNDATION TRUST,C_100,General Surgery Service,"9,761","4,541",46.50%,20,72.7,"1,682"
Y62,R0A,MANCHESTER UNIVERSITY NHS FOUNDATION TRUST,C_101,Urology Service,"6,947","3,759",54.10%,15.3,62.2,732
Y62,R0A,MANCHESTER UNIVERSITY NHS FOUNDATION TRUST,C_110,Trauma and Orthopaedic Service,"6,104","2,663",43.60%,22.2,72.6,"1,517"
Y62,R0A,MANCHESTER UNIVERSITY NHS FOUNDATION TRUST,C_120,Ear Nose and Throat Service,"8,074","3,391",42.00%,22.7,75.4,"1,612"
Y62,R0A,MANCHESTER UNIVERSITY NHS FOUNDATION TRUST,C_130,Ophthalmology Service,"8,581","5,137",59.90%,12.1,58.2,789
Y62,R0A,MANCHESTER UNIVERSITY NHS FOUNDATION TRUST,C_140,Oral Surgery Service,"14,003","5,685",40.60%,23,72.9,"3,281"
Y62,R0A,MANCHESTER UNIVERSITY NHS FOUNDATION TRUST,C_150,Neurosurgical Service,12,7,58.30%,-,-,0
Y62,R0A,MANCHESTER UNIVERSITY NHS FOUNDATION TRUST,C_160,Plastic Surgery Service,"2,587","1,360",52.60%,15.9,69.5,423
Y62,R0A,MANCHESTER UNIVERSITY NHS FOUNDATION TRUST,C_170,Cardiothoracic Surgery Service,851,479,56.30%,14.5,57.2,81
Y62,R0A,MANCHESTER UNIVERSITY NHS FOUNDATION TRUST,C_300,General Internal Medicine Service,756,640,84.70%,8.2,22.9,4
Y62,R0A,MANCHESTER UNIVERSITY NHS FOUNDATION TRUST,C_301,Gastroenterology Service,"9,569","5,518",57.70%,14.3,44.1,499
Y62,R0A,MANCHESTER UNIVERSITY NHS FOUNDATION TRUST,C_320,Cardiology Service,"5,521","3,639",65.90%,11.8,40.4,219
Y62,R0A,MANCHESTER UNIVERSITY NHS FOUNDATION TRUST,C_330,Dermatology Service,"1,057",986,93.30%,5,16.7,2
Y62,R0A,MANCHESTER UNIVERSITY NHS FOUNDATION TRUST,C_340,Respiratory Medicine Service,"2,126","1,855",87.30%,7.2,20.8,5
Y62,R0A,MANCHESTER UNIVERSITY NHS FOUNDATION TRUST,C_400,Neurology Service,11,10,90.90%,-,-,0
Y62,R0A,MANCHESTER UNIVERSITY NHS FOUNDATION TRUST,C_410,Rheumatology Service,"1,726","1,124",65.10%,12,29.2,7
Y62,R0A,MANCHESTER UNIVERSITY NHS FOUNDATION TRUST,C_430,Elderly Medicine Service,561,432,77.00%,9.1,30.6,0
Y62,R0A,MANCHESTER UNIVERSITY NHS FOUNDATION TRUST,C_502,Gynaecology Service,"15,594","6,830",43.80%,21.4,66.3,"2,566"
Y62,R0A,MANCHESTER UNIVERSITY NHS FOUNDATION TRUST,X02,Other - Medical Services,"13,214","10,179",77.00%,8.9,28.7,175
Y62,R0A,MANCHESTER UNIVERSITY NHS FOUNDATION TRUST,X03,Other - Mental Health Services,87,72,82.80%,5.6,23.5,0
Y62,R0A,MANCHESTER UNIVERSITY NHS FOUNDATION TRUST,X04,Other - Paediatric Services,"16,603","9,110",54.90%,14.8,62.4,"1,981"
Y62,R0A,MANCHESTER UNIVERSITY NHS FOUNDATION TRUST,X05,Other - Surgical Services,"9,972","5,964",59.80%,11.5,63,"1,231"
Y62,R0A,MANCHESTER UNIVERSITY NHS FOUNDATION TRUST,X06,Other - Other Services,508,329,64.80%,12,53.8,43
Y62,RBL,WIRRAL UNIVERSITY TEACHING HOSPITAL NHS FOUNDATION TRUST,C_100,General Surgery Service,253,232,91.70%,7.9,19.8,5
Y62,RBL,WIRRAL UNIVERSITY TEACHING HOSPITAL NHS FOUNDATION TRUST,C_101,Urology Service,"1,312",856,65.20%,9.9,56.7,118
Y62,RBL,WIRRAL UNIVERSITY TEACHING HOSPITAL NHS FOUNDATION TRUST,C_110,Trauma and Orthopaedic Service,"1,406",808,57.50%,12.5,59.2,130
Y62,RBL,WIRRAL UNIVERSITY TEACHING HOSPITAL NHS FOUNDATION TRUST,C_120,Ear Nose and Throat Service,"1,170",886,75.70%,6.3,50.1,86
Y62,RBL,WIRRAL UNIVERSITY TEACHING HOSPITAL NHS FOUNDATION TRUST,C_130,Ophthalmology Service,"2,046","1,118",54.60%,14.7,43.5,141
Y62,RBL,WIRRAL UNIVERSITY TEACHING HOSPITAL NHS FOUNDATION TRUST,C_140,Oral Surgery Service,"1,193",750,62.90%,9.5,60.8,136
Y62,RBL,WIRRAL UNIVERSITY TEACHING HOSPITAL NHS FOUNDATION TRUST,C_150,Neurosurgical Service, -   , -   , -   ,-,-,0
Y62,RBL,WIRRAL UNIVERSITY TEACHING HOSPITAL NHS FOUNDATION TRUST,C_160,Plastic Surgery Service, -   , -   , -   ,-,-,0
Y62,RBL,WIRRAL UNIVERSITY TEACHING HOSPITAL NHS FOUNDATION TRUST,C_170,Cardiothoracic Surgery Service, -   , -   , -   ,-,-,0
Y62,RBL,WIRRAL UNIVERSITY TEACHING HOSPITAL NHS FOUNDATION TRUST,C_300,General Internal Medicine Service,7,7,100.00%,-,-,0
Y62,RBL,WIRRAL UNIVERSITY TEACHING HOSPITAL NHS FOUNDATION TRUST,C_301,Gastroenterology Service,"2,356","1,465",62.20%,13.6,32.5,27
Y62,RBL,WIRRAL UNIVERSITY TEACHING HOSPITAL NHS FOUNDATION TRUST,C_320,Cardiology Service,633,515,81.40%,7,24.8,0
Y62,RBL,WIRRAL UNIVERSITY TEACHING HOSPITAL NHS FOUNDATION TRUST,C_330,Dermatology Service,"1,215","1,123",92.40%,6.3,17,0
Y62,RBL,WIRRAL UNIVERSITY TEACHING HOSPITAL NHS FOUNDATION TRUST,C_340,Respiratory Medicine Service,"1,634",998,61.10%,13,36.6,18
Y62,RBL,WIRRAL UNIVERSITY TEACHING HOSPITAL NHS FOUNDATION TRUST,C_400,Neurology Service, -   , -   , -   ,-,-,0
Y62,RBL,WIRRAL UNIVERSITY TEACHING HOSPITAL NHS FOUNDATION TRUST,C_410,Rheumatology Service,209,171,81.80%,4.5,28.7,1
Y62,RBL,WIRRAL UNIVERSITY TEACHING HOSPITAL NHS FOUNDATION TRUST,C_430,Elderly Medicine Service,105,90,85.70%,2,24.6,0
Y62,RBL,WIRRAL UNIVERSITY TEACHING HOSPITAL NHS FOUNDATION TRUST,C_502,Gynaecology Service,"2,201","1,499",68.10%,10.5,39.1,70
Y62,RBL,WIRRAL UNIVERSITY TEACHING HOSPITAL NHS FOUNDATION TRUST,X02,Other - Medical Services,"1,296","1,082",83.50%,5.5,24.7,6
Y62,RBL,WIRRAL UNIVERSITY TEACHING HOSPITAL NHS FOUNDATION TRUST,X03,Other - Mental Health Services, -   , -   , -   ,-,-,0
Y62,RBL,WIRRAL UNIVERSITY TEACHING HOSPITAL NHS FOUNDATION TRUST,X04,Other - Paediatric Services,"1,448","1,012",69.90%,9.9,29.5,3
Y62,RBL,WIRRAL UNIVERSITY TEACHING HOSPITAL NHS FOUNDATION TRUST,X05,Other - Surgical Services,"3,744","2,219",59.30%,13.2,39.3,125
Y62,RBL,WIRRAL UNIVERSITY TEACHING HOSPITAL NHS FOUNDATION TRUST,X06,Other - Other Services,"2,546","2,415",94.90%,4.6,14.5,8
Y62,RBN,ST HELENS AND KNOWSLEY TEACHING HOSPITALS NHS TRUST,C_100,General Surgery Service,"1,606","1,048",65.30%,10.3,45.7,106
Y62,RBN,ST HELENS AND KNOWSLEY TEACHING HOSPITALS NHS TRUST,C_101,Urology Service,"1,558","1,035",66.40%,8.9,41.6,80
Y62,RBN,ST HELENS AND KNOWSLEY TEACHING HOSPITALS NHS TRUST,C_110,Trauma and Orthopaedic Service,"2,458","1,287",52.40%,16.1,63.9,358
Y62,RBN,ST HELENS AND KNOWSLEY TEACHING HOSPITALS NHS TRUST,C_120,Ear Nose and Throat Service,"1,169",868,74.30%,4.7,63.4,143
Y62,RBN,ST HELENS AND KNOWSLEY TEACHING HOSPITALS NHS TRUST,C_130,Ophthalmology Service,"1,870","1,419",75.90%,7.6,29.6,31
Y62,RBN,ST HELENS AND KNOWSLEY TEACHING HOSPITALS NHS TRUST,C_140,Oral Surgery Service,369,300,81.30%,7.4,27.7,10
Y62,RBN,ST HELENS AND KNOWSLEY TEACHING HOSPITALS NHS TRUST,C_150,Neurosurgical Service,51,41,80.40%,11,27.5,0
Y62,RBN,ST HELENS AND KNOWSLEY TEACHING HOSPITALS NHS TRUST,C_160,Plastic Surgery Service,"3,667","1,740",47.50%,19.4,60.1,449
Y62,RBN,ST HELENS AND KNOWSLEY TEACHING HOSPITALS NHS TRUST,C_170,Cardiothoracic Surgery Service, -   , -   , -   ,-,-,0
Y62,RBN,ST HELENS AND KNOWSLEY TEACHING HOSPITALS NHS TRUST,C_300,General Internal Medicine Service,34,33,97.10%,2.9,9.6,0
Y62,RBN,ST HELENS AND KNOWSLEY TEACHING HOSPITALS NHS TRUST,C_301,Gastroenterology Service,"2,060","1,808",87.80%,5.9,20.9,3
Y62,RBN,ST HELENS AND KNOWSLEY TEACHING HOSPITALS NHS TRUST,C_320,Cardiology Service,801,740,92.40%,5.2,17,0
Y62,RBN,ST HELENS AND KNOWSLEY TEACHING HOSPITALS NHS TRUST,C_330,Dermatology Service,"1,728","1,640",94.90%,3.9,13.8,2
Y62,RBN,ST HELENS AND KNOWSLEY TEACHING HOSPITALS NHS TRUST,C_340,Respiratory Medicine Service,314,285,90.80%,6.1,19.2,2
Y62,RBN,ST HELENS AND KNOWSLEY TEACHING HOSPITALS NHS TRUST,C_400,Neurology Service, -   , -   , -   ,-,-,0
Y62,RBN,ST HELENS AND KNOWSLEY TEACHING HOSPITALS NHS TRUST,C_410,Rheumatology Service,387,352,91.00%,5.3,18.8,0
Y62,RBN,ST HELENS AND KNOWSLEY TEACHING HOSPITALS NHS TRUST,C_430,Elderly Medicine Service,47,43,91.50%,5.3,19.2,0
Y62,RBN,ST HELENS AND KNOWSLEY TEACHING HOSPITALS NHS TRUST,C_502,Gynaecology Service,"2,127","1,440",67.70%,9.7,30.2,23
Y62,RBN,ST HELENS AND KNOWSLEY TEACHING HOSPITALS NHS TRUST,X02,Other - Medical Services,"2,256","1,710",75.80%,5,42.5,113
Y62,RBN,ST HELENS AND KNOWSLEY TEACHING HOSPITALS NHS TRUST,X03,Other - Mental Health Services, -   , -   , -   ,-,-,0
Y62,RBN,ST HELENS AND KNOWSLEY TEACHING HOSPITALS NHS TRUST,X04,Other - Paediatric Services,569,558,98.10%,3.7,11.4,0
Y62,RBN,ST HELENS AND KNOWSLEY TEACHING HOSPITALS NHS TRUST,X05,Other - Surgical Services,786,589,74.90%,7.1,32.3,23
Y62,RBN,ST HELENS AND KNOWSLEY TEACHING HOSPITALS NHS TRUST,X06,Other - Other Services,17,7,41.20%,-,-,2
Y62,RBQ,LIVERPOOL HEART AND CHEST HOSPITAL NHS FOUNDATION TRUST,C_100,General Surgery Service, -   , -   , -   ,-,-,0
Y62,RBQ,LIVERPOOL HEART AND CHEST HOSPITAL NHS FOUNDATION TRUST,C_101,Urology Service, -   , -   , -   ,-,-,0
Y62,RBQ,LIVERPOOL HEART AND CHEST HOSPITAL NHS FOUNDATION TRUST,C_110,Trauma and Orthopaedic Service, -   , -   , -   ,-,-,0
Y62,RBQ,LIVERPOOL HEART AND CHEST HOSPITAL NHS FOUNDATION TRUST,C_120,Ear Nose and Throat Service, -   , -   , -   ,-,-,0
Y62,RBQ,LIVERPOOL HEART AND CHEST HOSPITAL NHS FOUNDATION TRUST,C_130,Ophthalmology Service, -   , -   , -   ,-,-,0
Y62,RBQ,LIVERPOOL HEART AND CHEST HOSPITAL NHS FOUNDATION TRUST,C_140,Oral Surgery Service, -   , -   , -   ,-,-,0
Y62,RBQ,LIVERPOOL HEART AND CHEST HOSPITAL NHS FOUNDATION TRUST,C_150,Neurosurgical Service, -   , -   , -   ,-,-,0
Y62,RBQ,LIVERPOOL HEART AND CHEST HOSPITAL NHS FOUNDATION TRUST,C_160,Plastic Surgery Service, -   , -   , -   ,-,-,0
Y62,RBQ,LIVERPOOL HEART AND CHEST HOSPITAL NHS FOUNDATION TRUST,C_170,Cardiothoracic Surgery Service,700,389,55.60%,14.7,55,61
Y62,RBQ,LIVERPOOL HEART AND CHEST HOSPITAL NHS FOUNDATION TRUST,C_300,General Internal Medicine Service, -   , -   , -   ,-,-,0
Y62,RBQ,LIVERPOOL HEART AND CHEST HOSPITAL NHS FOUNDATION TRUST,C_301,Gastroenterology Service, -   , -   , -   ,-,-,0
Y62,RBQ,LIVERPOOL HEART AND CHEST HOSPITAL NHS FOUNDATION TRUST,C_320,Cardiology Service,"2,239","1,822",81.40%,8.3,26.7,30
Y62,RBQ,LIVERPOOL HEART AND CHEST HOSPITAL NHS FOUNDATION TRUST,C_330,Dermatology Service, -   , -   , -   ,-,-,0
Y62,RBQ,LIVERPOOL HEART AND CHEST HOSPITAL NHS FOUNDATION TRUST,C_340,Respiratory Medicine Service,585,495,84.60%,8.2,24,3
Y62,RBQ,LIVERPOOL HEART AND CHEST HOSPITAL NHS FOUNDATION TRUST,C_400,Neurology Service, -   , -   , -   ,-,-,0
Y62,RBQ,LIVERPOOL HEART AND CHEST HOSPITAL NHS FOUNDATION TRUST,C_410,Rheumatology Service, -   , -   , -   ,-,-,0
Y62,RBQ,LIVERPOOL HEART AND CHEST HOSPITAL NHS FOUNDATION TRUST,C_430,Elderly Medicine Service, -   , -   , -   ,-,-,0
Y62,RBQ,LIVERPOOL HEART AND CHEST HOSPITAL NHS FOUNDATION TRUST,C_502,Gynaecology Service, -   , -   , -   ,-,-,0
Y62,RBQ,LIVERPOOL HEART AND CHEST HOSPITAL NHS FOUNDATION TRUST,X02,Other - Medical Services, -   , -   , -   ,-,-,0
Y62,RBQ,LIVERPOOL HEART AND CHEST HOSPITAL NHS FOUNDATION TRUST,X03,Other - Mental Health Services, -   , -   , -   ,-,-,0
Y62,RBQ,LIVERPOOL HEART AND CHEST HOSPITAL NHS FOUNDATION TRUST,X04,Other - Paediatric Services, -   , -   , -   ,-,-,0
Y62,RBQ,LIVERPOOL HEART AND CHEST HOSPITAL NHS FOUNDATION TRUST,X05,Other - Surgical Services, -   , -   , -   ,-,-,0
Y62,RBQ,LIVERPOOL HEART AND CHEST HOSPITAL NHS FOUNDATION TRUST,X06,Other - Other Services, -   , -   , -   ,-,-,0
Y62,RBS,ALDER HEY CHILDREN'S NHS FOUNDATION TRUST,C_100,General Surgery Service, -   , -   , -   ,-,-,0
Y62,RBS,ALDER HEY CHILDREN'S NHS FOUNDATION TRUST,C_101,Urology Service, -   , -   , -   ,-,-,0
Y62,RBS,ALDER HEY CHILDREN'S NHS FOUNDATION TRUST,C_110,Trauma and Orthopaedic Service, -   , -   , -   ,-,-,0
Y62,RBS,ALDER HEY CHILDREN'S NHS FOUNDATION TRUST,C_120,Ear Nose and Throat Service, -   , -   , -   ,-,-,0
Y62,RBS,ALDER HEY CHILDREN'S NHS FOUNDATION TRUST,C_130,Ophthalmology Service, -   , -   , -   ,-,-,0
Y62,RBS,ALDER HEY CHILDREN'S NHS FOUNDATION TRUST,C_140,Oral Surgery Service, -   , -   , -   ,-,-,0
Y62,RBS,ALDER HEY CHILDREN'S NHS FOUNDATION TRUST,C_150,Neurosurgical Service, -   , -   , -   ,-,-,0
Y62,RBS,ALDER HEY CHILDREN'S NHS FOUNDATION TRUST,C_160,Plastic Surgery Service, -   , -   , -   ,-,-,0
Y62,RBS,ALDER HEY CHILDREN'S NHS FOUNDATION TRUST,C_170,Cardiothoracic Surgery Service, -   , -   , -   ,-,-,0
Y62,RBS,ALDER HEY CHILDREN'S NHS FOUNDATION TRUST,C_300,General Internal Medicine Service, -   , -   , -   ,-,-,0
Y62,RBS,ALDER HEY CHILDREN'S NHS FOUNDATION TRUST,C_301,Gastroenterology Service, -   , -   , -   ,-,-,0
Y62,RBS,ALDER HEY CHILDREN'S NHS FOUNDATION TRUST,C_320,Cardiology Service, -   , -   , -   ,-,-,0
Y62,RBS,ALDER HEY CHILDREN'S NHS FOUNDATION TRUST,C_330,Dermatology Service, -   , -   , -   ,-,-,0
Y62,RBS,ALDER HEY CHILDREN'S NHS FOUNDATION TRUST,C_340,Respiratory Medicine Service, -   , -   , -   ,-,-,0
Y62,RBS,ALDER HEY CHILDREN'S NHS FOUNDATION TRUST,C_400,Neurology Service, -   , -   , -   ,-,-,0
Y62,RBS,ALDER HEY CHILDREN'S NHS FOUNDATION TRUST,C_410,Rheumatology Service, -   , -   , -   ,-,-,0
Y62,RBS,ALDER HEY CHILDREN'S NHS FOUNDATION TRUST,C_430,Elderly Medicine Service, -   , -   , -   ,-,-,0
Y62,RBS,ALDER HEY CHILDREN'S NHS FOUNDATION TRUST,C_502,Gynaecology Service, -   , -   , -   ,-,-,0
Y62,RBS,ALDER HEY CHILDREN'S NHS FOUNDATION TRUST,X02,Other - Medical Services, -   , -   , -   ,-,-,0
Y62,RBS,ALDER HEY CHILDREN'S NHS FOUNDATION TRUST,X03,Other - Mental Health Services, -   , -   , -   ,-,-,0
Y62,RBS,ALDER HEY CHILDREN'S NHS FOUNDATION TRUST,X04,Other - Paediatric Services,"11,138","7,523",67.50%,11.9,32.7,255
Y62,RBS,ALDER HEY CHILDREN'S NHS FOUNDATION TRUST,X05,Other - Surgical Services, -   , -   , -   ,-,-,0
Y62,RBS,ALDER HEY CHILDREN'S NHS FOUNDATION TRUST,X06,Other - Other Services, -   , -   , -   ,-,-,0
Y62,RBT,MID CHESHIRE HOSPITALS NHS FOUNDATION TRUST,C_100,General Surgery Service,"3,407","2,050",60.20%,12.7,39.7,98
Y62,RBT,MID CHESHIRE HOSPITALS NHS FOUNDATION TRUST,C_101,Urology Service,"1,296",918,70.80%,9.1,46.5,85
Y62,RBT,MID CHESHIRE HOSPITALS NHS FOUNDATION TRUST,C_110,Trauma and Orthopaedic Service,"2,697","1,397",51.80%,16.5,62,312
Y62,RBT,MID CHESHIRE HOSPITALS NHS FOUNDATION TRUST,C_120,Ear Nose and Throat Service,"2,573","1,696",65.90%,10.4,30.7,39
Y62,RBT,MID CHESHIRE HOSPITALS NHS FOUNDATION TRUST,C_130,Ophthalmology Service,"2,943","1,780",60.50%,13.1,33,126
Y62,RBT,MID CHESHIRE HOSPITALS NHS FOUNDATION TRUST,C_140,Oral Surgery Service, -   , -   , -   ,-,-,0
Y62,RBT,MID CHESHIRE HOSPITALS NHS FOUNDATION TRUST,C_150,Neurosurgical Service, -   , -   , -   ,-,-,0
Y62,RBT,MID CHESHIRE HOSPITALS NHS FOUNDATION TRUST,C_160,Plastic Surgery Service, -   , -   , -   ,-,-,0
Y62,RBT,MID CHESHIRE HOSPITALS NHS FOUNDATION TRUST,C_170,Cardiothoracic Surgery Service, -   , -   , -   ,-,-,0
Y62,RBT,MID CHESHIRE HOSPITALS NHS FOUNDATION TRUST,C_300,General Internal Medicine Service,5,5,100.00%,-,-,0
Y62,RBT,MID CHESHIRE HOSPITALS NHS FOUNDATION TRUST,C_301,Gastroenterology Service,"1,542",969,62.80%,13.4,29.2,4
Y62,RBT,MID CHESHIRE HOSPITALS NHS FOUNDATION TRUST,C_320,Cardiology Service,943,747,79.20%,8.1,25.7,9
Y62,RBT,MID CHESHIRE HOSPITALS NHS FOUNDATION TRUST,C_330,Dermatology Service,"1,511","1,234",81.70%,6.9,23.1,0
Y62,RBT,MID CHESHIRE HOSPITALS NHS FOUNDATION TRUST,C_340,Respiratory Medicine Service,241,220,91.30%,6.4,18.3,0
Y62,RBT,MID CHESHIRE HOSPITALS NHS FOUNDATION TRUST,C_400,Neurology Service, -   , -   , -   ,-,-,0
Y62,RBT,MID CHESHIRE HOSPITALS NHS FOUNDATION TRUST,C_410,Rheumatology Service,770,497,64.50%,12.2,27.5,0
Y62,RBT,MID CHESHIRE HOSPITALS NHS FOUNDATION TRUST,C_430,Elderly Medicine Service,37,28,75.70%,6.5,27,0
Y62,RBT,MID CHESHIRE HOSPITALS NHS FOUNDATION TRUST,C_502,Gynaecology Service,"1,201",887,73.90%,7.6,44.2,82
Y62,RBT,MID CHESHIRE HOSPITALS NHS FOUNDATION TRUST,X02,Other - Medical Services,"1,254","1,162",92.70%,6.3,17,0
Y62,RBT,MID CHESHIRE HOSPITALS NHS FOUNDATION TRUST,X03,Other - Mental Health Services, -   , -   , -   ,-,-,0
Y62,RBT,MID CHESHIRE HOSPITALS NHS FOUNDATION TRUST,X04,Other - Paediatric Services,608,391,64.30%,12.3,31.5,0
Y62,RBT,MID CHESHIRE HOSPITALS NHS FOUNDATION TRUST,X05,Other - Surgical Services,205,203,99.00%,1.5,6.3,0
Y62,RBT,MID CHESHIRE HOSPITALS NHS FOUNDATION TRUST,X06,Other - Other Services,510,507,99.40%,2.3,7.3,0
Y62,RBV,THE CHRISTIE NHS FOUNDATION TRUST,C_100,General Surgery Service, -   , -   , -   ,-,-,0
Y62,RBV,THE CHRISTIE NHS FOUNDATION TRUST,C_101,Urology Service,74,74,100.00%,4.8,10.5,0
Y62,RBV,THE CHRISTIE NHS FOUNDATION TRUST,C_110,Trauma and Orthopaedic Service, -   , -   , -   ,-,-,0
Y62,RBV,THE CHRISTIE NHS FOUNDATION TRUST,C_120,Ear Nose and Throat Service, -   , -   , -   ,-,-,0
Y62,RBV,THE CHRISTIE NHS FOUNDATION TRUST,C_130,Ophthalmology Service, -   , -   , -   ,-,-,0
Y62,RBV,THE CHRISTIE NHS FOUNDATION TRUST,C_140,Oral Surgery Service, -   , -   , -   ,-,-,0
Y62,RBV,THE CHRISTIE NHS FOUNDATION TRUST,C_150,Neurosurgical Service, -   , -   , -   ,-,-,0
Y62,RBV,THE CHRISTIE NHS FOUNDATION TRUST,C_160,Plastic Surgery Service,115,113,98.30%,3,11,0
Y62,RBV,THE CHRISTIE NHS FOUNDATION TRUST,C_170,Cardiothoracic Surgery Service, -   , -   , -   ,-,-,0
Y62,RBV,THE CHRISTIE NHS FOUNDATION TRUST,C_300,General Internal Medicine Service, -   , -   , -   ,-,-,0
Y62,RBV,THE CHRISTIE NHS FOUNDATION TRUST,C_301,Gastroenterology Service, -   , -   , -   ,-,-,0
Y62,RBV,THE CHRISTIE NHS FOUNDATION TRUST,C_320,Cardiology Service, -   , -   , -   ,-,-,0
Y62,RBV,THE CHRISTIE NHS FOUNDATION TRUST,C_330,Dermatology Service, -   , -   , -   ,-,-,0
Y62,RBV,THE CHRISTIE NHS FOUNDATION TRUST,C_340,Respiratory Medicine Service, -   , -   , -   ,-,-,0
Y62,RBV,THE CHRISTIE NHS FOUNDATION TRUST,C_400,Neurology Service, -   , -   , -   ,-,-,0
Y62,RBV,THE CHRISTIE NHS FOUNDATION TRUST,C_410,Rheumatology Service, -   , -   , -   ,-,-,0
Y62,RBV,THE CHRISTIE NHS FOUNDATION TRUST,C_430,Elderly Medicine Service, -   , -   , -   ,-,-,0
Y62,RBV,THE CHRISTIE NHS FOUNDATION TRUST,C_502,Gynaecology Service,28,27,96.40%,4.5,8.9,0
Y62,RBV,THE CHRISTIE NHS FOUNDATION TRUST,X02,Other - Medical Services,"1,149","1,143",99.50%,2.6,9.4,0
Y62,RBV,THE CHRISTIE NHS FOUNDATION TRUST,X03,Other - Mental Health Services, -   , -   , -   ,-,-,0
Y62,RBV,THE CHRISTIE NHS FOUNDATION TRUST,X04,Other - Paediatric Services, -   , -   , -   ,-,-,0
Y62,RBV,THE CHRISTIE NHS FOUNDATION TRUST,X05,Other - Surgical Services,49,48,98.00%,3,10,0
Y62,RBV,THE CHRISTIE NHS FOUNDATION TRUST,X06,Other - Other Services, -   , -   , -   ,-,-,0
Y62,REM,LIVERPOOL UNIVERSITY HOSPITALS NHS FOUNDATION TRUST,C_100,General Surgery Service,"4,277","1,836",42.90%,23.2,68,833
Y62,REM,LIVERPOOL UNIVERSITY HOSPITALS NHS FOUNDATION TRUST,C_101,Urology Service,"2,477","1,744",70.40%,10.7,39.3,89
Y62,REM,LIVERPOOL UNIVERSITY HOSPITALS NHS FOUNDATION TRUST,C_110,Trauma and Orthopaedic Service,"7,296","2,260",31.00%,30.7,74.6,"2,122"
Y62,REM,LIVERPOOL UNIVERSITY HOSPITALS NHS FOUNDATION TRUST,C_120,Ear Nose and Throat Service,"6,208","3,484",56.10%,14.2,58.1,606
Y62,REM,LIVERPOOL UNIVERSITY HOSPITALS NHS FOUNDATION TRUST,C_130,Ophthalmology Service,"7,561","4,811",63.60%,11.3,39.9,417
Y62,REM,LIVERPOOL UNIVERSITY HOSPITALS NHS FOUNDATION TRUST,C_140,Oral Surgery Service,"2,600","1,903",73.20%,8.8,62.1,274
Y62,REM,LIVERPOOL UNIVERSITY HOSPITALS NHS FOUNDATION TRUST,C_150,Neurosurgical Service, -   , -   , -   ,-,-,0
Y62,REM,LIVERPOOL UNIVERSITY HOSPITALS NHS FOUNDATION TRUST,C_160,Plastic Surgery Service,130,109,83.80%,5.7,24.6,1
Y62,REM,LIVERPOOL UNIVERSITY HOSPITALS NHS FOUNDATION TRUST,C_170,Cardiothoracic Surgery Service, -   , -   , -   ,-,-,0
Y62,REM,LIVERPOOL UNIVERSITY HOSPITALS NHS FOUNDATION TRUST,C_300,General Internal Medicine Service,32,32,100.00%,2.6,8.4,0
Y62,REM,LIVERPOOL UNIVERSITY HOSPITALS NHS FOUNDATION TRUST,C_301,Gastroenterology Service,"4,669","3,644",78.00%,9,29.2,14
Y62,REM,LIVERPOOL UNIVERSITY HOSPITALS NHS FOUNDATION TRUST,C_320,Cardiology Service,"1,348","1,255",93.10%,6.3,16.8,0
Y62,REM,LIVERPOOL UNIVERSITY HOSPITALS NHS FOUNDATION TRUST,C_330,Dermatology Service,"2,630","1,932",73.50%,8.6,36.2,123
Y62,REM,LIVERPOOL UNIVERSITY HOSPITALS NHS FOUNDATION TRUST,C_340,Respiratory Medicine Service,"1,539","1,400",91.00%,7.6,19.4,9
Y62,REM,LIVERPOOL UNIVERSITY HOSPITALS NHS FOUNDATION TRUST,C_400,Neurology Service, -   , -   , -   ,-,-,0
Y62,REM,LIVERPOOL UNIVERSITY HOSPITALS NHS FOUNDATION TRUST,C_410,Rheumatology Service,958,774,80.80%,8.2,23.7,0
Y62,REM,LIVERPOOL UNIVERSITY HOSPITALS NHS FOUNDATION TRUST,C_430,Elderly Medicine Service,182,172,94.50%,5.3,16.4,0
Y62,REM,LIVERPOOL UNIVERSITY HOSPITALS NHS FOUNDATION TRUST,C_502,Gynaecology Service, -   , -   , -   ,-,-,0
Y62,REM,LIVERPOOL UNIVERSITY HOSPITALS NHS FOUNDATION TRUST,X02,Other - Medical Services,"2,645","2,379",89.90%,6.7,19.1,3
Y62,REM,LIVERPOOL UNIVERSITY HOSPITALS NHS FOUNDATION TRUST,X03,Other - Mental Health Services, -   , -   , -   ,-,-,0
Y62,REM,LIVERPOOL UNIVERSITY HOSPITALS NHS FOUNDATION TRUST,X04,Other - Paediatric Services,287,138,48.10%,19,61.9,79
Y62,REM,LIVERPOOL UNIVERSITY HOSPITALS NHS FOUNDATION TRUST,X05,Other - Surgical Services,"3,492","2,189",62.70%,11.4,41.2,152
Y62,REM,LIVERPOOL UNIVERSITY HOSPITALS NHS FOUNDATION TRUST,X06,Other - Other Services,"3,318","2,692",81.10%,7.3,25.4,36
Y62,REN,THE CLATTERBRIDGE CANCER CENTRE NHS FOUNDATION TRUST,C_100,General Surgery Service, -   , -   , -   ,-,-,0
Y62,REN,THE CLATTERBRIDGE CANCER CENTRE NHS FOUNDATION TRUST,C_101,Urology Service, -   , -   , -   ,-,-,0
Y62,REN,THE CLATTERBRIDGE CANCER CENTRE NHS FOUNDATION TRUST,C_110,Trauma and Orthopaedic Service, -   , -   , -   ,-,-,0
Y62,REN,THE CLATTERBRIDGE CANCER CENTRE NHS FOUNDATION TRUST,C_120,Ear Nose and Throat Service, -   , -   , -   ,-,-,0
Y62,REN,THE CLATTERBRIDGE CANCER CENTRE NHS FOUNDATION TRUST,C_130,Ophthalmology Service, -   , -   , -   ,-,-,0
Y62,REN,THE CLATTERBRIDGE CANCER CENTRE NHS FOUNDATION TRUST,C_140,Oral Surgery Service, -   , -   , -   ,-,-,0
Y62,REN,THE CLATTERBRIDGE CANCER CENTRE NHS FOUNDATION TRUST,C_150,Neurosurgical Service, -   , -   , -   ,-,-,0
Y62,REN,THE CLATTERBRIDGE CANCER CENTRE NHS FOUNDATION TRUST,C_160,Plastic Surgery Service, -   , -   , -   ,-,-,0
Y62,REN,THE CLATTERBRIDGE CANCER CENTRE NHS FOUNDATION TRUST,C_170,Cardiothoracic Surgery Service, -   , -   , -   ,-,-,0
Y62,REN,THE CLATTERBRIDGE CANCER CENTRE NHS FOUNDATION TRUST,C_300,General Internal Medicine Service, -   , -   , -   ,-,-,0
Y62,REN,THE CLATTERBRIDGE CANCER CENTRE NHS FOUNDATION TRUST,C_301,Gastroenterology Service, -   , -   , -   ,-,-,0
Y62,REN,THE CLATTERBRIDGE CANCER CENTRE NHS FOUNDATION TRUST,C_320,Cardiology Service, -   , -   , -   ,-,-,0
Y62,REN,THE CLATTERBRIDGE CANCER CENTRE NHS FOUNDATION TRUST,C_330,Dermatology Service, -   , -   , -   ,-,-,0
Y62,REN,THE CLATTERBRIDGE CANCER CENTRE NHS FOUNDATION TRUST,C_340,Respiratory Medicine Service, -   , -   , -   ,-,-,0
Y62,REN,THE CLATTERBRIDGE CANCER CENTRE NHS FOUNDATION TRUST,C_400,Neurology Service, -   , -   , -   ,-,-,0
Y62,REN,THE CLATTERBRIDGE CANCER CENTRE NHS FOUNDATION TRUST,C_410,Rheumatology Service, -   , -   , -   ,-,-,0
Y62,REN,THE CLATTERBRIDGE CANCER CENTRE NHS FOUNDATION TRUST,C_430,Elderly Medicine Service, -   , -   , -   ,-,-,0
Y62,REN,THE CLATTERBRIDGE CANCER CENTRE NHS FOUNDATION TRUST,C_502,Gynaecology Service, -   , -   , -   ,-,-,0
Y62,REN,THE CLATTERBRIDGE CANCER CENTRE NHS FOUNDATION TRUST,X02,Other - Medical Services,663,653,98.50%,5.9,12.8,0
Y62,REN,THE CLATTERBRIDGE CANCER CENTRE NHS FOUNDATION TRUST,X03,Other - Mental Health Services, -   , -   , -   ,-,-,0
Y62,REN,THE CLATTERBRIDGE CANCER CENTRE NHS FOUNDATION TRUST,X04,Other - Paediatric Services, -   , -   , -   ,-,-,0
Y62,REN,THE CLATTERBRIDGE CANCER CENTRE NHS FOUNDATION TRUST,X05,Other - Surgical Services, -   , -   , -   ,-,-,0
Y62,REN,THE CLATTERBRIDGE CANCER CENTRE NHS FOUNDATION TRUST,X06,Other - Other Services,361,359,99.40%,5.7,12.2,0
Y62,REP,LIVERPOOL WOMEN'S NHS FOUNDATION TRUST,C_100,General Surgery Service, -   , -   , -   ,-,-,0
Y62,REP,LIVERPOOL WOMEN'S NHS FOUNDATION TRUST,C_101,Urology Service, -   , -   , -   ,-,-,0
Y62,REP,LIVERPOOL WOMEN'S NHS FOUNDATION TRUST,C_110,Trauma and Orthopaedic Service, -   , -   , -   ,-,-,0
Y62,REP,LIVERPOOL WOMEN'S NHS FOUNDATION TRUST,C_120,Ear Nose and Throat Service, -   , -   , -   ,-,-,0
Y62,REP,LIVERPOOL WOMEN'S NHS FOUNDATION TRUST,C_130,Ophthalmology Service, -   , -   , -   ,-,-,0
Y62,REP,LIVERPOOL WOMEN'S NHS FOUNDATION TRUST,C_140,Oral Surgery Service, -   , -   , -   ,-,-,0
Y62,REP,LIVERPOOL WOMEN'S NHS FOUNDATION TRUST,C_150,Neurosurgical Service, -   , -   , -   ,-,-,0
Y62,REP,LIVERPOOL WOMEN'S NHS FOUNDATION TRUST,C_160,Plastic Surgery Service, -   , -   , -   ,-,-,0
Y62,REP,LIVERPOOL WOMEN'S NHS FOUNDATION TRUST,C_170,Cardiothoracic Surgery Service, -   , -   , -   ,-,-,0
Y62,REP,LIVERPOOL WOMEN'S NHS FOUNDATION TRUST,C_300,General Internal Medicine Service, -   , -   , -   ,-,-,0
Y62,REP,LIVERPOOL WOMEN'S NHS FOUNDATION TRUST,C_301,Gastroenterology Service, -   , -   , -   ,-,-,0
Y62,REP,LIVERPOOL WOMEN'S NHS FOUNDATION TRUST,C_320,Cardiology Service, -   , -   , -   ,-,-,0
Y62,REP,LIVERPOOL WOMEN'S NHS FOUNDATION TRUST,C_330,Dermatology Service, -   , -   , -   ,-,-,0
Y62,REP,LIVERPOOL WOMEN'S NHS FOUNDATION TRUST,C_340,Respiratory Medicine Service, -   , -   , -   ,-,-,0
Y62,REP,LIVERPOOL WOMEN'S NHS FOUNDATION TRUST,C_400,Neurology Service, -   , -   , -   ,-,-,0
Y62,REP,LIVERPOOL WOMEN'S NHS FOUNDATION TRUST,C_410,Rheumatology Service, -   , -   , -   ,-,-,0
Y62,REP,LIVERPOOL WOMEN'S NHS FOUNDATION TRUST,C_430,Elderly Medicine Service, -   , -   , -   ,-,-,0
Y62,REP,LIVERPOOL WOMEN'S NHS FOUNDATION TRUST,C_502,Gynaecology Service,"10,122","6,637",65.60%,11,36,214
Y62,REP,LIVERPOOL WOMEN'S NHS FOUNDATION TRUST,X02,Other - Medical Services, -   , -   , -   ,-,-,0
Y62,REP,LIVERPOOL WOMEN'S NHS FOUNDATION TRUST,X03,Other - Mental Health Services, -   , -   , -   ,-,-,0
Y62,REP,LIVERPOOL WOMEN'S NHS FOUNDATION TRUST,X04,Other - Paediatric Services, -   , -   , -   ,-,-,0
Y62,REP,LIVERPOOL WOMEN'S NHS FOUNDATION TRUST,X05,Other - Surgical Services, -   , -   , -   ,-,-,0
Y62,REP,LIVERPOOL WOMEN'S NHS FOUNDATION TRUST,X06,Other - Other Services,594,587,98.80%,5.4,10.7,0
Y62,RET,THE WALTON CENTRE NHS FOUNDATION TRUST,C_100,General Surgery Service, -   ,,,-,,0
Y62,RET,THE WALTON CENTRE NHS FOUNDATION TRUST,C_101,Urology Service, -   ,,,-,,0
Y62,RET,THE WALTON CENTRE NHS FOUNDATION TRUST,C_110,Trauma and Orthopaedic Service, -   ,,,-,,0
Y62,RET,THE WALTON CENTRE NHS FOUNDATION TRUST,C_120,Ear Nose and Throat Service, -   ,,,-,,0
Y62,RET,THE WALTON CENTRE NHS FOUNDATION TRUST,C_130,Ophthalmology Service,33,,,7,,0
Y62,RET,THE WALTON CENTRE NHS FOUNDATION TRUST,C_140,Oral Surgery Service, -   ,,,-,,0
Y62,RET,THE WALTON CENTRE NHS FOUNDATION TRUST,C_150,Neurosurgical Service,"3,063",,,10.2,,103
Y62,RET,THE WALTON CENTRE NHS FOUNDATION TRUST,C_160,Plastic Surgery Service, -   ,,,-,,0
Y62,RET,THE WALTON CENTRE NHS FOUNDATION TRUST,C_170,Cardiothoracic Surgery Service, -   ,,,-,,0
Y62,RET,THE WALTON CENTRE NHS FOUNDATION TRUST,C_300,General Internal Medicine Service, -   ,,,-,,0
Y62,RET,THE WALTON CENTRE NHS FOUNDATION TRUST,C_301,Gastroenterology Service, -   ,,,-,,0
Y62,RET,THE WALTON CENTRE NHS FOUNDATION TRUST,C_320,Cardiology Service, -   ,,,-,,0
Y62,RET,THE WALTON CENTRE NHS FOUNDATION TRUST,C_330,Dermatology Service, -   ,,,-,,0
Y62,RET,THE WALTON CENTRE NHS FOUNDATION TRUST,C_340,Respiratory Medicine Service, -   ,,,-,,0
Y62,RET,THE WALTON CENTRE NHS FOUNDATION TRUST,C_400,Neurology Service,"4,716",,,6.2,,0
Y62,RET,THE WALTON CENTRE NHS FOUNDATION TRUST,C_410,Rheumatology Service, -   ,,,-,,0
Y62,RET,THE WALTON CENTRE NHS FOUNDATION TRUST,C_430,Elderly Medicine Service, -   ,,,-,,0
Y62,RET,THE WALTON CENTRE NHS FOUNDATION TRUST,C_502,Gynaecology Service, -   ,,,-,,0
Y62,RET,THE WALTON CENTRE NHS FOUNDATION TRUST,X02,Other - Medical Services,"1,897",,,10.2,,77
Y62,RET,THE WALTON CENTRE NHS FOUNDATION TRUST,X03,Other - Mental Health Services,61,,,9,,0
Y62,RET,THE WALTON CENTRE NHS FOUNDATION TRUST,X04,Other - Paediatric Services, -   ,,,-,,0
Y62,RET,THE WALTON CENTRE NHS FOUNDATION TRUST,X05,Other - Surgical Services, -   ,,,-,,0
Y62,RET,THE WALTON CENTRE NHS FOUNDATION TRUST,X06,Other - Other Services, -   ,,,-,,0
Y62,RJN,EAST CHESHIRE NHS TRUST,C_100,General Surgery Service,"1,407",694,49.30%,18.4,57.1,126
Y62,RJN,EAST CHESHIRE NHS TRUST,C_101,Urology Service,334,215,64.40%,9.6,38.1,0
Y62,RJN,EAST CHESHIRE NHS TRUST,C_110,Trauma and Orthopaedic Service,"1,445",548,37.90%,24,73.1,306
Y62,RJN,EAST CHESHIRE NHS TRUST,C_120,Ear Nose and Throat Service,749,438,58.50%,14.3,40.3,36
Y62,RJN,EAST CHESHIRE NHS TRUST,C_130,Ophthalmology Service,"2,173","1,129",52.00%,16.5,44.7,138
Y62,RJN,EAST CHESHIRE NHS TRUST,C_140,Oral Surgery Service, -   , -   , -   ,-,-,0
Y62,RJN,EAST CHESHIRE NHS TRUST,C_150,Neurosurgical Service, -   , -   , -   ,-,-,0
Y62,RJN,EAST CHESHIRE NHS TRUST,C_160,Plastic Surgery Service,35,29,82.90%,8.7,26.1,0
Y62,RJN,EAST CHESHIRE NHS TRUST,C_170,Cardiothoracic Surgery Service, -   , -   , -   ,-,-,0
Y62,RJN,EAST CHESHIRE NHS TRUST,C_300,General Internal Medicine Service,4,3,75.00%,-,-,0
Y62,RJN,EAST CHESHIRE NHS TRUST,C_301,Gastroenterology Service,"1,477",757,51.30%,17.3,42.3,38
Y62,RJN,EAST CHESHIRE NHS TRUST,C_320,Cardiology Service,369,247,66.90%,11.3,35.1,6
Y62,RJN,EAST CHESHIRE NHS TRUST,C_330,Dermatology Service, -   , -   , -   ,-,-,0
Y62,RJN,EAST CHESHIRE NHS TRUST,C_340,Respiratory Medicine Service,193,141,73.10%,8.8,29.6,0
Y62,RJN,EAST CHESHIRE NHS TRUST,C_400,Neurology Service, -   , -   , -   ,-,-,0
Y62,RJN,EAST CHESHIRE NHS TRUST,C_410,Rheumatology Service, -   , -   , -   ,-,-,0
Y62,RJN,EAST CHESHIRE NHS TRUST,C_430,Elderly Medicine Service,24,20,83.30%,12.5,19.5,0
Y62,RJN,EAST CHESHIRE NHS TRUST,C_502,Gynaecology Service,880,551,62.60%,12.2,35.4,7
Y62,RJN,EAST CHESHIRE NHS TRUST,X02,Other - Medical Services,405,326,80.50%,6.9,29.6,2
Y62,RJN,EAST CHESHIRE NHS TRUST,X03,Other - Mental Health Services, -   , -   , -   ,-,-,0
Y62,RJN,EAST CHESHIRE NHS TRUST,X04,Other - Paediatric Services,61,28,45.90%,20,36.1,1
Y62,RJN,EAST CHESHIRE NHS TRUST,X05,Other - Surgical Services,461,386,83.70%,2.8,28.1,1
Y62,RJN,EAST CHESHIRE NHS TRUST,X06,Other - Other Services,12,12,100.00%,-,-,0
Y62,RJR,COUNTESS OF CHESTER HOSPITAL NHS FOUNDATION TRUST,C_100,General Surgery Service,"4,720","2,922",61.90%,11.7,61.2,532
Y62,RJR,COUNTESS OF CHESTER HOSPITAL NHS FOUNDATION TRUST,C_101,Urology Service,"2,017",910,45.10%,21.1,64.1,414
Y62,RJR,COUNTESS OF CHESTER HOSPITAL NHS FOUNDATION TRUST,C_110,Trauma and Orthopaedic Service,"2,072",717,34.60%,26.7,67.6,450
Y62,RJR,COUNTESS OF CHESTER HOSPITAL NHS FOUNDATION TRUST,C_120,Ear Nose and Throat Service,"2,925",962,32.90%,27.4,64.9,550
Y62,RJR,COUNTESS OF CHESTER HOSPITAL NHS FOUNDATION TRUST,C_130,Ophthalmology Service,"3,343","1,274",38.10%,25.8,71.6,"1,039"
Y62,RJR,COUNTESS OF CHESTER HOSPITAL NHS FOUNDATION TRUST,C_140,Oral Surgery Service,"1,627",590,36.30%,29.5,75.7,637
Y62,RJR,COUNTESS OF CHESTER HOSPITAL NHS FOUNDATION TRUST,C_150,Neurosurgical Service, -   , -   , -   ,-,-,0
Y62,RJR,COUNTESS OF CHESTER HOSPITAL NHS FOUNDATION TRUST,C_160,Plastic Surgery Service,721,370,51.30%,16.4,82.6,208
Y62,RJR,COUNTESS OF CHESTER HOSPITAL NHS FOUNDATION TRUST,C_170,Cardiothoracic Surgery Service, -   , -   , -   ,-,-,0
Y62,RJR,COUNTESS OF CHESTER HOSPITAL NHS FOUNDATION TRUST,C_300,General Internal Medicine Service,529,422,79.80%,9.3,24.4,2
Y62,RJR,COUNTESS OF CHESTER HOSPITAL NHS FOUNDATION TRUST,C_301,Gastroenterology Service,"1,211",743,61.40%,12.1,44.6,65
Y62,RJR,COUNTESS OF CHESTER HOSPITAL NHS FOUNDATION TRUST,C_320,Cardiology Service,421,368,87.40%,6.8,21.4,1
Y62,RJR,COUNTESS OF CHESTER HOSPITAL NHS FOUNDATION TRUST,C_330,Dermatology Service,673,493,73.30%,11.2,29.4,20
Y62,RJR,COUNTESS OF CHESTER HOSPITAL NHS FOUNDATION TRUST,C_340,Respiratory Medicine Service,571,451,79.00%,7.5,30.6,18
Y62,RJR,COUNTESS OF CHESTER HOSPITAL NHS FOUNDATION TRUST,C_400,Neurology Service, -   , -   , -   ,-,-,0
Y62,RJR,COUNTESS OF CHESTER HOSPITAL NHS FOUNDATION TRUST,C_410,Rheumatology Service,392,241,61.50%,12.4,34.8,2
Y62,RJR,COUNTESS OF CHESTER HOSPITAL NHS FOUNDATION TRUST,C_430,Elderly Medicine Service,151,143,94.70%,8,15.7,0
Y62,RJR,COUNTESS OF CHESTER HOSPITAL NHS FOUNDATION TRUST,C_502,Gynaecology Service,"2,294","1,047",45.60%,19.6,57.5,202
Y62,RJR,COUNTESS OF CHESTER HOSPITAL NHS FOUNDATION TRUST,X02,Other - Medical Services, -   , -   , -   ,-,-,0
Y62,RJR,COUNTESS OF CHESTER HOSPITAL NHS FOUNDATION TRUST,X03,Other - Mental Health Services, -   , -   , -   ,-,-,0
Y62,RJR,COUNTESS OF CHESTER HOSPITAL NHS FOUNDATION TRUST,X04,Other - Paediatric Services, -   , -   , -   ,-,-,0
Y62,RJR,COUNTESS OF CHESTER HOSPITAL NHS FOUNDATION TRUST,X05,Other - Surgical Services, -   , -   , -   ,-,-,0
Y62,RJR,COUNTESS OF CHESTER HOSPITAL NHS FOUNDATION TRUST,X06,Other - Other Services,"1,492",850,57.00%,13.9,39.3,31
Y62,RM3,SALFORD ROYAL NHS FOUNDATION TRUST,C_100,General Surgery Service,"1,734",721,41.60%,22.9,75.3,411
Y62,RM3,SALFORD ROYAL NHS FOUNDATION TRUST,C_101,Urology Service,"2,438","1,458",59.80%,14,43.8,151
Y62,RM3,SALFORD ROYAL NHS FOUNDATION TRUST,C_110,Trauma and Orthopaedic Service,"8,533","4,543",53.20%,15.6,63.1,"1,126"
Y62,RM3,SALFORD ROYAL NHS FOUNDATION TRUST,C_120,Ear Nose and Throat Service,"4,044","1,766",43.70%,20.8,62.6,593
Y62,RM3,SALFORD ROYAL NHS FOUNDATION TRUST,C_130,Ophthalmology Service, -   , -   , -   ,-,-,0
Y62,RM3,SALFORD ROYAL NHS FOUNDATION TRUST,C_140,Oral Surgery Service,"1,666",779,46.80%,19.7,62.6,267
Y62,RM3,SALFORD ROYAL NHS FOUNDATION TRUST,C_150,Neurosurgical Service,"6,027","3,444",57.10%,14.4,55.2,516
Y62,RM3,SALFORD ROYAL NHS FOUNDATION TRUST,C_160,Plastic Surgery Service,109,68,62.40%,10,73.3,17
Y62,RM3,SALFORD ROYAL NHS FOUNDATION TRUST,C_170,Cardiothoracic Surgery Service, -   , -   , -   ,-,-,0
Y62,RM3,SALFORD ROYAL NHS FOUNDATION TRUST,C_300,General Internal Medicine Service, -   , -   , -   ,-,-,0
Y62,RM3,SALFORD ROYAL NHS FOUNDATION TRUST,C_301,Gastroenterology Service,"2,394","1,702",71.10%,9.7,36.6,54
Y62,RM3,SALFORD ROYAL NHS FOUNDATION TRUST,C_320,Cardiology Service,"1,110",943,85.00%,6.5,24.8,15
Y62,RM3,SALFORD ROYAL NHS FOUNDATION TRUST,C_330,Dermatology Service,"9,040","6,580",72.80%,9.5,31.3,118
Y62,RM3,SALFORD ROYAL NHS FOUNDATION TRUST,C_340,Respiratory Medicine Service,374,363,97.10%,4.5,12.4,0
Y62,RM3,SALFORD ROYAL NHS FOUNDATION TRUST,C_400,Neurology Service,"9,471","7,817",82.50%,8.4,24.4,83
Y62,RM3,SALFORD ROYAL NHS FOUNDATION TRUST,C_410,Rheumatology Service,826,736,89.10%,8,18.9,0
Y62,RM3,SALFORD ROYAL NHS FOUNDATION TRUST,C_430,Elderly Medicine Service,92,78,84.80%,9.7,25.8,0
Y62,RM3,SALFORD ROYAL NHS FOUNDATION TRUST,C_502,Gynaecology Service,"2,317","1,253",54.10%,15.7,41.2,96
Y62,RM3,SALFORD ROYAL NHS FOUNDATION TRUST,X02,Other - Medical Services,"2,253","2,092",92.90%,6.4,16.9,15
Y62,RM3,SALFORD ROYAL NHS FOUNDATION TRUST,X03,Other - Mental Health Services, -   , -   , -   ,-,-,0
Y62,RM3,SALFORD ROYAL NHS FOUNDATION TRUST,X04,Other - Paediatric Services,"1,844","1,184",64.20%,12.5,38.8,80
Y62,RM3,SALFORD ROYAL NHS FOUNDATION TRUST,X05,Other - Surgical Services,"4,168","2,822",67.70%,12,46.7,288
Y62,RM3,SALFORD ROYAL NHS FOUNDATION TRUST,X06,Other - Other Services,93,49,52.70%,15.3,59.3,8
Y62,RMC,BOLTON NHS FOUNDATION TRUST,C_100,General Surgery Service,"3,431","1,994",58.10%,12.5,66.4,492
Y62,RMC,BOLTON NHS FOUNDATION TRUST,C_101,Urology Service,"1,317",836,63.50%,10.6,58.8,126
Y62,RMC,BOLTON NHS FOUNDATION TRUST,C_110,Trauma and Orthopaedic Service,"3,340","2,001",59.90%,13.7,65.6,437
Y62,RMC,BOLTON NHS FOUNDATION TRUST,C_120,Ear Nose and Throat Service,"2,201","1,156",52.50%,16.1,63.8,351
Y62,RMC,BOLTON NHS FOUNDATION TRUST,C_130,Ophthalmology Service,"3,818","2,634",69.00%,9.9,39.7,241
Y62,RMC,BOLTON NHS FOUNDATION TRUST,C_140,Oral Surgery Service,"1,781",761,42.70%,21.9,82.3,541
Y62,RMC,BOLTON NHS FOUNDATION TRUST,C_150,Neurosurgical Service, -   , -   , -   ,-,-,0
Y62,RMC,BOLTON NHS FOUNDATION TRUST,C_160,Plastic Surgery Service,289,145,50.20%,18,68.9,48
Y62,RMC,BOLTON NHS FOUNDATION TRUST,C_170,Cardiothoracic Surgery Service,8,7,87.50%,-,-,0
Y62,RMC,BOLTON NHS FOUNDATION TRUST,C_300,General Internal Medicine Service, -   , -   , -   ,-,-,0
Y62,RMC,BOLTON NHS FOUNDATION TRUST,C_301,Gastroenterology Service,"1,996","1,357",68.00%,11.9,41.9,95
Y62,RMC,BOLTON NHS FOUNDATION TRUST,C_320,Cardiology Service,"1,077",892,82.80%,7.5,25.4,22
Y62,RMC,BOLTON NHS FOUNDATION TRUST,C_330,Dermatology Service,938,845,90.10%,4.3,20.6,0
Y62,RMC,BOLTON NHS FOUNDATION TRUST,C_340,Respiratory Medicine Service,635,564,88.80%,7.8,20.9,1
Y62,RMC,BOLTON NHS FOUNDATION TRUST,C_400,Neurology Service,22,21,95.50%,9.3,16.2,0
Y62,RMC,BOLTON NHS FOUNDATION TRUST,C_410,Rheumatology Service,387,386,99.70%,5.4,12,0
Y62,RMC,BOLTON NHS FOUNDATION TRUST,C_430,Elderly Medicine Service,185,182,98.40%,3.8,10.2,0
Y62,RMC,BOLTON NHS FOUNDATION TRUST,C_502,Gynaecology Service,"1,994","1,067",53.50%,15.2,61.7,225
Y62,RMC,BOLTON NHS FOUNDATION TRUST,X02,Other - Medical Services,"1,529","1,280",83.70%,6.2,29.4,50
Y62,RMC,BOLTON NHS FOUNDATION TRUST,X03,Other - Mental Health Services, -   , -   , -   ,-,-,0
Y62,RMC,BOLTON NHS FOUNDATION TRUST,X04,Other - Paediatric Services,413,173,41.90%,22.3,75.7,64
Y62,RMC,BOLTON NHS FOUNDATION TRUST,X05,Other - Surgical Services,531,276,52.00%,16.3,66.2,69
Y62,RMC,BOLTON NHS FOUNDATION TRUST,X06,Other - Other Services,112,112,100.00%,5.5,12.8,0
Y62,RMP,TAMESIDE AND GLOSSOP INTEGRATED CARE NHS FOUNDATION TRUST,C_100,General Surgery Service,"1,927","1,501",77.90%,7.2,33.1,79
Y62,RMP,TAMESIDE AND GLOSSOP INTEGRATED CARE NHS FOUNDATION TRUST,C_101,Urology Service,894,701,78.40%,9.1,25.6,2
Y62,RMP,TAMESIDE AND GLOSSOP INTEGRATED CARE NHS FOUNDATION TRUST,C_110,Trauma and Orthopaedic Service,"2,497","1,077",43.10%,22.1,72.7,627
Y62,RMP,TAMESIDE AND GLOSSOP INTEGRATED CARE NHS FOUNDATION TRUST,C_120,Ear Nose and Throat Service,861,753,87.50%,5.8,23.3,26
Y62,RMP,TAMESIDE AND GLOSSOP INTEGRATED CARE NHS FOUNDATION TRUST,C_130,Ophthalmology Service,450,420,93.30%,6.2,15.3,0
Y62,RMP,TAMESIDE AND GLOSSOP INTEGRATED CARE NHS FOUNDATION TRUST,C_140,Oral Surgery Service,553,377,68.20%,9.1,51.8,44
Y62,RMP,TAMESIDE AND GLOSSOP INTEGRATED CARE NHS FOUNDATION TRUST,C_150,Neurosurgical Service, -   , -   , -   ,-,-,0
Y62,RMP,TAMESIDE AND GLOSSOP INTEGRATED CARE NHS FOUNDATION TRUST,C_160,Plastic Surgery Service,83,44,53.00%,16.3,65.7,19
Y62,RMP,TAMESIDE AND GLOSSOP INTEGRATED CARE NHS FOUNDATION TRUST,C_170,Cardiothoracic Surgery Service,8,8,100.00%,-,-,0
Y62,RMP,TAMESIDE AND GLOSSOP INTEGRATED CARE NHS FOUNDATION TRUST,C_300,General Internal Medicine Service,231,173,74.90%,9.2,37.5,12
Y62,RMP,TAMESIDE AND GLOSSOP INTEGRATED CARE NHS FOUNDATION TRUST,C_301,Gastroenterology Service,"1,032",968,93.80%,6.2,16.3,3
Y62,RMP,TAMESIDE AND GLOSSOP INTEGRATED CARE NHS FOUNDATION TRUST,C_320,Cardiology Service,635,589,92.80%,4.9,16.5,2
Y62,RMP,TAMESIDE AND GLOSSOP INTEGRATED CARE NHS FOUNDATION TRUST,C_330,Dermatology Service,"1,105","1,012",91.60%,5.9,18.7,5
Y62,RMP,TAMESIDE AND GLOSSOP INTEGRATED CARE NHS FOUNDATION TRUST,C_340,Respiratory Medicine Service,421,396,94.10%,6.3,14.9,0
Y62,RMP,TAMESIDE AND GLOSSOP INTEGRATED CARE NHS FOUNDATION TRUST,C_400,Neurology Service, -   , -   , -   ,-,-,0
Y62,RMP,TAMESIDE AND GLOSSOP INTEGRATED CARE NHS FOUNDATION TRUST,C_410,Rheumatology Service,183,159,86.90%,5.6,28.8,2
Y62,RMP,TAMESIDE AND GLOSSOP INTEGRATED CARE NHS FOUNDATION TRUST,C_430,Elderly Medicine Service,10,10,100.00%,-,-,0
Y62,RMP,TAMESIDE AND GLOSSOP INTEGRATED CARE NHS FOUNDATION TRUST,C_502,Gynaecology Service,"2,300","1,591",69.20%,10.8,44.5,148
Y62,RMP,TAMESIDE AND GLOSSOP INTEGRATED CARE NHS FOUNDATION TRUST,X02,Other - Medical Services,828,502,60.60%,11.9,60.3,99
Y62,RMP,TAMESIDE AND GLOSSOP INTEGRATED CARE NHS FOUNDATION TRUST,X03,Other - Mental Health Services, -   , -   , -   ,-,-,0
Y62,RMP,TAMESIDE AND GLOSSOP INTEGRATED CARE NHS FOUNDATION TRUST,X04,Other - Paediatric Services,558,526,94.30%,4.9,13.9,3
Y62,RMP,TAMESIDE AND GLOSSOP INTEGRATED CARE NHS FOUNDATION TRUST,X05,Other - Surgical Services,658,463,70.40%,9.3,32.5,35
Y62,RMP,TAMESIDE AND GLOSSOP INTEGRATED CARE NHS FOUNDATION TRUST,X06,Other - Other Services, -   , -   , -   ,-,-,0
Y62,RRF,"WRIGHTINGTON, WIGAN AND LEIGH NHS FOUNDATION TRUST",C_100,General Surgery Service,"1,351",607,44.90%,19.8,68.8,192
Y62,RRF,"WRIGHTINGTON, WIGAN AND LEIGH NHS FOUNDATION TRUST",C_101,Urology Service,"1,414",986,69.70%,9.6,62,134
Y62,RRF,"WRIGHTINGTON, WIGAN AND LEIGH NHS FOUNDATION TRUST",C_110,Trauma and Orthopaedic Service,"6,605","2,961",44.80%,21.2,64.2,"1,170"
Y62,RRF,"WRIGHTINGTON, WIGAN AND LEIGH NHS FOUNDATION TRUST",C_120,Ear Nose and Throat Service,"2,533","1,563",61.70%,12.2,44.1,161
Y62,RRF,"WRIGHTINGTON, WIGAN AND LEIGH NHS FOUNDATION TRUST",C_130,Ophthalmology Service,"1,644","1,008",61.30%,11.1,49.5,119
Y62,RRF,"WRIGHTINGTON, WIGAN AND LEIGH NHS FOUNDATION TRUST",C_140,Oral Surgery Service,662,456,68.90%,7.8,61.6,73
Y62,RRF,"WRIGHTINGTON, WIGAN AND LEIGH NHS FOUNDATION TRUST",C_150,Neurosurgical Service,5,5,100.00%,-,-,0
Y62,RRF,"WRIGHTINGTON, WIGAN AND LEIGH NHS FOUNDATION TRUST",C_160,Plastic Surgery Service,244,200,82.00%,4.9,27.6,1
Y62,RRF,"WRIGHTINGTON, WIGAN AND LEIGH NHS FOUNDATION TRUST",C_170,Cardiothoracic Surgery Service,17,13,76.50%,-,-,0
Y62,RRF,"WRIGHTINGTON, WIGAN AND LEIGH NHS FOUNDATION TRUST",C_300,General Internal Medicine Service,90,75,83.30%,5.2,25.4,0
Y62,RRF,"WRIGHTINGTON, WIGAN AND LEIGH NHS FOUNDATION TRUST",C_301,Gastroenterology Service,"2,988","1,701",56.90%,13.7,42.5,102
Y62,RRF,"WRIGHTINGTON, WIGAN AND LEIGH NHS FOUNDATION TRUST",C_320,Cardiology Service,"1,037",907,87.50%,6.2,22.8,3
Y62,RRF,"WRIGHTINGTON, WIGAN AND LEIGH NHS FOUNDATION TRUST",C_330,Dermatology Service,"1,584","1,359",85.80%,6.8,22.1,0
Y62,RRF,"WRIGHTINGTON, WIGAN AND LEIGH NHS FOUNDATION TRUST",C_340,Respiratory Medicine Service,622,581,93.40%,4.6,16.1,0
Y62,RRF,"WRIGHTINGTON, WIGAN AND LEIGH NHS FOUNDATION TRUST",C_400,Neurology Service, -   , -   , -   ,-,-,0
Y62,RRF,"WRIGHTINGTON, WIGAN AND LEIGH NHS FOUNDATION TRUST",C_410,Rheumatology Service,434,418,96.30%,6.9,15.4,0
Y62,RRF,"WRIGHTINGTON, WIGAN AND LEIGH NHS FOUNDATION TRUST",C_430,Elderly Medicine Service,181,146,80.70%,8.6,24.5,1
Y62,RRF,"WRIGHTINGTON, WIGAN AND LEIGH NHS FOUNDATION TRUST",C_502,Gynaecology Service,"2,835","1,626",57.40%,13.9,35.3,99
Y62,RRF,"WRIGHTINGTON, WIGAN AND LEIGH NHS FOUNDATION TRUST",X02,Other - Medical Services,500,471,94.20%,5.7,15.9,0
Y62,RRF,"WRIGHTINGTON, WIGAN AND LEIGH NHS FOUNDATION TRUST",X03,Other - Mental Health Services, -   , -   , -   ,-,-,0
Y62,RRF,"WRIGHTINGTON, WIGAN AND LEIGH NHS FOUNDATION TRUST",X04,Other - Paediatric Services,"2,345","1,401",59.70%,13.5,66.9,313
Y62,RRF,"WRIGHTINGTON, WIGAN AND LEIGH NHS FOUNDATION TRUST",X05,Other - Surgical Services,"3,169","1,696",53.50%,14.4,67.9,566
Y62,RRF,"WRIGHTINGTON, WIGAN AND LEIGH NHS FOUNDATION TRUST",X06,Other - Other Services,7,6,85.70%,-,-,0
Y62,RTX,UNIVERSITY HOSPITALS OF MORECAMBE BAY NHS FOUNDATION TRUST,C_100,General Surgery Service,"1,813",849,46.80%,19.9,66.2,272
Y62,RTX,UNIVERSITY HOSPITALS OF MORECAMBE BAY NHS FOUNDATION TRUST,C_101,Urology Service,"2,039","1,220",59.80%,13.3,42.2,74
Y62,RTX,UNIVERSITY HOSPITALS OF MORECAMBE BAY NHS FOUNDATION TRUST,C_110,Trauma and Orthopaedic Service,"3,954","1,809",45.80%,20.7,66.6,747
Y62,RTX,UNIVERSITY HOSPITALS OF MORECAMBE BAY NHS FOUNDATION TRUST,C_120,Ear Nose and Throat Service,"2,707","1,391",51.40%,16.8,61,381
Y62,RTX,UNIVERSITY HOSPITALS OF MORECAMBE BAY NHS FOUNDATION TRUST,C_130,Ophthalmology Service,"2,419","1,871",77.30%,7.2,33.9,110
Y62,RTX,UNIVERSITY HOSPITALS OF MORECAMBE BAY NHS FOUNDATION TRUST,C_140,Oral Surgery Service,"1,124",716,63.70%,10.5,57.8,104
Y62,RTX,UNIVERSITY HOSPITALS OF MORECAMBE BAY NHS FOUNDATION TRUST,C_150,Neurosurgical Service, -   , -   , -   ,-,-,0
Y62,RTX,UNIVERSITY HOSPITALS OF MORECAMBE BAY NHS FOUNDATION TRUST,C_160,Plastic Surgery Service,56,48,85.70%,4.5,21.5,1
Y62,RTX,UNIVERSITY HOSPITALS OF MORECAMBE BAY NHS FOUNDATION TRUST,C_170,Cardiothoracic Surgery Service,29,25,86.20%,6,27.7,0
Y62,RTX,UNIVERSITY HOSPITALS OF MORECAMBE BAY NHS FOUNDATION TRUST,C_300,General Internal Medicine Service,16,14,87.50%,-,-,0
Y62,RTX,UNIVERSITY HOSPITALS OF MORECAMBE BAY NHS FOUNDATION TRUST,C_301,Gastroenterology Service,954,688,72.10%,7.7,34,15
Y62,RTX,UNIVERSITY HOSPITALS OF MORECAMBE BAY NHS FOUNDATION TRUST,C_320,Cardiology Service,454,438,96.50%,4.1,11.1,0
Y62,RTX,UNIVERSITY HOSPITALS OF MORECAMBE BAY NHS FOUNDATION TRUST,C_330,Dermatology Service,"1,460",986,67.50%,10,35.6,50
Y62,RTX,UNIVERSITY HOSPITALS OF MORECAMBE BAY NHS FOUNDATION TRUST,C_340,Respiratory Medicine Service,517,348,67.30%,12.1,37.7,6
Y62,RTX,UNIVERSITY HOSPITALS OF MORECAMBE BAY NHS FOUNDATION TRUST,C_400,Neurology Service, -   , -   , -   ,-,-,0
Y62,RTX,UNIVERSITY HOSPITALS OF MORECAMBE BAY NHS FOUNDATION TRUST,C_410,Rheumatology Service,783,537,68.60%,12.1,33.5,4
Y62,RTX,UNIVERSITY HOSPITALS OF MORECAMBE BAY NHS FOUNDATION TRUST,C_430,Elderly Medicine Service,107,90,84.10%,6.4,31.4,0
Y62,RTX,UNIVERSITY HOSPITALS OF MORECAMBE BAY NHS FOUNDATION TRUST,C_502,Gynaecology Service,"1,227",979,79.80%,7.1,31,35
Y62,RTX,UNIVERSITY HOSPITALS OF MORECAMBE BAY NHS FOUNDATION TRUST,X02,Other - Medical Services,"1,634","1,125",68.80%,9.6,40.5,68
Y62,RTX,UNIVERSITY HOSPITALS OF MORECAMBE BAY NHS FOUNDATION TRUST,X03,Other - Mental Health Services, -   , -   , -   ,-,-,0
Y62,RTX,UNIVERSITY HOSPITALS OF MORECAMBE BAY NHS FOUNDATION TRUST,X04,Other - Paediatric Services,"1,083",849,78.40%,7.1,38.5,48
Y62,RTX,UNIVERSITY HOSPITALS OF MORECAMBE BAY NHS FOUNDATION TRUST,X05,Other - Surgical Services,"1,641","1,219",74.30%,7.3,42.6,97
Y62,RTX,UNIVERSITY HOSPITALS OF MORECAMBE BAY NHS FOUNDATION TRUST,X06,Other - Other Services,525,411,78.30%,5.3,32.3,15
Y62,RVY,SOUTHPORT AND ORMSKIRK HOSPITAL NHS TRUST,C_100,General Surgery Service,"1,211",858,70.90%,8.8,37.1,42
Y62,RVY,SOUTHPORT AND ORMSKIRK HOSPITAL NHS TRUST,C_101,Urology Service,570,421,73.90%,6.7,37.6,21
Y62,RVY,SOUTHPORT AND ORMSKIRK HOSPITAL NHS TRUST,C_110,Trauma and Orthopaedic Service,"2,490","2,203",88.50%,3.3,25.6,30
Y62,RVY,SOUTHPORT AND ORMSKIRK HOSPITAL NHS TRUST,C_120,Ear Nose and Throat Service,935,725,77.50%,9.4,26.4,11
Y62,RVY,SOUTHPORT AND ORMSKIRK HOSPITAL NHS TRUST,C_130,Ophthalmology Service,410,283,69.00%,7.9,40.3,19
Y62,RVY,SOUTHPORT AND ORMSKIRK HOSPITAL NHS TRUST,C_140,Oral Surgery Service,332,302,91.00%,5.4,20.1,3
Y62,RVY,SOUTHPORT AND ORMSKIRK HOSPITAL NHS TRUST,C_150,Neurosurgical Service, -   , -   , -   ,-,-,0
Y62,RVY,SOUTHPORT AND ORMSKIRK HOSPITAL NHS TRUST,C_160,Plastic Surgery Service, -   , -   , -   ,-,-,0
Y62,RVY,SOUTHPORT AND ORMSKIRK HOSPITAL NHS TRUST,C_170,Cardiothoracic Surgery Service, -   , -   , -   ,-,-,0
Y62,RVY,SOUTHPORT AND ORMSKIRK HOSPITAL NHS TRUST,C_300,General Internal Medicine Service,313,289,92.30%,5.2,17,3
Y62,RVY,SOUTHPORT AND ORMSKIRK HOSPITAL NHS TRUST,C_301,Gastroenterology Service,342,226,66.10%,10.9,39.4,10
Y62,RVY,SOUTHPORT AND ORMSKIRK HOSPITAL NHS TRUST,C_320,Cardiology Service,411,347,84.40%,6,23.3,7
Y62,RVY,SOUTHPORT AND ORMSKIRK HOSPITAL NHS TRUST,C_330,Dermatology Service,691,682,98.70%,4.2,10,0
Y62,RVY,SOUTHPORT AND ORMSKIRK HOSPITAL NHS TRUST,C_340,Respiratory Medicine Service,227,219,96.50%,5.9,12.8,0
Y62,RVY,SOUTHPORT AND ORMSKIRK HOSPITAL NHS TRUST,C_400,Neurology Service, -   , -   , -   ,-,-,0
Y62,RVY,SOUTHPORT AND ORMSKIRK HOSPITAL NHS TRUST,C_410,Rheumatology Service,260,235,90.40%,8.8,19,1
Y62,RVY,SOUTHPORT AND ORMSKIRK HOSPITAL NHS TRUST,C_430,Elderly Medicine Service,11,11,100.00%,-,-,0
Y62,RVY,SOUTHPORT AND ORMSKIRK HOSPITAL NHS TRUST,C_502,Gynaecology Service,833,558,67.00%,9.6,50.4,66
Y62,RVY,SOUTHPORT AND ORMSKIRK HOSPITAL NHS TRUST,X02,Other - Medical Services,670,619,92.40%,5.2,16.9,3
Y62,RVY,SOUTHPORT AND ORMSKIRK HOSPITAL NHS TRUST,X03,Other - Mental Health Services, -   , -   , -   ,-,-,0
Y62,RVY,SOUTHPORT AND ORMSKIRK HOSPITAL NHS TRUST,X04,Other - Paediatric Services,277,265,95.70%,8,15.8,0
Y62,RVY,SOUTHPORT AND ORMSKIRK HOSPITAL NHS TRUST,X05,Other - Surgical Services,311,212,68.20%,11.7,50.1,24
Y62,RVY,SOUTHPORT AND ORMSKIRK HOSPITAL NHS TRUST,X06,Other - Other Services,57,46,80.70%,10,29.4,2
Y62,RW5,LANCASHIRE & SOUTH CUMBRIA NHS FOUNDATION TRUST,C_100,General Surgery Service, -   , -   , -   ,-,-,0
Y62,RW5,LANCASHIRE & SOUTH CUMBRIA NHS FOUNDATION TRUST,C_101,Urology Service, -   , -   , -   ,-,-,0
Y62,RW5,LANCASHIRE & SOUTH CUMBRIA NHS FOUNDATION TRUST,C_110,Trauma and Orthopaedic Service,"2,330","2,324",99.70%,3.3,8.4,0
Y62,RW5,LANCASHIRE & SOUTH CUMBRIA NHS FOUNDATION TRUST,C_120,Ear Nose and Throat Service, -   , -   , -   ,-,-,0
Y62,RW5,LANCASHIRE & SOUTH CUMBRIA NHS FOUNDATION TRUST,C_130,Ophthalmology Service, -   , -   , -   ,-,-,0
Y62,RW5,LANCASHIRE & SOUTH CUMBRIA NHS FOUNDATION TRUST,C_140,Oral Surgery Service, -   , -   , -   ,-,-,0
Y62,RW5,LANCASHIRE & SOUTH CUMBRIA NHS FOUNDATION TRUST,C_150,Neurosurgical Service, -   , -   , -   ,-,-,0
Y62,RW5,LANCASHIRE & SOUTH CUMBRIA NHS FOUNDATION TRUST,C_160,Plastic Surgery Service, -   , -   , -   ,-,-,0
Y62,RW5,LANCASHIRE & SOUTH CUMBRIA NHS FOUNDATION TRUST,C_170,Cardiothoracic Surgery Service, -   , -   , -   ,-,-,0
Y62,RW5,LANCASHIRE & SOUTH CUMBRIA NHS FOUNDATION TRUST,C_300,General Internal Medicine Service, -   , -   , -   ,-,-,0
Y62,RW5,LANCASHIRE & SOUTH CUMBRIA NHS FOUNDATION TRUST,C_301,Gastroenterology Service, -   , -   , -   ,-,-,0
Y62,RW5,LANCASHIRE & SOUTH CUMBRIA NHS FOUNDATION TRUST,C_320,Cardiology Service, -   , -   , -   ,-,-,0
Y62,RW5,LANCASHIRE & SOUTH CUMBRIA NHS FOUNDATION TRUST,C_330,Dermatology Service, -   , -   , -   ,-,-,0
Y62,RW5,LANCASHIRE & SOUTH CUMBRIA NHS FOUNDATION TRUST,C_340,Respiratory Medicine Service, -   , -   , -   ,-,-,0
Y62,RW5,LANCASHIRE & SOUTH CUMBRIA NHS FOUNDATION TRUST,C_400,Neurology Service, -   , -   , -   ,-,-,0
Y62,RW5,LANCASHIRE & SOUTH CUMBRIA NHS FOUNDATION TRUST,C_410,Rheumatology Service,394,392,99.50%,5.4,13.3,0
Y62,RW5,LANCASHIRE & SOUTH CUMBRIA NHS FOUNDATION TRUST,C_430,Elderly Medicine Service, -   , -   , -   ,-,-,0
Y62,RW5,LANCASHIRE & SOUTH CUMBRIA NHS FOUNDATION TRUST,C_502,Gynaecology Service, -   , -   , -   ,-,-,0
Y62,RW5,LANCASHIRE & SOUTH CUMBRIA NHS FOUNDATION TRUST,X02,Other - Medical Services, -   , -   , -   ,-,-,0
Y62,RW5,LANCASHIRE & SOUTH CUMBRIA NHS FOUNDATION TRUST,X03,Other - Mental Health Services, -   , -   , -   ,-,-,0
Y62,RW5,LANCASHIRE & SOUTH CUMBRIA NHS FOUNDATION TRUST,X04,Other - Paediatric Services, -   , -   , -   ,-,-,0
Y62,RW5,LANCASHIRE & SOUTH CUMBRIA NHS FOUNDATION TRUST,X05,Other - Surgical Services, -   , -   , -   ,-,-,0
Y62,RW5,LANCASHIRE & SOUTH CUMBRIA NHS FOUNDATION TRUST,X06,Other - Other Services, -   , -   , -   ,-,-,0
Y62,RW6,PENNINE ACUTE HOSPITALS NHS TRUST,C_100,General Surgery Service,"2,456","1,559",63.50%,11.6,70.6,386
Y62,RW6,PENNINE ACUTE HOSPITALS NHS TRUST,C_101,Urology Service,"2,946","1,713",58.10%,13.2,65,384
Y62,RW6,PENNINE ACUTE HOSPITALS NHS TRUST,C_110,Trauma and Orthopaedic Service,"5,006","2,473",49.40%,18.3,60.4,554
Y62,RW6,PENNINE ACUTE HOSPITALS NHS TRUST,C_120,Ear Nose and Throat Service,"3,622","2,341",64.60%,11.8,59.1,388
Y62,RW6,PENNINE ACUTE HOSPITALS NHS TRUST,C_130,Ophthalmology Service,"4,455","3,419",76.70%,8.2,31.6,91
Y62,RW6,PENNINE ACUTE HOSPITALS NHS TRUST,C_140,Oral Surgery Service, -   , -   , -   ,-,-,0
Y62,RW6,PENNINE ACUTE HOSPITALS NHS TRUST,C_150,Neurosurgical Service, -   , -   , -   ,-,-,0
Y62,RW6,PENNINE ACUTE HOSPITALS NHS TRUST,C_160,Plastic Surgery Service,154,71,46.10%,19.5,81.6,41
Y62,RW6,PENNINE ACUTE HOSPITALS NHS TRUST,C_170,Cardiothoracic Surgery Service,20,20,100.00%,3.5,10.4,0
Y62,RW6,PENNINE ACUTE HOSPITALS NHS TRUST,C_300,General Internal Medicine Service,399,370,92.70%,5.2,16.5,0
Y62,RW6,PENNINE ACUTE HOSPITALS NHS TRUST,C_301,Gastroenterology Service,"9,001","5,614",62.40%,12.7,36.1,150
Y62,RW6,PENNINE ACUTE HOSPITALS NHS TRUST,C_320,Cardiology Service,"1,354","1,245",91.90%,6.6,18.1,0
Y62,RW6,PENNINE ACUTE HOSPITALS NHS TRUST,C_330,Dermatology Service, -   , -   , -   ,-,-,0
Y62,RW6,PENNINE ACUTE HOSPITALS NHS TRUST,C_340,Respiratory Medicine Service,517,503,97.30%,6.9,14.6,1
Y62,RW6,PENNINE ACUTE HOSPITALS NHS TRUST,C_400,Neurology Service, -   , -   , -   ,-,-,0
Y62,RW6,PENNINE ACUTE HOSPITALS NHS TRUST,C_410,Rheumatology Service,962,582,60.50%,12.1,32.7,7
Y62,RW6,PENNINE ACUTE HOSPITALS NHS TRUST,C_430,Elderly Medicine Service,71,60,84.50%,3.5,21.8,0
Y62,RW6,PENNINE ACUTE HOSPITALS NHS TRUST,C_502,Gynaecology Service,"3,995","2,482",62.10%,12.4,71.2,569
Y62,RW6,PENNINE ACUTE HOSPITALS NHS TRUST,X02,Other - Medical Services,920,845,91.80%,5.6,18.2,0
Y62,RW6,PENNINE ACUTE HOSPITALS NHS TRUST,X03,Other - Mental Health Services, -   , -   , -   ,-,-,0
Y62,RW6,PENNINE ACUTE HOSPITALS NHS TRUST,X04,Other - Paediatric Services,"1,959","1,157",59.10%,12.2,71.6,302
Y62,RW6,PENNINE ACUTE HOSPITALS NHS TRUST,X05,Other - Surgical Services,"4,753","3,083",64.90%,10.5,38.5,193
Y62,RW6,PENNINE ACUTE HOSPITALS NHS TRUST,X06,Other - Other Services,11,9,81.80%,-,-,0
Y62,RWJ,STOCKPORT NHS FOUNDATION TRUST,C_100,General Surgery Service,"4,659","2,113",45.40%,21.4,67.8,969
Y62,RWJ,STOCKPORT NHS FOUNDATION TRUST,C_101,Urology Service,"2,559","1,345",52.60%,15.7,71,468
Y62,RWJ,STOCKPORT NHS FOUNDATION TRUST,C_110,Trauma and Orthopaedic Service,"3,845","2,426",63.10%,11.6,43.5,192
Y62,RWJ,STOCKPORT NHS FOUNDATION TRUST,C_120,Ear Nose and Throat Service,"4,337","1,731",39.90%,24.5,67.1,895
Y62,RWJ,STOCKPORT NHS FOUNDATION TRUST,C_130,Ophthalmology Service,"3,331","2,147",64.50%,10.8,41.8,218
Y62,RWJ,STOCKPORT NHS FOUNDATION TRUST,C_140,Oral Surgery Service,"1,795",760,42.30%,22.1,79.6,602
Y62,RWJ,STOCKPORT NHS FOUNDATION TRUST,C_150,Neurosurgical Service, -   , -   , -   ,-,-,0
Y62,RWJ,STOCKPORT NHS FOUNDATION TRUST,C_160,Plastic Surgery Service, -   , -   , -   ,-,-,0
Y62,RWJ,STOCKPORT NHS FOUNDATION TRUST,C_170,Cardiothoracic Surgery Service,3,3,100.00%,-,-,0
Y62,RWJ,STOCKPORT NHS FOUNDATION TRUST,C_300,General Internal Medicine Service,2,1,50.00%,-,-,0
Y62,RWJ,STOCKPORT NHS FOUNDATION TRUST,C_301,Gastroenterology Service,"3,070","1,499",48.80%,19.3,69.1,661
Y62,RWJ,STOCKPORT NHS FOUNDATION TRUST,C_320,Cardiology Service,"1,437","1,268",88.20%,8.2,20.5,0
Y62,RWJ,STOCKPORT NHS FOUNDATION TRUST,C_330,Dermatology Service, -   , -   , -   ,-,-,0
Y62,RWJ,STOCKPORT NHS FOUNDATION TRUST,C_340,Respiratory Medicine Service,752,585,77.80%,7.9,26.6,0
Y62,RWJ,STOCKPORT NHS FOUNDATION TRUST,C_400,Neurology Service, -   , -   , -   ,-,-,0
Y62,RWJ,STOCKPORT NHS FOUNDATION TRUST,C_410,Rheumatology Service,"1,255",637,50.80%,17.4,50.1,86
Y62,RWJ,STOCKPORT NHS FOUNDATION TRUST,C_430,Elderly Medicine Service,393,305,77.60%,8.7,32.1,5
Y62,RWJ,STOCKPORT NHS FOUNDATION TRUST,C_502,Gynaecology Service,"2,722","1,778",65.30%,12.1,34,83
Y62,RWJ,STOCKPORT NHS FOUNDATION TRUST,X02,Other - Medical Services,"2,090","1,482",70.90%,9.3,38.6,83
Y62,RWJ,STOCKPORT NHS FOUNDATION TRUST,X03,Other - Mental Health Services, -   , -   , -   ,-,-,0
Y62,RWJ,STOCKPORT NHS FOUNDATION TRUST,X04,Other - Paediatric Services,153,120,78.40%,4.9,37.9,7
Y62,RWJ,STOCKPORT NHS FOUNDATION TRUST,X05,Other - Surgical Services,8,7,87.50%,-,-,1
Y62,RWJ,STOCKPORT NHS FOUNDATION TRUST,X06,Other - Other Services,117,107,91.50%,7.9,22.3,1
Y62,RWW,WARRINGTON AND HALTON TEACHING HOSPITALS NHS FOUNDATION TRUST,C_100,General Surgery Service,537,267,49.70%,18.2,64.9,80
Y62,RWW,WARRINGTON AND HALTON TEACHING HOSPITALS NHS FOUNDATION TRUST,C_101,Urology Service,"1,765","1,163",65.90%,12,60.8,183
Y62,RWW,WARRINGTON AND HALTON TEACHING HOSPITALS NHS FOUNDATION TRUST,C_110,Trauma and Orthopaedic Service,"2,219","1,059",47.70%,19.8,66.6,375
Y62,RWW,WARRINGTON AND HALTON TEACHING HOSPITALS NHS FOUNDATION TRUST,C_120,Ear Nose and Throat Service,"1,673","1,074",64.20%,11.9,42.4,101
Y62,RWW,WARRINGTON AND HALTON TEACHING HOSPITALS NHS FOUNDATION TRUST,C_130,Ophthalmology Service,"2,393","1,859",77.70%,8.7,33.1,89
Y62,RWW,WARRINGTON AND HALTON TEACHING HOSPITALS NHS FOUNDATION TRUST,C_140,Oral Surgery Service, -   , -   , -   ,-,-,0
Y62,RWW,WARRINGTON AND HALTON TEACHING HOSPITALS NHS FOUNDATION TRUST,C_150,Neurosurgical Service, -   , -   , -   ,-,-,0
Y62,RWW,WARRINGTON AND HALTON TEACHING HOSPITALS NHS FOUNDATION TRUST,C_160,Plastic Surgery Service, -   , -   , -   ,-,-,0
Y62,RWW,WARRINGTON AND HALTON TEACHING HOSPITALS NHS FOUNDATION TRUST,C_170,Cardiothoracic Surgery Service, -   , -   , -   ,-,-,0
Y62,RWW,WARRINGTON AND HALTON TEACHING HOSPITALS NHS FOUNDATION TRUST,C_300,General Internal Medicine Service,31,26,83.90%,9,31.8,0
Y62,RWW,WARRINGTON AND HALTON TEACHING HOSPITALS NHS FOUNDATION TRUST,C_301,Gastroenterology Service,"1,227","1,097",89.40%,6.8,21.8,8
Y62,RWW,WARRINGTON AND HALTON TEACHING HOSPITALS NHS FOUNDATION TRUST,C_320,Cardiology Service,830,800,96.40%,7.4,16.2,0
Y62,RWW,WARRINGTON AND HALTON TEACHING HOSPITALS NHS FOUNDATION TRUST,C_330,Dermatology Service, -   , -   , -   ,-,-,0
Y62,RWW,WARRINGTON AND HALTON TEACHING HOSPITALS NHS FOUNDATION TRUST,C_340,Respiratory Medicine Service,550,501,91.10%,7.4,18.6,0
Y62,RWW,WARRINGTON AND HALTON TEACHING HOSPITALS NHS FOUNDATION TRUST,C_400,Neurology Service, -   , -   , -   ,-,-,0
Y62,RWW,WARRINGTON AND HALTON TEACHING HOSPITALS NHS FOUNDATION TRUST,C_410,Rheumatology Service,353,327,92.60%,5.8,17.6,0
Y62,RWW,WARRINGTON AND HALTON TEACHING HOSPITALS NHS FOUNDATION TRUST,C_430,Elderly Medicine Service,6,6,100.00%,-,-,0
Y62,RWW,WARRINGTON AND HALTON TEACHING HOSPITALS NHS FOUNDATION TRUST,C_502,Gynaecology Service,"1,959","1,239",63.20%,13.3,56.1,161
Y62,RWW,WARRINGTON AND HALTON TEACHING HOSPITALS NHS FOUNDATION TRUST,X02,Other - Medical Services,"1,203","1,091",90.70%,6.9,19.8,1
Y62,RWW,WARRINGTON AND HALTON TEACHING HOSPITALS NHS FOUNDATION TRUST,X03,Other - Mental Health Services, -   , -   , -   ,-,-,0
Y62,RWW,WARRINGTON AND HALTON TEACHING HOSPITALS NHS FOUNDATION TRUST,X04,Other - Paediatric Services,"1,039",895,86.10%,6.1,27.4,27
Y62,RWW,WARRINGTON AND HALTON TEACHING HOSPITALS NHS FOUNDATION TRUST,X05,Other - Surgical Services,"3,987","2,845",71.40%,10.2,56.4,337
Y62,RWW,WARRINGTON AND HALTON TEACHING HOSPITALS NHS FOUNDATION TRUST,X06,Other - Other Services,202,195,96.50%,4.8,13.8,2
Y62,RXL,BLACKPOOL TEACHING HOSPITALS NHS FOUNDATION TRUST,C_100,General Surgery Service,"2,521","1,635",64.90%,8.3,66.8,375
Y62,RXL,BLACKPOOL TEACHING HOSPITALS NHS FOUNDATION TRUST,C_101,Urology Service,"1,002",659,65.80%,9.3,72.4,163
Y62,RXL,BLACKPOOL TEACHING HOSPITALS NHS FOUNDATION TRUST,C_110,Trauma and Orthopaedic Service,"1,687",742,44.00%,22.2,69.7,328
Y62,RXL,BLACKPOOL TEACHING HOSPITALS NHS FOUNDATION TRUST,C_120,Ear Nose and Throat Service,"1,258",939,74.60%,6.4,57.5,106
Y62,RXL,BLACKPOOL TEACHING HOSPITALS NHS FOUNDATION TRUST,C_130,Ophthalmology Service,"1,508","1,194",79.20%,6.5,33.7,78
Y62,RXL,BLACKPOOL TEACHING HOSPITALS NHS FOUNDATION TRUST,C_140,Oral Surgery Service,612,410,67.00%,11.4,60.4,68
Y62,RXL,BLACKPOOL TEACHING HOSPITALS NHS FOUNDATION TRUST,C_150,Neurosurgical Service, -   , -   , -   ,-,-,0
Y62,RXL,BLACKPOOL TEACHING HOSPITALS NHS FOUNDATION TRUST,C_160,Plastic Surgery Service,74,54,73.00%,8.9,33.5,4
Y62,RXL,BLACKPOOL TEACHING HOSPITALS NHS FOUNDATION TRUST,C_170,Cardiothoracic Surgery Service,449,242,53.90%,15.8,56.2,38
Y62,RXL,BLACKPOOL TEACHING HOSPITALS NHS FOUNDATION TRUST,C_300,General Internal Medicine Service, -   , -   , -   ,-,-,0
Y62,RXL,BLACKPOOL TEACHING HOSPITALS NHS FOUNDATION TRUST,C_301,Gastroenterology Service,"2,005","1,148",57.30%,14.3,50.8,153
Y62,RXL,BLACKPOOL TEACHING HOSPITALS NHS FOUNDATION TRUST,C_320,Cardiology Service,"1,966","1,465",74.50%,9.3,41,88
Y62,RXL,BLACKPOOL TEACHING HOSPITALS NHS FOUNDATION TRUST,C_330,Dermatology Service,879,785,89.30%,4.9,22.3,7
Y62,RXL,BLACKPOOL TEACHING HOSPITALS NHS FOUNDATION TRUST,C_340,Respiratory Medicine Service,327,276,84.40%,8.4,23.9,3
Y62,RXL,BLACKPOOL TEACHING HOSPITALS NHS FOUNDATION TRUST,C_400,Neurology Service, -   , -   , -   ,-,-,0
Y62,RXL,BLACKPOOL TEACHING HOSPITALS NHS FOUNDATION TRUST,C_410,Rheumatology Service,624,470,75.30%,10.3,26.2,0
Y62,RXL,BLACKPOOL TEACHING HOSPITALS NHS FOUNDATION TRUST,C_430,Elderly Medicine Service,15,15,100.00%,-,-,0
Y62,RXL,BLACKPOOL TEACHING HOSPITALS NHS FOUNDATION TRUST,C_502,Gynaecology Service,"1,743","1,274",73.10%,8.8,34.4,35
Y62,RXL,BLACKPOOL TEACHING HOSPITALS NHS FOUNDATION TRUST,X02,Other - Medical Services,590,563,95.40%,4.5,14.6,0
Y62,RXL,BLACKPOOL TEACHING HOSPITALS NHS FOUNDATION TRUST,X03,Other - Mental Health Services,104,98,94.20%,2.5,16.6,0
Y62,RXL,BLACKPOOL TEACHING HOSPITALS NHS FOUNDATION TRUST,X04,Other - Paediatric Services,697,567,81.30%,9,25.2,3
Y62,RXL,BLACKPOOL TEACHING HOSPITALS NHS FOUNDATION TRUST,X05,Other - Surgical Services,49,22,44.90%,22,75,21
Y62,RXL,BLACKPOOL TEACHING HOSPITALS NHS FOUNDATION TRUST,X06,Other - Other Services,720,594,82.50%,9.4,23.2,1
Y62,RXN,LANCASHIRE TEACHING HOSPITALS NHS FOUNDATION TRUST,C_100,General Surgery Service,"6,569","3,751",57.10%,13.6,66.1,975
Y62,RXN,LANCASHIRE TEACHING HOSPITALS NHS FOUNDATION TRUST,C_101,Urology Service,"2,149","1,246",58.00%,13.9,64.3,272
Y62,RXN,LANCASHIRE TEACHING HOSPITALS NHS FOUNDATION TRUST,C_110,Trauma and Orthopaedic Service,"2,548","1,412",55.40%,14.6,66.8,381
Y62,RXN,LANCASHIRE TEACHING HOSPITALS NHS FOUNDATION TRUST,C_120,Ear Nose and Throat Service,"3,106","1,601",51.50%,16.3,73.1,672
Y62,RXN,LANCASHIRE TEACHING HOSPITALS NHS FOUNDATION TRUST,C_130,Ophthalmology Service,"3,691","1,985",53.80%,15.4,63.1,483
Y62,RXN,LANCASHIRE TEACHING HOSPITALS NHS FOUNDATION TRUST,C_140,Oral Surgery Service,"5,354","1,850",34.60%,30.1,80.4,"1,897"
Y62,RXN,LANCASHIRE TEACHING HOSPITALS NHS FOUNDATION TRUST,C_150,Neurosurgical Service,"3,274","1,714",52.40%,16.5,62.6,421
Y62,RXN,LANCASHIRE TEACHING HOSPITALS NHS FOUNDATION TRUST,C_160,Plastic Surgery Service,"2,364","1,435",60.70%,11.3,76.7,453
Y62,RXN,LANCASHIRE TEACHING HOSPITALS NHS FOUNDATION TRUST,C_170,Cardiothoracic Surgery Service, -   , -   , -   ,-,-,0
Y62,RXN,LANCASHIRE TEACHING HOSPITALS NHS FOUNDATION TRUST,C_300,General Internal Medicine Service,"3,368","1,663",49.40%,18.5,64.8,483
Y62,RXN,LANCASHIRE TEACHING HOSPITALS NHS FOUNDATION TRUST,C_301,Gastroenterology Service,"1,070",787,73.60%,6.8,38.6,39
Y62,RXN,LANCASHIRE TEACHING HOSPITALS NHS FOUNDATION TRUST,C_320,Cardiology Service,"2,143","1,549",72.30%,10.5,33.3,34
Y62,RXN,LANCASHIRE TEACHING HOSPITALS NHS FOUNDATION TRUST,C_330,Dermatology Service,574,513,89.40%,2.9,20.9,1
Y62,RXN,LANCASHIRE TEACHING HOSPITALS NHS FOUNDATION TRUST,C_340,Respiratory Medicine Service, -   , -   , -   ,-,-,0
Y62,RXN,LANCASHIRE TEACHING HOSPITALS NHS FOUNDATION TRUST,C_400,Neurology Service,"6,035","2,905",48.10%,19.3,62.8,733
Y62,RXN,LANCASHIRE TEACHING HOSPITALS NHS FOUNDATION TRUST,C_410,Rheumatology Service, -   , -   , -   ,-,-,0
Y62,RXN,LANCASHIRE TEACHING HOSPITALS NHS FOUNDATION TRUST,C_430,Elderly Medicine Service,149,120,80.50%,5.4,39.5,8
Y62,RXN,LANCASHIRE TEACHING HOSPITALS NHS FOUNDATION TRUST,C_502,Gynaecology Service,"2,416","1,503",62.20%,13,40.7,121
Y62,RXN,LANCASHIRE TEACHING HOSPITALS NHS FOUNDATION TRUST,X02,Other - Medical Services,"3,577","2,611",73.00%,10,43.3,219
Y62,RXN,LANCASHIRE TEACHING HOSPITALS NHS FOUNDATION TRUST,X03,Other - Mental Health Services, -   , -   , -   ,-,-,0
Y62,RXN,LANCASHIRE TEACHING HOSPITALS NHS FOUNDATION TRUST,X04,Other - Paediatric Services,95,91,95.80%,7.2,13.7,0
Y62,RXN,LANCASHIRE TEACHING HOSPITALS NHS FOUNDATION TRUST,X05,Other - Surgical Services, -   , -   , -   ,-,-,0
Y62,RXN,LANCASHIRE TEACHING HOSPITALS NHS FOUNDATION TRUST,X06,Other - Other Services,486,426,87.70%,5.1,24.6,12
Y62,RXR,EAST LANCASHIRE HOSPITALS NHS TRUST,C_100,General Surgery Service,"3,564",,,7.9,,221
Y62,RXR,EAST LANCASHIRE HOSPITALS NHS TRUST,C_101,Urology Service,"1,471",,,7.2,,68
Y62,RXR,EAST LANCASHIRE HOSPITALS NHS TRUST,C_110,Trauma and Orthopaedic Service,"6,151",,,5.9,,312
Y62,RXR,EAST LANCASHIRE HOSPITALS NHS TRUST,C_120,Ear Nose and Throat Service,"2,068",,,9,,119
Y62,RXR,EAST LANCASHIRE HOSPITALS NHS TRUST,C_130,Ophthalmology Service,"3,786",,,9.8,,141
Y62,RXR,EAST LANCASHIRE HOSPITALS NHS TRUST,C_140,Oral Surgery Service,"2,587",,,13.5,,312
Y62,RXR,EAST LANCASHIRE HOSPITALS NHS TRUST,C_150,Neurosurgical Service, -   ,,,-,,0
Y62,RXR,EAST LANCASHIRE HOSPITALS NHS TRUST,C_160,Plastic Surgery Service, -   ,,,-,,0
Y62,RXR,EAST LANCASHIRE HOSPITALS NHS TRUST,C_170,Cardiothoracic Surgery Service,34,,,11.3,,0
Y62,RXR,EAST LANCASHIRE HOSPITALS NHS TRUST,C_300,General Internal Medicine Service,524,,,6,,0
Y62,RXR,EAST LANCASHIRE HOSPITALS NHS TRUST,C_301,Gastroenterology Service,"2,693",,,9.3,,7
Y62,RXR,EAST LANCASHIRE HOSPITALS NHS TRUST,C_320,Cardiology Service,"1,290",,,6,,1
Y62,RXR,EAST LANCASHIRE HOSPITALS NHS TRUST,C_330,Dermatology Service,"1,029",,,4.9,,0
Y62,RXR,EAST LANCASHIRE HOSPITALS NHS TRUST,C_340,Respiratory Medicine Service,461,,,6.1,,0
Y62,RXR,EAST LANCASHIRE HOSPITALS NHS TRUST,C_400,Neurology Service, -   ,,,-,,0
Y62,RXR,EAST LANCASHIRE HOSPITALS NHS TRUST,C_410,Rheumatology Service,527,,,8.3,,0
Y62,RXR,EAST LANCASHIRE HOSPITALS NHS TRUST,C_430,Elderly Medicine Service,60,,,4.1,,0
Y62,RXR,EAST LANCASHIRE HOSPITALS NHS TRUST,C_502,Gynaecology Service,"2,496",,,7.2,,30
Y62,RXR,EAST LANCASHIRE HOSPITALS NHS TRUST,X02,Other - Medical Services,"1,465",,,5.9,,1
Y62,RXR,EAST LANCASHIRE HOSPITALS NHS TRUST,X03,Other - Mental Health Services, -   ,,,-,,0
Y62,RXR,EAST LANCASHIRE HOSPITALS NHS TRUST,X04,Other - Paediatric Services,631,,,6.4,,3
Y62,RXR,EAST LANCASHIRE HOSPITALS NHS TRUST,X05,Other - Surgical Services,38,,,4.2,,0
Y62,RXR,EAST LANCASHIRE HOSPITALS NHS TRUST,X06,Other - Other Services,19,,,-,,0
Y62,RY2,BRIDGEWATER COMMUNITY HEALTHCARE NHS FOUNDATION TRUST,C_100,General Surgery Service, -   , -   , -   ,-,-,0
Y62,RY2,BRIDGEWATER COMMUNITY HEALTHCARE NHS FOUNDATION TRUST,C_101,Urology Service, -   , -   , -   ,-,-,0
Y62,RY2,BRIDGEWATER COMMUNITY HEALTHCARE NHS FOUNDATION TRUST,C_110,Trauma and Orthopaedic Service, -   , -   , -   ,-,-,0
Y62,RY2,BRIDGEWATER COMMUNITY HEALTHCARE NHS FOUNDATION TRUST,C_120,Ear Nose and Throat Service, -   , -   , -   ,-,-,0
Y62,RY2,BRIDGEWATER COMMUNITY HEALTHCARE NHS FOUNDATION TRUST,C_130,Ophthalmology Service, -   , -   , -   ,-,-,0
Y62,RY2,BRIDGEWATER COMMUNITY HEALTHCARE NHS FOUNDATION TRUST,C_140,Oral Surgery Service, -   , -   , -   ,-,-,0
Y62,RY2,BRIDGEWATER COMMUNITY HEALTHCARE NHS FOUNDATION TRUST,C_150,Neurosurgical Service, -   , -   , -   ,-,-,0
Y62,RY2,BRIDGEWATER COMMUNITY HEALTHCARE NHS FOUNDATION TRUST,C_160,Plastic Surgery Service, -   , -   , -   ,-,-,0
Y62,RY2,BRIDGEWATER COMMUNITY HEALTHCARE NHS FOUNDATION TRUST,C_170,Cardiothoracic Surgery Service, -   , -   , -   ,-,-,0
Y62,RY2,BRIDGEWATER COMMUNITY HEALTHCARE NHS FOUNDATION TRUST,C_300,General Internal Medicine Service, -   , -   , -   ,-,-,0
Y62,RY2,BRIDGEWATER COMMUNITY HEALTHCARE NHS FOUNDATION TRUST,C_301,Gastroenterology Service, -   , -   , -   ,-,-,0
Y62,RY2,BRIDGEWATER COMMUNITY HEALTHCARE NHS FOUNDATION TRUST,C_320,Cardiology Service, -   , -   , -   ,-,-,0
Y62,RY2,BRIDGEWATER COMMUNITY HEALTHCARE NHS FOUNDATION TRUST,C_330,Dermatology Service,674,275,40.80%,22.8,37.3,11
Y62,RY2,BRIDGEWATER COMMUNITY HEALTHCARE NHS FOUNDATION TRUST,C_340,Respiratory Medicine Service, -   , -   , -   ,-,-,0
Y62,RY2,BRIDGEWATER COMMUNITY HEALTHCARE NHS FOUNDATION TRUST,C_400,Neurology Service, -   , -   , -   ,-,-,0
Y62,RY2,BRIDGEWATER COMMUNITY HEALTHCARE NHS FOUNDATION TRUST,C_410,Rheumatology Service, -   , -   , -   ,-,-,0
Y62,RY2,BRIDGEWATER COMMUNITY HEALTHCARE NHS FOUNDATION TRUST,C_430,Elderly Medicine Service, -   , -   , -   ,-,-,0
Y62,RY2,BRIDGEWATER COMMUNITY HEALTHCARE NHS FOUNDATION TRUST,C_502,Gynaecology Service, -   , -   , -   ,-,-,0
Y62,RY2,BRIDGEWATER COMMUNITY HEALTHCARE NHS FOUNDATION TRUST,X02,Other - Medical Services, -   , -   , -   ,-,-,0
Y62,RY2,BRIDGEWATER COMMUNITY HEALTHCARE NHS FOUNDATION TRUST,X03,Other - Mental Health Services, -   , -   , -   ,-,-,0
Y62,RY2,BRIDGEWATER COMMUNITY HEALTHCARE NHS FOUNDATION TRUST,X04,Other - Paediatric Services,502,366,72.90%,10.4,26.9,0
Y62,RY2,BRIDGEWATER COMMUNITY HEALTHCARE NHS FOUNDATION TRUST,X05,Other - Surgical Services, -   , -   , -   ,-,-,0
Y62,RY2,BRIDGEWATER COMMUNITY HEALTHCARE NHS FOUNDATION TRUST,X06,Other - Other Services,155,146,94.20%,2.6,12.8,0
Y62,RY7,WIRRAL COMMUNITY HEALTH AND CARE NHS FOUNDATION TRUST,C_100,General Surgery Service, -   , -   , -   ,-,-,0
Y62,RY7,WIRRAL COMMUNITY HEALTH AND CARE NHS FOUNDATION TRUST,C_101,Urology Service, -   , -   , -   ,-,-,0
Y62,RY7,WIRRAL COMMUNITY HEALTH AND CARE NHS FOUNDATION TRUST,C_110,Trauma and Orthopaedic Service, -   , -   , -   ,-,-,0
Y62,RY7,WIRRAL COMMUNITY HEALTH AND CARE NHS FOUNDATION TRUST,C_120,Ear Nose and Throat Service, -   , -   , -   ,-,-,0
Y62,RY7,WIRRAL COMMUNITY HEALTH AND CARE NHS FOUNDATION TRUST,C_130,Ophthalmology Service,78,78,100.00%,8.5,12.7,0
Y62,RY7,WIRRAL COMMUNITY HEALTH AND CARE NHS FOUNDATION TRUST,C_140,Oral Surgery Service, -   , -   , -   ,-,-,0
Y62,RY7,WIRRAL COMMUNITY HEALTH AND CARE NHS FOUNDATION TRUST,C_150,Neurosurgical Service, -   , -   , -   ,-,-,0
Y62,RY7,WIRRAL COMMUNITY HEALTH AND CARE NHS FOUNDATION TRUST,C_160,Plastic Surgery Service, -   , -   , -   ,-,-,0
Y62,RY7,WIRRAL COMMUNITY HEALTH AND CARE NHS FOUNDATION TRUST,C_170,Cardiothoracic Surgery Service, -   , -   , -   ,-,-,0
Y62,RY7,WIRRAL COMMUNITY HEALTH AND CARE NHS FOUNDATION TRUST,C_300,General Internal Medicine Service, -   , -   , -   ,-,-,0
Y62,RY7,WIRRAL COMMUNITY HEALTH AND CARE NHS FOUNDATION TRUST,C_301,Gastroenterology Service, -   , -   , -   ,-,-,0
Y62,RY7,WIRRAL COMMUNITY HEALTH AND CARE NHS FOUNDATION TRUST,C_320,Cardiology Service, -   , -   , -   ,-,-,0
Y62,RY7,WIRRAL COMMUNITY HEALTH AND CARE NHS FOUNDATION TRUST,C_330,Dermatology Service, -   , -   , -   ,-,-,0
Y62,RY7,WIRRAL COMMUNITY HEALTH AND CARE NHS FOUNDATION TRUST,C_340,Respiratory Medicine Service, -   , -   , -   ,-,-,0
Y62,RY7,WIRRAL COMMUNITY HEALTH AND CARE NHS FOUNDATION TRUST,C_400,Neurology Service, -   , -   , -   ,-,-,0
Y62,RY7,WIRRAL COMMUNITY HEALTH AND CARE NHS FOUNDATION TRUST,C_410,Rheumatology Service, -   , -   , -   ,-,-,0
Y62,RY7,WIRRAL COMMUNITY HEALTH AND CARE NHS FOUNDATION TRUST,C_430,Elderly Medicine Service, -   , -   , -   ,-,-,0
Y62,RY7,WIRRAL COMMUNITY HEALTH AND CARE NHS FOUNDATION TRUST,C_502,Gynaecology Service, -   , -   , -   ,-,-,0
Y62,RY7,WIRRAL COMMUNITY HEALTH AND CARE NHS FOUNDATION TRUST,X02,Other - Medical Services, -   , -   , -   ,-,-,0
Y62,RY7,WIRRAL COMMUNITY HEALTH AND CARE NHS FOUNDATION TRUST,X03,Other - Mental Health Services, -   , -   , -   ,-,-,0
Y62,RY7,WIRRAL COMMUNITY HEALTH AND CARE NHS FOUNDATION TRUST,X04,Other - Paediatric Services, -   , -   , -   ,-,-,0
Y62,RY7,WIRRAL COMMUNITY HEALTH AND CARE NHS FOUNDATION TRUST,X05,Other - Surgical Services, -   , -   , -   ,-,-,0
Y62,RY7,WIRRAL COMMUNITY HEALTH AND CARE NHS FOUNDATION TRUST,X06,Other - Other Services, -   , -   , -   ,-,-,0
Y63,R0B,SOUTH TYNESIDE AND SUNDERLAND NHS FOUNDATION TRUST,C_100,General Surgery Service,"3,936","3,206",81.50%,7.1,26.6,21
Y63,R0B,SOUTH TYNESIDE AND SUNDERLAND NHS FOUNDATION TRUST,C_101,Urology Service,"2,984","2,525",84.60%,6.3,22.9,0
Y63,R0B,SOUTH TYNESIDE AND SUNDERLAND NHS FOUNDATION TRUST,C_110,Trauma and Orthopaedic Service,"4,574","2,801",61.20%,12.4,49.7,364
Y63,R0B,SOUTH TYNESIDE AND SUNDERLAND NHS FOUNDATION TRUST,C_120,Ear Nose and Throat Service,"3,407","3,148",92.40%,6.1,17.2,0
Y63,R0B,SOUTH TYNESIDE AND SUNDERLAND NHS FOUNDATION TRUST,C_130,Ophthalmology Service,"5,599","5,082",90.80%,6.3,18.7,0
Y63,R0B,SOUTH TYNESIDE AND SUNDERLAND NHS FOUNDATION TRUST,C_140,Oral Surgery Service,"2,192","1,840",83.90%,7.7,21.7,2
Y63,R0B,SOUTH TYNESIDE AND SUNDERLAND NHS FOUNDATION TRUST,C_150,Neurosurgical Service, -   , -   , -   ,-,-,0
Y63,R0B,SOUTH TYNESIDE AND SUNDERLAND NHS FOUNDATION TRUST,C_160,Plastic Surgery Service,68,42,61.80%,12.8,36.6,1
Y63,R0B,SOUTH TYNESIDE AND SUNDERLAND NHS FOUNDATION TRUST,C_170,Cardiothoracic Surgery Service, -   , -   , -   ,-,-,0
Y63,R0B,SOUTH TYNESIDE AND SUNDERLAND NHS FOUNDATION TRUST,C_300,General Internal Medicine Service, -   , -   , -   ,-,-,0
Y63,R0B,SOUTH TYNESIDE AND SUNDERLAND NHS FOUNDATION TRUST,C_301,Gastroenterology Service,"1,440","1,251",86.90%,6.1,22.5,0
Y63,R0B,SOUTH TYNESIDE AND SUNDERLAND NHS FOUNDATION TRUST,C_320,Cardiology Service,"1,027",912,88.80%,5.1,21.3,2
Y63,R0B,SOUTH TYNESIDE AND SUNDERLAND NHS FOUNDATION TRUST,C_330,Dermatology Service,490,486,99.20%,2.7,10.6,0
Y63,R0B,SOUTH TYNESIDE AND SUNDERLAND NHS FOUNDATION TRUST,C_340,Respiratory Medicine Service,"1,197",901,75.30%,8.2,29.2,11
Y63,R0B,SOUTH TYNESIDE AND SUNDERLAND NHS FOUNDATION TRUST,C_400,Neurology Service,760,671,88.30%,6.4,20.1,0
Y63,R0B,SOUTH TYNESIDE AND SUNDERLAND NHS FOUNDATION TRUST,C_410,Rheumatology Service,473,466,98.50%,2.5,8.8,2
Y63,R0B,SOUTH TYNESIDE AND SUNDERLAND NHS FOUNDATION TRUST,C_430,Elderly Medicine Service,447,407,91.10%,4.8,20,0
Y63,R0B,SOUTH TYNESIDE AND SUNDERLAND NHS FOUNDATION TRUST,C_502,Gynaecology Service,"1,721","1,613",93.70%,4.8,15.5,0
Y63,R0B,SOUTH TYNESIDE AND SUNDERLAND NHS FOUNDATION TRUST,X02,Other - Medical Services,"1,296","1,083",83.60%,6.6,25.7,12
Y63,R0B,SOUTH TYNESIDE AND SUNDERLAND NHS FOUNDATION TRUST,X03,Other - Mental Health Services, -   , -   , -   ,-,-,0
Y63,R0B,SOUTH TYNESIDE AND SUNDERLAND NHS FOUNDATION TRUST,X04,Other - Paediatric Services,"1,589","1,420",89.40%,6.1,20.3,0
Y63,R0B,SOUTH TYNESIDE AND SUNDERLAND NHS FOUNDATION TRUST,X05,Other - Surgical Services,100,84,84.00%,7.4,27,0
Y63,R0B,SOUTH TYNESIDE AND SUNDERLAND NHS FOUNDATION TRUST,X06,Other - Other Services,"2,670","2,655",99.40%,2.1,6.1,0
Y63,RAE,BRADFORD TEACHING HOSPITALS NHS FOUNDATION TRUST,C_100,General Surgery Service,716,442,61.70%,12.6,75.2,124
Y63,RAE,BRADFORD TEACHING HOSPITALS NHS FOUNDATION TRUST,C_101,Urology Service,"1,795","1,205",67.10%,10.7,40.2,99
Y63,RAE,BRADFORD TEACHING HOSPITALS NHS FOUNDATION TRUST,C_110,Trauma and Orthopaedic Service,"1,087",646,59.40%,12,67.2,150
Y63,RAE,BRADFORD TEACHING HOSPITALS NHS FOUNDATION TRUST,C_120,Ear Nose and Throat Service,"3,035","2,051",67.60%,10,58.4,255
Y63,RAE,BRADFORD TEACHING HOSPITALS NHS FOUNDATION TRUST,C_130,Ophthalmology Service,"2,516","1,776",70.60%,9.9,34.1,133
Y63,RAE,BRADFORD TEACHING HOSPITALS NHS FOUNDATION TRUST,C_140,Oral Surgery Service,"1,122",817,72.80%,8.8,45.6,88
Y63,RAE,BRADFORD TEACHING HOSPITALS NHS FOUNDATION TRUST,C_150,Neurosurgical Service, -   , -   , -   ,-,-,0
Y63,RAE,BRADFORD TEACHING HOSPITALS NHS FOUNDATION TRUST,C_160,Plastic Surgery Service,717,361,50.30%,17.8,71.5,142
Y63,RAE,BRADFORD TEACHING HOSPITALS NHS FOUNDATION TRUST,C_170,Cardiothoracic Surgery Service, -   , -   , -   ,-,-,0
Y63,RAE,BRADFORD TEACHING HOSPITALS NHS FOUNDATION TRUST,C_300,General Internal Medicine Service,76,65,85.50%,6.5,22,0
Y63,RAE,BRADFORD TEACHING HOSPITALS NHS FOUNDATION TRUST,C_301,Gastroenterology Service,"1,910","1,370",71.70%,10.5,28.6,25
Y63,RAE,BRADFORD TEACHING HOSPITALS NHS FOUNDATION TRUST,C_320,Cardiology Service,"1,016",686,67.50%,10.3,38.2,34
Y63,RAE,BRADFORD TEACHING HOSPITALS NHS FOUNDATION TRUST,C_330,Dermatology Service,"1,115",838,75.20%,8,37.1,34
Y63,RAE,BRADFORD TEACHING HOSPITALS NHS FOUNDATION TRUST,C_340,Respiratory Medicine Service,982,625,63.60%,12,36.8,19
Y63,RAE,BRADFORD TEACHING HOSPITALS NHS FOUNDATION TRUST,C_400,Neurology Service,682,445,65.20%,12,31.5,2
Y63,RAE,BRADFORD TEACHING HOSPITALS NHS FOUNDATION TRUST,C_410,Rheumatology Service,637,507,79.60%,9.2,24.5,0
Y63,RAE,BRADFORD TEACHING HOSPITALS NHS FOUNDATION TRUST,C_430,Elderly Medicine Service,65,59,90.80%,2.9,18.8,0
Y63,RAE,BRADFORD TEACHING HOSPITALS NHS FOUNDATION TRUST,C_502,Gynaecology Service,"2,524","1,836",72.70%,9.2,35.7,127
Y63,RAE,BRADFORD TEACHING HOSPITALS NHS FOUNDATION TRUST,X02,Other - Medical Services,"2,869","2,309",80.50%,7.6,29.6,74
Y63,RAE,BRADFORD TEACHING HOSPITALS NHS FOUNDATION TRUST,X03,Other - Mental Health Services, -   , -   , -   ,-,-,0
Y63,RAE,BRADFORD TEACHING HOSPITALS NHS FOUNDATION TRUST,X04,Other - Paediatric Services,"1,420","1,020",71.80%,8.5,59.6,124
Y63,RAE,BRADFORD TEACHING HOSPITALS NHS FOUNDATION TRUST,X05,Other - Surgical Services,"3,711","2,349",63.30%,11.4,42,236
Y63,RAE,BRADFORD TEACHING HOSPITALS NHS FOUNDATION TRUST,X06,Other - Other Services,598,483,80.80%,9.3,22,9
Y63,RCB,YORK TEACHING HOSPITAL NHS FOUNDATION TRUST,C_100,General Surgery Service,"4,751","2,975",62.60%,10,71.1,644
Y63,RCB,YORK TEACHING HOSPITAL NHS FOUNDATION TRUST,C_101,Urology Service,"2,147","1,227",57.10%,13.6,75.4,396
Y63,RCB,YORK TEACHING HOSPITAL NHS FOUNDATION TRUST,C_110,Trauma and Orthopaedic Service,"2,872","1,592",55.40%,14.4,47.8,203
Y63,RCB,YORK TEACHING HOSPITAL NHS FOUNDATION TRUST,C_120,Ear Nose and Throat Service,"3,484","2,153",61.80%,11.6,35,53
Y63,RCB,YORK TEACHING HOSPITAL NHS FOUNDATION TRUST,C_130,Ophthalmology Service,"3,828","2,845",74.30%,7.8,36.5,190
Y63,RCB,YORK TEACHING HOSPITAL NHS FOUNDATION TRUST,C_140,Oral Surgery Service,"2,290","1,462",63.80%,11.8,36.2,110
Y63,RCB,YORK TEACHING HOSPITAL NHS FOUNDATION TRUST,C_150,Neurosurgical Service, -   , -   , -   ,-,-,0
Y63,RCB,YORK TEACHING HOSPITAL NHS FOUNDATION TRUST,C_160,Plastic Surgery Service,132,102,77.30%,5.5,42.4,10
Y63,RCB,YORK TEACHING HOSPITAL NHS FOUNDATION TRUST,C_170,Cardiothoracic Surgery Service, -   , -   , -   ,-,-,0
Y63,RCB,YORK TEACHING HOSPITAL NHS FOUNDATION TRUST,C_300,General Internal Medicine Service,41,41,100.00%,1.7,2.7,0
Y63,RCB,YORK TEACHING HOSPITAL NHS FOUNDATION TRUST,C_301,Gastroenterology Service,"1,383","1,055",76.30%,8.8,27.8,13
Y63,RCB,YORK TEACHING HOSPITAL NHS FOUNDATION TRUST,C_320,Cardiology Service,897,665,74.10%,7.9,33.7,11
Y63,RCB,YORK TEACHING HOSPITAL NHS FOUNDATION TRUST,C_330,Dermatology Service,"1,242","1,010",81.30%,6.3,26,1
Y63,RCB,YORK TEACHING HOSPITAL NHS FOUNDATION TRUST,C_340,Respiratory Medicine Service,894,533,59.60%,13.6,38.1,11
Y63,RCB,YORK TEACHING HOSPITAL NHS FOUNDATION TRUST,C_400,Neurology Service,933,532,57.00%,14.2,35.4,2
Y63,RCB,YORK TEACHING HOSPITAL NHS FOUNDATION TRUST,C_410,Rheumatology Service,659,502,76.20%,7.8,25.8,1
Y63,RCB,YORK TEACHING HOSPITAL NHS FOUNDATION TRUST,C_430,Elderly Medicine Service,115,108,93.90%,3.5,15.8,0
Y63,RCB,YORK TEACHING HOSPITAL NHS FOUNDATION TRUST,C_502,Gynaecology Service,"1,907","1,230",64.50%,11.1,61.2,174
Y63,RCB,YORK TEACHING HOSPITAL NHS FOUNDATION TRUST,X02,Other - Medical Services,"1,617",954,59.00%,12,60.2,182
Y63,RCB,YORK TEACHING HOSPITAL NHS FOUNDATION TRUST,X03,Other - Mental Health Services, -   , -   , -   ,-,-,0
Y63,RCB,YORK TEACHING HOSPITAL NHS FOUNDATION TRUST,X04,Other - Paediatric Services,555,533,96.00%,3.7,12.2,0
Y63,RCB,YORK TEACHING HOSPITAL NHS FOUNDATION TRUST,X05,Other - Surgical Services,281,236,84.00%,7,35.5,21
Y63,RCB,YORK TEACHING HOSPITAL NHS FOUNDATION TRUST,X06,Other - Other Services,38,38,100.00%,6.3,13.5,0
Y63,RCD,HARROGATE AND DISTRICT NHS FOUNDATION TRUST,C_100,General Surgery Service,"1,718",,,10,,143
Y63,RCD,HARROGATE AND DISTRICT NHS FOUNDATION TRUST,C_101,Urology Service,953,,,7.7,,94
Y63,RCD,HARROGATE AND DISTRICT NHS FOUNDATION TRUST,C_110,Trauma and Orthopaedic Service,"2,889",,,14.8,,224
Y63,RCD,HARROGATE AND DISTRICT NHS FOUNDATION TRUST,C_120,Ear Nose and Throat Service,"1,171",,,6.7,,9
Y63,RCD,HARROGATE AND DISTRICT NHS FOUNDATION TRUST,C_130,Ophthalmology Service,"1,282",,,6.6,,74
Y63,RCD,HARROGATE AND DISTRICT NHS FOUNDATION TRUST,C_140,Oral Surgery Service,4,,,-,,0
Y63,RCD,HARROGATE AND DISTRICT NHS FOUNDATION TRUST,C_150,Neurosurgical Service, -   ,,,-,,0
Y63,RCD,HARROGATE AND DISTRICT NHS FOUNDATION TRUST,C_160,Plastic Surgery Service, -   ,,,-,,0
Y63,RCD,HARROGATE AND DISTRICT NHS FOUNDATION TRUST,C_170,Cardiothoracic Surgery Service, -   ,,,-,,0
Y63,RCD,HARROGATE AND DISTRICT NHS FOUNDATION TRUST,C_300,General Internal Medicine Service,12,,,-,,0
Y63,RCD,HARROGATE AND DISTRICT NHS FOUNDATION TRUST,C_301,Gastroenterology Service,941,,,11.3,,5
Y63,RCD,HARROGATE AND DISTRICT NHS FOUNDATION TRUST,C_320,Cardiology Service,715,,,5.8,,1
Y63,RCD,HARROGATE AND DISTRICT NHS FOUNDATION TRUST,C_330,Dermatology Service,937,,,2.7,,3
Y63,RCD,HARROGATE AND DISTRICT NHS FOUNDATION TRUST,C_340,Respiratory Medicine Service,393,,,7.4,,2
Y63,RCD,HARROGATE AND DISTRICT NHS FOUNDATION TRUST,C_400,Neurology Service,488,,,7.3,,0
Y63,RCD,HARROGATE AND DISTRICT NHS FOUNDATION TRUST,C_410,Rheumatology Service,384,,,4.8,,0
Y63,RCD,HARROGATE AND DISTRICT NHS FOUNDATION TRUST,C_430,Elderly Medicine Service,61,,,5.5,,0
Y63,RCD,HARROGATE AND DISTRICT NHS FOUNDATION TRUST,C_502,Gynaecology Service,"1,476",,,8,,117
Y63,RCD,HARROGATE AND DISTRICT NHS FOUNDATION TRUST,X02,Other - Medical Services,757,,,5.7,,3
Y63,RCD,HARROGATE AND DISTRICT NHS FOUNDATION TRUST,X03,Other - Mental Health Services, -   ,,,-,,0
Y63,RCD,HARROGATE AND DISTRICT NHS FOUNDATION TRUST,X04,Other - Paediatric Services,589,,,6.3,,2
Y63,RCD,HARROGATE AND DISTRICT NHS FOUNDATION TRUST,X05,Other - Surgical Services,602,,,5.6,,14
Y63,RCD,HARROGATE AND DISTRICT NHS FOUNDATION TRUST,X06,Other - Other Services,"2,265",,,16.4,,498
Y63,RCF,AIREDALE NHS FOUNDATION TRUST,C_100,General Surgery Service,"1,365",891,65.30%,9.9,57.5,115
Y63,RCF,AIREDALE NHS FOUNDATION TRUST,C_101,Urology Service,984,664,67.50%,9.4,64.8,128
Y63,RCF,AIREDALE NHS FOUNDATION TRUST,C_110,Trauma and Orthopaedic Service,"1,252",497,39.70%,24.9,76.4,337
Y63,RCF,AIREDALE NHS FOUNDATION TRUST,C_120,Ear Nose and Throat Service,473,419,88.60%,5.2,27.1,19
Y63,RCF,AIREDALE NHS FOUNDATION TRUST,C_130,Ophthalmology Service,340,267,78.50%,6,29.5,16
Y63,RCF,AIREDALE NHS FOUNDATION TRUST,C_140,Oral Surgery Service,331,189,57.10%,13.3,66.1,54
Y63,RCF,AIREDALE NHS FOUNDATION TRUST,C_150,Neurosurgical Service, -   , -   , -   ,-,-,0
Y63,RCF,AIREDALE NHS FOUNDATION TRUST,C_160,Plastic Surgery Service,62,35,56.50%,11.6,32,0
Y63,RCF,AIREDALE NHS FOUNDATION TRUST,C_170,Cardiothoracic Surgery Service, -   , -   , -   ,-,-,0
Y63,RCF,AIREDALE NHS FOUNDATION TRUST,C_300,General Internal Medicine Service,27,27,100.00%,1,9.8,0
Y63,RCF,AIREDALE NHS FOUNDATION TRUST,C_301,Gastroenterology Service,493,416,84.40%,7.4,25.8,2
Y63,RCF,AIREDALE NHS FOUNDATION TRUST,C_320,Cardiology Service,535,442,82.60%,7.8,26.7,4
Y63,RCF,AIREDALE NHS FOUNDATION TRUST,C_330,Dermatology Service,40,40,100.00%,1.6,9.8,0
Y63,RCF,AIREDALE NHS FOUNDATION TRUST,C_340,Respiratory Medicine Service,127,119,93.70%,3.1,16.8,0
Y63,RCF,AIREDALE NHS FOUNDATION TRUST,C_400,Neurology Service,405,364,89.90%,5.8,20.4,1
Y63,RCF,AIREDALE NHS FOUNDATION TRUST,C_410,Rheumatology Service,208,189,90.90%,6,19.8,0
Y63,RCF,AIREDALE NHS FOUNDATION TRUST,C_430,Elderly Medicine Service,24,19,79.20%,5.3,27.1,0
Y63,RCF,AIREDALE NHS FOUNDATION TRUST,C_502,Gynaecology Service,"1,113",670,60.20%,11.6,66.6,172
Y63,RCF,AIREDALE NHS FOUNDATION TRUST,X02,Other - Medical Services,351,336,95.70%,5.2,13.8,0
Y63,RCF,AIREDALE NHS FOUNDATION TRUST,X03,Other - Mental Health Services, -   , -   , -   ,-,-,0
Y63,RCF,AIREDALE NHS FOUNDATION TRUST,X04,Other - Paediatric Services,444,382,86.00%,5.6,21.9,2
Y63,RCF,AIREDALE NHS FOUNDATION TRUST,X05,Other - Surgical Services,1,1,100.00%,-,-,0
Y63,RCF,AIREDALE NHS FOUNDATION TRUST,X06,Other - Other Services,387,376,97.20%,6,15.4,0
Y63,RCU,SHEFFIELD CHILDREN'S NHS FOUNDATION TRUST,C_100,General Surgery Service, -   , -   , -   ,-,-,0
Y63,RCU,SHEFFIELD CHILDREN'S NHS FOUNDATION TRUST,C_101,Urology Service, -   , -   , -   ,-,-,0
Y63,RCU,SHEFFIELD CHILDREN'S NHS FOUNDATION TRUST,C_110,Trauma and Orthopaedic Service, -   , -   , -   ,-,-,0
Y63,RCU,SHEFFIELD CHILDREN'S NHS FOUNDATION TRUST,C_120,Ear Nose and Throat Service, -   , -   , -   ,-,-,0
Y63,RCU,SHEFFIELD CHILDREN'S NHS FOUNDATION TRUST,C_130,Ophthalmology Service, -   , -   , -   ,-,-,0
Y63,RCU,SHEFFIELD CHILDREN'S NHS FOUNDATION TRUST,C_140,Oral Surgery Service,161,35,21.70%,32.4,67.1,48
Y63,RCU,SHEFFIELD CHILDREN'S NHS FOUNDATION TRUST,C_150,Neurosurgical Service, -   , -   , -   ,-,-,0
Y63,RCU,SHEFFIELD CHILDREN'S NHS FOUNDATION TRUST,C_160,Plastic Surgery Service, -   , -   , -   ,-,-,0
Y63,RCU,SHEFFIELD CHILDREN'S NHS FOUNDATION TRUST,C_170,Cardiothoracic Surgery Service, -   , -   , -   ,-,-,0
Y63,RCU,SHEFFIELD CHILDREN'S NHS FOUNDATION TRUST,C_300,General Internal Medicine Service, -   , -   , -   ,-,-,0
Y63,RCU,SHEFFIELD CHILDREN'S NHS FOUNDATION TRUST,C_301,Gastroenterology Service, -   , -   , -   ,-,-,0
Y63,RCU,SHEFFIELD CHILDREN'S NHS FOUNDATION TRUST,C_320,Cardiology Service, -   , -   , -   ,-,-,0
Y63,RCU,SHEFFIELD CHILDREN'S NHS FOUNDATION TRUST,C_330,Dermatology Service, -   , -   , -   ,-,-,0
Y63,RCU,SHEFFIELD CHILDREN'S NHS FOUNDATION TRUST,C_340,Respiratory Medicine Service, -   , -   , -   ,-,-,0
Y63,RCU,SHEFFIELD CHILDREN'S NHS FOUNDATION TRUST,C_400,Neurology Service, -   , -   , -   ,-,-,0
Y63,RCU,SHEFFIELD CHILDREN'S NHS FOUNDATION TRUST,C_410,Rheumatology Service, -   , -   , -   ,-,-,0
Y63,RCU,SHEFFIELD CHILDREN'S NHS FOUNDATION TRUST,C_430,Elderly Medicine Service, -   , -   , -   ,-,-,0
Y63,RCU,SHEFFIELD CHILDREN'S NHS FOUNDATION TRUST,C_502,Gynaecology Service, -   , -   , -   ,-,-,0
Y63,RCU,SHEFFIELD CHILDREN'S NHS FOUNDATION TRUST,X02,Other - Medical Services, -   , -   , -   ,-,-,0
Y63,RCU,SHEFFIELD CHILDREN'S NHS FOUNDATION TRUST,X03,Other - Mental Health Services, -   , -   , -   ,-,-,0
Y63,RCU,SHEFFIELD CHILDREN'S NHS FOUNDATION TRUST,X04,Other - Paediatric Services,"9,333","6,499",69.60%,8.3,47.6,672
Y63,RCU,SHEFFIELD CHILDREN'S NHS FOUNDATION TRUST,X05,Other - Surgical Services, -   , -   , -   ,-,-,0
Y63,RCU,SHEFFIELD CHILDREN'S NHS FOUNDATION TRUST,X06,Other - Other Services, -   , -   , -   ,-,-,0
Y63,RFF,BARNSLEY HOSPITAL NHS FOUNDATION TRUST,C_100,General Surgery Service,"1,463","1,044",71.40%,8.8,46,90
Y63,RFF,BARNSLEY HOSPITAL NHS FOUNDATION TRUST,C_101,Urology Service,826,598,72.40%,8.8,36.6,11
Y63,RFF,BARNSLEY HOSPITAL NHS FOUNDATION TRUST,C_110,Trauma and Orthopaedic Service,"1,327",626,47.20%,19.9,52.6,241
Y63,RFF,BARNSLEY HOSPITAL NHS FOUNDATION TRUST,C_120,Ear Nose and Throat Service,943,904,95.90%,4.6,12.3,2
Y63,RFF,BARNSLEY HOSPITAL NHS FOUNDATION TRUST,C_130,Ophthalmology Service,756,710,93.90%,2.9,14.8,0
Y63,RFF,BARNSLEY HOSPITAL NHS FOUNDATION TRUST,C_140,Oral Surgery Service,174,82,47.10%,19.2,41.1,10
Y63,RFF,BARNSLEY HOSPITAL NHS FOUNDATION TRUST,C_150,Neurosurgical Service, -   , -   , -   ,-,-,0
Y63,RFF,BARNSLEY HOSPITAL NHS FOUNDATION TRUST,C_160,Plastic Surgery Service, -   , -   , -   ,-,-,0
Y63,RFF,BARNSLEY HOSPITAL NHS FOUNDATION TRUST,C_170,Cardiothoracic Surgery Service, -   , -   , -   ,-,-,0
Y63,RFF,BARNSLEY HOSPITAL NHS FOUNDATION TRUST,C_300,General Internal Medicine Service,22,21,95.50%,2.1,10.2,0
Y63,RFF,BARNSLEY HOSPITAL NHS FOUNDATION TRUST,C_301,Gastroenterology Service,"1,400","1,357",96.90%,6.3,14.5,1
Y63,RFF,BARNSLEY HOSPITAL NHS FOUNDATION TRUST,C_320,Cardiology Service,227,227,100.00%,2.6,9.6,0
Y63,RFF,BARNSLEY HOSPITAL NHS FOUNDATION TRUST,C_330,Dermatology Service,599,575,96.00%,4,13,1
Y63,RFF,BARNSLEY HOSPITAL NHS FOUNDATION TRUST,C_340,Respiratory Medicine Service,155,155,100.00%,5.7,10.6,0
Y63,RFF,BARNSLEY HOSPITAL NHS FOUNDATION TRUST,C_400,Neurology Service, -   , -   , -   ,-,-,0
Y63,RFF,BARNSLEY HOSPITAL NHS FOUNDATION TRUST,C_410,Rheumatology Service,83,81,97.60%,3.3,13.1,0
Y63,RFF,BARNSLEY HOSPITAL NHS FOUNDATION TRUST,C_430,Elderly Medicine Service,92,88,95.70%,4.6,12.6,0
Y63,RFF,BARNSLEY HOSPITAL NHS FOUNDATION TRUST,C_502,Gynaecology Service,559,497,88.90%,5.7,22.5,3
Y63,RFF,BARNSLEY HOSPITAL NHS FOUNDATION TRUST,X02,Other - Medical Services, -   , -   , -   ,-,-,0
Y63,RFF,BARNSLEY HOSPITAL NHS FOUNDATION TRUST,X03,Other - Mental Health Services, -   , -   , -   ,-,-,0
Y63,RFF,BARNSLEY HOSPITAL NHS FOUNDATION TRUST,X04,Other - Paediatric Services, -   , -   , -   ,-,-,0
Y63,RFF,BARNSLEY HOSPITAL NHS FOUNDATION TRUST,X05,Other - Surgical Services, -   , -   , -   ,-,-,0
Y63,RFF,BARNSLEY HOSPITAL NHS FOUNDATION TRUST,X06,Other - Other Services,"1,447","1,285",88.80%,5.6,20.7,6
Y63,RFR,THE ROTHERHAM NHS FOUNDATION TRUST,C_100,General Surgery Service,863,626,72.50%,9.1,32.7,15
Y63,RFR,THE ROTHERHAM NHS FOUNDATION TRUST,C_101,Urology Service,860,691,80.30%,6.8,33.3,32
Y63,RFR,THE ROTHERHAM NHS FOUNDATION TRUST,C_110,Trauma and Orthopaedic Service,"1,928","1,285",66.60%,9.1,43.1,127
Y63,RFR,THE ROTHERHAM NHS FOUNDATION TRUST,C_120,Ear Nose and Throat Service,"1,754","1,408",80.30%,8.8,26.1,31
Y63,RFR,THE ROTHERHAM NHS FOUNDATION TRUST,C_130,Ophthalmology Service,"1,725","1,504",87.20%,6.3,23.9,47
Y63,RFR,THE ROTHERHAM NHS FOUNDATION TRUST,C_140,Oral Surgery Service,"1,261","1,016",80.60%,8.5,28.1,38
Y63,RFR,THE ROTHERHAM NHS FOUNDATION TRUST,C_150,Neurosurgical Service, -   , -   , -   ,-,-,0
Y63,RFR,THE ROTHERHAM NHS FOUNDATION TRUST,C_160,Plastic Surgery Service, -   , -   , -   ,-,-,0
Y63,RFR,THE ROTHERHAM NHS FOUNDATION TRUST,C_170,Cardiothoracic Surgery Service, -   , -   , -   ,-,-,0
Y63,RFR,THE ROTHERHAM NHS FOUNDATION TRUST,C_300,General Internal Medicine Service,40,40,100.00%,7.1,13.5,0
Y63,RFR,THE ROTHERHAM NHS FOUNDATION TRUST,C_301,Gastroenterology Service,"1,008",856,84.90%,9.8,21.6,0
Y63,RFR,THE ROTHERHAM NHS FOUNDATION TRUST,C_320,Cardiology Service,"1,065",946,88.80%,8.1,19.9,2
Y63,RFR,THE ROTHERHAM NHS FOUNDATION TRUST,C_330,Dermatology Service,750,743,99.10%,2.9,11,0
Y63,RFR,THE ROTHERHAM NHS FOUNDATION TRUST,C_340,Respiratory Medicine Service,"1,032",797,77.20%,10.3,28,2
Y63,RFR,THE ROTHERHAM NHS FOUNDATION TRUST,C_400,Neurology Service, -   , -   , -   ,-,-,0
Y63,RFR,THE ROTHERHAM NHS FOUNDATION TRUST,C_410,Rheumatology Service,665,571,85.90%,7.6,20.2,0
Y63,RFR,THE ROTHERHAM NHS FOUNDATION TRUST,C_430,Elderly Medicine Service,83,79,95.20%,4.2,14.4,0
Y63,RFR,THE ROTHERHAM NHS FOUNDATION TRUST,C_502,Gynaecology Service,"1,712","1,356",79.20%,7.4,37.3,96
Y63,RFR,THE ROTHERHAM NHS FOUNDATION TRUST,X02,Other - Medical Services,598,574,96.00%,5.6,14.6,0
Y63,RFR,THE ROTHERHAM NHS FOUNDATION TRUST,X03,Other - Mental Health Services, -   , -   , -   ,-,-,0
Y63,RFR,THE ROTHERHAM NHS FOUNDATION TRUST,X04,Other - Paediatric Services,511,505,98.80%,5.9,14,0
Y63,RFR,THE ROTHERHAM NHS FOUNDATION TRUST,X05,Other - Surgical Services,"1,128",998,88.50%,4.8,23.3,15
Y63,RFR,THE ROTHERHAM NHS FOUNDATION TRUST,X06,Other - Other Services, -   , -   , -   ,-,-,0
Y63,RHQ,SHEFFIELD TEACHING HOSPITALS NHS FOUNDATION TRUST,C_100,General Surgery Service,628,398,63.40%,12.1,35.4,13
Y63,RHQ,SHEFFIELD TEACHING HOSPITALS NHS FOUNDATION TRUST,C_101,Urology Service,"1,996","1,849",92.60%,6.7,17.3,0
Y63,RHQ,SHEFFIELD TEACHING HOSPITALS NHS FOUNDATION TRUST,C_110,Trauma and Orthopaedic Service,"5,800","3,158",54.40%,15,60.4,646
Y63,RHQ,SHEFFIELD TEACHING HOSPITALS NHS FOUNDATION TRUST,C_120,Ear Nose and Throat Service,"3,039","2,091",68.80%,10,29.7,0
Y63,RHQ,SHEFFIELD TEACHING HOSPITALS NHS FOUNDATION TRUST,C_130,Ophthalmology Service,"3,720","3,223",86.60%,5.7,22.8,6
Y63,RHQ,SHEFFIELD TEACHING HOSPITALS NHS FOUNDATION TRUST,C_140,Oral Surgery Service,"2,829","2,180",77.10%,9.8,23.9,11
Y63,RHQ,SHEFFIELD TEACHING HOSPITALS NHS FOUNDATION TRUST,C_150,Neurosurgical Service,"1,046",788,75.30%,8,28.5,4
Y63,RHQ,SHEFFIELD TEACHING HOSPITALS NHS FOUNDATION TRUST,C_160,Plastic Surgery Service,"1,650","1,032",62.50%,11.1,47.2,112
Y63,RHQ,SHEFFIELD TEACHING HOSPITALS NHS FOUNDATION TRUST,C_170,Cardiothoracic Surgery Service,298,247,82.90%,6.2,22.1,1
Y63,RHQ,SHEFFIELD TEACHING HOSPITALS NHS FOUNDATION TRUST,C_300,General Internal Medicine Service,12,12,100.00%,-,-,0
Y63,RHQ,SHEFFIELD TEACHING HOSPITALS NHS FOUNDATION TRUST,C_301,Gastroenterology Service,"3,151","2,755",87.40%,6.8,20.7,0
Y63,RHQ,SHEFFIELD TEACHING HOSPITALS NHS FOUNDATION TRUST,C_320,Cardiology Service,"2,230","1,741",78.10%,7.5,33.2,48
Y63,RHQ,SHEFFIELD TEACHING HOSPITALS NHS FOUNDATION TRUST,C_330,Dermatology Service,"2,346","2,120",90.40%,5.4,20.1,2
Y63,RHQ,SHEFFIELD TEACHING HOSPITALS NHS FOUNDATION TRUST,C_340,Respiratory Medicine Service,926,882,95.20%,5,14.8,0
Y63,RHQ,SHEFFIELD TEACHING HOSPITALS NHS FOUNDATION TRUST,C_400,Neurology Service,"3,076","2,860",93.00%,5.9,16.8,0
Y63,RHQ,SHEFFIELD TEACHING HOSPITALS NHS FOUNDATION TRUST,C_410,Rheumatology Service,872,755,86.60%,5.9,21.8,1
Y63,RHQ,SHEFFIELD TEACHING HOSPITALS NHS FOUNDATION TRUST,C_430,Elderly Medicine Service,96,96,100.00%,2.8,8.3,0
Y63,RHQ,SHEFFIELD TEACHING HOSPITALS NHS FOUNDATION TRUST,C_502,Gynaecology Service,"2,952","2,435",82.50%,6.7,27.5,46
Y63,RHQ,SHEFFIELD TEACHING HOSPITALS NHS FOUNDATION TRUST,X02,Other - Medical Services,"5,622","5,300",94.30%,5.1,15.1,10
Y63,RHQ,SHEFFIELD TEACHING HOSPITALS NHS FOUNDATION TRUST,X03,Other - Mental Health Services, -   , -   , -   ,-,-,0
Y63,RHQ,SHEFFIELD TEACHING HOSPITALS NHS FOUNDATION TRUST,X04,Other - Paediatric Services, -   , -   , -   ,-,-,0
Y63,RHQ,SHEFFIELD TEACHING HOSPITALS NHS FOUNDATION TRUST,X05,Other - Surgical Services,"6,188","4,811",77.70%,7.6,29.3,101
Y63,RHQ,SHEFFIELD TEACHING HOSPITALS NHS FOUNDATION TRUST,X06,Other - Other Services,"3,492","3,336",95.50%,5.1,16.1,9
Y63,RJL,NORTHERN LINCOLNSHIRE AND GOOLE NHS FOUNDATION TRUST,C_100,General Surgery Service,"5,296","3,164",59.70%,12.9,41.5,160
Y63,RJL,NORTHERN LINCOLNSHIRE AND GOOLE NHS FOUNDATION TRUST,C_101,Urology Service,"2,468","1,810",73.30%,9.1,32.1,24
Y63,RJL,NORTHERN LINCOLNSHIRE AND GOOLE NHS FOUNDATION TRUST,C_110,Trauma and Orthopaedic Service,"2,290","1,355",59.20%,13.2,38.5,58
Y63,RJL,NORTHERN LINCOLNSHIRE AND GOOLE NHS FOUNDATION TRUST,C_120,Ear Nose and Throat Service,"3,638","2,154",59.20%,13.3,45,193
Y63,RJL,NORTHERN LINCOLNSHIRE AND GOOLE NHS FOUNDATION TRUST,C_130,Ophthalmology Service,"3,560","2,143",60.20%,12.6,38.5,120
Y63,RJL,NORTHERN LINCOLNSHIRE AND GOOLE NHS FOUNDATION TRUST,C_140,Oral Surgery Service,"1,643",964,58.70%,13.8,50.6,130
Y63,RJL,NORTHERN LINCOLNSHIRE AND GOOLE NHS FOUNDATION TRUST,C_150,Neurosurgical Service, -   , -   , -   ,-,-,0
Y63,RJL,NORTHERN LINCOLNSHIRE AND GOOLE NHS FOUNDATION TRUST,C_160,Plastic Surgery Service, -   , -   , -   ,-,-,0
Y63,RJL,NORTHERN LINCOLNSHIRE AND GOOLE NHS FOUNDATION TRUST,C_170,Cardiothoracic Surgery Service, -   , -   , -   ,-,-,0
Y63,RJL,NORTHERN LINCOLNSHIRE AND GOOLE NHS FOUNDATION TRUST,C_300,General Internal Medicine Service,"1,092",768,70.30%,9.6,40.4,28
Y63,RJL,NORTHERN LINCOLNSHIRE AND GOOLE NHS FOUNDATION TRUST,C_301,Gastroenterology Service,"1,614","1,248",77.30%,9.8,31.1,21
Y63,RJL,NORTHERN LINCOLNSHIRE AND GOOLE NHS FOUNDATION TRUST,C_320,Cardiology Service,"1,940","1,242",64.00%,12.7,33.5,6
Y63,RJL,NORTHERN LINCOLNSHIRE AND GOOLE NHS FOUNDATION TRUST,C_330,Dermatology Service,179,173,96.60%,3.4,11.9,1
Y63,RJL,NORTHERN LINCOLNSHIRE AND GOOLE NHS FOUNDATION TRUST,C_340,Respiratory Medicine Service,978,719,73.50%,8.3,35.5,24
Y63,RJL,NORTHERN LINCOLNSHIRE AND GOOLE NHS FOUNDATION TRUST,C_400,Neurology Service,442,351,79.40%,8.4,29.2,2
Y63,RJL,NORTHERN LINCOLNSHIRE AND GOOLE NHS FOUNDATION TRUST,C_410,Rheumatology Service,499,428,85.80%,7.4,23.3,1
Y63,RJL,NORTHERN LINCOLNSHIRE AND GOOLE NHS FOUNDATION TRUST,C_430,Elderly Medicine Service,124,124,100.00%,4.1,10,0
Y63,RJL,NORTHERN LINCOLNSHIRE AND GOOLE NHS FOUNDATION TRUST,C_502,Gynaecology Service,"2,677","2,057",76.80%,8.3,30.5,21
Y63,RJL,NORTHERN LINCOLNSHIRE AND GOOLE NHS FOUNDATION TRUST,X02,Other - Medical Services,151,118,78.10%,5.8,24.3,1
Y63,RJL,NORTHERN LINCOLNSHIRE AND GOOLE NHS FOUNDATION TRUST,X03,Other - Mental Health Services, -   , -   , -   ,-,-,0
Y63,RJL,NORTHERN LINCOLNSHIRE AND GOOLE NHS FOUNDATION TRUST,X04,Other - Paediatric Services,739,642,86.90%,6.9,22.3,3
Y63,RJL,NORTHERN LINCOLNSHIRE AND GOOLE NHS FOUNDATION TRUST,X05,Other - Surgical Services,579,490,84.60%,6.3,26.4,6
Y63,RJL,NORTHERN LINCOLNSHIRE AND GOOLE NHS FOUNDATION TRUST,X06,Other - Other Services,422,146,34.60%,28.9,66.2,76
Y63,RNN,NORTH CUMBRIA INTEGRATED CARE NHS FOUNDATION TRUST,C_100,General Surgery Service,905,395,43.60%,22.4,60.1,112
Y63,RNN,NORTH CUMBRIA INTEGRATED CARE NHS FOUNDATION TRUST,C_101,Urology Service,"2,299",921,40.10%,21.9,46.2,135
Y63,RNN,NORTH CUMBRIA INTEGRATED CARE NHS FOUNDATION TRUST,C_110,Trauma and Orthopaedic Service,"2,806",811,28.90%,31.8,87,"1,021"
Y63,RNN,NORTH CUMBRIA INTEGRATED CARE NHS FOUNDATION TRUST,C_120,Ear Nose and Throat Service,"3,022","1,607",53.20%,16.4,45.4,213
Y63,RNN,NORTH CUMBRIA INTEGRATED CARE NHS FOUNDATION TRUST,C_130,Ophthalmology Service,"2,548","1,323",51.90%,16.2,58.4,241
Y63,RNN,NORTH CUMBRIA INTEGRATED CARE NHS FOUNDATION TRUST,C_140,Oral Surgery Service,"1,258",746,59.30%,13.6,30.5,47
Y63,RNN,NORTH CUMBRIA INTEGRATED CARE NHS FOUNDATION TRUST,C_150,Neurosurgical Service, -   , -   , -   ,-,-,0
Y63,RNN,NORTH CUMBRIA INTEGRATED CARE NHS FOUNDATION TRUST,C_160,Plastic Surgery Service, -   , -   , -   ,-,-,0
Y63,RNN,NORTH CUMBRIA INTEGRATED CARE NHS FOUNDATION TRUST,C_170,Cardiothoracic Surgery Service, -   , -   , -   ,-,-,0
Y63,RNN,NORTH CUMBRIA INTEGRATED CARE NHS FOUNDATION TRUST,C_300,General Internal Medicine Service,99,71,71.70%,9,24.1,1
Y63,RNN,NORTH CUMBRIA INTEGRATED CARE NHS FOUNDATION TRUST,C_301,Gastroenterology Service,"1,367",874,63.90%,12.1,48.6,92
Y63,RNN,NORTH CUMBRIA INTEGRATED CARE NHS FOUNDATION TRUST,C_320,Cardiology Service,"1,783",873,49.00%,18.6,47.2,114
Y63,RNN,NORTH CUMBRIA INTEGRATED CARE NHS FOUNDATION TRUST,C_330,Dermatology Service,"1,593","1,053",66.10%,10.3,40.4,80
Y63,RNN,NORTH CUMBRIA INTEGRATED CARE NHS FOUNDATION TRUST,C_340,Respiratory Medicine Service,385,300,77.90%,6.9,25.8,3
Y63,RNN,NORTH CUMBRIA INTEGRATED CARE NHS FOUNDATION TRUST,C_400,Neurology Service,245,148,60.40%,13,48.7,12
Y63,RNN,NORTH CUMBRIA INTEGRATED CARE NHS FOUNDATION TRUST,C_410,Rheumatology Service,430,378,87.90%,5.5,21.9,3
Y63,RNN,NORTH CUMBRIA INTEGRATED CARE NHS FOUNDATION TRUST,C_430,Elderly Medicine Service,115,93,80.90%,6.5,28.3,0
Y63,RNN,NORTH CUMBRIA INTEGRATED CARE NHS FOUNDATION TRUST,C_502,Gynaecology Service,"2,210","1,463",66.20%,9.4,44.8,150
Y63,RNN,NORTH CUMBRIA INTEGRATED CARE NHS FOUNDATION TRUST,X02,Other - Medical Services,895,802,89.60%,7.3,19.4,3
Y63,RNN,NORTH CUMBRIA INTEGRATED CARE NHS FOUNDATION TRUST,X03,Other - Mental Health Services, -   , -   , -   ,-,-,0
Y63,RNN,NORTH CUMBRIA INTEGRATED CARE NHS FOUNDATION TRUST,X04,Other - Paediatric Services,347,337,97.10%,4.9,12.8,1
Y63,RNN,NORTH CUMBRIA INTEGRATED CARE NHS FOUNDATION TRUST,X05,Other - Surgical Services,"3,178","2,002",63.00%,11.3,53.9,264
Y63,RNN,NORTH CUMBRIA INTEGRATED CARE NHS FOUNDATION TRUST,X06,Other - Other Services,"1,519","1,425",93.80%,6,16,2
Y63,RP5,DONCASTER AND BASSETLAW TEACHING HOSPITALS NHS FOUNDATION TRUST,C_100,General Surgery Service,"3,502","2,182",62.30%,11.7,46.9,242
Y63,RP5,DONCASTER AND BASSETLAW TEACHING HOSPITALS NHS FOUNDATION TRUST,C_101,Urology Service,"2,550","1,386",54.40%,15.3,42.1,139
Y63,RP5,DONCASTER AND BASSETLAW TEACHING HOSPITALS NHS FOUNDATION TRUST,C_110,Trauma and Orthopaedic Service,"7,925","4,212",53.10%,15.4,61.2,939
Y63,RP5,DONCASTER AND BASSETLAW TEACHING HOSPITALS NHS FOUNDATION TRUST,C_120,Ear Nose and Throat Service,"4,160","2,330",56.00%,14.6,39.1,204
Y63,RP5,DONCASTER AND BASSETLAW TEACHING HOSPITALS NHS FOUNDATION TRUST,C_130,Ophthalmology Service,"3,509","2,244",63.90%,10.2,39.1,140
Y63,RP5,DONCASTER AND BASSETLAW TEACHING HOSPITALS NHS FOUNDATION TRUST,C_140,Oral Surgery Service,"2,276","1,551",68.10%,10.6,36.8,135
Y63,RP5,DONCASTER AND BASSETLAW TEACHING HOSPITALS NHS FOUNDATION TRUST,C_150,Neurosurgical Service, -   , -   , -   ,-,-,0
Y63,RP5,DONCASTER AND BASSETLAW TEACHING HOSPITALS NHS FOUNDATION TRUST,C_160,Plastic Surgery Service, -   , -   , -   ,-,-,0
Y63,RP5,DONCASTER AND BASSETLAW TEACHING HOSPITALS NHS FOUNDATION TRUST,C_170,Cardiothoracic Surgery Service, -   , -   , -   ,-,-,0
Y63,RP5,DONCASTER AND BASSETLAW TEACHING HOSPITALS NHS FOUNDATION TRUST,C_300,General Internal Medicine Service,"1,845","1,539",83.40%,8.1,23.6,4
Y63,RP5,DONCASTER AND BASSETLAW TEACHING HOSPITALS NHS FOUNDATION TRUST,C_301,Gastroenterology Service, -   , -   , -   ,-,-,0
Y63,RP5,DONCASTER AND BASSETLAW TEACHING HOSPITALS NHS FOUNDATION TRUST,C_320,Cardiology Service,"1,285","1,219",94.90%,5.3,15.4,0
Y63,RP5,DONCASTER AND BASSETLAW TEACHING HOSPITALS NHS FOUNDATION TRUST,C_330,Dermatology Service,"1,168","1,121",96.00%,2.9,13.2,0
Y63,RP5,DONCASTER AND BASSETLAW TEACHING HOSPITALS NHS FOUNDATION TRUST,C_340,Respiratory Medicine Service,687,642,93.40%,4.9,15.8,1
Y63,RP5,DONCASTER AND BASSETLAW TEACHING HOSPITALS NHS FOUNDATION TRUST,C_400,Neurology Service, -   , -   , -   ,-,-,0
Y63,RP5,DONCASTER AND BASSETLAW TEACHING HOSPITALS NHS FOUNDATION TRUST,C_410,Rheumatology Service,505,485,96.00%,5.2,13.3,0
Y63,RP5,DONCASTER AND BASSETLAW TEACHING HOSPITALS NHS FOUNDATION TRUST,C_430,Elderly Medicine Service,177,150,84.70%,6,21.5,0
Y63,RP5,DONCASTER AND BASSETLAW TEACHING HOSPITALS NHS FOUNDATION TRUST,C_502,Gynaecology Service,"1,831","1,465",80.00%,5.5,28.9,27
Y63,RP5,DONCASTER AND BASSETLAW TEACHING HOSPITALS NHS FOUNDATION TRUST,X02,Other - Medical Services,"1,914","1,758",91.80%,4.6,18.3,20
Y63,RP5,DONCASTER AND BASSETLAW TEACHING HOSPITALS NHS FOUNDATION TRUST,X03,Other - Mental Health Services,3,1,33.30%,-,-,2
Y63,RP5,DONCASTER AND BASSETLAW TEACHING HOSPITALS NHS FOUNDATION TRUST,X04,Other - Paediatric Services,169,159,94.10%,6.4,16.1,0
Y63,RP5,DONCASTER AND BASSETLAW TEACHING HOSPITALS NHS FOUNDATION TRUST,X05,Other - Surgical Services,"1,442","1,156",80.20%,4.5,33.4,70
Y63,RP5,DONCASTER AND BASSETLAW TEACHING HOSPITALS NHS FOUNDATION TRUST,X06,Other - Other Services,240,134,55.80%,12.9,58.3,20
Y63,RR7,GATESHEAD HEALTH NHS FOUNDATION TRUST,C_100,General Surgery Service,"1,954","1,551",79.40%,6.9,29.8,23
Y63,RR7,GATESHEAD HEALTH NHS FOUNDATION TRUST,C_101,Urology Service,612,424,69.30%,11.7,30,8
Y63,RR7,GATESHEAD HEALTH NHS FOUNDATION TRUST,C_110,Trauma and Orthopaedic Service,"1,015",584,57.50%,14.2,45,67
Y63,RR7,GATESHEAD HEALTH NHS FOUNDATION TRUST,C_120,Ear Nose and Throat Service, -   , -   , -   ,-,-,0
Y63,RR7,GATESHEAD HEALTH NHS FOUNDATION TRUST,C_130,Ophthalmology Service, -   , -   , -   ,-,-,0
Y63,RR7,GATESHEAD HEALTH NHS FOUNDATION TRUST,C_140,Oral Surgery Service, -   , -   , -   ,-,-,0
Y63,RR7,GATESHEAD HEALTH NHS FOUNDATION TRUST,C_150,Neurosurgical Service, -   , -   , -   ,-,-,0
Y63,RR7,GATESHEAD HEALTH NHS FOUNDATION TRUST,C_160,Plastic Surgery Service, -   , -   , -   ,-,-,0
Y63,RR7,GATESHEAD HEALTH NHS FOUNDATION TRUST,C_170,Cardiothoracic Surgery Service, -   , -   , -   ,-,-,0
Y63,RR7,GATESHEAD HEALTH NHS FOUNDATION TRUST,C_300,General Internal Medicine Service,44,39,88.60%,5.3,21.7,0
Y63,RR7,GATESHEAD HEALTH NHS FOUNDATION TRUST,C_301,Gastroenterology Service,838,701,83.70%,8.1,24.3,1
Y63,RR7,GATESHEAD HEALTH NHS FOUNDATION TRUST,C_320,Cardiology Service,428,344,80.40%,7.9,28,2
Y63,RR7,GATESHEAD HEALTH NHS FOUNDATION TRUST,C_330,Dermatology Service, -   , -   , -   ,-,-,0
Y63,RR7,GATESHEAD HEALTH NHS FOUNDATION TRUST,C_340,Respiratory Medicine Service,341,300,88.00%,6.6,20.6,0
Y63,RR7,GATESHEAD HEALTH NHS FOUNDATION TRUST,C_400,Neurology Service, -   , -   , -   ,-,-,0
Y63,RR7,GATESHEAD HEALTH NHS FOUNDATION TRUST,C_410,Rheumatology Service,277,243,87.70%,7.1,23.3,0
Y63,RR7,GATESHEAD HEALTH NHS FOUNDATION TRUST,C_430,Elderly Medicine Service,114,108,94.70%,3.6,15.6,0
Y63,RR7,GATESHEAD HEALTH NHS FOUNDATION TRUST,C_502,Gynaecology Service,"1,212","1,026",84.70%,7.8,23.9,3
Y63,RR7,GATESHEAD HEALTH NHS FOUNDATION TRUST,X02,Other - Medical Services,"1,158",831,71.80%,9.3,34.3,1
Y63,RR7,GATESHEAD HEALTH NHS FOUNDATION TRUST,X03,Other - Mental Health Services,311,188,60.50%,12.4,41.5,0
Y63,RR7,GATESHEAD HEALTH NHS FOUNDATION TRUST,X04,Other - Paediatric Services, -   , -   , -   ,-,-,0
Y63,RR7,GATESHEAD HEALTH NHS FOUNDATION TRUST,X05,Other - Surgical Services,4,3,75.00%,-,-,0
Y63,RR7,GATESHEAD HEALTH NHS FOUNDATION TRUST,X06,Other - Other Services,674,550,81.60%,7.9,26.6,2
Y63,RR8,LEEDS TEACHING HOSPITALS NHS TRUST,C_100,General Surgery Service,"1,419",651,45.90%,20.5,72.2,238
Y63,RR8,LEEDS TEACHING HOSPITALS NHS TRUST,C_101,Urology Service,"2,809","1,846",65.70%,10.7,60.3,255
Y63,RR8,LEEDS TEACHING HOSPITALS NHS TRUST,C_110,Trauma and Orthopaedic Service,"5,566","2,659",47.80%,19.2,69.1,"1,011"
Y63,RR8,LEEDS TEACHING HOSPITALS NHS TRUST,C_120,Ear Nose and Throat Service,"3,348","2,302",68.80%,8.4,40.5,229
Y63,RR8,LEEDS TEACHING HOSPITALS NHS TRUST,C_130,Ophthalmology Service,"3,769","3,078",81.70%,7,25.7,80
Y63,RR8,LEEDS TEACHING HOSPITALS NHS TRUST,C_140,Oral Surgery Service,"1,592","1,198",75.30%,9,44.3,123
Y63,RR8,LEEDS TEACHING HOSPITALS NHS TRUST,C_150,Neurosurgical Service,406,250,61.60%,9.7,58.9,48
Y63,RR8,LEEDS TEACHING HOSPITALS NHS TRUST,C_160,Plastic Surgery Service,"2,248",982,43.70%,22.4,69.7,497
Y63,RR8,LEEDS TEACHING HOSPITALS NHS TRUST,C_170,Cardiothoracic Surgery Service,396,322,81.30%,6.7,30.3,3
Y63,RR8,LEEDS TEACHING HOSPITALS NHS TRUST,C_300,General Internal Medicine Service, -   , -   , -   ,-,-,0
Y63,RR8,LEEDS TEACHING HOSPITALS NHS TRUST,C_301,Gastroenterology Service,"1,740","1,566",90.00%,5,20.8,9
Y63,RR8,LEEDS TEACHING HOSPITALS NHS TRUST,C_320,Cardiology Service,"2,674","2,506",93.70%,5.6,16.1,0
Y63,RR8,LEEDS TEACHING HOSPITALS NHS TRUST,C_330,Dermatology Service,"3,124","2,748",88.00%,5.7,22.7,12
Y63,RR8,LEEDS TEACHING HOSPITALS NHS TRUST,C_340,Respiratory Medicine Service,755,641,84.90%,7.6,20.5,0
Y63,RR8,LEEDS TEACHING HOSPITALS NHS TRUST,C_400,Neurology Service,"1,393","1,389",99.70%,5.8,12.3,1
Y63,RR8,LEEDS TEACHING HOSPITALS NHS TRUST,C_410,Rheumatology Service,"1,546","1,380",89.30%,5.8,19.7,1
Y63,RR8,LEEDS TEACHING HOSPITALS NHS TRUST,C_430,Elderly Medicine Service,33,33,100.00%,2.6,5.2,0
Y63,RR8,LEEDS TEACHING HOSPITALS NHS TRUST,C_502,Gynaecology Service,"4,948","4,163",84.10%,7.3,24.4,55
Y63,RR8,LEEDS TEACHING HOSPITALS NHS TRUST,X02,Other - Medical Services,"9,313","7,442",79.90%,7.8,28.7,136
Y63,RR8,LEEDS TEACHING HOSPITALS NHS TRUST,X03,Other - Mental Health Services, -   , -   , -   ,-,-,0
Y63,RR8,LEEDS TEACHING HOSPITALS NHS TRUST,X04,Other - Paediatric Services,"7,407","4,703",63.50%,11.3,59.7,712
Y63,RR8,LEEDS TEACHING HOSPITALS NHS TRUST,X05,Other - Surgical Services,"7,232","4,514",62.40%,11.1,59.8,666
Y63,RR8,LEEDS TEACHING HOSPITALS NHS TRUST,X06,Other - Other Services,848,753,88.80%,4.9,28.8,31
Y63,RTD,THE NEWCASTLE UPON TYNE HOSPITALS NHS FOUNDATION TRUST,C_100,General Surgery Service,630,551,87.50%,7.7,26.2,9
Y63,RTD,THE NEWCASTLE UPON TYNE HOSPITALS NHS FOUNDATION TRUST,C_101,Urology Service,"2,685","2,016",75.10%,8.6,37.2,95
Y63,RTD,THE NEWCASTLE UPON TYNE HOSPITALS NHS FOUNDATION TRUST,C_110,Trauma and Orthopaedic Service,"7,972","4,698",58.90%,13.3,67.6,"1,217"
Y63,RTD,THE NEWCASTLE UPON TYNE HOSPITALS NHS FOUNDATION TRUST,C_120,Ear Nose and Throat Service,"6,925","5,193",75.00%,9,39,399
Y63,RTD,THE NEWCASTLE UPON TYNE HOSPITALS NHS FOUNDATION TRUST,C_130,Ophthalmology Service,"15,252","6,583",43.20%,22.2,65.1,"2,918"
Y63,RTD,THE NEWCASTLE UPON TYNE HOSPITALS NHS FOUNDATION TRUST,C_140,Oral Surgery Service,"1,996","1,872",93.80%,6.2,16,0
Y63,RTD,THE NEWCASTLE UPON TYNE HOSPITALS NHS FOUNDATION TRUST,C_150,Neurosurgical Service,726,584,80.40%,6.9,30.1,17
Y63,RTD,THE NEWCASTLE UPON TYNE HOSPITALS NHS FOUNDATION TRUST,C_160,Plastic Surgery Service,"1,578",981,62.20%,12.1,60,168
Y63,RTD,THE NEWCASTLE UPON TYNE HOSPITALS NHS FOUNDATION TRUST,C_170,Cardiothoracic Surgery Service,55,51,92.70%,7,17.8,0
Y63,RTD,THE NEWCASTLE UPON TYNE HOSPITALS NHS FOUNDATION TRUST,C_300,General Internal Medicine Service,890,787,88.40%,8,20.8,2
Y63,RTD,THE NEWCASTLE UPON TYNE HOSPITALS NHS FOUNDATION TRUST,C_301,Gastroenterology Service,799,739,92.50%,5.9,17.2,0
Y63,RTD,THE NEWCASTLE UPON TYNE HOSPITALS NHS FOUNDATION TRUST,C_320,Cardiology Service,"3,785","2,973",78.50%,9.4,28.9,110
Y63,RTD,THE NEWCASTLE UPON TYNE HOSPITALS NHS FOUNDATION TRUST,C_330,Dermatology Service,"7,146","4,285",60.00%,12,63.2,982
Y63,RTD,THE NEWCASTLE UPON TYNE HOSPITALS NHS FOUNDATION TRUST,C_340,Respiratory Medicine Service,"1,377","1,213",88.10%,7.9,21.1,1
Y63,RTD,THE NEWCASTLE UPON TYNE HOSPITALS NHS FOUNDATION TRUST,C_400,Neurology Service,"1,615","1,567",97.00%,5.3,14.7,0
Y63,RTD,THE NEWCASTLE UPON TYNE HOSPITALS NHS FOUNDATION TRUST,C_410,Rheumatology Service,817,753,92.20%,5.7,17.7,0
Y63,RTD,THE NEWCASTLE UPON TYNE HOSPITALS NHS FOUNDATION TRUST,C_430,Elderly Medicine Service,365,342,93.70%,5.9,14.9,0
Y63,RTD,THE NEWCASTLE UPON TYNE HOSPITALS NHS FOUNDATION TRUST,C_502,Gynaecology Service,"3,634","2,871",79.00%,8.5,37.1,135
Y63,RTD,THE NEWCASTLE UPON TYNE HOSPITALS NHS FOUNDATION TRUST,X02,Other - Medical Services,"6,987","6,437",92.10%,6.1,17.8,30
Y63,RTD,THE NEWCASTLE UPON TYNE HOSPITALS NHS FOUNDATION TRUST,X03,Other - Mental Health Services,342,342,100.00%,5.4,13.7,0
Y63,RTD,THE NEWCASTLE UPON TYNE HOSPITALS NHS FOUNDATION TRUST,X04,Other - Paediatric Services,"5,841","4,948",84.70%,6.7,25.9,73
Y63,RTD,THE NEWCASTLE UPON TYNE HOSPITALS NHS FOUNDATION TRUST,X05,Other - Surgical Services,"6,846","5,329",77.80%,7.7,33.2,212
Y63,RTD,THE NEWCASTLE UPON TYNE HOSPITALS NHS FOUNDATION TRUST,X06,Other - Other Services,"2,272","1,957",86.10%,6.6,28.9,41
Y63,RTF,NORTHUMBRIA HEALTHCARE NHS FOUNDATION TRUST,C_100,General Surgery Service,"5,893","5,030",85.40%,8.7,25.2,24
Y63,RTF,NORTHUMBRIA HEALTHCARE NHS FOUNDATION TRUST,C_101,Urology Service,"2,070","1,724",83.30%,9.4,25.4,6
Y63,RTF,NORTHUMBRIA HEALTHCARE NHS FOUNDATION TRUST,C_110,Trauma and Orthopaedic Service,"4,661","3,235",69.40%,10.7,36.9,80
Y63,RTF,NORTHUMBRIA HEALTHCARE NHS FOUNDATION TRUST,C_120,Ear Nose and Throat Service, -   , -   , -   ,-,-,0
Y63,RTF,NORTHUMBRIA HEALTHCARE NHS FOUNDATION TRUST,C_130,Ophthalmology Service, -   , -   , -   ,-,-,0
Y63,RTF,NORTHUMBRIA HEALTHCARE NHS FOUNDATION TRUST,C_140,Oral Surgery Service,190,180,94.70%,4.7,15.7,1
Y63,RTF,NORTHUMBRIA HEALTHCARE NHS FOUNDATION TRUST,C_150,Neurosurgical Service, -   , -   , -   ,-,-,0
Y63,RTF,NORTHUMBRIA HEALTHCARE NHS FOUNDATION TRUST,C_160,Plastic Surgery Service,793,535,67.50%,10.2,38.1,17
Y63,RTF,NORTHUMBRIA HEALTHCARE NHS FOUNDATION TRUST,C_170,Cardiothoracic Surgery Service, -   , -   , -   ,-,-,0
Y63,RTF,NORTHUMBRIA HEALTHCARE NHS FOUNDATION TRUST,C_300,General Internal Medicine Service,853,853,100.00%,5.1,15.1,0
Y63,RTF,NORTHUMBRIA HEALTHCARE NHS FOUNDATION TRUST,C_301,Gastroenterology Service,"1,216","1,131",93.00%,8,17.6,0
Y63,RTF,NORTHUMBRIA HEALTHCARE NHS FOUNDATION TRUST,C_320,Cardiology Service,"1,482","1,423",96.00%,7.1,16,0
Y63,RTF,NORTHUMBRIA HEALTHCARE NHS FOUNDATION TRUST,C_330,Dermatology Service, -   , -   , -   ,-,-,0
Y63,RTF,NORTHUMBRIA HEALTHCARE NHS FOUNDATION TRUST,C_340,Respiratory Medicine Service,"1,283","1,270",99.00%,6.4,15.7,0
Y63,RTF,NORTHUMBRIA HEALTHCARE NHS FOUNDATION TRUST,C_400,Neurology Service, -   , -   , -   ,-,-,0
Y63,RTF,NORTHUMBRIA HEALTHCARE NHS FOUNDATION TRUST,C_410,Rheumatology Service,762,726,95.30%,8.8,16.6,0
Y63,RTF,NORTHUMBRIA HEALTHCARE NHS FOUNDATION TRUST,C_430,Elderly Medicine Service,579,567,97.90%,5.2,14.4,0
Y63,RTF,NORTHUMBRIA HEALTHCARE NHS FOUNDATION TRUST,C_502,Gynaecology Service,"2,037","1,917",94.10%,7.1,17,3
Y63,RTF,NORTHUMBRIA HEALTHCARE NHS FOUNDATION TRUST,X02,Other - Medical Services, -   , -   , -   ,-,-,0
Y63,RTF,NORTHUMBRIA HEALTHCARE NHS FOUNDATION TRUST,X03,Other - Mental Health Services, -   , -   , -   ,-,-,0
Y63,RTF,NORTHUMBRIA HEALTHCARE NHS FOUNDATION TRUST,X04,Other - Paediatric Services, -   , -   , -   ,-,-,0
Y63,RTF,NORTHUMBRIA HEALTHCARE NHS FOUNDATION TRUST,X05,Other - Surgical Services, -   , -   , -   ,-,-,0
Y63,RTF,NORTHUMBRIA HEALTHCARE NHS FOUNDATION TRUST,X06,Other - Other Services,"1,678","1,671",99.60%,4.9,14.5,0
Y63,RTR,SOUTH TEES HOSPITALS NHS FOUNDATION TRUST,C_100,General Surgery Service,"1,704",995,58.40%,14,61.8,167
Y63,RTR,SOUTH TEES HOSPITALS NHS FOUNDATION TRUST,C_101,Urology Service,"2,898","1,679",57.90%,13.5,65.7,401
Y63,RTR,SOUTH TEES HOSPITALS NHS FOUNDATION TRUST,C_110,Trauma and Orthopaedic Service,"4,673","2,165",46.30%,20.5,79.6,"1,138"
Y63,RTR,SOUTH TEES HOSPITALS NHS FOUNDATION TRUST,C_120,Ear Nose and Throat Service,"3,833","2,213",57.70%,13.7,58.6,335
Y63,RTR,SOUTH TEES HOSPITALS NHS FOUNDATION TRUST,C_130,Ophthalmology Service,"2,908","2,143",73.70%,9.4,36.9,178
Y63,RTR,SOUTH TEES HOSPITALS NHS FOUNDATION TRUST,C_140,Oral Surgery Service,208,184,88.50%,11.8,29.4,10
Y63,RTR,SOUTH TEES HOSPITALS NHS FOUNDATION TRUST,C_150,Neurosurgical Service,913,479,52.50%,15.6,66.4,155
Y63,RTR,SOUTH TEES HOSPITALS NHS FOUNDATION TRUST,C_160,Plastic Surgery Service,"1,706",788,46.20%,19.7,63.3,234
Y63,RTR,SOUTH TEES HOSPITALS NHS FOUNDATION TRUST,C_170,Cardiothoracic Surgery Service,171,129,75.40%,7.9,28.7,1
Y63,RTR,SOUTH TEES HOSPITALS NHS FOUNDATION TRUST,C_300,General Internal Medicine Service,3,3,100.00%,-,-,0
Y63,RTR,SOUTH TEES HOSPITALS NHS FOUNDATION TRUST,C_301,Gastroenterology Service,"1,193","1,099",92.10%,5.3,17.9,1
Y63,RTR,SOUTH TEES HOSPITALS NHS FOUNDATION TRUST,C_320,Cardiology Service,874,711,81.40%,7.2,30.3,20
Y63,RTR,SOUTH TEES HOSPITALS NHS FOUNDATION TRUST,C_330,Dermatology Service,"1,423","1,128",79.30%,7.8,26,7
Y63,RTR,SOUTH TEES HOSPITALS NHS FOUNDATION TRUST,C_340,Respiratory Medicine Service,706,637,90.20%,5.3,19.8,3
Y63,RTR,SOUTH TEES HOSPITALS NHS FOUNDATION TRUST,C_400,Neurology Service,"1,854","1,015",54.70%,15.7,38.6,103
Y63,RTR,SOUTH TEES HOSPITALS NHS FOUNDATION TRUST,C_410,Rheumatology Service,597,549,92.00%,6.6,18,1
Y63,RTR,SOUTH TEES HOSPITALS NHS FOUNDATION TRUST,C_430,Elderly Medicine Service,21,21,100.00%,3.5,11.2,0
Y63,RTR,SOUTH TEES HOSPITALS NHS FOUNDATION TRUST,C_502,Gynaecology Service,"1,757","1,258",71.60%,8.9,44.4,131
Y63,RTR,SOUTH TEES HOSPITALS NHS FOUNDATION TRUST,X02,Other - Medical Services,"2,958","2,057",69.50%,9.2,57.9,250
Y63,RTR,SOUTH TEES HOSPITALS NHS FOUNDATION TRUST,X03,Other - Mental Health Services, -   , -   , -   ,-,-,0
Y63,RTR,SOUTH TEES HOSPITALS NHS FOUNDATION TRUST,X04,Other - Paediatric Services,"1,122",721,64.30%,11.2,59,102
Y63,RTR,SOUTH TEES HOSPITALS NHS FOUNDATION TRUST,X05,Other - Surgical Services,"3,538","2,136",60.40%,11.6,64.2,452
Y63,RTR,SOUTH TEES HOSPITALS NHS FOUNDATION TRUST,X06,Other - Other Services,153,146,95.40%,1.8,12.8,1
Y63,RVW,NORTH TEES AND HARTLEPOOL NHS FOUNDATION TRUST,C_100,General Surgery Service,"1,534","1,176",76.70%,8.8,31.2,19
Y63,RVW,NORTH TEES AND HARTLEPOOL NHS FOUNDATION TRUST,C_101,Urology Service,"1,383","1,083",78.30%,8.7,30.2,26
Y63,RVW,NORTH TEES AND HARTLEPOOL NHS FOUNDATION TRUST,C_110,Trauma and Orthopaedic Service,"4,666","4,001",85.70%,6.4,21.9,29
Y63,RVW,NORTH TEES AND HARTLEPOOL NHS FOUNDATION TRUST,C_120,Ear Nose and Throat Service, -   , -   , -   ,-,-,0
Y63,RVW,NORTH TEES AND HARTLEPOOL NHS FOUNDATION TRUST,C_130,Ophthalmology Service, -   , -   , -   ,-,-,0
Y63,RVW,NORTH TEES AND HARTLEPOOL NHS FOUNDATION TRUST,C_140,Oral Surgery Service,35,33,94.30%,3.7,16.2,0
Y63,RVW,NORTH TEES AND HARTLEPOOL NHS FOUNDATION TRUST,C_150,Neurosurgical Service, -   , -   , -   ,-,-,0
Y63,RVW,NORTH TEES AND HARTLEPOOL NHS FOUNDATION TRUST,C_160,Plastic Surgery Service, -   , -   , -   ,-,-,0
Y63,RVW,NORTH TEES AND HARTLEPOOL NHS FOUNDATION TRUST,C_170,Cardiothoracic Surgery Service, -   , -   , -   ,-,-,0
Y63,RVW,NORTH TEES AND HARTLEPOOL NHS FOUNDATION TRUST,C_300,General Internal Medicine Service,166,156,94.00%,5.4,14.6,0
Y63,RVW,NORTH TEES AND HARTLEPOOL NHS FOUNDATION TRUST,C_301,Gastroenterology Service,965,921,95.40%,6.3,14.5,0
Y63,RVW,NORTH TEES AND HARTLEPOOL NHS FOUNDATION TRUST,C_320,Cardiology Service,495,458,92.50%,6.2,17.1,0
Y63,RVW,NORTH TEES AND HARTLEPOOL NHS FOUNDATION TRUST,C_330,Dermatology Service, -   , -   , -   ,-,-,0
Y63,RVW,NORTH TEES AND HARTLEPOOL NHS FOUNDATION TRUST,C_340,Respiratory Medicine Service,614,536,87.30%,7.5,20.3,0
Y63,RVW,NORTH TEES AND HARTLEPOOL NHS FOUNDATION TRUST,C_400,Neurology Service, -   , -   , -   ,-,-,0
Y63,RVW,NORTH TEES AND HARTLEPOOL NHS FOUNDATION TRUST,C_410,Rheumatology Service,246,244,99.20%,4.7,12.2,0
Y63,RVW,NORTH TEES AND HARTLEPOOL NHS FOUNDATION TRUST,C_430,Elderly Medicine Service,115,115,100.00%,3.6,12.4,0
Y63,RVW,NORTH TEES AND HARTLEPOOL NHS FOUNDATION TRUST,C_502,Gynaecology Service,"1,502","1,225",81.60%,7.5,26.9,19
Y63,RVW,NORTH TEES AND HARTLEPOOL NHS FOUNDATION TRUST,X02,Other - Medical Services, -   , -   , -   ,-,-,0
Y63,RVW,NORTH TEES AND HARTLEPOOL NHS FOUNDATION TRUST,X03,Other - Mental Health Services, -   , -   , -   ,-,-,0
Y63,RVW,NORTH TEES AND HARTLEPOOL NHS FOUNDATION TRUST,X04,Other - Paediatric Services,931,818,87.90%,7.5,21.2,2
Y63,RVW,NORTH TEES AND HARTLEPOOL NHS FOUNDATION TRUST,X05,Other - Surgical Services,"2,176","1,779",81.80%,5.2,31.6,79
Y63,RVW,NORTH TEES AND HARTLEPOOL NHS FOUNDATION TRUST,X06,Other - Other Services,980,838,85.50%,7.4,22.5,9
Y63,RWA,HULL UNIVERSITY TEACHING HOSPITALS NHS TRUST,C_100,General Surgery Service,"6,638","3,399",51.20%,16.8,63.7,958
Y63,RWA,HULL UNIVERSITY TEACHING HOSPITALS NHS TRUST,C_101,Urology Service,"3,084","1,610",52.20%,15.7,73.8,550
Y63,RWA,HULL UNIVERSITY TEACHING HOSPITALS NHS TRUST,C_110,Trauma and Orthopaedic Service,"3,547","1,948",54.90%,14.6,68.8,582
Y63,RWA,HULL UNIVERSITY TEACHING HOSPITALS NHS TRUST,C_120,Ear Nose and Throat Service,"7,527","2,286",30.40%,34.9,76.8,"2,857"
Y63,RWA,HULL UNIVERSITY TEACHING HOSPITALS NHS TRUST,C_130,Ophthalmology Service,"6,008","3,144",52.30%,15.5,64.6,"1,032"
Y63,RWA,HULL UNIVERSITY TEACHING HOSPITALS NHS TRUST,C_140,Oral Surgery Service,"2,751","1,493",54.30%,15.7,65.2,441
Y63,RWA,HULL UNIVERSITY TEACHING HOSPITALS NHS TRUST,C_150,Neurosurgical Service,"2,310","1,300",56.30%,15,61,250
Y63,RWA,HULL UNIVERSITY TEACHING HOSPITALS NHS TRUST,C_160,Plastic Surgery Service,"3,666","1,173",32.00%,34.3,89.5,"1,400"
Y63,RWA,HULL UNIVERSITY TEACHING HOSPITALS NHS TRUST,C_170,Cardiothoracic Surgery Service,358,169,47.20%,20.3,76.2,78
Y63,RWA,HULL UNIVERSITY TEACHING HOSPITALS NHS TRUST,C_300,General Internal Medicine Service,413,384,93.00%,5,16.3,5
Y63,RWA,HULL UNIVERSITY TEACHING HOSPITALS NHS TRUST,C_301,Gastroenterology Service,"2,899","1,772",61.10%,13.3,42.6,159
Y63,RWA,HULL UNIVERSITY TEACHING HOSPITALS NHS TRUST,C_320,Cardiology Service,"3,955","2,111",53.40%,15.8,61.1,451
Y63,RWA,HULL UNIVERSITY TEACHING HOSPITALS NHS TRUST,C_330,Dermatology Service,"2,391","1,504",62.90%,10.3,63.8,333
Y63,RWA,HULL UNIVERSITY TEACHING HOSPITALS NHS TRUST,C_340,Respiratory Medicine Service,947,835,88.20%,5.9,21.3,17
Y63,RWA,HULL UNIVERSITY TEACHING HOSPITALS NHS TRUST,C_400,Neurology Service,993,936,94.30%,5.1,15.2,2
Y63,RWA,HULL UNIVERSITY TEACHING HOSPITALS NHS TRUST,C_410,Rheumatology Service,801,647,80.80%,6.8,32.3,21
Y63,RWA,HULL UNIVERSITY TEACHING HOSPITALS NHS TRUST,C_430,Elderly Medicine Service,49,42,85.70%,6.5,29.1,1
Y63,RWA,HULL UNIVERSITY TEACHING HOSPITALS NHS TRUST,C_502,Gynaecology Service,"4,037","1,954",48.40%,19.1,73.2,670
Y63,RWA,HULL UNIVERSITY TEACHING HOSPITALS NHS TRUST,X02,Other - Medical Services,"3,359","2,419",72.00%,8.3,42.9,188
Y63,RWA,HULL UNIVERSITY TEACHING HOSPITALS NHS TRUST,X03,Other - Mental Health Services,5,2,40.00%,-,-,3
Y63,RWA,HULL UNIVERSITY TEACHING HOSPITALS NHS TRUST,X04,Other - Paediatric Services,"1,183",803,67.90%,9.6,40.7,47
Y63,RWA,HULL UNIVERSITY TEACHING HOSPITALS NHS TRUST,X05,Other - Surgical Services,"2,068","1,138",55.00%,12.3,80.6,624
Y63,RWA,HULL UNIVERSITY TEACHING HOSPITALS NHS TRUST,X06,Other - Other Services,"1,422","1,166",82.00%,4.8,37,80
Y63,RWY,CALDERDALE AND HUDDERSFIELD NHS FOUNDATION TRUST,C_100,General Surgery Service,"5,805",,,12.5,,521
Y63,RWY,CALDERDALE AND HUDDERSFIELD NHS FOUNDATION TRUST,C_101,Urology Service,"1,633",,,14.9,,206
Y63,RWY,CALDERDALE AND HUDDERSFIELD NHS FOUNDATION TRUST,C_110,Trauma and Orthopaedic Service,"4,162",,,11.8,,646
Y63,RWY,CALDERDALE AND HUDDERSFIELD NHS FOUNDATION TRUST,C_120,Ear Nose and Throat Service,"5,214",,,21.3,,876
Y63,RWY,CALDERDALE AND HUDDERSFIELD NHS FOUNDATION TRUST,C_130,Ophthalmology Service,"3,691",,,9.6,,402
Y63,RWY,CALDERDALE AND HUDDERSFIELD NHS FOUNDATION TRUST,C_140,Oral Surgery Service,"1,629",,,18.4,,343
Y63,RWY,CALDERDALE AND HUDDERSFIELD NHS FOUNDATION TRUST,C_150,Neurosurgical Service, -   ,,,-,,0
Y63,RWY,CALDERDALE AND HUDDERSFIELD NHS FOUNDATION TRUST,C_160,Plastic Surgery Service,534,,,13.2,,79
Y63,RWY,CALDERDALE AND HUDDERSFIELD NHS FOUNDATION TRUST,C_170,Cardiothoracic Surgery Service, -   ,,,-,,0
Y63,RWY,CALDERDALE AND HUDDERSFIELD NHS FOUNDATION TRUST,C_300,General Internal Medicine Service,162,,,7.2,,2
Y63,RWY,CALDERDALE AND HUDDERSFIELD NHS FOUNDATION TRUST,C_301,Gastroenterology Service,"2,242",,,14.7,,50
Y63,RWY,CALDERDALE AND HUDDERSFIELD NHS FOUNDATION TRUST,C_320,Cardiology Service,"1,378",,,9.3,,28
Y63,RWY,CALDERDALE AND HUDDERSFIELD NHS FOUNDATION TRUST,C_330,Dermatology Service,920,,,3.5,,15
Y63,RWY,CALDERDALE AND HUDDERSFIELD NHS FOUNDATION TRUST,C_340,Respiratory Medicine Service,971,,,8.5,,8
Y63,RWY,CALDERDALE AND HUDDERSFIELD NHS FOUNDATION TRUST,C_400,Neurology Service,"1,746",,,14.3,,120
Y63,RWY,CALDERDALE AND HUDDERSFIELD NHS FOUNDATION TRUST,C_410,Rheumatology Service,904,,,9.4,,26
Y63,RWY,CALDERDALE AND HUDDERSFIELD NHS FOUNDATION TRUST,C_430,Elderly Medicine Service,129,,,13.3,,0
Y63,RWY,CALDERDALE AND HUDDERSFIELD NHS FOUNDATION TRUST,C_502,Gynaecology Service,"2,541",,,10.7,,199
Y63,RWY,CALDERDALE AND HUDDERSFIELD NHS FOUNDATION TRUST,X02,Other - Medical Services,"1,150",,,7.8,,11
Y63,RWY,CALDERDALE AND HUDDERSFIELD NHS FOUNDATION TRUST,X03,Other - Mental Health Services, -   ,,,-,,0
Y63,RWY,CALDERDALE AND HUDDERSFIELD NHS FOUNDATION TRUST,X04,Other - Paediatric Services,973,,,5.9,,4
Y63,RWY,CALDERDALE AND HUDDERSFIELD NHS FOUNDATION TRUST,X05,Other - Surgical Services,483,,,40.2,,80
Y63,RWY,CALDERDALE AND HUDDERSFIELD NHS FOUNDATION TRUST,X06,Other - Other Services,157,,,9,,7
Y63,RX4,"CUMBRIA, NORTHUMBERLAND, TYNE AND WEAR NHS FOUNDATION TRUST",C_100,General Surgery Service, -   , -   , -   ,-,-,0
Y63,RX4,"CUMBRIA, NORTHUMBERLAND, TYNE AND WEAR NHS FOUNDATION TRUST",C_101,Urology Service, -   , -   , -   ,-,-,0
Y63,RX4,"CUMBRIA, NORTHUMBERLAND, TYNE AND WEAR NHS FOUNDATION TRUST",C_110,Trauma and Orthopaedic Service, -   , -   , -   ,-,-,0
Y63,RX4,"CUMBRIA, NORTHUMBERLAND, TYNE AND WEAR NHS FOUNDATION TRUST",C_120,Ear Nose and Throat Service, -   , -   , -   ,-,-,0
Y63,RX4,"CUMBRIA, NORTHUMBERLAND, TYNE AND WEAR NHS FOUNDATION TRUST",C_130,Ophthalmology Service, -   , -   , -   ,-,-,0
Y63,RX4,"CUMBRIA, NORTHUMBERLAND, TYNE AND WEAR NHS FOUNDATION TRUST",C_140,Oral Surgery Service, -   , -   , -   ,-,-,0
Y63,RX4,"CUMBRIA, NORTHUMBERLAND, TYNE AND WEAR NHS FOUNDATION TRUST",C_150,Neurosurgical Service, -   , -   , -   ,-,-,0
Y63,RX4,"CUMBRIA, NORTHUMBERLAND, TYNE AND WEAR NHS FOUNDATION TRUST",C_160,Plastic Surgery Service, -   , -   , -   ,-,-,0
Y63,RX4,"CUMBRIA, NORTHUMBERLAND, TYNE AND WEAR NHS FOUNDATION TRUST",C_170,Cardiothoracic Surgery Service, -   , -   , -   ,-,-,0
Y63,RX4,"CUMBRIA, NORTHUMBERLAND, TYNE AND WEAR NHS FOUNDATION TRUST",C_300,General Internal Medicine Service, -   , -   , -   ,-,-,0
Y63,RX4,"CUMBRIA, NORTHUMBERLAND, TYNE AND WEAR NHS FOUNDATION TRUST",C_301,Gastroenterology Service, -   , -   , -   ,-,-,0
Y63,RX4,"CUMBRIA, NORTHUMBERLAND, TYNE AND WEAR NHS FOUNDATION TRUST",C_320,Cardiology Service, -   , -   , -   ,-,-,0
Y63,RX4,"CUMBRIA, NORTHUMBERLAND, TYNE AND WEAR NHS FOUNDATION TRUST",C_330,Dermatology Service, -   , -   , -   ,-,-,0
Y63,RX4,"CUMBRIA, NORTHUMBERLAND, TYNE AND WEAR NHS FOUNDATION TRUST",C_340,Respiratory Medicine Service, -   , -   , -   ,-,-,0
Y63,RX4,"CUMBRIA, NORTHUMBERLAND, TYNE AND WEAR NHS FOUNDATION TRUST",C_400,Neurology Service, -   , -   , -   ,-,-,0
Y63,RX4,"CUMBRIA, NORTHUMBERLAND, TYNE AND WEAR NHS FOUNDATION TRUST",C_410,Rheumatology Service, -   , -   , -   ,-,-,0
Y63,RX4,"CUMBRIA, NORTHUMBERLAND, TYNE AND WEAR NHS FOUNDATION TRUST",C_430,Elderly Medicine Service, -   , -   , -   ,-,-,0
Y63,RX4,"CUMBRIA, NORTHUMBERLAND, TYNE AND WEAR NHS FOUNDATION TRUST",C_502,Gynaecology Service, -   , -   , -   ,-,-,0
Y63,RX4,"CUMBRIA, NORTHUMBERLAND, TYNE AND WEAR NHS FOUNDATION TRUST",X02,Other - Medical Services, -   , -   , -   ,-,-,0
Y63,RX4,"CUMBRIA, NORTHUMBERLAND, TYNE AND WEAR NHS FOUNDATION TRUST",X03,Other - Mental Health Services, -   , -   , -   ,-,-,0
Y63,RX4,"CUMBRIA, NORTHUMBERLAND, TYNE AND WEAR NHS FOUNDATION TRUST",X04,Other - Paediatric Services, -   , -   , -   ,-,-,0
Y63,RX4,"CUMBRIA, NORTHUMBERLAND, TYNE AND WEAR NHS FOUNDATION TRUST",X05,Other - Surgical Services, -   , -   , -   ,-,-,0
Y63,RX4,"CUMBRIA, NORTHUMBERLAND, TYNE AND WEAR NHS FOUNDATION TRUST",X06,Other - Other Services,164,164,100.00%,3.6,11.5,0
Y63,RXF,MID YORKSHIRE HOSPITALS NHS TRUST,C_100,General Surgery Service,"1,370",860,62.80%,13,42.4,76
Y63,RXF,MID YORKSHIRE HOSPITALS NHS TRUST,C_101,Urology Service,"1,977","1,481",74.90%,7.8,34.9,79
Y63,RXF,MID YORKSHIRE HOSPITALS NHS TRUST,C_110,Trauma and Orthopaedic Service,"2,795","1,549",55.40%,14.5,63.2,321
Y63,RXF,MID YORKSHIRE HOSPITALS NHS TRUST,C_120,Ear Nose and Throat Service,"2,992","2,230",74.50%,8.2,32.6,147
Y63,RXF,MID YORKSHIRE HOSPITALS NHS TRUST,C_130,Ophthalmology Service,"3,299","2,733",82.80%,7.4,22.7,5
Y63,RXF,MID YORKSHIRE HOSPITALS NHS TRUST,C_140,Oral Surgery Service,"2,021","1,191",58.90%,12.4,63.8,251
Y63,RXF,MID YORKSHIRE HOSPITALS NHS TRUST,C_150,Neurosurgical Service, -   , -   , -   ,-,-,0
Y63,RXF,MID YORKSHIRE HOSPITALS NHS TRUST,C_160,Plastic Surgery Service,"1,322",787,59.50%,11.8,61,152
Y63,RXF,MID YORKSHIRE HOSPITALS NHS TRUST,C_170,Cardiothoracic Surgery Service, -   , -   , -   ,-,-,0
Y63,RXF,MID YORKSHIRE HOSPITALS NHS TRUST,C_300,General Internal Medicine Service,17,16,94.10%,-,-,0
Y63,RXF,MID YORKSHIRE HOSPITALS NHS TRUST,C_301,Gastroenterology Service,"2,892","2,237",77.40%,8.8,25.7,11
Y63,RXF,MID YORKSHIRE HOSPITALS NHS TRUST,C_320,Cardiology Service,568,485,85.40%,6.9,24.2,0
Y63,RXF,MID YORKSHIRE HOSPITALS NHS TRUST,C_330,Dermatology Service,"1,242","1,038",83.60%,5.7,24,4
Y63,RXF,MID YORKSHIRE HOSPITALS NHS TRUST,C_340,Respiratory Medicine Service,582,477,82.00%,8.6,27.1,3
Y63,RXF,MID YORKSHIRE HOSPITALS NHS TRUST,C_400,Neurology Service,"1,035",699,67.50%,11.2,28.8,1
Y63,RXF,MID YORKSHIRE HOSPITALS NHS TRUST,C_410,Rheumatology Service,405,309,76.30%,8.9,29.7,3
Y63,RXF,MID YORKSHIRE HOSPITALS NHS TRUST,C_430,Elderly Medicine Service,90,83,92.20%,7.1,17.8,0
Y63,RXF,MID YORKSHIRE HOSPITALS NHS TRUST,C_502,Gynaecology Service,"2,540","1,658",65.30%,10.9,42,165
Y63,RXF,MID YORKSHIRE HOSPITALS NHS TRUST,X02,Other - Medical Services,"3,784","2,649",70.00%,9.3,37.1,145
Y63,RXF,MID YORKSHIRE HOSPITALS NHS TRUST,X03,Other - Mental Health Services, -   , -   , -   ,-,-,0
Y63,RXF,MID YORKSHIRE HOSPITALS NHS TRUST,X04,Other - Paediatric Services,"1,125","1,062",94.40%,6.8,15.2,0
Y63,RXF,MID YORKSHIRE HOSPITALS NHS TRUST,X05,Other - Surgical Services,"3,155","2,370",75.10%,7.5,28.1,51
Y63,RXF,MID YORKSHIRE HOSPITALS NHS TRUST,X06,Other - Other Services,374,242,64.70%,6.8,71.6,86
Y63,RXG,SOUTH WEST YORKSHIRE PARTNERSHIP NHS FOUNDATION TRUST,C_100,General Surgery Service, -   , -   , -   ,-,-,0
Y63,RXG,SOUTH WEST YORKSHIRE PARTNERSHIP NHS FOUNDATION TRUST,C_101,Urology Service, -   , -   , -   ,-,-,0
Y63,RXG,SOUTH WEST YORKSHIRE PARTNERSHIP NHS FOUNDATION TRUST,C_110,Trauma and Orthopaedic Service, -   , -   , -   ,-,-,0
Y63,RXG,SOUTH WEST YORKSHIRE PARTNERSHIP NHS FOUNDATION TRUST,C_120,Ear Nose and Throat Service, -   , -   , -   ,-,-,0
Y63,RXG,SOUTH WEST YORKSHIRE PARTNERSHIP NHS FOUNDATION TRUST,C_130,Ophthalmology Service, -   , -   , -   ,-,-,0
Y63,RXG,SOUTH WEST YORKSHIRE PARTNERSHIP NHS FOUNDATION TRUST,C_140,Oral Surgery Service, -   , -   , -   ,-,-,0
Y63,RXG,SOUTH WEST YORKSHIRE PARTNERSHIP NHS FOUNDATION TRUST,C_150,Neurosurgical Service, -   , -   , -   ,-,-,0
Y63,RXG,SOUTH WEST YORKSHIRE PARTNERSHIP NHS FOUNDATION TRUST,C_160,Plastic Surgery Service, -   , -   , -   ,-,-,0
Y63,RXG,SOUTH WEST YORKSHIRE PARTNERSHIP NHS FOUNDATION TRUST,C_170,Cardiothoracic Surgery Service, -   , -   , -   ,-,-,0
Y63,RXG,SOUTH WEST YORKSHIRE PARTNERSHIP NHS FOUNDATION TRUST,C_300,General Internal Medicine Service, -   , -   , -   ,-,-,0
Y63,RXG,SOUTH WEST YORKSHIRE PARTNERSHIP NHS FOUNDATION TRUST,C_301,Gastroenterology Service, -   , -   , -   ,-,-,0
Y63,RXG,SOUTH WEST YORKSHIRE PARTNERSHIP NHS FOUNDATION TRUST,C_320,Cardiology Service, -   , -   , -   ,-,-,0
Y63,RXG,SOUTH WEST YORKSHIRE PARTNERSHIP NHS FOUNDATION TRUST,C_330,Dermatology Service, -   , -   , -   ,-,-,0
Y63,RXG,SOUTH WEST YORKSHIRE PARTNERSHIP NHS FOUNDATION TRUST,C_340,Respiratory Medicine Service, -   , -   , -   ,-,-,0
Y63,RXG,SOUTH WEST YORKSHIRE PARTNERSHIP NHS FOUNDATION TRUST,C_400,Neurology Service, -   , -   , -   ,-,-,0
Y63,RXG,SOUTH WEST YORKSHIRE PARTNERSHIP NHS FOUNDATION TRUST,C_410,Rheumatology Service, -   , -   , -   ,-,-,0
Y63,RXG,SOUTH WEST YORKSHIRE PARTNERSHIP NHS FOUNDATION TRUST,C_430,Elderly Medicine Service, -   , -   , -   ,-,-,0
Y63,RXG,SOUTH WEST YORKSHIRE PARTNERSHIP NHS FOUNDATION TRUST,C_502,Gynaecology Service, -   , -   , -   ,-,-,0
Y63,RXG,SOUTH WEST YORKSHIRE PARTNERSHIP NHS FOUNDATION TRUST,X02,Other - Medical Services, -   , -   , -   ,-,-,0
Y63,RXG,SOUTH WEST YORKSHIRE PARTNERSHIP NHS FOUNDATION TRUST,X03,Other - Mental Health Services, -   , -   , -   ,-,-,0
Y63,RXG,SOUTH WEST YORKSHIRE PARTNERSHIP NHS FOUNDATION TRUST,X04,Other - Paediatric Services, -   , -   , -   ,-,-,0
Y63,RXG,SOUTH WEST YORKSHIRE PARTNERSHIP NHS FOUNDATION TRUST,X05,Other - Surgical Services, -   , -   , -   ,-,-,0
Y63,RXG,SOUTH WEST YORKSHIRE PARTNERSHIP NHS FOUNDATION TRUST,X06,Other - Other Services,"1,906","1,906",100.00%,2.1,5.8,0
Y63,RXP,COUNTY DURHAM AND DARLINGTON NHS FOUNDATION TRUST,C_100,General Surgery Service,"3,468","2,332",67.20%,9.5,41.1,213
Y63,RXP,COUNTY DURHAM AND DARLINGTON NHS FOUNDATION TRUST,C_101,Urology Service, -   , -   , -   ,-,-,0
Y63,RXP,COUNTY DURHAM AND DARLINGTON NHS FOUNDATION TRUST,C_110,Trauma and Orthopaedic Service,"2,836","1,509",53.20%,15.1,74.5,563
Y63,RXP,COUNTY DURHAM AND DARLINGTON NHS FOUNDATION TRUST,C_120,Ear Nose and Throat Service,"2,320","1,805",77.80%,7.4,59.9,212
Y63,RXP,COUNTY DURHAM AND DARLINGTON NHS FOUNDATION TRUST,C_130,Ophthalmology Service,"1,566",859,54.90%,13.7,61.6,194
Y63,RXP,COUNTY DURHAM AND DARLINGTON NHS FOUNDATION TRUST,C_140,Oral Surgery Service, -   , -   , -   ,-,-,0
Y63,RXP,COUNTY DURHAM AND DARLINGTON NHS FOUNDATION TRUST,C_150,Neurosurgical Service, -   , -   , -   ,-,-,0
Y63,RXP,COUNTY DURHAM AND DARLINGTON NHS FOUNDATION TRUST,C_160,Plastic Surgery Service,"1,747",853,48.80%,19.1,73.3,337
Y63,RXP,COUNTY DURHAM AND DARLINGTON NHS FOUNDATION TRUST,C_170,Cardiothoracic Surgery Service,6,1,16.70%,-,-,3
Y63,RXP,COUNTY DURHAM AND DARLINGTON NHS FOUNDATION TRUST,C_300,General Internal Medicine Service,635,481,75.70%,8.7,37.2,34
Y63,RXP,COUNTY DURHAM AND DARLINGTON NHS FOUNDATION TRUST,C_301,Gastroenterology Service,"2,171","1,952",89.90%,5.9,20.4,22
Y63,RXP,COUNTY DURHAM AND DARLINGTON NHS FOUNDATION TRUST,C_320,Cardiology Service,"1,055",951,90.10%,6.2,21.3,6
Y63,RXP,COUNTY DURHAM AND DARLINGTON NHS FOUNDATION TRUST,C_330,Dermatology Service,"2,601","1,779",68.40%,10.2,43.4,180
Y63,RXP,COUNTY DURHAM AND DARLINGTON NHS FOUNDATION TRUST,C_340,Respiratory Medicine Service,760,563,74.10%,9.3,34.4,27
Y63,RXP,COUNTY DURHAM AND DARLINGTON NHS FOUNDATION TRUST,C_400,Neurology Service,141,73,51.80%,15.5,69.4,28
Y63,RXP,COUNTY DURHAM AND DARLINGTON NHS FOUNDATION TRUST,C_410,Rheumatology Service,776,627,80.80%,8.3,25.1,14
Y63,RXP,COUNTY DURHAM AND DARLINGTON NHS FOUNDATION TRUST,C_430,Elderly Medicine Service,134,131,97.80%,2.6,13.1,0
Y63,RXP,COUNTY DURHAM AND DARLINGTON NHS FOUNDATION TRUST,C_502,Gynaecology Service,"2,766","1,938",70.10%,8,40.2,120
Y63,RXP,COUNTY DURHAM AND DARLINGTON NHS FOUNDATION TRUST,X02,Other - Medical Services,264,165,62.50%,13.3,64.3,38
Y63,RXP,COUNTY DURHAM AND DARLINGTON NHS FOUNDATION TRUST,X03,Other - Mental Health Services,429,347,80.90%,6.6,29.3,3
Y63,RXP,COUNTY DURHAM AND DARLINGTON NHS FOUNDATION TRUST,X04,Other - Paediatric Services,"1,973","1,517",76.90%,8.4,32.7,74
Y63,RXP,COUNTY DURHAM AND DARLINGTON NHS FOUNDATION TRUST,X05,Other - Surgical Services,293,255,87.00%,6.4,25.5,6
Y63,RXP,COUNTY DURHAM AND DARLINGTON NHS FOUNDATION TRUST,X06,Other - Other Services, -   , -   , -   ,-,-,0
Y63,RY6,LEEDS COMMUNITY HEALTHCARE NHS TRUST,C_100,General Surgery Service, -   , -   , -   ,-,-,0
Y63,RY6,LEEDS COMMUNITY HEALTHCARE NHS TRUST,C_101,Urology Service, -   , -   , -   ,-,-,0
Y63,RY6,LEEDS COMMUNITY HEALTHCARE NHS TRUST,C_110,Trauma and Orthopaedic Service, -   , -   , -   ,-,-,0
Y63,RY6,LEEDS COMMUNITY HEALTHCARE NHS TRUST,C_120,Ear Nose and Throat Service, -   , -   , -   ,-,-,0
Y63,RY6,LEEDS COMMUNITY HEALTHCARE NHS TRUST,C_130,Ophthalmology Service, -   , -   , -   ,-,-,0
Y63,RY6,LEEDS COMMUNITY HEALTHCARE NHS TRUST,C_140,Oral Surgery Service, -   , -   , -   ,-,-,0
Y63,RY6,LEEDS COMMUNITY HEALTHCARE NHS TRUST,C_150,Neurosurgical Service, -   , -   , -   ,-,-,0
Y63,RY6,LEEDS COMMUNITY HEALTHCARE NHS TRUST,C_160,Plastic Surgery Service, -   , -   , -   ,-,-,0
Y63,RY6,LEEDS COMMUNITY HEALTHCARE NHS TRUST,C_170,Cardiothoracic Surgery Service, -   , -   , -   ,-,-,0
Y63,RY6,LEEDS COMMUNITY HEALTHCARE NHS TRUST,C_300,General Internal Medicine Service, -   , -   , -   ,-,-,0
Y63,RY6,LEEDS COMMUNITY HEALTHCARE NHS TRUST,C_301,Gastroenterology Service, -   , -   , -   ,-,-,0
Y63,RY6,LEEDS COMMUNITY HEALTHCARE NHS TRUST,C_320,Cardiology Service, -   , -   , -   ,-,-,0
Y63,RY6,LEEDS COMMUNITY HEALTHCARE NHS TRUST,C_330,Dermatology Service, -   , -   , -   ,-,-,0
Y63,RY6,LEEDS COMMUNITY HEALTHCARE NHS TRUST,C_340,Respiratory Medicine Service, -   , -   , -   ,-,-,0
Y63,RY6,LEEDS COMMUNITY HEALTHCARE NHS TRUST,C_400,Neurology Service, -   , -   , -   ,-,-,0
Y63,RY6,LEEDS COMMUNITY HEALTHCARE NHS TRUST,C_410,Rheumatology Service, -   , -   , -   ,-,-,0
Y63,RY6,LEEDS COMMUNITY HEALTHCARE NHS TRUST,C_430,Elderly Medicine Service, -   , -   , -   ,-,-,0
Y63,RY6,LEEDS COMMUNITY HEALTHCARE NHS TRUST,C_502,Gynaecology Service,103,11,10.70%,20.9,26.9,0
Y63,RY6,LEEDS COMMUNITY HEALTHCARE NHS TRUST,X02,Other - Medical Services, -   , -   , -   ,-,-,0
Y63,RY6,LEEDS COMMUNITY HEALTHCARE NHS TRUST,X03,Other - Mental Health Services, -   , -   , -   ,-,-,0
Y63,RY6,LEEDS COMMUNITY HEALTHCARE NHS TRUST,X04,Other - Paediatric Services,"1,597","1,402",87.80%,8.2,19.6,0
Y63,RY6,LEEDS COMMUNITY HEALTHCARE NHS TRUST,X05,Other - Surgical Services, -   , -   , -   ,-,-,0
Y63,RY6,LEEDS COMMUNITY HEALTHCARE NHS TRUST,X06,Other - Other Services, -   , -   , -   ,-,-,0
Y63,TAD,BRADFORD DISTRICT CARE NHS FOUNDATION TRUST,C_100,General Surgery Service, -   , -   , -   ,-,-,0
Y63,TAD,BRADFORD DISTRICT CARE NHS FOUNDATION TRUST,C_101,Urology Service, -   , -   , -   ,-,-,0
Y63,TAD,BRADFORD DISTRICT CARE NHS FOUNDATION TRUST,C_110,Trauma and Orthopaedic Service, -   , -   , -   ,-,-,0
Y63,TAD,BRADFORD DISTRICT CARE NHS FOUNDATION TRUST,C_120,Ear Nose and Throat Service, -   , -   , -   ,-,-,0
Y63,TAD,BRADFORD DISTRICT CARE NHS FOUNDATION TRUST,C_130,Ophthalmology Service, -   , -   , -   ,-,-,0
Y63,TAD,BRADFORD DISTRICT CARE NHS FOUNDATION TRUST,C_140,Oral Surgery Service, -   , -   , -   ,-,-,0
Y63,TAD,BRADFORD DISTRICT CARE NHS FOUNDATION TRUST,C_150,Neurosurgical Service, -   , -   , -   ,-,-,0
Y63,TAD,BRADFORD DISTRICT CARE NHS FOUNDATION TRUST,C_160,Plastic Surgery Service, -   , -   , -   ,-,-,0
Y63,TAD,BRADFORD DISTRICT CARE NHS FOUNDATION TRUST,C_170,Cardiothoracic Surgery Service, -   , -   , -   ,-,-,0
Y63,TAD,BRADFORD DISTRICT CARE NHS FOUNDATION TRUST,C_300,General Internal Medicine Service, -   , -   , -   ,-,-,0
Y63,TAD,BRADFORD DISTRICT CARE NHS FOUNDATION TRUST,C_301,Gastroenterology Service, -   , -   , -   ,-,-,0
Y63,TAD,BRADFORD DISTRICT CARE NHS FOUNDATION TRUST,C_320,Cardiology Service, -   , -   , -   ,-,-,0
Y63,TAD,BRADFORD DISTRICT CARE NHS FOUNDATION TRUST,C_330,Dermatology Service, -   , -   , -   ,-,-,0
Y63,TAD,BRADFORD DISTRICT CARE NHS FOUNDATION TRUST,C_340,Respiratory Medicine Service, -   , -   , -   ,-,-,0
Y63,TAD,BRADFORD DISTRICT CARE NHS FOUNDATION TRUST,C_400,Neurology Service, -   , -   , -   ,-,-,0
Y63,TAD,BRADFORD DISTRICT CARE NHS FOUNDATION TRUST,C_410,Rheumatology Service, -   , -   , -   ,-,-,0
Y63,TAD,BRADFORD DISTRICT CARE NHS FOUNDATION TRUST,C_430,Elderly Medicine Service, -   , -   , -   ,-,-,0
Y63,TAD,BRADFORD DISTRICT CARE NHS FOUNDATION TRUST,C_502,Gynaecology Service, -   , -   , -   ,-,-,0
Y63,TAD,BRADFORD DISTRICT CARE NHS FOUNDATION TRUST,X02,Other - Medical Services,155,53,34.20%,26.5,67.3,64
Y63,TAD,BRADFORD DISTRICT CARE NHS FOUNDATION TRUST,X03,Other - Mental Health Services, -   , -   , -   ,-,-,0
Y63,TAD,BRADFORD DISTRICT CARE NHS FOUNDATION TRUST,X04,Other - Paediatric Services, -   , -   , -   ,-,-,0
Y63,TAD,BRADFORD DISTRICT CARE NHS FOUNDATION TRUST,X05,Other - Surgical Services, -   , -   , -   ,-,-,0
Y63,TAD,BRADFORD DISTRICT CARE NHS FOUNDATION TRUST,X06,Other - Other Services, -   , -   , -   ,-,-,0
