Region Code,Provider Code,Provider Name,Treatment Function Code,Treatment Function,Total number of incomplete pathways,Total within 18 weeks,% within 18 weeks,Average (median) waiting time (in weeks),92nd percentile waiting time (in weeks),Total 52 plus weeks
Y56,R1H,BARTS HEALTH NHS TRUST,C_100,General Surgery Service,"3,531",,,20.3,,543
Y56,R1H,BARTS HEALTH NHS TRUST,C_101,Urology Service,"5,511",,,15.7,,716
Y56,R1H,BARTS HEALTH NHS TRUST,C_110,Trauma and Orthopaedic Service,"8,672",,,24.4,,"1,810"
Y56,R1H,BARTS HEALTH NHS TRUST,C_120,Ear Nose and Throat Service,"9,449",,,25.6,,"2,137"
Y56,R1H,BARTS HEALTH NHS TRUST,C_130,Ophthalmology Service,"4,998",,,23.2,,658
Y56,R1H,BARTS HEALTH NHS TRUST,C_140,Oral Surgery Service,"4,259",,,18.3,,758
Y56,R1H,BARTS HEALTH NHS TRUST,C_150,Neurosurgical Service,724,,,9.9,,58
Y56,R1H,BARTS HEALTH NHS TRUST,C_160,Plastic Surgery Service,"1,071",,,27.7,,298
Y56,R1H,BARTS HEALTH NHS TRUST,C_170,Cardiothoracic Surgery Service,761,,,9.1,,6
Y56,R1H,BARTS HEALTH NHS TRUST,C_300,General Internal Medicine Service,102,,,5.2,,2
Y56,R1H,BARTS HEALTH NHS TRUST,C_301,Gastroenterology Service,"4,795",,,12.8,,189
Y56,R1H,BARTS HEALTH NHS TRUST,C_320,Cardiology Service,"5,365",,,8.7,,37
Y56,R1H,BARTS HEALTH NHS TRUST,C_330,Dermatology Service,"4,320",,,13.5,,79
Y56,R1H,BARTS HEALTH NHS TRUST,C_340,Respiratory Medicine Service,"2,500",,,9.9,,78
Y56,R1H,BARTS HEALTH NHS TRUST,C_400,Neurology Service,918,,,7.7,,25
Y56,R1H,BARTS HEALTH NHS TRUST,C_410,Rheumatology Service,"1,247",,,5.8,,1
Y56,R1H,BARTS HEALTH NHS TRUST,C_430,Elderly Medicine Service,63,,,2.3,,0
Y56,R1H,BARTS HEALTH NHS TRUST,C_502,Gynaecology Service,"6,981",,,14.1,,629
Y56,R1H,BARTS HEALTH NHS TRUST,X02,Other - Medical Services,"10,159",,,8.6,,447
Y56,R1H,BARTS HEALTH NHS TRUST,X03,Other - Mental Health Services, -   ,,,-,,0
Y56,R1H,BARTS HEALTH NHS TRUST,X04,Other - Paediatric Services,"10,481",,,20.1,,"2,062"
Y56,R1H,BARTS HEALTH NHS TRUST,X05,Other - Surgical Services,"11,965",,,15.2,,"1,785"
Y56,R1H,BARTS HEALTH NHS TRUST,X06,Other - Other Services,594,,,6.5,,37
Y56,R1K,LONDON NORTH WEST UNIVERSITY HEALTHCARE NHS TRUST,C_100,General Surgery Service,"7,135","5,073",71.10%,9.3,42,373
Y56,R1K,LONDON NORTH WEST UNIVERSITY HEALTHCARE NHS TRUST,C_101,Urology Service,"1,649","1,390",84.30%,5.9,28.3,1
Y56,R1K,LONDON NORTH WEST UNIVERSITY HEALTHCARE NHS TRUST,C_110,Trauma and Orthopaedic Service,"2,876","1,759",61.20%,11.8,37.3,27
Y56,R1K,LONDON NORTH WEST UNIVERSITY HEALTHCARE NHS TRUST,C_120,Ear Nose and Throat Service,"4,941","2,934",59.40%,12.7,46.3,274
Y56,R1K,LONDON NORTH WEST UNIVERSITY HEALTHCARE NHS TRUST,C_130,Ophthalmology Service,"1,016",855,84.20%,6.4,28.1,12
Y56,R1K,LONDON NORTH WEST UNIVERSITY HEALTHCARE NHS TRUST,C_140,Oral Surgery Service,"4,847","3,472",71.60%,10.6,32.1,89
Y56,R1K,LONDON NORTH WEST UNIVERSITY HEALTHCARE NHS TRUST,C_150,Neurosurgical Service, -   , -   , -   ,-,-,0
Y56,R1K,LONDON NORTH WEST UNIVERSITY HEALTHCARE NHS TRUST,C_160,Plastic Surgery Service,3,2,66.70%,-,-,1
Y56,R1K,LONDON NORTH WEST UNIVERSITY HEALTHCARE NHS TRUST,C_170,Cardiothoracic Surgery Service, -   , -   , -   ,-,-,0
Y56,R1K,LONDON NORTH WEST UNIVERSITY HEALTHCARE NHS TRUST,C_300,General Internal Medicine Service,2,2,100.00%,-,-,0
Y56,R1K,LONDON NORTH WEST UNIVERSITY HEALTHCARE NHS TRUST,C_301,Gastroenterology Service,"3,751","2,760",73.60%,10.4,29.8,6
Y56,R1K,LONDON NORTH WEST UNIVERSITY HEALTHCARE NHS TRUST,C_320,Cardiology Service,"2,037","2,005",98.40%,4.6,12.6,0
Y56,R1K,LONDON NORTH WEST UNIVERSITY HEALTHCARE NHS TRUST,C_330,Dermatology Service,"1,656","1,631",98.50%,4.2,11.1,0
Y56,R1K,LONDON NORTH WEST UNIVERSITY HEALTHCARE NHS TRUST,C_340,Respiratory Medicine Service,895,880,98.30%,5.4,13.1,0
Y56,R1K,LONDON NORTH WEST UNIVERSITY HEALTHCARE NHS TRUST,C_400,Neurology Service,979,975,99.60%,5.4,12.7,0
Y56,R1K,LONDON NORTH WEST UNIVERSITY HEALTHCARE NHS TRUST,C_410,Rheumatology Service,534,528,98.90%,4.2,11.8,0
Y56,R1K,LONDON NORTH WEST UNIVERSITY HEALTHCARE NHS TRUST,C_430,Elderly Medicine Service,43,43,100.00%,1.7,4.7,0
Y56,R1K,LONDON NORTH WEST UNIVERSITY HEALTHCARE NHS TRUST,C_502,Gynaecology Service,"5,044","3,071",60.90%,12.1,48.4,385
Y56,R1K,LONDON NORTH WEST UNIVERSITY HEALTHCARE NHS TRUST,X02,Other - Medical Services,"4,840","4,451",92.00%,5.7,18,3
Y56,R1K,LONDON NORTH WEST UNIVERSITY HEALTHCARE NHS TRUST,X03,Other - Mental Health Services, -   , -   , -   ,-,-,0
Y56,R1K,LONDON NORTH WEST UNIVERSITY HEALTHCARE NHS TRUST,X04,Other - Paediatric Services,784,717,91.50%,6.3,18.6,0
Y56,R1K,LONDON NORTH WEST UNIVERSITY HEALTHCARE NHS TRUST,X05,Other - Surgical Services, -   , -   , -   ,-,-,0
Y56,R1K,LONDON NORTH WEST UNIVERSITY HEALTHCARE NHS TRUST,X06,Other - Other Services,156,140,89.70%,7.9,18.9,0
Y56,RAL,ROYAL FREE LONDON NHS FOUNDATION TRUST,C_100,General Surgery Service,"1,847",893,48.30%,19.1,68.1,242
Y56,RAL,ROYAL FREE LONDON NHS FOUNDATION TRUST,C_101,Urology Service,"3,812","1,724",45.20%,20.3,64.5,465
Y56,RAL,ROYAL FREE LONDON NHS FOUNDATION TRUST,C_110,Trauma and Orthopaedic Service,"7,124","2,765",38.80%,25.4,71.8,"1,375"
Y56,RAL,ROYAL FREE LONDON NHS FOUNDATION TRUST,C_120,Ear Nose and Throat Service,"8,901","3,453",38.80%,30.1,70.2,"2,300"
Y56,RAL,ROYAL FREE LONDON NHS FOUNDATION TRUST,C_130,Ophthalmology Service,"7,286","4,244",58.20%,13.9,64.2,766
Y56,RAL,ROYAL FREE LONDON NHS FOUNDATION TRUST,C_140,Oral Surgery Service,164,21,12.80%,68.8,85.9,115
Y56,RAL,ROYAL FREE LONDON NHS FOUNDATION TRUST,C_150,Neurosurgical Service, -   , -   , -   ,-,-,0
Y56,RAL,ROYAL FREE LONDON NHS FOUNDATION TRUST,C_160,Plastic Surgery Service,"2,895","1,081",37.30%,29.5,102.3,"1,026"
Y56,RAL,ROYAL FREE LONDON NHS FOUNDATION TRUST,C_170,Cardiothoracic Surgery Service, -   , -   , -   ,-,-,0
Y56,RAL,ROYAL FREE LONDON NHS FOUNDATION TRUST,C_300,General Internal Medicine Service,96,56,58.30%,13.4,51.3,7
Y56,RAL,ROYAL FREE LONDON NHS FOUNDATION TRUST,C_301,Gastroenterology Service,"4,981","2,799",56.20%,15.6,47.8,334
Y56,RAL,ROYAL FREE LONDON NHS FOUNDATION TRUST,C_320,Cardiology Service,"3,087","2,377",77.00%,9.3,28.3,6
Y56,RAL,ROYAL FREE LONDON NHS FOUNDATION TRUST,C_330,Dermatology Service,"6,257","3,520",56.30%,14.5,50.2,486
Y56,RAL,ROYAL FREE LONDON NHS FOUNDATION TRUST,C_340,Respiratory Medicine Service,"2,628","1,625",61.80%,13.6,35.1,12
Y56,RAL,ROYAL FREE LONDON NHS FOUNDATION TRUST,C_400,Neurology Service,"2,216","1,638",73.90%,10.1,29.7,7
Y56,RAL,ROYAL FREE LONDON NHS FOUNDATION TRUST,C_410,Rheumatology Service,"2,758","1,614",58.50%,14.6,42,72
Y56,RAL,ROYAL FREE LONDON NHS FOUNDATION TRUST,C_430,Elderly Medicine Service,76,57,75.00%,8.5,37.9,2
Y56,RAL,ROYAL FREE LONDON NHS FOUNDATION TRUST,C_502,Gynaecology Service,"3,865","2,052",53.10%,15.9,66.1,448
Y56,RAL,ROYAL FREE LONDON NHS FOUNDATION TRUST,X02,Other - Medical Services,"10,703","6,656",62.20%,13,63.3,"1,106"
Y56,RAL,ROYAL FREE LONDON NHS FOUNDATION TRUST,X03,Other - Mental Health Services, -   , -   , -   ,-,-,0
Y56,RAL,ROYAL FREE LONDON NHS FOUNDATION TRUST,X04,Other - Paediatric Services,"5,074","2,620",51.60%,16.9,68.3,933
Y56,RAL,ROYAL FREE LONDON NHS FOUNDATION TRUST,X05,Other - Surgical Services,"12,867","6,166",47.90%,19.7,70.2,"2,725"
Y56,RAL,ROYAL FREE LONDON NHS FOUNDATION TRUST,X06,Other - Other Services,"1,830","1,106",60.40%,13.5,64.1,184
Y56,RAN,ROYAL NATIONAL ORTHOPAEDIC HOSPITAL NHS TRUST,C_100,General Surgery Service, -   , -   , -   ,-,-,0
Y56,RAN,ROYAL NATIONAL ORTHOPAEDIC HOSPITAL NHS TRUST,C_101,Urology Service,67,41,61.20%,17.1,41.8,2
Y56,RAN,ROYAL NATIONAL ORTHOPAEDIC HOSPITAL NHS TRUST,C_110,Trauma and Orthopaedic Service,"4,857","3,420",70.40%,8.9,41,249
Y56,RAN,ROYAL NATIONAL ORTHOPAEDIC HOSPITAL NHS TRUST,C_120,Ear Nose and Throat Service, -   , -   , -   ,-,-,0
Y56,RAN,ROYAL NATIONAL ORTHOPAEDIC HOSPITAL NHS TRUST,C_130,Ophthalmology Service, -   , -   , -   ,-,-,0
Y56,RAN,ROYAL NATIONAL ORTHOPAEDIC HOSPITAL NHS TRUST,C_140,Oral Surgery Service, -   , -   , -   ,-,-,0
Y56,RAN,ROYAL NATIONAL ORTHOPAEDIC HOSPITAL NHS TRUST,C_150,Neurosurgical Service,1, -   , -   ,-,-,0
Y56,RAN,ROYAL NATIONAL ORTHOPAEDIC HOSPITAL NHS TRUST,C_160,Plastic Surgery Service, -   , -   , -   ,-,-,0
Y56,RAN,ROYAL NATIONAL ORTHOPAEDIC HOSPITAL NHS TRUST,C_170,Cardiothoracic Surgery Service, -   , -   , -   ,-,-,0
Y56,RAN,ROYAL NATIONAL ORTHOPAEDIC HOSPITAL NHS TRUST,C_300,General Internal Medicine Service, -   , -   , -   ,-,-,0
Y56,RAN,ROYAL NATIONAL ORTHOPAEDIC HOSPITAL NHS TRUST,C_301,Gastroenterology Service,10,4,40.00%,-,-,0
Y56,RAN,ROYAL NATIONAL ORTHOPAEDIC HOSPITAL NHS TRUST,C_320,Cardiology Service, -   , -   , -   ,-,-,0
Y56,RAN,ROYAL NATIONAL ORTHOPAEDIC HOSPITAL NHS TRUST,C_330,Dermatology Service, -   , -   , -   ,-,-,0
Y56,RAN,ROYAL NATIONAL ORTHOPAEDIC HOSPITAL NHS TRUST,C_340,Respiratory Medicine Service, -   , -   , -   ,-,-,0
Y56,RAN,ROYAL NATIONAL ORTHOPAEDIC HOSPITAL NHS TRUST,C_400,Neurology Service,3,3,100.00%,-,-,0
Y56,RAN,ROYAL NATIONAL ORTHOPAEDIC HOSPITAL NHS TRUST,C_410,Rheumatology Service,153,80,52.30%,17.6,34.9,2
Y56,RAN,ROYAL NATIONAL ORTHOPAEDIC HOSPITAL NHS TRUST,C_430,Elderly Medicine Service, -   , -   , -   ,-,-,0
Y56,RAN,ROYAL NATIONAL ORTHOPAEDIC HOSPITAL NHS TRUST,C_502,Gynaecology Service, -   , -   , -   ,-,-,0
Y56,RAN,ROYAL NATIONAL ORTHOPAEDIC HOSPITAL NHS TRUST,X02,Other - Medical Services,573,447,78.00%,8.1,30.6,7
Y56,RAN,ROYAL NATIONAL ORTHOPAEDIC HOSPITAL NHS TRUST,X03,Other - Mental Health Services,2,2,100.00%,-,-,0
Y56,RAN,ROYAL NATIONAL ORTHOPAEDIC HOSPITAL NHS TRUST,X04,Other - Paediatric Services,455,376,82.60%,6.7,26.2,3
Y56,RAN,ROYAL NATIONAL ORTHOPAEDIC HOSPITAL NHS TRUST,X05,Other - Surgical Services, -   , -   , -   ,-,-,0
Y56,RAN,ROYAL NATIONAL ORTHOPAEDIC HOSPITAL NHS TRUST,X06,Other - Other Services,4,4,100.00%,-,-,0
Y56,RAP,NORTH MIDDLESEX UNIVERSITY HOSPITAL NHS TRUST,C_100,General Surgery Service,"1,530","1,245",81.40%,6.5,25.3,4
Y56,RAP,NORTH MIDDLESEX UNIVERSITY HOSPITAL NHS TRUST,C_101,Urology Service,"1,353","1,000",73.90%,10.3,30.1,25
Y56,RAP,NORTH MIDDLESEX UNIVERSITY HOSPITAL NHS TRUST,C_110,Trauma and Orthopaedic Service,802,578,72.10%,8.1,35,34
Y56,RAP,NORTH MIDDLESEX UNIVERSITY HOSPITAL NHS TRUST,C_120,Ear Nose and Throat Service, -   , -   , -   ,-,-,0
Y56,RAP,NORTH MIDDLESEX UNIVERSITY HOSPITAL NHS TRUST,C_130,Ophthalmology Service,933,876,93.90%,3.5,15.9,4
Y56,RAP,NORTH MIDDLESEX UNIVERSITY HOSPITAL NHS TRUST,C_140,Oral Surgery Service, -   , -   , -   ,-,-,0
Y56,RAP,NORTH MIDDLESEX UNIVERSITY HOSPITAL NHS TRUST,C_150,Neurosurgical Service, -   , -   , -   ,-,-,0
Y56,RAP,NORTH MIDDLESEX UNIVERSITY HOSPITAL NHS TRUST,C_160,Plastic Surgery Service, -   , -   , -   ,-,-,0
Y56,RAP,NORTH MIDDLESEX UNIVERSITY HOSPITAL NHS TRUST,C_170,Cardiothoracic Surgery Service, -   , -   , -   ,-,-,0
Y56,RAP,NORTH MIDDLESEX UNIVERSITY HOSPITAL NHS TRUST,C_300,General Internal Medicine Service,419,402,95.90%,5.1,13.6,0
Y56,RAP,NORTH MIDDLESEX UNIVERSITY HOSPITAL NHS TRUST,C_301,Gastroenterology Service,"1,223","1,066",87.20%,7.4,20.8,1
Y56,RAP,NORTH MIDDLESEX UNIVERSITY HOSPITAL NHS TRUST,C_320,Cardiology Service,976,846,86.70%,7.8,23.4,0
Y56,RAP,NORTH MIDDLESEX UNIVERSITY HOSPITAL NHS TRUST,C_330,Dermatology Service,"1,004",863,86.00%,5.6,20.6,0
Y56,RAP,NORTH MIDDLESEX UNIVERSITY HOSPITAL NHS TRUST,C_340,Respiratory Medicine Service,"1,200",996,83.00%,7.5,23.3,1
Y56,RAP,NORTH MIDDLESEX UNIVERSITY HOSPITAL NHS TRUST,C_400,Neurology Service,463,439,94.80%,6.7,16.4,0
Y56,RAP,NORTH MIDDLESEX UNIVERSITY HOSPITAL NHS TRUST,C_410,Rheumatology Service,520,420,80.80%,9.7,23.5,0
Y56,RAP,NORTH MIDDLESEX UNIVERSITY HOSPITAL NHS TRUST,C_430,Elderly Medicine Service,154,134,87.00%,7,19.7,0
Y56,RAP,NORTH MIDDLESEX UNIVERSITY HOSPITAL NHS TRUST,C_502,Gynaecology Service,957,807,84.30%,5.2,26.4,4
Y56,RAP,NORTH MIDDLESEX UNIVERSITY HOSPITAL NHS TRUST,X02,Other - Medical Services,"1,339","1,219",91.00%,6.7,19,10
Y56,RAP,NORTH MIDDLESEX UNIVERSITY HOSPITAL NHS TRUST,X03,Other - Mental Health Services, -   , -   , -   ,-,-,0
Y56,RAP,NORTH MIDDLESEX UNIVERSITY HOSPITAL NHS TRUST,X04,Other - Paediatric Services,629,592,94.10%,4.2,16.4,1
Y56,RAP,NORTH MIDDLESEX UNIVERSITY HOSPITAL NHS TRUST,X05,Other - Surgical Services,50,36,72.00%,11.1,37,1
Y56,RAP,NORTH MIDDLESEX UNIVERSITY HOSPITAL NHS TRUST,X06,Other - Other Services, -   , -   , -   ,-,-,0
Y56,RAS,THE HILLINGDON HOSPITALS NHS FOUNDATION TRUST,C_100,General Surgery Service,"1,149",583,50.70%,17.5,45,75
Y56,RAS,THE HILLINGDON HOSPITALS NHS FOUNDATION TRUST,C_101,Urology Service,"1,005",523,52.00%,16.7,42.7,41
Y56,RAS,THE HILLINGDON HOSPITALS NHS FOUNDATION TRUST,C_110,Trauma and Orthopaedic Service,"3,345","2,101",62.80%,12.2,46.2,243
Y56,RAS,THE HILLINGDON HOSPITALS NHS FOUNDATION TRUST,C_120,Ear Nose and Throat Service,"1,131",552,48.80%,19.1,38.1,2
Y56,RAS,THE HILLINGDON HOSPITALS NHS FOUNDATION TRUST,C_130,Ophthalmology Service,"1,782","1,092",61.30%,12.8,33.6,7
Y56,RAS,THE HILLINGDON HOSPITALS NHS FOUNDATION TRUST,C_140,Oral Surgery Service,"1,072",673,62.80%,13.3,34.2,6
Y56,RAS,THE HILLINGDON HOSPITALS NHS FOUNDATION TRUST,C_150,Neurosurgical Service, -   , -   , -   ,-,-,0
Y56,RAS,THE HILLINGDON HOSPITALS NHS FOUNDATION TRUST,C_160,Plastic Surgery Service,19,8,42.10%,-,-,4
Y56,RAS,THE HILLINGDON HOSPITALS NHS FOUNDATION TRUST,C_170,Cardiothoracic Surgery Service, -   , -   , -   ,-,-,0
Y56,RAS,THE HILLINGDON HOSPITALS NHS FOUNDATION TRUST,C_300,General Internal Medicine Service,117,112,95.70%,8.5,16.5,0
Y56,RAS,THE HILLINGDON HOSPITALS NHS FOUNDATION TRUST,C_301,Gastroenterology Service,727,570,78.40%,7,30.1,5
Y56,RAS,THE HILLINGDON HOSPITALS NHS FOUNDATION TRUST,C_320,Cardiology Service,768,644,83.90%,7.9,24.1,3
Y56,RAS,THE HILLINGDON HOSPITALS NHS FOUNDATION TRUST,C_330,Dermatology Service,607,446,73.50%,7.5,67.6,60
Y56,RAS,THE HILLINGDON HOSPITALS NHS FOUNDATION TRUST,C_340,Respiratory Medicine Service,649,540,83.20%,6.9,23.7,0
Y56,RAS,THE HILLINGDON HOSPITALS NHS FOUNDATION TRUST,C_400,Neurology Service,444,313,70.50%,11.9,35.4,1
Y56,RAS,THE HILLINGDON HOSPITALS NHS FOUNDATION TRUST,C_410,Rheumatology Service,562,238,42.30%,23.9,39.6,2
Y56,RAS,THE HILLINGDON HOSPITALS NHS FOUNDATION TRUST,C_430,Elderly Medicine Service,44,40,90.90%,4.9,19.2,0
Y56,RAS,THE HILLINGDON HOSPITALS NHS FOUNDATION TRUST,C_502,Gynaecology Service,"1,339","1,127",84.20%,7.6,23.2,6
Y56,RAS,THE HILLINGDON HOSPITALS NHS FOUNDATION TRUST,X02,Other - Medical Services,"3,770","1,993",52.90%,16.1,54.1,337
Y56,RAS,THE HILLINGDON HOSPITALS NHS FOUNDATION TRUST,X03,Other - Mental Health Services, -   , -   , -   ,-,-,0
Y56,RAS,THE HILLINGDON HOSPITALS NHS FOUNDATION TRUST,X04,Other - Paediatric Services,953,624,65.50%,11.6,63.8,80
Y56,RAS,THE HILLINGDON HOSPITALS NHS FOUNDATION TRUST,X05,Other - Surgical Services,"1,019",751,73.70%,10.2,33.7,14
Y56,RAS,THE HILLINGDON HOSPITALS NHS FOUNDATION TRUST,X06,Other - Other Services,166,91,54.80%,15.4,32.9,1
Y56,RAT,NORTH EAST LONDON NHS FOUNDATION TRUST,C_100,General Surgery Service, -   , -   , -   ,-,-,0
Y56,RAT,NORTH EAST LONDON NHS FOUNDATION TRUST,C_101,Urology Service, -   , -   , -   ,-,-,0
Y56,RAT,NORTH EAST LONDON NHS FOUNDATION TRUST,C_110,Trauma and Orthopaedic Service, -   , -   , -   ,-,-,0
Y56,RAT,NORTH EAST LONDON NHS FOUNDATION TRUST,C_120,Ear Nose and Throat Service, -   , -   , -   ,-,-,0
Y56,RAT,NORTH EAST LONDON NHS FOUNDATION TRUST,C_130,Ophthalmology Service, -   , -   , -   ,-,-,0
Y56,RAT,NORTH EAST LONDON NHS FOUNDATION TRUST,C_140,Oral Surgery Service, -   , -   , -   ,-,-,0
Y56,RAT,NORTH EAST LONDON NHS FOUNDATION TRUST,C_150,Neurosurgical Service, -   , -   , -   ,-,-,0
Y56,RAT,NORTH EAST LONDON NHS FOUNDATION TRUST,C_160,Plastic Surgery Service, -   , -   , -   ,-,-,0
Y56,RAT,NORTH EAST LONDON NHS FOUNDATION TRUST,C_170,Cardiothoracic Surgery Service, -   , -   , -   ,-,-,0
Y56,RAT,NORTH EAST LONDON NHS FOUNDATION TRUST,C_300,General Internal Medicine Service, -   , -   , -   ,-,-,0
Y56,RAT,NORTH EAST LONDON NHS FOUNDATION TRUST,C_301,Gastroenterology Service, -   , -   , -   ,-,-,0
Y56,RAT,NORTH EAST LONDON NHS FOUNDATION TRUST,C_320,Cardiology Service, -   , -   , -   ,-,-,0
Y56,RAT,NORTH EAST LONDON NHS FOUNDATION TRUST,C_330,Dermatology Service, -   , -   , -   ,-,-,0
Y56,RAT,NORTH EAST LONDON NHS FOUNDATION TRUST,C_340,Respiratory Medicine Service, -   , -   , -   ,-,-,0
Y56,RAT,NORTH EAST LONDON NHS FOUNDATION TRUST,C_400,Neurology Service, -   , -   , -   ,-,-,0
Y56,RAT,NORTH EAST LONDON NHS FOUNDATION TRUST,C_410,Rheumatology Service, -   , -   , -   ,-,-,0
Y56,RAT,NORTH EAST LONDON NHS FOUNDATION TRUST,C_430,Elderly Medicine Service,29,29,100.00%,6,9.9,0
Y56,RAT,NORTH EAST LONDON NHS FOUNDATION TRUST,C_502,Gynaecology Service, -   , -   , -   ,-,-,0
Y56,RAT,NORTH EAST LONDON NHS FOUNDATION TRUST,X02,Other - Medical Services, -   , -   , -   ,-,-,0
Y56,RAT,NORTH EAST LONDON NHS FOUNDATION TRUST,X03,Other - Mental Health Services, -   , -   , -   ,-,-,0
Y56,RAT,NORTH EAST LONDON NHS FOUNDATION TRUST,X04,Other - Paediatric Services,"1,528","1,223",80.00%,7,36.3,66
Y56,RAT,NORTH EAST LONDON NHS FOUNDATION TRUST,X05,Other - Surgical Services, -   , -   , -   ,-,-,0
Y56,RAT,NORTH EAST LONDON NHS FOUNDATION TRUST,X06,Other - Other Services, -   , -   , -   ,-,-,0
Y56,RAX,KINGSTON HOSPITAL NHS FOUNDATION TRUST,C_100,General Surgery Service,618,516,83.50%,7.8,26.4,4
Y56,RAX,KINGSTON HOSPITAL NHS FOUNDATION TRUST,C_101,Urology Service,839,773,92.10%,6.9,17.9,0
Y56,RAX,KINGSTON HOSPITAL NHS FOUNDATION TRUST,C_110,Trauma and Orthopaedic Service,"1,907","1,476",77.40%,8.2,33,17
Y56,RAX,KINGSTON HOSPITAL NHS FOUNDATION TRUST,C_120,Ear Nose and Throat Service,"1,588","1,491",93.90%,5.3,15.1,14
Y56,RAX,KINGSTON HOSPITAL NHS FOUNDATION TRUST,C_130,Ophthalmology Service,"3,951","2,970",75.20%,9.7,30.6,14
Y56,RAX,KINGSTON HOSPITAL NHS FOUNDATION TRUST,C_140,Oral Surgery Service,889,806,90.70%,5.7,20,1
Y56,RAX,KINGSTON HOSPITAL NHS FOUNDATION TRUST,C_150,Neurosurgical Service, -   , -   , -   ,-,-,0
Y56,RAX,KINGSTON HOSPITAL NHS FOUNDATION TRUST,C_160,Plastic Surgery Service,228,209,91.70%,4.2,18.8,0
Y56,RAX,KINGSTON HOSPITAL NHS FOUNDATION TRUST,C_170,Cardiothoracic Surgery Service, -   , -   , -   ,-,-,0
Y56,RAX,KINGSTON HOSPITAL NHS FOUNDATION TRUST,C_300,General Internal Medicine Service,139,130,93.50%,7,16.6,0
Y56,RAX,KINGSTON HOSPITAL NHS FOUNDATION TRUST,C_301,Gastroenterology Service,"1,300","1,092",84.00%,7,25.2,0
Y56,RAX,KINGSTON HOSPITAL NHS FOUNDATION TRUST,C_320,Cardiology Service,855,659,77.10%,10.6,32.1,0
Y56,RAX,KINGSTON HOSPITAL NHS FOUNDATION TRUST,C_330,Dermatology Service,"1,394","1,254",90.00%,6.5,19.4,0
Y56,RAX,KINGSTON HOSPITAL NHS FOUNDATION TRUST,C_340,Respiratory Medicine Service,725,504,69.50%,12.6,31.4,0
Y56,RAX,KINGSTON HOSPITAL NHS FOUNDATION TRUST,C_400,Neurology Service,523,514,98.30%,6.3,13.7,0
Y56,RAX,KINGSTON HOSPITAL NHS FOUNDATION TRUST,C_410,Rheumatology Service,715,617,86.30%,6.9,21.2,0
Y56,RAX,KINGSTON HOSPITAL NHS FOUNDATION TRUST,C_430,Elderly Medicine Service,23,22,95.70%,5,12.2,0
Y56,RAX,KINGSTON HOSPITAL NHS FOUNDATION TRUST,C_502,Gynaecology Service,"2,772","2,416",87.20%,7.8,23.4,0
Y56,RAX,KINGSTON HOSPITAL NHS FOUNDATION TRUST,X02,Other - Medical Services,502,454,90.40%,4.5,19.8,0
Y56,RAX,KINGSTON HOSPITAL NHS FOUNDATION TRUST,X03,Other - Mental Health Services, -   , -   , -   ,-,-,0
Y56,RAX,KINGSTON HOSPITAL NHS FOUNDATION TRUST,X04,Other - Paediatric Services,986,873,88.50%,7,23.5,0
Y56,RAX,KINGSTON HOSPITAL NHS FOUNDATION TRUST,X05,Other - Surgical Services,"2,717","2,437",89.70%,5.6,21.6,2
Y56,RAX,KINGSTON HOSPITAL NHS FOUNDATION TRUST,X06,Other - Other Services,99,79,79.80%,3.3,35.1,0
Y56,RF4,"BARKING, HAVERING AND REDBRIDGE UNIVERSITY HOSPITALS NHS TRUST",C_100,General Surgery Service,"4,096","2,302",56.20%,15.1,51.6,319
Y56,RF4,"BARKING, HAVERING AND REDBRIDGE UNIVERSITY HOSPITALS NHS TRUST",C_101,Urology Service,"4,662","2,741",58.80%,14.6,40,156
Y56,RF4,"BARKING, HAVERING AND REDBRIDGE UNIVERSITY HOSPITALS NHS TRUST",C_110,Trauma and Orthopaedic Service,"6,137","2,871",46.80%,19.8,41,198
Y56,RF4,"BARKING, HAVERING AND REDBRIDGE UNIVERSITY HOSPITALS NHS TRUST",C_120,Ear Nose and Throat Service,"3,374","2,613",77.40%,10.7,31.6,48
Y56,RF4,"BARKING, HAVERING AND REDBRIDGE UNIVERSITY HOSPITALS NHS TRUST",C_130,Ophthalmology Service,"4,433","2,926",66.00%,10,32.7,37
Y56,RF4,"BARKING, HAVERING AND REDBRIDGE UNIVERSITY HOSPITALS NHS TRUST",C_140,Oral Surgery Service, -   , -   , -   ,-,-,0
Y56,RF4,"BARKING, HAVERING AND REDBRIDGE UNIVERSITY HOSPITALS NHS TRUST",C_150,Neurosurgical Service,"2,652","1,648",62.10%,13.3,45.5,171
Y56,RF4,"BARKING, HAVERING AND REDBRIDGE UNIVERSITY HOSPITALS NHS TRUST",C_160,Plastic Surgery Service, -   , -   , -   ,-,-,0
Y56,RF4,"BARKING, HAVERING AND REDBRIDGE UNIVERSITY HOSPITALS NHS TRUST",C_170,Cardiothoracic Surgery Service, -   , -   , -   ,-,-,0
Y56,RF4,"BARKING, HAVERING AND REDBRIDGE UNIVERSITY HOSPITALS NHS TRUST",C_300,General Internal Medicine Service,102,73,71.60%,8.8,31,1
Y56,RF4,"BARKING, HAVERING AND REDBRIDGE UNIVERSITY HOSPITALS NHS TRUST",C_301,Gastroenterology Service,"1,416","1,362",96.20%,7.5,14.9,0
Y56,RF4,"BARKING, HAVERING AND REDBRIDGE UNIVERSITY HOSPITALS NHS TRUST",C_320,Cardiology Service,"1,208","1,140",94.40%,5,15.8,2
Y56,RF4,"BARKING, HAVERING AND REDBRIDGE UNIVERSITY HOSPITALS NHS TRUST",C_330,Dermatology Service,"1,617","1,343",83.10%,7.1,25.2,1
Y56,RF4,"BARKING, HAVERING AND REDBRIDGE UNIVERSITY HOSPITALS NHS TRUST",C_340,Respiratory Medicine Service,679,671,98.80%,3,12.1,1
Y56,RF4,"BARKING, HAVERING AND REDBRIDGE UNIVERSITY HOSPITALS NHS TRUST",C_400,Neurology Service,"2,550","1,518",59.50%,14.4,34.8,2
Y56,RF4,"BARKING, HAVERING AND REDBRIDGE UNIVERSITY HOSPITALS NHS TRUST",C_410,Rheumatology Service,"1,234","1,141",92.50%,7.9,17.4,1
Y56,RF4,"BARKING, HAVERING AND REDBRIDGE UNIVERSITY HOSPITALS NHS TRUST",C_430,Elderly Medicine Service,136,76,55.90%,13.8,34.5,1
Y56,RF4,"BARKING, HAVERING AND REDBRIDGE UNIVERSITY HOSPITALS NHS TRUST",C_502,Gynaecology Service,"5,030","2,707",53.80%,16.1,45,264
Y56,RF4,"BARKING, HAVERING AND REDBRIDGE UNIVERSITY HOSPITALS NHS TRUST",X02,Other - Medical Services,"4,831","3,552",73.50%,9,39.9,223
Y56,RF4,"BARKING, HAVERING AND REDBRIDGE UNIVERSITY HOSPITALS NHS TRUST",X03,Other - Mental Health Services, -   , -   , -   ,-,-,0
Y56,RF4,"BARKING, HAVERING AND REDBRIDGE UNIVERSITY HOSPITALS NHS TRUST",X04,Other - Paediatric Services,588,388,66.00%,12.2,26.9,13
Y56,RF4,"BARKING, HAVERING AND REDBRIDGE UNIVERSITY HOSPITALS NHS TRUST",X05,Other - Surgical Services,"4,321","2,760",63.90%,12.5,41.8,189
Y56,RF4,"BARKING, HAVERING AND REDBRIDGE UNIVERSITY HOSPITALS NHS TRUST",X06,Other - Other Services,446,362,81.20%,6.1,38.3,11
Y56,RJ1,GUY'S AND ST THOMAS' NHS FOUNDATION TRUST,C_100,General Surgery Service,654,360,55.00%,14.4,69.4,93
Y56,RJ1,GUY'S AND ST THOMAS' NHS FOUNDATION TRUST,C_101,Urology Service,"2,745","1,778",64.80%,12.5,36.8,71
Y56,RJ1,GUY'S AND ST THOMAS' NHS FOUNDATION TRUST,C_110,Trauma and Orthopaedic Service,"3,746","2,331",62.20%,12.2,41.8,182
Y56,RJ1,GUY'S AND ST THOMAS' NHS FOUNDATION TRUST,C_120,Ear Nose and Throat Service,"4,890","2,977",60.90%,12.7,68.8,596
Y56,RJ1,GUY'S AND ST THOMAS' NHS FOUNDATION TRUST,C_130,Ophthalmology Service,"5,541","3,632",65.50%,11.7,33.1,28
Y56,RJ1,GUY'S AND ST THOMAS' NHS FOUNDATION TRUST,C_140,Oral Surgery Service,"5,190","3,864",74.50%,11,29.8,100
Y56,RJ1,GUY'S AND ST THOMAS' NHS FOUNDATION TRUST,C_150,Neurosurgical Service, -   , -   , -   ,-,-,0
Y56,RJ1,GUY'S AND ST THOMAS' NHS FOUNDATION TRUST,C_160,Plastic Surgery Service,"1,885",948,50.30%,17.7,71,306
Y56,RJ1,GUY'S AND ST THOMAS' NHS FOUNDATION TRUST,C_170,Cardiothoracic Surgery Service,752,592,78.70%,8.5,32,14
Y56,RJ1,GUY'S AND ST THOMAS' NHS FOUNDATION TRUST,C_300,General Internal Medicine Service,131,120,91.60%,5.2,18.1,0
Y56,RJ1,GUY'S AND ST THOMAS' NHS FOUNDATION TRUST,C_301,Gastroenterology Service,"1,624","1,233",75.90%,9.8,27.4,16
Y56,RJ1,GUY'S AND ST THOMAS' NHS FOUNDATION TRUST,C_320,Cardiology Service,"6,548","4,415",67.40%,11.1,40.4,307
Y56,RJ1,GUY'S AND ST THOMAS' NHS FOUNDATION TRUST,C_330,Dermatology Service,"2,532","2,359",93.20%,5.4,16.6,0
Y56,RJ1,GUY'S AND ST THOMAS' NHS FOUNDATION TRUST,C_340,Respiratory Medicine Service,"2,611","2,253",86.30%,7.4,20.3,0
Y56,RJ1,GUY'S AND ST THOMAS' NHS FOUNDATION TRUST,C_400,Neurology Service,970,828,85.40%,5.8,23,2
Y56,RJ1,GUY'S AND ST THOMAS' NHS FOUNDATION TRUST,C_410,Rheumatology Service,696,598,85.90%,8.4,20.1,0
Y56,RJ1,GUY'S AND ST THOMAS' NHS FOUNDATION TRUST,C_430,Elderly Medicine Service,503,471,93.60%,4.6,16.6,1
Y56,RJ1,GUY'S AND ST THOMAS' NHS FOUNDATION TRUST,C_502,Gynaecology Service,"3,600","2,389",66.40%,11.5,36.3,136
Y56,RJ1,GUY'S AND ST THOMAS' NHS FOUNDATION TRUST,X02,Other - Medical Services,"10,284","8,955",87.10%,6,23.4,63
Y56,RJ1,GUY'S AND ST THOMAS' NHS FOUNDATION TRUST,X03,Other - Mental Health Services,1, -   , -   ,-,-,0
Y56,RJ1,GUY'S AND ST THOMAS' NHS FOUNDATION TRUST,X04,Other - Paediatric Services,"9,669","7,282",75.30%,9.1,29.5,194
Y56,RJ1,GUY'S AND ST THOMAS' NHS FOUNDATION TRUST,X05,Other - Surgical Services,"7,334","4,840",66.00%,10.4,59.9,649
Y56,RJ1,GUY'S AND ST THOMAS' NHS FOUNDATION TRUST,X06,Other - Other Services,"1,220",939,77.00%,6.1,31.1,28
Y56,RJ2,LEWISHAM AND GREENWICH NHS TRUST,C_100,General Surgery Service,"9,119","6,530",71.60%,11.1,40.8,478
Y56,RJ2,LEWISHAM AND GREENWICH NHS TRUST,C_101,Urology Service,"1,886","1,284",68.10%,11.9,36,11
Y56,RJ2,LEWISHAM AND GREENWICH NHS TRUST,C_110,Trauma and Orthopaedic Service,"5,645","2,456",43.50%,21.2,65.8,679
Y56,RJ2,LEWISHAM AND GREENWICH NHS TRUST,C_120,Ear Nose and Throat Service,"8,675","4,745",54.70%,15.7,56.7,776
Y56,RJ2,LEWISHAM AND GREENWICH NHS TRUST,C_130,Ophthalmology Service, -   , -   , -   ,-,-,0
Y56,RJ2,LEWISHAM AND GREENWICH NHS TRUST,C_140,Oral Surgery Service, -   , -   , -   ,-,-,0
Y56,RJ2,LEWISHAM AND GREENWICH NHS TRUST,C_150,Neurosurgical Service, -   , -   , -   ,-,-,0
Y56,RJ2,LEWISHAM AND GREENWICH NHS TRUST,C_160,Plastic Surgery Service,23,11,47.80%,22,37.2,0
Y56,RJ2,LEWISHAM AND GREENWICH NHS TRUST,C_170,Cardiothoracic Surgery Service, -   , -   , -   ,-,-,0
Y56,RJ2,LEWISHAM AND GREENWICH NHS TRUST,C_300,General Internal Medicine Service,693,500,72.20%,11.6,27.6,10
Y56,RJ2,LEWISHAM AND GREENWICH NHS TRUST,C_301,Gastroenterology Service,"3,692","2,763",74.80%,10.8,29.7,7
Y56,RJ2,LEWISHAM AND GREENWICH NHS TRUST,C_320,Cardiology Service,"3,700","2,903",78.50%,9.3,28.7,6
Y56,RJ2,LEWISHAM AND GREENWICH NHS TRUST,C_330,Dermatology Service,"4,003","2,812",70.20%,11.8,33.3,14
Y56,RJ2,LEWISHAM AND GREENWICH NHS TRUST,C_340,Respiratory Medicine Service,"1,620","1,576",97.30%,6.4,14.9,0
Y56,RJ2,LEWISHAM AND GREENWICH NHS TRUST,C_400,Neurology Service,"1,890","1,563",82.70%,8.7,25.8,1
Y56,RJ2,LEWISHAM AND GREENWICH NHS TRUST,C_410,Rheumatology Service,"1,263","1,010",80.00%,8.3,29.4,19
Y56,RJ2,LEWISHAM AND GREENWICH NHS TRUST,C_430,Elderly Medicine Service,237,234,98.70%,3.8,9.6,0
Y56,RJ2,LEWISHAM AND GREENWICH NHS TRUST,C_502,Gynaecology Service,"5,281","3,272",62.00%,13.5,64.1,566
Y56,RJ2,LEWISHAM AND GREENWICH NHS TRUST,X02,Other - Medical Services,"2,630","2,192",83.30%,6.9,25.7,20
Y56,RJ2,LEWISHAM AND GREENWICH NHS TRUST,X03,Other - Mental Health Services, -   , -   , -   ,-,-,0
Y56,RJ2,LEWISHAM AND GREENWICH NHS TRUST,X04,Other - Paediatric Services,"2,887","2,323",80.50%,9,26,3
Y56,RJ2,LEWISHAM AND GREENWICH NHS TRUST,X05,Other - Surgical Services,"1,153",872,75.60%,9.9,34.2,17
Y56,RJ2,LEWISHAM AND GREENWICH NHS TRUST,X06,Other - Other Services,3,1,33.30%,-,-,0
Y56,RJ6,CROYDON HEALTH SERVICES NHS TRUST,C_100,General Surgery Service,"1,080",933,86.40%,7.6,25.1,5
Y56,RJ6,CROYDON HEALTH SERVICES NHS TRUST,C_101,Urology Service,"1,305","1,200",92.00%,7.4,18.1,3
Y56,RJ6,CROYDON HEALTH SERVICES NHS TRUST,C_110,Trauma and Orthopaedic Service,"1,456","1,130",77.60%,10.2,28.7,5
Y56,RJ6,CROYDON HEALTH SERVICES NHS TRUST,C_120,Ear Nose and Throat Service,"1,495","1,328",88.80%,6.7,23.2,12
Y56,RJ6,CROYDON HEALTH SERVICES NHS TRUST,C_130,Ophthalmology Service, -   , -   , -   ,-,-,0
Y56,RJ6,CROYDON HEALTH SERVICES NHS TRUST,C_140,Oral Surgery Service,"1,293","1,100",85.10%,8,26.7,8
Y56,RJ6,CROYDON HEALTH SERVICES NHS TRUST,C_150,Neurosurgical Service, -   , -   , -   ,-,-,0
Y56,RJ6,CROYDON HEALTH SERVICES NHS TRUST,C_160,Plastic Surgery Service,74,53,71.60%,10.8,32.3,3
Y56,RJ6,CROYDON HEALTH SERVICES NHS TRUST,C_170,Cardiothoracic Surgery Service, -   , -   , -   ,-,-,0
Y56,RJ6,CROYDON HEALTH SERVICES NHS TRUST,C_300,General Internal Medicine Service,86,62,72.10%,9.8,23.9,0
Y56,RJ6,CROYDON HEALTH SERVICES NHS TRUST,C_301,Gastroenterology Service,"1,689","1,429",84.60%,9.5,22.7,1
Y56,RJ6,CROYDON HEALTH SERVICES NHS TRUST,C_320,Cardiology Service,572,572,100.00%,3.6,9.9,0
Y56,RJ6,CROYDON HEALTH SERVICES NHS TRUST,C_330,Dermatology Service,"2,304","1,638",71.10%,10.3,30.4,3
Y56,RJ6,CROYDON HEALTH SERVICES NHS TRUST,C_340,Respiratory Medicine Service,673,666,99.00%,5,15,0
Y56,RJ6,CROYDON HEALTH SERVICES NHS TRUST,C_400,Neurology Service,545,536,98.30%,6.1,14.1,0
Y56,RJ6,CROYDON HEALTH SERVICES NHS TRUST,C_410,Rheumatology Service,384,382,99.50%,3.7,9.8,0
Y56,RJ6,CROYDON HEALTH SERVICES NHS TRUST,C_430,Elderly Medicine Service,49,49,100.00%,3.5,5.8,0
Y56,RJ6,CROYDON HEALTH SERVICES NHS TRUST,C_502,Gynaecology Service,"2,537","2,148",84.70%,7.9,25.2,3
Y56,RJ6,CROYDON HEALTH SERVICES NHS TRUST,X02,Other - Medical Services,"2,356","2,150",91.30%,5.6,18.7,3
Y56,RJ6,CROYDON HEALTH SERVICES NHS TRUST,X03,Other - Mental Health Services, -   , -   , -   ,-,-,0
Y56,RJ6,CROYDON HEALTH SERVICES NHS TRUST,X04,Other - Paediatric Services,522,489,93.70%,7.2,17.1,1
Y56,RJ6,CROYDON HEALTH SERVICES NHS TRUST,X05,Other - Surgical Services,"2,371","2,235",94.30%,5.1,16.7,5
Y56,RJ6,CROYDON HEALTH SERVICES NHS TRUST,X06,Other - Other Services,95,90,94.70%,7.2,15.5,0
Y56,RJ7,ST GEORGE'S UNIVERSITY HOSPITALS NHS FOUNDATION TRUST,C_100,General Surgery Service,"1,397",741,53.00%,16.5,62.4,152
Y56,RJ7,ST GEORGE'S UNIVERSITY HOSPITALS NHS FOUNDATION TRUST,C_101,Urology Service,"1,842","1,414",76.80%,7.7,36.5,83
Y56,RJ7,ST GEORGE'S UNIVERSITY HOSPITALS NHS FOUNDATION TRUST,C_110,Trauma and Orthopaedic Service,"2,129","1,641",77.10%,8.4,31.3,18
Y56,RJ7,ST GEORGE'S UNIVERSITY HOSPITALS NHS FOUNDATION TRUST,C_120,Ear Nose and Throat Service,"4,512","2,913",64.60%,12.2,44.9,267
Y56,RJ7,ST GEORGE'S UNIVERSITY HOSPITALS NHS FOUNDATION TRUST,C_130,Ophthalmology Service,383,109,28.50%,25.9,66.1,55
Y56,RJ7,ST GEORGE'S UNIVERSITY HOSPITALS NHS FOUNDATION TRUST,C_140,Oral Surgery Service,"1,031",704,68.30%,11.1,42.4,61
Y56,RJ7,ST GEORGE'S UNIVERSITY HOSPITALS NHS FOUNDATION TRUST,C_150,Neurosurgical Service,"2,158","1,501",69.60%,10.5,36,43
Y56,RJ7,ST GEORGE'S UNIVERSITY HOSPITALS NHS FOUNDATION TRUST,C_160,Plastic Surgery Service,"1,199",812,67.70%,9.2,61.4,109
Y56,RJ7,ST GEORGE'S UNIVERSITY HOSPITALS NHS FOUNDATION TRUST,C_170,Cardiothoracic Surgery Service,225,211,93.80%,5.8,17.3,0
Y56,RJ7,ST GEORGE'S UNIVERSITY HOSPITALS NHS FOUNDATION TRUST,C_300,General Internal Medicine Service,19,16,84.20%,-,-,0
Y56,RJ7,ST GEORGE'S UNIVERSITY HOSPITALS NHS FOUNDATION TRUST,C_301,Gastroenterology Service,"3,200","2,529",79.00%,9.2,29,7
Y56,RJ7,ST GEORGE'S UNIVERSITY HOSPITALS NHS FOUNDATION TRUST,C_320,Cardiology Service,"3,639","2,471",67.90%,10.4,47.6,243
Y56,RJ7,ST GEORGE'S UNIVERSITY HOSPITALS NHS FOUNDATION TRUST,C_330,Dermatology Service,"2,256","1,988",88.10%,6.6,23.8,12
Y56,RJ7,ST GEORGE'S UNIVERSITY HOSPITALS NHS FOUNDATION TRUST,C_340,Respiratory Medicine Service,"1,169","1,079",92.30%,6.5,17.4,0
Y56,RJ7,ST GEORGE'S UNIVERSITY HOSPITALS NHS FOUNDATION TRUST,C_400,Neurology Service,"1,894","1,688",89.10%,5.9,20.4,0
Y56,RJ7,ST GEORGE'S UNIVERSITY HOSPITALS NHS FOUNDATION TRUST,C_410,Rheumatology Service,893,735,82.30%,8.1,26.9,0
Y56,RJ7,ST GEORGE'S UNIVERSITY HOSPITALS NHS FOUNDATION TRUST,C_430,Elderly Medicine Service,52,50,96.20%,6.4,15.4,0
Y56,RJ7,ST GEORGE'S UNIVERSITY HOSPITALS NHS FOUNDATION TRUST,C_502,Gynaecology Service,"2,224","1,705",76.70%,8.2,32.5,24
Y56,RJ7,ST GEORGE'S UNIVERSITY HOSPITALS NHS FOUNDATION TRUST,X02,Other - Medical Services,"6,593","5,394",81.80%,7.9,27.7,55
Y56,RJ7,ST GEORGE'S UNIVERSITY HOSPITALS NHS FOUNDATION TRUST,X03,Other - Mental Health Services, -   , -   , -   ,-,-,0
Y56,RJ7,ST GEORGE'S UNIVERSITY HOSPITALS NHS FOUNDATION TRUST,X04,Other - Paediatric Services,"2,632","2,069",78.60%,8.9,33,70
Y56,RJ7,ST GEORGE'S UNIVERSITY HOSPITALS NHS FOUNDATION TRUST,X05,Other - Surgical Services,"4,253","2,812",66.10%,11.9,50,314
Y56,RJ7,ST GEORGE'S UNIVERSITY HOSPITALS NHS FOUNDATION TRUST,X06,Other - Other Services,"1,432",891,62.20%,12.8,45.4,83
Y56,RJZ,KING'S COLLEGE HOSPITAL NHS FOUNDATION TRUST,C_100,General Surgery Service,"3,834","2,695",70.30%,11.4,42.6,211
Y56,RJZ,KING'S COLLEGE HOSPITAL NHS FOUNDATION TRUST,C_101,Urology Service,"2,621","2,108",80.40%,8.4,29,21
Y56,RJZ,KING'S COLLEGE HOSPITAL NHS FOUNDATION TRUST,C_110,Trauma and Orthopaedic Service,"4,564","2,889",63.30%,11.1,40,201
Y56,RJZ,KING'S COLLEGE HOSPITAL NHS FOUNDATION TRUST,C_120,Ear Nose and Throat Service,"2,651","1,533",57.80%,14.9,43.9,127
Y56,RJZ,KING'S COLLEGE HOSPITAL NHS FOUNDATION TRUST,C_130,Ophthalmology Service,"4,624","2,669",57.70%,11.9,71.9,963
Y56,RJZ,KING'S COLLEGE HOSPITAL NHS FOUNDATION TRUST,C_140,Oral Surgery Service,"8,768","4,722",53.90%,16.3,64,869
Y56,RJZ,KING'S COLLEGE HOSPITAL NHS FOUNDATION TRUST,C_150,Neurosurgical Service,"1,822","1,274",69.90%,10,44.9,110
Y56,RJZ,KING'S COLLEGE HOSPITAL NHS FOUNDATION TRUST,C_160,Plastic Surgery Service,20,9,45.00%,25.5,72.4,3
Y56,RJZ,KING'S COLLEGE HOSPITAL NHS FOUNDATION TRUST,C_170,Cardiothoracic Surgery Service,165,126,76.40%,9,29.3,1
Y56,RJZ,KING'S COLLEGE HOSPITAL NHS FOUNDATION TRUST,C_300,General Internal Medicine Service,"1,400","1,255",89.60%,7.2,22.6,4
Y56,RJZ,KING'S COLLEGE HOSPITAL NHS FOUNDATION TRUST,C_301,Gastroenterology Service,"1,388","1,062",76.50%,8.9,33.1,11
Y56,RJZ,KING'S COLLEGE HOSPITAL NHS FOUNDATION TRUST,C_320,Cardiology Service,"2,142","1,767",82.50%,6.7,29.3,11
Y56,RJZ,KING'S COLLEGE HOSPITAL NHS FOUNDATION TRUST,C_330,Dermatology Service,"2,174","1,903",87.50%,6.2,23.8,1
Y56,RJZ,KING'S COLLEGE HOSPITAL NHS FOUNDATION TRUST,C_340,Respiratory Medicine Service,"2,027","1,761",86.90%,6.7,24.8,3
Y56,RJZ,KING'S COLLEGE HOSPITAL NHS FOUNDATION TRUST,C_400,Neurology Service,"1,595","1,484",93.00%,5.3,17.2,1
Y56,RJZ,KING'S COLLEGE HOSPITAL NHS FOUNDATION TRUST,C_410,Rheumatology Service,825,762,92.40%,4.9,17.8,0
Y56,RJZ,KING'S COLLEGE HOSPITAL NHS FOUNDATION TRUST,C_430,Elderly Medicine Service,300,287,95.70%,4.4,16.4,1
Y56,RJZ,KING'S COLLEGE HOSPITAL NHS FOUNDATION TRUST,C_502,Gynaecology Service,"4,672","3,566",76.30%,9.7,34.7,70
Y56,RJZ,KING'S COLLEGE HOSPITAL NHS FOUNDATION TRUST,X02,Other - Medical Services,"5,683","4,757",83.70%,7.2,27.5,71
Y56,RJZ,KING'S COLLEGE HOSPITAL NHS FOUNDATION TRUST,X03,Other - Mental Health Services, -   , -   , -   ,-,-,0
Y56,RJZ,KING'S COLLEGE HOSPITAL NHS FOUNDATION TRUST,X04,Other - Paediatric Services,"1,540","1,234",80.10%,7.8,67.1,179
Y56,RJZ,KING'S COLLEGE HOSPITAL NHS FOUNDATION TRUST,X05,Other - Surgical Services,"8,689","5,843",67.20%,10.6,45.1,606
Y56,RJZ,KING'S COLLEGE HOSPITAL NHS FOUNDATION TRUST,X06,Other - Other Services,948,499,52.60%,15.9,65.4,113
Y56,RKE,WHITTINGTON HEALTH NHS TRUST,C_100,General Surgery Service,"2,613","1,548",59.20%,12.8,67.7,342
Y56,RKE,WHITTINGTON HEALTH NHS TRUST,C_101,Urology Service,"1,235",846,68.50%,12.2,40.8,66
Y56,RKE,WHITTINGTON HEALTH NHS TRUST,C_110,Trauma and Orthopaedic Service,"1,976","1,243",62.90%,11,65.7,247
Y56,RKE,WHITTINGTON HEALTH NHS TRUST,C_120,Ear Nose and Throat Service,437,273,62.50%,11.6,66.4,55
Y56,RKE,WHITTINGTON HEALTH NHS TRUST,C_130,Ophthalmology Service,"1,599","1,218",76.20%,10.2,60,134
Y56,RKE,WHITTINGTON HEALTH NHS TRUST,C_140,Oral Surgery Service,205,101,49.30%,18.3,34.4,1
Y56,RKE,WHITTINGTON HEALTH NHS TRUST,C_150,Neurosurgical Service, -   , -   , -   ,-,-,0
Y56,RKE,WHITTINGTON HEALTH NHS TRUST,C_160,Plastic Surgery Service,40,16,40.00%,23.5,37.4,1
Y56,RKE,WHITTINGTON HEALTH NHS TRUST,C_170,Cardiothoracic Surgery Service, -   , -   , -   ,-,-,0
Y56,RKE,WHITTINGTON HEALTH NHS TRUST,C_300,General Internal Medicine Service,88,78,88.60%,6.9,27,0
Y56,RKE,WHITTINGTON HEALTH NHS TRUST,C_301,Gastroenterology Service,997,793,79.50%,8.1,27.6,3
Y56,RKE,WHITTINGTON HEALTH NHS TRUST,C_320,Cardiology Service,933,783,83.90%,9.4,23.1,0
Y56,RKE,WHITTINGTON HEALTH NHS TRUST,C_330,Dermatology Service,954,587,61.50%,13.6,40.5,16
Y56,RKE,WHITTINGTON HEALTH NHS TRUST,C_340,Respiratory Medicine Service,593,470,79.30%,9.5,25.3,0
Y56,RKE,WHITTINGTON HEALTH NHS TRUST,C_400,Neurology Service,207,179,86.50%,6.5,24.6,0
Y56,RKE,WHITTINGTON HEALTH NHS TRUST,C_410,Rheumatology Service,181,176,97.20%,3.7,13.8,0
Y56,RKE,WHITTINGTON HEALTH NHS TRUST,C_430,Elderly Medicine Service,79,76,96.20%,4.9,15.6,0
Y56,RKE,WHITTINGTON HEALTH NHS TRUST,C_502,Gynaecology Service,"1,520","1,193",78.50%,7.6,30.6,6
Y56,RKE,WHITTINGTON HEALTH NHS TRUST,X02,Other - Medical Services,"2,343","2,147",91.60%,6,18.2,1
Y56,RKE,WHITTINGTON HEALTH NHS TRUST,X03,Other - Mental Health Services, -   , -   , -   ,-,-,0
Y56,RKE,WHITTINGTON HEALTH NHS TRUST,X04,Other - Paediatric Services,16,15,93.80%,-,-,0
Y56,RKE,WHITTINGTON HEALTH NHS TRUST,X05,Other - Surgical Services, -   , -   , -   ,-,-,0
Y56,RKE,WHITTINGTON HEALTH NHS TRUST,X06,Other - Other Services, -   , -   , -   ,-,-,0
Y56,RKL,WEST LONDON NHS TRUST,C_100,General Surgery Service, -   , -   , -   ,-,-,0
Y56,RKL,WEST LONDON NHS TRUST,C_101,Urology Service, -   , -   , -   ,-,-,0
Y56,RKL,WEST LONDON NHS TRUST,C_110,Trauma and Orthopaedic Service,"3,105","2,315",74.60%,9.8,26.3,5
Y56,RKL,WEST LONDON NHS TRUST,C_120,Ear Nose and Throat Service, -   , -   , -   ,-,-,0
Y56,RKL,WEST LONDON NHS TRUST,C_130,Ophthalmology Service, -   , -   , -   ,-,-,0
Y56,RKL,WEST LONDON NHS TRUST,C_140,Oral Surgery Service, -   , -   , -   ,-,-,0
Y56,RKL,WEST LONDON NHS TRUST,C_150,Neurosurgical Service, -   , -   , -   ,-,-,0
Y56,RKL,WEST LONDON NHS TRUST,C_160,Plastic Surgery Service, -   , -   , -   ,-,-,0
Y56,RKL,WEST LONDON NHS TRUST,C_170,Cardiothoracic Surgery Service, -   , -   , -   ,-,-,0
Y56,RKL,WEST LONDON NHS TRUST,C_300,General Internal Medicine Service, -   , -   , -   ,-,-,0
Y56,RKL,WEST LONDON NHS TRUST,C_301,Gastroenterology Service, -   , -   , -   ,-,-,0
Y56,RKL,WEST LONDON NHS TRUST,C_320,Cardiology Service, -   , -   , -   ,-,-,0
Y56,RKL,WEST LONDON NHS TRUST,C_330,Dermatology Service, -   , -   , -   ,-,-,0
Y56,RKL,WEST LONDON NHS TRUST,C_340,Respiratory Medicine Service, -   , -   , -   ,-,-,0
Y56,RKL,WEST LONDON NHS TRUST,C_400,Neurology Service, -   , -   , -   ,-,-,0
Y56,RKL,WEST LONDON NHS TRUST,C_410,Rheumatology Service, -   , -   , -   ,-,-,0
Y56,RKL,WEST LONDON NHS TRUST,C_430,Elderly Medicine Service, -   , -   , -   ,-,-,0
Y56,RKL,WEST LONDON NHS TRUST,C_502,Gynaecology Service, -   , -   , -   ,-,-,0
Y56,RKL,WEST LONDON NHS TRUST,X02,Other - Medical Services, -   , -   , -   ,-,-,0
Y56,RKL,WEST LONDON NHS TRUST,X03,Other - Mental Health Services, -   , -   , -   ,-,-,0
Y56,RKL,WEST LONDON NHS TRUST,X04,Other - Paediatric Services,57,54,94.70%,2.2,12.2,0
Y56,RKL,WEST LONDON NHS TRUST,X05,Other - Surgical Services, -   , -   , -   ,-,-,0
Y56,RKL,WEST LONDON NHS TRUST,X06,Other - Other Services, -   , -   , -   ,-,-,0
Y56,RP4,GREAT ORMOND STREET HOSPITAL FOR CHILDREN NHS FOUNDATION TRUST,C_100,General Surgery Service, -   ,,,-,,0
Y56,RP4,GREAT ORMOND STREET HOSPITAL FOR CHILDREN NHS FOUNDATION TRUST,C_101,Urology Service, -   ,,,-,,0
Y56,RP4,GREAT ORMOND STREET HOSPITAL FOR CHILDREN NHS FOUNDATION TRUST,C_110,Trauma and Orthopaedic Service, -   ,,,-,,0
Y56,RP4,GREAT ORMOND STREET HOSPITAL FOR CHILDREN NHS FOUNDATION TRUST,C_120,Ear Nose and Throat Service, -   ,,,-,,0
Y56,RP4,GREAT ORMOND STREET HOSPITAL FOR CHILDREN NHS FOUNDATION TRUST,C_130,Ophthalmology Service, -   ,,,-,,0
Y56,RP4,GREAT ORMOND STREET HOSPITAL FOR CHILDREN NHS FOUNDATION TRUST,C_140,Oral Surgery Service, -   ,,,-,,0
Y56,RP4,GREAT ORMOND STREET HOSPITAL FOR CHILDREN NHS FOUNDATION TRUST,C_150,Neurosurgical Service, -   ,,,-,,0
Y56,RP4,GREAT ORMOND STREET HOSPITAL FOR CHILDREN NHS FOUNDATION TRUST,C_160,Plastic Surgery Service, -   ,,,-,,0
Y56,RP4,GREAT ORMOND STREET HOSPITAL FOR CHILDREN NHS FOUNDATION TRUST,C_170,Cardiothoracic Surgery Service, -   ,,,-,,0
Y56,RP4,GREAT ORMOND STREET HOSPITAL FOR CHILDREN NHS FOUNDATION TRUST,C_300,General Internal Medicine Service, -   ,,,-,,0
Y56,RP4,GREAT ORMOND STREET HOSPITAL FOR CHILDREN NHS FOUNDATION TRUST,C_301,Gastroenterology Service, -   ,,,-,,0
Y56,RP4,GREAT ORMOND STREET HOSPITAL FOR CHILDREN NHS FOUNDATION TRUST,C_320,Cardiology Service, -   ,,,-,,0
Y56,RP4,GREAT ORMOND STREET HOSPITAL FOR CHILDREN NHS FOUNDATION TRUST,C_330,Dermatology Service, -   ,,,-,,0
Y56,RP4,GREAT ORMOND STREET HOSPITAL FOR CHILDREN NHS FOUNDATION TRUST,C_340,Respiratory Medicine Service, -   ,,,-,,0
Y56,RP4,GREAT ORMOND STREET HOSPITAL FOR CHILDREN NHS FOUNDATION TRUST,C_400,Neurology Service, -   ,,,-,,0
Y56,RP4,GREAT ORMOND STREET HOSPITAL FOR CHILDREN NHS FOUNDATION TRUST,C_410,Rheumatology Service, -   ,,,-,,0
Y56,RP4,GREAT ORMOND STREET HOSPITAL FOR CHILDREN NHS FOUNDATION TRUST,C_430,Elderly Medicine Service, -   ,,,-,,0
Y56,RP4,GREAT ORMOND STREET HOSPITAL FOR CHILDREN NHS FOUNDATION TRUST,C_502,Gynaecology Service, -   ,,,-,,0
Y56,RP4,GREAT ORMOND STREET HOSPITAL FOR CHILDREN NHS FOUNDATION TRUST,X02,Other - Medical Services,798,,,4.3,,4
Y56,RP4,GREAT ORMOND STREET HOSPITAL FOR CHILDREN NHS FOUNDATION TRUST,X03,Other - Mental Health Services,207,,,8.4,,3
Y56,RP4,GREAT ORMOND STREET HOSPITAL FOR CHILDREN NHS FOUNDATION TRUST,X04,Other - Paediatric Services,"5,836",,,9.2,,356
Y56,RP4,GREAT ORMOND STREET HOSPITAL FOR CHILDREN NHS FOUNDATION TRUST,X05,Other - Surgical Services,39,,,23.5,,5
Y56,RP4,GREAT ORMOND STREET HOSPITAL FOR CHILDREN NHS FOUNDATION TRUST,X06,Other - Other Services,49,,,7,,1
Y56,RP6,MOORFIELDS EYE HOSPITAL NHS FOUNDATION TRUST,C_100,General Surgery Service, -   , -   , -   ,-,-,0
Y56,RP6,MOORFIELDS EYE HOSPITAL NHS FOUNDATION TRUST,C_101,Urology Service, -   , -   , -   ,-,-,0
Y56,RP6,MOORFIELDS EYE HOSPITAL NHS FOUNDATION TRUST,C_110,Trauma and Orthopaedic Service, -   , -   , -   ,-,-,0
Y56,RP6,MOORFIELDS EYE HOSPITAL NHS FOUNDATION TRUST,C_120,Ear Nose and Throat Service, -   , -   , -   ,-,-,0
Y56,RP6,MOORFIELDS EYE HOSPITAL NHS FOUNDATION TRUST,C_130,Ophthalmology Service,"33,189","25,027",75.40%,9.1,29.6,111
Y56,RP6,MOORFIELDS EYE HOSPITAL NHS FOUNDATION TRUST,C_140,Oral Surgery Service, -   , -   , -   ,-,-,0
Y56,RP6,MOORFIELDS EYE HOSPITAL NHS FOUNDATION TRUST,C_150,Neurosurgical Service, -   , -   , -   ,-,-,0
Y56,RP6,MOORFIELDS EYE HOSPITAL NHS FOUNDATION TRUST,C_160,Plastic Surgery Service, -   , -   , -   ,-,-,0
Y56,RP6,MOORFIELDS EYE HOSPITAL NHS FOUNDATION TRUST,C_170,Cardiothoracic Surgery Service, -   , -   , -   ,-,-,0
Y56,RP6,MOORFIELDS EYE HOSPITAL NHS FOUNDATION TRUST,C_300,General Internal Medicine Service, -   , -   , -   ,-,-,0
Y56,RP6,MOORFIELDS EYE HOSPITAL NHS FOUNDATION TRUST,C_301,Gastroenterology Service, -   , -   , -   ,-,-,0
Y56,RP6,MOORFIELDS EYE HOSPITAL NHS FOUNDATION TRUST,C_320,Cardiology Service, -   , -   , -   ,-,-,0
Y56,RP6,MOORFIELDS EYE HOSPITAL NHS FOUNDATION TRUST,C_330,Dermatology Service, -   , -   , -   ,-,-,0
Y56,RP6,MOORFIELDS EYE HOSPITAL NHS FOUNDATION TRUST,C_340,Respiratory Medicine Service, -   , -   , -   ,-,-,0
Y56,RP6,MOORFIELDS EYE HOSPITAL NHS FOUNDATION TRUST,C_400,Neurology Service, -   , -   , -   ,-,-,0
Y56,RP6,MOORFIELDS EYE HOSPITAL NHS FOUNDATION TRUST,C_410,Rheumatology Service, -   , -   , -   ,-,-,0
Y56,RP6,MOORFIELDS EYE HOSPITAL NHS FOUNDATION TRUST,C_430,Elderly Medicine Service, -   , -   , -   ,-,-,0
Y56,RP6,MOORFIELDS EYE HOSPITAL NHS FOUNDATION TRUST,C_502,Gynaecology Service, -   , -   , -   ,-,-,0
Y56,RP6,MOORFIELDS EYE HOSPITAL NHS FOUNDATION TRUST,X02,Other - Medical Services, -   , -   , -   ,-,-,0
Y56,RP6,MOORFIELDS EYE HOSPITAL NHS FOUNDATION TRUST,X03,Other - Mental Health Services, -   , -   , -   ,-,-,0
Y56,RP6,MOORFIELDS EYE HOSPITAL NHS FOUNDATION TRUST,X04,Other - Paediatric Services, -   , -   , -   ,-,-,0
Y56,RP6,MOORFIELDS EYE HOSPITAL NHS FOUNDATION TRUST,X05,Other - Surgical Services, -   , -   , -   ,-,-,0
Y56,RP6,MOORFIELDS EYE HOSPITAL NHS FOUNDATION TRUST,X06,Other - Other Services, -   , -   , -   ,-,-,0
Y56,RPG,OXLEAS NHS FOUNDATION TRUST,C_100,General Surgery Service, -   , -   , -   ,-,-,0
Y56,RPG,OXLEAS NHS FOUNDATION TRUST,C_101,Urology Service, -   , -   , -   ,-,-,0
Y56,RPG,OXLEAS NHS FOUNDATION TRUST,C_110,Trauma and Orthopaedic Service, -   , -   , -   ,-,-,0
Y56,RPG,OXLEAS NHS FOUNDATION TRUST,C_120,Ear Nose and Throat Service, -   , -   , -   ,-,-,0
Y56,RPG,OXLEAS NHS FOUNDATION TRUST,C_130,Ophthalmology Service, -   , -   , -   ,-,-,0
Y56,RPG,OXLEAS NHS FOUNDATION TRUST,C_140,Oral Surgery Service, -   , -   , -   ,-,-,0
Y56,RPG,OXLEAS NHS FOUNDATION TRUST,C_150,Neurosurgical Service, -   , -   , -   ,-,-,0
Y56,RPG,OXLEAS NHS FOUNDATION TRUST,C_160,Plastic Surgery Service, -   , -   , -   ,-,-,0
Y56,RPG,OXLEAS NHS FOUNDATION TRUST,C_170,Cardiothoracic Surgery Service, -   , -   , -   ,-,-,0
Y56,RPG,OXLEAS NHS FOUNDATION TRUST,C_300,General Internal Medicine Service, -   , -   , -   ,-,-,0
Y56,RPG,OXLEAS NHS FOUNDATION TRUST,C_301,Gastroenterology Service, -   , -   , -   ,-,-,0
Y56,RPG,OXLEAS NHS FOUNDATION TRUST,C_320,Cardiology Service, -   , -   , -   ,-,-,0
Y56,RPG,OXLEAS NHS FOUNDATION TRUST,C_330,Dermatology Service, -   , -   , -   ,-,-,0
Y56,RPG,OXLEAS NHS FOUNDATION TRUST,C_340,Respiratory Medicine Service, -   , -   , -   ,-,-,0
Y56,RPG,OXLEAS NHS FOUNDATION TRUST,C_400,Neurology Service, -   , -   , -   ,-,-,0
Y56,RPG,OXLEAS NHS FOUNDATION TRUST,C_410,Rheumatology Service, -   , -   , -   ,-,-,0
Y56,RPG,OXLEAS NHS FOUNDATION TRUST,C_430,Elderly Medicine Service, -   , -   , -   ,-,-,0
Y56,RPG,OXLEAS NHS FOUNDATION TRUST,C_502,Gynaecology Service, -   , -   , -   ,-,-,0
Y56,RPG,OXLEAS NHS FOUNDATION TRUST,X02,Other - Medical Services, -   , -   , -   ,-,-,0
Y56,RPG,OXLEAS NHS FOUNDATION TRUST,X03,Other - Mental Health Services, -   , -   , -   ,-,-,0
Y56,RPG,OXLEAS NHS FOUNDATION TRUST,X04,Other - Paediatric Services, -   , -   , -   ,-,-,0
Y56,RPG,OXLEAS NHS FOUNDATION TRUST,X05,Other - Surgical Services, -   , -   , -   ,-,-,0
Y56,RPG,OXLEAS NHS FOUNDATION TRUST,X06,Other - Other Services,450,446,99.10%,4,10.3,0
Y56,RPY,THE ROYAL MARSDEN NHS FOUNDATION TRUST,C_100,General Surgery Service,208,194,93.30%,4.2,17.1,1
Y56,RPY,THE ROYAL MARSDEN NHS FOUNDATION TRUST,C_101,Urology Service,52,48,92.30%,4.8,16.8,0
Y56,RPY,THE ROYAL MARSDEN NHS FOUNDATION TRUST,C_110,Trauma and Orthopaedic Service, -   , -   , -   ,-,-,0
Y56,RPY,THE ROYAL MARSDEN NHS FOUNDATION TRUST,C_120,Ear Nose and Throat Service,38,36,94.70%,3.3,10,0
Y56,RPY,THE ROYAL MARSDEN NHS FOUNDATION TRUST,C_130,Ophthalmology Service, -   , -   , -   ,-,-,0
Y56,RPY,THE ROYAL MARSDEN NHS FOUNDATION TRUST,C_140,Oral Surgery Service,39,34,87.20%,5,25.9,1
Y56,RPY,THE ROYAL MARSDEN NHS FOUNDATION TRUST,C_150,Neurosurgical Service, -   , -   , -   ,-,-,0
Y56,RPY,THE ROYAL MARSDEN NHS FOUNDATION TRUST,C_160,Plastic Surgery Service,45,31,68.90%,10.5,42.4,2
Y56,RPY,THE ROYAL MARSDEN NHS FOUNDATION TRUST,C_170,Cardiothoracic Surgery Service, -   , -   , -   ,-,-,0
Y56,RPY,THE ROYAL MARSDEN NHS FOUNDATION TRUST,C_300,General Internal Medicine Service, -   , -   , -   ,-,-,0
Y56,RPY,THE ROYAL MARSDEN NHS FOUNDATION TRUST,C_301,Gastroenterology Service,12,11,91.70%,-,-,0
Y56,RPY,THE ROYAL MARSDEN NHS FOUNDATION TRUST,C_320,Cardiology Service, -   , -   , -   ,-,-,0
Y56,RPY,THE ROYAL MARSDEN NHS FOUNDATION TRUST,C_330,Dermatology Service,8,7,87.50%,-,-,0
Y56,RPY,THE ROYAL MARSDEN NHS FOUNDATION TRUST,C_340,Respiratory Medicine Service, -   , -   , -   ,-,-,0
Y56,RPY,THE ROYAL MARSDEN NHS FOUNDATION TRUST,C_400,Neurology Service, -   , -   , -   ,-,-,0
Y56,RPY,THE ROYAL MARSDEN NHS FOUNDATION TRUST,C_410,Rheumatology Service, -   , -   , -   ,-,-,0
Y56,RPY,THE ROYAL MARSDEN NHS FOUNDATION TRUST,C_430,Elderly Medicine Service, -   , -   , -   ,-,-,0
Y56,RPY,THE ROYAL MARSDEN NHS FOUNDATION TRUST,C_502,Gynaecology Service, -   , -   , -   ,-,-,0
Y56,RPY,THE ROYAL MARSDEN NHS FOUNDATION TRUST,X02,Other - Medical Services,230,224,97.40%,5.2,14.9,0
Y56,RPY,THE ROYAL MARSDEN NHS FOUNDATION TRUST,X03,Other - Mental Health Services, -   , -   , -   ,-,-,0
Y56,RPY,THE ROYAL MARSDEN NHS FOUNDATION TRUST,X04,Other - Paediatric Services,16,16,100.00%,-,-,0
Y56,RPY,THE ROYAL MARSDEN NHS FOUNDATION TRUST,X05,Other - Surgical Services,452,434,96.00%,2.5,10.9,0
Y56,RPY,THE ROYAL MARSDEN NHS FOUNDATION TRUST,X06,Other - Other Services,246,240,97.60%,2.8,12.9,1
Y56,RQM,CHELSEA AND WESTMINSTER HOSPITAL NHS FOUNDATION TRUST,C_100,General Surgery Service,"1,747",944,54.00%,16.3,41.7,60
Y56,RQM,CHELSEA AND WESTMINSTER HOSPITAL NHS FOUNDATION TRUST,C_101,Urology Service,"2,210","1,279",57.90%,15.6,35.7,60
Y56,RQM,CHELSEA AND WESTMINSTER HOSPITAL NHS FOUNDATION TRUST,C_110,Trauma and Orthopaedic Service,"3,338","2,301",68.90%,11.1,35.6,126
Y56,RQM,CHELSEA AND WESTMINSTER HOSPITAL NHS FOUNDATION TRUST,C_120,Ear Nose and Throat Service,"2,216","1,269",57.30%,15.3,31.1,12
Y56,RQM,CHELSEA AND WESTMINSTER HOSPITAL NHS FOUNDATION TRUST,C_130,Ophthalmology Service,"1,126",712,63.20%,12.9,34.2,24
Y56,RQM,CHELSEA AND WESTMINSTER HOSPITAL NHS FOUNDATION TRUST,C_140,Oral Surgery Service,873,613,70.20%,10.5,35,23
Y56,RQM,CHELSEA AND WESTMINSTER HOSPITAL NHS FOUNDATION TRUST,C_150,Neurosurgical Service, -   , -   , -   ,-,-,0
Y56,RQM,CHELSEA AND WESTMINSTER HOSPITAL NHS FOUNDATION TRUST,C_160,Plastic Surgery Service,"1,769","1,017",57.50%,15,40,85
Y56,RQM,CHELSEA AND WESTMINSTER HOSPITAL NHS FOUNDATION TRUST,C_170,Cardiothoracic Surgery Service, -   , -   , -   ,-,-,0
Y56,RQM,CHELSEA AND WESTMINSTER HOSPITAL NHS FOUNDATION TRUST,C_300,General Internal Medicine Service,172,163,94.80%,6.7,16,0
Y56,RQM,CHELSEA AND WESTMINSTER HOSPITAL NHS FOUNDATION TRUST,C_301,Gastroenterology Service,"1,956","1,709",87.40%,7.3,23.6,4
Y56,RQM,CHELSEA AND WESTMINSTER HOSPITAL NHS FOUNDATION TRUST,C_320,Cardiology Service,"1,846","1,702",92.20%,7.4,17.9,0
Y56,RQM,CHELSEA AND WESTMINSTER HOSPITAL NHS FOUNDATION TRUST,C_330,Dermatology Service,"2,387","2,279",95.50%,5.9,15.9,2
Y56,RQM,CHELSEA AND WESTMINSTER HOSPITAL NHS FOUNDATION TRUST,C_340,Respiratory Medicine Service,"1,125","1,030",91.60%,7,18.4,1
Y56,RQM,CHELSEA AND WESTMINSTER HOSPITAL NHS FOUNDATION TRUST,C_400,Neurology Service,"1,093","1,041",95.20%,5.8,15.8,0
Y56,RQM,CHELSEA AND WESTMINSTER HOSPITAL NHS FOUNDATION TRUST,C_410,Rheumatology Service,696,645,92.70%,5.6,17.3,0
Y56,RQM,CHELSEA AND WESTMINSTER HOSPITAL NHS FOUNDATION TRUST,C_430,Elderly Medicine Service,245,235,95.90%,7.2,15.9,0
Y56,RQM,CHELSEA AND WESTMINSTER HOSPITAL NHS FOUNDATION TRUST,C_502,Gynaecology Service,"4,438","3,703",83.40%,9,24.3,1
Y56,RQM,CHELSEA AND WESTMINSTER HOSPITAL NHS FOUNDATION TRUST,X02,Other - Medical Services,"1,075","1,028",95.60%,6.3,16.2,4
Y56,RQM,CHELSEA AND WESTMINSTER HOSPITAL NHS FOUNDATION TRUST,X03,Other - Mental Health Services,2,2,100.00%,-,-,0
Y56,RQM,CHELSEA AND WESTMINSTER HOSPITAL NHS FOUNDATION TRUST,X04,Other - Paediatric Services,"5,357","3,711",69.30%,11.4,45.2,288
Y56,RQM,CHELSEA AND WESTMINSTER HOSPITAL NHS FOUNDATION TRUST,X05,Other - Surgical Services,"2,642","1,772",67.10%,11.5,34.2,62
Y56,RQM,CHELSEA AND WESTMINSTER HOSPITAL NHS FOUNDATION TRUST,X06,Other - Other Services,"2,991","2,644",88.40%,7.3,23.2,14
Y56,RQX,HOMERTON UNIVERSITY HOSPITAL NHS FOUNDATION TRUST,C_100,General Surgery Service,"2,066","1,547",74.90%,8,29.2,26
Y56,RQX,HOMERTON UNIVERSITY HOSPITAL NHS FOUNDATION TRUST,C_101,Urology Service,"1,308","1,092",83.50%,6.3,26.5,4
Y56,RQX,HOMERTON UNIVERSITY HOSPITAL NHS FOUNDATION TRUST,C_110,Trauma and Orthopaedic Service,"1,405",949,67.50%,10.4,35.9,34
Y56,RQX,HOMERTON UNIVERSITY HOSPITAL NHS FOUNDATION TRUST,C_120,Ear Nose and Throat Service,"1,068",911,85.30%,6.6,25.5,4
Y56,RQX,HOMERTON UNIVERSITY HOSPITAL NHS FOUNDATION TRUST,C_130,Ophthalmology Service,34,33,97.10%,1,11.1,0
Y56,RQX,HOMERTON UNIVERSITY HOSPITAL NHS FOUNDATION TRUST,C_140,Oral Surgery Service, -   , -   , -   ,-,-,0
Y56,RQX,HOMERTON UNIVERSITY HOSPITAL NHS FOUNDATION TRUST,C_150,Neurosurgical Service, -   , -   , -   ,-,-,0
Y56,RQX,HOMERTON UNIVERSITY HOSPITAL NHS FOUNDATION TRUST,C_160,Plastic Surgery Service,165,103,62.40%,13,42.6,1
Y56,RQX,HOMERTON UNIVERSITY HOSPITAL NHS FOUNDATION TRUST,C_170,Cardiothoracic Surgery Service, -   , -   , -   ,-,-,0
Y56,RQX,HOMERTON UNIVERSITY HOSPITAL NHS FOUNDATION TRUST,C_300,General Internal Medicine Service,132,123,93.20%,7.9,17.5,0
Y56,RQX,HOMERTON UNIVERSITY HOSPITAL NHS FOUNDATION TRUST,C_301,Gastroenterology Service,"1,136",904,79.60%,7.9,25,1
Y56,RQX,HOMERTON UNIVERSITY HOSPITAL NHS FOUNDATION TRUST,C_320,Cardiology Service,700,612,87.40%,5.6,22.6,1
Y56,RQX,HOMERTON UNIVERSITY HOSPITAL NHS FOUNDATION TRUST,C_330,Dermatology Service,"1,350",975,72.20%,9.7,31.1,3
Y56,RQX,HOMERTON UNIVERSITY HOSPITAL NHS FOUNDATION TRUST,C_340,Respiratory Medicine Service,347,325,93.70%,4.3,15.4,2
Y56,RQX,HOMERTON UNIVERSITY HOSPITAL NHS FOUNDATION TRUST,C_400,Neurology Service,518,509,98.30%,3.8,10.7,0
Y56,RQX,HOMERTON UNIVERSITY HOSPITAL NHS FOUNDATION TRUST,C_410,Rheumatology Service,404,385,95.30%,5.5,14.4,0
Y56,RQX,HOMERTON UNIVERSITY HOSPITAL NHS FOUNDATION TRUST,C_430,Elderly Medicine Service,81,77,95.10%,3.2,13.8,0
Y56,RQX,HOMERTON UNIVERSITY HOSPITAL NHS FOUNDATION TRUST,C_502,Gynaecology Service,"2,801","2,597",92.70%,6.1,17.2,1
Y56,RQX,HOMERTON UNIVERSITY HOSPITAL NHS FOUNDATION TRUST,X02,Other - Medical Services,"2,645","2,297",86.80%,6.1,25,2
Y56,RQX,HOMERTON UNIVERSITY HOSPITAL NHS FOUNDATION TRUST,X03,Other - Mental Health Services, -   , -   , -   ,-,-,0
Y56,RQX,HOMERTON UNIVERSITY HOSPITAL NHS FOUNDATION TRUST,X04,Other - Paediatric Services,"2,017","1,674",83.00%,7.7,27,23
Y56,RQX,HOMERTON UNIVERSITY HOSPITAL NHS FOUNDATION TRUST,X05,Other - Surgical Services,"3,023","2,272",75.20%,9.6,27.9,19
Y56,RQX,HOMERTON UNIVERSITY HOSPITAL NHS FOUNDATION TRUST,X06,Other - Other Services,356,313,87.90%,6.7,20.6,2
Y56,RQY,SOUTH WEST LONDON AND ST GEORGE'S MENTAL HEALTH NHS TRUST,C_100,General Surgery Service, -   , -   , -   ,-,-,0
Y56,RQY,SOUTH WEST LONDON AND ST GEORGE'S MENTAL HEALTH NHS TRUST,C_101,Urology Service, -   , -   , -   ,-,-,0
Y56,RQY,SOUTH WEST LONDON AND ST GEORGE'S MENTAL HEALTH NHS TRUST,C_110,Trauma and Orthopaedic Service, -   , -   , -   ,-,-,0
Y56,RQY,SOUTH WEST LONDON AND ST GEORGE'S MENTAL HEALTH NHS TRUST,C_120,Ear Nose and Throat Service, -   , -   , -   ,-,-,0
Y56,RQY,SOUTH WEST LONDON AND ST GEORGE'S MENTAL HEALTH NHS TRUST,C_130,Ophthalmology Service, -   , -   , -   ,-,-,0
Y56,RQY,SOUTH WEST LONDON AND ST GEORGE'S MENTAL HEALTH NHS TRUST,C_140,Oral Surgery Service, -   , -   , -   ,-,-,0
Y56,RQY,SOUTH WEST LONDON AND ST GEORGE'S MENTAL HEALTH NHS TRUST,C_150,Neurosurgical Service, -   , -   , -   ,-,-,0
Y56,RQY,SOUTH WEST LONDON AND ST GEORGE'S MENTAL HEALTH NHS TRUST,C_160,Plastic Surgery Service, -   , -   , -   ,-,-,0
Y56,RQY,SOUTH WEST LONDON AND ST GEORGE'S MENTAL HEALTH NHS TRUST,C_170,Cardiothoracic Surgery Service, -   , -   , -   ,-,-,0
Y56,RQY,SOUTH WEST LONDON AND ST GEORGE'S MENTAL HEALTH NHS TRUST,C_300,General Internal Medicine Service, -   , -   , -   ,-,-,0
Y56,RQY,SOUTH WEST LONDON AND ST GEORGE'S MENTAL HEALTH NHS TRUST,C_301,Gastroenterology Service, -   , -   , -   ,-,-,0
Y56,RQY,SOUTH WEST LONDON AND ST GEORGE'S MENTAL HEALTH NHS TRUST,C_320,Cardiology Service, -   , -   , -   ,-,-,0
Y56,RQY,SOUTH WEST LONDON AND ST GEORGE'S MENTAL HEALTH NHS TRUST,C_330,Dermatology Service, -   , -   , -   ,-,-,0
Y56,RQY,SOUTH WEST LONDON AND ST GEORGE'S MENTAL HEALTH NHS TRUST,C_340,Respiratory Medicine Service, -   , -   , -   ,-,-,0
Y56,RQY,SOUTH WEST LONDON AND ST GEORGE'S MENTAL HEALTH NHS TRUST,C_400,Neurology Service, -   , -   , -   ,-,-,0
Y56,RQY,SOUTH WEST LONDON AND ST GEORGE'S MENTAL HEALTH NHS TRUST,C_410,Rheumatology Service, -   , -   , -   ,-,-,0
Y56,RQY,SOUTH WEST LONDON AND ST GEORGE'S MENTAL HEALTH NHS TRUST,C_430,Elderly Medicine Service, -   , -   , -   ,-,-,0
Y56,RQY,SOUTH WEST LONDON AND ST GEORGE'S MENTAL HEALTH NHS TRUST,C_502,Gynaecology Service, -   , -   , -   ,-,-,0
Y56,RQY,SOUTH WEST LONDON AND ST GEORGE'S MENTAL HEALTH NHS TRUST,X02,Other - Medical Services, -   , -   , -   ,-,-,0
Y56,RQY,SOUTH WEST LONDON AND ST GEORGE'S MENTAL HEALTH NHS TRUST,X03,Other - Mental Health Services,"4,380","4,064",92.80%,4.1,17,1
Y56,RQY,SOUTH WEST LONDON AND ST GEORGE'S MENTAL HEALTH NHS TRUST,X04,Other - Paediatric Services, -   , -   , -   ,-,-,0
Y56,RQY,SOUTH WEST LONDON AND ST GEORGE'S MENTAL HEALTH NHS TRUST,X05,Other - Surgical Services, -   , -   , -   ,-,-,0
Y56,RQY,SOUTH WEST LONDON AND ST GEORGE'S MENTAL HEALTH NHS TRUST,X06,Other - Other Services, -   , -   , -   ,-,-,0
Y56,RRV,UNIVERSITY COLLEGE LONDON HOSPITALS NHS FOUNDATION TRUST,C_100,General Surgery Service,849,411,48.40%,18.9,66.2,147
Y56,RRV,UNIVERSITY COLLEGE LONDON HOSPITALS NHS FOUNDATION TRUST,C_101,Urology Service,"3,924","2,030",51.70%,17.2,54.1,343
Y56,RRV,UNIVERSITY COLLEGE LONDON HOSPITALS NHS FOUNDATION TRUST,C_110,Trauma and Orthopaedic Service,"2,654","1,628",61.30%,12.6,59.9,266
Y56,RRV,UNIVERSITY COLLEGE LONDON HOSPITALS NHS FOUNDATION TRUST,C_120,Ear Nose and Throat Service,"5,651","2,717",48.10%,19.1,67.3,936
Y56,RRV,UNIVERSITY COLLEGE LONDON HOSPITALS NHS FOUNDATION TRUST,C_130,Ophthalmology Service, -   , -   , -   ,-,-,0
Y56,RRV,UNIVERSITY COLLEGE LONDON HOSPITALS NHS FOUNDATION TRUST,C_140,Oral Surgery Service,"2,112","1,782",84.40%,9.3,26.2,10
Y56,RRV,UNIVERSITY COLLEGE LONDON HOSPITALS NHS FOUNDATION TRUST,C_150,Neurosurgical Service,"1,049",744,70.90%,8.9,32.5,11
Y56,RRV,UNIVERSITY COLLEGE LONDON HOSPITALS NHS FOUNDATION TRUST,C_160,Plastic Surgery Service, -   , -   , -   ,-,-,0
Y56,RRV,UNIVERSITY COLLEGE LONDON HOSPITALS NHS FOUNDATION TRUST,C_170,Cardiothoracic Surgery Service,42,42,100.00%,1.9,5.8,0
Y56,RRV,UNIVERSITY COLLEGE LONDON HOSPITALS NHS FOUNDATION TRUST,C_300,General Internal Medicine Service,"1,520","1,341",88.20%,6.1,22.1,7
Y56,RRV,UNIVERSITY COLLEGE LONDON HOSPITALS NHS FOUNDATION TRUST,C_301,Gastroenterology Service,"1,090",937,86.00%,8.1,24.2,5
Y56,RRV,UNIVERSITY COLLEGE LONDON HOSPITALS NHS FOUNDATION TRUST,C_320,Cardiology Service,762,731,95.90%,6.7,15.2,0
Y56,RRV,UNIVERSITY COLLEGE LONDON HOSPITALS NHS FOUNDATION TRUST,C_330,Dermatology Service,"1,421","1,177",82.80%,8.2,25.2,6
Y56,RRV,UNIVERSITY COLLEGE LONDON HOSPITALS NHS FOUNDATION TRUST,C_340,Respiratory Medicine Service,448,432,96.40%,7.4,16.3,0
Y56,RRV,UNIVERSITY COLLEGE LONDON HOSPITALS NHS FOUNDATION TRUST,C_400,Neurology Service,"3,658","3,136",85.70%,6.5,24.3,29
Y56,RRV,UNIVERSITY COLLEGE LONDON HOSPITALS NHS FOUNDATION TRUST,C_410,Rheumatology Service,829,769,92.80%,7.6,17.6,0
Y56,RRV,UNIVERSITY COLLEGE LONDON HOSPITALS NHS FOUNDATION TRUST,C_430,Elderly Medicine Service,12,12,100.00%,-,-,0
Y56,RRV,UNIVERSITY COLLEGE LONDON HOSPITALS NHS FOUNDATION TRUST,C_502,Gynaecology Service,"2,994","1,857",62.00%,11.8,43.7,167
Y56,RRV,UNIVERSITY COLLEGE LONDON HOSPITALS NHS FOUNDATION TRUST,X02,Other - Medical Services,"5,804","4,274",73.60%,10.5,40.1,252
Y56,RRV,UNIVERSITY COLLEGE LONDON HOSPITALS NHS FOUNDATION TRUST,X03,Other - Mental Health Services,"6,133","4,697",76.60%,9.2,32.9,162
Y56,RRV,UNIVERSITY COLLEGE LONDON HOSPITALS NHS FOUNDATION TRUST,X04,Other - Paediatric Services,"4,004","2,322",58.00%,14.2,54.9,341
Y56,RRV,UNIVERSITY COLLEGE LONDON HOSPITALS NHS FOUNDATION TRUST,X05,Other - Surgical Services,301,213,70.80%,10.1,31,0
Y56,RRV,UNIVERSITY COLLEGE LONDON HOSPITALS NHS FOUNDATION TRUST,X06,Other - Other Services,"1,707","1,145",67.10%,11.2,36,69
Y56,RV3,CENTRAL AND NORTH WEST LONDON NHS FOUNDATION TRUST,C_100,General Surgery Service, -   , -   , -   ,-,-,0
Y56,RV3,CENTRAL AND NORTH WEST LONDON NHS FOUNDATION TRUST,C_101,Urology Service, -   , -   , -   ,-,-,0
Y56,RV3,CENTRAL AND NORTH WEST LONDON NHS FOUNDATION TRUST,C_110,Trauma and Orthopaedic Service, -   , -   , -   ,-,-,0
Y56,RV3,CENTRAL AND NORTH WEST LONDON NHS FOUNDATION TRUST,C_120,Ear Nose and Throat Service, -   , -   , -   ,-,-,0
Y56,RV3,CENTRAL AND NORTH WEST LONDON NHS FOUNDATION TRUST,C_130,Ophthalmology Service, -   , -   , -   ,-,-,0
Y56,RV3,CENTRAL AND NORTH WEST LONDON NHS FOUNDATION TRUST,C_140,Oral Surgery Service, -   , -   , -   ,-,-,0
Y56,RV3,CENTRAL AND NORTH WEST LONDON NHS FOUNDATION TRUST,C_150,Neurosurgical Service, -   , -   , -   ,-,-,0
Y56,RV3,CENTRAL AND NORTH WEST LONDON NHS FOUNDATION TRUST,C_160,Plastic Surgery Service, -   , -   , -   ,-,-,0
Y56,RV3,CENTRAL AND NORTH WEST LONDON NHS FOUNDATION TRUST,C_170,Cardiothoracic Surgery Service, -   , -   , -   ,-,-,0
Y56,RV3,CENTRAL AND NORTH WEST LONDON NHS FOUNDATION TRUST,C_300,General Internal Medicine Service, -   , -   , -   ,-,-,0
Y56,RV3,CENTRAL AND NORTH WEST LONDON NHS FOUNDATION TRUST,C_301,Gastroenterology Service, -   , -   , -   ,-,-,0
Y56,RV3,CENTRAL AND NORTH WEST LONDON NHS FOUNDATION TRUST,C_320,Cardiology Service, -   , -   , -   ,-,-,0
Y56,RV3,CENTRAL AND NORTH WEST LONDON NHS FOUNDATION TRUST,C_330,Dermatology Service, -   , -   , -   ,-,-,0
Y56,RV3,CENTRAL AND NORTH WEST LONDON NHS FOUNDATION TRUST,C_340,Respiratory Medicine Service, -   , -   , -   ,-,-,0
Y56,RV3,CENTRAL AND NORTH WEST LONDON NHS FOUNDATION TRUST,C_400,Neurology Service, -   , -   , -   ,-,-,0
Y56,RV3,CENTRAL AND NORTH WEST LONDON NHS FOUNDATION TRUST,C_410,Rheumatology Service, -   , -   , -   ,-,-,0
Y56,RV3,CENTRAL AND NORTH WEST LONDON NHS FOUNDATION TRUST,C_430,Elderly Medicine Service, -   , -   , -   ,-,-,0
Y56,RV3,CENTRAL AND NORTH WEST LONDON NHS FOUNDATION TRUST,C_502,Gynaecology Service, -   , -   , -   ,-,-,0
Y56,RV3,CENTRAL AND NORTH WEST LONDON NHS FOUNDATION TRUST,X02,Other - Medical Services, -   , -   , -   ,-,-,0
Y56,RV3,CENTRAL AND NORTH WEST LONDON NHS FOUNDATION TRUST,X03,Other - Mental Health Services,555,553,99.60%,6.4,13.9,0
Y56,RV3,CENTRAL AND NORTH WEST LONDON NHS FOUNDATION TRUST,X04,Other - Paediatric Services, -   , -   , -   ,-,-,0
Y56,RV3,CENTRAL AND NORTH WEST LONDON NHS FOUNDATION TRUST,X05,Other - Surgical Services, -   , -   , -   ,-,-,0
Y56,RV3,CENTRAL AND NORTH WEST LONDON NHS FOUNDATION TRUST,X06,Other - Other Services, -   , -   , -   ,-,-,0
Y56,RVR,EPSOM AND ST HELIER UNIVERSITY HOSPITALS NHS TRUST,C_100,General Surgery Service,"2,921","2,371",81.20%,8,28.6,26
Y56,RVR,EPSOM AND ST HELIER UNIVERSITY HOSPITALS NHS TRUST,C_101,Urology Service,"1,824","1,512",82.90%,7.4,28.1,26
Y56,RVR,EPSOM AND ST HELIER UNIVERSITY HOSPITALS NHS TRUST,C_110,Trauma and Orthopaedic Service,"4,991","3,195",64.00%,11.7,35.9,63
Y56,RVR,EPSOM AND ST HELIER UNIVERSITY HOSPITALS NHS TRUST,C_120,Ear Nose and Throat Service,"2,329","1,834",78.70%,8.7,28.2,23
Y56,RVR,EPSOM AND ST HELIER UNIVERSITY HOSPITALS NHS TRUST,C_130,Ophthalmology Service,"2,527","2,149",85.00%,6,23,3
Y56,RVR,EPSOM AND ST HELIER UNIVERSITY HOSPITALS NHS TRUST,C_140,Oral Surgery Service,"1,002",871,86.90%,6.4,23.6,9
Y56,RVR,EPSOM AND ST HELIER UNIVERSITY HOSPITALS NHS TRUST,C_150,Neurosurgical Service, -   , -   , -   ,-,-,0
Y56,RVR,EPSOM AND ST HELIER UNIVERSITY HOSPITALS NHS TRUST,C_160,Plastic Surgery Service,34,31,91.20%,9.1,20.3,1
Y56,RVR,EPSOM AND ST HELIER UNIVERSITY HOSPITALS NHS TRUST,C_170,Cardiothoracic Surgery Service, -   , -   , -   ,-,-,0
Y56,RVR,EPSOM AND ST HELIER UNIVERSITY HOSPITALS NHS TRUST,C_300,General Internal Medicine Service,72,67,93.10%,3.8,17.2,0
Y56,RVR,EPSOM AND ST HELIER UNIVERSITY HOSPITALS NHS TRUST,C_301,Gastroenterology Service,"2,373","1,673",70.50%,10.9,35.9,55
Y56,RVR,EPSOM AND ST HELIER UNIVERSITY HOSPITALS NHS TRUST,C_320,Cardiology Service,"2,165","1,471",67.90%,12,35.1,42
Y56,RVR,EPSOM AND ST HELIER UNIVERSITY HOSPITALS NHS TRUST,C_330,Dermatology Service,"2,399","2,239",93.30%,6.4,16.7,3
Y56,RVR,EPSOM AND ST HELIER UNIVERSITY HOSPITALS NHS TRUST,C_340,Respiratory Medicine Service,772,527,68.30%,9.4,37.4,5
Y56,RVR,EPSOM AND ST HELIER UNIVERSITY HOSPITALS NHS TRUST,C_400,Neurology Service,"1,034",897,86.80%,7,24,11
Y56,RVR,EPSOM AND ST HELIER UNIVERSITY HOSPITALS NHS TRUST,C_410,Rheumatology Service,509,425,83.50%,7.9,25.9,1
Y56,RVR,EPSOM AND ST HELIER UNIVERSITY HOSPITALS NHS TRUST,C_430,Elderly Medicine Service,44,34,77.30%,7.8,23.7,0
Y56,RVR,EPSOM AND ST HELIER UNIVERSITY HOSPITALS NHS TRUST,C_502,Gynaecology Service,"2,306","1,567",68.00%,10.5,35.5,36
Y56,RVR,EPSOM AND ST HELIER UNIVERSITY HOSPITALS NHS TRUST,X02,Other - Medical Services,"3,828","3,149",82.30%,6.3,28,31
Y56,RVR,EPSOM AND ST HELIER UNIVERSITY HOSPITALS NHS TRUST,X03,Other - Mental Health Services,6,2,33.30%,-,-,0
Y56,RVR,EPSOM AND ST HELIER UNIVERSITY HOSPITALS NHS TRUST,X04,Other - Paediatric Services,"2,155","1,794",83.20%,7.1,24.6,17
Y56,RVR,EPSOM AND ST HELIER UNIVERSITY HOSPITALS NHS TRUST,X05,Other - Surgical Services,62,44,71.00%,6.5,29.5,2
Y56,RVR,EPSOM AND ST HELIER UNIVERSITY HOSPITALS NHS TRUST,X06,Other - Other Services,588,542,92.20%,5.9,17.8,0
Y56,RY9,HOUNSLOW AND RICHMOND COMMUNITY HEALTHCARE NHS TRUST,C_100,General Surgery Service, -   , -   , -   ,-,-,0
Y56,RY9,HOUNSLOW AND RICHMOND COMMUNITY HEALTHCARE NHS TRUST,C_101,Urology Service, -   , -   , -   ,-,-,0
Y56,RY9,HOUNSLOW AND RICHMOND COMMUNITY HEALTHCARE NHS TRUST,C_110,Trauma and Orthopaedic Service, -   , -   , -   ,-,-,0
Y56,RY9,HOUNSLOW AND RICHMOND COMMUNITY HEALTHCARE NHS TRUST,C_120,Ear Nose and Throat Service, -   , -   , -   ,-,-,0
Y56,RY9,HOUNSLOW AND RICHMOND COMMUNITY HEALTHCARE NHS TRUST,C_130,Ophthalmology Service, -   , -   , -   ,-,-,0
Y56,RY9,HOUNSLOW AND RICHMOND COMMUNITY HEALTHCARE NHS TRUST,C_140,Oral Surgery Service, -   , -   , -   ,-,-,0
Y56,RY9,HOUNSLOW AND RICHMOND COMMUNITY HEALTHCARE NHS TRUST,C_150,Neurosurgical Service, -   , -   , -   ,-,-,0
Y56,RY9,HOUNSLOW AND RICHMOND COMMUNITY HEALTHCARE NHS TRUST,C_160,Plastic Surgery Service, -   , -   , -   ,-,-,0
Y56,RY9,HOUNSLOW AND RICHMOND COMMUNITY HEALTHCARE NHS TRUST,C_170,Cardiothoracic Surgery Service, -   , -   , -   ,-,-,0
Y56,RY9,HOUNSLOW AND RICHMOND COMMUNITY HEALTHCARE NHS TRUST,C_300,General Internal Medicine Service, -   , -   , -   ,-,-,0
Y56,RY9,HOUNSLOW AND RICHMOND COMMUNITY HEALTHCARE NHS TRUST,C_301,Gastroenterology Service, -   , -   , -   ,-,-,0
Y56,RY9,HOUNSLOW AND RICHMOND COMMUNITY HEALTHCARE NHS TRUST,C_320,Cardiology Service, -   , -   , -   ,-,-,0
Y56,RY9,HOUNSLOW AND RICHMOND COMMUNITY HEALTHCARE NHS TRUST,C_330,Dermatology Service, -   , -   , -   ,-,-,0
Y56,RY9,HOUNSLOW AND RICHMOND COMMUNITY HEALTHCARE NHS TRUST,C_340,Respiratory Medicine Service, -   , -   , -   ,-,-,0
Y56,RY9,HOUNSLOW AND RICHMOND COMMUNITY HEALTHCARE NHS TRUST,C_400,Neurology Service, -   , -   , -   ,-,-,0
Y56,RY9,HOUNSLOW AND RICHMOND COMMUNITY HEALTHCARE NHS TRUST,C_410,Rheumatology Service, -   , -   , -   ,-,-,0
Y56,RY9,HOUNSLOW AND RICHMOND COMMUNITY HEALTHCARE NHS TRUST,C_430,Elderly Medicine Service, -   , -   , -   ,-,-,0
Y56,RY9,HOUNSLOW AND RICHMOND COMMUNITY HEALTHCARE NHS TRUST,C_502,Gynaecology Service, -   , -   , -   ,-,-,0
Y56,RY9,HOUNSLOW AND RICHMOND COMMUNITY HEALTHCARE NHS TRUST,X02,Other - Medical Services, -   , -   , -   ,-,-,0
Y56,RY9,HOUNSLOW AND RICHMOND COMMUNITY HEALTHCARE NHS TRUST,X03,Other - Mental Health Services, -   , -   , -   ,-,-,0
Y56,RY9,HOUNSLOW AND RICHMOND COMMUNITY HEALTHCARE NHS TRUST,X04,Other - Paediatric Services,242,242,100.00%,3.9,9.9,0
Y56,RY9,HOUNSLOW AND RICHMOND COMMUNITY HEALTHCARE NHS TRUST,X05,Other - Surgical Services, -   , -   , -   ,-,-,0
Y56,RY9,HOUNSLOW AND RICHMOND COMMUNITY HEALTHCARE NHS TRUST,X06,Other - Other Services, -   , -   , -   ,-,-,0
Y56,RYJ,IMPERIAL COLLEGE HEALTHCARE NHS TRUST,C_100,General Surgery Service,"2,874","1,385",48.20%,19.3,49.1,211
Y56,RYJ,IMPERIAL COLLEGE HEALTHCARE NHS TRUST,C_101,Urology Service,"3,721","1,954",52.50%,16.3,50.7,282
Y56,RYJ,IMPERIAL COLLEGE HEALTHCARE NHS TRUST,C_110,Trauma and Orthopaedic Service,"1,872","1,221",65.20%,10.3,41,85
Y56,RYJ,IMPERIAL COLLEGE HEALTHCARE NHS TRUST,C_120,Ear Nose and Throat Service,"6,198","3,975",64.10%,11.6,34.7,80
Y56,RYJ,IMPERIAL COLLEGE HEALTHCARE NHS TRUST,C_130,Ophthalmology Service,"4,804","3,812",79.40%,8.7,29.6,45
Y56,RYJ,IMPERIAL COLLEGE HEALTHCARE NHS TRUST,C_140,Oral Surgery Service,120,108,90.00%,3.3,20.7,2
Y56,RYJ,IMPERIAL COLLEGE HEALTHCARE NHS TRUST,C_150,Neurosurgical Service,"3,323","2,024",60.90%,13.8,41.9,166
Y56,RYJ,IMPERIAL COLLEGE HEALTHCARE NHS TRUST,C_160,Plastic Surgery Service,826,602,72.90%,8.4,39.7,35
Y56,RYJ,IMPERIAL COLLEGE HEALTHCARE NHS TRUST,C_170,Cardiothoracic Surgery Service,320,239,74.70%,9.7,33.5,6
Y56,RYJ,IMPERIAL COLLEGE HEALTHCARE NHS TRUST,C_300,General Internal Medicine Service,147,117,79.60%,6.5,28.6,0
Y56,RYJ,IMPERIAL COLLEGE HEALTHCARE NHS TRUST,C_301,Gastroenterology Service,"3,708","2,952",79.60%,9,29.2,39
Y56,RYJ,IMPERIAL COLLEGE HEALTHCARE NHS TRUST,C_320,Cardiology Service,"6,104","4,619",75.70%,8.3,36.8,187
Y56,RYJ,IMPERIAL COLLEGE HEALTHCARE NHS TRUST,C_330,Dermatology Service,"2,073","1,471",71.00%,8.7,33.5,0
Y56,RYJ,IMPERIAL COLLEGE HEALTHCARE NHS TRUST,C_340,Respiratory Medicine Service,"1,986","1,744",87.80%,6.5,24,7
Y56,RYJ,IMPERIAL COLLEGE HEALTHCARE NHS TRUST,C_400,Neurology Service,"3,336","2,300",68.90%,11.1,36.4,87
Y56,RYJ,IMPERIAL COLLEGE HEALTHCARE NHS TRUST,C_410,Rheumatology Service,"1,008",724,71.80%,9.8,33.2,10
Y56,RYJ,IMPERIAL COLLEGE HEALTHCARE NHS TRUST,C_430,Elderly Medicine Service,185,151,81.60%,5,26.6,0
Y56,RYJ,IMPERIAL COLLEGE HEALTHCARE NHS TRUST,C_502,Gynaecology Service,"6,298","4,068",64.60%,11.7,35.3,93
Y56,RYJ,IMPERIAL COLLEGE HEALTHCARE NHS TRUST,X02,Other - Medical Services,"10,087","8,034",79.60%,7.7,30.3,168
Y56,RYJ,IMPERIAL COLLEGE HEALTHCARE NHS TRUST,X03,Other - Mental Health Services, -   , -   , -   ,-,-,0
Y56,RYJ,IMPERIAL COLLEGE HEALTHCARE NHS TRUST,X04,Other - Paediatric Services,"3,571","2,864",80.20%,8.3,32.9,50
Y56,RYJ,IMPERIAL COLLEGE HEALTHCARE NHS TRUST,X05,Other - Surgical Services,"5,148","3,364",65.30%,10.2,43.6,272
Y56,RYJ,IMPERIAL COLLEGE HEALTHCARE NHS TRUST,X06,Other - Other Services,410,325,79.30%,8.5,24.2,3
Y56,RYX,CENTRAL LONDON COMMUNITY HEALTHCARE NHS TRUST,C_100,General Surgery Service, -   , -   , -   ,-,-,0
Y56,RYX,CENTRAL LONDON COMMUNITY HEALTHCARE NHS TRUST,C_101,Urology Service, -   , -   , -   ,-,-,0
Y56,RYX,CENTRAL LONDON COMMUNITY HEALTHCARE NHS TRUST,C_110,Trauma and Orthopaedic Service, -   , -   , -   ,-,-,0
Y56,RYX,CENTRAL LONDON COMMUNITY HEALTHCARE NHS TRUST,C_120,Ear Nose and Throat Service, -   , -   , -   ,-,-,0
Y56,RYX,CENTRAL LONDON COMMUNITY HEALTHCARE NHS TRUST,C_130,Ophthalmology Service, -   , -   , -   ,-,-,0
Y56,RYX,CENTRAL LONDON COMMUNITY HEALTHCARE NHS TRUST,C_140,Oral Surgery Service, -   , -   , -   ,-,-,0
Y56,RYX,CENTRAL LONDON COMMUNITY HEALTHCARE NHS TRUST,C_150,Neurosurgical Service, -   , -   , -   ,-,-,0
Y56,RYX,CENTRAL LONDON COMMUNITY HEALTHCARE NHS TRUST,C_160,Plastic Surgery Service, -   , -   , -   ,-,-,0
Y56,RYX,CENTRAL LONDON COMMUNITY HEALTHCARE NHS TRUST,C_170,Cardiothoracic Surgery Service, -   , -   , -   ,-,-,0
Y56,RYX,CENTRAL LONDON COMMUNITY HEALTHCARE NHS TRUST,C_300,General Internal Medicine Service,101,93,92.10%,3.1,17,0
Y56,RYX,CENTRAL LONDON COMMUNITY HEALTHCARE NHS TRUST,C_301,Gastroenterology Service, -   , -   , -   ,-,-,0
Y56,RYX,CENTRAL LONDON COMMUNITY HEALTHCARE NHS TRUST,C_320,Cardiology Service, -   , -   , -   ,-,-,0
Y56,RYX,CENTRAL LONDON COMMUNITY HEALTHCARE NHS TRUST,C_330,Dermatology Service, -   , -   , -   ,-,-,0
Y56,RYX,CENTRAL LONDON COMMUNITY HEALTHCARE NHS TRUST,C_340,Respiratory Medicine Service,906,807,89.10%,5.7,20.6,4
Y56,RYX,CENTRAL LONDON COMMUNITY HEALTHCARE NHS TRUST,C_400,Neurology Service, -   , -   , -   ,-,-,0
Y56,RYX,CENTRAL LONDON COMMUNITY HEALTHCARE NHS TRUST,C_410,Rheumatology Service, -   , -   , -   ,-,-,0
Y56,RYX,CENTRAL LONDON COMMUNITY HEALTHCARE NHS TRUST,C_430,Elderly Medicine Service, -   , -   , -   ,-,-,0
Y56,RYX,CENTRAL LONDON COMMUNITY HEALTHCARE NHS TRUST,C_502,Gynaecology Service, -   , -   , -   ,-,-,0
Y56,RYX,CENTRAL LONDON COMMUNITY HEALTHCARE NHS TRUST,X02,Other - Medical Services,11,11,100.00%,-,-,0
Y56,RYX,CENTRAL LONDON COMMUNITY HEALTHCARE NHS TRUST,X03,Other - Mental Health Services, -   , -   , -   ,-,-,0
Y56,RYX,CENTRAL LONDON COMMUNITY HEALTHCARE NHS TRUST,X04,Other - Paediatric Services, -   , -   , -   ,-,-,0
Y56,RYX,CENTRAL LONDON COMMUNITY HEALTHCARE NHS TRUST,X05,Other - Surgical Services,82,37,45.10%,23.3,45.4,4
Y56,RYX,CENTRAL LONDON COMMUNITY HEALTHCARE NHS TRUST,X06,Other - Other Services,"1,225","1,211",98.90%,3.3,11.7,0
Y58,R0D,UNIVERSITY HOSPITALS DORSET NHS FOUNDATION TRUST,C_100,General Surgery Service,"8,336","5,322",63.80%,11.5,44,465
Y58,R0D,UNIVERSITY HOSPITALS DORSET NHS FOUNDATION TRUST,C_101,Urology Service,"2,383","1,166",48.90%,18.8,50.3,175
Y58,R0D,UNIVERSITY HOSPITALS DORSET NHS FOUNDATION TRUST,C_110,Trauma and Orthopaedic Service,"5,320","2,400",45.10%,21.8,69.6,817
Y58,R0D,UNIVERSITY HOSPITALS DORSET NHS FOUNDATION TRUST,C_120,Ear Nose and Throat Service,"5,292","2,274",43.00%,24.5,73.7,"1,259"
Y58,R0D,UNIVERSITY HOSPITALS DORSET NHS FOUNDATION TRUST,C_130,Ophthalmology Service,"4,614","3,376",73.20%,9.1,31,13
Y58,R0D,UNIVERSITY HOSPITALS DORSET NHS FOUNDATION TRUST,C_140,Oral Surgery Service,"3,373","1,384",41.00%,26,84.4,929
Y58,R0D,UNIVERSITY HOSPITALS DORSET NHS FOUNDATION TRUST,C_150,Neurosurgical Service, -   , -   , -   ,-,-,0
Y58,R0D,UNIVERSITY HOSPITALS DORSET NHS FOUNDATION TRUST,C_160,Plastic Surgery Service, -   , -   , -   ,-,-,0
Y58,R0D,UNIVERSITY HOSPITALS DORSET NHS FOUNDATION TRUST,C_170,Cardiothoracic Surgery Service,37,21,56.80%,17.3,37.5,0
Y58,R0D,UNIVERSITY HOSPITALS DORSET NHS FOUNDATION TRUST,C_300,General Internal Medicine Service,"2,436","1,812",74.40%,9.2,29.2,22
Y58,R0D,UNIVERSITY HOSPITALS DORSET NHS FOUNDATION TRUST,C_301,Gastroenterology Service,507,474,93.50%,7.4,17.2,1
Y58,R0D,UNIVERSITY HOSPITALS DORSET NHS FOUNDATION TRUST,C_320,Cardiology Service,"2,556","2,262",88.50%,8.2,21.2,1
Y58,R0D,UNIVERSITY HOSPITALS DORSET NHS FOUNDATION TRUST,C_330,Dermatology Service,"2,186","1,759",80.50%,8.5,26.6,4
Y58,R0D,UNIVERSITY HOSPITALS DORSET NHS FOUNDATION TRUST,C_340,Respiratory Medicine Service,524,327,62.40%,14.1,35.6,6
Y58,R0D,UNIVERSITY HOSPITALS DORSET NHS FOUNDATION TRUST,C_400,Neurology Service,"1,327","1,047",78.90%,9,26,2
Y58,R0D,UNIVERSITY HOSPITALS DORSET NHS FOUNDATION TRUST,C_410,Rheumatology Service,"1,441","1,194",82.90%,7.2,25.1,2
Y58,R0D,UNIVERSITY HOSPITALS DORSET NHS FOUNDATION TRUST,C_430,Elderly Medicine Service,204,192,94.10%,4.4,15.3,0
Y58,R0D,UNIVERSITY HOSPITALS DORSET NHS FOUNDATION TRUST,C_502,Gynaecology Service,"4,498","2,684",59.70%,14.2,53.4,372
Y58,R0D,UNIVERSITY HOSPITALS DORSET NHS FOUNDATION TRUST,X02,Other - Medical Services,"1,375","1,176",85.50%,6.7,27.6,19
Y58,R0D,UNIVERSITY HOSPITALS DORSET NHS FOUNDATION TRUST,X03,Other - Mental Health Services, -   , -   , -   ,-,-,0
Y58,R0D,UNIVERSITY HOSPITALS DORSET NHS FOUNDATION TRUST,X04,Other - Paediatric Services,"1,333","1,066",80.00%,9.6,24.6,1
Y58,R0D,UNIVERSITY HOSPITALS DORSET NHS FOUNDATION TRUST,X05,Other - Surgical Services,823,695,84.40%,6.7,48.2,59
Y58,R0D,UNIVERSITY HOSPITALS DORSET NHS FOUNDATION TRUST,X06,Other - Other Services,194,193,99.50%,6.4,14.8,0
Y58,RA4,YEOVIL DISTRICT HOSPITAL NHS FOUNDATION TRUST,C_100,General Surgery Service,833,537,64.50%,10.2,39.1,30
Y58,RA4,YEOVIL DISTRICT HOSPITAL NHS FOUNDATION TRUST,C_101,Urology Service,613,378,61.70%,12.7,39.7,24
Y58,RA4,YEOVIL DISTRICT HOSPITAL NHS FOUNDATION TRUST,C_110,Trauma and Orthopaedic Service,"1,037",529,51.00%,17.4,49.4,76
Y58,RA4,YEOVIL DISTRICT HOSPITAL NHS FOUNDATION TRUST,C_120,Ear Nose and Throat Service,"1,489",619,41.60%,25.1,65.4,258
Y58,RA4,YEOVIL DISTRICT HOSPITAL NHS FOUNDATION TRUST,C_130,Ophthalmology Service,"1,491",997,66.90%,11.1,34.1,21
Y58,RA4,YEOVIL DISTRICT HOSPITAL NHS FOUNDATION TRUST,C_140,Oral Surgery Service, -   , -   , -   ,-,-,0
Y58,RA4,YEOVIL DISTRICT HOSPITAL NHS FOUNDATION TRUST,C_150,Neurosurgical Service, -   , -   , -   ,-,-,0
Y58,RA4,YEOVIL DISTRICT HOSPITAL NHS FOUNDATION TRUST,C_160,Plastic Surgery Service,92,67,72.80%,7.7,34.8,3
Y58,RA4,YEOVIL DISTRICT HOSPITAL NHS FOUNDATION TRUST,C_170,Cardiothoracic Surgery Service, -   , -   , -   ,-,-,0
Y58,RA4,YEOVIL DISTRICT HOSPITAL NHS FOUNDATION TRUST,C_300,General Internal Medicine Service,4,4,100.00%,-,-,0
Y58,RA4,YEOVIL DISTRICT HOSPITAL NHS FOUNDATION TRUST,C_301,Gastroenterology Service,205,180,87.80%,5.3,20.7,0
Y58,RA4,YEOVIL DISTRICT HOSPITAL NHS FOUNDATION TRUST,C_320,Cardiology Service,975,912,93.50%,9.3,16.8,0
Y58,RA4,YEOVIL DISTRICT HOSPITAL NHS FOUNDATION TRUST,C_330,Dermatology Service,573,536,93.50%,3.8,15.7,4
Y58,RA4,YEOVIL DISTRICT HOSPITAL NHS FOUNDATION TRUST,C_340,Respiratory Medicine Service,297,256,86.20%,8,22.2,0
Y58,RA4,YEOVIL DISTRICT HOSPITAL NHS FOUNDATION TRUST,C_400,Neurology Service,572,272,47.60%,20.4,49.1,38
Y58,RA4,YEOVIL DISTRICT HOSPITAL NHS FOUNDATION TRUST,C_410,Rheumatology Service,153,144,94.10%,6.2,17,0
Y58,RA4,YEOVIL DISTRICT HOSPITAL NHS FOUNDATION TRUST,C_430,Elderly Medicine Service,70,69,98.60%,3.8,14.7,0
Y58,RA4,YEOVIL DISTRICT HOSPITAL NHS FOUNDATION TRUST,C_502,Gynaecology Service,"1,055",764,72.40%,10,40.6,51
Y58,RA4,YEOVIL DISTRICT HOSPITAL NHS FOUNDATION TRUST,X02,Other - Medical Services,348,336,96.60%,5.8,16,0
Y58,RA4,YEOVIL DISTRICT HOSPITAL NHS FOUNDATION TRUST,X03,Other - Mental Health Services, -   , -   , -   ,-,-,0
Y58,RA4,YEOVIL DISTRICT HOSPITAL NHS FOUNDATION TRUST,X04,Other - Paediatric Services,386,324,83.90%,5.1,29.4,11
Y58,RA4,YEOVIL DISTRICT HOSPITAL NHS FOUNDATION TRUST,X05,Other - Surgical Services,525,409,77.90%,5.8,42.4,34
Y58,RA4,YEOVIL DISTRICT HOSPITAL NHS FOUNDATION TRUST,X06,Other - Other Services, -   , -   , -   ,-,-,0
Y58,RA7,UNIVERSITY HOSPITALS BRISTOL AND WESTON NHS FOUNDATION TRUST,C_100,General Surgery Service,204,,,16.7,,27
Y58,RA7,UNIVERSITY HOSPITALS BRISTOL AND WESTON NHS FOUNDATION TRUST,C_101,Urology Service,"1,018",,,18.3,,121
Y58,RA7,UNIVERSITY HOSPITALS BRISTOL AND WESTON NHS FOUNDATION TRUST,C_110,Trauma and Orthopaedic Service,"1,513",,,32.4,,374
Y58,RA7,UNIVERSITY HOSPITALS BRISTOL AND WESTON NHS FOUNDATION TRUST,C_120,Ear Nose and Throat Service,"3,691",,,26.5,,432
Y58,RA7,UNIVERSITY HOSPITALS BRISTOL AND WESTON NHS FOUNDATION TRUST,C_130,Ophthalmology Service,"6,858",,,10.5,,329
Y58,RA7,UNIVERSITY HOSPITALS BRISTOL AND WESTON NHS FOUNDATION TRUST,C_140,Oral Surgery Service,"4,108",,,17.3,,358
Y58,RA7,UNIVERSITY HOSPITALS BRISTOL AND WESTON NHS FOUNDATION TRUST,C_150,Neurosurgical Service, -   ,,,-,,0
Y58,RA7,UNIVERSITY HOSPITALS BRISTOL AND WESTON NHS FOUNDATION TRUST,C_160,Plastic Surgery Service, -   ,,,-,,0
Y58,RA7,UNIVERSITY HOSPITALS BRISTOL AND WESTON NHS FOUNDATION TRUST,C_170,Cardiothoracic Surgery Service,458,,,16.7,,48
Y58,RA7,UNIVERSITY HOSPITALS BRISTOL AND WESTON NHS FOUNDATION TRUST,C_300,General Internal Medicine Service,80,,,13.4,,3
Y58,RA7,UNIVERSITY HOSPITALS BRISTOL AND WESTON NHS FOUNDATION TRUST,C_301,Gastroenterology Service,"1,486",,,25.5,,253
Y58,RA7,UNIVERSITY HOSPITALS BRISTOL AND WESTON NHS FOUNDATION TRUST,C_320,Cardiology Service,"3,323",,,11,,248
Y58,RA7,UNIVERSITY HOSPITALS BRISTOL AND WESTON NHS FOUNDATION TRUST,C_330,Dermatology Service,"1,760",,,5.3,,4
Y58,RA7,UNIVERSITY HOSPITALS BRISTOL AND WESTON NHS FOUNDATION TRUST,C_340,Respiratory Medicine Service,763,,,13.1,,20
Y58,RA7,UNIVERSITY HOSPITALS BRISTOL AND WESTON NHS FOUNDATION TRUST,C_400,Neurology Service,327,,,10.9,,10
Y58,RA7,UNIVERSITY HOSPITALS BRISTOL AND WESTON NHS FOUNDATION TRUST,C_410,Rheumatology Service,922,,,9,,1
Y58,RA7,UNIVERSITY HOSPITALS BRISTOL AND WESTON NHS FOUNDATION TRUST,C_430,Elderly Medicine Service,111,,,9.7,,2
Y58,RA7,UNIVERSITY HOSPITALS BRISTOL AND WESTON NHS FOUNDATION TRUST,C_502,Gynaecology Service,"1,991",,,10.1,,35
Y58,RA7,UNIVERSITY HOSPITALS BRISTOL AND WESTON NHS FOUNDATION TRUST,X02,Other - Medical Services,"3,342",,,10.6,,57
Y58,RA7,UNIVERSITY HOSPITALS BRISTOL AND WESTON NHS FOUNDATION TRUST,X03,Other - Mental Health Services,44,,,4.4,,0
Y58,RA7,UNIVERSITY HOSPITALS BRISTOL AND WESTON NHS FOUNDATION TRUST,X04,Other - Paediatric Services,"6,767",,,13.4,,665
Y58,RA7,UNIVERSITY HOSPITALS BRISTOL AND WESTON NHS FOUNDATION TRUST,X05,Other - Surgical Services,"5,287",,,13.9,,631
Y58,RA7,UNIVERSITY HOSPITALS BRISTOL AND WESTON NHS FOUNDATION TRUST,X06,Other - Other Services,"5,738",,,5.2,,0
Y58,RA9,TORBAY AND SOUTH DEVON NHS FOUNDATION TRUST,C_100,General Surgery Service, -   , -   , -   ,-,-,0
Y58,RA9,TORBAY AND SOUTH DEVON NHS FOUNDATION TRUST,C_101,Urology Service,"2,406","1,192",49.50%,18.7,59.2,252
Y58,RA9,TORBAY AND SOUTH DEVON NHS FOUNDATION TRUST,C_110,Trauma and Orthopaedic Service,"3,277","1,525",46.50%,19.9,69,493
Y58,RA9,TORBAY AND SOUTH DEVON NHS FOUNDATION TRUST,C_120,Ear Nose and Throat Service,"2,036","1,362",66.90%,10.7,42.3,94
Y58,RA9,TORBAY AND SOUTH DEVON NHS FOUNDATION TRUST,C_130,Ophthalmology Service,"4,703","3,085",65.60%,11.8,40.7,160
Y58,RA9,TORBAY AND SOUTH DEVON NHS FOUNDATION TRUST,C_140,Oral Surgery Service,"1,682","1,208",71.80%,10.2,33.3,44
Y58,RA9,TORBAY AND SOUTH DEVON NHS FOUNDATION TRUST,C_150,Neurosurgical Service, -   , -   , -   ,-,-,0
Y58,RA9,TORBAY AND SOUTH DEVON NHS FOUNDATION TRUST,C_160,Plastic Surgery Service,145,116,80.00%,6.8,40.4,6
Y58,RA9,TORBAY AND SOUTH DEVON NHS FOUNDATION TRUST,C_170,Cardiothoracic Surgery Service,10,9,90.00%,-,-,0
Y58,RA9,TORBAY AND SOUTH DEVON NHS FOUNDATION TRUST,C_300,General Internal Medicine Service,49,38,77.60%,8,31.1,3
Y58,RA9,TORBAY AND SOUTH DEVON NHS FOUNDATION TRUST,C_301,Gastroenterology Service,"1,863","1,345",72.20%,8.2,40.2,66
Y58,RA9,TORBAY AND SOUTH DEVON NHS FOUNDATION TRUST,C_320,Cardiology Service,"1,670","1,259",75.40%,9,33.7,24
Y58,RA9,TORBAY AND SOUTH DEVON NHS FOUNDATION TRUST,C_330,Dermatology Service,"1,397","1,026",73.40%,7.7,31.3,1
Y58,RA9,TORBAY AND SOUTH DEVON NHS FOUNDATION TRUST,C_340,Respiratory Medicine Service,696,515,74.00%,9.9,27.7,4
Y58,RA9,TORBAY AND SOUTH DEVON NHS FOUNDATION TRUST,C_400,Neurology Service,721,431,59.80%,13.1,47.4,49
Y58,RA9,TORBAY AND SOUTH DEVON NHS FOUNDATION TRUST,C_410,Rheumatology Service,378,294,77.80%,5.8,42.8,19
Y58,RA9,TORBAY AND SOUTH DEVON NHS FOUNDATION TRUST,C_430,Elderly Medicine Service,127,116,91.30%,6.5,18.8,0
Y58,RA9,TORBAY AND SOUTH DEVON NHS FOUNDATION TRUST,C_502,Gynaecology Service,"1,781","1,277",71.70%,9.9,29.8,6
Y58,RA9,TORBAY AND SOUTH DEVON NHS FOUNDATION TRUST,X02,Other - Medical Services,"1,399","1,039",74.30%,9.4,39.6,50
Y58,RA9,TORBAY AND SOUTH DEVON NHS FOUNDATION TRUST,X03,Other - Mental Health Services, -   , -   , -   ,-,-,0
Y58,RA9,TORBAY AND SOUTH DEVON NHS FOUNDATION TRUST,X04,Other - Paediatric Services,"1,256",748,59.60%,13,34.7,12
Y58,RA9,TORBAY AND SOUTH DEVON NHS FOUNDATION TRUST,X05,Other - Surgical Services,"3,101","1,684",54.30%,15.5,58.6,323
Y58,RA9,TORBAY AND SOUTH DEVON NHS FOUNDATION TRUST,X06,Other - Other Services,265,236,89.10%,5.6,20,1
Y58,RBD,DORSET COUNTY HOSPITAL NHS FOUNDATION TRUST,C_100,General Surgery Service,791,543,68.60%,8.1,43.6,47
Y58,RBD,DORSET COUNTY HOSPITAL NHS FOUNDATION TRUST,C_101,Urology Service,815,671,82.30%,6.7,27.5,20
Y58,RBD,DORSET COUNTY HOSPITAL NHS FOUNDATION TRUST,C_110,Trauma and Orthopaedic Service,"3,136","1,275",40.70%,24,78.2,600
Y58,RBD,DORSET COUNTY HOSPITAL NHS FOUNDATION TRUST,C_120,Ear Nose and Throat Service,"2,134","1,000",46.90%,19.7,65.7,274
Y58,RBD,DORSET COUNTY HOSPITAL NHS FOUNDATION TRUST,C_130,Ophthalmology Service,"2,750","1,361",49.50%,18.3,66.1,345
Y58,RBD,DORSET COUNTY HOSPITAL NHS FOUNDATION TRUST,C_140,Oral Surgery Service,"2,164",570,26.30%,45.3,92.4,"1,033"
Y58,RBD,DORSET COUNTY HOSPITAL NHS FOUNDATION TRUST,C_150,Neurosurgical Service, -   , -   , -   ,-,-,0
Y58,RBD,DORSET COUNTY HOSPITAL NHS FOUNDATION TRUST,C_160,Plastic Surgery Service, -   , -   , -   ,-,-,0
Y58,RBD,DORSET COUNTY HOSPITAL NHS FOUNDATION TRUST,C_170,Cardiothoracic Surgery Service, -   , -   , -   ,-,-,0
Y58,RBD,DORSET COUNTY HOSPITAL NHS FOUNDATION TRUST,C_300,General Internal Medicine Service,5,5,100.00%,-,-,0
Y58,RBD,DORSET COUNTY HOSPITAL NHS FOUNDATION TRUST,C_301,Gastroenterology Service,"1,185",556,46.90%,19.7,63.8,142
Y58,RBD,DORSET COUNTY HOSPITAL NHS FOUNDATION TRUST,C_320,Cardiology Service,381,370,97.10%,4.5,14.6,0
Y58,RBD,DORSET COUNTY HOSPITAL NHS FOUNDATION TRUST,C_330,Dermatology Service,695,558,80.30%,5,34.7,28
Y58,RBD,DORSET COUNTY HOSPITAL NHS FOUNDATION TRUST,C_340,Respiratory Medicine Service,157,151,96.20%,5.7,15.8,0
Y58,RBD,DORSET COUNTY HOSPITAL NHS FOUNDATION TRUST,C_400,Neurology Service, -   , -   , -   ,-,-,0
Y58,RBD,DORSET COUNTY HOSPITAL NHS FOUNDATION TRUST,C_410,Rheumatology Service,370,249,67.30%,10.8,32.3,0
Y58,RBD,DORSET COUNTY HOSPITAL NHS FOUNDATION TRUST,C_430,Elderly Medicine Service,32,32,100.00%,4.9,11.8,0
Y58,RBD,DORSET COUNTY HOSPITAL NHS FOUNDATION TRUST,C_502,Gynaecology Service,"1,156",830,71.80%,9.7,34.5,34
Y58,RBD,DORSET COUNTY HOSPITAL NHS FOUNDATION TRUST,X02,Other - Medical Services,669,592,88.50%,4.7,25.6,4
Y58,RBD,DORSET COUNTY HOSPITAL NHS FOUNDATION TRUST,X03,Other - Mental Health Services, -   , -   , -   ,-,-,0
Y58,RBD,DORSET COUNTY HOSPITAL NHS FOUNDATION TRUST,X04,Other - Paediatric Services,235,154,65.50%,9.7,41.5,7
Y58,RBD,DORSET COUNTY HOSPITAL NHS FOUNDATION TRUST,X05,Other - Surgical Services,980,715,73.00%,6.5,43.8,54
Y58,RBD,DORSET COUNTY HOSPITAL NHS FOUNDATION TRUST,X06,Other - Other Services,1,1,100.00%,-,-,0
Y58,RBZ,NORTHERN DEVON HEALTHCARE NHS TRUST,C_100,General Surgery Service,348,217,62.40%,11.5,46.2,21
Y58,RBZ,NORTHERN DEVON HEALTHCARE NHS TRUST,C_101,Urology Service,927,561,60.50%,13,63.1,118
Y58,RBZ,NORTHERN DEVON HEALTHCARE NHS TRUST,C_110,Trauma and Orthopaedic Service,"2,452","1,330",54.20%,16.4,64.9,317
Y58,RBZ,NORTHERN DEVON HEALTHCARE NHS TRUST,C_120,Ear Nose and Throat Service, -   , -   , -   ,-,-,0
Y58,RBZ,NORTHERN DEVON HEALTHCARE NHS TRUST,C_130,Ophthalmology Service,"2,698","1,311",48.60%,18.9,67.8,384
Y58,RBZ,NORTHERN DEVON HEALTHCARE NHS TRUST,C_140,Oral Surgery Service,549,400,72.90%,9.2,40,38
Y58,RBZ,NORTHERN DEVON HEALTHCARE NHS TRUST,C_150,Neurosurgical Service, -   , -   , -   ,-,-,0
Y58,RBZ,NORTHERN DEVON HEALTHCARE NHS TRUST,C_160,Plastic Surgery Service,73,46,63.00%,10,40.2,3
Y58,RBZ,NORTHERN DEVON HEALTHCARE NHS TRUST,C_170,Cardiothoracic Surgery Service, -   , -   , -   ,-,-,0
Y58,RBZ,NORTHERN DEVON HEALTHCARE NHS TRUST,C_300,General Internal Medicine Service, -   , -   , -   ,-,-,0
Y58,RBZ,NORTHERN DEVON HEALTHCARE NHS TRUST,C_301,Gastroenterology Service,777,566,72.80%,9.3,39.3,11
Y58,RBZ,NORTHERN DEVON HEALTHCARE NHS TRUST,C_320,Cardiology Service,540,472,87.40%,6,27.3,6
Y58,RBZ,NORTHERN DEVON HEALTHCARE NHS TRUST,C_330,Dermatology Service,"1,263",966,76.50%,7.1,33.5,20
Y58,RBZ,NORTHERN DEVON HEALTHCARE NHS TRUST,C_340,Respiratory Medicine Service,350,287,82.00%,9.7,28.3,4
Y58,RBZ,NORTHERN DEVON HEALTHCARE NHS TRUST,C_400,Neurology Service,498,232,46.60%,20,52.7,42
Y58,RBZ,NORTHERN DEVON HEALTHCARE NHS TRUST,C_410,Rheumatology Service,87,68,78.20%,3.8,41,2
Y58,RBZ,NORTHERN DEVON HEALTHCARE NHS TRUST,C_430,Elderly Medicine Service,30,28,93.30%,5.1,11.6,0
Y58,RBZ,NORTHERN DEVON HEALTHCARE NHS TRUST,C_502,Gynaecology Service,932,582,62.40%,12.1,65.3,116
Y58,RBZ,NORTHERN DEVON HEALTHCARE NHS TRUST,X02,Other - Medical Services,842,621,73.80%,8.5,60.4,79
Y58,RBZ,NORTHERN DEVON HEALTHCARE NHS TRUST,X03,Other - Mental Health Services, -   , -   , -   ,-,-,0
Y58,RBZ,NORTHERN DEVON HEALTHCARE NHS TRUST,X04,Other - Paediatric Services,296,169,57.10%,15.7,66.7,31
Y58,RBZ,NORTHERN DEVON HEALTHCARE NHS TRUST,X05,Other - Surgical Services,"1,310",945,72.10%,10,42.2,50
Y58,RBZ,NORTHERN DEVON HEALTHCARE NHS TRUST,X06,Other - Other Services,59,56,94.90%,6.8,15.6,0
Y58,RD1,ROYAL UNITED HOSPITALS BATH NHS FOUNDATION TRUST,C_100,General Surgery Service,"3,456","2,141",62.00%,13.9,45.8,168
Y58,RD1,ROYAL UNITED HOSPITALS BATH NHS FOUNDATION TRUST,C_101,Urology Service,"1,619",854,52.70%,16.9,40.6,33
Y58,RD1,ROYAL UNITED HOSPITALS BATH NHS FOUNDATION TRUST,C_110,Trauma and Orthopaedic Service,"1,828","1,120",61.30%,12.1,61.9,174
Y58,RD1,ROYAL UNITED HOSPITALS BATH NHS FOUNDATION TRUST,C_120,Ear Nose and Throat Service,"2,194","1,512",68.90%,11.3,41.5,100
Y58,RD1,ROYAL UNITED HOSPITALS BATH NHS FOUNDATION TRUST,C_130,Ophthalmology Service,"2,815","2,177",77.30%,8.1,41.1,98
Y58,RD1,ROYAL UNITED HOSPITALS BATH NHS FOUNDATION TRUST,C_140,Oral Surgery Service,"3,475","1,875",54.00%,16.5,65.2,395
Y58,RD1,ROYAL UNITED HOSPITALS BATH NHS FOUNDATION TRUST,C_150,Neurosurgical Service, -   , -   , -   ,-,-,0
Y58,RD1,ROYAL UNITED HOSPITALS BATH NHS FOUNDATION TRUST,C_160,Plastic Surgery Service, -   , -   , -   ,-,-,0
Y58,RD1,ROYAL UNITED HOSPITALS BATH NHS FOUNDATION TRUST,C_170,Cardiothoracic Surgery Service, -   , -   , -   ,-,-,0
Y58,RD1,ROYAL UNITED HOSPITALS BATH NHS FOUNDATION TRUST,C_300,General Internal Medicine Service,206,206,100.00%,9.8,16.5,0
Y58,RD1,ROYAL UNITED HOSPITALS BATH NHS FOUNDATION TRUST,C_301,Gastroenterology Service,"2,678","1,556",58.10%,14.7,42.8,12
Y58,RD1,ROYAL UNITED HOSPITALS BATH NHS FOUNDATION TRUST,C_320,Cardiology Service,"1,991","1,611",80.90%,10.7,29.3,3
Y58,RD1,ROYAL UNITED HOSPITALS BATH NHS FOUNDATION TRUST,C_330,Dermatology Service,755,727,96.30%,3.8,16.3,0
Y58,RD1,ROYAL UNITED HOSPITALS BATH NHS FOUNDATION TRUST,C_340,Respiratory Medicine Service,299,299,100.00%,3.9,13.6,0
Y58,RD1,ROYAL UNITED HOSPITALS BATH NHS FOUNDATION TRUST,C_400,Neurology Service,531,512,96.40%,6.5,15.5,0
Y58,RD1,ROYAL UNITED HOSPITALS BATH NHS FOUNDATION TRUST,C_410,Rheumatology Service,903,892,98.80%,6.7,14.9,0
Y58,RD1,ROYAL UNITED HOSPITALS BATH NHS FOUNDATION TRUST,C_430,Elderly Medicine Service,104,102,98.10%,4.8,14.2,0
Y58,RD1,ROYAL UNITED HOSPITALS BATH NHS FOUNDATION TRUST,C_502,Gynaecology Service,"1,807","1,437",79.50%,10.6,35,17
Y58,RD1,ROYAL UNITED HOSPITALS BATH NHS FOUNDATION TRUST,X02,Other - Medical Services,"1,580","1,417",89.70%,6.4,19.3,3
Y58,RD1,ROYAL UNITED HOSPITALS BATH NHS FOUNDATION TRUST,X03,Other - Mental Health Services, -   , -   , -   ,-,-,0
Y58,RD1,ROYAL UNITED HOSPITALS BATH NHS FOUNDATION TRUST,X04,Other - Paediatric Services,109,76,69.70%,10,25.4,0
Y58,RD1,ROYAL UNITED HOSPITALS BATH NHS FOUNDATION TRUST,X05,Other - Surgical Services,472,414,87.70%,3,24.1,18
Y58,RD1,ROYAL UNITED HOSPITALS BATH NHS FOUNDATION TRUST,X06,Other - Other Services,"1,024",782,76.40%,7.9,36.7,37
Y58,REF,ROYAL CORNWALL HOSPITALS NHS TRUST,C_100,General Surgery Service,"1,663","1,258",75.60%,7.3,34.6,49
Y58,REF,ROYAL CORNWALL HOSPITALS NHS TRUST,C_101,Urology Service,"1,440",956,66.40%,11.1,62.8,145
Y58,REF,ROYAL CORNWALL HOSPITALS NHS TRUST,C_110,Trauma and Orthopaedic Service,"4,856","2,509",51.70%,17.3,52,388
Y58,REF,ROYAL CORNWALL HOSPITALS NHS TRUST,C_120,Ear Nose and Throat Service,"1,471","1,214",82.50%,7,26.8,18
Y58,REF,ROYAL CORNWALL HOSPITALS NHS TRUST,C_130,Ophthalmology Service,"2,634","2,213",84.00%,5.6,27.4,19
Y58,REF,ROYAL CORNWALL HOSPITALS NHS TRUST,C_140,Oral Surgery Service,"1,963","1,497",76.30%,9.5,30.7,43
Y58,REF,ROYAL CORNWALL HOSPITALS NHS TRUST,C_150,Neurosurgical Service, -   , -   , -   ,-,-,0
Y58,REF,ROYAL CORNWALL HOSPITALS NHS TRUST,C_160,Plastic Surgery Service, -   , -   , -   ,-,-,0
Y58,REF,ROYAL CORNWALL HOSPITALS NHS TRUST,C_170,Cardiothoracic Surgery Service, -   , -   , -   ,-,-,0
Y58,REF,ROYAL CORNWALL HOSPITALS NHS TRUST,C_300,General Internal Medicine Service,1,1,100.00%,-,-,0
Y58,REF,ROYAL CORNWALL HOSPITALS NHS TRUST,C_301,Gastroenterology Service,"1,232","1,106",89.80%,4.2,20.1,0
Y58,REF,ROYAL CORNWALL HOSPITALS NHS TRUST,C_320,Cardiology Service,"1,873","1,424",76.00%,9,31.1,6
Y58,REF,ROYAL CORNWALL HOSPITALS NHS TRUST,C_330,Dermatology Service,"1,929","1,840",95.40%,4.8,15,0
Y58,REF,ROYAL CORNWALL HOSPITALS NHS TRUST,C_340,Respiratory Medicine Service,113,108,95.60%,2.5,14,0
Y58,REF,ROYAL CORNWALL HOSPITALS NHS TRUST,C_400,Neurology Service,"1,165",769,66.00%,12.3,30.1,0
Y58,REF,ROYAL CORNWALL HOSPITALS NHS TRUST,C_410,Rheumatology Service,657,542,82.50%,10,20.7,0
Y58,REF,ROYAL CORNWALL HOSPITALS NHS TRUST,C_430,Elderly Medicine Service,167,158,94.60%,4.3,16.2,0
Y58,REF,ROYAL CORNWALL HOSPITALS NHS TRUST,C_502,Gynaecology Service,"1,575","1,302",82.70%,7.7,26,4
Y58,REF,ROYAL CORNWALL HOSPITALS NHS TRUST,X02,Other - Medical Services,"2,693","2,522",93.70%,5.3,16.5,1
Y58,REF,ROYAL CORNWALL HOSPITALS NHS TRUST,X03,Other - Mental Health Services, -   , -   , -   ,-,-,0
Y58,REF,ROYAL CORNWALL HOSPITALS NHS TRUST,X04,Other - Paediatric Services,563,505,89.70%,6.3,19.6,1
Y58,REF,ROYAL CORNWALL HOSPITALS NHS TRUST,X05,Other - Surgical Services,"1,894","1,242",65.60%,10.1,43.8,108
Y58,REF,ROYAL CORNWALL HOSPITALS NHS TRUST,X06,Other - Other Services,789,660,83.70%,4.7,26.1,0
Y58,RH5,SOMERSET NHS FOUNDATION TRUST,C_100,General Surgery Service,501,,,14.5,,23
Y58,RH5,SOMERSET NHS FOUNDATION TRUST,C_101,Urology Service,"1,225",,,10,,88
Y58,RH5,SOMERSET NHS FOUNDATION TRUST,C_110,Trauma and Orthopaedic Service,"4,883",,,9.6,,416
Y58,RH5,SOMERSET NHS FOUNDATION TRUST,C_120,Ear Nose and Throat Service,"2,436",,,12.9,,265
Y58,RH5,SOMERSET NHS FOUNDATION TRUST,C_130,Ophthalmology Service,"3,284",,,19.4,,608
Y58,RH5,SOMERSET NHS FOUNDATION TRUST,C_140,Oral Surgery Service,"1,661",,,10.8,,154
Y58,RH5,SOMERSET NHS FOUNDATION TRUST,C_150,Neurosurgical Service, -   ,,,-,,0
Y58,RH5,SOMERSET NHS FOUNDATION TRUST,C_160,Plastic Surgery Service,4,,,-,,0
Y58,RH5,SOMERSET NHS FOUNDATION TRUST,C_170,Cardiothoracic Surgery Service,13,,,-,,0
Y58,RH5,SOMERSET NHS FOUNDATION TRUST,C_300,General Internal Medicine Service,7,,,-,,0
Y58,RH5,SOMERSET NHS FOUNDATION TRUST,C_301,Gastroenterology Service,"1,995",,,14.5,,26
Y58,RH5,SOMERSET NHS FOUNDATION TRUST,C_320,Cardiology Service,"1,706",,,11.6,,16
Y58,RH5,SOMERSET NHS FOUNDATION TRUST,C_330,Dermatology Service,41,,,3.3,,0
Y58,RH5,SOMERSET NHS FOUNDATION TRUST,C_340,Respiratory Medicine Service,712,,,9.6,,15
Y58,RH5,SOMERSET NHS FOUNDATION TRUST,C_400,Neurology Service,709,,,13.7,,36
Y58,RH5,SOMERSET NHS FOUNDATION TRUST,C_410,Rheumatology Service,982,,,15.1,,53
Y58,RH5,SOMERSET NHS FOUNDATION TRUST,C_430,Elderly Medicine Service,235,,,4.7,,0
Y58,RH5,SOMERSET NHS FOUNDATION TRUST,C_502,Gynaecology Service,"1,749",,,10.6,,87
Y58,RH5,SOMERSET NHS FOUNDATION TRUST,X02,Other - Medical Services,"1,222",,,8.7,,32
Y58,RH5,SOMERSET NHS FOUNDATION TRUST,X03,Other - Mental Health Services, -   ,,,-,,0
Y58,RH5,SOMERSET NHS FOUNDATION TRUST,X04,Other - Paediatric Services,704,,,7.7,,15
Y58,RH5,SOMERSET NHS FOUNDATION TRUST,X05,Other - Surgical Services,"4,253",,,12.9,,473
Y58,RH5,SOMERSET NHS FOUNDATION TRUST,X06,Other - Other Services,602,,,7.3,,13
Y58,RH8,ROYAL DEVON AND EXETER NHS FOUNDATION TRUST,C_100,General Surgery Service,"2,018",608,30.10%,37.1,69.8,552
Y58,RH8,ROYAL DEVON AND EXETER NHS FOUNDATION TRUST,C_101,Urology Service,"2,167","1,298",59.90%,14.4,55.1,185
Y58,RH8,ROYAL DEVON AND EXETER NHS FOUNDATION TRUST,C_110,Trauma and Orthopaedic Service,"6,745","2,555",37.90%,28.3,80.3,"1,721"
Y58,RH8,ROYAL DEVON AND EXETER NHS FOUNDATION TRUST,C_120,Ear Nose and Throat Service,"3,067","1,876",61.20%,13.8,48.7,221
Y58,RH8,ROYAL DEVON AND EXETER NHS FOUNDATION TRUST,C_130,Ophthalmology Service,"8,886","4,253",47.90%,19.3,63.5,"1,018"
Y58,RH8,ROYAL DEVON AND EXETER NHS FOUNDATION TRUST,C_140,Oral Surgery Service,"1,795","1,140",63.50%,9.9,34.9,60
Y58,RH8,ROYAL DEVON AND EXETER NHS FOUNDATION TRUST,C_150,Neurosurgical Service, -   , -   , -   ,-,-,0
Y58,RH8,ROYAL DEVON AND EXETER NHS FOUNDATION TRUST,C_160,Plastic Surgery Service,"1,496",815,54.50%,15.7,62.3,154
Y58,RH8,ROYAL DEVON AND EXETER NHS FOUNDATION TRUST,C_170,Cardiothoracic Surgery Service,3,1,33.30%,-,-,1
Y58,RH8,ROYAL DEVON AND EXETER NHS FOUNDATION TRUST,C_300,General Internal Medicine Service,"1,047",650,62.10%,12.8,37,22
Y58,RH8,ROYAL DEVON AND EXETER NHS FOUNDATION TRUST,C_301,Gastroenterology Service,"4,394","2,475",56.30%,15.6,40.2,135
Y58,RH8,ROYAL DEVON AND EXETER NHS FOUNDATION TRUST,C_320,Cardiology Service,"2,835","1,291",45.50%,21,66.9,396
Y58,RH8,ROYAL DEVON AND EXETER NHS FOUNDATION TRUST,C_330,Dermatology Service,"3,348","2,306",68.90%,9.5,29.9,7
Y58,RH8,ROYAL DEVON AND EXETER NHS FOUNDATION TRUST,C_340,Respiratory Medicine Service,"1,213",536,44.20%,21.7,61.6,133
Y58,RH8,ROYAL DEVON AND EXETER NHS FOUNDATION TRUST,C_400,Neurology Service,"1,358",734,54.10%,16.3,41,41
Y58,RH8,ROYAL DEVON AND EXETER NHS FOUNDATION TRUST,C_410,Rheumatology Service,480,389,81.00%,7,31.1,0
Y58,RH8,ROYAL DEVON AND EXETER NHS FOUNDATION TRUST,C_430,Elderly Medicine Service,464,254,54.70%,14,40.4,10
Y58,RH8,ROYAL DEVON AND EXETER NHS FOUNDATION TRUST,C_502,Gynaecology Service,"3,081","1,617",52.50%,16.7,39.6,54
Y58,RH8,ROYAL DEVON AND EXETER NHS FOUNDATION TRUST,X02,Other - Medical Services,"7,020","4,327",61.60%,13,35.2,145
Y58,RH8,ROYAL DEVON AND EXETER NHS FOUNDATION TRUST,X03,Other - Mental Health Services,1, -   , -   ,-,-,0
Y58,RH8,ROYAL DEVON AND EXETER NHS FOUNDATION TRUST,X04,Other - Paediatric Services,354,190,53.70%,14.8,40.2,7
Y58,RH8,ROYAL DEVON AND EXETER NHS FOUNDATION TRUST,X05,Other - Surgical Services,"4,437","2,765",62.30%,12.7,68.3,501
Y58,RH8,ROYAL DEVON AND EXETER NHS FOUNDATION TRUST,X06,Other - Other Services,"5,365","3,267",60.90%,13.1,34.7,163
Y58,RJ8,CORNWALL PARTNERSHIP NHS FOUNDATION TRUST,C_100,General Surgery Service, -   , -   , -   ,-,-,0
Y58,RJ8,CORNWALL PARTNERSHIP NHS FOUNDATION TRUST,C_101,Urology Service, -   , -   , -   ,-,-,0
Y58,RJ8,CORNWALL PARTNERSHIP NHS FOUNDATION TRUST,C_110,Trauma and Orthopaedic Service, -   , -   , -   ,-,-,0
Y58,RJ8,CORNWALL PARTNERSHIP NHS FOUNDATION TRUST,C_120,Ear Nose and Throat Service, -   , -   , -   ,-,-,0
Y58,RJ8,CORNWALL PARTNERSHIP NHS FOUNDATION TRUST,C_130,Ophthalmology Service, -   , -   , -   ,-,-,0
Y58,RJ8,CORNWALL PARTNERSHIP NHS FOUNDATION TRUST,C_140,Oral Surgery Service, -   , -   , -   ,-,-,0
Y58,RJ8,CORNWALL PARTNERSHIP NHS FOUNDATION TRUST,C_150,Neurosurgical Service, -   , -   , -   ,-,-,0
Y58,RJ8,CORNWALL PARTNERSHIP NHS FOUNDATION TRUST,C_160,Plastic Surgery Service, -   , -   , -   ,-,-,0
Y58,RJ8,CORNWALL PARTNERSHIP NHS FOUNDATION TRUST,C_170,Cardiothoracic Surgery Service, -   , -   , -   ,-,-,0
Y58,RJ8,CORNWALL PARTNERSHIP NHS FOUNDATION TRUST,C_300,General Internal Medicine Service, -   , -   , -   ,-,-,0
Y58,RJ8,CORNWALL PARTNERSHIP NHS FOUNDATION TRUST,C_301,Gastroenterology Service, -   , -   , -   ,-,-,0
Y58,RJ8,CORNWALL PARTNERSHIP NHS FOUNDATION TRUST,C_320,Cardiology Service, -   , -   , -   ,-,-,0
Y58,RJ8,CORNWALL PARTNERSHIP NHS FOUNDATION TRUST,C_330,Dermatology Service, -   , -   , -   ,-,-,0
Y58,RJ8,CORNWALL PARTNERSHIP NHS FOUNDATION TRUST,C_340,Respiratory Medicine Service, -   , -   , -   ,-,-,0
Y58,RJ8,CORNWALL PARTNERSHIP NHS FOUNDATION TRUST,C_400,Neurology Service, -   , -   , -   ,-,-,0
Y58,RJ8,CORNWALL PARTNERSHIP NHS FOUNDATION TRUST,C_410,Rheumatology Service, -   , -   , -   ,-,-,0
Y58,RJ8,CORNWALL PARTNERSHIP NHS FOUNDATION TRUST,C_430,Elderly Medicine Service, -   , -   , -   ,-,-,0
Y58,RJ8,CORNWALL PARTNERSHIP NHS FOUNDATION TRUST,C_502,Gynaecology Service, -   , -   , -   ,-,-,0
Y58,RJ8,CORNWALL PARTNERSHIP NHS FOUNDATION TRUST,X02,Other - Medical Services, -   , -   , -   ,-,-,0
Y58,RJ8,CORNWALL PARTNERSHIP NHS FOUNDATION TRUST,X03,Other - Mental Health Services, -   , -   , -   ,-,-,0
Y58,RJ8,CORNWALL PARTNERSHIP NHS FOUNDATION TRUST,X04,Other - Paediatric Services, -   , -   , -   ,-,-,0
Y58,RJ8,CORNWALL PARTNERSHIP NHS FOUNDATION TRUST,X05,Other - Surgical Services, -   , -   , -   ,-,-,0
Y58,RJ8,CORNWALL PARTNERSHIP NHS FOUNDATION TRUST,X06,Other - Other Services,797,783,98.20%,5.6,14.5,0
Y58,RK9,UNIVERSITY HOSPITALS PLYMOUTH NHS TRUST,C_100,General Surgery Service,473,247,52.20%,17.2,60.3,45
Y58,RK9,UNIVERSITY HOSPITALS PLYMOUTH NHS TRUST,C_101,Urology Service,"1,898","1,231",64.90%,10.6,48.2,121
Y58,RK9,UNIVERSITY HOSPITALS PLYMOUTH NHS TRUST,C_110,Trauma and Orthopaedic Service,"3,620","1,747",48.30%,19.4,72.9,622
Y58,RK9,UNIVERSITY HOSPITALS PLYMOUTH NHS TRUST,C_120,Ear Nose and Throat Service,"2,194","1,594",72.70%,8,54.6,193
Y58,RK9,UNIVERSITY HOSPITALS PLYMOUTH NHS TRUST,C_130,Ophthalmology Service,"4,042","3,275",81.00%,9,36,151
Y58,RK9,UNIVERSITY HOSPITALS PLYMOUTH NHS TRUST,C_140,Oral Surgery Service, -   , -   , -   ,-,-,0
Y58,RK9,UNIVERSITY HOSPITALS PLYMOUTH NHS TRUST,C_150,Neurosurgical Service,"2,030",840,41.40%,23.2,67.9,339
Y58,RK9,UNIVERSITY HOSPITALS PLYMOUTH NHS TRUST,C_160,Plastic Surgery Service,747,546,73.10%,5.7,54.6,61
Y58,RK9,UNIVERSITY HOSPITALS PLYMOUTH NHS TRUST,C_170,Cardiothoracic Surgery Service,566,232,41.00%,23,61.5,71
Y58,RK9,UNIVERSITY HOSPITALS PLYMOUTH NHS TRUST,C_300,General Internal Medicine Service,41,34,82.90%,5,23.7,0
Y58,RK9,UNIVERSITY HOSPITALS PLYMOUTH NHS TRUST,C_301,Gastroenterology Service,"1,288",965,74.90%,8.5,28.4,1
Y58,RK9,UNIVERSITY HOSPITALS PLYMOUTH NHS TRUST,C_320,Cardiology Service,"1,554","1,123",72.30%,10.6,33.2,37
Y58,RK9,UNIVERSITY HOSPITALS PLYMOUTH NHS TRUST,C_330,Dermatology Service,"2,047","1,334",65.20%,12.3,31.7,2
Y58,RK9,UNIVERSITY HOSPITALS PLYMOUTH NHS TRUST,C_340,Respiratory Medicine Service,710,552,77.70%,6.7,31.4,1
Y58,RK9,UNIVERSITY HOSPITALS PLYMOUTH NHS TRUST,C_400,Neurology Service,"1,487","1,302",87.60%,7.5,25.4,6
Y58,RK9,UNIVERSITY HOSPITALS PLYMOUTH NHS TRUST,C_410,Rheumatology Service,778,285,36.60%,27.3,64,153
Y58,RK9,UNIVERSITY HOSPITALS PLYMOUTH NHS TRUST,C_430,Elderly Medicine Service,19,15,78.90%,-,-,0
Y58,RK9,UNIVERSITY HOSPITALS PLYMOUTH NHS TRUST,C_502,Gynaecology Service,"2,125","1,320",62.10%,12.3,49,135
Y58,RK9,UNIVERSITY HOSPITALS PLYMOUTH NHS TRUST,X02,Other - Medical Services,"2,859","2,313",80.90%,6.9,32.4,35
Y58,RK9,UNIVERSITY HOSPITALS PLYMOUTH NHS TRUST,X03,Other - Mental Health Services,38,38,100.00%,1.6,4.5,0
Y58,RK9,UNIVERSITY HOSPITALS PLYMOUTH NHS TRUST,X04,Other - Paediatric Services,987,728,73.80%,7.9,31.1,3
Y58,RK9,UNIVERSITY HOSPITALS PLYMOUTH NHS TRUST,X05,Other - Surgical Services,"5,242","3,631",69.30%,10,54.4,440
Y58,RK9,UNIVERSITY HOSPITALS PLYMOUTH NHS TRUST,X06,Other - Other Services,489,420,85.90%,6.1,32,18
Y58,RN3,GREAT WESTERN HOSPITALS NHS FOUNDATION TRUST,C_100,General Surgery Service,"2,908","1,981",68.10%,11.4,48.5,186
Y58,RN3,GREAT WESTERN HOSPITALS NHS FOUNDATION TRUST,C_101,Urology Service,"1,562",938,60.10%,11.6,71.4,264
Y58,RN3,GREAT WESTERN HOSPITALS NHS FOUNDATION TRUST,C_110,Trauma and Orthopaedic Service,"3,361","1,463",43.50%,23.5,75.1,654
Y58,RN3,GREAT WESTERN HOSPITALS NHS FOUNDATION TRUST,C_120,Ear Nose and Throat Service,"2,809","1,695",60.30%,13.5,34.9,60
Y58,RN3,GREAT WESTERN HOSPITALS NHS FOUNDATION TRUST,C_130,Ophthalmology Service,"2,207","1,463",66.30%,8,34.1,23
Y58,RN3,GREAT WESTERN HOSPITALS NHS FOUNDATION TRUST,C_140,Oral Surgery Service,"1,806","1,238",68.50%,12.7,29.7,19
Y58,RN3,GREAT WESTERN HOSPITALS NHS FOUNDATION TRUST,C_150,Neurosurgical Service, -   , -   , -   ,-,-,0
Y58,RN3,GREAT WESTERN HOSPITALS NHS FOUNDATION TRUST,C_160,Plastic Surgery Service,85,73,85.90%,5.5,26.2,0
Y58,RN3,GREAT WESTERN HOSPITALS NHS FOUNDATION TRUST,C_170,Cardiothoracic Surgery Service, -   , -   , -   ,-,-,0
Y58,RN3,GREAT WESTERN HOSPITALS NHS FOUNDATION TRUST,C_300,General Internal Medicine Service,6,4,66.70%,-,-,0
Y58,RN3,GREAT WESTERN HOSPITALS NHS FOUNDATION TRUST,C_301,Gastroenterology Service,"2,436","1,753",72.00%,10.9,31.3,14
Y58,RN3,GREAT WESTERN HOSPITALS NHS FOUNDATION TRUST,C_320,Cardiology Service,433,414,95.60%,3.1,14.5,0
Y58,RN3,GREAT WESTERN HOSPITALS NHS FOUNDATION TRUST,C_330,Dermatology Service,"1,609","1,369",85.10%,7.3,26.5,1
Y58,RN3,GREAT WESTERN HOSPITALS NHS FOUNDATION TRUST,C_340,Respiratory Medicine Service,714,453,63.40%,13,35.5,2
Y58,RN3,GREAT WESTERN HOSPITALS NHS FOUNDATION TRUST,C_400,Neurology Service,"1,024",729,71.20%,9.9,23.6,0
Y58,RN3,GREAT WESTERN HOSPITALS NHS FOUNDATION TRUST,C_410,Rheumatology Service,280,277,98.90%,3.3,9.5,0
Y58,RN3,GREAT WESTERN HOSPITALS NHS FOUNDATION TRUST,C_430,Elderly Medicine Service,74,73,98.60%,4.6,14.5,0
Y58,RN3,GREAT WESTERN HOSPITALS NHS FOUNDATION TRUST,C_502,Gynaecology Service,"1,807","1,293",71.60%,9,40.3,41
Y58,RN3,GREAT WESTERN HOSPITALS NHS FOUNDATION TRUST,X02,Other - Medical Services,952,814,85.50%,5.8,21.8,0
Y58,RN3,GREAT WESTERN HOSPITALS NHS FOUNDATION TRUST,X03,Other - Mental Health Services, -   , -   , -   ,-,-,0
Y58,RN3,GREAT WESTERN HOSPITALS NHS FOUNDATION TRUST,X04,Other - Paediatric Services,384,365,95.10%,4.2,11.5,0
Y58,RN3,GREAT WESTERN HOSPITALS NHS FOUNDATION TRUST,X05,Other - Surgical Services,506,492,97.20%,2.4,9.7,0
Y58,RN3,GREAT WESTERN HOSPITALS NHS FOUNDATION TRUST,X06,Other - Other Services,460,408,88.70%,4.8,23.4,2
Y58,RNZ,SALISBURY NHS FOUNDATION TRUST,C_100,General Surgery Service,541,332,61.40%,13.3,65.9,64
Y58,RNZ,SALISBURY NHS FOUNDATION TRUST,C_101,Urology Service,985,763,77.50%,8.5,62,94
Y58,RNZ,SALISBURY NHS FOUNDATION TRUST,C_110,Trauma and Orthopaedic Service,"1,056",677,64.10%,12.6,63.7,114
Y58,RNZ,SALISBURY NHS FOUNDATION TRUST,C_120,Ear Nose and Throat Service,"1,849","1,064",57.50%,14,40,56
Y58,RNZ,SALISBURY NHS FOUNDATION TRUST,C_130,Ophthalmology Service,"1,995","1,124",56.30%,14.2,51.5,158
Y58,RNZ,SALISBURY NHS FOUNDATION TRUST,C_140,Oral Surgery Service,"1,548","1,013",65.40%,12.3,42.5,102
Y58,RNZ,SALISBURY NHS FOUNDATION TRUST,C_150,Neurosurgical Service, -   , -   , -   ,-,-,0
Y58,RNZ,SALISBURY NHS FOUNDATION TRUST,C_160,Plastic Surgery Service,"1,142",710,62.20%,13,65.8,145
Y58,RNZ,SALISBURY NHS FOUNDATION TRUST,C_170,Cardiothoracic Surgery Service, -   , -   , -   ,-,-,0
Y58,RNZ,SALISBURY NHS FOUNDATION TRUST,C_300,General Internal Medicine Service,"1,053",877,83.30%,5.5,36.4,46
Y58,RNZ,SALISBURY NHS FOUNDATION TRUST,C_301,Gastroenterology Service,566,482,85.20%,9.3,22.2,0
Y58,RNZ,SALISBURY NHS FOUNDATION TRUST,C_320,Cardiology Service,"1,038",990,95.40%,6.9,16.8,3
Y58,RNZ,SALISBURY NHS FOUNDATION TRUST,C_330,Dermatology Service,662,465,70.20%,10.9,34,29
Y58,RNZ,SALISBURY NHS FOUNDATION TRUST,C_340,Respiratory Medicine Service,524,356,67.90%,13.5,32.5,3
Y58,RNZ,SALISBURY NHS FOUNDATION TRUST,C_400,Neurology Service, -   , -   , -   ,-,-,0
Y58,RNZ,SALISBURY NHS FOUNDATION TRUST,C_410,Rheumatology Service,379,314,82.80%,5.8,25.8,10
Y58,RNZ,SALISBURY NHS FOUNDATION TRUST,C_430,Elderly Medicine Service,125,106,84.80%,7.8,24,1
Y58,RNZ,SALISBURY NHS FOUNDATION TRUST,C_502,Gynaecology Service,"1,685","1,107",65.70%,12.4,35.1,40
Y58,RNZ,SALISBURY NHS FOUNDATION TRUST,X02,Other - Medical Services,"1,562","1,359",87.00%,8.4,26.9,29
Y58,RNZ,SALISBURY NHS FOUNDATION TRUST,X03,Other - Mental Health Services,36,35,97.20%,4.9,10.6,0
Y58,RNZ,SALISBURY NHS FOUNDATION TRUST,X04,Other - Paediatric Services,150,100,66.70%,12.6,43,10
Y58,RNZ,SALISBURY NHS FOUNDATION TRUST,X05,Other - Surgical Services,"1,019",917,90.00%,5.9,24.7,17
Y58,RNZ,SALISBURY NHS FOUNDATION TRUST,X06,Other - Other Services,266,221,83.10%,5.5,34.7,15
Y58,RTE,GLOUCESTERSHIRE HOSPITALS NHS FOUNDATION TRUST,C_100,General Surgery Service,131,62,47.30%,20,62.3,13
Y58,RTE,GLOUCESTERSHIRE HOSPITALS NHS FOUNDATION TRUST,C_101,Urology Service,"2,675","2,337",87.40%,6.6,25.8,36
Y58,RTE,GLOUCESTERSHIRE HOSPITALS NHS FOUNDATION TRUST,C_110,Trauma and Orthopaedic Service,"6,885","2,972",43.20%,22.6,64.8,922
Y58,RTE,GLOUCESTERSHIRE HOSPITALS NHS FOUNDATION TRUST,C_120,Ear Nose and Throat Service,"4,249","2,756",64.90%,12.3,40.3,136
Y58,RTE,GLOUCESTERSHIRE HOSPITALS NHS FOUNDATION TRUST,C_130,Ophthalmology Service,"4,995","2,999",60.00%,13.4,45.5,283
Y58,RTE,GLOUCESTERSHIRE HOSPITALS NHS FOUNDATION TRUST,C_140,Oral Surgery Service,"3,997","2,512",62.80%,13.6,44.8,270
Y58,RTE,GLOUCESTERSHIRE HOSPITALS NHS FOUNDATION TRUST,C_150,Neurosurgical Service, -   , -   , -   ,-,-,0
Y58,RTE,GLOUCESTERSHIRE HOSPITALS NHS FOUNDATION TRUST,C_160,Plastic Surgery Service, -   , -   , -   ,-,-,0
Y58,RTE,GLOUCESTERSHIRE HOSPITALS NHS FOUNDATION TRUST,C_170,Cardiothoracic Surgery Service,16,16,100.00%,-,-,0
Y58,RTE,GLOUCESTERSHIRE HOSPITALS NHS FOUNDATION TRUST,C_300,General Internal Medicine Service,250,248,99.20%,4.9,15.9,0
Y58,RTE,GLOUCESTERSHIRE HOSPITALS NHS FOUNDATION TRUST,C_301,Gastroenterology Service,"3,255","2,569",78.90%,8.5,32.4,15
Y58,RTE,GLOUCESTERSHIRE HOSPITALS NHS FOUNDATION TRUST,C_320,Cardiology Service,"5,973","5,193",86.90%,9.6,24.1,4
Y58,RTE,GLOUCESTERSHIRE HOSPITALS NHS FOUNDATION TRUST,C_330,Dermatology Service,"2,320","1,985",85.60%,7.2,23.5,0
Y58,RTE,GLOUCESTERSHIRE HOSPITALS NHS FOUNDATION TRUST,C_340,Respiratory Medicine Service,959,888,92.60%,7.4,17.7,0
Y58,RTE,GLOUCESTERSHIRE HOSPITALS NHS FOUNDATION TRUST,C_400,Neurology Service,"1,454","1,344",92.40%,7.5,17.8,1
Y58,RTE,GLOUCESTERSHIRE HOSPITALS NHS FOUNDATION TRUST,C_410,Rheumatology Service,"1,118",740,66.20%,12.3,35,4
Y58,RTE,GLOUCESTERSHIRE HOSPITALS NHS FOUNDATION TRUST,C_430,Elderly Medicine Service,4,4,100.00%,-,-,0
Y58,RTE,GLOUCESTERSHIRE HOSPITALS NHS FOUNDATION TRUST,C_502,Gynaecology Service,"2,820","2,114",75.00%,10,35.6,59
Y58,RTE,GLOUCESTERSHIRE HOSPITALS NHS FOUNDATION TRUST,X02,Other - Medical Services,"6,666","6,264",94.00%,6.4,17.2,7
Y58,RTE,GLOUCESTERSHIRE HOSPITALS NHS FOUNDATION TRUST,X03,Other - Mental Health Services, -   , -   , -   ,-,-,0
Y58,RTE,GLOUCESTERSHIRE HOSPITALS NHS FOUNDATION TRUST,X04,Other - Paediatric Services,"1,114",751,67.40%,12.2,35.4,15
Y58,RTE,GLOUCESTERSHIRE HOSPITALS NHS FOUNDATION TRUST,X05,Other - Surgical Services,"7,694","5,173",67.20%,11.5,47.7,464
Y58,RTE,GLOUCESTERSHIRE HOSPITALS NHS FOUNDATION TRUST,X06,Other - Other Services,887,825,93.00%,8.7,17.8,0
Y58,RVJ,NORTH BRISTOL NHS TRUST,C_100,General Surgery Service,912,585,64.10%,11.4,43,41
Y58,RVJ,NORTH BRISTOL NHS TRUST,C_101,Urology Service,"4,415","3,624",82.10%,8.8,28.9,52
Y58,RVJ,NORTH BRISTOL NHS TRUST,C_110,Trauma and Orthopaedic Service,"5,349","2,229",41.70%,24.6,72.8,"1,046"
Y58,RVJ,NORTH BRISTOL NHS TRUST,C_120,Ear Nose and Throat Service, -   , -   , -   ,-,-,0
Y58,RVJ,NORTH BRISTOL NHS TRUST,C_130,Ophthalmology Service, -   , -   , -   ,-,-,0
Y58,RVJ,NORTH BRISTOL NHS TRUST,C_140,Oral Surgery Service, -   , -   , -   ,-,-,0
Y58,RVJ,NORTH BRISTOL NHS TRUST,C_150,Neurosurgical Service,"1,285",782,60.90%,12.5,66.4,141
Y58,RVJ,NORTH BRISTOL NHS TRUST,C_160,Plastic Surgery Service,"2,132","1,674",78.50%,7,33,28
Y58,RVJ,NORTH BRISTOL NHS TRUST,C_170,Cardiothoracic Surgery Service,24,24,100.00%,5.5,12.1,0
Y58,RVJ,NORTH BRISTOL NHS TRUST,C_300,General Internal Medicine Service,9,9,100.00%,-,-,0
Y58,RVJ,NORTH BRISTOL NHS TRUST,C_301,Gastroenterology Service,742,699,94.20%,5.3,16,3
Y58,RVJ,NORTH BRISTOL NHS TRUST,C_320,Cardiology Service,"1,297","1,174",90.50%,6.7,19.2,0
Y58,RVJ,NORTH BRISTOL NHS TRUST,C_330,Dermatology Service,"1,506","1,271",84.40%,7.6,22.7,0
Y58,RVJ,NORTH BRISTOL NHS TRUST,C_340,Respiratory Medicine Service,570,554,97.20%,4.9,12.7,0
Y58,RVJ,NORTH BRISTOL NHS TRUST,C_400,Neurology Service,"2,075","1,797",86.60%,7.5,23.8,27
Y58,RVJ,NORTH BRISTOL NHS TRUST,C_410,Rheumatology Service,512,488,95.30%,5.3,16,0
Y58,RVJ,NORTH BRISTOL NHS TRUST,C_430,Elderly Medicine Service,72,72,100.00%,3,13.6,0
Y58,RVJ,NORTH BRISTOL NHS TRUST,C_502,Gynaecology Service,"3,112","2,026",65.10%,11.1,48.6,200
Y58,RVJ,NORTH BRISTOL NHS TRUST,X02,Other - Medical Services,"2,904","2,355",81.10%,6.4,28.2,8
Y58,RVJ,NORTH BRISTOL NHS TRUST,X03,Other - Mental Health Services, -   , -   , -   ,-,-,0
Y58,RVJ,NORTH BRISTOL NHS TRUST,X04,Other - Paediatric Services,27,25,92.60%,1.7,7.9,0
Y58,RVJ,NORTH BRISTOL NHS TRUST,X05,Other - Surgical Services,"4,636","4,064",87.70%,4.7,24.6,36
Y58,RVJ,NORTH BRISTOL NHS TRUST,X06,Other - Other Services,69,59,85.50%,7.3,22.2,1
Y59,R1C,SOLENT NHS TRUST,C_100,General Surgery Service, -   , -   , -   ,-,-,0
Y59,R1C,SOLENT NHS TRUST,C_101,Urology Service, -   , -   , -   ,-,-,0
Y59,R1C,SOLENT NHS TRUST,C_110,Trauma and Orthopaedic Service, -   , -   , -   ,-,-,0
Y59,R1C,SOLENT NHS TRUST,C_120,Ear Nose and Throat Service, -   , -   , -   ,-,-,0
Y59,R1C,SOLENT NHS TRUST,C_130,Ophthalmology Service, -   , -   , -   ,-,-,0
Y59,R1C,SOLENT NHS TRUST,C_140,Oral Surgery Service, -   , -   , -   ,-,-,0
Y59,R1C,SOLENT NHS TRUST,C_150,Neurosurgical Service, -   , -   , -   ,-,-,0
Y59,R1C,SOLENT NHS TRUST,C_160,Plastic Surgery Service, -   , -   , -   ,-,-,0
Y59,R1C,SOLENT NHS TRUST,C_170,Cardiothoracic Surgery Service, -   , -   , -   ,-,-,0
Y59,R1C,SOLENT NHS TRUST,C_300,General Internal Medicine Service, -   , -   , -   ,-,-,0
Y59,R1C,SOLENT NHS TRUST,C_301,Gastroenterology Service, -   , -   , -   ,-,-,0
Y59,R1C,SOLENT NHS TRUST,C_320,Cardiology Service, -   , -   , -   ,-,-,0
Y59,R1C,SOLENT NHS TRUST,C_330,Dermatology Service, -   , -   , -   ,-,-,0
Y59,R1C,SOLENT NHS TRUST,C_340,Respiratory Medicine Service, -   , -   , -   ,-,-,0
Y59,R1C,SOLENT NHS TRUST,C_400,Neurology Service, -   , -   , -   ,-,-,0
Y59,R1C,SOLENT NHS TRUST,C_410,Rheumatology Service,7,7,100.00%,-,-,0
Y59,R1C,SOLENT NHS TRUST,C_430,Elderly Medicine Service, -   , -   , -   ,-,-,0
Y59,R1C,SOLENT NHS TRUST,C_502,Gynaecology Service, -   , -   , -   ,-,-,0
Y59,R1C,SOLENT NHS TRUST,X02,Other - Medical Services,106,105,99.10%,4.8,12.5,0
Y59,R1C,SOLENT NHS TRUST,X03,Other - Mental Health Services,248,241,97.20%,4,13.6,1
Y59,R1C,SOLENT NHS TRUST,X04,Other - Paediatric Services,351,341,97.20%,7,15.9,0
Y59,R1C,SOLENT NHS TRUST,X05,Other - Surgical Services, -   , -   , -   ,-,-,0
Y59,R1C,SOLENT NHS TRUST,X06,Other - Other Services,54,53,98.10%,5.2,10.8,0
Y59,R1F,ISLE OF WIGHT NHS TRUST,C_100,General Surgery Service,908,475,52.30%,16.6,56.7,83
Y59,R1F,ISLE OF WIGHT NHS TRUST,C_101,Urology Service,798,487,61.00%,11.5,64.7,99
Y59,R1F,ISLE OF WIGHT NHS TRUST,C_110,Trauma and Orthopaedic Service,"1,548",761,49.20%,19.4,67.2,208
Y59,R1F,ISLE OF WIGHT NHS TRUST,C_120,Ear Nose and Throat Service,380,342,90.00%,6.3,19.8,1
Y59,R1F,ISLE OF WIGHT NHS TRUST,C_130,Ophthalmology Service,"2,286","1,076",47.10%,20,61.8,210
Y59,R1F,ISLE OF WIGHT NHS TRUST,C_140,Oral Surgery Service,427,329,77.00%,9.3,30.5,4
Y59,R1F,ISLE OF WIGHT NHS TRUST,C_150,Neurosurgical Service, -   , -   , -   ,-,-,0
Y59,R1F,ISLE OF WIGHT NHS TRUST,C_160,Plastic Surgery Service, -   , -   , -   ,-,-,0
Y59,R1F,ISLE OF WIGHT NHS TRUST,C_170,Cardiothoracic Surgery Service, -   , -   , -   ,-,-,0
Y59,R1F,ISLE OF WIGHT NHS TRUST,C_300,General Internal Medicine Service,2,2,100.00%,-,-,0
Y59,R1F,ISLE OF WIGHT NHS TRUST,C_301,Gastroenterology Service,374,247,66.00%,13.8,33.4,5
Y59,R1F,ISLE OF WIGHT NHS TRUST,C_320,Cardiology Service,288,216,75.00%,11.3,33.3,5
Y59,R1F,ISLE OF WIGHT NHS TRUST,C_330,Dermatology Service,394,394,100.00%,3.5,8.8,0
Y59,R1F,ISLE OF WIGHT NHS TRUST,C_340,Respiratory Medicine Service,146,103,70.50%,12.4,29.3,0
Y59,R1F,ISLE OF WIGHT NHS TRUST,C_400,Neurology Service, -   , -   , -   ,-,-,0
Y59,R1F,ISLE OF WIGHT NHS TRUST,C_410,Rheumatology Service,215,194,90.20%,9.8,18.4,0
Y59,R1F,ISLE OF WIGHT NHS TRUST,C_430,Elderly Medicine Service,35,35,100.00%,6.3,13.2,0
Y59,R1F,ISLE OF WIGHT NHS TRUST,C_502,Gynaecology Service,734,417,56.80%,14,52.1,59
Y59,R1F,ISLE OF WIGHT NHS TRUST,X02,Other - Medical Services,645,531,82.30%,7.4,26.5,1
Y59,R1F,ISLE OF WIGHT NHS TRUST,X03,Other - Mental Health Services,279,166,59.50%,15.5,39.2,6
Y59,R1F,ISLE OF WIGHT NHS TRUST,X04,Other - Paediatric Services, -   , -   , -   ,-,-,0
Y59,R1F,ISLE OF WIGHT NHS TRUST,X05,Other - Surgical Services,787,501,63.70%,12,44,37
Y59,R1F,ISLE OF WIGHT NHS TRUST,X06,Other - Other Services,43,35,81.40%,5,48.6,2
Y59,RA2,ROYAL SURREY COUNTY HOSPITAL NHS FOUNDATION TRUST,C_100,General Surgery Service,"2,226","1,617",72.60%,7.9,39.9,59
Y59,RA2,ROYAL SURREY COUNTY HOSPITAL NHS FOUNDATION TRUST,C_101,Urology Service,998,747,74.80%,6.5,36.7,23
Y59,RA2,ROYAL SURREY COUNTY HOSPITAL NHS FOUNDATION TRUST,C_110,Trauma and Orthopaedic Service,"3,483","2,360",67.80%,9.8,39.7,143
Y59,RA2,ROYAL SURREY COUNTY HOSPITAL NHS FOUNDATION TRUST,C_120,Ear Nose and Throat Service,"1,996","1,415",70.90%,10.2,37.9,85
Y59,RA2,ROYAL SURREY COUNTY HOSPITAL NHS FOUNDATION TRUST,C_130,Ophthalmology Service,"2,243","1,376",61.30%,12.6,39.1,106
Y59,RA2,ROYAL SURREY COUNTY HOSPITAL NHS FOUNDATION TRUST,C_140,Oral Surgery Service,"1,883","1,467",77.90%,8.5,34.4,55
Y59,RA2,ROYAL SURREY COUNTY HOSPITAL NHS FOUNDATION TRUST,C_150,Neurosurgical Service, -   , -   , -   ,-,-,0
Y59,RA2,ROYAL SURREY COUNTY HOSPITAL NHS FOUNDATION TRUST,C_160,Plastic Surgery Service,160,134,83.80%,5.3,27.1,0
Y59,RA2,ROYAL SURREY COUNTY HOSPITAL NHS FOUNDATION TRUST,C_170,Cardiothoracic Surgery Service,8,8,100.00%,-,-,0
Y59,RA2,ROYAL SURREY COUNTY HOSPITAL NHS FOUNDATION TRUST,C_300,General Internal Medicine Service,1,1,100.00%,-,-,0
Y59,RA2,ROYAL SURREY COUNTY HOSPITAL NHS FOUNDATION TRUST,C_301,Gastroenterology Service,795,709,89.20%,6.5,20,0
Y59,RA2,ROYAL SURREY COUNTY HOSPITAL NHS FOUNDATION TRUST,C_320,Cardiology Service,689,632,91.70%,5.8,18.2,0
Y59,RA2,ROYAL SURREY COUNTY HOSPITAL NHS FOUNDATION TRUST,C_330,Dermatology Service, -   , -   , -   ,-,-,0
Y59,RA2,ROYAL SURREY COUNTY HOSPITAL NHS FOUNDATION TRUST,C_340,Respiratory Medicine Service,706,612,86.70%,7.6,20.8,0
Y59,RA2,ROYAL SURREY COUNTY HOSPITAL NHS FOUNDATION TRUST,C_400,Neurology Service,397,379,95.50%,4.5,14.9,0
Y59,RA2,ROYAL SURREY COUNTY HOSPITAL NHS FOUNDATION TRUST,C_410,Rheumatology Service,324,272,84.00%,9.3,26,0
Y59,RA2,ROYAL SURREY COUNTY HOSPITAL NHS FOUNDATION TRUST,C_430,Elderly Medicine Service,28,28,100.00%,4.1,13.8,0
Y59,RA2,ROYAL SURREY COUNTY HOSPITAL NHS FOUNDATION TRUST,C_502,Gynaecology Service,"1,403","1,077",76.80%,7.7,35.6,36
Y59,RA2,ROYAL SURREY COUNTY HOSPITAL NHS FOUNDATION TRUST,X02,Other - Medical Services,"2,697","2,194",81.30%,6.5,32.1,12
Y59,RA2,ROYAL SURREY COUNTY HOSPITAL NHS FOUNDATION TRUST,X03,Other - Mental Health Services,1,1,100.00%,-,-,0
Y59,RA2,ROYAL SURREY COUNTY HOSPITAL NHS FOUNDATION TRUST,X04,Other - Paediatric Services,456,388,85.10%,7.1,26.3,0
Y59,RA2,ROYAL SURREY COUNTY HOSPITAL NHS FOUNDATION TRUST,X05,Other - Surgical Services,540,499,92.40%,3.8,17.3,4
Y59,RA2,ROYAL SURREY COUNTY HOSPITAL NHS FOUNDATION TRUST,X06,Other - Other Services,525,508,96.80%,5.7,12.7,2
Y59,RDR,SUSSEX COMMUNITY NHS FOUNDATION TRUST,C_100,General Surgery Service, -   , -   , -   ,-,-,0
Y59,RDR,SUSSEX COMMUNITY NHS FOUNDATION TRUST,C_101,Urology Service, -   , -   , -   ,-,-,0
Y59,RDR,SUSSEX COMMUNITY NHS FOUNDATION TRUST,C_110,Trauma and Orthopaedic Service,"3,452","3,161",91.60%,5.7,18.4,0
Y59,RDR,SUSSEX COMMUNITY NHS FOUNDATION TRUST,C_120,Ear Nose and Throat Service, -   , -   , -   ,-,-,0
Y59,RDR,SUSSEX COMMUNITY NHS FOUNDATION TRUST,C_130,Ophthalmology Service, -   , -   , -   ,-,-,0
Y59,RDR,SUSSEX COMMUNITY NHS FOUNDATION TRUST,C_140,Oral Surgery Service, -   , -   , -   ,-,-,0
Y59,RDR,SUSSEX COMMUNITY NHS FOUNDATION TRUST,C_150,Neurosurgical Service, -   , -   , -   ,-,-,0
Y59,RDR,SUSSEX COMMUNITY NHS FOUNDATION TRUST,C_160,Plastic Surgery Service, -   , -   , -   ,-,-,0
Y59,RDR,SUSSEX COMMUNITY NHS FOUNDATION TRUST,C_170,Cardiothoracic Surgery Service, -   , -   , -   ,-,-,0
Y59,RDR,SUSSEX COMMUNITY NHS FOUNDATION TRUST,C_300,General Internal Medicine Service,219,211,96.30%,3,15.5,0
Y59,RDR,SUSSEX COMMUNITY NHS FOUNDATION TRUST,C_301,Gastroenterology Service, -   , -   , -   ,-,-,0
Y59,RDR,SUSSEX COMMUNITY NHS FOUNDATION TRUST,C_320,Cardiology Service, -   , -   , -   ,-,-,0
Y59,RDR,SUSSEX COMMUNITY NHS FOUNDATION TRUST,C_330,Dermatology Service, -   , -   , -   ,-,-,0
Y59,RDR,SUSSEX COMMUNITY NHS FOUNDATION TRUST,C_340,Respiratory Medicine Service, -   , -   , -   ,-,-,0
Y59,RDR,SUSSEX COMMUNITY NHS FOUNDATION TRUST,C_400,Neurology Service, -   , -   , -   ,-,-,0
Y59,RDR,SUSSEX COMMUNITY NHS FOUNDATION TRUST,C_410,Rheumatology Service,35,34,97.10%,8,17.4,0
Y59,RDR,SUSSEX COMMUNITY NHS FOUNDATION TRUST,C_430,Elderly Medicine Service, -   , -   , -   ,-,-,0
Y59,RDR,SUSSEX COMMUNITY NHS FOUNDATION TRUST,C_502,Gynaecology Service, -   , -   , -   ,-,-,0
Y59,RDR,SUSSEX COMMUNITY NHS FOUNDATION TRUST,X02,Other - Medical Services,33,33,100.00%,3.9,12.4,0
Y59,RDR,SUSSEX COMMUNITY NHS FOUNDATION TRUST,X03,Other - Mental Health Services, -   , -   , -   ,-,-,0
Y59,RDR,SUSSEX COMMUNITY NHS FOUNDATION TRUST,X04,Other - Paediatric Services,617,608,98.50%,4.6,14.9,0
Y59,RDR,SUSSEX COMMUNITY NHS FOUNDATION TRUST,X05,Other - Surgical Services,350,217,62.00%,13.3,30.2,0
Y59,RDR,SUSSEX COMMUNITY NHS FOUNDATION TRUST,X06,Other - Other Services, -   , -   , -   ,-,-,0
Y59,RDU,FRIMLEY HEALTH NHS FOUNDATION TRUST,C_100,General Surgery Service,"2,885","1,837",63.70%,12,44.1,114
Y59,RDU,FRIMLEY HEALTH NHS FOUNDATION TRUST,C_101,Urology Service,"3,101","2,204",71.10%,9.5,43.4,161
Y59,RDU,FRIMLEY HEALTH NHS FOUNDATION TRUST,C_110,Trauma and Orthopaedic Service,"8,257","4,555",55.20%,15.3,44.7,425
Y59,RDU,FRIMLEY HEALTH NHS FOUNDATION TRUST,C_120,Ear Nose and Throat Service,"3,735","2,781",74.50%,12.1,34.7,84
Y59,RDU,FRIMLEY HEALTH NHS FOUNDATION TRUST,C_130,Ophthalmology Service,"3,486","2,365",67.80%,11.1,30.7,20
Y59,RDU,FRIMLEY HEALTH NHS FOUNDATION TRUST,C_140,Oral Surgery Service,860,693,80.60%,6.6,34.6,44
Y59,RDU,FRIMLEY HEALTH NHS FOUNDATION TRUST,C_150,Neurosurgical Service, -   , -   , -   ,-,-,0
Y59,RDU,FRIMLEY HEALTH NHS FOUNDATION TRUST,C_160,Plastic Surgery Service,945,578,61.20%,12,35.3,15
Y59,RDU,FRIMLEY HEALTH NHS FOUNDATION TRUST,C_170,Cardiothoracic Surgery Service, -   , -   , -   ,-,-,0
Y59,RDU,FRIMLEY HEALTH NHS FOUNDATION TRUST,C_300,General Internal Medicine Service,41,40,97.60%,2.5,7.9,0
Y59,RDU,FRIMLEY HEALTH NHS FOUNDATION TRUST,C_301,Gastroenterology Service,"1,775","1,589",89.50%,7.5,20.7,2
Y59,RDU,FRIMLEY HEALTH NHS FOUNDATION TRUST,C_320,Cardiology Service,"2,571","2,256",87.70%,7.7,23.5,0
Y59,RDU,FRIMLEY HEALTH NHS FOUNDATION TRUST,C_330,Dermatology Service,"2,959","1,723",58.20%,14.2,40.1,13
Y59,RDU,FRIMLEY HEALTH NHS FOUNDATION TRUST,C_340,Respiratory Medicine Service,978,795,81.30%,7.5,24.8,1
Y59,RDU,FRIMLEY HEALTH NHS FOUNDATION TRUST,C_400,Neurology Service,"1,778","1,125",63.30%,12.2,33.2,1
Y59,RDU,FRIMLEY HEALTH NHS FOUNDATION TRUST,C_410,Rheumatology Service,741,546,73.70%,8.6,32.4,0
Y59,RDU,FRIMLEY HEALTH NHS FOUNDATION TRUST,C_430,Elderly Medicine Service,121,117,96.70%,8.9,15.7,0
Y59,RDU,FRIMLEY HEALTH NHS FOUNDATION TRUST,C_502,Gynaecology Service,"3,569","2,651",74.30%,9.8,30.5,29
Y59,RDU,FRIMLEY HEALTH NHS FOUNDATION TRUST,X02,Other - Medical Services,"3,222","2,407",74.70%,9.3,47.3,228
Y59,RDU,FRIMLEY HEALTH NHS FOUNDATION TRUST,X03,Other - Mental Health Services, -   , -   , -   ,-,-,0
Y59,RDU,FRIMLEY HEALTH NHS FOUNDATION TRUST,X04,Other - Paediatric Services,801,498,62.20%,11.7,42.7,41
Y59,RDU,FRIMLEY HEALTH NHS FOUNDATION TRUST,X05,Other - Surgical Services,"4,086","3,136",76.70%,9.2,33.2,60
Y59,RDU,FRIMLEY HEALTH NHS FOUNDATION TRUST,X06,Other - Other Services,758,693,91.40%,7.1,18.7,10
Y59,RHM,UNIVERSITY HOSPITAL SOUTHAMPTON NHS FOUNDATION TRUST,C_100,General Surgery Service,734,468,63.80%,12.8,53.4,60
Y59,RHM,UNIVERSITY HOSPITAL SOUTHAMPTON NHS FOUNDATION TRUST,C_101,Urology Service,"1,780","1,258",70.70%,10.8,44.1,104
Y59,RHM,UNIVERSITY HOSPITAL SOUTHAMPTON NHS FOUNDATION TRUST,C_110,Trauma and Orthopaedic Service,"3,401","1,340",39.40%,26.3,77.4,796
Y59,RHM,UNIVERSITY HOSPITAL SOUTHAMPTON NHS FOUNDATION TRUST,C_120,Ear Nose and Throat Service,"1,561",637,40.80%,24.2,77.5,372
Y59,RHM,UNIVERSITY HOSPITAL SOUTHAMPTON NHS FOUNDATION TRUST,C_130,Ophthalmology Service,"5,924","3,661",61.80%,11.9,46.6,369
Y59,RHM,UNIVERSITY HOSPITAL SOUTHAMPTON NHS FOUNDATION TRUST,C_140,Oral Surgery Service,"1,297",827,63.80%,11.9,67.4,165
Y59,RHM,UNIVERSITY HOSPITAL SOUTHAMPTON NHS FOUNDATION TRUST,C_150,Neurosurgical Service,801,477,59.60%,11.4,60.5,76
Y59,RHM,UNIVERSITY HOSPITAL SOUTHAMPTON NHS FOUNDATION TRUST,C_160,Plastic Surgery Service, -   , -   , -   ,-,-,0
Y59,RHM,UNIVERSITY HOSPITAL SOUTHAMPTON NHS FOUNDATION TRUST,C_170,Cardiothoracic Surgery Service,541,382,70.60%,9.2,49.9,42
Y59,RHM,UNIVERSITY HOSPITAL SOUTHAMPTON NHS FOUNDATION TRUST,C_300,General Internal Medicine Service,122,46,37.70%,22.8,52.5,13
Y59,RHM,UNIVERSITY HOSPITAL SOUTHAMPTON NHS FOUNDATION TRUST,C_301,Gastroenterology Service,781,677,86.70%,7.9,23.4,1
Y59,RHM,UNIVERSITY HOSPITAL SOUTHAMPTON NHS FOUNDATION TRUST,C_320,Cardiology Service,"1,290","1,066",82.60%,7.8,25.1,4
Y59,RHM,UNIVERSITY HOSPITAL SOUTHAMPTON NHS FOUNDATION TRUST,C_330,Dermatology Service,"1,388","1,264",91.10%,5.6,18.6,1
Y59,RHM,UNIVERSITY HOSPITAL SOUTHAMPTON NHS FOUNDATION TRUST,C_340,Respiratory Medicine Service,828,733,88.50%,5.8,21.2,0
Y59,RHM,UNIVERSITY HOSPITAL SOUTHAMPTON NHS FOUNDATION TRUST,C_400,Neurology Service,"2,200","1,952",88.70%,6.3,22.7,12
Y59,RHM,UNIVERSITY HOSPITAL SOUTHAMPTON NHS FOUNDATION TRUST,C_410,Rheumatology Service,649,523,80.60%,7.5,29.9,3
Y59,RHM,UNIVERSITY HOSPITAL SOUTHAMPTON NHS FOUNDATION TRUST,C_430,Elderly Medicine Service,84,81,96.40%,6,13.3,0
Y59,RHM,UNIVERSITY HOSPITAL SOUTHAMPTON NHS FOUNDATION TRUST,C_502,Gynaecology Service,"2,916","2,184",74.90%,9.5,41,151
Y59,RHM,UNIVERSITY HOSPITAL SOUTHAMPTON NHS FOUNDATION TRUST,X02,Other - Medical Services,"3,685","3,045",82.60%,8.2,27.4,46
Y59,RHM,UNIVERSITY HOSPITAL SOUTHAMPTON NHS FOUNDATION TRUST,X03,Other - Mental Health Services,5,5,100.00%,-,-,0
Y59,RHM,UNIVERSITY HOSPITAL SOUTHAMPTON NHS FOUNDATION TRUST,X04,Other - Paediatric Services,"5,069","3,567",70.40%,10.3,44.3,301
Y59,RHM,UNIVERSITY HOSPITAL SOUTHAMPTON NHS FOUNDATION TRUST,X05,Other - Surgical Services,"3,370","2,492",73.90%,8,43.8,201
Y59,RHM,UNIVERSITY HOSPITAL SOUTHAMPTON NHS FOUNDATION TRUST,X06,Other - Other Services,688,506,73.50%,11,26.1,3
Y59,RHU,PORTSMOUTH HOSPITALS UNIVERSITY NATIONAL HEALTH SERVICE TRUST,C_100,General Surgery Service,"4,670","3,089",66.10%,9.9,46.6,304
Y59,RHU,PORTSMOUTH HOSPITALS UNIVERSITY NATIONAL HEALTH SERVICE TRUST,C_101,Urology Service,"1,656","1,169",70.60%,11.1,40.4,60
Y59,RHU,PORTSMOUTH HOSPITALS UNIVERSITY NATIONAL HEALTH SERVICE TRUST,C_110,Trauma and Orthopaedic Service,"4,857","2,104",43.30%,22.8,60.5,463
Y59,RHU,PORTSMOUTH HOSPITALS UNIVERSITY NATIONAL HEALTH SERVICE TRUST,C_120,Ear Nose and Throat Service,"5,556","3,234",58.20%,14.6,41.1,214
Y59,RHU,PORTSMOUTH HOSPITALS UNIVERSITY NATIONAL HEALTH SERVICE TRUST,C_130,Ophthalmology Service,"5,387","3,217",59.70%,14,61.8,499
Y59,RHU,PORTSMOUTH HOSPITALS UNIVERSITY NATIONAL HEALTH SERVICE TRUST,C_140,Oral Surgery Service,"1,955",948,48.50%,19.6,66.4,391
Y59,RHU,PORTSMOUTH HOSPITALS UNIVERSITY NATIONAL HEALTH SERVICE TRUST,C_150,Neurosurgical Service, -   , -   , -   ,-,-,0
Y59,RHU,PORTSMOUTH HOSPITALS UNIVERSITY NATIONAL HEALTH SERVICE TRUST,C_160,Plastic Surgery Service,295,194,65.80%,9.9,38.8,1
Y59,RHU,PORTSMOUTH HOSPITALS UNIVERSITY NATIONAL HEALTH SERVICE TRUST,C_170,Cardiothoracic Surgery Service, -   , -   , -   ,-,-,0
Y59,RHU,PORTSMOUTH HOSPITALS UNIVERSITY NATIONAL HEALTH SERVICE TRUST,C_300,General Internal Medicine Service, -   , -   , -   ,-,-,0
Y59,RHU,PORTSMOUTH HOSPITALS UNIVERSITY NATIONAL HEALTH SERVICE TRUST,C_301,Gastroenterology Service,"2,734","2,070",75.70%,9.6,31.3,15
Y59,RHU,PORTSMOUTH HOSPITALS UNIVERSITY NATIONAL HEALTH SERVICE TRUST,C_320,Cardiology Service,999,950,95.10%,4.4,13.3,0
Y59,RHU,PORTSMOUTH HOSPITALS UNIVERSITY NATIONAL HEALTH SERVICE TRUST,C_330,Dermatology Service,"1,763","1,547",87.70%,5.8,21.9,1
Y59,RHU,PORTSMOUTH HOSPITALS UNIVERSITY NATIONAL HEALTH SERVICE TRUST,C_340,Respiratory Medicine Service,418,414,99.00%,4.3,11.2,0
Y59,RHU,PORTSMOUTH HOSPITALS UNIVERSITY NATIONAL HEALTH SERVICE TRUST,C_400,Neurology Service, -   , -   , -   ,-,-,0
Y59,RHU,PORTSMOUTH HOSPITALS UNIVERSITY NATIONAL HEALTH SERVICE TRUST,C_410,Rheumatology Service,337,336,99.70%,2.7,5.8,0
Y59,RHU,PORTSMOUTH HOSPITALS UNIVERSITY NATIONAL HEALTH SERVICE TRUST,C_430,Elderly Medicine Service,14,14,100.00%,-,-,0
Y59,RHU,PORTSMOUTH HOSPITALS UNIVERSITY NATIONAL HEALTH SERVICE TRUST,C_502,Gynaecology Service,"3,069","2,147",70.00%,10.3,40.8,103
Y59,RHU,PORTSMOUTH HOSPITALS UNIVERSITY NATIONAL HEALTH SERVICE TRUST,X02,Other - Medical Services,"1,535","1,370",89.30%,6.5,20.6,2
Y59,RHU,PORTSMOUTH HOSPITALS UNIVERSITY NATIONAL HEALTH SERVICE TRUST,X03,Other - Mental Health Services, -   , -   , -   ,-,-,0
Y59,RHU,PORTSMOUTH HOSPITALS UNIVERSITY NATIONAL HEALTH SERVICE TRUST,X04,Other - Paediatric Services,504,494,98.00%,3.3,11.2,0
Y59,RHU,PORTSMOUTH HOSPITALS UNIVERSITY NATIONAL HEALTH SERVICE TRUST,X05,Other - Surgical Services,478,403,84.30%,8.3,27.1,5
Y59,RHU,PORTSMOUTH HOSPITALS UNIVERSITY NATIONAL HEALTH SERVICE TRUST,X06,Other - Other Services,"1,321","1,008",76.30%,9.2,35.6,19
Y59,RHW,ROYAL BERKSHIRE NHS FOUNDATION TRUST,C_100,General Surgery Service,"5,390","3,053",56.60%,15.1,41.8,212
Y59,RHW,ROYAL BERKSHIRE NHS FOUNDATION TRUST,C_101,Urology Service,"3,341","2,221",66.50%,12.2,34.2,52
Y59,RHW,ROYAL BERKSHIRE NHS FOUNDATION TRUST,C_110,Trauma and Orthopaedic Service,"4,617","2,670",57.80%,13.9,43.4,163
Y59,RHW,ROYAL BERKSHIRE NHS FOUNDATION TRUST,C_120,Ear Nose and Throat Service,"2,502","1,399",55.90%,14.6,62.4,230
Y59,RHW,ROYAL BERKSHIRE NHS FOUNDATION TRUST,C_130,Ophthalmology Service,"5,561","2,691",48.40%,18.7,47.3,414
Y59,RHW,ROYAL BERKSHIRE NHS FOUNDATION TRUST,C_140,Oral Surgery Service,796,561,70.50%,8.8,35.6,11
Y59,RHW,ROYAL BERKSHIRE NHS FOUNDATION TRUST,C_150,Neurosurgical Service, -   , -   , -   ,-,-,0
Y59,RHW,ROYAL BERKSHIRE NHS FOUNDATION TRUST,C_160,Plastic Surgery Service,408,229,56.10%,14.3,39.1,10
Y59,RHW,ROYAL BERKSHIRE NHS FOUNDATION TRUST,C_170,Cardiothoracic Surgery Service, -   , -   , -   ,-,-,0
Y59,RHW,ROYAL BERKSHIRE NHS FOUNDATION TRUST,C_300,General Internal Medicine Service,"1,371",431,31.40%,19.8,30.4,15
Y59,RHW,ROYAL BERKSHIRE NHS FOUNDATION TRUST,C_301,Gastroenterology Service,"6,117","3,481",56.90%,15.6,34.1,7
Y59,RHW,ROYAL BERKSHIRE NHS FOUNDATION TRUST,C_320,Cardiology Service,"2,138","2,020",94.50%,5.3,14.6,0
Y59,RHW,ROYAL BERKSHIRE NHS FOUNDATION TRUST,C_330,Dermatology Service,"1,209",864,71.50%,12.2,27.6,0
Y59,RHW,ROYAL BERKSHIRE NHS FOUNDATION TRUST,C_340,Respiratory Medicine Service,902,844,93.60%,5.9,16.9,0
Y59,RHW,ROYAL BERKSHIRE NHS FOUNDATION TRUST,C_400,Neurology Service,"1,476",800,54.20%,16.7,33,5
Y59,RHW,ROYAL BERKSHIRE NHS FOUNDATION TRUST,C_410,Rheumatology Service,661,428,64.80%,13.4,30.1,1
Y59,RHW,ROYAL BERKSHIRE NHS FOUNDATION TRUST,C_430,Elderly Medicine Service,156,112,71.80%,11.2,25.5,0
Y59,RHW,ROYAL BERKSHIRE NHS FOUNDATION TRUST,C_502,Gynaecology Service,"2,399","1,530",63.80%,14.1,28.3,1
Y59,RHW,ROYAL BERKSHIRE NHS FOUNDATION TRUST,X02,Other - Medical Services,"2,176","1,578",72.50%,10.4,27.9,1
Y59,RHW,ROYAL BERKSHIRE NHS FOUNDATION TRUST,X03,Other - Mental Health Services, -   , -   , -   ,-,-,0
Y59,RHW,ROYAL BERKSHIRE NHS FOUNDATION TRUST,X04,Other - Paediatric Services,"2,084","1,425",68.40%,11.4,34.9,15
Y59,RHW,ROYAL BERKSHIRE NHS FOUNDATION TRUST,X05,Other - Surgical Services,58,27,46.60%,20.3,51.4,4
Y59,RHW,ROYAL BERKSHIRE NHS FOUNDATION TRUST,X06,Other - Other Services,795,685,86.20%,8.5,21.4,0
Y59,RN5,HAMPSHIRE HOSPITALS NHS FOUNDATION TRUST,C_100,General Surgery Service,"2,257","1,402",62.10%,13.3,44,94
Y59,RN5,HAMPSHIRE HOSPITALS NHS FOUNDATION TRUST,C_101,Urology Service,"3,782","2,172",57.40%,15,54.1,332
Y59,RN5,HAMPSHIRE HOSPITALS NHS FOUNDATION TRUST,C_110,Trauma and Orthopaedic Service,"5,529","2,697",48.80%,18.9,58.2,554
Y59,RN5,HAMPSHIRE HOSPITALS NHS FOUNDATION TRUST,C_120,Ear Nose and Throat Service,"1,912","1,052",55.00%,14.3,57.7,192
Y59,RN5,HAMPSHIRE HOSPITALS NHS FOUNDATION TRUST,C_130,Ophthalmology Service,"5,296","2,874",54.30%,15.7,61.8,523
Y59,RN5,HAMPSHIRE HOSPITALS NHS FOUNDATION TRUST,C_140,Oral Surgery Service,"1,569",866,55.20%,14.8,67,268
Y59,RN5,HAMPSHIRE HOSPITALS NHS FOUNDATION TRUST,C_150,Neurosurgical Service, -   , -   , -   ,-,-,0
Y59,RN5,HAMPSHIRE HOSPITALS NHS FOUNDATION TRUST,C_160,Plastic Surgery Service, -   , -   , -   ,-,-,0
Y59,RN5,HAMPSHIRE HOSPITALS NHS FOUNDATION TRUST,C_170,Cardiothoracic Surgery Service,2,2,100.00%,-,-,0
Y59,RN5,HAMPSHIRE HOSPITALS NHS FOUNDATION TRUST,C_300,General Internal Medicine Service,55,55,100.00%,4.8,16.7,0
Y59,RN5,HAMPSHIRE HOSPITALS NHS FOUNDATION TRUST,C_301,Gastroenterology Service,"2,654","2,399",90.40%,7.7,19.7,10
Y59,RN5,HAMPSHIRE HOSPITALS NHS FOUNDATION TRUST,C_320,Cardiology Service,"2,096","1,660",79.20%,10.1,25.9,5
Y59,RN5,HAMPSHIRE HOSPITALS NHS FOUNDATION TRUST,C_330,Dermatology Service,"2,852","2,311",81.00%,8.9,25.1,6
Y59,RN5,HAMPSHIRE HOSPITALS NHS FOUNDATION TRUST,C_340,Respiratory Medicine Service,"1,192",990,83.10%,9.2,23.5,2
Y59,RN5,HAMPSHIRE HOSPITALS NHS FOUNDATION TRUST,C_400,Neurology Service,"1,426","1,015",71.20%,11.1,28.1,2
Y59,RN5,HAMPSHIRE HOSPITALS NHS FOUNDATION TRUST,C_410,Rheumatology Service,892,828,92.80%,7.3,17.5,2
Y59,RN5,HAMPSHIRE HOSPITALS NHS FOUNDATION TRUST,C_430,Elderly Medicine Service,176,176,100.00%,4.1,11,0
Y59,RN5,HAMPSHIRE HOSPITALS NHS FOUNDATION TRUST,C_502,Gynaecology Service,"3,875","2,884",74.40%,11.1,34.5,71
Y59,RN5,HAMPSHIRE HOSPITALS NHS FOUNDATION TRUST,X02,Other - Medical Services,"3,618","3,063",84.70%,8.3,27.5,71
Y59,RN5,HAMPSHIRE HOSPITALS NHS FOUNDATION TRUST,X03,Other - Mental Health Services,2,2,100.00%,-,-,0
Y59,RN5,HAMPSHIRE HOSPITALS NHS FOUNDATION TRUST,X04,Other - Paediatric Services,904,750,83.00%,6.8,30.7,24
Y59,RN5,HAMPSHIRE HOSPITALS NHS FOUNDATION TRUST,X05,Other - Surgical Services,"3,035","2,381",78.50%,7.8,31.7,62
Y59,RN5,HAMPSHIRE HOSPITALS NHS FOUNDATION TRUST,X06,Other - Other Services,95,85,89.50%,9.8,21.7,0
Y59,RN7,DARTFORD AND GRAVESHAM NHS TRUST,C_100,General Surgery Service,"4,933","3,323",67.40%,10,36.3,123
Y59,RN7,DARTFORD AND GRAVESHAM NHS TRUST,C_101,Urology Service,"2,078","1,395",67.10%,9.9,44.7,128
Y59,RN7,DARTFORD AND GRAVESHAM NHS TRUST,C_110,Trauma and Orthopaedic Service,"3,385","1,807",53.40%,16.1,48.6,225
Y59,RN7,DARTFORD AND GRAVESHAM NHS TRUST,C_120,Ear Nose and Throat Service, -   , -   , -   ,-,-,0
Y59,RN7,DARTFORD AND GRAVESHAM NHS TRUST,C_130,Ophthalmology Service, -   , -   , -   ,-,-,0
Y59,RN7,DARTFORD AND GRAVESHAM NHS TRUST,C_140,Oral Surgery Service, -   , -   , -   ,-,-,0
Y59,RN7,DARTFORD AND GRAVESHAM NHS TRUST,C_150,Neurosurgical Service, -   , -   , -   ,-,-,0
Y59,RN7,DARTFORD AND GRAVESHAM NHS TRUST,C_160,Plastic Surgery Service, -   , -   , -   ,-,-,0
Y59,RN7,DARTFORD AND GRAVESHAM NHS TRUST,C_170,Cardiothoracic Surgery Service, -   , -   , -   ,-,-,0
Y59,RN7,DARTFORD AND GRAVESHAM NHS TRUST,C_300,General Internal Medicine Service,202,176,87.10%,4.9,24.8,8
Y59,RN7,DARTFORD AND GRAVESHAM NHS TRUST,C_301,Gastroenterology Service,"1,582","1,168",73.80%,9.2,34.4,23
Y59,RN7,DARTFORD AND GRAVESHAM NHS TRUST,C_320,Cardiology Service,788,664,84.30%,7.2,27.5,6
Y59,RN7,DARTFORD AND GRAVESHAM NHS TRUST,C_330,Dermatology Service, -   , -   , -   ,-,-,0
Y59,RN7,DARTFORD AND GRAVESHAM NHS TRUST,C_340,Respiratory Medicine Service,674,511,75.80%,4.6,36.5,11
Y59,RN7,DARTFORD AND GRAVESHAM NHS TRUST,C_400,Neurology Service,375,339,90.40%,7.4,19.7,4
Y59,RN7,DARTFORD AND GRAVESHAM NHS TRUST,C_410,Rheumatology Service, -   , -   , -   ,-,-,0
Y59,RN7,DARTFORD AND GRAVESHAM NHS TRUST,C_430,Elderly Medicine Service,223,190,85.20%,5.4,27.3,0
Y59,RN7,DARTFORD AND GRAVESHAM NHS TRUST,C_502,Gynaecology Service,"2,350","1,608",68.40%,8.8,39.1,59
Y59,RN7,DARTFORD AND GRAVESHAM NHS TRUST,X02,Other - Medical Services,219,209,95.40%,5.1,14.3,3
Y59,RN7,DARTFORD AND GRAVESHAM NHS TRUST,X03,Other - Mental Health Services, -   , -   , -   ,-,-,0
Y59,RN7,DARTFORD AND GRAVESHAM NHS TRUST,X04,Other - Paediatric Services,551,533,96.70%,2.6,12.8,0
Y59,RN7,DARTFORD AND GRAVESHAM NHS TRUST,X05,Other - Surgical Services,933,607,65.10%,11.9,39.8,27
Y59,RN7,DARTFORD AND GRAVESHAM NHS TRUST,X06,Other - Other Services,49,37,75.50%,5.2,73.1,6
Y59,RPA,MEDWAY NHS FOUNDATION TRUST,C_100,General Surgery Service,563,306,54.40%,15.3,45.5,14
Y59,RPA,MEDWAY NHS FOUNDATION TRUST,C_101,Urology Service,"1,604","1,155",72.00%,9.3,31.7,0
Y59,RPA,MEDWAY NHS FOUNDATION TRUST,C_110,Trauma and Orthopaedic Service,"1,586",980,61.80%,12.1,40.5,45
Y59,RPA,MEDWAY NHS FOUNDATION TRUST,C_120,Ear Nose and Throat Service,"3,230","1,459",45.20%,23,53.6,268
Y59,RPA,MEDWAY NHS FOUNDATION TRUST,C_130,Ophthalmology Service, -   , -   , -   ,-,-,0
Y59,RPA,MEDWAY NHS FOUNDATION TRUST,C_140,Oral Surgery Service, -   , -   , -   ,-,-,0
Y59,RPA,MEDWAY NHS FOUNDATION TRUST,C_150,Neurosurgical Service, -   , -   , -   ,-,-,0
Y59,RPA,MEDWAY NHS FOUNDATION TRUST,C_160,Plastic Surgery Service, -   , -   , -   ,-,-,0
Y59,RPA,MEDWAY NHS FOUNDATION TRUST,C_170,Cardiothoracic Surgery Service, -   , -   , -   ,-,-,0
Y59,RPA,MEDWAY NHS FOUNDATION TRUST,C_300,General Internal Medicine Service,416,347,83.40%,7.5,26.6,0
Y59,RPA,MEDWAY NHS FOUNDATION TRUST,C_301,Gastroenterology Service,"2,310","1,411",61.10%,12.9,36.7,0
Y59,RPA,MEDWAY NHS FOUNDATION TRUST,C_320,Cardiology Service,"1,807","1,263",69.90%,11.5,31.9,0
Y59,RPA,MEDWAY NHS FOUNDATION TRUST,C_330,Dermatology Service, -   , -   , -   ,-,-,0
Y59,RPA,MEDWAY NHS FOUNDATION TRUST,C_340,Respiratory Medicine Service,141,129,91.50%,6.5,18.7,0
Y59,RPA,MEDWAY NHS FOUNDATION TRUST,C_400,Neurology Service,423,337,79.70%,9.9,22.7,1
Y59,RPA,MEDWAY NHS FOUNDATION TRUST,C_410,Rheumatology Service,"1,809","1,060",58.60%,13.8,35.9,1
Y59,RPA,MEDWAY NHS FOUNDATION TRUST,C_430,Elderly Medicine Service,96,85,88.50%,5.1,19.3,0
Y59,RPA,MEDWAY NHS FOUNDATION TRUST,C_502,Gynaecology Service,"2,583","1,820",70.50%,10.8,33.4,19
Y59,RPA,MEDWAY NHS FOUNDATION TRUST,X02,Other - Medical Services,"3,075","2,385",77.60%,8.9,32.5,0
Y59,RPA,MEDWAY NHS FOUNDATION TRUST,X03,Other - Mental Health Services, -   , -   , -   ,-,-,0
Y59,RPA,MEDWAY NHS FOUNDATION TRUST,X04,Other - Paediatric Services,152,152,100.00%,3,11.6,0
Y59,RPA,MEDWAY NHS FOUNDATION TRUST,X05,Other - Surgical Services,"3,390","2,606",76.90%,7.2,33.8,26
Y59,RPA,MEDWAY NHS FOUNDATION TRUST,X06,Other - Other Services,658,449,68.20%,12.3,31,0
Y59,RPC,QUEEN VICTORIA HOSPITAL NHS FOUNDATION TRUST,C_100,General Surgery Service, -   , -   , -   ,-,-,0
Y59,RPC,QUEEN VICTORIA HOSPITAL NHS FOUNDATION TRUST,C_101,Urology Service, -   , -   , -   ,-,-,0
Y59,RPC,QUEEN VICTORIA HOSPITAL NHS FOUNDATION TRUST,C_110,Trauma and Orthopaedic Service, -   , -   , -   ,-,-,0
Y59,RPC,QUEEN VICTORIA HOSPITAL NHS FOUNDATION TRUST,C_120,Ear Nose and Throat Service,277,269,97.10%,4.2,10,0
Y59,RPC,QUEEN VICTORIA HOSPITAL NHS FOUNDATION TRUST,C_130,Ophthalmology Service,"2,111","1,601",75.80%,10.4,35.7,90
Y59,RPC,QUEEN VICTORIA HOSPITAL NHS FOUNDATION TRUST,C_140,Oral Surgery Service,"3,396","2,599",76.50%,9.5,30.9,80
Y59,RPC,QUEEN VICTORIA HOSPITAL NHS FOUNDATION TRUST,C_150,Neurosurgical Service, -   , -   , -   ,-,-,0
Y59,RPC,QUEEN VICTORIA HOSPITAL NHS FOUNDATION TRUST,C_160,Plastic Surgery Service,"3,381","2,107",62.30%,11.9,64.1,355
Y59,RPC,QUEEN VICTORIA HOSPITAL NHS FOUNDATION TRUST,C_170,Cardiothoracic Surgery Service, -   , -   , -   ,-,-,0
Y59,RPC,QUEEN VICTORIA HOSPITAL NHS FOUNDATION TRUST,C_300,General Internal Medicine Service, -   , -   , -   ,-,-,0
Y59,RPC,QUEEN VICTORIA HOSPITAL NHS FOUNDATION TRUST,C_301,Gastroenterology Service, -   , -   , -   ,-,-,0
Y59,RPC,QUEEN VICTORIA HOSPITAL NHS FOUNDATION TRUST,C_320,Cardiology Service,54,49,90.70%,4.9,18.7,0
Y59,RPC,QUEEN VICTORIA HOSPITAL NHS FOUNDATION TRUST,C_330,Dermatology Service, -   , -   , -   ,-,-,0
Y59,RPC,QUEEN VICTORIA HOSPITAL NHS FOUNDATION TRUST,C_340,Respiratory Medicine Service, -   , -   , -   ,-,-,0
Y59,RPC,QUEEN VICTORIA HOSPITAL NHS FOUNDATION TRUST,C_400,Neurology Service, -   , -   , -   ,-,-,0
Y59,RPC,QUEEN VICTORIA HOSPITAL NHS FOUNDATION TRUST,C_410,Rheumatology Service,31,31,100.00%,2.8,10.4,0
Y59,RPC,QUEEN VICTORIA HOSPITAL NHS FOUNDATION TRUST,C_430,Elderly Medicine Service, -   , -   , -   ,-,-,0
Y59,RPC,QUEEN VICTORIA HOSPITAL NHS FOUNDATION TRUST,C_502,Gynaecology Service, -   , -   , -   ,-,-,0
Y59,RPC,QUEEN VICTORIA HOSPITAL NHS FOUNDATION TRUST,X02,Other - Medical Services,2, -   , -   ,-,-,0
Y59,RPC,QUEEN VICTORIA HOSPITAL NHS FOUNDATION TRUST,X03,Other - Mental Health Services,3,2,66.70%,-,-,0
Y59,RPC,QUEEN VICTORIA HOSPITAL NHS FOUNDATION TRUST,X04,Other - Paediatric Services,20,20,100.00%,4.3,9.2,0
Y59,RPC,QUEEN VICTORIA HOSPITAL NHS FOUNDATION TRUST,X05,Other - Surgical Services,6,4,66.70%,-,-,1
Y59,RPC,QUEEN VICTORIA HOSPITAL NHS FOUNDATION TRUST,X06,Other - Other Services,"1,195","1,089",91.10%,7.5,18.6,3
Y59,RTH,OXFORD UNIVERSITY HOSPITALS NHS FOUNDATION TRUST,C_100,General Surgery Service,"1,273","1,108",87.00%,6.7,23.5,0
Y59,RTH,OXFORD UNIVERSITY HOSPITALS NHS FOUNDATION TRUST,C_101,Urology Service,"1,880","1,471",78.20%,7.9,34.6,49
Y59,RTH,OXFORD UNIVERSITY HOSPITALS NHS FOUNDATION TRUST,C_110,Trauma and Orthopaedic Service,"6,490","3,431",52.90%,16.2,44.2,394
Y59,RTH,OXFORD UNIVERSITY HOSPITALS NHS FOUNDATION TRUST,C_120,Ear Nose and Throat Service,"2,186",787,36.00%,65.3,84.4,"1,234"
Y59,RTH,OXFORD UNIVERSITY HOSPITALS NHS FOUNDATION TRUST,C_130,Ophthalmology Service,"3,053","2,225",72.90%,7.7,47.3,226
Y59,RTH,OXFORD UNIVERSITY HOSPITALS NHS FOUNDATION TRUST,C_140,Oral Surgery Service,"1,004",461,45.90%,23.5,81.1,358
Y59,RTH,OXFORD UNIVERSITY HOSPITALS NHS FOUNDATION TRUST,C_150,Neurosurgical Service,824,541,65.70%,10.6,60.5,83
Y59,RTH,OXFORD UNIVERSITY HOSPITALS NHS FOUNDATION TRUST,C_160,Plastic Surgery Service,"1,574",925,58.80%,13.4,65.3,169
Y59,RTH,OXFORD UNIVERSITY HOSPITALS NHS FOUNDATION TRUST,C_170,Cardiothoracic Surgery Service,171,158,92.40%,5.4,17.8,0
Y59,RTH,OXFORD UNIVERSITY HOSPITALS NHS FOUNDATION TRUST,C_300,General Internal Medicine Service,39,35,89.70%,7.2,19.9,0
Y59,RTH,OXFORD UNIVERSITY HOSPITALS NHS FOUNDATION TRUST,C_301,Gastroenterology Service,"2,653","2,253",84.90%,6.7,25.6,1
Y59,RTH,OXFORD UNIVERSITY HOSPITALS NHS FOUNDATION TRUST,C_320,Cardiology Service,"1,744","1,573",90.20%,5.3,20.2,0
Y59,RTH,OXFORD UNIVERSITY HOSPITALS NHS FOUNDATION TRUST,C_330,Dermatology Service,"1,985","1,716",86.40%,5.9,23.1,2
Y59,RTH,OXFORD UNIVERSITY HOSPITALS NHS FOUNDATION TRUST,C_340,Respiratory Medicine Service,877,841,95.90%,5.1,13.9,0
Y59,RTH,OXFORD UNIVERSITY HOSPITALS NHS FOUNDATION TRUST,C_400,Neurology Service,"1,422","1,335",93.90%,4.8,15.9,1
Y59,RTH,OXFORD UNIVERSITY HOSPITALS NHS FOUNDATION TRUST,C_410,Rheumatology Service,"1,480","1,202",81.20%,11.2,24.6,3
Y59,RTH,OXFORD UNIVERSITY HOSPITALS NHS FOUNDATION TRUST,C_430,Elderly Medicine Service,155,146,94.20%,3.2,13.9,2
Y59,RTH,OXFORD UNIVERSITY HOSPITALS NHS FOUNDATION TRUST,C_502,Gynaecology Service,"2,832","2,182",77.00%,9,35.7,64
Y59,RTH,OXFORD UNIVERSITY HOSPITALS NHS FOUNDATION TRUST,X02,Other - Medical Services,"5,549","5,071",91.40%,6,18.8,11
Y59,RTH,OXFORD UNIVERSITY HOSPITALS NHS FOUNDATION TRUST,X03,Other - Mental Health Services,8,8,100.00%,-,-,0
Y59,RTH,OXFORD UNIVERSITY HOSPITALS NHS FOUNDATION TRUST,X04,Other - Paediatric Services,"4,505","3,131",69.50%,10,69.4,558
Y59,RTH,OXFORD UNIVERSITY HOSPITALS NHS FOUNDATION TRUST,X05,Other - Surgical Services,"3,274","2,769",84.60%,6,27.9,71
Y59,RTH,OXFORD UNIVERSITY HOSPITALS NHS FOUNDATION TRUST,X06,Other - Other Services,"1,525","1,080",70.80%,10.8,32.7,23
Y59,RTK,ASHFORD AND ST PETER'S HOSPITALS NHS FOUNDATION TRUST,C_100,General Surgery Service,349,322,92.30%,5.4,17.1,0
Y59,RTK,ASHFORD AND ST PETER'S HOSPITALS NHS FOUNDATION TRUST,C_101,Urology Service,"1,007",842,83.60%,5.7,28.8,15
Y59,RTK,ASHFORD AND ST PETER'S HOSPITALS NHS FOUNDATION TRUST,C_110,Trauma and Orthopaedic Service,"4,363","3,835",87.90%,5.9,26.1,0
Y59,RTK,ASHFORD AND ST PETER'S HOSPITALS NHS FOUNDATION TRUST,C_120,Ear Nose and Throat Service,"2,144","1,636",76.30%,10.9,27,9
Y59,RTK,ASHFORD AND ST PETER'S HOSPITALS NHS FOUNDATION TRUST,C_130,Ophthalmology Service,"2,715","1,990",73.30%,10.6,27.6,0
Y59,RTK,ASHFORD AND ST PETER'S HOSPITALS NHS FOUNDATION TRUST,C_140,Oral Surgery Service,"2,308","1,518",65.80%,12.4,31.5,6
Y59,RTK,ASHFORD AND ST PETER'S HOSPITALS NHS FOUNDATION TRUST,C_150,Neurosurgical Service, -   , -   , -   ,-,-,0
Y59,RTK,ASHFORD AND ST PETER'S HOSPITALS NHS FOUNDATION TRUST,C_160,Plastic Surgery Service,5,4,80.00%,-,-,1
Y59,RTK,ASHFORD AND ST PETER'S HOSPITALS NHS FOUNDATION TRUST,C_170,Cardiothoracic Surgery Service, -   , -   , -   ,-,-,0
Y59,RTK,ASHFORD AND ST PETER'S HOSPITALS NHS FOUNDATION TRUST,C_300,General Internal Medicine Service,123,118,95.90%,4.6,13.2,0
Y59,RTK,ASHFORD AND ST PETER'S HOSPITALS NHS FOUNDATION TRUST,C_301,Gastroenterology Service,"1,872","1,254",67.00%,13.2,35.2,39
Y59,RTK,ASHFORD AND ST PETER'S HOSPITALS NHS FOUNDATION TRUST,C_320,Cardiology Service,"1,757","1,519",86.50%,5.8,24.4,1
Y59,RTK,ASHFORD AND ST PETER'S HOSPITALS NHS FOUNDATION TRUST,C_330,Dermatology Service,"1,860","1,764",94.80%,5.2,16,0
Y59,RTK,ASHFORD AND ST PETER'S HOSPITALS NHS FOUNDATION TRUST,C_340,Respiratory Medicine Service,829,711,85.80%,8.9,21.8,0
Y59,RTK,ASHFORD AND ST PETER'S HOSPITALS NHS FOUNDATION TRUST,C_400,Neurology Service,957,816,85.30%,6.8,23.9,0
Y59,RTK,ASHFORD AND ST PETER'S HOSPITALS NHS FOUNDATION TRUST,C_410,Rheumatology Service,277,263,94.90%,5.8,15.5,0
Y59,RTK,ASHFORD AND ST PETER'S HOSPITALS NHS FOUNDATION TRUST,C_430,Elderly Medicine Service,32,32,100.00%,4.2,9.7,0
Y59,RTK,ASHFORD AND ST PETER'S HOSPITALS NHS FOUNDATION TRUST,C_502,Gynaecology Service,"2,024","1,630",80.50%,7.7,28.3,17
Y59,RTK,ASHFORD AND ST PETER'S HOSPITALS NHS FOUNDATION TRUST,X02,Other - Medical Services,"1,231","1,128",91.60%,7.2,18.5,1
Y59,RTK,ASHFORD AND ST PETER'S HOSPITALS NHS FOUNDATION TRUST,X03,Other - Mental Health Services, -   , -   , -   ,-,-,0
Y59,RTK,ASHFORD AND ST PETER'S HOSPITALS NHS FOUNDATION TRUST,X04,Other - Paediatric Services,685,659,96.20%,3.7,11.7,0
Y59,RTK,ASHFORD AND ST PETER'S HOSPITALS NHS FOUNDATION TRUST,X05,Other - Surgical Services,"4,330","3,290",76.00%,9.9,31.9,85
Y59,RTK,ASHFORD AND ST PETER'S HOSPITALS NHS FOUNDATION TRUST,X06,Other - Other Services,41,24,58.50%,16.3,35.4,0
Y59,RTP,SURREY AND SUSSEX HEALTHCARE NHS TRUST,C_100,General Surgery Service,"3,608",,,7.2,,24
Y59,RTP,SURREY AND SUSSEX HEALTHCARE NHS TRUST,C_101,Urology Service,"1,404",,,6.7,,16
Y59,RTP,SURREY AND SUSSEX HEALTHCARE NHS TRUST,C_110,Trauma and Orthopaedic Service,775,,,10.6,,18
Y59,RTP,SURREY AND SUSSEX HEALTHCARE NHS TRUST,C_120,Ear Nose and Throat Service,"3,325",,,8,,31
Y59,RTP,SURREY AND SUSSEX HEALTHCARE NHS TRUST,C_130,Ophthalmology Service,"3,487",,,11.2,,38
Y59,RTP,SURREY AND SUSSEX HEALTHCARE NHS TRUST,C_140,Oral Surgery Service,"1,291",,,10.2,,28
Y59,RTP,SURREY AND SUSSEX HEALTHCARE NHS TRUST,C_150,Neurosurgical Service, -   ,,,-,,0
Y59,RTP,SURREY AND SUSSEX HEALTHCARE NHS TRUST,C_160,Plastic Surgery Service, -   ,,,-,,0
Y59,RTP,SURREY AND SUSSEX HEALTHCARE NHS TRUST,C_170,Cardiothoracic Surgery Service, -   ,,,-,,0
Y59,RTP,SURREY AND SUSSEX HEALTHCARE NHS TRUST,C_300,General Internal Medicine Service,4,,,-,,0
Y59,RTP,SURREY AND SUSSEX HEALTHCARE NHS TRUST,C_301,Gastroenterology Service,"2,496",,,9.1,,25
Y59,RTP,SURREY AND SUSSEX HEALTHCARE NHS TRUST,C_320,Cardiology Service,"1,440",,,7.1,,3
Y59,RTP,SURREY AND SUSSEX HEALTHCARE NHS TRUST,C_330,Dermatology Service,"1,054",,,4.2,,0
Y59,RTP,SURREY AND SUSSEX HEALTHCARE NHS TRUST,C_340,Respiratory Medicine Service,904,,,14.1,,2
Y59,RTP,SURREY AND SUSSEX HEALTHCARE NHS TRUST,C_400,Neurology Service,850,,,10,,10
Y59,RTP,SURREY AND SUSSEX HEALTHCARE NHS TRUST,C_410,Rheumatology Service,211,,,5.4,,1
Y59,RTP,SURREY AND SUSSEX HEALTHCARE NHS TRUST,C_430,Elderly Medicine Service,77,,,5.1,,0
Y59,RTP,SURREY AND SUSSEX HEALTHCARE NHS TRUST,C_502,Gynaecology Service,"2,037",,,9,,12
Y59,RTP,SURREY AND SUSSEX HEALTHCARE NHS TRUST,X02,Other - Medical Services,"1,664",,,10.4,,7
Y59,RTP,SURREY AND SUSSEX HEALTHCARE NHS TRUST,X03,Other - Mental Health Services, -   ,,,-,,0
Y59,RTP,SURREY AND SUSSEX HEALTHCARE NHS TRUST,X04,Other - Paediatric Services,"1,436",,,5.7,,37
Y59,RTP,SURREY AND SUSSEX HEALTHCARE NHS TRUST,X05,Other - Surgical Services,421,,,6.6,,1
Y59,RTP,SURREY AND SUSSEX HEALTHCARE NHS TRUST,X06,Other - Other Services,160,,,12.5,,8
Y59,RVV,EAST KENT HOSPITALS UNIVERSITY NHS FOUNDATION TRUST,C_100,General Surgery Service,"8,359","4,859",58.10%,13.1,58.6,834
Y59,RVV,EAST KENT HOSPITALS UNIVERSITY NHS FOUNDATION TRUST,C_101,Urology Service,"2,838","1,929",68.00%,9.9,46.9,182
Y59,RVV,EAST KENT HOSPITALS UNIVERSITY NHS FOUNDATION TRUST,C_110,Trauma and Orthopaedic Service,"7,434","2,717",36.50%,27.3,70.1,"1,463"
Y59,RVV,EAST KENT HOSPITALS UNIVERSITY NHS FOUNDATION TRUST,C_120,Ear Nose and Throat Service,"6,697","3,153",47.10%,19.6,71.1,"1,047"
Y59,RVV,EAST KENT HOSPITALS UNIVERSITY NHS FOUNDATION TRUST,C_130,Ophthalmology Service,"4,367","3,108",71.20%,9.8,36.6,160
Y59,RVV,EAST KENT HOSPITALS UNIVERSITY NHS FOUNDATION TRUST,C_140,Oral Surgery Service,"2,766","2,034",73.50%,10.9,34.4,85
Y59,RVV,EAST KENT HOSPITALS UNIVERSITY NHS FOUNDATION TRUST,C_150,Neurosurgical Service, -   , -   , -   ,-,-,0
Y59,RVV,EAST KENT HOSPITALS UNIVERSITY NHS FOUNDATION TRUST,C_160,Plastic Surgery Service, -   , -   , -   ,-,-,0
Y59,RVV,EAST KENT HOSPITALS UNIVERSITY NHS FOUNDATION TRUST,C_170,Cardiothoracic Surgery Service,8,8,100.00%,-,-,0
Y59,RVV,EAST KENT HOSPITALS UNIVERSITY NHS FOUNDATION TRUST,C_300,General Internal Medicine Service,11,8,72.70%,-,-,2
Y59,RVV,EAST KENT HOSPITALS UNIVERSITY NHS FOUNDATION TRUST,C_301,Gastroenterology Service,"4,155","2,817",67.80%,11.4,34.6,16
Y59,RVV,EAST KENT HOSPITALS UNIVERSITY NHS FOUNDATION TRUST,C_320,Cardiology Service,"1,171","1,032",88.10%,7.2,21.5,0
Y59,RVV,EAST KENT HOSPITALS UNIVERSITY NHS FOUNDATION TRUST,C_330,Dermatology Service,"4,189","3,050",72.80%,10.3,39.5,53
Y59,RVV,EAST KENT HOSPITALS UNIVERSITY NHS FOUNDATION TRUST,C_340,Respiratory Medicine Service,"1,177","1,068",90.70%,5.9,19,0
Y59,RVV,EAST KENT HOSPITALS UNIVERSITY NHS FOUNDATION TRUST,C_400,Neurology Service,"1,605","1,250",77.90%,10.4,23.9,1
Y59,RVV,EAST KENT HOSPITALS UNIVERSITY NHS FOUNDATION TRUST,C_410,Rheumatology Service,998,895,89.70%,7.1,19.7,0
Y59,RVV,EAST KENT HOSPITALS UNIVERSITY NHS FOUNDATION TRUST,C_430,Elderly Medicine Service,425,277,65.20%,12.4,29,0
Y59,RVV,EAST KENT HOSPITALS UNIVERSITY NHS FOUNDATION TRUST,C_502,Gynaecology Service,"4,728","2,904",61.40%,12,67.9,570
Y59,RVV,EAST KENT HOSPITALS UNIVERSITY NHS FOUNDATION TRUST,X02,Other - Medical Services,"1,120","1,044",93.20%,3.9,16,5
Y59,RVV,EAST KENT HOSPITALS UNIVERSITY NHS FOUNDATION TRUST,X03,Other - Mental Health Services, -   , -   , -   ,-,-,0
Y59,RVV,EAST KENT HOSPITALS UNIVERSITY NHS FOUNDATION TRUST,X04,Other - Paediatric Services,"1,207","1,136",94.10%,5.9,15.7,0
Y59,RVV,EAST KENT HOSPITALS UNIVERSITY NHS FOUNDATION TRUST,X05,Other - Surgical Services,"1,947","1,303",66.90%,10.5,40.3,87
Y59,RVV,EAST KENT HOSPITALS UNIVERSITY NHS FOUNDATION TRUST,X06,Other - Other Services,55,43,78.20%,6.5,26.8,2
Y59,RW1,SOUTHERN HEALTH NHS FOUNDATION TRUST,C_100,General Surgery Service, -   , -   , -   ,-,-,0
Y59,RW1,SOUTHERN HEALTH NHS FOUNDATION TRUST,C_101,Urology Service, -   , -   , -   ,-,-,0
Y59,RW1,SOUTHERN HEALTH NHS FOUNDATION TRUST,C_110,Trauma and Orthopaedic Service,"1,744","1,452",83.30%,5.9,20.6,0
Y59,RW1,SOUTHERN HEALTH NHS FOUNDATION TRUST,C_120,Ear Nose and Throat Service,286,283,99.00%,3.7,13,0
Y59,RW1,SOUTHERN HEALTH NHS FOUNDATION TRUST,C_130,Ophthalmology Service, -   , -   , -   ,-,-,0
Y59,RW1,SOUTHERN HEALTH NHS FOUNDATION TRUST,C_140,Oral Surgery Service, -   , -   , -   ,-,-,0
Y59,RW1,SOUTHERN HEALTH NHS FOUNDATION TRUST,C_150,Neurosurgical Service, -   , -   , -   ,-,-,0
Y59,RW1,SOUTHERN HEALTH NHS FOUNDATION TRUST,C_160,Plastic Surgery Service, -   , -   , -   ,-,-,0
Y59,RW1,SOUTHERN HEALTH NHS FOUNDATION TRUST,C_170,Cardiothoracic Surgery Service, -   , -   , -   ,-,-,0
Y59,RW1,SOUTHERN HEALTH NHS FOUNDATION TRUST,C_300,General Internal Medicine Service,86,85,98.80%,2.9,7.1,0
Y59,RW1,SOUTHERN HEALTH NHS FOUNDATION TRUST,C_301,Gastroenterology Service,123,122,99.20%,2.5,10.6,0
Y59,RW1,SOUTHERN HEALTH NHS FOUNDATION TRUST,C_320,Cardiology Service,88,88,100.00%,3.5,10.8,0
Y59,RW1,SOUTHERN HEALTH NHS FOUNDATION TRUST,C_330,Dermatology Service, -   , -   , -   ,-,-,0
Y59,RW1,SOUTHERN HEALTH NHS FOUNDATION TRUST,C_340,Respiratory Medicine Service,63,63,100.00%,3.7,8.7,0
Y59,RW1,SOUTHERN HEALTH NHS FOUNDATION TRUST,C_400,Neurology Service, -   , -   , -   ,-,-,0
Y59,RW1,SOUTHERN HEALTH NHS FOUNDATION TRUST,C_410,Rheumatology Service,101,96,95.00%,5,12,0
Y59,RW1,SOUTHERN HEALTH NHS FOUNDATION TRUST,C_430,Elderly Medicine Service, -   , -   , -   ,-,-,0
Y59,RW1,SOUTHERN HEALTH NHS FOUNDATION TRUST,C_502,Gynaecology Service, -   , -   , -   ,-,-,0
Y59,RW1,SOUTHERN HEALTH NHS FOUNDATION TRUST,X02,Other - Medical Services,157,157,100.00%,2.9,9.4,0
Y59,RW1,SOUTHERN HEALTH NHS FOUNDATION TRUST,X03,Other - Mental Health Services, -   , -   , -   ,-,-,0
Y59,RW1,SOUTHERN HEALTH NHS FOUNDATION TRUST,X04,Other - Paediatric Services,15,15,100.00%,-,-,0
Y59,RW1,SOUTHERN HEALTH NHS FOUNDATION TRUST,X05,Other - Surgical Services,114,112,98.20%,3.5,9.6,0
Y59,RW1,SOUTHERN HEALTH NHS FOUNDATION TRUST,X06,Other - Other Services, -   , -   , -   ,-,-,0
Y59,RWF,MAIDSTONE AND TUNBRIDGE WELLS NHS TRUST,C_100,General Surgery Service,"4,167","2,356",56.50%,14.8,34.5,17
Y59,RWF,MAIDSTONE AND TUNBRIDGE WELLS NHS TRUST,C_101,Urology Service,"2,820","1,889",67.00%,11.7,36.5,29
Y59,RWF,MAIDSTONE AND TUNBRIDGE WELLS NHS TRUST,C_110,Trauma and Orthopaedic Service,"3,297","1,750",53.10%,16.5,38.2,78
Y59,RWF,MAIDSTONE AND TUNBRIDGE WELLS NHS TRUST,C_120,Ear Nose and Throat Service,"4,053","2,426",59.90%,14,34.9,63
Y59,RWF,MAIDSTONE AND TUNBRIDGE WELLS NHS TRUST,C_130,Ophthalmology Service,"7,605","4,672",61.40%,13.2,33,14
Y59,RWF,MAIDSTONE AND TUNBRIDGE WELLS NHS TRUST,C_140,Oral Surgery Service, -   , -   , -   ,-,-,0
Y59,RWF,MAIDSTONE AND TUNBRIDGE WELLS NHS TRUST,C_150,Neurosurgical Service, -   , -   , -   ,-,-,0
Y59,RWF,MAIDSTONE AND TUNBRIDGE WELLS NHS TRUST,C_160,Plastic Surgery Service, -   , -   , -   ,-,-,0
Y59,RWF,MAIDSTONE AND TUNBRIDGE WELLS NHS TRUST,C_170,Cardiothoracic Surgery Service,19,19,100.00%,-,-,0
Y59,RWF,MAIDSTONE AND TUNBRIDGE WELLS NHS TRUST,C_300,General Internal Medicine Service,2,2,100.00%,-,-,0
Y59,RWF,MAIDSTONE AND TUNBRIDGE WELLS NHS TRUST,C_301,Gastroenterology Service,"1,763","1,519",86.20%,9.4,20.5,0
Y59,RWF,MAIDSTONE AND TUNBRIDGE WELLS NHS TRUST,C_320,Cardiology Service,"1,386","1,242",89.60%,7.9,19.9,0
Y59,RWF,MAIDSTONE AND TUNBRIDGE WELLS NHS TRUST,C_330,Dermatology Service, -   , -   , -   ,-,-,0
Y59,RWF,MAIDSTONE AND TUNBRIDGE WELLS NHS TRUST,C_340,Respiratory Medicine Service,662,580,87.60%,7.6,20.5,0
Y59,RWF,MAIDSTONE AND TUNBRIDGE WELLS NHS TRUST,C_400,Neurology Service,993,875,88.10%,7.6,19.9,0
Y59,RWF,MAIDSTONE AND TUNBRIDGE WELLS NHS TRUST,C_410,Rheumatology Service,641,612,95.50%,5.8,15.7,0
Y59,RWF,MAIDSTONE AND TUNBRIDGE WELLS NHS TRUST,C_430,Elderly Medicine Service,126,126,100.00%,3.1,10.7,0
Y59,RWF,MAIDSTONE AND TUNBRIDGE WELLS NHS TRUST,C_502,Gynaecology Service,"3,526","2,393",67.90%,11.9,30.6,4
Y59,RWF,MAIDSTONE AND TUNBRIDGE WELLS NHS TRUST,X02,Other - Medical Services,"2,859","2,657",92.90%,6.1,17.1,0
Y59,RWF,MAIDSTONE AND TUNBRIDGE WELLS NHS TRUST,X03,Other - Mental Health Services, -   , -   , -   ,-,-,0
Y59,RWF,MAIDSTONE AND TUNBRIDGE WELLS NHS TRUST,X04,Other - Paediatric Services,667,513,76.90%,8.9,31.8,4
Y59,RWF,MAIDSTONE AND TUNBRIDGE WELLS NHS TRUST,X05,Other - Surgical Services,938,836,89.10%,5,24.4,6
Y59,RWF,MAIDSTONE AND TUNBRIDGE WELLS NHS TRUST,X06,Other - Other Services,2,1,50.00%,-,-,0
Y59,RWX,BERKSHIRE HEALTHCARE NHS FOUNDATION TRUST,C_100,General Surgery Service, -   , -   , -   ,-,-,0
Y59,RWX,BERKSHIRE HEALTHCARE NHS FOUNDATION TRUST,C_101,Urology Service, -   , -   , -   ,-,-,0
Y59,RWX,BERKSHIRE HEALTHCARE NHS FOUNDATION TRUST,C_110,Trauma and Orthopaedic Service, -   , -   , -   ,-,-,0
Y59,RWX,BERKSHIRE HEALTHCARE NHS FOUNDATION TRUST,C_120,Ear Nose and Throat Service, -   , -   , -   ,-,-,0
Y59,RWX,BERKSHIRE HEALTHCARE NHS FOUNDATION TRUST,C_130,Ophthalmology Service, -   , -   , -   ,-,-,0
Y59,RWX,BERKSHIRE HEALTHCARE NHS FOUNDATION TRUST,C_140,Oral Surgery Service, -   , -   , -   ,-,-,0
Y59,RWX,BERKSHIRE HEALTHCARE NHS FOUNDATION TRUST,C_150,Neurosurgical Service, -   , -   , -   ,-,-,0
Y59,RWX,BERKSHIRE HEALTHCARE NHS FOUNDATION TRUST,C_160,Plastic Surgery Service, -   , -   , -   ,-,-,0
Y59,RWX,BERKSHIRE HEALTHCARE NHS FOUNDATION TRUST,C_170,Cardiothoracic Surgery Service, -   , -   , -   ,-,-,0
Y59,RWX,BERKSHIRE HEALTHCARE NHS FOUNDATION TRUST,C_300,General Internal Medicine Service, -   , -   , -   ,-,-,0
Y59,RWX,BERKSHIRE HEALTHCARE NHS FOUNDATION TRUST,C_301,Gastroenterology Service, -   , -   , -   ,-,-,0
Y59,RWX,BERKSHIRE HEALTHCARE NHS FOUNDATION TRUST,C_320,Cardiology Service, -   , -   , -   ,-,-,0
Y59,RWX,BERKSHIRE HEALTHCARE NHS FOUNDATION TRUST,C_330,Dermatology Service, -   , -   , -   ,-,-,0
Y59,RWX,BERKSHIRE HEALTHCARE NHS FOUNDATION TRUST,C_340,Respiratory Medicine Service, -   , -   , -   ,-,-,0
Y59,RWX,BERKSHIRE HEALTHCARE NHS FOUNDATION TRUST,C_400,Neurology Service, -   , -   , -   ,-,-,0
Y59,RWX,BERKSHIRE HEALTHCARE NHS FOUNDATION TRUST,C_410,Rheumatology Service, -   , -   , -   ,-,-,0
Y59,RWX,BERKSHIRE HEALTHCARE NHS FOUNDATION TRUST,C_430,Elderly Medicine Service, -   , -   , -   ,-,-,0
Y59,RWX,BERKSHIRE HEALTHCARE NHS FOUNDATION TRUST,C_502,Gynaecology Service, -   , -   , -   ,-,-,0
Y59,RWX,BERKSHIRE HEALTHCARE NHS FOUNDATION TRUST,X02,Other - Medical Services,29,29,100.00%,3.8,11.7,0
Y59,RWX,BERKSHIRE HEALTHCARE NHS FOUNDATION TRUST,X03,Other - Mental Health Services, -   , -   , -   ,-,-,0
Y59,RWX,BERKSHIRE HEALTHCARE NHS FOUNDATION TRUST,X04,Other - Paediatric Services,152,152,100.00%,5.4,12,0
Y59,RWX,BERKSHIRE HEALTHCARE NHS FOUNDATION TRUST,X05,Other - Surgical Services, -   , -   , -   ,-,-,0
Y59,RWX,BERKSHIRE HEALTHCARE NHS FOUNDATION TRUST,X06,Other - Other Services, -   , -   , -   ,-,-,0
Y59,RXC,EAST SUSSEX HEALTHCARE NHS TRUST,C_100,General Surgery Service,"3,499","2,754",78.70%,10.5,29.9,0
Y59,RXC,EAST SUSSEX HEALTHCARE NHS TRUST,C_101,Urology Service,"2,884","1,903",66.00%,12.5,30.8,7
Y59,RXC,EAST SUSSEX HEALTHCARE NHS TRUST,C_110,Trauma and Orthopaedic Service,"1,473","1,060",72.00%,10,31.5,2
Y59,RXC,EAST SUSSEX HEALTHCARE NHS TRUST,C_120,Ear Nose and Throat Service,"3,553","2,743",77.20%,9.6,28.9,12
Y59,RXC,EAST SUSSEX HEALTHCARE NHS TRUST,C_130,Ophthalmology Service,"4,741","3,913",82.50%,8.3,26.2,4
Y59,RXC,EAST SUSSEX HEALTHCARE NHS TRUST,C_140,Oral Surgery Service,"1,140",947,83.10%,7.4,27,0
Y59,RXC,EAST SUSSEX HEALTHCARE NHS TRUST,C_150,Neurosurgical Service, -   , -   , -   ,-,-,0
Y59,RXC,EAST SUSSEX HEALTHCARE NHS TRUST,C_160,Plastic Surgery Service, -   , -   , -   ,-,-,0
Y59,RXC,EAST SUSSEX HEALTHCARE NHS TRUST,C_170,Cardiothoracic Surgery Service, -   , -   , -   ,-,-,0
Y59,RXC,EAST SUSSEX HEALTHCARE NHS TRUST,C_300,General Internal Medicine Service,2,1,50.00%,-,-,0
Y59,RXC,EAST SUSSEX HEALTHCARE NHS TRUST,C_301,Gastroenterology Service,"2,500","2,217",88.70%,8.5,22.9,1
Y59,RXC,EAST SUSSEX HEALTHCARE NHS TRUST,C_320,Cardiology Service,"1,439","1,274",88.50%,6.9,19.8,0
Y59,RXC,EAST SUSSEX HEALTHCARE NHS TRUST,C_330,Dermatology Service,404,403,99.80%,2.3,6.5,0
Y59,RXC,EAST SUSSEX HEALTHCARE NHS TRUST,C_340,Respiratory Medicine Service,988,887,89.80%,7.6,19.1,0
Y59,RXC,EAST SUSSEX HEALTHCARE NHS TRUST,C_400,Neurology Service,"1,210","1,032",85.30%,9.2,20.1,0
Y59,RXC,EAST SUSSEX HEALTHCARE NHS TRUST,C_410,Rheumatology Service,545,403,73.90%,11.4,27,0
Y59,RXC,EAST SUSSEX HEALTHCARE NHS TRUST,C_430,Elderly Medicine Service,88,87,98.90%,4.7,14.5,0
Y59,RXC,EAST SUSSEX HEALTHCARE NHS TRUST,C_502,Gynaecology Service, -   , -   , -   ,-,-,0
Y59,RXC,EAST SUSSEX HEALTHCARE NHS TRUST,X02,Other - Medical Services,"5,471","4,205",76.90%,9,29.7,1
Y59,RXC,EAST SUSSEX HEALTHCARE NHS TRUST,X03,Other - Mental Health Services, -   , -   , -   ,-,-,0
Y59,RXC,EAST SUSSEX HEALTHCARE NHS TRUST,X04,Other - Paediatric Services,268,142,53.00%,17.1,35.1,0
Y59,RXC,EAST SUSSEX HEALTHCARE NHS TRUST,X05,Other - Surgical Services,"2,271","1,945",85.60%,9.1,20.2,0
Y59,RXC,EAST SUSSEX HEALTHCARE NHS TRUST,X06,Other - Other Services,418,396,94.70%,8.3,16.7,0
Y59,RXQ,BUCKINGHAMSHIRE HEALTHCARE NHS TRUST,C_100,General Surgery Service,"1,922",970,50.50%,17.9,65.8,262
Y59,RXQ,BUCKINGHAMSHIRE HEALTHCARE NHS TRUST,C_101,Urology Service,"2,224","1,000",45.00%,21.3,66.5,260
Y59,RXQ,BUCKINGHAMSHIRE HEALTHCARE NHS TRUST,C_110,Trauma and Orthopaedic Service,"4,589","1,515",33.00%,28.9,78.5,"1,135"
Y59,RXQ,BUCKINGHAMSHIRE HEALTHCARE NHS TRUST,C_120,Ear Nose and Throat Service,"3,873",998,25.80%,35.7,77.1,"1,335"
Y59,RXQ,BUCKINGHAMSHIRE HEALTHCARE NHS TRUST,C_130,Ophthalmology Service,"5,945","2,813",47.30%,19.2,80.8,"1,321"
Y59,RXQ,BUCKINGHAMSHIRE HEALTHCARE NHS TRUST,C_140,Oral Surgery Service,992,524,52.80%,16.8,71.6,194
Y59,RXQ,BUCKINGHAMSHIRE HEALTHCARE NHS TRUST,C_150,Neurosurgical Service, -   , -   , -   ,-,-,0
Y59,RXQ,BUCKINGHAMSHIRE HEALTHCARE NHS TRUST,C_160,Plastic Surgery Service,"1,244",564,45.30%,25,82.1,369
Y59,RXQ,BUCKINGHAMSHIRE HEALTHCARE NHS TRUST,C_170,Cardiothoracic Surgery Service, -   , -   , -   ,-,-,0
Y59,RXQ,BUCKINGHAMSHIRE HEALTHCARE NHS TRUST,C_300,General Internal Medicine Service, -   , -   , -   ,-,-,0
Y59,RXQ,BUCKINGHAMSHIRE HEALTHCARE NHS TRUST,C_301,Gastroenterology Service,"2,291","1,534",67.00%,11.4,40.1,14
Y59,RXQ,BUCKINGHAMSHIRE HEALTHCARE NHS TRUST,C_320,Cardiology Service,572,524,91.60%,5.1,18.2,0
Y59,RXQ,BUCKINGHAMSHIRE HEALTHCARE NHS TRUST,C_330,Dermatology Service,"1,768","1,324",74.90%,12.1,27.4,28
Y59,RXQ,BUCKINGHAMSHIRE HEALTHCARE NHS TRUST,C_340,Respiratory Medicine Service,423,379,89.60%,9.8,20.4,0
Y59,RXQ,BUCKINGHAMSHIRE HEALTHCARE NHS TRUST,C_400,Neurology Service,980,811,82.80%,9.1,22.9,0
Y59,RXQ,BUCKINGHAMSHIRE HEALTHCARE NHS TRUST,C_410,Rheumatology Service,701,258,36.80%,28,65.1,114
Y59,RXQ,BUCKINGHAMSHIRE HEALTHCARE NHS TRUST,C_430,Elderly Medicine Service,179,178,99.40%,3,10.8,0
Y59,RXQ,BUCKINGHAMSHIRE HEALTHCARE NHS TRUST,C_502,Gynaecology Service,"2,874","1,729",60.20%,13.4,49.6,209
Y59,RXQ,BUCKINGHAMSHIRE HEALTHCARE NHS TRUST,X02,Other - Medical Services,"2,589","1,933",74.70%,10,31.2,57
Y59,RXQ,BUCKINGHAMSHIRE HEALTHCARE NHS TRUST,X03,Other - Mental Health Services, -   , -   , -   ,-,-,0
Y59,RXQ,BUCKINGHAMSHIRE HEALTHCARE NHS TRUST,X04,Other - Paediatric Services,604,386,63.90%,12.2,63.9,76
Y59,RXQ,BUCKINGHAMSHIRE HEALTHCARE NHS TRUST,X05,Other - Surgical Services,"1,126",694,61.60%,10.2,54.5,91
Y59,RXQ,BUCKINGHAMSHIRE HEALTHCARE NHS TRUST,X06,Other - Other Services,253,240,94.90%,5.5,16.3,7
Y59,RYR,UNIVERSITY HOSPITALS SUSSEX NHS FOUNDATION TRUST,C_100,General Surgery Service,"2,015",841,41.70%,23.8,61.5,242
Y59,RYR,UNIVERSITY HOSPITALS SUSSEX NHS FOUNDATION TRUST,C_101,Urology Service,"6,381","3,306",51.80%,17,59.6,634
Y59,RYR,UNIVERSITY HOSPITALS SUSSEX NHS FOUNDATION TRUST,C_110,Trauma and Orthopaedic Service,"5,885","2,519",42.80%,23.4,66.6,994
Y59,RYR,UNIVERSITY HOSPITALS SUSSEX NHS FOUNDATION TRUST,C_120,Ear Nose and Throat Service,"7,189","3,365",46.80%,20,65.2,981
Y59,RYR,UNIVERSITY HOSPITALS SUSSEX NHS FOUNDATION TRUST,C_130,Ophthalmology Service,"13,103","7,398",56.50%,15,43.6,821
Y59,RYR,UNIVERSITY HOSPITALS SUSSEX NHS FOUNDATION TRUST,C_140,Oral Surgery Service,"4,182","2,405",57.50%,14.3,64.2,446
Y59,RYR,UNIVERSITY HOSPITALS SUSSEX NHS FOUNDATION TRUST,C_150,Neurosurgical Service,934,433,46.40%,20.3,71.9,160
Y59,RYR,UNIVERSITY HOSPITALS SUSSEX NHS FOUNDATION TRUST,C_160,Plastic Surgery Service,39,36,92.30%,5.5,15.9,0
Y59,RYR,UNIVERSITY HOSPITALS SUSSEX NHS FOUNDATION TRUST,C_170,Cardiothoracic Surgery Service,164,89,54.30%,16.2,45.4,11
Y59,RYR,UNIVERSITY HOSPITALS SUSSEX NHS FOUNDATION TRUST,C_300,General Internal Medicine Service,174,111,63.80%,8.9,28,0
Y59,RYR,UNIVERSITY HOSPITALS SUSSEX NHS FOUNDATION TRUST,C_301,Gastroenterology Service,"6,680","3,428",51.30%,17.3,50.7,474
Y59,RYR,UNIVERSITY HOSPITALS SUSSEX NHS FOUNDATION TRUST,C_320,Cardiology Service,"5,126","4,042",78.90%,9.3,29.3,61
Y59,RYR,UNIVERSITY HOSPITALS SUSSEX NHS FOUNDATION TRUST,C_330,Dermatology Service,"3,309","3,021",91.30%,5.4,18.6,4
Y59,RYR,UNIVERSITY HOSPITALS SUSSEX NHS FOUNDATION TRUST,C_340,Respiratory Medicine Service,"2,115","1,632",77.20%,10.6,30.3,23
Y59,RYR,UNIVERSITY HOSPITALS SUSSEX NHS FOUNDATION TRUST,C_400,Neurology Service,"3,559","2,202",61.90%,14.1,37.3,29
Y59,RYR,UNIVERSITY HOSPITALS SUSSEX NHS FOUNDATION TRUST,C_410,Rheumatology Service,"1,168",878,75.20%,11.3,25.6,0
Y59,RYR,UNIVERSITY HOSPITALS SUSSEX NHS FOUNDATION TRUST,C_430,Elderly Medicine Service,130,111,85.40%,5.6,22.7,0
Y59,RYR,UNIVERSITY HOSPITALS SUSSEX NHS FOUNDATION TRUST,C_502,Gynaecology Service,"8,197","4,359",53.20%,16.2,53.1,672
Y59,RYR,UNIVERSITY HOSPITALS SUSSEX NHS FOUNDATION TRUST,X02,Other - Medical Services,"3,854","3,220",83.50%,8.9,27.1,10
Y59,RYR,UNIVERSITY HOSPITALS SUSSEX NHS FOUNDATION TRUST,X03,Other - Mental Health Services, -   , -   , -   ,-,-,0
Y59,RYR,UNIVERSITY HOSPITALS SUSSEX NHS FOUNDATION TRUST,X04,Other - Paediatric Services,"4,655","3,536",76.00%,9.2,31.6,58
Y59,RYR,UNIVERSITY HOSPITALS SUSSEX NHS FOUNDATION TRUST,X05,Other - Surgical Services,"11,422","6,830",59.80%,12.9,55.1,"1,045"
Y59,RYR,UNIVERSITY HOSPITALS SUSSEX NHS FOUNDATION TRUST,X06,Other - Other Services,"2,954","1,992",67.40%,11.1,58.8,292
Y59,RYY,KENT COMMUNITY HEALTH NHS FOUNDATION TRUST,C_100,General Surgery Service, -   , -   , -   ,-,-,0
Y59,RYY,KENT COMMUNITY HEALTH NHS FOUNDATION TRUST,C_101,Urology Service, -   , -   , -   ,-,-,0
Y59,RYY,KENT COMMUNITY HEALTH NHS FOUNDATION TRUST,C_110,Trauma and Orthopaedic Service,"1,788","1,788",100.00%,3.4,7.6,0
Y59,RYY,KENT COMMUNITY HEALTH NHS FOUNDATION TRUST,C_120,Ear Nose and Throat Service, -   , -   , -   ,-,-,0
Y59,RYY,KENT COMMUNITY HEALTH NHS FOUNDATION TRUST,C_130,Ophthalmology Service, -   , -   , -   ,-,-,0
Y59,RYY,KENT COMMUNITY HEALTH NHS FOUNDATION TRUST,C_140,Oral Surgery Service, -   , -   , -   ,-,-,0
Y59,RYY,KENT COMMUNITY HEALTH NHS FOUNDATION TRUST,C_150,Neurosurgical Service, -   , -   , -   ,-,-,0
Y59,RYY,KENT COMMUNITY HEALTH NHS FOUNDATION TRUST,C_160,Plastic Surgery Service, -   , -   , -   ,-,-,0
Y59,RYY,KENT COMMUNITY HEALTH NHS FOUNDATION TRUST,C_170,Cardiothoracic Surgery Service, -   , -   , -   ,-,-,0
Y59,RYY,KENT COMMUNITY HEALTH NHS FOUNDATION TRUST,C_300,General Internal Medicine Service, -   , -   , -   ,-,-,0
Y59,RYY,KENT COMMUNITY HEALTH NHS FOUNDATION TRUST,C_301,Gastroenterology Service, -   , -   , -   ,-,-,0
Y59,RYY,KENT COMMUNITY HEALTH NHS FOUNDATION TRUST,C_320,Cardiology Service, -   , -   , -   ,-,-,0
Y59,RYY,KENT COMMUNITY HEALTH NHS FOUNDATION TRUST,C_330,Dermatology Service, -   , -   , -   ,-,-,0
Y59,RYY,KENT COMMUNITY HEALTH NHS FOUNDATION TRUST,C_340,Respiratory Medicine Service, -   , -   , -   ,-,-,0
Y59,RYY,KENT COMMUNITY HEALTH NHS FOUNDATION TRUST,C_400,Neurology Service, -   , -   , -   ,-,-,0
Y59,RYY,KENT COMMUNITY HEALTH NHS FOUNDATION TRUST,C_410,Rheumatology Service, -   , -   , -   ,-,-,0
Y59,RYY,KENT COMMUNITY HEALTH NHS FOUNDATION TRUST,C_430,Elderly Medicine Service, -   , -   , -   ,-,-,0
Y59,RYY,KENT COMMUNITY HEALTH NHS FOUNDATION TRUST,C_502,Gynaecology Service, -   , -   , -   ,-,-,0
Y59,RYY,KENT COMMUNITY HEALTH NHS FOUNDATION TRUST,X02,Other - Medical Services,323,323,100.00%,2.5,7,0
Y59,RYY,KENT COMMUNITY HEALTH NHS FOUNDATION TRUST,X03,Other - Mental Health Services, -   , -   , -   ,-,-,0
Y59,RYY,KENT COMMUNITY HEALTH NHS FOUNDATION TRUST,X04,Other - Paediatric Services,"1,296","1,294",99.80%,5.5,12.7,0
Y59,RYY,KENT COMMUNITY HEALTH NHS FOUNDATION TRUST,X05,Other - Surgical Services, -   , -   , -   ,-,-,0
Y59,RYY,KENT COMMUNITY HEALTH NHS FOUNDATION TRUST,X06,Other - Other Services,352,352,100.00%,2.4,9.1,0
Y60,R1A,HEREFORDSHIRE AND WORCESTERSHIRE HEALTH AND CARE NHS TRUST,C_100,General Surgery Service, -   , -   , -   ,-,-,0
Y60,R1A,HEREFORDSHIRE AND WORCESTERSHIRE HEALTH AND CARE NHS TRUST,C_101,Urology Service, -   , -   , -   ,-,-,0
Y60,R1A,HEREFORDSHIRE AND WORCESTERSHIRE HEALTH AND CARE NHS TRUST,C_110,Trauma and Orthopaedic Service,46,39,84.80%,2.6,26.6,0
Y60,R1A,HEREFORDSHIRE AND WORCESTERSHIRE HEALTH AND CARE NHS TRUST,C_120,Ear Nose and Throat Service,20, -   , -   ,63.9,71.4,18
Y60,R1A,HEREFORDSHIRE AND WORCESTERSHIRE HEALTH AND CARE NHS TRUST,C_130,Ophthalmology Service, -   , -   , -   ,-,-,0
Y60,R1A,HEREFORDSHIRE AND WORCESTERSHIRE HEALTH AND CARE NHS TRUST,C_140,Oral Surgery Service, -   , -   , -   ,-,-,0
Y60,R1A,HEREFORDSHIRE AND WORCESTERSHIRE HEALTH AND CARE NHS TRUST,C_150,Neurosurgical Service, -   , -   , -   ,-,-,0
Y60,R1A,HEREFORDSHIRE AND WORCESTERSHIRE HEALTH AND CARE NHS TRUST,C_160,Plastic Surgery Service, -   , -   , -   ,-,-,0
Y60,R1A,HEREFORDSHIRE AND WORCESTERSHIRE HEALTH AND CARE NHS TRUST,C_170,Cardiothoracic Surgery Service, -   , -   , -   ,-,-,0
Y60,R1A,HEREFORDSHIRE AND WORCESTERSHIRE HEALTH AND CARE NHS TRUST,C_300,General Internal Medicine Service,4,3,75.00%,-,-,0
Y60,R1A,HEREFORDSHIRE AND WORCESTERSHIRE HEALTH AND CARE NHS TRUST,C_301,Gastroenterology Service, -   , -   , -   ,-,-,0
Y60,R1A,HEREFORDSHIRE AND WORCESTERSHIRE HEALTH AND CARE NHS TRUST,C_320,Cardiology Service, -   , -   , -   ,-,-,0
Y60,R1A,HEREFORDSHIRE AND WORCESTERSHIRE HEALTH AND CARE NHS TRUST,C_330,Dermatology Service, -   , -   , -   ,-,-,0
Y60,R1A,HEREFORDSHIRE AND WORCESTERSHIRE HEALTH AND CARE NHS TRUST,C_340,Respiratory Medicine Service, -   , -   , -   ,-,-,0
Y60,R1A,HEREFORDSHIRE AND WORCESTERSHIRE HEALTH AND CARE NHS TRUST,C_400,Neurology Service, -   , -   , -   ,-,-,0
Y60,R1A,HEREFORDSHIRE AND WORCESTERSHIRE HEALTH AND CARE NHS TRUST,C_410,Rheumatology Service, -   , -   , -   ,-,-,0
Y60,R1A,HEREFORDSHIRE AND WORCESTERSHIRE HEALTH AND CARE NHS TRUST,C_430,Elderly Medicine Service, -   , -   , -   ,-,-,0
Y60,R1A,HEREFORDSHIRE AND WORCESTERSHIRE HEALTH AND CARE NHS TRUST,C_502,Gynaecology Service,54,50,92.60%,5.8,17.7,0
Y60,R1A,HEREFORDSHIRE AND WORCESTERSHIRE HEALTH AND CARE NHS TRUST,X02,Other - Medical Services,23,23,100.00%,4.3,11.1,0
Y60,R1A,HEREFORDSHIRE AND WORCESTERSHIRE HEALTH AND CARE NHS TRUST,X03,Other - Mental Health Services, -   , -   , -   ,-,-,0
Y60,R1A,HEREFORDSHIRE AND WORCESTERSHIRE HEALTH AND CARE NHS TRUST,X04,Other - Paediatric Services,20,20,100.00%,3.2,9.7,0
Y60,R1A,HEREFORDSHIRE AND WORCESTERSHIRE HEALTH AND CARE NHS TRUST,X05,Other - Surgical Services, -   , -   , -   ,-,-,0
Y60,R1A,HEREFORDSHIRE AND WORCESTERSHIRE HEALTH AND CARE NHS TRUST,X06,Other - Other Services, -   , -   , -   ,-,-,0
Y60,R1D,SHROPSHIRE COMMUNITY HEALTH NHS TRUST,C_100,General Surgery Service,38,35,92.10%,5.6,18,0
Y60,R1D,SHROPSHIRE COMMUNITY HEALTH NHS TRUST,C_101,Urology Service, -   , -   , -   ,-,-,0
Y60,R1D,SHROPSHIRE COMMUNITY HEALTH NHS TRUST,C_110,Trauma and Orthopaedic Service,"2,306","1,770",76.80%,5.7,31.6,23
Y60,R1D,SHROPSHIRE COMMUNITY HEALTH NHS TRUST,C_120,Ear Nose and Throat Service,183,174,95.10%,7.2,17.3,0
Y60,R1D,SHROPSHIRE COMMUNITY HEALTH NHS TRUST,C_130,Ophthalmology Service, -   , -   , -   ,-,-,0
Y60,R1D,SHROPSHIRE COMMUNITY HEALTH NHS TRUST,C_140,Oral Surgery Service,121,88,72.70%,9.3,37.2,8
Y60,R1D,SHROPSHIRE COMMUNITY HEALTH NHS TRUST,C_150,Neurosurgical Service, -   , -   , -   ,-,-,0
Y60,R1D,SHROPSHIRE COMMUNITY HEALTH NHS TRUST,C_160,Plastic Surgery Service, -   , -   , -   ,-,-,0
Y60,R1D,SHROPSHIRE COMMUNITY HEALTH NHS TRUST,C_170,Cardiothoracic Surgery Service, -   , -   , -   ,-,-,0
Y60,R1D,SHROPSHIRE COMMUNITY HEALTH NHS TRUST,C_300,General Internal Medicine Service,1,1,100.00%,-,-,0
Y60,R1D,SHROPSHIRE COMMUNITY HEALTH NHS TRUST,C_301,Gastroenterology Service,6,6,100.00%,-,-,0
Y60,R1D,SHROPSHIRE COMMUNITY HEALTH NHS TRUST,C_320,Cardiology Service,15,14,93.30%,-,-,0
Y60,R1D,SHROPSHIRE COMMUNITY HEALTH NHS TRUST,C_330,Dermatology Service, -   , -   , -   ,-,-,0
Y60,R1D,SHROPSHIRE COMMUNITY HEALTH NHS TRUST,C_340,Respiratory Medicine Service,4,4,100.00%,-,-,0
Y60,R1D,SHROPSHIRE COMMUNITY HEALTH NHS TRUST,C_400,Neurology Service, -   , -   , -   ,-,-,0
Y60,R1D,SHROPSHIRE COMMUNITY HEALTH NHS TRUST,C_410,Rheumatology Service,18,18,100.00%,-,-,0
Y60,R1D,SHROPSHIRE COMMUNITY HEALTH NHS TRUST,C_430,Elderly Medicine Service, -   , -   , -   ,-,-,0
Y60,R1D,SHROPSHIRE COMMUNITY HEALTH NHS TRUST,C_502,Gynaecology Service,50,47,94.00%,5.4,13,0
Y60,R1D,SHROPSHIRE COMMUNITY HEALTH NHS TRUST,X02,Other - Medical Services, -   , -   , -   ,-,-,0
Y60,R1D,SHROPSHIRE COMMUNITY HEALTH NHS TRUST,X03,Other - Mental Health Services, -   , -   , -   ,-,-,0
Y60,R1D,SHROPSHIRE COMMUNITY HEALTH NHS TRUST,X04,Other - Paediatric Services,222,219,98.60%,3.4,10.5,0
Y60,R1D,SHROPSHIRE COMMUNITY HEALTH NHS TRUST,X05,Other - Surgical Services, -   , -   , -   ,-,-,0
Y60,R1D,SHROPSHIRE COMMUNITY HEALTH NHS TRUST,X06,Other - Other Services, -   , -   , -   ,-,-,0
Y60,RBK,WALSALL HEALTHCARE NHS TRUST,C_100,General Surgery Service,"1,349",614,45.50%,20.7,53.2,111
Y60,RBK,WALSALL HEALTHCARE NHS TRUST,C_101,Urology Service,"1,915","1,050",54.80%,16.1,46.1,86
Y60,RBK,WALSALL HEALTHCARE NHS TRUST,C_110,Trauma and Orthopaedic Service,"2,895","1,588",54.90%,15.5,44.6,142
Y60,RBK,WALSALL HEALTHCARE NHS TRUST,C_120,Ear Nose and Throat Service,"1,726","1,087",63.00%,11.3,42.9,63
Y60,RBK,WALSALL HEALTHCARE NHS TRUST,C_130,Ophthalmology Service,"1,108",789,71.20%,8.6,32,3
Y60,RBK,WALSALL HEALTHCARE NHS TRUST,C_140,Oral Surgery Service,"1,922","1,327",69.00%,12.2,32.3,12
Y60,RBK,WALSALL HEALTHCARE NHS TRUST,C_150,Neurosurgical Service, -   , -   , -   ,-,-,0
Y60,RBK,WALSALL HEALTHCARE NHS TRUST,C_160,Plastic Surgery Service,138,89,64.50%,13.7,31.6,0
Y60,RBK,WALSALL HEALTHCARE NHS TRUST,C_170,Cardiothoracic Surgery Service,18,14,77.80%,-,-,0
Y60,RBK,WALSALL HEALTHCARE NHS TRUST,C_300,General Internal Medicine Service, -   , -   , -   ,-,-,0
Y60,RBK,WALSALL HEALTHCARE NHS TRUST,C_301,Gastroenterology Service,"1,014",930,91.70%,4.7,18.4,0
Y60,RBK,WALSALL HEALTHCARE NHS TRUST,C_320,Cardiology Service,670,668,99.70%,3.1,11.1,0
Y60,RBK,WALSALL HEALTHCARE NHS TRUST,C_330,Dermatology Service,909,680,74.80%,11,30.9,0
Y60,RBK,WALSALL HEALTHCARE NHS TRUST,C_340,Respiratory Medicine Service,695,547,78.70%,10,25.6,0
Y60,RBK,WALSALL HEALTHCARE NHS TRUST,C_400,Neurology Service,619,520,84.00%,7.8,23,0
Y60,RBK,WALSALL HEALTHCARE NHS TRUST,C_410,Rheumatology Service,828,479,57.90%,14.9,34.5,0
Y60,RBK,WALSALL HEALTHCARE NHS TRUST,C_430,Elderly Medicine Service,114,111,97.40%,5.3,14,0
Y60,RBK,WALSALL HEALTHCARE NHS TRUST,C_502,Gynaecology Service,"1,505","1,241",82.50%,9.1,28.1,0
Y60,RBK,WALSALL HEALTHCARE NHS TRUST,X02,Other - Medical Services,"1,854","1,384",74.60%,8.4,33.5,17
Y60,RBK,WALSALL HEALTHCARE NHS TRUST,X03,Other - Mental Health Services,"1,018",974,95.70%,6.8,16.1,0
Y60,RBK,WALSALL HEALTHCARE NHS TRUST,X04,Other - Paediatric Services,"1,613","1,423",88.20%,4.5,24.2,11
Y60,RBK,WALSALL HEALTHCARE NHS TRUST,X05,Other - Surgical Services, -   , -   , -   ,-,-,0
Y60,RBK,WALSALL HEALTHCARE NHS TRUST,X06,Other - Other Services,50,49,98.00%,4.6,11,0
Y60,RFS,CHESTERFIELD ROYAL HOSPITAL NHS FOUNDATION TRUST,C_100,General Surgery Service,"1,078",567,52.60%,16.8,64.3,135
Y60,RFS,CHESTERFIELD ROYAL HOSPITAL NHS FOUNDATION TRUST,C_101,Urology Service,"1,082",914,84.50%,9.4,31.4,26
Y60,RFS,CHESTERFIELD ROYAL HOSPITAL NHS FOUNDATION TRUST,C_110,Trauma and Orthopaedic Service,"1,584",859,54.20%,15.5,62.9,174
Y60,RFS,CHESTERFIELD ROYAL HOSPITAL NHS FOUNDATION TRUST,C_120,Ear Nose and Throat Service,"1,647","1,093",66.40%,10.9,65.4,171
Y60,RFS,CHESTERFIELD ROYAL HOSPITAL NHS FOUNDATION TRUST,C_130,Ophthalmology Service,"2,104","1,211",57.60%,13.6,56.8,180
Y60,RFS,CHESTERFIELD ROYAL HOSPITAL NHS FOUNDATION TRUST,C_140,Oral Surgery Service,"1,157",740,64.00%,11.8,67.8,120
Y60,RFS,CHESTERFIELD ROYAL HOSPITAL NHS FOUNDATION TRUST,C_150,Neurosurgical Service, -   , -   , -   ,-,-,0
Y60,RFS,CHESTERFIELD ROYAL HOSPITAL NHS FOUNDATION TRUST,C_160,Plastic Surgery Service, -   , -   , -   ,-,-,0
Y60,RFS,CHESTERFIELD ROYAL HOSPITAL NHS FOUNDATION TRUST,C_170,Cardiothoracic Surgery Service, -   , -   , -   ,-,-,0
Y60,RFS,CHESTERFIELD ROYAL HOSPITAL NHS FOUNDATION TRUST,C_300,General Internal Medicine Service,245,182,74.30%,9.8,27.1,0
Y60,RFS,CHESTERFIELD ROYAL HOSPITAL NHS FOUNDATION TRUST,C_301,Gastroenterology Service,"1,366",973,71.20%,10.7,33,21
Y60,RFS,CHESTERFIELD ROYAL HOSPITAL NHS FOUNDATION TRUST,C_320,Cardiology Service,587,413,70.40%,9.2,31,3
Y60,RFS,CHESTERFIELD ROYAL HOSPITAL NHS FOUNDATION TRUST,C_330,Dermatology Service,"1,172","1,105",94.30%,6,15.7,21
Y60,RFS,CHESTERFIELD ROYAL HOSPITAL NHS FOUNDATION TRUST,C_340,Respiratory Medicine Service,426,345,81.00%,8.9,25.2,0
Y60,RFS,CHESTERFIELD ROYAL HOSPITAL NHS FOUNDATION TRUST,C_400,Neurology Service, -   , -   , -   ,-,-,0
Y60,RFS,CHESTERFIELD ROYAL HOSPITAL NHS FOUNDATION TRUST,C_410,Rheumatology Service,465,302,64.90%,10.8,32.9,3
Y60,RFS,CHESTERFIELD ROYAL HOSPITAL NHS FOUNDATION TRUST,C_430,Elderly Medicine Service, -   , -   , -   ,-,-,0
Y60,RFS,CHESTERFIELD ROYAL HOSPITAL NHS FOUNDATION TRUST,C_502,Gynaecology Service,"1,543","1,003",65.00%,10.8,59.3,137
Y60,RFS,CHESTERFIELD ROYAL HOSPITAL NHS FOUNDATION TRUST,X02,Other - Medical Services,885,711,80.30%,7.9,27.8,7
Y60,RFS,CHESTERFIELD ROYAL HOSPITAL NHS FOUNDATION TRUST,X03,Other - Mental Health Services, -   , -   , -   ,-,-,0
Y60,RFS,CHESTERFIELD ROYAL HOSPITAL NHS FOUNDATION TRUST,X04,Other - Paediatric Services,907,782,86.20%,5.7,25.5,30
Y60,RFS,CHESTERFIELD ROYAL HOSPITAL NHS FOUNDATION TRUST,X05,Other - Surgical Services,"1,741","1,233",70.80%,9.8,58.7,151
Y60,RFS,CHESTERFIELD ROYAL HOSPITAL NHS FOUNDATION TRUST,X06,Other - Other Services, -   , -   , -   ,-,-,0
Y60,RJC,SOUTH WARWICKSHIRE NHS FOUNDATION TRUST,C_100,General Surgery Service,837,531,63.40%,14.2,39.2,19
Y60,RJC,SOUTH WARWICKSHIRE NHS FOUNDATION TRUST,C_101,Urology Service,"1,879","1,021",54.30%,15.9,66.3,215
Y60,RJC,SOUTH WARWICKSHIRE NHS FOUNDATION TRUST,C_110,Trauma and Orthopaedic Service,"2,131","1,606",75.40%,9.5,30.1,5
Y60,RJC,SOUTH WARWICKSHIRE NHS FOUNDATION TRUST,C_120,Ear Nose and Throat Service,"1,188",942,79.30%,10.1,29.2,28
Y60,RJC,SOUTH WARWICKSHIRE NHS FOUNDATION TRUST,C_130,Ophthalmology Service,"2,078","1,492",71.80%,9.6,38.5,99
Y60,RJC,SOUTH WARWICKSHIRE NHS FOUNDATION TRUST,C_140,Oral Surgery Service,537,487,90.70%,7.2,19.1,3
Y60,RJC,SOUTH WARWICKSHIRE NHS FOUNDATION TRUST,C_150,Neurosurgical Service, -   , -   , -   ,-,-,0
Y60,RJC,SOUTH WARWICKSHIRE NHS FOUNDATION TRUST,C_160,Plastic Surgery Service,225,188,83.60%,6.6,25,3
Y60,RJC,SOUTH WARWICKSHIRE NHS FOUNDATION TRUST,C_170,Cardiothoracic Surgery Service, -   , -   , -   ,-,-,0
Y60,RJC,SOUTH WARWICKSHIRE NHS FOUNDATION TRUST,C_300,General Internal Medicine Service,325,178,54.80%,15.8,47,23
Y60,RJC,SOUTH WARWICKSHIRE NHS FOUNDATION TRUST,C_301,Gastroenterology Service,844,771,91.40%,6.9,19.1,2
Y60,RJC,SOUTH WARWICKSHIRE NHS FOUNDATION TRUST,C_320,Cardiology Service,647,609,94.10%,4.5,17.5,0
Y60,RJC,SOUTH WARWICKSHIRE NHS FOUNDATION TRUST,C_330,Dermatology Service,"1,267","1,238",97.70%,5.3,14.9,1
Y60,RJC,SOUTH WARWICKSHIRE NHS FOUNDATION TRUST,C_340,Respiratory Medicine Service,429,389,90.70%,7.2,18.9,1
Y60,RJC,SOUTH WARWICKSHIRE NHS FOUNDATION TRUST,C_400,Neurology Service, -   , -   , -   ,-,-,0
Y60,RJC,SOUTH WARWICKSHIRE NHS FOUNDATION TRUST,C_410,Rheumatology Service,642,518,80.70%,8.9,26.6,9
Y60,RJC,SOUTH WARWICKSHIRE NHS FOUNDATION TRUST,C_430,Elderly Medicine Service,163,160,98.20%,5.2,14,0
Y60,RJC,SOUTH WARWICKSHIRE NHS FOUNDATION TRUST,C_502,Gynaecology Service,"1,830","1,530",83.60%,8.9,25.2,8
Y60,RJC,SOUTH WARWICKSHIRE NHS FOUNDATION TRUST,X02,Other - Medical Services,"1,348","1,162",86.20%,6.8,24.3,10
Y60,RJC,SOUTH WARWICKSHIRE NHS FOUNDATION TRUST,X03,Other - Mental Health Services, -   , -   , -   ,-,-,0
Y60,RJC,SOUTH WARWICKSHIRE NHS FOUNDATION TRUST,X04,Other - Paediatric Services,411,342,83.20%,9.1,24.1,0
Y60,RJC,SOUTH WARWICKSHIRE NHS FOUNDATION TRUST,X05,Other - Surgical Services,"2,321","1,886",81.30%,8.6,40.3,134
Y60,RJC,SOUTH WARWICKSHIRE NHS FOUNDATION TRUST,X06,Other - Other Services,651,647,99.40%,2.7,8.9,0
Y60,RJE,UNIVERSITY HOSPITALS OF NORTH MIDLANDS NHS TRUST,C_100,General Surgery Service,"8,520","4,998",58.70%,13.7,63.9,811
Y60,RJE,UNIVERSITY HOSPITALS OF NORTH MIDLANDS NHS TRUST,C_101,Urology Service,"3,840","2,085",54.30%,16,48.9,261
Y60,RJE,UNIVERSITY HOSPITALS OF NORTH MIDLANDS NHS TRUST,C_110,Trauma and Orthopaedic Service,"8,902","3,511",39.40%,24.6,66.4,"1,023"
Y60,RJE,UNIVERSITY HOSPITALS OF NORTH MIDLANDS NHS TRUST,C_120,Ear Nose and Throat Service,"3,000","1,671",55.70%,15.4,69.5,414
Y60,RJE,UNIVERSITY HOSPITALS OF NORTH MIDLANDS NHS TRUST,C_130,Ophthalmology Service,"3,135","1,693",54.00%,16.4,43.1,156
Y60,RJE,UNIVERSITY HOSPITALS OF NORTH MIDLANDS NHS TRUST,C_140,Oral Surgery Service,"2,526","1,569",62.10%,12.1,77.5,427
Y60,RJE,UNIVERSITY HOSPITALS OF NORTH MIDLANDS NHS TRUST,C_150,Neurosurgical Service,610,343,56.20%,14.9,41.1,16
Y60,RJE,UNIVERSITY HOSPITALS OF NORTH MIDLANDS NHS TRUST,C_160,Plastic Surgery Service,"1,164",758,65.10%,9.2,66,131
Y60,RJE,UNIVERSITY HOSPITALS OF NORTH MIDLANDS NHS TRUST,C_170,Cardiothoracic Surgery Service,207,137,66.20%,8.3,32.5,1
Y60,RJE,UNIVERSITY HOSPITALS OF NORTH MIDLANDS NHS TRUST,C_300,General Internal Medicine Service, -   , -   , -   ,-,-,0
Y60,RJE,UNIVERSITY HOSPITALS OF NORTH MIDLANDS NHS TRUST,C_301,Gastroenterology Service,"5,383","3,356",62.30%,13.5,33.4,32
Y60,RJE,UNIVERSITY HOSPITALS OF NORTH MIDLANDS NHS TRUST,C_320,Cardiology Service,"2,360","1,920",81.40%,7.4,24.6,2
Y60,RJE,UNIVERSITY HOSPITALS OF NORTH MIDLANDS NHS TRUST,C_330,Dermatology Service,"1,859","1,328",71.40%,9.9,32.1,4
Y60,RJE,UNIVERSITY HOSPITALS OF NORTH MIDLANDS NHS TRUST,C_340,Respiratory Medicine Service,"2,808","2,038",72.60%,9.4,30.7,4
Y60,RJE,UNIVERSITY HOSPITALS OF NORTH MIDLANDS NHS TRUST,C_400,Neurology Service,"3,277","2,174",66.30%,12.3,30.3,0
Y60,RJE,UNIVERSITY HOSPITALS OF NORTH MIDLANDS NHS TRUST,C_410,Rheumatology Service,65,23,35.40%,44,81.8,29
Y60,RJE,UNIVERSITY HOSPITALS OF NORTH MIDLANDS NHS TRUST,C_430,Elderly Medicine Service,47,47,100.00%,5.2,15.1,0
Y60,RJE,UNIVERSITY HOSPITALS OF NORTH MIDLANDS NHS TRUST,C_502,Gynaecology Service,"3,151","2,173",69.00%,11.6,45,198
Y60,RJE,UNIVERSITY HOSPITALS OF NORTH MIDLANDS NHS TRUST,X02,Other - Medical Services,"7,962","6,309",79.20%,9,24.8,24
Y60,RJE,UNIVERSITY HOSPITALS OF NORTH MIDLANDS NHS TRUST,X03,Other - Mental Health Services, -   , -   , -   ,-,-,0
Y60,RJE,UNIVERSITY HOSPITALS OF NORTH MIDLANDS NHS TRUST,X04,Other - Paediatric Services,"2,302","1,712",74.40%,9,33.1,64
Y60,RJE,UNIVERSITY HOSPITALS OF NORTH MIDLANDS NHS TRUST,X05,Other - Surgical Services,13,11,84.60%,-,-,0
Y60,RJE,UNIVERSITY HOSPITALS OF NORTH MIDLANDS NHS TRUST,X06,Other - Other Services,371,316,85.20%,8.7,26.2,3
Y60,RK5,SHERWOOD FOREST HOSPITALS NHS FOUNDATION TRUST,C_100,General Surgery Service,"3,655","2,525",69.10%,9.8,40.4,149
Y60,RK5,SHERWOOD FOREST HOSPITALS NHS FOUNDATION TRUST,C_101,Urology Service,"1,927","1,454",75.50%,8.7,35.8,58
Y60,RK5,SHERWOOD FOREST HOSPITALS NHS FOUNDATION TRUST,C_110,Trauma and Orthopaedic Service,"2,712","1,599",59.00%,13.6,62.9,316
Y60,RK5,SHERWOOD FOREST HOSPITALS NHS FOUNDATION TRUST,C_120,Ear Nose and Throat Service,"5,385","2,424",45.00%,20.5,51.2,391
Y60,RK5,SHERWOOD FOREST HOSPITALS NHS FOUNDATION TRUST,C_130,Ophthalmology Service,"6,157","3,534",57.40%,14.7,45.5,271
Y60,RK5,SHERWOOD FOREST HOSPITALS NHS FOUNDATION TRUST,C_140,Oral Surgery Service,879,316,35.90%,24.6,48.6,58
Y60,RK5,SHERWOOD FOREST HOSPITALS NHS FOUNDATION TRUST,C_150,Neurosurgical Service, -   , -   , -   ,-,-,0
Y60,RK5,SHERWOOD FOREST HOSPITALS NHS FOUNDATION TRUST,C_160,Plastic Surgery Service,123,101,82.10%,7.5,28.1,0
Y60,RK5,SHERWOOD FOREST HOSPITALS NHS FOUNDATION TRUST,C_170,Cardiothoracic Surgery Service, -   , -   , -   ,-,-,0
Y60,RK5,SHERWOOD FOREST HOSPITALS NHS FOUNDATION TRUST,C_300,General Internal Medicine Service, -   , -   , -   ,-,-,0
Y60,RK5,SHERWOOD FOREST HOSPITALS NHS FOUNDATION TRUST,C_301,Gastroenterology Service,"2,823","2,264",80.20%,8.8,27,4
Y60,RK5,SHERWOOD FOREST HOSPITALS NHS FOUNDATION TRUST,C_320,Cardiology Service,"2,180","1,256",57.60%,15.1,38,45
Y60,RK5,SHERWOOD FOREST HOSPITALS NHS FOUNDATION TRUST,C_330,Dermatology Service,"1,337","1,125",84.10%,5.9,25,0
Y60,RK5,SHERWOOD FOREST HOSPITALS NHS FOUNDATION TRUST,C_340,Respiratory Medicine Service,"1,531","1,051",68.60%,10.5,32.9,13
Y60,RK5,SHERWOOD FOREST HOSPITALS NHS FOUNDATION TRUST,C_400,Neurology Service, -   , -   , -   ,-,-,0
Y60,RK5,SHERWOOD FOREST HOSPITALS NHS FOUNDATION TRUST,C_410,Rheumatology Service,"1,539","1,093",71.00%,11.3,30.1,2
Y60,RK5,SHERWOOD FOREST HOSPITALS NHS FOUNDATION TRUST,C_430,Elderly Medicine Service,577,525,91.00%,3.4,19.2,2
Y60,RK5,SHERWOOD FOREST HOSPITALS NHS FOUNDATION TRUST,C_502,Gynaecology Service,"2,149","1,661",77.30%,7.7,32.8,27
Y60,RK5,SHERWOOD FOREST HOSPITALS NHS FOUNDATION TRUST,X02,Other - Medical Services,"1,725","1,451",84.10%,8.7,21.1,0
Y60,RK5,SHERWOOD FOREST HOSPITALS NHS FOUNDATION TRUST,X03,Other - Mental Health Services, -   , -   , -   ,-,-,0
Y60,RK5,SHERWOOD FOREST HOSPITALS NHS FOUNDATION TRUST,X04,Other - Paediatric Services,"2,556","2,250",88.00%,7.2,20.4,4
Y60,RK5,SHERWOOD FOREST HOSPITALS NHS FOUNDATION TRUST,X05,Other - Surgical Services,103,103,100.00%,2.3,7.8,0
Y60,RK5,SHERWOOD FOREST HOSPITALS NHS FOUNDATION TRUST,X06,Other - Other Services, -   , -   , -   ,-,-,0
Y60,RKB,UNIVERSITY HOSPITALS COVENTRY AND WARWICKSHIRE NHS TRUST,C_100,General Surgery Service,"5,114",,,17.3,,875
Y60,RKB,UNIVERSITY HOSPITALS COVENTRY AND WARWICKSHIRE NHS TRUST,C_101,Urology Service,"3,532",,,23.9,,599
Y60,RKB,UNIVERSITY HOSPITALS COVENTRY AND WARWICKSHIRE NHS TRUST,C_110,Trauma and Orthopaedic Service,"5,717",,,19.3,,554
Y60,RKB,UNIVERSITY HOSPITALS COVENTRY AND WARWICKSHIRE NHS TRUST,C_120,Ear Nose and Throat Service,"5,111",,,20.9,,412
Y60,RKB,UNIVERSITY HOSPITALS COVENTRY AND WARWICKSHIRE NHS TRUST,C_130,Ophthalmology Service,"4,293",,,12.4,,302
Y60,RKB,UNIVERSITY HOSPITALS COVENTRY AND WARWICKSHIRE NHS TRUST,C_140,Oral Surgery Service,"2,225",,,10,,181
Y60,RKB,UNIVERSITY HOSPITALS COVENTRY AND WARWICKSHIRE NHS TRUST,C_150,Neurosurgical Service,"2,104",,,16,,136
Y60,RKB,UNIVERSITY HOSPITALS COVENTRY AND WARWICKSHIRE NHS TRUST,C_160,Plastic Surgery Service,644,,,23.6,,144
Y60,RKB,UNIVERSITY HOSPITALS COVENTRY AND WARWICKSHIRE NHS TRUST,C_170,Cardiothoracic Surgery Service,229,,,10.5,,11
Y60,RKB,UNIVERSITY HOSPITALS COVENTRY AND WARWICKSHIRE NHS TRUST,C_300,General Internal Medicine Service,288,,,6.3,,0
Y60,RKB,UNIVERSITY HOSPITALS COVENTRY AND WARWICKSHIRE NHS TRUST,C_301,Gastroenterology Service,"1,586",,,6,,12
Y60,RKB,UNIVERSITY HOSPITALS COVENTRY AND WARWICKSHIRE NHS TRUST,C_320,Cardiology Service,"1,474",,,7.7,,3
Y60,RKB,UNIVERSITY HOSPITALS COVENTRY AND WARWICKSHIRE NHS TRUST,C_330,Dermatology Service,"6,093",,,20.6,,202
Y60,RKB,UNIVERSITY HOSPITALS COVENTRY AND WARWICKSHIRE NHS TRUST,C_340,Respiratory Medicine Service,951,,,9.2,,1
Y60,RKB,UNIVERSITY HOSPITALS COVENTRY AND WARWICKSHIRE NHS TRUST,C_400,Neurology Service,"2,648",,,9.9,,18
Y60,RKB,UNIVERSITY HOSPITALS COVENTRY AND WARWICKSHIRE NHS TRUST,C_410,Rheumatology Service,526,,,5.5,,3
Y60,RKB,UNIVERSITY HOSPITALS COVENTRY AND WARWICKSHIRE NHS TRUST,C_430,Elderly Medicine Service,31,,,2,,0
Y60,RKB,UNIVERSITY HOSPITALS COVENTRY AND WARWICKSHIRE NHS TRUST,C_502,Gynaecology Service,"4,574",,,18.9,,402
Y60,RKB,UNIVERSITY HOSPITALS COVENTRY AND WARWICKSHIRE NHS TRUST,X02,Other - Medical Services,"3,975",,,10.9,,179
Y60,RKB,UNIVERSITY HOSPITALS COVENTRY AND WARWICKSHIRE NHS TRUST,X03,Other - Mental Health Services, -   ,,,-,,0
Y60,RKB,UNIVERSITY HOSPITALS COVENTRY AND WARWICKSHIRE NHS TRUST,X04,Other - Paediatric Services,666,,,7.8,,16
Y60,RKB,UNIVERSITY HOSPITALS COVENTRY AND WARWICKSHIRE NHS TRUST,X05,Other - Surgical Services, -   ,,,-,,0
Y60,RKB,UNIVERSITY HOSPITALS COVENTRY AND WARWICKSHIRE NHS TRUST,X06,Other - Other Services,159,,,4.3,,1
Y60,RL1,THE ROBERT JONES AND AGNES HUNT ORTHOPAEDIC HOSPITAL NHS FOUNDATION TRUST,C_100,General Surgery Service, -   , -   , -   ,-,-,0
Y60,RL1,THE ROBERT JONES AND AGNES HUNT ORTHOPAEDIC HOSPITAL NHS FOUNDATION TRUST,C_101,Urology Service, -   , -   , -   ,-,-,0
Y60,RL1,THE ROBERT JONES AND AGNES HUNT ORTHOPAEDIC HOSPITAL NHS FOUNDATION TRUST,C_110,Trauma and Orthopaedic Service,"9,735","5,020",51.60%,17.1,67.2,"1,442"
Y60,RL1,THE ROBERT JONES AND AGNES HUNT ORTHOPAEDIC HOSPITAL NHS FOUNDATION TRUST,C_120,Ear Nose and Throat Service, -   , -   , -   ,-,-,0
Y60,RL1,THE ROBERT JONES AND AGNES HUNT ORTHOPAEDIC HOSPITAL NHS FOUNDATION TRUST,C_130,Ophthalmology Service, -   , -   , -   ,-,-,0
Y60,RL1,THE ROBERT JONES AND AGNES HUNT ORTHOPAEDIC HOSPITAL NHS FOUNDATION TRUST,C_140,Oral Surgery Service, -   , -   , -   ,-,-,0
Y60,RL1,THE ROBERT JONES AND AGNES HUNT ORTHOPAEDIC HOSPITAL NHS FOUNDATION TRUST,C_150,Neurosurgical Service, -   , -   , -   ,-,-,0
Y60,RL1,THE ROBERT JONES AND AGNES HUNT ORTHOPAEDIC HOSPITAL NHS FOUNDATION TRUST,C_160,Plastic Surgery Service, -   , -   , -   ,-,-,0
Y60,RL1,THE ROBERT JONES AND AGNES HUNT ORTHOPAEDIC HOSPITAL NHS FOUNDATION TRUST,C_170,Cardiothoracic Surgery Service, -   , -   , -   ,-,-,0
Y60,RL1,THE ROBERT JONES AND AGNES HUNT ORTHOPAEDIC HOSPITAL NHS FOUNDATION TRUST,C_300,General Internal Medicine Service,"1,951","1,521",78.00%,9.6,24.5,3
Y60,RL1,THE ROBERT JONES AND AGNES HUNT ORTHOPAEDIC HOSPITAL NHS FOUNDATION TRUST,C_301,Gastroenterology Service, -   , -   , -   ,-,-,0
Y60,RL1,THE ROBERT JONES AND AGNES HUNT ORTHOPAEDIC HOSPITAL NHS FOUNDATION TRUST,C_320,Cardiology Service, -   , -   , -   ,-,-,0
Y60,RL1,THE ROBERT JONES AND AGNES HUNT ORTHOPAEDIC HOSPITAL NHS FOUNDATION TRUST,C_330,Dermatology Service, -   , -   , -   ,-,-,0
Y60,RL1,THE ROBERT JONES AND AGNES HUNT ORTHOPAEDIC HOSPITAL NHS FOUNDATION TRUST,C_340,Respiratory Medicine Service, -   , -   , -   ,-,-,0
Y60,RL1,THE ROBERT JONES AND AGNES HUNT ORTHOPAEDIC HOSPITAL NHS FOUNDATION TRUST,C_400,Neurology Service,200,81,40.50%,30.7,60.8,42
Y60,RL1,THE ROBERT JONES AND AGNES HUNT ORTHOPAEDIC HOSPITAL NHS FOUNDATION TRUST,C_410,Rheumatology Service,455,436,95.80%,6,14.1,0
Y60,RL1,THE ROBERT JONES AND AGNES HUNT ORTHOPAEDIC HOSPITAL NHS FOUNDATION TRUST,C_430,Elderly Medicine Service,13,13,100.00%,-,-,0
Y60,RL1,THE ROBERT JONES AND AGNES HUNT ORTHOPAEDIC HOSPITAL NHS FOUNDATION TRUST,C_502,Gynaecology Service, -   , -   , -   ,-,-,0
Y60,RL1,THE ROBERT JONES AND AGNES HUNT ORTHOPAEDIC HOSPITAL NHS FOUNDATION TRUST,X02,Other - Medical Services,63,62,98.40%,2.9,13,0
Y60,RL1,THE ROBERT JONES AND AGNES HUNT ORTHOPAEDIC HOSPITAL NHS FOUNDATION TRUST,X03,Other - Mental Health Services, -   , -   , -   ,-,-,0
Y60,RL1,THE ROBERT JONES AND AGNES HUNT ORTHOPAEDIC HOSPITAL NHS FOUNDATION TRUST,X04,Other - Paediatric Services, -   , -   , -   ,-,-,0
Y60,RL1,THE ROBERT JONES AND AGNES HUNT ORTHOPAEDIC HOSPITAL NHS FOUNDATION TRUST,X05,Other - Surgical Services, -   , -   , -   ,-,-,0
Y60,RL1,THE ROBERT JONES AND AGNES HUNT ORTHOPAEDIC HOSPITAL NHS FOUNDATION TRUST,X06,Other - Other Services,4,4,100.00%,-,-,0
Y60,RL4,THE ROYAL WOLVERHAMPTON NHS TRUST,C_100,General Surgery Service,"5,407","3,154",58.30%,13.1,49,398
Y60,RL4,THE ROYAL WOLVERHAMPTON NHS TRUST,C_101,Urology Service,"4,051","1,992",49.20%,18.6,65.6,481
Y60,RL4,THE ROYAL WOLVERHAMPTON NHS TRUST,C_110,Trauma and Orthopaedic Service,"5,204","3,484",66.90%,10.8,35.4,109
Y60,RL4,THE ROYAL WOLVERHAMPTON NHS TRUST,C_120,Ear Nose and Throat Service,"3,622","2,547",70.30%,11,38.3,120
Y60,RL4,THE ROYAL WOLVERHAMPTON NHS TRUST,C_130,Ophthalmology Service,"5,902","4,911",83.20%,8.2,25.6,12
Y60,RL4,THE ROYAL WOLVERHAMPTON NHS TRUST,C_140,Oral Surgery Service,"3,573","1,692",47.40%,19.1,47.5,257
Y60,RL4,THE ROYAL WOLVERHAMPTON NHS TRUST,C_150,Neurosurgical Service, -   , -   , -   ,-,-,0
Y60,RL4,THE ROYAL WOLVERHAMPTON NHS TRUST,C_160,Plastic Surgery Service,185,92,49.70%,20.5,62.2,18
Y60,RL4,THE ROYAL WOLVERHAMPTON NHS TRUST,C_170,Cardiothoracic Surgery Service,346,251,72.50%,7.4,41.4,16
Y60,RL4,THE ROYAL WOLVERHAMPTON NHS TRUST,C_300,General Internal Medicine Service,200,190,95.00%,3.5,12,2
Y60,RL4,THE ROYAL WOLVERHAMPTON NHS TRUST,C_301,Gastroenterology Service,"1,894","1,570",82.90%,7.5,25.1,2
Y60,RL4,THE ROYAL WOLVERHAMPTON NHS TRUST,C_320,Cardiology Service,"3,620","2,617",72.30%,9.7,35,59
Y60,RL4,THE ROYAL WOLVERHAMPTON NHS TRUST,C_330,Dermatology Service,786,768,97.70%,3.8,11.4,1
Y60,RL4,THE ROYAL WOLVERHAMPTON NHS TRUST,C_340,Respiratory Medicine Service,953,863,90.60%,6.4,19.4,0
Y60,RL4,THE ROYAL WOLVERHAMPTON NHS TRUST,C_400,Neurology Service,"1,846","1,715",92.90%,5.6,16.6,0
Y60,RL4,THE ROYAL WOLVERHAMPTON NHS TRUST,C_410,Rheumatology Service,"1,384","1,320",95.40%,6.7,16.4,0
Y60,RL4,THE ROYAL WOLVERHAMPTON NHS TRUST,C_430,Elderly Medicine Service,150,139,92.70%,7.9,17,0
Y60,RL4,THE ROYAL WOLVERHAMPTON NHS TRUST,C_502,Gynaecology Service,"4,280","2,327",54.40%,15.3,38.3,193
Y60,RL4,THE ROYAL WOLVERHAMPTON NHS TRUST,X02,Other - Medical Services,"1,818","1,515",83.30%,5.9,27.2,16
Y60,RL4,THE ROYAL WOLVERHAMPTON NHS TRUST,X03,Other - Mental Health Services, -   , -   , -   ,-,-,0
Y60,RL4,THE ROYAL WOLVERHAMPTON NHS TRUST,X04,Other - Paediatric Services,"2,718","2,225",81.90%,7.6,26.4,16
Y60,RL4,THE ROYAL WOLVERHAMPTON NHS TRUST,X05,Other - Surgical Services,279,174,62.40%,13.7,70.3,54
Y60,RL4,THE ROYAL WOLVERHAMPTON NHS TRUST,X06,Other - Other Services,60,57,95.00%,1.3,6.6,1
Y60,RLQ,WYE VALLEY NHS TRUST,C_100,General Surgery Service,821,341,41.50%,23.6,67.6,101
Y60,RLQ,WYE VALLEY NHS TRUST,C_101,Urology Service,"1,130",660,58.40%,14.9,62.2,117
Y60,RLQ,WYE VALLEY NHS TRUST,C_110,Trauma and Orthopaedic Service,"2,140",959,44.80%,23,75.9,479
Y60,RLQ,WYE VALLEY NHS TRUST,C_120,Ear Nose and Throat Service,"1,018",578,56.80%,13.9,65.7,126
Y60,RLQ,WYE VALLEY NHS TRUST,C_130,Ophthalmology Service,"2,647","1,634",61.70%,12.2,37,43
Y60,RLQ,WYE VALLEY NHS TRUST,C_140,Oral Surgery Service,387,269,69.50%,10.3,67.4,46
Y60,RLQ,WYE VALLEY NHS TRUST,C_150,Neurosurgical Service, -   , -   , -   ,-,-,0
Y60,RLQ,WYE VALLEY NHS TRUST,C_160,Plastic Surgery Service,126,97,77.00%,5.9,45.5,8
Y60,RLQ,WYE VALLEY NHS TRUST,C_170,Cardiothoracic Surgery Service,25,20,80.00%,10.3,45,1
Y60,RLQ,WYE VALLEY NHS TRUST,C_300,General Internal Medicine Service,39,22,56.40%,16.5,62.9,5
Y60,RLQ,WYE VALLEY NHS TRUST,C_301,Gastroenterology Service,"1,069",687,64.30%,12.4,37.2,23
Y60,RLQ,WYE VALLEY NHS TRUST,C_320,Cardiology Service,804,533,66.30%,13,41.5,30
Y60,RLQ,WYE VALLEY NHS TRUST,C_330,Dermatology Service,571,481,84.20%,6.6,27.7,10
Y60,RLQ,WYE VALLEY NHS TRUST,C_340,Respiratory Medicine Service,920,447,48.60%,19,71.3,202
Y60,RLQ,WYE VALLEY NHS TRUST,C_400,Neurology Service,296,190,64.20%,13.9,30.7,3
Y60,RLQ,WYE VALLEY NHS TRUST,C_410,Rheumatology Service,350,247,70.60%,10.7,27.5,0
Y60,RLQ,WYE VALLEY NHS TRUST,C_430,Elderly Medicine Service,68,63,92.60%,4.9,17.8,1
Y60,RLQ,WYE VALLEY NHS TRUST,C_502,Gynaecology Service,"1,114",765,68.70%,10.8,63.6,106
Y60,RLQ,WYE VALLEY NHS TRUST,X02,Other - Medical Services,674,618,91.70%,4.7,18.7,11
Y60,RLQ,WYE VALLEY NHS TRUST,X03,Other - Mental Health Services, -   , -   , -   ,-,-,0
Y60,RLQ,WYE VALLEY NHS TRUST,X04,Other - Paediatric Services,350,295,84.30%,7.1,28.7,6
Y60,RLQ,WYE VALLEY NHS TRUST,X05,Other - Surgical Services,"1,527",952,62.30%,11.8,64.4,160
Y60,RLQ,WYE VALLEY NHS TRUST,X06,Other - Other Services,2,1,50.00%,-,-,0
Y60,RLT,GEORGE ELIOT HOSPITAL NHS TRUST,C_100,General Surgery Service,"1,794",958,53.40%,15.9,63.6,179
Y60,RLT,GEORGE ELIOT HOSPITAL NHS TRUST,C_101,Urology Service,989,610,61.70%,12.4,44.6,47
Y60,RLT,GEORGE ELIOT HOSPITAL NHS TRUST,C_110,Trauma and Orthopaedic Service,"1,502",790,52.60%,16.1,50.2,114
Y60,RLT,GEORGE ELIOT HOSPITAL NHS TRUST,C_120,Ear Nose and Throat Service,"1,176",498,42.30%,23,66.2,184
Y60,RLT,GEORGE ELIOT HOSPITAL NHS TRUST,C_130,Ophthalmology Service,907,565,62.30%,12.2,44.7,40
Y60,RLT,GEORGE ELIOT HOSPITAL NHS TRUST,C_140,Oral Surgery Service,477,295,61.80%,10.1,70.6,95
Y60,RLT,GEORGE ELIOT HOSPITAL NHS TRUST,C_150,Neurosurgical Service, -   , -   , -   ,-,-,0
Y60,RLT,GEORGE ELIOT HOSPITAL NHS TRUST,C_160,Plastic Surgery Service,184,138,75.00%,5.6,37.3,10
Y60,RLT,GEORGE ELIOT HOSPITAL NHS TRUST,C_170,Cardiothoracic Surgery Service, -   , -   , -   ,-,-,0
Y60,RLT,GEORGE ELIOT HOSPITAL NHS TRUST,C_300,General Internal Medicine Service,439,400,91.10%,7.3,18.6,4
Y60,RLT,GEORGE ELIOT HOSPITAL NHS TRUST,C_301,Gastroenterology Service,349,338,96.80%,4.2,11.9,0
Y60,RLT,GEORGE ELIOT HOSPITAL NHS TRUST,C_320,Cardiology Service,487,439,90.10%,7.1,19.5,2
Y60,RLT,GEORGE ELIOT HOSPITAL NHS TRUST,C_330,Dermatology Service, -   , -   , -   ,-,-,0
Y60,RLT,GEORGE ELIOT HOSPITAL NHS TRUST,C_340,Respiratory Medicine Service,330,299,90.60%,8.5,18.6,1
Y60,RLT,GEORGE ELIOT HOSPITAL NHS TRUST,C_400,Neurology Service,1,1,100.00%,-,-,0
Y60,RLT,GEORGE ELIOT HOSPITAL NHS TRUST,C_410,Rheumatology Service,245,239,97.60%,4.5,13.9,0
Y60,RLT,GEORGE ELIOT HOSPITAL NHS TRUST,C_430,Elderly Medicine Service, -   , -   , -   ,-,-,0
Y60,RLT,GEORGE ELIOT HOSPITAL NHS TRUST,C_502,Gynaecology Service,"1,127",762,67.60%,9.9,42.3,72
Y60,RLT,GEORGE ELIOT HOSPITAL NHS TRUST,X02,Other - Medical Services,478,469,98.10%,4.7,14.2,0
Y60,RLT,GEORGE ELIOT HOSPITAL NHS TRUST,X03,Other - Mental Health Services, -   , -   , -   ,-,-,0
Y60,RLT,GEORGE ELIOT HOSPITAL NHS TRUST,X04,Other - Paediatric Services,717,492,68.60%,11.7,31.4,10
Y60,RLT,GEORGE ELIOT HOSPITAL NHS TRUST,X05,Other - Surgical Services,585,391,66.80%,8.8,61.6,57
Y60,RLT,GEORGE ELIOT HOSPITAL NHS TRUST,X06,Other - Other Services,404,261,64.60%,8.5,40.2,23
Y60,RNA,THE DUDLEY GROUP NHS FOUNDATION TRUST,C_100,General Surgery Service,"2,055","1,159",56.40%,15.5,43.3,36
Y60,RNA,THE DUDLEY GROUP NHS FOUNDATION TRUST,C_101,Urology Service,"1,696","1,173",69.20%,10.7,42.4,55
Y60,RNA,THE DUDLEY GROUP NHS FOUNDATION TRUST,C_110,Trauma and Orthopaedic Service,"2,832","1,667",58.90%,12.8,36.6,4
Y60,RNA,THE DUDLEY GROUP NHS FOUNDATION TRUST,C_120,Ear Nose and Throat Service,"1,602","1,299",81.10%,6.7,33,12
Y60,RNA,THE DUDLEY GROUP NHS FOUNDATION TRUST,C_130,Ophthalmology Service,"1,526","1,242",81.40%,5.6,30.8,11
Y60,RNA,THE DUDLEY GROUP NHS FOUNDATION TRUST,C_140,Oral Surgery Service,763,567,74.30%,10.1,33.6,9
Y60,RNA,THE DUDLEY GROUP NHS FOUNDATION TRUST,C_150,Neurosurgical Service, -   , -   , -   ,-,-,0
Y60,RNA,THE DUDLEY GROUP NHS FOUNDATION TRUST,C_160,Plastic Surgery Service,"1,022",791,77.40%,6.1,34.5,17
Y60,RNA,THE DUDLEY GROUP NHS FOUNDATION TRUST,C_170,Cardiothoracic Surgery Service, -   , -   , -   ,-,-,0
Y60,RNA,THE DUDLEY GROUP NHS FOUNDATION TRUST,C_300,General Internal Medicine Service,5,4,80.00%,-,-,0
Y60,RNA,THE DUDLEY GROUP NHS FOUNDATION TRUST,C_301,Gastroenterology Service,"2,378","2,086",87.70%,9.1,21.5,0
Y60,RNA,THE DUDLEY GROUP NHS FOUNDATION TRUST,C_320,Cardiology Service,905,846,93.50%,6.5,17.4,0
Y60,RNA,THE DUDLEY GROUP NHS FOUNDATION TRUST,C_330,Dermatology Service,863,844,97.80%,4.8,13.1,0
Y60,RNA,THE DUDLEY GROUP NHS FOUNDATION TRUST,C_340,Respiratory Medicine Service,408,377,92.40%,5.3,17.6,0
Y60,RNA,THE DUDLEY GROUP NHS FOUNDATION TRUST,C_400,Neurology Service,568,519,91.40%,6.8,18.7,0
Y60,RNA,THE DUDLEY GROUP NHS FOUNDATION TRUST,C_410,Rheumatology Service,678,600,88.50%,7.4,23.9,0
Y60,RNA,THE DUDLEY GROUP NHS FOUNDATION TRUST,C_430,Elderly Medicine Service,118,112,94.90%,4.5,15.4,0
Y60,RNA,THE DUDLEY GROUP NHS FOUNDATION TRUST,C_502,Gynaecology Service,"2,132","1,720",80.70%,8.4,31.6,7
Y60,RNA,THE DUDLEY GROUP NHS FOUNDATION TRUST,X02,Other - Medical Services,"2,072","1,719",83.00%,7.4,29.7,5
Y60,RNA,THE DUDLEY GROUP NHS FOUNDATION TRUST,X03,Other - Mental Health Services, -   , -   , -   ,-,-,0
Y60,RNA,THE DUDLEY GROUP NHS FOUNDATION TRUST,X04,Other - Paediatric Services,"1,100",957,87.00%,7.4,22.8,7
Y60,RNA,THE DUDLEY GROUP NHS FOUNDATION TRUST,X05,Other - Surgical Services,"1,653","1,356",82.00%,7.5,31.3,34
Y60,RNA,THE DUDLEY GROUP NHS FOUNDATION TRUST,X06,Other - Other Services,427,404,94.60%,6.6,16.5,0
Y60,RNQ,KETTERING GENERAL HOSPITAL NHS FOUNDATION TRUST,C_100,General Surgery Service,"1,249",829,66.40%,12.3,32.3,0
Y60,RNQ,KETTERING GENERAL HOSPITAL NHS FOUNDATION TRUST,C_101,Urology Service,962,755,78.50%,8,27.8,0
Y60,RNQ,KETTERING GENERAL HOSPITAL NHS FOUNDATION TRUST,C_110,Trauma and Orthopaedic Service,"1,748","1,247",71.30%,10.6,30.3,0
Y60,RNQ,KETTERING GENERAL HOSPITAL NHS FOUNDATION TRUST,C_120,Ear Nose and Throat Service,"1,180",854,72.40%,12.6,30,0
Y60,RNQ,KETTERING GENERAL HOSPITAL NHS FOUNDATION TRUST,C_130,Ophthalmology Service,"2,190","1,578",72.10%,11.8,28.7,0
Y60,RNQ,KETTERING GENERAL HOSPITAL NHS FOUNDATION TRUST,C_140,Oral Surgery Service,"1,219",881,72.30%,11.6,28,0
Y60,RNQ,KETTERING GENERAL HOSPITAL NHS FOUNDATION TRUST,C_150,Neurosurgical Service, -   , -   , -   ,-,-,0
Y60,RNQ,KETTERING GENERAL HOSPITAL NHS FOUNDATION TRUST,C_160,Plastic Surgery Service,82,65,79.30%,12.6,30.4,1
Y60,RNQ,KETTERING GENERAL HOSPITAL NHS FOUNDATION TRUST,C_170,Cardiothoracic Surgery Service, -   , -   , -   ,-,-,0
Y60,RNQ,KETTERING GENERAL HOSPITAL NHS FOUNDATION TRUST,C_300,General Internal Medicine Service, -   , -   , -   ,-,-,0
Y60,RNQ,KETTERING GENERAL HOSPITAL NHS FOUNDATION TRUST,C_301,Gastroenterology Service,"1,461","1,197",81.90%,10.1,25.8,0
Y60,RNQ,KETTERING GENERAL HOSPITAL NHS FOUNDATION TRUST,C_320,Cardiology Service,"1,611","1,352",83.90%,8.6,22.9,0
Y60,RNQ,KETTERING GENERAL HOSPITAL NHS FOUNDATION TRUST,C_330,Dermatology Service,"1,050",886,84.40%,7.7,23.9,0
Y60,RNQ,KETTERING GENERAL HOSPITAL NHS FOUNDATION TRUST,C_340,Respiratory Medicine Service,753,647,85.90%,7.1,24.1,0
Y60,RNQ,KETTERING GENERAL HOSPITAL NHS FOUNDATION TRUST,C_400,Neurology Service,414,378,91.30%,7.9,18.5,0
Y60,RNQ,KETTERING GENERAL HOSPITAL NHS FOUNDATION TRUST,C_410,Rheumatology Service,812,503,61.90%,15.6,31.1,0
Y60,RNQ,KETTERING GENERAL HOSPITAL NHS FOUNDATION TRUST,C_430,Elderly Medicine Service,49,44,89.80%,9.6,26.1,0
Y60,RNQ,KETTERING GENERAL HOSPITAL NHS FOUNDATION TRUST,C_502,Gynaecology Service,"1,250","1,082",86.60%,6.8,22.9,0
Y60,RNQ,KETTERING GENERAL HOSPITAL NHS FOUNDATION TRUST,X02,Other - Medical Services,"1,997","1,512",75.70%,9.3,29.3,0
Y60,RNQ,KETTERING GENERAL HOSPITAL NHS FOUNDATION TRUST,X03,Other - Mental Health Services, -   , -   , -   ,-,-,0
Y60,RNQ,KETTERING GENERAL HOSPITAL NHS FOUNDATION TRUST,X04,Other - Paediatric Services,322,216,67.10%,11.8,28.8,1
Y60,RNQ,KETTERING GENERAL HOSPITAL NHS FOUNDATION TRUST,X05,Other - Surgical Services,"1,194","1,079",90.40%,5.9,20.1,0
Y60,RNQ,KETTERING GENERAL HOSPITAL NHS FOUNDATION TRUST,X06,Other - Other Services,46,41,89.10%,7.8,26.1,0
Y60,RNS,NORTHAMPTON GENERAL HOSPITAL NHS TRUST,C_100,General Surgery Service,"1,766",,,10.1,,21
Y60,RNS,NORTHAMPTON GENERAL HOSPITAL NHS TRUST,C_101,Urology Service,791,,,9.7,,17
Y60,RNS,NORTHAMPTON GENERAL HOSPITAL NHS TRUST,C_110,Trauma and Orthopaedic Service,"1,520",,,15.2,,146
Y60,RNS,NORTHAMPTON GENERAL HOSPITAL NHS TRUST,C_120,Ear Nose and Throat Service,"1,143",,,7.4,,14
Y60,RNS,NORTHAMPTON GENERAL HOSPITAL NHS TRUST,C_130,Ophthalmology Service,"2,105",,,6.3,,4
Y60,RNS,NORTHAMPTON GENERAL HOSPITAL NHS TRUST,C_140,Oral Surgery Service,"1,489",,,11.4,,38
Y60,RNS,NORTHAMPTON GENERAL HOSPITAL NHS TRUST,C_150,Neurosurgical Service,52,,,6.3,,0
Y60,RNS,NORTHAMPTON GENERAL HOSPITAL NHS TRUST,C_160,Plastic Surgery Service,145,,,5.8,,3
Y60,RNS,NORTHAMPTON GENERAL HOSPITAL NHS TRUST,C_170,Cardiothoracic Surgery Service,23,,,4.5,,0
Y60,RNS,NORTHAMPTON GENERAL HOSPITAL NHS TRUST,C_300,General Internal Medicine Service,509,,,5.7,,0
Y60,RNS,NORTHAMPTON GENERAL HOSPITAL NHS TRUST,C_301,Gastroenterology Service,"2,191",,,9,,12
Y60,RNS,NORTHAMPTON GENERAL HOSPITAL NHS TRUST,C_320,Cardiology Service,"2,190",,,11.2,,27
Y60,RNS,NORTHAMPTON GENERAL HOSPITAL NHS TRUST,C_330,Dermatology Service,"1,380",,,5.1,,0
Y60,RNS,NORTHAMPTON GENERAL HOSPITAL NHS TRUST,C_340,Respiratory Medicine Service,647,,,7,,3
Y60,RNS,NORTHAMPTON GENERAL HOSPITAL NHS TRUST,C_400,Neurology Service,654,,,6,,0
Y60,RNS,NORTHAMPTON GENERAL HOSPITAL NHS TRUST,C_410,Rheumatology Service,590,,,6.4,,0
Y60,RNS,NORTHAMPTON GENERAL HOSPITAL NHS TRUST,C_430,Elderly Medicine Service,84,,,5.8,,0
Y60,RNS,NORTHAMPTON GENERAL HOSPITAL NHS TRUST,C_502,Gynaecology Service,"2,057",,,12,,45
Y60,RNS,NORTHAMPTON GENERAL HOSPITAL NHS TRUST,X02,Other - Medical Services,"1,278",,,5.6,,8
Y60,RNS,NORTHAMPTON GENERAL HOSPITAL NHS TRUST,X03,Other - Mental Health Services, -   ,,,-,,0
Y60,RNS,NORTHAMPTON GENERAL HOSPITAL NHS TRUST,X04,Other - Paediatric Services,402,,,6.9,,7
Y60,RNS,NORTHAMPTON GENERAL HOSPITAL NHS TRUST,X05,Other - Surgical Services,475,,,9.7,,5
Y60,RNS,NORTHAMPTON GENERAL HOSPITAL NHS TRUST,X06,Other - Other Services,270,,,3.9,,0
Y60,RP1,NORTHAMPTONSHIRE HEALTHCARE NHS FOUNDATION TRUST,C_100,General Surgery Service, -   , -   , -   ,-,-,0
Y60,RP1,NORTHAMPTONSHIRE HEALTHCARE NHS FOUNDATION TRUST,C_101,Urology Service, -   , -   , -   ,-,-,0
Y60,RP1,NORTHAMPTONSHIRE HEALTHCARE NHS FOUNDATION TRUST,C_110,Trauma and Orthopaedic Service, -   , -   , -   ,-,-,0
Y60,RP1,NORTHAMPTONSHIRE HEALTHCARE NHS FOUNDATION TRUST,C_120,Ear Nose and Throat Service, -   , -   , -   ,-,-,0
Y60,RP1,NORTHAMPTONSHIRE HEALTHCARE NHS FOUNDATION TRUST,C_130,Ophthalmology Service, -   , -   , -   ,-,-,0
Y60,RP1,NORTHAMPTONSHIRE HEALTHCARE NHS FOUNDATION TRUST,C_140,Oral Surgery Service, -   , -   , -   ,-,-,0
Y60,RP1,NORTHAMPTONSHIRE HEALTHCARE NHS FOUNDATION TRUST,C_150,Neurosurgical Service, -   , -   , -   ,-,-,0
Y60,RP1,NORTHAMPTONSHIRE HEALTHCARE NHS FOUNDATION TRUST,C_160,Plastic Surgery Service, -   , -   , -   ,-,-,0
Y60,RP1,NORTHAMPTONSHIRE HEALTHCARE NHS FOUNDATION TRUST,C_170,Cardiothoracic Surgery Service, -   , -   , -   ,-,-,0
Y60,RP1,NORTHAMPTONSHIRE HEALTHCARE NHS FOUNDATION TRUST,C_300,General Internal Medicine Service, -   , -   , -   ,-,-,0
Y60,RP1,NORTHAMPTONSHIRE HEALTHCARE NHS FOUNDATION TRUST,C_301,Gastroenterology Service, -   , -   , -   ,-,-,0
Y60,RP1,NORTHAMPTONSHIRE HEALTHCARE NHS FOUNDATION TRUST,C_320,Cardiology Service, -   , -   , -   ,-,-,0
Y60,RP1,NORTHAMPTONSHIRE HEALTHCARE NHS FOUNDATION TRUST,C_330,Dermatology Service, -   , -   , -   ,-,-,0
Y60,RP1,NORTHAMPTONSHIRE HEALTHCARE NHS FOUNDATION TRUST,C_340,Respiratory Medicine Service, -   , -   , -   ,-,-,0
Y60,RP1,NORTHAMPTONSHIRE HEALTHCARE NHS FOUNDATION TRUST,C_400,Neurology Service, -   , -   , -   ,-,-,0
Y60,RP1,NORTHAMPTONSHIRE HEALTHCARE NHS FOUNDATION TRUST,C_410,Rheumatology Service, -   , -   , -   ,-,-,0
Y60,RP1,NORTHAMPTONSHIRE HEALTHCARE NHS FOUNDATION TRUST,C_430,Elderly Medicine Service, -   , -   , -   ,-,-,0
Y60,RP1,NORTHAMPTONSHIRE HEALTHCARE NHS FOUNDATION TRUST,C_502,Gynaecology Service, -   , -   , -   ,-,-,0
Y60,RP1,NORTHAMPTONSHIRE HEALTHCARE NHS FOUNDATION TRUST,X02,Other - Medical Services, -   , -   , -   ,-,-,0
Y60,RP1,NORTHAMPTONSHIRE HEALTHCARE NHS FOUNDATION TRUST,X03,Other - Mental Health Services, -   , -   , -   ,-,-,0
Y60,RP1,NORTHAMPTONSHIRE HEALTHCARE NHS FOUNDATION TRUST,X04,Other - Paediatric Services,166,140,84.30%,9.3,23.6,4
Y60,RP1,NORTHAMPTONSHIRE HEALTHCARE NHS FOUNDATION TRUST,X05,Other - Surgical Services, -   , -   , -   ,-,-,0
Y60,RP1,NORTHAMPTONSHIRE HEALTHCARE NHS FOUNDATION TRUST,X06,Other - Other Services,21,21,100.00%,3,10.3,0
Y60,RP7,LINCOLNSHIRE PARTNERSHIP NHS FOUNDATION TRUST,C_100,General Surgery Service, -   , -   , -   ,-,-,0
Y60,RP7,LINCOLNSHIRE PARTNERSHIP NHS FOUNDATION TRUST,C_101,Urology Service, -   , -   , -   ,-,-,0
Y60,RP7,LINCOLNSHIRE PARTNERSHIP NHS FOUNDATION TRUST,C_110,Trauma and Orthopaedic Service, -   , -   , -   ,-,-,0
Y60,RP7,LINCOLNSHIRE PARTNERSHIP NHS FOUNDATION TRUST,C_120,Ear Nose and Throat Service, -   , -   , -   ,-,-,0
Y60,RP7,LINCOLNSHIRE PARTNERSHIP NHS FOUNDATION TRUST,C_130,Ophthalmology Service, -   , -   , -   ,-,-,0
Y60,RP7,LINCOLNSHIRE PARTNERSHIP NHS FOUNDATION TRUST,C_140,Oral Surgery Service, -   , -   , -   ,-,-,0
Y60,RP7,LINCOLNSHIRE PARTNERSHIP NHS FOUNDATION TRUST,C_150,Neurosurgical Service, -   , -   , -   ,-,-,0
Y60,RP7,LINCOLNSHIRE PARTNERSHIP NHS FOUNDATION TRUST,C_160,Plastic Surgery Service, -   , -   , -   ,-,-,0
Y60,RP7,LINCOLNSHIRE PARTNERSHIP NHS FOUNDATION TRUST,C_170,Cardiothoracic Surgery Service, -   , -   , -   ,-,-,0
Y60,RP7,LINCOLNSHIRE PARTNERSHIP NHS FOUNDATION TRUST,C_300,General Internal Medicine Service, -   , -   , -   ,-,-,0
Y60,RP7,LINCOLNSHIRE PARTNERSHIP NHS FOUNDATION TRUST,C_301,Gastroenterology Service, -   , -   , -   ,-,-,0
Y60,RP7,LINCOLNSHIRE PARTNERSHIP NHS FOUNDATION TRUST,C_320,Cardiology Service, -   , -   , -   ,-,-,0
Y60,RP7,LINCOLNSHIRE PARTNERSHIP NHS FOUNDATION TRUST,C_330,Dermatology Service, -   , -   , -   ,-,-,0
Y60,RP7,LINCOLNSHIRE PARTNERSHIP NHS FOUNDATION TRUST,C_340,Respiratory Medicine Service, -   , -   , -   ,-,-,0
Y60,RP7,LINCOLNSHIRE PARTNERSHIP NHS FOUNDATION TRUST,C_400,Neurology Service, -   , -   , -   ,-,-,0
Y60,RP7,LINCOLNSHIRE PARTNERSHIP NHS FOUNDATION TRUST,C_410,Rheumatology Service, -   , -   , -   ,-,-,0
Y60,RP7,LINCOLNSHIRE PARTNERSHIP NHS FOUNDATION TRUST,C_430,Elderly Medicine Service, -   , -   , -   ,-,-,0
Y60,RP7,LINCOLNSHIRE PARTNERSHIP NHS FOUNDATION TRUST,C_502,Gynaecology Service, -   , -   , -   ,-,-,0
Y60,RP7,LINCOLNSHIRE PARTNERSHIP NHS FOUNDATION TRUST,X02,Other - Medical Services, -   , -   , -   ,-,-,0
Y60,RP7,LINCOLNSHIRE PARTNERSHIP NHS FOUNDATION TRUST,X03,Other - Mental Health Services,134,99,73.90%,8.7,26.3,4
Y60,RP7,LINCOLNSHIRE PARTNERSHIP NHS FOUNDATION TRUST,X04,Other - Paediatric Services, -   , -   , -   ,-,-,0
Y60,RP7,LINCOLNSHIRE PARTNERSHIP NHS FOUNDATION TRUST,X05,Other - Surgical Services, -   , -   , -   ,-,-,0
Y60,RP7,LINCOLNSHIRE PARTNERSHIP NHS FOUNDATION TRUST,X06,Other - Other Services, -   , -   , -   ,-,-,0
Y60,RQ3,BIRMINGHAM WOMEN'S AND CHILDREN'S NHS FOUNDATION TRUST,C_100,General Surgery Service, -   , -   , -   ,-,-,0
Y60,RQ3,BIRMINGHAM WOMEN'S AND CHILDREN'S NHS FOUNDATION TRUST,C_101,Urology Service, -   , -   , -   ,-,-,0
Y60,RQ3,BIRMINGHAM WOMEN'S AND CHILDREN'S NHS FOUNDATION TRUST,C_110,Trauma and Orthopaedic Service, -   , -   , -   ,-,-,0
Y60,RQ3,BIRMINGHAM WOMEN'S AND CHILDREN'S NHS FOUNDATION TRUST,C_120,Ear Nose and Throat Service, -   , -   , -   ,-,-,0
Y60,RQ3,BIRMINGHAM WOMEN'S AND CHILDREN'S NHS FOUNDATION TRUST,C_130,Ophthalmology Service, -   , -   , -   ,-,-,0
Y60,RQ3,BIRMINGHAM WOMEN'S AND CHILDREN'S NHS FOUNDATION TRUST,C_140,Oral Surgery Service, -   , -   , -   ,-,-,0
Y60,RQ3,BIRMINGHAM WOMEN'S AND CHILDREN'S NHS FOUNDATION TRUST,C_150,Neurosurgical Service, -   , -   , -   ,-,-,0
Y60,RQ3,BIRMINGHAM WOMEN'S AND CHILDREN'S NHS FOUNDATION TRUST,C_160,Plastic Surgery Service, -   , -   , -   ,-,-,0
Y60,RQ3,BIRMINGHAM WOMEN'S AND CHILDREN'S NHS FOUNDATION TRUST,C_170,Cardiothoracic Surgery Service, -   , -   , -   ,-,-,0
Y60,RQ3,BIRMINGHAM WOMEN'S AND CHILDREN'S NHS FOUNDATION TRUST,C_300,General Internal Medicine Service, -   , -   , -   ,-,-,0
Y60,RQ3,BIRMINGHAM WOMEN'S AND CHILDREN'S NHS FOUNDATION TRUST,C_301,Gastroenterology Service, -   , -   , -   ,-,-,0
Y60,RQ3,BIRMINGHAM WOMEN'S AND CHILDREN'S NHS FOUNDATION TRUST,C_320,Cardiology Service, -   , -   , -   ,-,-,0
Y60,RQ3,BIRMINGHAM WOMEN'S AND CHILDREN'S NHS FOUNDATION TRUST,C_330,Dermatology Service, -   , -   , -   ,-,-,0
Y60,RQ3,BIRMINGHAM WOMEN'S AND CHILDREN'S NHS FOUNDATION TRUST,C_340,Respiratory Medicine Service, -   , -   , -   ,-,-,0
Y60,RQ3,BIRMINGHAM WOMEN'S AND CHILDREN'S NHS FOUNDATION TRUST,C_400,Neurology Service, -   , -   , -   ,-,-,0
Y60,RQ3,BIRMINGHAM WOMEN'S AND CHILDREN'S NHS FOUNDATION TRUST,C_410,Rheumatology Service, -   , -   , -   ,-,-,0
Y60,RQ3,BIRMINGHAM WOMEN'S AND CHILDREN'S NHS FOUNDATION TRUST,C_430,Elderly Medicine Service, -   , -   , -   ,-,-,0
Y60,RQ3,BIRMINGHAM WOMEN'S AND CHILDREN'S NHS FOUNDATION TRUST,C_502,Gynaecology Service,"5,128","4,274",83.30%,7.5,32,93
Y60,RQ3,BIRMINGHAM WOMEN'S AND CHILDREN'S NHS FOUNDATION TRUST,X02,Other - Medical Services, -   , -   , -   ,-,-,0
Y60,RQ3,BIRMINGHAM WOMEN'S AND CHILDREN'S NHS FOUNDATION TRUST,X03,Other - Mental Health Services, -   , -   , -   ,-,-,0
Y60,RQ3,BIRMINGHAM WOMEN'S AND CHILDREN'S NHS FOUNDATION TRUST,X04,Other - Paediatric Services,"9,319","6,858",73.60%,9.5,57.2,807
Y60,RQ3,BIRMINGHAM WOMEN'S AND CHILDREN'S NHS FOUNDATION TRUST,X05,Other - Surgical Services, -   , -   , -   ,-,-,0
Y60,RQ3,BIRMINGHAM WOMEN'S AND CHILDREN'S NHS FOUNDATION TRUST,X06,Other - Other Services,"2,419","2,315",95.70%,5.8,15.8,0
Y60,RRE,MIDLANDS PARTNERSHIP NHS FOUNDATION TRUST,C_100,General Surgery Service, -   , -   , -   ,-,-,0
Y60,RRE,MIDLANDS PARTNERSHIP NHS FOUNDATION TRUST,C_101,Urology Service, -   , -   , -   ,-,-,0
Y60,RRE,MIDLANDS PARTNERSHIP NHS FOUNDATION TRUST,C_110,Trauma and Orthopaedic Service, -   , -   , -   ,-,-,0
Y60,RRE,MIDLANDS PARTNERSHIP NHS FOUNDATION TRUST,C_120,Ear Nose and Throat Service, -   , -   , -   ,-,-,0
Y60,RRE,MIDLANDS PARTNERSHIP NHS FOUNDATION TRUST,C_130,Ophthalmology Service, -   , -   , -   ,-,-,0
Y60,RRE,MIDLANDS PARTNERSHIP NHS FOUNDATION TRUST,C_140,Oral Surgery Service, -   , -   , -   ,-,-,0
Y60,RRE,MIDLANDS PARTNERSHIP NHS FOUNDATION TRUST,C_150,Neurosurgical Service, -   , -   , -   ,-,-,0
Y60,RRE,MIDLANDS PARTNERSHIP NHS FOUNDATION TRUST,C_160,Plastic Surgery Service, -   , -   , -   ,-,-,0
Y60,RRE,MIDLANDS PARTNERSHIP NHS FOUNDATION TRUST,C_170,Cardiothoracic Surgery Service, -   , -   , -   ,-,-,0
Y60,RRE,MIDLANDS PARTNERSHIP NHS FOUNDATION TRUST,C_300,General Internal Medicine Service, -   , -   , -   ,-,-,0
Y60,RRE,MIDLANDS PARTNERSHIP NHS FOUNDATION TRUST,C_301,Gastroenterology Service, -   , -   , -   ,-,-,0
Y60,RRE,MIDLANDS PARTNERSHIP NHS FOUNDATION TRUST,C_320,Cardiology Service, -   , -   , -   ,-,-,0
Y60,RRE,MIDLANDS PARTNERSHIP NHS FOUNDATION TRUST,C_330,Dermatology Service, -   , -   , -   ,-,-,0
Y60,RRE,MIDLANDS PARTNERSHIP NHS FOUNDATION TRUST,C_340,Respiratory Medicine Service, -   , -   , -   ,-,-,0
Y60,RRE,MIDLANDS PARTNERSHIP NHS FOUNDATION TRUST,C_400,Neurology Service,26,26,100.00%,5.8,12,0
Y60,RRE,MIDLANDS PARTNERSHIP NHS FOUNDATION TRUST,C_410,Rheumatology Service,"4,134","3,408",82.40%,5.5,27,1
Y60,RRE,MIDLANDS PARTNERSHIP NHS FOUNDATION TRUST,C_430,Elderly Medicine Service,2,2,100.00%,-,-,0
Y60,RRE,MIDLANDS PARTNERSHIP NHS FOUNDATION TRUST,C_502,Gynaecology Service, -   , -   , -   ,-,-,0
Y60,RRE,MIDLANDS PARTNERSHIP NHS FOUNDATION TRUST,X02,Other - Medical Services,60,48,80.00%,7.3,22.2,0
Y60,RRE,MIDLANDS PARTNERSHIP NHS FOUNDATION TRUST,X03,Other - Mental Health Services, -   , -   , -   ,-,-,0
Y60,RRE,MIDLANDS PARTNERSHIP NHS FOUNDATION TRUST,X04,Other - Paediatric Services, -   , -   , -   ,-,-,0
Y60,RRE,MIDLANDS PARTNERSHIP NHS FOUNDATION TRUST,X05,Other - Surgical Services, -   , -   , -   ,-,-,0
Y60,RRE,MIDLANDS PARTNERSHIP NHS FOUNDATION TRUST,X06,Other - Other Services,"1,781","1,769",99.30%,3.3,6.7,0
Y60,RRJ,THE ROYAL ORTHOPAEDIC HOSPITAL NHS FOUNDATION TRUST,C_100,General Surgery Service, -   , -   , -   ,-,-,0
Y60,RRJ,THE ROYAL ORTHOPAEDIC HOSPITAL NHS FOUNDATION TRUST,C_101,Urology Service, -   , -   , -   ,-,-,0
Y60,RRJ,THE ROYAL ORTHOPAEDIC HOSPITAL NHS FOUNDATION TRUST,C_110,Trauma and Orthopaedic Service,"9,230","5,401",58.50%,13.3,37.7,114
Y60,RRJ,THE ROYAL ORTHOPAEDIC HOSPITAL NHS FOUNDATION TRUST,C_120,Ear Nose and Throat Service, -   , -   , -   ,-,-,0
Y60,RRJ,THE ROYAL ORTHOPAEDIC HOSPITAL NHS FOUNDATION TRUST,C_130,Ophthalmology Service, -   , -   , -   ,-,-,0
Y60,RRJ,THE ROYAL ORTHOPAEDIC HOSPITAL NHS FOUNDATION TRUST,C_140,Oral Surgery Service, -   , -   , -   ,-,-,0
Y60,RRJ,THE ROYAL ORTHOPAEDIC HOSPITAL NHS FOUNDATION TRUST,C_150,Neurosurgical Service, -   , -   , -   ,-,-,0
Y60,RRJ,THE ROYAL ORTHOPAEDIC HOSPITAL NHS FOUNDATION TRUST,C_160,Plastic Surgery Service, -   , -   , -   ,-,-,0
Y60,RRJ,THE ROYAL ORTHOPAEDIC HOSPITAL NHS FOUNDATION TRUST,C_170,Cardiothoracic Surgery Service, -   , -   , -   ,-,-,0
Y60,RRJ,THE ROYAL ORTHOPAEDIC HOSPITAL NHS FOUNDATION TRUST,C_300,General Internal Medicine Service,260,214,82.30%,7.8,24.8,0
Y60,RRJ,THE ROYAL ORTHOPAEDIC HOSPITAL NHS FOUNDATION TRUST,C_301,Gastroenterology Service, -   , -   , -   ,-,-,0
Y60,RRJ,THE ROYAL ORTHOPAEDIC HOSPITAL NHS FOUNDATION TRUST,C_320,Cardiology Service, -   , -   , -   ,-,-,0
Y60,RRJ,THE ROYAL ORTHOPAEDIC HOSPITAL NHS FOUNDATION TRUST,C_330,Dermatology Service, -   , -   , -   ,-,-,0
Y60,RRJ,THE ROYAL ORTHOPAEDIC HOSPITAL NHS FOUNDATION TRUST,C_340,Respiratory Medicine Service, -   , -   , -   ,-,-,0
Y60,RRJ,THE ROYAL ORTHOPAEDIC HOSPITAL NHS FOUNDATION TRUST,C_400,Neurology Service, -   , -   , -   ,-,-,0
Y60,RRJ,THE ROYAL ORTHOPAEDIC HOSPITAL NHS FOUNDATION TRUST,C_410,Rheumatology Service, -   , -   , -   ,-,-,0
Y60,RRJ,THE ROYAL ORTHOPAEDIC HOSPITAL NHS FOUNDATION TRUST,C_430,Elderly Medicine Service, -   , -   , -   ,-,-,0
Y60,RRJ,THE ROYAL ORTHOPAEDIC HOSPITAL NHS FOUNDATION TRUST,C_502,Gynaecology Service, -   , -   , -   ,-,-,0
Y60,RRJ,THE ROYAL ORTHOPAEDIC HOSPITAL NHS FOUNDATION TRUST,X02,Other - Medical Services,490,363,74.10%,10.6,25.3,0
Y60,RRJ,THE ROYAL ORTHOPAEDIC HOSPITAL NHS FOUNDATION TRUST,X03,Other - Mental Health Services, -   , -   , -   ,-,-,0
Y60,RRJ,THE ROYAL ORTHOPAEDIC HOSPITAL NHS FOUNDATION TRUST,X04,Other - Paediatric Services, -   , -   , -   ,-,-,0
Y60,RRJ,THE ROYAL ORTHOPAEDIC HOSPITAL NHS FOUNDATION TRUST,X05,Other - Surgical Services, -   , -   , -   ,-,-,0
Y60,RRJ,THE ROYAL ORTHOPAEDIC HOSPITAL NHS FOUNDATION TRUST,X06,Other - Other Services,246,209,85.00%,8.1,30.6,1
Y60,RRK,UNIVERSITY HOSPITALS BIRMINGHAM NHS FOUNDATION TRUST,C_100,General Surgery Service,"9,902","4,121",41.60%,23.3,76.3,"2,085"
Y60,RRK,UNIVERSITY HOSPITALS BIRMINGHAM NHS FOUNDATION TRUST,C_101,Urology Service,"11,443","4,173",36.50%,28.1,78.1,"3,037"
Y60,RRK,UNIVERSITY HOSPITALS BIRMINGHAM NHS FOUNDATION TRUST,C_110,Trauma and Orthopaedic Service,"11,626","4,627",39.80%,24.9,59.7,"1,109"
Y60,RRK,UNIVERSITY HOSPITALS BIRMINGHAM NHS FOUNDATION TRUST,C_120,Ear Nose and Throat Service,"18,099","6,386",35.30%,28.6,72.2,"4,497"
Y60,RRK,UNIVERSITY HOSPITALS BIRMINGHAM NHS FOUNDATION TRUST,C_130,Ophthalmology Service,"14,241","5,753",40.40%,24.4,71.7,"3,112"
Y60,RRK,UNIVERSITY HOSPITALS BIRMINGHAM NHS FOUNDATION TRUST,C_140,Oral Surgery Service,"4,940","1,644",33.30%,26.1,75.5,"1,047"
Y60,RRK,UNIVERSITY HOSPITALS BIRMINGHAM NHS FOUNDATION TRUST,C_150,Neurosurgical Service,"2,824","1,307",46.30%,19.5,53.8,237
Y60,RRK,UNIVERSITY HOSPITALS BIRMINGHAM NHS FOUNDATION TRUST,C_160,Plastic Surgery Service,"1,832",721,39.40%,24.9,74.4,361
Y60,RRK,UNIVERSITY HOSPITALS BIRMINGHAM NHS FOUNDATION TRUST,C_170,Cardiothoracic Surgery Service,467,214,45.80%,21.5,62.6,52
Y60,RRK,UNIVERSITY HOSPITALS BIRMINGHAM NHS FOUNDATION TRUST,C_300,General Internal Medicine Service,"4,780","3,782",79.10%,10.9,22.3,0
Y60,RRK,UNIVERSITY HOSPITALS BIRMINGHAM NHS FOUNDATION TRUST,C_301,Gastroenterology Service,"9,530","5,917",62.10%,13.5,36.8,404
Y60,RRK,UNIVERSITY HOSPITALS BIRMINGHAM NHS FOUNDATION TRUST,C_320,Cardiology Service,"11,705","8,227",70.30%,11.8,33.5,241
Y60,RRK,UNIVERSITY HOSPITALS BIRMINGHAM NHS FOUNDATION TRUST,C_330,Dermatology Service,"11,044","5,730",51.90%,16.9,60,"1,040"
Y60,RRK,UNIVERSITY HOSPITALS BIRMINGHAM NHS FOUNDATION TRUST,C_340,Respiratory Medicine Service,"3,390","1,847",54.50%,16.5,40.4,99
Y60,RRK,UNIVERSITY HOSPITALS BIRMINGHAM NHS FOUNDATION TRUST,C_400,Neurology Service,"7,761","3,209",41.30%,23.1,52.8,667
Y60,RRK,UNIVERSITY HOSPITALS BIRMINGHAM NHS FOUNDATION TRUST,C_410,Rheumatology Service,"2,912","1,822",62.60%,13,30.4,2
Y60,RRK,UNIVERSITY HOSPITALS BIRMINGHAM NHS FOUNDATION TRUST,C_430,Elderly Medicine Service,547,323,59.00%,13.3,44.1,30
Y60,RRK,UNIVERSITY HOSPITALS BIRMINGHAM NHS FOUNDATION TRUST,C_502,Gynaecology Service,"11,934","6,596",55.30%,15.5,37.6,412
Y60,RRK,UNIVERSITY HOSPITALS BIRMINGHAM NHS FOUNDATION TRUST,X02,Other - Medical Services,"15,756","10,290",65.30%,12.2,35.8,393
Y60,RRK,UNIVERSITY HOSPITALS BIRMINGHAM NHS FOUNDATION TRUST,X03,Other - Mental Health Services,4,3,75.00%,-,-,0
Y60,RRK,UNIVERSITY HOSPITALS BIRMINGHAM NHS FOUNDATION TRUST,X04,Other - Paediatric Services,"3,383","1,640",48.50%,18.6,54.3,287
Y60,RRK,UNIVERSITY HOSPITALS BIRMINGHAM NHS FOUNDATION TRUST,X05,Other - Surgical Services,"10,987","5,163",47.00%,19.9,65.6,"1,511"
Y60,RRK,UNIVERSITY HOSPITALS BIRMINGHAM NHS FOUNDATION TRUST,X06,Other - Other Services,"6,066","4,018",66.20%,11.7,29,105
Y60,RTG,UNIVERSITY HOSPITALS OF DERBY AND BURTON NHS FOUNDATION TRUST,C_100,General Surgery Service,"4,065","2,340",57.60%,14.2,72.1,603
Y60,RTG,UNIVERSITY HOSPITALS OF DERBY AND BURTON NHS FOUNDATION TRUST,C_101,Urology Service,"3,116","1,913",61.40%,12.5,66.5,366
Y60,RTG,UNIVERSITY HOSPITALS OF DERBY AND BURTON NHS FOUNDATION TRUST,C_110,Trauma and Orthopaedic Service,"13,740","6,065",44.10%,22.7,75.1,"2,725"
Y60,RTG,UNIVERSITY HOSPITALS OF DERBY AND BURTON NHS FOUNDATION TRUST,C_120,Ear Nose and Throat Service,"6,875","3,857",56.10%,15,48,457
Y60,RTG,UNIVERSITY HOSPITALS OF DERBY AND BURTON NHS FOUNDATION TRUST,C_130,Ophthalmology Service,"9,836","5,040",51.20%,17.1,64.1,"1,032"
Y60,RTG,UNIVERSITY HOSPITALS OF DERBY AND BURTON NHS FOUNDATION TRUST,C_140,Oral Surgery Service,"3,203","1,722",53.80%,16.3,68.1,476
Y60,RTG,UNIVERSITY HOSPITALS OF DERBY AND BURTON NHS FOUNDATION TRUST,C_150,Neurosurgical Service,132,76,57.60%,13.3,33.5,4
Y60,RTG,UNIVERSITY HOSPITALS OF DERBY AND BURTON NHS FOUNDATION TRUST,C_160,Plastic Surgery Service,365,206,56.40%,13,78.9,60
Y60,RTG,UNIVERSITY HOSPITALS OF DERBY AND BURTON NHS FOUNDATION TRUST,C_170,Cardiothoracic Surgery Service,9,9,100.00%,-,-,0
Y60,RTG,UNIVERSITY HOSPITALS OF DERBY AND BURTON NHS FOUNDATION TRUST,C_300,General Internal Medicine Service,476,419,88.00%,9.3,19.2,1
Y60,RTG,UNIVERSITY HOSPITALS OF DERBY AND BURTON NHS FOUNDATION TRUST,C_301,Gastroenterology Service,"3,263","3,014",92.40%,7.5,17.8,13
Y60,RTG,UNIVERSITY HOSPITALS OF DERBY AND BURTON NHS FOUNDATION TRUST,C_320,Cardiology Service,"1,877","1,694",90.30%,6,21.7,10
Y60,RTG,UNIVERSITY HOSPITALS OF DERBY AND BURTON NHS FOUNDATION TRUST,C_330,Dermatology Service,"5,336","3,223",60.40%,12.3,41.3,128
Y60,RTG,UNIVERSITY HOSPITALS OF DERBY AND BURTON NHS FOUNDATION TRUST,C_340,Respiratory Medicine Service,592,540,91.20%,5.2,18.6,4
Y60,RTG,UNIVERSITY HOSPITALS OF DERBY AND BURTON NHS FOUNDATION TRUST,C_400,Neurology Service,"2,060","1,505",73.10%,10.3,26.9,12
Y60,RTG,UNIVERSITY HOSPITALS OF DERBY AND BURTON NHS FOUNDATION TRUST,C_410,Rheumatology Service,"1,374","1,118",81.40%,7.4,25.3,8
Y60,RTG,UNIVERSITY HOSPITALS OF DERBY AND BURTON NHS FOUNDATION TRUST,C_430,Elderly Medicine Service,336,268,79.80%,6,36.4,2
Y60,RTG,UNIVERSITY HOSPITALS OF DERBY AND BURTON NHS FOUNDATION TRUST,C_502,Gynaecology Service,"5,753","3,784",65.80%,12.3,44.7,331
Y60,RTG,UNIVERSITY HOSPITALS OF DERBY AND BURTON NHS FOUNDATION TRUST,X02,Other - Medical Services,"5,494","4,772",86.90%,6.9,23.7,52
Y60,RTG,UNIVERSITY HOSPITALS OF DERBY AND BURTON NHS FOUNDATION TRUST,X03,Other - Mental Health Services,4,4,100.00%,-,-,0
Y60,RTG,UNIVERSITY HOSPITALS OF DERBY AND BURTON NHS FOUNDATION TRUST,X04,Other - Paediatric Services,"3,822","2,038",53.30%,16.1,68.6,607
Y60,RTG,UNIVERSITY HOSPITALS OF DERBY AND BURTON NHS FOUNDATION TRUST,X05,Other - Surgical Services,"5,370","3,621",67.40%,10.5,68.4,609
Y60,RTG,UNIVERSITY HOSPITALS OF DERBY AND BURTON NHS FOUNDATION TRUST,X06,Other - Other Services,953,756,79.30%,7,49.4,73
Y60,RWD,UNITED LINCOLNSHIRE HOSPITALS NHS TRUST,C_100,General Surgery Service,"3,420","2,233",65.30%,12.4,40.2,130
Y60,RWD,UNITED LINCOLNSHIRE HOSPITALS NHS TRUST,C_101,Urology Service,"2,294","1,604",69.90%,11.5,33.7,29
Y60,RWD,UNITED LINCOLNSHIRE HOSPITALS NHS TRUST,C_110,Trauma and Orthopaedic Service,"2,624","1,347",51.30%,17.5,40.3,85
Y60,RWD,UNITED LINCOLNSHIRE HOSPITALS NHS TRUST,C_120,Ear Nose and Throat Service,"5,871","3,069",52.30%,16.9,38,116
Y60,RWD,UNITED LINCOLNSHIRE HOSPITALS NHS TRUST,C_130,Ophthalmology Service,"7,228","3,833",53.00%,16.2,42.9,235
Y60,RWD,UNITED LINCOLNSHIRE HOSPITALS NHS TRUST,C_140,Oral Surgery Service, -   , -   , -   ,-,-,0
Y60,RWD,UNITED LINCOLNSHIRE HOSPITALS NHS TRUST,C_150,Neurosurgical Service, -   , -   , -   ,-,-,0
Y60,RWD,UNITED LINCOLNSHIRE HOSPITALS NHS TRUST,C_160,Plastic Surgery Service, -   , -   , -   ,-,-,0
Y60,RWD,UNITED LINCOLNSHIRE HOSPITALS NHS TRUST,C_170,Cardiothoracic Surgery Service,3,2,66.70%,-,-,0
Y60,RWD,UNITED LINCOLNSHIRE HOSPITALS NHS TRUST,C_300,General Internal Medicine Service,164,113,68.90%,11.4,33.4,1
Y60,RWD,UNITED LINCOLNSHIRE HOSPITALS NHS TRUST,C_301,Gastroenterology Service,"3,074","2,013",65.50%,12.5,34.2,4
Y60,RWD,UNITED LINCOLNSHIRE HOSPITALS NHS TRUST,C_320,Cardiology Service,"1,543","1,340",86.80%,9.4,20.9,0
Y60,RWD,UNITED LINCOLNSHIRE HOSPITALS NHS TRUST,C_330,Dermatology Service,"3,319","1,795",54.10%,15.6,41.3,1
Y60,RWD,UNITED LINCOLNSHIRE HOSPITALS NHS TRUST,C_340,Respiratory Medicine Service,"1,453",827,56.90%,14.2,40.5,6
Y60,RWD,UNITED LINCOLNSHIRE HOSPITALS NHS TRUST,C_400,Neurology Service,"1,098",584,53.20%,17,32.5,0
Y60,RWD,UNITED LINCOLNSHIRE HOSPITALS NHS TRUST,C_410,Rheumatology Service,"1,429",871,61.00%,13.7,37.4,0
Y60,RWD,UNITED LINCOLNSHIRE HOSPITALS NHS TRUST,C_430,Elderly Medicine Service,203,180,88.70%,8.3,19.3,0
Y60,RWD,UNITED LINCOLNSHIRE HOSPITALS NHS TRUST,C_502,Gynaecology Service,"4,088","2,447",59.90%,14.1,40.4,211
Y60,RWD,UNITED LINCOLNSHIRE HOSPITALS NHS TRUST,X02,Other - Medical Services,"3,194","2,647",82.90%,8.2,26,3
Y60,RWD,UNITED LINCOLNSHIRE HOSPITALS NHS TRUST,X03,Other - Mental Health Services, -   , -   , -   ,-,-,0
Y60,RWD,UNITED LINCOLNSHIRE HOSPITALS NHS TRUST,X04,Other - Paediatric Services,"1,635","1,184",72.40%,10.6,29.9,1
Y60,RWD,UNITED LINCOLNSHIRE HOSPITALS NHS TRUST,X05,Other - Surgical Services,"5,358","3,463",64.60%,11.8,40.6,202
Y60,RWD,UNITED LINCOLNSHIRE HOSPITALS NHS TRUST,X06,Other - Other Services,473,318,67.20%,9.7,35.6,8
Y60,RWE,UNIVERSITY HOSPITALS OF LEICESTER NHS TRUST,C_100,General Surgery Service,"5,922","2,786",47.00%,19.9,79.7,"1,190"
Y60,RWE,UNIVERSITY HOSPITALS OF LEICESTER NHS TRUST,C_101,Urology Service,"5,266","2,699",51.30%,17.3,75.1,815
Y60,RWE,UNIVERSITY HOSPITALS OF LEICESTER NHS TRUST,C_110,Trauma and Orthopaedic Service,"9,164","3,291",35.90%,26.8,77.1,"2,175"
Y60,RWE,UNIVERSITY HOSPITALS OF LEICESTER NHS TRUST,C_120,Ear Nose and Throat Service,"6,902","2,784",40.30%,24.7,77.8,"1,308"
Y60,RWE,UNIVERSITY HOSPITALS OF LEICESTER NHS TRUST,C_130,Ophthalmology Service,"12,110","6,433",53.10%,16.1,44.6,667
Y60,RWE,UNIVERSITY HOSPITALS OF LEICESTER NHS TRUST,C_140,Oral Surgery Service,"4,997","1,975",39.50%,25,80.9,"1,228"
Y60,RWE,UNIVERSITY HOSPITALS OF LEICESTER NHS TRUST,C_150,Neurosurgical Service,43,39,90.70%,6.8,19.6,0
Y60,RWE,UNIVERSITY HOSPITALS OF LEICESTER NHS TRUST,C_160,Plastic Surgery Service,"1,316",526,40.00%,28.1,81.3,392
Y60,RWE,UNIVERSITY HOSPITALS OF LEICESTER NHS TRUST,C_170,Cardiothoracic Surgery Service,396,259,65.40%,10.8,37.9,8
Y60,RWE,UNIVERSITY HOSPITALS OF LEICESTER NHS TRUST,C_300,General Internal Medicine Service,27,25,92.60%,2.8,12.8,0
Y60,RWE,UNIVERSITY HOSPITALS OF LEICESTER NHS TRUST,C_301,Gastroenterology Service,"7,770","3,599",46.30%,20.4,58,802
Y60,RWE,UNIVERSITY HOSPITALS OF LEICESTER NHS TRUST,C_320,Cardiology Service,"4,186","2,697",64.40%,11.3,44.8,197
Y60,RWE,UNIVERSITY HOSPITALS OF LEICESTER NHS TRUST,C_330,Dermatology Service,"3,331","2,157",64.80%,10.7,33.9,1
Y60,RWE,UNIVERSITY HOSPITALS OF LEICESTER NHS TRUST,C_340,Respiratory Medicine Service,677,653,96.50%,4.6,14.6,1
Y60,RWE,UNIVERSITY HOSPITALS OF LEICESTER NHS TRUST,C_400,Neurology Service,"1,808","1,420",78.50%,10.1,23.2,1
Y60,RWE,UNIVERSITY HOSPITALS OF LEICESTER NHS TRUST,C_410,Rheumatology Service,"1,617","1,314",81.30%,9.5,23.2,0
Y60,RWE,UNIVERSITY HOSPITALS OF LEICESTER NHS TRUST,C_430,Elderly Medicine Service,327,295,90.20%,6.5,20.1,0
Y60,RWE,UNIVERSITY HOSPITALS OF LEICESTER NHS TRUST,C_502,Gynaecology Service,"8,721","3,429",39.30%,24.8,65.7,"1,299"
Y60,RWE,UNIVERSITY HOSPITALS OF LEICESTER NHS TRUST,X02,Other - Medical Services,"7,204","5,310",73.70%,9.1,40.9,370
Y60,RWE,UNIVERSITY HOSPITALS OF LEICESTER NHS TRUST,X03,Other - Mental Health Services, -   , -   , -   ,-,-,0
Y60,RWE,UNIVERSITY HOSPITALS OF LEICESTER NHS TRUST,X04,Other - Paediatric Services,"7,185","4,444",61.90%,12.5,69.6,929
Y60,RWE,UNIVERSITY HOSPITALS OF LEICESTER NHS TRUST,X05,Other - Surgical Services,"3,420","1,682",49.20%,18.5,67.7,491
Y60,RWE,UNIVERSITY HOSPITALS OF LEICESTER NHS TRUST,X06,Other - Other Services,"2,205","1,518",68.80%,9.7,46.6,150
Y60,RWP,WORCESTERSHIRE ACUTE HOSPITALS NHS TRUST,C_100,General Surgery Service,"5,946","2,230",37.50%,24.9,66.6,952
Y60,RWP,WORCESTERSHIRE ACUTE HOSPITALS NHS TRUST,C_101,Urology Service,"5,360","1,997",37.30%,28.4,72,"1,309"
Y60,RWP,WORCESTERSHIRE ACUTE HOSPITALS NHS TRUST,C_110,Trauma and Orthopaedic Service,"4,352","1,309",30.10%,31.8,74.3,"1,026"
Y60,RWP,WORCESTERSHIRE ACUTE HOSPITALS NHS TRUST,C_120,Ear Nose and Throat Service,"4,841","2,695",55.70%,13.8,44.8,235
Y60,RWP,WORCESTERSHIRE ACUTE HOSPITALS NHS TRUST,C_130,Ophthalmology Service,"5,190","3,290",63.40%,13.2,38.9,182
Y60,RWP,WORCESTERSHIRE ACUTE HOSPITALS NHS TRUST,C_140,Oral Surgery Service,"3,000","1,269",42.30%,23.1,67.1,541
Y60,RWP,WORCESTERSHIRE ACUTE HOSPITALS NHS TRUST,C_150,Neurosurgical Service, -   , -   , -   ,-,-,0
Y60,RWP,WORCESTERSHIRE ACUTE HOSPITALS NHS TRUST,C_160,Plastic Surgery Service,39,13,33.30%,34.3,68.9,14
Y60,RWP,WORCESTERSHIRE ACUTE HOSPITALS NHS TRUST,C_170,Cardiothoracic Surgery Service, -   , -   , -   ,-,-,0
Y60,RWP,WORCESTERSHIRE ACUTE HOSPITALS NHS TRUST,C_300,General Internal Medicine Service,381,359,94.20%,6.3,16.3,4
Y60,RWP,WORCESTERSHIRE ACUTE HOSPITALS NHS TRUST,C_301,Gastroenterology Service,"2,700","1,738",64.40%,13,40.6,44
Y60,RWP,WORCESTERSHIRE ACUTE HOSPITALS NHS TRUST,C_320,Cardiology Service,"1,567","1,019",65.00%,12.3,35.2,20
Y60,RWP,WORCESTERSHIRE ACUTE HOSPITALS NHS TRUST,C_330,Dermatology Service,"1,698","1,078",63.50%,9.5,63.3,199
Y60,RWP,WORCESTERSHIRE ACUTE HOSPITALS NHS TRUST,C_340,Respiratory Medicine Service,977,678,69.40%,11.2,41,11
Y60,RWP,WORCESTERSHIRE ACUTE HOSPITALS NHS TRUST,C_400,Neurology Service,"1,134",772,68.10%,12.6,29.3,1
Y60,RWP,WORCESTERSHIRE ACUTE HOSPITALS NHS TRUST,C_410,Rheumatology Service,"1,067",580,54.40%,15.5,53.8,97
Y60,RWP,WORCESTERSHIRE ACUTE HOSPITALS NHS TRUST,C_430,Elderly Medicine Service,173,156,90.20%,5.6,19.5,1
Y60,RWP,WORCESTERSHIRE ACUTE HOSPITALS NHS TRUST,C_502,Gynaecology Service,"4,323","2,109",48.80%,18.6,50.5,326
Y60,RWP,WORCESTERSHIRE ACUTE HOSPITALS NHS TRUST,X02,Other - Medical Services,"3,456","2,295",66.40%,11.4,42.7,153
Y60,RWP,WORCESTERSHIRE ACUTE HOSPITALS NHS TRUST,X03,Other - Mental Health Services, -   , -   , -   ,-,-,0
Y60,RWP,WORCESTERSHIRE ACUTE HOSPITALS NHS TRUST,X04,Other - Paediatric Services,120,90,75.00%,8.2,29.5,1
Y60,RWP,WORCESTERSHIRE ACUTE HOSPITALS NHS TRUST,X05,Other - Surgical Services,"3,768","2,165",57.50%,12.5,80.5,749
Y60,RWP,WORCESTERSHIRE ACUTE HOSPITALS NHS TRUST,X06,Other - Other Services,859,670,78.00%,7.8,37.3,35
Y60,RX1,NOTTINGHAM UNIVERSITY HOSPITALS NHS TRUST,C_100,General Surgery Service,897,449,50.10%,18,69.4,128
Y60,RX1,NOTTINGHAM UNIVERSITY HOSPITALS NHS TRUST,C_101,Urology Service,"3,165","2,285",72.20%,10.4,45.8,193
Y60,RX1,NOTTINGHAM UNIVERSITY HOSPITALS NHS TRUST,C_110,Trauma and Orthopaedic Service,"6,819","3,552",52.10%,17,57.9,678
Y60,RX1,NOTTINGHAM UNIVERSITY HOSPITALS NHS TRUST,C_120,Ear Nose and Throat Service,"4,216","2,684",63.70%,11.6,69.7,579
Y60,RX1,NOTTINGHAM UNIVERSITY HOSPITALS NHS TRUST,C_130,Ophthalmology Service,"7,065","3,996",56.60%,15.7,62.8,664
Y60,RX1,NOTTINGHAM UNIVERSITY HOSPITALS NHS TRUST,C_140,Oral Surgery Service,"2,482","1,293",52.10%,16.4,65.5,291
Y60,RX1,NOTTINGHAM UNIVERSITY HOSPITALS NHS TRUST,C_150,Neurosurgical Service,511,369,72.20%,9.2,64.6,59
Y60,RX1,NOTTINGHAM UNIVERSITY HOSPITALS NHS TRUST,C_160,Plastic Surgery Service,775,500,64.50%,10.7,44.8,46
Y60,RX1,NOTTINGHAM UNIVERSITY HOSPITALS NHS TRUST,C_170,Cardiothoracic Surgery Service,333,206,61.90%,12.4,55.2,31
Y60,RX1,NOTTINGHAM UNIVERSITY HOSPITALS NHS TRUST,C_300,General Internal Medicine Service,12,11,91.70%,-,-,0
Y60,RX1,NOTTINGHAM UNIVERSITY HOSPITALS NHS TRUST,C_301,Gastroenterology Service,"3,799","2,549",67.10%,11.6,38.1,59
Y60,RX1,NOTTINGHAM UNIVERSITY HOSPITALS NHS TRUST,C_320,Cardiology Service,"1,441","1,193",82.80%,6.4,29.9,35
Y60,RX1,NOTTINGHAM UNIVERSITY HOSPITALS NHS TRUST,C_330,Dermatology Service,"2,802","2,724",97.20%,4.6,12.9,0
Y60,RX1,NOTTINGHAM UNIVERSITY HOSPITALS NHS TRUST,C_340,Respiratory Medicine Service,"1,637","1,241",75.80%,9.3,33.3,3
Y60,RX1,NOTTINGHAM UNIVERSITY HOSPITALS NHS TRUST,C_400,Neurology Service,623,615,98.70%,4.2,10.4,0
Y60,RX1,NOTTINGHAM UNIVERSITY HOSPITALS NHS TRUST,C_410,Rheumatology Service,"1,047",838,80.00%,9.1,23.2,0
Y60,RX1,NOTTINGHAM UNIVERSITY HOSPITALS NHS TRUST,C_430,Elderly Medicine Service,98,96,98.00%,3.9,13.7,0
Y60,RX1,NOTTINGHAM UNIVERSITY HOSPITALS NHS TRUST,C_502,Gynaecology Service,"2,376","1,887",79.40%,8.2,32.7,91
Y60,RX1,NOTTINGHAM UNIVERSITY HOSPITALS NHS TRUST,X02,Other - Medical Services,"4,893","4,408",90.10%,6.1,19.5,15
Y60,RX1,NOTTINGHAM UNIVERSITY HOSPITALS NHS TRUST,X03,Other - Mental Health Services, -   , -   , -   ,-,-,0
Y60,RX1,NOTTINGHAM UNIVERSITY HOSPITALS NHS TRUST,X04,Other - Paediatric Services,"1,878","1,514",80.60%,5.5,35,80
Y60,RX1,NOTTINGHAM UNIVERSITY HOSPITALS NHS TRUST,X05,Other - Surgical Services,"5,368","3,092",57.60%,14.2,53,459
Y60,RX1,NOTTINGHAM UNIVERSITY HOSPITALS NHS TRUST,X06,Other - Other Services,"1,036",976,94.20%,7.8,16.8,7
Y60,RXK,SANDWELL AND WEST BIRMINGHAM HOSPITALS NHS TRUST,C_100,General Surgery Service,"3,827","2,752",71.90%,8.8,38.4,87
Y60,RXK,SANDWELL AND WEST BIRMINGHAM HOSPITALS NHS TRUST,C_101,Urology Service,"3,424","2,191",64.00%,12.7,44,182
Y60,RXK,SANDWELL AND WEST BIRMINGHAM HOSPITALS NHS TRUST,C_110,Trauma and Orthopaedic Service,"4,537","2,679",59.00%,13.1,48.6,328
Y60,RXK,SANDWELL AND WEST BIRMINGHAM HOSPITALS NHS TRUST,C_120,Ear Nose and Throat Service,"3,482","2,687",77.20%,10.3,31.3,155
Y60,RXK,SANDWELL AND WEST BIRMINGHAM HOSPITALS NHS TRUST,C_130,Ophthalmology Service,"9,526","6,973",73.20%,9,38.3,453
Y60,RXK,SANDWELL AND WEST BIRMINGHAM HOSPITALS NHS TRUST,C_140,Oral Surgery Service,"1,900",577,30.40%,29.2,68.5,431
Y60,RXK,SANDWELL AND WEST BIRMINGHAM HOSPITALS NHS TRUST,C_150,Neurosurgical Service, -   , -   , -   ,-,-,0
Y60,RXK,SANDWELL AND WEST BIRMINGHAM HOSPITALS NHS TRUST,C_160,Plastic Surgery Service,140,62,44.30%,23.4,72.9,28
Y60,RXK,SANDWELL AND WEST BIRMINGHAM HOSPITALS NHS TRUST,C_170,Cardiothoracic Surgery Service,15,14,93.30%,-,-,0
Y60,RXK,SANDWELL AND WEST BIRMINGHAM HOSPITALS NHS TRUST,C_300,General Internal Medicine Service, -   , -   , -   ,-,-,0
Y60,RXK,SANDWELL AND WEST BIRMINGHAM HOSPITALS NHS TRUST,C_301,Gastroenterology Service,"1,664","1,399",84.10%,7,29.8,8
Y60,RXK,SANDWELL AND WEST BIRMINGHAM HOSPITALS NHS TRUST,C_320,Cardiology Service,"1,644","1,541",93.70%,7.3,17.2,1
Y60,RXK,SANDWELL AND WEST BIRMINGHAM HOSPITALS NHS TRUST,C_330,Dermatology Service,"3,083","1,674",54.30%,16,47.8,177
Y60,RXK,SANDWELL AND WEST BIRMINGHAM HOSPITALS NHS TRUST,C_340,Respiratory Medicine Service,"1,741","1,526",87.70%,7.2,21.9,0
Y60,RXK,SANDWELL AND WEST BIRMINGHAM HOSPITALS NHS TRUST,C_400,Neurology Service,462,436,94.40%,7.1,16.9,0
Y60,RXK,SANDWELL AND WEST BIRMINGHAM HOSPITALS NHS TRUST,C_410,Rheumatology Service,567,502,88.50%,5.6,19.8,0
Y60,RXK,SANDWELL AND WEST BIRMINGHAM HOSPITALS NHS TRUST,C_430,Elderly Medicine Service,50,50,100.00%,3,7.8,0
Y60,RXK,SANDWELL AND WEST BIRMINGHAM HOSPITALS NHS TRUST,C_502,Gynaecology Service,"2,424","1,969",81.20%,7.6,28.9,7
Y60,RXK,SANDWELL AND WEST BIRMINGHAM HOSPITALS NHS TRUST,X02,Other - Medical Services,"3,337","2,945",88.30%,7,18.7,5
Y60,RXK,SANDWELL AND WEST BIRMINGHAM HOSPITALS NHS TRUST,X03,Other - Mental Health Services, -   , -   , -   ,-,-,0
Y60,RXK,SANDWELL AND WEST BIRMINGHAM HOSPITALS NHS TRUST,X04,Other - Paediatric Services,"4,423","3,466",78.40%,7.9,34.8,197
Y60,RXK,SANDWELL AND WEST BIRMINGHAM HOSPITALS NHS TRUST,X05,Other - Surgical Services,"2,029","1,751",86.30%,7.2,27.8,40
Y60,RXK,SANDWELL AND WEST BIRMINGHAM HOSPITALS NHS TRUST,X06,Other - Other Services,200,174,87.00%,5.7,25.5,6
Y60,RXM,DERBYSHIRE HEALTHCARE NHS FOUNDATION TRUST,C_100,General Surgery Service, -   , -   , -   ,-,-,0
Y60,RXM,DERBYSHIRE HEALTHCARE NHS FOUNDATION TRUST,C_101,Urology Service, -   , -   , -   ,-,-,0
Y60,RXM,DERBYSHIRE HEALTHCARE NHS FOUNDATION TRUST,C_110,Trauma and Orthopaedic Service, -   , -   , -   ,-,-,0
Y60,RXM,DERBYSHIRE HEALTHCARE NHS FOUNDATION TRUST,C_120,Ear Nose and Throat Service, -   , -   , -   ,-,-,0
Y60,RXM,DERBYSHIRE HEALTHCARE NHS FOUNDATION TRUST,C_130,Ophthalmology Service, -   , -   , -   ,-,-,0
Y60,RXM,DERBYSHIRE HEALTHCARE NHS FOUNDATION TRUST,C_140,Oral Surgery Service, -   , -   , -   ,-,-,0
Y60,RXM,DERBYSHIRE HEALTHCARE NHS FOUNDATION TRUST,C_150,Neurosurgical Service, -   , -   , -   ,-,-,0
Y60,RXM,DERBYSHIRE HEALTHCARE NHS FOUNDATION TRUST,C_160,Plastic Surgery Service, -   , -   , -   ,-,-,0
Y60,RXM,DERBYSHIRE HEALTHCARE NHS FOUNDATION TRUST,C_170,Cardiothoracic Surgery Service, -   , -   , -   ,-,-,0
Y60,RXM,DERBYSHIRE HEALTHCARE NHS FOUNDATION TRUST,C_300,General Internal Medicine Service, -   , -   , -   ,-,-,0
Y60,RXM,DERBYSHIRE HEALTHCARE NHS FOUNDATION TRUST,C_301,Gastroenterology Service, -   , -   , -   ,-,-,0
Y60,RXM,DERBYSHIRE HEALTHCARE NHS FOUNDATION TRUST,C_320,Cardiology Service, -   , -   , -   ,-,-,0
Y60,RXM,DERBYSHIRE HEALTHCARE NHS FOUNDATION TRUST,C_330,Dermatology Service, -   , -   , -   ,-,-,0
Y60,RXM,DERBYSHIRE HEALTHCARE NHS FOUNDATION TRUST,C_340,Respiratory Medicine Service, -   , -   , -   ,-,-,0
Y60,RXM,DERBYSHIRE HEALTHCARE NHS FOUNDATION TRUST,C_400,Neurology Service, -   , -   , -   ,-,-,0
Y60,RXM,DERBYSHIRE HEALTHCARE NHS FOUNDATION TRUST,C_410,Rheumatology Service, -   , -   , -   ,-,-,0
Y60,RXM,DERBYSHIRE HEALTHCARE NHS FOUNDATION TRUST,C_430,Elderly Medicine Service, -   , -   , -   ,-,-,0
Y60,RXM,DERBYSHIRE HEALTHCARE NHS FOUNDATION TRUST,C_502,Gynaecology Service, -   , -   , -   ,-,-,0
Y60,RXM,DERBYSHIRE HEALTHCARE NHS FOUNDATION TRUST,X02,Other - Medical Services, -   , -   , -   ,-,-,0
Y60,RXM,DERBYSHIRE HEALTHCARE NHS FOUNDATION TRUST,X03,Other - Mental Health Services,297,282,94.90%,5.2,16,0
Y60,RXM,DERBYSHIRE HEALTHCARE NHS FOUNDATION TRUST,X04,Other - Paediatric Services,628,589,93.80%,9.1,16.7,0
Y60,RXM,DERBYSHIRE HEALTHCARE NHS FOUNDATION TRUST,X05,Other - Surgical Services, -   , -   , -   ,-,-,0
Y60,RXM,DERBYSHIRE HEALTHCARE NHS FOUNDATION TRUST,X06,Other - Other Services, -   , -   , -   ,-,-,0
Y60,RXW,THE SHREWSBURY AND TELFORD HOSPITAL NHS TRUST,C_100,General Surgery Service,"4,887","2,862",58.60%,12.6,65.5,565
Y60,RXW,THE SHREWSBURY AND TELFORD HOSPITAL NHS TRUST,C_101,Urology Service,"2,329","1,526",65.50%,11.9,42.3,120
Y60,RXW,THE SHREWSBURY AND TELFORD HOSPITAL NHS TRUST,C_110,Trauma and Orthopaedic Service,913,310,34.00%,28.9,77,287
Y60,RXW,THE SHREWSBURY AND TELFORD HOSPITAL NHS TRUST,C_120,Ear Nose and Throat Service,"2,546","1,651",64.80%,11.6,40.9,117
Y60,RXW,THE SHREWSBURY AND TELFORD HOSPITAL NHS TRUST,C_130,Ophthalmology Service,"6,643","2,768",41.70%,24.3,67.2,"1,049"
Y60,RXW,THE SHREWSBURY AND TELFORD HOSPITAL NHS TRUST,C_140,Oral Surgery Service,"1,865",800,42.90%,23,67.8,410
Y60,RXW,THE SHREWSBURY AND TELFORD HOSPITAL NHS TRUST,C_150,Neurosurgical Service, -   , -   , -   ,-,-,0
Y60,RXW,THE SHREWSBURY AND TELFORD HOSPITAL NHS TRUST,C_160,Plastic Surgery Service, -   , -   , -   ,-,-,0
Y60,RXW,THE SHREWSBURY AND TELFORD HOSPITAL NHS TRUST,C_170,Cardiothoracic Surgery Service,20,19,95.00%,7.5,17.7,0
Y60,RXW,THE SHREWSBURY AND TELFORD HOSPITAL NHS TRUST,C_300,General Internal Medicine Service,949,711,74.90%,8.9,27.1,5
Y60,RXW,THE SHREWSBURY AND TELFORD HOSPITAL NHS TRUST,C_301,Gastroenterology Service,"1,903","1,406",73.90%,10.6,30.6,31
Y60,RXW,THE SHREWSBURY AND TELFORD HOSPITAL NHS TRUST,C_320,Cardiology Service,"2,001","1,189",59.40%,13.6,41.2,19
Y60,RXW,THE SHREWSBURY AND TELFORD HOSPITAL NHS TRUST,C_330,Dermatology Service,673,570,84.70%,5.4,24.5,0
Y60,RXW,THE SHREWSBURY AND TELFORD HOSPITAL NHS TRUST,C_340,Respiratory Medicine Service,"1,277",621,48.60%,18.9,45.5,32
Y60,RXW,THE SHREWSBURY AND TELFORD HOSPITAL NHS TRUST,C_400,Neurology Service,6,6,100.00%,-,-,0
Y60,RXW,THE SHREWSBURY AND TELFORD HOSPITAL NHS TRUST,C_410,Rheumatology Service, -   , -   , -   ,-,-,0
Y60,RXW,THE SHREWSBURY AND TELFORD HOSPITAL NHS TRUST,C_430,Elderly Medicine Service,127,109,85.80%,6.1,21.6,1
Y60,RXW,THE SHREWSBURY AND TELFORD HOSPITAL NHS TRUST,C_502,Gynaecology Service,"2,958","1,783",60.30%,13.1,42.4,149
Y60,RXW,THE SHREWSBURY AND TELFORD HOSPITAL NHS TRUST,X02,Other - Medical Services,12,12,100.00%,-,-,0
Y60,RXW,THE SHREWSBURY AND TELFORD HOSPITAL NHS TRUST,X03,Other - Mental Health Services, -   , -   , -   ,-,-,0
Y60,RXW,THE SHREWSBURY AND TELFORD HOSPITAL NHS TRUST,X04,Other - Paediatric Services,935,689,73.70%,9.5,34.3,33
Y60,RXW,THE SHREWSBURY AND TELFORD HOSPITAL NHS TRUST,X05,Other - Surgical Services,262,148,56.50%,15.2,70.7,72
Y60,RXW,THE SHREWSBURY AND TELFORD HOSPITAL NHS TRUST,X06,Other - Other Services,258,120,46.50%,19.3,64.8,35
Y60,RYG,COVENTRY AND WARWICKSHIRE PARTNERSHIP NHS TRUST,C_100,General Surgery Service, -   , -   , -   ,-,-,0
Y60,RYG,COVENTRY AND WARWICKSHIRE PARTNERSHIP NHS TRUST,C_101,Urology Service, -   , -   , -   ,-,-,0
Y60,RYG,COVENTRY AND WARWICKSHIRE PARTNERSHIP NHS TRUST,C_110,Trauma and Orthopaedic Service, -   , -   , -   ,-,-,0
Y60,RYG,COVENTRY AND WARWICKSHIRE PARTNERSHIP NHS TRUST,C_120,Ear Nose and Throat Service, -   , -   , -   ,-,-,0
Y60,RYG,COVENTRY AND WARWICKSHIRE PARTNERSHIP NHS TRUST,C_130,Ophthalmology Service, -   , -   , -   ,-,-,0
Y60,RYG,COVENTRY AND WARWICKSHIRE PARTNERSHIP NHS TRUST,C_140,Oral Surgery Service, -   , -   , -   ,-,-,0
Y60,RYG,COVENTRY AND WARWICKSHIRE PARTNERSHIP NHS TRUST,C_150,Neurosurgical Service, -   , -   , -   ,-,-,0
Y60,RYG,COVENTRY AND WARWICKSHIRE PARTNERSHIP NHS TRUST,C_160,Plastic Surgery Service, -   , -   , -   ,-,-,0
Y60,RYG,COVENTRY AND WARWICKSHIRE PARTNERSHIP NHS TRUST,C_170,Cardiothoracic Surgery Service, -   , -   , -   ,-,-,0
Y60,RYG,COVENTRY AND WARWICKSHIRE PARTNERSHIP NHS TRUST,C_300,General Internal Medicine Service, -   , -   , -   ,-,-,0
Y60,RYG,COVENTRY AND WARWICKSHIRE PARTNERSHIP NHS TRUST,C_301,Gastroenterology Service, -   , -   , -   ,-,-,0
Y60,RYG,COVENTRY AND WARWICKSHIRE PARTNERSHIP NHS TRUST,C_320,Cardiology Service, -   , -   , -   ,-,-,0
Y60,RYG,COVENTRY AND WARWICKSHIRE PARTNERSHIP NHS TRUST,C_330,Dermatology Service, -   , -   , -   ,-,-,0
Y60,RYG,COVENTRY AND WARWICKSHIRE PARTNERSHIP NHS TRUST,C_340,Respiratory Medicine Service, -   , -   , -   ,-,-,0
Y60,RYG,COVENTRY AND WARWICKSHIRE PARTNERSHIP NHS TRUST,C_400,Neurology Service, -   , -   , -   ,-,-,0
Y60,RYG,COVENTRY AND WARWICKSHIRE PARTNERSHIP NHS TRUST,C_410,Rheumatology Service, -   , -   , -   ,-,-,0
Y60,RYG,COVENTRY AND WARWICKSHIRE PARTNERSHIP NHS TRUST,C_430,Elderly Medicine Service, -   , -   , -   ,-,-,0
Y60,RYG,COVENTRY AND WARWICKSHIRE PARTNERSHIP NHS TRUST,C_502,Gynaecology Service, -   , -   , -   ,-,-,0
Y60,RYG,COVENTRY AND WARWICKSHIRE PARTNERSHIP NHS TRUST,X02,Other - Medical Services, -   , -   , -   ,-,-,0
Y60,RYG,COVENTRY AND WARWICKSHIRE PARTNERSHIP NHS TRUST,X03,Other - Mental Health Services, -   , -   , -   ,-,-,0
Y60,RYG,COVENTRY AND WARWICKSHIRE PARTNERSHIP NHS TRUST,X04,Other - Paediatric Services,135,135,100.00%,4.7,12.6,0
Y60,RYG,COVENTRY AND WARWICKSHIRE PARTNERSHIP NHS TRUST,X05,Other - Surgical Services, -   , -   , -   ,-,-,0
Y60,RYG,COVENTRY AND WARWICKSHIRE PARTNERSHIP NHS TRUST,X06,Other - Other Services, -   , -   , -   ,-,-,0
Y60,RYW,BIRMINGHAM COMMUNITY HEALTHCARE NHS FOUNDATION TRUST,C_100,General Surgery Service, -   , -   , -   ,-,-,0
Y60,RYW,BIRMINGHAM COMMUNITY HEALTHCARE NHS FOUNDATION TRUST,C_101,Urology Service, -   , -   , -   ,-,-,0
Y60,RYW,BIRMINGHAM COMMUNITY HEALTHCARE NHS FOUNDATION TRUST,C_110,Trauma and Orthopaedic Service,"1,805","1,803",99.90%,3.3,7.2,0
Y60,RYW,BIRMINGHAM COMMUNITY HEALTHCARE NHS FOUNDATION TRUST,C_120,Ear Nose and Throat Service, -   , -   , -   ,-,-,0
Y60,RYW,BIRMINGHAM COMMUNITY HEALTHCARE NHS FOUNDATION TRUST,C_130,Ophthalmology Service, -   , -   , -   ,-,-,0
Y60,RYW,BIRMINGHAM COMMUNITY HEALTHCARE NHS FOUNDATION TRUST,C_140,Oral Surgery Service,"6,088","3,198",52.50%,16.7,64.7,728
Y60,RYW,BIRMINGHAM COMMUNITY HEALTHCARE NHS FOUNDATION TRUST,C_150,Neurosurgical Service, -   , -   , -   ,-,-,0
Y60,RYW,BIRMINGHAM COMMUNITY HEALTHCARE NHS FOUNDATION TRUST,C_160,Plastic Surgery Service, -   , -   , -   ,-,-,0
Y60,RYW,BIRMINGHAM COMMUNITY HEALTHCARE NHS FOUNDATION TRUST,C_170,Cardiothoracic Surgery Service, -   , -   , -   ,-,-,0
Y60,RYW,BIRMINGHAM COMMUNITY HEALTHCARE NHS FOUNDATION TRUST,C_300,General Internal Medicine Service, -   , -   , -   ,-,-,0
Y60,RYW,BIRMINGHAM COMMUNITY HEALTHCARE NHS FOUNDATION TRUST,C_301,Gastroenterology Service, -   , -   , -   ,-,-,0
Y60,RYW,BIRMINGHAM COMMUNITY HEALTHCARE NHS FOUNDATION TRUST,C_320,Cardiology Service, -   , -   , -   ,-,-,0
Y60,RYW,BIRMINGHAM COMMUNITY HEALTHCARE NHS FOUNDATION TRUST,C_330,Dermatology Service, -   , -   , -   ,-,-,0
Y60,RYW,BIRMINGHAM COMMUNITY HEALTHCARE NHS FOUNDATION TRUST,C_340,Respiratory Medicine Service, -   , -   , -   ,-,-,0
Y60,RYW,BIRMINGHAM COMMUNITY HEALTHCARE NHS FOUNDATION TRUST,C_400,Neurology Service, -   , -   , -   ,-,-,0
Y60,RYW,BIRMINGHAM COMMUNITY HEALTHCARE NHS FOUNDATION TRUST,C_410,Rheumatology Service, -   , -   , -   ,-,-,0
Y60,RYW,BIRMINGHAM COMMUNITY HEALTHCARE NHS FOUNDATION TRUST,C_430,Elderly Medicine Service, -   , -   , -   ,-,-,0
Y60,RYW,BIRMINGHAM COMMUNITY HEALTHCARE NHS FOUNDATION TRUST,C_502,Gynaecology Service, -   , -   , -   ,-,-,0
Y60,RYW,BIRMINGHAM COMMUNITY HEALTHCARE NHS FOUNDATION TRUST,X02,Other - Medical Services,773,635,82.10%,6.8,30.5,4
Y60,RYW,BIRMINGHAM COMMUNITY HEALTHCARE NHS FOUNDATION TRUST,X03,Other - Mental Health Services,47,41,87.20%,3.7,20.2,0
Y60,RYW,BIRMINGHAM COMMUNITY HEALTHCARE NHS FOUNDATION TRUST,X04,Other - Paediatric Services,"1,515","1,481",97.80%,5.6,14.5,0
Y60,RYW,BIRMINGHAM COMMUNITY HEALTHCARE NHS FOUNDATION TRUST,X05,Other - Surgical Services,"4,429","2,355",53.20%,16.4,70.2,"1,025"
Y60,RYW,BIRMINGHAM COMMUNITY HEALTHCARE NHS FOUNDATION TRUST,X06,Other - Other Services, -   , -   , -   ,-,-,0
Y61,RAJ,MID AND SOUTH ESSEX NHS FOUNDATION TRUST,C_100,General Surgery Service,"6,810","4,105",60.30%,12.7,65.9,718
Y61,RAJ,MID AND SOUTH ESSEX NHS FOUNDATION TRUST,C_101,Urology Service,"5,783","3,426",59.20%,13.6,66.6,654
Y61,RAJ,MID AND SOUTH ESSEX NHS FOUNDATION TRUST,C_110,Trauma and Orthopaedic Service,"11,246","5,712",50.80%,17.5,72.1,"1,654"
Y61,RAJ,MID AND SOUTH ESSEX NHS FOUNDATION TRUST,C_120,Ear Nose and Throat Service,"7,301","4,877",66.80%,10.1,52.1,586
Y61,RAJ,MID AND SOUTH ESSEX NHS FOUNDATION TRUST,C_130,Ophthalmology Service,"9,632","6,699",69.50%,9.8,40,401
Y61,RAJ,MID AND SOUTH ESSEX NHS FOUNDATION TRUST,C_140,Oral Surgery Service,"3,536","2,004",56.70%,14.9,47.6,266
Y61,RAJ,MID AND SOUTH ESSEX NHS FOUNDATION TRUST,C_150,Neurosurgical Service,55,37,67.30%,12,43.6,4
Y61,RAJ,MID AND SOUTH ESSEX NHS FOUNDATION TRUST,C_160,Plastic Surgery Service,"2,643","1,562",59.10%,11.7,75.7,451
Y61,RAJ,MID AND SOUTH ESSEX NHS FOUNDATION TRUST,C_170,Cardiothoracic Surgery Service,308,164,53.20%,17,60.8,31
Y61,RAJ,MID AND SOUTH ESSEX NHS FOUNDATION TRUST,C_300,General Internal Medicine Service,"1,404","1,235",88.00%,7.3,23.6,6
Y61,RAJ,MID AND SOUTH ESSEX NHS FOUNDATION TRUST,C_301,Gastroenterology Service,"4,978","3,545",71.20%,9.8,31.8,19
Y61,RAJ,MID AND SOUTH ESSEX NHS FOUNDATION TRUST,C_320,Cardiology Service,"6,106","4,911",80.40%,8,29.2,38
Y61,RAJ,MID AND SOUTH ESSEX NHS FOUNDATION TRUST,C_330,Dermatology Service,"5,602","4,593",82.00%,6.5,26.2,10
Y61,RAJ,MID AND SOUTH ESSEX NHS FOUNDATION TRUST,C_340,Respiratory Medicine Service,"2,895","2,165",74.80%,9.8,32.7,36
Y61,RAJ,MID AND SOUTH ESSEX NHS FOUNDATION TRUST,C_400,Neurology Service,"2,232","1,622",72.70%,9.4,33.2,8
Y61,RAJ,MID AND SOUTH ESSEX NHS FOUNDATION TRUST,C_410,Rheumatology Service,"2,045","1,639",80.10%,8.3,27.1,17
Y61,RAJ,MID AND SOUTH ESSEX NHS FOUNDATION TRUST,C_430,Elderly Medicine Service,301,267,88.70%,5.2,25.6,5
Y61,RAJ,MID AND SOUTH ESSEX NHS FOUNDATION TRUST,C_502,Gynaecology Service,"7,146","4,919",68.80%,10.9,39.4,274
Y61,RAJ,MID AND SOUTH ESSEX NHS FOUNDATION TRUST,X02,Other - Medical Services,"10,828","8,577",79.20%,7.2,30.4,204
Y61,RAJ,MID AND SOUTH ESSEX NHS FOUNDATION TRUST,X03,Other - Mental Health Services,4,3,75.00%,-,-,0
Y61,RAJ,MID AND SOUTH ESSEX NHS FOUNDATION TRUST,X04,Other - Paediatric Services,"2,222","1,415",63.70%,11.8,47.8,166
Y61,RAJ,MID AND SOUTH ESSEX NHS FOUNDATION TRUST,X05,Other - Surgical Services,"3,552","2,764",77.80%,6.7,35.7,100
Y61,RAJ,MID AND SOUTH ESSEX NHS FOUNDATION TRUST,X06,Other - Other Services,"1,278",919,71.90%,7.9,38.7,73
Y61,RC9,BEDFORDSHIRE HOSPITALS NHS FOUNDATION TRUST,C_100,General Surgery Service,"2,550","1,650",64.70%,11.6,46.6,171
Y61,RC9,BEDFORDSHIRE HOSPITALS NHS FOUNDATION TRUST,C_101,Urology Service,"3,154","2,229",70.70%,9.5,45.4,193
Y61,RC9,BEDFORDSHIRE HOSPITALS NHS FOUNDATION TRUST,C_110,Trauma and Orthopaedic Service,"3,483","1,589",45.60%,21.7,83.9,817
Y61,RC9,BEDFORDSHIRE HOSPITALS NHS FOUNDATION TRUST,C_120,Ear Nose and Throat Service,"4,052","2,146",53.00%,16.4,39,90
Y61,RC9,BEDFORDSHIRE HOSPITALS NHS FOUNDATION TRUST,C_130,Ophthalmology Service,"7,380","4,200",56.90%,15.1,63.8,807
Y61,RC9,BEDFORDSHIRE HOSPITALS NHS FOUNDATION TRUST,C_140,Oral Surgery Service,"3,787","2,385",63.00%,13.2,49.1,282
Y61,RC9,BEDFORDSHIRE HOSPITALS NHS FOUNDATION TRUST,C_150,Neurosurgical Service, -   , -   , -   ,-,-,0
Y61,RC9,BEDFORDSHIRE HOSPITALS NHS FOUNDATION TRUST,C_160,Plastic Surgery Service,833,553,66.40%,10.2,52.7,68
Y61,RC9,BEDFORDSHIRE HOSPITALS NHS FOUNDATION TRUST,C_170,Cardiothoracic Surgery Service, -   , -   , -   ,-,-,0
Y61,RC9,BEDFORDSHIRE HOSPITALS NHS FOUNDATION TRUST,C_300,General Internal Medicine Service,982,921,93.80%,5.7,15.6,2
Y61,RC9,BEDFORDSHIRE HOSPITALS NHS FOUNDATION TRUST,C_301,Gastroenterology Service,"2,872","2,017",70.20%,10.4,29.8,16
Y61,RC9,BEDFORDSHIRE HOSPITALS NHS FOUNDATION TRUST,C_320,Cardiology Service,"3,561","2,670",75.00%,9.7,27.2,14
Y61,RC9,BEDFORDSHIRE HOSPITALS NHS FOUNDATION TRUST,C_330,Dermatology Service,"2,451","2,192",89.40%,6.5,20.6,6
Y61,RC9,BEDFORDSHIRE HOSPITALS NHS FOUNDATION TRUST,C_340,Respiratory Medicine Service,"1,890","1,533",81.10%,7.5,25.9,1
Y61,RC9,BEDFORDSHIRE HOSPITALS NHS FOUNDATION TRUST,C_400,Neurology Service,"1,667","1,502",90.10%,7.5,19.9,1
Y61,RC9,BEDFORDSHIRE HOSPITALS NHS FOUNDATION TRUST,C_410,Rheumatology Service,749,692,92.40%,4.8,16.6,0
Y61,RC9,BEDFORDSHIRE HOSPITALS NHS FOUNDATION TRUST,C_430,Elderly Medicine Service,133,128,96.20%,3.4,11.1,0
Y61,RC9,BEDFORDSHIRE HOSPITALS NHS FOUNDATION TRUST,C_502,Gynaecology Service,"4,253","3,433",80.70%,8.2,27,17
Y61,RC9,BEDFORDSHIRE HOSPITALS NHS FOUNDATION TRUST,X02,Other - Medical Services,"1,636","1,491",91.10%,5.3,18.8,2
Y61,RC9,BEDFORDSHIRE HOSPITALS NHS FOUNDATION TRUST,X03,Other - Mental Health Services, -   , -   , -   ,-,-,0
Y61,RC9,BEDFORDSHIRE HOSPITALS NHS FOUNDATION TRUST,X04,Other - Paediatric Services,"2,353","1,985",84.40%,6.5,26.5,40
Y61,RC9,BEDFORDSHIRE HOSPITALS NHS FOUNDATION TRUST,X05,Other - Surgical Services,"5,115","3,423",66.90%,11.5,42.4,273
Y61,RC9,BEDFORDSHIRE HOSPITALS NHS FOUNDATION TRUST,X06,Other - Other Services,934,890,95.30%,5.5,16,3
Y61,RCX,"THE QUEEN ELIZABETH HOSPITAL, KING'S LYNN, NHS FOUNDATION TRUST",C_100,General Surgery Service,"1,312",650,49.50%,18.4,67.2,190
Y61,RCX,"THE QUEEN ELIZABETH HOSPITAL, KING'S LYNN, NHS FOUNDATION TRUST",C_101,Urology Service, -   , -   , -   ,-,-,0
Y61,RCX,"THE QUEEN ELIZABETH HOSPITAL, KING'S LYNN, NHS FOUNDATION TRUST",C_110,Trauma and Orthopaedic Service,"2,427","1,226",50.50%,17.6,69.9,369
Y61,RCX,"THE QUEEN ELIZABETH HOSPITAL, KING'S LYNN, NHS FOUNDATION TRUST",C_120,Ear Nose and Throat Service,"1,821","1,112",61.10%,12.9,46.6,135
Y61,RCX,"THE QUEEN ELIZABETH HOSPITAL, KING'S LYNN, NHS FOUNDATION TRUST",C_130,Ophthalmology Service,"2,052","1,319",64.30%,12,37.9,58
Y61,RCX,"THE QUEEN ELIZABETH HOSPITAL, KING'S LYNN, NHS FOUNDATION TRUST",C_140,Oral Surgery Service,479,234,48.90%,20.4,79.1,130
Y61,RCX,"THE QUEEN ELIZABETH HOSPITAL, KING'S LYNN, NHS FOUNDATION TRUST",C_150,Neurosurgical Service, -   , -   , -   ,-,-,0
Y61,RCX,"THE QUEEN ELIZABETH HOSPITAL, KING'S LYNN, NHS FOUNDATION TRUST",C_160,Plastic Surgery Service,48,34,70.80%,6.2,65.6,6
Y61,RCX,"THE QUEEN ELIZABETH HOSPITAL, KING'S LYNN, NHS FOUNDATION TRUST",C_170,Cardiothoracic Surgery Service,2,2,100.00%,-,-,0
Y61,RCX,"THE QUEEN ELIZABETH HOSPITAL, KING'S LYNN, NHS FOUNDATION TRUST",C_300,General Internal Medicine Service,119,102,85.70%,4.6,24.9,0
Y61,RCX,"THE QUEEN ELIZABETH HOSPITAL, KING'S LYNN, NHS FOUNDATION TRUST",C_301,Gastroenterology Service,828,686,82.90%,9,22.1,1
Y61,RCX,"THE QUEEN ELIZABETH HOSPITAL, KING'S LYNN, NHS FOUNDATION TRUST",C_320,Cardiology Service,"1,370",952,69.50%,12.1,33.1,0
Y61,RCX,"THE QUEEN ELIZABETH HOSPITAL, KING'S LYNN, NHS FOUNDATION TRUST",C_330,Dermatology Service,"1,433","1,010",70.50%,10.2,29.3,0
Y61,RCX,"THE QUEEN ELIZABETH HOSPITAL, KING'S LYNN, NHS FOUNDATION TRUST",C_340,Respiratory Medicine Service,346,290,83.80%,7.3,21.5,0
Y61,RCX,"THE QUEEN ELIZABETH HOSPITAL, KING'S LYNN, NHS FOUNDATION TRUST",C_400,Neurology Service,605,453,74.90%,10.2,26.8,0
Y61,RCX,"THE QUEEN ELIZABETH HOSPITAL, KING'S LYNN, NHS FOUNDATION TRUST",C_410,Rheumatology Service,95,95,100.00%,1.9,4.6,0
Y61,RCX,"THE QUEEN ELIZABETH HOSPITAL, KING'S LYNN, NHS FOUNDATION TRUST",C_430,Elderly Medicine Service,53,50,94.30%,4.4,15.8,0
Y61,RCX,"THE QUEEN ELIZABETH HOSPITAL, KING'S LYNN, NHS FOUNDATION TRUST",C_502,Gynaecology Service,"1,414",830,58.70%,13.7,71.5,217
Y61,RCX,"THE QUEEN ELIZABETH HOSPITAL, KING'S LYNN, NHS FOUNDATION TRUST",X02,Other - Medical Services,719,669,93.00%,5.6,17.5,0
Y61,RCX,"THE QUEEN ELIZABETH HOSPITAL, KING'S LYNN, NHS FOUNDATION TRUST",X03,Other - Mental Health Services, -   , -   , -   ,-,-,0
Y61,RCX,"THE QUEEN ELIZABETH HOSPITAL, KING'S LYNN, NHS FOUNDATION TRUST",X04,Other - Paediatric Services,317,276,87.10%,5.5,22.5,1
Y61,RCX,"THE QUEEN ELIZABETH HOSPITAL, KING'S LYNN, NHS FOUNDATION TRUST",X05,Other - Surgical Services,"1,355",862,63.60%,10.8,45.2,30
Y61,RCX,"THE QUEEN ELIZABETH HOSPITAL, KING'S LYNN, NHS FOUNDATION TRUST",X06,Other - Other Services,55,42,76.40%,6.8,58.6,5
Y61,RD8,MILTON KEYNES UNIVERSITY HOSPITAL NHS FOUNDATION TRUST,C_100,General Surgery Service,595,,,10.2,,0
Y61,RD8,MILTON KEYNES UNIVERSITY HOSPITAL NHS FOUNDATION TRUST,C_101,Urology Service,"1,731",,,13.8,,65
Y61,RD8,MILTON KEYNES UNIVERSITY HOSPITAL NHS FOUNDATION TRUST,C_110,Trauma and Orthopaedic Service,"2,330",,,14.8,,73
Y61,RD8,MILTON KEYNES UNIVERSITY HOSPITAL NHS FOUNDATION TRUST,C_120,Ear Nose and Throat Service,"2,580",,,18.2,,176
Y61,RD8,MILTON KEYNES UNIVERSITY HOSPITAL NHS FOUNDATION TRUST,C_130,Ophthalmology Service,"4,299",,,14,,122
Y61,RD8,MILTON KEYNES UNIVERSITY HOSPITAL NHS FOUNDATION TRUST,C_140,Oral Surgery Service,913,,,10.2,,5
Y61,RD8,MILTON KEYNES UNIVERSITY HOSPITAL NHS FOUNDATION TRUST,C_150,Neurosurgical Service, -   ,,,-,,0
Y61,RD8,MILTON KEYNES UNIVERSITY HOSPITAL NHS FOUNDATION TRUST,C_160,Plastic Surgery Service, -   ,,,-,,0
Y61,RD8,MILTON KEYNES UNIVERSITY HOSPITAL NHS FOUNDATION TRUST,C_170,Cardiothoracic Surgery Service, -   ,,,-,,0
Y61,RD8,MILTON KEYNES UNIVERSITY HOSPITAL NHS FOUNDATION TRUST,C_300,General Internal Medicine Service,736,,,12.5,,58
Y61,RD8,MILTON KEYNES UNIVERSITY HOSPITAL NHS FOUNDATION TRUST,C_301,Gastroenterology Service,935,,,7.3,,0
Y61,RD8,MILTON KEYNES UNIVERSITY HOSPITAL NHS FOUNDATION TRUST,C_320,Cardiology Service,702,,,10.4,,0
Y61,RD8,MILTON KEYNES UNIVERSITY HOSPITAL NHS FOUNDATION TRUST,C_330,Dermatology Service,728,,,3.8,,0
Y61,RD8,MILTON KEYNES UNIVERSITY HOSPITAL NHS FOUNDATION TRUST,C_340,Respiratory Medicine Service,434,,,6.6,,1
Y61,RD8,MILTON KEYNES UNIVERSITY HOSPITAL NHS FOUNDATION TRUST,C_400,Neurology Service,592,,,7.1,,3
Y61,RD8,MILTON KEYNES UNIVERSITY HOSPITAL NHS FOUNDATION TRUST,C_410,Rheumatology Service,769,,,12.2,,1
Y61,RD8,MILTON KEYNES UNIVERSITY HOSPITAL NHS FOUNDATION TRUST,C_430,Elderly Medicine Service,1,,,-,,0
Y61,RD8,MILTON KEYNES UNIVERSITY HOSPITAL NHS FOUNDATION TRUST,C_502,Gynaecology Service,"1,459",,,14.7,,7
Y61,RD8,MILTON KEYNES UNIVERSITY HOSPITAL NHS FOUNDATION TRUST,X02,Other - Medical Services,"2,669",,,13.3,,4
Y61,RD8,MILTON KEYNES UNIVERSITY HOSPITAL NHS FOUNDATION TRUST,X03,Other - Mental Health Services, -   ,,,-,,0
Y61,RD8,MILTON KEYNES UNIVERSITY HOSPITAL NHS FOUNDATION TRUST,X04,Other - Paediatric Services,1,,,-,,0
Y61,RD8,MILTON KEYNES UNIVERSITY HOSPITAL NHS FOUNDATION TRUST,X05,Other - Surgical Services,"1,281",,,9.3,,3
Y61,RD8,MILTON KEYNES UNIVERSITY HOSPITAL NHS FOUNDATION TRUST,X06,Other - Other Services,44,,,29.5,,0
Y61,RDE,EAST SUFFOLK AND NORTH ESSEX NHS FOUNDATION TRUST,C_100,General Surgery Service,"9,347","5,473",58.60%,12.6,53.3,827
Y61,RDE,EAST SUFFOLK AND NORTH ESSEX NHS FOUNDATION TRUST,C_101,Urology Service,"3,124","2,152",68.90%,9.7,40.9,146
Y61,RDE,EAST SUFFOLK AND NORTH ESSEX NHS FOUNDATION TRUST,C_110,Trauma and Orthopaedic Service,"8,069","3,860",47.80%,19.2,58.3,904
Y61,RDE,EAST SUFFOLK AND NORTH ESSEX NHS FOUNDATION TRUST,C_120,Ear Nose and Throat Service,"5,697","3,498",61.40%,13.1,32.6,21
Y61,RDE,EAST SUFFOLK AND NORTH ESSEX NHS FOUNDATION TRUST,C_130,Ophthalmology Service,"5,620","4,351",77.40%,7.7,29,1
Y61,RDE,EAST SUFFOLK AND NORTH ESSEX NHS FOUNDATION TRUST,C_140,Oral Surgery Service,"2,204","1,447",65.70%,11.2,36.9,65
Y61,RDE,EAST SUFFOLK AND NORTH ESSEX NHS FOUNDATION TRUST,C_150,Neurosurgical Service, -   , -   , -   ,-,-,0
Y61,RDE,EAST SUFFOLK AND NORTH ESSEX NHS FOUNDATION TRUST,C_160,Plastic Surgery Service,257,164,63.80%,9.6,41.5,4
Y61,RDE,EAST SUFFOLK AND NORTH ESSEX NHS FOUNDATION TRUST,C_170,Cardiothoracic Surgery Service,1,1,100.00%,-,-,0
Y61,RDE,EAST SUFFOLK AND NORTH ESSEX NHS FOUNDATION TRUST,C_300,General Internal Medicine Service,260,238,91.50%,5,18.4,4
Y61,RDE,EAST SUFFOLK AND NORTH ESSEX NHS FOUNDATION TRUST,C_301,Gastroenterology Service,"2,825","1,870",66.20%,11.6,39.2,88
Y61,RDE,EAST SUFFOLK AND NORTH ESSEX NHS FOUNDATION TRUST,C_320,Cardiology Service,"1,876","1,786",95.20%,5.9,15.8,1
Y61,RDE,EAST SUFFOLK AND NORTH ESSEX NHS FOUNDATION TRUST,C_330,Dermatology Service,"4,058","3,162",77.90%,7.3,29.8,4
Y61,RDE,EAST SUFFOLK AND NORTH ESSEX NHS FOUNDATION TRUST,C_340,Respiratory Medicine Service,"1,094",727,66.50%,9.8,32,0
Y61,RDE,EAST SUFFOLK AND NORTH ESSEX NHS FOUNDATION TRUST,C_400,Neurology Service,"1,480","1,322",89.30%,6.6,20,2
Y61,RDE,EAST SUFFOLK AND NORTH ESSEX NHS FOUNDATION TRUST,C_410,Rheumatology Service,"1,445",853,59.00%,13.4,33.5,6
Y61,RDE,EAST SUFFOLK AND NORTH ESSEX NHS FOUNDATION TRUST,C_430,Elderly Medicine Service,144,129,89.60%,3.5,23.5,0
Y61,RDE,EAST SUFFOLK AND NORTH ESSEX NHS FOUNDATION TRUST,C_502,Gynaecology Service,"4,970","2,843",57.20%,14.3,47.6,316
Y61,RDE,EAST SUFFOLK AND NORTH ESSEX NHS FOUNDATION TRUST,X02,Other - Medical Services,"3,504","2,587",73.80%,7.6,47.6,247
Y61,RDE,EAST SUFFOLK AND NORTH ESSEX NHS FOUNDATION TRUST,X03,Other - Mental Health Services, -   , -   , -   ,-,-,0
Y61,RDE,EAST SUFFOLK AND NORTH ESSEX NHS FOUNDATION TRUST,X04,Other - Paediatric Services,"1,095","1,067",97.40%,6.2,15.3,0
Y61,RDE,EAST SUFFOLK AND NORTH ESSEX NHS FOUNDATION TRUST,X05,Other - Surgical Services,76,71,93.40%,3.6,12.9,3
Y61,RDE,EAST SUFFOLK AND NORTH ESSEX NHS FOUNDATION TRUST,X06,Other - Other Services,75,59,78.70%,6.3,35,5
Y61,RGM,ROYAL PAPWORTH HOSPITAL NHS FOUNDATION TRUST,C_100,General Surgery Service, -   , -   , -   ,-,-,0
Y61,RGM,ROYAL PAPWORTH HOSPITAL NHS FOUNDATION TRUST,C_101,Urology Service, -   , -   , -   ,-,-,0
Y61,RGM,ROYAL PAPWORTH HOSPITAL NHS FOUNDATION TRUST,C_110,Trauma and Orthopaedic Service, -   , -   , -   ,-,-,0
Y61,RGM,ROYAL PAPWORTH HOSPITAL NHS FOUNDATION TRUST,C_120,Ear Nose and Throat Service, -   , -   , -   ,-,-,0
Y61,RGM,ROYAL PAPWORTH HOSPITAL NHS FOUNDATION TRUST,C_130,Ophthalmology Service, -   , -   , -   ,-,-,0
Y61,RGM,ROYAL PAPWORTH HOSPITAL NHS FOUNDATION TRUST,C_140,Oral Surgery Service, -   , -   , -   ,-,-,0
Y61,RGM,ROYAL PAPWORTH HOSPITAL NHS FOUNDATION TRUST,C_150,Neurosurgical Service, -   , -   , -   ,-,-,0
Y61,RGM,ROYAL PAPWORTH HOSPITAL NHS FOUNDATION TRUST,C_160,Plastic Surgery Service, -   , -   , -   ,-,-,0
Y61,RGM,ROYAL PAPWORTH HOSPITAL NHS FOUNDATION TRUST,C_170,Cardiothoracic Surgery Service,553,356,64.40%,11.5,36.8,11
Y61,RGM,ROYAL PAPWORTH HOSPITAL NHS FOUNDATION TRUST,C_300,General Internal Medicine Service, -   , -   , -   ,-,-,0
Y61,RGM,ROYAL PAPWORTH HOSPITAL NHS FOUNDATION TRUST,C_301,Gastroenterology Service, -   , -   , -   ,-,-,0
Y61,RGM,ROYAL PAPWORTH HOSPITAL NHS FOUNDATION TRUST,C_320,Cardiology Service,"1,487","1,206",81.10%,8.9,25.8,0
Y61,RGM,ROYAL PAPWORTH HOSPITAL NHS FOUNDATION TRUST,C_330,Dermatology Service, -   , -   , -   ,-,-,0
Y61,RGM,ROYAL PAPWORTH HOSPITAL NHS FOUNDATION TRUST,C_340,Respiratory Medicine Service,"1,382","1,297",93.80%,5.2,16.7,0
Y61,RGM,ROYAL PAPWORTH HOSPITAL NHS FOUNDATION TRUST,C_400,Neurology Service, -   , -   , -   ,-,-,0
Y61,RGM,ROYAL PAPWORTH HOSPITAL NHS FOUNDATION TRUST,C_410,Rheumatology Service, -   , -   , -   ,-,-,0
Y61,RGM,ROYAL PAPWORTH HOSPITAL NHS FOUNDATION TRUST,C_430,Elderly Medicine Service, -   , -   , -   ,-,-,0
Y61,RGM,ROYAL PAPWORTH HOSPITAL NHS FOUNDATION TRUST,C_502,Gynaecology Service, -   , -   , -   ,-,-,0
Y61,RGM,ROYAL PAPWORTH HOSPITAL NHS FOUNDATION TRUST,X02,Other - Medical Services, -   , -   , -   ,-,-,0
Y61,RGM,ROYAL PAPWORTH HOSPITAL NHS FOUNDATION TRUST,X03,Other - Mental Health Services, -   , -   , -   ,-,-,0
Y61,RGM,ROYAL PAPWORTH HOSPITAL NHS FOUNDATION TRUST,X04,Other - Paediatric Services, -   , -   , -   ,-,-,0
Y61,RGM,ROYAL PAPWORTH HOSPITAL NHS FOUNDATION TRUST,X05,Other - Surgical Services, -   , -   , -   ,-,-,0
Y61,RGM,ROYAL PAPWORTH HOSPITAL NHS FOUNDATION TRUST,X06,Other - Other Services, -   , -   , -   ,-,-,0
Y61,RGN,NORTH WEST ANGLIA NHS FOUNDATION TRUST,C_100,General Surgery Service,"4,128","2,968",71.90%,9.4,35.9,129
Y61,RGN,NORTH WEST ANGLIA NHS FOUNDATION TRUST,C_101,Urology Service,"3,718","2,013",54.10%,15.8,68,435
Y61,RGN,NORTH WEST ANGLIA NHS FOUNDATION TRUST,C_110,Trauma and Orthopaedic Service,"3,892","2,347",60.30%,11.5,41.1,155
Y61,RGN,NORTH WEST ANGLIA NHS FOUNDATION TRUST,C_120,Ear Nose and Throat Service,"3,252","1,696",52.20%,15.5,66.9,427
Y61,RGN,NORTH WEST ANGLIA NHS FOUNDATION TRUST,C_130,Ophthalmology Service,"5,023","2,373",47.20%,19.9,74.2,"1,153"
Y61,RGN,NORTH WEST ANGLIA NHS FOUNDATION TRUST,C_140,Oral Surgery Service,"1,159",809,69.80%,10.1,47.1,83
Y61,RGN,NORTH WEST ANGLIA NHS FOUNDATION TRUST,C_150,Neurosurgical Service, -   , -   , -   ,-,-,0
Y61,RGN,NORTH WEST ANGLIA NHS FOUNDATION TRUST,C_160,Plastic Surgery Service,848,519,61.20%,10.8,42.7,23
Y61,RGN,NORTH WEST ANGLIA NHS FOUNDATION TRUST,C_170,Cardiothoracic Surgery Service, -   , -   , -   ,-,-,0
Y61,RGN,NORTH WEST ANGLIA NHS FOUNDATION TRUST,C_300,General Internal Medicine Service,39,34,87.20%,6.5,24.9,0
Y61,RGN,NORTH WEST ANGLIA NHS FOUNDATION TRUST,C_301,Gastroenterology Service,"4,255","2,624",61.70%,13.1,54.6,353
Y61,RGN,NORTH WEST ANGLIA NHS FOUNDATION TRUST,C_320,Cardiology Service,"2,807","2,067",73.60%,9.6,30.5,1
Y61,RGN,NORTH WEST ANGLIA NHS FOUNDATION TRUST,C_330,Dermatology Service,921,730,79.30%,6,28.6,4
Y61,RGN,NORTH WEST ANGLIA NHS FOUNDATION TRUST,C_340,Respiratory Medicine Service,803,725,90.30%,5.8,19,0
Y61,RGN,NORTH WEST ANGLIA NHS FOUNDATION TRUST,C_400,Neurology Service,415,382,92.00%,3.9,18,0
Y61,RGN,NORTH WEST ANGLIA NHS FOUNDATION TRUST,C_410,Rheumatology Service,706,648,91.80%,2.4,18.5,1
Y61,RGN,NORTH WEST ANGLIA NHS FOUNDATION TRUST,C_430,Elderly Medicine Service,439,339,77.20%,8.8,29.7,2
Y61,RGN,NORTH WEST ANGLIA NHS FOUNDATION TRUST,C_502,Gynaecology Service,"2,644","2,297",86.90%,5.4,23.4,12
Y61,RGN,NORTH WEST ANGLIA NHS FOUNDATION TRUST,X02,Other - Medical Services,"3,305","2,518",76.20%,7.3,28,45
Y61,RGN,NORTH WEST ANGLIA NHS FOUNDATION TRUST,X03,Other - Mental Health Services,6,6,100.00%,-,-,0
Y61,RGN,NORTH WEST ANGLIA NHS FOUNDATION TRUST,X04,Other - Paediatric Services,580,464,80.00%,7.2,32.9,18
Y61,RGN,NORTH WEST ANGLIA NHS FOUNDATION TRUST,X05,Other - Surgical Services,487,451,92.60%,1.9,16.7,4
Y61,RGN,NORTH WEST ANGLIA NHS FOUNDATION TRUST,X06,Other - Other Services,608,505,83.10%,5,29.1,12
Y61,RGP,JAMES PAGET UNIVERSITY HOSPITALS NHS FOUNDATION TRUST,C_100,General Surgery Service,"1,866","1,048",56.20%,13.8,55.1,177
Y61,RGP,JAMES PAGET UNIVERSITY HOSPITALS NHS FOUNDATION TRUST,C_101,Urology Service, -   , -   , -   ,-,-,0
Y61,RGP,JAMES PAGET UNIVERSITY HOSPITALS NHS FOUNDATION TRUST,C_110,Trauma and Orthopaedic Service,"2,046","1,077",52.60%,15.1,66.1,217
Y61,RGP,JAMES PAGET UNIVERSITY HOSPITALS NHS FOUNDATION TRUST,C_120,Ear Nose and Throat Service, -   , -   , -   ,-,-,0
Y61,RGP,JAMES PAGET UNIVERSITY HOSPITALS NHS FOUNDATION TRUST,C_130,Ophthalmology Service,"2,983","1,435",48.10%,19.4,62.2,282
Y61,RGP,JAMES PAGET UNIVERSITY HOSPITALS NHS FOUNDATION TRUST,C_140,Oral Surgery Service,339,255,75.20%,9.5,34.7,16
Y61,RGP,JAMES PAGET UNIVERSITY HOSPITALS NHS FOUNDATION TRUST,C_150,Neurosurgical Service, -   , -   , -   ,-,-,0
Y61,RGP,JAMES PAGET UNIVERSITY HOSPITALS NHS FOUNDATION TRUST,C_160,Plastic Surgery Service,110,59,53.60%,15.3,38.2,3
Y61,RGP,JAMES PAGET UNIVERSITY HOSPITALS NHS FOUNDATION TRUST,C_170,Cardiothoracic Surgery Service, -   , -   , -   ,-,-,0
Y61,RGP,JAMES PAGET UNIVERSITY HOSPITALS NHS FOUNDATION TRUST,C_300,General Internal Medicine Service,328,224,68.30%,8.8,29.7,2
Y61,RGP,JAMES PAGET UNIVERSITY HOSPITALS NHS FOUNDATION TRUST,C_301,Gastroenterology Service,531,421,79.30%,9.4,25.3,1
Y61,RGP,JAMES PAGET UNIVERSITY HOSPITALS NHS FOUNDATION TRUST,C_320,Cardiology Service,392,328,83.70%,9.6,26.8,0
Y61,RGP,JAMES PAGET UNIVERSITY HOSPITALS NHS FOUNDATION TRUST,C_330,Dermatology Service,888,689,77.60%,6.7,36.3,10
Y61,RGP,JAMES PAGET UNIVERSITY HOSPITALS NHS FOUNDATION TRUST,C_340,Respiratory Medicine Service,326,251,77.00%,10.4,41.5,0
Y61,RGP,JAMES PAGET UNIVERSITY HOSPITALS NHS FOUNDATION TRUST,C_400,Neurology Service,487,370,76.00%,9.9,25.5,0
Y61,RGP,JAMES PAGET UNIVERSITY HOSPITALS NHS FOUNDATION TRUST,C_410,Rheumatology Service,125,112,89.60%,11.3,19,0
Y61,RGP,JAMES PAGET UNIVERSITY HOSPITALS NHS FOUNDATION TRUST,C_430,Elderly Medicine Service, -   , -   , -   ,-,-,0
Y61,RGP,JAMES PAGET UNIVERSITY HOSPITALS NHS FOUNDATION TRUST,C_502,Gynaecology Service,"1,933","1,224",63.30%,12.6,36.5,41
Y61,RGP,JAMES PAGET UNIVERSITY HOSPITALS NHS FOUNDATION TRUST,X02,Other - Medical Services,677,593,87.60%,11.8,37.9,28
Y61,RGP,JAMES PAGET UNIVERSITY HOSPITALS NHS FOUNDATION TRUST,X03,Other - Mental Health Services, -   , -   , -   ,-,-,0
Y61,RGP,JAMES PAGET UNIVERSITY HOSPITALS NHS FOUNDATION TRUST,X04,Other - Paediatric Services,993,876,88.20%,5.2,24.8,20
Y61,RGP,JAMES PAGET UNIVERSITY HOSPITALS NHS FOUNDATION TRUST,X05,Other - Surgical Services,951,683,71.80%,7.5,81.9,152
Y61,RGP,JAMES PAGET UNIVERSITY HOSPITALS NHS FOUNDATION TRUST,X06,Other - Other Services,5,5,100.00%,-,-,0
Y61,RGR,WEST SUFFOLK NHS FOUNDATION TRUST,C_100,General Surgery Service,"4,198","2,603",62.00%,12.4,56.9,381
Y61,RGR,WEST SUFFOLK NHS FOUNDATION TRUST,C_101,Urology Service,"1,576",891,56.50%,14.1,67.5,205
Y61,RGR,WEST SUFFOLK NHS FOUNDATION TRUST,C_110,Trauma and Orthopaedic Service,"3,840","1,623",42.30%,24.2,73.7,696
Y61,RGR,WEST SUFFOLK NHS FOUNDATION TRUST,C_120,Ear Nose and Throat Service,"2,427","1,442",59.40%,13,66.9,305
Y61,RGR,WEST SUFFOLK NHS FOUNDATION TRUST,C_130,Ophthalmology Service,"1,520",865,56.90%,12,81.3,458
Y61,RGR,WEST SUFFOLK NHS FOUNDATION TRUST,C_140,Oral Surgery Service, -   , -   , -   ,-,-,0
Y61,RGR,WEST SUFFOLK NHS FOUNDATION TRUST,C_150,Neurosurgical Service, -   , -   , -   ,-,-,0
Y61,RGR,WEST SUFFOLK NHS FOUNDATION TRUST,C_160,Plastic Surgery Service,492,243,49.40%,19.1,65,60
Y61,RGR,WEST SUFFOLK NHS FOUNDATION TRUST,C_170,Cardiothoracic Surgery Service, -   , -   , -   ,-,-,0
Y61,RGR,WEST SUFFOLK NHS FOUNDATION TRUST,C_300,General Internal Medicine Service,533,499,93.60%,4.8,17,4
Y61,RGR,WEST SUFFOLK NHS FOUNDATION TRUST,C_301,Gastroenterology Service,"1,336",999,74.80%,8,37.5,44
Y61,RGR,WEST SUFFOLK NHS FOUNDATION TRUST,C_320,Cardiology Service,669,593,88.60%,6.7,23.7,1
Y61,RGR,WEST SUFFOLK NHS FOUNDATION TRUST,C_330,Dermatology Service,"1,237","1,143",92.40%,4.8,17.4,7
Y61,RGR,WEST SUFFOLK NHS FOUNDATION TRUST,C_340,Respiratory Medicine Service,370,341,92.20%,6.4,17.9,1
Y61,RGR,WEST SUFFOLK NHS FOUNDATION TRUST,C_400,Neurology Service,396,348,87.90%,5,24.5,5
Y61,RGR,WEST SUFFOLK NHS FOUNDATION TRUST,C_410,Rheumatology Service,213,205,96.20%,2.9,14.3,0
Y61,RGR,WEST SUFFOLK NHS FOUNDATION TRUST,C_430,Elderly Medicine Service,15,15,100.00%,-,-,0
Y61,RGR,WEST SUFFOLK NHS FOUNDATION TRUST,C_502,Gynaecology Service,"2,451","1,526",62.30%,12.9,68.4,292
Y61,RGR,WEST SUFFOLK NHS FOUNDATION TRUST,X02,Other - Medical Services,323,217,67.20%,6.3,62.4,35
Y61,RGR,WEST SUFFOLK NHS FOUNDATION TRUST,X03,Other - Mental Health Services,41,39,95.10%,9.3,16.7,0
Y61,RGR,WEST SUFFOLK NHS FOUNDATION TRUST,X04,Other - Paediatric Services,667,575,86.20%,6.7,26.4,6
Y61,RGR,WEST SUFFOLK NHS FOUNDATION TRUST,X05,Other - Surgical Services,1,1,100.00%,-,-,0
Y61,RGR,WEST SUFFOLK NHS FOUNDATION TRUST,X06,Other - Other Services,151,94,62.30%,14,34.5,3
Y61,RGT,CAMBRIDGE UNIVERSITY HOSPITALS NHS FOUNDATION TRUST,C_100,General Surgery Service,"1,084",540,49.80%,18.2,67.1,125
Y61,RGT,CAMBRIDGE UNIVERSITY HOSPITALS NHS FOUNDATION TRUST,C_101,Urology Service,"1,768","1,163",65.80%,10.4,62.2,168
Y61,RGT,CAMBRIDGE UNIVERSITY HOSPITALS NHS FOUNDATION TRUST,C_110,Trauma and Orthopaedic Service,"3,898","1,620",41.60%,25,73.7,738
Y61,RGT,CAMBRIDGE UNIVERSITY HOSPITALS NHS FOUNDATION TRUST,C_120,Ear Nose and Throat Service,"3,237","1,702",52.60%,16.3,72.4,535
Y61,RGT,CAMBRIDGE UNIVERSITY HOSPITALS NHS FOUNDATION TRUST,C_130,Ophthalmology Service,"4,052","2,503",61.80%,12.2,62,353
Y61,RGT,CAMBRIDGE UNIVERSITY HOSPITALS NHS FOUNDATION TRUST,C_140,Oral Surgery Service,"2,728","1,263",46.30%,20.9,68.7,444
Y61,RGT,CAMBRIDGE UNIVERSITY HOSPITALS NHS FOUNDATION TRUST,C_150,Neurosurgical Service,"1,083",644,59.50%,11.6,50.3,80
Y61,RGT,CAMBRIDGE UNIVERSITY HOSPITALS NHS FOUNDATION TRUST,C_160,Plastic Surgery Service,898,645,71.80%,7.7,65.8,94
Y61,RGT,CAMBRIDGE UNIVERSITY HOSPITALS NHS FOUNDATION TRUST,C_170,Cardiothoracic Surgery Service, -   , -   , -   ,-,-,0
Y61,RGT,CAMBRIDGE UNIVERSITY HOSPITALS NHS FOUNDATION TRUST,C_300,General Internal Medicine Service,246,208,84.60%,10.4,23.7,0
Y61,RGT,CAMBRIDGE UNIVERSITY HOSPITALS NHS FOUNDATION TRUST,C_301,Gastroenterology Service,"1,709","1,332",77.90%,5.5,31.1,9
Y61,RGT,CAMBRIDGE UNIVERSITY HOSPITALS NHS FOUNDATION TRUST,C_320,Cardiology Service,"1,814","1,058",58.30%,14.3,36.9,0
Y61,RGT,CAMBRIDGE UNIVERSITY HOSPITALS NHS FOUNDATION TRUST,C_330,Dermatology Service,"2,162","1,439",66.60%,9.7,47.2,141
Y61,RGT,CAMBRIDGE UNIVERSITY HOSPITALS NHS FOUNDATION TRUST,C_340,Respiratory Medicine Service,760,608,80.00%,9.1,23.9,0
Y61,RGT,CAMBRIDGE UNIVERSITY HOSPITALS NHS FOUNDATION TRUST,C_400,Neurology Service,843,774,91.80%,6.4,18.2,6
Y61,RGT,CAMBRIDGE UNIVERSITY HOSPITALS NHS FOUNDATION TRUST,C_410,Rheumatology Service,"1,776","1,365",76.90%,9.3,28.9,9
Y61,RGT,CAMBRIDGE UNIVERSITY HOSPITALS NHS FOUNDATION TRUST,C_430,Elderly Medicine Service,104,83,79.80%,8.1,28.7,0
Y61,RGT,CAMBRIDGE UNIVERSITY HOSPITALS NHS FOUNDATION TRUST,C_502,Gynaecology Service,"2,480","1,455",58.70%,13.7,37.8,64
Y61,RGT,CAMBRIDGE UNIVERSITY HOSPITALS NHS FOUNDATION TRUST,X02,Other - Medical Services,"5,422","4,507",83.10%,5.9,29.4,150
Y61,RGT,CAMBRIDGE UNIVERSITY HOSPITALS NHS FOUNDATION TRUST,X03,Other - Mental Health Services,71,60,84.50%,3.9,40.3,0
Y61,RGT,CAMBRIDGE UNIVERSITY HOSPITALS NHS FOUNDATION TRUST,X04,Other - Paediatric Services,"4,040","2,191",54.20%,15.5,64.4,448
Y61,RGT,CAMBRIDGE UNIVERSITY HOSPITALS NHS FOUNDATION TRUST,X05,Other - Surgical Services,"3,412","1,996",58.50%,12.4,63.8,344
Y61,RGT,CAMBRIDGE UNIVERSITY HOSPITALS NHS FOUNDATION TRUST,X06,Other - Other Services,578,463,80.10%,4.3,31.6,6
Y61,RM1,NORFOLK AND NORWICH UNIVERSITY HOSPITALS NHS FOUNDATION TRUST,C_100,General Surgery Service,"4,929","3,065",62.20%,10,75.8,782
Y61,RM1,NORFOLK AND NORWICH UNIVERSITY HOSPITALS NHS FOUNDATION TRUST,C_101,Urology Service,"5,040","3,088",61.30%,11.1,66.7,593
Y61,RM1,NORFOLK AND NORWICH UNIVERSITY HOSPITALS NHS FOUNDATION TRUST,C_110,Trauma and Orthopaedic Service,"9,639","2,707",28.10%,34.3,89,"3,108"
Y61,RM1,NORFOLK AND NORWICH UNIVERSITY HOSPITALS NHS FOUNDATION TRUST,C_120,Ear Nose and Throat Service,"7,419","2,875",38.80%,26.9,68.3,"1,575"
Y61,RM1,NORFOLK AND NORWICH UNIVERSITY HOSPITALS NHS FOUNDATION TRUST,C_130,Ophthalmology Service,"6,543","3,115",47.60%,20.2,65.4,852
Y61,RM1,NORFOLK AND NORWICH UNIVERSITY HOSPITALS NHS FOUNDATION TRUST,C_140,Oral Surgery Service,"1,736","1,096",63.10%,12.7,69.3,237
Y61,RM1,NORFOLK AND NORWICH UNIVERSITY HOSPITALS NHS FOUNDATION TRUST,C_150,Neurosurgical Service, -   , -   , -   ,-,-,0
Y61,RM1,NORFOLK AND NORWICH UNIVERSITY HOSPITALS NHS FOUNDATION TRUST,C_160,Plastic Surgery Service,"1,411",591,41.90%,25.1,75.4,256
Y61,RM1,NORFOLK AND NORWICH UNIVERSITY HOSPITALS NHS FOUNDATION TRUST,C_170,Cardiothoracic Surgery Service, -   , -   , -   ,-,-,0
Y61,RM1,NORFOLK AND NORWICH UNIVERSITY HOSPITALS NHS FOUNDATION TRUST,C_300,General Internal Medicine Service, -   , -   , -   ,-,-,0
Y61,RM1,NORFOLK AND NORWICH UNIVERSITY HOSPITALS NHS FOUNDATION TRUST,C_301,Gastroenterology Service,"2,705","2,110",78.00%,6.9,28.1,27
Y61,RM1,NORFOLK AND NORWICH UNIVERSITY HOSPITALS NHS FOUNDATION TRUST,C_320,Cardiology Service,"2,398","1,752",73.10%,9.6,38.2,76
Y61,RM1,NORFOLK AND NORWICH UNIVERSITY HOSPITALS NHS FOUNDATION TRUST,C_330,Dermatology Service,"5,933","2,695",45.40%,22.3,51.6,462
Y61,RM1,NORFOLK AND NORWICH UNIVERSITY HOSPITALS NHS FOUNDATION TRUST,C_340,Respiratory Medicine Service,925,732,79.10%,9,28.6,19
Y61,RM1,NORFOLK AND NORWICH UNIVERSITY HOSPITALS NHS FOUNDATION TRUST,C_400,Neurology Service,"1,355","1,178",86.90%,6.9,24.4,5
Y61,RM1,NORFOLK AND NORWICH UNIVERSITY HOSPITALS NHS FOUNDATION TRUST,C_410,Rheumatology Service,"1,110",985,88.70%,6.7,20.5,2
Y61,RM1,NORFOLK AND NORWICH UNIVERSITY HOSPITALS NHS FOUNDATION TRUST,C_430,Elderly Medicine Service,53,50,94.30%,4.4,14.8,0
Y61,RM1,NORFOLK AND NORWICH UNIVERSITY HOSPITALS NHS FOUNDATION TRUST,C_502,Gynaecology Service,"5,721","2,725",47.60%,19.9,76.5,925
Y61,RM1,NORFOLK AND NORWICH UNIVERSITY HOSPITALS NHS FOUNDATION TRUST,X02,Other - Medical Services,"3,714","2,842",76.50%,6.7,40.7,171
Y61,RM1,NORFOLK AND NORWICH UNIVERSITY HOSPITALS NHS FOUNDATION TRUST,X03,Other - Mental Health Services,2,2,100.00%,-,-,0
Y61,RM1,NORFOLK AND NORWICH UNIVERSITY HOSPITALS NHS FOUNDATION TRUST,X04,Other - Paediatric Services,"4,186","2,379",56.80%,12.9,66,592
Y61,RM1,NORFOLK AND NORWICH UNIVERSITY HOSPITALS NHS FOUNDATION TRUST,X05,Other - Surgical Services,"1,723",742,43.10%,26,86.9,537
Y61,RM1,NORFOLK AND NORWICH UNIVERSITY HOSPITALS NHS FOUNDATION TRUST,X06,Other - Other Services,546,467,85.50%,4.8,26.4,14
Y61,RQW,THE PRINCESS ALEXANDRA HOSPITAL NHS TRUST,C_100,General Surgery Service,"3,173","1,889",59.50%,13.5,41.6,116
Y61,RQW,THE PRINCESS ALEXANDRA HOSPITAL NHS TRUST,C_101,Urology Service,"1,676","1,012",60.40%,13.1,49.9,126
Y61,RQW,THE PRINCESS ALEXANDRA HOSPITAL NHS TRUST,C_110,Trauma and Orthopaedic Service,"3,162","1,029",32.50%,26.6,71.6,592
Y61,RQW,THE PRINCESS ALEXANDRA HOSPITAL NHS TRUST,C_120,Ear Nose and Throat Service,"1,654","1,067",64.50%,10,41.3,79
Y61,RQW,THE PRINCESS ALEXANDRA HOSPITAL NHS TRUST,C_130,Ophthalmology Service,"1,564",938,60.00%,12.7,38.9,31
Y61,RQW,THE PRINCESS ALEXANDRA HOSPITAL NHS TRUST,C_140,Oral Surgery Service,652,387,59.40%,12.6,45,41
Y61,RQW,THE PRINCESS ALEXANDRA HOSPITAL NHS TRUST,C_150,Neurosurgical Service, -   , -   , -   ,-,-,0
Y61,RQW,THE PRINCESS ALEXANDRA HOSPITAL NHS TRUST,C_160,Plastic Surgery Service,1,1,100.00%,-,-,0
Y61,RQW,THE PRINCESS ALEXANDRA HOSPITAL NHS TRUST,C_170,Cardiothoracic Surgery Service, -   , -   , -   ,-,-,0
Y61,RQW,THE PRINCESS ALEXANDRA HOSPITAL NHS TRUST,C_300,General Internal Medicine Service,320,277,86.60%,8.4,24.4,1
Y61,RQW,THE PRINCESS ALEXANDRA HOSPITAL NHS TRUST,C_301,Gastroenterology Service,"1,999",977,48.90%,18.7,48.7,133
Y61,RQW,THE PRINCESS ALEXANDRA HOSPITAL NHS TRUST,C_320,Cardiology Service,"1,306",952,72.90%,8.2,33.8,9
Y61,RQW,THE PRINCESS ALEXANDRA HOSPITAL NHS TRUST,C_330,Dermatology Service,"1,222",902,73.80%,8.1,35.4,13
Y61,RQW,THE PRINCESS ALEXANDRA HOSPITAL NHS TRUST,C_340,Respiratory Medicine Service,620,567,91.50%,6.9,19.1,0
Y61,RQW,THE PRINCESS ALEXANDRA HOSPITAL NHS TRUST,C_400,Neurology Service,398,331,83.20%,12.1,24.4,1
Y61,RQW,THE PRINCESS ALEXANDRA HOSPITAL NHS TRUST,C_410,Rheumatology Service,440,333,75.70%,8,33.9,13
Y61,RQW,THE PRINCESS ALEXANDRA HOSPITAL NHS TRUST,C_430,Elderly Medicine Service,16,10,62.50%,-,-,0
Y61,RQW,THE PRINCESS ALEXANDRA HOSPITAL NHS TRUST,C_502,Gynaecology Service,"1,397",935,66.90%,7.9,41.5,50
Y61,RQW,THE PRINCESS ALEXANDRA HOSPITAL NHS TRUST,X02,Other - Medical Services,651,379,58.20%,14.3,42.7,30
Y61,RQW,THE PRINCESS ALEXANDRA HOSPITAL NHS TRUST,X03,Other - Mental Health Services, -   , -   , -   ,-,-,0
Y61,RQW,THE PRINCESS ALEXANDRA HOSPITAL NHS TRUST,X04,Other - Paediatric Services,809,690,85.30%,5.3,25.9,0
Y61,RQW,THE PRINCESS ALEXANDRA HOSPITAL NHS TRUST,X05,Other - Surgical Services,53,34,64.20%,12.9,42.8,3
Y61,RQW,THE PRINCESS ALEXANDRA HOSPITAL NHS TRUST,X06,Other - Other Services,"1,013",713,70.40%,10.8,33.3,11
Y61,RT1,CAMBRIDGESHIRE AND PETERBOROUGH NHS FOUNDATION TRUST,C_100,General Surgery Service, -   , -   , -   ,-,-,0
Y61,RT1,CAMBRIDGESHIRE AND PETERBOROUGH NHS FOUNDATION TRUST,C_101,Urology Service, -   , -   , -   ,-,-,0
Y61,RT1,CAMBRIDGESHIRE AND PETERBOROUGH NHS FOUNDATION TRUST,C_110,Trauma and Orthopaedic Service, -   , -   , -   ,-,-,0
Y61,RT1,CAMBRIDGESHIRE AND PETERBOROUGH NHS FOUNDATION TRUST,C_120,Ear Nose and Throat Service, -   , -   , -   ,-,-,0
Y61,RT1,CAMBRIDGESHIRE AND PETERBOROUGH NHS FOUNDATION TRUST,C_130,Ophthalmology Service, -   , -   , -   ,-,-,0
Y61,RT1,CAMBRIDGESHIRE AND PETERBOROUGH NHS FOUNDATION TRUST,C_140,Oral Surgery Service, -   , -   , -   ,-,-,0
Y61,RT1,CAMBRIDGESHIRE AND PETERBOROUGH NHS FOUNDATION TRUST,C_150,Neurosurgical Service, -   , -   , -   ,-,-,0
Y61,RT1,CAMBRIDGESHIRE AND PETERBOROUGH NHS FOUNDATION TRUST,C_160,Plastic Surgery Service, -   , -   , -   ,-,-,0
Y61,RT1,CAMBRIDGESHIRE AND PETERBOROUGH NHS FOUNDATION TRUST,C_170,Cardiothoracic Surgery Service, -   , -   , -   ,-,-,0
Y61,RT1,CAMBRIDGESHIRE AND PETERBOROUGH NHS FOUNDATION TRUST,C_300,General Internal Medicine Service, -   , -   , -   ,-,-,0
Y61,RT1,CAMBRIDGESHIRE AND PETERBOROUGH NHS FOUNDATION TRUST,C_301,Gastroenterology Service, -   , -   , -   ,-,-,0
Y61,RT1,CAMBRIDGESHIRE AND PETERBOROUGH NHS FOUNDATION TRUST,C_320,Cardiology Service, -   , -   , -   ,-,-,0
Y61,RT1,CAMBRIDGESHIRE AND PETERBOROUGH NHS FOUNDATION TRUST,C_330,Dermatology Service, -   , -   , -   ,-,-,0
Y61,RT1,CAMBRIDGESHIRE AND PETERBOROUGH NHS FOUNDATION TRUST,C_340,Respiratory Medicine Service, -   , -   , -   ,-,-,0
Y61,RT1,CAMBRIDGESHIRE AND PETERBOROUGH NHS FOUNDATION TRUST,C_400,Neurology Service, -   , -   , -   ,-,-,0
Y61,RT1,CAMBRIDGESHIRE AND PETERBOROUGH NHS FOUNDATION TRUST,C_410,Rheumatology Service, -   , -   , -   ,-,-,0
Y61,RT1,CAMBRIDGESHIRE AND PETERBOROUGH NHS FOUNDATION TRUST,C_430,Elderly Medicine Service, -   , -   , -   ,-,-,0
Y61,RT1,CAMBRIDGESHIRE AND PETERBOROUGH NHS FOUNDATION TRUST,C_502,Gynaecology Service, -   , -   , -   ,-,-,0
Y61,RT1,CAMBRIDGESHIRE AND PETERBOROUGH NHS FOUNDATION TRUST,X02,Other - Medical Services, -   , -   , -   ,-,-,0
Y61,RT1,CAMBRIDGESHIRE AND PETERBOROUGH NHS FOUNDATION TRUST,X03,Other - Mental Health Services, -   , -   , -   ,-,-,0
Y61,RT1,CAMBRIDGESHIRE AND PETERBOROUGH NHS FOUNDATION TRUST,X04,Other - Paediatric Services, -   , -   , -   ,-,-,0
Y61,RT1,CAMBRIDGESHIRE AND PETERBOROUGH NHS FOUNDATION TRUST,X05,Other - Surgical Services, -   , -   , -   ,-,-,0
Y61,RT1,CAMBRIDGESHIRE AND PETERBOROUGH NHS FOUNDATION TRUST,X06,Other - Other Services,24,23,95.80%,2.8,15.5,0
Y61,RWG,WEST HERTFORDSHIRE HOSPITALS NHS TRUST,C_100,General Surgery Service,"1,650",954,57.80%,14.1,48.4,114
Y61,RWG,WEST HERTFORDSHIRE HOSPITALS NHS TRUST,C_101,Urology Service,"1,752","1,331",76.00%,7.4,43.2,102
Y61,RWG,WEST HERTFORDSHIRE HOSPITALS NHS TRUST,C_110,Trauma and Orthopaedic Service,"3,027","1,525",50.40%,17.8,57.4,251
Y61,RWG,WEST HERTFORDSHIRE HOSPITALS NHS TRUST,C_120,Ear Nose and Throat Service,"1,361",792,58.20%,13.4,74.1,178
Y61,RWG,WEST HERTFORDSHIRE HOSPITALS NHS TRUST,C_130,Ophthalmology Service,"1,468","1,007",68.60%,8.9,72.8,202
Y61,RWG,WEST HERTFORDSHIRE HOSPITALS NHS TRUST,C_140,Oral Surgery Service,"1,037",801,77.20%,6.6,69.4,108
Y61,RWG,WEST HERTFORDSHIRE HOSPITALS NHS TRUST,C_150,Neurosurgical Service, -   , -   , -   ,-,-,0
Y61,RWG,WEST HERTFORDSHIRE HOSPITALS NHS TRUST,C_160,Plastic Surgery Service, -   , -   , -   ,-,-,0
Y61,RWG,WEST HERTFORDSHIRE HOSPITALS NHS TRUST,C_170,Cardiothoracic Surgery Service, -   , -   , -   ,-,-,0
Y61,RWG,WEST HERTFORDSHIRE HOSPITALS NHS TRUST,C_300,General Internal Medicine Service,2,2,100.00%,-,-,0
Y61,RWG,WEST HERTFORDSHIRE HOSPITALS NHS TRUST,C_301,Gastroenterology Service,"1,560","1,444",92.60%,5.2,17.5,0
Y61,RWG,WEST HERTFORDSHIRE HOSPITALS NHS TRUST,C_320,Cardiology Service,"2,774","2,449",88.30%,7.5,21.8,1
Y61,RWG,WEST HERTFORDSHIRE HOSPITALS NHS TRUST,C_330,Dermatology Service,"2,552","2,334",91.50%,6.5,18.6,0
Y61,RWG,WEST HERTFORDSHIRE HOSPITALS NHS TRUST,C_340,Respiratory Medicine Service,359,336,93.60%,3.9,14.9,2
Y61,RWG,WEST HERTFORDSHIRE HOSPITALS NHS TRUST,C_400,Neurology Service,"1,132","1,022",90.30%,5.7,19,0
Y61,RWG,WEST HERTFORDSHIRE HOSPITALS NHS TRUST,C_410,Rheumatology Service,820,637,77.70%,11.5,26.7,2
Y61,RWG,WEST HERTFORDSHIRE HOSPITALS NHS TRUST,C_430,Elderly Medicine Service,64,56,87.50%,6.5,20.3,0
Y61,RWG,WEST HERTFORDSHIRE HOSPITALS NHS TRUST,C_502,Gynaecology Service,"1,335","1,181",88.50%,7.6,19.4,1
Y61,RWG,WEST HERTFORDSHIRE HOSPITALS NHS TRUST,X02,Other - Medical Services,"2,478","1,872",75.50%,8.8,34.6,73
Y61,RWG,WEST HERTFORDSHIRE HOSPITALS NHS TRUST,X03,Other - Mental Health Services, -   , -   , -   ,-,-,0
Y61,RWG,WEST HERTFORDSHIRE HOSPITALS NHS TRUST,X04,Other - Paediatric Services,768,575,74.90%,10.5,37.9,33
Y61,RWG,WEST HERTFORDSHIRE HOSPITALS NHS TRUST,X05,Other - Surgical Services,"1,597","1,131",70.80%,8,42.3,93
Y61,RWG,WEST HERTFORDSHIRE HOSPITALS NHS TRUST,X06,Other - Other Services,86,84,97.70%,3.6,13.4,0
Y61,RWH,EAST AND NORTH HERTFORDSHIRE NHS TRUST,C_100,General Surgery Service,"3,314","1,829",55.20%,15.7,45.2,160
Y61,RWH,EAST AND NORTH HERTFORDSHIRE NHS TRUST,C_101,Urology Service,"2,201","1,407",63.90%,11.2,56.3,207
Y61,RWH,EAST AND NORTH HERTFORDSHIRE NHS TRUST,C_110,Trauma and Orthopaedic Service,"4,317","2,011",46.60%,19.9,71.1,716
Y61,RWH,EAST AND NORTH HERTFORDSHIRE NHS TRUST,C_120,Ear Nose and Throat Service,"3,364","2,146",63.80%,12.1,34.6,72
Y61,RWH,EAST AND NORTH HERTFORDSHIRE NHS TRUST,C_130,Ophthalmology Service,"5,038","2,631",52.20%,16.7,39.5,164
Y61,RWH,EAST AND NORTH HERTFORDSHIRE NHS TRUST,C_140,Oral Surgery Service,"2,702","1,517",56.10%,15,67,356
Y61,RWH,EAST AND NORTH HERTFORDSHIRE NHS TRUST,C_150,Neurosurgical Service, -   , -   , -   ,-,-,0
Y61,RWH,EAST AND NORTH HERTFORDSHIRE NHS TRUST,C_160,Plastic Surgery Service,"1,306","1,007",77.10%,5.6,39.1,54
Y61,RWH,EAST AND NORTH HERTFORDSHIRE NHS TRUST,C_170,Cardiothoracic Surgery Service,11,11,100.00%,-,-,0
Y61,RWH,EAST AND NORTH HERTFORDSHIRE NHS TRUST,C_300,General Internal Medicine Service,188,171,91.00%,3.7,22,0
Y61,RWH,EAST AND NORTH HERTFORDSHIRE NHS TRUST,C_301,Gastroenterology Service,"4,358","2,503",57.40%,14.9,55.9,425
Y61,RWH,EAST AND NORTH HERTFORDSHIRE NHS TRUST,C_320,Cardiology Service,"1,863","1,451",77.90%,8.4,28.6,7
Y61,RWH,EAST AND NORTH HERTFORDSHIRE NHS TRUST,C_330,Dermatology Service,640,463,72.30%,9.2,32.2,0
Y61,RWH,EAST AND NORTH HERTFORDSHIRE NHS TRUST,C_340,Respiratory Medicine Service,937,699,74.60%,9.5,28.5,3
Y61,RWH,EAST AND NORTH HERTFORDSHIRE NHS TRUST,C_400,Neurology Service,383,370,96.60%,4.5,15.5,2
Y61,RWH,EAST AND NORTH HERTFORDSHIRE NHS TRUST,C_410,Rheumatology Service,"1,081",881,81.50%,8.8,27.7,9
Y61,RWH,EAST AND NORTH HERTFORDSHIRE NHS TRUST,C_430,Elderly Medicine Service,229,177,77.30%,9.7,27,0
Y61,RWH,EAST AND NORTH HERTFORDSHIRE NHS TRUST,C_502,Gynaecology Service,"4,699","3,395",72.20%,12,29.8,44
Y61,RWH,EAST AND NORTH HERTFORDSHIRE NHS TRUST,X02,Other - Medical Services, -   , -   , -   ,-,-,0
Y61,RWH,EAST AND NORTH HERTFORDSHIRE NHS TRUST,X03,Other - Mental Health Services, -   , -   , -   ,-,-,0
Y61,RWH,EAST AND NORTH HERTFORDSHIRE NHS TRUST,X04,Other - Paediatric Services, -   , -   , -   ,-,-,0
Y61,RWH,EAST AND NORTH HERTFORDSHIRE NHS TRUST,X05,Other - Surgical Services, -   , -   , -   ,-,-,0
Y61,RWH,EAST AND NORTH HERTFORDSHIRE NHS TRUST,X06,Other - Other Services,"13,444","9,412",70.00%,10.5,39.4,571
Y61,RY3,NORFOLK COMMUNITY HEALTH AND CARE NHS TRUST,C_100,General Surgery Service, -   , -   , -   ,-,-,0
Y61,RY3,NORFOLK COMMUNITY HEALTH AND CARE NHS TRUST,C_101,Urology Service, -   , -   , -   ,-,-,0
Y61,RY3,NORFOLK COMMUNITY HEALTH AND CARE NHS TRUST,C_110,Trauma and Orthopaedic Service,554,550,99.30%,2.7,10,0
Y61,RY3,NORFOLK COMMUNITY HEALTH AND CARE NHS TRUST,C_120,Ear Nose and Throat Service, -   , -   , -   ,-,-,0
Y61,RY3,NORFOLK COMMUNITY HEALTH AND CARE NHS TRUST,C_130,Ophthalmology Service, -   , -   , -   ,-,-,0
Y61,RY3,NORFOLK COMMUNITY HEALTH AND CARE NHS TRUST,C_140,Oral Surgery Service, -   , -   , -   ,-,-,0
Y61,RY3,NORFOLK COMMUNITY HEALTH AND CARE NHS TRUST,C_150,Neurosurgical Service, -   , -   , -   ,-,-,0
Y61,RY3,NORFOLK COMMUNITY HEALTH AND CARE NHS TRUST,C_160,Plastic Surgery Service, -   , -   , -   ,-,-,0
Y61,RY3,NORFOLK COMMUNITY HEALTH AND CARE NHS TRUST,C_170,Cardiothoracic Surgery Service, -   , -   , -   ,-,-,0
Y61,RY3,NORFOLK COMMUNITY HEALTH AND CARE NHS TRUST,C_300,General Internal Medicine Service, -   , -   , -   ,-,-,0
Y61,RY3,NORFOLK COMMUNITY HEALTH AND CARE NHS TRUST,C_301,Gastroenterology Service, -   , -   , -   ,-,-,0
Y61,RY3,NORFOLK COMMUNITY HEALTH AND CARE NHS TRUST,C_320,Cardiology Service, -   , -   , -   ,-,-,0
Y61,RY3,NORFOLK COMMUNITY HEALTH AND CARE NHS TRUST,C_330,Dermatology Service, -   , -   , -   ,-,-,0
Y61,RY3,NORFOLK COMMUNITY HEALTH AND CARE NHS TRUST,C_340,Respiratory Medicine Service, -   , -   , -   ,-,-,0
Y61,RY3,NORFOLK COMMUNITY HEALTH AND CARE NHS TRUST,C_400,Neurology Service, -   , -   , -   ,-,-,0
Y61,RY3,NORFOLK COMMUNITY HEALTH AND CARE NHS TRUST,C_410,Rheumatology Service, -   , -   , -   ,-,-,0
Y61,RY3,NORFOLK COMMUNITY HEALTH AND CARE NHS TRUST,C_430,Elderly Medicine Service, -   , -   , -   ,-,-,0
Y61,RY3,NORFOLK COMMUNITY HEALTH AND CARE NHS TRUST,C_502,Gynaecology Service, -   , -   , -   ,-,-,0
Y61,RY3,NORFOLK COMMUNITY HEALTH AND CARE NHS TRUST,X02,Other - Medical Services, -   , -   , -   ,-,-,0
Y61,RY3,NORFOLK COMMUNITY HEALTH AND CARE NHS TRUST,X03,Other - Mental Health Services, -   , -   , -   ,-,-,0
Y61,RY3,NORFOLK COMMUNITY HEALTH AND CARE NHS TRUST,X04,Other - Paediatric Services,282,280,99.30%,6.1,12.3,0
Y61,RY3,NORFOLK COMMUNITY HEALTH AND CARE NHS TRUST,X05,Other - Surgical Services, -   , -   , -   ,-,-,0
Y61,RY3,NORFOLK COMMUNITY HEALTH AND CARE NHS TRUST,X06,Other - Other Services,117,106,90.60%,4.2,18.8,0
Y61,RY4,HERTFORDSHIRE COMMUNITY NHS TRUST,C_100,General Surgery Service, -   , -   , -   ,-,-,0
Y61,RY4,HERTFORDSHIRE COMMUNITY NHS TRUST,C_101,Urology Service, -   , -   , -   ,-,-,0
Y61,RY4,HERTFORDSHIRE COMMUNITY NHS TRUST,C_110,Trauma and Orthopaedic Service, -   , -   , -   ,-,-,0
Y61,RY4,HERTFORDSHIRE COMMUNITY NHS TRUST,C_120,Ear Nose and Throat Service, -   , -   , -   ,-,-,0
Y61,RY4,HERTFORDSHIRE COMMUNITY NHS TRUST,C_130,Ophthalmology Service, -   , -   , -   ,-,-,0
Y61,RY4,HERTFORDSHIRE COMMUNITY NHS TRUST,C_140,Oral Surgery Service, -   , -   , -   ,-,-,0
Y61,RY4,HERTFORDSHIRE COMMUNITY NHS TRUST,C_150,Neurosurgical Service, -   , -   , -   ,-,-,0
Y61,RY4,HERTFORDSHIRE COMMUNITY NHS TRUST,C_160,Plastic Surgery Service, -   , -   , -   ,-,-,0
Y61,RY4,HERTFORDSHIRE COMMUNITY NHS TRUST,C_170,Cardiothoracic Surgery Service, -   , -   , -   ,-,-,0
Y61,RY4,HERTFORDSHIRE COMMUNITY NHS TRUST,C_300,General Internal Medicine Service, -   , -   , -   ,-,-,0
Y61,RY4,HERTFORDSHIRE COMMUNITY NHS TRUST,C_301,Gastroenterology Service, -   , -   , -   ,-,-,0
Y61,RY4,HERTFORDSHIRE COMMUNITY NHS TRUST,C_320,Cardiology Service, -   , -   , -   ,-,-,0
Y61,RY4,HERTFORDSHIRE COMMUNITY NHS TRUST,C_330,Dermatology Service, -   , -   , -   ,-,-,0
Y61,RY4,HERTFORDSHIRE COMMUNITY NHS TRUST,C_340,Respiratory Medicine Service, -   , -   , -   ,-,-,0
Y61,RY4,HERTFORDSHIRE COMMUNITY NHS TRUST,C_400,Neurology Service, -   , -   , -   ,-,-,0
Y61,RY4,HERTFORDSHIRE COMMUNITY NHS TRUST,C_410,Rheumatology Service, -   , -   , -   ,-,-,0
Y61,RY4,HERTFORDSHIRE COMMUNITY NHS TRUST,C_430,Elderly Medicine Service, -   , -   , -   ,-,-,0
Y61,RY4,HERTFORDSHIRE COMMUNITY NHS TRUST,C_502,Gynaecology Service, -   , -   , -   ,-,-,0
Y61,RY4,HERTFORDSHIRE COMMUNITY NHS TRUST,X02,Other - Medical Services,664,664,100.00%,4.2,11.2,0
Y61,RY4,HERTFORDSHIRE COMMUNITY NHS TRUST,X03,Other - Mental Health Services, -   , -   , -   ,-,-,0
Y61,RY4,HERTFORDSHIRE COMMUNITY NHS TRUST,X04,Other - Paediatric Services,"1,587","1,145",72.10%,10.2,28.6,0
Y61,RY4,HERTFORDSHIRE COMMUNITY NHS TRUST,X05,Other - Surgical Services, -   , -   , -   ,-,-,0
Y61,RY4,HERTFORDSHIRE COMMUNITY NHS TRUST,X06,Other - Other Services, -   , -   , -   ,-,-,0
Y61,RYV,CAMBRIDGESHIRE COMMUNITY SERVICES NHS TRUST,C_100,General Surgery Service, -   , -   , -   ,-,-,0
Y61,RYV,CAMBRIDGESHIRE COMMUNITY SERVICES NHS TRUST,C_101,Urology Service, -   , -   , -   ,-,-,0
Y61,RYV,CAMBRIDGESHIRE COMMUNITY SERVICES NHS TRUST,C_110,Trauma and Orthopaedic Service, -   , -   , -   ,-,-,0
Y61,RYV,CAMBRIDGESHIRE COMMUNITY SERVICES NHS TRUST,C_120,Ear Nose and Throat Service, -   , -   , -   ,-,-,0
Y61,RYV,CAMBRIDGESHIRE COMMUNITY SERVICES NHS TRUST,C_130,Ophthalmology Service, -   , -   , -   ,-,-,0
Y61,RYV,CAMBRIDGESHIRE COMMUNITY SERVICES NHS TRUST,C_140,Oral Surgery Service,127,52,40.90%,62,70.8,65
Y61,RYV,CAMBRIDGESHIRE COMMUNITY SERVICES NHS TRUST,C_150,Neurosurgical Service, -   , -   , -   ,-,-,0
Y61,RYV,CAMBRIDGESHIRE COMMUNITY SERVICES NHS TRUST,C_160,Plastic Surgery Service, -   , -   , -   ,-,-,0
Y61,RYV,CAMBRIDGESHIRE COMMUNITY SERVICES NHS TRUST,C_170,Cardiothoracic Surgery Service, -   , -   , -   ,-,-,0
Y61,RYV,CAMBRIDGESHIRE COMMUNITY SERVICES NHS TRUST,C_300,General Internal Medicine Service, -   , -   , -   ,-,-,0
Y61,RYV,CAMBRIDGESHIRE COMMUNITY SERVICES NHS TRUST,C_301,Gastroenterology Service, -   , -   , -   ,-,-,0
Y61,RYV,CAMBRIDGESHIRE COMMUNITY SERVICES NHS TRUST,C_320,Cardiology Service, -   , -   , -   ,-,-,0
Y61,RYV,CAMBRIDGESHIRE COMMUNITY SERVICES NHS TRUST,C_330,Dermatology Service, -   , -   , -   ,-,-,0
Y61,RYV,CAMBRIDGESHIRE COMMUNITY SERVICES NHS TRUST,C_340,Respiratory Medicine Service, -   , -   , -   ,-,-,0
Y61,RYV,CAMBRIDGESHIRE COMMUNITY SERVICES NHS TRUST,C_400,Neurology Service, -   , -   , -   ,-,-,0
Y61,RYV,CAMBRIDGESHIRE COMMUNITY SERVICES NHS TRUST,C_410,Rheumatology Service, -   , -   , -   ,-,-,0
Y61,RYV,CAMBRIDGESHIRE COMMUNITY SERVICES NHS TRUST,C_430,Elderly Medicine Service, -   , -   , -   ,-,-,0
Y61,RYV,CAMBRIDGESHIRE COMMUNITY SERVICES NHS TRUST,C_502,Gynaecology Service, -   , -   , -   ,-,-,0
Y61,RYV,CAMBRIDGESHIRE COMMUNITY SERVICES NHS TRUST,X02,Other - Medical Services,"1,441",937,65.00%,12.4,34.6,31
Y61,RYV,CAMBRIDGESHIRE COMMUNITY SERVICES NHS TRUST,X03,Other - Mental Health Services, -   , -   , -   ,-,-,0
Y61,RYV,CAMBRIDGESHIRE COMMUNITY SERVICES NHS TRUST,X04,Other - Paediatric Services, -   , -   , -   ,-,-,0
Y61,RYV,CAMBRIDGESHIRE COMMUNITY SERVICES NHS TRUST,X05,Other - Surgical Services, -   , -   , -   ,-,-,0
Y61,RYV,CAMBRIDGESHIRE COMMUNITY SERVICES NHS TRUST,X06,Other - Other Services, -   , -   , -   ,-,-,0
Y62,R0A,MANCHESTER UNIVERSITY NHS FOUNDATION TRUST,C_100,General Surgery Service,"9,819","4,683",47.70%,19.1,72.5,"1,522"
Y62,R0A,MANCHESTER UNIVERSITY NHS FOUNDATION TRUST,C_101,Urology Service,"7,268","4,067",56.00%,15.2,63,706
Y62,R0A,MANCHESTER UNIVERSITY NHS FOUNDATION TRUST,C_110,Trauma and Orthopaedic Service,"6,147","2,936",47.80%,19.3,74,"1,377"
Y62,R0A,MANCHESTER UNIVERSITY NHS FOUNDATION TRUST,C_120,Ear Nose and Throat Service,"8,129","3,498",43.00%,23.1,77.9,"1,538"
Y62,R0A,MANCHESTER UNIVERSITY NHS FOUNDATION TRUST,C_130,Ophthalmology Service,"9,099","5,676",62.40%,11.8,49.6,705
Y62,R0A,MANCHESTER UNIVERSITY NHS FOUNDATION TRUST,C_140,Oral Surgery Service,"14,855","6,364",42.80%,22.9,75.5,"3,080"
Y62,R0A,MANCHESTER UNIVERSITY NHS FOUNDATION TRUST,C_150,Neurosurgical Service,10,5,50.00%,-,-,0
Y62,R0A,MANCHESTER UNIVERSITY NHS FOUNDATION TRUST,C_160,Plastic Surgery Service,"2,767","1,488",53.80%,16.1,71.7,408
Y62,R0A,MANCHESTER UNIVERSITY NHS FOUNDATION TRUST,C_170,Cardiothoracic Surgery Service,801,496,61.90%,12.7,50.3,59
Y62,R0A,MANCHESTER UNIVERSITY NHS FOUNDATION TRUST,C_300,General Internal Medicine Service,753,621,82.50%,8.6,24,6
Y62,R0A,MANCHESTER UNIVERSITY NHS FOUNDATION TRUST,C_301,Gastroenterology Service,"9,625","5,479",56.90%,15,43.9,501
Y62,R0A,MANCHESTER UNIVERSITY NHS FOUNDATION TRUST,C_320,Cardiology Service,"5,640","3,858",68.40%,11.2,39.5,220
Y62,R0A,MANCHESTER UNIVERSITY NHS FOUNDATION TRUST,C_330,Dermatology Service,"1,272","1,192",93.70%,5.2,16.5,2
Y62,R0A,MANCHESTER UNIVERSITY NHS FOUNDATION TRUST,C_340,Respiratory Medicine Service,"2,311","2,022",87.50%,7.2,20.5,8
Y62,R0A,MANCHESTER UNIVERSITY NHS FOUNDATION TRUST,C_400,Neurology Service,11,10,90.90%,-,-,0
Y62,R0A,MANCHESTER UNIVERSITY NHS FOUNDATION TRUST,C_410,Rheumatology Service,"1,852","1,222",66.00%,12.4,30.5,6
Y62,R0A,MANCHESTER UNIVERSITY NHS FOUNDATION TRUST,C_430,Elderly Medicine Service,581,466,80.20%,8.8,28.1,0
Y62,R0A,MANCHESTER UNIVERSITY NHS FOUNDATION TRUST,C_502,Gynaecology Service,"15,692","6,968",44.40%,21.6,69,"2,417"
Y62,R0A,MANCHESTER UNIVERSITY NHS FOUNDATION TRUST,X02,Other - Medical Services,"13,559","10,689",78.80%,9.4,28.4,137
Y62,R0A,MANCHESTER UNIVERSITY NHS FOUNDATION TRUST,X03,Other - Mental Health Services,83,70,84.30%,4.7,27.4,1
Y62,R0A,MANCHESTER UNIVERSITY NHS FOUNDATION TRUST,X04,Other - Paediatric Services,"16,654","9,498",57.00%,14.8,64.8,"1,809"
Y62,R0A,MANCHESTER UNIVERSITY NHS FOUNDATION TRUST,X05,Other - Surgical Services,"9,695","5,867",60.50%,12.8,66.2,"1,170"
Y62,R0A,MANCHESTER UNIVERSITY NHS FOUNDATION TRUST,X06,Other - Other Services,541,348,64.30%,11.5,54.7,44
Y62,RBL,WIRRAL UNIVERSITY TEACHING HOSPITAL NHS FOUNDATION TRUST,C_100,General Surgery Service,272,247,90.80%,8.2,21.2,5
Y62,RBL,WIRRAL UNIVERSITY TEACHING HOSPITAL NHS FOUNDATION TRUST,C_101,Urology Service,"1,355",909,67.10%,10,50.7,105
Y62,RBL,WIRRAL UNIVERSITY TEACHING HOSPITAL NHS FOUNDATION TRUST,C_110,Trauma and Orthopaedic Service,"1,477",988,66.90%,10.6,46.9,93
Y62,RBL,WIRRAL UNIVERSITY TEACHING HOSPITAL NHS FOUNDATION TRUST,C_120,Ear Nose and Throat Service,"1,260","1,041",82.60%,5.5,33.3,46
Y62,RBL,WIRRAL UNIVERSITY TEACHING HOSPITAL NHS FOUNDATION TRUST,C_130,Ophthalmology Service,"1,989","1,154",58.00%,13.4,43.2,98
Y62,RBL,WIRRAL UNIVERSITY TEACHING HOSPITAL NHS FOUNDATION TRUST,C_140,Oral Surgery Service,"1,179",747,63.40%,9.6,62.3,110
Y62,RBL,WIRRAL UNIVERSITY TEACHING HOSPITAL NHS FOUNDATION TRUST,C_150,Neurosurgical Service, -   , -   , -   ,-,-,0
Y62,RBL,WIRRAL UNIVERSITY TEACHING HOSPITAL NHS FOUNDATION TRUST,C_160,Plastic Surgery Service, -   , -   , -   ,-,-,0
Y62,RBL,WIRRAL UNIVERSITY TEACHING HOSPITAL NHS FOUNDATION TRUST,C_170,Cardiothoracic Surgery Service, -   , -   , -   ,-,-,0
Y62,RBL,WIRRAL UNIVERSITY TEACHING HOSPITAL NHS FOUNDATION TRUST,C_300,General Internal Medicine Service,13,11,84.60%,-,-,0
Y62,RBL,WIRRAL UNIVERSITY TEACHING HOSPITAL NHS FOUNDATION TRUST,C_301,Gastroenterology Service,"2,494","1,615",64.80%,12.5,31.3,17
Y62,RBL,WIRRAL UNIVERSITY TEACHING HOSPITAL NHS FOUNDATION TRUST,C_320,Cardiology Service,699,608,87.00%,6.6,24.4,0
Y62,RBL,WIRRAL UNIVERSITY TEACHING HOSPITAL NHS FOUNDATION TRUST,C_330,Dermatology Service,"1,339","1,177",87.90%,6.5,20,0
Y62,RBL,WIRRAL UNIVERSITY TEACHING HOSPITAL NHS FOUNDATION TRUST,C_340,Respiratory Medicine Service,"1,731","1,124",64.90%,12.2,33.9,3
Y62,RBL,WIRRAL UNIVERSITY TEACHING HOSPITAL NHS FOUNDATION TRUST,C_400,Neurology Service, -   , -   , -   ,-,-,0
Y62,RBL,WIRRAL UNIVERSITY TEACHING HOSPITAL NHS FOUNDATION TRUST,C_410,Rheumatology Service,164,125,76.20%,6.8,32.3,1
Y62,RBL,WIRRAL UNIVERSITY TEACHING HOSPITAL NHS FOUNDATION TRUST,C_430,Elderly Medicine Service,105,89,84.80%,4,27.8,0
Y62,RBL,WIRRAL UNIVERSITY TEACHING HOSPITAL NHS FOUNDATION TRUST,C_502,Gynaecology Service,"2,299","1,599",69.60%,11.2,38.1,47
Y62,RBL,WIRRAL UNIVERSITY TEACHING HOSPITAL NHS FOUNDATION TRUST,X02,Other - Medical Services,"1,369","1,188",86.80%,5,24.7,4
Y62,RBL,WIRRAL UNIVERSITY TEACHING HOSPITAL NHS FOUNDATION TRUST,X03,Other - Mental Health Services, -   , -   , -   ,-,-,0
Y62,RBL,WIRRAL UNIVERSITY TEACHING HOSPITAL NHS FOUNDATION TRUST,X04,Other - Paediatric Services,"1,694","1,311",77.40%,8.4,27.2,2
Y62,RBL,WIRRAL UNIVERSITY TEACHING HOSPITAL NHS FOUNDATION TRUST,X05,Other - Surgical Services,"3,868","2,386",61.70%,12.7,40.1,96
Y62,RBL,WIRRAL UNIVERSITY TEACHING HOSPITAL NHS FOUNDATION TRUST,X06,Other - Other Services,"2,566","2,456",95.70%,4.8,14.2,6
Y62,RBN,ST HELENS AND KNOWSLEY TEACHING HOSPITALS NHS TRUST,C_100,General Surgery Service,"1,542","1,023",66.30%,10.7,46.4,101
Y62,RBN,ST HELENS AND KNOWSLEY TEACHING HOSPITALS NHS TRUST,C_101,Urology Service,"1,579","1,098",69.50%,9,40.2,71
Y62,RBN,ST HELENS AND KNOWSLEY TEACHING HOSPITALS NHS TRUST,C_110,Trauma and Orthopaedic Service,"2,415","1,370",56.70%,15.2,66.7,323
Y62,RBN,ST HELENS AND KNOWSLEY TEACHING HOSPITALS NHS TRUST,C_120,Ear Nose and Throat Service,"1,113",843,75.70%,5.7,66.2,123
Y62,RBN,ST HELENS AND KNOWSLEY TEACHING HOSPITALS NHS TRUST,C_130,Ophthalmology Service,"1,896","1,479",78.00%,7.4,30.2,20
Y62,RBN,ST HELENS AND KNOWSLEY TEACHING HOSPITALS NHS TRUST,C_140,Oral Surgery Service,371,323,87.10%,6.9,24.8,4
Y62,RBN,ST HELENS AND KNOWSLEY TEACHING HOSPITALS NHS TRUST,C_150,Neurosurgical Service,46,40,87.00%,10.3,26.3,0
Y62,RBN,ST HELENS AND KNOWSLEY TEACHING HOSPITALS NHS TRUST,C_160,Plastic Surgery Service,"3,751","1,911",50.90%,17.5,62.8,427
Y62,RBN,ST HELENS AND KNOWSLEY TEACHING HOSPITALS NHS TRUST,C_170,Cardiothoracic Surgery Service, -   , -   , -   ,-,-,0
Y62,RBN,ST HELENS AND KNOWSLEY TEACHING HOSPITALS NHS TRUST,C_300,General Internal Medicine Service,35,35,100.00%,3.5,8.8,0
Y62,RBN,ST HELENS AND KNOWSLEY TEACHING HOSPITALS NHS TRUST,C_301,Gastroenterology Service,"2,174","1,959",90.10%,5.8,20,2
Y62,RBN,ST HELENS AND KNOWSLEY TEACHING HOSPITALS NHS TRUST,C_320,Cardiology Service,849,809,95.30%,5.8,15.9,0
Y62,RBN,ST HELENS AND KNOWSLEY TEACHING HOSPITALS NHS TRUST,C_330,Dermatology Service,"1,936","1,855",95.80%,4.5,13.3,2
Y62,RBN,ST HELENS AND KNOWSLEY TEACHING HOSPITALS NHS TRUST,C_340,Respiratory Medicine Service,301,278,92.40%,5.4,17.8,1
Y62,RBN,ST HELENS AND KNOWSLEY TEACHING HOSPITALS NHS TRUST,C_400,Neurology Service, -   , -   , -   ,-,-,0
Y62,RBN,ST HELENS AND KNOWSLEY TEACHING HOSPITALS NHS TRUST,C_410,Rheumatology Service,380,353,92.90%,5.9,16.9,1
Y62,RBN,ST HELENS AND KNOWSLEY TEACHING HOSPITALS NHS TRUST,C_430,Elderly Medicine Service,47,43,91.50%,4.3,18.2,0
Y62,RBN,ST HELENS AND KNOWSLEY TEACHING HOSPITALS NHS TRUST,C_502,Gynaecology Service,"2,168","1,543",71.20%,10.8,30.8,17
Y62,RBN,ST HELENS AND KNOWSLEY TEACHING HOSPITALS NHS TRUST,X02,Other - Medical Services,"2,486","2,025",81.50%,4.8,39.3,85
Y62,RBN,ST HELENS AND KNOWSLEY TEACHING HOSPITALS NHS TRUST,X03,Other - Mental Health Services, -   , -   , -   ,-,-,0
Y62,RBN,ST HELENS AND KNOWSLEY TEACHING HOSPITALS NHS TRUST,X04,Other - Paediatric Services,658,652,99.10%,3.8,12.1,0
Y62,RBN,ST HELENS AND KNOWSLEY TEACHING HOSPITALS NHS TRUST,X05,Other - Surgical Services,802,621,77.40%,5.9,33.2,19
Y62,RBN,ST HELENS AND KNOWSLEY TEACHING HOSPITALS NHS TRUST,X06,Other - Other Services,8,3,37.50%,-,-,3
Y62,RBQ,LIVERPOOL HEART AND CHEST HOSPITAL NHS FOUNDATION TRUST,C_100,General Surgery Service, -   , -   , -   ,-,-,0
Y62,RBQ,LIVERPOOL HEART AND CHEST HOSPITAL NHS FOUNDATION TRUST,C_101,Urology Service, -   , -   , -   ,-,-,0
Y62,RBQ,LIVERPOOL HEART AND CHEST HOSPITAL NHS FOUNDATION TRUST,C_110,Trauma and Orthopaedic Service, -   , -   , -   ,-,-,0
Y62,RBQ,LIVERPOOL HEART AND CHEST HOSPITAL NHS FOUNDATION TRUST,C_120,Ear Nose and Throat Service, -   , -   , -   ,-,-,0
Y62,RBQ,LIVERPOOL HEART AND CHEST HOSPITAL NHS FOUNDATION TRUST,C_130,Ophthalmology Service, -   , -   , -   ,-,-,0
Y62,RBQ,LIVERPOOL HEART AND CHEST HOSPITAL NHS FOUNDATION TRUST,C_140,Oral Surgery Service, -   , -   , -   ,-,-,0
Y62,RBQ,LIVERPOOL HEART AND CHEST HOSPITAL NHS FOUNDATION TRUST,C_150,Neurosurgical Service, -   , -   , -   ,-,-,0
Y62,RBQ,LIVERPOOL HEART AND CHEST HOSPITAL NHS FOUNDATION TRUST,C_160,Plastic Surgery Service, -   , -   , -   ,-,-,0
Y62,RBQ,LIVERPOOL HEART AND CHEST HOSPITAL NHS FOUNDATION TRUST,C_170,Cardiothoracic Surgery Service,732,430,58.70%,14.7,54.9,64
Y62,RBQ,LIVERPOOL HEART AND CHEST HOSPITAL NHS FOUNDATION TRUST,C_300,General Internal Medicine Service, -   , -   , -   ,-,-,0
Y62,RBQ,LIVERPOOL HEART AND CHEST HOSPITAL NHS FOUNDATION TRUST,C_301,Gastroenterology Service, -   , -   , -   ,-,-,0
Y62,RBQ,LIVERPOOL HEART AND CHEST HOSPITAL NHS FOUNDATION TRUST,C_320,Cardiology Service,"2,473","2,034",82.20%,9.4,26.5,32
Y62,RBQ,LIVERPOOL HEART AND CHEST HOSPITAL NHS FOUNDATION TRUST,C_330,Dermatology Service, -   , -   , -   ,-,-,0
Y62,RBQ,LIVERPOOL HEART AND CHEST HOSPITAL NHS FOUNDATION TRUST,C_340,Respiratory Medicine Service,498,403,80.90%,9.8,26.4,0
Y62,RBQ,LIVERPOOL HEART AND CHEST HOSPITAL NHS FOUNDATION TRUST,C_400,Neurology Service, -   , -   , -   ,-,-,0
Y62,RBQ,LIVERPOOL HEART AND CHEST HOSPITAL NHS FOUNDATION TRUST,C_410,Rheumatology Service, -   , -   , -   ,-,-,0
Y62,RBQ,LIVERPOOL HEART AND CHEST HOSPITAL NHS FOUNDATION TRUST,C_430,Elderly Medicine Service, -   , -   , -   ,-,-,0
Y62,RBQ,LIVERPOOL HEART AND CHEST HOSPITAL NHS FOUNDATION TRUST,C_502,Gynaecology Service, -   , -   , -   ,-,-,0
Y62,RBQ,LIVERPOOL HEART AND CHEST HOSPITAL NHS FOUNDATION TRUST,X02,Other - Medical Services, -   , -   , -   ,-,-,0
Y62,RBQ,LIVERPOOL HEART AND CHEST HOSPITAL NHS FOUNDATION TRUST,X03,Other - Mental Health Services, -   , -   , -   ,-,-,0
Y62,RBQ,LIVERPOOL HEART AND CHEST HOSPITAL NHS FOUNDATION TRUST,X04,Other - Paediatric Services, -   , -   , -   ,-,-,0
Y62,RBQ,LIVERPOOL HEART AND CHEST HOSPITAL NHS FOUNDATION TRUST,X05,Other - Surgical Services, -   , -   , -   ,-,-,0
Y62,RBQ,LIVERPOOL HEART AND CHEST HOSPITAL NHS FOUNDATION TRUST,X06,Other - Other Services, -   , -   , -   ,-,-,0
Y62,RBS,ALDER HEY CHILDREN'S NHS FOUNDATION TRUST,C_100,General Surgery Service, -   , -   , -   ,-,-,0
Y62,RBS,ALDER HEY CHILDREN'S NHS FOUNDATION TRUST,C_101,Urology Service, -   , -   , -   ,-,-,0
Y62,RBS,ALDER HEY CHILDREN'S NHS FOUNDATION TRUST,C_110,Trauma and Orthopaedic Service, -   , -   , -   ,-,-,0
Y62,RBS,ALDER HEY CHILDREN'S NHS FOUNDATION TRUST,C_120,Ear Nose and Throat Service, -   , -   , -   ,-,-,0
Y62,RBS,ALDER HEY CHILDREN'S NHS FOUNDATION TRUST,C_130,Ophthalmology Service, -   , -   , -   ,-,-,0
Y62,RBS,ALDER HEY CHILDREN'S NHS FOUNDATION TRUST,C_140,Oral Surgery Service, -   , -   , -   ,-,-,0
Y62,RBS,ALDER HEY CHILDREN'S NHS FOUNDATION TRUST,C_150,Neurosurgical Service, -   , -   , -   ,-,-,0
Y62,RBS,ALDER HEY CHILDREN'S NHS FOUNDATION TRUST,C_160,Plastic Surgery Service, -   , -   , -   ,-,-,0
Y62,RBS,ALDER HEY CHILDREN'S NHS FOUNDATION TRUST,C_170,Cardiothoracic Surgery Service, -   , -   , -   ,-,-,0
Y62,RBS,ALDER HEY CHILDREN'S NHS FOUNDATION TRUST,C_300,General Internal Medicine Service, -   , -   , -   ,-,-,0
Y62,RBS,ALDER HEY CHILDREN'S NHS FOUNDATION TRUST,C_301,Gastroenterology Service, -   , -   , -   ,-,-,0
Y62,RBS,ALDER HEY CHILDREN'S NHS FOUNDATION TRUST,C_320,Cardiology Service, -   , -   , -   ,-,-,0
Y62,RBS,ALDER HEY CHILDREN'S NHS FOUNDATION TRUST,C_330,Dermatology Service, -   , -   , -   ,-,-,0
Y62,RBS,ALDER HEY CHILDREN'S NHS FOUNDATION TRUST,C_340,Respiratory Medicine Service, -   , -   , -   ,-,-,0
Y62,RBS,ALDER HEY CHILDREN'S NHS FOUNDATION TRUST,C_400,Neurology Service, -   , -   , -   ,-,-,0
Y62,RBS,ALDER HEY CHILDREN'S NHS FOUNDATION TRUST,C_410,Rheumatology Service, -   , -   , -   ,-,-,0
Y62,RBS,ALDER HEY CHILDREN'S NHS FOUNDATION TRUST,C_430,Elderly Medicine Service, -   , -   , -   ,-,-,0
Y62,RBS,ALDER HEY CHILDREN'S NHS FOUNDATION TRUST,C_502,Gynaecology Service, -   , -   , -   ,-,-,0
Y62,RBS,ALDER HEY CHILDREN'S NHS FOUNDATION TRUST,X02,Other - Medical Services, -   , -   , -   ,-,-,0
Y62,RBS,ALDER HEY CHILDREN'S NHS FOUNDATION TRUST,X03,Other - Mental Health Services, -   , -   , -   ,-,-,0
Y62,RBS,ALDER HEY CHILDREN'S NHS FOUNDATION TRUST,X04,Other - Paediatric Services,"10,765","7,673",71.30%,11.9,31.4,216
Y62,RBS,ALDER HEY CHILDREN'S NHS FOUNDATION TRUST,X05,Other - Surgical Services, -   , -   , -   ,-,-,0
Y62,RBS,ALDER HEY CHILDREN'S NHS FOUNDATION TRUST,X06,Other - Other Services, -   , -   , -   ,-,-,0
Y62,RBT,MID CHESHIRE HOSPITALS NHS FOUNDATION TRUST,C_100,General Surgery Service,"3,549","2,192",61.80%,12.9,39.5,63
Y62,RBT,MID CHESHIRE HOSPITALS NHS FOUNDATION TRUST,C_101,Urology Service,"1,388","1,002",72.20%,9.8,44.5,84
Y62,RBT,MID CHESHIRE HOSPITALS NHS FOUNDATION TRUST,C_110,Trauma and Orthopaedic Service,"2,790","1,546",55.40%,14.9,57.4,249
Y62,RBT,MID CHESHIRE HOSPITALS NHS FOUNDATION TRUST,C_120,Ear Nose and Throat Service,"2,864","1,902",66.40%,11,32.9,22
Y62,RBT,MID CHESHIRE HOSPITALS NHS FOUNDATION TRUST,C_130,Ophthalmology Service,"3,105","1,952",62.90%,11.9,33.1,95
Y62,RBT,MID CHESHIRE HOSPITALS NHS FOUNDATION TRUST,C_140,Oral Surgery Service, -   , -   , -   ,-,-,0
Y62,RBT,MID CHESHIRE HOSPITALS NHS FOUNDATION TRUST,C_150,Neurosurgical Service, -   , -   , -   ,-,-,0
Y62,RBT,MID CHESHIRE HOSPITALS NHS FOUNDATION TRUST,C_160,Plastic Surgery Service, -   , -   , -   ,-,-,0
Y62,RBT,MID CHESHIRE HOSPITALS NHS FOUNDATION TRUST,C_170,Cardiothoracic Surgery Service, -   , -   , -   ,-,-,0
Y62,RBT,MID CHESHIRE HOSPITALS NHS FOUNDATION TRUST,C_300,General Internal Medicine Service, -   , -   , -   ,-,-,0
Y62,RBT,MID CHESHIRE HOSPITALS NHS FOUNDATION TRUST,C_301,Gastroenterology Service,"1,619",949,58.60%,14.9,32,2
Y62,RBT,MID CHESHIRE HOSPITALS NHS FOUNDATION TRUST,C_320,Cardiology Service,"1,046",799,76.40%,9.5,27.6,8
Y62,RBT,MID CHESHIRE HOSPITALS NHS FOUNDATION TRUST,C_330,Dermatology Service,"1,623","1,324",81.60%,7.5,24.9,0
Y62,RBT,MID CHESHIRE HOSPITALS NHS FOUNDATION TRUST,C_340,Respiratory Medicine Service,249,224,90.00%,6.2,18.8,0
Y62,RBT,MID CHESHIRE HOSPITALS NHS FOUNDATION TRUST,C_400,Neurology Service, -   , -   , -   ,-,-,0
Y62,RBT,MID CHESHIRE HOSPITALS NHS FOUNDATION TRUST,C_410,Rheumatology Service,876,559,63.80%,13.5,30.7,0
Y62,RBT,MID CHESHIRE HOSPITALS NHS FOUNDATION TRUST,C_430,Elderly Medicine Service,37,31,83.80%,8,23,0
Y62,RBT,MID CHESHIRE HOSPITALS NHS FOUNDATION TRUST,C_502,Gynaecology Service,"1,329","1,031",77.60%,6.9,36.4,62
Y62,RBT,MID CHESHIRE HOSPITALS NHS FOUNDATION TRUST,X02,Other - Medical Services,"1,358","1,273",93.70%,6,16.8,0
Y62,RBT,MID CHESHIRE HOSPITALS NHS FOUNDATION TRUST,X03,Other - Mental Health Services, -   , -   , -   ,-,-,0
Y62,RBT,MID CHESHIRE HOSPITALS NHS FOUNDATION TRUST,X04,Other - Paediatric Services,632,431,68.20%,11,30.9,0
Y62,RBT,MID CHESHIRE HOSPITALS NHS FOUNDATION TRUST,X05,Other - Surgical Services,233,232,99.60%,1.6,8.6,0
Y62,RBT,MID CHESHIRE HOSPITALS NHS FOUNDATION TRUST,X06,Other - Other Services,686,679,99.00%,2.7,7.8,0
Y62,RBV,THE CHRISTIE NHS FOUNDATION TRUST,C_100,General Surgery Service, -   , -   , -   ,-,-,0
Y62,RBV,THE CHRISTIE NHS FOUNDATION TRUST,C_101,Urology Service,70,69,98.60%,5.2,11.5,0
Y62,RBV,THE CHRISTIE NHS FOUNDATION TRUST,C_110,Trauma and Orthopaedic Service, -   , -   , -   ,-,-,0
Y62,RBV,THE CHRISTIE NHS FOUNDATION TRUST,C_120,Ear Nose and Throat Service,1,1,100.00%,-,-,0
Y62,RBV,THE CHRISTIE NHS FOUNDATION TRUST,C_130,Ophthalmology Service, -   , -   , -   ,-,-,0
Y62,RBV,THE CHRISTIE NHS FOUNDATION TRUST,C_140,Oral Surgery Service,1,1,100.00%,-,-,0
Y62,RBV,THE CHRISTIE NHS FOUNDATION TRUST,C_150,Neurosurgical Service, -   , -   , -   ,-,-,0
Y62,RBV,THE CHRISTIE NHS FOUNDATION TRUST,C_160,Plastic Surgery Service,119,117,98.30%,2.9,8.2,0
Y62,RBV,THE CHRISTIE NHS FOUNDATION TRUST,C_170,Cardiothoracic Surgery Service, -   , -   , -   ,-,-,0
Y62,RBV,THE CHRISTIE NHS FOUNDATION TRUST,C_300,General Internal Medicine Service, -   , -   , -   ,-,-,0
Y62,RBV,THE CHRISTIE NHS FOUNDATION TRUST,C_301,Gastroenterology Service, -   , -   , -   ,-,-,0
Y62,RBV,THE CHRISTIE NHS FOUNDATION TRUST,C_320,Cardiology Service, -   , -   , -   ,-,-,0
Y62,RBV,THE CHRISTIE NHS FOUNDATION TRUST,C_330,Dermatology Service, -   , -   , -   ,-,-,0
Y62,RBV,THE CHRISTIE NHS FOUNDATION TRUST,C_340,Respiratory Medicine Service, -   , -   , -   ,-,-,0
Y62,RBV,THE CHRISTIE NHS FOUNDATION TRUST,C_400,Neurology Service, -   , -   , -   ,-,-,0
Y62,RBV,THE CHRISTIE NHS FOUNDATION TRUST,C_410,Rheumatology Service, -   , -   , -   ,-,-,0
Y62,RBV,THE CHRISTIE NHS FOUNDATION TRUST,C_430,Elderly Medicine Service, -   , -   , -   ,-,-,0
Y62,RBV,THE CHRISTIE NHS FOUNDATION TRUST,C_502,Gynaecology Service,38,38,100.00%,5.1,12,0
Y62,RBV,THE CHRISTIE NHS FOUNDATION TRUST,X02,Other - Medical Services,"1,192","1,183",99.20%,2.8,9.8,0
Y62,RBV,THE CHRISTIE NHS FOUNDATION TRUST,X03,Other - Mental Health Services, -   , -   , -   ,-,-,0
Y62,RBV,THE CHRISTIE NHS FOUNDATION TRUST,X04,Other - Paediatric Services, -   , -   , -   ,-,-,0
Y62,RBV,THE CHRISTIE NHS FOUNDATION TRUST,X05,Other - Surgical Services,55,55,100.00%,3.3,7.9,0
Y62,RBV,THE CHRISTIE NHS FOUNDATION TRUST,X06,Other - Other Services, -   , -   , -   ,-,-,0
Y62,REM,LIVERPOOL UNIVERSITY HOSPITALS NHS FOUNDATION TRUST,C_100,General Surgery Service,"2,559",929,36.30%,29.3,72.1,533
Y62,REM,LIVERPOOL UNIVERSITY HOSPITALS NHS FOUNDATION TRUST,C_101,Urology Service,"2,622","1,734",66.10%,12.2,41.6,90
Y62,REM,LIVERPOOL UNIVERSITY HOSPITALS NHS FOUNDATION TRUST,C_110,Trauma and Orthopaedic Service,"7,325","2,588",35.30%,30.8,77,"1,917"
Y62,REM,LIVERPOOL UNIVERSITY HOSPITALS NHS FOUNDATION TRUST,C_120,Ear Nose and Throat Service,"6,608","3,773",57.10%,15,56.8,598
Y62,REM,LIVERPOOL UNIVERSITY HOSPITALS NHS FOUNDATION TRUST,C_130,Ophthalmology Service,"7,977","5,178",64.90%,11.9,40.2,365
Y62,REM,LIVERPOOL UNIVERSITY HOSPITALS NHS FOUNDATION TRUST,C_140,Oral Surgery Service,"2,700","1,970",73.00%,9.5,61.5,227
Y62,REM,LIVERPOOL UNIVERSITY HOSPITALS NHS FOUNDATION TRUST,C_150,Neurosurgical Service, -   , -   , -   ,-,-,0
Y62,REM,LIVERPOOL UNIVERSITY HOSPITALS NHS FOUNDATION TRUST,C_160,Plastic Surgery Service,152,133,87.50%,8.8,25.8,9
Y62,REM,LIVERPOOL UNIVERSITY HOSPITALS NHS FOUNDATION TRUST,C_170,Cardiothoracic Surgery Service, -   , -   , -   ,-,-,0
Y62,REM,LIVERPOOL UNIVERSITY HOSPITALS NHS FOUNDATION TRUST,C_300,General Internal Medicine Service,74,70,94.60%,3.1,10.7,1
Y62,REM,LIVERPOOL UNIVERSITY HOSPITALS NHS FOUNDATION TRUST,C_301,Gastroenterology Service,"5,684","4,240",74.60%,8.7,30,8
Y62,REM,LIVERPOOL UNIVERSITY HOSPITALS NHS FOUNDATION TRUST,C_320,Cardiology Service,"1,709","1,630",95.40%,5.6,16.2,0
Y62,REM,LIVERPOOL UNIVERSITY HOSPITALS NHS FOUNDATION TRUST,C_330,Dermatology Service,"3,026","2,281",75.40%,7.3,35.4,106
Y62,REM,LIVERPOOL UNIVERSITY HOSPITALS NHS FOUNDATION TRUST,C_340,Respiratory Medicine Service,"1,495","1,338",89.50%,7.2,19.7,5
Y62,REM,LIVERPOOL UNIVERSITY HOSPITALS NHS FOUNDATION TRUST,C_400,Neurology Service, -   , -   , -   ,-,-,0
Y62,REM,LIVERPOOL UNIVERSITY HOSPITALS NHS FOUNDATION TRUST,C_410,Rheumatology Service,"1,091",903,82.80%,8.1,24.5,2
Y62,REM,LIVERPOOL UNIVERSITY HOSPITALS NHS FOUNDATION TRUST,C_430,Elderly Medicine Service,282,278,98.60%,4.1,12.5,0
Y62,REM,LIVERPOOL UNIVERSITY HOSPITALS NHS FOUNDATION TRUST,C_502,Gynaecology Service, -   , -   , -   ,-,-,0
Y62,REM,LIVERPOOL UNIVERSITY HOSPITALS NHS FOUNDATION TRUST,X02,Other - Medical Services,"2,854","2,534",88.80%,7.4,20.1,3
Y62,REM,LIVERPOOL UNIVERSITY HOSPITALS NHS FOUNDATION TRUST,X03,Other - Mental Health Services, -   , -   , -   ,-,-,0
Y62,REM,LIVERPOOL UNIVERSITY HOSPITALS NHS FOUNDATION TRUST,X04,Other - Paediatric Services,305,198,64.90%,13.3,63.3,30
Y62,REM,LIVERPOOL UNIVERSITY HOSPITALS NHS FOUNDATION TRUST,X05,Other - Surgical Services,"5,527","3,440",62.20%,12.1,51.8,440
Y62,REM,LIVERPOOL UNIVERSITY HOSPITALS NHS FOUNDATION TRUST,X06,Other - Other Services,"3,538","2,814",79.50%,10,27.7,70
Y62,REN,THE CLATTERBRIDGE CANCER CENTRE NHS FOUNDATION TRUST,C_100,General Surgery Service, -   , -   , -   ,-,-,0
Y62,REN,THE CLATTERBRIDGE CANCER CENTRE NHS FOUNDATION TRUST,C_101,Urology Service, -   , -   , -   ,-,-,0
Y62,REN,THE CLATTERBRIDGE CANCER CENTRE NHS FOUNDATION TRUST,C_110,Trauma and Orthopaedic Service, -   , -   , -   ,-,-,0
Y62,REN,THE CLATTERBRIDGE CANCER CENTRE NHS FOUNDATION TRUST,C_120,Ear Nose and Throat Service, -   , -   , -   ,-,-,0
Y62,REN,THE CLATTERBRIDGE CANCER CENTRE NHS FOUNDATION TRUST,C_130,Ophthalmology Service, -   , -   , -   ,-,-,0
Y62,REN,THE CLATTERBRIDGE CANCER CENTRE NHS FOUNDATION TRUST,C_140,Oral Surgery Service, -   , -   , -   ,-,-,0
Y62,REN,THE CLATTERBRIDGE CANCER CENTRE NHS FOUNDATION TRUST,C_150,Neurosurgical Service, -   , -   , -   ,-,-,0
Y62,REN,THE CLATTERBRIDGE CANCER CENTRE NHS FOUNDATION TRUST,C_160,Plastic Surgery Service, -   , -   , -   ,-,-,0
Y62,REN,THE CLATTERBRIDGE CANCER CENTRE NHS FOUNDATION TRUST,C_170,Cardiothoracic Surgery Service, -   , -   , -   ,-,-,0
Y62,REN,THE CLATTERBRIDGE CANCER CENTRE NHS FOUNDATION TRUST,C_300,General Internal Medicine Service, -   , -   , -   ,-,-,0
Y62,REN,THE CLATTERBRIDGE CANCER CENTRE NHS FOUNDATION TRUST,C_301,Gastroenterology Service, -   , -   , -   ,-,-,0
Y62,REN,THE CLATTERBRIDGE CANCER CENTRE NHS FOUNDATION TRUST,C_320,Cardiology Service, -   , -   , -   ,-,-,0
Y62,REN,THE CLATTERBRIDGE CANCER CENTRE NHS FOUNDATION TRUST,C_330,Dermatology Service, -   , -   , -   ,-,-,0
Y62,REN,THE CLATTERBRIDGE CANCER CENTRE NHS FOUNDATION TRUST,C_340,Respiratory Medicine Service, -   , -   , -   ,-,-,0
Y62,REN,THE CLATTERBRIDGE CANCER CENTRE NHS FOUNDATION TRUST,C_400,Neurology Service, -   , -   , -   ,-,-,0
Y62,REN,THE CLATTERBRIDGE CANCER CENTRE NHS FOUNDATION TRUST,C_410,Rheumatology Service, -   , -   , -   ,-,-,0
Y62,REN,THE CLATTERBRIDGE CANCER CENTRE NHS FOUNDATION TRUST,C_430,Elderly Medicine Service, -   , -   , -   ,-,-,0
Y62,REN,THE CLATTERBRIDGE CANCER CENTRE NHS FOUNDATION TRUST,C_502,Gynaecology Service, -   , -   , -   ,-,-,0
Y62,REN,THE CLATTERBRIDGE CANCER CENTRE NHS FOUNDATION TRUST,X02,Other - Medical Services,615,609,99.00%,5.8,12,0
Y62,REN,THE CLATTERBRIDGE CANCER CENTRE NHS FOUNDATION TRUST,X03,Other - Mental Health Services, -   , -   , -   ,-,-,0
Y62,REN,THE CLATTERBRIDGE CANCER CENTRE NHS FOUNDATION TRUST,X04,Other - Paediatric Services, -   , -   , -   ,-,-,0
Y62,REN,THE CLATTERBRIDGE CANCER CENTRE NHS FOUNDATION TRUST,X05,Other - Surgical Services, -   , -   , -   ,-,-,0
Y62,REN,THE CLATTERBRIDGE CANCER CENTRE NHS FOUNDATION TRUST,X06,Other - Other Services,297,294,99.00%,5.9,11,0
Y62,REP,LIVERPOOL WOMEN'S NHS FOUNDATION TRUST,C_100,General Surgery Service, -   , -   , -   ,-,-,0
Y62,REP,LIVERPOOL WOMEN'S NHS FOUNDATION TRUST,C_101,Urology Service, -   , -   , -   ,-,-,0
Y62,REP,LIVERPOOL WOMEN'S NHS FOUNDATION TRUST,C_110,Trauma and Orthopaedic Service, -   , -   , -   ,-,-,0
Y62,REP,LIVERPOOL WOMEN'S NHS FOUNDATION TRUST,C_120,Ear Nose and Throat Service, -   , -   , -   ,-,-,0
Y62,REP,LIVERPOOL WOMEN'S NHS FOUNDATION TRUST,C_130,Ophthalmology Service, -   , -   , -   ,-,-,0
Y62,REP,LIVERPOOL WOMEN'S NHS FOUNDATION TRUST,C_140,Oral Surgery Service, -   , -   , -   ,-,-,0
Y62,REP,LIVERPOOL WOMEN'S NHS FOUNDATION TRUST,C_150,Neurosurgical Service, -   , -   , -   ,-,-,0
Y62,REP,LIVERPOOL WOMEN'S NHS FOUNDATION TRUST,C_160,Plastic Surgery Service, -   , -   , -   ,-,-,0
Y62,REP,LIVERPOOL WOMEN'S NHS FOUNDATION TRUST,C_170,Cardiothoracic Surgery Service, -   , -   , -   ,-,-,0
Y62,REP,LIVERPOOL WOMEN'S NHS FOUNDATION TRUST,C_300,General Internal Medicine Service, -   , -   , -   ,-,-,0
Y62,REP,LIVERPOOL WOMEN'S NHS FOUNDATION TRUST,C_301,Gastroenterology Service, -   , -   , -   ,-,-,0
Y62,REP,LIVERPOOL WOMEN'S NHS FOUNDATION TRUST,C_320,Cardiology Service, -   , -   , -   ,-,-,0
Y62,REP,LIVERPOOL WOMEN'S NHS FOUNDATION TRUST,C_330,Dermatology Service, -   , -   , -   ,-,-,0
Y62,REP,LIVERPOOL WOMEN'S NHS FOUNDATION TRUST,C_340,Respiratory Medicine Service, -   , -   , -   ,-,-,0
Y62,REP,LIVERPOOL WOMEN'S NHS FOUNDATION TRUST,C_400,Neurology Service, -   , -   , -   ,-,-,0
Y62,REP,LIVERPOOL WOMEN'S NHS FOUNDATION TRUST,C_410,Rheumatology Service, -   , -   , -   ,-,-,0
Y62,REP,LIVERPOOL WOMEN'S NHS FOUNDATION TRUST,C_430,Elderly Medicine Service, -   , -   , -   ,-,-,0
Y62,REP,LIVERPOOL WOMEN'S NHS FOUNDATION TRUST,C_502,Gynaecology Service,"10,442","7,048",67.50%,11,35.6,170
Y62,REP,LIVERPOOL WOMEN'S NHS FOUNDATION TRUST,X02,Other - Medical Services, -   , -   , -   ,-,-,0
Y62,REP,LIVERPOOL WOMEN'S NHS FOUNDATION TRUST,X03,Other - Mental Health Services, -   , -   , -   ,-,-,0
Y62,REP,LIVERPOOL WOMEN'S NHS FOUNDATION TRUST,X04,Other - Paediatric Services, -   , -   , -   ,-,-,0
Y62,REP,LIVERPOOL WOMEN'S NHS FOUNDATION TRUST,X05,Other - Surgical Services, -   , -   , -   ,-,-,0
Y62,REP,LIVERPOOL WOMEN'S NHS FOUNDATION TRUST,X06,Other - Other Services,583,577,99.00%,5,14.4,0
Y62,RET,THE WALTON CENTRE NHS FOUNDATION TRUST,C_100,General Surgery Service, -   ,,,-,,0
Y62,RET,THE WALTON CENTRE NHS FOUNDATION TRUST,C_101,Urology Service, -   ,,,-,,0
Y62,RET,THE WALTON CENTRE NHS FOUNDATION TRUST,C_110,Trauma and Orthopaedic Service, -   ,,,-,,0
Y62,RET,THE WALTON CENTRE NHS FOUNDATION TRUST,C_120,Ear Nose and Throat Service, -   ,,,-,,0
Y62,RET,THE WALTON CENTRE NHS FOUNDATION TRUST,C_130,Ophthalmology Service,26,,,7.5,,0
Y62,RET,THE WALTON CENTRE NHS FOUNDATION TRUST,C_140,Oral Surgery Service, -   ,,,-,,0
Y62,RET,THE WALTON CENTRE NHS FOUNDATION TRUST,C_150,Neurosurgical Service,"3,049",,,10.5,,82
Y62,RET,THE WALTON CENTRE NHS FOUNDATION TRUST,C_160,Plastic Surgery Service, -   ,,,-,,0
Y62,RET,THE WALTON CENTRE NHS FOUNDATION TRUST,C_170,Cardiothoracic Surgery Service, -   ,,,-,,0
Y62,RET,THE WALTON CENTRE NHS FOUNDATION TRUST,C_300,General Internal Medicine Service, -   ,,,-,,0
Y62,RET,THE WALTON CENTRE NHS FOUNDATION TRUST,C_301,Gastroenterology Service, -   ,,,-,,0
Y62,RET,THE WALTON CENTRE NHS FOUNDATION TRUST,C_320,Cardiology Service, -   ,,,-,,0
Y62,RET,THE WALTON CENTRE NHS FOUNDATION TRUST,C_330,Dermatology Service, -   ,,,-,,0
Y62,RET,THE WALTON CENTRE NHS FOUNDATION TRUST,C_340,Respiratory Medicine Service, -   ,,,-,,0
Y62,RET,THE WALTON CENTRE NHS FOUNDATION TRUST,C_400,Neurology Service,"4,989",,,6.3,,0
Y62,RET,THE WALTON CENTRE NHS FOUNDATION TRUST,C_410,Rheumatology Service, -   ,,,-,,0
Y62,RET,THE WALTON CENTRE NHS FOUNDATION TRUST,C_430,Elderly Medicine Service, -   ,,,-,,0
Y62,RET,THE WALTON CENTRE NHS FOUNDATION TRUST,C_502,Gynaecology Service, -   ,,,-,,0
Y62,RET,THE WALTON CENTRE NHS FOUNDATION TRUST,X02,Other - Medical Services,"1,832",,,9.9,,57
Y62,RET,THE WALTON CENTRE NHS FOUNDATION TRUST,X03,Other - Mental Health Services,61,,,10.7,,0
Y62,RET,THE WALTON CENTRE NHS FOUNDATION TRUST,X04,Other - Paediatric Services, -   ,,,-,,0
Y62,RET,THE WALTON CENTRE NHS FOUNDATION TRUST,X05,Other - Surgical Services, -   ,,,-,,0
Y62,RET,THE WALTON CENTRE NHS FOUNDATION TRUST,X06,Other - Other Services, -   ,,,-,,0
Y62,RJN,EAST CHESHIRE NHS TRUST,C_100,General Surgery Service,"1,266",697,55.10%,15.8,50.1,90
Y62,RJN,EAST CHESHIRE NHS TRUST,C_101,Urology Service,307,192,62.50%,12.3,37.5,1
Y62,RJN,EAST CHESHIRE NHS TRUST,C_110,Trauma and Orthopaedic Service,"1,426",614,43.10%,23.2,72.9,265
Y62,RJN,EAST CHESHIRE NHS TRUST,C_120,Ear Nose and Throat Service,732,455,62.20%,13.4,35.3,24
Y62,RJN,EAST CHESHIRE NHS TRUST,C_130,Ophthalmology Service,"2,024","1,120",55.30%,14.8,45.2,113
Y62,RJN,EAST CHESHIRE NHS TRUST,C_140,Oral Surgery Service, -   , -   , -   ,-,-,0
Y62,RJN,EAST CHESHIRE NHS TRUST,C_150,Neurosurgical Service, -   , -   , -   ,-,-,0
Y62,RJN,EAST CHESHIRE NHS TRUST,C_160,Plastic Surgery Service,35,29,82.90%,8.5,24.2,0
Y62,RJN,EAST CHESHIRE NHS TRUST,C_170,Cardiothoracic Surgery Service, -   , -   , -   ,-,-,0
Y62,RJN,EAST CHESHIRE NHS TRUST,C_300,General Internal Medicine Service,3,3,100.00%,-,-,0
Y62,RJN,EAST CHESHIRE NHS TRUST,C_301,Gastroenterology Service,"1,509",788,52.20%,17.1,41.9,33
Y62,RJN,EAST CHESHIRE NHS TRUST,C_320,Cardiology Service,359,256,71.30%,11,33.3,2
Y62,RJN,EAST CHESHIRE NHS TRUST,C_330,Dermatology Service, -   , -   , -   ,-,-,0
Y62,RJN,EAST CHESHIRE NHS TRUST,C_340,Respiratory Medicine Service,206,150,72.80%,8.5,31.6,0
Y62,RJN,EAST CHESHIRE NHS TRUST,C_400,Neurology Service, -   , -   , -   ,-,-,0
Y62,RJN,EAST CHESHIRE NHS TRUST,C_410,Rheumatology Service, -   , -   , -   ,-,-,0
Y62,RJN,EAST CHESHIRE NHS TRUST,C_430,Elderly Medicine Service,28,23,82.10%,4.8,20.9,0
Y62,RJN,EAST CHESHIRE NHS TRUST,C_502,Gynaecology Service,871,591,67.90%,10.4,32.7,3
Y62,RJN,EAST CHESHIRE NHS TRUST,X02,Other - Medical Services,382,298,78.00%,7.8,32.4,2
Y62,RJN,EAST CHESHIRE NHS TRUST,X03,Other - Mental Health Services, -   , -   , -   ,-,-,0
Y62,RJN,EAST CHESHIRE NHS TRUST,X04,Other - Paediatric Services,56,24,42.90%,24.5,39.5,1
Y62,RJN,EAST CHESHIRE NHS TRUST,X05,Other - Surgical Services,452,387,85.60%,3.5,25.3,1
Y62,RJN,EAST CHESHIRE NHS TRUST,X06,Other - Other Services,16,16,100.00%,-,-,0
Y62,RJR,COUNTESS OF CHESTER HOSPITAL NHS FOUNDATION TRUST,C_100,General Surgery Service,"4,703","3,147",66.90%,10.9,58,412
Y62,RJR,COUNTESS OF CHESTER HOSPITAL NHS FOUNDATION TRUST,C_101,Urology Service,"2,017",947,47.00%,20.8,65.9,391
Y62,RJR,COUNTESS OF CHESTER HOSPITAL NHS FOUNDATION TRUST,C_110,Trauma and Orthopaedic Service,"2,061",815,39.50%,25.2,69.4,392
Y62,RJR,COUNTESS OF CHESTER HOSPITAL NHS FOUNDATION TRUST,C_120,Ear Nose and Throat Service,"2,859","1,228",43.00%,23.1,68,497
Y62,RJR,COUNTESS OF CHESTER HOSPITAL NHS FOUNDATION TRUST,C_130,Ophthalmology Service,"3,131","1,514",48.40%,19.5,73.9,734
Y62,RJR,COUNTESS OF CHESTER HOSPITAL NHS FOUNDATION TRUST,C_140,Oral Surgery Service,"1,645",637,38.70%,29.1,78,578
Y62,RJR,COUNTESS OF CHESTER HOSPITAL NHS FOUNDATION TRUST,C_150,Neurosurgical Service, -   , -   , -   ,-,-,0
Y62,RJR,COUNTESS OF CHESTER HOSPITAL NHS FOUNDATION TRUST,C_160,Plastic Surgery Service,728,400,54.90%,13.4,84.3,188
Y62,RJR,COUNTESS OF CHESTER HOSPITAL NHS FOUNDATION TRUST,C_170,Cardiothoracic Surgery Service, -   , -   , -   ,-,-,0
Y62,RJR,COUNTESS OF CHESTER HOSPITAL NHS FOUNDATION TRUST,C_300,General Internal Medicine Service,567,459,81.00%,7.3,24,2
Y62,RJR,COUNTESS OF CHESTER HOSPITAL NHS FOUNDATION TRUST,C_301,Gastroenterology Service,"1,116",779,69.80%,10.7,43.6,59
Y62,RJR,COUNTESS OF CHESTER HOSPITAL NHS FOUNDATION TRUST,C_320,Cardiology Service,452,411,90.90%,6,19,1
Y62,RJR,COUNTESS OF CHESTER HOSPITAL NHS FOUNDATION TRUST,C_330,Dermatology Service,790,587,74.30%,11.3,28.6,5
Y62,RJR,COUNTESS OF CHESTER HOSPITAL NHS FOUNDATION TRUST,C_340,Respiratory Medicine Service,630,519,82.40%,6.2,29.6,17
Y62,RJR,COUNTESS OF CHESTER HOSPITAL NHS FOUNDATION TRUST,C_400,Neurology Service, -   , -   , -   ,-,-,0
Y62,RJR,COUNTESS OF CHESTER HOSPITAL NHS FOUNDATION TRUST,C_410,Rheumatology Service,488,330,67.60%,8.6,37.3,2
Y62,RJR,COUNTESS OF CHESTER HOSPITAL NHS FOUNDATION TRUST,C_430,Elderly Medicine Service,160,154,96.30%,6,16.1,0
Y62,RJR,COUNTESS OF CHESTER HOSPITAL NHS FOUNDATION TRUST,C_502,Gynaecology Service,"2,382","1,176",49.40%,18.5,51.3,180
Y62,RJR,COUNTESS OF CHESTER HOSPITAL NHS FOUNDATION TRUST,X02,Other - Medical Services, -   , -   , -   ,-,-,0
Y62,RJR,COUNTESS OF CHESTER HOSPITAL NHS FOUNDATION TRUST,X03,Other - Mental Health Services, -   , -   , -   ,-,-,0
Y62,RJR,COUNTESS OF CHESTER HOSPITAL NHS FOUNDATION TRUST,X04,Other - Paediatric Services, -   , -   , -   ,-,-,0
Y62,RJR,COUNTESS OF CHESTER HOSPITAL NHS FOUNDATION TRUST,X05,Other - Surgical Services, -   , -   , -   ,-,-,0
Y62,RJR,COUNTESS OF CHESTER HOSPITAL NHS FOUNDATION TRUST,X06,Other - Other Services,"1,547",933,60.30%,13,40.3,16
Y62,RM3,SALFORD ROYAL NHS FOUNDATION TRUST,C_100,General Surgery Service,"1,790",787,44.00%,22.6,74.6,390
Y62,RM3,SALFORD ROYAL NHS FOUNDATION TRUST,C_101,Urology Service,"2,473","1,495",60.50%,14.9,44.3,136
Y62,RM3,SALFORD ROYAL NHS FOUNDATION TRUST,C_110,Trauma and Orthopaedic Service,"8,992","4,915",54.70%,15.6,64.6,"1,113"
Y62,RM3,SALFORD ROYAL NHS FOUNDATION TRUST,C_120,Ear Nose and Throat Service,"4,088","1,811",44.30%,20.7,63,454
Y62,RM3,SALFORD ROYAL NHS FOUNDATION TRUST,C_130,Ophthalmology Service, -   , -   , -   ,-,-,0
Y62,RM3,SALFORD ROYAL NHS FOUNDATION TRUST,C_140,Oral Surgery Service,"1,679",810,48.20%,18.9,64.2,207
Y62,RM3,SALFORD ROYAL NHS FOUNDATION TRUST,C_150,Neurosurgical Service,"6,365","3,729",58.60%,14.9,48.4,458
Y62,RM3,SALFORD ROYAL NHS FOUNDATION TRUST,C_160,Plastic Surgery Service,125,86,68.80%,7.6,72.5,14
Y62,RM3,SALFORD ROYAL NHS FOUNDATION TRUST,C_170,Cardiothoracic Surgery Service, -   , -   , -   ,-,-,0
Y62,RM3,SALFORD ROYAL NHS FOUNDATION TRUST,C_300,General Internal Medicine Service, -   , -   , -   ,-,-,0
Y62,RM3,SALFORD ROYAL NHS FOUNDATION TRUST,C_301,Gastroenterology Service,"2,337","1,714",73.30%,10.1,35.9,46
Y62,RM3,SALFORD ROYAL NHS FOUNDATION TRUST,C_320,Cardiology Service,"1,071",916,85.50%,6.3,23.9,7
Y62,RM3,SALFORD ROYAL NHS FOUNDATION TRUST,C_330,Dermatology Service,"8,991","6,552",72.90%,10.4,31.8,78
Y62,RM3,SALFORD ROYAL NHS FOUNDATION TRUST,C_340,Respiratory Medicine Service,372,371,99.70%,3.7,11.3,0
Y62,RM3,SALFORD ROYAL NHS FOUNDATION TRUST,C_400,Neurology Service,"9,695","7,996",82.50%,8.8,24.9,81
Y62,RM3,SALFORD ROYAL NHS FOUNDATION TRUST,C_410,Rheumatology Service,869,765,88.00%,8.4,19.7,0
Y62,RM3,SALFORD ROYAL NHS FOUNDATION TRUST,C_430,Elderly Medicine Service,54,50,92.60%,9.3,16.8,0
Y62,RM3,SALFORD ROYAL NHS FOUNDATION TRUST,C_502,Gynaecology Service,"2,404","1,309",54.50%,16.3,41.2,85
Y62,RM3,SALFORD ROYAL NHS FOUNDATION TRUST,X02,Other - Medical Services,"2,320","2,180",94.00%,6.3,16.7,14
Y62,RM3,SALFORD ROYAL NHS FOUNDATION TRUST,X03,Other - Mental Health Services, -   , -   , -   ,-,-,0
Y62,RM3,SALFORD ROYAL NHS FOUNDATION TRUST,X04,Other - Paediatric Services,"1,828","1,233",67.50%,12.1,36.6,59
Y62,RM3,SALFORD ROYAL NHS FOUNDATION TRUST,X05,Other - Surgical Services,"4,282","2,891",67.50%,12.4,45.1,277
Y62,RM3,SALFORD ROYAL NHS FOUNDATION TRUST,X06,Other - Other Services,91,43,47.30%,19.3,54.7,9
Y62,RMC,BOLTON NHS FOUNDATION TRUST,C_100,General Surgery Service,"3,330","1,973",59.20%,13.2,69.1,449
Y62,RMC,BOLTON NHS FOUNDATION TRUST,C_101,Urology Service,"1,425",960,67.40%,10.4,51,112
Y62,RMC,BOLTON NHS FOUNDATION TRUST,C_110,Trauma and Orthopaedic Service,"3,361","2,111",62.80%,13.3,66.5,374
Y62,RMC,BOLTON NHS FOUNDATION TRUST,C_120,Ear Nose and Throat Service,"2,335","1,268",54.30%,15.9,66.6,330
Y62,RMC,BOLTON NHS FOUNDATION TRUST,C_130,Ophthalmology Service,"3,912","2,831",72.40%,10.1,36.7,191
Y62,RMC,BOLTON NHS FOUNDATION TRUST,C_140,Oral Surgery Service,"1,725",736,42.70%,22.8,85.3,487
Y62,RMC,BOLTON NHS FOUNDATION TRUST,C_150,Neurosurgical Service, -   , -   , -   ,-,-,0
Y62,RMC,BOLTON NHS FOUNDATION TRUST,C_160,Plastic Surgery Service,271,142,52.40%,15.8,68.3,38
Y62,RMC,BOLTON NHS FOUNDATION TRUST,C_170,Cardiothoracic Surgery Service,6,5,83.30%,-,-,0
Y62,RMC,BOLTON NHS FOUNDATION TRUST,C_300,General Internal Medicine Service,1,1,100.00%,-,-,0
Y62,RMC,BOLTON NHS FOUNDATION TRUST,C_301,Gastroenterology Service,"2,017","1,411",70.00%,11.4,40,74
Y62,RMC,BOLTON NHS FOUNDATION TRUST,C_320,Cardiology Service,"1,141",950,83.30%,8,26,14
Y62,RMC,BOLTON NHS FOUNDATION TRUST,C_330,Dermatology Service,"1,049",959,91.40%,5.4,18.6,0
Y62,RMC,BOLTON NHS FOUNDATION TRUST,C_340,Respiratory Medicine Service,647,570,88.10%,7.6,20.7,3
Y62,RMC,BOLTON NHS FOUNDATION TRUST,C_400,Neurology Service,20,20,100.00%,5.4,12.8,0
Y62,RMC,BOLTON NHS FOUNDATION TRUST,C_410,Rheumatology Service,399,393,98.50%,7.3,13.5,0
Y62,RMC,BOLTON NHS FOUNDATION TRUST,C_430,Elderly Medicine Service,202,200,99.00%,5.1,11,0
Y62,RMC,BOLTON NHS FOUNDATION TRUST,C_502,Gynaecology Service,"1,963","1,183",60.30%,12,64,196
Y62,RMC,BOLTON NHS FOUNDATION TRUST,X02,Other - Medical Services,"1,715","1,472",85.80%,5.9,30.4,53
Y62,RMC,BOLTON NHS FOUNDATION TRUST,X03,Other - Mental Health Services, -   , -   , -   ,-,-,0
Y62,RMC,BOLTON NHS FOUNDATION TRUST,X04,Other - Paediatric Services,372,185,49.70%,18.5,69.2,46
Y62,RMC,BOLTON NHS FOUNDATION TRUST,X05,Other - Surgical Services,509,297,58.30%,13.7,67.1,52
Y62,RMC,BOLTON NHS FOUNDATION TRUST,X06,Other - Other Services,119,118,99.20%,4.8,12.5,0
Y62,RMP,TAMESIDE AND GLOSSOP INTEGRATED CARE NHS FOUNDATION TRUST,C_100,General Surgery Service,"2,028","1,627",80.20%,7.5,33.6,81
Y62,RMP,TAMESIDE AND GLOSSOP INTEGRATED CARE NHS FOUNDATION TRUST,C_101,Urology Service,992,753,75.90%,10,26.7,1
Y62,RMP,TAMESIDE AND GLOSSOP INTEGRATED CARE NHS FOUNDATION TRUST,C_110,Trauma and Orthopaedic Service,"2,694","1,182",43.90%,23.7,76.2,669
Y62,RMP,TAMESIDE AND GLOSSOP INTEGRATED CARE NHS FOUNDATION TRUST,C_120,Ear Nose and Throat Service,"1,006",887,88.20%,6.2,22.6,25
Y62,RMP,TAMESIDE AND GLOSSOP INTEGRATED CARE NHS FOUNDATION TRUST,C_130,Ophthalmology Service,547,514,94.00%,6.6,16.6,0
Y62,RMP,TAMESIDE AND GLOSSOP INTEGRATED CARE NHS FOUNDATION TRUST,C_140,Oral Surgery Service,597,409,68.50%,9.7,48.2,45
Y62,RMP,TAMESIDE AND GLOSSOP INTEGRATED CARE NHS FOUNDATION TRUST,C_150,Neurosurgical Service, -   , -   , -   ,-,-,0
Y62,RMP,TAMESIDE AND GLOSSOP INTEGRATED CARE NHS FOUNDATION TRUST,C_160,Plastic Surgery Service,83,40,48.20%,20,70.1,20
Y62,RMP,TAMESIDE AND GLOSSOP INTEGRATED CARE NHS FOUNDATION TRUST,C_170,Cardiothoracic Surgery Service,15,14,93.30%,-,-,0
Y62,RMP,TAMESIDE AND GLOSSOP INTEGRATED CARE NHS FOUNDATION TRUST,C_300,General Internal Medicine Service,221,164,74.20%,11.3,39.3,13
Y62,RMP,TAMESIDE AND GLOSSOP INTEGRATED CARE NHS FOUNDATION TRUST,C_301,Gastroenterology Service,"1,000",926,92.60%,6.9,17.8,3
Y62,RMP,TAMESIDE AND GLOSSOP INTEGRATED CARE NHS FOUNDATION TRUST,C_320,Cardiology Service,693,642,92.60%,6.4,17.4,0
Y62,RMP,TAMESIDE AND GLOSSOP INTEGRATED CARE NHS FOUNDATION TRUST,C_330,Dermatology Service,"1,232","1,168",94.80%,5.9,16.3,0
Y62,RMP,TAMESIDE AND GLOSSOP INTEGRATED CARE NHS FOUNDATION TRUST,C_340,Respiratory Medicine Service,525,498,94.90%,5.9,15.4,1
Y62,RMP,TAMESIDE AND GLOSSOP INTEGRATED CARE NHS FOUNDATION TRUST,C_400,Neurology Service, -   , -   , -   ,-,-,0
Y62,RMP,TAMESIDE AND GLOSSOP INTEGRATED CARE NHS FOUNDATION TRUST,C_410,Rheumatology Service,191,170,89.00%,4.9,20.7,2
Y62,RMP,TAMESIDE AND GLOSSOP INTEGRATED CARE NHS FOUNDATION TRUST,C_430,Elderly Medicine Service,9,9,100.00%,-,-,0
Y62,RMP,TAMESIDE AND GLOSSOP INTEGRATED CARE NHS FOUNDATION TRUST,C_502,Gynaecology Service,"2,290","1,587",69.30%,11.9,47.2,160
Y62,RMP,TAMESIDE AND GLOSSOP INTEGRATED CARE NHS FOUNDATION TRUST,X02,Other - Medical Services,811,484,59.70%,14.5,64.6,97
Y62,RMP,TAMESIDE AND GLOSSOP INTEGRATED CARE NHS FOUNDATION TRUST,X03,Other - Mental Health Services, -   , -   , -   ,-,-,0
Y62,RMP,TAMESIDE AND GLOSSOP INTEGRATED CARE NHS FOUNDATION TRUST,X04,Other - Paediatric Services,617,577,93.50%,5.2,17.1,3
Y62,RMP,TAMESIDE AND GLOSSOP INTEGRATED CARE NHS FOUNDATION TRUST,X05,Other - Surgical Services,558,359,64.30%,6.7,37.6,34
Y62,RMP,TAMESIDE AND GLOSSOP INTEGRATED CARE NHS FOUNDATION TRUST,X06,Other - Other Services, -   , -   , -   ,-,-,0
Y62,RRF,"WRIGHTINGTON, WIGAN AND LEIGH NHS FOUNDATION TRUST",C_100,General Surgery Service,"1,373",687,50.00%,18,69.6,174
Y62,RRF,"WRIGHTINGTON, WIGAN AND LEIGH NHS FOUNDATION TRUST",C_101,Urology Service,"1,528","1,077",70.50%,10,62.8,132
Y62,RRF,"WRIGHTINGTON, WIGAN AND LEIGH NHS FOUNDATION TRUST",C_110,Trauma and Orthopaedic Service,"6,745","3,263",48.40%,19.2,67.2,"1,069"
Y62,RRF,"WRIGHTINGTON, WIGAN AND LEIGH NHS FOUNDATION TRUST",C_120,Ear Nose and Throat Service,"2,742","1,702",62.10%,13.2,45.2,151
Y62,RRF,"WRIGHTINGTON, WIGAN AND LEIGH NHS FOUNDATION TRUST",C_130,Ophthalmology Service,"1,662","1,071",64.40%,10.2,43.7,82
Y62,RRF,"WRIGHTINGTON, WIGAN AND LEIGH NHS FOUNDATION TRUST",C_140,Oral Surgery Service,665,479,72.00%,7.3,65.3,72
Y62,RRF,"WRIGHTINGTON, WIGAN AND LEIGH NHS FOUNDATION TRUST",C_150,Neurosurgical Service,8,7,87.50%,-,-,0
Y62,RRF,"WRIGHTINGTON, WIGAN AND LEIGH NHS FOUNDATION TRUST",C_160,Plastic Surgery Service,261,223,85.40%,6.7,28.3,2
Y62,RRF,"WRIGHTINGTON, WIGAN AND LEIGH NHS FOUNDATION TRUST",C_170,Cardiothoracic Surgery Service,16,12,75.00%,-,-,0
Y62,RRF,"WRIGHTINGTON, WIGAN AND LEIGH NHS FOUNDATION TRUST",C_300,General Internal Medicine Service,113,94,83.20%,5.4,29,0
Y62,RRF,"WRIGHTINGTON, WIGAN AND LEIGH NHS FOUNDATION TRUST",C_301,Gastroenterology Service,"3,123","1,768",56.60%,14,44.4,68
Y62,RRF,"WRIGHTINGTON, WIGAN AND LEIGH NHS FOUNDATION TRUST",C_320,Cardiology Service,"1,136",970,85.40%,6.9,23.9,4
Y62,RRF,"WRIGHTINGTON, WIGAN AND LEIGH NHS FOUNDATION TRUST",C_330,Dermatology Service,"1,746","1,451",83.10%,7.9,22,1
Y62,RRF,"WRIGHTINGTON, WIGAN AND LEIGH NHS FOUNDATION TRUST",C_340,Respiratory Medicine Service,737,680,92.30%,5.4,17.8,0
Y62,RRF,"WRIGHTINGTON, WIGAN AND LEIGH NHS FOUNDATION TRUST",C_400,Neurology Service, -   , -   , -   ,-,-,0
Y62,RRF,"WRIGHTINGTON, WIGAN AND LEIGH NHS FOUNDATION TRUST",C_410,Rheumatology Service,391,379,96.90%,5.7,14.7,0
Y62,RRF,"WRIGHTINGTON, WIGAN AND LEIGH NHS FOUNDATION TRUST",C_430,Elderly Medicine Service,166,128,77.10%,10.3,25.9,1
Y62,RRF,"WRIGHTINGTON, WIGAN AND LEIGH NHS FOUNDATION TRUST",C_502,Gynaecology Service,"2,874","1,691",58.80%,14.5,37,70
Y62,RRF,"WRIGHTINGTON, WIGAN AND LEIGH NHS FOUNDATION TRUST",X02,Other - Medical Services,526,492,93.50%,6.2,16.7,0
Y62,RRF,"WRIGHTINGTON, WIGAN AND LEIGH NHS FOUNDATION TRUST",X03,Other - Mental Health Services, -   , -   , -   ,-,-,0
Y62,RRF,"WRIGHTINGTON, WIGAN AND LEIGH NHS FOUNDATION TRUST",X04,Other - Paediatric Services,"2,481","1,529",61.60%,13,68.9,298
Y62,RRF,"WRIGHTINGTON, WIGAN AND LEIGH NHS FOUNDATION TRUST",X05,Other - Surgical Services,"3,185","1,761",55.30%,14.1,71,536
Y62,RRF,"WRIGHTINGTON, WIGAN AND LEIGH NHS FOUNDATION TRUST",X06,Other - Other Services,8,5,62.50%,-,-,0
Y62,RTX,UNIVERSITY HOSPITALS OF MORECAMBE BAY NHS FOUNDATION TRUST,C_100,General Surgery Service,"1,778",881,49.60%,18.4,68,252
Y62,RTX,UNIVERSITY HOSPITALS OF MORECAMBE BAY NHS FOUNDATION TRUST,C_101,Urology Service,"2,082","1,264",60.70%,13.4,41.8,57
Y62,RTX,UNIVERSITY HOSPITALS OF MORECAMBE BAY NHS FOUNDATION TRUST,C_110,Trauma and Orthopaedic Service,"3,930","2,005",51.00%,17.4,67.4,603
Y62,RTX,UNIVERSITY HOSPITALS OF MORECAMBE BAY NHS FOUNDATION TRUST,C_120,Ear Nose and Throat Service,"2,608","1,403",53.80%,15.9,64,327
Y62,RTX,UNIVERSITY HOSPITALS OF MORECAMBE BAY NHS FOUNDATION TRUST,C_130,Ophthalmology Service,"2,705","2,223",82.20%,6.5,30.2,58
Y62,RTX,UNIVERSITY HOSPITALS OF MORECAMBE BAY NHS FOUNDATION TRUST,C_140,Oral Surgery Service,"1,184",849,71.70%,9.5,41.5,72
Y62,RTX,UNIVERSITY HOSPITALS OF MORECAMBE BAY NHS FOUNDATION TRUST,C_150,Neurosurgical Service, -   , -   , -   ,-,-,0
Y62,RTX,UNIVERSITY HOSPITALS OF MORECAMBE BAY NHS FOUNDATION TRUST,C_160,Plastic Surgery Service,52,44,84.60%,2.9,23.9,0
Y62,RTX,UNIVERSITY HOSPITALS OF MORECAMBE BAY NHS FOUNDATION TRUST,C_170,Cardiothoracic Surgery Service,33,27,81.80%,8.5,31.4,0
Y62,RTX,UNIVERSITY HOSPITALS OF MORECAMBE BAY NHS FOUNDATION TRUST,C_300,General Internal Medicine Service,15,11,73.30%,-,-,0
Y62,RTX,UNIVERSITY HOSPITALS OF MORECAMBE BAY NHS FOUNDATION TRUST,C_301,Gastroenterology Service,"1,203",962,80.00%,6.3,33.8,9
Y62,RTX,UNIVERSITY HOSPITALS OF MORECAMBE BAY NHS FOUNDATION TRUST,C_320,Cardiology Service,585,572,97.80%,4.9,11.8,0
Y62,RTX,UNIVERSITY HOSPITALS OF MORECAMBE BAY NHS FOUNDATION TRUST,C_330,Dermatology Service,"1,186",985,83.10%,6,35.6,35
Y62,RTX,UNIVERSITY HOSPITALS OF MORECAMBE BAY NHS FOUNDATION TRUST,C_340,Respiratory Medicine Service,595,389,65.40%,11.5,40.1,5
Y62,RTX,UNIVERSITY HOSPITALS OF MORECAMBE BAY NHS FOUNDATION TRUST,C_400,Neurology Service, -   , -   , -   ,-,-,0
Y62,RTX,UNIVERSITY HOSPITALS OF MORECAMBE BAY NHS FOUNDATION TRUST,C_410,Rheumatology Service,932,636,68.20%,11.6,34.2,6
Y62,RTX,UNIVERSITY HOSPITALS OF MORECAMBE BAY NHS FOUNDATION TRUST,C_430,Elderly Medicine Service,135,120,88.90%,4.9,24.1,1
Y62,RTX,UNIVERSITY HOSPITALS OF MORECAMBE BAY NHS FOUNDATION TRUST,C_502,Gynaecology Service,"1,265","1,018",80.50%,7.3,29.8,28
Y62,RTX,UNIVERSITY HOSPITALS OF MORECAMBE BAY NHS FOUNDATION TRUST,X02,Other - Medical Services,"1,688","1,212",71.80%,8.8,38.3,61
Y62,RTX,UNIVERSITY HOSPITALS OF MORECAMBE BAY NHS FOUNDATION TRUST,X03,Other - Mental Health Services, -   , -   , -   ,-,-,0
Y62,RTX,UNIVERSITY HOSPITALS OF MORECAMBE BAY NHS FOUNDATION TRUST,X04,Other - Paediatric Services,998,790,79.20%,6.3,40,42
Y62,RTX,UNIVERSITY HOSPITALS OF MORECAMBE BAY NHS FOUNDATION TRUST,X05,Other - Surgical Services,"1,623","1,197",73.80%,8,38.5,76
Y62,RTX,UNIVERSITY HOSPITALS OF MORECAMBE BAY NHS FOUNDATION TRUST,X06,Other - Other Services,469,374,79.70%,4.4,34.3,13
Y62,RVY,SOUTHPORT AND ORMSKIRK HOSPITAL NHS TRUST,C_100,General Surgery Service,"1,251",900,71.90%,7.8,39.2,33
Y62,RVY,SOUTHPORT AND ORMSKIRK HOSPITAL NHS TRUST,C_101,Urology Service,593,439,74.00%,6.9,38.9,16
Y62,RVY,SOUTHPORT AND ORMSKIRK HOSPITAL NHS TRUST,C_110,Trauma and Orthopaedic Service,"2,803","2,504",89.30%,3.7,24.3,16
Y62,RVY,SOUTHPORT AND ORMSKIRK HOSPITAL NHS TRUST,C_120,Ear Nose and Throat Service,941,713,75.80%,10.4,28.9,7
Y62,RVY,SOUTHPORT AND ORMSKIRK HOSPITAL NHS TRUST,C_130,Ophthalmology Service,447,332,74.30%,6.9,35.4,10
Y62,RVY,SOUTHPORT AND ORMSKIRK HOSPITAL NHS TRUST,C_140,Oral Surgery Service,315,294,93.30%,6,17,0
Y62,RVY,SOUTHPORT AND ORMSKIRK HOSPITAL NHS TRUST,C_150,Neurosurgical Service, -   , -   , -   ,-,-,0
Y62,RVY,SOUTHPORT AND ORMSKIRK HOSPITAL NHS TRUST,C_160,Plastic Surgery Service, -   , -   , -   ,-,-,0
Y62,RVY,SOUTHPORT AND ORMSKIRK HOSPITAL NHS TRUST,C_170,Cardiothoracic Surgery Service, -   , -   , -   ,-,-,0
Y62,RVY,SOUTHPORT AND ORMSKIRK HOSPITAL NHS TRUST,C_300,General Internal Medicine Service,395,366,92.70%,6.2,15.2,1
Y62,RVY,SOUTHPORT AND ORMSKIRK HOSPITAL NHS TRUST,C_301,Gastroenterology Service,330,224,67.90%,11.5,35.4,6
Y62,RVY,SOUTHPORT AND ORMSKIRK HOSPITAL NHS TRUST,C_320,Cardiology Service,468,432,92.30%,5,17.8,0
Y62,RVY,SOUTHPORT AND ORMSKIRK HOSPITAL NHS TRUST,C_330,Dermatology Service,604,600,99.30%,3.3,10.8,0
Y62,RVY,SOUTHPORT AND ORMSKIRK HOSPITAL NHS TRUST,C_340,Respiratory Medicine Service,266,260,97.70%,7.2,15.1,0
Y62,RVY,SOUTHPORT AND ORMSKIRK HOSPITAL NHS TRUST,C_400,Neurology Service, -   , -   , -   ,-,-,0
Y62,RVY,SOUTHPORT AND ORMSKIRK HOSPITAL NHS TRUST,C_410,Rheumatology Service,306,271,88.60%,11,19.9,0
Y62,RVY,SOUTHPORT AND ORMSKIRK HOSPITAL NHS TRUST,C_430,Elderly Medicine Service,22,22,100.00%,4.8,13.2,0
Y62,RVY,SOUTHPORT AND ORMSKIRK HOSPITAL NHS TRUST,C_502,Gynaecology Service,835,580,69.50%,10.1,39.1,38
Y62,RVY,SOUTHPORT AND ORMSKIRK HOSPITAL NHS TRUST,X02,Other - Medical Services,794,765,96.30%,5.3,13.8,2
Y62,RVY,SOUTHPORT AND ORMSKIRK HOSPITAL NHS TRUST,X03,Other - Mental Health Services, -   , -   , -   ,-,-,0
Y62,RVY,SOUTHPORT AND ORMSKIRK HOSPITAL NHS TRUST,X04,Other - Paediatric Services,342,319,93.30%,6.5,17.7,0
Y62,RVY,SOUTHPORT AND ORMSKIRK HOSPITAL NHS TRUST,X05,Other - Surgical Services,334,228,68.30%,9.3,50.3,24
Y62,RVY,SOUTHPORT AND ORMSKIRK HOSPITAL NHS TRUST,X06,Other - Other Services,58,49,84.50%,6.9,21.4,1
Y62,RW5,LANCASHIRE & SOUTH CUMBRIA NHS FOUNDATION TRUST,C_100,General Surgery Service, -   , -   , -   ,-,-,0
Y62,RW5,LANCASHIRE & SOUTH CUMBRIA NHS FOUNDATION TRUST,C_101,Urology Service, -   , -   , -   ,-,-,0
Y62,RW5,LANCASHIRE & SOUTH CUMBRIA NHS FOUNDATION TRUST,C_110,Trauma and Orthopaedic Service,"2,845","2,839",99.80%,3.8,9.9,0
Y62,RW5,LANCASHIRE & SOUTH CUMBRIA NHS FOUNDATION TRUST,C_120,Ear Nose and Throat Service, -   , -   , -   ,-,-,0
Y62,RW5,LANCASHIRE & SOUTH CUMBRIA NHS FOUNDATION TRUST,C_130,Ophthalmology Service, -   , -   , -   ,-,-,0
Y62,RW5,LANCASHIRE & SOUTH CUMBRIA NHS FOUNDATION TRUST,C_140,Oral Surgery Service, -   , -   , -   ,-,-,0
Y62,RW5,LANCASHIRE & SOUTH CUMBRIA NHS FOUNDATION TRUST,C_150,Neurosurgical Service, -   , -   , -   ,-,-,0
Y62,RW5,LANCASHIRE & SOUTH CUMBRIA NHS FOUNDATION TRUST,C_160,Plastic Surgery Service, -   , -   , -   ,-,-,0
Y62,RW5,LANCASHIRE & SOUTH CUMBRIA NHS FOUNDATION TRUST,C_170,Cardiothoracic Surgery Service, -   , -   , -   ,-,-,0
Y62,RW5,LANCASHIRE & SOUTH CUMBRIA NHS FOUNDATION TRUST,C_300,General Internal Medicine Service, -   , -   , -   ,-,-,0
Y62,RW5,LANCASHIRE & SOUTH CUMBRIA NHS FOUNDATION TRUST,C_301,Gastroenterology Service, -   , -   , -   ,-,-,0
Y62,RW5,LANCASHIRE & SOUTH CUMBRIA NHS FOUNDATION TRUST,C_320,Cardiology Service, -   , -   , -   ,-,-,0
Y62,RW5,LANCASHIRE & SOUTH CUMBRIA NHS FOUNDATION TRUST,C_330,Dermatology Service, -   , -   , -   ,-,-,0
Y62,RW5,LANCASHIRE & SOUTH CUMBRIA NHS FOUNDATION TRUST,C_340,Respiratory Medicine Service, -   , -   , -   ,-,-,0
Y62,RW5,LANCASHIRE & SOUTH CUMBRIA NHS FOUNDATION TRUST,C_400,Neurology Service, -   , -   , -   ,-,-,0
Y62,RW5,LANCASHIRE & SOUTH CUMBRIA NHS FOUNDATION TRUST,C_410,Rheumatology Service,383,380,99.20%,5.3,13.5,0
Y62,RW5,LANCASHIRE & SOUTH CUMBRIA NHS FOUNDATION TRUST,C_430,Elderly Medicine Service, -   , -   , -   ,-,-,0
Y62,RW5,LANCASHIRE & SOUTH CUMBRIA NHS FOUNDATION TRUST,C_502,Gynaecology Service, -   , -   , -   ,-,-,0
Y62,RW5,LANCASHIRE & SOUTH CUMBRIA NHS FOUNDATION TRUST,X02,Other - Medical Services, -   , -   , -   ,-,-,0
Y62,RW5,LANCASHIRE & SOUTH CUMBRIA NHS FOUNDATION TRUST,X03,Other - Mental Health Services, -   , -   , -   ,-,-,0
Y62,RW5,LANCASHIRE & SOUTH CUMBRIA NHS FOUNDATION TRUST,X04,Other - Paediatric Services, -   , -   , -   ,-,-,0
Y62,RW5,LANCASHIRE & SOUTH CUMBRIA NHS FOUNDATION TRUST,X05,Other - Surgical Services, -   , -   , -   ,-,-,0
Y62,RW5,LANCASHIRE & SOUTH CUMBRIA NHS FOUNDATION TRUST,X06,Other - Other Services, -   , -   , -   ,-,-,0
Y62,RW6,PENNINE ACUTE HOSPITALS NHS TRUST,C_100,General Surgery Service,"2,615","1,662",63.60%,12.8,71.8,376
Y62,RW6,PENNINE ACUTE HOSPITALS NHS TRUST,C_101,Urology Service,"3,043","1,795",59.00%,14.3,66.8,377
Y62,RW6,PENNINE ACUTE HOSPITALS NHS TRUST,C_110,Trauma and Orthopaedic Service,"5,013","2,713",54.10%,16,60,459
Y62,RW6,PENNINE ACUTE HOSPITALS NHS TRUST,C_120,Ear Nose and Throat Service,"4,412","3,108",70.40%,10.7,50.1,337
Y62,RW6,PENNINE ACUTE HOSPITALS NHS TRUST,C_130,Ophthalmology Service,"4,880","3,775",77.40%,9.3,28.9,60
Y62,RW6,PENNINE ACUTE HOSPITALS NHS TRUST,C_140,Oral Surgery Service, -   , -   , -   ,-,-,0
Y62,RW6,PENNINE ACUTE HOSPITALS NHS TRUST,C_150,Neurosurgical Service, -   , -   , -   ,-,-,0
Y62,RW6,PENNINE ACUTE HOSPITALS NHS TRUST,C_160,Plastic Surgery Service,161,85,52.80%,17,84.1,34
Y62,RW6,PENNINE ACUTE HOSPITALS NHS TRUST,C_170,Cardiothoracic Surgery Service,36,35,97.20%,4.6,14.1,0
Y62,RW6,PENNINE ACUTE HOSPITALS NHS TRUST,C_300,General Internal Medicine Service,416,381,91.60%,6,18.3,0
Y62,RW6,PENNINE ACUTE HOSPITALS NHS TRUST,C_301,Gastroenterology Service,"9,436","5,826",61.70%,14.2,37.4,143
Y62,RW6,PENNINE ACUTE HOSPITALS NHS TRUST,C_320,Cardiology Service,"1,733","1,607",92.70%,7.3,17.5,2
Y62,RW6,PENNINE ACUTE HOSPITALS NHS TRUST,C_330,Dermatology Service, -   , -   , -   ,-,-,0
Y62,RW6,PENNINE ACUTE HOSPITALS NHS TRUST,C_340,Respiratory Medicine Service,638,623,97.60%,6.3,14.4,1
Y62,RW6,PENNINE ACUTE HOSPITALS NHS TRUST,C_400,Neurology Service, -   , -   , -   ,-,-,0
Y62,RW6,PENNINE ACUTE HOSPITALS NHS TRUST,C_410,Rheumatology Service,"1,028",638,62.10%,12.8,34.6,6
Y62,RW6,PENNINE ACUTE HOSPITALS NHS TRUST,C_430,Elderly Medicine Service,62,57,91.90%,3.9,22,0
Y62,RW6,PENNINE ACUTE HOSPITALS NHS TRUST,C_502,Gynaecology Service,"4,194","2,674",63.80%,12.4,69.8,501
Y62,RW6,PENNINE ACUTE HOSPITALS NHS TRUST,X02,Other - Medical Services,"1,009",923,91.50%,5.5,18.4,1
Y62,RW6,PENNINE ACUTE HOSPITALS NHS TRUST,X03,Other - Mental Health Services, -   , -   , -   ,-,-,0
Y62,RW6,PENNINE ACUTE HOSPITALS NHS TRUST,X04,Other - Paediatric Services,"2,140","1,355",63.30%,12.2,70,270
Y62,RW6,PENNINE ACUTE HOSPITALS NHS TRUST,X05,Other - Surgical Services,"4,968","3,185",64.10%,12,41.2,178
Y62,RW6,PENNINE ACUTE HOSPITALS NHS TRUST,X06,Other - Other Services,11,10,90.90%,-,-,0
Y62,RWJ,STOCKPORT NHS FOUNDATION TRUST,C_100,General Surgery Service,"4,803","2,315",48.20%,19.8,70.5,"1,041"
Y62,RWJ,STOCKPORT NHS FOUNDATION TRUST,C_101,Urology Service,"2,642","1,454",55.00%,15.6,71.6,436
Y62,RWJ,STOCKPORT NHS FOUNDATION TRUST,C_110,Trauma and Orthopaedic Service,"4,043","2,666",65.90%,11.3,42.2,177
Y62,RWJ,STOCKPORT NHS FOUNDATION TRUST,C_120,Ear Nose and Throat Service,"4,440","1,897",42.70%,24,70.1,815
Y62,RWJ,STOCKPORT NHS FOUNDATION TRUST,C_130,Ophthalmology Service,"3,560","2,413",67.80%,11,37.7,155
Y62,RWJ,STOCKPORT NHS FOUNDATION TRUST,C_140,Oral Surgery Service,"1,807",801,44.30%,22,81.3,515
Y62,RWJ,STOCKPORT NHS FOUNDATION TRUST,C_150,Neurosurgical Service, -   , -   , -   ,-,-,0
Y62,RWJ,STOCKPORT NHS FOUNDATION TRUST,C_160,Plastic Surgery Service, -   , -   , -   ,-,-,0
Y62,RWJ,STOCKPORT NHS FOUNDATION TRUST,C_170,Cardiothoracic Surgery Service,5,5,100.00%,-,-,0
Y62,RWJ,STOCKPORT NHS FOUNDATION TRUST,C_300,General Internal Medicine Service,3,1,33.30%,-,-,0
Y62,RWJ,STOCKPORT NHS FOUNDATION TRUST,C_301,Gastroenterology Service,"3,138","1,630",51.90%,17.3,69.7,639
Y62,RWJ,STOCKPORT NHS FOUNDATION TRUST,C_320,Cardiology Service,"1,479","1,303",88.10%,8.2,21.7,1
Y62,RWJ,STOCKPORT NHS FOUNDATION TRUST,C_330,Dermatology Service, -   , -   , -   ,-,-,0
Y62,RWJ,STOCKPORT NHS FOUNDATION TRUST,C_340,Respiratory Medicine Service,795,651,81.90%,9.1,24.8,0
Y62,RWJ,STOCKPORT NHS FOUNDATION TRUST,C_400,Neurology Service, -   , -   , -   ,-,-,0
Y62,RWJ,STOCKPORT NHS FOUNDATION TRUST,C_410,Rheumatology Service,"1,277",684,53.60%,16.1,46.5,68
Y62,RWJ,STOCKPORT NHS FOUNDATION TRUST,C_430,Elderly Medicine Service,435,343,78.90%,8.4,29,3
Y62,RWJ,STOCKPORT NHS FOUNDATION TRUST,C_502,Gynaecology Service,"2,838","1,822",64.20%,12.9,36.1,74
Y62,RWJ,STOCKPORT NHS FOUNDATION TRUST,X02,Other - Medical Services,"2,195","1,579",71.90%,9.2,40,85
Y62,RWJ,STOCKPORT NHS FOUNDATION TRUST,X03,Other - Mental Health Services, -   , -   , -   ,-,-,0
Y62,RWJ,STOCKPORT NHS FOUNDATION TRUST,X04,Other - Paediatric Services,172,137,79.70%,4.2,41.1,7
Y62,RWJ,STOCKPORT NHS FOUNDATION TRUST,X05,Other - Surgical Services,3,3,100.00%,-,-,0
Y62,RWJ,STOCKPORT NHS FOUNDATION TRUST,X06,Other - Other Services,124,114,91.90%,10.3,18,1
Y62,RWW,WARRINGTON AND HALTON TEACHING HOSPITALS NHS FOUNDATION TRUST,C_100,General Surgery Service,572,318,55.60%,15.3,67.8,73
Y62,RWW,WARRINGTON AND HALTON TEACHING HOSPITALS NHS FOUNDATION TRUST,C_101,Urology Service,"1,791","1,237",69.10%,12.5,63.3,184
Y62,RWW,WARRINGTON AND HALTON TEACHING HOSPITALS NHS FOUNDATION TRUST,C_110,Trauma and Orthopaedic Service,"2,252","1,173",52.10%,16.9,66.8,315
Y62,RWW,WARRINGTON AND HALTON TEACHING HOSPITALS NHS FOUNDATION TRUST,C_120,Ear Nose and Throat Service,"1,936","1,432",74.00%,9.4,40.3,85
Y62,RWW,WARRINGTON AND HALTON TEACHING HOSPITALS NHS FOUNDATION TRUST,C_130,Ophthalmology Service,"2,497","2,059",82.50%,8.2,30.4,47
Y62,RWW,WARRINGTON AND HALTON TEACHING HOSPITALS NHS FOUNDATION TRUST,C_140,Oral Surgery Service, -   , -   , -   ,-,-,0
Y62,RWW,WARRINGTON AND HALTON TEACHING HOSPITALS NHS FOUNDATION TRUST,C_150,Neurosurgical Service, -   , -   , -   ,-,-,0
Y62,RWW,WARRINGTON AND HALTON TEACHING HOSPITALS NHS FOUNDATION TRUST,C_160,Plastic Surgery Service, -   , -   , -   ,-,-,0
Y62,RWW,WARRINGTON AND HALTON TEACHING HOSPITALS NHS FOUNDATION TRUST,C_170,Cardiothoracic Surgery Service, -   , -   , -   ,-,-,0
Y62,RWW,WARRINGTON AND HALTON TEACHING HOSPITALS NHS FOUNDATION TRUST,C_300,General Internal Medicine Service,33,31,93.90%,11.3,17.4,0
Y62,RWW,WARRINGTON AND HALTON TEACHING HOSPITALS NHS FOUNDATION TRUST,C_301,Gastroenterology Service,"1,208","1,119",92.60%,6.8,17.8,6
Y62,RWW,WARRINGTON AND HALTON TEACHING HOSPITALS NHS FOUNDATION TRUST,C_320,Cardiology Service,743,725,97.60%,7.3,16.4,0
Y62,RWW,WARRINGTON AND HALTON TEACHING HOSPITALS NHS FOUNDATION TRUST,C_330,Dermatology Service, -   , -   , -   ,-,-,0
Y62,RWW,WARRINGTON AND HALTON TEACHING HOSPITALS NHS FOUNDATION TRUST,C_340,Respiratory Medicine Service,506,469,92.70%,8.2,17.7,0
Y62,RWW,WARRINGTON AND HALTON TEACHING HOSPITALS NHS FOUNDATION TRUST,C_400,Neurology Service, -   , -   , -   ,-,-,0
Y62,RWW,WARRINGTON AND HALTON TEACHING HOSPITALS NHS FOUNDATION TRUST,C_410,Rheumatology Service,396,380,96.00%,6.2,15.9,0
Y62,RWW,WARRINGTON AND HALTON TEACHING HOSPITALS NHS FOUNDATION TRUST,C_430,Elderly Medicine Service,8,8,100.00%,-,-,0
Y62,RWW,WARRINGTON AND HALTON TEACHING HOSPITALS NHS FOUNDATION TRUST,C_502,Gynaecology Service,"1,865","1,214",65.10%,13.9,50.6,145
Y62,RWW,WARRINGTON AND HALTON TEACHING HOSPITALS NHS FOUNDATION TRUST,X02,Other - Medical Services,"1,235","1,162",94.10%,5.9,17.2,1
Y62,RWW,WARRINGTON AND HALTON TEACHING HOSPITALS NHS FOUNDATION TRUST,X03,Other - Mental Health Services, -   , -   , -   ,-,-,0
Y62,RWW,WARRINGTON AND HALTON TEACHING HOSPITALS NHS FOUNDATION TRUST,X04,Other - Paediatric Services,"1,049",942,89.80%,6.4,23.4,21
Y62,RWW,WARRINGTON AND HALTON TEACHING HOSPITALS NHS FOUNDATION TRUST,X05,Other - Surgical Services,"4,083","2,991",73.30%,10.5,50.4,316
Y62,RWW,WARRINGTON AND HALTON TEACHING HOSPITALS NHS FOUNDATION TRUST,X06,Other - Other Services,117,111,94.90%,2.3,14.6,2
Y62,RXL,BLACKPOOL TEACHING HOSPITALS NHS FOUNDATION TRUST,C_100,General Surgery Service,"2,549","1,679",65.90%,8.9,69.7,368
Y62,RXL,BLACKPOOL TEACHING HOSPITALS NHS FOUNDATION TRUST,C_101,Urology Service,988,666,67.40%,10.3,74.7,145
Y62,RXL,BLACKPOOL TEACHING HOSPITALS NHS FOUNDATION TRUST,C_110,Trauma and Orthopaedic Service,"1,537",730,47.50%,19.3,70.4,246
Y62,RXL,BLACKPOOL TEACHING HOSPITALS NHS FOUNDATION TRUST,C_120,Ear Nose and Throat Service,"1,149",931,81.00%,6.8,39.7,65
Y62,RXL,BLACKPOOL TEACHING HOSPITALS NHS FOUNDATION TRUST,C_130,Ophthalmology Service,"1,588","1,325",83.40%,6.6,29.2,52
Y62,RXL,BLACKPOOL TEACHING HOSPITALS NHS FOUNDATION TRUST,C_140,Oral Surgery Service,649,490,75.50%,10,46.8,47
Y62,RXL,BLACKPOOL TEACHING HOSPITALS NHS FOUNDATION TRUST,C_150,Neurosurgical Service, -   , -   , -   ,-,-,0
Y62,RXL,BLACKPOOL TEACHING HOSPITALS NHS FOUNDATION TRUST,C_160,Plastic Surgery Service,69,55,79.70%,6.6,35.5,2
Y62,RXL,BLACKPOOL TEACHING HOSPITALS NHS FOUNDATION TRUST,C_170,Cardiothoracic Surgery Service,451,255,56.50%,15.5,48.5,29
Y62,RXL,BLACKPOOL TEACHING HOSPITALS NHS FOUNDATION TRUST,C_300,General Internal Medicine Service, -   , -   , -   ,-,-,0
Y62,RXL,BLACKPOOL TEACHING HOSPITALS NHS FOUNDATION TRUST,C_301,Gastroenterology Service,"2,093","1,203",57.50%,15.2,51,159
Y62,RXL,BLACKPOOL TEACHING HOSPITALS NHS FOUNDATION TRUST,C_320,Cardiology Service,"2,051","1,592",77.60%,9.4,38.4,90
Y62,RXL,BLACKPOOL TEACHING HOSPITALS NHS FOUNDATION TRUST,C_330,Dermatology Service,932,869,93.20%,4.5,15.4,3
Y62,RXL,BLACKPOOL TEACHING HOSPITALS NHS FOUNDATION TRUST,C_340,Respiratory Medicine Service,333,279,83.80%,7.9,20.8,0
Y62,RXL,BLACKPOOL TEACHING HOSPITALS NHS FOUNDATION TRUST,C_400,Neurology Service, -   , -   , -   ,-,-,0
Y62,RXL,BLACKPOOL TEACHING HOSPITALS NHS FOUNDATION TRUST,C_410,Rheumatology Service,695,516,74.20%,10.6,28.1,1
Y62,RXL,BLACKPOOL TEACHING HOSPITALS NHS FOUNDATION TRUST,C_430,Elderly Medicine Service,16,16,100.00%,-,-,0
Y62,RXL,BLACKPOOL TEACHING HOSPITALS NHS FOUNDATION TRUST,C_502,Gynaecology Service,"1,651","1,191",72.10%,10.1,36.7,29
Y62,RXL,BLACKPOOL TEACHING HOSPITALS NHS FOUNDATION TRUST,X02,Other - Medical Services,601,576,95.80%,4.8,14.8,0
Y62,RXL,BLACKPOOL TEACHING HOSPITALS NHS FOUNDATION TRUST,X03,Other - Mental Health Services,128,118,92.20%,3.6,17.8,0
Y62,RXL,BLACKPOOL TEACHING HOSPITALS NHS FOUNDATION TRUST,X04,Other - Paediatric Services,658,569,86.50%,8.8,25.3,0
Y62,RXL,BLACKPOOL TEACHING HOSPITALS NHS FOUNDATION TRUST,X05,Other - Surgical Services,33,21,63.60%,15.8,80.5,6
Y62,RXL,BLACKPOOL TEACHING HOSPITALS NHS FOUNDATION TRUST,X06,Other - Other Services,735,611,83.10%,10.2,22,1
Y62,RXN,LANCASHIRE TEACHING HOSPITALS NHS FOUNDATION TRUST,C_100,General Surgery Service,"6,719","3,981",59.20%,14,68.8,930
Y62,RXN,LANCASHIRE TEACHING HOSPITALS NHS FOUNDATION TRUST,C_101,Urology Service,"2,166","1,276",58.90%,14.2,67.9,271
Y62,RXN,LANCASHIRE TEACHING HOSPITALS NHS FOUNDATION TRUST,C_110,Trauma and Orthopaedic Service,"2,336","1,362",58.30%,13.6,70.3,335
Y62,RXN,LANCASHIRE TEACHING HOSPITALS NHS FOUNDATION TRUST,C_120,Ear Nose and Throat Service,"3,224","1,674",51.90%,16.7,75.8,676
Y62,RXN,LANCASHIRE TEACHING HOSPITALS NHS FOUNDATION TRUST,C_130,Ophthalmology Service,"3,718","2,039",54.80%,16.1,65.4,439
Y62,RXN,LANCASHIRE TEACHING HOSPITALS NHS FOUNDATION TRUST,C_140,Oral Surgery Service,"5,403","1,918",35.50%,30.1,83.2,"1,788"
Y62,RXN,LANCASHIRE TEACHING HOSPITALS NHS FOUNDATION TRUST,C_150,Neurosurgical Service,"3,481","1,812",52.10%,17.3,64,434
Y62,RXN,LANCASHIRE TEACHING HOSPITALS NHS FOUNDATION TRUST,C_160,Plastic Surgery Service,"2,403","1,517",63.10%,11.4,77,396
Y62,RXN,LANCASHIRE TEACHING HOSPITALS NHS FOUNDATION TRUST,C_170,Cardiothoracic Surgery Service, -   , -   , -   ,-,-,0
Y62,RXN,LANCASHIRE TEACHING HOSPITALS NHS FOUNDATION TRUST,C_300,General Internal Medicine Service,"3,253","1,688",51.90%,17.2,67.1,439
Y62,RXN,LANCASHIRE TEACHING HOSPITALS NHS FOUNDATION TRUST,C_301,Gastroenterology Service,"1,097",853,77.80%,7.4,37.3,31
Y62,RXN,LANCASHIRE TEACHING HOSPITALS NHS FOUNDATION TRUST,C_320,Cardiology Service,"2,053","1,466",71.40%,11.6,33.6,27
Y62,RXN,LANCASHIRE TEACHING HOSPITALS NHS FOUNDATION TRUST,C_330,Dermatology Service,460,396,86.10%,3,24.3,1
Y62,RXN,LANCASHIRE TEACHING HOSPITALS NHS FOUNDATION TRUST,C_340,Respiratory Medicine Service, -   , -   , -   ,-,-,0
Y62,RXN,LANCASHIRE TEACHING HOSPITALS NHS FOUNDATION TRUST,C_400,Neurology Service,"5,914","2,937",49.70%,18.2,65,681
Y62,RXN,LANCASHIRE TEACHING HOSPITALS NHS FOUNDATION TRUST,C_410,Rheumatology Service, -   , -   , -   ,-,-,0
Y62,RXN,LANCASHIRE TEACHING HOSPITALS NHS FOUNDATION TRUST,C_430,Elderly Medicine Service,136,113,83.10%,6.3,36.1,5
Y62,RXN,LANCASHIRE TEACHING HOSPITALS NHS FOUNDATION TRUST,C_502,Gynaecology Service,"2,528","1,595",63.10%,13.4,43.2,112
Y62,RXN,LANCASHIRE TEACHING HOSPITALS NHS FOUNDATION TRUST,X02,Other - Medical Services,"3,735","2,727",73.00%,10.1,40.5,185
Y62,RXN,LANCASHIRE TEACHING HOSPITALS NHS FOUNDATION TRUST,X03,Other - Mental Health Services, -   , -   , -   ,-,-,0
Y62,RXN,LANCASHIRE TEACHING HOSPITALS NHS FOUNDATION TRUST,X04,Other - Paediatric Services,114,110,96.50%,6.8,17,0
Y62,RXN,LANCASHIRE TEACHING HOSPITALS NHS FOUNDATION TRUST,X05,Other - Surgical Services, -   , -   , -   ,-,-,0
Y62,RXN,LANCASHIRE TEACHING HOSPITALS NHS FOUNDATION TRUST,X06,Other - Other Services,439,386,87.90%,5.1,25.4,11
Y62,RXR,EAST LANCASHIRE HOSPITALS NHS TRUST,C_100,General Surgery Service,"3,641",,,8.4,,208
Y62,RXR,EAST LANCASHIRE HOSPITALS NHS TRUST,C_101,Urology Service,"1,425",,,7.2,,43
Y62,RXR,EAST LANCASHIRE HOSPITALS NHS TRUST,C_110,Trauma and Orthopaedic Service,"6,409",,,5.6,,260
Y62,RXR,EAST LANCASHIRE HOSPITALS NHS TRUST,C_120,Ear Nose and Throat Service,"2,141",,,8.2,,88
Y62,RXR,EAST LANCASHIRE HOSPITALS NHS TRUST,C_130,Ophthalmology Service,"3,747",,,10.9,,128
Y62,RXR,EAST LANCASHIRE HOSPITALS NHS TRUST,C_140,Oral Surgery Service,"2,648",,,13.6,,283
Y62,RXR,EAST LANCASHIRE HOSPITALS NHS TRUST,C_150,Neurosurgical Service, -   ,,,-,,0
Y62,RXR,EAST LANCASHIRE HOSPITALS NHS TRUST,C_160,Plastic Surgery Service, -   ,,,-,,0
Y62,RXR,EAST LANCASHIRE HOSPITALS NHS TRUST,C_170,Cardiothoracic Surgery Service,30,,,18.5,,0
Y62,RXR,EAST LANCASHIRE HOSPITALS NHS TRUST,C_300,General Internal Medicine Service,540,,,6,,0
Y62,RXR,EAST LANCASHIRE HOSPITALS NHS TRUST,C_301,Gastroenterology Service,"2,797",,,10.6,,8
Y62,RXR,EAST LANCASHIRE HOSPITALS NHS TRUST,C_320,Cardiology Service,"1,313",,,5.7,,0
Y62,RXR,EAST LANCASHIRE HOSPITALS NHS TRUST,C_330,Dermatology Service,"1,070",,,5.3,,0
Y62,RXR,EAST LANCASHIRE HOSPITALS NHS TRUST,C_340,Respiratory Medicine Service,450,,,6.1,,0
Y62,RXR,EAST LANCASHIRE HOSPITALS NHS TRUST,C_400,Neurology Service, -   ,,,-,,0
Y62,RXR,EAST LANCASHIRE HOSPITALS NHS TRUST,C_410,Rheumatology Service,684,,,8.1,,0
Y62,RXR,EAST LANCASHIRE HOSPITALS NHS TRUST,C_430,Elderly Medicine Service,85,,,3.9,,0
Y62,RXR,EAST LANCASHIRE HOSPITALS NHS TRUST,C_502,Gynaecology Service,"2,549",,,6.6,,24
Y62,RXR,EAST LANCASHIRE HOSPITALS NHS TRUST,X02,Other - Medical Services,"1,621",,,6.3,,1
Y62,RXR,EAST LANCASHIRE HOSPITALS NHS TRUST,X03,Other - Mental Health Services, -   ,,,-,,0
Y62,RXR,EAST LANCASHIRE HOSPITALS NHS TRUST,X04,Other - Paediatric Services,763,,,5.6,,0
Y62,RXR,EAST LANCASHIRE HOSPITALS NHS TRUST,X05,Other - Surgical Services, -   ,,,-,,0
Y62,RXR,EAST LANCASHIRE HOSPITALS NHS TRUST,X06,Other - Other Services,23,,,2.7,,0
Y62,RY2,BRIDGEWATER COMMUNITY HEALTHCARE NHS FOUNDATION TRUST,C_100,General Surgery Service, -   , -   , -   ,-,-,0
Y62,RY2,BRIDGEWATER COMMUNITY HEALTHCARE NHS FOUNDATION TRUST,C_101,Urology Service, -   , -   , -   ,-,-,0
Y62,RY2,BRIDGEWATER COMMUNITY HEALTHCARE NHS FOUNDATION TRUST,C_110,Trauma and Orthopaedic Service, -   , -   , -   ,-,-,0
Y62,RY2,BRIDGEWATER COMMUNITY HEALTHCARE NHS FOUNDATION TRUST,C_120,Ear Nose and Throat Service, -   , -   , -   ,-,-,0
Y62,RY2,BRIDGEWATER COMMUNITY HEALTHCARE NHS FOUNDATION TRUST,C_130,Ophthalmology Service, -   , -   , -   ,-,-,0
Y62,RY2,BRIDGEWATER COMMUNITY HEALTHCARE NHS FOUNDATION TRUST,C_140,Oral Surgery Service, -   , -   , -   ,-,-,0
Y62,RY2,BRIDGEWATER COMMUNITY HEALTHCARE NHS FOUNDATION TRUST,C_150,Neurosurgical Service, -   , -   , -   ,-,-,0
Y62,RY2,BRIDGEWATER COMMUNITY HEALTHCARE NHS FOUNDATION TRUST,C_160,Plastic Surgery Service, -   , -   , -   ,-,-,0
Y62,RY2,BRIDGEWATER COMMUNITY HEALTHCARE NHS FOUNDATION TRUST,C_170,Cardiothoracic Surgery Service, -   , -   , -   ,-,-,0
Y62,RY2,BRIDGEWATER COMMUNITY HEALTHCARE NHS FOUNDATION TRUST,C_300,General Internal Medicine Service, -   , -   , -   ,-,-,0
Y62,RY2,BRIDGEWATER COMMUNITY HEALTHCARE NHS FOUNDATION TRUST,C_301,Gastroenterology Service, -   , -   , -   ,-,-,0
Y62,RY2,BRIDGEWATER COMMUNITY HEALTHCARE NHS FOUNDATION TRUST,C_320,Cardiology Service, -   , -   , -   ,-,-,0
Y62,RY2,BRIDGEWATER COMMUNITY HEALTHCARE NHS FOUNDATION TRUST,C_330,Dermatology Service,560,307,54.80%,17.2,38.9,11
Y62,RY2,BRIDGEWATER COMMUNITY HEALTHCARE NHS FOUNDATION TRUST,C_340,Respiratory Medicine Service, -   , -   , -   ,-,-,0
Y62,RY2,BRIDGEWATER COMMUNITY HEALTHCARE NHS FOUNDATION TRUST,C_400,Neurology Service, -   , -   , -   ,-,-,0
Y62,RY2,BRIDGEWATER COMMUNITY HEALTHCARE NHS FOUNDATION TRUST,C_410,Rheumatology Service, -   , -   , -   ,-,-,0
Y62,RY2,BRIDGEWATER COMMUNITY HEALTHCARE NHS FOUNDATION TRUST,C_430,Elderly Medicine Service, -   , -   , -   ,-,-,0
Y62,RY2,BRIDGEWATER COMMUNITY HEALTHCARE NHS FOUNDATION TRUST,C_502,Gynaecology Service, -   , -   , -   ,-,-,0
Y62,RY2,BRIDGEWATER COMMUNITY HEALTHCARE NHS FOUNDATION TRUST,X02,Other - Medical Services, -   , -   , -   ,-,-,0
Y62,RY2,BRIDGEWATER COMMUNITY HEALTHCARE NHS FOUNDATION TRUST,X03,Other - Mental Health Services, -   , -   , -   ,-,-,0
Y62,RY2,BRIDGEWATER COMMUNITY HEALTHCARE NHS FOUNDATION TRUST,X04,Other - Paediatric Services,451,387,85.80%,9.7,23,0
Y62,RY2,BRIDGEWATER COMMUNITY HEALTHCARE NHS FOUNDATION TRUST,X05,Other - Surgical Services, -   , -   , -   ,-,-,0
Y62,RY2,BRIDGEWATER COMMUNITY HEALTHCARE NHS FOUNDATION TRUST,X06,Other - Other Services,161,160,99.40%,2.7,11.8,0
Y62,RY7,WIRRAL COMMUNITY HEALTH AND CARE NHS FOUNDATION TRUST,C_100,General Surgery Service, -   , -   , -   ,-,-,0
Y62,RY7,WIRRAL COMMUNITY HEALTH AND CARE NHS FOUNDATION TRUST,C_101,Urology Service, -   , -   , -   ,-,-,0
Y62,RY7,WIRRAL COMMUNITY HEALTH AND CARE NHS FOUNDATION TRUST,C_110,Trauma and Orthopaedic Service, -   , -   , -   ,-,-,0
Y62,RY7,WIRRAL COMMUNITY HEALTH AND CARE NHS FOUNDATION TRUST,C_120,Ear Nose and Throat Service, -   , -   , -   ,-,-,0
Y62,RY7,WIRRAL COMMUNITY HEALTH AND CARE NHS FOUNDATION TRUST,C_130,Ophthalmology Service,42,42,100.00%,7.3,14.6,0
Y62,RY7,WIRRAL COMMUNITY HEALTH AND CARE NHS FOUNDATION TRUST,C_140,Oral Surgery Service, -   , -   , -   ,-,-,0
Y62,RY7,WIRRAL COMMUNITY HEALTH AND CARE NHS FOUNDATION TRUST,C_150,Neurosurgical Service, -   , -   , -   ,-,-,0
Y62,RY7,WIRRAL COMMUNITY HEALTH AND CARE NHS FOUNDATION TRUST,C_160,Plastic Surgery Service, -   , -   , -   ,-,-,0
Y62,RY7,WIRRAL COMMUNITY HEALTH AND CARE NHS FOUNDATION TRUST,C_170,Cardiothoracic Surgery Service, -   , -   , -   ,-,-,0
Y62,RY7,WIRRAL COMMUNITY HEALTH AND CARE NHS FOUNDATION TRUST,C_300,General Internal Medicine Service, -   , -   , -   ,-,-,0
Y62,RY7,WIRRAL COMMUNITY HEALTH AND CARE NHS FOUNDATION TRUST,C_301,Gastroenterology Service, -   , -   , -   ,-,-,0
Y62,RY7,WIRRAL COMMUNITY HEALTH AND CARE NHS FOUNDATION TRUST,C_320,Cardiology Service, -   , -   , -   ,-,-,0
Y62,RY7,WIRRAL COMMUNITY HEALTH AND CARE NHS FOUNDATION TRUST,C_330,Dermatology Service, -   , -   , -   ,-,-,0
Y62,RY7,WIRRAL COMMUNITY HEALTH AND CARE NHS FOUNDATION TRUST,C_340,Respiratory Medicine Service, -   , -   , -   ,-,-,0
Y62,RY7,WIRRAL COMMUNITY HEALTH AND CARE NHS FOUNDATION TRUST,C_400,Neurology Service, -   , -   , -   ,-,-,0
Y62,RY7,WIRRAL COMMUNITY HEALTH AND CARE NHS FOUNDATION TRUST,C_410,Rheumatology Service, -   , -   , -   ,-,-,0
Y62,RY7,WIRRAL COMMUNITY HEALTH AND CARE NHS FOUNDATION TRUST,C_430,Elderly Medicine Service, -   , -   , -   ,-,-,0
Y62,RY7,WIRRAL COMMUNITY HEALTH AND CARE NHS FOUNDATION TRUST,C_502,Gynaecology Service, -   , -   , -   ,-,-,0
Y62,RY7,WIRRAL COMMUNITY HEALTH AND CARE NHS FOUNDATION TRUST,X02,Other - Medical Services, -   , -   , -   ,-,-,0
Y62,RY7,WIRRAL COMMUNITY HEALTH AND CARE NHS FOUNDATION TRUST,X03,Other - Mental Health Services, -   , -   , -   ,-,-,0
Y62,RY7,WIRRAL COMMUNITY HEALTH AND CARE NHS FOUNDATION TRUST,X04,Other - Paediatric Services, -   , -   , -   ,-,-,0
Y62,RY7,WIRRAL COMMUNITY HEALTH AND CARE NHS FOUNDATION TRUST,X05,Other - Surgical Services, -   , -   , -   ,-,-,0
Y62,RY7,WIRRAL COMMUNITY HEALTH AND CARE NHS FOUNDATION TRUST,X06,Other - Other Services, -   , -   , -   ,-,-,0
Y63,R0B,SOUTH TYNESIDE AND SUNDERLAND NHS FOUNDATION TRUST,C_100,General Surgery Service,"4,055","3,514",86.70%,6.4,24.8,12
Y63,R0B,SOUTH TYNESIDE AND SUNDERLAND NHS FOUNDATION TRUST,C_101,Urology Service,"3,049","2,681",87.90%,6.1,23.1,0
Y63,R0B,SOUTH TYNESIDE AND SUNDERLAND NHS FOUNDATION TRUST,C_110,Trauma and Orthopaedic Service,"4,683","3,083",65.80%,11.6,38.2,248
Y63,R0B,SOUTH TYNESIDE AND SUNDERLAND NHS FOUNDATION TRUST,C_120,Ear Nose and Throat Service,"3,534","3,265",92.40%,6.5,17.8,0
Y63,R0B,SOUTH TYNESIDE AND SUNDERLAND NHS FOUNDATION TRUST,C_130,Ophthalmology Service,"6,015","5,568",92.60%,6,17.7,0
Y63,R0B,SOUTH TYNESIDE AND SUNDERLAND NHS FOUNDATION TRUST,C_140,Oral Surgery Service,"2,324","1,962",84.40%,8.2,23.4,1
Y63,R0B,SOUTH TYNESIDE AND SUNDERLAND NHS FOUNDATION TRUST,C_150,Neurosurgical Service, -   , -   , -   ,-,-,0
Y63,R0B,SOUTH TYNESIDE AND SUNDERLAND NHS FOUNDATION TRUST,C_160,Plastic Surgery Service,80,55,68.80%,11.5,34.6,1
Y63,R0B,SOUTH TYNESIDE AND SUNDERLAND NHS FOUNDATION TRUST,C_170,Cardiothoracic Surgery Service, -   , -   , -   ,-,-,0
Y63,R0B,SOUTH TYNESIDE AND SUNDERLAND NHS FOUNDATION TRUST,C_300,General Internal Medicine Service, -   , -   , -   ,-,-,0
Y63,R0B,SOUTH TYNESIDE AND SUNDERLAND NHS FOUNDATION TRUST,C_301,Gastroenterology Service,"1,374","1,197",87.10%,5.3,22.2,0
Y63,R0B,SOUTH TYNESIDE AND SUNDERLAND NHS FOUNDATION TRUST,C_320,Cardiology Service,"1,174","1,046",89.10%,5.3,20.7,2
Y63,R0B,SOUTH TYNESIDE AND SUNDERLAND NHS FOUNDATION TRUST,C_330,Dermatology Service,565,565,100.00%,3,8.4,0
Y63,R0B,SOUTH TYNESIDE AND SUNDERLAND NHS FOUNDATION TRUST,C_340,Respiratory Medicine Service,"1,249","1,014",81.20%,7.8,28.2,6
Y63,R0B,SOUTH TYNESIDE AND SUNDERLAND NHS FOUNDATION TRUST,C_400,Neurology Service,851,774,91.00%,6.1,18.9,0
Y63,R0B,SOUTH TYNESIDE AND SUNDERLAND NHS FOUNDATION TRUST,C_410,Rheumatology Service,542,537,99.10%,2.8,9.2,1
Y63,R0B,SOUTH TYNESIDE AND SUNDERLAND NHS FOUNDATION TRUST,C_430,Elderly Medicine Service,493,476,96.60%,4.3,14.4,0
Y63,R0B,SOUTH TYNESIDE AND SUNDERLAND NHS FOUNDATION TRUST,C_502,Gynaecology Service,"1,766","1,657",93.80%,4.5,15.9,0
Y63,R0B,SOUTH TYNESIDE AND SUNDERLAND NHS FOUNDATION TRUST,X02,Other - Medical Services,"1,394","1,188",85.20%,6.1,25.2,8
Y63,R0B,SOUTH TYNESIDE AND SUNDERLAND NHS FOUNDATION TRUST,X03,Other - Mental Health Services, -   , -   , -   ,-,-,0
Y63,R0B,SOUTH TYNESIDE AND SUNDERLAND NHS FOUNDATION TRUST,X04,Other - Paediatric Services,"1,695","1,564",92.30%,5.3,17.9,0
Y63,R0B,SOUTH TYNESIDE AND SUNDERLAND NHS FOUNDATION TRUST,X05,Other - Surgical Services,99,84,84.80%,6.8,31,0
Y63,R0B,SOUTH TYNESIDE AND SUNDERLAND NHS FOUNDATION TRUST,X06,Other - Other Services,"3,163","3,136",99.10%,2.7,6.1,1
Y63,RAE,BRADFORD TEACHING HOSPITALS NHS FOUNDATION TRUST,C_100,General Surgery Service,769,481,62.50%,13.2,76.3,118
Y63,RAE,BRADFORD TEACHING HOSPITALS NHS FOUNDATION TRUST,C_101,Urology Service,"1,893","1,339",70.70%,10.6,41.1,104
Y63,RAE,BRADFORD TEACHING HOSPITALS NHS FOUNDATION TRUST,C_110,Trauma and Orthopaedic Service,"1,203",769,63.90%,11.9,68.1,140
Y63,RAE,BRADFORD TEACHING HOSPITALS NHS FOUNDATION TRUST,C_120,Ear Nose and Throat Service,"3,225","2,282",70.80%,10.5,43.5,225
Y63,RAE,BRADFORD TEACHING HOSPITALS NHS FOUNDATION TRUST,C_130,Ophthalmology Service,"2,674","1,941",72.60%,10.6,34.5,121
Y63,RAE,BRADFORD TEACHING HOSPITALS NHS FOUNDATION TRUST,C_140,Oral Surgery Service,"1,177",859,73.00%,10.5,43.3,85
Y63,RAE,BRADFORD TEACHING HOSPITALS NHS FOUNDATION TRUST,C_150,Neurosurgical Service, -   , -   , -   ,-,-,0
Y63,RAE,BRADFORD TEACHING HOSPITALS NHS FOUNDATION TRUST,C_160,Plastic Surgery Service,789,421,53.40%,16.4,71.7,121
Y63,RAE,BRADFORD TEACHING HOSPITALS NHS FOUNDATION TRUST,C_170,Cardiothoracic Surgery Service, -   , -   , -   ,-,-,0
Y63,RAE,BRADFORD TEACHING HOSPITALS NHS FOUNDATION TRUST,C_300,General Internal Medicine Service,81,64,79.00%,8,22.5,0
Y63,RAE,BRADFORD TEACHING HOSPITALS NHS FOUNDATION TRUST,C_301,Gastroenterology Service,"1,864","1,383",74.20%,10.7,26.8,15
Y63,RAE,BRADFORD TEACHING HOSPITALS NHS FOUNDATION TRUST,C_320,Cardiology Service,953,707,74.20%,9.6,35,19
Y63,RAE,BRADFORD TEACHING HOSPITALS NHS FOUNDATION TRUST,C_330,Dermatology Service,"1,180",889,75.30%,7.2,33.5,18
Y63,RAE,BRADFORD TEACHING HOSPITALS NHS FOUNDATION TRUST,C_340,Respiratory Medicine Service,990,669,67.60%,11.7,33.4,8
Y63,RAE,BRADFORD TEACHING HOSPITALS NHS FOUNDATION TRUST,C_400,Neurology Service,695,449,64.60%,12.4,32.5,1
Y63,RAE,BRADFORD TEACHING HOSPITALS NHS FOUNDATION TRUST,C_410,Rheumatology Service,659,526,79.80%,9.4,24.5,0
Y63,RAE,BRADFORD TEACHING HOSPITALS NHS FOUNDATION TRUST,C_430,Elderly Medicine Service,74,69,93.20%,4.6,16.1,0
Y63,RAE,BRADFORD TEACHING HOSPITALS NHS FOUNDATION TRUST,C_502,Gynaecology Service,"2,676","1,943",72.60%,10.2,37.1,127
Y63,RAE,BRADFORD TEACHING HOSPITALS NHS FOUNDATION TRUST,X02,Other - Medical Services,"3,038","2,560",84.30%,7.8,25.7,50
Y63,RAE,BRADFORD TEACHING HOSPITALS NHS FOUNDATION TRUST,X03,Other - Mental Health Services, -   , -   , -   ,-,-,0
Y63,RAE,BRADFORD TEACHING HOSPITALS NHS FOUNDATION TRUST,X04,Other - Paediatric Services,"1,499","1,110",74.00%,9.2,44,105
Y63,RAE,BRADFORD TEACHING HOSPITALS NHS FOUNDATION TRUST,X05,Other - Surgical Services,"3,816","2,529",66.30%,11.1,41.6,208
Y63,RAE,BRADFORD TEACHING HOSPITALS NHS FOUNDATION TRUST,X06,Other - Other Services,677,518,76.50%,9.8,24.6,7
Y63,RCB,YORK TEACHING HOSPITAL NHS FOUNDATION TRUST,C_100,General Surgery Service,"4,781","3,102",64.90%,10.5,70,571
Y63,RCB,YORK TEACHING HOSPITAL NHS FOUNDATION TRUST,C_101,Urology Service,"2,158","1,264",58.60%,13.2,76.6,373
Y63,RCB,YORK TEACHING HOSPITAL NHS FOUNDATION TRUST,C_110,Trauma and Orthopaedic Service,"2,815","1,657",58.90%,13.6,47,180
Y63,RCB,YORK TEACHING HOSPITAL NHS FOUNDATION TRUST,C_120,Ear Nose and Throat Service,"3,549","2,239",63.10%,12.5,36.6,33
Y63,RCB,YORK TEACHING HOSPITAL NHS FOUNDATION TRUST,C_130,Ophthalmology Service,"3,855","3,050",79.10%,7.9,34.6,121
Y63,RCB,YORK TEACHING HOSPITAL NHS FOUNDATION TRUST,C_140,Oral Surgery Service,"2,360","1,533",65.00%,12.6,36.1,84
Y63,RCB,YORK TEACHING HOSPITAL NHS FOUNDATION TRUST,C_150,Neurosurgical Service, -   , -   , -   ,-,-,0
Y63,RCB,YORK TEACHING HOSPITAL NHS FOUNDATION TRUST,C_160,Plastic Surgery Service,132,109,82.60%,5.1,33.4,5
Y63,RCB,YORK TEACHING HOSPITAL NHS FOUNDATION TRUST,C_170,Cardiothoracic Surgery Service, -   , -   , -   ,-,-,0
Y63,RCB,YORK TEACHING HOSPITAL NHS FOUNDATION TRUST,C_300,General Internal Medicine Service,15,15,100.00%,-,-,0
Y63,RCB,YORK TEACHING HOSPITAL NHS FOUNDATION TRUST,C_301,Gastroenterology Service,"1,245",966,77.60%,9.7,29.3,12
Y63,RCB,YORK TEACHING HOSPITAL NHS FOUNDATION TRUST,C_320,Cardiology Service,820,668,81.50%,7.7,28.1,5
Y63,RCB,YORK TEACHING HOSPITAL NHS FOUNDATION TRUST,C_330,Dermatology Service,"1,373","1,161",84.60%,6.1,26.1,0
Y63,RCB,YORK TEACHING HOSPITAL NHS FOUNDATION TRUST,C_340,Respiratory Medicine Service,905,585,64.60%,11.8,38.3,4
Y63,RCB,YORK TEACHING HOSPITAL NHS FOUNDATION TRUST,C_400,Neurology Service,947,556,58.70%,14.1,36.1,4
Y63,RCB,YORK TEACHING HOSPITAL NHS FOUNDATION TRUST,C_410,Rheumatology Service,684,537,78.50%,8.5,25.6,0
Y63,RCB,YORK TEACHING HOSPITAL NHS FOUNDATION TRUST,C_430,Elderly Medicine Service,102,100,98.00%,3.4,12.3,0
Y63,RCB,YORK TEACHING HOSPITAL NHS FOUNDATION TRUST,C_502,Gynaecology Service,"2,040","1,347",66.00%,11.7,53,169
Y63,RCB,YORK TEACHING HOSPITAL NHS FOUNDATION TRUST,X02,Other - Medical Services,"1,651","1,001",60.60%,11.5,57,137
Y63,RCB,YORK TEACHING HOSPITAL NHS FOUNDATION TRUST,X03,Other - Mental Health Services, -   , -   , -   ,-,-,0
Y63,RCB,YORK TEACHING HOSPITAL NHS FOUNDATION TRUST,X04,Other - Paediatric Services,584,565,96.70%,4.3,11.4,0
Y63,RCB,YORK TEACHING HOSPITAL NHS FOUNDATION TRUST,X05,Other - Surgical Services,262,220,84.00%,8.3,24.8,15
Y63,RCB,YORK TEACHING HOSPITAL NHS FOUNDATION TRUST,X06,Other - Other Services,39,39,100.00%,8,12.3,0
Y63,RCD,HARROGATE AND DISTRICT NHS FOUNDATION TRUST,C_100,General Surgery Service,"1,802",,,10.3,,141
Y63,RCD,HARROGATE AND DISTRICT NHS FOUNDATION TRUST,C_101,Urology Service,997,,,8.7,,102
Y63,RCD,HARROGATE AND DISTRICT NHS FOUNDATION TRUST,C_110,Trauma and Orthopaedic Service,"3,120",,,12.6,,202
Y63,RCD,HARROGATE AND DISTRICT NHS FOUNDATION TRUST,C_120,Ear Nose and Throat Service,"1,225",,,7.3,,8
Y63,RCD,HARROGATE AND DISTRICT NHS FOUNDATION TRUST,C_130,Ophthalmology Service,"1,451",,,6.9,,63
Y63,RCD,HARROGATE AND DISTRICT NHS FOUNDATION TRUST,C_140,Oral Surgery Service,467,,,8.1,,10
Y63,RCD,HARROGATE AND DISTRICT NHS FOUNDATION TRUST,C_150,Neurosurgical Service, -   ,,,-,,0
Y63,RCD,HARROGATE AND DISTRICT NHS FOUNDATION TRUST,C_160,Plastic Surgery Service, -   ,,,-,,0
Y63,RCD,HARROGATE AND DISTRICT NHS FOUNDATION TRUST,C_170,Cardiothoracic Surgery Service, -   ,,,-,,0
Y63,RCD,HARROGATE AND DISTRICT NHS FOUNDATION TRUST,C_300,General Internal Medicine Service,23,,,1.8,,0
Y63,RCD,HARROGATE AND DISTRICT NHS FOUNDATION TRUST,C_301,Gastroenterology Service,954,,,11.5,,6
Y63,RCD,HARROGATE AND DISTRICT NHS FOUNDATION TRUST,C_320,Cardiology Service,824,,,5.7,,0
Y63,RCD,HARROGATE AND DISTRICT NHS FOUNDATION TRUST,C_330,Dermatology Service,918,,,3.1,,2
Y63,RCD,HARROGATE AND DISTRICT NHS FOUNDATION TRUST,C_340,Respiratory Medicine Service,435,,,8,,1
Y63,RCD,HARROGATE AND DISTRICT NHS FOUNDATION TRUST,C_400,Neurology Service,584,,,7.9,,0
Y63,RCD,HARROGATE AND DISTRICT NHS FOUNDATION TRUST,C_410,Rheumatology Service,409,,,5.2,,0
Y63,RCD,HARROGATE AND DISTRICT NHS FOUNDATION TRUST,C_430,Elderly Medicine Service,63,,,5,,0
Y63,RCD,HARROGATE AND DISTRICT NHS FOUNDATION TRUST,C_502,Gynaecology Service,"1,540",,,9.2,,110
Y63,RCD,HARROGATE AND DISTRICT NHS FOUNDATION TRUST,X02,Other - Medical Services,819,,,6,,2
Y63,RCD,HARROGATE AND DISTRICT NHS FOUNDATION TRUST,X03,Other - Mental Health Services, -   ,,,-,,0
Y63,RCD,HARROGATE AND DISTRICT NHS FOUNDATION TRUST,X04,Other - Paediatric Services,651,,,5.2,,0
Y63,RCD,HARROGATE AND DISTRICT NHS FOUNDATION TRUST,X05,Other - Surgical Services,623,,,5.6,,15
Y63,RCD,HARROGATE AND DISTRICT NHS FOUNDATION TRUST,X06,Other - Other Services,"2,505",,,14.5,,425
Y63,RCF,AIREDALE NHS FOUNDATION TRUST,C_100,General Surgery Service,"1,359",897,66.00%,11,47.4,97
Y63,RCF,AIREDALE NHS FOUNDATION TRUST,C_101,Urology Service,"1,061",726,68.40%,9.5,66,128
Y63,RCF,AIREDALE NHS FOUNDATION TRUST,C_110,Trauma and Orthopaedic Service,"1,174",550,46.80%,22.5,77.4,247
Y63,RCF,AIREDALE NHS FOUNDATION TRUST,C_120,Ear Nose and Throat Service,523,488,93.30%,4.9,17,14
Y63,RCF,AIREDALE NHS FOUNDATION TRUST,C_130,Ophthalmology Service,384,340,88.50%,3.8,25.3,9
Y63,RCF,AIREDALE NHS FOUNDATION TRUST,C_140,Oral Surgery Service,337,232,68.80%,7.9,65.1,35
Y63,RCF,AIREDALE NHS FOUNDATION TRUST,C_150,Neurosurgical Service, -   , -   , -   ,-,-,0
Y63,RCF,AIREDALE NHS FOUNDATION TRUST,C_160,Plastic Surgery Service,61,43,70.50%,8,26.8,0
Y63,RCF,AIREDALE NHS FOUNDATION TRUST,C_170,Cardiothoracic Surgery Service, -   , -   , -   ,-,-,0
Y63,RCF,AIREDALE NHS FOUNDATION TRUST,C_300,General Internal Medicine Service,25,25,100.00%,4.3,13,0
Y63,RCF,AIREDALE NHS FOUNDATION TRUST,C_301,Gastroenterology Service,493,414,84.00%,6.9,28.2,2
Y63,RCF,AIREDALE NHS FOUNDATION TRUST,C_320,Cardiology Service,533,442,82.90%,7.9,27.3,8
Y63,RCF,AIREDALE NHS FOUNDATION TRUST,C_330,Dermatology Service,47,47,100.00%,2.3,8.2,0
Y63,RCF,AIREDALE NHS FOUNDATION TRUST,C_340,Respiratory Medicine Service,210,204,97.10%,3,13.8,0
Y63,RCF,AIREDALE NHS FOUNDATION TRUST,C_400,Neurology Service,417,375,89.90%,7.2,20.1,1
Y63,RCF,AIREDALE NHS FOUNDATION TRUST,C_410,Rheumatology Service,206,179,86.90%,7.9,21.5,0
Y63,RCF,AIREDALE NHS FOUNDATION TRUST,C_430,Elderly Medicine Service,35,31,88.60%,4,28.2,0
Y63,RCF,AIREDALE NHS FOUNDATION TRUST,C_502,Gynaecology Service,"1,176",723,61.50%,11.8,68.2,162
Y63,RCF,AIREDALE NHS FOUNDATION TRUST,X02,Other - Medical Services,324,317,97.80%,5.3,13.7,0
Y63,RCF,AIREDALE NHS FOUNDATION TRUST,X03,Other - Mental Health Services, -   , -   , -   ,-,-,0
Y63,RCF,AIREDALE NHS FOUNDATION TRUST,X04,Other - Paediatric Services,557,507,91.00%,5.6,18.5,4
Y63,RCF,AIREDALE NHS FOUNDATION TRUST,X05,Other - Surgical Services,1,1,100.00%,-,-,0
Y63,RCF,AIREDALE NHS FOUNDATION TRUST,X06,Other - Other Services,227,227,100.00%,6.2,13,0
Y63,RCU,SHEFFIELD CHILDREN'S NHS FOUNDATION TRUST,C_100,General Surgery Service, -   , -   , -   ,-,-,0
Y63,RCU,SHEFFIELD CHILDREN'S NHS FOUNDATION TRUST,C_101,Urology Service, -   , -   , -   ,-,-,0
Y63,RCU,SHEFFIELD CHILDREN'S NHS FOUNDATION TRUST,C_110,Trauma and Orthopaedic Service, -   , -   , -   ,-,-,0
Y63,RCU,SHEFFIELD CHILDREN'S NHS FOUNDATION TRUST,C_120,Ear Nose and Throat Service, -   , -   , -   ,-,-,0
Y63,RCU,SHEFFIELD CHILDREN'S NHS FOUNDATION TRUST,C_130,Ophthalmology Service, -   , -   , -   ,-,-,0
Y63,RCU,SHEFFIELD CHILDREN'S NHS FOUNDATION TRUST,C_140,Oral Surgery Service,177,47,26.60%,32.3,70.6,48
Y63,RCU,SHEFFIELD CHILDREN'S NHS FOUNDATION TRUST,C_150,Neurosurgical Service, -   , -   , -   ,-,-,0
Y63,RCU,SHEFFIELD CHILDREN'S NHS FOUNDATION TRUST,C_160,Plastic Surgery Service, -   , -   , -   ,-,-,0
Y63,RCU,SHEFFIELD CHILDREN'S NHS FOUNDATION TRUST,C_170,Cardiothoracic Surgery Service, -   , -   , -   ,-,-,0
Y63,RCU,SHEFFIELD CHILDREN'S NHS FOUNDATION TRUST,C_300,General Internal Medicine Service, -   , -   , -   ,-,-,0
Y63,RCU,SHEFFIELD CHILDREN'S NHS FOUNDATION TRUST,C_301,Gastroenterology Service, -   , -   , -   ,-,-,0
Y63,RCU,SHEFFIELD CHILDREN'S NHS FOUNDATION TRUST,C_320,Cardiology Service, -   , -   , -   ,-,-,0
Y63,RCU,SHEFFIELD CHILDREN'S NHS FOUNDATION TRUST,C_330,Dermatology Service, -   , -   , -   ,-,-,0
Y63,RCU,SHEFFIELD CHILDREN'S NHS FOUNDATION TRUST,C_340,Respiratory Medicine Service, -   , -   , -   ,-,-,0
Y63,RCU,SHEFFIELD CHILDREN'S NHS FOUNDATION TRUST,C_400,Neurology Service, -   , -   , -   ,-,-,0
Y63,RCU,SHEFFIELD CHILDREN'S NHS FOUNDATION TRUST,C_410,Rheumatology Service, -   , -   , -   ,-,-,0
Y63,RCU,SHEFFIELD CHILDREN'S NHS FOUNDATION TRUST,C_430,Elderly Medicine Service, -   , -   , -   ,-,-,0
Y63,RCU,SHEFFIELD CHILDREN'S NHS FOUNDATION TRUST,C_502,Gynaecology Service, -   , -   , -   ,-,-,0
Y63,RCU,SHEFFIELD CHILDREN'S NHS FOUNDATION TRUST,X02,Other - Medical Services, -   , -   , -   ,-,-,0
Y63,RCU,SHEFFIELD CHILDREN'S NHS FOUNDATION TRUST,X03,Other - Mental Health Services, -   , -   , -   ,-,-,0
Y63,RCU,SHEFFIELD CHILDREN'S NHS FOUNDATION TRUST,X04,Other - Paediatric Services,"9,851","7,327",74.40%,7.7,43.5,613
Y63,RCU,SHEFFIELD CHILDREN'S NHS FOUNDATION TRUST,X05,Other - Surgical Services, -   , -   , -   ,-,-,0
Y63,RCU,SHEFFIELD CHILDREN'S NHS FOUNDATION TRUST,X06,Other - Other Services, -   , -   , -   ,-,-,0
Y63,RFF,BARNSLEY HOSPITAL NHS FOUNDATION TRUST,C_100,General Surgery Service,"1,394","1,045",75.00%,9.4,43.6,64
Y63,RFF,BARNSLEY HOSPITAL NHS FOUNDATION TRUST,C_101,Urology Service,819,621,75.80%,8.4,35.7,9
Y63,RFF,BARNSLEY HOSPITAL NHS FOUNDATION TRUST,C_110,Trauma and Orthopaedic Service,"1,316",706,53.60%,16,66.3,167
Y63,RFF,BARNSLEY HOSPITAL NHS FOUNDATION TRUST,C_120,Ear Nose and Throat Service,"1,083","1,047",96.70%,5,12.9,1
Y63,RFF,BARNSLEY HOSPITAL NHS FOUNDATION TRUST,C_130,Ophthalmology Service,911,884,97.00%,3,11.6,0
Y63,RFF,BARNSLEY HOSPITAL NHS FOUNDATION TRUST,C_140,Oral Surgery Service,199,105,52.80%,17,36.3,4
Y63,RFF,BARNSLEY HOSPITAL NHS FOUNDATION TRUST,C_150,Neurosurgical Service, -   , -   , -   ,-,-,0
Y63,RFF,BARNSLEY HOSPITAL NHS FOUNDATION TRUST,C_160,Plastic Surgery Service, -   , -   , -   ,-,-,0
Y63,RFF,BARNSLEY HOSPITAL NHS FOUNDATION TRUST,C_170,Cardiothoracic Surgery Service, -   , -   , -   ,-,-,0
Y63,RFF,BARNSLEY HOSPITAL NHS FOUNDATION TRUST,C_300,General Internal Medicine Service,28,28,100.00%,2.7,9.8,0
Y63,RFF,BARNSLEY HOSPITAL NHS FOUNDATION TRUST,C_301,Gastroenterology Service,"1,342","1,310",97.60%,5.8,13.2,0
Y63,RFF,BARNSLEY HOSPITAL NHS FOUNDATION TRUST,C_320,Cardiology Service,245,245,100.00%,2.5,7.7,0
Y63,RFF,BARNSLEY HOSPITAL NHS FOUNDATION TRUST,C_330,Dermatology Service,604,588,97.40%,5.3,13.2,0
Y63,RFF,BARNSLEY HOSPITAL NHS FOUNDATION TRUST,C_340,Respiratory Medicine Service,195,195,100.00%,3.4,12,0
Y63,RFF,BARNSLEY HOSPITAL NHS FOUNDATION TRUST,C_400,Neurology Service, -   , -   , -   ,-,-,0
Y63,RFF,BARNSLEY HOSPITAL NHS FOUNDATION TRUST,C_410,Rheumatology Service,71,71,100.00%,3.8,13.3,0
Y63,RFF,BARNSLEY HOSPITAL NHS FOUNDATION TRUST,C_430,Elderly Medicine Service,135,133,98.50%,3.5,12,0
Y63,RFF,BARNSLEY HOSPITAL NHS FOUNDATION TRUST,C_502,Gynaecology Service,677,624,92.20%,5,17.8,1
Y63,RFF,BARNSLEY HOSPITAL NHS FOUNDATION TRUST,X02,Other - Medical Services, -   , -   , -   ,-,-,0
Y63,RFF,BARNSLEY HOSPITAL NHS FOUNDATION TRUST,X03,Other - Mental Health Services, -   , -   , -   ,-,-,0
Y63,RFF,BARNSLEY HOSPITAL NHS FOUNDATION TRUST,X04,Other - Paediatric Services, -   , -   , -   ,-,-,0
Y63,RFF,BARNSLEY HOSPITAL NHS FOUNDATION TRUST,X05,Other - Surgical Services,4,4,100.00%,-,-,0
Y63,RFF,BARNSLEY HOSPITAL NHS FOUNDATION TRUST,X06,Other - Other Services,"1,487","1,366",91.90%,5.6,18.1,4
Y63,RFR,THE ROTHERHAM NHS FOUNDATION TRUST,C_100,General Surgery Service,"1,742","1,426",81.90%,6.2,28.1,18
Y63,RFR,THE ROTHERHAM NHS FOUNDATION TRUST,C_101,Urology Service,893,753,84.30%,6.3,31.1,21
Y63,RFR,THE ROTHERHAM NHS FOUNDATION TRUST,C_110,Trauma and Orthopaedic Service,"1,893","1,354",71.50%,8.8,39.2,84
Y63,RFR,THE ROTHERHAM NHS FOUNDATION TRUST,C_120,Ear Nose and Throat Service,"1,750","1,501",85.80%,9.3,23.7,20
Y63,RFR,THE ROTHERHAM NHS FOUNDATION TRUST,C_130,Ophthalmology Service,"1,854","1,675",90.30%,6.3,20.3,35
Y63,RFR,THE ROTHERHAM NHS FOUNDATION TRUST,C_140,Oral Surgery Service,14,14,100.00%,-,-,0
Y63,RFR,THE ROTHERHAM NHS FOUNDATION TRUST,C_150,Neurosurgical Service, -   , -   , -   ,-,-,0
Y63,RFR,THE ROTHERHAM NHS FOUNDATION TRUST,C_160,Plastic Surgery Service, -   , -   , -   ,-,-,0
Y63,RFR,THE ROTHERHAM NHS FOUNDATION TRUST,C_170,Cardiothoracic Surgery Service, -   , -   , -   ,-,-,0
Y63,RFR,THE ROTHERHAM NHS FOUNDATION TRUST,C_300,General Internal Medicine Service,234,232,99.10%,6.2,12.5,0
Y63,RFR,THE ROTHERHAM NHS FOUNDATION TRUST,C_301,Gastroenterology Service,961,828,86.20%,9.9,20.5,0
Y63,RFR,THE ROTHERHAM NHS FOUNDATION TRUST,C_320,Cardiology Service,"1,061",972,91.60%,8.3,18.3,0
Y63,RFR,THE ROTHERHAM NHS FOUNDATION TRUST,C_330,Dermatology Service,849,842,99.20%,4.1,12.7,0
Y63,RFR,THE ROTHERHAM NHS FOUNDATION TRUST,C_340,Respiratory Medicine Service,"1,138",824,72.40%,11,32.4,59
Y63,RFR,THE ROTHERHAM NHS FOUNDATION TRUST,C_400,Neurology Service, -   , -   , -   ,-,-,0
Y63,RFR,THE ROTHERHAM NHS FOUNDATION TRUST,C_410,Rheumatology Service,706,619,87.70%,6.8,20.6,0
Y63,RFR,THE ROTHERHAM NHS FOUNDATION TRUST,C_430,Elderly Medicine Service,204,199,97.50%,6,15.4,0
Y63,RFR,THE ROTHERHAM NHS FOUNDATION TRUST,C_502,Gynaecology Service,"1,715","1,363",79.50%,8,36,79
Y63,RFR,THE ROTHERHAM NHS FOUNDATION TRUST,X02,Other - Medical Services,250,239,95.60%,5.6,14.9,0
Y63,RFR,THE ROTHERHAM NHS FOUNDATION TRUST,X03,Other - Mental Health Services, -   , -   , -   ,-,-,0
Y63,RFR,THE ROTHERHAM NHS FOUNDATION TRUST,X04,Other - Paediatric Services,527,523,99.20%,5.6,14.9,0
Y63,RFR,THE ROTHERHAM NHS FOUNDATION TRUST,X05,Other - Surgical Services,"1,264","1,053",83.30%,7.5,24.7,16
Y63,RFR,THE ROTHERHAM NHS FOUNDATION TRUST,X06,Other - Other Services, -   , -   , -   ,-,-,0
Y63,RHQ,SHEFFIELD TEACHING HOSPITALS NHS FOUNDATION TRUST,C_100,General Surgery Service,677,442,65.30%,11.5,37.4,15
Y63,RHQ,SHEFFIELD TEACHING HOSPITALS NHS FOUNDATION TRUST,C_101,Urology Service,"1,983","1,801",90.80%,7,18.5,0
Y63,RHQ,SHEFFIELD TEACHING HOSPITALS NHS FOUNDATION TRUST,C_110,Trauma and Orthopaedic Service,"5,911","3,451",58.40%,13.3,59.9,542
Y63,RHQ,SHEFFIELD TEACHING HOSPITALS NHS FOUNDATION TRUST,C_120,Ear Nose and Throat Service,"3,258","2,340",71.80%,9.6,30.8,1
Y63,RHQ,SHEFFIELD TEACHING HOSPITALS NHS FOUNDATION TRUST,C_130,Ophthalmology Service,"3,770","3,355",89.00%,5.2,21.3,0
Y63,RHQ,SHEFFIELD TEACHING HOSPITALS NHS FOUNDATION TRUST,C_140,Oral Surgery Service,"3,042","2,320",76.30%,10.9,25.8,5
Y63,RHQ,SHEFFIELD TEACHING HOSPITALS NHS FOUNDATION TRUST,C_150,Neurosurgical Service,"1,122",860,76.60%,8.7,29.7,4
Y63,RHQ,SHEFFIELD TEACHING HOSPITALS NHS FOUNDATION TRUST,C_160,Plastic Surgery Service,"1,625","1,098",67.60%,10.2,44.6,97
Y63,RHQ,SHEFFIELD TEACHING HOSPITALS NHS FOUNDATION TRUST,C_170,Cardiothoracic Surgery Service,344,293,85.20%,5.9,24.4,1
Y63,RHQ,SHEFFIELD TEACHING HOSPITALS NHS FOUNDATION TRUST,C_300,General Internal Medicine Service,25,25,100.00%,4.3,7.7,0
Y63,RHQ,SHEFFIELD TEACHING HOSPITALS NHS FOUNDATION TRUST,C_301,Gastroenterology Service,"3,277","2,914",88.90%,6.7,20.6,0
Y63,RHQ,SHEFFIELD TEACHING HOSPITALS NHS FOUNDATION TRUST,C_320,Cardiology Service,"2,424","1,969",81.20%,7.3,32.9,45
Y63,RHQ,SHEFFIELD TEACHING HOSPITALS NHS FOUNDATION TRUST,C_330,Dermatology Service,"2,565","2,383",92.90%,5.5,16.9,3
Y63,RHQ,SHEFFIELD TEACHING HOSPITALS NHS FOUNDATION TRUST,C_340,Respiratory Medicine Service,882,851,96.50%,4.3,13,0
Y63,RHQ,SHEFFIELD TEACHING HOSPITALS NHS FOUNDATION TRUST,C_400,Neurology Service,"3,344","3,091",92.40%,6.6,17.7,1
Y63,RHQ,SHEFFIELD TEACHING HOSPITALS NHS FOUNDATION TRUST,C_410,Rheumatology Service,888,803,90.40%,5.6,20.4,0
Y63,RHQ,SHEFFIELD TEACHING HOSPITALS NHS FOUNDATION TRUST,C_430,Elderly Medicine Service,104,104,100.00%,3.6,9.9,0
Y63,RHQ,SHEFFIELD TEACHING HOSPITALS NHS FOUNDATION TRUST,C_502,Gynaecology Service,"3,090","2,609",84.40%,6.9,27.6,42
Y63,RHQ,SHEFFIELD TEACHING HOSPITALS NHS FOUNDATION TRUST,X02,Other - Medical Services,"5,979","5,648",94.50%,5.3,16.1,15
Y63,RHQ,SHEFFIELD TEACHING HOSPITALS NHS FOUNDATION TRUST,X03,Other - Mental Health Services, -   , -   , -   ,-,-,0
Y63,RHQ,SHEFFIELD TEACHING HOSPITALS NHS FOUNDATION TRUST,X04,Other - Paediatric Services, -   , -   , -   ,-,-,0
Y63,RHQ,SHEFFIELD TEACHING HOSPITALS NHS FOUNDATION TRUST,X05,Other - Surgical Services,"6,260","4,989",79.70%,7.3,30.3,91
Y63,RHQ,SHEFFIELD TEACHING HOSPITALS NHS FOUNDATION TRUST,X06,Other - Other Services,"3,102","2,823",91.00%,6.8,18.5,5
Y63,RJL,NORTHERN LINCOLNSHIRE AND GOOLE NHS FOUNDATION TRUST,C_100,General Surgery Service,"5,341","3,275",61.30%,12.8,41.4,131
Y63,RJL,NORTHERN LINCOLNSHIRE AND GOOLE NHS FOUNDATION TRUST,C_101,Urology Service,"2,539","1,893",74.60%,9.2,30.8,13
Y63,RJL,NORTHERN LINCOLNSHIRE AND GOOLE NHS FOUNDATION TRUST,C_110,Trauma and Orthopaedic Service,"2,338","1,468",62.80%,12.6,36.9,37
Y63,RJL,NORTHERN LINCOLNSHIRE AND GOOLE NHS FOUNDATION TRUST,C_120,Ear Nose and Throat Service,"3,716","2,309",62.10%,13.2,42.6,135
Y63,RJL,NORTHERN LINCOLNSHIRE AND GOOLE NHS FOUNDATION TRUST,C_130,Ophthalmology Service,"3,732","2,295",61.50%,12.5,39.9,88
Y63,RJL,NORTHERN LINCOLNSHIRE AND GOOLE NHS FOUNDATION TRUST,C_140,Oral Surgery Service,"1,691","1,038",61.40%,13.4,40.9,79
Y63,RJL,NORTHERN LINCOLNSHIRE AND GOOLE NHS FOUNDATION TRUST,C_150,Neurosurgical Service, -   , -   , -   ,-,-,0
Y63,RJL,NORTHERN LINCOLNSHIRE AND GOOLE NHS FOUNDATION TRUST,C_160,Plastic Surgery Service, -   , -   , -   ,-,-,0
Y63,RJL,NORTHERN LINCOLNSHIRE AND GOOLE NHS FOUNDATION TRUST,C_170,Cardiothoracic Surgery Service, -   , -   , -   ,-,-,0
Y63,RJL,NORTHERN LINCOLNSHIRE AND GOOLE NHS FOUNDATION TRUST,C_300,General Internal Medicine Service,"1,981","1,488",75.10%,8.6,37.1,38
Y63,RJL,NORTHERN LINCOLNSHIRE AND GOOLE NHS FOUNDATION TRUST,C_301,Gastroenterology Service,763,551,72.20%,12.8,28.1,4
Y63,RJL,NORTHERN LINCOLNSHIRE AND GOOLE NHS FOUNDATION TRUST,C_320,Cardiology Service,"2,056","1,436",69.80%,10.8,32.9,11
Y63,RJL,NORTHERN LINCOLNSHIRE AND GOOLE NHS FOUNDATION TRUST,C_330,Dermatology Service,208,203,97.60%,4.2,12.1,1
Y63,RJL,NORTHERN LINCOLNSHIRE AND GOOLE NHS FOUNDATION TRUST,C_340,Respiratory Medicine Service,911,669,73.40%,9.1,35.5,23
Y63,RJL,NORTHERN LINCOLNSHIRE AND GOOLE NHS FOUNDATION TRUST,C_400,Neurology Service,419,341,81.40%,8.2,24.7,1
Y63,RJL,NORTHERN LINCOLNSHIRE AND GOOLE NHS FOUNDATION TRUST,C_410,Rheumatology Service,481,427,88.80%,7.1,20.5,0
Y63,RJL,NORTHERN LINCOLNSHIRE AND GOOLE NHS FOUNDATION TRUST,C_430,Elderly Medicine Service,150,150,100.00%,3.7,12.6,0
Y63,RJL,NORTHERN LINCOLNSHIRE AND GOOLE NHS FOUNDATION TRUST,C_502,Gynaecology Service,"2,698","2,081",77.10%,9,32.4,17
Y63,RJL,NORTHERN LINCOLNSHIRE AND GOOLE NHS FOUNDATION TRUST,X02,Other - Medical Services,144,122,84.70%,7,24.2,0
Y63,RJL,NORTHERN LINCOLNSHIRE AND GOOLE NHS FOUNDATION TRUST,X03,Other - Mental Health Services, -   , -   , -   ,-,-,0
Y63,RJL,NORTHERN LINCOLNSHIRE AND GOOLE NHS FOUNDATION TRUST,X04,Other - Paediatric Services,272,208,76.50%,13.1,26.2,0
Y63,RJL,NORTHERN LINCOLNSHIRE AND GOOLE NHS FOUNDATION TRUST,X05,Other - Surgical Services,"1,009",926,91.80%,4.6,18.3,5
Y63,RJL,NORTHERN LINCOLNSHIRE AND GOOLE NHS FOUNDATION TRUST,X06,Other - Other Services,490,209,42.70%,24.7,68.2,78
Y63,RNN,NORTH CUMBRIA INTEGRATED CARE NHS FOUNDATION TRUST,C_100,General Surgery Service,920,439,47.70%,20.7,59.1,106
Y63,RNN,NORTH CUMBRIA INTEGRATED CARE NHS FOUNDATION TRUST,C_101,Urology Service,"2,417","1,158",47.90%,19.2,45,104
Y63,RNN,NORTH CUMBRIA INTEGRATED CARE NHS FOUNDATION TRUST,C_110,Trauma and Orthopaedic Service,"2,806",981,35.00%,29.4,87.2,874
Y63,RNN,NORTH CUMBRIA INTEGRATED CARE NHS FOUNDATION TRUST,C_120,Ear Nose and Throat Service,"2,998","1,927",64.30%,12.1,42,152
Y63,RNN,NORTH CUMBRIA INTEGRATED CARE NHS FOUNDATION TRUST,C_130,Ophthalmology Service,"2,483","1,631",65.70%,10.2,40.9,84
Y63,RNN,NORTH CUMBRIA INTEGRATED CARE NHS FOUNDATION TRUST,C_140,Oral Surgery Service,"1,286",821,63.80%,12.7,31.7,39
Y63,RNN,NORTH CUMBRIA INTEGRATED CARE NHS FOUNDATION TRUST,C_150,Neurosurgical Service, -   , -   , -   ,-,-,0
Y63,RNN,NORTH CUMBRIA INTEGRATED CARE NHS FOUNDATION TRUST,C_160,Plastic Surgery Service, -   , -   , -   ,-,-,0
Y63,RNN,NORTH CUMBRIA INTEGRATED CARE NHS FOUNDATION TRUST,C_170,Cardiothoracic Surgery Service, -   , -   , -   ,-,-,0
Y63,RNN,NORTH CUMBRIA INTEGRATED CARE NHS FOUNDATION TRUST,C_300,General Internal Medicine Service,111,81,73.00%,9.7,25.1,1
Y63,RNN,NORTH CUMBRIA INTEGRATED CARE NHS FOUNDATION TRUST,C_301,Gastroenterology Service,"1,445",930,64.40%,12.6,47.8,87
Y63,RNN,NORTH CUMBRIA INTEGRATED CARE NHS FOUNDATION TRUST,C_320,Cardiology Service,"2,020","1,199",59.40%,13.7,45.3,110
Y63,RNN,NORTH CUMBRIA INTEGRATED CARE NHS FOUNDATION TRUST,C_330,Dermatology Service,"1,619","1,172",72.40%,9.8,38.1,73
Y63,RNN,NORTH CUMBRIA INTEGRATED CARE NHS FOUNDATION TRUST,C_340,Respiratory Medicine Service,379,326,86.00%,6,23.8,0
Y63,RNN,NORTH CUMBRIA INTEGRATED CARE NHS FOUNDATION TRUST,C_400,Neurology Service,"1,133",669,59.00%,14.2,44,24
Y63,RNN,NORTH CUMBRIA INTEGRATED CARE NHS FOUNDATION TRUST,C_410,Rheumatology Service,480,431,89.80%,6.1,19.9,3
Y63,RNN,NORTH CUMBRIA INTEGRATED CARE NHS FOUNDATION TRUST,C_430,Elderly Medicine Service,65,47,72.30%,7.5,41.8,0
Y63,RNN,NORTH CUMBRIA INTEGRATED CARE NHS FOUNDATION TRUST,C_502,Gynaecology Service,"2,152","1,542",71.70%,9.7,39.8,84
Y63,RNN,NORTH CUMBRIA INTEGRATED CARE NHS FOUNDATION TRUST,X02,Other - Medical Services,913,799,87.50%,9.5,20.2,1
Y63,RNN,NORTH CUMBRIA INTEGRATED CARE NHS FOUNDATION TRUST,X03,Other - Mental Health Services, -   , -   , -   ,-,-,0
Y63,RNN,NORTH CUMBRIA INTEGRATED CARE NHS FOUNDATION TRUST,X04,Other - Paediatric Services,842,820,97.40%,6.5,15.8,1
Y63,RNN,NORTH CUMBRIA INTEGRATED CARE NHS FOUNDATION TRUST,X05,Other - Surgical Services,"3,339","2,229",66.80%,10.1,50.5,238
Y63,RNN,NORTH CUMBRIA INTEGRATED CARE NHS FOUNDATION TRUST,X06,Other - Other Services,"1,269","1,207",95.10%,5.3,15.6,2
Y63,RP5,DONCASTER AND BASSETLAW TEACHING HOSPITALS NHS FOUNDATION TRUST,C_100,General Surgery Service,"3,595","2,357",65.60%,11.9,41.1,147
Y63,RP5,DONCASTER AND BASSETLAW TEACHING HOSPITALS NHS FOUNDATION TRUST,C_101,Urology Service,"2,630","1,453",55.20%,15.4,41,85
Y63,RP5,DONCASTER AND BASSETLAW TEACHING HOSPITALS NHS FOUNDATION TRUST,C_110,Trauma and Orthopaedic Service,"8,190","4,715",57.60%,13.8,57,718
Y63,RP5,DONCASTER AND BASSETLAW TEACHING HOSPITALS NHS FOUNDATION TRUST,C_120,Ear Nose and Throat Service,"4,477","2,613",58.40%,14.6,38.8,167
Y63,RP5,DONCASTER AND BASSETLAW TEACHING HOSPITALS NHS FOUNDATION TRUST,C_130,Ophthalmology Service,"3,880","2,638",68.00%,9.9,39.5,132
Y63,RP5,DONCASTER AND BASSETLAW TEACHING HOSPITALS NHS FOUNDATION TRUST,C_140,Oral Surgery Service,"2,507","1,756",70.00%,11.2,36,93
Y63,RP5,DONCASTER AND BASSETLAW TEACHING HOSPITALS NHS FOUNDATION TRUST,C_150,Neurosurgical Service, -   , -   , -   ,-,-,0
Y63,RP5,DONCASTER AND BASSETLAW TEACHING HOSPITALS NHS FOUNDATION TRUST,C_160,Plastic Surgery Service, -   , -   , -   ,-,-,0
Y63,RP5,DONCASTER AND BASSETLAW TEACHING HOSPITALS NHS FOUNDATION TRUST,C_170,Cardiothoracic Surgery Service, -   , -   , -   ,-,-,0
Y63,RP5,DONCASTER AND BASSETLAW TEACHING HOSPITALS NHS FOUNDATION TRUST,C_300,General Internal Medicine Service,"2,032","1,766",86.90%,8,21.2,2
Y63,RP5,DONCASTER AND BASSETLAW TEACHING HOSPITALS NHS FOUNDATION TRUST,C_301,Gastroenterology Service, -   , -   , -   ,-,-,0
Y63,RP5,DONCASTER AND BASSETLAW TEACHING HOSPITALS NHS FOUNDATION TRUST,C_320,Cardiology Service,"1,454","1,402",96.40%,5.2,14.9,2
Y63,RP5,DONCASTER AND BASSETLAW TEACHING HOSPITALS NHS FOUNDATION TRUST,C_330,Dermatology Service,"1,393","1,370",98.30%,3.3,11.9,0
Y63,RP5,DONCASTER AND BASSETLAW TEACHING HOSPITALS NHS FOUNDATION TRUST,C_340,Respiratory Medicine Service,886,841,94.90%,4.9,16.1,1
Y63,RP5,DONCASTER AND BASSETLAW TEACHING HOSPITALS NHS FOUNDATION TRUST,C_400,Neurology Service, -   , -   , -   ,-,-,0
Y63,RP5,DONCASTER AND BASSETLAW TEACHING HOSPITALS NHS FOUNDATION TRUST,C_410,Rheumatology Service,553,535,96.70%,5.3,13,0
Y63,RP5,DONCASTER AND BASSETLAW TEACHING HOSPITALS NHS FOUNDATION TRUST,C_430,Elderly Medicine Service,189,158,83.60%,7.1,24.9,0
Y63,RP5,DONCASTER AND BASSETLAW TEACHING HOSPITALS NHS FOUNDATION TRUST,C_502,Gynaecology Service,"1,923","1,601",83.30%,5.3,28.4,10
Y63,RP5,DONCASTER AND BASSETLAW TEACHING HOSPITALS NHS FOUNDATION TRUST,X02,Other - Medical Services,"2,202","2,050",93.10%,4.5,17.3,12
Y63,RP5,DONCASTER AND BASSETLAW TEACHING HOSPITALS NHS FOUNDATION TRUST,X03,Other - Mental Health Services,2,1,50.00%,-,-,1
Y63,RP5,DONCASTER AND BASSETLAW TEACHING HOSPITALS NHS FOUNDATION TRUST,X04,Other - Paediatric Services,186,172,92.50%,5.6,17.8,0
Y63,RP5,DONCASTER AND BASSETLAW TEACHING HOSPITALS NHS FOUNDATION TRUST,X05,Other - Surgical Services,"1,455","1,182",81.20%,5.5,33.2,57
Y63,RP5,DONCASTER AND BASSETLAW TEACHING HOSPITALS NHS FOUNDATION TRUST,X06,Other - Other Services,263,167,63.50%,9.1,41.5,16
Y63,RR7,GATESHEAD HEALTH NHS FOUNDATION TRUST,C_100,General Surgery Service,"1,944","1,614",83.00%,6.5,26.5,15
Y63,RR7,GATESHEAD HEALTH NHS FOUNDATION TRUST,C_101,Urology Service,595,447,75.10%,10.2,30.9,7
Y63,RR7,GATESHEAD HEALTH NHS FOUNDATION TRUST,C_110,Trauma and Orthopaedic Service,998,644,64.50%,12.5,40.3,36
Y63,RR7,GATESHEAD HEALTH NHS FOUNDATION TRUST,C_120,Ear Nose and Throat Service, -   , -   , -   ,-,-,0
Y63,RR7,GATESHEAD HEALTH NHS FOUNDATION TRUST,C_130,Ophthalmology Service, -   , -   , -   ,-,-,0
Y63,RR7,GATESHEAD HEALTH NHS FOUNDATION TRUST,C_140,Oral Surgery Service, -   , -   , -   ,-,-,0
Y63,RR7,GATESHEAD HEALTH NHS FOUNDATION TRUST,C_150,Neurosurgical Service, -   , -   , -   ,-,-,0
Y63,RR7,GATESHEAD HEALTH NHS FOUNDATION TRUST,C_160,Plastic Surgery Service, -   , -   , -   ,-,-,0
Y63,RR7,GATESHEAD HEALTH NHS FOUNDATION TRUST,C_170,Cardiothoracic Surgery Service, -   , -   , -   ,-,-,0
Y63,RR7,GATESHEAD HEALTH NHS FOUNDATION TRUST,C_300,General Internal Medicine Service,52,49,94.20%,5.2,16.8,0
Y63,RR7,GATESHEAD HEALTH NHS FOUNDATION TRUST,C_301,Gastroenterology Service,918,785,85.50%,7.7,24.2,0
Y63,RR7,GATESHEAD HEALTH NHS FOUNDATION TRUST,C_320,Cardiology Service,474,404,85.20%,6.8,24.5,0
Y63,RR7,GATESHEAD HEALTH NHS FOUNDATION TRUST,C_330,Dermatology Service, -   , -   , -   ,-,-,0
Y63,RR7,GATESHEAD HEALTH NHS FOUNDATION TRUST,C_340,Respiratory Medicine Service,396,356,89.90%,6,19.7,0
Y63,RR7,GATESHEAD HEALTH NHS FOUNDATION TRUST,C_400,Neurology Service, -   , -   , -   ,-,-,0
Y63,RR7,GATESHEAD HEALTH NHS FOUNDATION TRUST,C_410,Rheumatology Service,274,249,90.90%,5.3,21,0
Y63,RR7,GATESHEAD HEALTH NHS FOUNDATION TRUST,C_430,Elderly Medicine Service,126,118,93.70%,4.4,16.9,0
Y63,RR7,GATESHEAD HEALTH NHS FOUNDATION TRUST,C_502,Gynaecology Service,"1,344","1,167",86.80%,7.8,24.5,3
Y63,RR7,GATESHEAD HEALTH NHS FOUNDATION TRUST,X02,Other - Medical Services,"1,238",919,74.20%,8.5,34.4,1
Y63,RR7,GATESHEAD HEALTH NHS FOUNDATION TRUST,X03,Other - Mental Health Services,303,181,59.70%,13.8,43.4,0
Y63,RR7,GATESHEAD HEALTH NHS FOUNDATION TRUST,X04,Other - Paediatric Services, -   , -   , -   ,-,-,0
Y63,RR7,GATESHEAD HEALTH NHS FOUNDATION TRUST,X05,Other - Surgical Services,6,3,50.00%,-,-,0
Y63,RR7,GATESHEAD HEALTH NHS FOUNDATION TRUST,X06,Other - Other Services,707,593,83.90%,6.8,26.3,2
Y63,RR8,LEEDS TEACHING HOSPITALS NHS TRUST,C_100,General Surgery Service,"1,385",715,51.60%,16.3,71.9,193
Y63,RR8,LEEDS TEACHING HOSPITALS NHS TRUST,C_101,Urology Service,"2,957","2,027",68.50%,10,48.9,221
Y63,RR8,LEEDS TEACHING HOSPITALS NHS TRUST,C_110,Trauma and Orthopaedic Service,"5,225","2,683",51.30%,17,70.9,815
Y63,RR8,LEEDS TEACHING HOSPITALS NHS TRUST,C_120,Ear Nose and Throat Service,"3,009","2,026",67.30%,10.8,44.6,215
Y63,RR8,LEEDS TEACHING HOSPITALS NHS TRUST,C_130,Ophthalmology Service,"3,801","3,248",85.50%,6.7,24.9,63
Y63,RR8,LEEDS TEACHING HOSPITALS NHS TRUST,C_140,Oral Surgery Service,"1,605","1,262",78.60%,8.4,36.3,93
Y63,RR8,LEEDS TEACHING HOSPITALS NHS TRUST,C_150,Neurosurgical Service,387,249,64.30%,9.6,62.5,47
Y63,RR8,LEEDS TEACHING HOSPITALS NHS TRUST,C_160,Plastic Surgery Service,"2,070","1,021",49.30%,18.4,71.3,405
Y63,RR8,LEEDS TEACHING HOSPITALS NHS TRUST,C_170,Cardiothoracic Surgery Service,383,334,87.20%,6.8,27.5,2
Y63,RR8,LEEDS TEACHING HOSPITALS NHS TRUST,C_300,General Internal Medicine Service,1,1,100.00%,-,-,0
Y63,RR8,LEEDS TEACHING HOSPITALS NHS TRUST,C_301,Gastroenterology Service,"1,672","1,501",89.80%,5.3,20.6,4
Y63,RR8,LEEDS TEACHING HOSPITALS NHS TRUST,C_320,Cardiology Service,"2,684","2,540",94.60%,5.2,15.7,0
Y63,RR8,LEEDS TEACHING HOSPITALS NHS TRUST,C_330,Dermatology Service,"3,234","2,888",89.30%,5.4,20.9,4
Y63,RR8,LEEDS TEACHING HOSPITALS NHS TRUST,C_340,Respiratory Medicine Service,769,654,85.00%,6.7,21.8,0
Y63,RR8,LEEDS TEACHING HOSPITALS NHS TRUST,C_400,Neurology Service,"1,382","1,381",99.90%,6.1,13.9,0
Y63,RR8,LEEDS TEACHING HOSPITALS NHS TRUST,C_410,Rheumatology Service,"1,545","1,401",90.70%,5.6,19.2,0
Y63,RR8,LEEDS TEACHING HOSPITALS NHS TRUST,C_430,Elderly Medicine Service,45,45,100.00%,3.2,8.4,0
Y63,RR8,LEEDS TEACHING HOSPITALS NHS TRUST,C_502,Gynaecology Service,"4,871","4,106",84.30%,7.4,24.9,44
Y63,RR8,LEEDS TEACHING HOSPITALS NHS TRUST,X02,Other - Medical Services,"9,752","8,043",82.50%,7.9,28.2,153
Y63,RR8,LEEDS TEACHING HOSPITALS NHS TRUST,X03,Other - Mental Health Services, -   , -   , -   ,-,-,0
Y63,RR8,LEEDS TEACHING HOSPITALS NHS TRUST,X04,Other - Paediatric Services,"7,838","5,243",66.90%,10.9,57.4,681
Y63,RR8,LEEDS TEACHING HOSPITALS NHS TRUST,X05,Other - Surgical Services,"7,396","4,782",64.70%,11.4,52.1,592
Y63,RR8,LEEDS TEACHING HOSPITALS NHS TRUST,X06,Other - Other Services,795,705,88.70%,4.3,33.1,33
Y63,RTD,THE NEWCASTLE UPON TYNE HOSPITALS NHS FOUNDATION TRUST,C_100,General Surgery Service,647,586,90.60%,7.1,18.9,4
Y63,RTD,THE NEWCASTLE UPON TYNE HOSPITALS NHS FOUNDATION TRUST,C_101,Urology Service,"2,901","2,234",77.00%,9.7,36.8,91
Y63,RTD,THE NEWCASTLE UPON TYNE HOSPITALS NHS FOUNDATION TRUST,C_110,Trauma and Orthopaedic Service,"7,797","4,787",61.40%,12.9,68.7,"1,036"
Y63,RTD,THE NEWCASTLE UPON TYNE HOSPITALS NHS FOUNDATION TRUST,C_120,Ear Nose and Throat Service,"6,973","5,532",79.30%,9.3,32.9,265
Y63,RTD,THE NEWCASTLE UPON TYNE HOSPITALS NHS FOUNDATION TRUST,C_130,Ophthalmology Service,"15,850","7,124",44.90%,21.6,66.8,"2,420"
Y63,RTD,THE NEWCASTLE UPON TYNE HOSPITALS NHS FOUNDATION TRUST,C_140,Oral Surgery Service,"2,149","2,031",94.50%,6.3,16.1,0
Y63,RTD,THE NEWCASTLE UPON TYNE HOSPITALS NHS FOUNDATION TRUST,C_150,Neurosurgical Service,753,626,83.10%,7.1,30.2,16
Y63,RTD,THE NEWCASTLE UPON TYNE HOSPITALS NHS FOUNDATION TRUST,C_160,Plastic Surgery Service,"1,650","1,109",67.20%,11.7,58.4,141
Y63,RTD,THE NEWCASTLE UPON TYNE HOSPITALS NHS FOUNDATION TRUST,C_170,Cardiothoracic Surgery Service,53,46,86.80%,7.5,21.4,0
Y63,RTD,THE NEWCASTLE UPON TYNE HOSPITALS NHS FOUNDATION TRUST,C_300,General Internal Medicine Service,"1,019",872,85.60%,7.5,23.5,2
Y63,RTD,THE NEWCASTLE UPON TYNE HOSPITALS NHS FOUNDATION TRUST,C_301,Gastroenterology Service,810,749,92.50%,5.7,17.7,1
Y63,RTD,THE NEWCASTLE UPON TYNE HOSPITALS NHS FOUNDATION TRUST,C_320,Cardiology Service,"4,227","3,318",78.50%,9.9,29.4,114
Y63,RTD,THE NEWCASTLE UPON TYNE HOSPITALS NHS FOUNDATION TRUST,C_330,Dermatology Service,"7,600","4,699",61.80%,12.2,66.4,966
Y63,RTD,THE NEWCASTLE UPON TYNE HOSPITALS NHS FOUNDATION TRUST,C_340,Respiratory Medicine Service,"1,396","1,265",90.60%,8.7,19.3,2
Y63,RTD,THE NEWCASTLE UPON TYNE HOSPITALS NHS FOUNDATION TRUST,C_400,Neurology Service,"1,845","1,758",95.30%,5.8,16.5,3
Y63,RTD,THE NEWCASTLE UPON TYNE HOSPITALS NHS FOUNDATION TRUST,C_410,Rheumatology Service,937,854,91.10%,6.3,18.6,6
Y63,RTD,THE NEWCASTLE UPON TYNE HOSPITALS NHS FOUNDATION TRUST,C_430,Elderly Medicine Service,383,374,97.70%,5.5,15.1,0
Y63,RTD,THE NEWCASTLE UPON TYNE HOSPITALS NHS FOUNDATION TRUST,C_502,Gynaecology Service,"3,770","2,951",78.30%,9.3,39.9,168
Y63,RTD,THE NEWCASTLE UPON TYNE HOSPITALS NHS FOUNDATION TRUST,X02,Other - Medical Services,"7,208","6,641",92.10%,5.9,17.9,34
Y63,RTD,THE NEWCASTLE UPON TYNE HOSPITALS NHS FOUNDATION TRUST,X03,Other - Mental Health Services,372,372,100.00%,4.5,15.2,0
Y63,RTD,THE NEWCASTLE UPON TYNE HOSPITALS NHS FOUNDATION TRUST,X04,Other - Paediatric Services,"6,210","5,362",86.30%,6.2,25.6,55
Y63,RTD,THE NEWCASTLE UPON TYNE HOSPITALS NHS FOUNDATION TRUST,X05,Other - Surgical Services,"7,135","5,710",80.00%,7.7,33.2,175
Y63,RTD,THE NEWCASTLE UPON TYNE HOSPITALS NHS FOUNDATION TRUST,X06,Other - Other Services,"2,383","2,112",88.60%,6,25.8,25
Y63,RTF,NORTHUMBRIA HEALTHCARE NHS FOUNDATION TRUST,C_100,General Surgery Service,"6,280","5,405",86.10%,9,25.8,17
Y63,RTF,NORTHUMBRIA HEALTHCARE NHS FOUNDATION TRUST,C_101,Urology Service,"2,207","1,868",84.60%,9.2,25.4,4
Y63,RTF,NORTHUMBRIA HEALTHCARE NHS FOUNDATION TRUST,C_110,Trauma and Orthopaedic Service,"4,636","3,458",74.60%,9.8,35.8,64
Y63,RTF,NORTHUMBRIA HEALTHCARE NHS FOUNDATION TRUST,C_120,Ear Nose and Throat Service, -   , -   , -   ,-,-,0
Y63,RTF,NORTHUMBRIA HEALTHCARE NHS FOUNDATION TRUST,C_130,Ophthalmology Service, -   , -   , -   ,-,-,0
Y63,RTF,NORTHUMBRIA HEALTHCARE NHS FOUNDATION TRUST,C_140,Oral Surgery Service,190,188,98.90%,4.8,14.8,0
Y63,RTF,NORTHUMBRIA HEALTHCARE NHS FOUNDATION TRUST,C_150,Neurosurgical Service, -   , -   , -   ,-,-,0
Y63,RTF,NORTHUMBRIA HEALTHCARE NHS FOUNDATION TRUST,C_160,Plastic Surgery Service,842,605,71.90%,10,37.5,13
Y63,RTF,NORTHUMBRIA HEALTHCARE NHS FOUNDATION TRUST,C_170,Cardiothoracic Surgery Service, -   , -   , -   ,-,-,0
Y63,RTF,NORTHUMBRIA HEALTHCARE NHS FOUNDATION TRUST,C_300,General Internal Medicine Service,888,888,100.00%,5.3,15.4,0
Y63,RTF,NORTHUMBRIA HEALTHCARE NHS FOUNDATION TRUST,C_301,Gastroenterology Service,"1,328","1,237",93.10%,8.2,17.6,0
Y63,RTF,NORTHUMBRIA HEALTHCARE NHS FOUNDATION TRUST,C_320,Cardiology Service,"1,512","1,471",97.30%,6.2,16.2,0
Y63,RTF,NORTHUMBRIA HEALTHCARE NHS FOUNDATION TRUST,C_330,Dermatology Service, -   , -   , -   ,-,-,0
Y63,RTF,NORTHUMBRIA HEALTHCARE NHS FOUNDATION TRUST,C_340,Respiratory Medicine Service,"1,249","1,242",99.40%,6.6,15.7,0
Y63,RTF,NORTHUMBRIA HEALTHCARE NHS FOUNDATION TRUST,C_400,Neurology Service, -   , -   , -   ,-,-,0
Y63,RTF,NORTHUMBRIA HEALTHCARE NHS FOUNDATION TRUST,C_410,Rheumatology Service,783,749,95.70%,8.3,17,0
Y63,RTF,NORTHUMBRIA HEALTHCARE NHS FOUNDATION TRUST,C_430,Elderly Medicine Service,681,668,98.10%,5.7,15.5,0
Y63,RTF,NORTHUMBRIA HEALTHCARE NHS FOUNDATION TRUST,C_502,Gynaecology Service,"2,089","1,986",95.10%,7.9,16.8,1
Y63,RTF,NORTHUMBRIA HEALTHCARE NHS FOUNDATION TRUST,X02,Other - Medical Services, -   , -   , -   ,-,-,0
Y63,RTF,NORTHUMBRIA HEALTHCARE NHS FOUNDATION TRUST,X03,Other - Mental Health Services, -   , -   , -   ,-,-,0
Y63,RTF,NORTHUMBRIA HEALTHCARE NHS FOUNDATION TRUST,X04,Other - Paediatric Services, -   , -   , -   ,-,-,0
Y63,RTF,NORTHUMBRIA HEALTHCARE NHS FOUNDATION TRUST,X05,Other - Surgical Services, -   , -   , -   ,-,-,0
Y63,RTF,NORTHUMBRIA HEALTHCARE NHS FOUNDATION TRUST,X06,Other - Other Services,"1,806","1,796",99.40%,5.1,14.8,0
Y63,RTR,SOUTH TEES HOSPITALS NHS FOUNDATION TRUST,C_100,General Surgery Service,"1,760",992,56.40%,14.9,59.2,153
Y63,RTR,SOUTH TEES HOSPITALS NHS FOUNDATION TRUST,C_101,Urology Service,"3,129","1,792",57.30%,14.5,68.6,440
Y63,RTR,SOUTH TEES HOSPITALS NHS FOUNDATION TRUST,C_110,Trauma and Orthopaedic Service,"4,855","2,470",50.90%,17.6,80.3,957
Y63,RTR,SOUTH TEES HOSPITALS NHS FOUNDATION TRUST,C_120,Ear Nose and Throat Service,"4,087","2,376",58.10%,14.4,52,327
Y63,RTR,SOUTH TEES HOSPITALS NHS FOUNDATION TRUST,C_130,Ophthalmology Service,"3,229","2,488",77.10%,8.6,33.6,124
Y63,RTR,SOUTH TEES HOSPITALS NHS FOUNDATION TRUST,C_140,Oral Surgery Service,110,96,87.30%,14.1,20.7,2
Y63,RTR,SOUTH TEES HOSPITALS NHS FOUNDATION TRUST,C_150,Neurosurgical Service,782,505,64.60%,11.3,64.8,99
Y63,RTR,SOUTH TEES HOSPITALS NHS FOUNDATION TRUST,C_160,Plastic Surgery Service,"1,832",965,52.70%,16.8,63.6,186
Y63,RTR,SOUTH TEES HOSPITALS NHS FOUNDATION TRUST,C_170,Cardiothoracic Surgery Service,158,116,73.40%,9.6,33.7,4
Y63,RTR,SOUTH TEES HOSPITALS NHS FOUNDATION TRUST,C_300,General Internal Medicine Service,136,86,63.20%,11.6,30.6,0
Y63,RTR,SOUTH TEES HOSPITALS NHS FOUNDATION TRUST,C_301,Gastroenterology Service,"1,349","1,262",93.60%,5.5,16.4,6
Y63,RTR,SOUTH TEES HOSPITALS NHS FOUNDATION TRUST,C_320,Cardiology Service,940,793,84.40%,7,26.6,12
Y63,RTR,SOUTH TEES HOSPITALS NHS FOUNDATION TRUST,C_330,Dermatology Service,"1,444","1,161",80.40%,8.4,25.5,5
Y63,RTR,SOUTH TEES HOSPITALS NHS FOUNDATION TRUST,C_340,Respiratory Medicine Service,691,625,90.40%,6.6,19.2,0
Y63,RTR,SOUTH TEES HOSPITALS NHS FOUNDATION TRUST,C_400,Neurology Service,"1,884","1,091",57.90%,14.1,33.8,65
Y63,RTR,SOUTH TEES HOSPITALS NHS FOUNDATION TRUST,C_410,Rheumatology Service,534,497,93.10%,7.9,15.7,0
Y63,RTR,SOUTH TEES HOSPITALS NHS FOUNDATION TRUST,C_430,Elderly Medicine Service,25,25,100.00%,4.8,9.8,0
Y63,RTR,SOUTH TEES HOSPITALS NHS FOUNDATION TRUST,C_502,Gynaecology Service,"1,890","1,426",75.40%,9.3,39.5,113
Y63,RTR,SOUTH TEES HOSPITALS NHS FOUNDATION TRUST,X02,Other - Medical Services,"3,151","2,189",69.50%,9.5,41.6,183
Y63,RTR,SOUTH TEES HOSPITALS NHS FOUNDATION TRUST,X03,Other - Mental Health Services,2,2,100.00%,-,-,0
Y63,RTR,SOUTH TEES HOSPITALS NHS FOUNDATION TRUST,X04,Other - Paediatric Services,"1,104",755,68.40%,11.3,42.2,66
Y63,RTR,SOUTH TEES HOSPITALS NHS FOUNDATION TRUST,X05,Other - Surgical Services,"4,001","2,615",65.40%,10.5,65.7,421
Y63,RTR,SOUTH TEES HOSPITALS NHS FOUNDATION TRUST,X06,Other - Other Services,312,301,96.50%,3,16.1,1
Y63,RVW,NORTH TEES AND HARTLEPOOL NHS FOUNDATION TRUST,C_100,General Surgery Service,"1,500","1,235",82.30%,8,30.2,13
Y63,RVW,NORTH TEES AND HARTLEPOOL NHS FOUNDATION TRUST,C_101,Urology Service,"1,229",985,80.10%,8.3,30.9,10
Y63,RVW,NORTH TEES AND HARTLEPOOL NHS FOUNDATION TRUST,C_110,Trauma and Orthopaedic Service,"4,739","4,240",89.50%,6.7,19.2,14
Y63,RVW,NORTH TEES AND HARTLEPOOL NHS FOUNDATION TRUST,C_120,Ear Nose and Throat Service, -   , -   , -   ,-,-,0
Y63,RVW,NORTH TEES AND HARTLEPOOL NHS FOUNDATION TRUST,C_130,Ophthalmology Service, -   , -   , -   ,-,-,0
Y63,RVW,NORTH TEES AND HARTLEPOOL NHS FOUNDATION TRUST,C_140,Oral Surgery Service,42,41,97.60%,2.7,7.9,0
Y63,RVW,NORTH TEES AND HARTLEPOOL NHS FOUNDATION TRUST,C_150,Neurosurgical Service, -   , -   , -   ,-,-,0
Y63,RVW,NORTH TEES AND HARTLEPOOL NHS FOUNDATION TRUST,C_160,Plastic Surgery Service, -   , -   , -   ,-,-,0
Y63,RVW,NORTH TEES AND HARTLEPOOL NHS FOUNDATION TRUST,C_170,Cardiothoracic Surgery Service, -   , -   , -   ,-,-,0
Y63,RVW,NORTH TEES AND HARTLEPOOL NHS FOUNDATION TRUST,C_300,General Internal Medicine Service,167,162,97.00%,4.3,12.2,0
Y63,RVW,NORTH TEES AND HARTLEPOOL NHS FOUNDATION TRUST,C_301,Gastroenterology Service,991,958,96.70%,5.8,14.2,0
Y63,RVW,NORTH TEES AND HARTLEPOOL NHS FOUNDATION TRUST,C_320,Cardiology Service,488,455,93.20%,6,16.8,0
Y63,RVW,NORTH TEES AND HARTLEPOOL NHS FOUNDATION TRUST,C_330,Dermatology Service, -   , -   , -   ,-,-,0
Y63,RVW,NORTH TEES AND HARTLEPOOL NHS FOUNDATION TRUST,C_340,Respiratory Medicine Service,677,616,91.00%,6.4,19.6,0
Y63,RVW,NORTH TEES AND HARTLEPOOL NHS FOUNDATION TRUST,C_400,Neurology Service, -   , -   , -   ,-,-,0
Y63,RVW,NORTH TEES AND HARTLEPOOL NHS FOUNDATION TRUST,C_410,Rheumatology Service,315,315,100.00%,3.7,10.9,0
Y63,RVW,NORTH TEES AND HARTLEPOOL NHS FOUNDATION TRUST,C_430,Elderly Medicine Service,119,119,100.00%,4.3,12.8,0
Y63,RVW,NORTH TEES AND HARTLEPOOL NHS FOUNDATION TRUST,C_502,Gynaecology Service,"1,243","1,060",85.30%,6.2,25.9,9
Y63,RVW,NORTH TEES AND HARTLEPOOL NHS FOUNDATION TRUST,X02,Other - Medical Services, -   , -   , -   ,-,-,0
Y63,RVW,NORTH TEES AND HARTLEPOOL NHS FOUNDATION TRUST,X03,Other - Mental Health Services, -   , -   , -   ,-,-,0
Y63,RVW,NORTH TEES AND HARTLEPOOL NHS FOUNDATION TRUST,X04,Other - Paediatric Services,967,854,88.30%,7.5,20.6,1
Y63,RVW,NORTH TEES AND HARTLEPOOL NHS FOUNDATION TRUST,X05,Other - Surgical Services,"1,391","1,118",80.40%,5.2,35.9,44
Y63,RVW,NORTH TEES AND HARTLEPOOL NHS FOUNDATION TRUST,X06,Other - Other Services,"1,066",929,87.10%,7,21.8,4
Y63,RWA,HULL UNIVERSITY TEACHING HOSPITALS NHS TRUST,C_100,General Surgery Service,"6,515","3,414",52.40%,16.6,66.4,921
Y63,RWA,HULL UNIVERSITY TEACHING HOSPITALS NHS TRUST,C_101,Urology Service,"3,162","1,774",56.10%,14.2,74.8,520
Y63,RWA,HULL UNIVERSITY TEACHING HOSPITALS NHS TRUST,C_110,Trauma and Orthopaedic Service,"3,497","2,026",57.90%,13.3,69.9,499
Y63,RWA,HULL UNIVERSITY TEACHING HOSPITALS NHS TRUST,C_120,Ear Nose and Throat Service,"7,438","2,547",34.20%,33.2,77.9,"2,400"
Y63,RWA,HULL UNIVERSITY TEACHING HOSPITALS NHS TRUST,C_130,Ophthalmology Service,"5,997","3,473",57.90%,13.9,66.1,791
Y63,RWA,HULL UNIVERSITY TEACHING HOSPITALS NHS TRUST,C_140,Oral Surgery Service,"2,763","1,536",55.60%,15.5,64.2,301
Y63,RWA,HULL UNIVERSITY TEACHING HOSPITALS NHS TRUST,C_150,Neurosurgical Service,"2,288","1,356",59.30%,14.2,63.4,246
Y63,RWA,HULL UNIVERSITY TEACHING HOSPITALS NHS TRUST,C_160,Plastic Surgery Service,"3,809","1,404",36.90%,33.1,91.6,"1,312"
Y63,RWA,HULL UNIVERSITY TEACHING HOSPITALS NHS TRUST,C_170,Cardiothoracic Surgery Service,332,173,52.10%,17.1,76.2,61
Y63,RWA,HULL UNIVERSITY TEACHING HOSPITALS NHS TRUST,C_300,General Internal Medicine Service,441,409,92.70%,4.9,17.7,2
Y63,RWA,HULL UNIVERSITY TEACHING HOSPITALS NHS TRUST,C_301,Gastroenterology Service,"2,817","1,785",63.40%,12.5,44.2,129
Y63,RWA,HULL UNIVERSITY TEACHING HOSPITALS NHS TRUST,C_320,Cardiology Service,"3,845","2,095",54.50%,16.2,61.7,393
Y63,RWA,HULL UNIVERSITY TEACHING HOSPITALS NHS TRUST,C_330,Dermatology Service,"2,522","1,672",66.30%,10.1,64.5,276
Y63,RWA,HULL UNIVERSITY TEACHING HOSPITALS NHS TRUST,C_340,Respiratory Medicine Service,882,787,89.20%,6.6,20,9
Y63,RWA,HULL UNIVERSITY TEACHING HOSPITALS NHS TRUST,C_400,Neurology Service,989,940,95.00%,4.4,14.7,1
Y63,RWA,HULL UNIVERSITY TEACHING HOSPITALS NHS TRUST,C_410,Rheumatology Service,848,705,83.10%,7.1,30.6,16
Y63,RWA,HULL UNIVERSITY TEACHING HOSPITALS NHS TRUST,C_430,Elderly Medicine Service,57,48,84.20%,4.2,20.7,0
Y63,RWA,HULL UNIVERSITY TEACHING HOSPITALS NHS TRUST,C_502,Gynaecology Service,"3,967","2,046",51.60%,17.3,73,604
Y63,RWA,HULL UNIVERSITY TEACHING HOSPITALS NHS TRUST,X02,Other - Medical Services,"3,086","2,364",76.60%,7.6,38.3,127
Y63,RWA,HULL UNIVERSITY TEACHING HOSPITALS NHS TRUST,X03,Other - Mental Health Services, -   , -   , -   ,-,-,0
Y63,RWA,HULL UNIVERSITY TEACHING HOSPITALS NHS TRUST,X04,Other - Paediatric Services,"1,176",861,73.20%,8.9,34.5,36
Y63,RWA,HULL UNIVERSITY TEACHING HOSPITALS NHS TRUST,X05,Other - Surgical Services,"2,078","1,194",57.50%,12.5,81.3,545
Y63,RWA,HULL UNIVERSITY TEACHING HOSPITALS NHS TRUST,X06,Other - Other Services,"1,468","1,219",83.00%,5.1,40.3,79
Y63,RWY,CALDERDALE AND HUDDERSFIELD NHS FOUNDATION TRUST,C_100,General Surgery Service,"6,283",,,12.7,,491
Y63,RWY,CALDERDALE AND HUDDERSFIELD NHS FOUNDATION TRUST,C_101,Urology Service,"1,701",,,13.5,,184
Y63,RWY,CALDERDALE AND HUDDERSFIELD NHS FOUNDATION TRUST,C_110,Trauma and Orthopaedic Service,"2,808",,,18.6,,561
Y63,RWY,CALDERDALE AND HUDDERSFIELD NHS FOUNDATION TRUST,C_120,Ear Nose and Throat Service,"5,409",,,22.9,,919
Y63,RWY,CALDERDALE AND HUDDERSFIELD NHS FOUNDATION TRUST,C_130,Ophthalmology Service,"3,556",,,11.9,,349
Y63,RWY,CALDERDALE AND HUDDERSFIELD NHS FOUNDATION TRUST,C_140,Oral Surgery Service,"1,661",,,19.2,,335
Y63,RWY,CALDERDALE AND HUDDERSFIELD NHS FOUNDATION TRUST,C_150,Neurosurgical Service, -   ,,,-,,0
Y63,RWY,CALDERDALE AND HUDDERSFIELD NHS FOUNDATION TRUST,C_160,Plastic Surgery Service,518,,,15.7,,79
Y63,RWY,CALDERDALE AND HUDDERSFIELD NHS FOUNDATION TRUST,C_170,Cardiothoracic Surgery Service, -   ,,,-,,0
Y63,RWY,CALDERDALE AND HUDDERSFIELD NHS FOUNDATION TRUST,C_300,General Internal Medicine Service,167,,,8,,1
Y63,RWY,CALDERDALE AND HUDDERSFIELD NHS FOUNDATION TRUST,C_301,Gastroenterology Service,"2,453",,,15.6,,45
Y63,RWY,CALDERDALE AND HUDDERSFIELD NHS FOUNDATION TRUST,C_320,Cardiology Service,"1,495",,,9.4,,15
Y63,RWY,CALDERDALE AND HUDDERSFIELD NHS FOUNDATION TRUST,C_330,Dermatology Service,"1,024",,,4.7,,14
Y63,RWY,CALDERDALE AND HUDDERSFIELD NHS FOUNDATION TRUST,C_340,Respiratory Medicine Service,"1,075",,,10.1,,5
Y63,RWY,CALDERDALE AND HUDDERSFIELD NHS FOUNDATION TRUST,C_400,Neurology Service,"2,062",,,16.3,,113
Y63,RWY,CALDERDALE AND HUDDERSFIELD NHS FOUNDATION TRUST,C_410,Rheumatology Service,"1,205",,,10.3,,12
Y63,RWY,CALDERDALE AND HUDDERSFIELD NHS FOUNDATION TRUST,C_430,Elderly Medicine Service,129,,,9.5,,0
Y63,RWY,CALDERDALE AND HUDDERSFIELD NHS FOUNDATION TRUST,C_502,Gynaecology Service,"2,694",,,11.3,,182
Y63,RWY,CALDERDALE AND HUDDERSFIELD NHS FOUNDATION TRUST,X02,Other - Medical Services,"1,324",,,8.2,,9
Y63,RWY,CALDERDALE AND HUDDERSFIELD NHS FOUNDATION TRUST,X03,Other - Mental Health Services, -   ,,,-,,0
Y63,RWY,CALDERDALE AND HUDDERSFIELD NHS FOUNDATION TRUST,X04,Other - Paediatric Services,"1,195",,,6,,4
Y63,RWY,CALDERDALE AND HUDDERSFIELD NHS FOUNDATION TRUST,X05,Other - Surgical Services,447,,,39.1,,105
Y63,RWY,CALDERDALE AND HUDDERSFIELD NHS FOUNDATION TRUST,X06,Other - Other Services,192,,,9.2,,7
Y63,RX4,"CUMBRIA, NORTHUMBERLAND, TYNE AND WEAR NHS FOUNDATION TRUST",C_100,General Surgery Service, -   , -   , -   ,-,-,0
Y63,RX4,"CUMBRIA, NORTHUMBERLAND, TYNE AND WEAR NHS FOUNDATION TRUST",C_101,Urology Service, -   , -   , -   ,-,-,0
Y63,RX4,"CUMBRIA, NORTHUMBERLAND, TYNE AND WEAR NHS FOUNDATION TRUST",C_110,Trauma and Orthopaedic Service, -   , -   , -   ,-,-,0
Y63,RX4,"CUMBRIA, NORTHUMBERLAND, TYNE AND WEAR NHS FOUNDATION TRUST",C_120,Ear Nose and Throat Service, -   , -   , -   ,-,-,0
Y63,RX4,"CUMBRIA, NORTHUMBERLAND, TYNE AND WEAR NHS FOUNDATION TRUST",C_130,Ophthalmology Service, -   , -   , -   ,-,-,0
Y63,RX4,"CUMBRIA, NORTHUMBERLAND, TYNE AND WEAR NHS FOUNDATION TRUST",C_140,Oral Surgery Service, -   , -   , -   ,-,-,0
Y63,RX4,"CUMBRIA, NORTHUMBERLAND, TYNE AND WEAR NHS FOUNDATION TRUST",C_150,Neurosurgical Service, -   , -   , -   ,-,-,0
Y63,RX4,"CUMBRIA, NORTHUMBERLAND, TYNE AND WEAR NHS FOUNDATION TRUST",C_160,Plastic Surgery Service, -   , -   , -   ,-,-,0
Y63,RX4,"CUMBRIA, NORTHUMBERLAND, TYNE AND WEAR NHS FOUNDATION TRUST",C_170,Cardiothoracic Surgery Service, -   , -   , -   ,-,-,0
Y63,RX4,"CUMBRIA, NORTHUMBERLAND, TYNE AND WEAR NHS FOUNDATION TRUST",C_300,General Internal Medicine Service, -   , -   , -   ,-,-,0
Y63,RX4,"CUMBRIA, NORTHUMBERLAND, TYNE AND WEAR NHS FOUNDATION TRUST",C_301,Gastroenterology Service, -   , -   , -   ,-,-,0
Y63,RX4,"CUMBRIA, NORTHUMBERLAND, TYNE AND WEAR NHS FOUNDATION TRUST",C_320,Cardiology Service, -   , -   , -   ,-,-,0
Y63,RX4,"CUMBRIA, NORTHUMBERLAND, TYNE AND WEAR NHS FOUNDATION TRUST",C_330,Dermatology Service, -   , -   , -   ,-,-,0
Y63,RX4,"CUMBRIA, NORTHUMBERLAND, TYNE AND WEAR NHS FOUNDATION TRUST",C_340,Respiratory Medicine Service, -   , -   , -   ,-,-,0
Y63,RX4,"CUMBRIA, NORTHUMBERLAND, TYNE AND WEAR NHS FOUNDATION TRUST",C_400,Neurology Service, -   , -   , -   ,-,-,0
Y63,RX4,"CUMBRIA, NORTHUMBERLAND, TYNE AND WEAR NHS FOUNDATION TRUST",C_410,Rheumatology Service, -   , -   , -   ,-,-,0
Y63,RX4,"CUMBRIA, NORTHUMBERLAND, TYNE AND WEAR NHS FOUNDATION TRUST",C_430,Elderly Medicine Service, -   , -   , -   ,-,-,0
Y63,RX4,"CUMBRIA, NORTHUMBERLAND, TYNE AND WEAR NHS FOUNDATION TRUST",C_502,Gynaecology Service, -   , -   , -   ,-,-,0
Y63,RX4,"CUMBRIA, NORTHUMBERLAND, TYNE AND WEAR NHS FOUNDATION TRUST",X02,Other - Medical Services, -   , -   , -   ,-,-,0
Y63,RX4,"CUMBRIA, NORTHUMBERLAND, TYNE AND WEAR NHS FOUNDATION TRUST",X03,Other - Mental Health Services, -   , -   , -   ,-,-,0
Y63,RX4,"CUMBRIA, NORTHUMBERLAND, TYNE AND WEAR NHS FOUNDATION TRUST",X04,Other - Paediatric Services, -   , -   , -   ,-,-,0
Y63,RX4,"CUMBRIA, NORTHUMBERLAND, TYNE AND WEAR NHS FOUNDATION TRUST",X05,Other - Surgical Services, -   , -   , -   ,-,-,0
Y63,RX4,"CUMBRIA, NORTHUMBERLAND, TYNE AND WEAR NHS FOUNDATION TRUST",X06,Other - Other Services,192,192,100.00%,3.3,9.5,0
Y63,RXF,MID YORKSHIRE HOSPITALS NHS TRUST,C_100,General Surgery Service,"1,552",992,63.90%,12.6,39.3,71
Y63,RXF,MID YORKSHIRE HOSPITALS NHS TRUST,C_101,Urology Service,"2,133","1,664",78.00%,7.2,35.7,68
Y63,RXF,MID YORKSHIRE HOSPITALS NHS TRUST,C_110,Trauma and Orthopaedic Service,"2,612","1,562",59.80%,13,64.1,260
Y63,RXF,MID YORKSHIRE HOSPITALS NHS TRUST,C_120,Ear Nose and Throat Service,"3,028","2,175",71.80%,8.1,32.4,131
Y63,RXF,MID YORKSHIRE HOSPITALS NHS TRUST,C_130,Ophthalmology Service,"3,339","2,819",84.40%,8.5,23.7,3
Y63,RXF,MID YORKSHIRE HOSPITALS NHS TRUST,C_140,Oral Surgery Service,"2,146","1,366",63.70%,11.6,64.2,209
Y63,RXF,MID YORKSHIRE HOSPITALS NHS TRUST,C_150,Neurosurgical Service, -   , -   , -   ,-,-,0
Y63,RXF,MID YORKSHIRE HOSPITALS NHS TRUST,C_160,Plastic Surgery Service,"1,354",837,61.80%,11.1,63.8,150
Y63,RXF,MID YORKSHIRE HOSPITALS NHS TRUST,C_170,Cardiothoracic Surgery Service, -   , -   , -   ,-,-,0
Y63,RXF,MID YORKSHIRE HOSPITALS NHS TRUST,C_300,General Internal Medicine Service,21,19,90.50%,4,20.3,0
Y63,RXF,MID YORKSHIRE HOSPITALS NHS TRUST,C_301,Gastroenterology Service,"2,924","2,224",76.10%,10,25.8,10
Y63,RXF,MID YORKSHIRE HOSPITALS NHS TRUST,C_320,Cardiology Service,654,589,90.10%,6.3,20.7,0
Y63,RXF,MID YORKSHIRE HOSPITALS NHS TRUST,C_330,Dermatology Service,"1,296","1,114",86.00%,5.7,22.7,2
Y63,RXF,MID YORKSHIRE HOSPITALS NHS TRUST,C_340,Respiratory Medicine Service,635,528,83.10%,7.9,26.2,0
Y63,RXF,MID YORKSHIRE HOSPITALS NHS TRUST,C_400,Neurology Service,602,462,76.70%,5.4,31.4,1
Y63,RXF,MID YORKSHIRE HOSPITALS NHS TRUST,C_410,Rheumatology Service,386,287,74.40%,7.6,33.4,5
Y63,RXF,MID YORKSHIRE HOSPITALS NHS TRUST,C_430,Elderly Medicine Service,96,89,92.70%,5.1,17.3,0
Y63,RXF,MID YORKSHIRE HOSPITALS NHS TRUST,C_502,Gynaecology Service,"2,591","1,819",70.20%,9.3,37.6,131
Y63,RXF,MID YORKSHIRE HOSPITALS NHS TRUST,X02,Other - Medical Services,"3,825","2,707",70.80%,9.8,34.8,122
Y63,RXF,MID YORKSHIRE HOSPITALS NHS TRUST,X03,Other - Mental Health Services, -   , -   , -   ,-,-,0
Y63,RXF,MID YORKSHIRE HOSPITALS NHS TRUST,X04,Other - Paediatric Services,"1,279","1,200",93.80%,6.5,16.9,25
Y63,RXF,MID YORKSHIRE HOSPITALS NHS TRUST,X05,Other - Surgical Services,"3,304","2,487",75.30%,7.6,30.2,50
Y63,RXF,MID YORKSHIRE HOSPITALS NHS TRUST,X06,Other - Other Services,332,292,88.00%,5.8,26.4,14
Y63,RXG,SOUTH WEST YORKSHIRE PARTNERSHIP NHS FOUNDATION TRUST,C_100,General Surgery Service, -   , -   , -   ,-,-,0
Y63,RXG,SOUTH WEST YORKSHIRE PARTNERSHIP NHS FOUNDATION TRUST,C_101,Urology Service, -   , -   , -   ,-,-,0
Y63,RXG,SOUTH WEST YORKSHIRE PARTNERSHIP NHS FOUNDATION TRUST,C_110,Trauma and Orthopaedic Service, -   , -   , -   ,-,-,0
Y63,RXG,SOUTH WEST YORKSHIRE PARTNERSHIP NHS FOUNDATION TRUST,C_120,Ear Nose and Throat Service, -   , -   , -   ,-,-,0
Y63,RXG,SOUTH WEST YORKSHIRE PARTNERSHIP NHS FOUNDATION TRUST,C_130,Ophthalmology Service, -   , -   , -   ,-,-,0
Y63,RXG,SOUTH WEST YORKSHIRE PARTNERSHIP NHS FOUNDATION TRUST,C_140,Oral Surgery Service, -   , -   , -   ,-,-,0
Y63,RXG,SOUTH WEST YORKSHIRE PARTNERSHIP NHS FOUNDATION TRUST,C_150,Neurosurgical Service, -   , -   , -   ,-,-,0
Y63,RXG,SOUTH WEST YORKSHIRE PARTNERSHIP NHS FOUNDATION TRUST,C_160,Plastic Surgery Service, -   , -   , -   ,-,-,0
Y63,RXG,SOUTH WEST YORKSHIRE PARTNERSHIP NHS FOUNDATION TRUST,C_170,Cardiothoracic Surgery Service, -   , -   , -   ,-,-,0
Y63,RXG,SOUTH WEST YORKSHIRE PARTNERSHIP NHS FOUNDATION TRUST,C_300,General Internal Medicine Service, -   , -   , -   ,-,-,0
Y63,RXG,SOUTH WEST YORKSHIRE PARTNERSHIP NHS FOUNDATION TRUST,C_301,Gastroenterology Service, -   , -   , -   ,-,-,0
Y63,RXG,SOUTH WEST YORKSHIRE PARTNERSHIP NHS FOUNDATION TRUST,C_320,Cardiology Service, -   , -   , -   ,-,-,0
Y63,RXG,SOUTH WEST YORKSHIRE PARTNERSHIP NHS FOUNDATION TRUST,C_330,Dermatology Service, -   , -   , -   ,-,-,0
Y63,RXG,SOUTH WEST YORKSHIRE PARTNERSHIP NHS FOUNDATION TRUST,C_340,Respiratory Medicine Service, -   , -   , -   ,-,-,0
Y63,RXG,SOUTH WEST YORKSHIRE PARTNERSHIP NHS FOUNDATION TRUST,C_400,Neurology Service, -   , -   , -   ,-,-,0
Y63,RXG,SOUTH WEST YORKSHIRE PARTNERSHIP NHS FOUNDATION TRUST,C_410,Rheumatology Service, -   , -   , -   ,-,-,0
Y63,RXG,SOUTH WEST YORKSHIRE PARTNERSHIP NHS FOUNDATION TRUST,C_430,Elderly Medicine Service, -   , -   , -   ,-,-,0
Y63,RXG,SOUTH WEST YORKSHIRE PARTNERSHIP NHS FOUNDATION TRUST,C_502,Gynaecology Service, -   , -   , -   ,-,-,0
Y63,RXG,SOUTH WEST YORKSHIRE PARTNERSHIP NHS FOUNDATION TRUST,X02,Other - Medical Services, -   , -   , -   ,-,-,0
Y63,RXG,SOUTH WEST YORKSHIRE PARTNERSHIP NHS FOUNDATION TRUST,X03,Other - Mental Health Services, -   , -   , -   ,-,-,0
Y63,RXG,SOUTH WEST YORKSHIRE PARTNERSHIP NHS FOUNDATION TRUST,X04,Other - Paediatric Services, -   , -   , -   ,-,-,0
Y63,RXG,SOUTH WEST YORKSHIRE PARTNERSHIP NHS FOUNDATION TRUST,X05,Other - Surgical Services,1,1,100.00%,-,-,0
Y63,RXG,SOUTH WEST YORKSHIRE PARTNERSHIP NHS FOUNDATION TRUST,X06,Other - Other Services,"2,257","2,256",100.00%,2.7,6.6,0
Y63,RXP,COUNTY DURHAM AND DARLINGTON NHS FOUNDATION TRUST,C_100,General Surgery Service,"3,424","2,353",68.70%,9.9,42.5,152
Y63,RXP,COUNTY DURHAM AND DARLINGTON NHS FOUNDATION TRUST,C_101,Urology Service, -   , -   , -   ,-,-,0
Y63,RXP,COUNTY DURHAM AND DARLINGTON NHS FOUNDATION TRUST,C_110,Trauma and Orthopaedic Service,"5,162","3,978",77.10%,4.5,63,426
Y63,RXP,COUNTY DURHAM AND DARLINGTON NHS FOUNDATION TRUST,C_120,Ear Nose and Throat Service,"2,437","1,955",80.20%,7.4,46.3,189
Y63,RXP,COUNTY DURHAM AND DARLINGTON NHS FOUNDATION TRUST,C_130,Ophthalmology Service,"1,624","1,001",61.60%,11.4,63.1,144
Y63,RXP,COUNTY DURHAM AND DARLINGTON NHS FOUNDATION TRUST,C_140,Oral Surgery Service,308,267,86.70%,6.8,21.7,3
Y63,RXP,COUNTY DURHAM AND DARLINGTON NHS FOUNDATION TRUST,C_150,Neurosurgical Service, -   , -   , -   ,-,-,0
Y63,RXP,COUNTY DURHAM AND DARLINGTON NHS FOUNDATION TRUST,C_160,Plastic Surgery Service,"1,840",945,51.40%,16.9,74,305
Y63,RXP,COUNTY DURHAM AND DARLINGTON NHS FOUNDATION TRUST,C_170,Cardiothoracic Surgery Service,5,1,20.00%,-,-,3
Y63,RXP,COUNTY DURHAM AND DARLINGTON NHS FOUNDATION TRUST,C_300,General Internal Medicine Service,690,515,74.60%,9,33.6,25
Y63,RXP,COUNTY DURHAM AND DARLINGTON NHS FOUNDATION TRUST,C_301,Gastroenterology Service,"2,157","1,935",89.70%,6.5,19.9,18
Y63,RXP,COUNTY DURHAM AND DARLINGTON NHS FOUNDATION TRUST,C_320,Cardiology Service,"1,152","1,059",91.90%,6.3,18.1,1
Y63,RXP,COUNTY DURHAM AND DARLINGTON NHS FOUNDATION TRUST,C_330,Dermatology Service,"2,439","1,899",77.90%,9.6,34.8,104
Y63,RXP,COUNTY DURHAM AND DARLINGTON NHS FOUNDATION TRUST,C_340,Respiratory Medicine Service,741,544,73.40%,9.7,35.8,16
Y63,RXP,COUNTY DURHAM AND DARLINGTON NHS FOUNDATION TRUST,C_400,Neurology Service,145,87,60.00%,12,72.5,24
Y63,RXP,COUNTY DURHAM AND DARLINGTON NHS FOUNDATION TRUST,C_410,Rheumatology Service,762,605,79.40%,9.5,26.3,11
Y63,RXP,COUNTY DURHAM AND DARLINGTON NHS FOUNDATION TRUST,C_430,Elderly Medicine Service,168,164,97.60%,3.7,14.2,0
Y63,RXP,COUNTY DURHAM AND DARLINGTON NHS FOUNDATION TRUST,C_502,Gynaecology Service,"2,860","2,017",70.50%,9.1,43,123
Y63,RXP,COUNTY DURHAM AND DARLINGTON NHS FOUNDATION TRUST,X02,Other - Medical Services,278,182,65.50%,12.3,65.8,29
Y63,RXP,COUNTY DURHAM AND DARLINGTON NHS FOUNDATION TRUST,X03,Other - Mental Health Services,474,400,84.40%,6.5,27.2,4
Y63,RXP,COUNTY DURHAM AND DARLINGTON NHS FOUNDATION TRUST,X04,Other - Paediatric Services,"2,130","1,639",76.90%,7.9,34.1,77
Y63,RXP,COUNTY DURHAM AND DARLINGTON NHS FOUNDATION TRUST,X05,Other - Surgical Services, -   , -   , -   ,-,-,0
Y63,RXP,COUNTY DURHAM AND DARLINGTON NHS FOUNDATION TRUST,X06,Other - Other Services, -   , -   , -   ,-,-,0
Y63,RY6,LEEDS COMMUNITY HEALTHCARE NHS TRUST,C_100,General Surgery Service, -   , -   , -   ,-,-,0
Y63,RY6,LEEDS COMMUNITY HEALTHCARE NHS TRUST,C_101,Urology Service, -   , -   , -   ,-,-,0
Y63,RY6,LEEDS COMMUNITY HEALTHCARE NHS TRUST,C_110,Trauma and Orthopaedic Service, -   , -   , -   ,-,-,0
Y63,RY6,LEEDS COMMUNITY HEALTHCARE NHS TRUST,C_120,Ear Nose and Throat Service, -   , -   , -   ,-,-,0
Y63,RY6,LEEDS COMMUNITY HEALTHCARE NHS TRUST,C_130,Ophthalmology Service, -   , -   , -   ,-,-,0
Y63,RY6,LEEDS COMMUNITY HEALTHCARE NHS TRUST,C_140,Oral Surgery Service, -   , -   , -   ,-,-,0
Y63,RY6,LEEDS COMMUNITY HEALTHCARE NHS TRUST,C_150,Neurosurgical Service, -   , -   , -   ,-,-,0
Y63,RY6,LEEDS COMMUNITY HEALTHCARE NHS TRUST,C_160,Plastic Surgery Service, -   , -   , -   ,-,-,0
Y63,RY6,LEEDS COMMUNITY HEALTHCARE NHS TRUST,C_170,Cardiothoracic Surgery Service, -   , -   , -   ,-,-,0
Y63,RY6,LEEDS COMMUNITY HEALTHCARE NHS TRUST,C_300,General Internal Medicine Service, -   , -   , -   ,-,-,0
Y63,RY6,LEEDS COMMUNITY HEALTHCARE NHS TRUST,C_301,Gastroenterology Service, -   , -   , -   ,-,-,0
Y63,RY6,LEEDS COMMUNITY HEALTHCARE NHS TRUST,C_320,Cardiology Service, -   , -   , -   ,-,-,0
Y63,RY6,LEEDS COMMUNITY HEALTHCARE NHS TRUST,C_330,Dermatology Service, -   , -   , -   ,-,-,0
Y63,RY6,LEEDS COMMUNITY HEALTHCARE NHS TRUST,C_340,Respiratory Medicine Service, -   , -   , -   ,-,-,0
Y63,RY6,LEEDS COMMUNITY HEALTHCARE NHS TRUST,C_400,Neurology Service, -   , -   , -   ,-,-,0
Y63,RY6,LEEDS COMMUNITY HEALTHCARE NHS TRUST,C_410,Rheumatology Service, -   , -   , -   ,-,-,0
Y63,RY6,LEEDS COMMUNITY HEALTHCARE NHS TRUST,C_430,Elderly Medicine Service, -   , -   , -   ,-,-,0
Y63,RY6,LEEDS COMMUNITY HEALTHCARE NHS TRUST,C_502,Gynaecology Service,50,7,14.00%,23.1,28,0
Y63,RY6,LEEDS COMMUNITY HEALTHCARE NHS TRUST,X02,Other - Medical Services, -   , -   , -   ,-,-,0
Y63,RY6,LEEDS COMMUNITY HEALTHCARE NHS TRUST,X03,Other - Mental Health Services, -   , -   , -   ,-,-,0
Y63,RY6,LEEDS COMMUNITY HEALTHCARE NHS TRUST,X04,Other - Paediatric Services,"1,684","1,529",90.80%,7.4,18.6,0
Y63,RY6,LEEDS COMMUNITY HEALTHCARE NHS TRUST,X05,Other - Surgical Services, -   , -   , -   ,-,-,0
Y63,RY6,LEEDS COMMUNITY HEALTHCARE NHS TRUST,X06,Other - Other Services, -   , -   , -   ,-,-,0
Y63,TAD,BRADFORD DISTRICT CARE NHS FOUNDATION TRUST,C_100,General Surgery Service, -   , -   , -   ,-,-,0
Y63,TAD,BRADFORD DISTRICT CARE NHS FOUNDATION TRUST,C_101,Urology Service, -   , -   , -   ,-,-,0
Y63,TAD,BRADFORD DISTRICT CARE NHS FOUNDATION TRUST,C_110,Trauma and Orthopaedic Service, -   , -   , -   ,-,-,0
Y63,TAD,BRADFORD DISTRICT CARE NHS FOUNDATION TRUST,C_120,Ear Nose and Throat Service, -   , -   , -   ,-,-,0
Y63,TAD,BRADFORD DISTRICT CARE NHS FOUNDATION TRUST,C_130,Ophthalmology Service, -   , -   , -   ,-,-,0
Y63,TAD,BRADFORD DISTRICT CARE NHS FOUNDATION TRUST,C_140,Oral Surgery Service, -   , -   , -   ,-,-,0
Y63,TAD,BRADFORD DISTRICT CARE NHS FOUNDATION TRUST,C_150,Neurosurgical Service, -   , -   , -   ,-,-,0
Y63,TAD,BRADFORD DISTRICT CARE NHS FOUNDATION TRUST,C_160,Plastic Surgery Service, -   , -   , -   ,-,-,0
Y63,TAD,BRADFORD DISTRICT CARE NHS FOUNDATION TRUST,C_170,Cardiothoracic Surgery Service, -   , -   , -   ,-,-,0
Y63,TAD,BRADFORD DISTRICT CARE NHS FOUNDATION TRUST,C_300,General Internal Medicine Service, -   , -   , -   ,-,-,0
Y63,TAD,BRADFORD DISTRICT CARE NHS FOUNDATION TRUST,C_301,Gastroenterology Service, -   , -   , -   ,-,-,0
Y63,TAD,BRADFORD DISTRICT CARE NHS FOUNDATION TRUST,C_320,Cardiology Service, -   , -   , -   ,-,-,0
Y63,TAD,BRADFORD DISTRICT CARE NHS FOUNDATION TRUST,C_330,Dermatology Service, -   , -   , -   ,-,-,0
Y63,TAD,BRADFORD DISTRICT CARE NHS FOUNDATION TRUST,C_340,Respiratory Medicine Service, -   , -   , -   ,-,-,0
Y63,TAD,BRADFORD DISTRICT CARE NHS FOUNDATION TRUST,C_400,Neurology Service, -   , -   , -   ,-,-,0
Y63,TAD,BRADFORD DISTRICT CARE NHS FOUNDATION TRUST,C_410,Rheumatology Service, -   , -   , -   ,-,-,0
Y63,TAD,BRADFORD DISTRICT CARE NHS FOUNDATION TRUST,C_430,Elderly Medicine Service, -   , -   , -   ,-,-,0
Y63,TAD,BRADFORD DISTRICT CARE NHS FOUNDATION TRUST,C_502,Gynaecology Service, -   , -   , -   ,-,-,0
Y63,TAD,BRADFORD DISTRICT CARE NHS FOUNDATION TRUST,X02,Other - Medical Services,134,72,53.70%,16.4,70.4,34
Y63,TAD,BRADFORD DISTRICT CARE NHS FOUNDATION TRUST,X03,Other - Mental Health Services, -   , -   , -   ,-,-,0
Y63,TAD,BRADFORD DISTRICT CARE NHS FOUNDATION TRUST,X04,Other - Paediatric Services, -   , -   , -   ,-,-,0
Y63,TAD,BRADFORD DISTRICT CARE NHS FOUNDATION TRUST,X05,Other - Surgical Services, -   , -   , -   ,-,-,0
Y63,TAD,BRADFORD DISTRICT CARE NHS FOUNDATION TRUST,X06,Other - Other Services, -   , -   , -   ,-,-,0
