Region Code,Provider Code,Provider Name,Treatment Function Code,Treatment Function,Total number of incomplete pathways,Total within 18 weeks,% within 18 weeks,Average (median) waiting time (in weeks),92nd percentile waiting time (in weeks),Total 52 plus weeks,Total 78 plus weeks,Total 65 plus weeks
Y56,R1H,BARTS HEALTH NHS TRUST,C_100,General Surgery Service,"3,403","1,672",49.10%,18.5,53,299,17,101
Y56,R1H,BARTS HEALTH NHS TRUST,C_101,Urology Service,"6,069","2,855",47.00%,19.2,53.3,552,22,160
Y56,R1H,BARTS HEALTH NHS TRUST,C_110,Trauma and Orthopaedic Service,"7,515","4,172",55.50%,15.6,48.4,438,31,163
Y56,R1H,BARTS HEALTH NHS TRUST,C_120,Ear Nose and Throat Service,"6,414","3,026",47.20%,19.3,53.9,595,54,226
Y56,R1H,BARTS HEALTH NHS TRUST,C_130,Ophthalmology Service,"5,030","3,093",61.50%,13.8,37.4,37,-,5
Y56,R1H,BARTS HEALTH NHS TRUST,C_140,Oral Surgery Service,"7,333","2,838",38.70%,25,58.9,916,106,348
Y56,R1H,BARTS HEALTH NHS TRUST,C_150,Neurosurgical Service,"1,330",762,57.30%,15.2,50.1,92,8,44
Y56,R1H,BARTS HEALTH NHS TRUST,C_160,Plastic Surgery Service,"1,163",566,48.70%,19.1,52.6,101,6,37
Y56,R1H,BARTS HEALTH NHS TRUST,C_170,Cardiothoracic Surgery Service,6,4,66.70%,-,-,-,-,-
Y56,R1H,BARTS HEALTH NHS TRUST,C_300,General Internal Medicine Service,15,9,60.00%,-,-,-,-,-
Y56,R1H,BARTS HEALTH NHS TRUST,C_301,Gastroenterology Service,"8,009","4,154",51.90%,17.1,45.1,378,2,98
Y56,R1H,BARTS HEALTH NHS TRUST,C_320,Cardiology Service,"8,948","5,845",65.30%,12.6,34.7,29,1,2
Y56,R1H,BARTS HEALTH NHS TRUST,C_330,Dermatology Service,"6,313","2,791",44.20%,20.8,59.4,775,46,377
Y56,R1H,BARTS HEALTH NHS TRUST,C_340,Respiratory Medicine Service,"5,003","2,623",52.40%,16.6,52.3,410,8,77
Y56,R1H,BARTS HEALTH NHS TRUST,C_400,Neurology Service,"2,145","1,099",51.20%,17.5,42.3,68,-,22
Y56,R1H,BARTS HEALTH NHS TRUST,C_410,Rheumatology Service,885,768,86.80%,7,23.6,2,-,-
Y56,R1H,BARTS HEALTH NHS TRUST,C_430,Elderly Medicine Service,162,132,81.50%,7.3,24.3,-,-,-
Y56,R1H,BARTS HEALTH NHS TRUST,C_502,Gynaecology Service,"10,528","5,149",48.90%,18.5,50.4,743,26,221
Y56,R1H,BARTS HEALTH NHS TRUST,X02,Other - Medical Services,"15,718","10,000",63.60%,12.7,35.6,260,11,57
Y56,R1H,BARTS HEALTH NHS TRUST,X03,Other - Mental Health Services,-,-,-,-,-,-,-,-
Y56,R1H,BARTS HEALTH NHS TRUST,X04,Other - Paediatric Services,"8,921","4,438",49.70%,18.1,50.5,594,23,141
Y56,R1H,BARTS HEALTH NHS TRUST,X05,Other - Surgical Services,"13,229","7,518",56.80%,14.5,48.4,808,65,332
Y56,R1H,BARTS HEALTH NHS TRUST,X06,Other - Other Services,785,492,62.70%,10.3,49.2,39,1,8
Y56,R1K,LONDON NORTH WEST UNIVERSITY HEALTHCARE NHS TRUST,C_100,General Surgery Service,"3,056","1,457",47.70%,18.9,47.8,154,2,37
Y56,R1K,LONDON NORTH WEST UNIVERSITY HEALTHCARE NHS TRUST,C_101,Urology Service,"3,907","1,884",48.20%,18.7,42.4,94,-,10
Y56,R1K,LONDON NORTH WEST UNIVERSITY HEALTHCARE NHS TRUST,C_110,Trauma and Orthopaedic Service,"7,565","3,066",40.50%,21.7,49.1,467,9,117
Y56,R1K,LONDON NORTH WEST UNIVERSITY HEALTHCARE NHS TRUST,C_120,Ear Nose and Throat Service,"8,296","2,791",33.60%,25.7,61,"1,063",114,501
Y56,R1K,LONDON NORTH WEST UNIVERSITY HEALTHCARE NHS TRUST,C_130,Ophthalmology Service,"1,957","1,094",55.90%,15.4,40.8,15,-,-
Y56,R1K,LONDON NORTH WEST UNIVERSITY HEALTHCARE NHS TRUST,C_140,Oral Surgery Service,"9,574","3,608",37.70%,24.6,54,"1,013",14,217
Y56,R1K,LONDON NORTH WEST UNIVERSITY HEALTHCARE NHS TRUST,C_150,Neurosurgical Service,-,-,-,-,-,-,-,-
Y56,R1K,LONDON NORTH WEST UNIVERSITY HEALTHCARE NHS TRUST,C_160,Plastic Surgery Service,22,17,77.30%,7,31.2,-,-,-
Y56,R1K,LONDON NORTH WEST UNIVERSITY HEALTHCARE NHS TRUST,C_170,Cardiothoracic Surgery Service,-,-,-,-,-,-,-,-
Y56,R1K,LONDON NORTH WEST UNIVERSITY HEALTHCARE NHS TRUST,C_300,General Internal Medicine Service,63,44,69.80%,13.5,25,-,-,-
Y56,R1K,LONDON NORTH WEST UNIVERSITY HEALTHCARE NHS TRUST,C_301,Gastroenterology Service,"8,861","5,037",56.80%,15.6,37.9,126,-,8
Y56,R1K,LONDON NORTH WEST UNIVERSITY HEALTHCARE NHS TRUST,C_320,Cardiology Service,"7,481","4,400",58.80%,15.1,37,20,-,-
Y56,R1K,LONDON NORTH WEST UNIVERSITY HEALTHCARE NHS TRUST,C_330,Dermatology Service,"5,848","2,463",42.10%,20.9,43.2,19,-,-
Y56,R1K,LONDON NORTH WEST UNIVERSITY HEALTHCARE NHS TRUST,C_340,Respiratory Medicine Service,"3,246","1,760",54.20%,16.1,37.6,17,-,-
Y56,R1K,LONDON NORTH WEST UNIVERSITY HEALTHCARE NHS TRUST,C_400,Neurology Service,"3,845","1,547",40.20%,21.7,41.8,3,-,-
Y56,R1K,LONDON NORTH WEST UNIVERSITY HEALTHCARE NHS TRUST,C_410,Rheumatology Service,"1,008",788,78.20%,9.9,27.2,-,-,-
Y56,R1K,LONDON NORTH WEST UNIVERSITY HEALTHCARE NHS TRUST,C_430,Elderly Medicine Service,17,17,100.00%,-,-,-,-,-
Y56,R1K,LONDON NORTH WEST UNIVERSITY HEALTHCARE NHS TRUST,C_502,Gynaecology Service,"6,163","2,485",40.30%,22.1,54.1,608,19,236
Y56,R1K,LONDON NORTH WEST UNIVERSITY HEALTHCARE NHS TRUST,X02,Other - Medical Services,"12,704","7,902",62.20%,13.8,35.6,53,4,11
Y56,R1K,LONDON NORTH WEST UNIVERSITY HEALTHCARE NHS TRUST,X03,Other - Mental Health Services,23,19,82.60%,9.5,24.2,-,-,-
Y56,R1K,LONDON NORTH WEST UNIVERSITY HEALTHCARE NHS TRUST,X04,Other - Paediatric Services,"2,123","1,219",57.40%,15.7,34.3,3,-,1
Y56,R1K,LONDON NORTH WEST UNIVERSITY HEALTHCARE NHS TRUST,X05,Other - Surgical Services,"9,709","4,845",49.90%,18,47.4,521,49,220
Y56,R1K,LONDON NORTH WEST UNIVERSITY HEALTHCARE NHS TRUST,X06,Other - Other Services,"1,654","1,366",82.60%,9.2,21.8,-,-,-
Y56,RAL,ROYAL FREE LONDON NHS FOUNDATION TRUST,C_100,General Surgery Service,"1,888",629,33.30%,28.5,63.5,376,22,126
Y56,RAL,ROYAL FREE LONDON NHS FOUNDATION TRUST,C_101,Urology Service,"7,671","3,207",41.80%,23.3,62.4,"1,302",37,454
Y56,RAL,ROYAL FREE LONDON NHS FOUNDATION TRUST,C_110,Trauma and Orthopaedic Service,"4,705","2,705",57.50%,15.5,45.8,247,25,109
Y56,RAL,ROYAL FREE LONDON NHS FOUNDATION TRUST,C_120,Ear Nose and Throat Service,"9,270","4,807",51.90%,17.1,51.2,703,14,213
Y56,RAL,ROYAL FREE LONDON NHS FOUNDATION TRUST,C_130,Ophthalmology Service,"4,395","3,184",72.40%,10.3,32.6,35,1,3
Y56,RAL,ROYAL FREE LONDON NHS FOUNDATION TRUST,C_140,Oral Surgery Service,9,2,22.20%,-,-,1,-,-
Y56,RAL,ROYAL FREE LONDON NHS FOUNDATION TRUST,C_150,Neurosurgical Service,2,-,-,-,-,-,-,-
Y56,RAL,ROYAL FREE LONDON NHS FOUNDATION TRUST,C_160,Plastic Surgery Service,"2,638","1,341",50.80%,17.7,55.4,247,53,127
Y56,RAL,ROYAL FREE LONDON NHS FOUNDATION TRUST,C_170,Cardiothoracic Surgery Service,-,-,-,-,-,-,-,-
Y56,RAL,ROYAL FREE LONDON NHS FOUNDATION TRUST,C_300,General Internal Medicine Service,95,55,57.90%,8.8,47.7,3,-,-
Y56,RAL,ROYAL FREE LONDON NHS FOUNDATION TRUST,C_301,Gastroenterology Service,"4,250","2,815",66.20%,12.2,36.6,57,3,15
Y56,RAL,ROYAL FREE LONDON NHS FOUNDATION TRUST,C_320,Cardiology Service,"4,709","3,176",67.40%,12.3,33.8,28,-,3
Y56,RAL,ROYAL FREE LONDON NHS FOUNDATION TRUST,C_330,Dermatology Service,"7,626","4,517",59.20%,14.6,36.1,72,-,6
Y56,RAL,ROYAL FREE LONDON NHS FOUNDATION TRUST,C_340,Respiratory Medicine Service,"4,225","2,430",57.50%,14.6,41.4,91,-,18
Y56,RAL,ROYAL FREE LONDON NHS FOUNDATION TRUST,C_400,Neurology Service,"3,753","2,126",56.60%,15.5,34.6,5,-,2
Y56,RAL,ROYAL FREE LONDON NHS FOUNDATION TRUST,C_410,Rheumatology Service,"2,308","1,300",56.30%,15.6,36.4,2,1,1
Y56,RAL,ROYAL FREE LONDON NHS FOUNDATION TRUST,C_430,Elderly Medicine Service,138,97,70.30%,10.3,38,-,-,-
Y56,RAL,ROYAL FREE LONDON NHS FOUNDATION TRUST,C_502,Gynaecology Service,"5,977","2,895",48.40%,18.7,53.4,534,30,187
Y56,RAL,ROYAL FREE LONDON NHS FOUNDATION TRUST,X02,Other - Medical Services,"12,558","8,363",66.60%,12.2,37.7,229,10,75
Y56,RAL,ROYAL FREE LONDON NHS FOUNDATION TRUST,X03,Other - Mental Health Services,2,-,-,-,-,-,-,-
Y56,RAL,ROYAL FREE LONDON NHS FOUNDATION TRUST,X04,Other - Paediatric Services,"5,122","2,527",49.30%,18.4,49.2,303,1,64
Y56,RAL,ROYAL FREE LONDON NHS FOUNDATION TRUST,X05,Other - Surgical Services,"16,062","8,726",54.30%,16.1,45.9,634,29,168
Y56,RAL,ROYAL FREE LONDON NHS FOUNDATION TRUST,X06,Other - Other Services,"1,755","1,044",59.50%,13.7,49.9,105,2,30
Y56,RAN,ROYAL NATIONAL ORTHOPAEDIC HOSPITAL NHS TRUST,C_100,General Surgery Service,-,-,-,-,-,-,-,-
Y56,RAN,ROYAL NATIONAL ORTHOPAEDIC HOSPITAL NHS TRUST,C_101,Urology Service,79,47,59.50%,14.9,36.9,-,-,-
Y56,RAN,ROYAL NATIONAL ORTHOPAEDIC HOSPITAL NHS TRUST,C_110,Trauma and Orthopaedic Service,"6,268","4,240",67.60%,11.1,36.4,94,3,10
Y56,RAN,ROYAL NATIONAL ORTHOPAEDIC HOSPITAL NHS TRUST,C_120,Ear Nose and Throat Service,-,-,-,-,-,-,-,-
Y56,RAN,ROYAL NATIONAL ORTHOPAEDIC HOSPITAL NHS TRUST,C_130,Ophthalmology Service,-,-,-,-,-,-,-,-
Y56,RAN,ROYAL NATIONAL ORTHOPAEDIC HOSPITAL NHS TRUST,C_140,Oral Surgery Service,-,-,-,-,-,-,-,-
Y56,RAN,ROYAL NATIONAL ORTHOPAEDIC HOSPITAL NHS TRUST,C_150,Neurosurgical Service,-,-,-,-,-,-,-,-
Y56,RAN,ROYAL NATIONAL ORTHOPAEDIC HOSPITAL NHS TRUST,C_160,Plastic Surgery Service,2,1,50.00%,-,-,-,-,-
Y56,RAN,ROYAL NATIONAL ORTHOPAEDIC HOSPITAL NHS TRUST,C_170,Cardiothoracic Surgery Service,-,-,-,-,-,-,-,-
Y56,RAN,ROYAL NATIONAL ORTHOPAEDIC HOSPITAL NHS TRUST,C_300,General Internal Medicine Service,-,-,-,-,-,-,-,-
Y56,RAN,ROYAL NATIONAL ORTHOPAEDIC HOSPITAL NHS TRUST,C_301,Gastroenterology Service,17,12,70.60%,-,-,-,-,-
Y56,RAN,ROYAL NATIONAL ORTHOPAEDIC HOSPITAL NHS TRUST,C_320,Cardiology Service,-,-,-,-,-,-,-,-
Y56,RAN,ROYAL NATIONAL ORTHOPAEDIC HOSPITAL NHS TRUST,C_330,Dermatology Service,-,-,-,-,-,-,-,-
Y56,RAN,ROYAL NATIONAL ORTHOPAEDIC HOSPITAL NHS TRUST,C_340,Respiratory Medicine Service,-,-,-,-,-,-,-,-
Y56,RAN,ROYAL NATIONAL ORTHOPAEDIC HOSPITAL NHS TRUST,C_400,Neurology Service,3,3,100.00%,-,-,-,-,-
Y56,RAN,ROYAL NATIONAL ORTHOPAEDIC HOSPITAL NHS TRUST,C_410,Rheumatology Service,169,115,68.00%,12.9,28.5,-,-,-
Y56,RAN,ROYAL NATIONAL ORTHOPAEDIC HOSPITAL NHS TRUST,C_430,Elderly Medicine Service,-,-,-,-,-,-,-,-
Y56,RAN,ROYAL NATIONAL ORTHOPAEDIC HOSPITAL NHS TRUST,C_502,Gynaecology Service,-,-,-,-,-,-,-,-
Y56,RAN,ROYAL NATIONAL ORTHOPAEDIC HOSPITAL NHS TRUST,X02,Other - Medical Services,"1,159",744,64.20%,13.1,34.6,4,-,-
Y56,RAN,ROYAL NATIONAL ORTHOPAEDIC HOSPITAL NHS TRUST,X03,Other - Mental Health Services,21,21,100.00%,2.6,14.2,-,-,-
Y56,RAN,ROYAL NATIONAL ORTHOPAEDIC HOSPITAL NHS TRUST,X04,Other - Paediatric Services,546,435,79.70%,8.4,28.4,4,-,2
Y56,RAN,ROYAL NATIONAL ORTHOPAEDIC HOSPITAL NHS TRUST,X05,Other - Surgical Services,-,-,-,-,-,-,-,-
Y56,RAN,ROYAL NATIONAL ORTHOPAEDIC HOSPITAL NHS TRUST,X06,Other - Other Services,57,50,87.70%,3.9,23.2,-,-,-
Y56,RAP,NORTH MIDDLESEX UNIVERSITY HOSPITAL NHS TRUST,C_100,General Surgery Service,"1,437",765,53.20%,16.9,40,39,1,11
Y56,RAP,NORTH MIDDLESEX UNIVERSITY HOSPITAL NHS TRUST,C_101,Urology Service,"1,804","1,117",61.90%,14.5,36.4,5,-,-
Y56,RAP,NORTH MIDDLESEX UNIVERSITY HOSPITAL NHS TRUST,C_110,Trauma and Orthopaedic Service,"1,432","1,039",72.60%,10.6,33.1,12,-,2
Y56,RAP,NORTH MIDDLESEX UNIVERSITY HOSPITAL NHS TRUST,C_120,Ear Nose and Throat Service,-,-,-,-,-,-,-,-
Y56,RAP,NORTH MIDDLESEX UNIVERSITY HOSPITAL NHS TRUST,C_130,Ophthalmology Service,740,717,96.90%,5.7,14.7,-,-,-
Y56,RAP,NORTH MIDDLESEX UNIVERSITY HOSPITAL NHS TRUST,C_140,Oral Surgery Service,-,-,-,-,-,-,-,-
Y56,RAP,NORTH MIDDLESEX UNIVERSITY HOSPITAL NHS TRUST,C_150,Neurosurgical Service,-,-,-,-,-,-,-,-
Y56,RAP,NORTH MIDDLESEX UNIVERSITY HOSPITAL NHS TRUST,C_160,Plastic Surgery Service,-,-,-,-,-,-,-,-
Y56,RAP,NORTH MIDDLESEX UNIVERSITY HOSPITAL NHS TRUST,C_170,Cardiothoracic Surgery Service,-,-,-,-,-,-,-,-
Y56,RAP,NORTH MIDDLESEX UNIVERSITY HOSPITAL NHS TRUST,C_300,General Internal Medicine Service,-,-,-,-,-,-,-,-
Y56,RAP,NORTH MIDDLESEX UNIVERSITY HOSPITAL NHS TRUST,C_301,Gastroenterology Service,"2,683","1,566",58.40%,14.6,36.4,16,-,-
Y56,RAP,NORTH MIDDLESEX UNIVERSITY HOSPITAL NHS TRUST,C_320,Cardiology Service,"1,112",947,85.20%,7.7,25.2,-,-,-
Y56,RAP,NORTH MIDDLESEX UNIVERSITY HOSPITAL NHS TRUST,C_330,Dermatology Service,"1,248","1,003",80.40%,6.6,29.3,5,-,-
Y56,RAP,NORTH MIDDLESEX UNIVERSITY HOSPITAL NHS TRUST,C_340,Respiratory Medicine Service,"1,062",838,78.90%,8.9,30.1,9,-,3
Y56,RAP,NORTH MIDDLESEX UNIVERSITY HOSPITAL NHS TRUST,C_400,Neurology Service,979,613,62.60%,14.1,31.6,1,-,-
Y56,RAP,NORTH MIDDLESEX UNIVERSITY HOSPITAL NHS TRUST,C_410,Rheumatology Service,302,278,92.10%,6.3,17.8,-,-,-
Y56,RAP,NORTH MIDDLESEX UNIVERSITY HOSPITAL NHS TRUST,C_430,Elderly Medicine Service,20,20,100.00%,1,4.4,-,-,-
Y56,RAP,NORTH MIDDLESEX UNIVERSITY HOSPITAL NHS TRUST,C_502,Gynaecology Service,"1,859","1,171",63.00%,13.6,35.7,31,1,6
Y56,RAP,NORTH MIDDLESEX UNIVERSITY HOSPITAL NHS TRUST,X02,Other - Medical Services,"4,220","3,077",72.90%,9.6,32.2,27,1,3
Y56,RAP,NORTH MIDDLESEX UNIVERSITY HOSPITAL NHS TRUST,X03,Other - Mental Health Services,-,-,-,-,-,-,-,-
Y56,RAP,NORTH MIDDLESEX UNIVERSITY HOSPITAL NHS TRUST,X04,Other - Paediatric Services,538,349,64.90%,12.5,35.2,2,1,1
Y56,RAP,NORTH MIDDLESEX UNIVERSITY HOSPITAL NHS TRUST,X05,Other - Surgical Services,"2,512","1,296",51.60%,16.9,48.4,122,3,19
Y56,RAP,NORTH MIDDLESEX UNIVERSITY HOSPITAL NHS TRUST,X06,Other - Other Services,288,285,99.00%,5.5,11.6,-,-,-
Y56,RAS,THE HILLINGDON HOSPITALS NHS FOUNDATION TRUST,C_100,General Surgery Service,"1,303",490,37.60%,23.5,51.7,99,-,17
Y56,RAS,THE HILLINGDON HOSPITALS NHS FOUNDATION TRUST,C_101,Urology Service,"1,691",845,50.00%,18,46.2,58,-,9
Y56,RAS,THE HILLINGDON HOSPITALS NHS FOUNDATION TRUST,C_110,Trauma and Orthopaedic Service,"3,704",999,27.00%,25.6,48.8,211,-,56
Y56,RAS,THE HILLINGDON HOSPITALS NHS FOUNDATION TRUST,C_120,Ear Nose and Throat Service,"2,672",442,16.50%,35.8,51,150,-,8
Y56,RAS,THE HILLINGDON HOSPITALS NHS FOUNDATION TRUST,C_130,Ophthalmology Service,"2,134","1,356",63.50%,13.8,33.4,2,-,-
Y56,RAS,THE HILLINGDON HOSPITALS NHS FOUNDATION TRUST,C_140,Oral Surgery Service,"1,359",894,65.80%,13.8,29.2,1,-,1
Y56,RAS,THE HILLINGDON HOSPITALS NHS FOUNDATION TRUST,C_150,Neurosurgical Service,-,-,-,-,-,-,-,-
Y56,RAS,THE HILLINGDON HOSPITALS NHS FOUNDATION TRUST,C_160,Plastic Surgery Service,14,6,42.90%,-,-,-,-,-
Y56,RAS,THE HILLINGDON HOSPITALS NHS FOUNDATION TRUST,C_170,Cardiothoracic Surgery Service,-,-,-,-,-,-,-,-
Y56,RAS,THE HILLINGDON HOSPITALS NHS FOUNDATION TRUST,C_300,General Internal Medicine Service,15,12,80.00%,-,-,-,-,-
Y56,RAS,THE HILLINGDON HOSPITALS NHS FOUNDATION TRUST,C_301,Gastroenterology Service,"1,164",833,71.60%,10.9,33.1,15,-,3
Y56,RAS,THE HILLINGDON HOSPITALS NHS FOUNDATION TRUST,C_320,Cardiology Service,"1,200",692,57.70%,15.8,35,19,-,1
Y56,RAS,THE HILLINGDON HOSPITALS NHS FOUNDATION TRUST,C_330,Dermatology Service,"1,273",926,72.70%,11.5,25.9,-,-,-
Y56,RAS,THE HILLINGDON HOSPITALS NHS FOUNDATION TRUST,C_340,Respiratory Medicine Service,"1,100",582,52.90%,16.9,37.7,27,-,4
Y56,RAS,THE HILLINGDON HOSPITALS NHS FOUNDATION TRUST,C_400,Neurology Service,852,367,43.10%,22,45.3,28,-,10
Y56,RAS,THE HILLINGDON HOSPITALS NHS FOUNDATION TRUST,C_410,Rheumatology Service,702,161,22.90%,26.1,44.3,29,-,-
Y56,RAS,THE HILLINGDON HOSPITALS NHS FOUNDATION TRUST,C_430,Elderly Medicine Service,390,271,69.50%,12,33.2,-,-,-
Y56,RAS,THE HILLINGDON HOSPITALS NHS FOUNDATION TRUST,C_502,Gynaecology Service,"1,810","1,153",63.70%,13.9,33.3,4,-,-
Y56,RAS,THE HILLINGDON HOSPITALS NHS FOUNDATION TRUST,X02,Other - Medical Services,"4,956","3,024",61.00%,13,45.8,221,-,37
Y56,RAS,THE HILLINGDON HOSPITALS NHS FOUNDATION TRUST,X03,Other - Mental Health Services,2,-,-,-,-,-,-,-
Y56,RAS,THE HILLINGDON HOSPITALS NHS FOUNDATION TRUST,X04,Other - Paediatric Services,924,580,62.80%,13,33.9,3,-,2
Y56,RAS,THE HILLINGDON HOSPITALS NHS FOUNDATION TRUST,X05,Other - Surgical Services,"2,378","1,366",57.40%,15.2,34,30,-,4
Y56,RAS,THE HILLINGDON HOSPITALS NHS FOUNDATION TRUST,X06,Other - Other Services,"1,077",799,74.20%,9.1,35.9,44,-,4
Y56,RAT,NORTH EAST LONDON NHS FOUNDATION TRUST,C_100,General Surgery Service,-,-,-,-,-,-,-,-
Y56,RAT,NORTH EAST LONDON NHS FOUNDATION TRUST,C_101,Urology Service,-,-,-,-,-,-,-,-
Y56,RAT,NORTH EAST LONDON NHS FOUNDATION TRUST,C_110,Trauma and Orthopaedic Service,-,-,-,-,-,-,-,-
Y56,RAT,NORTH EAST LONDON NHS FOUNDATION TRUST,C_120,Ear Nose and Throat Service,-,-,-,-,-,-,-,-
Y56,RAT,NORTH EAST LONDON NHS FOUNDATION TRUST,C_130,Ophthalmology Service,-,-,-,-,-,-,-,-
Y56,RAT,NORTH EAST LONDON NHS FOUNDATION TRUST,C_140,Oral Surgery Service,-,-,-,-,-,-,-,-
Y56,RAT,NORTH EAST LONDON NHS FOUNDATION TRUST,C_150,Neurosurgical Service,-,-,-,-,-,-,-,-
Y56,RAT,NORTH EAST LONDON NHS FOUNDATION TRUST,C_160,Plastic Surgery Service,-,-,-,-,-,-,-,-
Y56,RAT,NORTH EAST LONDON NHS FOUNDATION TRUST,C_170,Cardiothoracic Surgery Service,-,-,-,-,-,-,-,-
Y56,RAT,NORTH EAST LONDON NHS FOUNDATION TRUST,C_300,General Internal Medicine Service,-,-,-,-,-,-,-,-
Y56,RAT,NORTH EAST LONDON NHS FOUNDATION TRUST,C_301,Gastroenterology Service,-,-,-,-,-,-,-,-
Y56,RAT,NORTH EAST LONDON NHS FOUNDATION TRUST,C_320,Cardiology Service,-,-,-,-,-,-,-,-
Y56,RAT,NORTH EAST LONDON NHS FOUNDATION TRUST,C_330,Dermatology Service,-,-,-,-,-,-,-,-
Y56,RAT,NORTH EAST LONDON NHS FOUNDATION TRUST,C_340,Respiratory Medicine Service,-,-,-,-,-,-,-,-
Y56,RAT,NORTH EAST LONDON NHS FOUNDATION TRUST,C_400,Neurology Service,-,-,-,-,-,-,-,-
Y56,RAT,NORTH EAST LONDON NHS FOUNDATION TRUST,C_410,Rheumatology Service,-,-,-,-,-,-,-,-
Y56,RAT,NORTH EAST LONDON NHS FOUNDATION TRUST,C_430,Elderly Medicine Service,89,89,100.00%,2.4,6.7,-,-,-
Y56,RAT,NORTH EAST LONDON NHS FOUNDATION TRUST,C_502,Gynaecology Service,-,-,-,-,-,-,-,-
Y56,RAT,NORTH EAST LONDON NHS FOUNDATION TRUST,X02,Other - Medical Services,-,-,-,-,-,-,-,-
Y56,RAT,NORTH EAST LONDON NHS FOUNDATION TRUST,X03,Other - Mental Health Services,-,-,-,-,-,-,-,-
Y56,RAT,NORTH EAST LONDON NHS FOUNDATION TRUST,X04,Other - Paediatric Services,"2,388","1,786",74.80%,8.2,38,22,3,7
Y56,RAT,NORTH EAST LONDON NHS FOUNDATION TRUST,X05,Other - Surgical Services,-,-,-,-,-,-,-,-
Y56,RAT,NORTH EAST LONDON NHS FOUNDATION TRUST,X06,Other - Other Services,-,-,-,-,-,-,-,-
Y56,RAX,KINGSTON HOSPITAL NHS FOUNDATION TRUST,C_100,General Surgery Service,"1,290",579,44.90%,19.9,38.9,5,-,-
Y56,RAX,KINGSTON HOSPITAL NHS FOUNDATION TRUST,C_101,Urology Service,"1,607","1,243",77.30%,9.3,31.2,3,-,-
Y56,RAX,KINGSTON HOSPITAL NHS FOUNDATION TRUST,C_110,Trauma and Orthopaedic Service,"3,324","1,808",54.40%,16.5,36.2,5,-,-
Y56,RAX,KINGSTON HOSPITAL NHS FOUNDATION TRUST,C_120,Ear Nose and Throat Service,"4,081","2,625",64.30%,14.4,29.6,-,-,-
Y56,RAX,KINGSTON HOSPITAL NHS FOUNDATION TRUST,C_130,Ophthalmology Service,"4,614","3,417",74.10%,9.3,32,2,-,-
Y56,RAX,KINGSTON HOSPITAL NHS FOUNDATION TRUST,C_140,Oral Surgery Service,"1,442","1,140",79.10%,8.7,28.7,-,-,-
Y56,RAX,KINGSTON HOSPITAL NHS FOUNDATION TRUST,C_150,Neurosurgical Service,-,-,-,-,-,-,-,-
Y56,RAX,KINGSTON HOSPITAL NHS FOUNDATION TRUST,C_160,Plastic Surgery Service,415,304,73.30%,11.3,33.6,2,-,-
Y56,RAX,KINGSTON HOSPITAL NHS FOUNDATION TRUST,C_170,Cardiothoracic Surgery Service,-,-,-,-,-,-,-,-
Y56,RAX,KINGSTON HOSPITAL NHS FOUNDATION TRUST,C_300,General Internal Medicine Service,630,143,22.70%,30.8,51.9,50,-,-
Y56,RAX,KINGSTON HOSPITAL NHS FOUNDATION TRUST,C_301,Gastroenterology Service,"1,935","1,308",67.60%,12.3,32.9,1,-,-
Y56,RAX,KINGSTON HOSPITAL NHS FOUNDATION TRUST,C_320,Cardiology Service,"1,363","1,007",73.90%,10.6,29.6,5,-,-
Y56,RAX,KINGSTON HOSPITAL NHS FOUNDATION TRUST,C_330,Dermatology Service,"4,824","2,068",42.90%,20.8,38.8,26,-,1
Y56,RAX,KINGSTON HOSPITAL NHS FOUNDATION TRUST,C_340,Respiratory Medicine Service,"1,256",629,50.10%,18,41.2,-,-,-
Y56,RAX,KINGSTON HOSPITAL NHS FOUNDATION TRUST,C_400,Neurology Service,982,743,75.70%,11.9,27.9,-,-,-
Y56,RAX,KINGSTON HOSPITAL NHS FOUNDATION TRUST,C_410,Rheumatology Service,433,298,68.80%,15.4,23.7,-,-,-
Y56,RAX,KINGSTON HOSPITAL NHS FOUNDATION TRUST,C_430,Elderly Medicine Service,14,14,100.00%,-,-,-,-,-
Y56,RAX,KINGSTON HOSPITAL NHS FOUNDATION TRUST,C_502,Gynaecology Service,"3,471","2,225",64.10%,13.6,34.7,9,-,-
Y56,RAX,KINGSTON HOSPITAL NHS FOUNDATION TRUST,X02,Other - Medical Services,616,603,97.90%,3.7,12,-,-,-
Y56,RAX,KINGSTON HOSPITAL NHS FOUNDATION TRUST,X03,Other - Mental Health Services,-,-,-,-,-,-,-,-
Y56,RAX,KINGSTON HOSPITAL NHS FOUNDATION TRUST,X04,Other - Paediatric Services,"1,968","1,007",51.20%,17.7,45.8,18,-,-
Y56,RAX,KINGSTON HOSPITAL NHS FOUNDATION TRUST,X05,Other - Surgical Services,"5,314","3,083",58.00%,15.7,34.6,20,-,-
Y56,RAX,KINGSTON HOSPITAL NHS FOUNDATION TRUST,X06,Other - Other Services,29,19,65.50%,13.5,36.7,-,-,-
Y56,RF4,"BARKING, HAVERING AND REDBRIDGE UNIVERSITY HOSPITALS NHS TRUST",C_100,General Surgery Service,"4,081","2,376",58.20%,14.3,40.8,71,-,5
Y56,RF4,"BARKING, HAVERING AND REDBRIDGE UNIVERSITY HOSPITALS NHS TRUST",C_101,Urology Service,"4,052","2,650",65.40%,12.7,33.6,45,2,6
Y56,RF4,"BARKING, HAVERING AND REDBRIDGE UNIVERSITY HOSPITALS NHS TRUST",C_110,Trauma and Orthopaedic Service,"4,236","2,572",60.70%,13.9,41.2,94,2,8
Y56,RF4,"BARKING, HAVERING AND REDBRIDGE UNIVERSITY HOSPITALS NHS TRUST",C_120,Ear Nose and Throat Service,"4,423","3,109",70.30%,11.8,31.5,26,-,1
Y56,RF4,"BARKING, HAVERING AND REDBRIDGE UNIVERSITY HOSPITALS NHS TRUST",C_130,Ophthalmology Service,"3,760","3,274",87.10%,8.7,20.8,-,-,-
Y56,RF4,"BARKING, HAVERING AND REDBRIDGE UNIVERSITY HOSPITALS NHS TRUST",C_140,Oral Surgery Service,"1,920",993,51.70%,17.1,46.9,67,-,6
Y56,RF4,"BARKING, HAVERING AND REDBRIDGE UNIVERSITY HOSPITALS NHS TRUST",C_150,Neurosurgical Service,"3,842","1,859",48.40%,18.8,43.6,158,2,41
Y56,RF4,"BARKING, HAVERING AND REDBRIDGE UNIVERSITY HOSPITALS NHS TRUST",C_160,Plastic Surgery Service,-,-,-,-,-,-,-,-
Y56,RF4,"BARKING, HAVERING AND REDBRIDGE UNIVERSITY HOSPITALS NHS TRUST",C_170,Cardiothoracic Surgery Service,-,-,-,-,-,-,-,-
Y56,RF4,"BARKING, HAVERING AND REDBRIDGE UNIVERSITY HOSPITALS NHS TRUST",C_300,General Internal Medicine Service,9,6,66.70%,-,-,-,-,-
Y56,RF4,"BARKING, HAVERING AND REDBRIDGE UNIVERSITY HOSPITALS NHS TRUST",C_301,Gastroenterology Service,"1,307","1,217",93.10%,6.5,17.3,-,-,-
Y56,RF4,"BARKING, HAVERING AND REDBRIDGE UNIVERSITY HOSPITALS NHS TRUST",C_320,Cardiology Service,"2,841","2,194",77.20%,10.7,28.6,23,-,2
Y56,RF4,"BARKING, HAVERING AND REDBRIDGE UNIVERSITY HOSPITALS NHS TRUST",C_330,Dermatology Service,"2,909","1,795",61.70%,13,39.6,86,9,13
Y56,RF4,"BARKING, HAVERING AND REDBRIDGE UNIVERSITY HOSPITALS NHS TRUST",C_340,Respiratory Medicine Service,"2,821","1,594",56.50%,13.9,41.5,86,23,38
Y56,RF4,"BARKING, HAVERING AND REDBRIDGE UNIVERSITY HOSPITALS NHS TRUST",C_400,Neurology Service,"4,321","1,897",43.90%,20.3,41.6,110,-,30
Y56,RF4,"BARKING, HAVERING AND REDBRIDGE UNIVERSITY HOSPITALS NHS TRUST",C_410,Rheumatology Service,"1,490",758,50.90%,17.4,37.8,22,1,4
Y56,RF4,"BARKING, HAVERING AND REDBRIDGE UNIVERSITY HOSPITALS NHS TRUST",C_430,Elderly Medicine Service,104,94,90.40%,6.6,19.3,-,-,-
Y56,RF4,"BARKING, HAVERING AND REDBRIDGE UNIVERSITY HOSPITALS NHS TRUST",C_502,Gynaecology Service,"7,321","3,241",44.30%,21,48,339,7,50
Y56,RF4,"BARKING, HAVERING AND REDBRIDGE UNIVERSITY HOSPITALS NHS TRUST",X02,Other - Medical Services,"8,629","5,617",65.10%,12.5,35.3,45,1,11
Y56,RF4,"BARKING, HAVERING AND REDBRIDGE UNIVERSITY HOSPITALS NHS TRUST",X03,Other - Mental Health Services,-,-,-,-,-,-,-,-
Y56,RF4,"BARKING, HAVERING AND REDBRIDGE UNIVERSITY HOSPITALS NHS TRUST",X04,Other - Paediatric Services,332,195,58.70%,14.7,33.8,1,-,1
Y56,RF4,"BARKING, HAVERING AND REDBRIDGE UNIVERSITY HOSPITALS NHS TRUST",X05,Other - Surgical Services,"3,125","1,904",60.90%,13.5,32.5,26,-,3
Y56,RF4,"BARKING, HAVERING AND REDBRIDGE UNIVERSITY HOSPITALS NHS TRUST",X06,Other - Other Services,411,299,72.70%,7.8,36.7,10,1,2
Y56,RJ1,GUY'S AND ST THOMAS' NHS FOUNDATION TRUST,C_100,General Surgery Service,"1,005",624,62.10%,15,47.1,52,-,14
Y56,RJ1,GUY'S AND ST THOMAS' NHS FOUNDATION TRUST,C_101,Urology Service,"5,840","2,839",48.60%,18.5,46.5,301,9,87
Y56,RJ1,GUY'S AND ST THOMAS' NHS FOUNDATION TRUST,C_110,Trauma and Orthopaedic Service,"6,377","2,833",44.40%,20.4,52.1,514,14,150
Y56,RJ1,GUY'S AND ST THOMAS' NHS FOUNDATION TRUST,C_120,Ear Nose and Throat Service,"11,571","4,870",42.10%,22,50.4,791,1,98
Y56,RJ1,GUY'S AND ST THOMAS' NHS FOUNDATION TRUST,C_130,Ophthalmology Service,"3,949","2,453",62.10%,14,33.4,25,-,6
Y56,RJ1,GUY'S AND ST THOMAS' NHS FOUNDATION TRUST,C_140,Oral Surgery Service,"8,892","5,918",66.60%,13.1,33.5,63,-,-
Y56,RJ1,GUY'S AND ST THOMAS' NHS FOUNDATION TRUST,C_150,Neurosurgical Service,13,10,76.90%,-,-,1,-,-
Y56,RJ1,GUY'S AND ST THOMAS' NHS FOUNDATION TRUST,C_160,Plastic Surgery Service,"4,006","1,603",40.00%,22.5,51.4,308,13,117
Y56,RJ1,GUY'S AND ST THOMAS' NHS FOUNDATION TRUST,C_170,Cardiothoracic Surgery Service,197,75,38.10%,21.9,39.1,-,-,-
Y56,RJ1,GUY'S AND ST THOMAS' NHS FOUNDATION TRUST,C_300,General Internal Medicine Service,642,383,59.70%,17.6,40.6,9,-,-
Y56,RJ1,GUY'S AND ST THOMAS' NHS FOUNDATION TRUST,C_301,Gastroenterology Service,"2,672","2,572",96.30%,7.8,16.4,4,1,2
Y56,RJ1,GUY'S AND ST THOMAS' NHS FOUNDATION TRUST,C_320,Cardiology Service,"9,962","5,835",58.60%,14.7,37.6,98,3,21
Y56,RJ1,GUY'S AND ST THOMAS' NHS FOUNDATION TRUST,C_330,Dermatology Service,"11,636","6,987",60.00%,14.8,35.2,142,3,32
Y56,RJ1,GUY'S AND ST THOMAS' NHS FOUNDATION TRUST,C_340,Respiratory Medicine Service,"8,528","5,292",62.10%,13.6,32.7,45,-,-
Y56,RJ1,GUY'S AND ST THOMAS' NHS FOUNDATION TRUST,C_400,Neurology Service,"2,702","1,440",53.30%,16.1,45,66,-,4
Y56,RJ1,GUY'S AND ST THOMAS' NHS FOUNDATION TRUST,C_410,Rheumatology Service,"1,092",723,66.20%,11.7,31.9,8,1,5
Y56,RJ1,GUY'S AND ST THOMAS' NHS FOUNDATION TRUST,C_430,Elderly Medicine Service,949,522,55.00%,17.5,31.4,2,-,1
Y56,RJ1,GUY'S AND ST THOMAS' NHS FOUNDATION TRUST,C_502,Gynaecology Service,"6,068","2,928",48.30%,18.8,47.7,299,4,56
Y56,RJ1,GUY'S AND ST THOMAS' NHS FOUNDATION TRUST,X02,Other - Medical Services,"20,001","13,168",65.80%,12.7,38.6,492,1,101
Y56,RJ1,GUY'S AND ST THOMAS' NHS FOUNDATION TRUST,X03,Other - Mental Health Services,13,10,76.90%,-,-,-,-,-
Y56,RJ1,GUY'S AND ST THOMAS' NHS FOUNDATION TRUST,X04,Other - Paediatric Services,"18,587","10,346",55.70%,15.7,45.1,796,38,214
Y56,RJ1,GUY'S AND ST THOMAS' NHS FOUNDATION TRUST,X05,Other - Surgical Services,"14,926","8,580",57.50%,15.8,45.4,762,66,295
Y56,RJ1,GUY'S AND ST THOMAS' NHS FOUNDATION TRUST,X06,Other - Other Services,"2,890","1,308",45.30%,19.9,37,84,1,3
Y56,RJ2,LEWISHAM AND GREENWICH NHS TRUST,C_100,General Surgery Service,"9,224","4,536",49.20%,18.5,51.9,733,47,249
Y56,RJ2,LEWISHAM AND GREENWICH NHS TRUST,C_101,Urology Service,"2,058","1,251",60.80%,13.5,33.4,19,-,3
Y56,RJ2,LEWISHAM AND GREENWICH NHS TRUST,C_110,Trauma and Orthopaedic Service,"6,148","3,207",52.20%,16.9,50.5,429,45,167
Y56,RJ2,LEWISHAM AND GREENWICH NHS TRUST,C_120,Ear Nose and Throat Service,"14,653","6,274",42.80%,21.6,54.5,"1,399",214,632
Y56,RJ2,LEWISHAM AND GREENWICH NHS TRUST,C_130,Ophthalmology Service,-,-,-,-,-,-,-,-
Y56,RJ2,LEWISHAM AND GREENWICH NHS TRUST,C_140,Oral Surgery Service,-,-,-,-,-,-,-,-
Y56,RJ2,LEWISHAM AND GREENWICH NHS TRUST,C_150,Neurosurgical Service,-,-,-,-,-,-,-,-
Y56,RJ2,LEWISHAM AND GREENWICH NHS TRUST,C_160,Plastic Surgery Service,24,6,25.00%,24,50.1,1,-,-
Y56,RJ2,LEWISHAM AND GREENWICH NHS TRUST,C_170,Cardiothoracic Surgery Service,-,-,-,-,-,-,-,-
Y56,RJ2,LEWISHAM AND GREENWICH NHS TRUST,C_300,General Internal Medicine Service,708,332,46.90%,19.8,43,3,-,1
Y56,RJ2,LEWISHAM AND GREENWICH NHS TRUST,C_301,Gastroenterology Service,"4,810","2,804",58.30%,14,43.2,82,1,15
Y56,RJ2,LEWISHAM AND GREENWICH NHS TRUST,C_320,Cardiology Service,"3,627","1,924",53.00%,16.6,44.2,98,1,22
Y56,RJ2,LEWISHAM AND GREENWICH NHS TRUST,C_330,Dermatology Service,"3,699","2,567",69.40%,10.9,36.4,35,-,9
Y56,RJ2,LEWISHAM AND GREENWICH NHS TRUST,C_340,Respiratory Medicine Service,"2,113","1,263",59.80%,13.3,40.6,30,-,3
Y56,RJ2,LEWISHAM AND GREENWICH NHS TRUST,C_400,Neurology Service,"3,808","1,684",44.20%,20.7,46.5,160,-,37
Y56,RJ2,LEWISHAM AND GREENWICH NHS TRUST,C_410,Rheumatology Service,970,754,77.70%,8.2,28.9,7,-,-
Y56,RJ2,LEWISHAM AND GREENWICH NHS TRUST,C_430,Elderly Medicine Service,136,131,96.30%,7.9,16,-,-,-
Y56,RJ2,LEWISHAM AND GREENWICH NHS TRUST,C_502,Gynaecology Service,"6,989","4,034",57.70%,15,46.6,348,9,130
Y56,RJ2,LEWISHAM AND GREENWICH NHS TRUST,X02,Other - Medical Services,"2,233","1,748",78.30%,8.7,30.3,21,2,6
Y56,RJ2,LEWISHAM AND GREENWICH NHS TRUST,X03,Other - Mental Health Services,-,-,-,-,-,-,-,-
Y56,RJ2,LEWISHAM AND GREENWICH NHS TRUST,X04,Other - Paediatric Services,"4,553","2,806",61.60%,12.8,46.8,226,1,12
Y56,RJ2,LEWISHAM AND GREENWICH NHS TRUST,X05,Other - Surgical Services,"1,919",967,50.40%,17.7,43.4,25,-,5
Y56,RJ2,LEWISHAM AND GREENWICH NHS TRUST,X06,Other - Other Services,3,3,100.00%,-,-,-,-,-
Y56,RJ6,CROYDON HEALTH SERVICES NHS TRUST,C_100,General Surgery Service,"1,884","1,421",75.40%,10.7,31.6,2,-,1
Y56,RJ6,CROYDON HEALTH SERVICES NHS TRUST,C_101,Urology Service,"1,957","1,762",90.00%,7.9,20.5,-,-,-
Y56,RJ6,CROYDON HEALTH SERVICES NHS TRUST,C_110,Trauma and Orthopaedic Service,"6,448","3,914",60.70%,13.8,40.9,153,2,26
Y56,RJ6,CROYDON HEALTH SERVICES NHS TRUST,C_120,Ear Nose and Throat Service,"2,781","1,644",59.10%,14.6,44.1,73,1,5
Y56,RJ6,CROYDON HEALTH SERVICES NHS TRUST,C_130,Ophthalmology Service,-,-,-,-,-,-,-,-
Y56,RJ6,CROYDON HEALTH SERVICES NHS TRUST,C_140,Oral Surgery Service,"2,280","1,284",56.30%,15.6,45,84,-,4
Y56,RJ6,CROYDON HEALTH SERVICES NHS TRUST,C_150,Neurosurgical Service,-,-,-,-,-,-,-,-
Y56,RJ6,CROYDON HEALTH SERVICES NHS TRUST,C_160,Plastic Surgery Service,48,38,79.20%,7.5,27.2,-,-,-
Y56,RJ6,CROYDON HEALTH SERVICES NHS TRUST,C_170,Cardiothoracic Surgery Service,-,-,-,-,-,-,-,-
Y56,RJ6,CROYDON HEALTH SERVICES NHS TRUST,C_300,General Internal Medicine Service,39,37,94.90%,5.3,12.6,-,-,-
Y56,RJ6,CROYDON HEALTH SERVICES NHS TRUST,C_301,Gastroenterology Service,"2,438","1,810",74.20%,11,33.3,15,-,4
Y56,RJ6,CROYDON HEALTH SERVICES NHS TRUST,C_320,Cardiology Service,"1,276",982,77.00%,10.4,24.6,-,-,-
Y56,RJ6,CROYDON HEALTH SERVICES NHS TRUST,C_330,Dermatology Service,"2,840","1,614",56.80%,15.3,35.2,18,-,4
Y56,RJ6,CROYDON HEALTH SERVICES NHS TRUST,C_340,Respiratory Medicine Service,577,472,81.80%,4.8,33.5,-,-,-
Y56,RJ6,CROYDON HEALTH SERVICES NHS TRUST,C_400,Neurology Service,704,556,79.00%,9.6,23.7,-,-,-
Y56,RJ6,CROYDON HEALTH SERVICES NHS TRUST,C_410,Rheumatology Service,706,572,81.00%,9.6,23.9,1,-,-
Y56,RJ6,CROYDON HEALTH SERVICES NHS TRUST,C_430,Elderly Medicine Service,131,124,94.70%,6.5,16.2,-,-,-
Y56,RJ6,CROYDON HEALTH SERVICES NHS TRUST,C_502,Gynaecology Service,"3,428","2,316",67.60%,11.7,39.3,53,1,9
Y56,RJ6,CROYDON HEALTH SERVICES NHS TRUST,X02,Other - Medical Services,"3,077","2,185",71.00%,11.2,38.4,49,1,2
Y56,RJ6,CROYDON HEALTH SERVICES NHS TRUST,X03,Other - Mental Health Services,-,-,-,-,-,-,-,-
Y56,RJ6,CROYDON HEALTH SERVICES NHS TRUST,X04,Other - Paediatric Services,802,569,70.90%,11.8,29.1,1,-,-
Y56,RJ6,CROYDON HEALTH SERVICES NHS TRUST,X05,Other - Surgical Services,"3,961","3,313",83.60%,8.6,26.1,14,-,-
Y56,RJ6,CROYDON HEALTH SERVICES NHS TRUST,X06,Other - Other Services,-,-,-,-,-,-,-,-
Y56,RJ7,ST GEORGE'S UNIVERSITY HOSPITALS NHS FOUNDATION TRUST,C_100,General Surgery Service,"1,262",628,49.80%,18.1,45.9,44,-,2
Y56,RJ7,ST GEORGE'S UNIVERSITY HOSPITALS NHS FOUNDATION TRUST,C_101,Urology Service,"2,795","1,864",66.70%,11.1,34.7,30,-,1
Y56,RJ7,ST GEORGE'S UNIVERSITY HOSPITALS NHS FOUNDATION TRUST,C_110,Trauma and Orthopaedic Service,"3,703","2,497",67.40%,12.7,29.7,6,-,2
Y56,RJ7,ST GEORGE'S UNIVERSITY HOSPITALS NHS FOUNDATION TRUST,C_120,Ear Nose and Throat Service,"4,367","2,634",60.30%,14.1,36.6,46,-,2
Y56,RJ7,ST GEORGE'S UNIVERSITY HOSPITALS NHS FOUNDATION TRUST,C_130,Ophthalmology Service,430,231,53.70%,16,33,-,-,-
Y56,RJ7,ST GEORGE'S UNIVERSITY HOSPITALS NHS FOUNDATION TRUST,C_140,Oral Surgery Service,"1,660",946,57.00%,15.3,38.5,33,-,2
Y56,RJ7,ST GEORGE'S UNIVERSITY HOSPITALS NHS FOUNDATION TRUST,C_150,Neurosurgical Service,"3,422","1,795",52.50%,17,42.1,106,-,12
Y56,RJ7,ST GEORGE'S UNIVERSITY HOSPITALS NHS FOUNDATION TRUST,C_160,Plastic Surgery Service,"1,777","1,131",63.60%,12.5,37.2,31,1,5
Y56,RJ7,ST GEORGE'S UNIVERSITY HOSPITALS NHS FOUNDATION TRUST,C_170,Cardiothoracic Surgery Service,340,312,91.80%,6.9,18.1,-,-,-
Y56,RJ7,ST GEORGE'S UNIVERSITY HOSPITALS NHS FOUNDATION TRUST,C_300,General Internal Medicine Service,76,59,77.60%,4.7,30.9,-,-,-
Y56,RJ7,ST GEORGE'S UNIVERSITY HOSPITALS NHS FOUNDATION TRUST,C_301,Gastroenterology Service,"2,902","1,807",62.30%,12.8,36.9,25,-,1
Y56,RJ7,ST GEORGE'S UNIVERSITY HOSPITALS NHS FOUNDATION TRUST,C_320,Cardiology Service,"5,023","3,289",65.50%,12.3,35.8,78,-,5
Y56,RJ7,ST GEORGE'S UNIVERSITY HOSPITALS NHS FOUNDATION TRUST,C_330,Dermatology Service,"4,237","3,144",74.20%,9.7,30,9,-,-
Y56,RJ7,ST GEORGE'S UNIVERSITY HOSPITALS NHS FOUNDATION TRUST,C_340,Respiratory Medicine Service,"2,538","1,853",73.00%,10.1,30,-,-,-
Y56,RJ7,ST GEORGE'S UNIVERSITY HOSPITALS NHS FOUNDATION TRUST,C_400,Neurology Service,"3,094","2,291",74.00%,10,32.7,26,-,3
Y56,RJ7,ST GEORGE'S UNIVERSITY HOSPITALS NHS FOUNDATION TRUST,C_410,Rheumatology Service,833,668,80.20%,8.5,27.7,2,-,-
Y56,RJ7,ST GEORGE'S UNIVERSITY HOSPITALS NHS FOUNDATION TRUST,C_430,Elderly Medicine Service,40,39,97.50%,2.5,10.8,-,-,-
Y56,RJ7,ST GEORGE'S UNIVERSITY HOSPITALS NHS FOUNDATION TRUST,C_502,Gynaecology Service,"3,580","2,305",64.40%,12.4,38.1,51,-,2
Y56,RJ7,ST GEORGE'S UNIVERSITY HOSPITALS NHS FOUNDATION TRUST,X02,Other - Medical Services,"8,886","6,341",71.40%,10.6,32.4,42,-,2
Y56,RJ7,ST GEORGE'S UNIVERSITY HOSPITALS NHS FOUNDATION TRUST,X03,Other - Mental Health Services,-,-,-,-,-,-,-,-
Y56,RJ7,ST GEORGE'S UNIVERSITY HOSPITALS NHS FOUNDATION TRUST,X04,Other - Paediatric Services,"3,207","2,308",72.00%,10.9,32.2,3,-,-
Y56,RJ7,ST GEORGE'S UNIVERSITY HOSPITALS NHS FOUNDATION TRUST,X05,Other - Surgical Services,"4,938","3,071",62.20%,13.2,36.5,69,4,7
Y56,RJ7,ST GEORGE'S UNIVERSITY HOSPITALS NHS FOUNDATION TRUST,X06,Other - Other Services,"2,779","1,836",66.10%,12.6,32.2,4,-,1
Y56,RJZ,KING'S COLLEGE HOSPITAL NHS FOUNDATION TRUST,C_100,General Surgery Service,"3,773","1,061",28.10%,26.8,55.6,402,23,122
Y56,RJZ,KING'S COLLEGE HOSPITAL NHS FOUNDATION TRUST,C_101,Urology Service,"4,567","2,492",54.60%,16.5,42.8,178,3,40
Y56,RJZ,KING'S COLLEGE HOSPITAL NHS FOUNDATION TRUST,C_110,Trauma and Orthopaedic Service,"5,406","2,253",41.70%,20.5,49.6,354,25,99
Y56,RJZ,KING'S COLLEGE HOSPITAL NHS FOUNDATION TRUST,C_120,Ear Nose and Throat Service,"1,017",551,54.20%,16.8,45,44,5,16
Y56,RJZ,KING'S COLLEGE HOSPITAL NHS FOUNDATION TRUST,C_130,Ophthalmology Service,"13,761","5,962",43.30%,20.4,46,604,3,76
Y56,RJZ,KING'S COLLEGE HOSPITAL NHS FOUNDATION TRUST,C_140,Oral Surgery Service,"11,822","6,166",52.20%,17.2,42.7,356,-,32
Y56,RJZ,KING'S COLLEGE HOSPITAL NHS FOUNDATION TRUST,C_150,Neurosurgical Service,"3,042","1,520",50.00%,18,47.4,162,5,32
Y56,RJZ,KING'S COLLEGE HOSPITAL NHS FOUNDATION TRUST,C_160,Plastic Surgery Service,32,20,62.50%,12.5,50.4,1,-,1
Y56,RJZ,KING'S COLLEGE HOSPITAL NHS FOUNDATION TRUST,C_170,Cardiothoracic Surgery Service,153,37,24.20%,22.8,43.4,2,-,-
Y56,RJZ,KING'S COLLEGE HOSPITAL NHS FOUNDATION TRUST,C_300,General Internal Medicine Service,709,530,74.80%,17.2,24.4,-,-,-
Y56,RJZ,KING'S COLLEGE HOSPITAL NHS FOUNDATION TRUST,C_301,Gastroenterology Service,"3,742","1,628",43.50%,20,46.9,212,6,50
Y56,RJZ,KING'S COLLEGE HOSPITAL NHS FOUNDATION TRUST,C_320,Cardiology Service,"5,122","2,911",56.80%,15.6,37.7,128,4,20
Y56,RJZ,KING'S COLLEGE HOSPITAL NHS FOUNDATION TRUST,C_330,Dermatology Service,"3,109","1,957",62.90%,12.9,39.8,81,-,14
Y56,RJZ,KING'S COLLEGE HOSPITAL NHS FOUNDATION TRUST,C_340,Respiratory Medicine Service,"3,954","2,034",51.40%,17.5,48.4,214,-,35
Y56,RJZ,KING'S COLLEGE HOSPITAL NHS FOUNDATION TRUST,C_400,Neurology Service,"3,612","2,136",59.10%,14.3,40.6,61,1,2
Y56,RJZ,KING'S COLLEGE HOSPITAL NHS FOUNDATION TRUST,C_410,Rheumatology Service,"1,417","1,010",71.30%,10.5,29.4,5,-,1
Y56,RJZ,KING'S COLLEGE HOSPITAL NHS FOUNDATION TRUST,C_430,Elderly Medicine Service,552,406,73.60%,10.5,29.7,1,-,-
Y56,RJZ,KING'S COLLEGE HOSPITAL NHS FOUNDATION TRUST,C_502,Gynaecology Service,"9,746","5,272",54.10%,16.7,40.5,201,1,23
Y56,RJZ,KING'S COLLEGE HOSPITAL NHS FOUNDATION TRUST,X02,Other - Medical Services,"11,347","7,401",65.20%,12.1,36.6,232,3,31
Y56,RJZ,KING'S COLLEGE HOSPITAL NHS FOUNDATION TRUST,X03,Other - Mental Health Services,27,21,77.80%,5.1,26.8,-,-,-
Y56,RJZ,KING'S COLLEGE HOSPITAL NHS FOUNDATION TRUST,X04,Other - Paediatric Services,"6,120","4,004",65.40%,13.1,36.9,102,1,16
Y56,RJZ,KING'S COLLEGE HOSPITAL NHS FOUNDATION TRUST,X05,Other - Surgical Services,"12,528","6,379",50.90%,17.7,47.4,644,57,202
Y56,RJZ,KING'S COLLEGE HOSPITAL NHS FOUNDATION TRUST,X06,Other - Other Services,444,323,72.70%,16.1,35.5,8,-,-
Y56,RKE,WHITTINGTON HEALTH NHS TRUST,C_100,General Surgery Service,"2,991","1,787",59.70%,13.5,49.2,193,17,104
Y56,RKE,WHITTINGTON HEALTH NHS TRUST,C_101,Urology Service,"1,576","1,148",72.80%,15.2,35.8,38,3,5
Y56,RKE,WHITTINGTON HEALTH NHS TRUST,C_110,Trauma and Orthopaedic Service,"2,999","1,968",65.60%,12.1,45.1,153,8,44
Y56,RKE,WHITTINGTON HEALTH NHS TRUST,C_120,Ear Nose and Throat Service,"1,479",770,52.10%,16.7,48.8,85,1,7
Y56,RKE,WHITTINGTON HEALTH NHS TRUST,C_130,Ophthalmology Service,"1,038",771,74.30%,10.7,38.1,36,2,14
Y56,RKE,WHITTINGTON HEALTH NHS TRUST,C_140,Oral Surgery Service,302,40,13.20%,36.4,54,33,1,7
Y56,RKE,WHITTINGTON HEALTH NHS TRUST,C_150,Neurosurgical Service,-,-,-,-,-,-,-,-
Y56,RKE,WHITTINGTON HEALTH NHS TRUST,C_160,Plastic Surgery Service,27,18,66.70%,12.2,58.8,3,-,-
Y56,RKE,WHITTINGTON HEALTH NHS TRUST,C_170,Cardiothoracic Surgery Service,-,-,-,-,-,-,-,-
Y56,RKE,WHITTINGTON HEALTH NHS TRUST,C_300,General Internal Medicine Service,268,127,47.40%,19.3,50.6,17,1,3
Y56,RKE,WHITTINGTON HEALTH NHS TRUST,C_301,Gastroenterology Service,"1,585","1,379",87.00%,8.7,19.5,-,-,-
Y56,RKE,WHITTINGTON HEALTH NHS TRUST,C_320,Cardiology Service,"1,034",660,63.80%,13.7,31.1,2,-,-
Y56,RKE,WHITTINGTON HEALTH NHS TRUST,C_330,Dermatology Service,611,349,57.10%,13,45.7,19,-,4
Y56,RKE,WHITTINGTON HEALTH NHS TRUST,C_340,Respiratory Medicine Service,967,688,71.10%,10.3,34.5,1,-,-
Y56,RKE,WHITTINGTON HEALTH NHS TRUST,C_400,Neurology Service,709,368,51.90%,17.4,34.7,-,-,-
Y56,RKE,WHITTINGTON HEALTH NHS TRUST,C_410,Rheumatology Service,466,272,58.40%,15.2,32.7,1,-,-
Y56,RKE,WHITTINGTON HEALTH NHS TRUST,C_430,Elderly Medicine Service,117,106,90.60%,8.7,18.5,-,-,-
Y56,RKE,WHITTINGTON HEALTH NHS TRUST,C_502,Gynaecology Service,"2,242","1,453",64.80%,12.4,33.3,25,-,5
Y56,RKE,WHITTINGTON HEALTH NHS TRUST,X02,Other - Medical Services,"2,211","1,834",82.90%,7.6,24.3,2,-,-
Y56,RKE,WHITTINGTON HEALTH NHS TRUST,X03,Other - Mental Health Services,-,-,-,-,-,-,-,-
Y56,RKE,WHITTINGTON HEALTH NHS TRUST,X04,Other - Paediatric Services,14,10,71.40%,-,-,1,1,1
Y56,RKE,WHITTINGTON HEALTH NHS TRUST,X05,Other - Surgical Services,-,-,-,-,-,-,-,-
Y56,RKE,WHITTINGTON HEALTH NHS TRUST,X06,Other - Other Services,-,-,-,-,-,-,-,-
Y56,RKL,WEST LONDON NHS TRUST,C_100,General Surgery Service,-,-,-,-,-,-,-,-
Y56,RKL,WEST LONDON NHS TRUST,C_101,Urology Service,-,-,-,-,-,-,-,-
Y56,RKL,WEST LONDON NHS TRUST,C_110,Trauma and Orthopaedic Service,"1,610","1,593",98.90%,4,11.4,1,-,-
Y56,RKL,WEST LONDON NHS TRUST,C_120,Ear Nose and Throat Service,-,-,-,-,-,-,-,-
Y56,RKL,WEST LONDON NHS TRUST,C_130,Ophthalmology Service,-,-,-,-,-,-,-,-
Y56,RKL,WEST LONDON NHS TRUST,C_140,Oral Surgery Service,-,-,-,-,-,-,-,-
Y56,RKL,WEST LONDON NHS TRUST,C_150,Neurosurgical Service,-,-,-,-,-,-,-,-
Y56,RKL,WEST LONDON NHS TRUST,C_160,Plastic Surgery Service,-,-,-,-,-,-,-,-
Y56,RKL,WEST LONDON NHS TRUST,C_170,Cardiothoracic Surgery Service,-,-,-,-,-,-,-,-
Y56,RKL,WEST LONDON NHS TRUST,C_300,General Internal Medicine Service,-,-,-,-,-,-,-,-
Y56,RKL,WEST LONDON NHS TRUST,C_301,Gastroenterology Service,-,-,-,-,-,-,-,-
Y56,RKL,WEST LONDON NHS TRUST,C_320,Cardiology Service,-,-,-,-,-,-,-,-
Y56,RKL,WEST LONDON NHS TRUST,C_330,Dermatology Service,-,-,-,-,-,-,-,-
Y56,RKL,WEST LONDON NHS TRUST,C_340,Respiratory Medicine Service,-,-,-,-,-,-,-,-
Y56,RKL,WEST LONDON NHS TRUST,C_400,Neurology Service,-,-,-,-,-,-,-,-
Y56,RKL,WEST LONDON NHS TRUST,C_410,Rheumatology Service,-,-,-,-,-,-,-,-
Y56,RKL,WEST LONDON NHS TRUST,C_430,Elderly Medicine Service,-,-,-,-,-,-,-,-
Y56,RKL,WEST LONDON NHS TRUST,C_502,Gynaecology Service,-,-,-,-,-,-,-,-
Y56,RKL,WEST LONDON NHS TRUST,X02,Other - Medical Services,-,-,-,-,-,-,-,-
Y56,RKL,WEST LONDON NHS TRUST,X03,Other - Mental Health Services,-,-,-,-,-,-,-,-
Y56,RKL,WEST LONDON NHS TRUST,X04,Other - Paediatric Services,141,141,100.00%,4.6,9,-,-,-
Y56,RKL,WEST LONDON NHS TRUST,X05,Other - Surgical Services,-,-,-,-,-,-,-,-
Y56,RKL,WEST LONDON NHS TRUST,X06,Other - Other Services,-,-,-,-,-,-,-,-
Y56,RP4,GREAT ORMOND STREET HOSPITAL FOR CHILDREN NHS FOUNDATION TRUST,C_100,General Surgery Service,-,-,-,-,-,-,-,-
Y56,RP4,GREAT ORMOND STREET HOSPITAL FOR CHILDREN NHS FOUNDATION TRUST,C_101,Urology Service,-,-,-,-,-,-,-,-
Y56,RP4,GREAT ORMOND STREET HOSPITAL FOR CHILDREN NHS FOUNDATION TRUST,C_110,Trauma and Orthopaedic Service,-,-,-,-,-,-,-,-
Y56,RP4,GREAT ORMOND STREET HOSPITAL FOR CHILDREN NHS FOUNDATION TRUST,C_120,Ear Nose and Throat Service,-,-,-,-,-,-,-,-
Y56,RP4,GREAT ORMOND STREET HOSPITAL FOR CHILDREN NHS FOUNDATION TRUST,C_130,Ophthalmology Service,-,-,-,-,-,-,-,-
Y56,RP4,GREAT ORMOND STREET HOSPITAL FOR CHILDREN NHS FOUNDATION TRUST,C_140,Oral Surgery Service,-,-,-,-,-,-,-,-
Y56,RP4,GREAT ORMOND STREET HOSPITAL FOR CHILDREN NHS FOUNDATION TRUST,C_150,Neurosurgical Service,-,-,-,-,-,-,-,-
Y56,RP4,GREAT ORMOND STREET HOSPITAL FOR CHILDREN NHS FOUNDATION TRUST,C_160,Plastic Surgery Service,-,-,-,-,-,-,-,-
Y56,RP4,GREAT ORMOND STREET HOSPITAL FOR CHILDREN NHS FOUNDATION TRUST,C_170,Cardiothoracic Surgery Service,-,-,-,-,-,-,-,-
Y56,RP4,GREAT ORMOND STREET HOSPITAL FOR CHILDREN NHS FOUNDATION TRUST,C_300,General Internal Medicine Service,-,-,-,-,-,-,-,-
Y56,RP4,GREAT ORMOND STREET HOSPITAL FOR CHILDREN NHS FOUNDATION TRUST,C_301,Gastroenterology Service,-,-,-,-,-,-,-,-
Y56,RP4,GREAT ORMOND STREET HOSPITAL FOR CHILDREN NHS FOUNDATION TRUST,C_320,Cardiology Service,-,-,-,-,-,-,-,-
Y56,RP4,GREAT ORMOND STREET HOSPITAL FOR CHILDREN NHS FOUNDATION TRUST,C_330,Dermatology Service,-,-,-,-,-,-,-,-
Y56,RP4,GREAT ORMOND STREET HOSPITAL FOR CHILDREN NHS FOUNDATION TRUST,C_340,Respiratory Medicine Service,-,-,-,-,-,-,-,-
Y56,RP4,GREAT ORMOND STREET HOSPITAL FOR CHILDREN NHS FOUNDATION TRUST,C_400,Neurology Service,-,-,-,-,-,-,-,-
Y56,RP4,GREAT ORMOND STREET HOSPITAL FOR CHILDREN NHS FOUNDATION TRUST,C_410,Rheumatology Service,-,-,-,-,-,-,-,-
Y56,RP4,GREAT ORMOND STREET HOSPITAL FOR CHILDREN NHS FOUNDATION TRUST,C_430,Elderly Medicine Service,-,-,-,-,-,-,-,-
Y56,RP4,GREAT ORMOND STREET HOSPITAL FOR CHILDREN NHS FOUNDATION TRUST,C_502,Gynaecology Service,-,-,-,-,-,-,-,-
Y56,RP4,GREAT ORMOND STREET HOSPITAL FOR CHILDREN NHS FOUNDATION TRUST,X02,Other - Medical Services,"1,725","1,313",76.10%,10.8,29.8,13,1,3
Y56,RP4,GREAT ORMOND STREET HOSPITAL FOR CHILDREN NHS FOUNDATION TRUST,X03,Other - Mental Health Services,171,93,54.40%,17.1,43.8,3,-,-
Y56,RP4,GREAT ORMOND STREET HOSPITAL FOR CHILDREN NHS FOUNDATION TRUST,X04,Other - Paediatric Services,"5,972","3,797",63.60%,12.5,49.5,424,142,238
Y56,RP4,GREAT ORMOND STREET HOSPITAL FOR CHILDREN NHS FOUNDATION TRUST,X05,Other - Surgical Services,22,16,72.70%,14,104+,3,2,2
Y56,RP4,GREAT ORMOND STREET HOSPITAL FOR CHILDREN NHS FOUNDATION TRUST,X06,Other - Other Services,71,48,67.60%,13.8,41.7,2,1,1
Y56,RP6,MOORFIELDS EYE HOSPITAL NHS FOUNDATION TRUST,C_100,General Surgery Service,-,-,-,-,-,-,-,-
Y56,RP6,MOORFIELDS EYE HOSPITAL NHS FOUNDATION TRUST,C_101,Urology Service,-,-,-,-,-,-,-,-
Y56,RP6,MOORFIELDS EYE HOSPITAL NHS FOUNDATION TRUST,C_110,Trauma and Orthopaedic Service,-,-,-,-,-,-,-,-
Y56,RP6,MOORFIELDS EYE HOSPITAL NHS FOUNDATION TRUST,C_120,Ear Nose and Throat Service,-,-,-,-,-,-,-,-
Y56,RP6,MOORFIELDS EYE HOSPITAL NHS FOUNDATION TRUST,C_130,Ophthalmology Service,"34,639","28,639",82.70%,8.5,24.2,7,2,4
Y56,RP6,MOORFIELDS EYE HOSPITAL NHS FOUNDATION TRUST,C_140,Oral Surgery Service,-,-,-,-,-,-,-,-
Y56,RP6,MOORFIELDS EYE HOSPITAL NHS FOUNDATION TRUST,C_150,Neurosurgical Service,-,-,-,-,-,-,-,-
Y56,RP6,MOORFIELDS EYE HOSPITAL NHS FOUNDATION TRUST,C_160,Plastic Surgery Service,-,-,-,-,-,-,-,-
Y56,RP6,MOORFIELDS EYE HOSPITAL NHS FOUNDATION TRUST,C_170,Cardiothoracic Surgery Service,-,-,-,-,-,-,-,-
Y56,RP6,MOORFIELDS EYE HOSPITAL NHS FOUNDATION TRUST,C_300,General Internal Medicine Service,-,-,-,-,-,-,-,-
Y56,RP6,MOORFIELDS EYE HOSPITAL NHS FOUNDATION TRUST,C_301,Gastroenterology Service,-,-,-,-,-,-,-,-
Y56,RP6,MOORFIELDS EYE HOSPITAL NHS FOUNDATION TRUST,C_320,Cardiology Service,-,-,-,-,-,-,-,-
Y56,RP6,MOORFIELDS EYE HOSPITAL NHS FOUNDATION TRUST,C_330,Dermatology Service,-,-,-,-,-,-,-,-
Y56,RP6,MOORFIELDS EYE HOSPITAL NHS FOUNDATION TRUST,C_340,Respiratory Medicine Service,-,-,-,-,-,-,-,-
Y56,RP6,MOORFIELDS EYE HOSPITAL NHS FOUNDATION TRUST,C_400,Neurology Service,-,-,-,-,-,-,-,-
Y56,RP6,MOORFIELDS EYE HOSPITAL NHS FOUNDATION TRUST,C_410,Rheumatology Service,-,-,-,-,-,-,-,-
Y56,RP6,MOORFIELDS EYE HOSPITAL NHS FOUNDATION TRUST,C_430,Elderly Medicine Service,-,-,-,-,-,-,-,-
Y56,RP6,MOORFIELDS EYE HOSPITAL NHS FOUNDATION TRUST,C_502,Gynaecology Service,-,-,-,-,-,-,-,-
Y56,RP6,MOORFIELDS EYE HOSPITAL NHS FOUNDATION TRUST,X02,Other - Medical Services,-,-,-,-,-,-,-,-
Y56,RP6,MOORFIELDS EYE HOSPITAL NHS FOUNDATION TRUST,X03,Other - Mental Health Services,-,-,-,-,-,-,-,-
Y56,RP6,MOORFIELDS EYE HOSPITAL NHS FOUNDATION TRUST,X04,Other - Paediatric Services,-,-,-,-,-,-,-,-
Y56,RP6,MOORFIELDS EYE HOSPITAL NHS FOUNDATION TRUST,X05,Other - Surgical Services,-,-,-,-,-,-,-,-
Y56,RP6,MOORFIELDS EYE HOSPITAL NHS FOUNDATION TRUST,X06,Other - Other Services,-,-,-,-,-,-,-,-
Y56,RPG,OXLEAS NHS FOUNDATION TRUST,C_100,General Surgery Service,-,-,-,-,-,-,-,-
Y56,RPG,OXLEAS NHS FOUNDATION TRUST,C_101,Urology Service,-,-,-,-,-,-,-,-
Y56,RPG,OXLEAS NHS FOUNDATION TRUST,C_110,Trauma and Orthopaedic Service,-,-,-,-,-,-,-,-
Y56,RPG,OXLEAS NHS FOUNDATION TRUST,C_120,Ear Nose and Throat Service,-,-,-,-,-,-,-,-
Y56,RPG,OXLEAS NHS FOUNDATION TRUST,C_130,Ophthalmology Service,-,-,-,-,-,-,-,-
Y56,RPG,OXLEAS NHS FOUNDATION TRUST,C_140,Oral Surgery Service,-,-,-,-,-,-,-,-
Y56,RPG,OXLEAS NHS FOUNDATION TRUST,C_150,Neurosurgical Service,-,-,-,-,-,-,-,-
Y56,RPG,OXLEAS NHS FOUNDATION TRUST,C_160,Plastic Surgery Service,-,-,-,-,-,-,-,-
Y56,RPG,OXLEAS NHS FOUNDATION TRUST,C_170,Cardiothoracic Surgery Service,-,-,-,-,-,-,-,-
Y56,RPG,OXLEAS NHS FOUNDATION TRUST,C_300,General Internal Medicine Service,-,-,-,-,-,-,-,-
Y56,RPG,OXLEAS NHS FOUNDATION TRUST,C_301,Gastroenterology Service,-,-,-,-,-,-,-,-
Y56,RPG,OXLEAS NHS FOUNDATION TRUST,C_320,Cardiology Service,-,-,-,-,-,-,-,-
Y56,RPG,OXLEAS NHS FOUNDATION TRUST,C_330,Dermatology Service,-,-,-,-,-,-,-,-
Y56,RPG,OXLEAS NHS FOUNDATION TRUST,C_340,Respiratory Medicine Service,-,-,-,-,-,-,-,-
Y56,RPG,OXLEAS NHS FOUNDATION TRUST,C_400,Neurology Service,-,-,-,-,-,-,-,-
Y56,RPG,OXLEAS NHS FOUNDATION TRUST,C_410,Rheumatology Service,-,-,-,-,-,-,-,-
Y56,RPG,OXLEAS NHS FOUNDATION TRUST,C_430,Elderly Medicine Service,-,-,-,-,-,-,-,-
Y56,RPG,OXLEAS NHS FOUNDATION TRUST,C_502,Gynaecology Service,-,-,-,-,-,-,-,-
Y56,RPG,OXLEAS NHS FOUNDATION TRUST,X02,Other - Medical Services,-,-,-,-,-,-,-,-
Y56,RPG,OXLEAS NHS FOUNDATION TRUST,X03,Other - Mental Health Services,-,-,-,-,-,-,-,-
Y56,RPG,OXLEAS NHS FOUNDATION TRUST,X04,Other - Paediatric Services,-,-,-,-,-,-,-,-
Y56,RPG,OXLEAS NHS FOUNDATION TRUST,X05,Other - Surgical Services,-,-,-,-,-,-,-,-
Y56,RPG,OXLEAS NHS FOUNDATION TRUST,X06,Other - Other Services,"1,975","1,195",60.50%,12.7,38.6,-,-,-
Y56,RPY,THE ROYAL MARSDEN NHS FOUNDATION TRUST,C_100,General Surgery Service,112,100,89.30%,6,20.3,-,-,-
Y56,RPY,THE ROYAL MARSDEN NHS FOUNDATION TRUST,C_101,Urology Service,97,93,95.90%,2.9,13.1,-,-,-
Y56,RPY,THE ROYAL MARSDEN NHS FOUNDATION TRUST,C_110,Trauma and Orthopaedic Service,-,-,-,-,-,-,-,-
Y56,RPY,THE ROYAL MARSDEN NHS FOUNDATION TRUST,C_120,Ear Nose and Throat Service,-,-,-,-,-,-,-,-
Y56,RPY,THE ROYAL MARSDEN NHS FOUNDATION TRUST,C_130,Ophthalmology Service,-,-,-,-,-,-,-,-
Y56,RPY,THE ROYAL MARSDEN NHS FOUNDATION TRUST,C_140,Oral Surgery Service,91,83,91.20%,8.2,18.4,-,-,-
Y56,RPY,THE ROYAL MARSDEN NHS FOUNDATION TRUST,C_150,Neurosurgical Service,-,-,-,-,-,-,-,-
Y56,RPY,THE ROYAL MARSDEN NHS FOUNDATION TRUST,C_160,Plastic Surgery Service,44,34,77.30%,8,31.5,2,1,1
Y56,RPY,THE ROYAL MARSDEN NHS FOUNDATION TRUST,C_170,Cardiothoracic Surgery Service,-,-,-,-,-,-,-,-
Y56,RPY,THE ROYAL MARSDEN NHS FOUNDATION TRUST,C_300,General Internal Medicine Service,-,-,-,-,-,-,-,-
Y56,RPY,THE ROYAL MARSDEN NHS FOUNDATION TRUST,C_301,Gastroenterology Service,32,30,93.80%,6.7,15.4,-,-,-
Y56,RPY,THE ROYAL MARSDEN NHS FOUNDATION TRUST,C_320,Cardiology Service,4,4,100.00%,-,-,-,-,-
Y56,RPY,THE ROYAL MARSDEN NHS FOUNDATION TRUST,C_330,Dermatology Service,14,9,64.30%,-,-,-,-,-
Y56,RPY,THE ROYAL MARSDEN NHS FOUNDATION TRUST,C_340,Respiratory Medicine Service,-,-,-,-,-,-,-,-
Y56,RPY,THE ROYAL MARSDEN NHS FOUNDATION TRUST,C_400,Neurology Service,-,-,-,-,-,-,-,-
Y56,RPY,THE ROYAL MARSDEN NHS FOUNDATION TRUST,C_410,Rheumatology Service,-,-,-,-,-,-,-,-
Y56,RPY,THE ROYAL MARSDEN NHS FOUNDATION TRUST,C_430,Elderly Medicine Service,-,-,-,-,-,-,-,-
Y56,RPY,THE ROYAL MARSDEN NHS FOUNDATION TRUST,C_502,Gynaecology Service,-,-,-,-,-,-,-,-
Y56,RPY,THE ROYAL MARSDEN NHS FOUNDATION TRUST,X02,Other - Medical Services,522,500,95.80%,3.9,14.3,-,-,-
Y56,RPY,THE ROYAL MARSDEN NHS FOUNDATION TRUST,X03,Other - Mental Health Services,-,-,-,-,-,-,-,-
Y56,RPY,THE ROYAL MARSDEN NHS FOUNDATION TRUST,X04,Other - Paediatric Services,14,14,100.00%,-,-,-,-,-
Y56,RPY,THE ROYAL MARSDEN NHS FOUNDATION TRUST,X05,Other - Surgical Services,584,556,95.20%,2,15.2,1,-,-
Y56,RPY,THE ROYAL MARSDEN NHS FOUNDATION TRUST,X06,Other - Other Services,359,336,93.60%,5.3,16.6,-,-,-
Y56,RQM,CHELSEA AND WESTMINSTER HOSPITAL NHS FOUNDATION TRUST,C_100,General Surgery Service,"4,119","1,891",45.90%,20,51.7,321,29,104
Y56,RQM,CHELSEA AND WESTMINSTER HOSPITAL NHS FOUNDATION TRUST,C_101,Urology Service,"4,963","3,130",63.10%,13.5,36.4,40,4,14
Y56,RQM,CHELSEA AND WESTMINSTER HOSPITAL NHS FOUNDATION TRUST,C_110,Trauma and Orthopaedic Service,"5,031","2,351",46.70%,19.6,55.8,540,71,220
Y56,RQM,CHELSEA AND WESTMINSTER HOSPITAL NHS FOUNDATION TRUST,C_120,Ear Nose and Throat Service,"4,005","2,359",58.90%,14.5,40.6,82,-,5
Y56,RQM,CHELSEA AND WESTMINSTER HOSPITAL NHS FOUNDATION TRUST,C_130,Ophthalmology Service,"1,393",908,65.20%,12.1,39.8,13,-,3
Y56,RQM,CHELSEA AND WESTMINSTER HOSPITAL NHS FOUNDATION TRUST,C_140,Oral Surgery Service,706,489,69.30%,11.6,35.6,6,-,1
Y56,RQM,CHELSEA AND WESTMINSTER HOSPITAL NHS FOUNDATION TRUST,C_150,Neurosurgical Service,-,-,-,-,-,-,-,-
Y56,RQM,CHELSEA AND WESTMINSTER HOSPITAL NHS FOUNDATION TRUST,C_160,Plastic Surgery Service,"2,450",921,37.60%,23.9,51.9,193,22,78
Y56,RQM,CHELSEA AND WESTMINSTER HOSPITAL NHS FOUNDATION TRUST,C_170,Cardiothoracic Surgery Service,-,-,-,-,-,-,-,-
Y56,RQM,CHELSEA AND WESTMINSTER HOSPITAL NHS FOUNDATION TRUST,C_300,General Internal Medicine Service,23,20,87.00%,5.8,31.1,-,-,-
Y56,RQM,CHELSEA AND WESTMINSTER HOSPITAL NHS FOUNDATION TRUST,C_301,Gastroenterology Service,"1,484","1,064",71.70%,11.4,28.5,-,-,-
Y56,RQM,CHELSEA AND WESTMINSTER HOSPITAL NHS FOUNDATION TRUST,C_320,Cardiology Service,"1,468","1,233",84.00%,8,26.1,-,-,-
Y56,RQM,CHELSEA AND WESTMINSTER HOSPITAL NHS FOUNDATION TRUST,C_330,Dermatology Service,"5,374","3,259",60.60%,13.9,35,15,1,6
Y56,RQM,CHELSEA AND WESTMINSTER HOSPITAL NHS FOUNDATION TRUST,C_340,Respiratory Medicine Service,"1,808","1,066",59.00%,12.8,42.3,2,-,-
Y56,RQM,CHELSEA AND WESTMINSTER HOSPITAL NHS FOUNDATION TRUST,C_400,Neurology Service,"2,773","1,457",52.50%,16.8,34.8,-,-,-
Y56,RQM,CHELSEA AND WESTMINSTER HOSPITAL NHS FOUNDATION TRUST,C_410,Rheumatology Service,"1,350",653,48.40%,18.7,43.8,1,-,-
Y56,RQM,CHELSEA AND WESTMINSTER HOSPITAL NHS FOUNDATION TRUST,C_430,Elderly Medicine Service,235,156,66.40%,12.7,32.1,-,-,-
Y56,RQM,CHELSEA AND WESTMINSTER HOSPITAL NHS FOUNDATION TRUST,C_502,Gynaecology Service,"4,632","3,807",82.20%,8.5,26.2,5,2,4
Y56,RQM,CHELSEA AND WESTMINSTER HOSPITAL NHS FOUNDATION TRUST,X02,Other - Medical Services,"1,562",962,61.60%,12.9,41.8,16,-,1
Y56,RQM,CHELSEA AND WESTMINSTER HOSPITAL NHS FOUNDATION TRUST,X03,Other - Mental Health Services,1,1,100.00%,-,-,-,-,-
Y56,RQM,CHELSEA AND WESTMINSTER HOSPITAL NHS FOUNDATION TRUST,X04,Other - Paediatric Services,"7,826","4,313",55.10%,15.8,42.5,170,4,25
Y56,RQM,CHELSEA AND WESTMINSTER HOSPITAL NHS FOUNDATION TRUST,X05,Other - Surgical Services,"5,108","2,681",52.50%,16.7,45.8,165,16,53
Y56,RQM,CHELSEA AND WESTMINSTER HOSPITAL NHS FOUNDATION TRUST,X06,Other - Other Services,"4,825","3,047",63.20%,12.6,36.6,27,-,1
Y56,RQX,HOMERTON HEALTHCARE NHS FOUNDATION TRUST,C_100,General Surgery Service,"4,929","3,169",64.30%,12.5,37,40,-,3
Y56,RQX,HOMERTON HEALTHCARE NHS FOUNDATION TRUST,C_101,Urology Service,"2,174","1,599",73.60%,10.1,31.2,3,-,-
Y56,RQX,HOMERTON HEALTHCARE NHS FOUNDATION TRUST,C_110,Trauma and Orthopaedic Service,"2,244","1,359",60.60%,13.5,36.9,18,-,3
Y56,RQX,HOMERTON HEALTHCARE NHS FOUNDATION TRUST,C_120,Ear Nose and Throat Service,"2,759","1,885",68.30%,12.6,31.1,21,-,2
Y56,RQX,HOMERTON HEALTHCARE NHS FOUNDATION TRUST,C_130,Ophthalmology Service,21,19,90.50%,0.8,18.3,-,-,-
Y56,RQX,HOMERTON HEALTHCARE NHS FOUNDATION TRUST,C_140,Oral Surgery Service,"2,380","1,935",81.30%,9.2,26.1,6,-,1
Y56,RQX,HOMERTON HEALTHCARE NHS FOUNDATION TRUST,C_150,Neurosurgical Service,-,-,-,-,-,-,-,-
Y56,RQX,HOMERTON HEALTHCARE NHS FOUNDATION TRUST,C_160,Plastic Surgery Service,485,210,43.30%,20.6,38.9,1,-,-
Y56,RQX,HOMERTON HEALTHCARE NHS FOUNDATION TRUST,C_170,Cardiothoracic Surgery Service,-,-,-,-,-,-,-,-
Y56,RQX,HOMERTON HEALTHCARE NHS FOUNDATION TRUST,C_300,General Internal Medicine Service,245,226,92.20%,6.8,17.9,-,-,-
Y56,RQX,HOMERTON HEALTHCARE NHS FOUNDATION TRUST,C_301,Gastroenterology Service,"1,083",895,82.60%,8.9,23.8,-,-,-
Y56,RQX,HOMERTON HEALTHCARE NHS FOUNDATION TRUST,C_320,Cardiology Service,987,869,88.00%,7.9,21.1,-,-,-
Y56,RQX,HOMERTON HEALTHCARE NHS FOUNDATION TRUST,C_330,Dermatology Service,"1,326",910,68.60%,12.1,27.7,-,-,-
Y56,RQX,HOMERTON HEALTHCARE NHS FOUNDATION TRUST,C_340,Respiratory Medicine Service,"1,070",944,88.20%,8.3,19.7,-,-,-
Y56,RQX,HOMERTON HEALTHCARE NHS FOUNDATION TRUST,C_400,Neurology Service,694,662,95.40%,5.6,15,-,-,-
Y56,RQX,HOMERTON HEALTHCARE NHS FOUNDATION TRUST,C_410,Rheumatology Service,167,159,95.20%,4.4,15.9,-,-,-
Y56,RQX,HOMERTON HEALTHCARE NHS FOUNDATION TRUST,C_430,Elderly Medicine Service,224,205,91.50%,9.3,18.2,-,-,-
Y56,RQX,HOMERTON HEALTHCARE NHS FOUNDATION TRUST,C_502,Gynaecology Service,"3,794","2,819",74.30%,9.9,37.4,89,-,15
Y56,RQX,HOMERTON HEALTHCARE NHS FOUNDATION TRUST,X02,Other - Medical Services,"3,335","2,607",78.20%,9.8,27.3,3,-,-
Y56,RQX,HOMERTON HEALTHCARE NHS FOUNDATION TRUST,X03,Other - Mental Health Services,-,-,-,-,-,-,-,-
Y56,RQX,HOMERTON HEALTHCARE NHS FOUNDATION TRUST,X04,Other - Paediatric Services,"2,675","1,924",71.90%,10,35.6,23,-,-
Y56,RQX,HOMERTON HEALTHCARE NHS FOUNDATION TRUST,X05,Other - Surgical Services,237,228,96.20%,1.5,11.3,1,-,-
Y56,RQX,HOMERTON HEALTHCARE NHS FOUNDATION TRUST,X06,Other - Other Services,228,134,58.80%,13.3,43.3,-,-,-
Y56,RQY,SOUTH WEST LONDON AND ST GEORGE'S MENTAL HEALTH NHS TRUST,C_100,General Surgery Service,-,-,-,-,-,-,-,-
Y56,RQY,SOUTH WEST LONDON AND ST GEORGE'S MENTAL HEALTH NHS TRUST,C_101,Urology Service,-,-,-,-,-,-,-,-
Y56,RQY,SOUTH WEST LONDON AND ST GEORGE'S MENTAL HEALTH NHS TRUST,C_110,Trauma and Orthopaedic Service,-,-,-,-,-,-,-,-
Y56,RQY,SOUTH WEST LONDON AND ST GEORGE'S MENTAL HEALTH NHS TRUST,C_120,Ear Nose and Throat Service,-,-,-,-,-,-,-,-
Y56,RQY,SOUTH WEST LONDON AND ST GEORGE'S MENTAL HEALTH NHS TRUST,C_130,Ophthalmology Service,-,-,-,-,-,-,-,-
Y56,RQY,SOUTH WEST LONDON AND ST GEORGE'S MENTAL HEALTH NHS TRUST,C_140,Oral Surgery Service,-,-,-,-,-,-,-,-
Y56,RQY,SOUTH WEST LONDON AND ST GEORGE'S MENTAL HEALTH NHS TRUST,C_150,Neurosurgical Service,-,-,-,-,-,-,-,-
Y56,RQY,SOUTH WEST LONDON AND ST GEORGE'S MENTAL HEALTH NHS TRUST,C_160,Plastic Surgery Service,-,-,-,-,-,-,-,-
Y56,RQY,SOUTH WEST LONDON AND ST GEORGE'S MENTAL HEALTH NHS TRUST,C_170,Cardiothoracic Surgery Service,-,-,-,-,-,-,-,-
Y56,RQY,SOUTH WEST LONDON AND ST GEORGE'S MENTAL HEALTH NHS TRUST,C_300,General Internal Medicine Service,-,-,-,-,-,-,-,-
Y56,RQY,SOUTH WEST LONDON AND ST GEORGE'S MENTAL HEALTH NHS TRUST,C_301,Gastroenterology Service,-,-,-,-,-,-,-,-
Y56,RQY,SOUTH WEST LONDON AND ST GEORGE'S MENTAL HEALTH NHS TRUST,C_320,Cardiology Service,-,-,-,-,-,-,-,-
Y56,RQY,SOUTH WEST LONDON AND ST GEORGE'S MENTAL HEALTH NHS TRUST,C_330,Dermatology Service,-,-,-,-,-,-,-,-
Y56,RQY,SOUTH WEST LONDON AND ST GEORGE'S MENTAL HEALTH NHS TRUST,C_340,Respiratory Medicine Service,-,-,-,-,-,-,-,-
Y56,RQY,SOUTH WEST LONDON AND ST GEORGE'S MENTAL HEALTH NHS TRUST,C_400,Neurology Service,-,-,-,-,-,-,-,-
Y56,RQY,SOUTH WEST LONDON AND ST GEORGE'S MENTAL HEALTH NHS TRUST,C_410,Rheumatology Service,-,-,-,-,-,-,-,-
Y56,RQY,SOUTH WEST LONDON AND ST GEORGE'S MENTAL HEALTH NHS TRUST,C_430,Elderly Medicine Service,-,-,-,-,-,-,-,-
Y56,RQY,SOUTH WEST LONDON AND ST GEORGE'S MENTAL HEALTH NHS TRUST,C_502,Gynaecology Service,-,-,-,-,-,-,-,-
Y56,RQY,SOUTH WEST LONDON AND ST GEORGE'S MENTAL HEALTH NHS TRUST,X02,Other - Medical Services,-,-,-,-,-,-,-,-
Y56,RQY,SOUTH WEST LONDON AND ST GEORGE'S MENTAL HEALTH NHS TRUST,X03,Other - Mental Health Services,"7,469","4,778",64.00%,11,59,770,159,455
Y56,RQY,SOUTH WEST LONDON AND ST GEORGE'S MENTAL HEALTH NHS TRUST,X04,Other - Paediatric Services,-,-,-,-,-,-,-,-
Y56,RQY,SOUTH WEST LONDON AND ST GEORGE'S MENTAL HEALTH NHS TRUST,X05,Other - Surgical Services,-,-,-,-,-,-,-,-
Y56,RQY,SOUTH WEST LONDON AND ST GEORGE'S MENTAL HEALTH NHS TRUST,X06,Other - Other Services,-,-,-,-,-,-,-,-
Y56,RRV,UNIVERSITY COLLEGE LONDON HOSPITALS NHS FOUNDATION TRUST,C_100,General Surgery Service,145,89,61.40%,15.5,42.4,-,-,-
Y56,RRV,UNIVERSITY COLLEGE LONDON HOSPITALS NHS FOUNDATION TRUST,C_101,Urology Service,"5,376","2,614",48.60%,18.7,45.4,138,1,24
Y56,RRV,UNIVERSITY COLLEGE LONDON HOSPITALS NHS FOUNDATION TRUST,C_110,Trauma and Orthopaedic Service,"4,478","2,641",59.00%,14.7,37.9,55,-,6
Y56,RRV,UNIVERSITY COLLEGE LONDON HOSPITALS NHS FOUNDATION TRUST,C_120,Ear Nose and Throat Service,"8,256","4,016",48.60%,18.7,44.4,226,1,33
Y56,RRV,UNIVERSITY COLLEGE LONDON HOSPITALS NHS FOUNDATION TRUST,C_130,Ophthalmology Service,-,-,-,-,-,-,-,-
Y56,RRV,UNIVERSITY COLLEGE LONDON HOSPITALS NHS FOUNDATION TRUST,C_140,Oral Surgery Service,"3,101","2,232",72.00%,11.4,33.9,71,4,22
Y56,RRV,UNIVERSITY COLLEGE LONDON HOSPITALS NHS FOUNDATION TRUST,C_150,Neurosurgical Service,"3,300","1,916",58.10%,14.6,45.9,161,3,31
Y56,RRV,UNIVERSITY COLLEGE LONDON HOSPITALS NHS FOUNDATION TRUST,C_160,Plastic Surgery Service,-,-,-,-,-,-,-,-
Y56,RRV,UNIVERSITY COLLEGE LONDON HOSPITALS NHS FOUNDATION TRUST,C_170,Cardiothoracic Surgery Service,76,71,93.40%,3.6,14.5,-,-,-
Y56,RRV,UNIVERSITY COLLEGE LONDON HOSPITALS NHS FOUNDATION TRUST,C_300,General Internal Medicine Service,"2,194","1,792",81.70%,8.9,24.6,2,-,-
Y56,RRV,UNIVERSITY COLLEGE LONDON HOSPITALS NHS FOUNDATION TRUST,C_301,Gastroenterology Service,"2,757","2,230",80.90%,9.9,27.6,7,-,1
Y56,RRV,UNIVERSITY COLLEGE LONDON HOSPITALS NHS FOUNDATION TRUST,C_320,Cardiology Service,"1,087",702,64.60%,13.8,37,21,-,3
Y56,RRV,UNIVERSITY COLLEGE LONDON HOSPITALS NHS FOUNDATION TRUST,C_330,Dermatology Service,"3,654","1,376",37.70%,24,55.8,401,23,157
Y56,RRV,UNIVERSITY COLLEGE LONDON HOSPITALS NHS FOUNDATION TRUST,C_340,Respiratory Medicine Service,737,569,77.20%,8.9,32.8,6,-,3
Y56,RRV,UNIVERSITY COLLEGE LONDON HOSPITALS NHS FOUNDATION TRUST,C_400,Neurology Service,"5,201","3,199",61.50%,14,36.1,63,-,6
Y56,RRV,UNIVERSITY COLLEGE LONDON HOSPITALS NHS FOUNDATION TRUST,C_410,Rheumatology Service,"1,563",781,50.00%,18,40.9,46,-,6
Y56,RRV,UNIVERSITY COLLEGE LONDON HOSPITALS NHS FOUNDATION TRUST,C_430,Elderly Medicine Service,72,71,98.60%,6,11.2,-,-,-
Y56,RRV,UNIVERSITY COLLEGE LONDON HOSPITALS NHS FOUNDATION TRUST,C_502,Gynaecology Service,"5,184","2,667",51.40%,17.3,49.4,297,2,67
Y56,RRV,UNIVERSITY COLLEGE LONDON HOSPITALS NHS FOUNDATION TRUST,X02,Other - Medical Services,"10,585","5,757",54.40%,16,43.2,198,1,15
Y56,RRV,UNIVERSITY COLLEGE LONDON HOSPITALS NHS FOUNDATION TRUST,X03,Other - Mental Health Services,444,359,80.90%,8.4,27.1,-,-,-
Y56,RRV,UNIVERSITY COLLEGE LONDON HOSPITALS NHS FOUNDATION TRUST,X04,Other - Paediatric Services,"5,397","2,884",53.40%,16.4,45,173,2,30
Y56,RRV,UNIVERSITY COLLEGE LONDON HOSPITALS NHS FOUNDATION TRUST,X05,Other - Surgical Services,"6,985","4,450",63.70%,13.4,35.6,89,1,17
Y56,RRV,UNIVERSITY COLLEGE LONDON HOSPITALS NHS FOUNDATION TRUST,X06,Other - Other Services,966,740,76.60%,7.8,34.2,17,1,8
Y56,RV3,CENTRAL AND NORTH WEST LONDON NHS FOUNDATION TRUST,C_100,General Surgery Service,-,-,-,-,-,-,-,-
Y56,RV3,CENTRAL AND NORTH WEST LONDON NHS FOUNDATION TRUST,C_101,Urology Service,-,-,-,-,-,-,-,-
Y56,RV3,CENTRAL AND NORTH WEST LONDON NHS FOUNDATION TRUST,C_110,Trauma and Orthopaedic Service,-,-,-,-,-,-,-,-
Y56,RV3,CENTRAL AND NORTH WEST LONDON NHS FOUNDATION TRUST,C_120,Ear Nose and Throat Service,-,-,-,-,-,-,-,-
Y56,RV3,CENTRAL AND NORTH WEST LONDON NHS FOUNDATION TRUST,C_130,Ophthalmology Service,-,-,-,-,-,-,-,-
Y56,RV3,CENTRAL AND NORTH WEST LONDON NHS FOUNDATION TRUST,C_140,Oral Surgery Service,-,-,-,-,-,-,-,-
Y56,RV3,CENTRAL AND NORTH WEST LONDON NHS FOUNDATION TRUST,C_150,Neurosurgical Service,-,-,-,-,-,-,-,-
Y56,RV3,CENTRAL AND NORTH WEST LONDON NHS FOUNDATION TRUST,C_160,Plastic Surgery Service,-,-,-,-,-,-,-,-
Y56,RV3,CENTRAL AND NORTH WEST LONDON NHS FOUNDATION TRUST,C_170,Cardiothoracic Surgery Service,-,-,-,-,-,-,-,-
Y56,RV3,CENTRAL AND NORTH WEST LONDON NHS FOUNDATION TRUST,C_300,General Internal Medicine Service,-,-,-,-,-,-,-,-
Y56,RV3,CENTRAL AND NORTH WEST LONDON NHS FOUNDATION TRUST,C_301,Gastroenterology Service,-,-,-,-,-,-,-,-
Y56,RV3,CENTRAL AND NORTH WEST LONDON NHS FOUNDATION TRUST,C_320,Cardiology Service,-,-,-,-,-,-,-,-
Y56,RV3,CENTRAL AND NORTH WEST LONDON NHS FOUNDATION TRUST,C_330,Dermatology Service,-,-,-,-,-,-,-,-
Y56,RV3,CENTRAL AND NORTH WEST LONDON NHS FOUNDATION TRUST,C_340,Respiratory Medicine Service,-,-,-,-,-,-,-,-
Y56,RV3,CENTRAL AND NORTH WEST LONDON NHS FOUNDATION TRUST,C_400,Neurology Service,-,-,-,-,-,-,-,-
Y56,RV3,CENTRAL AND NORTH WEST LONDON NHS FOUNDATION TRUST,C_410,Rheumatology Service,-,-,-,-,-,-,-,-
Y56,RV3,CENTRAL AND NORTH WEST LONDON NHS FOUNDATION TRUST,C_430,Elderly Medicine Service,-,-,-,-,-,-,-,-
Y56,RV3,CENTRAL AND NORTH WEST LONDON NHS FOUNDATION TRUST,C_502,Gynaecology Service,-,-,-,-,-,-,-,-
Y56,RV3,CENTRAL AND NORTH WEST LONDON NHS FOUNDATION TRUST,X02,Other - Medical Services,-,-,-,-,-,-,-,-
Y56,RV3,CENTRAL AND NORTH WEST LONDON NHS FOUNDATION TRUST,X03,Other - Mental Health Services,-,-,-,-,-,-,-,-
Y56,RV3,CENTRAL AND NORTH WEST LONDON NHS FOUNDATION TRUST,X04,Other - Paediatric Services,"1,137",712,62.60%,12.5,34.8,1,-,1
Y56,RV3,CENTRAL AND NORTH WEST LONDON NHS FOUNDATION TRUST,X05,Other - Surgical Services,-,-,-,-,-,-,-,-
Y56,RV3,CENTRAL AND NORTH WEST LONDON NHS FOUNDATION TRUST,X06,Other - Other Services,-,-,-,-,-,-,-,-
Y56,RVR,EPSOM AND ST HELIER UNIVERSITY HOSPITALS NHS TRUST,C_100,General Surgery Service,"3,831","2,494",65.10%,13.2,31.5,38,2,9
Y56,RVR,EPSOM AND ST HELIER UNIVERSITY HOSPITALS NHS TRUST,C_101,Urology Service,"2,194","1,557",71.00%,11.7,29.7,14,-,2
Y56,RVR,EPSOM AND ST HELIER UNIVERSITY HOSPITALS NHS TRUST,C_110,Trauma and Orthopaedic Service,"6,167","3,923",63.60%,12.7,36.2,56,2,11
Y56,RVR,EPSOM AND ST HELIER UNIVERSITY HOSPITALS NHS TRUST,C_120,Ear Nose and Throat Service,"2,189","1,668",76.20%,9.7,30.6,9,-,1
Y56,RVR,EPSOM AND ST HELIER UNIVERSITY HOSPITALS NHS TRUST,C_130,Ophthalmology Service,"2,773","2,391",86.20%,8.2,21.4,-,-,-
Y56,RVR,EPSOM AND ST HELIER UNIVERSITY HOSPITALS NHS TRUST,C_140,Oral Surgery Service,"1,229","1,004",81.70%,9.5,26.5,1,-,-
Y56,RVR,EPSOM AND ST HELIER UNIVERSITY HOSPITALS NHS TRUST,C_150,Neurosurgical Service,-,-,-,-,-,-,-,-
Y56,RVR,EPSOM AND ST HELIER UNIVERSITY HOSPITALS NHS TRUST,C_160,Plastic Surgery Service,120,59,49.20%,18.5,35.4,1,-,-
Y56,RVR,EPSOM AND ST HELIER UNIVERSITY HOSPITALS NHS TRUST,C_170,Cardiothoracic Surgery Service,-,-,-,-,-,-,-,-
Y56,RVR,EPSOM AND ST HELIER UNIVERSITY HOSPITALS NHS TRUST,C_300,General Internal Medicine Service,184,117,63.60%,12,35.3,2,-,2
Y56,RVR,EPSOM AND ST HELIER UNIVERSITY HOSPITALS NHS TRUST,C_301,Gastroenterology Service,"2,825","1,966",69.60%,10.8,36.6,35,1,8
Y56,RVR,EPSOM AND ST HELIER UNIVERSITY HOSPITALS NHS TRUST,C_320,Cardiology Service,"3,046","1,551",50.90%,17.6,39.3,82,5,28
Y56,RVR,EPSOM AND ST HELIER UNIVERSITY HOSPITALS NHS TRUST,C_330,Dermatology Service,"3,237","1,907",58.90%,14.8,32.8,30,1,6
Y56,RVR,EPSOM AND ST HELIER UNIVERSITY HOSPITALS NHS TRUST,C_340,Respiratory Medicine Service,"1,214",747,61.50%,12.9,41.1,19,-,4
Y56,RVR,EPSOM AND ST HELIER UNIVERSITY HOSPITALS NHS TRUST,C_400,Neurology Service,"1,132",916,80.90%,9.1,28.6,4,-,1
Y56,RVR,EPSOM AND ST HELIER UNIVERSITY HOSPITALS NHS TRUST,C_410,Rheumatology Service,585,395,67.50%,10.7,36.7,7,-,-
Y56,RVR,EPSOM AND ST HELIER UNIVERSITY HOSPITALS NHS TRUST,C_430,Elderly Medicine Service,128,91,71.10%,13.8,39.8,6,-,2
Y56,RVR,EPSOM AND ST HELIER UNIVERSITY HOSPITALS NHS TRUST,C_502,Gynaecology Service,"6,251","3,141",50.20%,17.9,46.4,290,14,82
Y56,RVR,EPSOM AND ST HELIER UNIVERSITY HOSPITALS NHS TRUST,X02,Other - Medical Services,"4,892","3,813",77.90%,9.3,29.7,35,1,5
Y56,RVR,EPSOM AND ST HELIER UNIVERSITY HOSPITALS NHS TRUST,X03,Other - Mental Health Services,-,-,-,-,-,-,-,-
Y56,RVR,EPSOM AND ST HELIER UNIVERSITY HOSPITALS NHS TRUST,X04,Other - Paediatric Services,"4,788","3,014",62.90%,12.7,45.6,221,1,65
Y56,RVR,EPSOM AND ST HELIER UNIVERSITY HOSPITALS NHS TRUST,X05,Other - Surgical Services,794,498,62.70%,13.5,32.3,5,-,3
Y56,RVR,EPSOM AND ST HELIER UNIVERSITY HOSPITALS NHS TRUST,X06,Other - Other Services,700,641,91.60%,5.9,18.4,1,-,-
Y56,RY9,HOUNSLOW AND RICHMOND COMMUNITY HEALTHCARE NHS TRUST,C_100,General Surgery Service,-,-,-,-,-,-,-,-
Y56,RY9,HOUNSLOW AND RICHMOND COMMUNITY HEALTHCARE NHS TRUST,C_101,Urology Service,-,-,-,-,-,-,-,-
Y56,RY9,HOUNSLOW AND RICHMOND COMMUNITY HEALTHCARE NHS TRUST,C_110,Trauma and Orthopaedic Service,-,-,-,-,-,-,-,-
Y56,RY9,HOUNSLOW AND RICHMOND COMMUNITY HEALTHCARE NHS TRUST,C_120,Ear Nose and Throat Service,-,-,-,-,-,-,-,-
Y56,RY9,HOUNSLOW AND RICHMOND COMMUNITY HEALTHCARE NHS TRUST,C_130,Ophthalmology Service,-,-,-,-,-,-,-,-
Y56,RY9,HOUNSLOW AND RICHMOND COMMUNITY HEALTHCARE NHS TRUST,C_140,Oral Surgery Service,-,-,-,-,-,-,-,-
Y56,RY9,HOUNSLOW AND RICHMOND COMMUNITY HEALTHCARE NHS TRUST,C_150,Neurosurgical Service,-,-,-,-,-,-,-,-
Y56,RY9,HOUNSLOW AND RICHMOND COMMUNITY HEALTHCARE NHS TRUST,C_160,Plastic Surgery Service,-,-,-,-,-,-,-,-
Y56,RY9,HOUNSLOW AND RICHMOND COMMUNITY HEALTHCARE NHS TRUST,C_170,Cardiothoracic Surgery Service,-,-,-,-,-,-,-,-
Y56,RY9,HOUNSLOW AND RICHMOND COMMUNITY HEALTHCARE NHS TRUST,C_300,General Internal Medicine Service,-,-,-,-,-,-,-,-
Y56,RY9,HOUNSLOW AND RICHMOND COMMUNITY HEALTHCARE NHS TRUST,C_301,Gastroenterology Service,-,-,-,-,-,-,-,-
Y56,RY9,HOUNSLOW AND RICHMOND COMMUNITY HEALTHCARE NHS TRUST,C_320,Cardiology Service,-,-,-,-,-,-,-,-
Y56,RY9,HOUNSLOW AND RICHMOND COMMUNITY HEALTHCARE NHS TRUST,C_330,Dermatology Service,-,-,-,-,-,-,-,-
Y56,RY9,HOUNSLOW AND RICHMOND COMMUNITY HEALTHCARE NHS TRUST,C_340,Respiratory Medicine Service,-,-,-,-,-,-,-,-
Y56,RY9,HOUNSLOW AND RICHMOND COMMUNITY HEALTHCARE NHS TRUST,C_400,Neurology Service,-,-,-,-,-,-,-,-
Y56,RY9,HOUNSLOW AND RICHMOND COMMUNITY HEALTHCARE NHS TRUST,C_410,Rheumatology Service,-,-,-,-,-,-,-,-
Y56,RY9,HOUNSLOW AND RICHMOND COMMUNITY HEALTHCARE NHS TRUST,C_430,Elderly Medicine Service,-,-,-,-,-,-,-,-
Y56,RY9,HOUNSLOW AND RICHMOND COMMUNITY HEALTHCARE NHS TRUST,C_502,Gynaecology Service,-,-,-,-,-,-,-,-
Y56,RY9,HOUNSLOW AND RICHMOND COMMUNITY HEALTHCARE NHS TRUST,X02,Other - Medical Services,-,-,-,-,-,-,-,-
Y56,RY9,HOUNSLOW AND RICHMOND COMMUNITY HEALTHCARE NHS TRUST,X03,Other - Mental Health Services,-,-,-,-,-,-,-,-
Y56,RY9,HOUNSLOW AND RICHMOND COMMUNITY HEALTHCARE NHS TRUST,X04,Other - Paediatric Services,434,420,96.80%,6.8,15.9,-,-,-
Y56,RY9,HOUNSLOW AND RICHMOND COMMUNITY HEALTHCARE NHS TRUST,X05,Other - Surgical Services,-,-,-,-,-,-,-,-
Y56,RY9,HOUNSLOW AND RICHMOND COMMUNITY HEALTHCARE NHS TRUST,X06,Other - Other Services,-,-,-,-,-,-,-,-
Y56,RYJ,IMPERIAL COLLEGE HEALTHCARE NHS TRUST,C_100,General Surgery Service,"3,069","1,001",32.60%,29.4,63.9,599,15,219
Y56,RYJ,IMPERIAL COLLEGE HEALTHCARE NHS TRUST,C_101,Urology Service,"3,274","1,880",57.40%,15.5,47.5,170,8,56
Y56,RYJ,IMPERIAL COLLEGE HEALTHCARE NHS TRUST,C_110,Trauma and Orthopaedic Service,"3,562","1,786",50.10%,17.9,45.5,162,7,59
Y56,RYJ,IMPERIAL COLLEGE HEALTHCARE NHS TRUST,C_120,Ear Nose and Throat Service,"6,601","3,399",51.50%,17.3,55.9,671,35,301
Y56,RYJ,IMPERIAL COLLEGE HEALTHCARE NHS TRUST,C_130,Ophthalmology Service,"7,412","4,257",57.40%,15,41,124,1,17
Y56,RYJ,IMPERIAL COLLEGE HEALTHCARE NHS TRUST,C_140,Oral Surgery Service,307,289,94.10%,7,16.8,-,-,-
Y56,RYJ,IMPERIAL COLLEGE HEALTHCARE NHS TRUST,C_150,Neurosurgical Service,"6,225","2,465",39.60%,24.1,51.5,465,10,97
Y56,RYJ,IMPERIAL COLLEGE HEALTHCARE NHS TRUST,C_160,Plastic Surgery Service,"1,867",927,49.70%,18.1,43.9,47,2,5
Y56,RYJ,IMPERIAL COLLEGE HEALTHCARE NHS TRUST,C_170,Cardiothoracic Surgery Service,333,221,66.40%,10.6,43.4,17,-,5
Y56,RYJ,IMPERIAL COLLEGE HEALTHCARE NHS TRUST,C_300,General Internal Medicine Service,199,117,58.80%,14.7,36,1,-,-
Y56,RYJ,IMPERIAL COLLEGE HEALTHCARE NHS TRUST,C_301,Gastroenterology Service,"3,793","2,328",61.40%,13.9,32.1,2,-,-
Y56,RYJ,IMPERIAL COLLEGE HEALTHCARE NHS TRUST,C_320,Cardiology Service,"8,570","5,973",69.70%,11.2,36.4,173,10,66
Y56,RYJ,IMPERIAL COLLEGE HEALTHCARE NHS TRUST,C_330,Dermatology Service,"2,939","1,773",60.30%,14.2,37.4,3,-,-
Y56,RYJ,IMPERIAL COLLEGE HEALTHCARE NHS TRUST,C_340,Respiratory Medicine Service,"3,822","2,578",67.50%,10.8,35.9,30,-,-
Y56,RYJ,IMPERIAL COLLEGE HEALTHCARE NHS TRUST,C_400,Neurology Service,"5,947","2,518",42.30%,21.9,47.9,204,-,26
Y56,RYJ,IMPERIAL COLLEGE HEALTHCARE NHS TRUST,C_410,Rheumatology Service,"1,070",701,65.50%,12.4,35.8,9,-,1
Y56,RYJ,IMPERIAL COLLEGE HEALTHCARE NHS TRUST,C_430,Elderly Medicine Service,305,277,90.80%,6.5,21.1,1,-,-
Y56,RYJ,IMPERIAL COLLEGE HEALTHCARE NHS TRUST,C_502,Gynaecology Service,"8,528","5,060",59.30%,14.5,38.8,82,-,6
Y56,RYJ,IMPERIAL COLLEGE HEALTHCARE NHS TRUST,X02,Other - Medical Services,"19,254","11,210",58.20%,14.8,39.6,194,1,8
Y56,RYJ,IMPERIAL COLLEGE HEALTHCARE NHS TRUST,X03,Other - Mental Health Services,-,-,-,-,-,-,-,-
Y56,RYJ,IMPERIAL COLLEGE HEALTHCARE NHS TRUST,X04,Other - Paediatric Services,"4,743","3,506",73.90%,10.2,33.6,28,-,1
Y56,RYJ,IMPERIAL COLLEGE HEALTHCARE NHS TRUST,X05,Other - Surgical Services,"9,440","4,280",45.30%,20.3,50.3,638,17,198
Y56,RYJ,IMPERIAL COLLEGE HEALTHCARE NHS TRUST,X06,Other - Other Services,367,355,96.70%,9.3,17.2,1,-,-
Y56,RYX,CENTRAL LONDON COMMUNITY HEALTHCARE NHS TRUST,C_100,General Surgery Service,-,-,-,-,-,-,-,-
Y56,RYX,CENTRAL LONDON COMMUNITY HEALTHCARE NHS TRUST,C_101,Urology Service,-,-,-,-,-,-,-,-
Y56,RYX,CENTRAL LONDON COMMUNITY HEALTHCARE NHS TRUST,C_110,Trauma and Orthopaedic Service,-,-,-,-,-,-,-,-
Y56,RYX,CENTRAL LONDON COMMUNITY HEALTHCARE NHS TRUST,C_120,Ear Nose and Throat Service,-,-,-,-,-,-,-,-
Y56,RYX,CENTRAL LONDON COMMUNITY HEALTHCARE NHS TRUST,C_130,Ophthalmology Service,-,-,-,-,-,-,-,-
Y56,RYX,CENTRAL LONDON COMMUNITY HEALTHCARE NHS TRUST,C_140,Oral Surgery Service,-,-,-,-,-,-,-,-
Y56,RYX,CENTRAL LONDON COMMUNITY HEALTHCARE NHS TRUST,C_150,Neurosurgical Service,-,-,-,-,-,-,-,-
Y56,RYX,CENTRAL LONDON COMMUNITY HEALTHCARE NHS TRUST,C_160,Plastic Surgery Service,-,-,-,-,-,-,-,-
Y56,RYX,CENTRAL LONDON COMMUNITY HEALTHCARE NHS TRUST,C_170,Cardiothoracic Surgery Service,-,-,-,-,-,-,-,-
Y56,RYX,CENTRAL LONDON COMMUNITY HEALTHCARE NHS TRUST,C_300,General Internal Medicine Service,151,151,100.00%,6.7,14.7,-,-,-
Y56,RYX,CENTRAL LONDON COMMUNITY HEALTHCARE NHS TRUST,C_301,Gastroenterology Service,-,-,-,-,-,-,-,-
Y56,RYX,CENTRAL LONDON COMMUNITY HEALTHCARE NHS TRUST,C_320,Cardiology Service,-,-,-,-,-,-,-,-
Y56,RYX,CENTRAL LONDON COMMUNITY HEALTHCARE NHS TRUST,C_330,Dermatology Service,-,-,-,-,-,-,-,-
Y56,RYX,CENTRAL LONDON COMMUNITY HEALTHCARE NHS TRUST,C_340,Respiratory Medicine Service,796,767,96.40%,4.7,15.8,-,-,-
Y56,RYX,CENTRAL LONDON COMMUNITY HEALTHCARE NHS TRUST,C_400,Neurology Service,-,-,-,-,-,-,-,-
Y56,RYX,CENTRAL LONDON COMMUNITY HEALTHCARE NHS TRUST,C_410,Rheumatology Service,-,-,-,-,-,-,-,-
Y56,RYX,CENTRAL LONDON COMMUNITY HEALTHCARE NHS TRUST,C_430,Elderly Medicine Service,-,-,-,-,-,-,-,-
Y56,RYX,CENTRAL LONDON COMMUNITY HEALTHCARE NHS TRUST,C_502,Gynaecology Service,-,-,-,-,-,-,-,-
Y56,RYX,CENTRAL LONDON COMMUNITY HEALTHCARE NHS TRUST,X02,Other - Medical Services,21,21,100.00%,1,2.7,-,-,-
Y56,RYX,CENTRAL LONDON COMMUNITY HEALTHCARE NHS TRUST,X03,Other - Mental Health Services,-,-,-,-,-,-,-,-
Y56,RYX,CENTRAL LONDON COMMUNITY HEALTHCARE NHS TRUST,X04,Other - Paediatric Services,104,104,100.00%,1.3,3.8,-,-,-
Y56,RYX,CENTRAL LONDON COMMUNITY HEALTHCARE NHS TRUST,X05,Other - Surgical Services,-,-,-,-,-,-,-,-
Y56,RYX,CENTRAL LONDON COMMUNITY HEALTHCARE NHS TRUST,X06,Other - Other Services,"1,004",983,97.90%,3.5,10.7,-,-,-
Y58,R0D,UNIVERSITY HOSPITALS DORSET NHS FOUNDATION TRUST,C_100,General Surgery Service,"1,465","1,157",79.00%,4.8,21.4,29,5,11
Y58,R0D,UNIVERSITY HOSPITALS DORSET NHS FOUNDATION TRUST,C_101,Urology Service,"3,368","2,174",64.50%,13,40.1,142,1,62
Y58,R0D,UNIVERSITY HOSPITALS DORSET NHS FOUNDATION TRUST,C_110,Trauma and Orthopaedic Service,"7,602","4,045",53.20%,16.7,46.2,349,1,94
Y58,R0D,UNIVERSITY HOSPITALS DORSET NHS FOUNDATION TRUST,C_120,Ear Nose and Throat Service,"5,113","2,822",55.20%,16.1,48.9,320,6,103
Y58,R0D,UNIVERSITY HOSPITALS DORSET NHS FOUNDATION TRUST,C_130,Ophthalmology Service,"3,920","2,697",68.80%,11.7,34.3,17,-,2
Y58,R0D,UNIVERSITY HOSPITALS DORSET NHS FOUNDATION TRUST,C_140,Oral Surgery Service,"3,008","1,805",60.00%,15.1,39.6,73,3,22
Y58,R0D,UNIVERSITY HOSPITALS DORSET NHS FOUNDATION TRUST,C_150,Neurosurgical Service,-,-,-,-,-,-,-,-
Y58,R0D,UNIVERSITY HOSPITALS DORSET NHS FOUNDATION TRUST,C_160,Plastic Surgery Service,-,-,-,-,-,-,-,-
Y58,R0D,UNIVERSITY HOSPITALS DORSET NHS FOUNDATION TRUST,C_170,Cardiothoracic Surgery Service,-,-,-,-,-,-,-,-
Y58,R0D,UNIVERSITY HOSPITALS DORSET NHS FOUNDATION TRUST,C_300,General Internal Medicine Service,193,184,95.30%,8,13.7,1,-,1
Y58,R0D,UNIVERSITY HOSPITALS DORSET NHS FOUNDATION TRUST,C_301,Gastroenterology Service,"4,878","3,933",80.60%,10,35.8,112,-,45
Y58,R0D,UNIVERSITY HOSPITALS DORSET NHS FOUNDATION TRUST,C_320,Cardiology Service,"4,152","2,780",67.00%,12.1,37.5,59,-,7
Y58,R0D,UNIVERSITY HOSPITALS DORSET NHS FOUNDATION TRUST,C_330,Dermatology Service,"3,577","2,310",64.60%,12.9,41.5,144,-,30
Y58,R0D,UNIVERSITY HOSPITALS DORSET NHS FOUNDATION TRUST,C_340,Respiratory Medicine Service,"1,639",830,50.60%,17.8,56.2,200,-,39
Y58,R0D,UNIVERSITY HOSPITALS DORSET NHS FOUNDATION TRUST,C_400,Neurology Service,"2,380","1,078",45.30%,20.7,49.3,135,-,40
Y58,R0D,UNIVERSITY HOSPITALS DORSET NHS FOUNDATION TRUST,C_410,Rheumatology Service,861,646,75.00%,10.4,24.2,5,-,-
Y58,R0D,UNIVERSITY HOSPITALS DORSET NHS FOUNDATION TRUST,C_430,Elderly Medicine Service,378,244,64.60%,12.5,33.6,-,-,-
Y58,R0D,UNIVERSITY HOSPITALS DORSET NHS FOUNDATION TRUST,C_502,Gynaecology Service,"7,490","3,348",44.70%,21,59.5,910,22,372
Y58,R0D,UNIVERSITY HOSPITALS DORSET NHS FOUNDATION TRUST,X02,Other - Medical Services,"3,770","2,847",75.50%,8.8,31.2,20,-,3
Y58,R0D,UNIVERSITY HOSPITALS DORSET NHS FOUNDATION TRUST,X03,Other - Mental Health Services,-,-,-,-,-,-,-,-
Y58,R0D,UNIVERSITY HOSPITALS DORSET NHS FOUNDATION TRUST,X04,Other - Paediatric Services,"4,499","1,988",44.20%,21.4,61.7,689,35,246
Y58,R0D,UNIVERSITY HOSPITALS DORSET NHS FOUNDATION TRUST,X05,Other - Surgical Services,"8,771","5,314",60.60%,14,47.5,513,13,143
Y58,R0D,UNIVERSITY HOSPITALS DORSET NHS FOUNDATION TRUST,X06,Other - Other Services,894,803,89.80%,6.5,22.1,3,-,-
Y58,RA7,UNIVERSITY HOSPITALS BRISTOL AND WESTON NHS FOUNDATION TRUST,C_100,General Surgery Service,131,89,67.90%,10.9,44.8,5,-,-
Y58,RA7,UNIVERSITY HOSPITALS BRISTOL AND WESTON NHS FOUNDATION TRUST,C_101,Urology Service,-,-,-,-,-,-,-,-
Y58,RA7,UNIVERSITY HOSPITALS BRISTOL AND WESTON NHS FOUNDATION TRUST,C_110,Trauma and Orthopaedic Service,"2,098","1,201",57.20%,14.8,40.3,43,-,7
Y58,RA7,UNIVERSITY HOSPITALS BRISTOL AND WESTON NHS FOUNDATION TRUST,C_120,Ear Nose and Throat Service,"5,910","3,347",56.60%,15.4,45.9,229,2,46
Y58,RA7,UNIVERSITY HOSPITALS BRISTOL AND WESTON NHS FOUNDATION TRUST,C_130,Ophthalmology Service,"6,570","4,763",72.50%,9.3,34.7,122,19,53
Y58,RA7,UNIVERSITY HOSPITALS BRISTOL AND WESTON NHS FOUNDATION TRUST,C_140,Oral Surgery Service,"4,571","1,731",37.90%,24.4,52.3,380,6,81
Y58,RA7,UNIVERSITY HOSPITALS BRISTOL AND WESTON NHS FOUNDATION TRUST,C_150,Neurosurgical Service,-,-,-,-,-,-,-,-
Y58,RA7,UNIVERSITY HOSPITALS BRISTOL AND WESTON NHS FOUNDATION TRUST,C_160,Plastic Surgery Service,-,-,-,-,-,-,-,-
Y58,RA7,UNIVERSITY HOSPITALS BRISTOL AND WESTON NHS FOUNDATION TRUST,C_170,Cardiothoracic Surgery Service,298,215,72.10%,9.9,36.4,4,-,-
Y58,RA7,UNIVERSITY HOSPITALS BRISTOL AND WESTON NHS FOUNDATION TRUST,C_300,General Internal Medicine Service,35,29,82.90%,7.5,38.2,-,-,-
Y58,RA7,UNIVERSITY HOSPITALS BRISTOL AND WESTON NHS FOUNDATION TRUST,C_301,Gastroenterology Service,"1,407",963,68.40%,11.4,35.2,13,-,3
Y58,RA7,UNIVERSITY HOSPITALS BRISTOL AND WESTON NHS FOUNDATION TRUST,C_320,Cardiology Service,"4,591","2,779",60.50%,12.4,41.6,73,-,4
Y58,RA7,UNIVERSITY HOSPITALS BRISTOL AND WESTON NHS FOUNDATION TRUST,C_330,Dermatology Service,"3,325","1,778",53.50%,16.2,45,102,-,16
Y58,RA7,UNIVERSITY HOSPITALS BRISTOL AND WESTON NHS FOUNDATION TRUST,C_340,Respiratory Medicine Service,"2,783","1,139",40.90%,21.6,42.4,21,-,2
Y58,RA7,UNIVERSITY HOSPITALS BRISTOL AND WESTON NHS FOUNDATION TRUST,C_400,Neurology Service,598,342,57.20%,15.7,38.5,4,-,2
Y58,RA7,UNIVERSITY HOSPITALS BRISTOL AND WESTON NHS FOUNDATION TRUST,C_410,Rheumatology Service,795,562,70.70%,10.1,35,1,-,-
Y58,RA7,UNIVERSITY HOSPITALS BRISTOL AND WESTON NHS FOUNDATION TRUST,C_430,Elderly Medicine Service,178,158,88.80%,5.5,20,-,-,-
Y58,RA7,UNIVERSITY HOSPITALS BRISTOL AND WESTON NHS FOUNDATION TRUST,C_502,Gynaecology Service,"4,532","2,572",56.80%,15,45.6,154,-,18
Y58,RA7,UNIVERSITY HOSPITALS BRISTOL AND WESTON NHS FOUNDATION TRUST,X02,Other - Medical Services,"5,720","3,441",60.20%,13.4,47.8,270,8,74
Y58,RA7,UNIVERSITY HOSPITALS BRISTOL AND WESTON NHS FOUNDATION TRUST,X03,Other - Mental Health Services,44,41,93.20%,6.7,17.5,-,-,-
Y58,RA7,UNIVERSITY HOSPITALS BRISTOL AND WESTON NHS FOUNDATION TRUST,X04,Other - Paediatric Services,"8,752","4,598",52.50%,16.9,53.9,827,69,296
Y58,RA7,UNIVERSITY HOSPITALS BRISTOL AND WESTON NHS FOUNDATION TRUST,X05,Other - Surgical Services,"6,850","3,611",52.70%,17.1,48.2,365,16,104
Y58,RA7,UNIVERSITY HOSPITALS BRISTOL AND WESTON NHS FOUNDATION TRUST,X06,Other - Other Services,"1,261",945,74.90%,9,31.9,-,-,-
Y58,RA9,TORBAY AND SOUTH DEVON NHS FOUNDATION TRUST,C_100,General Surgery Service,-,-,-,-,-,-,-,-
Y58,RA9,TORBAY AND SOUTH DEVON NHS FOUNDATION TRUST,C_101,Urology Service,"2,026","1,324",65.40%,11.4,41.6,77,2,16
Y58,RA9,TORBAY AND SOUTH DEVON NHS FOUNDATION TRUST,C_110,Trauma and Orthopaedic Service,"2,951","1,350",45.70%,20.7,59,336,36,154
Y58,RA9,TORBAY AND SOUTH DEVON NHS FOUNDATION TRUST,C_120,Ear Nose and Throat Service,"3,245","1,528",47.10%,19.3,50.2,207,6,41
Y58,RA9,TORBAY AND SOUTH DEVON NHS FOUNDATION TRUST,C_130,Ophthalmology Service,"3,525","2,597",73.70%,9.1,33.9,40,2,9
Y58,RA9,TORBAY AND SOUTH DEVON NHS FOUNDATION TRUST,C_140,Oral Surgery Service,"2,816","1,144",40.60%,24.1,61.3,404,33,176
Y58,RA9,TORBAY AND SOUTH DEVON NHS FOUNDATION TRUST,C_150,Neurosurgical Service,-,-,-,-,-,-,-,-
Y58,RA9,TORBAY AND SOUTH DEVON NHS FOUNDATION TRUST,C_160,Plastic Surgery Service,316,189,59.80%,14.8,35.4,5,-,2
Y58,RA9,TORBAY AND SOUTH DEVON NHS FOUNDATION TRUST,C_170,Cardiothoracic Surgery Service,12,9,75.00%,-,-,1,-,-
Y58,RA9,TORBAY AND SOUTH DEVON NHS FOUNDATION TRUST,C_300,General Internal Medicine Service,70,48,68.60%,10.7,39.4,3,-,-
Y58,RA9,TORBAY AND SOUTH DEVON NHS FOUNDATION TRUST,C_301,Gastroenterology Service,"2,133","1,601",75.10%,8.7,35.6,43,-,5
Y58,RA9,TORBAY AND SOUTH DEVON NHS FOUNDATION TRUST,C_320,Cardiology Service,"3,231","1,945",60.20%,13.9,40.3,76,6,31
Y58,RA9,TORBAY AND SOUTH DEVON NHS FOUNDATION TRUST,C_330,Dermatology Service,"1,712","1,114",65.10%,11.2,36.3,29,-,6
Y58,RA9,TORBAY AND SOUTH DEVON NHS FOUNDATION TRUST,C_340,Respiratory Medicine Service,727,535,73.60%,10.3,35.4,2,-,1
Y58,RA9,TORBAY AND SOUTH DEVON NHS FOUNDATION TRUST,C_400,Neurology Service,742,535,72.10%,11.2,33.4,3,-,2
Y58,RA9,TORBAY AND SOUTH DEVON NHS FOUNDATION TRUST,C_410,Rheumatology Service,460,446,97.00%,3.2,10.7,-,-,-
Y58,RA9,TORBAY AND SOUTH DEVON NHS FOUNDATION TRUST,C_430,Elderly Medicine Service,305,194,63.60%,12.6,28.6,-,-,-
Y58,RA9,TORBAY AND SOUTH DEVON NHS FOUNDATION TRUST,C_502,Gynaecology Service,"2,524","1,492",59.10%,12.9,58.7,245,22,148
Y58,RA9,TORBAY AND SOUTH DEVON NHS FOUNDATION TRUST,X02,Other - Medical Services,"2,335","1,204",51.60%,16.9,53.9,213,21,87
Y58,RA9,TORBAY AND SOUTH DEVON NHS FOUNDATION TRUST,X03,Other - Mental Health Services,-,-,-,-,-,-,-,-
Y58,RA9,TORBAY AND SOUTH DEVON NHS FOUNDATION TRUST,X04,Other - Paediatric Services,"1,470",671,45.60%,21.3,54.7,173,9,51
Y58,RA9,TORBAY AND SOUTH DEVON NHS FOUNDATION TRUST,X05,Other - Surgical Services,"2,620","1,517",57.90%,13.7,47.6,149,1,37
Y58,RA9,TORBAY AND SOUTH DEVON NHS FOUNDATION TRUST,X06,Other - Other Services,224,184,82.10%,6.8,25,1,-,1
Y58,RBD,DORSET COUNTY HOSPITAL NHS FOUNDATION TRUST,C_100,General Surgery Service,"1,323",442,33.40%,28.1,59.7,194,4,54
Y58,RBD,DORSET COUNTY HOSPITAL NHS FOUNDATION TRUST,C_101,Urology Service,927,685,73.90%,9.6,29.7,1,-,-
Y58,RBD,DORSET COUNTY HOSPITAL NHS FOUNDATION TRUST,C_110,Trauma and Orthopaedic Service,"3,466","1,371",39.60%,23.4,57.4,377,23,164
Y58,RBD,DORSET COUNTY HOSPITAL NHS FOUNDATION TRUST,C_120,Ear Nose and Throat Service,"3,549","1,489",42.00%,22.2,52.4,303,5,47
Y58,RBD,DORSET COUNTY HOSPITAL NHS FOUNDATION TRUST,C_130,Ophthalmology Service,"2,949","1,453",49.30%,18.6,50.8,214,5,34
Y58,RBD,DORSET COUNTY HOSPITAL NHS FOUNDATION TRUST,C_140,Oral Surgery Service,"1,113",621,55.80%,15.7,43,35,-,6
Y58,RBD,DORSET COUNTY HOSPITAL NHS FOUNDATION TRUST,C_150,Neurosurgical Service,-,-,-,-,-,-,-,-
Y58,RBD,DORSET COUNTY HOSPITAL NHS FOUNDATION TRUST,C_160,Plastic Surgery Service,-,-,-,-,-,-,-,-
Y58,RBD,DORSET COUNTY HOSPITAL NHS FOUNDATION TRUST,C_170,Cardiothoracic Surgery Service,-,-,-,-,-,-,-,-
Y58,RBD,DORSET COUNTY HOSPITAL NHS FOUNDATION TRUST,C_300,General Internal Medicine Service,4,4,100.00%,-,-,-,-,-
Y58,RBD,DORSET COUNTY HOSPITAL NHS FOUNDATION TRUST,C_301,Gastroenterology Service,482,420,87.10%,8.7,22.1,3,-,-
Y58,RBD,DORSET COUNTY HOSPITAL NHS FOUNDATION TRUST,C_320,Cardiology Service,714,485,67.90%,11.6,36,3,-,-
Y58,RBD,DORSET COUNTY HOSPITAL NHS FOUNDATION TRUST,C_330,Dermatology Service,"1,283",745,58.10%,14.2,47.4,60,-,3
Y58,RBD,DORSET COUNTY HOSPITAL NHS FOUNDATION TRUST,C_340,Respiratory Medicine Service,388,313,80.70%,9,25.7,-,-,-
Y58,RBD,DORSET COUNTY HOSPITAL NHS FOUNDATION TRUST,C_400,Neurology Service,-,-,-,-,-,-,-,-
Y58,RBD,DORSET COUNTY HOSPITAL NHS FOUNDATION TRUST,C_410,Rheumatology Service,153,148,96.70%,6,15.4,-,-,-
Y58,RBD,DORSET COUNTY HOSPITAL NHS FOUNDATION TRUST,C_430,Elderly Medicine Service,72,61,84.70%,7.2,21.4,-,-,-
Y58,RBD,DORSET COUNTY HOSPITAL NHS FOUNDATION TRUST,C_502,Gynaecology Service,"1,982","1,009",50.90%,17.5,56.1,188,24,90
Y58,RBD,DORSET COUNTY HOSPITAL NHS FOUNDATION TRUST,X02,Other - Medical Services,"1,055",843,79.90%,8.8,32.6,14,-,3
Y58,RBD,DORSET COUNTY HOSPITAL NHS FOUNDATION TRUST,X03,Other - Mental Health Services,-,-,-,-,-,-,-,-
Y58,RBD,DORSET COUNTY HOSPITAL NHS FOUNDATION TRUST,X04,Other - Paediatric Services,252,70,27.80%,29,52.8,21,-,2
Y58,RBD,DORSET COUNTY HOSPITAL NHS FOUNDATION TRUST,X05,Other - Surgical Services,"1,253","1,016",81.10%,6.8,33.3,42,3,10
Y58,RBD,DORSET COUNTY HOSPITAL NHS FOUNDATION TRUST,X06,Other - Other Services,7,5,71.40%,-,-,-,-,-
Y58,RD1,ROYAL UNITED HOSPITALS BATH NHS FOUNDATION TRUST,C_100,General Surgery Service,"3,470","2,072",59.70%,13.6,43.5,115,1,24
Y58,RD1,ROYAL UNITED HOSPITALS BATH NHS FOUNDATION TRUST,C_101,Urology Service,"1,935","1,283",66.30%,11.9,34.8,3,-,-
Y58,RD1,ROYAL UNITED HOSPITALS BATH NHS FOUNDATION TRUST,C_110,Trauma and Orthopaedic Service,"2,328",999,42.90%,21.4,53.5,226,2,47
Y58,RD1,ROYAL UNITED HOSPITALS BATH NHS FOUNDATION TRUST,C_120,Ear Nose and Throat Service,"3,164","1,444",45.60%,20.3,45.9,61,-,4
Y58,RD1,ROYAL UNITED HOSPITALS BATH NHS FOUNDATION TRUST,C_130,Ophthalmology Service,"2,563","1,893",73.90%,9.4,34.2,18,1,2
Y58,RD1,ROYAL UNITED HOSPITALS BATH NHS FOUNDATION TRUST,C_140,Oral Surgery Service,"2,849","2,102",73.80%,10.7,29.6,11,-,1
Y58,RD1,ROYAL UNITED HOSPITALS BATH NHS FOUNDATION TRUST,C_150,Neurosurgical Service,-,-,-,-,-,-,-,-
Y58,RD1,ROYAL UNITED HOSPITALS BATH NHS FOUNDATION TRUST,C_160,Plastic Surgery Service,-,-,-,-,-,-,-,-
Y58,RD1,ROYAL UNITED HOSPITALS BATH NHS FOUNDATION TRUST,C_170,Cardiothoracic Surgery Service,-,-,-,-,-,-,-,-
Y58,RD1,ROYAL UNITED HOSPITALS BATH NHS FOUNDATION TRUST,C_300,General Internal Medicine Service,84,83,98.80%,5.7,9.9,-,-,-
Y58,RD1,ROYAL UNITED HOSPITALS BATH NHS FOUNDATION TRUST,C_301,Gastroenterology Service,"3,576","1,768",49.40%,18.3,55.2,365,1,95
Y58,RD1,ROYAL UNITED HOSPITALS BATH NHS FOUNDATION TRUST,C_320,Cardiology Service,"3,425","1,740",50.80%,17.6,45.7,104,1,21
Y58,RD1,ROYAL UNITED HOSPITALS BATH NHS FOUNDATION TRUST,C_330,Dermatology Service,"1,802","1,292",71.70%,9.5,31.7,4,-,-
Y58,RD1,ROYAL UNITED HOSPITALS BATH NHS FOUNDATION TRUST,C_340,Respiratory Medicine Service,533,531,99.60%,5.8,15.1,-,-,-
Y58,RD1,ROYAL UNITED HOSPITALS BATH NHS FOUNDATION TRUST,C_400,Neurology Service,882,539,61.10%,14.3,31.4,1,-,-
Y58,RD1,ROYAL UNITED HOSPITALS BATH NHS FOUNDATION TRUST,C_410,Rheumatology Service,"1,020",903,88.50%,8.5,19.6,-,-,-
Y58,RD1,ROYAL UNITED HOSPITALS BATH NHS FOUNDATION TRUST,C_430,Elderly Medicine Service,183,147,80.30%,9.3,23.8,-,-,-
Y58,RD1,ROYAL UNITED HOSPITALS BATH NHS FOUNDATION TRUST,C_502,Gynaecology Service,"2,533","1,336",52.70%,17,42,52,-,6
Y58,RD1,ROYAL UNITED HOSPITALS BATH NHS FOUNDATION TRUST,X02,Other - Medical Services,859,578,67.30%,11.3,57.4,76,14,49
Y58,RD1,ROYAL UNITED HOSPITALS BATH NHS FOUNDATION TRUST,X03,Other - Mental Health Services,-,-,-,-,-,-,-,-
Y58,RD1,ROYAL UNITED HOSPITALS BATH NHS FOUNDATION TRUST,X04,Other - Paediatric Services,"1,526",960,62.90%,11.9,36,27,-,2
Y58,RD1,ROYAL UNITED HOSPITALS BATH NHS FOUNDATION TRUST,X05,Other - Surgical Services,"1,553",837,53.90%,16.2,38.2,8,-,5
Y58,RD1,ROYAL UNITED HOSPITALS BATH NHS FOUNDATION TRUST,X06,Other - Other Services,509,500,98.20%,4.8,12,-,-,-
Y58,REF,ROYAL CORNWALL HOSPITALS NHS TRUST,C_100,General Surgery Service,"2,308","1,312",56.80%,15.1,42.9,56,1,10
Y58,REF,ROYAL CORNWALL HOSPITALS NHS TRUST,C_101,Urology Service,"1,446","1,033",71.40%,10.9,27.3,4,-,4
Y58,REF,ROYAL CORNWALL HOSPITALS NHS TRUST,C_110,Trauma and Orthopaedic Service,"8,280","2,208",26.70%,30.4,66.6,"1,659",242,743
Y58,REF,ROYAL CORNWALL HOSPITALS NHS TRUST,C_120,Ear Nose and Throat Service,"2,971","2,079",70.00%,11.3,39.4,56,-,3
Y58,REF,ROYAL CORNWALL HOSPITALS NHS TRUST,C_130,Ophthalmology Service,"4,464","3,182",71.30%,11,33.9,41,-,3
Y58,REF,ROYAL CORNWALL HOSPITALS NHS TRUST,C_140,Oral Surgery Service,"1,950","1,549",79.40%,9.3,26.2,10,-,-
Y58,REF,ROYAL CORNWALL HOSPITALS NHS TRUST,C_150,Neurosurgical Service,-,-,-,-,-,-,-,-
Y58,REF,ROYAL CORNWALL HOSPITALS NHS TRUST,C_160,Plastic Surgery Service,-,-,-,-,-,-,-,-
Y58,REF,ROYAL CORNWALL HOSPITALS NHS TRUST,C_170,Cardiothoracic Surgery Service,-,-,-,-,-,-,-,-
Y58,REF,ROYAL CORNWALL HOSPITALS NHS TRUST,C_300,General Internal Medicine Service,-,-,-,-,-,-,-,-
Y58,REF,ROYAL CORNWALL HOSPITALS NHS TRUST,C_301,Gastroenterology Service,"1,170","1,069",91.40%,4.9,18.5,1,-,1
Y58,REF,ROYAL CORNWALL HOSPITALS NHS TRUST,C_320,Cardiology Service,"2,311","1,576",68.20%,12,32.7,19,-,3
Y58,REF,ROYAL CORNWALL HOSPITALS NHS TRUST,C_330,Dermatology Service,"3,586","2,374",66.20%,11.9,30.4,2,-,-
Y58,REF,ROYAL CORNWALL HOSPITALS NHS TRUST,C_340,Respiratory Medicine Service,421,342,81.20%,6.7,30.7,5,-,1
Y58,REF,ROYAL CORNWALL HOSPITALS NHS TRUST,C_400,Neurology Service,"1,220",868,71.10%,11.3,36.6,23,1,7
Y58,REF,ROYAL CORNWALL HOSPITALS NHS TRUST,C_410,Rheumatology Service,551,488,88.60%,8.1,21.2,-,-,-
Y58,REF,ROYAL CORNWALL HOSPITALS NHS TRUST,C_430,Elderly Medicine Service,464,317,68.30%,12,32.2,4,-,-
Y58,REF,ROYAL CORNWALL HOSPITALS NHS TRUST,C_502,Gynaecology Service,"2,379","1,413",59.40%,13.9,39.1,43,-,11
Y58,REF,ROYAL CORNWALL HOSPITALS NHS TRUST,X02,Other - Medical Services,"5,592","4,268",76.30%,9.5,28.7,21,-,2
Y58,REF,ROYAL CORNWALL HOSPITALS NHS TRUST,X03,Other - Mental Health Services,-,-,-,-,-,-,-,-
Y58,REF,ROYAL CORNWALL HOSPITALS NHS TRUST,X04,Other - Paediatric Services,"1,051",699,66.50%,12,33.1,9,-,-
Y58,REF,ROYAL CORNWALL HOSPITALS NHS TRUST,X05,Other - Surgical Services,"2,343","1,568",66.90%,10.1,38.7,75,2,21
Y58,REF,ROYAL CORNWALL HOSPITALS NHS TRUST,X06,Other - Other Services,893,793,88.80%,4,23.6,2,-,-
Y58,RH5,SOMERSET NHS FOUNDATION TRUST,C_100,General Surgery Service,"2,181","1,515",69.50%,10.8,42.9,80,1,22
Y58,RH5,SOMERSET NHS FOUNDATION TRUST,C_101,Urology Service,"2,998","1,711",57.10%,13.9,47.5,171,-,43
Y58,RH5,SOMERSET NHS FOUNDATION TRUST,C_110,Trauma and Orthopaedic Service,"8,136","4,936",60.70%,13.2,51.1,610,37,221
Y58,RH5,SOMERSET NHS FOUNDATION TRUST,C_120,Ear Nose and Throat Service,"4,871","2,638",54.20%,16.2,44.2,223,2,63
Y58,RH5,SOMERSET NHS FOUNDATION TRUST,C_130,Ophthalmology Service,"5,197","2,953",56.80%,14.7,46.7,229,1,39
Y58,RH5,SOMERSET NHS FOUNDATION TRUST,C_140,Oral Surgery Service,"2,333","1,351",57.90%,14.9,41,66,-,15
Y58,RH5,SOMERSET NHS FOUNDATION TRUST,C_150,Neurosurgical Service,-,-,-,-,-,-,-,-
Y58,RH5,SOMERSET NHS FOUNDATION TRUST,C_160,Plastic Surgery Service,181,102,56.40%,14.9,44.8,9,-,3
Y58,RH5,SOMERSET NHS FOUNDATION TRUST,C_170,Cardiothoracic Surgery Service,23,10,43.50%,18.8,25.8,-,-,-
Y58,RH5,SOMERSET NHS FOUNDATION TRUST,C_300,General Internal Medicine Service,12,10,83.30%,-,-,-,-,-
Y58,RH5,SOMERSET NHS FOUNDATION TRUST,C_301,Gastroenterology Service,"2,131","1,342",63.00%,12.1,38.6,34,-,5
Y58,RH5,SOMERSET NHS FOUNDATION TRUST,C_320,Cardiology Service,"3,467","2,968",85.60%,8.5,23.2,3,-,1
Y58,RH5,SOMERSET NHS FOUNDATION TRUST,C_330,Dermatology Service,"1,943","1,660",85.40%,7,25.4,4,-,1
Y58,RH5,SOMERSET NHS FOUNDATION TRUST,C_340,Respiratory Medicine Service,"1,991","1,252",62.90%,12.8,33.6,4,-,-
Y58,RH5,SOMERSET NHS FOUNDATION TRUST,C_400,Neurology Service,"1,737","1,004",57.80%,14.7,36.7,17,-,1
Y58,RH5,SOMERSET NHS FOUNDATION TRUST,C_410,Rheumatology Service,"1,051",612,58.20%,15.4,43,16,1,1
Y58,RH5,SOMERSET NHS FOUNDATION TRUST,C_430,Elderly Medicine Service,532,424,79.70%,8.6,28.7,2,-,-
Y58,RH5,SOMERSET NHS FOUNDATION TRUST,C_502,Gynaecology Service,"3,698","2,310",62.50%,12.9,43.2,94,-,22
Y58,RH5,SOMERSET NHS FOUNDATION TRUST,X02,Other - Medical Services,"2,658","1,686",63.40%,11.6,51.1,194,-,19
Y58,RH5,SOMERSET NHS FOUNDATION TRUST,X03,Other - Mental Health Services,-,-,-,-,-,-,-,-
Y58,RH5,SOMERSET NHS FOUNDATION TRUST,X04,Other - Paediatric Services,"1,677","1,130",67.40%,10.8,42.8,11,-,1
Y58,RH5,SOMERSET NHS FOUNDATION TRUST,X05,Other - Surgical Services,"5,880","3,316",56.40%,14.7,51.7,461,8,145
Y58,RH5,SOMERSET NHS FOUNDATION TRUST,X06,Other - Other Services,"1,056",715,67.70%,9.9,41.4,18,-,2
Y58,RH8,ROYAL DEVON UNIVERSITY HEALTHCARE NHS FOUNDATION TRUST,C_100,General Surgery Service,"1,428",702,49.20%,18.5,51.2,103,3,29
Y58,RH8,ROYAL DEVON UNIVERSITY HEALTHCARE NHS FOUNDATION TRUST,C_101,Urology Service,"3,853","2,123",55.10%,15.8,50.9,287,34,119
Y58,RH8,ROYAL DEVON UNIVERSITY HEALTHCARE NHS FOUNDATION TRUST,C_110,Trauma and Orthopaedic Service,"10,177","4,644",45.60%,19.9,57,"1,080",88,443
Y58,RH8,ROYAL DEVON UNIVERSITY HEALTHCARE NHS FOUNDATION TRUST,C_120,Ear Nose and Throat Service,"4,591","2,279",49.60%,18.2,43.4,169,5,24
Y58,RH8,ROYAL DEVON UNIVERSITY HEALTHCARE NHS FOUNDATION TRUST,C_130,Ophthalmology Service,"7,951","4,816",60.60%,13.6,41.6,288,24,113
Y58,RH8,ROYAL DEVON UNIVERSITY HEALTHCARE NHS FOUNDATION TRUST,C_140,Oral Surgery Service,"3,068","1,647",53.70%,16.2,43.1,114,9,36
Y58,RH8,ROYAL DEVON UNIVERSITY HEALTHCARE NHS FOUNDATION TRUST,C_150,Neurosurgical Service,-,-,-,-,-,-,-,-
Y58,RH8,ROYAL DEVON UNIVERSITY HEALTHCARE NHS FOUNDATION TRUST,C_160,Plastic Surgery Service,"1,456",803,55.20%,16,35.5,21,-,7
Y58,RH8,ROYAL DEVON UNIVERSITY HEALTHCARE NHS FOUNDATION TRUST,C_170,Cardiothoracic Surgery Service,5,1,20.00%,-,-,-,-,-
Y58,RH8,ROYAL DEVON UNIVERSITY HEALTHCARE NHS FOUNDATION TRUST,C_300,General Internal Medicine Service,492,274,55.70%,15.6,42.9,6,-,1
Y58,RH8,ROYAL DEVON UNIVERSITY HEALTHCARE NHS FOUNDATION TRUST,C_301,Gastroenterology Service,"2,737","1,832",66.90%,11.5,45.7,160,16,77
Y58,RH8,ROYAL DEVON UNIVERSITY HEALTHCARE NHS FOUNDATION TRUST,C_320,Cardiology Service,"5,366","2,810",52.40%,16.9,51.8,424,40,169
Y58,RH8,ROYAL DEVON UNIVERSITY HEALTHCARE NHS FOUNDATION TRUST,C_330,Dermatology Service,"5,799","3,253",56.10%,15.3,46.9,332,10,117
Y58,RH8,ROYAL DEVON UNIVERSITY HEALTHCARE NHS FOUNDATION TRUST,C_340,Respiratory Medicine Service,"2,110","1,101",52.20%,16.8,46.6,108,7,43
Y58,RH8,ROYAL DEVON UNIVERSITY HEALTHCARE NHS FOUNDATION TRUST,C_400,Neurology Service,"1,927","1,008",52.30%,16.9,37.8,35,6,17
Y58,RH8,ROYAL DEVON UNIVERSITY HEALTHCARE NHS FOUNDATION TRUST,C_410,Rheumatology Service,622,520,83.60%,7.6,24.4,-,-,-
Y58,RH8,ROYAL DEVON UNIVERSITY HEALTHCARE NHS FOUNDATION TRUST,C_430,Elderly Medicine Service,337,256,76.00%,10.5,32,2,1,2
Y58,RH8,ROYAL DEVON UNIVERSITY HEALTHCARE NHS FOUNDATION TRUST,C_502,Gynaecology Service,"4,949","2,422",48.90%,18.5,52.8,431,31,150
Y58,RH8,ROYAL DEVON UNIVERSITY HEALTHCARE NHS FOUNDATION TRUST,X02,Other - Medical Services,"7,460","4,369",58.60%,14.5,38.5,182,13,57
Y58,RH8,ROYAL DEVON UNIVERSITY HEALTHCARE NHS FOUNDATION TRUST,X03,Other - Mental Health Services,-,-,-,-,-,-,-,-
Y58,RH8,ROYAL DEVON UNIVERSITY HEALTHCARE NHS FOUNDATION TRUST,X04,Other - Paediatric Services,"2,241","1,094",48.80%,18.6,47.4,109,16,43
Y58,RH8,ROYAL DEVON UNIVERSITY HEALTHCARE NHS FOUNDATION TRUST,X05,Other - Surgical Services,"7,739","4,011",51.80%,17.2,49.5,521,57,195
Y58,RH8,ROYAL DEVON UNIVERSITY HEALTHCARE NHS FOUNDATION TRUST,X06,Other - Other Services,183,160,87.40%,7.8,22.4,-,-,-
Y58,RJ8,CORNWALL PARTNERSHIP NHS FOUNDATION TRUST,C_100,General Surgery Service,-,-,-,-,-,-,-,-
Y58,RJ8,CORNWALL PARTNERSHIP NHS FOUNDATION TRUST,C_101,Urology Service,-,-,-,-,-,-,-,-
Y58,RJ8,CORNWALL PARTNERSHIP NHS FOUNDATION TRUST,C_110,Trauma and Orthopaedic Service,-,-,-,-,-,-,-,-
Y58,RJ8,CORNWALL PARTNERSHIP NHS FOUNDATION TRUST,C_120,Ear Nose and Throat Service,-,-,-,-,-,-,-,-
Y58,RJ8,CORNWALL PARTNERSHIP NHS FOUNDATION TRUST,C_130,Ophthalmology Service,-,-,-,-,-,-,-,-
Y58,RJ8,CORNWALL PARTNERSHIP NHS FOUNDATION TRUST,C_140,Oral Surgery Service,-,-,-,-,-,-,-,-
Y58,RJ8,CORNWALL PARTNERSHIP NHS FOUNDATION TRUST,C_150,Neurosurgical Service,-,-,-,-,-,-,-,-
Y58,RJ8,CORNWALL PARTNERSHIP NHS FOUNDATION TRUST,C_160,Plastic Surgery Service,-,-,-,-,-,-,-,-
Y58,RJ8,CORNWALL PARTNERSHIP NHS FOUNDATION TRUST,C_170,Cardiothoracic Surgery Service,-,-,-,-,-,-,-,-
Y58,RJ8,CORNWALL PARTNERSHIP NHS FOUNDATION TRUST,C_300,General Internal Medicine Service,-,-,-,-,-,-,-,-
Y58,RJ8,CORNWALL PARTNERSHIP NHS FOUNDATION TRUST,C_301,Gastroenterology Service,-,-,-,-,-,-,-,-
Y58,RJ8,CORNWALL PARTNERSHIP NHS FOUNDATION TRUST,C_320,Cardiology Service,-,-,-,-,-,-,-,-
Y58,RJ8,CORNWALL PARTNERSHIP NHS FOUNDATION TRUST,C_330,Dermatology Service,-,-,-,-,-,-,-,-
Y58,RJ8,CORNWALL PARTNERSHIP NHS FOUNDATION TRUST,C_340,Respiratory Medicine Service,-,-,-,-,-,-,-,-
Y58,RJ8,CORNWALL PARTNERSHIP NHS FOUNDATION TRUST,C_400,Neurology Service,-,-,-,-,-,-,-,-
Y58,RJ8,CORNWALL PARTNERSHIP NHS FOUNDATION TRUST,C_410,Rheumatology Service,-,-,-,-,-,-,-,-
Y58,RJ8,CORNWALL PARTNERSHIP NHS FOUNDATION TRUST,C_430,Elderly Medicine Service,-,-,-,-,-,-,-,-
Y58,RJ8,CORNWALL PARTNERSHIP NHS FOUNDATION TRUST,C_502,Gynaecology Service,-,-,-,-,-,-,-,-
Y58,RJ8,CORNWALL PARTNERSHIP NHS FOUNDATION TRUST,X02,Other - Medical Services,-,-,-,-,-,-,-,-
Y58,RJ8,CORNWALL PARTNERSHIP NHS FOUNDATION TRUST,X03,Other - Mental Health Services,-,-,-,-,-,-,-,-
Y58,RJ8,CORNWALL PARTNERSHIP NHS FOUNDATION TRUST,X04,Other - Paediatric Services,-,-,-,-,-,-,-,-
Y58,RJ8,CORNWALL PARTNERSHIP NHS FOUNDATION TRUST,X05,Other - Surgical Services,-,-,-,-,-,-,-,-
Y58,RJ8,CORNWALL PARTNERSHIP NHS FOUNDATION TRUST,X06,Other - Other Services,685,594,86.70%,9.8,20.8,-,-,-
Y58,RK9,UNIVERSITY HOSPITALS PLYMOUTH NHS TRUST,C_100,General Surgery Service,51,30,58.80%,12.8,43,2,-,-
Y58,RK9,UNIVERSITY HOSPITALS PLYMOUTH NHS TRUST,C_101,Urology Service,"2,905","1,747",60.10%,12.6,48.9,180,28,81
Y58,RK9,UNIVERSITY HOSPITALS PLYMOUTH NHS TRUST,C_110,Trauma and Orthopaedic Service,"3,625","1,546",42.60%,23,64.8,604,111,284
Y58,RK9,UNIVERSITY HOSPITALS PLYMOUTH NHS TRUST,C_120,Ear Nose and Throat Service,"3,846","2,226",57.90%,14.2,42.9,108,3,17
Y58,RK9,UNIVERSITY HOSPITALS PLYMOUTH NHS TRUST,C_130,Ophthalmology Service,"5,596","2,826",50.50%,17.7,49.2,362,16,117
Y58,RK9,UNIVERSITY HOSPITALS PLYMOUTH NHS TRUST,C_140,Oral Surgery Service,-,-,-,-,-,-,-,-
Y58,RK9,UNIVERSITY HOSPITALS PLYMOUTH NHS TRUST,C_150,Neurosurgical Service,"1,565",853,54.50%,15.9,50.4,107,14,41
Y58,RK9,UNIVERSITY HOSPITALS PLYMOUTH NHS TRUST,C_160,Plastic Surgery Service,"1,074",706,65.70%,9.1,42.2,30,1,6
Y58,RK9,UNIVERSITY HOSPITALS PLYMOUTH NHS TRUST,C_170,Cardiothoracic Surgery Service,584,227,38.90%,26.3,60.4,79,12,26
Y58,RK9,UNIVERSITY HOSPITALS PLYMOUTH NHS TRUST,C_300,General Internal Medicine Service,61,38,62.30%,12.8,44.1,1,-,-
Y58,RK9,UNIVERSITY HOSPITALS PLYMOUTH NHS TRUST,C_301,Gastroenterology Service,"1,527",934,61.20%,12.8,41.9,15,-,1
Y58,RK9,UNIVERSITY HOSPITALS PLYMOUTH NHS TRUST,C_320,Cardiology Service,"2,809","1,570",55.90%,15.7,42,86,9,27
Y58,RK9,UNIVERSITY HOSPITALS PLYMOUTH NHS TRUST,C_330,Dermatology Service,"1,720","1,333",77.50%,8.7,33.8,9,-,-
Y58,RK9,UNIVERSITY HOSPITALS PLYMOUTH NHS TRUST,C_340,Respiratory Medicine Service,"1,736",930,53.60%,14.7,43.8,46,1,8
Y58,RK9,UNIVERSITY HOSPITALS PLYMOUTH NHS TRUST,C_400,Neurology Service,"3,387","2,034",60.10%,13.3,44,83,1,8
Y58,RK9,UNIVERSITY HOSPITALS PLYMOUTH NHS TRUST,C_410,Rheumatology Service,401,311,77.60%,8,37.9,5,1,2
Y58,RK9,UNIVERSITY HOSPITALS PLYMOUTH NHS TRUST,C_430,Elderly Medicine Service,35,18,51.40%,17.5,43.2,-,-,-
Y58,RK9,UNIVERSITY HOSPITALS PLYMOUTH NHS TRUST,C_502,Gynaecology Service,"3,280","1,663",50.70%,17.7,46.5,163,3,38
Y58,RK9,UNIVERSITY HOSPITALS PLYMOUTH NHS TRUST,X02,Other - Medical Services,"4,455","2,960",66.40%,11.1,36.3,26,1,2
Y58,RK9,UNIVERSITY HOSPITALS PLYMOUTH NHS TRUST,X03,Other - Mental Health Services,-,-,-,-,-,-,-,-
Y58,RK9,UNIVERSITY HOSPITALS PLYMOUTH NHS TRUST,X04,Other - Paediatric Services,"1,102",722,65.50%,11.4,31.8,2,-,-
Y58,RK9,UNIVERSITY HOSPITALS PLYMOUTH NHS TRUST,X05,Other - Surgical Services,"6,556","3,587",54.70%,15.6,47.1,323,11,77
Y58,RK9,UNIVERSITY HOSPITALS PLYMOUTH NHS TRUST,X06,Other - Other Services,501,449,89.60%,6.1,23,7,1,2
Y58,RN3,GREAT WESTERN HOSPITALS NHS FOUNDATION TRUST,C_100,General Surgery Service,"5,030","2,797",55.60%,15.5,47.9,284,-,52
Y58,RN3,GREAT WESTERN HOSPITALS NHS FOUNDATION TRUST,C_101,Urology Service,"2,296","1,263",55.00%,15.8,49.6,137,-,29
Y58,RN3,GREAT WESTERN HOSPITALS NHS FOUNDATION TRUST,C_110,Trauma and Orthopaedic Service,"3,809","2,004",52.60%,17,45.6,155,-,21
Y58,RN3,GREAT WESTERN HOSPITALS NHS FOUNDATION TRUST,C_120,Ear Nose and Throat Service,"3,297","1,570",47.60%,19.2,44.2,95,-,13
Y58,RN3,GREAT WESTERN HOSPITALS NHS FOUNDATION TRUST,C_130,Ophthalmology Service,"1,973","1,211",61.40%,13.6,37.1,11,-,2
Y58,RN3,GREAT WESTERN HOSPITALS NHS FOUNDATION TRUST,C_140,Oral Surgery Service,"2,535","1,205",47.50%,18.9,44.6,75,1,19
Y58,RN3,GREAT WESTERN HOSPITALS NHS FOUNDATION TRUST,C_150,Neurosurgical Service,-,-,-,-,-,-,-,-
Y58,RN3,GREAT WESTERN HOSPITALS NHS FOUNDATION TRUST,C_160,Plastic Surgery Service,527,277,52.60%,17.3,46.5,25,-,7
Y58,RN3,GREAT WESTERN HOSPITALS NHS FOUNDATION TRUST,C_170,Cardiothoracic Surgery Service,-,-,-,-,-,-,-,-
Y58,RN3,GREAT WESTERN HOSPITALS NHS FOUNDATION TRUST,C_300,General Internal Medicine Service,1,1,100.00%,-,-,-,-,-
Y58,RN3,GREAT WESTERN HOSPITALS NHS FOUNDATION TRUST,C_301,Gastroenterology Service,"4,333","2,111",48.70%,18.6,51.6,329,3,77
Y58,RN3,GREAT WESTERN HOSPITALS NHS FOUNDATION TRUST,C_320,Cardiology Service,"1,590",770,48.40%,18.7,45.1,31,-,2
Y58,RN3,GREAT WESTERN HOSPITALS NHS FOUNDATION TRUST,C_330,Dermatology Service,"2,535","1,605",63.30%,13.2,36.2,58,1,5
Y58,RN3,GREAT WESTERN HOSPITALS NHS FOUNDATION TRUST,C_340,Respiratory Medicine Service,"1,012",443,43.80%,23.3,61.4,155,-,40
Y58,RN3,GREAT WESTERN HOSPITALS NHS FOUNDATION TRUST,C_400,Neurology Service,"1,660",781,47.00%,19.1,41.5,27,-,3
Y58,RN3,GREAT WESTERN HOSPITALS NHS FOUNDATION TRUST,C_410,Rheumatology Service,173,146,84.40%,3.9,28.7,-,-,-
Y58,RN3,GREAT WESTERN HOSPITALS NHS FOUNDATION TRUST,C_430,Elderly Medicine Service,139,107,77.00%,10.9,21.9,-,-,-
Y58,RN3,GREAT WESTERN HOSPITALS NHS FOUNDATION TRUST,C_502,Gynaecology Service,"2,738","1,438",52.50%,16.6,47.4,122,-,38
Y58,RN3,GREAT WESTERN HOSPITALS NHS FOUNDATION TRUST,X02,Other - Medical Services,"1,663",995,59.80%,13.3,41.8,32,-,4
Y58,RN3,GREAT WESTERN HOSPITALS NHS FOUNDATION TRUST,X03,Other - Mental Health Services,-,-,-,-,-,-,-,-
Y58,RN3,GREAT WESTERN HOSPITALS NHS FOUNDATION TRUST,X04,Other - Paediatric Services,"1,531",718,46.90%,20,47.8,78,-,16
Y58,RN3,GREAT WESTERN HOSPITALS NHS FOUNDATION TRUST,X05,Other - Surgical Services,556,492,88.50%,2.7,24.3,9,-,1
Y58,RN3,GREAT WESTERN HOSPITALS NHS FOUNDATION TRUST,X06,Other - Other Services,689,570,82.70%,6.5,30.3,2,-,1
Y58,RNZ,SALISBURY NHS FOUNDATION TRUST,C_100,General Surgery Service,"1,332",673,50.50%,17.8,46.2,48,1,10
Y58,RNZ,SALISBURY NHS FOUNDATION TRUST,C_101,Urology Service,"2,300","1,295",56.30%,16,47.6,96,-,6
Y58,RNZ,SALISBURY NHS FOUNDATION TRUST,C_110,Trauma and Orthopaedic Service,"2,151","1,208",56.20%,15.8,38.6,26,-,5
Y58,RNZ,SALISBURY NHS FOUNDATION TRUST,C_120,Ear Nose and Throat Service,"2,598","1,315",50.60%,17.8,44.6,35,1,9
Y58,RNZ,SALISBURY NHS FOUNDATION TRUST,C_130,Ophthalmology Service,"1,988","1,259",63.30%,14.6,37.6,10,-,1
Y58,RNZ,SALISBURY NHS FOUNDATION TRUST,C_140,Oral Surgery Service,"2,882","1,268",44.00%,21.2,49.4,166,-,8
Y58,RNZ,SALISBURY NHS FOUNDATION TRUST,C_150,Neurosurgical Service,-,-,-,-,-,-,-,-
Y58,RNZ,SALISBURY NHS FOUNDATION TRUST,C_160,Plastic Surgery Service,"2,382","1,279",53.70%,16.6,51.1,177,15,67
Y58,RNZ,SALISBURY NHS FOUNDATION TRUST,C_170,Cardiothoracic Surgery Service,-,-,-,-,-,-,-,-
Y58,RNZ,SALISBURY NHS FOUNDATION TRUST,C_300,General Internal Medicine Service,14,7,50.00%,-,-,1,-,-
Y58,RNZ,SALISBURY NHS FOUNDATION TRUST,C_301,Gastroenterology Service,"1,305",770,59.00%,14.2,42.5,9,-,2
Y58,RNZ,SALISBURY NHS FOUNDATION TRUST,C_320,Cardiology Service,"1,766","1,193",67.60%,11.7,39.5,13,-,1
Y58,RNZ,SALISBURY NHS FOUNDATION TRUST,C_330,Dermatology Service,831,487,58.60%,15.2,41.7,15,-,1
Y58,RNZ,SALISBURY NHS FOUNDATION TRUST,C_340,Respiratory Medicine Service,"1,051",614,58.40%,14.7,60.2,131,1,49
Y58,RNZ,SALISBURY NHS FOUNDATION TRUST,C_400,Neurology Service,-,-,-,-,-,-,-,-
Y58,RNZ,SALISBURY NHS FOUNDATION TRUST,C_410,Rheumatology Service,467,297,63.60%,13.7,41.2,6,1,1
Y58,RNZ,SALISBURY NHS FOUNDATION TRUST,C_430,Elderly Medicine Service,205,167,81.50%,9.4,22.5,-,-,-
Y58,RNZ,SALISBURY NHS FOUNDATION TRUST,C_502,Gynaecology Service,"2,786","1,413",50.70%,17.7,46.8,96,-,18
Y58,RNZ,SALISBURY NHS FOUNDATION TRUST,X02,Other - Medical Services,"2,581","1,896",73.50%,10.9,35.3,26,1,9
Y58,RNZ,SALISBURY NHS FOUNDATION TRUST,X03,Other - Mental Health Services,46,37,80.40%,13,30.3,-,-,-
Y58,RNZ,SALISBURY NHS FOUNDATION TRUST,X04,Other - Paediatric Services,204,148,72.50%,11.3,34.4,3,-,2
Y58,RNZ,SALISBURY NHS FOUNDATION TRUST,X05,Other - Surgical Services,"2,031","1,297",63.90%,12.3,42,24,-,5
Y58,RNZ,SALISBURY NHS FOUNDATION TRUST,X06,Other - Other Services,740,475,64.20%,12.6,47.8,35,1,1
Y58,RTE,GLOUCESTERSHIRE HOSPITALS NHS FOUNDATION TRUST,C_100,General Surgery Service,76,69,90.80%,9.4,21.9,3,-,1
Y58,RTE,GLOUCESTERSHIRE HOSPITALS NHS FOUNDATION TRUST,C_101,Urology Service,"3,785","3,062",80.90%,9.2,32.5,57,-,13
Y58,RTE,GLOUCESTERSHIRE HOSPITALS NHS FOUNDATION TRUST,C_110,Trauma and Orthopaedic Service,"8,454","4,710",55.70%,15.7,45.9,328,-,44
Y58,RTE,GLOUCESTERSHIRE HOSPITALS NHS FOUNDATION TRUST,C_120,Ear Nose and Throat Service,"7,699","3,204",41.60%,22.8,53.6,726,2,156
Y58,RTE,GLOUCESTERSHIRE HOSPITALS NHS FOUNDATION TRUST,C_130,Ophthalmology Service,"4,242","2,883",68.00%,12.1,36.6,16,-,1
Y58,RTE,GLOUCESTERSHIRE HOSPITALS NHS FOUNDATION TRUST,C_140,Oral Surgery Service,"5,775","1,771",30.70%,31.4,63.8,"1,195",2,390
Y58,RTE,GLOUCESTERSHIRE HOSPITALS NHS FOUNDATION TRUST,C_150,Neurosurgical Service,-,-,-,-,-,-,-,-
Y58,RTE,GLOUCESTERSHIRE HOSPITALS NHS FOUNDATION TRUST,C_160,Plastic Surgery Service,-,-,-,-,-,-,-,-
Y58,RTE,GLOUCESTERSHIRE HOSPITALS NHS FOUNDATION TRUST,C_170,Cardiothoracic Surgery Service,27,27,100.00%,8.3,15.6,-,-,-
Y58,RTE,GLOUCESTERSHIRE HOSPITALS NHS FOUNDATION TRUST,C_300,General Internal Medicine Service,319,289,90.60%,8.3,18.6,3,-,-
Y58,RTE,GLOUCESTERSHIRE HOSPITALS NHS FOUNDATION TRUST,C_301,Gastroenterology Service,"4,343","3,468",79.90%,9.8,30.5,26,-,8
Y58,RTE,GLOUCESTERSHIRE HOSPITALS NHS FOUNDATION TRUST,C_320,Cardiology Service,"7,700","5,654",73.40%,10.6,38.6,159,1,27
Y58,RTE,GLOUCESTERSHIRE HOSPITALS NHS FOUNDATION TRUST,C_330,Dermatology Service,"4,465","3,023",67.70%,11.6,31.5,7,-,1
Y58,RTE,GLOUCESTERSHIRE HOSPITALS NHS FOUNDATION TRUST,C_340,Respiratory Medicine Service,"1,271",897,70.60%,11.9,31.9,-,-,-
Y58,RTE,GLOUCESTERSHIRE HOSPITALS NHS FOUNDATION TRUST,C_400,Neurology Service,"2,431","1,358",55.90%,15.6,43.4,80,-,7
Y58,RTE,GLOUCESTERSHIRE HOSPITALS NHS FOUNDATION TRUST,C_410,Rheumatology Service,"1,141",674,59.10%,14.2,36.7,11,-,-
Y58,RTE,GLOUCESTERSHIRE HOSPITALS NHS FOUNDATION TRUST,C_430,Elderly Medicine Service,269,230,85.50%,8.8,21.7,-,-,-
Y58,RTE,GLOUCESTERSHIRE HOSPITALS NHS FOUNDATION TRUST,C_502,Gynaecology Service,"3,156","2,106",66.70%,11.8,33.9,20,-,1
Y58,RTE,GLOUCESTERSHIRE HOSPITALS NHS FOUNDATION TRUST,X02,Other - Medical Services,"8,552","7,348",85.90%,7.5,25.8,23,-,1
Y58,RTE,GLOUCESTERSHIRE HOSPITALS NHS FOUNDATION TRUST,X03,Other - Mental Health Services,-,-,-,-,-,-,-,-
Y58,RTE,GLOUCESTERSHIRE HOSPITALS NHS FOUNDATION TRUST,X04,Other - Paediatric Services,"1,254",819,65.30%,12.7,36,23,-,3
Y58,RTE,GLOUCESTERSHIRE HOSPITALS NHS FOUNDATION TRUST,X05,Other - Surgical Services,"7,877","5,426",68.90%,11.1,42.6,288,-,101
Y58,RTE,GLOUCESTERSHIRE HOSPITALS NHS FOUNDATION TRUST,X06,Other - Other Services,800,780,97.50%,6.9,15.4,-,-,-
Y58,RVJ,NORTH BRISTOL NHS TRUST,C_100,General Surgery Service,"1,059",463,43.70%,21.3,54.9,108,2,18
Y58,RVJ,NORTH BRISTOL NHS TRUST,C_101,Urology Service,"7,271","4,463",61.40%,14.1,44,274,6,43
Y58,RVJ,NORTH BRISTOL NHS TRUST,C_110,Trauma and Orthopaedic Service,"6,128","3,335",54.40%,15.8,47.9,325,7,70
Y58,RVJ,NORTH BRISTOL NHS TRUST,C_120,Ear Nose and Throat Service,-,-,-,-,-,-,-,-
Y58,RVJ,NORTH BRISTOL NHS TRUST,C_130,Ophthalmology Service,-,-,-,-,-,-,-,-
Y58,RVJ,NORTH BRISTOL NHS TRUST,C_140,Oral Surgery Service,-,-,-,-,-,-,-,-
Y58,RVJ,NORTH BRISTOL NHS TRUST,C_150,Neurosurgical Service,"1,338",919,68.70%,11.1,36.9,13,-,-
Y58,RVJ,NORTH BRISTOL NHS TRUST,C_160,Plastic Surgery Service,"3,255","2,022",62.10%,12.7,50.7,236,25,67
Y58,RVJ,NORTH BRISTOL NHS TRUST,C_170,Cardiothoracic Surgery Service,22,22,100.00%,6.8,8.7,-,-,-
Y58,RVJ,NORTH BRISTOL NHS TRUST,C_300,General Internal Medicine Service,-,-,-,-,-,-,-,-
Y58,RVJ,NORTH BRISTOL NHS TRUST,C_301,Gastroenterology Service,955,668,69.90%,12,29.1,1,-,-
Y58,RVJ,NORTH BRISTOL NHS TRUST,C_320,Cardiology Service,"1,708","1,160",67.90%,9.5,32.7,5,-,-
Y58,RVJ,NORTH BRISTOL NHS TRUST,C_330,Dermatology Service,"2,615","1,271",48.60%,18.7,44.3,3,-,2
Y58,RVJ,NORTH BRISTOL NHS TRUST,C_340,Respiratory Medicine Service,731,681,93.20%,6.6,17.5,-,-,-
Y58,RVJ,NORTH BRISTOL NHS TRUST,C_400,Neurology Service,"4,117","2,629",63.90%,13.1,33.1,22,-,-
Y58,RVJ,NORTH BRISTOL NHS TRUST,C_410,Rheumatology Service,545,451,82.80%,9,23.1,-,-,-
Y58,RVJ,NORTH BRISTOL NHS TRUST,C_430,Elderly Medicine Service,236,199,84.30%,3.8,23.7,-,-,-
Y58,RVJ,NORTH BRISTOL NHS TRUST,C_502,Gynaecology Service,"5,647","3,092",54.80%,15.9,46.3,213,1,34
Y58,RVJ,NORTH BRISTOL NHS TRUST,X02,Other - Medical Services,"5,733","3,501",61.10%,13.5,40.7,68,-,2
Y58,RVJ,NORTH BRISTOL NHS TRUST,X03,Other - Mental Health Services,-,-,-,-,-,-,-,-
Y58,RVJ,NORTH BRISTOL NHS TRUST,X04,Other - Paediatric Services,24,24,100.00%,1.3,5.1,-,-,-
Y58,RVJ,NORTH BRISTOL NHS TRUST,X05,Other - Surgical Services,"5,131","3,470",67.60%,10.9,39.4,125,4,13
Y58,RVJ,NORTH BRISTOL NHS TRUST,X06,Other - Other Services,195,175,89.70%,3.6,19.2,-,-,-
Y59,R1C,SOLENT NHS TRUST,C_100,General Surgery Service,-,-,-,-,-,-,-,-
Y59,R1C,SOLENT NHS TRUST,C_101,Urology Service,-,-,-,-,-,-,-,-
Y59,R1C,SOLENT NHS TRUST,C_110,Trauma and Orthopaedic Service,-,-,-,-,-,-,-,-
Y59,R1C,SOLENT NHS TRUST,C_120,Ear Nose and Throat Service,-,-,-,-,-,-,-,-
Y59,R1C,SOLENT NHS TRUST,C_130,Ophthalmology Service,-,-,-,-,-,-,-,-
Y59,R1C,SOLENT NHS TRUST,C_140,Oral Surgery Service,-,-,-,-,-,-,-,-
Y59,R1C,SOLENT NHS TRUST,C_150,Neurosurgical Service,-,-,-,-,-,-,-,-
Y59,R1C,SOLENT NHS TRUST,C_160,Plastic Surgery Service,-,-,-,-,-,-,-,-
Y59,R1C,SOLENT NHS TRUST,C_170,Cardiothoracic Surgery Service,-,-,-,-,-,-,-,-
Y59,R1C,SOLENT NHS TRUST,C_300,General Internal Medicine Service,-,-,-,-,-,-,-,-
Y59,R1C,SOLENT NHS TRUST,C_301,Gastroenterology Service,-,-,-,-,-,-,-,-
Y59,R1C,SOLENT NHS TRUST,C_320,Cardiology Service,-,-,-,-,-,-,-,-
Y59,R1C,SOLENT NHS TRUST,C_330,Dermatology Service,-,-,-,-,-,-,-,-
Y59,R1C,SOLENT NHS TRUST,C_340,Respiratory Medicine Service,-,-,-,-,-,-,-,-
Y59,R1C,SOLENT NHS TRUST,C_400,Neurology Service,-,-,-,-,-,-,-,-
Y59,R1C,SOLENT NHS TRUST,C_410,Rheumatology Service,-,-,-,-,-,-,-,-
Y59,R1C,SOLENT NHS TRUST,C_430,Elderly Medicine Service,-,-,-,-,-,-,-,-
Y59,R1C,SOLENT NHS TRUST,C_502,Gynaecology Service,-,-,-,-,-,-,-,-
Y59,R1C,SOLENT NHS TRUST,X02,Other - Medical Services,286,284,99.30%,7.5,16.1,-,-,-
Y59,R1C,SOLENT NHS TRUST,X03,Other - Mental Health Services,303,299,98.70%,6.2,15.2,-,-,-
Y59,R1C,SOLENT NHS TRUST,X04,Other - Paediatric Services,821,453,55.20%,16.3,36.2,9,3,3
Y59,R1C,SOLENT NHS TRUST,X05,Other - Surgical Services,-,-,-,-,-,-,-,-
Y59,R1C,SOLENT NHS TRUST,X06,Other - Other Services,27,27,100.00%,6.5,15.9,-,-,-
Y59,R1F,ISLE OF WIGHT NHS TRUST,C_100,General Surgery Service,"1,137",491,43.20%,22,59.1,156,3,47
Y59,R1F,ISLE OF WIGHT NHS TRUST,C_101,Urology Service,754,567,75.20%,10.7,28.7,11,-,-
Y59,R1F,ISLE OF WIGHT NHS TRUST,C_110,Trauma and Orthopaedic Service,"2,398","1,086",45.30%,20.5,53.1,210,6,73
Y59,R1F,ISLE OF WIGHT NHS TRUST,C_120,Ear Nose and Throat Service,"1,400",456,32.60%,23.9,37.5,3,1,1
Y59,R1F,ISLE OF WIGHT NHS TRUST,C_130,Ophthalmology Service,"2,490","1,291",51.80%,17.1,43.4,24,-,3
Y59,R1F,ISLE OF WIGHT NHS TRUST,C_140,Oral Surgery Service,451,222,49.20%,18.3,43.3,14,2,3
Y59,R1F,ISLE OF WIGHT NHS TRUST,C_150,Neurosurgical Service,-,-,-,-,-,-,-,-
Y59,R1F,ISLE OF WIGHT NHS TRUST,C_160,Plastic Surgery Service,-,-,-,-,-,-,-,-
Y59,R1F,ISLE OF WIGHT NHS TRUST,C_170,Cardiothoracic Surgery Service,-,-,-,-,-,-,-,-
Y59,R1F,ISLE OF WIGHT NHS TRUST,C_300,General Internal Medicine Service,1,-,-,-,-,-,-,-
Y59,R1F,ISLE OF WIGHT NHS TRUST,C_301,Gastroenterology Service,516,351,68.00%,12.4,30,3,-,3
Y59,R1F,ISLE OF WIGHT NHS TRUST,C_320,Cardiology Service,942,287,30.50%,26.4,50.6,60,-,3
Y59,R1F,ISLE OF WIGHT NHS TRUST,C_330,Dermatology Service,792,696,87.90%,7.5,19.7,1,-,-
Y59,R1F,ISLE OF WIGHT NHS TRUST,C_340,Respiratory Medicine Service,347,126,36.30%,25.5,52,28,1,1
Y59,R1F,ISLE OF WIGHT NHS TRUST,C_400,Neurology Service,-,-,-,-,-,-,-,-
Y59,R1F,ISLE OF WIGHT NHS TRUST,C_410,Rheumatology Service,171,161,94.20%,6,15.1,-,-,-
Y59,R1F,ISLE OF WIGHT NHS TRUST,C_430,Elderly Medicine Service,62,49,79.00%,12.8,23,-,-,-
Y59,R1F,ISLE OF WIGHT NHS TRUST,C_502,Gynaecology Service,"1,140",516,45.30%,20.3,44.1,34,-,-
Y59,R1F,ISLE OF WIGHT NHS TRUST,X02,Other - Medical Services,539,270,50.10%,18,46,22,-,1
Y59,R1F,ISLE OF WIGHT NHS TRUST,X03,Other - Mental Health Services,"1,525",919,60.30%,13.2,49.6,106,5,40
Y59,R1F,ISLE OF WIGHT NHS TRUST,X04,Other - Paediatric Services,-,-,-,-,-,-,-,-
Y59,R1F,ISLE OF WIGHT NHS TRUST,X05,Other - Surgical Services,920,576,62.60%,13.5,36.1,3,-,-
Y59,R1F,ISLE OF WIGHT NHS TRUST,X06,Other - Other Services,91,49,53.80%,10.5,47.7,2,-,-
Y59,RA2,ROYAL SURREY COUNTY HOSPITAL NHS FOUNDATION TRUST,C_100,General Surgery Service,"4,391","2,408",54.80%,16.2,40.3,156,3,54
Y59,RA2,ROYAL SURREY COUNTY HOSPITAL NHS FOUNDATION TRUST,C_101,Urology Service,"2,749","1,676",61.00%,13.9,41.9,135,3,40
Y59,RA2,ROYAL SURREY COUNTY HOSPITAL NHS FOUNDATION TRUST,C_110,Trauma and Orthopaedic Service,"6,258","2,809",44.90%,20.2,51.2,480,65,197
Y59,RA2,ROYAL SURREY COUNTY HOSPITAL NHS FOUNDATION TRUST,C_120,Ear Nose and Throat Service,"3,894","1,761",45.20%,20.2,50.2,253,6,66
Y59,RA2,ROYAL SURREY COUNTY HOSPITAL NHS FOUNDATION TRUST,C_130,Ophthalmology Service,"2,651","1,687",63.60%,13.1,34.2,23,1,10
Y59,RA2,ROYAL SURREY COUNTY HOSPITAL NHS FOUNDATION TRUST,C_140,Oral Surgery Service,"4,832","1,940",40.10%,24.6,60.3,691,23,212
Y59,RA2,ROYAL SURREY COUNTY HOSPITAL NHS FOUNDATION TRUST,C_150,Neurosurgical Service,-,-,-,-,-,-,-,-
Y59,RA2,ROYAL SURREY COUNTY HOSPITAL NHS FOUNDATION TRUST,C_160,Plastic Surgery Service,283,161,56.90%,15.5,34.8,2,-,1
Y59,RA2,ROYAL SURREY COUNTY HOSPITAL NHS FOUNDATION TRUST,C_170,Cardiothoracic Surgery Service,36,18,50.00%,18,30.6,-,-,-
Y59,RA2,ROYAL SURREY COUNTY HOSPITAL NHS FOUNDATION TRUST,C_300,General Internal Medicine Service,55,15,27.30%,25.8,32.8,-,-,-
Y59,RA2,ROYAL SURREY COUNTY HOSPITAL NHS FOUNDATION TRUST,C_301,Gastroenterology Service,"1,234",728,59.00%,14.8,34.6,14,2,3
Y59,RA2,ROYAL SURREY COUNTY HOSPITAL NHS FOUNDATION TRUST,C_320,Cardiology Service,"2,041","1,031",50.50%,17.8,45,73,7,26
Y59,RA2,ROYAL SURREY COUNTY HOSPITAL NHS FOUNDATION TRUST,C_330,Dermatology Service,1,1,100.00%,-,-,-,-,-
Y59,RA2,ROYAL SURREY COUNTY HOSPITAL NHS FOUNDATION TRUST,C_340,Respiratory Medicine Service,"1,527",749,49.10%,18.4,41.3,34,-,4
Y59,RA2,ROYAL SURREY COUNTY HOSPITAL NHS FOUNDATION TRUST,C_400,Neurology Service,"1,059",521,49.20%,18.4,46.4,41,-,8
Y59,RA2,ROYAL SURREY COUNTY HOSPITAL NHS FOUNDATION TRUST,C_410,Rheumatology Service,417,284,68.10%,12.7,33.6,-,-,-
Y59,RA2,ROYAL SURREY COUNTY HOSPITAL NHS FOUNDATION TRUST,C_430,Elderly Medicine Service,169,58,34.30%,21.5,33.7,-,-,-
Y59,RA2,ROYAL SURREY COUNTY HOSPITAL NHS FOUNDATION TRUST,C_502,Gynaecology Service,"2,364","1,421",60.10%,14.3,40.5,69,1,15
Y59,RA2,ROYAL SURREY COUNTY HOSPITAL NHS FOUNDATION TRUST,X02,Other - Medical Services,"4,544","2,946",64.80%,13.3,33.1,55,2,24
Y59,RA2,ROYAL SURREY COUNTY HOSPITAL NHS FOUNDATION TRUST,X03,Other - Mental Health Services,-,-,-,-,-,-,-,-
Y59,RA2,ROYAL SURREY COUNTY HOSPITAL NHS FOUNDATION TRUST,X04,Other - Paediatric Services,664,534,80.40%,10.3,24.4,1,-,-
Y59,RA2,ROYAL SURREY COUNTY HOSPITAL NHS FOUNDATION TRUST,X05,Other - Surgical Services,"1,820",973,53.50%,16.4,40.2,59,3,17
Y59,RA2,ROYAL SURREY COUNTY HOSPITAL NHS FOUNDATION TRUST,X06,Other - Other Services,"2,078","1,358",65.40%,12,30.8,8,1,1
Y59,RDR,SUSSEX COMMUNITY NHS FOUNDATION TRUST,C_100,General Surgery Service,-,-,-,-,-,-,-,-
Y59,RDR,SUSSEX COMMUNITY NHS FOUNDATION TRUST,C_101,Urology Service,-,-,-,-,-,-,-,-
Y59,RDR,SUSSEX COMMUNITY NHS FOUNDATION TRUST,C_110,Trauma and Orthopaedic Service,"4,774","3,389",71.00%,10.8,27.2,-,-,-
Y59,RDR,SUSSEX COMMUNITY NHS FOUNDATION TRUST,C_120,Ear Nose and Throat Service,-,-,-,-,-,-,-,-
Y59,RDR,SUSSEX COMMUNITY NHS FOUNDATION TRUST,C_130,Ophthalmology Service,-,-,-,-,-,-,-,-
Y59,RDR,SUSSEX COMMUNITY NHS FOUNDATION TRUST,C_140,Oral Surgery Service,-,-,-,-,-,-,-,-
Y59,RDR,SUSSEX COMMUNITY NHS FOUNDATION TRUST,C_150,Neurosurgical Service,-,-,-,-,-,-,-,-
Y59,RDR,SUSSEX COMMUNITY NHS FOUNDATION TRUST,C_160,Plastic Surgery Service,-,-,-,-,-,-,-,-
Y59,RDR,SUSSEX COMMUNITY NHS FOUNDATION TRUST,C_170,Cardiothoracic Surgery Service,-,-,-,-,-,-,-,-
Y59,RDR,SUSSEX COMMUNITY NHS FOUNDATION TRUST,C_300,General Internal Medicine Service,236,229,97.00%,3,12.4,-,-,-
Y59,RDR,SUSSEX COMMUNITY NHS FOUNDATION TRUST,C_301,Gastroenterology Service,-,-,-,-,-,-,-,-
Y59,RDR,SUSSEX COMMUNITY NHS FOUNDATION TRUST,C_320,Cardiology Service,-,-,-,-,-,-,-,-
Y59,RDR,SUSSEX COMMUNITY NHS FOUNDATION TRUST,C_330,Dermatology Service,-,-,-,-,-,-,-,-
Y59,RDR,SUSSEX COMMUNITY NHS FOUNDATION TRUST,C_340,Respiratory Medicine Service,-,-,-,-,-,-,-,-
Y59,RDR,SUSSEX COMMUNITY NHS FOUNDATION TRUST,C_400,Neurology Service,-,-,-,-,-,-,-,-
Y59,RDR,SUSSEX COMMUNITY NHS FOUNDATION TRUST,C_410,Rheumatology Service,99,99,100.00%,4,10.7,-,-,-
Y59,RDR,SUSSEX COMMUNITY NHS FOUNDATION TRUST,C_430,Elderly Medicine Service,-,-,-,-,-,-,-,-
Y59,RDR,SUSSEX COMMUNITY NHS FOUNDATION TRUST,C_502,Gynaecology Service,-,-,-,-,-,-,-,-
Y59,RDR,SUSSEX COMMUNITY NHS FOUNDATION TRUST,X02,Other - Medical Services,62,49,79.00%,6.3,22.8,-,-,-
Y59,RDR,SUSSEX COMMUNITY NHS FOUNDATION TRUST,X03,Other - Mental Health Services,-,-,-,-,-,-,-,-
Y59,RDR,SUSSEX COMMUNITY NHS FOUNDATION TRUST,X04,Other - Paediatric Services,"1,201",867,72.20%,11.2,28.7,-,-,-
Y59,RDR,SUSSEX COMMUNITY NHS FOUNDATION TRUST,X05,Other - Surgical Services,137,132,96.40%,5.5,14.5,-,-,-
Y59,RDR,SUSSEX COMMUNITY NHS FOUNDATION TRUST,X06,Other - Other Services,-,-,-,-,-,-,-,-
Y59,RDU,FRIMLEY HEALTH NHS FOUNDATION TRUST,C_100,General Surgery Service,"2,120","1,251",59.00%,13.3,50.3,143,4,22
Y59,RDU,FRIMLEY HEALTH NHS FOUNDATION TRUST,C_101,Urology Service,"5,532","2,726",49.30%,18.4,49.6,338,5,49
Y59,RDU,FRIMLEY HEALTH NHS FOUNDATION TRUST,C_110,Trauma and Orthopaedic Service,"12,500","5,907",47.30%,19.2,44.7,395,5,56
Y59,RDU,FRIMLEY HEALTH NHS FOUNDATION TRUST,C_120,Ear Nose and Throat Service,"7,738","3,333",43.10%,21.7,49.2,407,6,59
Y59,RDU,FRIMLEY HEALTH NHS FOUNDATION TRUST,C_130,Ophthalmology Service,"4,961","3,150",63.50%,12.4,43,81,-,4
Y59,RDU,FRIMLEY HEALTH NHS FOUNDATION TRUST,C_140,Oral Surgery Service,"3,478",896,25.80%,28.1,53.9,391,3,39
Y59,RDU,FRIMLEY HEALTH NHS FOUNDATION TRUST,C_150,Neurosurgical Service,-,-,-,-,-,-,-,-
Y59,RDU,FRIMLEY HEALTH NHS FOUNDATION TRUST,C_160,Plastic Surgery Service,"1,986",966,48.60%,18.8,51.2,150,-,26
Y59,RDU,FRIMLEY HEALTH NHS FOUNDATION TRUST,C_170,Cardiothoracic Surgery Service,-,-,-,-,-,-,-,-
Y59,RDU,FRIMLEY HEALTH NHS FOUNDATION TRUST,C_300,General Internal Medicine Service,18,13,72.20%,-,-,-,-,-
Y59,RDU,FRIMLEY HEALTH NHS FOUNDATION TRUST,C_301,Gastroenterology Service,"2,455","1,465",59.70%,13.2,41.8,51,-,7
Y59,RDU,FRIMLEY HEALTH NHS FOUNDATION TRUST,C_320,Cardiology Service,"5,142","2,748",53.40%,16.5,41.2,100,1,26
Y59,RDU,FRIMLEY HEALTH NHS FOUNDATION TRUST,C_330,Dermatology Service,"4,267","2,089",49.00%,18.5,43.7,57,1,4
Y59,RDU,FRIMLEY HEALTH NHS FOUNDATION TRUST,C_340,Respiratory Medicine Service,"2,971","1,640",55.20%,15.5,41.1,25,1,3
Y59,RDU,FRIMLEY HEALTH NHS FOUNDATION TRUST,C_400,Neurology Service,"4,616","1,688",36.60%,26.3,54.3,510,-,34
Y59,RDU,FRIMLEY HEALTH NHS FOUNDATION TRUST,C_410,Rheumatology Service,965,715,74.10%,10.5,28.6,5,-,-
Y59,RDU,FRIMLEY HEALTH NHS FOUNDATION TRUST,C_430,Elderly Medicine Service,22,21,95.50%,6.3,17.2,-,-,-
Y59,RDU,FRIMLEY HEALTH NHS FOUNDATION TRUST,C_502,Gynaecology Service,"6,690","3,231",48.30%,19,54,642,6,124
Y59,RDU,FRIMLEY HEALTH NHS FOUNDATION TRUST,X02,Other - Medical Services,"7,008","3,485",49.70%,18.1,47.8,378,1,53
Y59,RDU,FRIMLEY HEALTH NHS FOUNDATION TRUST,X03,Other - Mental Health Services,4,4,100.00%,-,-,-,-,-
Y59,RDU,FRIMLEY HEALTH NHS FOUNDATION TRUST,X04,Other - Paediatric Services,588,204,34.70%,25.8,50.7,42,-,6
Y59,RDU,FRIMLEY HEALTH NHS FOUNDATION TRUST,X05,Other - Surgical Services,"7,158","4,025",56.20%,14.9,45.2,261,13,74
Y59,RDU,FRIMLEY HEALTH NHS FOUNDATION TRUST,X06,Other - Other Services,686,240,35.00%,29,58.4,111,3,22
Y59,RHM,UNIVERSITY HOSPITAL SOUTHAMPTON NHS FOUNDATION TRUST,C_100,General Surgery Service,"1,172",545,46.50%,19.9,53.5,105,-,6
Y59,RHM,UNIVERSITY HOSPITAL SOUTHAMPTON NHS FOUNDATION TRUST,C_101,Urology Service,"2,373","1,389",58.50%,14.1,47.4,124,-,24
Y59,RHM,UNIVERSITY HOSPITAL SOUTHAMPTON NHS FOUNDATION TRUST,C_110,Trauma and Orthopaedic Service,"4,018","2,193",54.60%,16.2,48.5,231,-,38
Y59,RHM,UNIVERSITY HOSPITAL SOUTHAMPTON NHS FOUNDATION TRUST,C_120,Ear Nose and Throat Service,"1,848",925,50.10%,18,48.2,93,-,20
Y59,RHM,UNIVERSITY HOSPITAL SOUTHAMPTON NHS FOUNDATION TRUST,C_130,Ophthalmology Service,"6,040","4,101",67.90%,11.1,38.5,122,23,46
Y59,RHM,UNIVERSITY HOSPITAL SOUTHAMPTON NHS FOUNDATION TRUST,C_140,Oral Surgery Service,"2,255","1,158",51.40%,17.3,45.7,68,-,5
Y59,RHM,UNIVERSITY HOSPITAL SOUTHAMPTON NHS FOUNDATION TRUST,C_150,Neurosurgical Service,"1,048",687,65.60%,12.1,41,29,1,5
Y59,RHM,UNIVERSITY HOSPITAL SOUTHAMPTON NHS FOUNDATION TRUST,C_160,Plastic Surgery Service,-,-,-,-,-,-,-,-
Y59,RHM,UNIVERSITY HOSPITAL SOUTHAMPTON NHS FOUNDATION TRUST,C_170,Cardiothoracic Surgery Service,746,553,74.10%,10.9,33.2,1,-,-
Y59,RHM,UNIVERSITY HOSPITAL SOUTHAMPTON NHS FOUNDATION TRUST,C_300,General Internal Medicine Service,62,35,56.50%,12.7,40.4,-,-,-
Y59,RHM,UNIVERSITY HOSPITAL SOUTHAMPTON NHS FOUNDATION TRUST,C_301,Gastroenterology Service,"1,291",982,76.10%,10.5,28.5,6,-,-
Y59,RHM,UNIVERSITY HOSPITAL SOUTHAMPTON NHS FOUNDATION TRUST,C_320,Cardiology Service,"2,483","1,682",67.70%,12.6,36.2,35,1,3
Y59,RHM,UNIVERSITY HOSPITAL SOUTHAMPTON NHS FOUNDATION TRUST,C_330,Dermatology Service,"3,187","2,141",67.20%,11.7,33.4,13,-,1
Y59,RHM,UNIVERSITY HOSPITAL SOUTHAMPTON NHS FOUNDATION TRUST,C_340,Respiratory Medicine Service,"1,130",890,78.80%,10,30,4,-,-
Y59,RHM,UNIVERSITY HOSPITAL SOUTHAMPTON NHS FOUNDATION TRUST,C_400,Neurology Service,"4,896","2,814",57.50%,14.7,45.1,129,-,2
Y59,RHM,UNIVERSITY HOSPITAL SOUTHAMPTON NHS FOUNDATION TRUST,C_410,Rheumatology Service,632,518,82.00%,8.9,24.8,4,-,-
Y59,RHM,UNIVERSITY HOSPITAL SOUTHAMPTON NHS FOUNDATION TRUST,C_430,Elderly Medicine Service,265,191,72.10%,12.1,25.5,-,-,-
Y59,RHM,UNIVERSITY HOSPITAL SOUTHAMPTON NHS FOUNDATION TRUST,C_502,Gynaecology Service,"4,925","2,385",48.40%,18.7,48.3,270,1,44
Y59,RHM,UNIVERSITY HOSPITAL SOUTHAMPTON NHS FOUNDATION TRUST,X02,Other - Medical Services,"6,848","5,200",75.90%,10.4,28.2,20,-,5
Y59,RHM,UNIVERSITY HOSPITAL SOUTHAMPTON NHS FOUNDATION TRUST,X03,Other - Mental Health Services,-,-,-,-,-,-,-,-
Y59,RHM,UNIVERSITY HOSPITAL SOUTHAMPTON NHS FOUNDATION TRUST,X04,Other - Paediatric Services,"7,206","4,328",60.10%,13.6,46.1,262,1,30
Y59,RHM,UNIVERSITY HOSPITAL SOUTHAMPTON NHS FOUNDATION TRUST,X05,Other - Surgical Services,"4,755","2,778",58.40%,14,43.4,153,-,16
Y59,RHM,UNIVERSITY HOSPITAL SOUTHAMPTON NHS FOUNDATION TRUST,X06,Other - Other Services,531,431,81.20%,6.8,28.5,2,-,-
Y59,RHU,PORTSMOUTH HOSPITALS UNIVERSITY NATIONAL HEALTH SERVICE TRUST,C_100,General Surgery Service,"5,696","3,059",53.70%,15.9,55.2,570,22,149
Y59,RHU,PORTSMOUTH HOSPITALS UNIVERSITY NATIONAL HEALTH SERVICE TRUST,C_101,Urology Service,"3,346","1,907",57.00%,15.2,38.2,154,5,40
Y59,RHU,PORTSMOUTH HOSPITALS UNIVERSITY NATIONAL HEALTH SERVICE TRUST,C_110,Trauma and Orthopaedic Service,"5,646","2,783",49.30%,18.3,51.1,415,11,84
Y59,RHU,PORTSMOUTH HOSPITALS UNIVERSITY NATIONAL HEALTH SERVICE TRUST,C_120,Ear Nose and Throat Service,"9,324","3,411",36.60%,27.1,60.2,"1,333",82,426
Y59,RHU,PORTSMOUTH HOSPITALS UNIVERSITY NATIONAL HEALTH SERVICE TRUST,C_130,Ophthalmology Service,"5,840","3,483",59.60%,13.9,46,235,7,51
Y59,RHU,PORTSMOUTH HOSPITALS UNIVERSITY NATIONAL HEALTH SERVICE TRUST,C_140,Oral Surgery Service,"3,305","1,323",40.00%,24.6,54.2,343,18,107
Y59,RHU,PORTSMOUTH HOSPITALS UNIVERSITY NATIONAL HEALTH SERVICE TRUST,C_150,Neurosurgical Service,-,-,-,-,-,-,-,-
Y59,RHU,PORTSMOUTH HOSPITALS UNIVERSITY NATIONAL HEALTH SERVICE TRUST,C_160,Plastic Surgery Service,743,338,45.50%,20.5,70.6,116,47,72
Y59,RHU,PORTSMOUTH HOSPITALS UNIVERSITY NATIONAL HEALTH SERVICE TRUST,C_170,Cardiothoracic Surgery Service,-,-,-,-,-,-,-,-
Y59,RHU,PORTSMOUTH HOSPITALS UNIVERSITY NATIONAL HEALTH SERVICE TRUST,C_300,General Internal Medicine Service,-,-,-,-,-,-,-,-
Y59,RHU,PORTSMOUTH HOSPITALS UNIVERSITY NATIONAL HEALTH SERVICE TRUST,C_301,Gastroenterology Service,"6,482","3,069",47.30%,19.3,43.1,104,2,27
Y59,RHU,PORTSMOUTH HOSPITALS UNIVERSITY NATIONAL HEALTH SERVICE TRUST,C_320,Cardiology Service,"3,219","2,365",73.50%,10.9,27.1,7,2,2
Y59,RHU,PORTSMOUTH HOSPITALS UNIVERSITY NATIONAL HEALTH SERVICE TRUST,C_330,Dermatology Service,"1,962","1,530",78.00%,9.7,26.9,-,-,-
Y59,RHU,PORTSMOUTH HOSPITALS UNIVERSITY NATIONAL HEALTH SERVICE TRUST,C_340,Respiratory Medicine Service,665,627,94.30%,5.9,16.4,-,-,-
Y59,RHU,PORTSMOUTH HOSPITALS UNIVERSITY NATIONAL HEALTH SERVICE TRUST,C_400,Neurology Service,-,-,-,-,-,-,-,-
Y59,RHU,PORTSMOUTH HOSPITALS UNIVERSITY NATIONAL HEALTH SERVICE TRUST,C_410,Rheumatology Service,623,579,92.90%,6.9,17.7,1,-,-
Y59,RHU,PORTSMOUTH HOSPITALS UNIVERSITY NATIONAL HEALTH SERVICE TRUST,C_430,Elderly Medicine Service,62,61,98.40%,4,12,-,-,-
Y59,RHU,PORTSMOUTH HOSPITALS UNIVERSITY NATIONAL HEALTH SERVICE TRUST,C_502,Gynaecology Service,"5,167","2,544",49.20%,18.6,53.6,472,23,139
Y59,RHU,PORTSMOUTH HOSPITALS UNIVERSITY NATIONAL HEALTH SERVICE TRUST,X02,Other - Medical Services,"2,927","1,719",58.70%,14.6,41.5,71,3,16
Y59,RHU,PORTSMOUTH HOSPITALS UNIVERSITY NATIONAL HEALTH SERVICE TRUST,X03,Other - Mental Health Services,-,-,-,-,-,-,-,-
Y59,RHU,PORTSMOUTH HOSPITALS UNIVERSITY NATIONAL HEALTH SERVICE TRUST,X04,Other - Paediatric Services,465,437,94.00%,4.5,16.5,-,-,-
Y59,RHU,PORTSMOUTH HOSPITALS UNIVERSITY NATIONAL HEALTH SERVICE TRUST,X05,Other - Surgical Services,"1,085",330,30.40%,26.5,50.5,70,-,3
Y59,RHU,PORTSMOUTH HOSPITALS UNIVERSITY NATIONAL HEALTH SERVICE TRUST,X06,Other - Other Services,"2,670","1,290",48.30%,19.2,46.6,58,1,12
Y59,RHW,ROYAL BERKSHIRE NHS FOUNDATION TRUST,C_100,General Surgery Service,"2,079","1,729",83.20%,9.4,24.2,1,-,-
Y59,RHW,ROYAL BERKSHIRE NHS FOUNDATION TRUST,C_101,Urology Service,"2,349","2,024",86.20%,9,21.9,-,-,-
Y59,RHW,ROYAL BERKSHIRE NHS FOUNDATION TRUST,C_110,Trauma and Orthopaedic Service,"2,739","2,332",85.10%,9.2,21.7,-,-,-
Y59,RHW,ROYAL BERKSHIRE NHS FOUNDATION TRUST,C_120,Ear Nose and Throat Service,"3,126","2,550",81.60%,9.6,24.5,3,-,-
Y59,RHW,ROYAL BERKSHIRE NHS FOUNDATION TRUST,C_130,Ophthalmology Service,"3,508","2,976",84.80%,9.5,22.8,2,-,1
Y59,RHW,ROYAL BERKSHIRE NHS FOUNDATION TRUST,C_140,Oral Surgery Service,440,397,90.20%,6.7,19.9,-,-,-
Y59,RHW,ROYAL BERKSHIRE NHS FOUNDATION TRUST,C_150,Neurosurgical Service,-,-,-,-,-,-,-,-
Y59,RHW,ROYAL BERKSHIRE NHS FOUNDATION TRUST,C_160,Plastic Surgery Service,347,278,80.10%,10.3,26.7,-,-,-
Y59,RHW,ROYAL BERKSHIRE NHS FOUNDATION TRUST,C_170,Cardiothoracic Surgery Service,-,-,-,-,-,-,-,-
Y59,RHW,ROYAL BERKSHIRE NHS FOUNDATION TRUST,C_300,General Internal Medicine Service,-,-,-,-,-,-,-,-
Y59,RHW,ROYAL BERKSHIRE NHS FOUNDATION TRUST,C_301,Gastroenterology Service,"3,414","2,847",83.40%,9.1,23.7,1,-,-
Y59,RHW,ROYAL BERKSHIRE NHS FOUNDATION TRUST,C_320,Cardiology Service,"2,668","2,229",83.50%,9.3,23.6,-,-,-
Y59,RHW,ROYAL BERKSHIRE NHS FOUNDATION TRUST,C_330,Dermatology Service,"2,418","2,007",83.00%,9,23.7,-,-,-
Y59,RHW,ROYAL BERKSHIRE NHS FOUNDATION TRUST,C_340,Respiratory Medicine Service,"1,523","1,323",86.90%,7.3,21.4,-,-,-
Y59,RHW,ROYAL BERKSHIRE NHS FOUNDATION TRUST,C_400,Neurology Service,841,674,80.10%,9.8,25.3,1,-,-
Y59,RHW,ROYAL BERKSHIRE NHS FOUNDATION TRUST,C_410,Rheumatology Service,139,116,83.50%,6.6,20.3,-,-,-
Y59,RHW,ROYAL BERKSHIRE NHS FOUNDATION TRUST,C_430,Elderly Medicine Service,-,-,-,-,-,-,-,-
Y59,RHW,ROYAL BERKSHIRE NHS FOUNDATION TRUST,C_502,Gynaecology Service,"2,724","2,316",85.00%,8.8,22.7,1,-,-
Y59,RHW,ROYAL BERKSHIRE NHS FOUNDATION TRUST,X02,Other - Medical Services,"1,344","1,162",86.50%,9.1,21.7,-,-,-
Y59,RHW,ROYAL BERKSHIRE NHS FOUNDATION TRUST,X03,Other - Mental Health Services,-,-,-,-,-,-,-,-
Y59,RHW,ROYAL BERKSHIRE NHS FOUNDATION TRUST,X04,Other - Paediatric Services,"1,849","1,531",82.80%,8.8,24.6,-,-,-
Y59,RHW,ROYAL BERKSHIRE NHS FOUNDATION TRUST,X05,Other - Surgical Services,36,31,86.10%,13,21.1,-,-,-
Y59,RHW,ROYAL BERKSHIRE NHS FOUNDATION TRUST,X06,Other - Other Services,482,384,79.70%,11.6,23.2,-,-,-
Y59,RN5,HAMPSHIRE HOSPITALS NHS FOUNDATION TRUST,C_100,General Surgery Service,"2,898","1,245",43.00%,21.4,46,120,-,18
Y59,RN5,HAMPSHIRE HOSPITALS NHS FOUNDATION TRUST,C_101,Urology Service,"3,681","2,126",57.80%,14.5,47.1,200,8,39
Y59,RN5,HAMPSHIRE HOSPITALS NHS FOUNDATION TRUST,C_110,Trauma and Orthopaedic Service,"6,105","3,057",50.10%,18,51.3,464,14,173
Y59,RN5,HAMPSHIRE HOSPITALS NHS FOUNDATION TRUST,C_120,Ear Nose and Throat Service,"4,087","2,150",52.60%,16.8,46.4,179,-,31
Y59,RN5,HAMPSHIRE HOSPITALS NHS FOUNDATION TRUST,C_130,Ophthalmology Service,"4,440","2,544",57.30%,15,44.1,93,-,8
Y59,RN5,HAMPSHIRE HOSPITALS NHS FOUNDATION TRUST,C_140,Oral Surgery Service,"2,209","1,100",49.80%,18.1,42.1,41,-,2
Y59,RN5,HAMPSHIRE HOSPITALS NHS FOUNDATION TRUST,C_150,Neurosurgical Service,-,-,-,-,-,-,-,-
Y59,RN5,HAMPSHIRE HOSPITALS NHS FOUNDATION TRUST,C_160,Plastic Surgery Service,-,-,-,-,-,-,-,-
Y59,RN5,HAMPSHIRE HOSPITALS NHS FOUNDATION TRUST,C_170,Cardiothoracic Surgery Service,1,-,-,-,-,-,-,-
Y59,RN5,HAMPSHIRE HOSPITALS NHS FOUNDATION TRUST,C_300,General Internal Medicine Service,140,136,97.10%,1.9,7.7,-,-,-
Y59,RN5,HAMPSHIRE HOSPITALS NHS FOUNDATION TRUST,C_301,Gastroenterology Service,"4,451","2,364",53.10%,16.7,49,294,-,75
Y59,RN5,HAMPSHIRE HOSPITALS NHS FOUNDATION TRUST,C_320,Cardiology Service,"2,930","1,931",65.90%,12.6,31.7,11,-,4
Y59,RN5,HAMPSHIRE HOSPITALS NHS FOUNDATION TRUST,C_330,Dermatology Service,"3,152","1,904",60.40%,14,42.1,40,-,5
Y59,RN5,HAMPSHIRE HOSPITALS NHS FOUNDATION TRUST,C_340,Respiratory Medicine Service,"2,000","1,048",52.40%,16.7,51.2,147,-,19
Y59,RN5,HAMPSHIRE HOSPITALS NHS FOUNDATION TRUST,C_400,Neurology Service,"2,116",930,44.00%,23.4,68.3,471,3,256
Y59,RN5,HAMPSHIRE HOSPITALS NHS FOUNDATION TRUST,C_410,Rheumatology Service,"1,795",925,51.50%,17.2,39,29,1,10
Y59,RN5,HAMPSHIRE HOSPITALS NHS FOUNDATION TRUST,C_430,Elderly Medicine Service,121,108,89.30%,4.9,21.3,1,-,-
Y59,RN5,HAMPSHIRE HOSPITALS NHS FOUNDATION TRUST,C_502,Gynaecology Service,"3,782","2,560",67.70%,11.4,36.6,53,-,3
Y59,RN5,HAMPSHIRE HOSPITALS NHS FOUNDATION TRUST,X02,Other - Medical Services,"3,727","2,244",60.20%,13.4,48.3,211,7,99
Y59,RN5,HAMPSHIRE HOSPITALS NHS FOUNDATION TRUST,X03,Other - Mental Health Services,-,-,-,-,-,-,-,-
Y59,RN5,HAMPSHIRE HOSPITALS NHS FOUNDATION TRUST,X04,Other - Paediatric Services,"1,843","1,103",59.80%,14.1,40.9,25,1,4
Y59,RN5,HAMPSHIRE HOSPITALS NHS FOUNDATION TRUST,X05,Other - Surgical Services,"3,453","2,195",63.60%,12.1,37.9,77,1,23
Y59,RN5,HAMPSHIRE HOSPITALS NHS FOUNDATION TRUST,X06,Other - Other Services,35,27,77.10%,12.1,33.2,2,-,-
Y59,RN7,DARTFORD AND GRAVESHAM NHS TRUST,C_100,General Surgery Service,"5,176","3,697",71.40%,11.1,33.7,65,-,14
Y59,RN7,DARTFORD AND GRAVESHAM NHS TRUST,C_101,Urology Service,"2,311","1,725",74.60%,9.2,29.7,6,-,1
Y59,RN7,DARTFORD AND GRAVESHAM NHS TRUST,C_110,Trauma and Orthopaedic Service,"3,466","2,121",61.20%,13.7,36.7,35,-,3
Y59,RN7,DARTFORD AND GRAVESHAM NHS TRUST,C_120,Ear Nose and Throat Service,-,-,-,-,-,-,-,-
Y59,RN7,DARTFORD AND GRAVESHAM NHS TRUST,C_130,Ophthalmology Service,-,-,-,-,-,-,-,-
Y59,RN7,DARTFORD AND GRAVESHAM NHS TRUST,C_140,Oral Surgery Service,-,-,-,-,-,-,-,-
Y59,RN7,DARTFORD AND GRAVESHAM NHS TRUST,C_150,Neurosurgical Service,-,-,-,-,-,-,-,-
Y59,RN7,DARTFORD AND GRAVESHAM NHS TRUST,C_160,Plastic Surgery Service,-,-,-,-,-,-,-,-
Y59,RN7,DARTFORD AND GRAVESHAM NHS TRUST,C_170,Cardiothoracic Surgery Service,-,-,-,-,-,-,-,-
Y59,RN7,DARTFORD AND GRAVESHAM NHS TRUST,C_300,General Internal Medicine Service,854,599,70.10%,10,43.2,17,-,1
Y59,RN7,DARTFORD AND GRAVESHAM NHS TRUST,C_301,Gastroenterology Service,"3,640","2,173",59.70%,13.6,47.4,126,-,3
Y59,RN7,DARTFORD AND GRAVESHAM NHS TRUST,C_320,Cardiology Service,"1,818","1,353",74.40%,9.7,37.3,21,-,-
Y59,RN7,DARTFORD AND GRAVESHAM NHS TRUST,C_330,Dermatology Service,-,-,-,-,-,-,-,-
Y59,RN7,DARTFORD AND GRAVESHAM NHS TRUST,C_340,Respiratory Medicine Service,"1,317",629,47.80%,19.3,49.8,75,-,1
Y59,RN7,DARTFORD AND GRAVESHAM NHS TRUST,C_400,Neurology Service,"1,859",763,41.00%,20.8,49.9,97,-,-
Y59,RN7,DARTFORD AND GRAVESHAM NHS TRUST,C_410,Rheumatology Service,-,-,-,-,-,-,-,-
Y59,RN7,DARTFORD AND GRAVESHAM NHS TRUST,C_430,Elderly Medicine Service,344,255,74.10%,7.6,45.8,20,-,2
Y59,RN7,DARTFORD AND GRAVESHAM NHS TRUST,C_502,Gynaecology Service,"3,377","2,347",69.50%,10,37.1,38,-,1
Y59,RN7,DARTFORD AND GRAVESHAM NHS TRUST,X02,Other - Medical Services,352,280,79.50%,6.9,36.5,12,-,-
Y59,RN7,DARTFORD AND GRAVESHAM NHS TRUST,X03,Other - Mental Health Services,-,-,-,-,-,-,-,-
Y59,RN7,DARTFORD AND GRAVESHAM NHS TRUST,X04,Other - Paediatric Services,745,696,93.40%,3.9,16.2,-,-,-
Y59,RN7,DARTFORD AND GRAVESHAM NHS TRUST,X05,Other - Surgical Services,"1,052",705,67.00%,11.1,38.5,10,-,-
Y59,RN7,DARTFORD AND GRAVESHAM NHS TRUST,X06,Other - Other Services,64,59,92.20%,5,17,-,-,-
Y59,RPA,MEDWAY NHS FOUNDATION TRUST,C_100,General Surgery Service,"1,096",715,65.20%,12.9,36.5,25,-,9
Y59,RPA,MEDWAY NHS FOUNDATION TRUST,C_101,Urology Service,"2,778","1,767",63.60%,12.8,32.3,1,-,-
Y59,RPA,MEDWAY NHS FOUNDATION TRUST,C_110,Trauma and Orthopaedic Service,"2,272","1,275",56.10%,15.8,37.7,7,-,-
Y59,RPA,MEDWAY NHS FOUNDATION TRUST,C_120,Ear Nose and Throat Service,"6,284","2,284",36.30%,26.7,52,505,6,77
Y59,RPA,MEDWAY NHS FOUNDATION TRUST,C_130,Ophthalmology Service,-,-,-,-,-,-,-,-
Y59,RPA,MEDWAY NHS FOUNDATION TRUST,C_140,Oral Surgery Service,-,-,-,-,-,-,-,-
Y59,RPA,MEDWAY NHS FOUNDATION TRUST,C_150,Neurosurgical Service,-,-,-,-,-,-,-,-
Y59,RPA,MEDWAY NHS FOUNDATION TRUST,C_160,Plastic Surgery Service,-,-,-,-,-,-,-,-
Y59,RPA,MEDWAY NHS FOUNDATION TRUST,C_170,Cardiothoracic Surgery Service,-,-,-,-,-,-,-,-
Y59,RPA,MEDWAY NHS FOUNDATION TRUST,C_300,General Internal Medicine Service,259,115,44.40%,19.8,56.3,30,-,4
Y59,RPA,MEDWAY NHS FOUNDATION TRUST,C_301,Gastroenterology Service,"4,029","2,022",50.20%,17.9,47.4,206,10,58
Y59,RPA,MEDWAY NHS FOUNDATION TRUST,C_320,Cardiology Service,"3,980","1,755",44.10%,20.7,51.3,290,-,7
Y59,RPA,MEDWAY NHS FOUNDATION TRUST,C_330,Dermatology Service,-,-,-,-,-,-,-,-
Y59,RPA,MEDWAY NHS FOUNDATION TRUST,C_340,Respiratory Medicine Service,"1,052",554,52.70%,16.9,36.5,5,-,-
Y59,RPA,MEDWAY NHS FOUNDATION TRUST,C_400,Neurology Service,"1,332",797,59.80%,15,30,2,-,-
Y59,RPA,MEDWAY NHS FOUNDATION TRUST,C_410,Rheumatology Service,"3,190","1,335",41.80%,21.1,39.9,2,-,-
Y59,RPA,MEDWAY NHS FOUNDATION TRUST,C_430,Elderly Medicine Service,154,126,81.80%,9.3,23.8,-,-,-
Y59,RPA,MEDWAY NHS FOUNDATION TRUST,C_502,Gynaecology Service,"4,063","2,435",59.90%,14.5,33,-,-,-
Y59,RPA,MEDWAY NHS FOUNDATION TRUST,X02,Other - Medical Services,"5,877","3,562",60.60%,13.7,44.3,165,2,18
Y59,RPA,MEDWAY NHS FOUNDATION TRUST,X03,Other - Mental Health Services,-,-,-,-,-,-,-,-
Y59,RPA,MEDWAY NHS FOUNDATION TRUST,X04,Other - Paediatric Services,582,249,42.80%,25.7,44,-,-,-
Y59,RPA,MEDWAY NHS FOUNDATION TRUST,X05,Other - Surgical Services,"5,301","2,907",54.80%,15.5,49.8,370,20,76
Y59,RPA,MEDWAY NHS FOUNDATION TRUST,X06,Other - Other Services,884,465,52.60%,16.3,50.4,51,-,-
Y59,RPC,QUEEN VICTORIA HOSPITAL NHS FOUNDATION TRUST,C_100,General Surgery Service,-,-,-,-,-,-,-,-
Y59,RPC,QUEEN VICTORIA HOSPITAL NHS FOUNDATION TRUST,C_101,Urology Service,-,-,-,-,-,-,-,-
Y59,RPC,QUEEN VICTORIA HOSPITAL NHS FOUNDATION TRUST,C_110,Trauma and Orthopaedic Service,-,-,-,-,-,-,-,-
Y59,RPC,QUEEN VICTORIA HOSPITAL NHS FOUNDATION TRUST,C_120,Ear Nose and Throat Service,116,81,69.80%,8.6,35.9,-,-,-
Y59,RPC,QUEEN VICTORIA HOSPITAL NHS FOUNDATION TRUST,C_130,Ophthalmology Service,"2,250","1,321",58.70%,14.7,37.3,20,-,3
Y59,RPC,QUEEN VICTORIA HOSPITAL NHS FOUNDATION TRUST,C_140,Oral Surgery Service,"5,844","3,276",56.10%,16,40.9,105,4,23
Y59,RPC,QUEEN VICTORIA HOSPITAL NHS FOUNDATION TRUST,C_150,Neurosurgical Service,-,-,-,-,-,-,-,-
Y59,RPC,QUEEN VICTORIA HOSPITAL NHS FOUNDATION TRUST,C_160,Plastic Surgery Service,"6,115","3,110",50.90%,17.6,47.9,329,11,68
Y59,RPC,QUEEN VICTORIA HOSPITAL NHS FOUNDATION TRUST,C_170,Cardiothoracic Surgery Service,-,-,-,-,-,-,-,-
Y59,RPC,QUEEN VICTORIA HOSPITAL NHS FOUNDATION TRUST,C_300,General Internal Medicine Service,-,-,-,-,-,-,-,-
Y59,RPC,QUEEN VICTORIA HOSPITAL NHS FOUNDATION TRUST,C_301,Gastroenterology Service,-,-,-,-,-,-,-,-
Y59,RPC,QUEEN VICTORIA HOSPITAL NHS FOUNDATION TRUST,C_320,Cardiology Service,184,98,53.30%,16.9,45.6,6,-,1
Y59,RPC,QUEEN VICTORIA HOSPITAL NHS FOUNDATION TRUST,C_330,Dermatology Service,-,-,-,-,-,-,-,-
Y59,RPC,QUEEN VICTORIA HOSPITAL NHS FOUNDATION TRUST,C_340,Respiratory Medicine Service,-,-,-,-,-,-,-,-
Y59,RPC,QUEEN VICTORIA HOSPITAL NHS FOUNDATION TRUST,C_400,Neurology Service,-,-,-,-,-,-,-,-
Y59,RPC,QUEEN VICTORIA HOSPITAL NHS FOUNDATION TRUST,C_410,Rheumatology Service,44,39,88.60%,11,24.5,-,-,-
Y59,RPC,QUEEN VICTORIA HOSPITAL NHS FOUNDATION TRUST,C_430,Elderly Medicine Service,-,-,-,-,-,-,-,-
Y59,RPC,QUEEN VICTORIA HOSPITAL NHS FOUNDATION TRUST,C_502,Gynaecology Service,-,-,-,-,-,-,-,-
Y59,RPC,QUEEN VICTORIA HOSPITAL NHS FOUNDATION TRUST,X02,Other - Medical Services,33,28,84.80%,9.3,24.4,-,-,-
Y59,RPC,QUEEN VICTORIA HOSPITAL NHS FOUNDATION TRUST,X03,Other - Mental Health Services,57,28,49.10%,18.1,39.4,-,-,-
Y59,RPC,QUEEN VICTORIA HOSPITAL NHS FOUNDATION TRUST,X04,Other - Paediatric Services,60,34,56.70%,15.5,34.2,1,-,-
Y59,RPC,QUEEN VICTORIA HOSPITAL NHS FOUNDATION TRUST,X05,Other - Surgical Services,-,-,-,-,-,-,-,-
Y59,RPC,QUEEN VICTORIA HOSPITAL NHS FOUNDATION TRUST,X06,Other - Other Services,"3,056","2,208",72.30%,11.6,29.6,4,-,-
Y59,RTH,OXFORD UNIVERSITY HOSPITALS NHS FOUNDATION TRUST,C_100,General Surgery Service,"1,725","1,005",58.30%,14.7,40.7,25,-,2
Y59,RTH,OXFORD UNIVERSITY HOSPITALS NHS FOUNDATION TRUST,C_101,Urology Service,"4,767","2,426",50.90%,17.6,53.4,444,47,145
Y59,RTH,OXFORD UNIVERSITY HOSPITALS NHS FOUNDATION TRUST,C_110,Trauma and Orthopaedic Service,"8,019","3,016",37.60%,24.8,60.4,"1,068",125,435
Y59,RTH,OXFORD UNIVERSITY HOSPITALS NHS FOUNDATION TRUST,C_120,Ear Nose and Throat Service,"4,751","2,633",55.40%,15.5,47.5,238,13,59
Y59,RTH,OXFORD UNIVERSITY HOSPITALS NHS FOUNDATION TRUST,C_130,Ophthalmology Service,"6,205","3,512",56.60%,15,41.8,187,21,64
Y59,RTH,OXFORD UNIVERSITY HOSPITALS NHS FOUNDATION TRUST,C_140,Oral Surgery Service,"1,933",737,38.10%,20.9,43.9,79,1,21
Y59,RTH,OXFORD UNIVERSITY HOSPITALS NHS FOUNDATION TRUST,C_150,Neurosurgical Service,"1,261",782,62.00%,12.6,42.5,49,3,13
Y59,RTH,OXFORD UNIVERSITY HOSPITALS NHS FOUNDATION TRUST,C_160,Plastic Surgery Service,"2,083",972,46.70%,19.5,50.9,160,14,71
Y59,RTH,OXFORD UNIVERSITY HOSPITALS NHS FOUNDATION TRUST,C_170,Cardiothoracic Surgery Service,242,192,79.30%,9.3,25.2,-,-,-
Y59,RTH,OXFORD UNIVERSITY HOSPITALS NHS FOUNDATION TRUST,C_300,General Internal Medicine Service,70,39,55.70%,11,48.4,2,1,1
Y59,RTH,OXFORD UNIVERSITY HOSPITALS NHS FOUNDATION TRUST,C_301,Gastroenterology Service,"3,892","2,406",61.80%,14.1,40.7,99,-,9
Y59,RTH,OXFORD UNIVERSITY HOSPITALS NHS FOUNDATION TRUST,C_320,Cardiology Service,"3,083","2,388",77.50%,9.2,29.5,3,-,-
Y59,RTH,OXFORD UNIVERSITY HOSPITALS NHS FOUNDATION TRUST,C_330,Dermatology Service,"5,613","2,988",53.20%,16.7,41.8,118,-,4
Y59,RTH,OXFORD UNIVERSITY HOSPITALS NHS FOUNDATION TRUST,C_340,Respiratory Medicine Service,"1,231","1,002",81.40%,8.3,24.1,-,-,-
Y59,RTH,OXFORD UNIVERSITY HOSPITALS NHS FOUNDATION TRUST,C_400,Neurology Service,"3,521","1,977",56.10%,15.8,39.6,70,-,7
Y59,RTH,OXFORD UNIVERSITY HOSPITALS NHS FOUNDATION TRUST,C_410,Rheumatology Service,"1,905","1,341",70.40%,12.4,33.8,18,2,3
Y59,RTH,OXFORD UNIVERSITY HOSPITALS NHS FOUNDATION TRUST,C_430,Elderly Medicine Service,189,171,90.50%,4.7,19.4,1,-,-
Y59,RTH,OXFORD UNIVERSITY HOSPITALS NHS FOUNDATION TRUST,C_502,Gynaecology Service,"5,224","3,107",59.50%,13.7,46.2,246,6,68
Y59,RTH,OXFORD UNIVERSITY HOSPITALS NHS FOUNDATION TRUST,X02,Other - Medical Services,"11,479","7,834",68.20%,10.7,37.2,82,1,5
Y59,RTH,OXFORD UNIVERSITY HOSPITALS NHS FOUNDATION TRUST,X03,Other - Mental Health Services,5,5,100.00%,-,-,-,-,-
Y59,RTH,OXFORD UNIVERSITY HOSPITALS NHS FOUNDATION TRUST,X04,Other - Paediatric Services,"6,752","4,105",60.80%,14,43.8,228,10,47
Y59,RTH,OXFORD UNIVERSITY HOSPITALS NHS FOUNDATION TRUST,X05,Other - Surgical Services,"4,526","2,730",60.30%,13.2,44.3,170,2,54
Y59,RTH,OXFORD UNIVERSITY HOSPITALS NHS FOUNDATION TRUST,X06,Other - Other Services,"1,660","1,173",70.70%,10.6,37,42,2,7
Y59,RTK,ASHFORD AND ST PETER'S HOSPITALS NHS FOUNDATION TRUST,C_100,General Surgery Service,980,436,44.50%,20.6,45.6,26,2,6
Y59,RTK,ASHFORD AND ST PETER'S HOSPITALS NHS FOUNDATION TRUST,C_101,Urology Service,"2,024","1,281",63.30%,13.2,39.4,40,1,6
Y59,RTK,ASHFORD AND ST PETER'S HOSPITALS NHS FOUNDATION TRUST,C_110,Trauma and Orthopaedic Service,"6,203","4,382",70.60%,11,35.1,84,-,19
Y59,RTK,ASHFORD AND ST PETER'S HOSPITALS NHS FOUNDATION TRUST,C_120,Ear Nose and Throat Service,"4,030","2,164",53.70%,16.6,38.8,26,1,4
Y59,RTK,ASHFORD AND ST PETER'S HOSPITALS NHS FOUNDATION TRUST,C_130,Ophthalmology Service,"5,658","3,829",67.70%,12.8,38.7,8,-,1
Y59,RTK,ASHFORD AND ST PETER'S HOSPITALS NHS FOUNDATION TRUST,C_140,Oral Surgery Service,"2,323","1,312",56.50%,15.6,43.5,62,-,6
Y59,RTK,ASHFORD AND ST PETER'S HOSPITALS NHS FOUNDATION TRUST,C_150,Neurosurgical Service,1,-,-,-,-,-,-,-
Y59,RTK,ASHFORD AND ST PETER'S HOSPITALS NHS FOUNDATION TRUST,C_160,Plastic Surgery Service,23,22,95.70%,3.5,16.2,1,-,-
Y59,RTK,ASHFORD AND ST PETER'S HOSPITALS NHS FOUNDATION TRUST,C_170,Cardiothoracic Surgery Service,20,16,80.00%,2,25.4,-,-,-
Y59,RTK,ASHFORD AND ST PETER'S HOSPITALS NHS FOUNDATION TRUST,C_300,General Internal Medicine Service,235,114,48.50%,18.9,44.6,2,-,-
Y59,RTK,ASHFORD AND ST PETER'S HOSPITALS NHS FOUNDATION TRUST,C_301,Gastroenterology Service,"3,816","2,110",55.30%,15.9,45.4,137,27,47
Y59,RTK,ASHFORD AND ST PETER'S HOSPITALS NHS FOUNDATION TRUST,C_320,Cardiology Service,"2,377","1,449",61.00%,14,35.6,52,16,25
Y59,RTK,ASHFORD AND ST PETER'S HOSPITALS NHS FOUNDATION TRUST,C_330,Dermatology Service,"4,815","2,430",50.50%,17.8,39.2,8,-,1
Y59,RTK,ASHFORD AND ST PETER'S HOSPITALS NHS FOUNDATION TRUST,C_340,Respiratory Medicine Service,"1,915",973,50.80%,17.6,46,86,35,49
Y59,RTK,ASHFORD AND ST PETER'S HOSPITALS NHS FOUNDATION TRUST,C_400,Neurology Service,365,67,18.40%,28.3,45.2,15,3,6
Y59,RTK,ASHFORD AND ST PETER'S HOSPITALS NHS FOUNDATION TRUST,C_410,Rheumatology Service,299,275,92.00%,6.1,18,-,-,-
Y59,RTK,ASHFORD AND ST PETER'S HOSPITALS NHS FOUNDATION TRUST,C_430,Elderly Medicine Service,196,123,62.80%,12,33.8,-,-,-
Y59,RTK,ASHFORD AND ST PETER'S HOSPITALS NHS FOUNDATION TRUST,C_502,Gynaecology Service,"3,721","1,718",46.20%,19.7,46.2,212,52,102
Y59,RTK,ASHFORD AND ST PETER'S HOSPITALS NHS FOUNDATION TRUST,X02,Other - Medical Services,"3,738","1,781",47.60%,18.8,44.1,86,21,36
Y59,RTK,ASHFORD AND ST PETER'S HOSPITALS NHS FOUNDATION TRUST,X03,Other - Mental Health Services,3,1,33.30%,-,-,-,-,-
Y59,RTK,ASHFORD AND ST PETER'S HOSPITALS NHS FOUNDATION TRUST,X04,Other - Paediatric Services,"2,786","1,885",67.70%,12.2,36.6,6,-,2
Y59,RTK,ASHFORD AND ST PETER'S HOSPITALS NHS FOUNDATION TRUST,X05,Other - Surgical Services,"8,101","3,651",45.10%,20.3,45,271,32,96
Y59,RTK,ASHFORD AND ST PETER'S HOSPITALS NHS FOUNDATION TRUST,X06,Other - Other Services,"3,779","2,736",72.40%,10.8,23.9,15,3,4
Y59,RTP,SURREY AND SUSSEX HEALTHCARE NHS TRUST,C_100,General Surgery Service,"1,526",662,43.40%,20.8,58.5,176,13,70
Y59,RTP,SURREY AND SUSSEX HEALTHCARE NHS TRUST,C_101,Urology Service,"2,212","1,457",65.90%,11.8,40.1,14,2,3
Y59,RTP,SURREY AND SUSSEX HEALTHCARE NHS TRUST,C_110,Trauma and Orthopaedic Service,"1,999",916,45.80%,20.2,49,131,6,49
Y59,RTP,SURREY AND SUSSEX HEALTHCARE NHS TRUST,C_120,Ear Nose and Throat Service,"5,780","3,050",52.80%,17.1,45.4,242,-,22
Y59,RTP,SURREY AND SUSSEX HEALTHCARE NHS TRUST,C_130,Ophthalmology Service,"4,126","2,510",60.80%,14.3,35.8,28,-,6
Y59,RTP,SURREY AND SUSSEX HEALTHCARE NHS TRUST,C_140,Oral Surgery Service,"1,295",821,63.40%,13,41.5,49,-,11
Y59,RTP,SURREY AND SUSSEX HEALTHCARE NHS TRUST,C_150,Neurosurgical Service,-,-,-,-,-,-,-,-
Y59,RTP,SURREY AND SUSSEX HEALTHCARE NHS TRUST,C_160,Plastic Surgery Service,-,-,-,-,-,-,-,-
Y59,RTP,SURREY AND SUSSEX HEALTHCARE NHS TRUST,C_170,Cardiothoracic Surgery Service,-,-,-,-,-,-,-,-
Y59,RTP,SURREY AND SUSSEX HEALTHCARE NHS TRUST,C_300,General Internal Medicine Service,755,323,42.80%,21.9,45.4,1,-,-
Y59,RTP,SURREY AND SUSSEX HEALTHCARE NHS TRUST,C_301,Gastroenterology Service,"3,245","1,673",51.60%,17.2,53.8,298,19,71
Y59,RTP,SURREY AND SUSSEX HEALTHCARE NHS TRUST,C_320,Cardiology Service,"2,762","1,497",54.20%,16.4,41.4,23,-,1
Y59,RTP,SURREY AND SUSSEX HEALTHCARE NHS TRUST,C_330,Dermatology Service,"3,171","1,586",50.00%,18,42.8,80,8,29
Y59,RTP,SURREY AND SUSSEX HEALTHCARE NHS TRUST,C_340,Respiratory Medicine Service,"1,473",778,52.80%,16.5,48.8,87,5,40
Y59,RTP,SURREY AND SUSSEX HEALTHCARE NHS TRUST,C_400,Neurology Service,"1,485",815,54.90%,16.3,33.3,6,-,1
Y59,RTP,SURREY AND SUSSEX HEALTHCARE NHS TRUST,C_410,Rheumatology Service,365,241,66.00%,12.9,31.4,1,-,-
Y59,RTP,SURREY AND SUSSEX HEALTHCARE NHS TRUST,C_430,Elderly Medicine Service,177,138,78.00%,9.8,21.9,-,-,-
Y59,RTP,SURREY AND SUSSEX HEALTHCARE NHS TRUST,C_502,Gynaecology Service,"4,692","2,375",50.60%,17.8,40,47,-,2
Y59,RTP,SURREY AND SUSSEX HEALTHCARE NHS TRUST,X02,Other - Medical Services,"3,621","2,014",55.60%,16.2,39.4,43,-,9
Y59,RTP,SURREY AND SUSSEX HEALTHCARE NHS TRUST,X03,Other - Mental Health Services,-,-,-,-,-,-,-,-
Y59,RTP,SURREY AND SUSSEX HEALTHCARE NHS TRUST,X04,Other - Paediatric Services,"2,595","1,642",63.30%,13.5,29.7,2,-,1
Y59,RTP,SURREY AND SUSSEX HEALTHCARE NHS TRUST,X05,Other - Surgical Services,"5,939","3,402",57.30%,14.2,49.7,388,27,122
Y59,RTP,SURREY AND SUSSEX HEALTHCARE NHS TRUST,X06,Other - Other Services,"1,925","1,153",59.90%,13.8,34.5,5,-,1
Y59,RVV,EAST KENT HOSPITALS UNIVERSITY NHS FOUNDATION TRUST,C_100,General Surgery Service,"11,224","5,248",46.80%,19.5,65,"1,726",378,894
Y59,RVV,EAST KENT HOSPITALS UNIVERSITY NHS FOUNDATION TRUST,C_101,Urology Service,"5,060","3,332",65.80%,12.5,41.5,182,11,43
Y59,RVV,EAST KENT HOSPITALS UNIVERSITY NHS FOUNDATION TRUST,C_110,Trauma and Orthopaedic Service,"6,215","2,903",46.70%,19.2,44.7,231,7,51
Y59,RVV,EAST KENT HOSPITALS UNIVERSITY NHS FOUNDATION TRUST,C_120,Ear Nose and Throat Service,"9,474","4,104",43.30%,21.3,59.5,"1,070",188,537
Y59,RVV,EAST KENT HOSPITALS UNIVERSITY NHS FOUNDATION TRUST,C_130,Ophthalmology Service,"7,584","3,779",49.80%,18.1,48.7,474,7,141
Y59,RVV,EAST KENT HOSPITALS UNIVERSITY NHS FOUNDATION TRUST,C_140,Oral Surgery Service,"5,761","2,452",42.60%,21.6,50.9,407,8,55
Y59,RVV,EAST KENT HOSPITALS UNIVERSITY NHS FOUNDATION TRUST,C_150,Neurosurgical Service,-,-,-,-,-,-,-,-
Y59,RVV,EAST KENT HOSPITALS UNIVERSITY NHS FOUNDATION TRUST,C_160,Plastic Surgery Service,-,-,-,-,-,-,-,-
Y59,RVV,EAST KENT HOSPITALS UNIVERSITY NHS FOUNDATION TRUST,C_170,Cardiothoracic Surgery Service,18,18,100.00%,-,-,-,-,-
Y59,RVV,EAST KENT HOSPITALS UNIVERSITY NHS FOUNDATION TRUST,C_300,General Internal Medicine Service,26,13,50.00%,18,38,1,-,-
Y59,RVV,EAST KENT HOSPITALS UNIVERSITY NHS FOUNDATION TRUST,C_301,Gastroenterology Service,"7,635","2,801",36.70%,27.2,66,"1,500",100,689
Y59,RVV,EAST KENT HOSPITALS UNIVERSITY NHS FOUNDATION TRUST,C_320,Cardiology Service,"4,916","2,227",45.30%,20.1,51.4,375,37,161
Y59,RVV,EAST KENT HOSPITALS UNIVERSITY NHS FOUNDATION TRUST,C_330,Dermatology Service,"5,951","3,680",61.80%,13.5,40.6,159,-,15
Y59,RVV,EAST KENT HOSPITALS UNIVERSITY NHS FOUNDATION TRUST,C_340,Respiratory Medicine Service,"3,600","1,799",50.00%,18,44.5,29,-,1
Y59,RVV,EAST KENT HOSPITALS UNIVERSITY NHS FOUNDATION TRUST,C_400,Neurology Service,"2,613","1,392",53.30%,16.9,35.6,3,-,-
Y59,RVV,EAST KENT HOSPITALS UNIVERSITY NHS FOUNDATION TRUST,C_410,Rheumatology Service,"2,724","1,203",44.20%,20.3,37.9,6,-,1
Y59,RVV,EAST KENT HOSPITALS UNIVERSITY NHS FOUNDATION TRUST,C_430,Elderly Medicine Service,243,233,95.90%,5.3,14.1,-,-,-
Y59,RVV,EAST KENT HOSPITALS UNIVERSITY NHS FOUNDATION TRUST,C_502,Gynaecology Service,"6,289","2,977",47.30%,19.3,48.5,331,3,46
Y59,RVV,EAST KENT HOSPITALS UNIVERSITY NHS FOUNDATION TRUST,X02,Other - Medical Services,"3,010","1,673",55.60%,15.9,42.1,23,-,-
Y59,RVV,EAST KENT HOSPITALS UNIVERSITY NHS FOUNDATION TRUST,X03,Other - Mental Health Services,-,-,-,-,-,-,-,-
Y59,RVV,EAST KENT HOSPITALS UNIVERSITY NHS FOUNDATION TRUST,X04,Other - Paediatric Services,"1,637","1,602",97.90%,5.3,14.9,2,-,-
Y59,RVV,EAST KENT HOSPITALS UNIVERSITY NHS FOUNDATION TRUST,X05,Other - Surgical Services,"5,827","2,480",42.60%,22.4,50.5,389,13,63
Y59,RVV,EAST KENT HOSPITALS UNIVERSITY NHS FOUNDATION TRUST,X06,Other - Other Services,218,190,87.20%,4.4,20.1,-,-,-
Y59,RW1,SOUTHERN HEALTH NHS FOUNDATION TRUST,C_100,General Surgery Service,-,-,-,-,-,-,-,-
Y59,RW1,SOUTHERN HEALTH NHS FOUNDATION TRUST,C_101,Urology Service,-,-,-,-,-,-,-,-
Y59,RW1,SOUTHERN HEALTH NHS FOUNDATION TRUST,C_110,Trauma and Orthopaedic Service,"1,793","1,739",97.00%,5.4,13.7,-,-,-
Y59,RW1,SOUTHERN HEALTH NHS FOUNDATION TRUST,C_120,Ear Nose and Throat Service,188,186,98.90%,3.4,10.7,-,-,-
Y59,RW1,SOUTHERN HEALTH NHS FOUNDATION TRUST,C_130,Ophthalmology Service,-,-,-,-,-,-,-,-
Y59,RW1,SOUTHERN HEALTH NHS FOUNDATION TRUST,C_140,Oral Surgery Service,-,-,-,-,-,-,-,-
Y59,RW1,SOUTHERN HEALTH NHS FOUNDATION TRUST,C_150,Neurosurgical Service,-,-,-,-,-,-,-,-
Y59,RW1,SOUTHERN HEALTH NHS FOUNDATION TRUST,C_160,Plastic Surgery Service,-,-,-,-,-,-,-,-
Y59,RW1,SOUTHERN HEALTH NHS FOUNDATION TRUST,C_170,Cardiothoracic Surgery Service,-,-,-,-,-,-,-,-
Y59,RW1,SOUTHERN HEALTH NHS FOUNDATION TRUST,C_300,General Internal Medicine Service,562,553,98.40%,5.8,12.5,-,-,-
Y59,RW1,SOUTHERN HEALTH NHS FOUNDATION TRUST,C_301,Gastroenterology Service,151,145,96.00%,3.1,13.9,-,-,-
Y59,RW1,SOUTHERN HEALTH NHS FOUNDATION TRUST,C_320,Cardiology Service,269,211,78.40%,13,21.3,-,-,-
Y59,RW1,SOUTHERN HEALTH NHS FOUNDATION TRUST,C_330,Dermatology Service,-,-,-,-,-,-,-,-
Y59,RW1,SOUTHERN HEALTH NHS FOUNDATION TRUST,C_340,Respiratory Medicine Service,63,63,100.00%,4.3,8.7,-,-,-
Y59,RW1,SOUTHERN HEALTH NHS FOUNDATION TRUST,C_400,Neurology Service,-,-,-,-,-,-,-,-
Y59,RW1,SOUTHERN HEALTH NHS FOUNDATION TRUST,C_410,Rheumatology Service,96,94,97.90%,7.1,14.3,-,-,-
Y59,RW1,SOUTHERN HEALTH NHS FOUNDATION TRUST,C_430,Elderly Medicine Service,18,17,94.40%,-,-,-,-,-
Y59,RW1,SOUTHERN HEALTH NHS FOUNDATION TRUST,C_502,Gynaecology Service,-,-,-,-,-,-,-,-
Y59,RW1,SOUTHERN HEALTH NHS FOUNDATION TRUST,X02,Other - Medical Services,427,406,95.10%,9.4,17.4,-,-,-
Y59,RW1,SOUTHERN HEALTH NHS FOUNDATION TRUST,X03,Other - Mental Health Services,-,-,-,-,-,-,-,-
Y59,RW1,SOUTHERN HEALTH NHS FOUNDATION TRUST,X04,Other - Paediatric Services,5,5,100.00%,-,-,-,-,-
Y59,RW1,SOUTHERN HEALTH NHS FOUNDATION TRUST,X05,Other - Surgical Services,123,119,96.70%,9.5,13.5,-,-,-
Y59,RW1,SOUTHERN HEALTH NHS FOUNDATION TRUST,X06,Other - Other Services,-,-,-,-,-,-,-,-
Y59,RWF,MAIDSTONE AND TUNBRIDGE WELLS NHS TRUST,C_100,General Surgery Service,"5,251","3,483",66.30%,11.9,32,-,-,-
Y59,RWF,MAIDSTONE AND TUNBRIDGE WELLS NHS TRUST,C_101,Urology Service,"3,113","2,199",70.60%,11.5,27.7,-,-,-
Y59,RWF,MAIDSTONE AND TUNBRIDGE WELLS NHS TRUST,C_110,Trauma and Orthopaedic Service,"4,524","3,258",72.00%,11.3,30,-,-,-
Y59,RWF,MAIDSTONE AND TUNBRIDGE WELLS NHS TRUST,C_120,Ear Nose and Throat Service,"4,570","3,488",76.30%,10.3,26.5,-,-,-
Y59,RWF,MAIDSTONE AND TUNBRIDGE WELLS NHS TRUST,C_130,Ophthalmology Service,"4,914","3,944",80.30%,9.3,25.9,-,-,-
Y59,RWF,MAIDSTONE AND TUNBRIDGE WELLS NHS TRUST,C_140,Oral Surgery Service,-,-,-,-,-,-,-,-
Y59,RWF,MAIDSTONE AND TUNBRIDGE WELLS NHS TRUST,C_150,Neurosurgical Service,-,-,-,-,-,-,-,-
Y59,RWF,MAIDSTONE AND TUNBRIDGE WELLS NHS TRUST,C_160,Plastic Surgery Service,-,-,-,-,-,-,-,-
Y59,RWF,MAIDSTONE AND TUNBRIDGE WELLS NHS TRUST,C_170,Cardiothoracic Surgery Service,39,38,97.40%,5.5,13.4,-,-,-
Y59,RWF,MAIDSTONE AND TUNBRIDGE WELLS NHS TRUST,C_300,General Internal Medicine Service,20,20,100.00%,3.5,9.2,-,-,-
Y59,RWF,MAIDSTONE AND TUNBRIDGE WELLS NHS TRUST,C_301,Gastroenterology Service,"2,359","1,555",65.90%,13,31.2,-,-,-
Y59,RWF,MAIDSTONE AND TUNBRIDGE WELLS NHS TRUST,C_320,Cardiology Service,"2,604","1,498",57.50%,15.3,33.7,-,-,-
Y59,RWF,MAIDSTONE AND TUNBRIDGE WELLS NHS TRUST,C_330,Dermatology Service,-,-,-,-,-,-,-,-
Y59,RWF,MAIDSTONE AND TUNBRIDGE WELLS NHS TRUST,C_340,Respiratory Medicine Service,726,645,88.80%,6.5,20.4,-,-,-
Y59,RWF,MAIDSTONE AND TUNBRIDGE WELLS NHS TRUST,C_400,Neurology Service,"1,509",874,57.90%,15.3,33,-,-,-
Y59,RWF,MAIDSTONE AND TUNBRIDGE WELLS NHS TRUST,C_410,Rheumatology Service,865,689,79.70%,10.8,25.2,-,-,-
Y59,RWF,MAIDSTONE AND TUNBRIDGE WELLS NHS TRUST,C_430,Elderly Medicine Service,166,158,95.20%,6.4,17.2,-,-,-
Y59,RWF,MAIDSTONE AND TUNBRIDGE WELLS NHS TRUST,C_502,Gynaecology Service,"4,993","3,011",60.30%,14.6,35.9,-,-,-
Y59,RWF,MAIDSTONE AND TUNBRIDGE WELLS NHS TRUST,X02,Other - Medical Services,"4,276","3,458",80.90%,9.6,23.2,-,-,-
Y59,RWF,MAIDSTONE AND TUNBRIDGE WELLS NHS TRUST,X03,Other - Mental Health Services,-,-,-,-,-,-,-,-
Y59,RWF,MAIDSTONE AND TUNBRIDGE WELLS NHS TRUST,X04,Other - Paediatric Services,"1,780","1,105",62.10%,13.8,34.5,-,-,-
Y59,RWF,MAIDSTONE AND TUNBRIDGE WELLS NHS TRUST,X05,Other - Surgical Services,990,879,88.80%,3.1,21.3,-,-,-
Y59,RWF,MAIDSTONE AND TUNBRIDGE WELLS NHS TRUST,X06,Other - Other Services,-,-,-,-,-,-,-,-
Y59,RWX,BERKSHIRE HEALTHCARE NHS FOUNDATION TRUST,C_100,General Surgery Service,-,-,-,-,-,-,-,-
Y59,RWX,BERKSHIRE HEALTHCARE NHS FOUNDATION TRUST,C_101,Urology Service,-,-,-,-,-,-,-,-
Y59,RWX,BERKSHIRE HEALTHCARE NHS FOUNDATION TRUST,C_110,Trauma and Orthopaedic Service,-,-,-,-,-,-,-,-
Y59,RWX,BERKSHIRE HEALTHCARE NHS FOUNDATION TRUST,C_120,Ear Nose and Throat Service,-,-,-,-,-,-,-,-
Y59,RWX,BERKSHIRE HEALTHCARE NHS FOUNDATION TRUST,C_130,Ophthalmology Service,-,-,-,-,-,-,-,-
Y59,RWX,BERKSHIRE HEALTHCARE NHS FOUNDATION TRUST,C_140,Oral Surgery Service,-,-,-,-,-,-,-,-
Y59,RWX,BERKSHIRE HEALTHCARE NHS FOUNDATION TRUST,C_150,Neurosurgical Service,-,-,-,-,-,-,-,-
Y59,RWX,BERKSHIRE HEALTHCARE NHS FOUNDATION TRUST,C_160,Plastic Surgery Service,-,-,-,-,-,-,-,-
Y59,RWX,BERKSHIRE HEALTHCARE NHS FOUNDATION TRUST,C_170,Cardiothoracic Surgery Service,-,-,-,-,-,-,-,-
Y59,RWX,BERKSHIRE HEALTHCARE NHS FOUNDATION TRUST,C_300,General Internal Medicine Service,-,-,-,-,-,-,-,-
Y59,RWX,BERKSHIRE HEALTHCARE NHS FOUNDATION TRUST,C_301,Gastroenterology Service,-,-,-,-,-,-,-,-
Y59,RWX,BERKSHIRE HEALTHCARE NHS FOUNDATION TRUST,C_320,Cardiology Service,-,-,-,-,-,-,-,-
Y59,RWX,BERKSHIRE HEALTHCARE NHS FOUNDATION TRUST,C_330,Dermatology Service,-,-,-,-,-,-,-,-
Y59,RWX,BERKSHIRE HEALTHCARE NHS FOUNDATION TRUST,C_340,Respiratory Medicine Service,-,-,-,-,-,-,-,-
Y59,RWX,BERKSHIRE HEALTHCARE NHS FOUNDATION TRUST,C_400,Neurology Service,-,-,-,-,-,-,-,-
Y59,RWX,BERKSHIRE HEALTHCARE NHS FOUNDATION TRUST,C_410,Rheumatology Service,-,-,-,-,-,-,-,-
Y59,RWX,BERKSHIRE HEALTHCARE NHS FOUNDATION TRUST,C_430,Elderly Medicine Service,-,-,-,-,-,-,-,-
Y59,RWX,BERKSHIRE HEALTHCARE NHS FOUNDATION TRUST,C_502,Gynaecology Service,-,-,-,-,-,-,-,-
Y59,RWX,BERKSHIRE HEALTHCARE NHS FOUNDATION TRUST,X02,Other - Medical Services,85,85,100.00%,3.1,7.7,-,-,-
Y59,RWX,BERKSHIRE HEALTHCARE NHS FOUNDATION TRUST,X03,Other - Mental Health Services,-,-,-,-,-,-,-,-
Y59,RWX,BERKSHIRE HEALTHCARE NHS FOUNDATION TRUST,X04,Other - Paediatric Services,209,209,100.00%,7.1,13,-,-,-
Y59,RWX,BERKSHIRE HEALTHCARE NHS FOUNDATION TRUST,X05,Other - Surgical Services,-,-,-,-,-,-,-,-
Y59,RWX,BERKSHIRE HEALTHCARE NHS FOUNDATION TRUST,X06,Other - Other Services,-,-,-,-,-,-,-,-
Y59,RXC,EAST SUSSEX HEALTHCARE NHS TRUST,C_100,General Surgery Service,"5,688","2,874",50.50%,17.8,40.2,58,-,8
Y59,RXC,EAST SUSSEX HEALTHCARE NHS TRUST,C_101,Urology Service,"4,404","2,082",47.30%,19,47,169,1,21
Y59,RXC,EAST SUSSEX HEALTHCARE NHS TRUST,C_110,Trauma and Orthopaedic Service,"2,036","1,107",54.40%,16.5,43.1,64,1,4
Y59,RXC,EAST SUSSEX HEALTHCARE NHS TRUST,C_120,Ear Nose and Throat Service,"6,928","2,882",41.60%,21.4,46.7,322,3,63
Y59,RXC,EAST SUSSEX HEALTHCARE NHS TRUST,C_130,Ophthalmology Service,"5,724","3,355",58.60%,14.6,36.1,12,-,1
Y59,RXC,EAST SUSSEX HEALTHCARE NHS TRUST,C_140,Oral Surgery Service,"1,716","1,097",63.90%,14.4,33.4,9,-,1
Y59,RXC,EAST SUSSEX HEALTHCARE NHS TRUST,C_150,Neurosurgical Service,-,-,-,-,-,-,-,-
Y59,RXC,EAST SUSSEX HEALTHCARE NHS TRUST,C_160,Plastic Surgery Service,-,-,-,-,-,-,-,-
Y59,RXC,EAST SUSSEX HEALTHCARE NHS TRUST,C_170,Cardiothoracic Surgery Service,-,-,-,-,-,-,-,-
Y59,RXC,EAST SUSSEX HEALTHCARE NHS TRUST,C_300,General Internal Medicine Service,-,-,-,-,-,-,-,-
Y59,RXC,EAST SUSSEX HEALTHCARE NHS TRUST,C_301,Gastroenterology Service,"5,049","2,289",45.30%,20.4,47,202,-,6
Y59,RXC,EAST SUSSEX HEALTHCARE NHS TRUST,C_320,Cardiology Service,"3,253","2,071",63.70%,14.1,31.1,5,-,-
Y59,RXC,EAST SUSSEX HEALTHCARE NHS TRUST,C_330,Dermatology Service,982,915,93.20%,6.1,17.5,-,-,-
Y59,RXC,EAST SUSSEX HEALTHCARE NHS TRUST,C_340,Respiratory Medicine Service,"1,306",915,70.10%,12.4,30.8,-,-,-
Y59,RXC,EAST SUSSEX HEALTHCARE NHS TRUST,C_400,Neurology Service,"2,729","1,227",45.00%,20.8,55.1,304,-,59
Y59,RXC,EAST SUSSEX HEALTHCARE NHS TRUST,C_410,Rheumatology Service,554,335,60.50%,15.2,31.9,3,-,-
Y59,RXC,EAST SUSSEX HEALTHCARE NHS TRUST,C_430,Elderly Medicine Service,187,142,75.90%,11.8,26.4,1,-,-
Y59,RXC,EAST SUSSEX HEALTHCARE NHS TRUST,C_502,Gynaecology Service,"5,321","2,433",45.70%,20,46.1,208,-,13
Y59,RXC,EAST SUSSEX HEALTHCARE NHS TRUST,X02,Other - Medical Services,"3,410","2,267",66.50%,12.1,32.4,1,-,-
Y59,RXC,EAST SUSSEX HEALTHCARE NHS TRUST,X03,Other - Mental Health Services,-,-,-,-,-,-,-,-
Y59,RXC,EAST SUSSEX HEALTHCARE NHS TRUST,X04,Other - Paediatric Services,281,232,82.60%,10.3,27.5,-,-,-
Y59,RXC,EAST SUSSEX HEALTHCARE NHS TRUST,X05,Other - Surgical Services,"4,325","2,023",46.80%,19.4,39.9,167,1,79
Y59,RXC,EAST SUSSEX HEALTHCARE NHS TRUST,X06,Other - Other Services,484,191,39.50%,34.3,52.3,47,-,-
Y59,RXQ,BUCKINGHAMSHIRE HEALTHCARE NHS TRUST,C_100,General Surgery Service,"2,617","1,383",52.80%,16.9,51.7,202,3,51
Y59,RXQ,BUCKINGHAMSHIRE HEALTHCARE NHS TRUST,C_101,Urology Service,"2,884","1,536",53.30%,16.7,48,124,1,21
Y59,RXQ,BUCKINGHAMSHIRE HEALTHCARE NHS TRUST,C_110,Trauma and Orthopaedic Service,"4,595","1,886",41.00%,22.3,54.4,441,8,131
Y59,RXQ,BUCKINGHAMSHIRE HEALTHCARE NHS TRUST,C_120,Ear Nose and Throat Service,"5,111","2,097",41.00%,24.5,51.8,385,-,47
Y59,RXQ,BUCKINGHAMSHIRE HEALTHCARE NHS TRUST,C_130,Ophthalmology Service,"6,964","3,814",54.80%,16.2,41,188,2,19
Y59,RXQ,BUCKINGHAMSHIRE HEALTHCARE NHS TRUST,C_140,Oral Surgery Service,711,540,75.90%,8.3,30.6,4,-,-
Y59,RXQ,BUCKINGHAMSHIRE HEALTHCARE NHS TRUST,C_150,Neurosurgical Service,-,-,-,-,-,-,-,-
Y59,RXQ,BUCKINGHAMSHIRE HEALTHCARE NHS TRUST,C_160,Plastic Surgery Service,"1,241",672,54.10%,16.7,48.1,63,-,13
Y59,RXQ,BUCKINGHAMSHIRE HEALTHCARE NHS TRUST,C_170,Cardiothoracic Surgery Service,-,-,-,-,-,-,-,-
Y59,RXQ,BUCKINGHAMSHIRE HEALTHCARE NHS TRUST,C_300,General Internal Medicine Service,-,-,-,-,-,-,-,-
Y59,RXQ,BUCKINGHAMSHIRE HEALTHCARE NHS TRUST,C_301,Gastroenterology Service,"2,783","1,803",64.80%,13.7,40.8,43,-,4
Y59,RXQ,BUCKINGHAMSHIRE HEALTHCARE NHS TRUST,C_320,Cardiology Service,"1,393",415,29.80%,24.2,46,36,-,-
Y59,RXQ,BUCKINGHAMSHIRE HEALTHCARE NHS TRUST,C_330,Dermatology Service,"3,460","2,046",59.10%,15,36.1,54,-,23
Y59,RXQ,BUCKINGHAMSHIRE HEALTHCARE NHS TRUST,C_340,Respiratory Medicine Service,"1,084",699,64.50%,12.7,35.5,-,-,-
Y59,RXQ,BUCKINGHAMSHIRE HEALTHCARE NHS TRUST,C_400,Neurology Service,"2,097","1,013",48.30%,18.8,40.6,37,-,5
Y59,RXQ,BUCKINGHAMSHIRE HEALTHCARE NHS TRUST,C_410,Rheumatology Service,796,466,58.50%,14.5,34.7,1,-,-
Y59,RXQ,BUCKINGHAMSHIRE HEALTHCARE NHS TRUST,C_430,Elderly Medicine Service,180,180,100.00%,2.8,11.3,-,-,-
Y59,RXQ,BUCKINGHAMSHIRE HEALTHCARE NHS TRUST,C_502,Gynaecology Service,"3,710","1,974",53.20%,16.9,54.1,341,-,131
Y59,RXQ,BUCKINGHAMSHIRE HEALTHCARE NHS TRUST,X02,Other - Medical Services,"5,302","2,855",53.80%,16.7,44.7,122,-,3
Y59,RXQ,BUCKINGHAMSHIRE HEALTHCARE NHS TRUST,X03,Other - Mental Health Services,2,2,100.00%,-,-,-,-,-
Y59,RXQ,BUCKINGHAMSHIRE HEALTHCARE NHS TRUST,X04,Other - Paediatric Services,887,495,55.80%,16.8,37,11,-,-
Y59,RXQ,BUCKINGHAMSHIRE HEALTHCARE NHS TRUST,X05,Other - Surgical Services,"1,532",912,59.50%,13.6,48.8,92,2,25
Y59,RXQ,BUCKINGHAMSHIRE HEALTHCARE NHS TRUST,X06,Other - Other Services,640,568,88.80%,6.3,21.4,1,-,-
Y59,RYR,UNIVERSITY HOSPITALS SUSSEX NHS FOUNDATION TRUST,C_100,General Surgery Service,"3,239","1,326",40.90%,22.3,58.6,359,35,149
Y59,RYR,UNIVERSITY HOSPITALS SUSSEX NHS FOUNDATION TRUST,C_101,Urology Service,"8,137","3,703",45.50%,20.6,59.7,"1,028",72,421
Y59,RYR,UNIVERSITY HOSPITALS SUSSEX NHS FOUNDATION TRUST,C_110,Trauma and Orthopaedic Service,"7,872","2,822",35.80%,28,67.1,"1,467",163,739
Y59,RYR,UNIVERSITY HOSPITALS SUSSEX NHS FOUNDATION TRUST,C_120,Ear Nose and Throat Service,"13,254","3,673",27.70%,31.4,57.9,"1,983",51,381
Y59,RYR,UNIVERSITY HOSPITALS SUSSEX NHS FOUNDATION TRUST,C_130,Ophthalmology Service,"16,506","8,029",48.60%,18.8,46.4,546,25,148
Y59,RYR,UNIVERSITY HOSPITALS SUSSEX NHS FOUNDATION TRUST,C_140,Oral Surgery Service,"7,552","3,020",40.00%,24.7,56.9,952,79,321
Y59,RYR,UNIVERSITY HOSPITALS SUSSEX NHS FOUNDATION TRUST,C_150,Neurosurgical Service,778,278,35.70%,27.4,66.2,145,25,68
Y59,RYR,UNIVERSITY HOSPITALS SUSSEX NHS FOUNDATION TRUST,C_160,Plastic Surgery Service,22,8,36.40%,31,55.6,4,-,-
Y59,RYR,UNIVERSITY HOSPITALS SUSSEX NHS FOUNDATION TRUST,C_170,Cardiothoracic Surgery Service,147,72,49.00%,18.8,49.1,7,-,2
Y59,RYR,UNIVERSITY HOSPITALS SUSSEX NHS FOUNDATION TRUST,C_300,General Internal Medicine Service,46,18,39.10%,20,46.3,1,-,-
Y59,RYR,UNIVERSITY HOSPITALS SUSSEX NHS FOUNDATION TRUST,C_301,Gastroenterology Service,"6,864","3,172",46.20%,19.7,52,548,33,153
Y59,RYR,UNIVERSITY HOSPITALS SUSSEX NHS FOUNDATION TRUST,C_320,Cardiology Service,"11,708","5,442",46.50%,20.2,54.1,"1,127",22,260
Y59,RYR,UNIVERSITY HOSPITALS SUSSEX NHS FOUNDATION TRUST,C_330,Dermatology Service,"8,218","3,188",38.80%,23.4,51.1,608,-,176
Y59,RYR,UNIVERSITY HOSPITALS SUSSEX NHS FOUNDATION TRUST,C_340,Respiratory Medicine Service,"3,058","1,748",57.20%,14.5,44.3,52,-,2
Y59,RYR,UNIVERSITY HOSPITALS SUSSEX NHS FOUNDATION TRUST,C_400,Neurology Service,"5,264","1,902",36.10%,25.9,55.6,659,4,119
Y59,RYR,UNIVERSITY HOSPITALS SUSSEX NHS FOUNDATION TRUST,C_410,Rheumatology Service,"2,788","1,225",43.90%,20.6,45.1,32,-,2
Y59,RYR,UNIVERSITY HOSPITALS SUSSEX NHS FOUNDATION TRUST,C_430,Elderly Medicine Service,163,107,65.60%,11.7,36.7,3,-,-
Y59,RYR,UNIVERSITY HOSPITALS SUSSEX NHS FOUNDATION TRUST,C_502,Gynaecology Service,"11,126","4,950",44.50%,21.2,51.5,847,49,252
Y59,RYR,UNIVERSITY HOSPITALS SUSSEX NHS FOUNDATION TRUST,X02,Other - Medical Services,"7,217","3,632",50.30%,17.8,44.9,176,5,23
Y59,RYR,UNIVERSITY HOSPITALS SUSSEX NHS FOUNDATION TRUST,X03,Other - Mental Health Services,-,-,-,-,-,-,-,-
Y59,RYR,UNIVERSITY HOSPITALS SUSSEX NHS FOUNDATION TRUST,X04,Other - Paediatric Services,"8,770","3,889",44.30%,20.8,51,634,4,91
Y59,RYR,UNIVERSITY HOSPITALS SUSSEX NHS FOUNDATION TRUST,X05,Other - Surgical Services,"18,204","8,146",44.70%,21.4,61.7,"2,595",205,"1,118"
Y59,RYR,UNIVERSITY HOSPITALS SUSSEX NHS FOUNDATION TRUST,X06,Other - Other Services,"1,536",910,59.20%,14.2,39.3,17,2,9
Y59,RYY,KENT COMMUNITY HEALTH NHS FOUNDATION TRUST,C_100,General Surgery Service,-,-,-,-,-,-,-,-
Y59,RYY,KENT COMMUNITY HEALTH NHS FOUNDATION TRUST,C_101,Urology Service,-,-,-,-,-,-,-,-
Y59,RYY,KENT COMMUNITY HEALTH NHS FOUNDATION TRUST,C_110,Trauma and Orthopaedic Service,"3,127","3,119",99.70%,8.4,15.5,-,-,-
Y59,RYY,KENT COMMUNITY HEALTH NHS FOUNDATION TRUST,C_120,Ear Nose and Throat Service,-,-,-,-,-,-,-,-
Y59,RYY,KENT COMMUNITY HEALTH NHS FOUNDATION TRUST,C_130,Ophthalmology Service,-,-,-,-,-,-,-,-
Y59,RYY,KENT COMMUNITY HEALTH NHS FOUNDATION TRUST,C_140,Oral Surgery Service,-,-,-,-,-,-,-,-
Y59,RYY,KENT COMMUNITY HEALTH NHS FOUNDATION TRUST,C_150,Neurosurgical Service,-,-,-,-,-,-,-,-
Y59,RYY,KENT COMMUNITY HEALTH NHS FOUNDATION TRUST,C_160,Plastic Surgery Service,-,-,-,-,-,-,-,-
Y59,RYY,KENT COMMUNITY HEALTH NHS FOUNDATION TRUST,C_170,Cardiothoracic Surgery Service,-,-,-,-,-,-,-,-
Y59,RYY,KENT COMMUNITY HEALTH NHS FOUNDATION TRUST,C_300,General Internal Medicine Service,-,-,-,-,-,-,-,-
Y59,RYY,KENT COMMUNITY HEALTH NHS FOUNDATION TRUST,C_301,Gastroenterology Service,-,-,-,-,-,-,-,-
Y59,RYY,KENT COMMUNITY HEALTH NHS FOUNDATION TRUST,C_320,Cardiology Service,-,-,-,-,-,-,-,-
Y59,RYY,KENT COMMUNITY HEALTH NHS FOUNDATION TRUST,C_330,Dermatology Service,-,-,-,-,-,-,-,-
Y59,RYY,KENT COMMUNITY HEALTH NHS FOUNDATION TRUST,C_340,Respiratory Medicine Service,-,-,-,-,-,-,-,-
Y59,RYY,KENT COMMUNITY HEALTH NHS FOUNDATION TRUST,C_400,Neurology Service,-,-,-,-,-,-,-,-
Y59,RYY,KENT COMMUNITY HEALTH NHS FOUNDATION TRUST,C_410,Rheumatology Service,-,-,-,-,-,-,-,-
Y59,RYY,KENT COMMUNITY HEALTH NHS FOUNDATION TRUST,C_430,Elderly Medicine Service,-,-,-,-,-,-,-,-
Y59,RYY,KENT COMMUNITY HEALTH NHS FOUNDATION TRUST,C_502,Gynaecology Service,-,-,-,-,-,-,-,-
Y59,RYY,KENT COMMUNITY HEALTH NHS FOUNDATION TRUST,X02,Other - Medical Services,499,496,99.40%,4.9,9.2,-,-,-
Y59,RYY,KENT COMMUNITY HEALTH NHS FOUNDATION TRUST,X03,Other - Mental Health Services,-,-,-,-,-,-,-,-
Y59,RYY,KENT COMMUNITY HEALTH NHS FOUNDATION TRUST,X04,Other - Paediatric Services,-,-,-,-,-,-,-,-
Y59,RYY,KENT COMMUNITY HEALTH NHS FOUNDATION TRUST,X05,Other - Surgical Services,-,-,-,-,-,-,-,-
Y59,RYY,KENT COMMUNITY HEALTH NHS FOUNDATION TRUST,X06,Other - Other Services,-,-,-,-,-,-,-,-
Y60,R1A,HEREFORDSHIRE AND WORCESTERSHIRE HEALTH AND CARE NHS TRUST,C_100,General Surgery Service,-,-,-,-,-,-,-,-
Y60,R1A,HEREFORDSHIRE AND WORCESTERSHIRE HEALTH AND CARE NHS TRUST,C_101,Urology Service,-,-,-,-,-,-,-,-
Y60,R1A,HEREFORDSHIRE AND WORCESTERSHIRE HEALTH AND CARE NHS TRUST,C_110,Trauma and Orthopaedic Service,33,33,100.00%,7.8,13.4,-,-,-
Y60,R1A,HEREFORDSHIRE AND WORCESTERSHIRE HEALTH AND CARE NHS TRUST,C_120,Ear Nose and Throat Service,-,-,-,-,-,-,-,-
Y60,R1A,HEREFORDSHIRE AND WORCESTERSHIRE HEALTH AND CARE NHS TRUST,C_130,Ophthalmology Service,-,-,-,-,-,-,-,-
Y60,R1A,HEREFORDSHIRE AND WORCESTERSHIRE HEALTH AND CARE NHS TRUST,C_140,Oral Surgery Service,-,-,-,-,-,-,-,-
Y60,R1A,HEREFORDSHIRE AND WORCESTERSHIRE HEALTH AND CARE NHS TRUST,C_150,Neurosurgical Service,-,-,-,-,-,-,-,-
Y60,R1A,HEREFORDSHIRE AND WORCESTERSHIRE HEALTH AND CARE NHS TRUST,C_160,Plastic Surgery Service,-,-,-,-,-,-,-,-
Y60,R1A,HEREFORDSHIRE AND WORCESTERSHIRE HEALTH AND CARE NHS TRUST,C_170,Cardiothoracic Surgery Service,-,-,-,-,-,-,-,-
Y60,R1A,HEREFORDSHIRE AND WORCESTERSHIRE HEALTH AND CARE NHS TRUST,C_300,General Internal Medicine Service,-,-,-,-,-,-,-,-
Y60,R1A,HEREFORDSHIRE AND WORCESTERSHIRE HEALTH AND CARE NHS TRUST,C_301,Gastroenterology Service,-,-,-,-,-,-,-,-
Y60,R1A,HEREFORDSHIRE AND WORCESTERSHIRE HEALTH AND CARE NHS TRUST,C_320,Cardiology Service,-,-,-,-,-,-,-,-
Y60,R1A,HEREFORDSHIRE AND WORCESTERSHIRE HEALTH AND CARE NHS TRUST,C_330,Dermatology Service,-,-,-,-,-,-,-,-
Y60,R1A,HEREFORDSHIRE AND WORCESTERSHIRE HEALTH AND CARE NHS TRUST,C_340,Respiratory Medicine Service,-,-,-,-,-,-,-,-
Y60,R1A,HEREFORDSHIRE AND WORCESTERSHIRE HEALTH AND CARE NHS TRUST,C_400,Neurology Service,-,-,-,-,-,-,-,-
Y60,R1A,HEREFORDSHIRE AND WORCESTERSHIRE HEALTH AND CARE NHS TRUST,C_410,Rheumatology Service,-,-,-,-,-,-,-,-
Y60,R1A,HEREFORDSHIRE AND WORCESTERSHIRE HEALTH AND CARE NHS TRUST,C_430,Elderly Medicine Service,-,-,-,-,-,-,-,-
Y60,R1A,HEREFORDSHIRE AND WORCESTERSHIRE HEALTH AND CARE NHS TRUST,C_502,Gynaecology Service,-,-,-,-,-,-,-,-
Y60,R1A,HEREFORDSHIRE AND WORCESTERSHIRE HEALTH AND CARE NHS TRUST,X02,Other - Medical Services,-,-,-,-,-,-,-,-
Y60,R1A,HEREFORDSHIRE AND WORCESTERSHIRE HEALTH AND CARE NHS TRUST,X03,Other - Mental Health Services,-,-,-,-,-,-,-,-
Y60,R1A,HEREFORDSHIRE AND WORCESTERSHIRE HEALTH AND CARE NHS TRUST,X04,Other - Paediatric Services,-,-,-,-,-,-,-,-
Y60,R1A,HEREFORDSHIRE AND WORCESTERSHIRE HEALTH AND CARE NHS TRUST,X05,Other - Surgical Services,-,-,-,-,-,-,-,-
Y60,R1A,HEREFORDSHIRE AND WORCESTERSHIRE HEALTH AND CARE NHS TRUST,X06,Other - Other Services,-,-,-,-,-,-,-,-
Y60,R1D,SHROPSHIRE COMMUNITY HEALTH NHS TRUST,C_100,General Surgery Service,84,49,58.30%,14.5,29.3,-,-,-
Y60,R1D,SHROPSHIRE COMMUNITY HEALTH NHS TRUST,C_101,Urology Service,-,-,-,-,-,-,-,-
Y60,R1D,SHROPSHIRE COMMUNITY HEALTH NHS TRUST,C_110,Trauma and Orthopaedic Service,"13,441","7,199",53.60%,17,38,49,-,-
Y60,R1D,SHROPSHIRE COMMUNITY HEALTH NHS TRUST,C_120,Ear Nose and Throat Service,839,308,36.70%,23.3,40.7,-,-,-
Y60,R1D,SHROPSHIRE COMMUNITY HEALTH NHS TRUST,C_130,Ophthalmology Service,-,-,-,-,-,-,-,-
Y60,R1D,SHROPSHIRE COMMUNITY HEALTH NHS TRUST,C_140,Oral Surgery Service,197,131,66.50%,12.5,39.6,6,-,1
Y60,R1D,SHROPSHIRE COMMUNITY HEALTH NHS TRUST,C_150,Neurosurgical Service,-,-,-,-,-,-,-,-
Y60,R1D,SHROPSHIRE COMMUNITY HEALTH NHS TRUST,C_160,Plastic Surgery Service,-,-,-,-,-,-,-,-
Y60,R1D,SHROPSHIRE COMMUNITY HEALTH NHS TRUST,C_170,Cardiothoracic Surgery Service,-,-,-,-,-,-,-,-
Y60,R1D,SHROPSHIRE COMMUNITY HEALTH NHS TRUST,C_300,General Internal Medicine Service,-,-,-,-,-,-,-,-
Y60,R1D,SHROPSHIRE COMMUNITY HEALTH NHS TRUST,C_301,Gastroenterology Service,-,-,-,-,-,-,-,-
Y60,R1D,SHROPSHIRE COMMUNITY HEALTH NHS TRUST,C_320,Cardiology Service,45,43,95.60%,8.7,16.4,-,-,-
Y60,R1D,SHROPSHIRE COMMUNITY HEALTH NHS TRUST,C_330,Dermatology Service,-,-,-,-,-,-,-,-
Y60,R1D,SHROPSHIRE COMMUNITY HEALTH NHS TRUST,C_340,Respiratory Medicine Service,74,33,44.60%,20.8,40,-,-,-
Y60,R1D,SHROPSHIRE COMMUNITY HEALTH NHS TRUST,C_400,Neurology Service,-,-,-,-,-,-,-,-
Y60,R1D,SHROPSHIRE COMMUNITY HEALTH NHS TRUST,C_410,Rheumatology Service,4,4,100.00%,-,-,-,-,-
Y60,R1D,SHROPSHIRE COMMUNITY HEALTH NHS TRUST,C_430,Elderly Medicine Service,-,-,-,-,-,-,-,-
Y60,R1D,SHROPSHIRE COMMUNITY HEALTH NHS TRUST,C_502,Gynaecology Service,183,83,45.40%,20.7,41.7,-,-,-
Y60,R1D,SHROPSHIRE COMMUNITY HEALTH NHS TRUST,X02,Other - Medical Services,-,-,-,-,-,-,-,-
Y60,R1D,SHROPSHIRE COMMUNITY HEALTH NHS TRUST,X03,Other - Mental Health Services,-,-,-,-,-,-,-,-
Y60,R1D,SHROPSHIRE COMMUNITY HEALTH NHS TRUST,X04,Other - Paediatric Services,510,406,79.60%,11.8,25,-,-,-
Y60,R1D,SHROPSHIRE COMMUNITY HEALTH NHS TRUST,X05,Other - Surgical Services,-,-,-,-,-,-,-,-
Y60,R1D,SHROPSHIRE COMMUNITY HEALTH NHS TRUST,X06,Other - Other Services,-,-,-,-,-,-,-,-
Y60,RBK,WALSALL HEALTHCARE NHS TRUST,C_100,General Surgery Service,"1,386",669,48.30%,18.6,50,94,-,27
Y60,RBK,WALSALL HEALTHCARE NHS TRUST,C_101,Urology Service,-,-,-,-,-,-,-,-
Y60,RBK,WALSALL HEALTHCARE NHS TRUST,C_110,Trauma and Orthopaedic Service,"3,117","1,743",55.90%,14.9,46.8,132,-,18
Y60,RBK,WALSALL HEALTHCARE NHS TRUST,C_120,Ear Nose and Throat Service,"3,607","1,641",45.50%,20.3,43.8,55,-,5
Y60,RBK,WALSALL HEALTHCARE NHS TRUST,C_130,Ophthalmology Service,"1,102",916,83.10%,8,26.1,6,-,1
Y60,RBK,WALSALL HEALTHCARE NHS TRUST,C_140,Oral Surgery Service,"2,630",934,35.50%,24.7,58.2,345,1,110
Y60,RBK,WALSALL HEALTHCARE NHS TRUST,C_150,Neurosurgical Service,-,-,-,-,-,-,-,-
Y60,RBK,WALSALL HEALTHCARE NHS TRUST,C_160,Plastic Surgery Service,183,81,44.30%,22.2,41.5,7,-,-
Y60,RBK,WALSALL HEALTHCARE NHS TRUST,C_170,Cardiothoracic Surgery Service,-,-,-,-,-,-,-,-
Y60,RBK,WALSALL HEALTHCARE NHS TRUST,C_300,General Internal Medicine Service,-,-,-,-,-,-,-,-
Y60,RBK,WALSALL HEALTHCARE NHS TRUST,C_301,Gastroenterology Service,"2,729","1,704",62.40%,13.2,39.5,13,-,1
Y60,RBK,WALSALL HEALTHCARE NHS TRUST,C_320,Cardiology Service,982,855,87.10%,8.9,20.9,-,-,-
Y60,RBK,WALSALL HEALTHCARE NHS TRUST,C_330,Dermatology Service,"1,966",844,42.90%,22.1,47.4,77,-,2
Y60,RBK,WALSALL HEALTHCARE NHS TRUST,C_340,Respiratory Medicine Service,796,757,95.10%,7.2,16.5,-,-,-
Y60,RBK,WALSALL HEALTHCARE NHS TRUST,C_400,Neurology Service,439,424,96.60%,4,14.1,-,-,-
Y60,RBK,WALSALL HEALTHCARE NHS TRUST,C_410,Rheumatology Service,"1,474",553,37.50%,24.3,45.4,26,-,1
Y60,RBK,WALSALL HEALTHCARE NHS TRUST,C_430,Elderly Medicine Service,148,146,98.60%,5.8,15.8,-,-,-
Y60,RBK,WALSALL HEALTHCARE NHS TRUST,C_502,Gynaecology Service,"2,208","1,372",62.10%,13.3,40.2,45,-,6
Y60,RBK,WALSALL HEALTHCARE NHS TRUST,X02,Other - Medical Services,"2,342","1,466",62.60%,13.3,37,6,-,1
Y60,RBK,WALSALL HEALTHCARE NHS TRUST,X03,Other - Mental Health Services,-,-,-,-,-,-,-,-
Y60,RBK,WALSALL HEALTHCARE NHS TRUST,X04,Other - Paediatric Services,"2,726","1,809",66.40%,9.8,42.7,40,-,11
Y60,RBK,WALSALL HEALTHCARE NHS TRUST,X05,Other - Surgical Services,"3,145","1,791",56.90%,15.1,48.4,163,-,57
Y60,RBK,WALSALL HEALTHCARE NHS TRUST,X06,Other - Other Services,325,197,60.60%,15,28.5,-,-,-
Y60,RFS,CHESTERFIELD ROYAL HOSPITAL NHS FOUNDATION TRUST,C_100,General Surgery Service,"1,334",632,47.40%,20.1,64.4,262,2,100
Y60,RFS,CHESTERFIELD ROYAL HOSPITAL NHS FOUNDATION TRUST,C_101,Urology Service,"1,676","1,027",61.30%,13.4,48.1,103,-,30
Y60,RFS,CHESTERFIELD ROYAL HOSPITAL NHS FOUNDATION TRUST,C_110,Trauma and Orthopaedic Service,"2,639","1,182",44.80%,20.6,56.7,289,2,83
Y60,RFS,CHESTERFIELD ROYAL HOSPITAL NHS FOUNDATION TRUST,C_120,Ear Nose and Throat Service,"1,545","1,030",66.70%,11.2,41.8,59,-,8
Y60,RFS,CHESTERFIELD ROYAL HOSPITAL NHS FOUNDATION TRUST,C_130,Ophthalmology Service,"2,838","1,350",47.60%,19,41.3,64,-,6
Y60,RFS,CHESTERFIELD ROYAL HOSPITAL NHS FOUNDATION TRUST,C_140,Oral Surgery Service,"1,940",934,48.10%,18.9,40.4,35,1,12
Y60,RFS,CHESTERFIELD ROYAL HOSPITAL NHS FOUNDATION TRUST,C_150,Neurosurgical Service,-,-,-,-,-,-,-,-
Y60,RFS,CHESTERFIELD ROYAL HOSPITAL NHS FOUNDATION TRUST,C_160,Plastic Surgery Service,-,-,-,-,-,-,-,-
Y60,RFS,CHESTERFIELD ROYAL HOSPITAL NHS FOUNDATION TRUST,C_170,Cardiothoracic Surgery Service,-,-,-,-,-,-,-,-
Y60,RFS,CHESTERFIELD ROYAL HOSPITAL NHS FOUNDATION TRUST,C_300,General Internal Medicine Service,235,153,65.10%,12.9,38.6,5,-,-
Y60,RFS,CHESTERFIELD ROYAL HOSPITAL NHS FOUNDATION TRUST,C_301,Gastroenterology Service,"1,905","1,022",53.60%,15.4,51,138,-,44
Y60,RFS,CHESTERFIELD ROYAL HOSPITAL NHS FOUNDATION TRUST,C_320,Cardiology Service,"1,135",533,47.00%,19.3,41.2,34,-,2
Y60,RFS,CHESTERFIELD ROYAL HOSPITAL NHS FOUNDATION TRUST,C_330,Dermatology Service,"2,768","1,258",45.40%,20,44,27,-,1
Y60,RFS,CHESTERFIELD ROYAL HOSPITAL NHS FOUNDATION TRUST,C_340,Respiratory Medicine Service,486,269,55.30%,15.4,39.6,9,-,-
Y60,RFS,CHESTERFIELD ROYAL HOSPITAL NHS FOUNDATION TRUST,C_400,Neurology Service,-,-,-,-,-,-,-,-
Y60,RFS,CHESTERFIELD ROYAL HOSPITAL NHS FOUNDATION TRUST,C_410,Rheumatology Service,755,414,54.80%,16.2,31.6,1,-,1
Y60,RFS,CHESTERFIELD ROYAL HOSPITAL NHS FOUNDATION TRUST,C_430,Elderly Medicine Service,-,-,-,-,-,-,-,-
Y60,RFS,CHESTERFIELD ROYAL HOSPITAL NHS FOUNDATION TRUST,C_502,Gynaecology Service,"2,209","1,329",60.20%,14,41.3,73,-,7
Y60,RFS,CHESTERFIELD ROYAL HOSPITAL NHS FOUNDATION TRUST,X02,Other - Medical Services,"1,492",895,60.00%,13.8,39.4,14,-,4
Y60,RFS,CHESTERFIELD ROYAL HOSPITAL NHS FOUNDATION TRUST,X03,Other - Mental Health Services,-,-,-,-,-,-,-,-
Y60,RFS,CHESTERFIELD ROYAL HOSPITAL NHS FOUNDATION TRUST,X04,Other - Paediatric Services,"2,012","1,233",61.30%,13.4,41.3,12,-,-
Y60,RFS,CHESTERFIELD ROYAL HOSPITAL NHS FOUNDATION TRUST,X05,Other - Surgical Services,"3,259","1,721",52.80%,16.8,48.1,175,1,45
Y60,RFS,CHESTERFIELD ROYAL HOSPITAL NHS FOUNDATION TRUST,X06,Other - Other Services,-,-,-,-,-,-,-,-
Y60,RJC,SOUTH WARWICKSHIRE UNIVERSITY NHS FOUNDATION TRUST,C_100,General Surgery Service,"1,592",731,45.90%,20.1,52,127,-,22
Y60,RJC,SOUTH WARWICKSHIRE UNIVERSITY NHS FOUNDATION TRUST,C_101,Urology Service,"2,309","1,471",63.70%,12.5,40.7,56,-,1
Y60,RJC,SOUTH WARWICKSHIRE UNIVERSITY NHS FOUNDATION TRUST,C_110,Trauma and Orthopaedic Service,"3,999","2,976",74.40%,11.6,30.8,3,-,-
Y60,RJC,SOUTH WARWICKSHIRE UNIVERSITY NHS FOUNDATION TRUST,C_120,Ear Nose and Throat Service,"4,778","2,312",48.40%,18.7,44.2,131,-,11
Y60,RJC,SOUTH WARWICKSHIRE UNIVERSITY NHS FOUNDATION TRUST,C_130,Ophthalmology Service,"1,507","1,222",81.10%,8.3,27.6,13,-,1
Y60,RJC,SOUTH WARWICKSHIRE UNIVERSITY NHS FOUNDATION TRUST,C_140,Oral Surgery Service,"1,041",282,27.10%,29.4,52.5,90,-,21
Y60,RJC,SOUTH WARWICKSHIRE UNIVERSITY NHS FOUNDATION TRUST,C_150,Neurosurgical Service,1,1,100.00%,-,-,-,-,-
Y60,RJC,SOUTH WARWICKSHIRE UNIVERSITY NHS FOUNDATION TRUST,C_160,Plastic Surgery Service,247,126,51.00%,16.9,49.6,17,-,2
Y60,RJC,SOUTH WARWICKSHIRE UNIVERSITY NHS FOUNDATION TRUST,C_170,Cardiothoracic Surgery Service,-,-,-,-,-,-,-,-
Y60,RJC,SOUTH WARWICKSHIRE UNIVERSITY NHS FOUNDATION TRUST,C_300,General Internal Medicine Service,83,76,91.60%,7.1,20.4,1,-,-
Y60,RJC,SOUTH WARWICKSHIRE UNIVERSITY NHS FOUNDATION TRUST,C_301,Gastroenterology Service,"1,671","1,445",86.50%,9.9,23.4,1,-,-
Y60,RJC,SOUTH WARWICKSHIRE UNIVERSITY NHS FOUNDATION TRUST,C_320,Cardiology Service,"1,025",548,53.50%,16.5,44.1,9,-,1
Y60,RJC,SOUTH WARWICKSHIRE UNIVERSITY NHS FOUNDATION TRUST,C_330,Dermatology Service,"2,752","1,679",61.00%,14,37.4,10,-,1
Y60,RJC,SOUTH WARWICKSHIRE UNIVERSITY NHS FOUNDATION TRUST,C_340,Respiratory Medicine Service,997,621,62.30%,14.4,34.3,1,-,-
Y60,RJC,SOUTH WARWICKSHIRE UNIVERSITY NHS FOUNDATION TRUST,C_400,Neurology Service,-,-,-,-,-,-,-,-
Y60,RJC,SOUTH WARWICKSHIRE UNIVERSITY NHS FOUNDATION TRUST,C_410,Rheumatology Service,955,667,69.80%,13,29.1,1,-,-
Y60,RJC,SOUTH WARWICKSHIRE UNIVERSITY NHS FOUNDATION TRUST,C_430,Elderly Medicine Service,173,171,98.80%,6.2,15.2,-,-,-
Y60,RJC,SOUTH WARWICKSHIRE UNIVERSITY NHS FOUNDATION TRUST,C_502,Gynaecology Service,"3,512","1,999",56.90%,15.8,38.1,64,-,6
Y60,RJC,SOUTH WARWICKSHIRE UNIVERSITY NHS FOUNDATION TRUST,X02,Other - Medical Services,"2,747","1,965",71.50%,12,34.9,55,-,11
Y60,RJC,SOUTH WARWICKSHIRE UNIVERSITY NHS FOUNDATION TRUST,X03,Other - Mental Health Services,-,-,-,-,-,-,-,-
Y60,RJC,SOUTH WARWICKSHIRE UNIVERSITY NHS FOUNDATION TRUST,X04,Other - Paediatric Services,974,484,49.70%,18.2,48.3,46,1,6
Y60,RJC,SOUTH WARWICKSHIRE UNIVERSITY NHS FOUNDATION TRUST,X05,Other - Surgical Services,"3,222","2,037",63.20%,13.7,46.3,181,-,69
Y60,RJC,SOUTH WARWICKSHIRE UNIVERSITY NHS FOUNDATION TRUST,X06,Other - Other Services,285,271,95.10%,2.2,15.1,1,-,-
Y60,RJE,UNIVERSITY HOSPITALS OF NORTH MIDLANDS NHS TRUST,C_100,General Surgery Service,"10,064","5,267",52.30%,16.6,47.8,488,24,197
Y60,RJE,UNIVERSITY HOSPITALS OF NORTH MIDLANDS NHS TRUST,C_101,Urology Service,"3,909","2,333",59.70%,14.1,38,11,-,-
Y60,RJE,UNIVERSITY HOSPITALS OF NORTH MIDLANDS NHS TRUST,C_110,Trauma and Orthopaedic Service,"6,706","2,820",42.10%,21.1,53.3,583,63,243
Y60,RJE,UNIVERSITY HOSPITALS OF NORTH MIDLANDS NHS TRUST,C_120,Ear Nose and Throat Service,"4,480","1,974",44.10%,21.7,53.1,407,11,91
Y60,RJE,UNIVERSITY HOSPITALS OF NORTH MIDLANDS NHS TRUST,C_130,Ophthalmology Service,"5,135","2,552",49.70%,18.2,47,195,7,60
Y60,RJE,UNIVERSITY HOSPITALS OF NORTH MIDLANDS NHS TRUST,C_140,Oral Surgery Service,"3,681","1,718",46.70%,19.6,46.8,173,2,27
Y60,RJE,UNIVERSITY HOSPITALS OF NORTH MIDLANDS NHS TRUST,C_150,Neurosurgical Service,860,455,52.90%,16.5,48.5,43,2,13
Y60,RJE,UNIVERSITY HOSPITALS OF NORTH MIDLANDS NHS TRUST,C_160,Plastic Surgery Service,"1,578",851,53.90%,15.6,47.2,62,2,21
Y60,RJE,UNIVERSITY HOSPITALS OF NORTH MIDLANDS NHS TRUST,C_170,Cardiothoracic Surgery Service,233,159,68.20%,12.1,40.7,1,-,1
Y60,RJE,UNIVERSITY HOSPITALS OF NORTH MIDLANDS NHS TRUST,C_300,General Internal Medicine Service,-,-,-,-,-,-,-,-
Y60,RJE,UNIVERSITY HOSPITALS OF NORTH MIDLANDS NHS TRUST,C_301,Gastroenterology Service,"7,163","2,852",39.80%,24.2,54.5,714,20,204
Y60,RJE,UNIVERSITY HOSPITALS OF NORTH MIDLANDS NHS TRUST,C_320,Cardiology Service,"4,360","2,934",67.30%,10.6,39.1,51,1,6
Y60,RJE,UNIVERSITY HOSPITALS OF NORTH MIDLANDS NHS TRUST,C_330,Dermatology Service,"2,225","1,401",63.00%,13.2,33,7,-,1
Y60,RJE,UNIVERSITY HOSPITALS OF NORTH MIDLANDS NHS TRUST,C_340,Respiratory Medicine Service,"9,069","3,844",42.40%,23.1,53.9,906,3,201
Y60,RJE,UNIVERSITY HOSPITALS OF NORTH MIDLANDS NHS TRUST,C_400,Neurology Service,"6,422","2,331",36.30%,26.1,54.8,741,8,118
Y60,RJE,UNIVERSITY HOSPITALS OF NORTH MIDLANDS NHS TRUST,C_410,Rheumatology Service,1,1,100.00%,-,-,-,-,-
Y60,RJE,UNIVERSITY HOSPITALS OF NORTH MIDLANDS NHS TRUST,C_430,Elderly Medicine Service,40,36,90.00%,6,18.8,-,-,-
Y60,RJE,UNIVERSITY HOSPITALS OF NORTH MIDLANDS NHS TRUST,C_502,Gynaecology Service,"5,055","2,276",45.00%,20.3,48.5,246,-,16
Y60,RJE,UNIVERSITY HOSPITALS OF NORTH MIDLANDS NHS TRUST,X02,Other - Medical Services,"8,478","5,369",63.30%,13.3,39.8,170,1,28
Y60,RJE,UNIVERSITY HOSPITALS OF NORTH MIDLANDS NHS TRUST,X03,Other - Mental Health Services,2,-,-,-,-,-,-,-
Y60,RJE,UNIVERSITY HOSPITALS OF NORTH MIDLANDS NHS TRUST,X04,Other - Paediatric Services,"2,023","1,533",75.80%,7.1,36,26,1,8
Y60,RJE,UNIVERSITY HOSPITALS OF NORTH MIDLANDS NHS TRUST,X05,Other - Surgical Services,22,15,68.20%,7,49.1,-,-,-
Y60,RJE,UNIVERSITY HOSPITALS OF NORTH MIDLANDS NHS TRUST,X06,Other - Other Services,458,403,88.00%,6.7,24.4,3,-,1
Y60,RK5,SHERWOOD FOREST HOSPITALS NHS FOUNDATION TRUST,C_100,General Surgery Service,"4,717","2,759",58.50%,14.2,43.3,153,1,27
Y60,RK5,SHERWOOD FOREST HOSPITALS NHS FOUNDATION TRUST,C_101,Urology Service,"2,538","1,932",76.10%,8.8,32.6,21,-,1
Y60,RK5,SHERWOOD FOREST HOSPITALS NHS FOUNDATION TRUST,C_110,Trauma and Orthopaedic Service,"4,344","2,306",53.10%,16.5,45.6,193,-,42
Y60,RK5,SHERWOOD FOREST HOSPITALS NHS FOUNDATION TRUST,C_120,Ear Nose and Throat Service,"6,307","3,644",57.80%,15.2,44.6,306,2,95
Y60,RK5,SHERWOOD FOREST HOSPITALS NHS FOUNDATION TRUST,C_130,Ophthalmology Service,"5,478","4,239",77.40%,8.4,28.8,4,-,-
Y60,RK5,SHERWOOD FOREST HOSPITALS NHS FOUNDATION TRUST,C_140,Oral Surgery Service,"1,222",722,59.10%,14.6,43.3,55,-,27
Y60,RK5,SHERWOOD FOREST HOSPITALS NHS FOUNDATION TRUST,C_150,Neurosurgical Service,-,-,-,-,-,-,-,-
Y60,RK5,SHERWOOD FOREST HOSPITALS NHS FOUNDATION TRUST,C_160,Plastic Surgery Service,327,179,54.70%,16.8,34.4,5,-,-
Y60,RK5,SHERWOOD FOREST HOSPITALS NHS FOUNDATION TRUST,C_170,Cardiothoracic Surgery Service,-,-,-,-,-,-,-,-
Y60,RK5,SHERWOOD FOREST HOSPITALS NHS FOUNDATION TRUST,C_300,General Internal Medicine Service,-,-,-,-,-,-,-,-
Y60,RK5,SHERWOOD FOREST HOSPITALS NHS FOUNDATION TRUST,C_301,Gastroenterology Service,"6,123","3,526",57.60%,14.3,45.6,271,1,75
Y60,RK5,SHERWOOD FOREST HOSPITALS NHS FOUNDATION TRUST,C_320,Cardiology Service,"4,368","2,203",50.40%,17.8,47.1,231,13,74
Y60,RK5,SHERWOOD FOREST HOSPITALS NHS FOUNDATION TRUST,C_330,Dermatology Service,"2,317","1,321",57.00%,14.9,43.8,93,-,4
Y60,RK5,SHERWOOD FOREST HOSPITALS NHS FOUNDATION TRUST,C_340,Respiratory Medicine Service,"2,374","1,476",62.20%,12.9,39.6,39,-,6
Y60,RK5,SHERWOOD FOREST HOSPITALS NHS FOUNDATION TRUST,C_400,Neurology Service,-,-,-,-,-,-,-,-
Y60,RK5,SHERWOOD FOREST HOSPITALS NHS FOUNDATION TRUST,C_410,Rheumatology Service,860,770,89.50%,8.2,19.4,-,-,-
Y60,RK5,SHERWOOD FOREST HOSPITALS NHS FOUNDATION TRUST,C_430,Elderly Medicine Service,291,206,70.80%,9.6,35.9,1,-,-
Y60,RK5,SHERWOOD FOREST HOSPITALS NHS FOUNDATION TRUST,C_502,Gynaecology Service,"2,991","1,912",63.90%,12.2,41.1,66,-,1
Y60,RK5,SHERWOOD FOREST HOSPITALS NHS FOUNDATION TRUST,X02,Other - Medical Services,"3,784","1,632",43.10%,21.5,52.2,309,-,47
Y60,RK5,SHERWOOD FOREST HOSPITALS NHS FOUNDATION TRUST,X03,Other - Mental Health Services,-,-,-,-,-,-,-,-
Y60,RK5,SHERWOOD FOREST HOSPITALS NHS FOUNDATION TRUST,X04,Other - Paediatric Services,"4,162","2,941",70.70%,10.8,32.2,12,-,-
Y60,RK5,SHERWOOD FOREST HOSPITALS NHS FOUNDATION TRUST,X05,Other - Surgical Services,168,137,81.50%,10.1,25.3,-,-,-
Y60,RK5,SHERWOOD FOREST HOSPITALS NHS FOUNDATION TRUST,X06,Other - Other Services,-,-,-,-,-,-,-,-
Y60,RKB,UNIVERSITY HOSPITALS COVENTRY AND WARWICKSHIRE NHS TRUST,C_100,General Surgery Service,"7,707","3,670",47.60%,19.2,47.6,404,-,100
Y60,RKB,UNIVERSITY HOSPITALS COVENTRY AND WARWICKSHIRE NHS TRUST,C_101,Urology Service,"3,545","1,673",47.20%,19.4,47.9,184,-,56
Y60,RKB,UNIVERSITY HOSPITALS COVENTRY AND WARWICKSHIRE NHS TRUST,C_110,Trauma and Orthopaedic Service,"6,869","3,552",51.70%,17.3,46.1,329,-,82
Y60,RKB,UNIVERSITY HOSPITALS COVENTRY AND WARWICKSHIRE NHS TRUST,C_120,Ear Nose and Throat Service,"5,102","1,804",35.40%,27.1,55.4,536,2,182
Y60,RKB,UNIVERSITY HOSPITALS COVENTRY AND WARWICKSHIRE NHS TRUST,C_130,Ophthalmology Service,"4,011","2,375",59.20%,14.3,41.4,125,1,33
Y60,RKB,UNIVERSITY HOSPITALS COVENTRY AND WARWICKSHIRE NHS TRUST,C_140,Oral Surgery Service,"3,480","1,884",54.10%,16.2,55.2,343,2,115
Y60,RKB,UNIVERSITY HOSPITALS COVENTRY AND WARWICKSHIRE NHS TRUST,C_150,Neurosurgical Service,"3,670","1,525",41.60%,22.5,51.4,274,-,64
Y60,RKB,UNIVERSITY HOSPITALS COVENTRY AND WARWICKSHIRE NHS TRUST,C_160,Plastic Surgery Service,583,260,44.60%,20.6,52.9,52,-,12
Y60,RKB,UNIVERSITY HOSPITALS COVENTRY AND WARWICKSHIRE NHS TRUST,C_170,Cardiothoracic Surgery Service,364,184,50.50%,17.3,52.7,32,-,12
Y60,RKB,UNIVERSITY HOSPITALS COVENTRY AND WARWICKSHIRE NHS TRUST,C_300,General Internal Medicine Service,562,374,66.50%,12.2,32.2,1,-,1
Y60,RKB,UNIVERSITY HOSPITALS COVENTRY AND WARWICKSHIRE NHS TRUST,C_301,Gastroenterology Service,"2,021","1,549",76.60%,9.1,28.6,2,-,2
Y60,RKB,UNIVERSITY HOSPITALS COVENTRY AND WARWICKSHIRE NHS TRUST,C_320,Cardiology Service,"2,248","1,450",64.50%,13.3,30.6,3,-,-
Y60,RKB,UNIVERSITY HOSPITALS COVENTRY AND WARWICKSHIRE NHS TRUST,C_330,Dermatology Service,"7,175","2,968",41.40%,22.4,47.3,267,1,39
Y60,RKB,UNIVERSITY HOSPITALS COVENTRY AND WARWICKSHIRE NHS TRUST,C_340,Respiratory Medicine Service,"2,277","1,321",58.00%,14.6,40.5,15,-,1
Y60,RKB,UNIVERSITY HOSPITALS COVENTRY AND WARWICKSHIRE NHS TRUST,C_400,Neurology Service,"3,331","1,654",49.70%,18.2,43.1,71,-,12
Y60,RKB,UNIVERSITY HOSPITALS COVENTRY AND WARWICKSHIRE NHS TRUST,C_410,Rheumatology Service,392,361,92.10%,6.1,17.9,1,-,-
Y60,RKB,UNIVERSITY HOSPITALS COVENTRY AND WARWICKSHIRE NHS TRUST,C_430,Elderly Medicine Service,75,75,100.00%,4.2,10.5,-,-,-
Y60,RKB,UNIVERSITY HOSPITALS COVENTRY AND WARWICKSHIRE NHS TRUST,C_502,Gynaecology Service,"5,196","2,393",46.10%,20.4,53.5,489,1,125
Y60,RKB,UNIVERSITY HOSPITALS COVENTRY AND WARWICKSHIRE NHS TRUST,X02,Other - Medical Services,"7,253","3,855",53.20%,16.7,36.2,58,1,11
Y60,RKB,UNIVERSITY HOSPITALS COVENTRY AND WARWICKSHIRE NHS TRUST,X03,Other - Mental Health Services,-,-,-,-,-,-,-,-
Y60,RKB,UNIVERSITY HOSPITALS COVENTRY AND WARWICKSHIRE NHS TRUST,X04,Other - Paediatric Services,"1,325",702,53.00%,16.8,44.8,22,-,2
Y60,RKB,UNIVERSITY HOSPITALS COVENTRY AND WARWICKSHIRE NHS TRUST,X05,Other - Surgical Services,-,-,-,-,-,-,-,-
Y60,RKB,UNIVERSITY HOSPITALS COVENTRY AND WARWICKSHIRE NHS TRUST,X06,Other - Other Services,145,110,75.90%,7.6,38.2,3,-,1
Y60,RL1,THE ROBERT JONES AND AGNES HUNT ORTHOPAEDIC HOSPITAL NHS FOUNDATION TRUST,C_100,General Surgery Service,-,-,-,-,-,-,-,-
Y60,RL1,THE ROBERT JONES AND AGNES HUNT ORTHOPAEDIC HOSPITAL NHS FOUNDATION TRUST,C_101,Urology Service,-,-,-,-,-,-,-,-
Y60,RL1,THE ROBERT JONES AND AGNES HUNT ORTHOPAEDIC HOSPITAL NHS FOUNDATION TRUST,C_110,Trauma and Orthopaedic Service,"10,645","4,093",38.40%,24.5,55.8,"1,261",14,348
Y60,RL1,THE ROBERT JONES AND AGNES HUNT ORTHOPAEDIC HOSPITAL NHS FOUNDATION TRUST,C_120,Ear Nose and Throat Service,-,-,-,-,-,-,-,-
Y60,RL1,THE ROBERT JONES AND AGNES HUNT ORTHOPAEDIC HOSPITAL NHS FOUNDATION TRUST,C_130,Ophthalmology Service,-,-,-,-,-,-,-,-
Y60,RL1,THE ROBERT JONES AND AGNES HUNT ORTHOPAEDIC HOSPITAL NHS FOUNDATION TRUST,C_140,Oral Surgery Service,-,-,-,-,-,-,-,-
Y60,RL1,THE ROBERT JONES AND AGNES HUNT ORTHOPAEDIC HOSPITAL NHS FOUNDATION TRUST,C_150,Neurosurgical Service,-,-,-,-,-,-,-,-
Y60,RL1,THE ROBERT JONES AND AGNES HUNT ORTHOPAEDIC HOSPITAL NHS FOUNDATION TRUST,C_160,Plastic Surgery Service,-,-,-,-,-,-,-,-
Y60,RL1,THE ROBERT JONES AND AGNES HUNT ORTHOPAEDIC HOSPITAL NHS FOUNDATION TRUST,C_170,Cardiothoracic Surgery Service,-,-,-,-,-,-,-,-
Y60,RL1,THE ROBERT JONES AND AGNES HUNT ORTHOPAEDIC HOSPITAL NHS FOUNDATION TRUST,C_300,General Internal Medicine Service,"2,842","1,913",67.30%,12.4,28.2,9,-,-
Y60,RL1,THE ROBERT JONES AND AGNES HUNT ORTHOPAEDIC HOSPITAL NHS FOUNDATION TRUST,C_301,Gastroenterology Service,-,-,-,-,-,-,-,-
Y60,RL1,THE ROBERT JONES AND AGNES HUNT ORTHOPAEDIC HOSPITAL NHS FOUNDATION TRUST,C_320,Cardiology Service,-,-,-,-,-,-,-,-
Y60,RL1,THE ROBERT JONES AND AGNES HUNT ORTHOPAEDIC HOSPITAL NHS FOUNDATION TRUST,C_330,Dermatology Service,-,-,-,-,-,-,-,-
Y60,RL1,THE ROBERT JONES AND AGNES HUNT ORTHOPAEDIC HOSPITAL NHS FOUNDATION TRUST,C_340,Respiratory Medicine Service,1,-,-,-,-,-,-,-
Y60,RL1,THE ROBERT JONES AND AGNES HUNT ORTHOPAEDIC HOSPITAL NHS FOUNDATION TRUST,C_400,Neurology Service,168,133,79.20%,9.2,22.6,4,-,2
Y60,RL1,THE ROBERT JONES AND AGNES HUNT ORTHOPAEDIC HOSPITAL NHS FOUNDATION TRUST,C_410,Rheumatology Service,646,433,67.00%,12.4,25.6,3,-,-
Y60,RL1,THE ROBERT JONES AND AGNES HUNT ORTHOPAEDIC HOSPITAL NHS FOUNDATION TRUST,C_430,Elderly Medicine Service,24,19,79.20%,8.7,29.1,-,-,-
Y60,RL1,THE ROBERT JONES AND AGNES HUNT ORTHOPAEDIC HOSPITAL NHS FOUNDATION TRUST,C_502,Gynaecology Service,-,-,-,-,-,-,-,-
Y60,RL1,THE ROBERT JONES AND AGNES HUNT ORTHOPAEDIC HOSPITAL NHS FOUNDATION TRUST,X02,Other - Medical Services,38,32,84.20%,9.5,32,-,-,-
Y60,RL1,THE ROBERT JONES AND AGNES HUNT ORTHOPAEDIC HOSPITAL NHS FOUNDATION TRUST,X03,Other - Mental Health Services,-,-,-,-,-,-,-,-
Y60,RL1,THE ROBERT JONES AND AGNES HUNT ORTHOPAEDIC HOSPITAL NHS FOUNDATION TRUST,X04,Other - Paediatric Services,-,-,-,-,-,-,-,-
Y60,RL1,THE ROBERT JONES AND AGNES HUNT ORTHOPAEDIC HOSPITAL NHS FOUNDATION TRUST,X05,Other - Surgical Services,-,-,-,-,-,-,-,-
Y60,RL1,THE ROBERT JONES AND AGNES HUNT ORTHOPAEDIC HOSPITAL NHS FOUNDATION TRUST,X06,Other - Other Services,365,219,60.00%,13.8,39,7,-,3
Y60,RL4,THE ROYAL WOLVERHAMPTON NHS TRUST,C_100,General Surgery Service,"8,957","4,236",47.30%,19.2,46.6,436,1,161
Y60,RL4,THE ROYAL WOLVERHAMPTON NHS TRUST,C_101,Urology Service,"9,993","4,633",46.40%,19.9,49.2,667,34,300
Y60,RL4,THE ROYAL WOLVERHAMPTON NHS TRUST,C_110,Trauma and Orthopaedic Service,"9,032","5,368",59.40%,14.4,37,80,-,14
Y60,RL4,THE ROYAL WOLVERHAMPTON NHS TRUST,C_120,Ear Nose and Throat Service,"7,534","3,598",47.80%,19.2,41.7,116,-,16
Y60,RL4,THE ROYAL WOLVERHAMPTON NHS TRUST,C_130,Ophthalmology Service,"6,927","4,934",71.20%,10.3,33.5,80,2,24
Y60,RL4,THE ROYAL WOLVERHAMPTON NHS TRUST,C_140,Oral Surgery Service,"4,311","2,232",51.80%,17.3,46,211,-,45
Y60,RL4,THE ROYAL WOLVERHAMPTON NHS TRUST,C_150,Neurosurgical Service,-,-,-,-,-,-,-,-
Y60,RL4,THE ROYAL WOLVERHAMPTON NHS TRUST,C_160,Plastic Surgery Service,263,140,53.20%,16.1,40.2,3,-,-
Y60,RL4,THE ROYAL WOLVERHAMPTON NHS TRUST,C_170,Cardiothoracic Surgery Service,-,-,-,-,-,-,-,-
Y60,RL4,THE ROYAL WOLVERHAMPTON NHS TRUST,C_300,General Internal Medicine Service,74,43,58.10%,15,33.5,1,-,1
Y60,RL4,THE ROYAL WOLVERHAMPTON NHS TRUST,C_301,Gastroenterology Service,"4,222","2,515",59.60%,14.3,36.1,6,-,-
Y60,RL4,THE ROYAL WOLVERHAMPTON NHS TRUST,C_320,Cardiology Service,"7,685","3,669",47.70%,19.1,45.5,327,-,85
Y60,RL4,THE ROYAL WOLVERHAMPTON NHS TRUST,C_330,Dermatology Service,"1,227",862,70.30%,10.6,29.6,1,-,-
Y60,RL4,THE ROYAL WOLVERHAMPTON NHS TRUST,C_340,Respiratory Medicine Service,"2,050","1,430",69.80%,10.9,28.5,3,-,-
Y60,RL4,THE ROYAL WOLVERHAMPTON NHS TRUST,C_400,Neurology Service,"3,638","2,208",60.70%,14.9,34.9,6,-,2
Y60,RL4,THE ROYAL WOLVERHAMPTON NHS TRUST,C_410,Rheumatology Service,"3,181","1,729",54.40%,16.5,40.1,7,-,-
Y60,RL4,THE ROYAL WOLVERHAMPTON NHS TRUST,C_430,Elderly Medicine Service,98,85,86.70%,8.4,22.2,-,-,-
Y60,RL4,THE ROYAL WOLVERHAMPTON NHS TRUST,C_502,Gynaecology Service,"7,025","3,184",45.30%,20.2,48.5,422,1,149
Y60,RL4,THE ROYAL WOLVERHAMPTON NHS TRUST,X02,Other - Medical Services,"8,649","4,933",57.00%,15.2,37.3,36,-,3
Y60,RL4,THE ROYAL WOLVERHAMPTON NHS TRUST,X03,Other - Mental Health Services,-,-,-,-,-,-,-,-
Y60,RL4,THE ROYAL WOLVERHAMPTON NHS TRUST,X04,Other - Paediatric Services,"3,147","1,575",50.00%,18,44.2,48,3,13
Y60,RL4,THE ROYAL WOLVERHAMPTON NHS TRUST,X05,Other - Surgical Services,773,412,53.30%,16,41.6,22,-,3
Y60,RL4,THE ROYAL WOLVERHAMPTON NHS TRUST,X06,Other - Other Services,20,10,50.00%,18,36.2,-,-,-
Y60,RLQ,WYE VALLEY NHS TRUST,C_100,General Surgery Service,663,414,62.40%,12.9,36,11,-,2
Y60,RLQ,WYE VALLEY NHS TRUST,C_101,Urology Service,"1,433",900,62.80%,13.4,38.8,26,-,2
Y60,RLQ,WYE VALLEY NHS TRUST,C_110,Trauma and Orthopaedic Service,"2,896","1,347",46.50%,19.6,59.6,388,1,140
Y60,RLQ,WYE VALLEY NHS TRUST,C_120,Ear Nose and Throat Service,"2,213","1,053",47.60%,19.1,45.4,56,-,10
Y60,RLQ,WYE VALLEY NHS TRUST,C_130,Ophthalmology Service,"3,493","1,772",50.70%,17.6,53.7,304,-,76
Y60,RLQ,WYE VALLEY NHS TRUST,C_140,Oral Surgery Service,559,286,51.20%,17.4,59.1,70,1,15
Y60,RLQ,WYE VALLEY NHS TRUST,C_150,Neurosurgical Service,-,-,-,-,-,-,-,-
Y60,RLQ,WYE VALLEY NHS TRUST,C_160,Plastic Surgery Service,335,224,66.90%,13.6,36.1,2,-,1
Y60,RLQ,WYE VALLEY NHS TRUST,C_170,Cardiothoracic Surgery Service,17,13,76.50%,-,-,-,-,-
Y60,RLQ,WYE VALLEY NHS TRUST,C_300,General Internal Medicine Service,36,18,50.00%,17,47.1,2,-,-
Y60,RLQ,WYE VALLEY NHS TRUST,C_301,Gastroenterology Service,"1,230",855,69.50%,12.2,36.8,16,-,2
Y60,RLQ,WYE VALLEY NHS TRUST,C_320,Cardiology Service,"1,504",786,52.30%,17,50.7,111,-,50
Y60,RLQ,WYE VALLEY NHS TRUST,C_330,Dermatology Service,"1,327",717,54.00%,16.1,50.4,95,-,32
Y60,RLQ,WYE VALLEY NHS TRUST,C_340,Respiratory Medicine Service,872,647,74.20%,11.5,30.8,2,-,-
Y60,RLQ,WYE VALLEY NHS TRUST,C_400,Neurology Service,571,266,46.60%,19.3,46.3,9,-,2
Y60,RLQ,WYE VALLEY NHS TRUST,C_410,Rheumatology Service,392,283,72.20%,10.9,28.5,1,-,1
Y60,RLQ,WYE VALLEY NHS TRUST,C_430,Elderly Medicine Service,91,71,78.00%,9.4,34.7,-,-,-
Y60,RLQ,WYE VALLEY NHS TRUST,C_502,Gynaecology Service,"1,839","1,022",55.60%,15.6,45.9,65,1,16
Y60,RLQ,WYE VALLEY NHS TRUST,X02,Other - Medical Services,"1,172",875,74.70%,9,29.9,7,-,1
Y60,RLQ,WYE VALLEY NHS TRUST,X03,Other - Mental Health Services,-,-,-,-,-,-,-,-
Y60,RLQ,WYE VALLEY NHS TRUST,X04,Other - Paediatric Services,597,339,56.80%,14.9,38.8,2,-,-
Y60,RLQ,WYE VALLEY NHS TRUST,X05,Other - Surgical Services,"1,458","1,092",74.90%,9.4,32.1,21,-,7
Y60,RLQ,WYE VALLEY NHS TRUST,X06,Other - Other Services,-,-,-,-,-,-,-,-
Y60,RLT,GEORGE ELIOT HOSPITAL NHS TRUST,C_100,General Surgery Service,"2,356","1,092",46.30%,19.6,46.9,115,-,17
Y60,RLT,GEORGE ELIOT HOSPITAL NHS TRUST,C_101,Urology Service,"1,367",712,52.10%,17.3,43.1,30,-,2
Y60,RLT,GEORGE ELIOT HOSPITAL NHS TRUST,C_110,Trauma and Orthopaedic Service,"1,812","1,125",62.10%,13,38.6,29,-,2
Y60,RLT,GEORGE ELIOT HOSPITAL NHS TRUST,C_120,Ear Nose and Throat Service,"2,122","1,240",58.40%,17.2,39.4,1,-,-
Y60,RLT,GEORGE ELIOT HOSPITAL NHS TRUST,C_130,Ophthalmology Service,292,172,58.90%,15.9,29.4,-,-,-
Y60,RLT,GEORGE ELIOT HOSPITAL NHS TRUST,C_140,Oral Surgery Service,465,230,49.50%,18.3,53,41,-,6
Y60,RLT,GEORGE ELIOT HOSPITAL NHS TRUST,C_150,Neurosurgical Service,-,-,-,-,-,-,-,-
Y60,RLT,GEORGE ELIOT HOSPITAL NHS TRUST,C_160,Plastic Surgery Service,465,215,46.20%,20.4,48.3,26,-,-
Y60,RLT,GEORGE ELIOT HOSPITAL NHS TRUST,C_170,Cardiothoracic Surgery Service,-,-,-,-,-,-,-,-
Y60,RLT,GEORGE ELIOT HOSPITAL NHS TRUST,C_300,General Internal Medicine Service,827,538,65.10%,11.9,33.5,6,-,1
Y60,RLT,GEORGE ELIOT HOSPITAL NHS TRUST,C_301,Gastroenterology Service,765,585,76.50%,9.7,25.4,2,-,-
Y60,RLT,GEORGE ELIOT HOSPITAL NHS TRUST,C_320,Cardiology Service,"1,612",977,60.60%,13.9,40.1,32,-,7
Y60,RLT,GEORGE ELIOT HOSPITAL NHS TRUST,C_330,Dermatology Service,-,-,-,-,-,-,-,-
Y60,RLT,GEORGE ELIOT HOSPITAL NHS TRUST,C_340,Respiratory Medicine Service,493,393,79.70%,9.5,26.5,-,-,-
Y60,RLT,GEORGE ELIOT HOSPITAL NHS TRUST,C_400,Neurology Service,-,-,-,-,-,-,-,-
Y60,RLT,GEORGE ELIOT HOSPITAL NHS TRUST,C_410,Rheumatology Service,344,228,66.30%,12.4,27.5,-,-,-
Y60,RLT,GEORGE ELIOT HOSPITAL NHS TRUST,C_430,Elderly Medicine Service,64,61,95.30%,6.5,15.9,-,-,-
Y60,RLT,GEORGE ELIOT HOSPITAL NHS TRUST,C_502,Gynaecology Service,"1,922","1,017",52.90%,16.7,41.7,45,-,8
Y60,RLT,GEORGE ELIOT HOSPITAL NHS TRUST,X02,Other - Medical Services,654,581,88.80%,9.5,18.6,-,-,-
Y60,RLT,GEORGE ELIOT HOSPITAL NHS TRUST,X03,Other - Mental Health Services,-,-,-,-,-,-,-,-
Y60,RLT,GEORGE ELIOT HOSPITAL NHS TRUST,X04,Other - Paediatric Services,430,360,83.70%,7.3,31.9,5,-,-
Y60,RLT,GEORGE ELIOT HOSPITAL NHS TRUST,X05,Other - Surgical Services,778,509,65.40%,9.8,48,44,-,7
Y60,RLT,GEORGE ELIOT HOSPITAL NHS TRUST,X06,Other - Other Services,772,473,61.30%,14.9,28,4,-,-
Y60,RNA,THE DUDLEY GROUP NHS FOUNDATION TRUST,C_100,General Surgery Service,"3,093","1,398",45.20%,20.3,55.8,323,2,104
Y60,RNA,THE DUDLEY GROUP NHS FOUNDATION TRUST,C_101,Urology Service,"2,973","1,609",54.10%,16.6,46,138,-,21
Y60,RNA,THE DUDLEY GROUP NHS FOUNDATION TRUST,C_110,Trauma and Orthopaedic Service,"5,533","3,067",55.40%,16.1,44.8,235,-,48
Y60,RNA,THE DUDLEY GROUP NHS FOUNDATION TRUST,C_120,Ear Nose and Throat Service,"3,494","2,325",66.50%,12.7,42,149,-,35
Y60,RNA,THE DUDLEY GROUP NHS FOUNDATION TRUST,C_130,Ophthalmology Service,"3,461","2,520",72.80%,10.1,32.6,7,1,1
Y60,RNA,THE DUDLEY GROUP NHS FOUNDATION TRUST,C_140,Oral Surgery Service,"1,565",762,48.70%,18.9,44.7,61,1,15
Y60,RNA,THE DUDLEY GROUP NHS FOUNDATION TRUST,C_150,Neurosurgical Service,-,-,-,-,-,-,-,-
Y60,RNA,THE DUDLEY GROUP NHS FOUNDATION TRUST,C_160,Plastic Surgery Service,"1,653",906,54.80%,16.1,53.2,141,1,59
Y60,RNA,THE DUDLEY GROUP NHS FOUNDATION TRUST,C_170,Cardiothoracic Surgery Service,-,-,-,-,-,-,-,-
Y60,RNA,THE DUDLEY GROUP NHS FOUNDATION TRUST,C_300,General Internal Medicine Service,3,3,100.00%,-,-,-,-,-
Y60,RNA,THE DUDLEY GROUP NHS FOUNDATION TRUST,C_301,Gastroenterology Service,"2,097","1,363",65.00%,12.3,38.7,61,-,17
Y60,RNA,THE DUDLEY GROUP NHS FOUNDATION TRUST,C_320,Cardiology Service,"1,460","1,162",79.60%,8,32.1,22,-,1
Y60,RNA,THE DUDLEY GROUP NHS FOUNDATION TRUST,C_330,Dermatology Service,"3,740","1,484",39.70%,23.2,47.8,117,-,14
Y60,RNA,THE DUDLEY GROUP NHS FOUNDATION TRUST,C_340,Respiratory Medicine Service,"1,217",827,68.00%,11.4,36.1,6,-,-
Y60,RNA,THE DUDLEY GROUP NHS FOUNDATION TRUST,C_400,Neurology Service,"2,006",779,38.80%,23.5,52.2,163,1,49
Y60,RNA,THE DUDLEY GROUP NHS FOUNDATION TRUST,C_410,Rheumatology Service,"1,106",679,61.40%,13.6,36.6,9,-,-
Y60,RNA,THE DUDLEY GROUP NHS FOUNDATION TRUST,C_430,Elderly Medicine Service,172,163,94.80%,7,16.4,-,-,-
Y60,RNA,THE DUDLEY GROUP NHS FOUNDATION TRUST,C_502,Gynaecology Service,"3,979","1,896",47.70%,19.4,55.7,407,2,144
Y60,RNA,THE DUDLEY GROUP NHS FOUNDATION TRUST,X02,Other - Medical Services,"4,462","2,226",49.90%,18.1,51.2,322,-,38
Y60,RNA,THE DUDLEY GROUP NHS FOUNDATION TRUST,X03,Other - Mental Health Services,-,-,-,-,-,-,-,-
Y60,RNA,THE DUDLEY GROUP NHS FOUNDATION TRUST,X04,Other - Paediatric Services,"1,930","1,098",56.90%,15.2,45.1,53,1,14
Y60,RNA,THE DUDLEY GROUP NHS FOUNDATION TRUST,X05,Other - Surgical Services,"2,278","1,669",73.30%,9.3,35.8,75,-,21
Y60,RNA,THE DUDLEY GROUP NHS FOUNDATION TRUST,X06,Other - Other Services,"2,083","1,022",49.10%,18.7,47.4,92,-,18
Y60,RNQ,KETTERING GENERAL HOSPITAL NHS FOUNDATION TRUST,C_100,General Surgery Service,"1,513",936,61.90%,13,37.9,17,-,1
Y60,RNQ,KETTERING GENERAL HOSPITAL NHS FOUNDATION TRUST,C_101,Urology Service,"1,741","1,186",68.10%,11.4,37.5,29,-,3
Y60,RNQ,KETTERING GENERAL HOSPITAL NHS FOUNDATION TRUST,C_110,Trauma and Orthopaedic Service,"2,548","1,483",58.20%,15.2,40.1,26,-,1
Y60,RNQ,KETTERING GENERAL HOSPITAL NHS FOUNDATION TRUST,C_120,Ear Nose and Throat Service,"1,973","1,391",70.50%,10.7,37.8,43,-,5
Y60,RNQ,KETTERING GENERAL HOSPITAL NHS FOUNDATION TRUST,C_130,Ophthalmology Service,"2,223","1,619",72.80%,10.3,28.9,5,-,1
Y60,RNQ,KETTERING GENERAL HOSPITAL NHS FOUNDATION TRUST,C_140,Oral Surgery Service,"2,284","1,239",54.20%,17,46.8,76,-,2
Y60,RNQ,KETTERING GENERAL HOSPITAL NHS FOUNDATION TRUST,C_150,Neurosurgical Service,-,-,-,-,-,-,-,-
Y60,RNQ,KETTERING GENERAL HOSPITAL NHS FOUNDATION TRUST,C_160,Plastic Surgery Service,112,74,66.10%,12,33,-,-,-
Y60,RNQ,KETTERING GENERAL HOSPITAL NHS FOUNDATION TRUST,C_170,Cardiothoracic Surgery Service,-,-,-,-,-,-,-,-
Y60,RNQ,KETTERING GENERAL HOSPITAL NHS FOUNDATION TRUST,C_300,General Internal Medicine Service,1,1,100.00%,-,-,-,-,-
Y60,RNQ,KETTERING GENERAL HOSPITAL NHS FOUNDATION TRUST,C_301,Gastroenterology Service,"1,291",759,58.80%,14.8,36.8,12,-,1
Y60,RNQ,KETTERING GENERAL HOSPITAL NHS FOUNDATION TRUST,C_320,Cardiology Service,"2,758","2,258",81.90%,7.8,23.2,1,-,-
Y60,RNQ,KETTERING GENERAL HOSPITAL NHS FOUNDATION TRUST,C_330,Dermatology Service,"1,349",837,62.00%,13.6,33.3,8,-,1
Y60,RNQ,KETTERING GENERAL HOSPITAL NHS FOUNDATION TRUST,C_340,Respiratory Medicine Service,"1,303",543,41.70%,22.9,47.4,40,-,6
Y60,RNQ,KETTERING GENERAL HOSPITAL NHS FOUNDATION TRUST,C_400,Neurology Service,"1,064",224,21.10%,29.8,49,22,-,1
Y60,RNQ,KETTERING GENERAL HOSPITAL NHS FOUNDATION TRUST,C_410,Rheumatology Service,602,502,83.40%,7.3,24,-,-,-
Y60,RNQ,KETTERING GENERAL HOSPITAL NHS FOUNDATION TRUST,C_430,Elderly Medicine Service,236,169,71.60%,10.9,31.4,-,-,-
Y60,RNQ,KETTERING GENERAL HOSPITAL NHS FOUNDATION TRUST,C_502,Gynaecology Service,"1,987","1,239",62.40%,13.4,35.6,5,-,-
Y60,RNQ,KETTERING GENERAL HOSPITAL NHS FOUNDATION TRUST,X02,Other - Medical Services,"3,327","2,079",62.50%,13.1,34.3,4,-,-
Y60,RNQ,KETTERING GENERAL HOSPITAL NHS FOUNDATION TRUST,X03,Other - Mental Health Services,-,-,-,-,-,-,-,-
Y60,RNQ,KETTERING GENERAL HOSPITAL NHS FOUNDATION TRUST,X04,Other - Paediatric Services,496,297,59.90%,14.4,33.7,3,-,-
Y60,RNQ,KETTERING GENERAL HOSPITAL NHS FOUNDATION TRUST,X05,Other - Surgical Services,"1,754",968,55.20%,16,40.9,29,-,6
Y60,RNQ,KETTERING GENERAL HOSPITAL NHS FOUNDATION TRUST,X06,Other - Other Services,35,25,71.40%,11.3,24.2,-,-,-
Y60,RNS,NORTHAMPTON GENERAL HOSPITAL NHS TRUST,C_100,General Surgery Service,"3,365","1,756",52.20%,16.8,50.6,238,10,94
Y60,RNS,NORTHAMPTON GENERAL HOSPITAL NHS TRUST,C_101,Urology Service,"2,461","1,378",56.00%,15.2,49.7,159,-,36
Y60,RNS,NORTHAMPTON GENERAL HOSPITAL NHS TRUST,C_110,Trauma and Orthopaedic Service,"4,022","1,449",36.00%,25.8,51.9,320,1,89
Y60,RNS,NORTHAMPTON GENERAL HOSPITAL NHS TRUST,C_120,Ear Nose and Throat Service,"4,000","1,973",49.30%,18.4,58.5,490,27,169
Y60,RNS,NORTHAMPTON GENERAL HOSPITAL NHS TRUST,C_130,Ophthalmology Service,"2,201","1,964",89.20%,6.9,20.1,-,-,-
Y60,RNS,NORTHAMPTON GENERAL HOSPITAL NHS TRUST,C_140,Oral Surgery Service,"2,698","1,048",38.80%,24.6,52,217,2,45
Y60,RNS,NORTHAMPTON GENERAL HOSPITAL NHS TRUST,C_150,Neurosurgical Service,77,31,40.30%,20.8,49,4,-,-
Y60,RNS,NORTHAMPTON GENERAL HOSPITAL NHS TRUST,C_160,Plastic Surgery Service,255,131,51.40%,17.5,45.2,8,-,2
Y60,RNS,NORTHAMPTON GENERAL HOSPITAL NHS TRUST,C_170,Cardiothoracic Surgery Service,32,20,62.50%,9,42.4,-,-,-
Y60,RNS,NORTHAMPTON GENERAL HOSPITAL NHS TRUST,C_300,General Internal Medicine Service,531,402,75.70%,9.3,29.5,-,-,-
Y60,RNS,NORTHAMPTON GENERAL HOSPITAL NHS TRUST,C_301,Gastroenterology Service,"2,123","1,634",77.00%,9.2,28.9,-,-,-
Y60,RNS,NORTHAMPTON GENERAL HOSPITAL NHS TRUST,C_320,Cardiology Service,"3,745","2,207",58.90%,14.5,37.5,2,-,-
Y60,RNS,NORTHAMPTON GENERAL HOSPITAL NHS TRUST,C_330,Dermatology Service,"2,647","2,030",76.70%,9.9,25.2,-,-,-
Y60,RNS,NORTHAMPTON GENERAL HOSPITAL NHS TRUST,C_340,Respiratory Medicine Service,"2,235","1,817",81.30%,10.2,23.4,1,-,-
Y60,RNS,NORTHAMPTON GENERAL HOSPITAL NHS TRUST,C_400,Neurology Service,885,809,91.40%,7.3,19.4,-,-,-
Y60,RNS,NORTHAMPTON GENERAL HOSPITAL NHS TRUST,C_410,Rheumatology Service,574,438,76.30%,10.3,30.7,-,-,-
Y60,RNS,NORTHAMPTON GENERAL HOSPITAL NHS TRUST,C_430,Elderly Medicine Service,160,137,85.60%,8.8,21.4,-,-,-
Y60,RNS,NORTHAMPTON GENERAL HOSPITAL NHS TRUST,C_502,Gynaecology Service,"3,545","1,983",55.90%,15.9,36.8,35,-,10
Y60,RNS,NORTHAMPTON GENERAL HOSPITAL NHS TRUST,X02,Other - Medical Services,"2,978","2,111",70.90%,10.9,31.3,1,-,-
Y60,RNS,NORTHAMPTON GENERAL HOSPITAL NHS TRUST,X03,Other - Mental Health Services,-,-,-,-,-,-,-,-
Y60,RNS,NORTHAMPTON GENERAL HOSPITAL NHS TRUST,X04,Other - Paediatric Services,402,326,81.10%,7.1,28.8,1,-,-
Y60,RNS,NORTHAMPTON GENERAL HOSPITAL NHS TRUST,X05,Other - Surgical Services,828,391,47.20%,19.2,52.3,68,-,23
Y60,RNS,NORTHAMPTON GENERAL HOSPITAL NHS TRUST,X06,Other - Other Services,318,287,90.30%,5.9,18.8,1,-,-
Y60,RP1,NORTHAMPTONSHIRE HEALTHCARE NHS FOUNDATION TRUST,C_100,General Surgery Service,-,-,-,-,-,-,-,-
Y60,RP1,NORTHAMPTONSHIRE HEALTHCARE NHS FOUNDATION TRUST,C_101,Urology Service,-,-,-,-,-,-,-,-
Y60,RP1,NORTHAMPTONSHIRE HEALTHCARE NHS FOUNDATION TRUST,C_110,Trauma and Orthopaedic Service,-,-,-,-,-,-,-,-
Y60,RP1,NORTHAMPTONSHIRE HEALTHCARE NHS FOUNDATION TRUST,C_120,Ear Nose and Throat Service,-,-,-,-,-,-,-,-
Y60,RP1,NORTHAMPTONSHIRE HEALTHCARE NHS FOUNDATION TRUST,C_130,Ophthalmology Service,-,-,-,-,-,-,-,-
Y60,RP1,NORTHAMPTONSHIRE HEALTHCARE NHS FOUNDATION TRUST,C_140,Oral Surgery Service,-,-,-,-,-,-,-,-
Y60,RP1,NORTHAMPTONSHIRE HEALTHCARE NHS FOUNDATION TRUST,C_150,Neurosurgical Service,-,-,-,-,-,-,-,-
Y60,RP1,NORTHAMPTONSHIRE HEALTHCARE NHS FOUNDATION TRUST,C_160,Plastic Surgery Service,-,-,-,-,-,-,-,-
Y60,RP1,NORTHAMPTONSHIRE HEALTHCARE NHS FOUNDATION TRUST,C_170,Cardiothoracic Surgery Service,-,-,-,-,-,-,-,-
Y60,RP1,NORTHAMPTONSHIRE HEALTHCARE NHS FOUNDATION TRUST,C_300,General Internal Medicine Service,-,-,-,-,-,-,-,-
Y60,RP1,NORTHAMPTONSHIRE HEALTHCARE NHS FOUNDATION TRUST,C_301,Gastroenterology Service,-,-,-,-,-,-,-,-
Y60,RP1,NORTHAMPTONSHIRE HEALTHCARE NHS FOUNDATION TRUST,C_320,Cardiology Service,-,-,-,-,-,-,-,-
Y60,RP1,NORTHAMPTONSHIRE HEALTHCARE NHS FOUNDATION TRUST,C_330,Dermatology Service,-,-,-,-,-,-,-,-
Y60,RP1,NORTHAMPTONSHIRE HEALTHCARE NHS FOUNDATION TRUST,C_340,Respiratory Medicine Service,-,-,-,-,-,-,-,-
Y60,RP1,NORTHAMPTONSHIRE HEALTHCARE NHS FOUNDATION TRUST,C_400,Neurology Service,-,-,-,-,-,-,-,-
Y60,RP1,NORTHAMPTONSHIRE HEALTHCARE NHS FOUNDATION TRUST,C_410,Rheumatology Service,-,-,-,-,-,-,-,-
Y60,RP1,NORTHAMPTONSHIRE HEALTHCARE NHS FOUNDATION TRUST,C_430,Elderly Medicine Service,-,-,-,-,-,-,-,-
Y60,RP1,NORTHAMPTONSHIRE HEALTHCARE NHS FOUNDATION TRUST,C_502,Gynaecology Service,-,-,-,-,-,-,-,-
Y60,RP1,NORTHAMPTONSHIRE HEALTHCARE NHS FOUNDATION TRUST,X02,Other - Medical Services,-,-,-,-,-,-,-,-
Y60,RP1,NORTHAMPTONSHIRE HEALTHCARE NHS FOUNDATION TRUST,X03,Other - Mental Health Services,-,-,-,-,-,-,-,-
Y60,RP1,NORTHAMPTONSHIRE HEALTHCARE NHS FOUNDATION TRUST,X04,Other - Paediatric Services,708,269,38.00%,23.8,41.3,-,-,-
Y60,RP1,NORTHAMPTONSHIRE HEALTHCARE NHS FOUNDATION TRUST,X05,Other - Surgical Services,4,1,25.00%,-,-,-,-,-
Y60,RP1,NORTHAMPTONSHIRE HEALTHCARE NHS FOUNDATION TRUST,X06,Other - Other Services,11,10,90.90%,-,-,-,-,-
Y60,RP7,LINCOLNSHIRE PARTNERSHIP NHS FOUNDATION TRUST,C_100,General Surgery Service,-,-,-,-,-,-,-,-
Y60,RP7,LINCOLNSHIRE PARTNERSHIP NHS FOUNDATION TRUST,C_101,Urology Service,-,-,-,-,-,-,-,-
Y60,RP7,LINCOLNSHIRE PARTNERSHIP NHS FOUNDATION TRUST,C_110,Trauma and Orthopaedic Service,-,-,-,-,-,-,-,-
Y60,RP7,LINCOLNSHIRE PARTNERSHIP NHS FOUNDATION TRUST,C_120,Ear Nose and Throat Service,-,-,-,-,-,-,-,-
Y60,RP7,LINCOLNSHIRE PARTNERSHIP NHS FOUNDATION TRUST,C_130,Ophthalmology Service,-,-,-,-,-,-,-,-
Y60,RP7,LINCOLNSHIRE PARTNERSHIP NHS FOUNDATION TRUST,C_140,Oral Surgery Service,-,-,-,-,-,-,-,-
Y60,RP7,LINCOLNSHIRE PARTNERSHIP NHS FOUNDATION TRUST,C_150,Neurosurgical Service,-,-,-,-,-,-,-,-
Y60,RP7,LINCOLNSHIRE PARTNERSHIP NHS FOUNDATION TRUST,C_160,Plastic Surgery Service,-,-,-,-,-,-,-,-
Y60,RP7,LINCOLNSHIRE PARTNERSHIP NHS FOUNDATION TRUST,C_170,Cardiothoracic Surgery Service,-,-,-,-,-,-,-,-
Y60,RP7,LINCOLNSHIRE PARTNERSHIP NHS FOUNDATION TRUST,C_300,General Internal Medicine Service,-,-,-,-,-,-,-,-
Y60,RP7,LINCOLNSHIRE PARTNERSHIP NHS FOUNDATION TRUST,C_301,Gastroenterology Service,-,-,-,-,-,-,-,-
Y60,RP7,LINCOLNSHIRE PARTNERSHIP NHS FOUNDATION TRUST,C_320,Cardiology Service,-,-,-,-,-,-,-,-
Y60,RP7,LINCOLNSHIRE PARTNERSHIP NHS FOUNDATION TRUST,C_330,Dermatology Service,-,-,-,-,-,-,-,-
Y60,RP7,LINCOLNSHIRE PARTNERSHIP NHS FOUNDATION TRUST,C_340,Respiratory Medicine Service,-,-,-,-,-,-,-,-
Y60,RP7,LINCOLNSHIRE PARTNERSHIP NHS FOUNDATION TRUST,C_400,Neurology Service,-,-,-,-,-,-,-,-
Y60,RP7,LINCOLNSHIRE PARTNERSHIP NHS FOUNDATION TRUST,C_410,Rheumatology Service,-,-,-,-,-,-,-,-
Y60,RP7,LINCOLNSHIRE PARTNERSHIP NHS FOUNDATION TRUST,C_430,Elderly Medicine Service,-,-,-,-,-,-,-,-
Y60,RP7,LINCOLNSHIRE PARTNERSHIP NHS FOUNDATION TRUST,C_502,Gynaecology Service,-,-,-,-,-,-,-,-
Y60,RP7,LINCOLNSHIRE PARTNERSHIP NHS FOUNDATION TRUST,X02,Other - Medical Services,-,-,-,-,-,-,-,-
Y60,RP7,LINCOLNSHIRE PARTNERSHIP NHS FOUNDATION TRUST,X03,Other - Mental Health Services,166,113,68.10%,11.8,25.7,-,-,-
Y60,RP7,LINCOLNSHIRE PARTNERSHIP NHS FOUNDATION TRUST,X04,Other - Paediatric Services,-,-,-,-,-,-,-,-
Y60,RP7,LINCOLNSHIRE PARTNERSHIP NHS FOUNDATION TRUST,X05,Other - Surgical Services,-,-,-,-,-,-,-,-
Y60,RP7,LINCOLNSHIRE PARTNERSHIP NHS FOUNDATION TRUST,X06,Other - Other Services,-,-,-,-,-,-,-,-
Y60,RQ3,BIRMINGHAM WOMEN'S AND CHILDREN'S NHS FOUNDATION TRUST,C_100,General Surgery Service,-,-,-,-,-,-,-,-
Y60,RQ3,BIRMINGHAM WOMEN'S AND CHILDREN'S NHS FOUNDATION TRUST,C_101,Urology Service,-,-,-,-,-,-,-,-
Y60,RQ3,BIRMINGHAM WOMEN'S AND CHILDREN'S NHS FOUNDATION TRUST,C_110,Trauma and Orthopaedic Service,-,-,-,-,-,-,-,-
Y60,RQ3,BIRMINGHAM WOMEN'S AND CHILDREN'S NHS FOUNDATION TRUST,C_120,Ear Nose and Throat Service,-,-,-,-,-,-,-,-
Y60,RQ3,BIRMINGHAM WOMEN'S AND CHILDREN'S NHS FOUNDATION TRUST,C_130,Ophthalmology Service,-,-,-,-,-,-,-,-
Y60,RQ3,BIRMINGHAM WOMEN'S AND CHILDREN'S NHS FOUNDATION TRUST,C_140,Oral Surgery Service,-,-,-,-,-,-,-,-
Y60,RQ3,BIRMINGHAM WOMEN'S AND CHILDREN'S NHS FOUNDATION TRUST,C_150,Neurosurgical Service,-,-,-,-,-,-,-,-
Y60,RQ3,BIRMINGHAM WOMEN'S AND CHILDREN'S NHS FOUNDATION TRUST,C_160,Plastic Surgery Service,-,-,-,-,-,-,-,-
Y60,RQ3,BIRMINGHAM WOMEN'S AND CHILDREN'S NHS FOUNDATION TRUST,C_170,Cardiothoracic Surgery Service,-,-,-,-,-,-,-,-
Y60,RQ3,BIRMINGHAM WOMEN'S AND CHILDREN'S NHS FOUNDATION TRUST,C_300,General Internal Medicine Service,-,-,-,-,-,-,-,-
Y60,RQ3,BIRMINGHAM WOMEN'S AND CHILDREN'S NHS FOUNDATION TRUST,C_301,Gastroenterology Service,-,-,-,-,-,-,-,-
Y60,RQ3,BIRMINGHAM WOMEN'S AND CHILDREN'S NHS FOUNDATION TRUST,C_320,Cardiology Service,-,-,-,-,-,-,-,-
Y60,RQ3,BIRMINGHAM WOMEN'S AND CHILDREN'S NHS FOUNDATION TRUST,C_330,Dermatology Service,-,-,-,-,-,-,-,-
Y60,RQ3,BIRMINGHAM WOMEN'S AND CHILDREN'S NHS FOUNDATION TRUST,C_340,Respiratory Medicine Service,-,-,-,-,-,-,-,-
Y60,RQ3,BIRMINGHAM WOMEN'S AND CHILDREN'S NHS FOUNDATION TRUST,C_400,Neurology Service,-,-,-,-,-,-,-,-
Y60,RQ3,BIRMINGHAM WOMEN'S AND CHILDREN'S NHS FOUNDATION TRUST,C_410,Rheumatology Service,-,-,-,-,-,-,-,-
Y60,RQ3,BIRMINGHAM WOMEN'S AND CHILDREN'S NHS FOUNDATION TRUST,C_430,Elderly Medicine Service,-,-,-,-,-,-,-,-
Y60,RQ3,BIRMINGHAM WOMEN'S AND CHILDREN'S NHS FOUNDATION TRUST,C_502,Gynaecology Service,"8,463","4,330",51.20%,17.4,43.6,191,-,23
Y60,RQ3,BIRMINGHAM WOMEN'S AND CHILDREN'S NHS FOUNDATION TRUST,X02,Other - Medical Services,-,-,-,-,-,-,-,-
Y60,RQ3,BIRMINGHAM WOMEN'S AND CHILDREN'S NHS FOUNDATION TRUST,X03,Other - Mental Health Services,-,-,-,-,-,-,-,-
Y60,RQ3,BIRMINGHAM WOMEN'S AND CHILDREN'S NHS FOUNDATION TRUST,X04,Other - Paediatric Services,"12,582","7,337",58.30%,14.2,43.2,358,1,61
Y60,RQ3,BIRMINGHAM WOMEN'S AND CHILDREN'S NHS FOUNDATION TRUST,X05,Other - Surgical Services,-,-,-,-,-,-,-,-
Y60,RQ3,BIRMINGHAM WOMEN'S AND CHILDREN'S NHS FOUNDATION TRUST,X06,Other - Other Services,"4,472","3,654",81.70%,9.6,24.2,4,-,-
Y60,RRE,MIDLANDS PARTNERSHIP NHS FOUNDATION TRUST,C_100,General Surgery Service,-,-,-,-,-,-,-,-
Y60,RRE,MIDLANDS PARTNERSHIP NHS FOUNDATION TRUST,C_101,Urology Service,-,-,-,-,-,-,-,-
Y60,RRE,MIDLANDS PARTNERSHIP NHS FOUNDATION TRUST,C_110,Trauma and Orthopaedic Service,-,-,-,-,-,-,-,-
Y60,RRE,MIDLANDS PARTNERSHIP NHS FOUNDATION TRUST,C_120,Ear Nose and Throat Service,-,-,-,-,-,-,-,-
Y60,RRE,MIDLANDS PARTNERSHIP NHS FOUNDATION TRUST,C_130,Ophthalmology Service,-,-,-,-,-,-,-,-
Y60,RRE,MIDLANDS PARTNERSHIP NHS FOUNDATION TRUST,C_140,Oral Surgery Service,-,-,-,-,-,-,-,-
Y60,RRE,MIDLANDS PARTNERSHIP NHS FOUNDATION TRUST,C_150,Neurosurgical Service,-,-,-,-,-,-,-,-
Y60,RRE,MIDLANDS PARTNERSHIP NHS FOUNDATION TRUST,C_160,Plastic Surgery Service,-,-,-,-,-,-,-,-
Y60,RRE,MIDLANDS PARTNERSHIP NHS FOUNDATION TRUST,C_170,Cardiothoracic Surgery Service,-,-,-,-,-,-,-,-
Y60,RRE,MIDLANDS PARTNERSHIP NHS FOUNDATION TRUST,C_300,General Internal Medicine Service,-,-,-,-,-,-,-,-
Y60,RRE,MIDLANDS PARTNERSHIP NHS FOUNDATION TRUST,C_301,Gastroenterology Service,-,-,-,-,-,-,-,-
Y60,RRE,MIDLANDS PARTNERSHIP NHS FOUNDATION TRUST,C_320,Cardiology Service,-,-,-,-,-,-,-,-
Y60,RRE,MIDLANDS PARTNERSHIP NHS FOUNDATION TRUST,C_330,Dermatology Service,-,-,-,-,-,-,-,-
Y60,RRE,MIDLANDS PARTNERSHIP NHS FOUNDATION TRUST,C_340,Respiratory Medicine Service,-,-,-,-,-,-,-,-
Y60,RRE,MIDLANDS PARTNERSHIP NHS FOUNDATION TRUST,C_400,Neurology Service,65,33,50.80%,17.8,32,-,-,-
Y60,RRE,MIDLANDS PARTNERSHIP NHS FOUNDATION TRUST,C_410,Rheumatology Service,"4,726","4,219",89.30%,3.8,19.9,-,-,-
Y60,RRE,MIDLANDS PARTNERSHIP NHS FOUNDATION TRUST,C_430,Elderly Medicine Service,6,5,83.30%,-,-,-,-,-
Y60,RRE,MIDLANDS PARTNERSHIP NHS FOUNDATION TRUST,C_502,Gynaecology Service,-,-,-,-,-,-,-,-
Y60,RRE,MIDLANDS PARTNERSHIP NHS FOUNDATION TRUST,X02,Other - Medical Services,52,31,59.60%,11.7,28.4,-,-,-
Y60,RRE,MIDLANDS PARTNERSHIP NHS FOUNDATION TRUST,X03,Other - Mental Health Services,-,-,-,-,-,-,-,-
Y60,RRE,MIDLANDS PARTNERSHIP NHS FOUNDATION TRUST,X04,Other - Paediatric Services,-,-,-,-,-,-,-,-
Y60,RRE,MIDLANDS PARTNERSHIP NHS FOUNDATION TRUST,X05,Other - Surgical Services,-,-,-,-,-,-,-,-
Y60,RRE,MIDLANDS PARTNERSHIP NHS FOUNDATION TRUST,X06,Other - Other Services,"2,264","2,241",99.00%,3.8,12.8,-,-,-
Y60,RRJ,THE ROYAL ORTHOPAEDIC HOSPITAL NHS FOUNDATION TRUST,C_100,General Surgery Service,-,-,-,-,-,-,-,-
Y60,RRJ,THE ROYAL ORTHOPAEDIC HOSPITAL NHS FOUNDATION TRUST,C_101,Urology Service,-,-,-,-,-,-,-,-
Y60,RRJ,THE ROYAL ORTHOPAEDIC HOSPITAL NHS FOUNDATION TRUST,C_110,Trauma and Orthopaedic Service,"13,545","6,438",47.50%,19.2,45.5,503,-,81
Y60,RRJ,THE ROYAL ORTHOPAEDIC HOSPITAL NHS FOUNDATION TRUST,C_120,Ear Nose and Throat Service,-,-,-,-,-,-,-,-
Y60,RRJ,THE ROYAL ORTHOPAEDIC HOSPITAL NHS FOUNDATION TRUST,C_130,Ophthalmology Service,-,-,-,-,-,-,-,-
Y60,RRJ,THE ROYAL ORTHOPAEDIC HOSPITAL NHS FOUNDATION TRUST,C_140,Oral Surgery Service,-,-,-,-,-,-,-,-
Y60,RRJ,THE ROYAL ORTHOPAEDIC HOSPITAL NHS FOUNDATION TRUST,C_150,Neurosurgical Service,-,-,-,-,-,-,-,-
Y60,RRJ,THE ROYAL ORTHOPAEDIC HOSPITAL NHS FOUNDATION TRUST,C_160,Plastic Surgery Service,-,-,-,-,-,-,-,-
Y60,RRJ,THE ROYAL ORTHOPAEDIC HOSPITAL NHS FOUNDATION TRUST,C_170,Cardiothoracic Surgery Service,-,-,-,-,-,-,-,-
Y60,RRJ,THE ROYAL ORTHOPAEDIC HOSPITAL NHS FOUNDATION TRUST,C_300,General Internal Medicine Service,195,89,45.60%,19.5,40.5,5,-,1
Y60,RRJ,THE ROYAL ORTHOPAEDIC HOSPITAL NHS FOUNDATION TRUST,C_301,Gastroenterology Service,-,-,-,-,-,-,-,-
Y60,RRJ,THE ROYAL ORTHOPAEDIC HOSPITAL NHS FOUNDATION TRUST,C_320,Cardiology Service,-,-,-,-,-,-,-,-
Y60,RRJ,THE ROYAL ORTHOPAEDIC HOSPITAL NHS FOUNDATION TRUST,C_330,Dermatology Service,-,-,-,-,-,-,-,-
Y60,RRJ,THE ROYAL ORTHOPAEDIC HOSPITAL NHS FOUNDATION TRUST,C_340,Respiratory Medicine Service,-,-,-,-,-,-,-,-
Y60,RRJ,THE ROYAL ORTHOPAEDIC HOSPITAL NHS FOUNDATION TRUST,C_400,Neurology Service,-,-,-,-,-,-,-,-
Y60,RRJ,THE ROYAL ORTHOPAEDIC HOSPITAL NHS FOUNDATION TRUST,C_410,Rheumatology Service,-,-,-,-,-,-,-,-
Y60,RRJ,THE ROYAL ORTHOPAEDIC HOSPITAL NHS FOUNDATION TRUST,C_430,Elderly Medicine Service,-,-,-,-,-,-,-,-
Y60,RRJ,THE ROYAL ORTHOPAEDIC HOSPITAL NHS FOUNDATION TRUST,C_502,Gynaecology Service,-,-,-,-,-,-,-,-
Y60,RRJ,THE ROYAL ORTHOPAEDIC HOSPITAL NHS FOUNDATION TRUST,X02,Other - Medical Services,"1,057",642,60.70%,14.5,28.7,3,-,1
Y60,RRJ,THE ROYAL ORTHOPAEDIC HOSPITAL NHS FOUNDATION TRUST,X03,Other - Mental Health Services,-,-,-,-,-,-,-,-
Y60,RRJ,THE ROYAL ORTHOPAEDIC HOSPITAL NHS FOUNDATION TRUST,X04,Other - Paediatric Services,-,-,-,-,-,-,-,-
Y60,RRJ,THE ROYAL ORTHOPAEDIC HOSPITAL NHS FOUNDATION TRUST,X05,Other - Surgical Services,-,-,-,-,-,-,-,-
Y60,RRJ,THE ROYAL ORTHOPAEDIC HOSPITAL NHS FOUNDATION TRUST,X06,Other - Other Services,"1,056",861,81.50%,8.8,25.8,-,-,-
Y60,RRK,UNIVERSITY HOSPITALS BIRMINGHAM NHS FOUNDATION TRUST,C_100,General Surgery Service,"6,840","2,820",41.20%,21.9,51.4,500,-,128
Y60,RRK,UNIVERSITY HOSPITALS BIRMINGHAM NHS FOUNDATION TRUST,C_101,Urology Service,"8,865","3,971",44.80%,20.7,50,517,-,62
Y60,RRK,UNIVERSITY HOSPITALS BIRMINGHAM NHS FOUNDATION TRUST,C_110,Trauma and Orthopaedic Service,"5,147","2,491",48.40%,18.8,43.8,167,-,50
Y60,RRK,UNIVERSITY HOSPITALS BIRMINGHAM NHS FOUNDATION TRUST,C_120,Ear Nose and Throat Service,"16,534","5,791",35.00%,27,54.7,"1,811",-,352
Y60,RRK,UNIVERSITY HOSPITALS BIRMINGHAM NHS FOUNDATION TRUST,C_130,Ophthalmology Service,"12,234","6,180",50.50%,17.7,45.1,461,-,157
Y60,RRK,UNIVERSITY HOSPITALS BIRMINGHAM NHS FOUNDATION TRUST,C_140,Oral Surgery Service,"3,194",877,27.50%,31.8,53.9,360,-,27
Y60,RRK,UNIVERSITY HOSPITALS BIRMINGHAM NHS FOUNDATION TRUST,C_150,Neurosurgical Service,"1,717","1,006",58.60%,14.6,41.2,46,-,6
Y60,RRK,UNIVERSITY HOSPITALS BIRMINGHAM NHS FOUNDATION TRUST,C_160,Plastic Surgery Service,"1,010",483,47.80%,19.5,48.2,56,-,25
Y60,RRK,UNIVERSITY HOSPITALS BIRMINGHAM NHS FOUNDATION TRUST,C_170,Cardiothoracic Surgery Service,176,131,74.40%,9.6,34.3,3,-,-
Y60,RRK,UNIVERSITY HOSPITALS BIRMINGHAM NHS FOUNDATION TRUST,C_300,General Internal Medicine Service,843,643,76.30%,10.4,31.9,-,-,-
Y60,RRK,UNIVERSITY HOSPITALS BIRMINGHAM NHS FOUNDATION TRUST,C_301,Gastroenterology Service,"7,609","3,517",46.20%,19.9,48.2,347,-,83
Y60,RRK,UNIVERSITY HOSPITALS BIRMINGHAM NHS FOUNDATION TRUST,C_320,Cardiology Service,"7,129","4,728",66.30%,12.9,34.4,18,-,3
Y60,RRK,UNIVERSITY HOSPITALS BIRMINGHAM NHS FOUNDATION TRUST,C_330,Dermatology Service,"5,254","3,301",62.80%,12.9,37.6,55,-,3
Y60,RRK,UNIVERSITY HOSPITALS BIRMINGHAM NHS FOUNDATION TRUST,C_340,Respiratory Medicine Service,"5,865","2,571",43.80%,21.7,55.6,650,-,122
Y60,RRK,UNIVERSITY HOSPITALS BIRMINGHAM NHS FOUNDATION TRUST,C_400,Neurology Service,"4,557","2,058",45.20%,20.3,44.6,86,-,13
Y60,RRK,UNIVERSITY HOSPITALS BIRMINGHAM NHS FOUNDATION TRUST,C_410,Rheumatology Service,962,679,70.60%,10.5,32.2,7,-,-
Y60,RRK,UNIVERSITY HOSPITALS BIRMINGHAM NHS FOUNDATION TRUST,C_430,Elderly Medicine Service,196,176,89.80%,4.7,18.9,1,-,-
Y60,RRK,UNIVERSITY HOSPITALS BIRMINGHAM NHS FOUNDATION TRUST,C_502,Gynaecology Service,"6,937","2,861",41.20%,22.8,49.2,413,-,51
Y60,RRK,UNIVERSITY HOSPITALS BIRMINGHAM NHS FOUNDATION TRUST,X02,Other - Medical Services,"17,445","8,979",51.50%,17.2,44.9,515,-,26
Y60,RRK,UNIVERSITY HOSPITALS BIRMINGHAM NHS FOUNDATION TRUST,X03,Other - Mental Health Services,23,22,95.70%,6.3,15.6,-,-,-
Y60,RRK,UNIVERSITY HOSPITALS BIRMINGHAM NHS FOUNDATION TRUST,X04,Other - Paediatric Services,"3,507","1,630",46.50%,19.3,41.9,67,-,13
Y60,RRK,UNIVERSITY HOSPITALS BIRMINGHAM NHS FOUNDATION TRUST,X05,Other - Surgical Services,"7,678","4,202",54.70%,15.6,42.9,238,-,37
Y60,RRK,UNIVERSITY HOSPITALS BIRMINGHAM NHS FOUNDATION TRUST,X06,Other - Other Services,"2,360","1,314",55.70%,15.7,37.7,27,-,12
Y60,RTG,UNIVERSITY HOSPITALS OF DERBY AND BURTON NHS FOUNDATION TRUST,C_100,General Surgery Service,"5,713","2,807",49.10%,18.4,49,339,5,89
Y60,RTG,UNIVERSITY HOSPITALS OF DERBY AND BURTON NHS FOUNDATION TRUST,C_101,Urology Service,"4,738","2,421",51.10%,17.5,48.6,282,9,90
Y60,RTG,UNIVERSITY HOSPITALS OF DERBY AND BURTON NHS FOUNDATION TRUST,C_110,Trauma and Orthopaedic Service,"16,916","7,688",45.40%,20,53.2,"1,484",156,537
Y60,RTG,UNIVERSITY HOSPITALS OF DERBY AND BURTON NHS FOUNDATION TRUST,C_120,Ear Nose and Throat Service,"10,582","4,676",44.20%,21.2,51.4,787,3,163
Y60,RTG,UNIVERSITY HOSPITALS OF DERBY AND BURTON NHS FOUNDATION TRUST,C_130,Ophthalmology Service,"10,121","5,653",55.90%,15.4,42.7,210,1,22
Y60,RTG,UNIVERSITY HOSPITALS OF DERBY AND BURTON NHS FOUNDATION TRUST,C_140,Oral Surgery Service,"1,929","1,348",69.90%,10.8,38.1,29,-,5
Y60,RTG,UNIVERSITY HOSPITALS OF DERBY AND BURTON NHS FOUNDATION TRUST,C_150,Neurosurgical Service,200,73,36.50%,24.2,48,5,-,-
Y60,RTG,UNIVERSITY HOSPITALS OF DERBY AND BURTON NHS FOUNDATION TRUST,C_160,Plastic Surgery Service,594,324,54.50%,15.7,47.9,38,2,9
Y60,RTG,UNIVERSITY HOSPITALS OF DERBY AND BURTON NHS FOUNDATION TRUST,C_170,Cardiothoracic Surgery Service,31,18,58.10%,14.8,35.5,-,-,-
Y60,RTG,UNIVERSITY HOSPITALS OF DERBY AND BURTON NHS FOUNDATION TRUST,C_300,General Internal Medicine Service,4,2,50.00%,-,-,-,-,-
Y60,RTG,UNIVERSITY HOSPITALS OF DERBY AND BURTON NHS FOUNDATION TRUST,C_301,Gastroenterology Service,"4,416","2,784",63.00%,12.8,38,90,1,19
Y60,RTG,UNIVERSITY HOSPITALS OF DERBY AND BURTON NHS FOUNDATION TRUST,C_320,Cardiology Service,"3,779","2,153",57.00%,15.4,39.1,35,-,7
Y60,RTG,UNIVERSITY HOSPITALS OF DERBY AND BURTON NHS FOUNDATION TRUST,C_330,Dermatology Service,"7,019","3,039",43.30%,21.7,53.6,636,9,206
Y60,RTG,UNIVERSITY HOSPITALS OF DERBY AND BURTON NHS FOUNDATION TRUST,C_340,Respiratory Medicine Service,"1,675","1,160",69.30%,11.9,30.6,3,-,-
Y60,RTG,UNIVERSITY HOSPITALS OF DERBY AND BURTON NHS FOUNDATION TRUST,C_400,Neurology Service,"3,316","1,784",53.80%,16.4,39.3,44,-,10
Y60,RTG,UNIVERSITY HOSPITALS OF DERBY AND BURTON NHS FOUNDATION TRUST,C_410,Rheumatology Service,"2,867","1,472",51.30%,17.4,41.5,90,-,15
Y60,RTG,UNIVERSITY HOSPITALS OF DERBY AND BURTON NHS FOUNDATION TRUST,C_430,Elderly Medicine Service,371,328,88.40%,9.3,21.3,-,-,-
Y60,RTG,UNIVERSITY HOSPITALS OF DERBY AND BURTON NHS FOUNDATION TRUST,C_502,Gynaecology Service,"9,306","4,762",51.20%,17.5,51.7,729,28,225
Y60,RTG,UNIVERSITY HOSPITALS OF DERBY AND BURTON NHS FOUNDATION TRUST,X02,Other - Medical Services,"10,813","6,228",57.60%,14.9,43.4,329,1,24
Y60,RTG,UNIVERSITY HOSPITALS OF DERBY AND BURTON NHS FOUNDATION TRUST,X03,Other - Mental Health Services,1,1,100.00%,-,-,-,-,-
Y60,RTG,UNIVERSITY HOSPITALS OF DERBY AND BURTON NHS FOUNDATION TRUST,X04,Other - Paediatric Services,"3,911","1,834",46.90%,19.4,49.7,204,7,36
Y60,RTG,UNIVERSITY HOSPITALS OF DERBY AND BURTON NHS FOUNDATION TRUST,X05,Other - Surgical Services,"7,140","3,874",54.30%,15.9,48.5,432,15,163
Y60,RTG,UNIVERSITY HOSPITALS OF DERBY AND BURTON NHS FOUNDATION TRUST,X06,Other - Other Services,"1,486","1,073",72.20%,9.5,37.7,50,6,19
Y60,RWD,UNITED LINCOLNSHIRE HOSPITALS NHS TRUST,C_100,General Surgery Service,"3,990","2,352",58.90%,13.8,40.9,89,-,13
Y60,RWD,UNITED LINCOLNSHIRE HOSPITALS NHS TRUST,C_101,Urology Service,"3,992","2,265",56.70%,15.1,36.6,11,1,1
Y60,RWD,UNITED LINCOLNSHIRE HOSPITALS NHS TRUST,C_110,Trauma and Orthopaedic Service,"4,176","2,636",63.10%,13.3,33.2,28,1,4
Y60,RWD,UNITED LINCOLNSHIRE HOSPITALS NHS TRUST,C_120,Ear Nose and Throat Service,"9,962","3,621",36.30%,26.5,55.6,"1,115",9,255
Y60,RWD,UNITED LINCOLNSHIRE HOSPITALS NHS TRUST,C_130,Ophthalmology Service,"5,944","3,538",59.50%,14.2,36.4,38,-,1
Y60,RWD,UNITED LINCOLNSHIRE HOSPITALS NHS TRUST,C_140,Oral Surgery Service,"3,167","1,184",37.40%,25.4,58.3,406,1,95
Y60,RWD,UNITED LINCOLNSHIRE HOSPITALS NHS TRUST,C_150,Neurosurgical Service,2,-,-,-,-,-,-,-
Y60,RWD,UNITED LINCOLNSHIRE HOSPITALS NHS TRUST,C_160,Plastic Surgery Service,-,-,-,-,-,-,-,-
Y60,RWD,UNITED LINCOLNSHIRE HOSPITALS NHS TRUST,C_170,Cardiothoracic Surgery Service,34,9,26.50%,23.3,45.3,-,-,-
Y60,RWD,UNITED LINCOLNSHIRE HOSPITALS NHS TRUST,C_300,General Internal Medicine Service,384,157,40.90%,23.1,48.8,20,1,9
Y60,RWD,UNITED LINCOLNSHIRE HOSPITALS NHS TRUST,C_301,Gastroenterology Service,"5,433","2,387",43.90%,21.3,49.7,339,3,49
Y60,RWD,UNITED LINCOLNSHIRE HOSPITALS NHS TRUST,C_320,Cardiology Service,"3,411","1,766",51.80%,17.3,43.6,15,-,-
Y60,RWD,UNITED LINCOLNSHIRE HOSPITALS NHS TRUST,C_330,Dermatology Service,"4,093","2,455",60.00%,14.2,36.4,7,-,5
Y60,RWD,UNITED LINCOLNSHIRE HOSPITALS NHS TRUST,C_340,Respiratory Medicine Service,"3,323","1,187",35.70%,26.8,56.7,386,-,66
Y60,RWD,UNITED LINCOLNSHIRE HOSPITALS NHS TRUST,C_400,Neurology Service,"2,592","1,296",50.00%,18,38.9,33,-,3
Y60,RWD,UNITED LINCOLNSHIRE HOSPITALS NHS TRUST,C_410,Rheumatology Service,"2,023",682,33.70%,27,53.6,206,-,35
Y60,RWD,UNITED LINCOLNSHIRE HOSPITALS NHS TRUST,C_430,Elderly Medicine Service,246,186,75.60%,11.1,28.2,-,-,-
Y60,RWD,UNITED LINCOLNSHIRE HOSPITALS NHS TRUST,C_502,Gynaecology Service,"5,468","2,656",48.60%,18.5,44,185,4,46
Y60,RWD,UNITED LINCOLNSHIRE HOSPITALS NHS TRUST,X02,Other - Medical Services,"6,266","3,468",55.30%,15.6,41.8,114,-,1
Y60,RWD,UNITED LINCOLNSHIRE HOSPITALS NHS TRUST,X03,Other - Mental Health Services,-,-,-,-,-,-,-,-
Y60,RWD,UNITED LINCOLNSHIRE HOSPITALS NHS TRUST,X04,Other - Paediatric Services,"3,321","1,816",54.70%,16,35.9,30,-,2
Y60,RWD,UNITED LINCOLNSHIRE HOSPITALS NHS TRUST,X05,Other - Surgical Services,"3,731","2,065",55.30%,15.1,43.1,84,1,12
Y60,RWD,UNITED LINCOLNSHIRE HOSPITALS NHS TRUST,X06,Other - Other Services,241,204,84.60%,6.8,35.7,8,1,2
Y60,RWE,UNIVERSITY HOSPITALS OF LEICESTER NHS TRUST,C_100,General Surgery Service,"4,655","2,555",54.90%,16.1,41.9,162,10,45
Y60,RWE,UNIVERSITY HOSPITALS OF LEICESTER NHS TRUST,C_101,Urology Service,"5,267","2,666",50.60%,17.7,47.7,251,3,57
Y60,RWE,UNIVERSITY HOSPITALS OF LEICESTER NHS TRUST,C_110,Trauma and Orthopaedic Service,"9,672","4,878",50.40%,17.8,46.2,439,3,74
Y60,RWE,UNIVERSITY HOSPITALS OF LEICESTER NHS TRUST,C_120,Ear Nose and Throat Service,"7,173","3,368",47.00%,19.4,45.9,326,13,75
Y60,RWE,UNIVERSITY HOSPITALS OF LEICESTER NHS TRUST,C_130,Ophthalmology Service,"11,999","6,608",55.10%,15.7,42.8,248,4,35
Y60,RWE,UNIVERSITY HOSPITALS OF LEICESTER NHS TRUST,C_140,Oral Surgery Service,"5,532","2,763",49.90%,18,46.1,284,4,80
Y60,RWE,UNIVERSITY HOSPITALS OF LEICESTER NHS TRUST,C_150,Neurosurgical Service,67,52,77.60%,11.8,21.9,-,-,-
Y60,RWE,UNIVERSITY HOSPITALS OF LEICESTER NHS TRUST,C_160,Plastic Surgery Service,"1,142",732,64.10%,11.6,45.8,42,-,14
Y60,RWE,UNIVERSITY HOSPITALS OF LEICESTER NHS TRUST,C_170,Cardiothoracic Surgery Service,437,339,77.60%,8.3,28.3,2,-,1
Y60,RWE,UNIVERSITY HOSPITALS OF LEICESTER NHS TRUST,C_300,General Internal Medicine Service,57,54,94.70%,2,13.4,-,-,-
Y60,RWE,UNIVERSITY HOSPITALS OF LEICESTER NHS TRUST,C_301,Gastroenterology Service,"8,636","4,715",54.60%,16,48,509,2,113
Y60,RWE,UNIVERSITY HOSPITALS OF LEICESTER NHS TRUST,C_320,Cardiology Service,"8,159","3,896",47.80%,19,45.8,327,1,51
Y60,RWE,UNIVERSITY HOSPITALS OF LEICESTER NHS TRUST,C_330,Dermatology Service,"2,235","1,784",79.80%,7.7,29,1,-,1
Y60,RWE,UNIVERSITY HOSPITALS OF LEICESTER NHS TRUST,C_340,Respiratory Medicine Service,"1,855","1,390",74.90%,10.5,27,2,-,-
Y60,RWE,UNIVERSITY HOSPITALS OF LEICESTER NHS TRUST,C_400,Neurology Service,"2,319","1,683",72.60%,11.5,24.9,-,-,-
Y60,RWE,UNIVERSITY HOSPITALS OF LEICESTER NHS TRUST,C_410,Rheumatology Service,"2,704","2,009",74.30%,10.6,28.9,4,-,1
Y60,RWE,UNIVERSITY HOSPITALS OF LEICESTER NHS TRUST,C_430,Elderly Medicine Service,537,415,77.30%,9,30.8,2,-,-
Y60,RWE,UNIVERSITY HOSPITALS OF LEICESTER NHS TRUST,C_502,Gynaecology Service,"9,030","3,411",37.80%,23.3,51.8,709,10,172
Y60,RWE,UNIVERSITY HOSPITALS OF LEICESTER NHS TRUST,X02,Other - Medical Services,"11,542","7,872",68.20%,11.5,32.5,73,1,11
Y60,RWE,UNIVERSITY HOSPITALS OF LEICESTER NHS TRUST,X03,Other - Mental Health Services,-,-,-,-,-,-,-,-
Y60,RWE,UNIVERSITY HOSPITALS OF LEICESTER NHS TRUST,X04,Other - Paediatric Services,"8,396","5,110",60.90%,13.8,42.6,266,12,59
Y60,RWE,UNIVERSITY HOSPITALS OF LEICESTER NHS TRUST,X05,Other - Surgical Services,"3,221","2,109",65.50%,10.7,36.3,57,-,9
Y60,RWE,UNIVERSITY HOSPITALS OF LEICESTER NHS TRUST,X06,Other - Other Services,"3,994","2,263",56.70%,15.2,39,39,-,4
Y60,RWP,WORCESTERSHIRE ACUTE HOSPITALS NHS TRUST,C_100,General Surgery Service,"5,296","2,895",54.70%,16.2,50.7,382,42,186
Y60,RWP,WORCESTERSHIRE ACUTE HOSPITALS NHS TRUST,C_101,Urology Service,"5,249","3,008",57.30%,15.6,44.7,127,8,47
Y60,RWP,WORCESTERSHIRE ACUTE HOSPITALS NHS TRUST,C_110,Trauma and Orthopaedic Service,"4,419","2,381",53.90%,16.5,44.1,188,-,41
Y60,RWP,WORCESTERSHIRE ACUTE HOSPITALS NHS TRUST,C_120,Ear Nose and Throat Service,"6,991","3,041",43.50%,21.2,54.9,750,24,210
Y60,RWP,WORCESTERSHIRE ACUTE HOSPITALS NHS TRUST,C_130,Ophthalmology Service,"5,130","3,553",69.30%,11.7,33.3,10,-,-
Y60,RWP,WORCESTERSHIRE ACUTE HOSPITALS NHS TRUST,C_140,Oral Surgery Service,"4,322","1,581",36.60%,25.3,62.7,693,23,274
Y60,RWP,WORCESTERSHIRE ACUTE HOSPITALS NHS TRUST,C_150,Neurosurgical Service,-,-,-,-,-,-,-,-
Y60,RWP,WORCESTERSHIRE ACUTE HOSPITALS NHS TRUST,C_160,Plastic Surgery Service,13,6,46.20%,-,-,2,-,1
Y60,RWP,WORCESTERSHIRE ACUTE HOSPITALS NHS TRUST,C_170,Cardiothoracic Surgery Service,-,-,-,-,-,-,-,-
Y60,RWP,WORCESTERSHIRE ACUTE HOSPITALS NHS TRUST,C_300,General Internal Medicine Service,575,446,77.60%,12.2,23.3,9,1,1
Y60,RWP,WORCESTERSHIRE ACUTE HOSPITALS NHS TRUST,C_301,Gastroenterology Service,"3,990","2,118",53.10%,16.9,41.2,40,-,1
Y60,RWP,WORCESTERSHIRE ACUTE HOSPITALS NHS TRUST,C_320,Cardiology Service,"2,292","1,583",69.10%,12.3,29.3,5,1,1
Y60,RWP,WORCESTERSHIRE ACUTE HOSPITALS NHS TRUST,C_330,Dermatology Service,"2,353","1,254",53.30%,16.7,54.4,239,9,65
Y60,RWP,WORCESTERSHIRE ACUTE HOSPITALS NHS TRUST,C_340,Respiratory Medicine Service,"1,685","1,023",60.70%,13.7,34.8,7,-,-
Y60,RWP,WORCESTERSHIRE ACUTE HOSPITALS NHS TRUST,C_400,Neurology Service,"2,072","1,186",57.20%,15.6,32.9,4,-,-
Y60,RWP,WORCESTERSHIRE ACUTE HOSPITALS NHS TRUST,C_410,Rheumatology Service,"1,130",665,58.80%,15.1,32.2,3,-,-
Y60,RWP,WORCESTERSHIRE ACUTE HOSPITALS NHS TRUST,C_430,Elderly Medicine Service,3,2,66.70%,-,-,-,-,-
Y60,RWP,WORCESTERSHIRE ACUTE HOSPITALS NHS TRUST,C_502,Gynaecology Service,"4,561","2,637",57.80%,15.3,39.7,70,-,9
Y60,RWP,WORCESTERSHIRE ACUTE HOSPITALS NHS TRUST,X02,Other - Medical Services,"4,709","3,014",64.00%,13.1,37.5,37,-,3
Y60,RWP,WORCESTERSHIRE ACUTE HOSPITALS NHS TRUST,X03,Other - Mental Health Services,-,-,-,-,-,-,-,-
Y60,RWP,WORCESTERSHIRE ACUTE HOSPITALS NHS TRUST,X04,Other - Paediatric Services,140,111,79.30%,10.2,28,-,-,-
Y60,RWP,WORCESTERSHIRE ACUTE HOSPITALS NHS TRUST,X05,Other - Surgical Services,"2,776","1,881",67.80%,10.6,49,157,1,44
Y60,RWP,WORCESTERSHIRE ACUTE HOSPITALS NHS TRUST,X06,Other - Other Services,"2,038","1,411",69.20%,12.7,33.4,14,-,5
Y60,RX1,NOTTINGHAM UNIVERSITY HOSPITALS NHS TRUST,C_100,General Surgery Service,"1,960",945,48.20%,19,46.3,73,1,13
Y60,RX1,NOTTINGHAM UNIVERSITY HOSPITALS NHS TRUST,C_101,Urology Service,"4,596","2,799",60.90%,14.4,37.1,117,-,16
Y60,RX1,NOTTINGHAM UNIVERSITY HOSPITALS NHS TRUST,C_110,Trauma and Orthopaedic Service,"7,310","3,594",49.20%,18.3,46.9,384,12,102
Y60,RX1,NOTTINGHAM UNIVERSITY HOSPITALS NHS TRUST,C_120,Ear Nose and Throat Service,"10,910","4,372",40.10%,24,52.2,911,1,75
Y60,RX1,NOTTINGHAM UNIVERSITY HOSPITALS NHS TRUST,C_130,Ophthalmology Service,"6,437","3,470",53.90%,16.5,44,191,-,16
Y60,RX1,NOTTINGHAM UNIVERSITY HOSPITALS NHS TRUST,C_140,Oral Surgery Service,"2,937","1,191",40.60%,23.1,48,142,2,26
Y60,RX1,NOTTINGHAM UNIVERSITY HOSPITALS NHS TRUST,C_150,Neurosurgical Service,984,561,57.00%,15.2,44.1,43,-,10
Y60,RX1,NOTTINGHAM UNIVERSITY HOSPITALS NHS TRUST,C_160,Plastic Surgery Service,"1,344",578,43.00%,20.9,52.6,117,-,21
Y60,RX1,NOTTINGHAM UNIVERSITY HOSPITALS NHS TRUST,C_170,Cardiothoracic Surgery Service,304,228,75.00%,9,40.2,11,-,3
Y60,RX1,NOTTINGHAM UNIVERSITY HOSPITALS NHS TRUST,C_300,General Internal Medicine Service,5,2,40.00%,-,-,-,-,-
Y60,RX1,NOTTINGHAM UNIVERSITY HOSPITALS NHS TRUST,C_301,Gastroenterology Service,"4,542","2,715",59.80%,14.8,37.6,61,1,11
Y60,RX1,NOTTINGHAM UNIVERSITY HOSPITALS NHS TRUST,C_320,Cardiology Service,"3,011","1,511",50.20%,17.9,42.7,41,-,5
Y60,RX1,NOTTINGHAM UNIVERSITY HOSPITALS NHS TRUST,C_330,Dermatology Service,"6,066","3,361",55.40%,15.6,36.1,2,-,1
Y60,RX1,NOTTINGHAM UNIVERSITY HOSPITALS NHS TRUST,C_340,Respiratory Medicine Service,"1,869","1,285",68.80%,11,32.2,24,-,3
Y60,RX1,NOTTINGHAM UNIVERSITY HOSPITALS NHS TRUST,C_400,Neurology Service,"1,526","1,304",85.50%,9.8,21.7,-,-,-
Y60,RX1,NOTTINGHAM UNIVERSITY HOSPITALS NHS TRUST,C_410,Rheumatology Service,401,299,74.60%,7.6,27.9,7,-,1
Y60,RX1,NOTTINGHAM UNIVERSITY HOSPITALS NHS TRUST,C_430,Elderly Medicine Service,469,296,63.10%,13.7,28.9,3,-,-
Y60,RX1,NOTTINGHAM UNIVERSITY HOSPITALS NHS TRUST,C_502,Gynaecology Service,"3,922","2,251",57.40%,14.4,47.6,187,-,11
Y60,RX1,NOTTINGHAM UNIVERSITY HOSPITALS NHS TRUST,X02,Other - Medical Services,"11,917","7,013",58.80%,14.3,39.5,243,-,59
Y60,RX1,NOTTINGHAM UNIVERSITY HOSPITALS NHS TRUST,X03,Other - Mental Health Services,2,1,50.00%,-,-,-,-,-
Y60,RX1,NOTTINGHAM UNIVERSITY HOSPITALS NHS TRUST,X04,Other - Paediatric Services,"3,848","2,907",75.50%,10.1,30.4,20,-,3
Y60,RX1,NOTTINGHAM UNIVERSITY HOSPITALS NHS TRUST,X05,Other - Surgical Services,"8,874","4,370",49.20%,18.4,48.7,542,16,195
Y60,RX1,NOTTINGHAM UNIVERSITY HOSPITALS NHS TRUST,X06,Other - Other Services,"1,046",946,90.40%,7.8,21.2,5,-,1
Y60,RXK,SANDWELL AND WEST BIRMINGHAM HOSPITALS NHS TRUST,C_100,General Surgery Service,"6,178","2,916",47.20%,19.5,46.9,235,3,45
Y60,RXK,SANDWELL AND WEST BIRMINGHAM HOSPITALS NHS TRUST,C_101,Urology Service,"4,912","2,144",43.60%,20.8,48.8,230,6,50
Y60,RXK,SANDWELL AND WEST BIRMINGHAM HOSPITALS NHS TRUST,C_110,Trauma and Orthopaedic Service,"7,457","3,498",46.90%,20,51,560,4,190
Y60,RXK,SANDWELL AND WEST BIRMINGHAM HOSPITALS NHS TRUST,C_120,Ear Nose and Throat Service,"7,218","2,519",34.90%,27.3,59.7,874,46,404
Y60,RXK,SANDWELL AND WEST BIRMINGHAM HOSPITALS NHS TRUST,C_130,Ophthalmology Service,"11,697","6,889",58.90%,14.4,34.7,78,2,9
Y60,RXK,SANDWELL AND WEST BIRMINGHAM HOSPITALS NHS TRUST,C_140,Oral Surgery Service,"3,635",837,23.00%,29.6,50.8,255,3,47
Y60,RXK,SANDWELL AND WEST BIRMINGHAM HOSPITALS NHS TRUST,C_150,Neurosurgical Service,-,-,-,-,-,-,-,-
Y60,RXK,SANDWELL AND WEST BIRMINGHAM HOSPITALS NHS TRUST,C_160,Plastic Surgery Service,349,236,67.60%,14.4,38.3,7,-,-
Y60,RXK,SANDWELL AND WEST BIRMINGHAM HOSPITALS NHS TRUST,C_170,Cardiothoracic Surgery Service,15,12,80.00%,-,-,-,-,-
Y60,RXK,SANDWELL AND WEST BIRMINGHAM HOSPITALS NHS TRUST,C_300,General Internal Medicine Service,-,-,-,-,-,-,-,-
Y60,RXK,SANDWELL AND WEST BIRMINGHAM HOSPITALS NHS TRUST,C_301,Gastroenterology Service,"2,582","1,524",59.00%,14.7,41.4,55,-,11
Y60,RXK,SANDWELL AND WEST BIRMINGHAM HOSPITALS NHS TRUST,C_320,Cardiology Service,"4,529","2,350",51.90%,17.2,41.2,57,-,4
Y60,RXK,SANDWELL AND WEST BIRMINGHAM HOSPITALS NHS TRUST,C_330,Dermatology Service,"4,981","1,708",34.30%,25,50.1,338,4,46
Y60,RXK,SANDWELL AND WEST BIRMINGHAM HOSPITALS NHS TRUST,C_340,Respiratory Medicine Service,"1,330","1,109",83.40%,9.2,21.8,-,-,-
Y60,RXK,SANDWELL AND WEST BIRMINGHAM HOSPITALS NHS TRUST,C_400,Neurology Service,"1,362",637,46.80%,19.2,35.3,17,-,9
Y60,RXK,SANDWELL AND WEST BIRMINGHAM HOSPITALS NHS TRUST,C_410,Rheumatology Service,945,584,61.80%,14.4,38.1,24,-,1
Y60,RXK,SANDWELL AND WEST BIRMINGHAM HOSPITALS NHS TRUST,C_430,Elderly Medicine Service,53,53,100.00%,4.4,13.9,-,-,-
Y60,RXK,SANDWELL AND WEST BIRMINGHAM HOSPITALS NHS TRUST,C_502,Gynaecology Service,"4,165","2,301",55.20%,16.3,41.2,142,-,27
Y60,RXK,SANDWELL AND WEST BIRMINGHAM HOSPITALS NHS TRUST,X02,Other - Medical Services,"3,274","2,358",72.00%,11.5,27.9,14,-,-
Y60,RXK,SANDWELL AND WEST BIRMINGHAM HOSPITALS NHS TRUST,X03,Other - Mental Health Services,-,-,-,-,-,-,-,-
Y60,RXK,SANDWELL AND WEST BIRMINGHAM HOSPITALS NHS TRUST,X04,Other - Paediatric Services,"7,562","3,944",52.20%,17,44.7,273,15,90
Y60,RXK,SANDWELL AND WEST BIRMINGHAM HOSPITALS NHS TRUST,X05,Other - Surgical Services,"3,732","3,306",88.60%,9.5,23.2,12,1,1
Y60,RXK,SANDWELL AND WEST BIRMINGHAM HOSPITALS NHS TRUST,X06,Other - Other Services,297,272,91.60%,6.7,19.1,2,-,-
Y60,RXM,DERBYSHIRE HEALTHCARE NHS FOUNDATION TRUST,C_100,General Surgery Service,-,-,-,-,-,-,-,-
Y60,RXM,DERBYSHIRE HEALTHCARE NHS FOUNDATION TRUST,C_101,Urology Service,-,-,-,-,-,-,-,-
Y60,RXM,DERBYSHIRE HEALTHCARE NHS FOUNDATION TRUST,C_110,Trauma and Orthopaedic Service,-,-,-,-,-,-,-,-
Y60,RXM,DERBYSHIRE HEALTHCARE NHS FOUNDATION TRUST,C_120,Ear Nose and Throat Service,-,-,-,-,-,-,-,-
Y60,RXM,DERBYSHIRE HEALTHCARE NHS FOUNDATION TRUST,C_130,Ophthalmology Service,-,-,-,-,-,-,-,-
Y60,RXM,DERBYSHIRE HEALTHCARE NHS FOUNDATION TRUST,C_140,Oral Surgery Service,-,-,-,-,-,-,-,-
Y60,RXM,DERBYSHIRE HEALTHCARE NHS FOUNDATION TRUST,C_150,Neurosurgical Service,-,-,-,-,-,-,-,-
Y60,RXM,DERBYSHIRE HEALTHCARE NHS FOUNDATION TRUST,C_160,Plastic Surgery Service,-,-,-,-,-,-,-,-
Y60,RXM,DERBYSHIRE HEALTHCARE NHS FOUNDATION TRUST,C_170,Cardiothoracic Surgery Service,-,-,-,-,-,-,-,-
Y60,RXM,DERBYSHIRE HEALTHCARE NHS FOUNDATION TRUST,C_300,General Internal Medicine Service,-,-,-,-,-,-,-,-
Y60,RXM,DERBYSHIRE HEALTHCARE NHS FOUNDATION TRUST,C_301,Gastroenterology Service,-,-,-,-,-,-,-,-
Y60,RXM,DERBYSHIRE HEALTHCARE NHS FOUNDATION TRUST,C_320,Cardiology Service,-,-,-,-,-,-,-,-
Y60,RXM,DERBYSHIRE HEALTHCARE NHS FOUNDATION TRUST,C_330,Dermatology Service,-,-,-,-,-,-,-,-
Y60,RXM,DERBYSHIRE HEALTHCARE NHS FOUNDATION TRUST,C_340,Respiratory Medicine Service,-,-,-,-,-,-,-,-
Y60,RXM,DERBYSHIRE HEALTHCARE NHS FOUNDATION TRUST,C_400,Neurology Service,-,-,-,-,-,-,-,-
Y60,RXM,DERBYSHIRE HEALTHCARE NHS FOUNDATION TRUST,C_410,Rheumatology Service,-,-,-,-,-,-,-,-
Y60,RXM,DERBYSHIRE HEALTHCARE NHS FOUNDATION TRUST,C_430,Elderly Medicine Service,-,-,-,-,-,-,-,-
Y60,RXM,DERBYSHIRE HEALTHCARE NHS FOUNDATION TRUST,C_502,Gynaecology Service,-,-,-,-,-,-,-,-
Y60,RXM,DERBYSHIRE HEALTHCARE NHS FOUNDATION TRUST,X02,Other - Medical Services,-,-,-,-,-,-,-,-
Y60,RXM,DERBYSHIRE HEALTHCARE NHS FOUNDATION TRUST,X03,Other - Mental Health Services,312,242,77.60%,9.4,29.5,-,-,-
Y60,RXM,DERBYSHIRE HEALTHCARE NHS FOUNDATION TRUST,X04,Other - Paediatric Services,"2,131",280,13.10%,45.4,71,774,80,321
Y60,RXM,DERBYSHIRE HEALTHCARE NHS FOUNDATION TRUST,X05,Other - Surgical Services,-,-,-,-,-,-,-,-
Y60,RXM,DERBYSHIRE HEALTHCARE NHS FOUNDATION TRUST,X06,Other - Other Services,-,-,-,-,-,-,-,-
Y60,RXW,THE SHREWSBURY AND TELFORD HOSPITAL NHS TRUST,C_100,General Surgery Service,"5,873","3,118",53.10%,16.3,49.2,383,1,66
Y60,RXW,THE SHREWSBURY AND TELFORD HOSPITAL NHS TRUST,C_101,Urology Service,"1,832","1,296",70.70%,10.3,40.9,72,-,22
Y60,RXW,THE SHREWSBURY AND TELFORD HOSPITAL NHS TRUST,C_110,Trauma and Orthopaedic Service,"1,283",486,37.90%,23.4,60.4,206,-,55
Y60,RXW,THE SHREWSBURY AND TELFORD HOSPITAL NHS TRUST,C_120,Ear Nose and Throat Service,"3,965","1,481",37.40%,24.5,53.9,372,1,126
Y60,RXW,THE SHREWSBURY AND TELFORD HOSPITAL NHS TRUST,C_130,Ophthalmology Service,"3,566","2,260",63.40%,13.3,39.3,61,-,4
Y60,RXW,THE SHREWSBURY AND TELFORD HOSPITAL NHS TRUST,C_140,Oral Surgery Service,"2,306",918,39.80%,23.4,48.8,91,-,26
Y60,RXW,THE SHREWSBURY AND TELFORD HOSPITAL NHS TRUST,C_150,Neurosurgical Service,-,-,-,-,-,-,-,-
Y60,RXW,THE SHREWSBURY AND TELFORD HOSPITAL NHS TRUST,C_160,Plastic Surgery Service,-,-,-,-,-,-,-,-
Y60,RXW,THE SHREWSBURY AND TELFORD HOSPITAL NHS TRUST,C_170,Cardiothoracic Surgery Service,38,30,78.90%,7.5,25,1,-,-
Y60,RXW,THE SHREWSBURY AND TELFORD HOSPITAL NHS TRUST,C_300,General Internal Medicine Service,"1,565",821,52.50%,17.1,48.5,100,1,1
Y60,RXW,THE SHREWSBURY AND TELFORD HOSPITAL NHS TRUST,C_301,Gastroenterology Service,"2,022","1,280",63.30%,12.7,39.6,7,-,-
Y60,RXW,THE SHREWSBURY AND TELFORD HOSPITAL NHS TRUST,C_320,Cardiology Service,"2,648","1,213",45.80%,20,45.9,113,-,18
Y60,RXW,THE SHREWSBURY AND TELFORD HOSPITAL NHS TRUST,C_330,Dermatology Service,"1,796","1,018",56.70%,14.6,46.2,80,-,1
Y60,RXW,THE SHREWSBURY AND TELFORD HOSPITAL NHS TRUST,C_340,Respiratory Medicine Service,"1,912",691,36.10%,25.2,55.9,245,-,18
Y60,RXW,THE SHREWSBURY AND TELFORD HOSPITAL NHS TRUST,C_400,Neurology Service,-,-,-,-,-,-,-,-
Y60,RXW,THE SHREWSBURY AND TELFORD HOSPITAL NHS TRUST,C_410,Rheumatology Service,-,-,-,-,-,-,-,-
Y60,RXW,THE SHREWSBURY AND TELFORD HOSPITAL NHS TRUST,C_430,Elderly Medicine Service,148,137,92.60%,6.2,17.8,-,-,-
Y60,RXW,THE SHREWSBURY AND TELFORD HOSPITAL NHS TRUST,C_502,Gynaecology Service,"3,459","1,745",50.40%,17.7,51.6,267,-,74
Y60,RXW,THE SHREWSBURY AND TELFORD HOSPITAL NHS TRUST,X02,Other - Medical Services,71,58,81.70%,8.8,34.8,2,-,1
Y60,RXW,THE SHREWSBURY AND TELFORD HOSPITAL NHS TRUST,X03,Other - Mental Health Services,1,1,100.00%,-,-,-,-,-
Y60,RXW,THE SHREWSBURY AND TELFORD HOSPITAL NHS TRUST,X04,Other - Paediatric Services,971,557,57.40%,14.6,41.7,22,-,3
Y60,RXW,THE SHREWSBURY AND TELFORD HOSPITAL NHS TRUST,X05,Other - Surgical Services,670,246,36.70%,27.1,51.7,48,1,5
Y60,RXW,THE SHREWSBURY AND TELFORD HOSPITAL NHS TRUST,X06,Other - Other Services,424,144,34.00%,27.7,60,65,-,9
Y60,RYG,COVENTRY AND WARWICKSHIRE PARTNERSHIP NHS TRUST,C_100,General Surgery Service,-,-,-,-,-,-,-,-
Y60,RYG,COVENTRY AND WARWICKSHIRE PARTNERSHIP NHS TRUST,C_101,Urology Service,-,-,-,-,-,-,-,-
Y60,RYG,COVENTRY AND WARWICKSHIRE PARTNERSHIP NHS TRUST,C_110,Trauma and Orthopaedic Service,-,-,-,-,-,-,-,-
Y60,RYG,COVENTRY AND WARWICKSHIRE PARTNERSHIP NHS TRUST,C_120,Ear Nose and Throat Service,-,-,-,-,-,-,-,-
Y60,RYG,COVENTRY AND WARWICKSHIRE PARTNERSHIP NHS TRUST,C_130,Ophthalmology Service,-,-,-,-,-,-,-,-
Y60,RYG,COVENTRY AND WARWICKSHIRE PARTNERSHIP NHS TRUST,C_140,Oral Surgery Service,-,-,-,-,-,-,-,-
Y60,RYG,COVENTRY AND WARWICKSHIRE PARTNERSHIP NHS TRUST,C_150,Neurosurgical Service,-,-,-,-,-,-,-,-
Y60,RYG,COVENTRY AND WARWICKSHIRE PARTNERSHIP NHS TRUST,C_160,Plastic Surgery Service,-,-,-,-,-,-,-,-
Y60,RYG,COVENTRY AND WARWICKSHIRE PARTNERSHIP NHS TRUST,C_170,Cardiothoracic Surgery Service,-,-,-,-,-,-,-,-
Y60,RYG,COVENTRY AND WARWICKSHIRE PARTNERSHIP NHS TRUST,C_300,General Internal Medicine Service,-,-,-,-,-,-,-,-
Y60,RYG,COVENTRY AND WARWICKSHIRE PARTNERSHIP NHS TRUST,C_301,Gastroenterology Service,-,-,-,-,-,-,-,-
Y60,RYG,COVENTRY AND WARWICKSHIRE PARTNERSHIP NHS TRUST,C_320,Cardiology Service,-,-,-,-,-,-,-,-
Y60,RYG,COVENTRY AND WARWICKSHIRE PARTNERSHIP NHS TRUST,C_330,Dermatology Service,-,-,-,-,-,-,-,-
Y60,RYG,COVENTRY AND WARWICKSHIRE PARTNERSHIP NHS TRUST,C_340,Respiratory Medicine Service,-,-,-,-,-,-,-,-
Y60,RYG,COVENTRY AND WARWICKSHIRE PARTNERSHIP NHS TRUST,C_400,Neurology Service,-,-,-,-,-,-,-,-
Y60,RYG,COVENTRY AND WARWICKSHIRE PARTNERSHIP NHS TRUST,C_410,Rheumatology Service,-,-,-,-,-,-,-,-
Y60,RYG,COVENTRY AND WARWICKSHIRE PARTNERSHIP NHS TRUST,C_430,Elderly Medicine Service,-,-,-,-,-,-,-,-
Y60,RYG,COVENTRY AND WARWICKSHIRE PARTNERSHIP NHS TRUST,C_502,Gynaecology Service,-,-,-,-,-,-,-,-
Y60,RYG,COVENTRY AND WARWICKSHIRE PARTNERSHIP NHS TRUST,X02,Other - Medical Services,-,-,-,-,-,-,-,-
Y60,RYG,COVENTRY AND WARWICKSHIRE PARTNERSHIP NHS TRUST,X03,Other - Mental Health Services,-,-,-,-,-,-,-,-
Y60,RYG,COVENTRY AND WARWICKSHIRE PARTNERSHIP NHS TRUST,X04,Other - Paediatric Services,350,209,59.70%,14.1,31.2,-,-,-
Y60,RYG,COVENTRY AND WARWICKSHIRE PARTNERSHIP NHS TRUST,X05,Other - Surgical Services,-,-,-,-,-,-,-,-
Y60,RYG,COVENTRY AND WARWICKSHIRE PARTNERSHIP NHS TRUST,X06,Other - Other Services,-,-,-,-,-,-,-,-
Y60,RYW,BIRMINGHAM COMMUNITY HEALTHCARE NHS FOUNDATION TRUST,C_100,General Surgery Service,-,-,-,-,-,-,-,-
Y60,RYW,BIRMINGHAM COMMUNITY HEALTHCARE NHS FOUNDATION TRUST,C_101,Urology Service,-,-,-,-,-,-,-,-
Y60,RYW,BIRMINGHAM COMMUNITY HEALTHCARE NHS FOUNDATION TRUST,C_110,Trauma and Orthopaedic Service,365,215,58.90%,15.7,31.5,1,-,-
Y60,RYW,BIRMINGHAM COMMUNITY HEALTHCARE NHS FOUNDATION TRUST,C_120,Ear Nose and Throat Service,-,-,-,-,-,-,-,-
Y60,RYW,BIRMINGHAM COMMUNITY HEALTHCARE NHS FOUNDATION TRUST,C_130,Ophthalmology Service,-,-,-,-,-,-,-,-
Y60,RYW,BIRMINGHAM COMMUNITY HEALTHCARE NHS FOUNDATION TRUST,C_140,Oral Surgery Service,"5,020","2,765",55.10%,16.4,31.9,18,-,-
Y60,RYW,BIRMINGHAM COMMUNITY HEALTHCARE NHS FOUNDATION TRUST,C_150,Neurosurgical Service,-,-,-,-,-,-,-,-
Y60,RYW,BIRMINGHAM COMMUNITY HEALTHCARE NHS FOUNDATION TRUST,C_160,Plastic Surgery Service,-,-,-,-,-,-,-,-
Y60,RYW,BIRMINGHAM COMMUNITY HEALTHCARE NHS FOUNDATION TRUST,C_170,Cardiothoracic Surgery Service,-,-,-,-,-,-,-,-
Y60,RYW,BIRMINGHAM COMMUNITY HEALTHCARE NHS FOUNDATION TRUST,C_300,General Internal Medicine Service,-,-,-,-,-,-,-,-
Y60,RYW,BIRMINGHAM COMMUNITY HEALTHCARE NHS FOUNDATION TRUST,C_301,Gastroenterology Service,-,-,-,-,-,-,-,-
Y60,RYW,BIRMINGHAM COMMUNITY HEALTHCARE NHS FOUNDATION TRUST,C_320,Cardiology Service,-,-,-,-,-,-,-,-
Y60,RYW,BIRMINGHAM COMMUNITY HEALTHCARE NHS FOUNDATION TRUST,C_330,Dermatology Service,-,-,-,-,-,-,-,-
Y60,RYW,BIRMINGHAM COMMUNITY HEALTHCARE NHS FOUNDATION TRUST,C_340,Respiratory Medicine Service,-,-,-,-,-,-,-,-
Y60,RYW,BIRMINGHAM COMMUNITY HEALTHCARE NHS FOUNDATION TRUST,C_400,Neurology Service,-,-,-,-,-,-,-,-
Y60,RYW,BIRMINGHAM COMMUNITY HEALTHCARE NHS FOUNDATION TRUST,C_410,Rheumatology Service,-,-,-,-,-,-,-,-
Y60,RYW,BIRMINGHAM COMMUNITY HEALTHCARE NHS FOUNDATION TRUST,C_430,Elderly Medicine Service,-,-,-,-,-,-,-,-
Y60,RYW,BIRMINGHAM COMMUNITY HEALTHCARE NHS FOUNDATION TRUST,C_502,Gynaecology Service,-,-,-,-,-,-,-,-
Y60,RYW,BIRMINGHAM COMMUNITY HEALTHCARE NHS FOUNDATION TRUST,X02,Other - Medical Services,"3,795","2,933",77.30%,10.5,23.7,1,-,-
Y60,RYW,BIRMINGHAM COMMUNITY HEALTHCARE NHS FOUNDATION TRUST,X03,Other - Mental Health Services,13,13,100.00%,-,-,-,-,-
Y60,RYW,BIRMINGHAM COMMUNITY HEALTHCARE NHS FOUNDATION TRUST,X04,Other - Paediatric Services,"1,298",527,40.60%,23.6,51.8,102,-,1
Y60,RYW,BIRMINGHAM COMMUNITY HEALTHCARE NHS FOUNDATION TRUST,X05,Other - Surgical Services,"6,068","3,495",57.60%,15,36.1,44,-,10
Y60,RYW,BIRMINGHAM COMMUNITY HEALTHCARE NHS FOUNDATION TRUST,X06,Other - Other Services,-,-,-,-,-,-,-,-
Y61,R1L,ESSEX PARTNERSHIP UNIVERSITY NHS FOUNDATION TRUST,C_100,General Surgery Service,-,-,-,-,-,-,-,-
Y61,R1L,ESSEX PARTNERSHIP UNIVERSITY NHS FOUNDATION TRUST,C_101,Urology Service,-,-,-,-,-,-,-,-
Y61,R1L,ESSEX PARTNERSHIP UNIVERSITY NHS FOUNDATION TRUST,C_110,Trauma and Orthopaedic Service,-,-,-,-,-,-,-,-
Y61,R1L,ESSEX PARTNERSHIP UNIVERSITY NHS FOUNDATION TRUST,C_120,Ear Nose and Throat Service,-,-,-,-,-,-,-,-
Y61,R1L,ESSEX PARTNERSHIP UNIVERSITY NHS FOUNDATION TRUST,C_130,Ophthalmology Service,-,-,-,-,-,-,-,-
Y61,R1L,ESSEX PARTNERSHIP UNIVERSITY NHS FOUNDATION TRUST,C_140,Oral Surgery Service,-,-,-,-,-,-,-,-
Y61,R1L,ESSEX PARTNERSHIP UNIVERSITY NHS FOUNDATION TRUST,C_150,Neurosurgical Service,-,-,-,-,-,-,-,-
Y61,R1L,ESSEX PARTNERSHIP UNIVERSITY NHS FOUNDATION TRUST,C_160,Plastic Surgery Service,-,-,-,-,-,-,-,-
Y61,R1L,ESSEX PARTNERSHIP UNIVERSITY NHS FOUNDATION TRUST,C_170,Cardiothoracic Surgery Service,-,-,-,-,-,-,-,-
Y61,R1L,ESSEX PARTNERSHIP UNIVERSITY NHS FOUNDATION TRUST,C_300,General Internal Medicine Service,-,-,-,-,-,-,-,-
Y61,R1L,ESSEX PARTNERSHIP UNIVERSITY NHS FOUNDATION TRUST,C_301,Gastroenterology Service,-,-,-,-,-,-,-,-
Y61,R1L,ESSEX PARTNERSHIP UNIVERSITY NHS FOUNDATION TRUST,C_320,Cardiology Service,-,-,-,-,-,-,-,-
Y61,R1L,ESSEX PARTNERSHIP UNIVERSITY NHS FOUNDATION TRUST,C_330,Dermatology Service,-,-,-,-,-,-,-,-
Y61,R1L,ESSEX PARTNERSHIP UNIVERSITY NHS FOUNDATION TRUST,C_340,Respiratory Medicine Service,-,-,-,-,-,-,-,-
Y61,R1L,ESSEX PARTNERSHIP UNIVERSITY NHS FOUNDATION TRUST,C_400,Neurology Service,-,-,-,-,-,-,-,-
Y61,R1L,ESSEX PARTNERSHIP UNIVERSITY NHS FOUNDATION TRUST,C_410,Rheumatology Service,-,-,-,-,-,-,-,-
Y61,R1L,ESSEX PARTNERSHIP UNIVERSITY NHS FOUNDATION TRUST,C_430,Elderly Medicine Service,-,-,-,-,-,-,-,-
Y61,R1L,ESSEX PARTNERSHIP UNIVERSITY NHS FOUNDATION TRUST,C_502,Gynaecology Service,-,-,-,-,-,-,-,-
Y61,R1L,ESSEX PARTNERSHIP UNIVERSITY NHS FOUNDATION TRUST,X02,Other - Medical Services,-,-,-,-,-,-,-,-
Y61,R1L,ESSEX PARTNERSHIP UNIVERSITY NHS FOUNDATION TRUST,X03,Other - Mental Health Services,-,-,-,-,-,-,-,-
Y61,R1L,ESSEX PARTNERSHIP UNIVERSITY NHS FOUNDATION TRUST,X04,Other - Paediatric Services,"1,340",689,51.40%,17.2,34.2,-,-,-
Y61,R1L,ESSEX PARTNERSHIP UNIVERSITY NHS FOUNDATION TRUST,X05,Other - Surgical Services,-,-,-,-,-,-,-,-
Y61,R1L,ESSEX PARTNERSHIP UNIVERSITY NHS FOUNDATION TRUST,X06,Other - Other Services,-,-,-,-,-,-,-,-
Y61,RAJ,MID AND SOUTH ESSEX NHS FOUNDATION TRUST,C_100,General Surgery Service,"9,063","4,331",47.80%,19,44.9,372,3,99
Y61,RAJ,MID AND SOUTH ESSEX NHS FOUNDATION TRUST,C_101,Urology Service,"9,281","4,804",51.80%,17.1,48.1,529,26,174
Y61,RAJ,MID AND SOUTH ESSEX NHS FOUNDATION TRUST,C_110,Trauma and Orthopaedic Service,"14,769","6,337",42.90%,21.7,53.8,"1,394",39,497
Y61,RAJ,MID AND SOUTH ESSEX NHS FOUNDATION TRUST,C_120,Ear Nose and Throat Service,"12,521","5,373",42.90%,21.9,49.4,815,29,249
Y61,RAJ,MID AND SOUTH ESSEX NHS FOUNDATION TRUST,C_130,Ophthalmology Service,"14,577","7,377",50.60%,17.7,46.9,590,20,133
Y61,RAJ,MID AND SOUTH ESSEX NHS FOUNDATION TRUST,C_140,Oral Surgery Service,"5,598","1,660",29.70%,29.7,64.8,987,84,443
Y61,RAJ,MID AND SOUTH ESSEX NHS FOUNDATION TRUST,C_150,Neurosurgical Service,84,38,45.20%,20.7,55.3,8,-,3
Y61,RAJ,MID AND SOUTH ESSEX NHS FOUNDATION TRUST,C_160,Plastic Surgery Service,"5,473","2,884",52.70%,16.8,55,523,80,239
Y61,RAJ,MID AND SOUTH ESSEX NHS FOUNDATION TRUST,C_170,Cardiothoracic Surgery Service,308,183,59.40%,15,45.4,8,-,-
Y61,RAJ,MID AND SOUTH ESSEX NHS FOUNDATION TRUST,C_300,General Internal Medicine Service,"1,378",971,70.50%,12.7,30.4,8,-,2
Y61,RAJ,MID AND SOUTH ESSEX NHS FOUNDATION TRUST,C_301,Gastroenterology Service,"8,854","4,685",52.90%,16.9,45.5,398,4,125
Y61,RAJ,MID AND SOUTH ESSEX NHS FOUNDATION TRUST,C_320,Cardiology Service,"11,521","6,927",60.10%,14.3,37.6,371,12,140
Y61,RAJ,MID AND SOUTH ESSEX NHS FOUNDATION TRUST,C_330,Dermatology Service,"10,668","5,399",50.60%,17.7,41.6,146,1,26
Y61,RAJ,MID AND SOUTH ESSEX NHS FOUNDATION TRUST,C_340,Respiratory Medicine Service,"4,650","3,196",68.70%,11.7,30.9,17,-,1
Y61,RAJ,MID AND SOUTH ESSEX NHS FOUNDATION TRUST,C_400,Neurology Service,"5,186","2,893",55.80%,15.8,44.8,193,4,76
Y61,RAJ,MID AND SOUTH ESSEX NHS FOUNDATION TRUST,C_410,Rheumatology Service,"2,860","1,640",57.30%,15.1,34.9,13,1,2
Y61,RAJ,MID AND SOUTH ESSEX NHS FOUNDATION TRUST,C_430,Elderly Medicine Service,771,535,69.40%,11,30.8,2,-,-
Y61,RAJ,MID AND SOUTH ESSEX NHS FOUNDATION TRUST,C_502,Gynaecology Service,"12,150","6,554",53.90%,16.6,44.2,484,10,134
Y61,RAJ,MID AND SOUTH ESSEX NHS FOUNDATION TRUST,X02,Other - Medical Services,"16,202","9,796",60.50%,13.2,41.1,454,6,103
Y61,RAJ,MID AND SOUTH ESSEX NHS FOUNDATION TRUST,X03,Other - Mental Health Services,-,-,-,-,-,-,-,-
Y61,RAJ,MID AND SOUTH ESSEX NHS FOUNDATION TRUST,X04,Other - Paediatric Services,"3,736","1,647",44.10%,22.1,48.7,167,9,43
Y61,RAJ,MID AND SOUTH ESSEX NHS FOUNDATION TRUST,X05,Other - Surgical Services,"7,514","4,133",55.00%,15.3,46.4,377,10,128
Y61,RAJ,MID AND SOUTH ESSEX NHS FOUNDATION TRUST,X06,Other - Other Services,"3,200","2,095",65.50%,10.1,44.2,96,3,26
Y61,RC9,BEDFORDSHIRE HOSPITALS NHS FOUNDATION TRUST,C_100,General Surgery Service,"4,525","2,253",49.80%,18.1,47.9,230,1,34
Y61,RC9,BEDFORDSHIRE HOSPITALS NHS FOUNDATION TRUST,C_101,Urology Service,"6,221","2,929",47.10%,19.7,55.9,692,11,234
Y61,RC9,BEDFORDSHIRE HOSPITALS NHS FOUNDATION TRUST,C_110,Trauma and Orthopaedic Service,"5,632","2,517",44.70%,20.5,52.8,486,27,154
Y61,RC9,BEDFORDSHIRE HOSPITALS NHS FOUNDATION TRUST,C_120,Ear Nose and Throat Service,"8,791","3,886",44.20%,20.8,45.6,226,1,31
Y61,RC9,BEDFORDSHIRE HOSPITALS NHS FOUNDATION TRUST,C_130,Ophthalmology Service,"10,244","5,129",50.10%,18,42.9,270,-,36
Y61,RC9,BEDFORDSHIRE HOSPITALS NHS FOUNDATION TRUST,C_140,Oral Surgery Service,"6,243","2,717",43.50%,21.6,50.9,427,2,99
Y61,RC9,BEDFORDSHIRE HOSPITALS NHS FOUNDATION TRUST,C_150,Neurosurgical Service,-,-,-,-,-,-,-,-
Y61,RC9,BEDFORDSHIRE HOSPITALS NHS FOUNDATION TRUST,C_160,Plastic Surgery Service,"1,847",822,44.50%,20.8,54.5,191,-,54
Y61,RC9,BEDFORDSHIRE HOSPITALS NHS FOUNDATION TRUST,C_170,Cardiothoracic Surgery Service,-,-,-,-,-,-,-,-
Y61,RC9,BEDFORDSHIRE HOSPITALS NHS FOUNDATION TRUST,C_300,General Internal Medicine Service,"1,887","1,572",83.30%,9.2,23.7,1,-,-
Y61,RC9,BEDFORDSHIRE HOSPITALS NHS FOUNDATION TRUST,C_301,Gastroenterology Service,"3,748","2,007",53.50%,16.6,46.7,144,1,34
Y61,RC9,BEDFORDSHIRE HOSPITALS NHS FOUNDATION TRUST,C_320,Cardiology Service,"6,724","3,433",51.10%,17.6,47.9,324,-,22
Y61,RC9,BEDFORDSHIRE HOSPITALS NHS FOUNDATION TRUST,C_330,Dermatology Service,"4,738","2,381",50.30%,17.9,41.9,147,-,26
Y61,RC9,BEDFORDSHIRE HOSPITALS NHS FOUNDATION TRUST,C_340,Respiratory Medicine Service,"3,430","2,350",68.50%,11.3,40.2,61,-,3
Y61,RC9,BEDFORDSHIRE HOSPITALS NHS FOUNDATION TRUST,C_400,Neurology Service,"3,459","1,669",48.30%,18.7,42.9,34,-,7
Y61,RC9,BEDFORDSHIRE HOSPITALS NHS FOUNDATION TRUST,C_410,Rheumatology Service,993,795,80.10%,9,25.3,4,-,-
Y61,RC9,BEDFORDSHIRE HOSPITALS NHS FOUNDATION TRUST,C_430,Elderly Medicine Service,392,316,80.60%,10.2,31.1,1,-,-
Y61,RC9,BEDFORDSHIRE HOSPITALS NHS FOUNDATION TRUST,C_502,Gynaecology Service,"8,997","4,307",47.90%,19.1,48.5,534,12,183
Y61,RC9,BEDFORDSHIRE HOSPITALS NHS FOUNDATION TRUST,X02,Other - Medical Services,"3,131","2,068",66.00%,12.5,38.8,42,-,5
Y61,RC9,BEDFORDSHIRE HOSPITALS NHS FOUNDATION TRUST,X03,Other - Mental Health Services,-,-,-,-,-,-,-,-
Y61,RC9,BEDFORDSHIRE HOSPITALS NHS FOUNDATION TRUST,X04,Other - Paediatric Services,"5,344","3,230",60.40%,14.4,42.1,164,9,52
Y61,RC9,BEDFORDSHIRE HOSPITALS NHS FOUNDATION TRUST,X05,Other - Surgical Services,"7,576","3,748",49.50%,18.2,48.4,416,5,71
Y61,RC9,BEDFORDSHIRE HOSPITALS NHS FOUNDATION TRUST,X06,Other - Other Services,"1,757","1,166",66.40%,12.7,35.3,15,-,2
Y61,RCX,"THE QUEEN ELIZABETH HOSPITAL, KING'S LYNN, NHS FOUNDATION TRUST",C_100,General Surgery Service,"1,488",761,51.10%,17.5,40.7,45,1,6
Y61,RCX,"THE QUEEN ELIZABETH HOSPITAL, KING'S LYNN, NHS FOUNDATION TRUST",C_101,Urology Service,"1,432",914,63.80%,13.6,38.4,39,-,5
Y61,RCX,"THE QUEEN ELIZABETH HOSPITAL, KING'S LYNN, NHS FOUNDATION TRUST",C_110,Trauma and Orthopaedic Service,"2,442","1,427",58.40%,14.2,46.5,134,-,27
Y61,RCX,"THE QUEEN ELIZABETH HOSPITAL, KING'S LYNN, NHS FOUNDATION TRUST",C_120,Ear Nose and Throat Service,"1,813","1,238",68.30%,10.3,41.5,65,1,14
Y61,RCX,"THE QUEEN ELIZABETH HOSPITAL, KING'S LYNN, NHS FOUNDATION TRUST",C_130,Ophthalmology Service,"2,217","1,536",69.30%,12.1,33.4,23,-,2
Y61,RCX,"THE QUEEN ELIZABETH HOSPITAL, KING'S LYNN, NHS FOUNDATION TRUST",C_140,Oral Surgery Service,438,268,61.20%,12.9,40.5,6,-,-
Y61,RCX,"THE QUEEN ELIZABETH HOSPITAL, KING'S LYNN, NHS FOUNDATION TRUST",C_150,Neurosurgical Service,-,-,-,-,-,-,-,-
Y61,RCX,"THE QUEEN ELIZABETH HOSPITAL, KING'S LYNN, NHS FOUNDATION TRUST",C_160,Plastic Surgery Service,102,68,66.70%,13.3,28.4,-,-,-
Y61,RCX,"THE QUEEN ELIZABETH HOSPITAL, KING'S LYNN, NHS FOUNDATION TRUST",C_170,Cardiothoracic Surgery Service,4,4,100.00%,-,-,-,-,-
Y61,RCX,"THE QUEEN ELIZABETH HOSPITAL, KING'S LYNN, NHS FOUNDATION TRUST",C_300,General Internal Medicine Service,115,99,86.10%,1,26.8,-,-,-
Y61,RCX,"THE QUEEN ELIZABETH HOSPITAL, KING'S LYNN, NHS FOUNDATION TRUST",C_301,Gastroenterology Service,"1,379",839,60.80%,14.9,28.4,1,-,-
Y61,RCX,"THE QUEEN ELIZABETH HOSPITAL, KING'S LYNN, NHS FOUNDATION TRUST",C_320,Cardiology Service,"1,828","1,233",67.50%,12.8,33.8,6,-,-
Y61,RCX,"THE QUEEN ELIZABETH HOSPITAL, KING'S LYNN, NHS FOUNDATION TRUST",C_330,Dermatology Service,"2,478","1,317",53.10%,17,34.5,4,-,1
Y61,RCX,"THE QUEEN ELIZABETH HOSPITAL, KING'S LYNN, NHS FOUNDATION TRUST",C_340,Respiratory Medicine Service,970,431,44.40%,21.1,43.2,2,-,-
Y61,RCX,"THE QUEEN ELIZABETH HOSPITAL, KING'S LYNN, NHS FOUNDATION TRUST",C_400,Neurology Service,"1,211",640,52.80%,17,37.2,1,-,-
Y61,RCX,"THE QUEEN ELIZABETH HOSPITAL, KING'S LYNN, NHS FOUNDATION TRUST",C_410,Rheumatology Service,672,436,64.90%,14,29.8,-,-,-
Y61,RCX,"THE QUEEN ELIZABETH HOSPITAL, KING'S LYNN, NHS FOUNDATION TRUST",C_430,Elderly Medicine Service,117,58,49.60%,18.1,32.9,1,-,-
Y61,RCX,"THE QUEEN ELIZABETH HOSPITAL, KING'S LYNN, NHS FOUNDATION TRUST",C_502,Gynaecology Service,"2,152","1,027",47.70%,18.8,47.5,123,-,29
Y61,RCX,"THE QUEEN ELIZABETH HOSPITAL, KING'S LYNN, NHS FOUNDATION TRUST",X02,Other - Medical Services,"1,720",957,55.60%,15.4,41.1,18,-,2
Y61,RCX,"THE QUEEN ELIZABETH HOSPITAL, KING'S LYNN, NHS FOUNDATION TRUST",X03,Other - Mental Health Services,-,-,-,-,-,-,-,-
Y61,RCX,"THE QUEEN ELIZABETH HOSPITAL, KING'S LYNN, NHS FOUNDATION TRUST",X04,Other - Paediatric Services,539,447,82.90%,7.2,26.3,2,-,-
Y61,RCX,"THE QUEEN ELIZABETH HOSPITAL, KING'S LYNN, NHS FOUNDATION TRUST",X05,Other - Surgical Services,"2,080","1,472",70.80%,11.4,29.9,22,-,5
Y61,RCX,"THE QUEEN ELIZABETH HOSPITAL, KING'S LYNN, NHS FOUNDATION TRUST",X06,Other - Other Services,75,66,88.00%,2.7,20,-,-,-
Y61,RD8,MILTON KEYNES UNIVERSITY HOSPITAL NHS FOUNDATION TRUST,C_100,General Surgery Service,"2,022",763,37.70%,25.2,67.7,438,8,199
Y61,RD8,MILTON KEYNES UNIVERSITY HOSPITAL NHS FOUNDATION TRUST,C_101,Urology Service,"2,600",665,25.60%,32.4,67,597,35,247
Y61,RD8,MILTON KEYNES UNIVERSITY HOSPITAL NHS FOUNDATION TRUST,C_110,Trauma and Orthopaedic Service,"3,175","1,053",33.20%,26.3,57.9,365,6,106
Y61,RD8,MILTON KEYNES UNIVERSITY HOSPITAL NHS FOUNDATION TRUST,C_120,Ear Nose and Throat Service,"2,936","1,271",43.30%,20.9,54.6,289,12,92
Y61,RD8,MILTON KEYNES UNIVERSITY HOSPITAL NHS FOUNDATION TRUST,C_130,Ophthalmology Service,"2,972","1,008",33.90%,27.3,58.8,397,9,99
Y61,RD8,MILTON KEYNES UNIVERSITY HOSPITAL NHS FOUNDATION TRUST,C_140,Oral Surgery Service,"2,185",744,34.10%,27.6,63.4,353,20,159
Y61,RD8,MILTON KEYNES UNIVERSITY HOSPITAL NHS FOUNDATION TRUST,C_150,Neurosurgical Service,-,-,-,-,-,-,-,-
Y61,RD8,MILTON KEYNES UNIVERSITY HOSPITAL NHS FOUNDATION TRUST,C_160,Plastic Surgery Service,-,-,-,-,-,-,-,-
Y61,RD8,MILTON KEYNES UNIVERSITY HOSPITAL NHS FOUNDATION TRUST,C_170,Cardiothoracic Surgery Service,-,-,-,-,-,-,-,-
Y61,RD8,MILTON KEYNES UNIVERSITY HOSPITAL NHS FOUNDATION TRUST,C_300,General Internal Medicine Service,173,131,75.70%,8.3,32.7,1,-,-
Y61,RD8,MILTON KEYNES UNIVERSITY HOSPITAL NHS FOUNDATION TRUST,C_301,Gastroenterology Service,"1,110",218,19.60%,33.2,50,37,-,-
Y61,RD8,MILTON KEYNES UNIVERSITY HOSPITAL NHS FOUNDATION TRUST,C_320,Cardiology Service,"1,334",342,25.60%,30.5,49.7,53,-,-
Y61,RD8,MILTON KEYNES UNIVERSITY HOSPITAL NHS FOUNDATION TRUST,C_330,Dermatology Service,677,652,96.30%,4.2,13.5,-,-,-
Y61,RD8,MILTON KEYNES UNIVERSITY HOSPITAL NHS FOUNDATION TRUST,C_340,Respiratory Medicine Service,"1,433",579,40.40%,23.6,48.4,38,-,-
Y61,RD8,MILTON KEYNES UNIVERSITY HOSPITAL NHS FOUNDATION TRUST,C_400,Neurology Service,"1,085",134,12.40%,36.4,62.5,245,-,43
Y61,RD8,MILTON KEYNES UNIVERSITY HOSPITAL NHS FOUNDATION TRUST,C_410,Rheumatology Service,"1,029",499,48.50%,18.4,36.5,12,-,1
Y61,RD8,MILTON KEYNES UNIVERSITY HOSPITAL NHS FOUNDATION TRUST,C_430,Elderly Medicine Service,18,15,83.30%,-,-,-,-,-
Y61,RD8,MILTON KEYNES UNIVERSITY HOSPITAL NHS FOUNDATION TRUST,C_502,Gynaecology Service,"3,097",635,20.50%,31.6,59.4,418,3,151
Y61,RD8,MILTON KEYNES UNIVERSITY HOSPITAL NHS FOUNDATION TRUST,X02,Other - Medical Services,"4,620","1,770",38.30%,25.5,52.6,394,3,67
Y61,RD8,MILTON KEYNES UNIVERSITY HOSPITAL NHS FOUNDATION TRUST,X03,Other - Mental Health Services,-,-,-,-,-,-,-,-
Y61,RD8,MILTON KEYNES UNIVERSITY HOSPITAL NHS FOUNDATION TRUST,X04,Other - Paediatric Services,"1,519",626,41.20%,23.8,60.4,235,5,78
Y61,RD8,MILTON KEYNES UNIVERSITY HOSPITAL NHS FOUNDATION TRUST,X05,Other - Surgical Services,"1,990",894,44.90%,21.1,60.5,279,8,120
Y61,RD8,MILTON KEYNES UNIVERSITY HOSPITAL NHS FOUNDATION TRUST,X06,Other - Other Services,"1,070",109,10.20%,33.1,47.6,56,-,5
Y61,RDE,EAST SUFFOLK AND NORTH ESSEX NHS FOUNDATION TRUST,C_100,General Surgery Service,"11,676","6,325",54.20%,16,46.9,565,4,145
Y61,RDE,EAST SUFFOLK AND NORTH ESSEX NHS FOUNDATION TRUST,C_101,Urology Service,"5,965","3,293",55.20%,15.4,45.9,262,1,71
Y61,RDE,EAST SUFFOLK AND NORTH ESSEX NHS FOUNDATION TRUST,C_110,Trauma and Orthopaedic Service,"11,119","4,606",41.40%,23.4,57.4,"1,304",4,413
Y61,RDE,EAST SUFFOLK AND NORTH ESSEX NHS FOUNDATION TRUST,C_120,Ear Nose and Throat Service,"7,616","4,729",62.10%,14,42.6,177,-,5
Y61,RDE,EAST SUFFOLK AND NORTH ESSEX NHS FOUNDATION TRUST,C_130,Ophthalmology Service,"9,867","6,439",65.30%,12.4,36.4,180,21,43
Y61,RDE,EAST SUFFOLK AND NORTH ESSEX NHS FOUNDATION TRUST,C_140,Oral Surgery Service,"2,710","1,619",59.70%,14.6,37.4,29,1,2
Y61,RDE,EAST SUFFOLK AND NORTH ESSEX NHS FOUNDATION TRUST,C_150,Neurosurgical Service,-,-,-,-,-,-,-,-
Y61,RDE,EAST SUFFOLK AND NORTH ESSEX NHS FOUNDATION TRUST,C_160,Plastic Surgery Service,323,226,70.00%,10.9,34.8,2,-,2
Y61,RDE,EAST SUFFOLK AND NORTH ESSEX NHS FOUNDATION TRUST,C_170,Cardiothoracic Surgery Service,2,-,-,-,-,-,-,-
Y61,RDE,EAST SUFFOLK AND NORTH ESSEX NHS FOUNDATION TRUST,C_300,General Internal Medicine Service,478,257,53.80%,16.6,37.6,4,-,-
Y61,RDE,EAST SUFFOLK AND NORTH ESSEX NHS FOUNDATION TRUST,C_301,Gastroenterology Service,"4,971","2,583",52.00%,17.1,49.4,310,6,43
Y61,RDE,EAST SUFFOLK AND NORTH ESSEX NHS FOUNDATION TRUST,C_320,Cardiology Service,"2,935","1,806",61.50%,12.8,39.9,14,-,1
Y61,RDE,EAST SUFFOLK AND NORTH ESSEX NHS FOUNDATION TRUST,C_330,Dermatology Service,"6,977","4,589",65.80%,13.2,33.8,43,-,4
Y61,RDE,EAST SUFFOLK AND NORTH ESSEX NHS FOUNDATION TRUST,C_340,Respiratory Medicine Service,"1,780","1,196",67.20%,11.2,34.9,3,-,-
Y61,RDE,EAST SUFFOLK AND NORTH ESSEX NHS FOUNDATION TRUST,C_400,Neurology Service,"3,078","1,806",58.70%,14.9,38.5,4,-,-
Y61,RDE,EAST SUFFOLK AND NORTH ESSEX NHS FOUNDATION TRUST,C_410,Rheumatology Service,913,828,90.70%,7,18.7,-,-,-
Y61,RDE,EAST SUFFOLK AND NORTH ESSEX NHS FOUNDATION TRUST,C_430,Elderly Medicine Service,178,174,97.80%,3.7,14.6,-,-,-
Y61,RDE,EAST SUFFOLK AND NORTH ESSEX NHS FOUNDATION TRUST,C_502,Gynaecology Service,"7,645","4,159",54.40%,16.3,44.4,268,-,59
Y61,RDE,EAST SUFFOLK AND NORTH ESSEX NHS FOUNDATION TRUST,X02,Other - Medical Services,"5,356","3,503",65.40%,10.9,46.4,259,4,72
Y61,RDE,EAST SUFFOLK AND NORTH ESSEX NHS FOUNDATION TRUST,X03,Other - Mental Health Services,2,2,100.00%,-,-,-,-,-
Y61,RDE,EAST SUFFOLK AND NORTH ESSEX NHS FOUNDATION TRUST,X04,Other - Paediatric Services,"3,535","1,285",36.40%,28.2,52.7,329,-,1
Y61,RDE,EAST SUFFOLK AND NORTH ESSEX NHS FOUNDATION TRUST,X05,Other - Surgical Services,106,104,98.10%,1.6,8.3,-,-,-
Y61,RDE,EAST SUFFOLK AND NORTH ESSEX NHS FOUNDATION TRUST,X06,Other - Other Services,221,188,85.10%,5.6,32.3,5,-,2
Y61,RGM,ROYAL PAPWORTH HOSPITAL NHS FOUNDATION TRUST,C_100,General Surgery Service,-,-,-,-,-,-,-,-
Y61,RGM,ROYAL PAPWORTH HOSPITAL NHS FOUNDATION TRUST,C_101,Urology Service,-,-,-,-,-,-,-,-
Y61,RGM,ROYAL PAPWORTH HOSPITAL NHS FOUNDATION TRUST,C_110,Trauma and Orthopaedic Service,-,-,-,-,-,-,-,-
Y61,RGM,ROYAL PAPWORTH HOSPITAL NHS FOUNDATION TRUST,C_120,Ear Nose and Throat Service,-,-,-,-,-,-,-,-
Y61,RGM,ROYAL PAPWORTH HOSPITAL NHS FOUNDATION TRUST,C_130,Ophthalmology Service,-,-,-,-,-,-,-,-
Y61,RGM,ROYAL PAPWORTH HOSPITAL NHS FOUNDATION TRUST,C_140,Oral Surgery Service,-,-,-,-,-,-,-,-
Y61,RGM,ROYAL PAPWORTH HOSPITAL NHS FOUNDATION TRUST,C_150,Neurosurgical Service,-,-,-,-,-,-,-,-
Y61,RGM,ROYAL PAPWORTH HOSPITAL NHS FOUNDATION TRUST,C_160,Plastic Surgery Service,-,-,-,-,-,-,-,-
Y61,RGM,ROYAL PAPWORTH HOSPITAL NHS FOUNDATION TRUST,C_170,Cardiothoracic Surgery Service,743,436,58.70%,14.9,41.1,7,-,1
Y61,RGM,ROYAL PAPWORTH HOSPITAL NHS FOUNDATION TRUST,C_300,General Internal Medicine Service,-,-,-,-,-,-,-,-
Y61,RGM,ROYAL PAPWORTH HOSPITAL NHS FOUNDATION TRUST,C_301,Gastroenterology Service,-,-,-,-,-,-,-,-
Y61,RGM,ROYAL PAPWORTH HOSPITAL NHS FOUNDATION TRUST,C_320,Cardiology Service,"2,048","1,427",69.70%,12.2,32.1,6,1,1
Y61,RGM,ROYAL PAPWORTH HOSPITAL NHS FOUNDATION TRUST,C_330,Dermatology Service,-,-,-,-,-,-,-,-
Y61,RGM,ROYAL PAPWORTH HOSPITAL NHS FOUNDATION TRUST,C_340,Respiratory Medicine Service,"3,852","2,663",69.10%,11.7,31.8,13,4,9
Y61,RGM,ROYAL PAPWORTH HOSPITAL NHS FOUNDATION TRUST,C_400,Neurology Service,-,-,-,-,-,-,-,-
Y61,RGM,ROYAL PAPWORTH HOSPITAL NHS FOUNDATION TRUST,C_410,Rheumatology Service,-,-,-,-,-,-,-,-
Y61,RGM,ROYAL PAPWORTH HOSPITAL NHS FOUNDATION TRUST,C_430,Elderly Medicine Service,-,-,-,-,-,-,-,-
Y61,RGM,ROYAL PAPWORTH HOSPITAL NHS FOUNDATION TRUST,C_502,Gynaecology Service,-,-,-,-,-,-,-,-
Y61,RGM,ROYAL PAPWORTH HOSPITAL NHS FOUNDATION TRUST,X02,Other - Medical Services,-,-,-,-,-,-,-,-
Y61,RGM,ROYAL PAPWORTH HOSPITAL NHS FOUNDATION TRUST,X03,Other - Mental Health Services,-,-,-,-,-,-,-,-
Y61,RGM,ROYAL PAPWORTH HOSPITAL NHS FOUNDATION TRUST,X04,Other - Paediatric Services,-,-,-,-,-,-,-,-
Y61,RGM,ROYAL PAPWORTH HOSPITAL NHS FOUNDATION TRUST,X05,Other - Surgical Services,-,-,-,-,-,-,-,-
Y61,RGM,ROYAL PAPWORTH HOSPITAL NHS FOUNDATION TRUST,X06,Other - Other Services,-,-,-,-,-,-,-,-
Y61,RGN,NORTH WEST ANGLIA NHS FOUNDATION TRUST,C_100,General Surgery Service,"6,678","3,573",53.50%,16.3,45.9,241,10,41
Y61,RGN,NORTH WEST ANGLIA NHS FOUNDATION TRUST,C_101,Urology Service,"7,736","3,477",44.90%,20.9,60,"1,067",27,337
Y61,RGN,NORTH WEST ANGLIA NHS FOUNDATION TRUST,C_110,Trauma and Orthopaedic Service,"6,302","2,935",46.60%,19.9,57.2,663,30,230
Y61,RGN,NORTH WEST ANGLIA NHS FOUNDATION TRUST,C_120,Ear Nose and Throat Service,"8,803","3,776",42.90%,22.3,52.5,753,36,150
Y61,RGN,NORTH WEST ANGLIA NHS FOUNDATION TRUST,C_130,Ophthalmology Service,"9,791","4,274",43.70%,22.5,62.9,"1,662",80,628
Y61,RGN,NORTH WEST ANGLIA NHS FOUNDATION TRUST,C_140,Oral Surgery Service,"2,764","1,103",39.90%,24.4,49.9,144,3,17
Y61,RGN,NORTH WEST ANGLIA NHS FOUNDATION TRUST,C_150,Neurosurgical Service,-,-,-,-,-,-,-,-
Y61,RGN,NORTH WEST ANGLIA NHS FOUNDATION TRUST,C_160,Plastic Surgery Service,"1,861","1,024",55.00%,15.9,40.6,72,21,42
Y61,RGN,NORTH WEST ANGLIA NHS FOUNDATION TRUST,C_170,Cardiothoracic Surgery Service,-,-,-,-,-,-,-,-
Y61,RGN,NORTH WEST ANGLIA NHS FOUNDATION TRUST,C_300,General Internal Medicine Service,36,25,69.40%,8,41.1,-,-,-
Y61,RGN,NORTH WEST ANGLIA NHS FOUNDATION TRUST,C_301,Gastroenterology Service,"4,492","1,868",41.60%,25.3,56.9,581,4,160
Y61,RGN,NORTH WEST ANGLIA NHS FOUNDATION TRUST,C_320,Cardiology Service,"6,935","3,739",53.90%,16.3,40.2,144,1,36
Y61,RGN,NORTH WEST ANGLIA NHS FOUNDATION TRUST,C_330,Dermatology Service,"5,606","2,096",37.40%,24.9,69,981,79,574
Y61,RGN,NORTH WEST ANGLIA NHS FOUNDATION TRUST,C_340,Respiratory Medicine Service,"1,849","1,262",68.30%,10.8,41.5,20,-,-
Y61,RGN,NORTH WEST ANGLIA NHS FOUNDATION TRUST,C_400,Neurology Service,"1,219",845,69.30%,11.8,27.7,3,-,-
Y61,RGN,NORTH WEST ANGLIA NHS FOUNDATION TRUST,C_410,Rheumatology Service,"1,522",764,50.20%,17.9,43.3,16,-,-
Y61,RGN,NORTH WEST ANGLIA NHS FOUNDATION TRUST,C_430,Elderly Medicine Service,812,436,53.70%,16,43.2,22,-,-
Y61,RGN,NORTH WEST ANGLIA NHS FOUNDATION TRUST,C_502,Gynaecology Service,"6,514","3,651",56.00%,15.4,45.9,312,4,34
Y61,RGN,NORTH WEST ANGLIA NHS FOUNDATION TRUST,X02,Other - Medical Services,"6,556","3,922",59.80%,14,41.1,194,15,90
Y61,RGN,NORTH WEST ANGLIA NHS FOUNDATION TRUST,X03,Other - Mental Health Services,2,1,50.00%,-,-,-,-,-
Y61,RGN,NORTH WEST ANGLIA NHS FOUNDATION TRUST,X04,Other - Paediatric Services,"1,145",568,49.60%,18.2,52.6,98,6,29
Y61,RGN,NORTH WEST ANGLIA NHS FOUNDATION TRUST,X05,Other - Surgical Services,570,534,93.70%,2.8,14.6,3,1,1
Y61,RGN,NORTH WEST ANGLIA NHS FOUNDATION TRUST,X06,Other - Other Services,400,208,52.00%,17,44.2,10,-,7
Y61,RGP,JAMES PAGET UNIVERSITY HOSPITALS NHS FOUNDATION TRUST,C_100,General Surgery Service,"3,979","1,586",39.90%,23.2,61.1,562,30,230
Y61,RGP,JAMES PAGET UNIVERSITY HOSPITALS NHS FOUNDATION TRUST,C_101,Urology Service,"2,576","1,070",41.50%,22.4,64,406,49,192
Y61,RGP,JAMES PAGET UNIVERSITY HOSPITALS NHS FOUNDATION TRUST,C_110,Trauma and Orthopaedic Service,"3,950","1,380",34.90%,26.2,67.2,702,89,387
Y61,RGP,JAMES PAGET UNIVERSITY HOSPITALS NHS FOUNDATION TRUST,C_120,Ear Nose and Throat Service,"3,163",523,16.50%,35.1,63.3,590,42,214
Y61,RGP,JAMES PAGET UNIVERSITY HOSPITALS NHS FOUNDATION TRUST,C_130,Ophthalmology Service,"2,519","1,733",68.80%,11.3,34.1,12,-,4
Y61,RGP,JAMES PAGET UNIVERSITY HOSPITALS NHS FOUNDATION TRUST,C_140,Oral Surgery Service,"1,040",437,42.00%,20.9,47.8,49,1,3
Y61,RGP,JAMES PAGET UNIVERSITY HOSPITALS NHS FOUNDATION TRUST,C_150,Neurosurgical Service,-,-,-,-,-,-,-,-
Y61,RGP,JAMES PAGET UNIVERSITY HOSPITALS NHS FOUNDATION TRUST,C_160,Plastic Surgery Service,288,63,21.90%,30.3,57,35,1,7
Y61,RGP,JAMES PAGET UNIVERSITY HOSPITALS NHS FOUNDATION TRUST,C_170,Cardiothoracic Surgery Service,-,-,-,-,-,-,-,-
Y61,RGP,JAMES PAGET UNIVERSITY HOSPITALS NHS FOUNDATION TRUST,C_300,General Internal Medicine Service,19,14,73.70%,-,-,-,-,-
Y61,RGP,JAMES PAGET UNIVERSITY HOSPITALS NHS FOUNDATION TRUST,C_301,Gastroenterology Service,"1,626",600,36.90%,25.4,60.4,276,1,44
Y61,RGP,JAMES PAGET UNIVERSITY HOSPITALS NHS FOUNDATION TRUST,C_320,Cardiology Service,"1,604",758,47.30%,19.2,46.1,36,-,2
Y61,RGP,JAMES PAGET UNIVERSITY HOSPITALS NHS FOUNDATION TRUST,C_330,Dermatology Service,"1,505",890,59.10%,13.1,44.5,38,-,1
Y61,RGP,JAMES PAGET UNIVERSITY HOSPITALS NHS FOUNDATION TRUST,C_340,Respiratory Medicine Service,928,616,66.40%,13.4,26.4,2,-,-
Y61,RGP,JAMES PAGET UNIVERSITY HOSPITALS NHS FOUNDATION TRUST,C_400,Neurology Service,"1,337",523,39.10%,22.5,43.6,14,1,2
Y61,RGP,JAMES PAGET UNIVERSITY HOSPITALS NHS FOUNDATION TRUST,C_410,Rheumatology Service,575,347,60.30%,14.6,29.7,-,-,-
Y61,RGP,JAMES PAGET UNIVERSITY HOSPITALS NHS FOUNDATION TRUST,C_430,Elderly Medicine Service,42,42,100.00%,4.6,12.9,-,-,-
Y61,RGP,JAMES PAGET UNIVERSITY HOSPITALS NHS FOUNDATION TRUST,C_502,Gynaecology Service,"2,662",805,30.20%,28.9,64.4,403,66,201
Y61,RGP,JAMES PAGET UNIVERSITY HOSPITALS NHS FOUNDATION TRUST,X02,Other - Medical Services,781,530,67.90%,13.2,36.5,25,-,6
Y61,RGP,JAMES PAGET UNIVERSITY HOSPITALS NHS FOUNDATION TRUST,X03,Other - Mental Health Services,-,-,-,-,-,-,-,-
Y61,RGP,JAMES PAGET UNIVERSITY HOSPITALS NHS FOUNDATION TRUST,X04,Other - Paediatric Services,"3,679","1,158",31.50%,31.7,60.5,640,27,142
Y61,RGP,JAMES PAGET UNIVERSITY HOSPITALS NHS FOUNDATION TRUST,X05,Other - Surgical Services,"1,282",815,63.60%,12.5,43.3,60,4,21
Y61,RGP,JAMES PAGET UNIVERSITY HOSPITALS NHS FOUNDATION TRUST,X06,Other - Other Services,-,-,-,-,-,-,-,-
Y61,RGR,WEST SUFFOLK NHS FOUNDATION TRUST,C_100,General Surgery Service,"2,965","1,408",47.50%,19.3,50.3,206,5,61
Y61,RGR,WEST SUFFOLK NHS FOUNDATION TRUST,C_101,Urology Service,"2,059","1,235",60.00%,14.1,49.5,142,2,36
Y61,RGR,WEST SUFFOLK NHS FOUNDATION TRUST,C_110,Trauma and Orthopaedic Service,"5,021","2,026",40.40%,23,54.6,478,8,169
Y61,RGR,WEST SUFFOLK NHS FOUNDATION TRUST,C_120,Ear Nose and Throat Service,"3,289","1,652",50.20%,17.9,48.9,215,1,62
Y61,RGR,WEST SUFFOLK NHS FOUNDATION TRUST,C_130,Ophthalmology Service,"2,151","1,230",57.20%,15.4,40.8,6,-,1
Y61,RGR,WEST SUFFOLK NHS FOUNDATION TRUST,C_140,Oral Surgery Service,-,-,-,-,-,-,-,-
Y61,RGR,WEST SUFFOLK NHS FOUNDATION TRUST,C_150,Neurosurgical Service,-,-,-,-,-,-,-,-
Y61,RGR,WEST SUFFOLK NHS FOUNDATION TRUST,C_160,Plastic Surgery Service,980,360,36.70%,26.3,61.9,160,-,54
Y61,RGR,WEST SUFFOLK NHS FOUNDATION TRUST,C_170,Cardiothoracic Surgery Service,-,-,-,-,-,-,-,-
Y61,RGR,WEST SUFFOLK NHS FOUNDATION TRUST,C_300,General Internal Medicine Service,685,454,66.30%,11.6,35.6,14,-,4
Y61,RGR,WEST SUFFOLK NHS FOUNDATION TRUST,C_301,Gastroenterology Service,956,539,56.40%,15.5,42.9,28,-,5
Y61,RGR,WEST SUFFOLK NHS FOUNDATION TRUST,C_320,Cardiology Service,593,502,84.70%,8.8,24.5,1,-,-
Y61,RGR,WEST SUFFOLK NHS FOUNDATION TRUST,C_330,Dermatology Service,"3,976","2,107",53.00%,16.9,48.7,269,6,116
Y61,RGR,WEST SUFFOLK NHS FOUNDATION TRUST,C_340,Respiratory Medicine Service,"1,267",749,59.10%,15.1,39.2,21,-,-
Y61,RGR,WEST SUFFOLK NHS FOUNDATION TRUST,C_400,Neurology Service,975,680,69.70%,11.7,32.3,17,1,5
Y61,RGR,WEST SUFFOLK NHS FOUNDATION TRUST,C_410,Rheumatology Service,290,259,89.30%,5.1,23.8,-,-,-
Y61,RGR,WEST SUFFOLK NHS FOUNDATION TRUST,C_430,Elderly Medicine Service,18,16,88.90%,-,-,-,-,-
Y61,RGR,WEST SUFFOLK NHS FOUNDATION TRUST,C_502,Gynaecology Service,"2,172","1,275",58.70%,14.6,51.4,169,29,98
Y61,RGR,WEST SUFFOLK NHS FOUNDATION TRUST,X02,Other - Medical Services,"2,144","1,266",59.00%,14.6,44.3,89,4,13
Y61,RGR,WEST SUFFOLK NHS FOUNDATION TRUST,X03,Other - Mental Health Services,19,14,73.70%,-,-,1,-,1
Y61,RGR,WEST SUFFOLK NHS FOUNDATION TRUST,X04,Other - Paediatric Services,"1,949",968,49.70%,18.2,43.7,38,-,8
Y61,RGR,WEST SUFFOLK NHS FOUNDATION TRUST,X05,Other - Surgical Services,"3,516","2,282",64.90%,12.3,38.8,74,2,23
Y61,RGR,WEST SUFFOLK NHS FOUNDATION TRUST,X06,Other - Other Services,315,130,41.30%,23.6,53.4,26,1,9
Y61,RGT,CAMBRIDGE UNIVERSITY HOSPITALS NHS FOUNDATION TRUST,C_100,General Surgery Service,"1,445",680,47.10%,19.9,58.5,186,14,48
Y61,RGT,CAMBRIDGE UNIVERSITY HOSPITALS NHS FOUNDATION TRUST,C_101,Urology Service,"3,132","1,671",53.40%,16,46.7,136,7,38
Y61,RGT,CAMBRIDGE UNIVERSITY HOSPITALS NHS FOUNDATION TRUST,C_110,Trauma and Orthopaedic Service,"4,750","2,060",43.40%,21.3,51.4,362,15,94
Y61,RGT,CAMBRIDGE UNIVERSITY HOSPITALS NHS FOUNDATION TRUST,C_120,Ear Nose and Throat Service,"4,870","2,177",44.70%,20.7,51.4,372,4,103
Y61,RGT,CAMBRIDGE UNIVERSITY HOSPITALS NHS FOUNDATION TRUST,C_130,Ophthalmology Service,"5,996","3,502",58.40%,14.8,39.8,131,10,44
Y61,RGT,CAMBRIDGE UNIVERSITY HOSPITALS NHS FOUNDATION TRUST,C_140,Oral Surgery Service,"3,252","1,421",43.70%,21.4,52,259,21,92
Y61,RGT,CAMBRIDGE UNIVERSITY HOSPITALS NHS FOUNDATION TRUST,C_150,Neurosurgical Service,"1,531","1,011",66.00%,11.4,44.9,77,10,33
Y61,RGT,CAMBRIDGE UNIVERSITY HOSPITALS NHS FOUNDATION TRUST,C_160,Plastic Surgery Service,"2,306","1,271",55.10%,15.6,48.9,150,5,25
Y61,RGT,CAMBRIDGE UNIVERSITY HOSPITALS NHS FOUNDATION TRUST,C_170,Cardiothoracic Surgery Service,-,-,-,-,-,-,-,-
Y61,RGT,CAMBRIDGE UNIVERSITY HOSPITALS NHS FOUNDATION TRUST,C_300,General Internal Medicine Service,490,229,46.70%,20.3,44.2,-,-,-
Y61,RGT,CAMBRIDGE UNIVERSITY HOSPITALS NHS FOUNDATION TRUST,C_301,Gastroenterology Service,"2,013","1,568",77.90%,8.4,30.5,10,-,1
Y61,RGT,CAMBRIDGE UNIVERSITY HOSPITALS NHS FOUNDATION TRUST,C_320,Cardiology Service,"2,663","1,149",43.10%,21.9,52.4,222,5,68
Y61,RGT,CAMBRIDGE UNIVERSITY HOSPITALS NHS FOUNDATION TRUST,C_330,Dermatology Service,"3,889","1,895",48.70%,18.7,50.6,278,8,64
Y61,RGT,CAMBRIDGE UNIVERSITY HOSPITALS NHS FOUNDATION TRUST,C_340,Respiratory Medicine Service,"1,014",783,77.20%,9.1,26.8,-,-,-
Y61,RGT,CAMBRIDGE UNIVERSITY HOSPITALS NHS FOUNDATION TRUST,C_400,Neurology Service,"1,321","1,132",85.70%,8.7,23.1,1,-,-
Y61,RGT,CAMBRIDGE UNIVERSITY HOSPITALS NHS FOUNDATION TRUST,C_410,Rheumatology Service,"1,701","1,321",77.70%,10.1,29.7,6,-,-
Y61,RGT,CAMBRIDGE UNIVERSITY HOSPITALS NHS FOUNDATION TRUST,C_430,Elderly Medicine Service,68,53,77.90%,10.3,24.3,-,-,-
Y61,RGT,CAMBRIDGE UNIVERSITY HOSPITALS NHS FOUNDATION TRUST,C_502,Gynaecology Service,"4,151","1,874",45.10%,20.2,51.1,308,6,80
Y61,RGT,CAMBRIDGE UNIVERSITY HOSPITALS NHS FOUNDATION TRUST,X02,Other - Medical Services,"7,141","5,794",81.10%,8.5,29.1,14,1,1
Y61,RGT,CAMBRIDGE UNIVERSITY HOSPITALS NHS FOUNDATION TRUST,X03,Other - Mental Health Services,14,8,57.10%,-,-,-,-,-
Y61,RGT,CAMBRIDGE UNIVERSITY HOSPITALS NHS FOUNDATION TRUST,X04,Other - Paediatric Services,"5,002","2,830",56.60%,14.9,47.1,272,4,54
Y61,RGT,CAMBRIDGE UNIVERSITY HOSPITALS NHS FOUNDATION TRUST,X05,Other - Surgical Services,"3,857","2,632",68.20%,9.9,45.5,187,19,64
Y61,RGT,CAMBRIDGE UNIVERSITY HOSPITALS NHS FOUNDATION TRUST,X06,Other - Other Services,925,647,69.90%,8.9,43.8,29,1,6
Y61,RM1,NORFOLK AND NORWICH UNIVERSITY HOSPITALS NHS FOUNDATION TRUST,C_100,General Surgery Service,"7,222","3,661",50.70%,17.6,52.6,599,52,240
Y61,RM1,NORFOLK AND NORWICH UNIVERSITY HOSPITALS NHS FOUNDATION TRUST,C_101,Urology Service,"4,104","2,524",61.50%,12.3,50.4,299,9,110
Y61,RM1,NORFOLK AND NORWICH UNIVERSITY HOSPITALS NHS FOUNDATION TRUST,C_110,Trauma and Orthopaedic Service,"12,499","4,425",35.40%,27.2,64.4,"2,094",264,953
Y61,RM1,NORFOLK AND NORWICH UNIVERSITY HOSPITALS NHS FOUNDATION TRUST,C_120,Ear Nose and Throat Service,"6,354","3,150",49.60%,18.2,49,406,42,180
Y61,RM1,NORFOLK AND NORWICH UNIVERSITY HOSPITALS NHS FOUNDATION TRUST,C_130,Ophthalmology Service,"6,025","3,305",54.90%,15.2,50.4,436,54,209
Y61,RM1,NORFOLK AND NORWICH UNIVERSITY HOSPITALS NHS FOUNDATION TRUST,C_140,Oral Surgery Service,"2,473","1,364",55.20%,15.9,41.1,73,-,7
Y61,RM1,NORFOLK AND NORWICH UNIVERSITY HOSPITALS NHS FOUNDATION TRUST,C_150,Neurosurgical Service,-,-,-,-,-,-,-,-
Y61,RM1,NORFOLK AND NORWICH UNIVERSITY HOSPITALS NHS FOUNDATION TRUST,C_160,Plastic Surgery Service,"2,345",862,36.80%,26.7,62.9,395,40,157
Y61,RM1,NORFOLK AND NORWICH UNIVERSITY HOSPITALS NHS FOUNDATION TRUST,C_170,Cardiothoracic Surgery Service,-,-,-,-,-,-,-,-
Y61,RM1,NORFOLK AND NORWICH UNIVERSITY HOSPITALS NHS FOUNDATION TRUST,C_300,General Internal Medicine Service,-,-,-,-,-,-,-,-
Y61,RM1,NORFOLK AND NORWICH UNIVERSITY HOSPITALS NHS FOUNDATION TRUST,C_301,Gastroenterology Service,"4,383","3,142",71.70%,10.7,33.2,51,-,9
Y61,RM1,NORFOLK AND NORWICH UNIVERSITY HOSPITALS NHS FOUNDATION TRUST,C_320,Cardiology Service,"4,100","2,410",58.80%,14.5,41.3,90,-,11
Y61,RM1,NORFOLK AND NORWICH UNIVERSITY HOSPITALS NHS FOUNDATION TRUST,C_330,Dermatology Service,"7,809","3,308",42.40%,22,56.8,820,101,382
Y61,RM1,NORFOLK AND NORWICH UNIVERSITY HOSPITALS NHS FOUNDATION TRUST,C_340,Respiratory Medicine Service,"2,227","1,032",46.30%,19.9,46.9,59,1,5
Y61,RM1,NORFOLK AND NORWICH UNIVERSITY HOSPITALS NHS FOUNDATION TRUST,C_400,Neurology Service,"3,360","1,816",54.00%,16.5,37.3,25,2,3
Y61,RM1,NORFOLK AND NORWICH UNIVERSITY HOSPITALS NHS FOUNDATION TRUST,C_410,Rheumatology Service,"1,026",856,83.40%,8.5,24.2,4,1,1
Y61,RM1,NORFOLK AND NORWICH UNIVERSITY HOSPITALS NHS FOUNDATION TRUST,C_430,Elderly Medicine Service,47,44,93.60%,5.5,17.2,-,-,-
Y61,RM1,NORFOLK AND NORWICH UNIVERSITY HOSPITALS NHS FOUNDATION TRUST,C_502,Gynaecology Service,"6,547","2,920",44.60%,20.7,68.1,987,263,598
Y61,RM1,NORFOLK AND NORWICH UNIVERSITY HOSPITALS NHS FOUNDATION TRUST,X02,Other - Medical Services,"7,563","3,877",51.30%,17.4,45.5,191,2,38
Y61,RM1,NORFOLK AND NORWICH UNIVERSITY HOSPITALS NHS FOUNDATION TRUST,X03,Other - Mental Health Services,5,4,80.00%,-,-,-,-,-
Y61,RM1,NORFOLK AND NORWICH UNIVERSITY HOSPITALS NHS FOUNDATION TRUST,X04,Other - Paediatric Services,"5,742","2,749",47.90%,19,52.4,474,31,173
Y61,RM1,NORFOLK AND NORWICH UNIVERSITY HOSPITALS NHS FOUNDATION TRUST,X05,Other - Surgical Services,"1,159",742,64.00%,11.8,44.9,49,2,18
Y61,RM1,NORFOLK AND NORWICH UNIVERSITY HOSPITALS NHS FOUNDATION TRUST,X06,Other - Other Services,894,627,70.10%,9.2,40.4,24,1,7
Y61,RQW,THE PRINCESS ALEXANDRA HOSPITAL NHS TRUST,C_100,General Surgery Service,"3,528","1,840",52.20%,17.1,47.1,182,3,49
Y61,RQW,THE PRINCESS ALEXANDRA HOSPITAL NHS TRUST,C_101,Urology Service,"1,504",833,55.40%,16.5,41.9,55,-,12
Y61,RQW,THE PRINCESS ALEXANDRA HOSPITAL NHS TRUST,C_110,Trauma and Orthopaedic Service,"2,541",819,32.20%,29.3,70.1,564,59,306
Y61,RQW,THE PRINCESS ALEXANDRA HOSPITAL NHS TRUST,C_120,Ear Nose and Throat Service,"2,003",779,38.90%,24.5,64.6,419,12,156
Y61,RQW,THE PRINCESS ALEXANDRA HOSPITAL NHS TRUST,C_130,Ophthalmology Service,"2,199","1,330",60.50%,13.2,43.9,77,6,24
Y61,RQW,THE PRINCESS ALEXANDRA HOSPITAL NHS TRUST,C_140,Oral Surgery Service,"1,027",513,50.00%,18,58.4,119,5,36
Y61,RQW,THE PRINCESS ALEXANDRA HOSPITAL NHS TRUST,C_150,Neurosurgical Service,-,-,-,-,-,-,-,-
Y61,RQW,THE PRINCESS ALEXANDRA HOSPITAL NHS TRUST,C_160,Plastic Surgery Service,-,-,-,-,-,-,-,-
Y61,RQW,THE PRINCESS ALEXANDRA HOSPITAL NHS TRUST,C_170,Cardiothoracic Surgery Service,-,-,-,-,-,-,-,-
Y61,RQW,THE PRINCESS ALEXANDRA HOSPITAL NHS TRUST,C_300,General Internal Medicine Service,357,187,52.40%,17.3,51.9,28,1,2
Y61,RQW,THE PRINCESS ALEXANDRA HOSPITAL NHS TRUST,C_301,Gastroenterology Service,"1,876",916,48.80%,18.4,38.8,24,-,4
Y61,RQW,THE PRINCESS ALEXANDRA HOSPITAL NHS TRUST,C_320,Cardiology Service,"2,490","1,179",47.30%,19.3,52.3,203,3,35
Y61,RQW,THE PRINCESS ALEXANDRA HOSPITAL NHS TRUST,C_330,Dermatology Service,"2,488","1,493",60.00%,13.8,38.2,24,-,4
Y61,RQW,THE PRINCESS ALEXANDRA HOSPITAL NHS TRUST,C_340,Respiratory Medicine Service,589,421,71.50%,10.6,24.6,-,-,-
Y61,RQW,THE PRINCESS ALEXANDRA HOSPITAL NHS TRUST,C_400,Neurology Service,916,464,50.70%,17.8,43.7,11,-,3
Y61,RQW,THE PRINCESS ALEXANDRA HOSPITAL NHS TRUST,C_410,Rheumatology Service,558,177,31.70%,34.2,60.7,78,5,27
Y61,RQW,THE PRINCESS ALEXANDRA HOSPITAL NHS TRUST,C_430,Elderly Medicine Service,20,14,70.00%,10,66.2,2,-,2
Y61,RQW,THE PRINCESS ALEXANDRA HOSPITAL NHS TRUST,C_502,Gynaecology Service,"1,410",840,59.60%,12.6,50.7,107,3,43
Y61,RQW,THE PRINCESS ALEXANDRA HOSPITAL NHS TRUST,X02,Other - Medical Services,455,173,38.00%,21.9,52.9,40,2,15
Y61,RQW,THE PRINCESS ALEXANDRA HOSPITAL NHS TRUST,X03,Other - Mental Health Services,-,-,-,-,-,-,-,-
Y61,RQW,THE PRINCESS ALEXANDRA HOSPITAL NHS TRUST,X04,Other - Paediatric Services,903,580,64.20%,10.5,34.9,5,-,-
Y61,RQW,THE PRINCESS ALEXANDRA HOSPITAL NHS TRUST,X05,Other - Surgical Services,16,14,87.50%,-,-,-,-,-
Y61,RQW,THE PRINCESS ALEXANDRA HOSPITAL NHS TRUST,X06,Other - Other Services,887,604,68.10%,11.3,29.8,3,-,-
Y61,RT1,CAMBRIDGESHIRE AND PETERBOROUGH NHS FOUNDATION TRUST,C_100,General Surgery Service,-,-,-,-,-,-,-,-
Y61,RT1,CAMBRIDGESHIRE AND PETERBOROUGH NHS FOUNDATION TRUST,C_101,Urology Service,-,-,-,-,-,-,-,-
Y61,RT1,CAMBRIDGESHIRE AND PETERBOROUGH NHS FOUNDATION TRUST,C_110,Trauma and Orthopaedic Service,-,-,-,-,-,-,-,-
Y61,RT1,CAMBRIDGESHIRE AND PETERBOROUGH NHS FOUNDATION TRUST,C_120,Ear Nose and Throat Service,-,-,-,-,-,-,-,-
Y61,RT1,CAMBRIDGESHIRE AND PETERBOROUGH NHS FOUNDATION TRUST,C_130,Ophthalmology Service,-,-,-,-,-,-,-,-
Y61,RT1,CAMBRIDGESHIRE AND PETERBOROUGH NHS FOUNDATION TRUST,C_140,Oral Surgery Service,-,-,-,-,-,-,-,-
Y61,RT1,CAMBRIDGESHIRE AND PETERBOROUGH NHS FOUNDATION TRUST,C_150,Neurosurgical Service,-,-,-,-,-,-,-,-
Y61,RT1,CAMBRIDGESHIRE AND PETERBOROUGH NHS FOUNDATION TRUST,C_160,Plastic Surgery Service,-,-,-,-,-,-,-,-
Y61,RT1,CAMBRIDGESHIRE AND PETERBOROUGH NHS FOUNDATION TRUST,C_170,Cardiothoracic Surgery Service,-,-,-,-,-,-,-,-
Y61,RT1,CAMBRIDGESHIRE AND PETERBOROUGH NHS FOUNDATION TRUST,C_300,General Internal Medicine Service,-,-,-,-,-,-,-,-
Y61,RT1,CAMBRIDGESHIRE AND PETERBOROUGH NHS FOUNDATION TRUST,C_301,Gastroenterology Service,-,-,-,-,-,-,-,-
Y61,RT1,CAMBRIDGESHIRE AND PETERBOROUGH NHS FOUNDATION TRUST,C_320,Cardiology Service,-,-,-,-,-,-,-,-
Y61,RT1,CAMBRIDGESHIRE AND PETERBOROUGH NHS FOUNDATION TRUST,C_330,Dermatology Service,-,-,-,-,-,-,-,-
Y61,RT1,CAMBRIDGESHIRE AND PETERBOROUGH NHS FOUNDATION TRUST,C_340,Respiratory Medicine Service,-,-,-,-,-,-,-,-
Y61,RT1,CAMBRIDGESHIRE AND PETERBOROUGH NHS FOUNDATION TRUST,C_400,Neurology Service,-,-,-,-,-,-,-,-
Y61,RT1,CAMBRIDGESHIRE AND PETERBOROUGH NHS FOUNDATION TRUST,C_410,Rheumatology Service,-,-,-,-,-,-,-,-
Y61,RT1,CAMBRIDGESHIRE AND PETERBOROUGH NHS FOUNDATION TRUST,C_430,Elderly Medicine Service,-,-,-,-,-,-,-,-
Y61,RT1,CAMBRIDGESHIRE AND PETERBOROUGH NHS FOUNDATION TRUST,C_502,Gynaecology Service,-,-,-,-,-,-,-,-
Y61,RT1,CAMBRIDGESHIRE AND PETERBOROUGH NHS FOUNDATION TRUST,X02,Other - Medical Services,-,-,-,-,-,-,-,-
Y61,RT1,CAMBRIDGESHIRE AND PETERBOROUGH NHS FOUNDATION TRUST,X03,Other - Mental Health Services,-,-,-,-,-,-,-,-
Y61,RT1,CAMBRIDGESHIRE AND PETERBOROUGH NHS FOUNDATION TRUST,X04,Other - Paediatric Services,-,-,-,-,-,-,-,-
Y61,RT1,CAMBRIDGESHIRE AND PETERBOROUGH NHS FOUNDATION TRUST,X05,Other - Surgical Services,-,-,-,-,-,-,-,-
Y61,RT1,CAMBRIDGESHIRE AND PETERBOROUGH NHS FOUNDATION TRUST,X06,Other - Other Services,323,216,66.90%,13.3,45.3,11,3,4
Y61,RWG,WEST HERTFORDSHIRE TEACHING HOSPITALS NHS TRUST,C_100,General Surgery Service,"5,336","2,601",48.70%,18.5,47.9,259,-,58
Y61,RWG,WEST HERTFORDSHIRE TEACHING HOSPITALS NHS TRUST,C_101,Urology Service,"3,668","2,009",54.80%,16.2,44.4,91,-,11
Y61,RWG,WEST HERTFORDSHIRE TEACHING HOSPITALS NHS TRUST,C_110,Trauma and Orthopaedic Service,"4,388","1,978",45.10%,19.9,45.9,150,2,27
Y61,RWG,WEST HERTFORDSHIRE TEACHING HOSPITALS NHS TRUST,C_120,Ear Nose and Throat Service,"4,507","2,073",46.00%,19.7,51.6,350,7,104
Y61,RWG,WEST HERTFORDSHIRE TEACHING HOSPITALS NHS TRUST,C_130,Ophthalmology Service,"1,800","1,136",63.10%,12.2,40.2,32,-,9
Y61,RWG,WEST HERTFORDSHIRE TEACHING HOSPITALS NHS TRUST,C_140,Oral Surgery Service,"2,076","1,365",65.80%,11.4,37.8,37,-,2
Y61,RWG,WEST HERTFORDSHIRE TEACHING HOSPITALS NHS TRUST,C_150,Neurosurgical Service,-,-,-,-,-,-,-,-
Y61,RWG,WEST HERTFORDSHIRE TEACHING HOSPITALS NHS TRUST,C_160,Plastic Surgery Service,-,-,-,-,-,-,-,-
Y61,RWG,WEST HERTFORDSHIRE TEACHING HOSPITALS NHS TRUST,C_170,Cardiothoracic Surgery Service,-,-,-,-,-,-,-,-
Y61,RWG,WEST HERTFORDSHIRE TEACHING HOSPITALS NHS TRUST,C_300,General Internal Medicine Service,654,334,51.10%,17.4,40.4,9,-,4
Y61,RWG,WEST HERTFORDSHIRE TEACHING HOSPITALS NHS TRUST,C_301,Gastroenterology Service,"6,449","2,536",39.30%,23.6,49.1,285,-,2
Y61,RWG,WEST HERTFORDSHIRE TEACHING HOSPITALS NHS TRUST,C_320,Cardiology Service,"6,280","2,686",42.80%,22.4,50.6,399,1,44
Y61,RWG,WEST HERTFORDSHIRE TEACHING HOSPITALS NHS TRUST,C_330,Dermatology Service,"6,225","2,542",40.80%,22.3,49.9,403,4,100
Y61,RWG,WEST HERTFORDSHIRE TEACHING HOSPITALS NHS TRUST,C_340,Respiratory Medicine Service,"2,741","1,310",47.80%,18.9,48.9,114,-,4
Y61,RWG,WEST HERTFORDSHIRE TEACHING HOSPITALS NHS TRUST,C_400,Neurology Service,"2,535","1,243",49.00%,18.4,39.6,33,-,6
Y61,RWG,WEST HERTFORDSHIRE TEACHING HOSPITALS NHS TRUST,C_410,Rheumatology Service,977,498,51.00%,17.6,52.5,80,-,13
Y61,RWG,WEST HERTFORDSHIRE TEACHING HOSPITALS NHS TRUST,C_430,Elderly Medicine Service,80,61,76.30%,9.3,26.8,-,-,-
Y61,RWG,WEST HERTFORDSHIRE TEACHING HOSPITALS NHS TRUST,C_502,Gynaecology Service,"2,440","1,147",47.00%,19.3,40.6,33,-,2
Y61,RWG,WEST HERTFORDSHIRE TEACHING HOSPITALS NHS TRUST,X02,Other - Medical Services,"5,532","3,757",67.90%,11.9,37.2,104,-,12
Y61,RWG,WEST HERTFORDSHIRE TEACHING HOSPITALS NHS TRUST,X03,Other - Mental Health Services,23,22,95.70%,9.5,17.2,-,-,-
Y61,RWG,WEST HERTFORDSHIRE TEACHING HOSPITALS NHS TRUST,X04,Other - Paediatric Services,890,550,61.80%,13.7,40.3,5,-,1
Y61,RWG,WEST HERTFORDSHIRE TEACHING HOSPITALS NHS TRUST,X05,Other - Surgical Services,"1,346","1,018",75.60%,10.5,35.1,23,-,3
Y61,RWG,WEST HERTFORDSHIRE TEACHING HOSPITALS NHS TRUST,X06,Other - Other Services,265,247,93.20%,6.7,17.4,-,-,-
Y61,RWH,EAST AND NORTH HERTFORDSHIRE NHS TRUST,C_100,General Surgery Service,"1,814",972,53.60%,16.6,47.5,110,1,21
Y61,RWH,EAST AND NORTH HERTFORDSHIRE NHS TRUST,C_101,Urology Service,"3,481","1,970",56.60%,15.7,44.9,162,-,36
Y61,RWH,EAST AND NORTH HERTFORDSHIRE NHS TRUST,C_110,Trauma and Orthopaedic Service,"4,838","1,802",37.20%,24.6,60.3,652,22,268
Y61,RWH,EAST AND NORTH HERTFORDSHIRE NHS TRUST,C_120,Ear Nose and Throat Service,"5,352","2,294",42.90%,21.5,49.6,259,-,23
Y61,RWH,EAST AND NORTH HERTFORDSHIRE NHS TRUST,C_130,Ophthalmology Service,"5,756","2,316",40.20%,24.1,54.3,606,-,62
Y61,RWH,EAST AND NORTH HERTFORDSHIRE NHS TRUST,C_140,Oral Surgery Service,"3,032","1,325",43.70%,20.9,52.1,245,1,32
Y61,RWH,EAST AND NORTH HERTFORDSHIRE NHS TRUST,C_150,Neurosurgical Service,-,-,-,-,-,-,-,-
Y61,RWH,EAST AND NORTH HERTFORDSHIRE NHS TRUST,C_160,Plastic Surgery Service,"1,614","1,282",79.40%,9.9,27.6,8,-,-
Y61,RWH,EAST AND NORTH HERTFORDSHIRE NHS TRUST,C_170,Cardiothoracic Surgery Service,132,97,73.50%,12,25.8,-,-,-
Y61,RWH,EAST AND NORTH HERTFORDSHIRE NHS TRUST,C_300,General Internal Medicine Service,64,53,82.80%,2.3,22.9,-,-,-
Y61,RWH,EAST AND NORTH HERTFORDSHIRE NHS TRUST,C_301,Gastroenterology Service,"3,198","1,338",41.80%,22.7,55.2,340,-,28
Y61,RWH,EAST AND NORTH HERTFORDSHIRE NHS TRUST,C_320,Cardiology Service,"3,296","2,720",82.50%,9.2,23.5,1,-,-
Y61,RWH,EAST AND NORTH HERTFORDSHIRE NHS TRUST,C_330,Dermatology Service,"1,279",616,48.20%,18.7,38.2,3,-,-
Y61,RWH,EAST AND NORTH HERTFORDSHIRE NHS TRUST,C_340,Respiratory Medicine Service,"1,373",984,71.70%,11.9,34.3,3,-,-
Y61,RWH,EAST AND NORTH HERTFORDSHIRE NHS TRUST,C_400,Neurology Service,447,387,86.60%,6.3,20.7,1,-,-
Y61,RWH,EAST AND NORTH HERTFORDSHIRE NHS TRUST,C_410,Rheumatology Service,"1,123",619,55.10%,16.4,35.6,5,1,1
Y61,RWH,EAST AND NORTH HERTFORDSHIRE NHS TRUST,C_430,Elderly Medicine Service,123,87,70.70%,10.1,34.6,2,-,-
Y61,RWH,EAST AND NORTH HERTFORDSHIRE NHS TRUST,C_502,Gynaecology Service,"3,442","2,073",60.20%,14.3,39,80,1,14
Y61,RWH,EAST AND NORTH HERTFORDSHIRE NHS TRUST,X02,Other - Medical Services,-,-,-,-,-,-,-,-
Y61,RWH,EAST AND NORTH HERTFORDSHIRE NHS TRUST,X03,Other - Mental Health Services,-,-,-,-,-,-,-,-
Y61,RWH,EAST AND NORTH HERTFORDSHIRE NHS TRUST,X04,Other - Paediatric Services,-,-,-,-,-,-,-,-
Y61,RWH,EAST AND NORTH HERTFORDSHIRE NHS TRUST,X05,Other - Surgical Services,-,-,-,-,-,-,-,-
Y61,RWH,EAST AND NORTH HERTFORDSHIRE NHS TRUST,X06,Other - Other Services,"19,393","8,915",46.00%,20.4,72.3,"2,870","1,331","1,940"
Y61,RY3,NORFOLK COMMUNITY HEALTH AND CARE NHS TRUST,C_100,General Surgery Service,-,-,-,-,-,-,-,-
Y61,RY3,NORFOLK COMMUNITY HEALTH AND CARE NHS TRUST,C_101,Urology Service,-,-,-,-,-,-,-,-
Y61,RY3,NORFOLK COMMUNITY HEALTH AND CARE NHS TRUST,C_110,Trauma and Orthopaedic Service,844,801,94.90%,3.5,15.4,-,-,-
Y61,RY3,NORFOLK COMMUNITY HEALTH AND CARE NHS TRUST,C_120,Ear Nose and Throat Service,-,-,-,-,-,-,-,-
Y61,RY3,NORFOLK COMMUNITY HEALTH AND CARE NHS TRUST,C_130,Ophthalmology Service,-,-,-,-,-,-,-,-
Y61,RY3,NORFOLK COMMUNITY HEALTH AND CARE NHS TRUST,C_140,Oral Surgery Service,-,-,-,-,-,-,-,-
Y61,RY3,NORFOLK COMMUNITY HEALTH AND CARE NHS TRUST,C_150,Neurosurgical Service,-,-,-,-,-,-,-,-
Y61,RY3,NORFOLK COMMUNITY HEALTH AND CARE NHS TRUST,C_160,Plastic Surgery Service,-,-,-,-,-,-,-,-
Y61,RY3,NORFOLK COMMUNITY HEALTH AND CARE NHS TRUST,C_170,Cardiothoracic Surgery Service,-,-,-,-,-,-,-,-
Y61,RY3,NORFOLK COMMUNITY HEALTH AND CARE NHS TRUST,C_300,General Internal Medicine Service,-,-,-,-,-,-,-,-
Y61,RY3,NORFOLK COMMUNITY HEALTH AND CARE NHS TRUST,C_301,Gastroenterology Service,-,-,-,-,-,-,-,-
Y61,RY3,NORFOLK COMMUNITY HEALTH AND CARE NHS TRUST,C_320,Cardiology Service,-,-,-,-,-,-,-,-
Y61,RY3,NORFOLK COMMUNITY HEALTH AND CARE NHS TRUST,C_330,Dermatology Service,-,-,-,-,-,-,-,-
Y61,RY3,NORFOLK COMMUNITY HEALTH AND CARE NHS TRUST,C_340,Respiratory Medicine Service,-,-,-,-,-,-,-,-
Y61,RY3,NORFOLK COMMUNITY HEALTH AND CARE NHS TRUST,C_400,Neurology Service,-,-,-,-,-,-,-,-
Y61,RY3,NORFOLK COMMUNITY HEALTH AND CARE NHS TRUST,C_410,Rheumatology Service,-,-,-,-,-,-,-,-
Y61,RY3,NORFOLK COMMUNITY HEALTH AND CARE NHS TRUST,C_430,Elderly Medicine Service,-,-,-,-,-,-,-,-
Y61,RY3,NORFOLK COMMUNITY HEALTH AND CARE NHS TRUST,C_502,Gynaecology Service,-,-,-,-,-,-,-,-
Y61,RY3,NORFOLK COMMUNITY HEALTH AND CARE NHS TRUST,X02,Other - Medical Services,-,-,-,-,-,-,-,-
Y61,RY3,NORFOLK COMMUNITY HEALTH AND CARE NHS TRUST,X03,Other - Mental Health Services,-,-,-,-,-,-,-,-
Y61,RY3,NORFOLK COMMUNITY HEALTH AND CARE NHS TRUST,X04,Other - Paediatric Services,694,535,77.10%,11.1,22.8,-,-,-
Y61,RY3,NORFOLK COMMUNITY HEALTH AND CARE NHS TRUST,X05,Other - Surgical Services,-,-,-,-,-,-,-,-
Y61,RY3,NORFOLK COMMUNITY HEALTH AND CARE NHS TRUST,X06,Other - Other Services,182,174,95.60%,2.3,14.1,-,-,-
Y61,RY4,HERTFORDSHIRE COMMUNITY NHS TRUST,C_100,General Surgery Service,-,-,-,-,-,-,-,-
Y61,RY4,HERTFORDSHIRE COMMUNITY NHS TRUST,C_101,Urology Service,-,-,-,-,-,-,-,-
Y61,RY4,HERTFORDSHIRE COMMUNITY NHS TRUST,C_110,Trauma and Orthopaedic Service,-,-,-,-,-,-,-,-
Y61,RY4,HERTFORDSHIRE COMMUNITY NHS TRUST,C_120,Ear Nose and Throat Service,-,-,-,-,-,-,-,-
Y61,RY4,HERTFORDSHIRE COMMUNITY NHS TRUST,C_130,Ophthalmology Service,-,-,-,-,-,-,-,-
Y61,RY4,HERTFORDSHIRE COMMUNITY NHS TRUST,C_140,Oral Surgery Service,-,-,-,-,-,-,-,-
Y61,RY4,HERTFORDSHIRE COMMUNITY NHS TRUST,C_150,Neurosurgical Service,-,-,-,-,-,-,-,-
Y61,RY4,HERTFORDSHIRE COMMUNITY NHS TRUST,C_160,Plastic Surgery Service,-,-,-,-,-,-,-,-
Y61,RY4,HERTFORDSHIRE COMMUNITY NHS TRUST,C_170,Cardiothoracic Surgery Service,-,-,-,-,-,-,-,-
Y61,RY4,HERTFORDSHIRE COMMUNITY NHS TRUST,C_300,General Internal Medicine Service,-,-,-,-,-,-,-,-
Y61,RY4,HERTFORDSHIRE COMMUNITY NHS TRUST,C_301,Gastroenterology Service,-,-,-,-,-,-,-,-
Y61,RY4,HERTFORDSHIRE COMMUNITY NHS TRUST,C_320,Cardiology Service,-,-,-,-,-,-,-,-
Y61,RY4,HERTFORDSHIRE COMMUNITY NHS TRUST,C_330,Dermatology Service,-,-,-,-,-,-,-,-
Y61,RY4,HERTFORDSHIRE COMMUNITY NHS TRUST,C_340,Respiratory Medicine Service,-,-,-,-,-,-,-,-
Y61,RY4,HERTFORDSHIRE COMMUNITY NHS TRUST,C_400,Neurology Service,-,-,-,-,-,-,-,-
Y61,RY4,HERTFORDSHIRE COMMUNITY NHS TRUST,C_410,Rheumatology Service,-,-,-,-,-,-,-,-
Y61,RY4,HERTFORDSHIRE COMMUNITY NHS TRUST,C_430,Elderly Medicine Service,-,-,-,-,-,-,-,-
Y61,RY4,HERTFORDSHIRE COMMUNITY NHS TRUST,C_502,Gynaecology Service,-,-,-,-,-,-,-,-
Y61,RY4,HERTFORDSHIRE COMMUNITY NHS TRUST,X02,Other - Medical Services,"1,520","1,377",90.60%,9.2,18.4,1,-,-
Y61,RY4,HERTFORDSHIRE COMMUNITY NHS TRUST,X03,Other - Mental Health Services,-,-,-,-,-,-,-,-
Y61,RY4,HERTFORDSHIRE COMMUNITY NHS TRUST,X04,Other - Paediatric Services,"3,325","1,280",38.50%,27.6,52.8,304,1,17
Y61,RY4,HERTFORDSHIRE COMMUNITY NHS TRUST,X05,Other - Surgical Services,-,-,-,-,-,-,-,-
Y61,RY4,HERTFORDSHIRE COMMUNITY NHS TRUST,X06,Other - Other Services,-,-,-,-,-,-,-,-
Y61,RYV,CAMBRIDGESHIRE COMMUNITY SERVICES NHS TRUST,C_100,General Surgery Service,-,-,-,-,-,-,-,-
Y61,RYV,CAMBRIDGESHIRE COMMUNITY SERVICES NHS TRUST,C_101,Urology Service,-,-,-,-,-,-,-,-
Y61,RYV,CAMBRIDGESHIRE COMMUNITY SERVICES NHS TRUST,C_110,Trauma and Orthopaedic Service,-,-,-,-,-,-,-,-
Y61,RYV,CAMBRIDGESHIRE COMMUNITY SERVICES NHS TRUST,C_120,Ear Nose and Throat Service,-,-,-,-,-,-,-,-
Y61,RYV,CAMBRIDGESHIRE COMMUNITY SERVICES NHS TRUST,C_130,Ophthalmology Service,-,-,-,-,-,-,-,-
Y61,RYV,CAMBRIDGESHIRE COMMUNITY SERVICES NHS TRUST,C_140,Oral Surgery Service,-,-,-,-,-,-,-,-
Y61,RYV,CAMBRIDGESHIRE COMMUNITY SERVICES NHS TRUST,C_150,Neurosurgical Service,-,-,-,-,-,-,-,-
Y61,RYV,CAMBRIDGESHIRE COMMUNITY SERVICES NHS TRUST,C_160,Plastic Surgery Service,-,-,-,-,-,-,-,-
Y61,RYV,CAMBRIDGESHIRE COMMUNITY SERVICES NHS TRUST,C_170,Cardiothoracic Surgery Service,-,-,-,-,-,-,-,-
Y61,RYV,CAMBRIDGESHIRE COMMUNITY SERVICES NHS TRUST,C_300,General Internal Medicine Service,-,-,-,-,-,-,-,-
Y61,RYV,CAMBRIDGESHIRE COMMUNITY SERVICES NHS TRUST,C_301,Gastroenterology Service,-,-,-,-,-,-,-,-
Y61,RYV,CAMBRIDGESHIRE COMMUNITY SERVICES NHS TRUST,C_320,Cardiology Service,-,-,-,-,-,-,-,-
Y61,RYV,CAMBRIDGESHIRE COMMUNITY SERVICES NHS TRUST,C_330,Dermatology Service,-,-,-,-,-,-,-,-
Y61,RYV,CAMBRIDGESHIRE COMMUNITY SERVICES NHS TRUST,C_340,Respiratory Medicine Service,-,-,-,-,-,-,-,-
Y61,RYV,CAMBRIDGESHIRE COMMUNITY SERVICES NHS TRUST,C_400,Neurology Service,-,-,-,-,-,-,-,-
Y61,RYV,CAMBRIDGESHIRE COMMUNITY SERVICES NHS TRUST,C_410,Rheumatology Service,-,-,-,-,-,-,-,-
Y61,RYV,CAMBRIDGESHIRE COMMUNITY SERVICES NHS TRUST,C_430,Elderly Medicine Service,-,-,-,-,-,-,-,-
Y61,RYV,CAMBRIDGESHIRE COMMUNITY SERVICES NHS TRUST,C_502,Gynaecology Service,-,-,-,-,-,-,-,-
Y61,RYV,CAMBRIDGESHIRE COMMUNITY SERVICES NHS TRUST,X02,Other - Medical Services,"2,977","1,029",34.60%,27,45.8,96,3,7
Y61,RYV,CAMBRIDGESHIRE COMMUNITY SERVICES NHS TRUST,X03,Other - Mental Health Services,-,-,-,-,-,-,-,-
Y61,RYV,CAMBRIDGESHIRE COMMUNITY SERVICES NHS TRUST,X04,Other - Paediatric Services,-,-,-,-,-,-,-,-
Y61,RYV,CAMBRIDGESHIRE COMMUNITY SERVICES NHS TRUST,X05,Other - Surgical Services,-,-,-,-,-,-,-,-
Y61,RYV,CAMBRIDGESHIRE COMMUNITY SERVICES NHS TRUST,X06,Other - Other Services,-,-,-,-,-,-,-,-
Y62,R0A,MANCHESTER UNIVERSITY NHS FOUNDATION TRUST,C_100,General Surgery Service,"6,836","2,738",40.10%,23.8,55.4,759,23,262
Y62,R0A,MANCHESTER UNIVERSITY NHS FOUNDATION TRUST,C_101,Urology Service,"6,987","3,287",47.00%,19.7,49.6,409,2,78
Y62,R0A,MANCHESTER UNIVERSITY NHS FOUNDATION TRUST,C_110,Trauma and Orthopaedic Service,"9,420","4,164",44.20%,21.1,54.7,892,13,327
Y62,R0A,MANCHESTER UNIVERSITY NHS FOUNDATION TRUST,C_120,Ear Nose and Throat Service,"9,587","3,600",37.60%,24.7,52,769,4,125
Y62,R0A,MANCHESTER UNIVERSITY NHS FOUNDATION TRUST,C_130,Ophthalmology Service,"11,869","6,108",51.50%,17.3,47.5,551,9,126
Y62,R0A,MANCHESTER UNIVERSITY NHS FOUNDATION TRUST,C_140,Oral Surgery Service,"18,833","8,822",46.80%,19.5,52.1,"1,520",1,409
Y62,R0A,MANCHESTER UNIVERSITY NHS FOUNDATION TRUST,C_150,Neurosurgical Service,1,-,-,-,-,1,-,-
Y62,R0A,MANCHESTER UNIVERSITY NHS FOUNDATION TRUST,C_160,Plastic Surgery Service,"4,373","1,634",37.40%,24.3,61.4,612,29,249
Y62,R0A,MANCHESTER UNIVERSITY NHS FOUNDATION TRUST,C_170,Cardiothoracic Surgery Service,2,-,-,-,-,-,-,-
Y62,R0A,MANCHESTER UNIVERSITY NHS FOUNDATION TRUST,C_300,General Internal Medicine Service,440,246,55.90%,14.6,52,35,1,18
Y62,R0A,MANCHESTER UNIVERSITY NHS FOUNDATION TRUST,C_301,Gastroenterology Service,"8,212","4,348",52.90%,16.5,47.4,381,5,91
Y62,R0A,MANCHESTER UNIVERSITY NHS FOUNDATION TRUST,C_320,Cardiology Service,"9,907","4,829",48.70%,18.7,46.3,353,2,61
Y62,R0A,MANCHESTER UNIVERSITY NHS FOUNDATION TRUST,C_330,Dermatology Service,"3,200","1,166",36.40%,26.4,62.9,565,4,208
Y62,R0A,MANCHESTER UNIVERSITY NHS FOUNDATION TRUST,C_340,Respiratory Medicine Service,"8,981","4,728",52.60%,16.8,46.7,328,-,23
Y62,R0A,MANCHESTER UNIVERSITY NHS FOUNDATION TRUST,C_400,Neurology Service,103,52,50.50%,17.5,45.9,3,-,-
Y62,R0A,MANCHESTER UNIVERSITY NHS FOUNDATION TRUST,C_410,Rheumatology Service,"2,078","1,415",68.10%,11.6,37.6,18,-,4
Y62,R0A,MANCHESTER UNIVERSITY NHS FOUNDATION TRUST,C_430,Elderly Medicine Service,838,480,57.30%,15.2,36.8,6,-,-
Y62,R0A,MANCHESTER UNIVERSITY NHS FOUNDATION TRUST,C_502,Gynaecology Service,"18,116","6,762",37.30%,25.3,59.2,"2,412",10,801
Y62,R0A,MANCHESTER UNIVERSITY NHS FOUNDATION TRUST,X02,Other - Medical Services,"24,805","13,410",54.10%,16.2,45.8,968,7,283
Y62,R0A,MANCHESTER UNIVERSITY NHS FOUNDATION TRUST,X03,Other - Mental Health Services,29,16,55.20%,16.3,45.7,-,-,-
Y62,R0A,MANCHESTER UNIVERSITY NHS FOUNDATION TRUST,X04,Other - Paediatric Services,"18,446","8,131",44.10%,21.1,50.2,"1,155",11,275
Y62,R0A,MANCHESTER UNIVERSITY NHS FOUNDATION TRUST,X05,Other - Surgical Services,"15,020","8,106",54.00%,16.3,46.6,614,2,171
Y62,R0A,MANCHESTER UNIVERSITY NHS FOUNDATION TRUST,X06,Other - Other Services,"6,495","3,016",46.40%,20.1,53.3,602,4,186
Y62,RBL,WIRRAL UNIVERSITY TEACHING HOSPITAL NHS FOUNDATION TRUST,C_100,General Surgery Service,273,218,79.90%,8.2,40.2,11,-,2
Y62,RBL,WIRRAL UNIVERSITY TEACHING HOSPITAL NHS FOUNDATION TRUST,C_101,Urology Service,"2,236","1,400",62.60%,12.1,40.5,53,-,9
Y62,RBL,WIRRAL UNIVERSITY TEACHING HOSPITAL NHS FOUNDATION TRUST,C_110,Trauma and Orthopaedic Service,"2,159","1,277",59.10%,14.1,41.9,75,2,13
Y62,RBL,WIRRAL UNIVERSITY TEACHING HOSPITAL NHS FOUNDATION TRUST,C_120,Ear Nose and Throat Service,"3,227","1,605",49.70%,18.1,40.3,79,-,8
Y62,RBL,WIRRAL UNIVERSITY TEACHING HOSPITAL NHS FOUNDATION TRUST,C_130,Ophthalmology Service,"3,567","1,802",50.50%,17.8,44.8,73,2,10
Y62,RBL,WIRRAL UNIVERSITY TEACHING HOSPITAL NHS FOUNDATION TRUST,C_140,Oral Surgery Service,"1,775","1,086",61.20%,12.3,47.9,87,-,14
Y62,RBL,WIRRAL UNIVERSITY TEACHING HOSPITAL NHS FOUNDATION TRUST,C_150,Neurosurgical Service,-,-,-,-,-,-,-,-
Y62,RBL,WIRRAL UNIVERSITY TEACHING HOSPITAL NHS FOUNDATION TRUST,C_160,Plastic Surgery Service,-,-,-,-,-,-,-,-
Y62,RBL,WIRRAL UNIVERSITY TEACHING HOSPITAL NHS FOUNDATION TRUST,C_170,Cardiothoracic Surgery Service,-,-,-,-,-,-,-,-
Y62,RBL,WIRRAL UNIVERSITY TEACHING HOSPITAL NHS FOUNDATION TRUST,C_300,General Internal Medicine Service,3,3,100.00%,-,-,-,-,-
Y62,RBL,WIRRAL UNIVERSITY TEACHING HOSPITAL NHS FOUNDATION TRUST,C_301,Gastroenterology Service,"2,775","1,458",52.50%,16.9,48.6,160,-,17
Y62,RBL,WIRRAL UNIVERSITY TEACHING HOSPITAL NHS FOUNDATION TRUST,C_320,Cardiology Service,"1,613",683,42.30%,20.6,43.1,22,-,1
Y62,RBL,WIRRAL UNIVERSITY TEACHING HOSPITAL NHS FOUNDATION TRUST,C_330,Dermatology Service,"2,623","1,333",50.80%,17.7,40,25,-,2
Y62,RBL,WIRRAL UNIVERSITY TEACHING HOSPITAL NHS FOUNDATION TRUST,C_340,Respiratory Medicine Service,"2,223","1,663",74.80%,9.3,33.1,2,-,-
Y62,RBL,WIRRAL UNIVERSITY TEACHING HOSPITAL NHS FOUNDATION TRUST,C_400,Neurology Service,-,-,-,-,-,-,-,-
Y62,RBL,WIRRAL UNIVERSITY TEACHING HOSPITAL NHS FOUNDATION TRUST,C_410,Rheumatology Service,628,372,59.20%,14.6,32.3,1,-,-
Y62,RBL,WIRRAL UNIVERSITY TEACHING HOSPITAL NHS FOUNDATION TRUST,C_430,Elderly Medicine Service,173,166,96.00%,6.8,16.1,-,-,-
Y62,RBL,WIRRAL UNIVERSITY TEACHING HOSPITAL NHS FOUNDATION TRUST,C_502,Gynaecology Service,"4,470","1,745",39.00%,25.7,57.9,591,2,104
Y62,RBL,WIRRAL UNIVERSITY TEACHING HOSPITAL NHS FOUNDATION TRUST,X02,Other - Medical Services,"2,614","1,933",73.90%,9.4,30.4,17,-,2
Y62,RBL,WIRRAL UNIVERSITY TEACHING HOSPITAL NHS FOUNDATION TRUST,X03,Other - Mental Health Services,-,-,-,-,-,-,-,-
Y62,RBL,WIRRAL UNIVERSITY TEACHING HOSPITAL NHS FOUNDATION TRUST,X04,Other - Paediatric Services,"1,777","1,171",65.90%,12.4,32.3,1,-,-
Y62,RBL,WIRRAL UNIVERSITY TEACHING HOSPITAL NHS FOUNDATION TRUST,X05,Other - Surgical Services,"6,043","2,941",48.70%,18.8,56,653,1,214
Y62,RBL,WIRRAL UNIVERSITY TEACHING HOSPITAL NHS FOUNDATION TRUST,X06,Other - Other Services,"2,751","2,303",83.70%,6.4,32,5,-,2
Y62,RBN,MERSEY AND WEST LANCASHIRE TEACHING HOSPITALS NHS TRUST,C_100,General Surgery Service,"6,208","3,775",60.80%,13.2,45.2,291,2,80
Y62,RBN,MERSEY AND WEST LANCASHIRE TEACHING HOSPITALS NHS TRUST,C_101,Urology Service,"5,654","3,795",67.10%,11.2,37.7,132,1,27
Y62,RBN,MERSEY AND WEST LANCASHIRE TEACHING HOSPITALS NHS TRUST,C_110,Trauma and Orthopaedic Service,"6,894","4,161",60.40%,12.6,46.6,384,16,142
Y62,RBN,MERSEY AND WEST LANCASHIRE TEACHING HOSPITALS NHS TRUST,C_120,Ear Nose and Throat Service,"5,758","3,650",63.40%,12.4,40,166,5,73
Y62,RBN,MERSEY AND WEST LANCASHIRE TEACHING HOSPITALS NHS TRUST,C_130,Ophthalmology Service,"3,750","2,515",67.10%,11.9,37.8,116,2,35
Y62,RBN,MERSEY AND WEST LANCASHIRE TEACHING HOSPITALS NHS TRUST,C_140,Oral Surgery Service,"1,489","1,126",75.60%,10.1,32,7,-,-
Y62,RBN,MERSEY AND WEST LANCASHIRE TEACHING HOSPITALS NHS TRUST,C_150,Neurosurgical Service,53,36,67.90%,14.8,30.8,-,-,-
Y62,RBN,MERSEY AND WEST LANCASHIRE TEACHING HOSPITALS NHS TRUST,C_160,Plastic Surgery Service,"6,725","3,029",45.00%,21.1,58.6,805,18,279
Y62,RBN,MERSEY AND WEST LANCASHIRE TEACHING HOSPITALS NHS TRUST,C_170,Cardiothoracic Surgery Service,4,-,-,-,-,-,-,-
Y62,RBN,MERSEY AND WEST LANCASHIRE TEACHING HOSPITALS NHS TRUST,C_300,General Internal Medicine Service,437,382,87.40%,4.2,26.5,2,-,-
Y62,RBN,MERSEY AND WEST LANCASHIRE TEACHING HOSPITALS NHS TRUST,C_301,Gastroenterology Service,"7,587","4,937",65.10%,12.6,33,26,-,5
Y62,RBN,MERSEY AND WEST LANCASHIRE TEACHING HOSPITALS NHS TRUST,C_320,Cardiology Service,"3,452","1,960",56.80%,15.1,36.2,26,-,2
Y62,RBN,MERSEY AND WEST LANCASHIRE TEACHING HOSPITALS NHS TRUST,C_330,Dermatology Service,"7,971","4,601",57.70%,15,34.7,121,1,41
Y62,RBN,MERSEY AND WEST LANCASHIRE TEACHING HOSPITALS NHS TRUST,C_340,Respiratory Medicine Service,"1,466",977,66.60%,11.7,33.4,-,-,-
Y62,RBN,MERSEY AND WEST LANCASHIRE TEACHING HOSPITALS NHS TRUST,C_400,Neurology Service,-,-,-,-,-,-,-,-
Y62,RBN,MERSEY AND WEST LANCASHIRE TEACHING HOSPITALS NHS TRUST,C_410,Rheumatology Service,"1,020",646,63.30%,13,35.2,13,-,3
Y62,RBN,MERSEY AND WEST LANCASHIRE TEACHING HOSPITALS NHS TRUST,C_430,Elderly Medicine Service,275,235,85.50%,8.5,25,1,-,-
Y62,RBN,MERSEY AND WEST LANCASHIRE TEACHING HOSPITALS NHS TRUST,C_502,Gynaecology Service,"7,700","4,072",52.90%,16.5,45.3,279,3,86
Y62,RBN,MERSEY AND WEST LANCASHIRE TEACHING HOSPITALS NHS TRUST,X02,Other - Medical Services,"7,469","4,814",64.50%,11.9,37.1,93,-,18
Y62,RBN,MERSEY AND WEST LANCASHIRE TEACHING HOSPITALS NHS TRUST,X03,Other - Mental Health Services,-,-,-,-,-,-,-,-
Y62,RBN,MERSEY AND WEST LANCASHIRE TEACHING HOSPITALS NHS TRUST,X04,Other - Paediatric Services,"2,896","1,871",64.60%,12.5,42,99,-,11
Y62,RBN,MERSEY AND WEST LANCASHIRE TEACHING HOSPITALS NHS TRUST,X05,Other - Surgical Services,"2,478","1,361",54.90%,15.6,43.9,68,5,29
Y62,RBN,MERSEY AND WEST LANCASHIRE TEACHING HOSPITALS NHS TRUST,X06,Other - Other Services,108,78,72.20%,6,36.5,2,-,-
Y62,RBQ,LIVERPOOL HEART AND CHEST HOSPITAL NHS FOUNDATION TRUST,C_100,General Surgery Service,-,-,-,-,-,-,-,-
Y62,RBQ,LIVERPOOL HEART AND CHEST HOSPITAL NHS FOUNDATION TRUST,C_101,Urology Service,-,-,-,-,-,-,-,-
Y62,RBQ,LIVERPOOL HEART AND CHEST HOSPITAL NHS FOUNDATION TRUST,C_110,Trauma and Orthopaedic Service,-,-,-,-,-,-,-,-
Y62,RBQ,LIVERPOOL HEART AND CHEST HOSPITAL NHS FOUNDATION TRUST,C_120,Ear Nose and Throat Service,-,-,-,-,-,-,-,-
Y62,RBQ,LIVERPOOL HEART AND CHEST HOSPITAL NHS FOUNDATION TRUST,C_130,Ophthalmology Service,-,-,-,-,-,-,-,-
Y62,RBQ,LIVERPOOL HEART AND CHEST HOSPITAL NHS FOUNDATION TRUST,C_140,Oral Surgery Service,-,-,-,-,-,-,-,-
Y62,RBQ,LIVERPOOL HEART AND CHEST HOSPITAL NHS FOUNDATION TRUST,C_150,Neurosurgical Service,-,-,-,-,-,-,-,-
Y62,RBQ,LIVERPOOL HEART AND CHEST HOSPITAL NHS FOUNDATION TRUST,C_160,Plastic Surgery Service,-,-,-,-,-,-,-,-
Y62,RBQ,LIVERPOOL HEART AND CHEST HOSPITAL NHS FOUNDATION TRUST,C_170,Cardiothoracic Surgery Service,967,512,52.90%,16.5,50.2,67,15,26
Y62,RBQ,LIVERPOOL HEART AND CHEST HOSPITAL NHS FOUNDATION TRUST,C_300,General Internal Medicine Service,-,-,-,-,-,-,-,-
Y62,RBQ,LIVERPOOL HEART AND CHEST HOSPITAL NHS FOUNDATION TRUST,C_301,Gastroenterology Service,-,-,-,-,-,-,-,-
Y62,RBQ,LIVERPOOL HEART AND CHEST HOSPITAL NHS FOUNDATION TRUST,C_320,Cardiology Service,"3,324","2,495",75.10%,10.8,28.7,-,-,-
Y62,RBQ,LIVERPOOL HEART AND CHEST HOSPITAL NHS FOUNDATION TRUST,C_330,Dermatology Service,-,-,-,-,-,-,-,-
Y62,RBQ,LIVERPOOL HEART AND CHEST HOSPITAL NHS FOUNDATION TRUST,C_340,Respiratory Medicine Service,885,795,89.80%,6.2,20.4,1,-,-
Y62,RBQ,LIVERPOOL HEART AND CHEST HOSPITAL NHS FOUNDATION TRUST,C_400,Neurology Service,-,-,-,-,-,-,-,-
Y62,RBQ,LIVERPOOL HEART AND CHEST HOSPITAL NHS FOUNDATION TRUST,C_410,Rheumatology Service,-,-,-,-,-,-,-,-
Y62,RBQ,LIVERPOOL HEART AND CHEST HOSPITAL NHS FOUNDATION TRUST,C_430,Elderly Medicine Service,-,-,-,-,-,-,-,-
Y62,RBQ,LIVERPOOL HEART AND CHEST HOSPITAL NHS FOUNDATION TRUST,C_502,Gynaecology Service,-,-,-,-,-,-,-,-
Y62,RBQ,LIVERPOOL HEART AND CHEST HOSPITAL NHS FOUNDATION TRUST,X02,Other - Medical Services,-,-,-,-,-,-,-,-
Y62,RBQ,LIVERPOOL HEART AND CHEST HOSPITAL NHS FOUNDATION TRUST,X03,Other - Mental Health Services,-,-,-,-,-,-,-,-
Y62,RBQ,LIVERPOOL HEART AND CHEST HOSPITAL NHS FOUNDATION TRUST,X04,Other - Paediatric Services,-,-,-,-,-,-,-,-
Y62,RBQ,LIVERPOOL HEART AND CHEST HOSPITAL NHS FOUNDATION TRUST,X05,Other - Surgical Services,-,-,-,-,-,-,-,-
Y62,RBQ,LIVERPOOL HEART AND CHEST HOSPITAL NHS FOUNDATION TRUST,X06,Other - Other Services,-,-,-,-,-,-,-,-
Y62,RBS,ALDER HEY CHILDREN'S NHS FOUNDATION TRUST,C_100,General Surgery Service,-,-,-,-,-,-,-,-
Y62,RBS,ALDER HEY CHILDREN'S NHS FOUNDATION TRUST,C_101,Urology Service,-,-,-,-,-,-,-,-
Y62,RBS,ALDER HEY CHILDREN'S NHS FOUNDATION TRUST,C_110,Trauma and Orthopaedic Service,-,-,-,-,-,-,-,-
Y62,RBS,ALDER HEY CHILDREN'S NHS FOUNDATION TRUST,C_120,Ear Nose and Throat Service,-,-,-,-,-,-,-,-
Y62,RBS,ALDER HEY CHILDREN'S NHS FOUNDATION TRUST,C_130,Ophthalmology Service,-,-,-,-,-,-,-,-
Y62,RBS,ALDER HEY CHILDREN'S NHS FOUNDATION TRUST,C_140,Oral Surgery Service,-,-,-,-,-,-,-,-
Y62,RBS,ALDER HEY CHILDREN'S NHS FOUNDATION TRUST,C_150,Neurosurgical Service,-,-,-,-,-,-,-,-
Y62,RBS,ALDER HEY CHILDREN'S NHS FOUNDATION TRUST,C_160,Plastic Surgery Service,-,-,-,-,-,-,-,-
Y62,RBS,ALDER HEY CHILDREN'S NHS FOUNDATION TRUST,C_170,Cardiothoracic Surgery Service,-,-,-,-,-,-,-,-
Y62,RBS,ALDER HEY CHILDREN'S NHS FOUNDATION TRUST,C_300,General Internal Medicine Service,-,-,-,-,-,-,-,-
Y62,RBS,ALDER HEY CHILDREN'S NHS FOUNDATION TRUST,C_301,Gastroenterology Service,-,-,-,-,-,-,-,-
Y62,RBS,ALDER HEY CHILDREN'S NHS FOUNDATION TRUST,C_320,Cardiology Service,-,-,-,-,-,-,-,-
Y62,RBS,ALDER HEY CHILDREN'S NHS FOUNDATION TRUST,C_330,Dermatology Service,-,-,-,-,-,-,-,-
Y62,RBS,ALDER HEY CHILDREN'S NHS FOUNDATION TRUST,C_340,Respiratory Medicine Service,-,-,-,-,-,-,-,-
Y62,RBS,ALDER HEY CHILDREN'S NHS FOUNDATION TRUST,C_400,Neurology Service,-,-,-,-,-,-,-,-
Y62,RBS,ALDER HEY CHILDREN'S NHS FOUNDATION TRUST,C_410,Rheumatology Service,-,-,-,-,-,-,-,-
Y62,RBS,ALDER HEY CHILDREN'S NHS FOUNDATION TRUST,C_430,Elderly Medicine Service,-,-,-,-,-,-,-,-
Y62,RBS,ALDER HEY CHILDREN'S NHS FOUNDATION TRUST,C_502,Gynaecology Service,-,-,-,-,-,-,-,-
Y62,RBS,ALDER HEY CHILDREN'S NHS FOUNDATION TRUST,X02,Other - Medical Services,-,-,-,-,-,-,-,-
Y62,RBS,ALDER HEY CHILDREN'S NHS FOUNDATION TRUST,X03,Other - Mental Health Services,-,-,-,-,-,-,-,-
Y62,RBS,ALDER HEY CHILDREN'S NHS FOUNDATION TRUST,X04,Other - Paediatric Services,"25,597","13,485",52.70%,16.9,44.2,750,33,162
Y62,RBS,ALDER HEY CHILDREN'S NHS FOUNDATION TRUST,X05,Other - Surgical Services,-,-,-,-,-,-,-,-
Y62,RBS,ALDER HEY CHILDREN'S NHS FOUNDATION TRUST,X06,Other - Other Services,-,-,-,-,-,-,-,-
Y62,RBT,MID CHESHIRE HOSPITALS NHS FOUNDATION TRUST,C_100,General Surgery Service,"5,661","2,931",51.80%,16.9,49.9,379,14,113
Y62,RBT,MID CHESHIRE HOSPITALS NHS FOUNDATION TRUST,C_101,Urology Service,"1,984","1,479",74.50%,10,29.4,12,-,2
Y62,RBT,MID CHESHIRE HOSPITALS NHS FOUNDATION TRUST,C_110,Trauma and Orthopaedic Service,"4,359","1,960",45.00%,20.5,49.5,288,-,91
Y62,RBT,MID CHESHIRE HOSPITALS NHS FOUNDATION TRUST,C_120,Ear Nose and Throat Service,"5,602","2,598",46.40%,19.9,46.4,176,-,21
Y62,RBT,MID CHESHIRE HOSPITALS NHS FOUNDATION TRUST,C_130,Ophthalmology Service,"4,555","2,386",52.40%,16.6,47.9,182,-,31
Y62,RBT,MID CHESHIRE HOSPITALS NHS FOUNDATION TRUST,C_140,Oral Surgery Service,-,-,-,-,-,-,-,-
Y62,RBT,MID CHESHIRE HOSPITALS NHS FOUNDATION TRUST,C_150,Neurosurgical Service,-,-,-,-,-,-,-,-
Y62,RBT,MID CHESHIRE HOSPITALS NHS FOUNDATION TRUST,C_160,Plastic Surgery Service,-,-,-,-,-,-,-,-
Y62,RBT,MID CHESHIRE HOSPITALS NHS FOUNDATION TRUST,C_170,Cardiothoracic Surgery Service,-,-,-,-,-,-,-,-
Y62,RBT,MID CHESHIRE HOSPITALS NHS FOUNDATION TRUST,C_300,General Internal Medicine Service,170,103,60.60%,12.7,31.6,3,-,-
Y62,RBT,MID CHESHIRE HOSPITALS NHS FOUNDATION TRUST,C_301,Gastroenterology Service,"1,068",616,57.70%,15.1,39.5,31,6,13
Y62,RBT,MID CHESHIRE HOSPITALS NHS FOUNDATION TRUST,C_320,Cardiology Service,"3,492","1,230",35.20%,27,61.4,585,63,195
Y62,RBT,MID CHESHIRE HOSPITALS NHS FOUNDATION TRUST,C_330,Dermatology Service,"4,694","2,427",51.70%,17.3,40.4,145,13,48
Y62,RBT,MID CHESHIRE HOSPITALS NHS FOUNDATION TRUST,C_340,Respiratory Medicine Service,875,389,44.50%,20.6,56.7,110,-,14
Y62,RBT,MID CHESHIRE HOSPITALS NHS FOUNDATION TRUST,C_400,Neurology Service,-,-,-,-,-,-,-,-
Y62,RBT,MID CHESHIRE HOSPITALS NHS FOUNDATION TRUST,C_410,Rheumatology Service,"1,637",433,26.50%,32.7,68,378,20,176
Y62,RBT,MID CHESHIRE HOSPITALS NHS FOUNDATION TRUST,C_430,Elderly Medicine Service,40,28,70.00%,11,30.8,1,-,1
Y62,RBT,MID CHESHIRE HOSPITALS NHS FOUNDATION TRUST,C_502,Gynaecology Service,"1,993","1,140",57.20%,14.9,41.4,45,-,5
Y62,RBT,MID CHESHIRE HOSPITALS NHS FOUNDATION TRUST,X02,Other - Medical Services,"2,149","1,426",66.40%,11,35,8,-,-
Y62,RBT,MID CHESHIRE HOSPITALS NHS FOUNDATION TRUST,X03,Other - Mental Health Services,-,-,-,-,-,-,-,-
Y62,RBT,MID CHESHIRE HOSPITALS NHS FOUNDATION TRUST,X04,Other - Paediatric Services,785,520,66.20%,11,40.9,3,-,-
Y62,RBT,MID CHESHIRE HOSPITALS NHS FOUNDATION TRUST,X05,Other - Surgical Services,372,359,96.50%,1.8,12.6,1,-,1
Y62,RBT,MID CHESHIRE HOSPITALS NHS FOUNDATION TRUST,X06,Other - Other Services,770,723,93.90%,4.9,15.4,-,-,-
Y62,RBV,THE CHRISTIE NHS FOUNDATION TRUST,C_100,General Surgery Service,-,-,-,-,-,-,-,-
Y62,RBV,THE CHRISTIE NHS FOUNDATION TRUST,C_101,Urology Service,157,141,89.80%,7.4,19.7,-,-,-
Y62,RBV,THE CHRISTIE NHS FOUNDATION TRUST,C_110,Trauma and Orthopaedic Service,-,-,-,-,-,-,-,-
Y62,RBV,THE CHRISTIE NHS FOUNDATION TRUST,C_120,Ear Nose and Throat Service,2,2,100.00%,-,-,-,-,-
Y62,RBV,THE CHRISTIE NHS FOUNDATION TRUST,C_130,Ophthalmology Service,-,-,-,-,-,-,-,-
Y62,RBV,THE CHRISTIE NHS FOUNDATION TRUST,C_140,Oral Surgery Service,3,3,100.00%,-,-,-,-,-
Y62,RBV,THE CHRISTIE NHS FOUNDATION TRUST,C_150,Neurosurgical Service,-,-,-,-,-,-,-,-
Y62,RBV,THE CHRISTIE NHS FOUNDATION TRUST,C_160,Plastic Surgery Service,285,273,95.80%,5.9,15.1,-,-,-
Y62,RBV,THE CHRISTIE NHS FOUNDATION TRUST,C_170,Cardiothoracic Surgery Service,-,-,-,-,-,-,-,-
Y62,RBV,THE CHRISTIE NHS FOUNDATION TRUST,C_300,General Internal Medicine Service,-,-,-,-,-,-,-,-
Y62,RBV,THE CHRISTIE NHS FOUNDATION TRUST,C_301,Gastroenterology Service,-,-,-,-,-,-,-,-
Y62,RBV,THE CHRISTIE NHS FOUNDATION TRUST,C_320,Cardiology Service,-,-,-,-,-,-,-,-
Y62,RBV,THE CHRISTIE NHS FOUNDATION TRUST,C_330,Dermatology Service,-,-,-,-,-,-,-,-
Y62,RBV,THE CHRISTIE NHS FOUNDATION TRUST,C_340,Respiratory Medicine Service,-,-,-,-,-,-,-,-
Y62,RBV,THE CHRISTIE NHS FOUNDATION TRUST,C_400,Neurology Service,-,-,-,-,-,-,-,-
Y62,RBV,THE CHRISTIE NHS FOUNDATION TRUST,C_410,Rheumatology Service,-,-,-,-,-,-,-,-
Y62,RBV,THE CHRISTIE NHS FOUNDATION TRUST,C_430,Elderly Medicine Service,-,-,-,-,-,-,-,-
Y62,RBV,THE CHRISTIE NHS FOUNDATION TRUST,C_502,Gynaecology Service,57,56,98.20%,5.4,13.4,-,-,-
Y62,RBV,THE CHRISTIE NHS FOUNDATION TRUST,X02,Other - Medical Services,"2,717","2,662",98.00%,4.2,10.6,1,-,-
Y62,RBV,THE CHRISTIE NHS FOUNDATION TRUST,X03,Other - Mental Health Services,-,-,-,-,-,-,-,-
Y62,RBV,THE CHRISTIE NHS FOUNDATION TRUST,X04,Other - Paediatric Services,-,-,-,-,-,-,-,-
Y62,RBV,THE CHRISTIE NHS FOUNDATION TRUST,X05,Other - Surgical Services,208,198,95.20%,6.2,15.7,-,-,-
Y62,RBV,THE CHRISTIE NHS FOUNDATION TRUST,X06,Other - Other Services,-,-,-,-,-,-,-,-
Y62,REM,LIVERPOOL UNIVERSITY HOSPITALS NHS FOUNDATION TRUST,C_100,General Surgery Service,"3,268","1,115",34.10%,25.4,49.4,170,-,9
Y62,REM,LIVERPOOL UNIVERSITY HOSPITALS NHS FOUNDATION TRUST,C_101,Urology Service,"4,425","1,944",43.90%,21.4,48.4,193,-,16
Y62,REM,LIVERPOOL UNIVERSITY HOSPITALS NHS FOUNDATION TRUST,C_110,Trauma and Orthopaedic Service,"7,017","3,036",43.30%,21.5,49.3,375,-,34
Y62,REM,LIVERPOOL UNIVERSITY HOSPITALS NHS FOUNDATION TRUST,C_120,Ear Nose and Throat Service,"6,292","2,622",41.70%,22.5,44.9,165,-,12
Y62,REM,LIVERPOOL UNIVERSITY HOSPITALS NHS FOUNDATION TRUST,C_130,Ophthalmology Service,"9,613","4,996",52.00%,17.1,40.6,73,-,6
Y62,REM,LIVERPOOL UNIVERSITY HOSPITALS NHS FOUNDATION TRUST,C_140,Oral Surgery Service,"4,841","2,668",55.10%,15.9,43.4,103,-,2
Y62,REM,LIVERPOOL UNIVERSITY HOSPITALS NHS FOUNDATION TRUST,C_150,Neurosurgical Service,-,-,-,-,-,-,-,-
Y62,REM,LIVERPOOL UNIVERSITY HOSPITALS NHS FOUNDATION TRUST,C_160,Plastic Surgery Service,415,158,38.10%,21.8,37.8,11,-,3
Y62,REM,LIVERPOOL UNIVERSITY HOSPITALS NHS FOUNDATION TRUST,C_170,Cardiothoracic Surgery Service,-,-,-,-,-,-,-,-
Y62,REM,LIVERPOOL UNIVERSITY HOSPITALS NHS FOUNDATION TRUST,C_300,General Internal Medicine Service,325,289,88.90%,4.3,23,3,-,-
Y62,REM,LIVERPOOL UNIVERSITY HOSPITALS NHS FOUNDATION TRUST,C_301,Gastroenterology Service,"6,254","3,646",58.30%,14.5,39.5,27,-,-
Y62,REM,LIVERPOOL UNIVERSITY HOSPITALS NHS FOUNDATION TRUST,C_320,Cardiology Service,"3,685","2,693",73.10%,10.3,29.2,2,-,-
Y62,REM,LIVERPOOL UNIVERSITY HOSPITALS NHS FOUNDATION TRUST,C_330,Dermatology Service,"3,233","1,613",49.90%,18.1,43.8,15,-,-
Y62,REM,LIVERPOOL UNIVERSITY HOSPITALS NHS FOUNDATION TRUST,C_340,Respiratory Medicine Service,"2,018","1,434",71.10%,11.3,29.4,1,-,-
Y62,REM,LIVERPOOL UNIVERSITY HOSPITALS NHS FOUNDATION TRUST,C_400,Neurology Service,-,-,-,-,-,-,-,-
Y62,REM,LIVERPOOL UNIVERSITY HOSPITALS NHS FOUNDATION TRUST,C_410,Rheumatology Service,685,555,81.00%,9.4,25.1,-,-,-
Y62,REM,LIVERPOOL UNIVERSITY HOSPITALS NHS FOUNDATION TRUST,C_430,Elderly Medicine Service,461,412,89.40%,7.8,22,-,-,-
Y62,REM,LIVERPOOL UNIVERSITY HOSPITALS NHS FOUNDATION TRUST,C_502,Gynaecology Service,-,-,-,-,-,-,-,-
Y62,REM,LIVERPOOL UNIVERSITY HOSPITALS NHS FOUNDATION TRUST,X02,Other - Medical Services,"8,925","4,304",48.20%,18.9,44.8,195,-,10
Y62,REM,LIVERPOOL UNIVERSITY HOSPITALS NHS FOUNDATION TRUST,X03,Other - Mental Health Services,-,-,-,-,-,-,-,-
Y62,REM,LIVERPOOL UNIVERSITY HOSPITALS NHS FOUNDATION TRUST,X04,Other - Paediatric Services,974,480,49.30%,18.3,44.7,14,-,-
Y62,REM,LIVERPOOL UNIVERSITY HOSPITALS NHS FOUNDATION TRUST,X05,Other - Surgical Services,"11,186","5,860",52.40%,16.9,43.5,293,-,24
Y62,REM,LIVERPOOL UNIVERSITY HOSPITALS NHS FOUNDATION TRUST,X06,Other - Other Services,"3,331","2,368",71.10%,10.9,29.5,5,-,2
Y62,REN,THE CLATTERBRIDGE CANCER CENTRE NHS FOUNDATION TRUST,C_100,General Surgery Service,-,-,-,-,-,-,-,-
Y62,REN,THE CLATTERBRIDGE CANCER CENTRE NHS FOUNDATION TRUST,C_101,Urology Service,-,-,-,-,-,-,-,-
Y62,REN,THE CLATTERBRIDGE CANCER CENTRE NHS FOUNDATION TRUST,C_110,Trauma and Orthopaedic Service,-,-,-,-,-,-,-,-
Y62,REN,THE CLATTERBRIDGE CANCER CENTRE NHS FOUNDATION TRUST,C_120,Ear Nose and Throat Service,-,-,-,-,-,-,-,-
Y62,REN,THE CLATTERBRIDGE CANCER CENTRE NHS FOUNDATION TRUST,C_130,Ophthalmology Service,-,-,-,-,-,-,-,-
Y62,REN,THE CLATTERBRIDGE CANCER CENTRE NHS FOUNDATION TRUST,C_140,Oral Surgery Service,-,-,-,-,-,-,-,-
Y62,REN,THE CLATTERBRIDGE CANCER CENTRE NHS FOUNDATION TRUST,C_150,Neurosurgical Service,-,-,-,-,-,-,-,-
Y62,REN,THE CLATTERBRIDGE CANCER CENTRE NHS FOUNDATION TRUST,C_160,Plastic Surgery Service,-,-,-,-,-,-,-,-
Y62,REN,THE CLATTERBRIDGE CANCER CENTRE NHS FOUNDATION TRUST,C_170,Cardiothoracic Surgery Service,-,-,-,-,-,-,-,-
Y62,REN,THE CLATTERBRIDGE CANCER CENTRE NHS FOUNDATION TRUST,C_300,General Internal Medicine Service,-,-,-,-,-,-,-,-
Y62,REN,THE CLATTERBRIDGE CANCER CENTRE NHS FOUNDATION TRUST,C_301,Gastroenterology Service,-,-,-,-,-,-,-,-
Y62,REN,THE CLATTERBRIDGE CANCER CENTRE NHS FOUNDATION TRUST,C_320,Cardiology Service,-,-,-,-,-,-,-,-
Y62,REN,THE CLATTERBRIDGE CANCER CENTRE NHS FOUNDATION TRUST,C_330,Dermatology Service,-,-,-,-,-,-,-,-
Y62,REN,THE CLATTERBRIDGE CANCER CENTRE NHS FOUNDATION TRUST,C_340,Respiratory Medicine Service,-,-,-,-,-,-,-,-
Y62,REN,THE CLATTERBRIDGE CANCER CENTRE NHS FOUNDATION TRUST,C_400,Neurology Service,-,-,-,-,-,-,-,-
Y62,REN,THE CLATTERBRIDGE CANCER CENTRE NHS FOUNDATION TRUST,C_410,Rheumatology Service,-,-,-,-,-,-,-,-
Y62,REN,THE CLATTERBRIDGE CANCER CENTRE NHS FOUNDATION TRUST,C_430,Elderly Medicine Service,-,-,-,-,-,-,-,-
Y62,REN,THE CLATTERBRIDGE CANCER CENTRE NHS FOUNDATION TRUST,C_502,Gynaecology Service,-,-,-,-,-,-,-,-
Y62,REN,THE CLATTERBRIDGE CANCER CENTRE NHS FOUNDATION TRUST,X02,Other - Medical Services,445,434,97.50%,6.5,14.8,-,-,-
Y62,REN,THE CLATTERBRIDGE CANCER CENTRE NHS FOUNDATION TRUST,X03,Other - Mental Health Services,-,-,-,-,-,-,-,-
Y62,REN,THE CLATTERBRIDGE CANCER CENTRE NHS FOUNDATION TRUST,X04,Other - Paediatric Services,-,-,-,-,-,-,-,-
Y62,REN,THE CLATTERBRIDGE CANCER CENTRE NHS FOUNDATION TRUST,X05,Other - Surgical Services,-,-,-,-,-,-,-,-
Y62,REN,THE CLATTERBRIDGE CANCER CENTRE NHS FOUNDATION TRUST,X06,Other - Other Services,445,417,93.70%,6.5,16.2,1,-,-
Y62,REP,LIVERPOOL WOMEN'S NHS FOUNDATION TRUST,C_100,General Surgery Service,-,-,-,-,-,-,-,-
Y62,REP,LIVERPOOL WOMEN'S NHS FOUNDATION TRUST,C_101,Urology Service,-,-,-,-,-,-,-,-
Y62,REP,LIVERPOOL WOMEN'S NHS FOUNDATION TRUST,C_110,Trauma and Orthopaedic Service,-,-,-,-,-,-,-,-
Y62,REP,LIVERPOOL WOMEN'S NHS FOUNDATION TRUST,C_120,Ear Nose and Throat Service,-,-,-,-,-,-,-,-
Y62,REP,LIVERPOOL WOMEN'S NHS FOUNDATION TRUST,C_130,Ophthalmology Service,-,-,-,-,-,-,-,-
Y62,REP,LIVERPOOL WOMEN'S NHS FOUNDATION TRUST,C_140,Oral Surgery Service,-,-,-,-,-,-,-,-
Y62,REP,LIVERPOOL WOMEN'S NHS FOUNDATION TRUST,C_150,Neurosurgical Service,-,-,-,-,-,-,-,-
Y62,REP,LIVERPOOL WOMEN'S NHS FOUNDATION TRUST,C_160,Plastic Surgery Service,-,-,-,-,-,-,-,-
Y62,REP,LIVERPOOL WOMEN'S NHS FOUNDATION TRUST,C_170,Cardiothoracic Surgery Service,-,-,-,-,-,-,-,-
Y62,REP,LIVERPOOL WOMEN'S NHS FOUNDATION TRUST,C_300,General Internal Medicine Service,-,-,-,-,-,-,-,-
Y62,REP,LIVERPOOL WOMEN'S NHS FOUNDATION TRUST,C_301,Gastroenterology Service,-,-,-,-,-,-,-,-
Y62,REP,LIVERPOOL WOMEN'S NHS FOUNDATION TRUST,C_320,Cardiology Service,-,-,-,-,-,-,-,-
Y62,REP,LIVERPOOL WOMEN'S NHS FOUNDATION TRUST,C_330,Dermatology Service,-,-,-,-,-,-,-,-
Y62,REP,LIVERPOOL WOMEN'S NHS FOUNDATION TRUST,C_340,Respiratory Medicine Service,-,-,-,-,-,-,-,-
Y62,REP,LIVERPOOL WOMEN'S NHS FOUNDATION TRUST,C_400,Neurology Service,-,-,-,-,-,-,-,-
Y62,REP,LIVERPOOL WOMEN'S NHS FOUNDATION TRUST,C_410,Rheumatology Service,-,-,-,-,-,-,-,-
Y62,REP,LIVERPOOL WOMEN'S NHS FOUNDATION TRUST,C_430,Elderly Medicine Service,-,-,-,-,-,-,-,-
Y62,REP,LIVERPOOL WOMEN'S NHS FOUNDATION TRUST,C_502,Gynaecology Service,"17,006","7,415",43.60%,21.4,53.3,"1,578",1,253
Y62,REP,LIVERPOOL WOMEN'S NHS FOUNDATION TRUST,X02,Other - Medical Services,-,-,-,-,-,-,-,-
Y62,REP,LIVERPOOL WOMEN'S NHS FOUNDATION TRUST,X03,Other - Mental Health Services,-,-,-,-,-,-,-,-
Y62,REP,LIVERPOOL WOMEN'S NHS FOUNDATION TRUST,X04,Other - Paediatric Services,-,-,-,-,-,-,-,-
Y62,REP,LIVERPOOL WOMEN'S NHS FOUNDATION TRUST,X05,Other - Surgical Services,-,-,-,-,-,-,-,-
Y62,REP,LIVERPOOL WOMEN'S NHS FOUNDATION TRUST,X06,Other - Other Services,"1,718","1,011",58.80%,14.9,30.7,3,-,1
Y62,RET,THE WALTON CENTRE NHS FOUNDATION TRUST,C_100,General Surgery Service,-,-,-,-,-,-,-,-
Y62,RET,THE WALTON CENTRE NHS FOUNDATION TRUST,C_101,Urology Service,-,-,-,-,-,-,-,-
Y62,RET,THE WALTON CENTRE NHS FOUNDATION TRUST,C_110,Trauma and Orthopaedic Service,-,-,-,-,-,-,-,-
Y62,RET,THE WALTON CENTRE NHS FOUNDATION TRUST,C_120,Ear Nose and Throat Service,-,-,-,-,-,-,-,-
Y62,RET,THE WALTON CENTRE NHS FOUNDATION TRUST,C_130,Ophthalmology Service,17,17,100.00%,-,-,-,-,-
Y62,RET,THE WALTON CENTRE NHS FOUNDATION TRUST,C_140,Oral Surgery Service,-,-,-,-,-,-,-,-
Y62,RET,THE WALTON CENTRE NHS FOUNDATION TRUST,C_150,Neurosurgical Service,"2,663","2,019",75.80%,8.6,31.9,18,-,-
Y62,RET,THE WALTON CENTRE NHS FOUNDATION TRUST,C_160,Plastic Surgery Service,-,-,-,-,-,-,-,-
Y62,RET,THE WALTON CENTRE NHS FOUNDATION TRUST,C_170,Cardiothoracic Surgery Service,-,-,-,-,-,-,-,-
Y62,RET,THE WALTON CENTRE NHS FOUNDATION TRUST,C_300,General Internal Medicine Service,-,-,-,-,-,-,-,-
Y62,RET,THE WALTON CENTRE NHS FOUNDATION TRUST,C_301,Gastroenterology Service,-,-,-,-,-,-,-,-
Y62,RET,THE WALTON CENTRE NHS FOUNDATION TRUST,C_320,Cardiology Service,-,-,-,-,-,-,-,-
Y62,RET,THE WALTON CENTRE NHS FOUNDATION TRUST,C_330,Dermatology Service,-,-,-,-,-,-,-,-
Y62,RET,THE WALTON CENTRE NHS FOUNDATION TRUST,C_340,Respiratory Medicine Service,-,-,-,-,-,-,-,-
Y62,RET,THE WALTON CENTRE NHS FOUNDATION TRUST,C_400,Neurology Service,"9,339","4,821",51.60%,17.3,38,2,-,-
Y62,RET,THE WALTON CENTRE NHS FOUNDATION TRUST,C_410,Rheumatology Service,-,-,-,-,-,-,-,-
Y62,RET,THE WALTON CENTRE NHS FOUNDATION TRUST,C_430,Elderly Medicine Service,-,-,-,-,-,-,-,-
Y62,RET,THE WALTON CENTRE NHS FOUNDATION TRUST,C_502,Gynaecology Service,-,-,-,-,-,-,-,-
Y62,RET,THE WALTON CENTRE NHS FOUNDATION TRUST,X02,Other - Medical Services,"3,196","1,882",58.90%,14.7,37,25,-,6
Y62,RET,THE WALTON CENTRE NHS FOUNDATION TRUST,X03,Other - Mental Health Services,2,2,100.00%,-,-,-,-,-
Y62,RET,THE WALTON CENTRE NHS FOUNDATION TRUST,X04,Other - Paediatric Services,-,-,-,-,-,-,-,-
Y62,RET,THE WALTON CENTRE NHS FOUNDATION TRUST,X05,Other - Surgical Services,323,177,54.80%,16.1,45,9,-,-
Y62,RET,THE WALTON CENTRE NHS FOUNDATION TRUST,X06,Other - Other Services,-,-,-,-,-,-,-,-
Y62,RJN,EAST CHESHIRE NHS TRUST,C_100,General Surgery Service,"1,447",860,59.40%,13.3,42.1,33,-,3
Y62,RJN,EAST CHESHIRE NHS TRUST,C_101,Urology Service,630,495,78.60%,9.7,26.9,4,-,-
Y62,RJN,EAST CHESHIRE NHS TRUST,C_110,Trauma and Orthopaedic Service,"1,370",835,60.90%,13.5,37.7,26,-,6
Y62,RJN,EAST CHESHIRE NHS TRUST,C_120,Ear Nose and Throat Service,"1,225",571,46.60%,20,48.1,48,2,13
Y62,RJN,EAST CHESHIRE NHS TRUST,C_130,Ophthalmology Service,"2,076","1,298",62.50%,13.2,43.3,71,1,8
Y62,RJN,EAST CHESHIRE NHS TRUST,C_140,Oral Surgery Service,-,-,-,-,-,-,-,-
Y62,RJN,EAST CHESHIRE NHS TRUST,C_150,Neurosurgical Service,-,-,-,-,-,-,-,-
Y62,RJN,EAST CHESHIRE NHS TRUST,C_160,Plastic Surgery Service,47,38,80.90%,10.2,36.1,2,-,2
Y62,RJN,EAST CHESHIRE NHS TRUST,C_170,Cardiothoracic Surgery Service,-,-,-,-,-,-,-,-
Y62,RJN,EAST CHESHIRE NHS TRUST,C_300,General Internal Medicine Service,24,12,50.00%,14,53.5,3,-,-
Y62,RJN,EAST CHESHIRE NHS TRUST,C_301,Gastroenterology Service,"1,418",624,44.00%,21.4,50.6,89,8,28
Y62,RJN,EAST CHESHIRE NHS TRUST,C_320,Cardiology Service,842,373,44.30%,22.3,49.9,61,3,13
Y62,RJN,EAST CHESHIRE NHS TRUST,C_330,Dermatology Service,-,-,-,-,-,-,-,-
Y62,RJN,EAST CHESHIRE NHS TRUST,C_340,Respiratory Medicine Service,473,275,58.10%,14.8,44.6,9,-,1
Y62,RJN,EAST CHESHIRE NHS TRUST,C_400,Neurology Service,-,-,-,-,-,-,-,-
Y62,RJN,EAST CHESHIRE NHS TRUST,C_410,Rheumatology Service,-,-,-,-,-,-,-,-
Y62,RJN,EAST CHESHIRE NHS TRUST,C_430,Elderly Medicine Service,106,37,34.90%,21.8,39.5,2,-,-
Y62,RJN,EAST CHESHIRE NHS TRUST,C_502,Gynaecology Service,"1,611",838,52.00%,17,39.9,27,-,2
Y62,RJN,EAST CHESHIRE NHS TRUST,X02,Other - Medical Services,450,277,61.60%,10.3,42.8,9,-,1
Y62,RJN,EAST CHESHIRE NHS TRUST,X03,Other - Mental Health Services,-,-,-,-,-,-,-,-
Y62,RJN,EAST CHESHIRE NHS TRUST,X04,Other - Paediatric Services,224,119,53.10%,17.1,51.5,17,-,-
Y62,RJN,EAST CHESHIRE NHS TRUST,X05,Other - Surgical Services,926,472,51.00%,17.5,43.2,17,-,-
Y62,RJN,EAST CHESHIRE NHS TRUST,X06,Other - Other Services,13,12,92.30%,-,-,-,-,-
Y62,RJR,COUNTESS OF CHESTER HOSPITAL NHS FOUNDATION TRUST,C_100,General Surgery Service,"1,208",409,33.90%,24.3,55.4,126,-,36
Y62,RJR,COUNTESS OF CHESTER HOSPITAL NHS FOUNDATION TRUST,C_101,Urology Service,"1,682",803,47.70%,19.6,54,157,-,30
Y62,RJR,COUNTESS OF CHESTER HOSPITAL NHS FOUNDATION TRUST,C_110,Trauma and Orthopaedic Service,"1,596",853,53.40%,16.7,48.9,98,-,36
Y62,RJR,COUNTESS OF CHESTER HOSPITAL NHS FOUNDATION TRUST,C_120,Ear Nose and Throat Service,"4,793","1,723",35.90%,26.5,60.2,706,2,218
Y62,RJR,COUNTESS OF CHESTER HOSPITAL NHS FOUNDATION TRUST,C_130,Ophthalmology Service,"2,457","1,351",55.00%,15.8,48,136,-,28
Y62,RJR,COUNTESS OF CHESTER HOSPITAL NHS FOUNDATION TRUST,C_140,Oral Surgery Service,"1,124",542,48.20%,18.7,54.5,99,-,35
Y62,RJR,COUNTESS OF CHESTER HOSPITAL NHS FOUNDATION TRUST,C_150,Neurosurgical Service,-,-,-,-,-,-,-,-
Y62,RJR,COUNTESS OF CHESTER HOSPITAL NHS FOUNDATION TRUST,C_160,Plastic Surgery Service,"1,016",568,55.90%,14.3,45.2,42,-,15
Y62,RJR,COUNTESS OF CHESTER HOSPITAL NHS FOUNDATION TRUST,C_170,Cardiothoracic Surgery Service,-,-,-,-,-,-,-,-
Y62,RJR,COUNTESS OF CHESTER HOSPITAL NHS FOUNDATION TRUST,C_300,General Internal Medicine Service,65,43,66.20%,11.4,39.9,2,-,-
Y62,RJR,COUNTESS OF CHESTER HOSPITAL NHS FOUNDATION TRUST,C_301,Gastroenterology Service,"1,040",601,57.80%,14.6,44.6,24,-,5
Y62,RJR,COUNTESS OF CHESTER HOSPITAL NHS FOUNDATION TRUST,C_320,Cardiology Service,"1,260",730,57.90%,14.6,40.1,5,-,-
Y62,RJR,COUNTESS OF CHESTER HOSPITAL NHS FOUNDATION TRUST,C_330,Dermatology Service,"1,789","1,001",56.00%,15.6,39.5,42,-,12
Y62,RJR,COUNTESS OF CHESTER HOSPITAL NHS FOUNDATION TRUST,C_340,Respiratory Medicine Service,"1,274",767,60.20%,12.7,46.5,46,-,12
Y62,RJR,COUNTESS OF CHESTER HOSPITAL NHS FOUNDATION TRUST,C_400,Neurology Service,-,-,-,-,-,-,-,-
Y62,RJR,COUNTESS OF CHESTER HOSPITAL NHS FOUNDATION TRUST,C_410,Rheumatology Service,583,274,47.00%,19.5,49.7,37,-,1
Y62,RJR,COUNTESS OF CHESTER HOSPITAL NHS FOUNDATION TRUST,C_430,Elderly Medicine Service,235,172,73.20%,11.5,30.4,1,-,-
Y62,RJR,COUNTESS OF CHESTER HOSPITAL NHS FOUNDATION TRUST,C_502,Gynaecology Service,"2,157","1,227",56.90%,14.8,41.2,68,-,16
Y62,RJR,COUNTESS OF CHESTER HOSPITAL NHS FOUNDATION TRUST,X02,Other - Medical Services,"2,439","1,644",67.40%,11.7,33.8,23,-,4
Y62,RJR,COUNTESS OF CHESTER HOSPITAL NHS FOUNDATION TRUST,X03,Other - Mental Health Services,-,-,-,-,-,-,-,-
Y62,RJR,COUNTESS OF CHESTER HOSPITAL NHS FOUNDATION TRUST,X04,Other - Paediatric Services,804,501,62.30%,13.9,31.5,4,-,-
Y62,RJR,COUNTESS OF CHESTER HOSPITAL NHS FOUNDATION TRUST,X05,Other - Surgical Services,"5,438","2,435",44.80%,20.6,51,386,-,148
Y62,RJR,COUNTESS OF CHESTER HOSPITAL NHS FOUNDATION TRUST,X06,Other - Other Services,141,134,95.00%,3.8,16.9,1,-,1
Y62,RM3,NORTHERN CARE ALLIANCE NHS FOUNDATION TRUST,C_100,General Surgery Service,"5,547","2,445",44.10%,20.9,51.7,425,2,106
Y62,RM3,NORTHERN CARE ALLIANCE NHS FOUNDATION TRUST,C_101,Urology Service,"9,326","4,158",44.60%,20.8,52.6,787,5,133
Y62,RM3,NORTHERN CARE ALLIANCE NHS FOUNDATION TRUST,C_110,Trauma and Orthopaedic Service,"14,664","7,324",49.90%,18,50.4,"1,060",87,380
Y62,RM3,NORTHERN CARE ALLIANCE NHS FOUNDATION TRUST,C_120,Ear Nose and Throat Service,"13,972","5,754",41.20%,22.7,51.9,"1,111",40,362
Y62,RM3,NORTHERN CARE ALLIANCE NHS FOUNDATION TRUST,C_130,Ophthalmology Service,"7,850","3,581",45.60%,19.9,47.7,330,10,100
Y62,RM3,NORTHERN CARE ALLIANCE NHS FOUNDATION TRUST,C_140,Oral Surgery Service,"2,980","1,028",34.50%,27.2,63.2,485,6,187
Y62,RM3,NORTHERN CARE ALLIANCE NHS FOUNDATION TRUST,C_150,Neurosurgical Service,"7,361","3,428",46.60%,19.7,61.9,940,111,426
Y62,RM3,NORTHERN CARE ALLIANCE NHS FOUNDATION TRUST,C_160,Plastic Surgery Service,790,477,60.40%,12.4,50.4,58,3,19
Y62,RM3,NORTHERN CARE ALLIANCE NHS FOUNDATION TRUST,C_170,Cardiothoracic Surgery Service,6,6,100.00%,-,-,-,-,-
Y62,RM3,NORTHERN CARE ALLIANCE NHS FOUNDATION TRUST,C_300,General Internal Medicine Service,54,40,74.10%,7.3,23.7,-,-,-
Y62,RM3,NORTHERN CARE ALLIANCE NHS FOUNDATION TRUST,C_301,Gastroenterology Service,"10,860","5,824",53.60%,16.2,42.9,326,2,67
Y62,RM3,NORTHERN CARE ALLIANCE NHS FOUNDATION TRUST,C_320,Cardiology Service,"6,629","3,354",50.60%,17.7,39.2,124,-,12
Y62,RM3,NORTHERN CARE ALLIANCE NHS FOUNDATION TRUST,C_330,Dermatology Service,"16,862","7,686",45.60%,20.5,53,"1,457",31,496
Y62,RM3,NORTHERN CARE ALLIANCE NHS FOUNDATION TRUST,C_340,Respiratory Medicine Service,"2,976","2,290",76.90%,9.3,27.7,2,-,-
Y62,RM3,NORTHERN CARE ALLIANCE NHS FOUNDATION TRUST,C_400,Neurology Service,"16,655","9,546",57.30%,15.2,44.4,395,5,61
Y62,RM3,NORTHERN CARE ALLIANCE NHS FOUNDATION TRUST,C_410,Rheumatology Service,"3,188","1,257",39.40%,24.2,47.2,110,-,1
Y62,RM3,NORTHERN CARE ALLIANCE NHS FOUNDATION TRUST,C_430,Elderly Medicine Service,322,244,75.80%,12.1,25.2,-,-,-
Y62,RM3,NORTHERN CARE ALLIANCE NHS FOUNDATION TRUST,C_502,Gynaecology Service,"10,779","4,743",44.00%,20.9,46.7,447,3,105
Y62,RM3,NORTHERN CARE ALLIANCE NHS FOUNDATION TRUST,X02,Other - Medical Services,"6,570","4,801",73.10%,10.7,30.5,24,-,7
Y62,RM3,NORTHERN CARE ALLIANCE NHS FOUNDATION TRUST,X03,Other - Mental Health Services,-,-,-,-,-,-,-,-
Y62,RM3,NORTHERN CARE ALLIANCE NHS FOUNDATION TRUST,X04,Other - Paediatric Services,"7,271","3,550",48.80%,18.6,50.1,460,1,113
Y62,RM3,NORTHERN CARE ALLIANCE NHS FOUNDATION TRUST,X05,Other - Surgical Services,"9,639","5,480",56.90%,15.2,41.5,271,3,61
Y62,RM3,NORTHERN CARE ALLIANCE NHS FOUNDATION TRUST,X06,Other - Other Services,93,49,52.70%,16.8,35.6,1,-,-
Y62,RMC,BOLTON NHS FOUNDATION TRUST,C_100,General Surgery Service,"4,004","2,212",55.20%,15.4,53.6,357,8,121
Y62,RMC,BOLTON NHS FOUNDATION TRUST,C_101,Urology Service,"2,835","1,134",40.00%,24.9,58.7,376,18,108
Y62,RMC,BOLTON NHS FOUNDATION TRUST,C_110,Trauma and Orthopaedic Service,"5,526","2,920",52.80%,17,44.7,291,20,119
Y62,RMC,BOLTON NHS FOUNDATION TRUST,C_120,Ear Nose and Throat Service,"5,921","2,033",34.30%,27.1,56,647,10,188
Y62,RMC,BOLTON NHS FOUNDATION TRUST,C_130,Ophthalmology Service,"3,886","2,589",66.60%,11.1,37.5,103,7,31
Y62,RMC,BOLTON NHS FOUNDATION TRUST,C_140,Oral Surgery Service,"2,775","1,237",44.60%,20.1,52.3,226,4,56
Y62,RMC,BOLTON NHS FOUNDATION TRUST,C_150,Neurosurgical Service,-,-,-,-,-,-,-,-
Y62,RMC,BOLTON NHS FOUNDATION TRUST,C_160,Plastic Surgery Service,713,257,36.00%,28.3,63.7,134,5,48
Y62,RMC,BOLTON NHS FOUNDATION TRUST,C_170,Cardiothoracic Surgery Service,48,16,33.30%,32.3,54.2,6,-,-
Y62,RMC,BOLTON NHS FOUNDATION TRUST,C_300,General Internal Medicine Service,7,7,100.00%,-,-,-,-,-
Y62,RMC,BOLTON NHS FOUNDATION TRUST,C_301,Gastroenterology Service,"1,815","1,244",68.50%,11.4,32.4,1,-,-
Y62,RMC,BOLTON NHS FOUNDATION TRUST,C_320,Cardiology Service,"2,916","1,533",52.60%,16.9,40.3,67,1,1
Y62,RMC,BOLTON NHS FOUNDATION TRUST,C_330,Dermatology Service,"2,409","1,181",49.00%,18.3,38.2,3,-,-
Y62,RMC,BOLTON NHS FOUNDATION TRUST,C_340,Respiratory Medicine Service,"1,129",723,64.00%,12.6,35,4,-,-
Y62,RMC,BOLTON NHS FOUNDATION TRUST,C_400,Neurology Service,12,10,83.30%,-,-,-,-,-
Y62,RMC,BOLTON NHS FOUNDATION TRUST,C_410,Rheumatology Service,"1,102",368,33.40%,28.3,57.6,168,-,7
Y62,RMC,BOLTON NHS FOUNDATION TRUST,C_430,Elderly Medicine Service,285,267,93.70%,6.7,16.5,-,-,-
Y62,RMC,BOLTON NHS FOUNDATION TRUST,C_502,Gynaecology Service,"3,431","1,280",37.30%,23.9,54.8,328,5,133
Y62,RMC,BOLTON NHS FOUNDATION TRUST,X02,Other - Medical Services,"3,665","2,268",61.90%,13.8,40.7,88,-,12
Y62,RMC,BOLTON NHS FOUNDATION TRUST,X03,Other - Mental Health Services,-,-,-,-,-,-,-,-
Y62,RMC,BOLTON NHS FOUNDATION TRUST,X04,Other - Paediatric Services,638,228,35.70%,28.2,68,136,16,56
Y62,RMC,BOLTON NHS FOUNDATION TRUST,X05,Other - Surgical Services,707,348,49.20%,18.3,47.5,36,-,9
Y62,RMC,BOLTON NHS FOUNDATION TRUST,X06,Other - Other Services,123,109,88.60%,6.4,22.1,-,-,-
Y62,RMP,TAMESIDE AND GLOSSOP INTEGRATED CARE NHS FOUNDATION TRUST,C_100,General Surgery Service,"1,444",845,58.50%,14.1,40.6,25,-,3
Y62,RMP,TAMESIDE AND GLOSSOP INTEGRATED CARE NHS FOUNDATION TRUST,C_101,Urology Service,"1,513",924,61.10%,13.8,41.7,25,-,6
Y62,RMP,TAMESIDE AND GLOSSOP INTEGRATED CARE NHS FOUNDATION TRUST,C_110,Trauma and Orthopaedic Service,"1,842","1,141",61.90%,13.9,36.2,17,-,1
Y62,RMP,TAMESIDE AND GLOSSOP INTEGRATED CARE NHS FOUNDATION TRUST,C_120,Ear Nose and Throat Service,"1,750","1,099",62.80%,13.5,32.4,3,-,-
Y62,RMP,TAMESIDE AND GLOSSOP INTEGRATED CARE NHS FOUNDATION TRUST,C_130,Ophthalmology Service,21,18,85.70%,11.3,27.3,-,-,-
Y62,RMP,TAMESIDE AND GLOSSOP INTEGRATED CARE NHS FOUNDATION TRUST,C_140,Oral Surgery Service,"1,509",241,16.00%,30.5,51.9,119,-,16
Y62,RMP,TAMESIDE AND GLOSSOP INTEGRATED CARE NHS FOUNDATION TRUST,C_150,Neurosurgical Service,-,-,-,-,-,-,-,-
Y62,RMP,TAMESIDE AND GLOSSOP INTEGRATED CARE NHS FOUNDATION TRUST,C_160,Plastic Surgery Service,-,-,-,-,-,-,-,-
Y62,RMP,TAMESIDE AND GLOSSOP INTEGRATED CARE NHS FOUNDATION TRUST,C_170,Cardiothoracic Surgery Service,16,10,62.50%,-,-,-,-,-
Y62,RMP,TAMESIDE AND GLOSSOP INTEGRATED CARE NHS FOUNDATION TRUST,C_300,General Internal Medicine Service,20,9,45.00%,18.3,35.4,-,-,-
Y62,RMP,TAMESIDE AND GLOSSOP INTEGRATED CARE NHS FOUNDATION TRUST,C_301,Gastroenterology Service,"1,306",820,62.80%,12.3,35.2,1,-,-
Y62,RMP,TAMESIDE AND GLOSSOP INTEGRATED CARE NHS FOUNDATION TRUST,C_320,Cardiology Service,"1,050",620,59.00%,13.1,37.3,9,-,-
Y62,RMP,TAMESIDE AND GLOSSOP INTEGRATED CARE NHS FOUNDATION TRUST,C_330,Dermatology Service,548,135,24.60%,21.9,33.6,-,-,-
Y62,RMP,TAMESIDE AND GLOSSOP INTEGRATED CARE NHS FOUNDATION TRUST,C_340,Respiratory Medicine Service,669,488,72.90%,10.4,33.7,1,-,-
Y62,RMP,TAMESIDE AND GLOSSOP INTEGRATED CARE NHS FOUNDATION TRUST,C_400,Neurology Service,-,-,-,-,-,-,-,-
Y62,RMP,TAMESIDE AND GLOSSOP INTEGRATED CARE NHS FOUNDATION TRUST,C_410,Rheumatology Service,160,107,66.90%,11.8,36.8,1,-,1
Y62,RMP,TAMESIDE AND GLOSSOP INTEGRATED CARE NHS FOUNDATION TRUST,C_430,Elderly Medicine Service,11,11,100.00%,-,-,-,-,-
Y62,RMP,TAMESIDE AND GLOSSOP INTEGRATED CARE NHS FOUNDATION TRUST,C_502,Gynaecology Service,"2,507","1,277",50.90%,17.4,47.4,120,-,14
Y62,RMP,TAMESIDE AND GLOSSOP INTEGRATED CARE NHS FOUNDATION TRUST,X02,Other - Medical Services,"1,544",905,58.60%,15.1,34.9,8,-,-
Y62,RMP,TAMESIDE AND GLOSSOP INTEGRATED CARE NHS FOUNDATION TRUST,X03,Other - Mental Health Services,-,-,-,-,-,-,-,-
Y62,RMP,TAMESIDE AND GLOSSOP INTEGRATED CARE NHS FOUNDATION TRUST,X04,Other - Paediatric Services,"1,927","1,276",66.20%,11.8,37.8,17,-,4
Y62,RMP,TAMESIDE AND GLOSSOP INTEGRATED CARE NHS FOUNDATION TRUST,X05,Other - Surgical Services,"2,377","1,382",58.10%,14.4,42.7,36,-,4
Y62,RMP,TAMESIDE AND GLOSSOP INTEGRATED CARE NHS FOUNDATION TRUST,X06,Other - Other Services,-,-,-,-,-,-,-,-
Y62,RRF,"WRIGHTINGTON, WIGAN AND LEIGH NHS FOUNDATION TRUST",C_100,General Surgery Service,"1,993",825,41.40%,22.7,55.6,217,1,61
Y62,RRF,"WRIGHTINGTON, WIGAN AND LEIGH NHS FOUNDATION TRUST",C_101,Urology Service,"3,212","1,817",56.60%,15.1,45,106,-,17
Y62,RRF,"WRIGHTINGTON, WIGAN AND LEIGH NHS FOUNDATION TRUST",C_110,Trauma and Orthopaedic Service,"7,998","4,902",61.30%,13.5,42.2,245,3,50
Y62,RRF,"WRIGHTINGTON, WIGAN AND LEIGH NHS FOUNDATION TRUST",C_120,Ear Nose and Throat Service,"3,743","2,152",57.50%,15.1,47.5,198,-,45
Y62,RRF,"WRIGHTINGTON, WIGAN AND LEIGH NHS FOUNDATION TRUST",C_130,Ophthalmology Service,"3,514","1,779",50.60%,17.8,42.8,55,-,8
Y62,RRF,"WRIGHTINGTON, WIGAN AND LEIGH NHS FOUNDATION TRUST",C_140,Oral Surgery Service,"1,613",926,57.40%,15.3,44.5,87,-,34
Y62,RRF,"WRIGHTINGTON, WIGAN AND LEIGH NHS FOUNDATION TRUST",C_150,Neurosurgical Service,25,8,32.00%,23.5,41,-,-,-
Y62,RRF,"WRIGHTINGTON, WIGAN AND LEIGH NHS FOUNDATION TRUST",C_160,Plastic Surgery Service,761,322,42.30%,20.7,42.5,4,-,1
Y62,RRF,"WRIGHTINGTON, WIGAN AND LEIGH NHS FOUNDATION TRUST",C_170,Cardiothoracic Surgery Service,42,26,61.90%,12,39.6,-,-,-
Y62,RRF,"WRIGHTINGTON, WIGAN AND LEIGH NHS FOUNDATION TRUST",C_300,General Internal Medicine Service,189,111,58.70%,12.1,48.2,3,-,-
Y62,RRF,"WRIGHTINGTON, WIGAN AND LEIGH NHS FOUNDATION TRUST",C_301,Gastroenterology Service,"4,317","2,296",53.20%,16.4,52,344,3,85
Y62,RRF,"WRIGHTINGTON, WIGAN AND LEIGH NHS FOUNDATION TRUST",C_320,Cardiology Service,"2,804","1,444",51.50%,16.9,53.1,247,-,49
Y62,RRF,"WRIGHTINGTON, WIGAN AND LEIGH NHS FOUNDATION TRUST",C_330,Dermatology Service,"3,298","1,484",45.00%,20.2,41.9,6,-,1
Y62,RRF,"WRIGHTINGTON, WIGAN AND LEIGH NHS FOUNDATION TRUST",C_340,Respiratory Medicine Service,"3,049","1,333",43.70%,21.6,55.6,379,2,79
Y62,RRF,"WRIGHTINGTON, WIGAN AND LEIGH NHS FOUNDATION TRUST",C_400,Neurology Service,-,-,-,-,-,-,-,-
Y62,RRF,"WRIGHTINGTON, WIGAN AND LEIGH NHS FOUNDATION TRUST",C_410,Rheumatology Service,"1,045",768,73.50%,12.7,24.9,1,-,-
Y62,RRF,"WRIGHTINGTON, WIGAN AND LEIGH NHS FOUNDATION TRUST",C_430,Elderly Medicine Service,407,184,45.20%,21.3,42.6,3,-,-
Y62,RRF,"WRIGHTINGTON, WIGAN AND LEIGH NHS FOUNDATION TRUST",C_502,Gynaecology Service,"4,699","1,882",40.10%,24.4,60.5,656,14,220
Y62,RRF,"WRIGHTINGTON, WIGAN AND LEIGH NHS FOUNDATION TRUST",X02,Other - Medical Services,"2,172",846,39.00%,25.9,59.2,379,-,99
Y62,RRF,"WRIGHTINGTON, WIGAN AND LEIGH NHS FOUNDATION TRUST",X03,Other - Mental Health Services,-,-,-,-,-,-,-,-
Y62,RRF,"WRIGHTINGTON, WIGAN AND LEIGH NHS FOUNDATION TRUST",X04,Other - Paediatric Services,"3,864","1,563",40.50%,24.8,60.9,531,1,184
Y62,RRF,"WRIGHTINGTON, WIGAN AND LEIGH NHS FOUNDATION TRUST",X05,Other - Surgical Services,"5,657","3,117",55.10%,15.2,46.1,218,5,57
Y62,RRF,"WRIGHTINGTON, WIGAN AND LEIGH NHS FOUNDATION TRUST",X06,Other - Other Services,79,73,92.40%,1.4,16.7,2,-,1
Y62,RTX,UNIVERSITY HOSPITALS OF MORECAMBE BAY NHS FOUNDATION TRUST,C_100,General Surgery Service,"2,403","1,372",57.10%,15.1,40.8,34,-,3
Y62,RTX,UNIVERSITY HOSPITALS OF MORECAMBE BAY NHS FOUNDATION TRUST,C_101,Urology Service,"2,316","1,456",62.90%,13.4,37.6,14,-,1
Y62,RTX,UNIVERSITY HOSPITALS OF MORECAMBE BAY NHS FOUNDATION TRUST,C_110,Trauma and Orthopaedic Service,"5,836","2,626",45.00%,20.6,47,228,-,24
Y62,RTX,UNIVERSITY HOSPITALS OF MORECAMBE BAY NHS FOUNDATION TRUST,C_120,Ear Nose and Throat Service,"2,840","2,199",77.40%,8.8,29.7,3,-,-
Y62,RTX,UNIVERSITY HOSPITALS OF MORECAMBE BAY NHS FOUNDATION TRUST,C_130,Ophthalmology Service,"3,572","2,833",79.30%,9.1,24.8,1,-,-
Y62,RTX,UNIVERSITY HOSPITALS OF MORECAMBE BAY NHS FOUNDATION TRUST,C_140,Oral Surgery Service,"1,510","1,032",68.30%,11.2,33,17,2,5
Y62,RTX,UNIVERSITY HOSPITALS OF MORECAMBE BAY NHS FOUNDATION TRUST,C_150,Neurosurgical Service,-,-,-,-,-,-,-,-
Y62,RTX,UNIVERSITY HOSPITALS OF MORECAMBE BAY NHS FOUNDATION TRUST,C_160,Plastic Surgery Service,97,91,93.80%,5.3,15.8,-,-,-
Y62,RTX,UNIVERSITY HOSPITALS OF MORECAMBE BAY NHS FOUNDATION TRUST,C_170,Cardiothoracic Surgery Service,11,10,90.90%,-,-,-,-,-
Y62,RTX,UNIVERSITY HOSPITALS OF MORECAMBE BAY NHS FOUNDATION TRUST,C_300,General Internal Medicine Service,44,37,84.10%,4.8,34.5,-,-,-
Y62,RTX,UNIVERSITY HOSPITALS OF MORECAMBE BAY NHS FOUNDATION TRUST,C_301,Gastroenterology Service,"1,104",986,89.30%,5.9,22.3,2,-,-
Y62,RTX,UNIVERSITY HOSPITALS OF MORECAMBE BAY NHS FOUNDATION TRUST,C_320,Cardiology Service,830,716,86.30%,7.9,21.8,-,-,-
Y62,RTX,UNIVERSITY HOSPITALS OF MORECAMBE BAY NHS FOUNDATION TRUST,C_330,Dermatology Service,"1,178","1,038",88.10%,6.2,21.8,-,-,-
Y62,RTX,UNIVERSITY HOSPITALS OF MORECAMBE BAY NHS FOUNDATION TRUST,C_340,Respiratory Medicine Service,662,532,80.40%,9.4,28,-,-,-
Y62,RTX,UNIVERSITY HOSPITALS OF MORECAMBE BAY NHS FOUNDATION TRUST,C_400,Neurology Service,-,-,-,-,-,-,-,-
Y62,RTX,UNIVERSITY HOSPITALS OF MORECAMBE BAY NHS FOUNDATION TRUST,C_410,Rheumatology Service,594,514,86.50%,6.7,25.5,-,-,-
Y62,RTX,UNIVERSITY HOSPITALS OF MORECAMBE BAY NHS FOUNDATION TRUST,C_430,Elderly Medicine Service,132,126,95.50%,5.4,15.7,-,-,-
Y62,RTX,UNIVERSITY HOSPITALS OF MORECAMBE BAY NHS FOUNDATION TRUST,C_502,Gynaecology Service,"2,206","1,453",65.90%,12.4,41.4,39,-,8
Y62,RTX,UNIVERSITY HOSPITALS OF MORECAMBE BAY NHS FOUNDATION TRUST,X02,Other - Medical Services,"2,974","1,879",63.20%,13.3,36.9,15,-,1
Y62,RTX,UNIVERSITY HOSPITALS OF MORECAMBE BAY NHS FOUNDATION TRUST,X03,Other - Mental Health Services,-,-,-,-,-,-,-,-
Y62,RTX,UNIVERSITY HOSPITALS OF MORECAMBE BAY NHS FOUNDATION TRUST,X04,Other - Paediatric Services,"1,871","1,390",74.30%,9.8,32.2,12,-,1
Y62,RTX,UNIVERSITY HOSPITALS OF MORECAMBE BAY NHS FOUNDATION TRUST,X05,Other - Surgical Services,"1,583","1,111",70.20%,9.1,39.9,31,1,4
Y62,RTX,UNIVERSITY HOSPITALS OF MORECAMBE BAY NHS FOUNDATION TRUST,X06,Other - Other Services,495,467,94.30%,3.4,16.6,1,-,-
Y62,RW4,MERSEY CARE NHS FOUNDATION TRUST,C_100,General Surgery Service,-,-,-,-,-,-,-,-
Y62,RW4,MERSEY CARE NHS FOUNDATION TRUST,C_101,Urology Service,-,-,-,-,-,-,-,-
Y62,RW4,MERSEY CARE NHS FOUNDATION TRUST,C_110,Trauma and Orthopaedic Service,-,-,-,-,-,-,-,-
Y62,RW4,MERSEY CARE NHS FOUNDATION TRUST,C_120,Ear Nose and Throat Service,-,-,-,-,-,-,-,-
Y62,RW4,MERSEY CARE NHS FOUNDATION TRUST,C_130,Ophthalmology Service,-,-,-,-,-,-,-,-
Y62,RW4,MERSEY CARE NHS FOUNDATION TRUST,C_140,Oral Surgery Service,-,-,-,-,-,-,-,-
Y62,RW4,MERSEY CARE NHS FOUNDATION TRUST,C_150,Neurosurgical Service,-,-,-,-,-,-,-,-
Y62,RW4,MERSEY CARE NHS FOUNDATION TRUST,C_160,Plastic Surgery Service,-,-,-,-,-,-,-,-
Y62,RW4,MERSEY CARE NHS FOUNDATION TRUST,C_170,Cardiothoracic Surgery Service,-,-,-,-,-,-,-,-
Y62,RW4,MERSEY CARE NHS FOUNDATION TRUST,C_300,General Internal Medicine Service,-,-,-,-,-,-,-,-
Y62,RW4,MERSEY CARE NHS FOUNDATION TRUST,C_301,Gastroenterology Service,-,-,-,-,-,-,-,-
Y62,RW4,MERSEY CARE NHS FOUNDATION TRUST,C_320,Cardiology Service,-,-,-,-,-,-,-,-
Y62,RW4,MERSEY CARE NHS FOUNDATION TRUST,C_330,Dermatology Service,-,-,-,-,-,-,-,-
Y62,RW4,MERSEY CARE NHS FOUNDATION TRUST,C_340,Respiratory Medicine Service,-,-,-,-,-,-,-,-
Y62,RW4,MERSEY CARE NHS FOUNDATION TRUST,C_400,Neurology Service,-,-,-,-,-,-,-,-
Y62,RW4,MERSEY CARE NHS FOUNDATION TRUST,C_410,Rheumatology Service,-,-,-,-,-,-,-,-
Y62,RW4,MERSEY CARE NHS FOUNDATION TRUST,C_430,Elderly Medicine Service,-,-,-,-,-,-,-,-
Y62,RW4,MERSEY CARE NHS FOUNDATION TRUST,C_502,Gynaecology Service,-,-,-,-,-,-,-,-
Y62,RW4,MERSEY CARE NHS FOUNDATION TRUST,X02,Other - Medical Services,-,-,-,-,-,-,-,-
Y62,RW4,MERSEY CARE NHS FOUNDATION TRUST,X03,Other - Mental Health Services,28,27,96.40%,1.6,7.9,-,-,-
Y62,RW4,MERSEY CARE NHS FOUNDATION TRUST,X04,Other - Paediatric Services,-,-,-,-,-,-,-,-
Y62,RW4,MERSEY CARE NHS FOUNDATION TRUST,X05,Other - Surgical Services,-,-,-,-,-,-,-,-
Y62,RW4,MERSEY CARE NHS FOUNDATION TRUST,X06,Other - Other Services,-,-,-,-,-,-,-,-
Y62,RW5,LANCASHIRE & SOUTH CUMBRIA NHS FOUNDATION TRUST,C_100,General Surgery Service,-,-,-,-,-,-,-,-
Y62,RW5,LANCASHIRE & SOUTH CUMBRIA NHS FOUNDATION TRUST,C_101,Urology Service,-,-,-,-,-,-,-,-
Y62,RW5,LANCASHIRE & SOUTH CUMBRIA NHS FOUNDATION TRUST,C_110,Trauma and Orthopaedic Service,"1,159","1,099",94.80%,2.4,13.4,-,-,-
Y62,RW5,LANCASHIRE & SOUTH CUMBRIA NHS FOUNDATION TRUST,C_120,Ear Nose and Throat Service,-,-,-,-,-,-,-,-
Y62,RW5,LANCASHIRE & SOUTH CUMBRIA NHS FOUNDATION TRUST,C_130,Ophthalmology Service,-,-,-,-,-,-,-,-
Y62,RW5,LANCASHIRE & SOUTH CUMBRIA NHS FOUNDATION TRUST,C_140,Oral Surgery Service,-,-,-,-,-,-,-,-
Y62,RW5,LANCASHIRE & SOUTH CUMBRIA NHS FOUNDATION TRUST,C_150,Neurosurgical Service,-,-,-,-,-,-,-,-
Y62,RW5,LANCASHIRE & SOUTH CUMBRIA NHS FOUNDATION TRUST,C_160,Plastic Surgery Service,-,-,-,-,-,-,-,-
Y62,RW5,LANCASHIRE & SOUTH CUMBRIA NHS FOUNDATION TRUST,C_170,Cardiothoracic Surgery Service,-,-,-,-,-,-,-,-
Y62,RW5,LANCASHIRE & SOUTH CUMBRIA NHS FOUNDATION TRUST,C_300,General Internal Medicine Service,-,-,-,-,-,-,-,-
Y62,RW5,LANCASHIRE & SOUTH CUMBRIA NHS FOUNDATION TRUST,C_301,Gastroenterology Service,-,-,-,-,-,-,-,-
Y62,RW5,LANCASHIRE & SOUTH CUMBRIA NHS FOUNDATION TRUST,C_320,Cardiology Service,-,-,-,-,-,-,-,-
Y62,RW5,LANCASHIRE & SOUTH CUMBRIA NHS FOUNDATION TRUST,C_330,Dermatology Service,-,-,-,-,-,-,-,-
Y62,RW5,LANCASHIRE & SOUTH CUMBRIA NHS FOUNDATION TRUST,C_340,Respiratory Medicine Service,-,-,-,-,-,-,-,-
Y62,RW5,LANCASHIRE & SOUTH CUMBRIA NHS FOUNDATION TRUST,C_400,Neurology Service,-,-,-,-,-,-,-,-
Y62,RW5,LANCASHIRE & SOUTH CUMBRIA NHS FOUNDATION TRUST,C_410,Rheumatology Service,302,258,85.40%,6.9,22,-,-,-
Y62,RW5,LANCASHIRE & SOUTH CUMBRIA NHS FOUNDATION TRUST,C_430,Elderly Medicine Service,-,-,-,-,-,-,-,-
Y62,RW5,LANCASHIRE & SOUTH CUMBRIA NHS FOUNDATION TRUST,C_502,Gynaecology Service,-,-,-,-,-,-,-,-
Y62,RW5,LANCASHIRE & SOUTH CUMBRIA NHS FOUNDATION TRUST,X02,Other - Medical Services,-,-,-,-,-,-,-,-
Y62,RW5,LANCASHIRE & SOUTH CUMBRIA NHS FOUNDATION TRUST,X03,Other - Mental Health Services,-,-,-,-,-,-,-,-
Y62,RW5,LANCASHIRE & SOUTH CUMBRIA NHS FOUNDATION TRUST,X04,Other - Paediatric Services,-,-,-,-,-,-,-,-
Y62,RW5,LANCASHIRE & SOUTH CUMBRIA NHS FOUNDATION TRUST,X05,Other - Surgical Services,-,-,-,-,-,-,-,-
Y62,RW5,LANCASHIRE & SOUTH CUMBRIA NHS FOUNDATION TRUST,X06,Other - Other Services,-,-,-,-,-,-,-,-
Y62,RWJ,STOCKPORT NHS FOUNDATION TRUST,C_100,General Surgery Service,"4,029","1,965",48.80%,18.9,49.9,289,27,96
Y62,RWJ,STOCKPORT NHS FOUNDATION TRUST,C_101,Urology Service,"2,898","1,371",47.30%,19.7,64,428,89,216
Y62,RWJ,STOCKPORT NHS FOUNDATION TRUST,C_110,Trauma and Orthopaedic Service,"4,996","2,840",56.80%,14.8,43.3,144,1,19
Y62,RWJ,STOCKPORT NHS FOUNDATION TRUST,C_120,Ear Nose and Throat Service,"3,636","2,098",57.70%,14.4,53.9,329,40,150
Y62,RWJ,STOCKPORT NHS FOUNDATION TRUST,C_130,Ophthalmology Service,"4,730","2,157",45.60%,19.9,51.2,349,3,54
Y62,RWJ,STOCKPORT NHS FOUNDATION TRUST,C_140,Oral Surgery Service,"1,997",80,4.00%,40.6,67.5,561,21,218
Y62,RWJ,STOCKPORT NHS FOUNDATION TRUST,C_150,Neurosurgical Service,-,-,-,-,-,-,-,-
Y62,RWJ,STOCKPORT NHS FOUNDATION TRUST,C_160,Plastic Surgery Service,-,-,-,-,-,-,-,-
Y62,RWJ,STOCKPORT NHS FOUNDATION TRUST,C_170,Cardiothoracic Surgery Service,6,3,50.00%,-,-,-,-,-
Y62,RWJ,STOCKPORT NHS FOUNDATION TRUST,C_300,General Internal Medicine Service,69,63,91.30%,10.8,18.5,-,-,-
Y62,RWJ,STOCKPORT NHS FOUNDATION TRUST,C_301,Gastroenterology Service,"3,409","1,751",51.40%,17.4,56.3,323,21,146
Y62,RWJ,STOCKPORT NHS FOUNDATION TRUST,C_320,Cardiology Service,"4,608","2,010",43.60%,21.4,49.2,231,-,31
Y62,RWJ,STOCKPORT NHS FOUNDATION TRUST,C_330,Dermatology Service,-,-,-,-,-,-,-,-
Y62,RWJ,STOCKPORT NHS FOUNDATION TRUST,C_340,Respiratory Medicine Service,"1,928",774,40.10%,24.4,64,352,8,132
Y62,RWJ,STOCKPORT NHS FOUNDATION TRUST,C_400,Neurology Service,-,-,-,-,-,-,-,-
Y62,RWJ,STOCKPORT NHS FOUNDATION TRUST,C_410,Rheumatology Service,880,567,64.40%,11.8,34.1,6,-,-
Y62,RWJ,STOCKPORT NHS FOUNDATION TRUST,C_430,Elderly Medicine Service,230,218,94.80%,3.4,14.3,-,-,-
Y62,RWJ,STOCKPORT NHS FOUNDATION TRUST,C_502,Gynaecology Service,"4,365","2,224",51.00%,17.6,47,196,6,55
Y62,RWJ,STOCKPORT NHS FOUNDATION TRUST,X02,Other - Medical Services,"2,863","1,869",65.30%,11.3,42.6,115,3,21
Y62,RWJ,STOCKPORT NHS FOUNDATION TRUST,X03,Other - Mental Health Services,-,-,-,-,-,-,-,-
Y62,RWJ,STOCKPORT NHS FOUNDATION TRUST,X04,Other - Paediatric Services,223,157,70.40%,7.9,49.8,15,-,3
Y62,RWJ,STOCKPORT NHS FOUNDATION TRUST,X05,Other - Surgical Services,176,108,61.40%,17,29.7,-,-,-
Y62,RWJ,STOCKPORT NHS FOUNDATION TRUST,X06,Other - Other Services,474,136,28.70%,35.9,62.9,96,-,21
Y62,RWW,WARRINGTON AND HALTON TEACHING HOSPITALS NHS FOUNDATION TRUST,C_100,General Surgery Service,501,214,42.70%,20.9,60.3,72,4,26
Y62,RWW,WARRINGTON AND HALTON TEACHING HOSPITALS NHS FOUNDATION TRUST,C_101,Urology Service,"2,325","1,292",55.60%,16,55.7,226,28,107
Y62,RWW,WARRINGTON AND HALTON TEACHING HOSPITALS NHS FOUNDATION TRUST,C_110,Trauma and Orthopaedic Service,"3,327","1,498",45.00%,20.7,58.9,388,13,149
Y62,RWW,WARRINGTON AND HALTON TEACHING HOSPITALS NHS FOUNDATION TRUST,C_120,Ear Nose and Throat Service,"4,169","1,328",31.90%,30.4,69.4,876,155,472
Y62,RWW,WARRINGTON AND HALTON TEACHING HOSPITALS NHS FOUNDATION TRUST,C_130,Ophthalmology Service,"2,429","1,656",68.20%,12.1,32.5,12,1,4
Y62,RWW,WARRINGTON AND HALTON TEACHING HOSPITALS NHS FOUNDATION TRUST,C_140,Oral Surgery Service,-,-,-,-,-,-,-,-
Y62,RWW,WARRINGTON AND HALTON TEACHING HOSPITALS NHS FOUNDATION TRUST,C_150,Neurosurgical Service,-,-,-,-,-,-,-,-
Y62,RWW,WARRINGTON AND HALTON TEACHING HOSPITALS NHS FOUNDATION TRUST,C_160,Plastic Surgery Service,-,-,-,-,-,-,-,-
Y62,RWW,WARRINGTON AND HALTON TEACHING HOSPITALS NHS FOUNDATION TRUST,C_170,Cardiothoracic Surgery Service,-,-,-,-,-,-,-,-
Y62,RWW,WARRINGTON AND HALTON TEACHING HOSPITALS NHS FOUNDATION TRUST,C_300,General Internal Medicine Service,43,40,93.00%,6.3,17.8,-,-,-
Y62,RWW,WARRINGTON AND HALTON TEACHING HOSPITALS NHS FOUNDATION TRUST,C_301,Gastroenterology Service,"2,187","1,301",59.50%,15.2,48.2,112,7,33
Y62,RWW,WARRINGTON AND HALTON TEACHING HOSPITALS NHS FOUNDATION TRUST,C_320,Cardiology Service,"2,047","1,190",58.10%,15.1,46.1,27,-,2
Y62,RWW,WARRINGTON AND HALTON TEACHING HOSPITALS NHS FOUNDATION TRUST,C_330,Dermatology Service,-,-,-,-,-,-,-,-
Y62,RWW,WARRINGTON AND HALTON TEACHING HOSPITALS NHS FOUNDATION TRUST,C_340,Respiratory Medicine Service,"1,926",998,51.80%,16.9,49.9,98,-,23
Y62,RWW,WARRINGTON AND HALTON TEACHING HOSPITALS NHS FOUNDATION TRUST,C_400,Neurology Service,-,-,-,-,-,-,-,-
Y62,RWW,WARRINGTON AND HALTON TEACHING HOSPITALS NHS FOUNDATION TRUST,C_410,Rheumatology Service,414,333,80.40%,11.6,20.8,-,-,-
Y62,RWW,WARRINGTON AND HALTON TEACHING HOSPITALS NHS FOUNDATION TRUST,C_430,Elderly Medicine Service,10,10,100.00%,-,-,-,-,-
Y62,RWW,WARRINGTON AND HALTON TEACHING HOSPITALS NHS FOUNDATION TRUST,C_502,Gynaecology Service,"3,918","1,493",38.10%,25.5,64.2,650,36,288
Y62,RWW,WARRINGTON AND HALTON TEACHING HOSPITALS NHS FOUNDATION TRUST,X02,Other - Medical Services,"3,198","1,657",51.80%,17.2,50.4,216,-,22
Y62,RWW,WARRINGTON AND HALTON TEACHING HOSPITALS NHS FOUNDATION TRUST,X03,Other - Mental Health Services,-,-,-,-,-,-,-,-
Y62,RWW,WARRINGTON AND HALTON TEACHING HOSPITALS NHS FOUNDATION TRUST,X04,Other - Paediatric Services,982,747,76.10%,9.6,29.9,4,1,2
Y62,RWW,WARRINGTON AND HALTON TEACHING HOSPITALS NHS FOUNDATION TRUST,X05,Other - Surgical Services,"5,481","2,938",53.60%,17,48.3,306,20,104
Y62,RWW,WARRINGTON AND HALTON TEACHING HOSPITALS NHS FOUNDATION TRUST,X06,Other - Other Services,284,216,76.10%,9.9,24.5,2,-,1
Y62,RXL,BLACKPOOL TEACHING HOSPITALS NHS FOUNDATION TRUST,C_100,General Surgery Service,"1,356",733,54.10%,16.7,44,26,-,5
Y62,RXL,BLACKPOOL TEACHING HOSPITALS NHS FOUNDATION TRUST,C_101,Urology Service,"1,940","1,386",71.40%,10.5,32.5,11,1,2
Y62,RXL,BLACKPOOL TEACHING HOSPITALS NHS FOUNDATION TRUST,C_110,Trauma and Orthopaedic Service,"2,899","1,552",53.50%,16.5,40.6,53,-,6
Y62,RXL,BLACKPOOL TEACHING HOSPITALS NHS FOUNDATION TRUST,C_120,Ear Nose and Throat Service,"2,652","1,562",58.90%,13.9,41.8,69,-,3
Y62,RXL,BLACKPOOL TEACHING HOSPITALS NHS FOUNDATION TRUST,C_130,Ophthalmology Service,"3,813","1,780",46.70%,19.8,46.5,140,1,12
Y62,RXL,BLACKPOOL TEACHING HOSPITALS NHS FOUNDATION TRUST,C_140,Oral Surgery Service,"2,450",952,38.90%,24.8,50,119,-,10
Y62,RXL,BLACKPOOL TEACHING HOSPITALS NHS FOUNDATION TRUST,C_150,Neurosurgical Service,-,-,-,-,-,-,-,-
Y62,RXL,BLACKPOOL TEACHING HOSPITALS NHS FOUNDATION TRUST,C_160,Plastic Surgery Service,47,44,93.60%,3.1,17.2,-,-,-
Y62,RXL,BLACKPOOL TEACHING HOSPITALS NHS FOUNDATION TRUST,C_170,Cardiothoracic Surgery Service,669,362,54.10%,16.3,48.9,43,1,10
Y62,RXL,BLACKPOOL TEACHING HOSPITALS NHS FOUNDATION TRUST,C_300,General Internal Medicine Service,7,5,71.40%,-,-,-,-,-
Y62,RXL,BLACKPOOL TEACHING HOSPITALS NHS FOUNDATION TRUST,C_301,Gastroenterology Service,"3,546","1,460",41.20%,21.8,47.9,177,18,56
Y62,RXL,BLACKPOOL TEACHING HOSPITALS NHS FOUNDATION TRUST,C_320,Cardiology Service,"4,367","2,325",53.20%,16.6,43.8,162,1,30
Y62,RXL,BLACKPOOL TEACHING HOSPITALS NHS FOUNDATION TRUST,C_330,Dermatology Service,"1,189","1,161",97.60%,6.3,15.5,-,-,-
Y62,RXL,BLACKPOOL TEACHING HOSPITALS NHS FOUNDATION TRUST,C_340,Respiratory Medicine Service,509,408,80.20%,9.3,23.5,-,-,-
Y62,RXL,BLACKPOOL TEACHING HOSPITALS NHS FOUNDATION TRUST,C_400,Neurology Service,-,-,-,-,-,-,-,-
Y62,RXL,BLACKPOOL TEACHING HOSPITALS NHS FOUNDATION TRUST,C_410,Rheumatology Service,739,467,63.20%,14,33.3,1,-,-
Y62,RXL,BLACKPOOL TEACHING HOSPITALS NHS FOUNDATION TRUST,C_430,Elderly Medicine Service,45,43,95.60%,3.9,16.2,-,-,-
Y62,RXL,BLACKPOOL TEACHING HOSPITALS NHS FOUNDATION TRUST,C_502,Gynaecology Service,"3,327","1,427",42.90%,22,48.1,165,18,58
Y62,RXL,BLACKPOOL TEACHING HOSPITALS NHS FOUNDATION TRUST,X02,Other - Medical Services,"2,758","1,744",63.20%,13.6,37.8,11,-,-
Y62,RXL,BLACKPOOL TEACHING HOSPITALS NHS FOUNDATION TRUST,X03,Other - Mental Health Services,145,90,62.10%,5.6,41.3,-,-,-
Y62,RXL,BLACKPOOL TEACHING HOSPITALS NHS FOUNDATION TRUST,X04,Other - Paediatric Services,"1,355",662,48.90%,18.6,42.6,30,-,5
Y62,RXL,BLACKPOOL TEACHING HOSPITALS NHS FOUNDATION TRUST,X05,Other - Surgical Services,"1,781","1,188",66.70%,10.2,43.5,82,6,30
Y62,RXL,BLACKPOOL TEACHING HOSPITALS NHS FOUNDATION TRUST,X06,Other - Other Services,-,-,-,-,-,-,-,-
Y62,RXN,LANCASHIRE TEACHING HOSPITALS NHS FOUNDATION TRUST,C_100,General Surgery Service,195,70,35.90%,25.6,62.1,42,2,10
Y62,RXN,LANCASHIRE TEACHING HOSPITALS NHS FOUNDATION TRUST,C_101,Urology Service,"2,263","1,048",46.30%,19.9,50.9,158,6,55
Y62,RXN,LANCASHIRE TEACHING HOSPITALS NHS FOUNDATION TRUST,C_110,Trauma and Orthopaedic Service,"3,832","2,340",61.10%,14.6,37.9,75,4,20
Y62,RXN,LANCASHIRE TEACHING HOSPITALS NHS FOUNDATION TRUST,C_120,Ear Nose and Throat Service,"1,962","1,334",68.00%,10.1,43.8,79,-,24
Y62,RXN,LANCASHIRE TEACHING HOSPITALS NHS FOUNDATION TRUST,C_130,Ophthalmology Service,"4,507","2,834",62.90%,13.4,41.9,105,1,14
Y62,RXN,LANCASHIRE TEACHING HOSPITALS NHS FOUNDATION TRUST,C_140,Oral Surgery Service,"4,273","1,920",44.90%,21.3,57.1,508,13,175
Y62,RXN,LANCASHIRE TEACHING HOSPITALS NHS FOUNDATION TRUST,C_150,Neurosurgical Service,"3,911","2,136",54.60%,16.2,48.3,233,1,80
Y62,RXN,LANCASHIRE TEACHING HOSPITALS NHS FOUNDATION TRUST,C_160,Plastic Surgery Service,"3,513","1,887",53.70%,16.5,53.2,300,7,109
Y62,RXN,LANCASHIRE TEACHING HOSPITALS NHS FOUNDATION TRUST,C_170,Cardiothoracic Surgery Service,-,-,-,-,-,-,-,-
Y62,RXN,LANCASHIRE TEACHING HOSPITALS NHS FOUNDATION TRUST,C_300,General Internal Medicine Service,"2,645","1,164",44.00%,21.7,47.9,126,-,36
Y62,RXN,LANCASHIRE TEACHING HOSPITALS NHS FOUNDATION TRUST,C_301,Gastroenterology Service,"1,706",744,43.60%,21.1,45.3,50,-,3
Y62,RXN,LANCASHIRE TEACHING HOSPITALS NHS FOUNDATION TRUST,C_320,Cardiology Service,"3,069","1,831",59.70%,14.6,37.9,59,-,5
Y62,RXN,LANCASHIRE TEACHING HOSPITALS NHS FOUNDATION TRUST,C_330,Dermatology Service,"1,504","1,283",85.30%,7.3,27.8,9,-,-
Y62,RXN,LANCASHIRE TEACHING HOSPITALS NHS FOUNDATION TRUST,C_340,Respiratory Medicine Service,-,-,-,-,-,-,-,-
Y62,RXN,LANCASHIRE TEACHING HOSPITALS NHS FOUNDATION TRUST,C_400,Neurology Service,"6,612","3,294",49.80%,18.1,46,237,-,55
Y62,RXN,LANCASHIRE TEACHING HOSPITALS NHS FOUNDATION TRUST,C_410,Rheumatology Service,-,-,-,-,-,-,-,-
Y62,RXN,LANCASHIRE TEACHING HOSPITALS NHS FOUNDATION TRUST,C_430,Elderly Medicine Service,110,85,77.30%,6.3,33.2,-,-,-
Y62,RXN,LANCASHIRE TEACHING HOSPITALS NHS FOUNDATION TRUST,C_502,Gynaecology Service,"1,920","1,266",65.90%,12.5,31.6,14,1,3
Y62,RXN,LANCASHIRE TEACHING HOSPITALS NHS FOUNDATION TRUST,X02,Other - Medical Services,"5,398","3,033",56.20%,15.5,49.5,367,-,39
Y62,RXN,LANCASHIRE TEACHING HOSPITALS NHS FOUNDATION TRUST,X03,Other - Mental Health Services,-,-,-,-,-,-,-,-
Y62,RXN,LANCASHIRE TEACHING HOSPITALS NHS FOUNDATION TRUST,X04,Other - Paediatric Services,"2,548","1,408",55.30%,16.7,44,79,-,1
Y62,RXN,LANCASHIRE TEACHING HOSPITALS NHS FOUNDATION TRUST,X05,Other - Surgical Services,"8,109","4,388",54.10%,16.8,49.2,511,23,180
Y62,RXN,LANCASHIRE TEACHING HOSPITALS NHS FOUNDATION TRUST,X06,Other - Other Services,579,450,77.70%,5.6,26.1,-,-,-
Y62,RXR,EAST LANCASHIRE HOSPITALS NHS TRUST,C_100,General Surgery Service,"3,497","1,617",46.20%,21.5,55.6,441,-,62
Y62,RXR,EAST LANCASHIRE HOSPITALS NHS TRUST,C_101,Urology Service,"3,442","1,982",57.60%,15.2,42.9,86,-,18
Y62,RXR,EAST LANCASHIRE HOSPITALS NHS TRUST,C_110,Trauma and Orthopaedic Service,"8,117","4,204",51.80%,16.9,51.3,597,-,147
Y62,RXR,EAST LANCASHIRE HOSPITALS NHS TRUST,C_120,Ear Nose and Throat Service,"6,423","3,731",58.10%,14.9,43.1,105,-,3
Y62,RXR,EAST LANCASHIRE HOSPITALS NHS TRUST,C_130,Ophthalmology Service,"5,157","3,375",65.40%,12.4,35.1,36,-,-
Y62,RXR,EAST LANCASHIRE HOSPITALS NHS TRUST,C_140,Oral Surgery Service,"5,577","2,458",44.10%,21.3,52.4,460,-,135
Y62,RXR,EAST LANCASHIRE HOSPITALS NHS TRUST,C_150,Neurosurgical Service,-,-,-,-,-,-,-,-
Y62,RXR,EAST LANCASHIRE HOSPITALS NHS TRUST,C_160,Plastic Surgery Service,-,-,-,-,-,-,-,-
Y62,RXR,EAST LANCASHIRE HOSPITALS NHS TRUST,C_170,Cardiothoracic Surgery Service,1,-,-,-,-,-,-,-
Y62,RXR,EAST LANCASHIRE HOSPITALS NHS TRUST,C_300,General Internal Medicine Service,19,10,52.60%,-,-,1,-,-
Y62,RXR,EAST LANCASHIRE HOSPITALS NHS TRUST,C_301,Gastroenterology Service,"7,264","2,837",39.10%,23.5,60.2,973,-,410
Y62,RXR,EAST LANCASHIRE HOSPITALS NHS TRUST,C_320,Cardiology Service,"5,718","2,337",40.90%,23,49.7,293,-,3
Y62,RXR,EAST LANCASHIRE HOSPITALS NHS TRUST,C_330,Dermatology Service,"2,638","1,148",43.50%,21.6,51.3,181,-,14
Y62,RXR,EAST LANCASHIRE HOSPITALS NHS TRUST,C_340,Respiratory Medicine Service,"1,069",860,80.40%,8.9,23.2,-,-,-
Y62,RXR,EAST LANCASHIRE HOSPITALS NHS TRUST,C_400,Neurology Service,-,-,-,-,-,-,-,-
Y62,RXR,EAST LANCASHIRE HOSPITALS NHS TRUST,C_410,Rheumatology Service,"1,891",688,36.40%,27.2,53.7,165,-,19
Y62,RXR,EAST LANCASHIRE HOSPITALS NHS TRUST,C_430,Elderly Medicine Service,127,122,96.10%,6.6,15.3,-,-,-
Y62,RXR,EAST LANCASHIRE HOSPITALS NHS TRUST,C_502,Gynaecology Service,"8,352","3,695",44.20%,20.8,50.9,572,-,60
Y62,RXR,EAST LANCASHIRE HOSPITALS NHS TRUST,X02,Other - Medical Services,"2,901","2,271",78.30%,10.3,32.5,117,-,26
Y62,RXR,EAST LANCASHIRE HOSPITALS NHS TRUST,X03,Other - Mental Health Services,-,-,-,-,-,-,-,-
Y62,RXR,EAST LANCASHIRE HOSPITALS NHS TRUST,X04,Other - Paediatric Services,"3,624","2,287",63.10%,13.7,36.7,28,-,1
Y62,RXR,EAST LANCASHIRE HOSPITALS NHS TRUST,X05,Other - Surgical Services,"5,155","2,551",49.50%,18.3,43.7,51,-,1
Y62,RXR,EAST LANCASHIRE HOSPITALS NHS TRUST,X06,Other - Other Services,92,85,92.40%,3.1,16.8,-,-,-
Y62,RY2,BRIDGEWATER COMMUNITY HEALTHCARE NHS FOUNDATION TRUST,C_100,General Surgery Service,-,-,-,-,-,-,-,-
Y62,RY2,BRIDGEWATER COMMUNITY HEALTHCARE NHS FOUNDATION TRUST,C_101,Urology Service,-,-,-,-,-,-,-,-
Y62,RY2,BRIDGEWATER COMMUNITY HEALTHCARE NHS FOUNDATION TRUST,C_110,Trauma and Orthopaedic Service,-,-,-,-,-,-,-,-
Y62,RY2,BRIDGEWATER COMMUNITY HEALTHCARE NHS FOUNDATION TRUST,C_120,Ear Nose and Throat Service,-,-,-,-,-,-,-,-
Y62,RY2,BRIDGEWATER COMMUNITY HEALTHCARE NHS FOUNDATION TRUST,C_130,Ophthalmology Service,-,-,-,-,-,-,-,-
Y62,RY2,BRIDGEWATER COMMUNITY HEALTHCARE NHS FOUNDATION TRUST,C_140,Oral Surgery Service,-,-,-,-,-,-,-,-
Y62,RY2,BRIDGEWATER COMMUNITY HEALTHCARE NHS FOUNDATION TRUST,C_150,Neurosurgical Service,-,-,-,-,-,-,-,-
Y62,RY2,BRIDGEWATER COMMUNITY HEALTHCARE NHS FOUNDATION TRUST,C_160,Plastic Surgery Service,-,-,-,-,-,-,-,-
Y62,RY2,BRIDGEWATER COMMUNITY HEALTHCARE NHS FOUNDATION TRUST,C_170,Cardiothoracic Surgery Service,-,-,-,-,-,-,-,-
Y62,RY2,BRIDGEWATER COMMUNITY HEALTHCARE NHS FOUNDATION TRUST,C_300,General Internal Medicine Service,-,-,-,-,-,-,-,-
Y62,RY2,BRIDGEWATER COMMUNITY HEALTHCARE NHS FOUNDATION TRUST,C_301,Gastroenterology Service,-,-,-,-,-,-,-,-
Y62,RY2,BRIDGEWATER COMMUNITY HEALTHCARE NHS FOUNDATION TRUST,C_320,Cardiology Service,-,-,-,-,-,-,-,-
Y62,RY2,BRIDGEWATER COMMUNITY HEALTHCARE NHS FOUNDATION TRUST,C_330,Dermatology Service,"1,359","1,011",74.40%,12.3,24.1,1,-,-
Y62,RY2,BRIDGEWATER COMMUNITY HEALTHCARE NHS FOUNDATION TRUST,C_340,Respiratory Medicine Service,-,-,-,-,-,-,-,-
Y62,RY2,BRIDGEWATER COMMUNITY HEALTHCARE NHS FOUNDATION TRUST,C_400,Neurology Service,-,-,-,-,-,-,-,-
Y62,RY2,BRIDGEWATER COMMUNITY HEALTHCARE NHS FOUNDATION TRUST,C_410,Rheumatology Service,-,-,-,-,-,-,-,-
Y62,RY2,BRIDGEWATER COMMUNITY HEALTHCARE NHS FOUNDATION TRUST,C_430,Elderly Medicine Service,-,-,-,-,-,-,-,-
Y62,RY2,BRIDGEWATER COMMUNITY HEALTHCARE NHS FOUNDATION TRUST,C_502,Gynaecology Service,-,-,-,-,-,-,-,-
Y62,RY2,BRIDGEWATER COMMUNITY HEALTHCARE NHS FOUNDATION TRUST,X02,Other - Medical Services,-,-,-,-,-,-,-,-
Y62,RY2,BRIDGEWATER COMMUNITY HEALTHCARE NHS FOUNDATION TRUST,X03,Other - Mental Health Services,-,-,-,-,-,-,-,-
Y62,RY2,BRIDGEWATER COMMUNITY HEALTHCARE NHS FOUNDATION TRUST,X04,Other - Paediatric Services,"1,866",745,39.90%,25.8,44.8,8,-,-
Y62,RY2,BRIDGEWATER COMMUNITY HEALTHCARE NHS FOUNDATION TRUST,X05,Other - Surgical Services,-,-,-,-,-,-,-,-
Y62,RY2,BRIDGEWATER COMMUNITY HEALTHCARE NHS FOUNDATION TRUST,X06,Other - Other Services,214,214,100.00%,2,8.2,-,-,-
Y62,RY7,WIRRAL COMMUNITY HEALTH AND CARE NHS FOUNDATION TRUST,C_100,General Surgery Service,-,-,-,-,-,-,-,-
Y62,RY7,WIRRAL COMMUNITY HEALTH AND CARE NHS FOUNDATION TRUST,C_101,Urology Service,-,-,-,-,-,-,-,-
Y62,RY7,WIRRAL COMMUNITY HEALTH AND CARE NHS FOUNDATION TRUST,C_110,Trauma and Orthopaedic Service,-,-,-,-,-,-,-,-
Y62,RY7,WIRRAL COMMUNITY HEALTH AND CARE NHS FOUNDATION TRUST,C_120,Ear Nose and Throat Service,-,-,-,-,-,-,-,-
Y62,RY7,WIRRAL COMMUNITY HEALTH AND CARE NHS FOUNDATION TRUST,C_130,Ophthalmology Service,53,53,100.00%,2.9,8.9,-,-,-
Y62,RY7,WIRRAL COMMUNITY HEALTH AND CARE NHS FOUNDATION TRUST,C_140,Oral Surgery Service,-,-,-,-,-,-,-,-
Y62,RY7,WIRRAL COMMUNITY HEALTH AND CARE NHS FOUNDATION TRUST,C_150,Neurosurgical Service,-,-,-,-,-,-,-,-
Y62,RY7,WIRRAL COMMUNITY HEALTH AND CARE NHS FOUNDATION TRUST,C_160,Plastic Surgery Service,-,-,-,-,-,-,-,-
Y62,RY7,WIRRAL COMMUNITY HEALTH AND CARE NHS FOUNDATION TRUST,C_170,Cardiothoracic Surgery Service,-,-,-,-,-,-,-,-
Y62,RY7,WIRRAL COMMUNITY HEALTH AND CARE NHS FOUNDATION TRUST,C_300,General Internal Medicine Service,-,-,-,-,-,-,-,-
Y62,RY7,WIRRAL COMMUNITY HEALTH AND CARE NHS FOUNDATION TRUST,C_301,Gastroenterology Service,-,-,-,-,-,-,-,-
Y62,RY7,WIRRAL COMMUNITY HEALTH AND CARE NHS FOUNDATION TRUST,C_320,Cardiology Service,-,-,-,-,-,-,-,-
Y62,RY7,WIRRAL COMMUNITY HEALTH AND CARE NHS FOUNDATION TRUST,C_330,Dermatology Service,-,-,-,-,-,-,-,-
Y62,RY7,WIRRAL COMMUNITY HEALTH AND CARE NHS FOUNDATION TRUST,C_340,Respiratory Medicine Service,-,-,-,-,-,-,-,-
Y62,RY7,WIRRAL COMMUNITY HEALTH AND CARE NHS FOUNDATION TRUST,C_400,Neurology Service,-,-,-,-,-,-,-,-
Y62,RY7,WIRRAL COMMUNITY HEALTH AND CARE NHS FOUNDATION TRUST,C_410,Rheumatology Service,-,-,-,-,-,-,-,-
Y62,RY7,WIRRAL COMMUNITY HEALTH AND CARE NHS FOUNDATION TRUST,C_430,Elderly Medicine Service,-,-,-,-,-,-,-,-
Y62,RY7,WIRRAL COMMUNITY HEALTH AND CARE NHS FOUNDATION TRUST,C_502,Gynaecology Service,-,-,-,-,-,-,-,-
Y62,RY7,WIRRAL COMMUNITY HEALTH AND CARE NHS FOUNDATION TRUST,X02,Other - Medical Services,-,-,-,-,-,-,-,-
Y62,RY7,WIRRAL COMMUNITY HEALTH AND CARE NHS FOUNDATION TRUST,X03,Other - Mental Health Services,-,-,-,-,-,-,-,-
Y62,RY7,WIRRAL COMMUNITY HEALTH AND CARE NHS FOUNDATION TRUST,X04,Other - Paediatric Services,-,-,-,-,-,-,-,-
Y62,RY7,WIRRAL COMMUNITY HEALTH AND CARE NHS FOUNDATION TRUST,X05,Other - Surgical Services,-,-,-,-,-,-,-,-
Y62,RY7,WIRRAL COMMUNITY HEALTH AND CARE NHS FOUNDATION TRUST,X06,Other - Other Services,-,-,-,-,-,-,-,-
Y63,R0B,SOUTH TYNESIDE AND SUNDERLAND NHS FOUNDATION TRUST,C_100,General Surgery Service,"4,633","3,600",77.70%,9.1,27.9,1,-,-
Y63,R0B,SOUTH TYNESIDE AND SUNDERLAND NHS FOUNDATION TRUST,C_101,Urology Service,"6,064","4,237",69.90%,11.8,35.8,17,-,-
Y63,R0B,SOUTH TYNESIDE AND SUNDERLAND NHS FOUNDATION TRUST,C_110,Trauma and Orthopaedic Service,"8,853","4,616",52.10%,17.2,47.6,447,-,68
Y63,R0B,SOUTH TYNESIDE AND SUNDERLAND NHS FOUNDATION TRUST,C_120,Ear Nose and Throat Service,"4,522","3,281",72.60%,10,32.6,16,-,-
Y63,R0B,SOUTH TYNESIDE AND SUNDERLAND NHS FOUNDATION TRUST,C_130,Ophthalmology Service,"8,559","6,257",73.10%,10.4,29,14,3,7
Y63,R0B,SOUTH TYNESIDE AND SUNDERLAND NHS FOUNDATION TRUST,C_140,Oral Surgery Service,"3,685","2,493",67.70%,12.4,31.4,2,-,-
Y63,R0B,SOUTH TYNESIDE AND SUNDERLAND NHS FOUNDATION TRUST,C_150,Neurosurgical Service,-,-,-,-,-,-,-,-
Y63,R0B,SOUTH TYNESIDE AND SUNDERLAND NHS FOUNDATION TRUST,C_160,Plastic Surgery Service,-,-,-,-,-,-,-,-
Y63,R0B,SOUTH TYNESIDE AND SUNDERLAND NHS FOUNDATION TRUST,C_170,Cardiothoracic Surgery Service,-,-,-,-,-,-,-,-
Y63,R0B,SOUTH TYNESIDE AND SUNDERLAND NHS FOUNDATION TRUST,C_300,General Internal Medicine Service,-,-,-,-,-,-,-,-
Y63,R0B,SOUTH TYNESIDE AND SUNDERLAND NHS FOUNDATION TRUST,C_301,Gastroenterology Service,"1,271","1,144",90.00%,6,19.1,-,-,-
Y63,R0B,SOUTH TYNESIDE AND SUNDERLAND NHS FOUNDATION TRUST,C_320,Cardiology Service,"1,893","1,608",84.90%,8.7,21.4,-,-,-
Y63,R0B,SOUTH TYNESIDE AND SUNDERLAND NHS FOUNDATION TRUST,C_330,Dermatology Service,"1,327","1,128",85.00%,8.6,20,-,-,-
Y63,R0B,SOUTH TYNESIDE AND SUNDERLAND NHS FOUNDATION TRUST,C_340,Respiratory Medicine Service,"2,676","1,895",70.80%,10.5,30.7,-,-,-
Y63,R0B,SOUTH TYNESIDE AND SUNDERLAND NHS FOUNDATION TRUST,C_400,Neurology Service,"1,100","1,006",91.50%,7.1,18.6,-,-,-
Y63,R0B,SOUTH TYNESIDE AND SUNDERLAND NHS FOUNDATION TRUST,C_410,Rheumatology Service,912,764,83.80%,8.2,21.9,-,-,-
Y63,R0B,SOUTH TYNESIDE AND SUNDERLAND NHS FOUNDATION TRUST,C_430,Elderly Medicine Service,725,646,89.10%,6.7,19.9,-,-,-
Y63,R0B,SOUTH TYNESIDE AND SUNDERLAND NHS FOUNDATION TRUST,C_502,Gynaecology Service,"2,950","2,381",80.70%,8.9,27.1,-,-,-
Y63,R0B,SOUTH TYNESIDE AND SUNDERLAND NHS FOUNDATION TRUST,X02,Other - Medical Services,"1,534","1,318",85.90%,7.4,21.8,-,-,-
Y63,R0B,SOUTH TYNESIDE AND SUNDERLAND NHS FOUNDATION TRUST,X03,Other - Mental Health Services,-,-,-,-,-,-,-,-
Y63,R0B,SOUTH TYNESIDE AND SUNDERLAND NHS FOUNDATION TRUST,X04,Other - Paediatric Services,"2,255","1,595",70.70%,10.2,33.5,-,-,-
Y63,R0B,SOUTH TYNESIDE AND SUNDERLAND NHS FOUNDATION TRUST,X05,Other - Surgical Services,148,81,54.70%,15,39.7,-,-,-
Y63,R0B,SOUTH TYNESIDE AND SUNDERLAND NHS FOUNDATION TRUST,X06,Other - Other Services,"7,781","6,292",80.90%,10.3,21.4,1,-,-
Y63,RAE,BRADFORD TEACHING HOSPITALS NHS FOUNDATION TRUST,C_100,General Surgery Service,"1,258",606,48.20%,19.1,48.2,65,-,5
Y63,RAE,BRADFORD TEACHING HOSPITALS NHS FOUNDATION TRUST,C_101,Urology Service,"2,007","1,415",70.50%,11.4,31.6,8,-,1
Y63,RAE,BRADFORD TEACHING HOSPITALS NHS FOUNDATION TRUST,C_110,Trauma and Orthopaedic Service,"2,039",930,45.60%,20.1,54.2,202,-,52
Y63,RAE,BRADFORD TEACHING HOSPITALS NHS FOUNDATION TRUST,C_120,Ear Nose and Throat Service,"3,815","2,034",53.30%,16.4,41.4,52,1,3
Y63,RAE,BRADFORD TEACHING HOSPITALS NHS FOUNDATION TRUST,C_130,Ophthalmology Service,"2,909","2,189",75.20%,10.3,30.3,5,-,-
Y63,RAE,BRADFORD TEACHING HOSPITALS NHS FOUNDATION TRUST,C_140,Oral Surgery Service,"1,789",948,53.00%,16.9,39.4,29,-,6
Y63,RAE,BRADFORD TEACHING HOSPITALS NHS FOUNDATION TRUST,C_150,Neurosurgical Service,-,-,-,-,-,-,-,-
Y63,RAE,BRADFORD TEACHING HOSPITALS NHS FOUNDATION TRUST,C_160,Plastic Surgery Service,710,480,67.60%,12.1,32.2,9,-,-
Y63,RAE,BRADFORD TEACHING HOSPITALS NHS FOUNDATION TRUST,C_170,Cardiothoracic Surgery Service,-,-,-,-,-,-,-,-
Y63,RAE,BRADFORD TEACHING HOSPITALS NHS FOUNDATION TRUST,C_300,General Internal Medicine Service,34,25,73.50%,8,33.3,-,-,-
Y63,RAE,BRADFORD TEACHING HOSPITALS NHS FOUNDATION TRUST,C_301,Gastroenterology Service,"1,293","1,031",79.70%,8.9,27.3,5,-,-
Y63,RAE,BRADFORD TEACHING HOSPITALS NHS FOUNDATION TRUST,C_320,Cardiology Service,"1,487","1,032",69.40%,11.6,30.8,1,-,-
Y63,RAE,BRADFORD TEACHING HOSPITALS NHS FOUNDATION TRUST,C_330,Dermatology Service,"1,585","1,255",79.20%,9.1,26.4,2,-,-
Y63,RAE,BRADFORD TEACHING HOSPITALS NHS FOUNDATION TRUST,C_340,Respiratory Medicine Service,952,689,72.40%,10.5,31.2,2,-,-
Y63,RAE,BRADFORD TEACHING HOSPITALS NHS FOUNDATION TRUST,C_400,Neurology Service,"1,088",567,52.10%,17.4,33.2,2,-,1
Y63,RAE,BRADFORD TEACHING HOSPITALS NHS FOUNDATION TRUST,C_410,Rheumatology Service,331,293,88.50%,6.2,20,-,-,-
Y63,RAE,BRADFORD TEACHING HOSPITALS NHS FOUNDATION TRUST,C_430,Elderly Medicine Service,69,65,94.20%,4.5,16.5,-,-,-
Y63,RAE,BRADFORD TEACHING HOSPITALS NHS FOUNDATION TRUST,C_502,Gynaecology Service,"3,278","2,133",65.10%,12.7,34.9,29,-,2
Y63,RAE,BRADFORD TEACHING HOSPITALS NHS FOUNDATION TRUST,X02,Other - Medical Services,"3,330","2,534",76.10%,9.9,26.3,-,-,-
Y63,RAE,BRADFORD TEACHING HOSPITALS NHS FOUNDATION TRUST,X03,Other - Mental Health Services,-,-,-,-,-,-,-,-
Y63,RAE,BRADFORD TEACHING HOSPITALS NHS FOUNDATION TRUST,X04,Other - Paediatric Services,"2,428","1,388",57.20%,15.1,38.7,6,-,-
Y63,RAE,BRADFORD TEACHING HOSPITALS NHS FOUNDATION TRUST,X05,Other - Surgical Services,"3,416","2,236",65.50%,11.4,37.3,67,-,5
Y63,RAE,BRADFORD TEACHING HOSPITALS NHS FOUNDATION TRUST,X06,Other - Other Services,442,428,96.80%,5.3,15.3,-,-,-
Y63,RCB,YORK AND SCARBOROUGH TEACHING HOSPITALS NHS FOUNDATION TRUST,C_100,General Surgery Service,436,343,78.70%,3,35.4,8,-,4
Y63,RCB,YORK AND SCARBOROUGH TEACHING HOSPITALS NHS FOUNDATION TRUST,C_101,Urology Service,"3,554","1,814",51.00%,17.6,50.7,243,-,72
Y63,RCB,YORK AND SCARBOROUGH TEACHING HOSPITALS NHS FOUNDATION TRUST,C_110,Trauma and Orthopaedic Service,"3,823","2,096",54.80%,15.9,45.3,153,-,46
Y63,RCB,YORK AND SCARBOROUGH TEACHING HOSPITALS NHS FOUNDATION TRUST,C_120,Ear Nose and Throat Service,"6,061","2,699",44.50%,20.8,50.2,363,-,59
Y63,RCB,YORK AND SCARBOROUGH TEACHING HOSPITALS NHS FOUNDATION TRUST,C_130,Ophthalmology Service,"5,955","3,271",54.90%,16.1,41.7,135,-,34
Y63,RCB,YORK AND SCARBOROUGH TEACHING HOSPITALS NHS FOUNDATION TRUST,C_140,Oral Surgery Service,"2,404","1,010",42.00%,23,54.2,234,-,57
Y63,RCB,YORK AND SCARBOROUGH TEACHING HOSPITALS NHS FOUNDATION TRUST,C_150,Neurosurgical Service,-,-,-,-,-,-,-,-
Y63,RCB,YORK AND SCARBOROUGH TEACHING HOSPITALS NHS FOUNDATION TRUST,C_160,Plastic Surgery Service,191,130,68.10%,12.6,34.4,4,-,3
Y63,RCB,YORK AND SCARBOROUGH TEACHING HOSPITALS NHS FOUNDATION TRUST,C_170,Cardiothoracic Surgery Service,58,13,22.40%,43,50.7,2,-,-
Y63,RCB,YORK AND SCARBOROUGH TEACHING HOSPITALS NHS FOUNDATION TRUST,C_300,General Internal Medicine Service,-,-,-,-,-,-,-,-
Y63,RCB,YORK AND SCARBOROUGH TEACHING HOSPITALS NHS FOUNDATION TRUST,C_301,Gastroenterology Service,"1,762",889,50.50%,17.9,47.4,90,1,19
Y63,RCB,YORK AND SCARBOROUGH TEACHING HOSPITALS NHS FOUNDATION TRUST,C_320,Cardiology Service,"2,017","1,008",50.00%,18,44,53,-,12
Y63,RCB,YORK AND SCARBOROUGH TEACHING HOSPITALS NHS FOUNDATION TRUST,C_330,Dermatology Service,"3,574","1,483",41.50%,22.3,44.7,58,1,8
Y63,RCB,YORK AND SCARBOROUGH TEACHING HOSPITALS NHS FOUNDATION TRUST,C_340,Respiratory Medicine Service,"1,719",949,55.20%,16.5,36.6,9,-,1
Y63,RCB,YORK AND SCARBOROUGH TEACHING HOSPITALS NHS FOUNDATION TRUST,C_400,Neurology Service,"1,651",712,43.10%,21.6,53.8,157,-,22
Y63,RCB,YORK AND SCARBOROUGH TEACHING HOSPITALS NHS FOUNDATION TRUST,C_410,Rheumatology Service,647,455,70.30%,11.5,36,12,-,2
Y63,RCB,YORK AND SCARBOROUGH TEACHING HOSPITALS NHS FOUNDATION TRUST,C_430,Elderly Medicine Service,177,158,89.30%,7.8,19.9,-,-,-
Y63,RCB,YORK AND SCARBOROUGH TEACHING HOSPITALS NHS FOUNDATION TRUST,C_502,Gynaecology Service,"3,103","1,348",43.40%,21.7,48.3,155,4,36
Y63,RCB,YORK AND SCARBOROUGH TEACHING HOSPITALS NHS FOUNDATION TRUST,X02,Other - Medical Services,"3,983","2,470",62.00%,12.9,41.8,81,-,6
Y63,RCB,YORK AND SCARBOROUGH TEACHING HOSPITALS NHS FOUNDATION TRUST,X03,Other - Mental Health Services,-,-,-,-,-,-,-,-
Y63,RCB,YORK AND SCARBOROUGH TEACHING HOSPITALS NHS FOUNDATION TRUST,X04,Other - Paediatric Services,-,-,-,-,-,-,-,-
Y63,RCB,YORK AND SCARBOROUGH TEACHING HOSPITALS NHS FOUNDATION TRUST,X05,Other - Surgical Services,"6,030","2,993",49.60%,18.2,52.5,498,-,138
Y63,RCB,YORK AND SCARBOROUGH TEACHING HOSPITALS NHS FOUNDATION TRUST,X06,Other - Other Services,100,74,74.00%,13.5,22,1,-,-
Y63,RCD,HARROGATE AND DISTRICT NHS FOUNDATION TRUST,C_100,General Surgery Service,"2,252","1,383",61.40%,13.1,42.8,54,-,3
Y63,RCD,HARROGATE AND DISTRICT NHS FOUNDATION TRUST,C_101,Urology Service,"1,157",724,62.60%,12.5,47.6,66,-,24
Y63,RCD,HARROGATE AND DISTRICT NHS FOUNDATION TRUST,C_110,Trauma and Orthopaedic Service,"3,473","1,844",53.10%,16.6,48.3,216,-,55
Y63,RCD,HARROGATE AND DISTRICT NHS FOUNDATION TRUST,C_120,Ear Nose and Throat Service,"2,340","1,485",63.50%,13.1,39.6,34,-,3
Y63,RCD,HARROGATE AND DISTRICT NHS FOUNDATION TRUST,C_130,Ophthalmology Service,"1,827","1,151",63.00%,12.7,39.3,24,-,-
Y63,RCD,HARROGATE AND DISTRICT NHS FOUNDATION TRUST,C_140,Oral Surgery Service,798,508,63.70%,11.3,46,29,-,4
Y63,RCD,HARROGATE AND DISTRICT NHS FOUNDATION TRUST,C_150,Neurosurgical Service,-,-,-,-,-,-,-,-
Y63,RCD,HARROGATE AND DISTRICT NHS FOUNDATION TRUST,C_160,Plastic Surgery Service,-,-,-,-,-,-,-,-
Y63,RCD,HARROGATE AND DISTRICT NHS FOUNDATION TRUST,C_170,Cardiothoracic Surgery Service,-,-,-,-,-,-,-,-
Y63,RCD,HARROGATE AND DISTRICT NHS FOUNDATION TRUST,C_300,General Internal Medicine Service,28,28,100.00%,7,12.4,-,-,-
Y63,RCD,HARROGATE AND DISTRICT NHS FOUNDATION TRUST,C_301,Gastroenterology Service,902,492,54.50%,16.1,42.9,9,-,1
Y63,RCD,HARROGATE AND DISTRICT NHS FOUNDATION TRUST,C_320,Cardiology Service,"1,194",852,71.40%,11.1,29.6,-,-,-
Y63,RCD,HARROGATE AND DISTRICT NHS FOUNDATION TRUST,C_330,Dermatology Service,"1,631","1,366",83.80%,8.5,21.9,-,-,-
Y63,RCD,HARROGATE AND DISTRICT NHS FOUNDATION TRUST,C_340,Respiratory Medicine Service,571,378,66.20%,13.2,33.1,3,-,-
Y63,RCD,HARROGATE AND DISTRICT NHS FOUNDATION TRUST,C_400,Neurology Service,910,467,51.30%,17.5,40.2,2,-,-
Y63,RCD,HARROGATE AND DISTRICT NHS FOUNDATION TRUST,C_410,Rheumatology Service,363,299,82.40%,9.2,25,1,-,-
Y63,RCD,HARROGATE AND DISTRICT NHS FOUNDATION TRUST,C_430,Elderly Medicine Service,55,38,69.10%,9.4,26.9,-,-,-
Y63,RCD,HARROGATE AND DISTRICT NHS FOUNDATION TRUST,C_502,Gynaecology Service,"1,993","1,240",62.20%,13.3,44.9,101,-,31
Y63,RCD,HARROGATE AND DISTRICT NHS FOUNDATION TRUST,X02,Other - Medical Services,"1,018",731,71.80%,10.5,32.8,-,-,-
Y63,RCD,HARROGATE AND DISTRICT NHS FOUNDATION TRUST,X03,Other - Mental Health Services,-,-,-,-,-,-,-,-
Y63,RCD,HARROGATE AND DISTRICT NHS FOUNDATION TRUST,X04,Other - Paediatric Services,905,629,69.50%,11.6,32.9,-,-,-
Y63,RCD,HARROGATE AND DISTRICT NHS FOUNDATION TRUST,X05,Other - Surgical Services,762,592,77.70%,6.9,30.7,11,-,3
Y63,RCD,HARROGATE AND DISTRICT NHS FOUNDATION TRUST,X06,Other - Other Services,113,51,45.10%,22.5,52,9,-,2
Y63,RCF,AIREDALE NHS FOUNDATION TRUST,C_100,General Surgery Service,"2,205","1,139",51.70%,17.2,49.3,141,-,38
Y63,RCF,AIREDALE NHS FOUNDATION TRUST,C_101,Urology Service,"1,150",781,67.90%,10.1,51.4,89,2,32
Y63,RCF,AIREDALE NHS FOUNDATION TRUST,C_110,Trauma and Orthopaedic Service,"1,739",811,46.60%,19.3,61.8,234,6,99
Y63,RCF,AIREDALE NHS FOUNDATION TRUST,C_120,Ear Nose and Throat Service,"1,254",739,58.90%,14.3,32.5,1,-,-
Y63,RCF,AIREDALE NHS FOUNDATION TRUST,C_130,Ophthalmology Service,684,626,91.50%,6.5,18.7,-,-,-
Y63,RCF,AIREDALE NHS FOUNDATION TRUST,C_140,Oral Surgery Service,275,239,86.90%,5.8,25.7,-,-,-
Y63,RCF,AIREDALE NHS FOUNDATION TRUST,C_150,Neurosurgical Service,-,-,-,-,-,-,-,-
Y63,RCF,AIREDALE NHS FOUNDATION TRUST,C_160,Plastic Surgery Service,199,111,55.80%,16.3,35.8,-,-,-
Y63,RCF,AIREDALE NHS FOUNDATION TRUST,C_170,Cardiothoracic Surgery Service,-,-,-,-,-,-,-,-
Y63,RCF,AIREDALE NHS FOUNDATION TRUST,C_300,General Internal Medicine Service,7,6,85.70%,-,-,-,-,-
Y63,RCF,AIREDALE NHS FOUNDATION TRUST,C_301,Gastroenterology Service,676,383,56.70%,13.8,48.4,38,-,15
Y63,RCF,AIREDALE NHS FOUNDATION TRUST,C_320,Cardiology Service,981,800,81.50%,8.3,26.6,4,-,-
Y63,RCF,AIREDALE NHS FOUNDATION TRUST,C_330,Dermatology Service,104,92,88.50%,9.5,20.7,-,-,-
Y63,RCF,AIREDALE NHS FOUNDATION TRUST,C_340,Respiratory Medicine Service,748,543,72.60%,10.3,33,9,-,-
Y63,RCF,AIREDALE NHS FOUNDATION TRUST,C_400,Neurology Service,819,535,65.30%,13.2,29.2,8,-,1
Y63,RCF,AIREDALE NHS FOUNDATION TRUST,C_410,Rheumatology Service,242,220,90.90%,6,18.4,-,-,-
Y63,RCF,AIREDALE NHS FOUNDATION TRUST,C_430,Elderly Medicine Service,40,32,80.00%,8,25.9,2,-,1
Y63,RCF,AIREDALE NHS FOUNDATION TRUST,C_502,Gynaecology Service,"1,981",897,45.30%,20.8,46.6,77,-,14
Y63,RCF,AIREDALE NHS FOUNDATION TRUST,X02,Other - Medical Services,854,638,74.70%,9.2,33.9,1,-,-
Y63,RCF,AIREDALE NHS FOUNDATION TRUST,X03,Other - Mental Health Services,-,-,-,-,-,-,-,-
Y63,RCF,AIREDALE NHS FOUNDATION TRUST,X04,Other - Paediatric Services,"1,093",505,46.20%,19.7,47.8,53,-,2
Y63,RCF,AIREDALE NHS FOUNDATION TRUST,X05,Other - Surgical Services,81,44,54.30%,17.1,37.5,-,-,-
Y63,RCF,AIREDALE NHS FOUNDATION TRUST,X06,Other - Other Services,3,3,100.00%,-,-,-,-,-
Y63,RCU,SHEFFIELD CHILDREN'S NHS FOUNDATION TRUST,C_100,General Surgery Service,-,-,-,-,-,-,-,-
Y63,RCU,SHEFFIELD CHILDREN'S NHS FOUNDATION TRUST,C_101,Urology Service,-,-,-,-,-,-,-,-
Y63,RCU,SHEFFIELD CHILDREN'S NHS FOUNDATION TRUST,C_110,Trauma and Orthopaedic Service,-,-,-,-,-,-,-,-
Y63,RCU,SHEFFIELD CHILDREN'S NHS FOUNDATION TRUST,C_120,Ear Nose and Throat Service,-,-,-,-,-,-,-,-
Y63,RCU,SHEFFIELD CHILDREN'S NHS FOUNDATION TRUST,C_130,Ophthalmology Service,-,-,-,-,-,-,-,-
Y63,RCU,SHEFFIELD CHILDREN'S NHS FOUNDATION TRUST,C_140,Oral Surgery Service,210,54,25.70%,32.8,59.8,31,-,5
Y63,RCU,SHEFFIELD CHILDREN'S NHS FOUNDATION TRUST,C_150,Neurosurgical Service,-,-,-,-,-,-,-,-
Y63,RCU,SHEFFIELD CHILDREN'S NHS FOUNDATION TRUST,C_160,Plastic Surgery Service,-,-,-,-,-,-,-,-
Y63,RCU,SHEFFIELD CHILDREN'S NHS FOUNDATION TRUST,C_170,Cardiothoracic Surgery Service,-,-,-,-,-,-,-,-
Y63,RCU,SHEFFIELD CHILDREN'S NHS FOUNDATION TRUST,C_300,General Internal Medicine Service,-,-,-,-,-,-,-,-
Y63,RCU,SHEFFIELD CHILDREN'S NHS FOUNDATION TRUST,C_301,Gastroenterology Service,-,-,-,-,-,-,-,-
Y63,RCU,SHEFFIELD CHILDREN'S NHS FOUNDATION TRUST,C_320,Cardiology Service,-,-,-,-,-,-,-,-
Y63,RCU,SHEFFIELD CHILDREN'S NHS FOUNDATION TRUST,C_330,Dermatology Service,-,-,-,-,-,-,-,-
Y63,RCU,SHEFFIELD CHILDREN'S NHS FOUNDATION TRUST,C_340,Respiratory Medicine Service,-,-,-,-,-,-,-,-
Y63,RCU,SHEFFIELD CHILDREN'S NHS FOUNDATION TRUST,C_400,Neurology Service,-,-,-,-,-,-,-,-
Y63,RCU,SHEFFIELD CHILDREN'S NHS FOUNDATION TRUST,C_410,Rheumatology Service,-,-,-,-,-,-,-,-
Y63,RCU,SHEFFIELD CHILDREN'S NHS FOUNDATION TRUST,C_430,Elderly Medicine Service,-,-,-,-,-,-,-,-
Y63,RCU,SHEFFIELD CHILDREN'S NHS FOUNDATION TRUST,C_502,Gynaecology Service,-,-,-,-,-,-,-,-
Y63,RCU,SHEFFIELD CHILDREN'S NHS FOUNDATION TRUST,X02,Other - Medical Services,-,-,-,-,-,-,-,-
Y63,RCU,SHEFFIELD CHILDREN'S NHS FOUNDATION TRUST,X03,Other - Mental Health Services,-,-,-,-,-,-,-,-
Y63,RCU,SHEFFIELD CHILDREN'S NHS FOUNDATION TRUST,X04,Other - Paediatric Services,"16,645","9,153",55.00%,15.6,50.4,"1,187",166,452
Y63,RCU,SHEFFIELD CHILDREN'S NHS FOUNDATION TRUST,X05,Other - Surgical Services,-,-,-,-,-,-,-,-
Y63,RCU,SHEFFIELD CHILDREN'S NHS FOUNDATION TRUST,X06,Other - Other Services,-,-,-,-,-,-,-,-
Y63,RFF,BARNSLEY HOSPITAL NHS FOUNDATION TRUST,C_100,General Surgery Service,"1,965","1,436",73.10%,9,32.5,6,-,-
Y63,RFF,BARNSLEY HOSPITAL NHS FOUNDATION TRUST,C_101,Urology Service,976,760,77.90%,8.6,29.7,1,-,-
Y63,RFF,BARNSLEY HOSPITAL NHS FOUNDATION TRUST,C_110,Trauma and Orthopaedic Service,"2,556","1,383",54.10%,16.6,46.4,123,1,25
Y63,RFF,BARNSLEY HOSPITAL NHS FOUNDATION TRUST,C_120,Ear Nose and Throat Service,"2,886","2,025",70.20%,11.8,29.1,2,-,-
Y63,RFF,BARNSLEY HOSPITAL NHS FOUNDATION TRUST,C_130,Ophthalmology Service,"2,023","1,659",82.00%,7.5,25.6,2,-,-
Y63,RFF,BARNSLEY HOSPITAL NHS FOUNDATION TRUST,C_140,Oral Surgery Service,"2,039","1,152",56.50%,15.6,48.1,119,-,28
Y63,RFF,BARNSLEY HOSPITAL NHS FOUNDATION TRUST,C_150,Neurosurgical Service,-,-,-,-,-,-,-,-
Y63,RFF,BARNSLEY HOSPITAL NHS FOUNDATION TRUST,C_160,Plastic Surgery Service,-,-,-,-,-,-,-,-
Y63,RFF,BARNSLEY HOSPITAL NHS FOUNDATION TRUST,C_170,Cardiothoracic Surgery Service,-,-,-,-,-,-,-,-
Y63,RFF,BARNSLEY HOSPITAL NHS FOUNDATION TRUST,C_300,General Internal Medicine Service,8,8,100.00%,-,-,-,-,-
Y63,RFF,BARNSLEY HOSPITAL NHS FOUNDATION TRUST,C_301,Gastroenterology Service,957,910,95.10%,6,14.7,-,-,-
Y63,RFF,BARNSLEY HOSPITAL NHS FOUNDATION TRUST,C_320,Cardiology Service,732,701,95.80%,6.3,15.9,-,-,-
Y63,RFF,BARNSLEY HOSPITAL NHS FOUNDATION TRUST,C_330,Dermatology Service,"2,110","1,232",58.40%,15.1,36.1,-,-,-
Y63,RFF,BARNSLEY HOSPITAL NHS FOUNDATION TRUST,C_340,Respiratory Medicine Service,"1,083",652,60.20%,13.5,43,4,-,-
Y63,RFF,BARNSLEY HOSPITAL NHS FOUNDATION TRUST,C_400,Neurology Service,-,-,-,-,-,-,-,-
Y63,RFF,BARNSLEY HOSPITAL NHS FOUNDATION TRUST,C_410,Rheumatology Service,211,183,86.70%,7.5,20.4,-,-,-
Y63,RFF,BARNSLEY HOSPITAL NHS FOUNDATION TRUST,C_430,Elderly Medicine Service,111,110,99.10%,4.8,14.6,-,-,-
Y63,RFF,BARNSLEY HOSPITAL NHS FOUNDATION TRUST,C_502,Gynaecology Service,"2,453","1,357",55.30%,16.1,38.1,16,-,-
Y63,RFF,BARNSLEY HOSPITAL NHS FOUNDATION TRUST,X02,Other - Medical Services,746,644,86.30%,9.4,21.9,-,-,-
Y63,RFF,BARNSLEY HOSPITAL NHS FOUNDATION TRUST,X03,Other - Mental Health Services,-,-,-,-,-,-,-,-
Y63,RFF,BARNSLEY HOSPITAL NHS FOUNDATION TRUST,X04,Other - Paediatric Services,772,660,85.50%,8.6,20.2,-,-,-
Y63,RFF,BARNSLEY HOSPITAL NHS FOUNDATION TRUST,X05,Other - Surgical Services,-,-,-,-,-,-,-,-
Y63,RFF,BARNSLEY HOSPITAL NHS FOUNDATION TRUST,X06,Other - Other Services,546,368,67.40%,11.1,48.3,25,3,6
Y63,RFR,THE ROTHERHAM NHS FOUNDATION TRUST,C_100,General Surgery Service,"1,571",878,55.90%,15.8,44.7,40,-,2
Y63,RFR,THE ROTHERHAM NHS FOUNDATION TRUST,C_101,Urology Service,"1,660","1,178",71.00%,9.3,34.7,13,-,2
Y63,RFR,THE ROTHERHAM NHS FOUNDATION TRUST,C_110,Trauma and Orthopaedic Service,"4,381","2,025",46.20%,19.6,48.4,240,1,31
Y63,RFR,THE ROTHERHAM NHS FOUNDATION TRUST,C_120,Ear Nose and Throat Service,"3,876","1,920",49.50%,18.2,40.7,18,-,-
Y63,RFR,THE ROTHERHAM NHS FOUNDATION TRUST,C_130,Ophthalmology Service,"2,067","1,456",70.40%,10.3,34.8,27,5,7
Y63,RFR,THE ROTHERHAM NHS FOUNDATION TRUST,C_140,Oral Surgery Service,"3,406","1,623",47.70%,19.1,47.3,118,-,3
Y63,RFR,THE ROTHERHAM NHS FOUNDATION TRUST,C_150,Neurosurgical Service,-,-,-,-,-,-,-,-
Y63,RFR,THE ROTHERHAM NHS FOUNDATION TRUST,C_160,Plastic Surgery Service,-,-,-,-,-,-,-,-
Y63,RFR,THE ROTHERHAM NHS FOUNDATION TRUST,C_170,Cardiothoracic Surgery Service,-,-,-,-,-,-,-,-
Y63,RFR,THE ROTHERHAM NHS FOUNDATION TRUST,C_300,General Internal Medicine Service,12,11,91.70%,-,-,-,-,-
Y63,RFR,THE ROTHERHAM NHS FOUNDATION TRUST,C_301,Gastroenterology Service,958,708,73.90%,12.1,24.6,-,-,-
Y63,RFR,THE ROTHERHAM NHS FOUNDATION TRUST,C_320,Cardiology Service,"1,570",893,56.90%,15.4,37.9,6,-,-
Y63,RFR,THE ROTHERHAM NHS FOUNDATION TRUST,C_330,Dermatology Service,"1,951","1,330",68.20%,11.9,29.2,-,-,-
Y63,RFR,THE ROTHERHAM NHS FOUNDATION TRUST,C_340,Respiratory Medicine Service,922,810,87.90%,8.9,19.6,-,-,-
Y63,RFR,THE ROTHERHAM NHS FOUNDATION TRUST,C_400,Neurology Service,-,-,-,-,-,-,-,-
Y63,RFR,THE ROTHERHAM NHS FOUNDATION TRUST,C_410,Rheumatology Service,586,522,89.10%,6.4,23.1,-,-,-
Y63,RFR,THE ROTHERHAM NHS FOUNDATION TRUST,C_430,Elderly Medicine Service,113,104,92.00%,6.9,18,-,-,-
Y63,RFR,THE ROTHERHAM NHS FOUNDATION TRUST,C_502,Gynaecology Service,"3,519","1,931",54.90%,15.9,49.9,221,-,48
Y63,RFR,THE ROTHERHAM NHS FOUNDATION TRUST,X02,Other - Medical Services,728,531,72.90%,10.5,30.1,-,-,-
Y63,RFR,THE ROTHERHAM NHS FOUNDATION TRUST,X03,Other - Mental Health Services,-,-,-,-,-,-,-,-
Y63,RFR,THE ROTHERHAM NHS FOUNDATION TRUST,X04,Other - Paediatric Services,826,728,88.10%,8.8,22,-,-,-
Y63,RFR,THE ROTHERHAM NHS FOUNDATION TRUST,X05,Other - Surgical Services,"1,806","1,343",74.40%,8.2,35.6,14,-,2
Y63,RFR,THE ROTHERHAM NHS FOUNDATION TRUST,X06,Other - Other Services,-,-,-,-,-,-,-,-
Y63,RHQ,SHEFFIELD TEACHING HOSPITALS NHS FOUNDATION TRUST,C_100,General Surgery Service,"1,401",715,51.00%,17.5,48.9,81,4,27
Y63,RHQ,SHEFFIELD TEACHING HOSPITALS NHS FOUNDATION TRUST,C_101,Urology Service,"5,643","2,805",49.70%,18.2,50,359,-,53
Y63,RHQ,SHEFFIELD TEACHING HOSPITALS NHS FOUNDATION TRUST,C_110,Trauma and Orthopaedic Service,"7,488","4,486",59.90%,14.5,40.1,177,-,28
Y63,RHQ,SHEFFIELD TEACHING HOSPITALS NHS FOUNDATION TRUST,C_120,Ear Nose and Throat Service,"5,146","2,752",53.50%,16.6,40.7,82,-,8
Y63,RHQ,SHEFFIELD TEACHING HOSPITALS NHS FOUNDATION TRUST,C_130,Ophthalmology Service,"4,963","3,767",75.90%,9.3,30.8,95,17,49
Y63,RHQ,SHEFFIELD TEACHING HOSPITALS NHS FOUNDATION TRUST,C_140,Oral Surgery Service,"5,348","2,749",51.40%,17.6,41.7,25,-,-
Y63,RHQ,SHEFFIELD TEACHING HOSPITALS NHS FOUNDATION TRUST,C_150,Neurosurgical Service,"3,178","1,336",42.00%,24.4,63.8,594,13,230
Y63,RHQ,SHEFFIELD TEACHING HOSPITALS NHS FOUNDATION TRUST,C_160,Plastic Surgery Service,"3,084","1,429",46.30%,20.4,54.5,312,1,41
Y63,RHQ,SHEFFIELD TEACHING HOSPITALS NHS FOUNDATION TRUST,C_170,Cardiothoracic Surgery Service,467,384,82.20%,7.7,25.9,1,-,-
Y63,RHQ,SHEFFIELD TEACHING HOSPITALS NHS FOUNDATION TRUST,C_300,General Internal Medicine Service,16,16,100.00%,-,-,-,-,-
Y63,RHQ,SHEFFIELD TEACHING HOSPITALS NHS FOUNDATION TRUST,C_301,Gastroenterology Service,"3,848","3,007",78.10%,9.4,28.8,8,-,-
Y63,RHQ,SHEFFIELD TEACHING HOSPITALS NHS FOUNDATION TRUST,C_320,Cardiology Service,"4,939","3,267",66.10%,11.6,34.5,43,-,1
Y63,RHQ,SHEFFIELD TEACHING HOSPITALS NHS FOUNDATION TRUST,C_330,Dermatology Service,"4,364","3,017",69.10%,10.5,35.2,5,-,-
Y63,RHQ,SHEFFIELD TEACHING HOSPITALS NHS FOUNDATION TRUST,C_340,Respiratory Medicine Service,"1,721","1,365",79.30%,8.5,26.5,-,-,-
Y63,RHQ,SHEFFIELD TEACHING HOSPITALS NHS FOUNDATION TRUST,C_400,Neurology Service,"9,732","4,651",47.80%,19.6,55.5,"1,170",2,224
Y63,RHQ,SHEFFIELD TEACHING HOSPITALS NHS FOUNDATION TRUST,C_410,Rheumatology Service,979,859,87.70%,8,20.9,1,-,-
Y63,RHQ,SHEFFIELD TEACHING HOSPITALS NHS FOUNDATION TRUST,C_430,Elderly Medicine Service,99,87,87.90%,8.4,19.1,-,-,-
Y63,RHQ,SHEFFIELD TEACHING HOSPITALS NHS FOUNDATION TRUST,C_502,Gynaecology Service,"6,305","3,613",57.30%,14.7,40.8,94,-,9
Y63,RHQ,SHEFFIELD TEACHING HOSPITALS NHS FOUNDATION TRUST,X02,Other - Medical Services,"10,570","7,621",72.10%,10.2,32.7,89,-,18
Y63,RHQ,SHEFFIELD TEACHING HOSPITALS NHS FOUNDATION TRUST,X03,Other - Mental Health Services,-,-,-,-,-,-,-,-
Y63,RHQ,SHEFFIELD TEACHING HOSPITALS NHS FOUNDATION TRUST,X04,Other - Paediatric Services,-,-,-,-,-,-,-,-
Y63,RHQ,SHEFFIELD TEACHING HOSPITALS NHS FOUNDATION TRUST,X05,Other - Surgical Services,"9,038","6,272",69.40%,10.2,39,203,1,43
Y63,RHQ,SHEFFIELD TEACHING HOSPITALS NHS FOUNDATION TRUST,X06,Other - Other Services,"3,334","2,985",89.50%,6.1,20,7,-,2
Y63,RJL,NORTHERN LINCOLNSHIRE AND GOOLE NHS FOUNDATION TRUST,C_100,General Surgery Service,"4,672","3,211",68.70%,10.3,35,19,-,-
Y63,RJL,NORTHERN LINCOLNSHIRE AND GOOLE NHS FOUNDATION TRUST,C_101,Urology Service,"3,377","2,099",62.20%,13.5,37.5,42,-,4
Y63,RJL,NORTHERN LINCOLNSHIRE AND GOOLE NHS FOUNDATION TRUST,C_110,Trauma and Orthopaedic Service,"3,879","2,018",52.00%,17.1,46,146,2,27
Y63,RJL,NORTHERN LINCOLNSHIRE AND GOOLE NHS FOUNDATION TRUST,C_120,Ear Nose and Throat Service,"6,353","3,445",54.20%,16.2,44.3,177,3,15
Y63,RJL,NORTHERN LINCOLNSHIRE AND GOOLE NHS FOUNDATION TRUST,C_130,Ophthalmology Service,"3,591","2,712",75.50%,9.3,29.2,6,-,-
Y63,RJL,NORTHERN LINCOLNSHIRE AND GOOLE NHS FOUNDATION TRUST,C_140,Oral Surgery Service,"2,157","1,155",53.50%,16.4,45.4,50,1,6
Y63,RJL,NORTHERN LINCOLNSHIRE AND GOOLE NHS FOUNDATION TRUST,C_150,Neurosurgical Service,-,-,-,-,-,-,-,-
Y63,RJL,NORTHERN LINCOLNSHIRE AND GOOLE NHS FOUNDATION TRUST,C_160,Plastic Surgery Service,-,-,-,-,-,-,-,-
Y63,RJL,NORTHERN LINCOLNSHIRE AND GOOLE NHS FOUNDATION TRUST,C_170,Cardiothoracic Surgery Service,-,-,-,-,-,-,-,-
Y63,RJL,NORTHERN LINCOLNSHIRE AND GOOLE NHS FOUNDATION TRUST,C_300,General Internal Medicine Service,"4,242","2,535",59.80%,14.1,38.3,65,3,11
Y63,RJL,NORTHERN LINCOLNSHIRE AND GOOLE NHS FOUNDATION TRUST,C_301,Gastroenterology Service,-,-,-,-,-,-,-,-
Y63,RJL,NORTHERN LINCOLNSHIRE AND GOOLE NHS FOUNDATION TRUST,C_320,Cardiology Service,"2,250","1,721",76.50%,10.7,28.3,9,-,2
Y63,RJL,NORTHERN LINCOLNSHIRE AND GOOLE NHS FOUNDATION TRUST,C_330,Dermatology Service,-,-,-,-,-,-,-,-
Y63,RJL,NORTHERN LINCOLNSHIRE AND GOOLE NHS FOUNDATION TRUST,C_340,Respiratory Medicine Service,"1,817","1,160",63.80%,12.7,37.9,22,-,3
Y63,RJL,NORTHERN LINCOLNSHIRE AND GOOLE NHS FOUNDATION TRUST,C_400,Neurology Service,-,-,-,-,-,-,-,-
Y63,RJL,NORTHERN LINCOLNSHIRE AND GOOLE NHS FOUNDATION TRUST,C_410,Rheumatology Service,796,526,66.10%,13.4,28.7,2,-,1
Y63,RJL,NORTHERN LINCOLNSHIRE AND GOOLE NHS FOUNDATION TRUST,C_430,Elderly Medicine Service,204,174,85.30%,8.2,23.2,-,-,-
Y63,RJL,NORTHERN LINCOLNSHIRE AND GOOLE NHS FOUNDATION TRUST,C_502,Gynaecology Service,"4,797","2,813",58.60%,14.2,41.4,129,2,25
Y63,RJL,NORTHERN LINCOLNSHIRE AND GOOLE NHS FOUNDATION TRUST,X02,Other - Medical Services,270,225,83.30%,8,26.9,1,-,-
Y63,RJL,NORTHERN LINCOLNSHIRE AND GOOLE NHS FOUNDATION TRUST,X03,Other - Mental Health Services,-,-,-,-,-,-,-,-
Y63,RJL,NORTHERN LINCOLNSHIRE AND GOOLE NHS FOUNDATION TRUST,X04,Other - Paediatric Services,-,-,-,-,-,-,-,-
Y63,RJL,NORTHERN LINCOLNSHIRE AND GOOLE NHS FOUNDATION TRUST,X05,Other - Surgical Services,"2,299","1,370",59.60%,14.3,38,52,-,18
Y63,RJL,NORTHERN LINCOLNSHIRE AND GOOLE NHS FOUNDATION TRUST,X06,Other - Other Services,691,295,42.70%,24.8,56.5,97,-,9
Y63,RNN,NORTH CUMBRIA INTEGRATED CARE NHS FOUNDATION TRUST,C_100,General Surgery Service,900,522,58.00%,15.2,38.6,13,-,1
Y63,RNN,NORTH CUMBRIA INTEGRATED CARE NHS FOUNDATION TRUST,C_101,Urology Service,"3,425","1,582",46.20%,19.6,51.7,268,-,14
Y63,RNN,NORTH CUMBRIA INTEGRATED CARE NHS FOUNDATION TRUST,C_110,Trauma and Orthopaedic Service,"3,088","1,756",56.90%,15.7,39.7,63,-,13
Y63,RNN,NORTH CUMBRIA INTEGRATED CARE NHS FOUNDATION TRUST,C_120,Ear Nose and Throat Service,"4,240","2,295",54.10%,16.1,37.7,62,-,8
Y63,RNN,NORTH CUMBRIA INTEGRATED CARE NHS FOUNDATION TRUST,C_130,Ophthalmology Service,"3,148","2,128",67.60%,11.7,35.8,31,-,8
Y63,RNN,NORTH CUMBRIA INTEGRATED CARE NHS FOUNDATION TRUST,C_140,Oral Surgery Service,"1,340",717,53.50%,16.2,51.8,104,-,25
Y63,RNN,NORTH CUMBRIA INTEGRATED CARE NHS FOUNDATION TRUST,C_150,Neurosurgical Service,-,-,-,-,-,-,-,-
Y63,RNN,NORTH CUMBRIA INTEGRATED CARE NHS FOUNDATION TRUST,C_160,Plastic Surgery Service,-,-,-,-,-,-,-,-
Y63,RNN,NORTH CUMBRIA INTEGRATED CARE NHS FOUNDATION TRUST,C_170,Cardiothoracic Surgery Service,-,-,-,-,-,-,-,-
Y63,RNN,NORTH CUMBRIA INTEGRATED CARE NHS FOUNDATION TRUST,C_300,General Internal Medicine Service,97,33,34.00%,24.5,47.1,2,-,-
Y63,RNN,NORTH CUMBRIA INTEGRATED CARE NHS FOUNDATION TRUST,C_301,Gastroenterology Service,"1,787",901,50.40%,17.9,38.9,22,-,3
Y63,RNN,NORTH CUMBRIA INTEGRATED CARE NHS FOUNDATION TRUST,C_320,Cardiology Service,"2,214","1,479",66.80%,12.3,32.7,10,-,1
Y63,RNN,NORTH CUMBRIA INTEGRATED CARE NHS FOUNDATION TRUST,C_330,Dermatology Service,"1,895","1,399",73.80%,10.6,28.7,5,-,1
Y63,RNN,NORTH CUMBRIA INTEGRATED CARE NHS FOUNDATION TRUST,C_340,Respiratory Medicine Service,893,490,54.90%,15.7,50.1,45,-,-
Y63,RNN,NORTH CUMBRIA INTEGRATED CARE NHS FOUNDATION TRUST,C_400,Neurology Service,"2,030","1,012",49.90%,18.1,48.2,125,-,24
Y63,RNN,NORTH CUMBRIA INTEGRATED CARE NHS FOUNDATION TRUST,C_410,Rheumatology Service,946,511,54.00%,16.6,37.3,18,-,1
Y63,RNN,NORTH CUMBRIA INTEGRATED CARE NHS FOUNDATION TRUST,C_430,Elderly Medicine Service,415,221,53.30%,16.9,46.6,18,-,5
Y63,RNN,NORTH CUMBRIA INTEGRATED CARE NHS FOUNDATION TRUST,C_502,Gynaecology Service,"2,819","1,677",59.50%,14.2,45.9,110,-,17
Y63,RNN,NORTH CUMBRIA INTEGRATED CARE NHS FOUNDATION TRUST,X02,Other - Medical Services,"1,285","1,017",79.10%,8.8,28,4,-,-
Y63,RNN,NORTH CUMBRIA INTEGRATED CARE NHS FOUNDATION TRUST,X03,Other - Mental Health Services,-,-,-,-,-,-,-,-
Y63,RNN,NORTH CUMBRIA INTEGRATED CARE NHS FOUNDATION TRUST,X04,Other - Paediatric Services,"1,600","1,144",71.50%,11.7,31.3,3,-,-
Y63,RNN,NORTH CUMBRIA INTEGRATED CARE NHS FOUNDATION TRUST,X05,Other - Surgical Services,"5,164","2,995",58.00%,14.5,37.8,71,-,14
Y63,RNN,NORTH CUMBRIA INTEGRATED CARE NHS FOUNDATION TRUST,X06,Other - Other Services,"1,486","1,156",77.80%,7.4,27.9,8,-,2
Y63,RP5,DONCASTER AND BASSETLAW TEACHING HOSPITALS NHS FOUNDATION TRUST,C_100,General Surgery Service,"2,671","1,986",74.40%,9.3,29.9,2,-,1
Y63,RP5,DONCASTER AND BASSETLAW TEACHING HOSPITALS NHS FOUNDATION TRUST,C_101,Urology Service,"3,185","1,871",58.70%,13.8,46.1,95,-,7
Y63,RP5,DONCASTER AND BASSETLAW TEACHING HOSPITALS NHS FOUNDATION TRUST,C_110,Trauma and Orthopaedic Service,"8,571","4,956",57.80%,14.7,48.6,505,12,158
Y63,RP5,DONCASTER AND BASSETLAW TEACHING HOSPITALS NHS FOUNDATION TRUST,C_120,Ear Nose and Throat Service,"6,510","2,955",45.40%,20.6,48.9,348,5,60
Y63,RP5,DONCASTER AND BASSETLAW TEACHING HOSPITALS NHS FOUNDATION TRUST,C_130,Ophthalmology Service,"3,936","2,553",64.90%,13.2,36.6,37,3,12
Y63,RP5,DONCASTER AND BASSETLAW TEACHING HOSPITALS NHS FOUNDATION TRUST,C_140,Oral Surgery Service,"2,845","1,604",56.40%,16,40.6,9,-,-
Y63,RP5,DONCASTER AND BASSETLAW TEACHING HOSPITALS NHS FOUNDATION TRUST,C_150,Neurosurgical Service,-,-,-,-,-,-,-,-
Y63,RP5,DONCASTER AND BASSETLAW TEACHING HOSPITALS NHS FOUNDATION TRUST,C_160,Plastic Surgery Service,-,-,-,-,-,-,-,-
Y63,RP5,DONCASTER AND BASSETLAW TEACHING HOSPITALS NHS FOUNDATION TRUST,C_170,Cardiothoracic Surgery Service,-,-,-,-,-,-,-,-
Y63,RP5,DONCASTER AND BASSETLAW TEACHING HOSPITALS NHS FOUNDATION TRUST,C_300,General Internal Medicine Service,800,605,75.60%,13.4,34.2,1,-,-
Y63,RP5,DONCASTER AND BASSETLAW TEACHING HOSPITALS NHS FOUNDATION TRUST,C_301,Gastroenterology Service,"2,563","1,608",62.70%,12.1,36.5,-,-,-
Y63,RP5,DONCASTER AND BASSETLAW TEACHING HOSPITALS NHS FOUNDATION TRUST,C_320,Cardiology Service,"3,475","2,208",63.50%,13.3,32.9,17,-,3
Y63,RP5,DONCASTER AND BASSETLAW TEACHING HOSPITALS NHS FOUNDATION TRUST,C_330,Dermatology Service,"4,657","2,691",57.80%,15,34.5,39,-,2
Y63,RP5,DONCASTER AND BASSETLAW TEACHING HOSPITALS NHS FOUNDATION TRUST,C_340,Respiratory Medicine Service,"1,434",637,44.40%,20.6,38.3,14,-,-
Y63,RP5,DONCASTER AND BASSETLAW TEACHING HOSPITALS NHS FOUNDATION TRUST,C_400,Neurology Service,-,-,-,-,-,-,-,-
Y63,RP5,DONCASTER AND BASSETLAW TEACHING HOSPITALS NHS FOUNDATION TRUST,C_410,Rheumatology Service,901,657,72.90%,11.9,26.9,-,-,-
Y63,RP5,DONCASTER AND BASSETLAW TEACHING HOSPITALS NHS FOUNDATION TRUST,C_430,Elderly Medicine Service,352,272,77.30%,10.6,29.8,2,-,-
Y63,RP5,DONCASTER AND BASSETLAW TEACHING HOSPITALS NHS FOUNDATION TRUST,C_502,Gynaecology Service,"4,465","2,540",56.90%,15.4,44.8,101,1,4
Y63,RP5,DONCASTER AND BASSETLAW TEACHING HOSPITALS NHS FOUNDATION TRUST,X02,Other - Medical Services,"4,427","3,041",68.70%,10.9,36.1,15,-,1
Y63,RP5,DONCASTER AND BASSETLAW TEACHING HOSPITALS NHS FOUNDATION TRUST,X03,Other - Mental Health Services,-,-,-,-,-,-,-,-
Y63,RP5,DONCASTER AND BASSETLAW TEACHING HOSPITALS NHS FOUNDATION TRUST,X04,Other - Paediatric Services,343,262,76.40%,10.1,32.1,-,-,-
Y63,RP5,DONCASTER AND BASSETLAW TEACHING HOSPITALS NHS FOUNDATION TRUST,X05,Other - Surgical Services,"1,913","1,303",68.10%,10,36.3,19,1,5
Y63,RP5,DONCASTER AND BASSETLAW TEACHING HOSPITALS NHS FOUNDATION TRUST,X06,Other - Other Services,632,277,43.80%,21.5,45.6,16,-,5
Y63,RR7,GATESHEAD HEALTH NHS FOUNDATION TRUST,C_100,General Surgery Service,"2,242","1,604",71.50%,9.4,36.5,19,-,2
Y63,RR7,GATESHEAD HEALTH NHS FOUNDATION TRUST,C_101,Urology Service,867,561,64.70%,13.6,38.9,11,-,-
Y63,RR7,GATESHEAD HEALTH NHS FOUNDATION TRUST,C_110,Trauma and Orthopaedic Service,"1,665",777,46.70%,19.8,44.8,43,-,5
Y63,RR7,GATESHEAD HEALTH NHS FOUNDATION TRUST,C_120,Ear Nose and Throat Service,-,-,-,-,-,-,-,-
Y63,RR7,GATESHEAD HEALTH NHS FOUNDATION TRUST,C_130,Ophthalmology Service,-,-,-,-,-,-,-,-
Y63,RR7,GATESHEAD HEALTH NHS FOUNDATION TRUST,C_140,Oral Surgery Service,-,-,-,-,-,-,-,-
Y63,RR7,GATESHEAD HEALTH NHS FOUNDATION TRUST,C_150,Neurosurgical Service,-,-,-,-,-,-,-,-
Y63,RR7,GATESHEAD HEALTH NHS FOUNDATION TRUST,C_160,Plastic Surgery Service,-,-,-,-,-,-,-,-
Y63,RR7,GATESHEAD HEALTH NHS FOUNDATION TRUST,C_170,Cardiothoracic Surgery Service,-,-,-,-,-,-,-,-
Y63,RR7,GATESHEAD HEALTH NHS FOUNDATION TRUST,C_300,General Internal Medicine Service,52,50,96.20%,4.8,16.7,-,-,-
Y63,RR7,GATESHEAD HEALTH NHS FOUNDATION TRUST,C_301,Gastroenterology Service,"1,479","1,183",80.00%,10.4,28.3,3,-,-
Y63,RR7,GATESHEAD HEALTH NHS FOUNDATION TRUST,C_320,Cardiology Service,631,434,68.80%,11.9,35.5,1,-,-
Y63,RR7,GATESHEAD HEALTH NHS FOUNDATION TRUST,C_330,Dermatology Service,-,-,-,-,-,-,-,-
Y63,RR7,GATESHEAD HEALTH NHS FOUNDATION TRUST,C_340,Respiratory Medicine Service,514,432,84.00%,7.1,27.1,-,-,-
Y63,RR7,GATESHEAD HEALTH NHS FOUNDATION TRUST,C_400,Neurology Service,-,-,-,-,-,-,-,-
Y63,RR7,GATESHEAD HEALTH NHS FOUNDATION TRUST,C_410,Rheumatology Service,362,291,80.40%,9.3,26,-,-,-
Y63,RR7,GATESHEAD HEALTH NHS FOUNDATION TRUST,C_430,Elderly Medicine Service,316,277,87.70%,8.5,20.2,-,-,-
Y63,RR7,GATESHEAD HEALTH NHS FOUNDATION TRUST,C_502,Gynaecology Service,"2,093","1,208",57.70%,15.1,38.2,10,-,-
Y63,RR7,GATESHEAD HEALTH NHS FOUNDATION TRUST,X02,Other - Medical Services,801,715,89.30%,6.2,19.8,-,-,-
Y63,RR7,GATESHEAD HEALTH NHS FOUNDATION TRUST,X03,Other - Mental Health Services,187,181,96.80%,5.3,12.8,-,-,-
Y63,RR7,GATESHEAD HEALTH NHS FOUNDATION TRUST,X04,Other - Paediatric Services,-,-,-,-,-,-,-,-
Y63,RR7,GATESHEAD HEALTH NHS FOUNDATION TRUST,X05,Other - Surgical Services,13,13,100.00%,-,-,-,-,-
Y63,RR7,GATESHEAD HEALTH NHS FOUNDATION TRUST,X06,Other - Other Services,"1,138",716,62.90%,11.7,39.8,26,-,7
Y63,RR8,LEEDS TEACHING HOSPITALS NHS TRUST,C_100,General Surgery Service,"1,623","1,185",73.00%,10.9,35.5,44,9,20
Y63,RR8,LEEDS TEACHING HOSPITALS NHS TRUST,C_101,Urology Service,"3,599","2,242",62.30%,13.4,43.3,151,1,30
Y63,RR8,LEEDS TEACHING HOSPITALS NHS TRUST,C_110,Trauma and Orthopaedic Service,"8,516","3,628",42.60%,21.4,53.8,783,58,295
Y63,RR8,LEEDS TEACHING HOSPITALS NHS TRUST,C_120,Ear Nose and Throat Service,"4,349","1,979",45.50%,21.4,53.4,371,28,129
Y63,RR8,LEEDS TEACHING HOSPITALS NHS TRUST,C_130,Ophthalmology Service,"4,285","3,416",79.70%,8.5,28.7,14,1,3
Y63,RR8,LEEDS TEACHING HOSPITALS NHS TRUST,C_140,Oral Surgery Service,"1,944","1,490",76.60%,9.8,30.6,36,-,7
Y63,RR8,LEEDS TEACHING HOSPITALS NHS TRUST,C_150,Neurosurgical Service,453,325,71.70%,9.2,36.4,14,-,5
Y63,RR8,LEEDS TEACHING HOSPITALS NHS TRUST,C_160,Plastic Surgery Service,"3,586","1,516",42.30%,22.5,51.6,277,1,120
Y63,RR8,LEEDS TEACHING HOSPITALS NHS TRUST,C_170,Cardiothoracic Surgery Service,466,377,80.90%,7.9,28.4,1,-,-
Y63,RR8,LEEDS TEACHING HOSPITALS NHS TRUST,C_300,General Internal Medicine Service,6,3,50.00%,-,-,-,-,-
Y63,RR8,LEEDS TEACHING HOSPITALS NHS TRUST,C_301,Gastroenterology Service,"1,538","1,458",94.80%,3.9,15,3,-,-
Y63,RR8,LEEDS TEACHING HOSPITALS NHS TRUST,C_320,Cardiology Service,"3,269","3,084",94.30%,5.9,16,1,-,-
Y63,RR8,LEEDS TEACHING HOSPITALS NHS TRUST,C_330,Dermatology Service,"6,274","3,645",58.10%,14.4,48.7,394,14,97
Y63,RR8,LEEDS TEACHING HOSPITALS NHS TRUST,C_340,Respiratory Medicine Service,"1,132",821,72.50%,9.5,30.1,-,-,-
Y63,RR8,LEEDS TEACHING HOSPITALS NHS TRUST,C_400,Neurology Service,"2,688","2,092",77.80%,10.7,23.6,2,-,-
Y63,RR8,LEEDS TEACHING HOSPITALS NHS TRUST,C_410,Rheumatology Service,"1,979","1,646",83.20%,9.1,21.1,-,-,-
Y63,RR8,LEEDS TEACHING HOSPITALS NHS TRUST,C_430,Elderly Medicine Service,31,31,100.00%,3.9,7.7,-,-,-
Y63,RR8,LEEDS TEACHING HOSPITALS NHS TRUST,C_502,Gynaecology Service,"9,956","4,929",49.50%,18.3,49.7,613,2,103
Y63,RR8,LEEDS TEACHING HOSPITALS NHS TRUST,X02,Other - Medical Services,"13,754","9,648",70.10%,10.5,34.7,88,-,8
Y63,RR8,LEEDS TEACHING HOSPITALS NHS TRUST,X03,Other - Mental Health Services,-,-,-,-,-,-,-,-
Y63,RR8,LEEDS TEACHING HOSPITALS NHS TRUST,X04,Other - Paediatric Services,"11,474","5,856",51.00%,17.3,48.1,584,23,162
Y63,RR8,LEEDS TEACHING HOSPITALS NHS TRUST,X05,Other - Surgical Services,"9,596","5,848",60.90%,13.4,43,388,32,134
Y63,RR8,LEEDS TEACHING HOSPITALS NHS TRUST,X06,Other - Other Services,"1,242","1,173",94.40%,4.7,16.1,10,1,4
Y63,RTD,THE NEWCASTLE UPON TYNE HOSPITALS NHS FOUNDATION TRUST,C_100,General Surgery Service,814,682,83.80%,8.7,21.8,9,-,5
Y63,RTD,THE NEWCASTLE UPON TYNE HOSPITALS NHS FOUNDATION TRUST,C_101,Urology Service,"3,079","2,230",72.40%,9.6,39.9,130,7,45
Y63,RTD,THE NEWCASTLE UPON TYNE HOSPITALS NHS FOUNDATION TRUST,C_110,Trauma and Orthopaedic Service,"8,825","4,934",55.90%,15.3,55.8,910,90,364
Y63,RTD,THE NEWCASTLE UPON TYNE HOSPITALS NHS FOUNDATION TRUST,C_120,Ear Nose and Throat Service,"10,634","6,460",60.70%,14.1,40.7,309,16,89
Y63,RTD,THE NEWCASTLE UPON TYNE HOSPITALS NHS FOUNDATION TRUST,C_130,Ophthalmology Service,"9,692","6,634",68.40%,10.6,46.7,534,84,215
Y63,RTD,THE NEWCASTLE UPON TYNE HOSPITALS NHS FOUNDATION TRUST,C_140,Oral Surgery Service,"2,926","1,584",54.10%,16.8,34.1,-,-,-
Y63,RTD,THE NEWCASTLE UPON TYNE HOSPITALS NHS FOUNDATION TRUST,C_150,Neurosurgical Service,"1,010",775,76.70%,10,32,18,2,7
Y63,RTD,THE NEWCASTLE UPON TYNE HOSPITALS NHS FOUNDATION TRUST,C_160,Plastic Surgery Service,"2,246","1,189",52.90%,17,54.7,210,41,109
Y63,RTD,THE NEWCASTLE UPON TYNE HOSPITALS NHS FOUNDATION TRUST,C_170,Cardiothoracic Surgery Service,68,54,79.40%,8,24.3,-,-,-
Y63,RTD,THE NEWCASTLE UPON TYNE HOSPITALS NHS FOUNDATION TRUST,C_300,General Internal Medicine Service,"1,330",868,65.30%,12.2,32.2,6,-,1
Y63,RTD,THE NEWCASTLE UPON TYNE HOSPITALS NHS FOUNDATION TRUST,C_301,Gastroenterology Service,"1,219",843,69.20%,12,29.5,6,-,1
Y63,RTD,THE NEWCASTLE UPON TYNE HOSPITALS NHS FOUNDATION TRUST,C_320,Cardiology Service,"3,863","3,155",81.70%,9.5,28.6,13,-,3
Y63,RTD,THE NEWCASTLE UPON TYNE HOSPITALS NHS FOUNDATION TRUST,C_330,Dermatology Service,"9,058","4,916",54.30%,16.1,51.9,721,25,243
Y63,RTD,THE NEWCASTLE UPON TYNE HOSPITALS NHS FOUNDATION TRUST,C_340,Respiratory Medicine Service,"1,552","1,196",77.10%,9.9,28.5,11,-,5
Y63,RTD,THE NEWCASTLE UPON TYNE HOSPITALS NHS FOUNDATION TRUST,C_400,Neurology Service,"1,906","1,522",79.90%,9.6,25.5,8,1,3
Y63,RTD,THE NEWCASTLE UPON TYNE HOSPITALS NHS FOUNDATION TRUST,C_410,Rheumatology Service,"1,190",662,55.60%,15,53.3,111,2,23
Y63,RTD,THE NEWCASTLE UPON TYNE HOSPITALS NHS FOUNDATION TRUST,C_430,Elderly Medicine Service,484,312,64.50%,10,44,13,-,2
Y63,RTD,THE NEWCASTLE UPON TYNE HOSPITALS NHS FOUNDATION TRUST,C_502,Gynaecology Service,"5,357","3,504",65.40%,12.3,33.1,43,1,8
Y63,RTD,THE NEWCASTLE UPON TYNE HOSPITALS NHS FOUNDATION TRUST,X02,Other - Medical Services,"11,696","8,284",70.80%,10.5,38.2,402,1,26
Y63,RTD,THE NEWCASTLE UPON TYNE HOSPITALS NHS FOUNDATION TRUST,X03,Other - Mental Health Services,431,431,100.00%,6,15.3,-,-,-
Y63,RTD,THE NEWCASTLE UPON TYNE HOSPITALS NHS FOUNDATION TRUST,X04,Other - Paediatric Services,"8,636","7,147",82.80%,8.5,28.7,77,7,35
Y63,RTD,THE NEWCASTLE UPON TYNE HOSPITALS NHS FOUNDATION TRUST,X05,Other - Surgical Services,"9,905","6,468",65.30%,12.2,43.2,454,31,174
Y63,RTD,THE NEWCASTLE UPON TYNE HOSPITALS NHS FOUNDATION TRUST,X06,Other - Other Services,"4,664","3,869",83.00%,8,24.6,24,-,4
Y63,RTF,NORTHUMBRIA HEALTHCARE NHS FOUNDATION TRUST,C_100,General Surgery Service,"6,078","5,367",88.30%,9.6,21.4,-,-,-
Y63,RTF,NORTHUMBRIA HEALTHCARE NHS FOUNDATION TRUST,C_101,Urology Service,"2,945","2,231",75.80%,11,31.9,15,-,1
Y63,RTF,NORTHUMBRIA HEALTHCARE NHS FOUNDATION TRUST,C_110,Trauma and Orthopaedic Service,"8,863","5,600",63.20%,14.2,37.1,47,-,-
Y63,RTF,NORTHUMBRIA HEALTHCARE NHS FOUNDATION TRUST,C_120,Ear Nose and Throat Service,-,-,-,-,-,-,-,-
Y63,RTF,NORTHUMBRIA HEALTHCARE NHS FOUNDATION TRUST,C_130,Ophthalmology Service,-,-,-,-,-,-,-,-
Y63,RTF,NORTHUMBRIA HEALTHCARE NHS FOUNDATION TRUST,C_140,Oral Surgery Service,"1,253",721,57.50%,15.1,37.1,-,-,-
Y63,RTF,NORTHUMBRIA HEALTHCARE NHS FOUNDATION TRUST,C_150,Neurosurgical Service,-,-,-,-,-,-,-,-
Y63,RTF,NORTHUMBRIA HEALTHCARE NHS FOUNDATION TRUST,C_160,Plastic Surgery Service,"1,474",911,61.80%,14,40.2,-,-,-
Y63,RTF,NORTHUMBRIA HEALTHCARE NHS FOUNDATION TRUST,C_170,Cardiothoracic Surgery Service,-,-,-,-,-,-,-,-
Y63,RTF,NORTHUMBRIA HEALTHCARE NHS FOUNDATION TRUST,C_300,General Internal Medicine Service,"1,106","1,053",95.20%,7.3,17.1,-,-,-
Y63,RTF,NORTHUMBRIA HEALTHCARE NHS FOUNDATION TRUST,C_301,Gastroenterology Service,"1,479","1,420",96.00%,8.5,17.2,-,-,-
Y63,RTF,NORTHUMBRIA HEALTHCARE NHS FOUNDATION TRUST,C_320,Cardiology Service,"1,607","1,510",94.00%,8.6,17.5,-,-,-
Y63,RTF,NORTHUMBRIA HEALTHCARE NHS FOUNDATION TRUST,C_330,Dermatology Service,-,-,-,-,-,-,-,-
Y63,RTF,NORTHUMBRIA HEALTHCARE NHS FOUNDATION TRUST,C_340,Respiratory Medicine Service,"1,838","1,746",95.00%,7.9,17.5,-,-,-
Y63,RTF,NORTHUMBRIA HEALTHCARE NHS FOUNDATION TRUST,C_400,Neurology Service,-,-,-,-,-,-,-,-
Y63,RTF,NORTHUMBRIA HEALTHCARE NHS FOUNDATION TRUST,C_410,Rheumatology Service,954,733,76.80%,11.4,26.9,-,-,-
Y63,RTF,NORTHUMBRIA HEALTHCARE NHS FOUNDATION TRUST,C_430,Elderly Medicine Service,793,750,94.60%,7.9,16.7,-,-,-
Y63,RTF,NORTHUMBRIA HEALTHCARE NHS FOUNDATION TRUST,C_502,Gynaecology Service,"3,225","2,491",77.20%,10.3,29.2,6,-,-
Y63,RTF,NORTHUMBRIA HEALTHCARE NHS FOUNDATION TRUST,X02,Other - Medical Services,-,-,-,-,-,-,-,-
Y63,RTF,NORTHUMBRIA HEALTHCARE NHS FOUNDATION TRUST,X03,Other - Mental Health Services,-,-,-,-,-,-,-,-
Y63,RTF,NORTHUMBRIA HEALTHCARE NHS FOUNDATION TRUST,X04,Other - Paediatric Services,-,-,-,-,-,-,-,-
Y63,RTF,NORTHUMBRIA HEALTHCARE NHS FOUNDATION TRUST,X05,Other - Surgical Services,-,-,-,-,-,-,-,-
Y63,RTF,NORTHUMBRIA HEALTHCARE NHS FOUNDATION TRUST,X06,Other - Other Services,"1,956","1,806",92.30%,7.7,17.9,-,-,-
Y63,RTR,SOUTH TEES HOSPITALS NHS FOUNDATION TRUST,C_100,General Surgery Service,"1,489",999,67.10%,12.3,41.4,48,-,5
Y63,RTR,SOUTH TEES HOSPITALS NHS FOUNDATION TRUST,C_101,Urology Service,"3,644","2,256",61.90%,13.8,44.5,125,5,35
Y63,RTR,SOUTH TEES HOSPITALS NHS FOUNDATION TRUST,C_110,Trauma and Orthopaedic Service,"5,616","3,107",55.30%,15.8,47.6,291,7,59
Y63,RTR,SOUTH TEES HOSPITALS NHS FOUNDATION TRUST,C_120,Ear Nose and Throat Service,"5,888","3,382",57.40%,15.2,36.7,71,-,6
Y63,RTR,SOUTH TEES HOSPITALS NHS FOUNDATION TRUST,C_130,Ophthalmology Service,"3,969","2,828",71.30%,11.7,31.8,27,1,3
Y63,RTR,SOUTH TEES HOSPITALS NHS FOUNDATION TRUST,C_140,Oral Surgery Service,115,66,57.40%,15.5,51.5,6,-,-
Y63,RTR,SOUTH TEES HOSPITALS NHS FOUNDATION TRUST,C_150,Neurosurgical Service,"1,214",962,79.20%,10.1,28.9,13,1,4
Y63,RTR,SOUTH TEES HOSPITALS NHS FOUNDATION TRUST,C_160,Plastic Surgery Service,"1,857","1,232",66.30%,12.2,34.2,14,-,-
Y63,RTR,SOUTH TEES HOSPITALS NHS FOUNDATION TRUST,C_170,Cardiothoracic Surgery Service,241,197,81.70%,8.9,26.6,1,-,-
Y63,RTR,SOUTH TEES HOSPITALS NHS FOUNDATION TRUST,C_300,General Internal Medicine Service,154,135,87.70%,4.6,21.3,-,-,-
Y63,RTR,SOUTH TEES HOSPITALS NHS FOUNDATION TRUST,C_301,Gastroenterology Service,"1,539","1,316",85.50%,8.5,21.3,5,-,2
Y63,RTR,SOUTH TEES HOSPITALS NHS FOUNDATION TRUST,C_320,Cardiology Service,"1,390","1,203",86.50%,9,23.6,5,-,1
Y63,RTR,SOUTH TEES HOSPITALS NHS FOUNDATION TRUST,C_330,Dermatology Service,"2,286","1,276",55.80%,15.6,41.8,43,-,3
Y63,RTR,SOUTH TEES HOSPITALS NHS FOUNDATION TRUST,C_340,Respiratory Medicine Service,"1,008",921,91.40%,7.8,18.3,1,-,-
Y63,RTR,SOUTH TEES HOSPITALS NHS FOUNDATION TRUST,C_400,Neurology Service,"4,019","1,663",41.40%,23.2,48.3,164,2,16
Y63,RTR,SOUTH TEES HOSPITALS NHS FOUNDATION TRUST,C_410,Rheumatology Service,"1,222",805,65.90%,13.7,34.7,18,-,3
Y63,RTR,SOUTH TEES HOSPITALS NHS FOUNDATION TRUST,C_430,Elderly Medicine Service,33,33,100.00%,3.8,10.6,-,-,-
Y63,RTR,SOUTH TEES HOSPITALS NHS FOUNDATION TRUST,C_502,Gynaecology Service,"3,043","1,972",64.80%,13.2,36.1,43,1,7
Y63,RTR,SOUTH TEES HOSPITALS NHS FOUNDATION TRUST,X02,Other - Medical Services,"4,513","3,203",71.00%,10.6,41.9,222,27,93
Y63,RTR,SOUTH TEES HOSPITALS NHS FOUNDATION TRUST,X03,Other - Mental Health Services,-,-,-,-,-,-,-,-
Y63,RTR,SOUTH TEES HOSPITALS NHS FOUNDATION TRUST,X04,Other - Paediatric Services,"2,262","1,394",61.60%,12.9,42.6,63,3,19
Y63,RTR,SOUTH TEES HOSPITALS NHS FOUNDATION TRUST,X05,Other - Surgical Services,"6,501","3,803",58.50%,14.3,42.5,108,2,23
Y63,RTR,SOUTH TEES HOSPITALS NHS FOUNDATION TRUST,X06,Other - Other Services,638,589,92.30%,5.1,17.9,2,-,-
Y63,RVW,NORTH TEES AND HARTLEPOOL NHS FOUNDATION TRUST,C_100,General Surgery Service,"2,236","1,472",65.80%,12.4,39.4,34,-,2
Y63,RVW,NORTH TEES AND HARTLEPOOL NHS FOUNDATION TRUST,C_101,Urology Service,"1,934","1,417",73.30%,10.6,31.4,7,-,-
Y63,RVW,NORTH TEES AND HARTLEPOOL NHS FOUNDATION TRUST,C_110,Trauma and Orthopaedic Service,"5,842","4,675",80.00%,10.1,29.5,19,-,1
Y63,RVW,NORTH TEES AND HARTLEPOOL NHS FOUNDATION TRUST,C_120,Ear Nose and Throat Service,-,-,-,-,-,-,-,-
Y63,RVW,NORTH TEES AND HARTLEPOOL NHS FOUNDATION TRUST,C_130,Ophthalmology Service,-,-,-,-,-,-,-,-
Y63,RVW,NORTH TEES AND HARTLEPOOL NHS FOUNDATION TRUST,C_140,Oral Surgery Service,80,73,91.30%,8.8,18.6,-,-,-
Y63,RVW,NORTH TEES AND HARTLEPOOL NHS FOUNDATION TRUST,C_150,Neurosurgical Service,-,-,-,-,-,-,-,-
Y63,RVW,NORTH TEES AND HARTLEPOOL NHS FOUNDATION TRUST,C_160,Plastic Surgery Service,-,-,-,-,-,-,-,-
Y63,RVW,NORTH TEES AND HARTLEPOOL NHS FOUNDATION TRUST,C_170,Cardiothoracic Surgery Service,-,-,-,-,-,-,-,-
Y63,RVW,NORTH TEES AND HARTLEPOOL NHS FOUNDATION TRUST,C_300,General Internal Medicine Service,314,290,92.40%,7.5,17.4,-,-,-
Y63,RVW,NORTH TEES AND HARTLEPOOL NHS FOUNDATION TRUST,C_301,Gastroenterology Service,"1,097",882,80.40%,9.5,27.6,3,-,-
Y63,RVW,NORTH TEES AND HARTLEPOOL NHS FOUNDATION TRUST,C_320,Cardiology Service,620,534,86.10%,8,22.1,2,-,-
Y63,RVW,NORTH TEES AND HARTLEPOOL NHS FOUNDATION TRUST,C_330,Dermatology Service,-,-,-,-,-,-,-,-
Y63,RVW,NORTH TEES AND HARTLEPOOL NHS FOUNDATION TRUST,C_340,Respiratory Medicine Service,831,570,68.60%,10.9,29.8,2,-,1
Y63,RVW,NORTH TEES AND HARTLEPOOL NHS FOUNDATION TRUST,C_400,Neurology Service,-,-,-,-,-,-,-,-
Y63,RVW,NORTH TEES AND HARTLEPOOL NHS FOUNDATION TRUST,C_410,Rheumatology Service,628,393,62.60%,13.9,31.7,13,-,3
Y63,RVW,NORTH TEES AND HARTLEPOOL NHS FOUNDATION TRUST,C_430,Elderly Medicine Service,161,148,91.90%,6.5,18.1,-,-,-
Y63,RVW,NORTH TEES AND HARTLEPOOL NHS FOUNDATION TRUST,C_502,Gynaecology Service,"2,347","1,432",61.00%,13.2,37.8,20,-,1
Y63,RVW,NORTH TEES AND HARTLEPOOL NHS FOUNDATION TRUST,X02,Other - Medical Services,-,-,-,-,-,-,-,-
Y63,RVW,NORTH TEES AND HARTLEPOOL NHS FOUNDATION TRUST,X03,Other - Mental Health Services,-,-,-,-,-,-,-,-
Y63,RVW,NORTH TEES AND HARTLEPOOL NHS FOUNDATION TRUST,X04,Other - Paediatric Services,"1,813","1,096",60.50%,14,37.9,22,-,2
Y63,RVW,NORTH TEES AND HARTLEPOOL NHS FOUNDATION TRUST,X05,Other - Surgical Services,"1,758","1,411",80.30%,4.6,32.1,22,-,1
Y63,RVW,NORTH TEES AND HARTLEPOOL NHS FOUNDATION TRUST,X06,Other - Other Services,"2,293","1,218",53.10%,16.3,45.2,22,-,2
Y63,RWA,HULL UNIVERSITY TEACHING HOSPITALS NHS TRUST,C_100,General Surgery Service,"6,894","3,869",56.10%,15,45.6,288,4,48
Y63,RWA,HULL UNIVERSITY TEACHING HOSPITALS NHS TRUST,C_101,Urology Service,"3,218","2,096",65.10%,12.1,39.9,63,-,15
Y63,RWA,HULL UNIVERSITY TEACHING HOSPITALS NHS TRUST,C_110,Trauma and Orthopaedic Service,"3,798","2,504",65.90%,12.6,39.8,110,-,36
Y63,RWA,HULL UNIVERSITY TEACHING HOSPITALS NHS TRUST,C_120,Ear Nose and Throat Service,"6,999","3,265",46.60%,19.6,45.3,270,-,73
Y63,RWA,HULL UNIVERSITY TEACHING HOSPITALS NHS TRUST,C_130,Ophthalmology Service,"7,814","4,577",58.60%,14.2,42.7,169,-,27
Y63,RWA,HULL UNIVERSITY TEACHING HOSPITALS NHS TRUST,C_140,Oral Surgery Service,"2,942","1,728",58.70%,14.6,44.5,48,-,9
Y63,RWA,HULL UNIVERSITY TEACHING HOSPITALS NHS TRUST,C_150,Neurosurgical Service,"2,747","1,740",63.30%,12.5,40.4,78,-,22
Y63,RWA,HULL UNIVERSITY TEACHING HOSPITALS NHS TRUST,C_160,Plastic Surgery Service,"3,487","1,523",43.70%,20.7,52.1,280,-,75
Y63,RWA,HULL UNIVERSITY TEACHING HOSPITALS NHS TRUST,C_170,Cardiothoracic Surgery Service,341,224,65.70%,11.8,44.4,8,-,1
Y63,RWA,HULL UNIVERSITY TEACHING HOSPITALS NHS TRUST,C_300,General Internal Medicine Service,205,193,94.10%,5.1,15.3,-,-,-
Y63,RWA,HULL UNIVERSITY TEACHING HOSPITALS NHS TRUST,C_301,Gastroenterology Service,"2,769","1,676",60.50%,14.4,36.6,50,-,1
Y63,RWA,HULL UNIVERSITY TEACHING HOSPITALS NHS TRUST,C_320,Cardiology Service,"4,813","2,627",54.60%,16,40.3,139,-,30
Y63,RWA,HULL UNIVERSITY TEACHING HOSPITALS NHS TRUST,C_330,Dermatology Service,"4,150","2,474",59.60%,14.2,36,117,-,12
Y63,RWA,HULL UNIVERSITY TEACHING HOSPITALS NHS TRUST,C_340,Respiratory Medicine Service,"1,966","1,443",73.40%,10.1,32.9,4,-,2
Y63,RWA,HULL UNIVERSITY TEACHING HOSPITALS NHS TRUST,C_400,Neurology Service,"3,943","2,441",61.90%,14.2,39.5,52,-,4
Y63,RWA,HULL UNIVERSITY TEACHING HOSPITALS NHS TRUST,C_410,Rheumatology Service,"2,193",914,41.70%,22.8,45.5,47,-,7
Y63,RWA,HULL UNIVERSITY TEACHING HOSPITALS NHS TRUST,C_430,Elderly Medicine Service,66,57,86.40%,9.8,23.7,1,-,-
Y63,RWA,HULL UNIVERSITY TEACHING HOSPITALS NHS TRUST,C_502,Gynaecology Service,"4,726","2,702",57.20%,14.2,51.7,365,6,64
Y63,RWA,HULL UNIVERSITY TEACHING HOSPITALS NHS TRUST,X02,Other - Medical Services,"4,105","3,192",77.80%,8.9,30,17,-,3
Y63,RWA,HULL UNIVERSITY TEACHING HOSPITALS NHS TRUST,X03,Other - Mental Health Services,20,18,90.00%,6.7,19.4,-,-,-
Y63,RWA,HULL UNIVERSITY TEACHING HOSPITALS NHS TRUST,X04,Other - Paediatric Services,"1,150",940,81.70%,8.6,26,2,-,2
Y63,RWA,HULL UNIVERSITY TEACHING HOSPITALS NHS TRUST,X05,Other - Surgical Services,"1,150",860,74.80%,6.1,49.9,86,-,33
Y63,RWA,HULL UNIVERSITY TEACHING HOSPITALS NHS TRUST,X06,Other - Other Services,"2,386","1,687",70.70%,10,42.5,27,-,4
Y63,RWY,CALDERDALE AND HUDDERSFIELD NHS FOUNDATION TRUST,C_100,General Surgery Service,"4,927","3,479",70.60%,10.4,31,-,-,-
Y63,RWY,CALDERDALE AND HUDDERSFIELD NHS FOUNDATION TRUST,C_101,Urology Service,"2,145","1,528",71.20%,11.4,29.6,-,-,-
Y63,RWY,CALDERDALE AND HUDDERSFIELD NHS FOUNDATION TRUST,C_110,Trauma and Orthopaedic Service,"3,110","2,349",75.50%,10.5,29.7,-,-,-
Y63,RWY,CALDERDALE AND HUDDERSFIELD NHS FOUNDATION TRUST,C_120,Ear Nose and Throat Service,"5,946","2,889",48.60%,18.8,41.1,48,-,-
Y63,RWY,CALDERDALE AND HUDDERSFIELD NHS FOUNDATION TRUST,C_130,Ophthalmology Service,"2,321","2,041",87.90%,6.3,21.1,-,-,-
Y63,RWY,CALDERDALE AND HUDDERSFIELD NHS FOUNDATION TRUST,C_140,Oral Surgery Service,"1,577",892,56.60%,15.4,33.5,1,-,-
Y63,RWY,CALDERDALE AND HUDDERSFIELD NHS FOUNDATION TRUST,C_150,Neurosurgical Service,-,-,-,-,-,-,-,-
Y63,RWY,CALDERDALE AND HUDDERSFIELD NHS FOUNDATION TRUST,C_160,Plastic Surgery Service,733,371,50.60%,17.8,37.8,-,-,-
Y63,RWY,CALDERDALE AND HUDDERSFIELD NHS FOUNDATION TRUST,C_170,Cardiothoracic Surgery Service,-,-,-,-,-,-,-,-
Y63,RWY,CALDERDALE AND HUDDERSFIELD NHS FOUNDATION TRUST,C_300,General Internal Medicine Service,91,74,81.30%,10.3,23.7,-,-,-
Y63,RWY,CALDERDALE AND HUDDERSFIELD NHS FOUNDATION TRUST,C_301,Gastroenterology Service,"2,040","1,519",74.50%,9.8,29.7,-,-,-
Y63,RWY,CALDERDALE AND HUDDERSFIELD NHS FOUNDATION TRUST,C_320,Cardiology Service,"2,100","1,500",71.40%,10.2,30.4,3,-,-
Y63,RWY,CALDERDALE AND HUDDERSFIELD NHS FOUNDATION TRUST,C_330,Dermatology Service,931,774,83.10%,6.1,24.1,-,-,-
Y63,RWY,CALDERDALE AND HUDDERSFIELD NHS FOUNDATION TRUST,C_340,Respiratory Medicine Service,830,630,75.90%,8.9,30.4,1,-,-
Y63,RWY,CALDERDALE AND HUDDERSFIELD NHS FOUNDATION TRUST,C_400,Neurology Service,"1,396",831,59.50%,14.3,34.3,1,-,-
Y63,RWY,CALDERDALE AND HUDDERSFIELD NHS FOUNDATION TRUST,C_410,Rheumatology Service,800,636,79.50%,9.5,23.7,-,-,-
Y63,RWY,CALDERDALE AND HUDDERSFIELD NHS FOUNDATION TRUST,C_430,Elderly Medicine Service,202,153,75.70%,10.3,32.4,1,-,-
Y63,RWY,CALDERDALE AND HUDDERSFIELD NHS FOUNDATION TRUST,C_502,Gynaecology Service,"3,234","2,369",73.30%,5,30.5,-,-,-
Y63,RWY,CALDERDALE AND HUDDERSFIELD NHS FOUNDATION TRUST,X02,Other - Medical Services,"1,288","1,038",80.60%,8,25.5,-,-,-
Y63,RWY,CALDERDALE AND HUDDERSFIELD NHS FOUNDATION TRUST,X03,Other - Mental Health Services,-,-,-,-,-,-,-,-
Y63,RWY,CALDERDALE AND HUDDERSFIELD NHS FOUNDATION TRUST,X04,Other - Paediatric Services,864,821,95.00%,5.4,15.4,-,-,-
Y63,RWY,CALDERDALE AND HUDDERSFIELD NHS FOUNDATION TRUST,X05,Other - Surgical Services,214,213,99.50%,6.6,11.8,-,-,-
Y63,RWY,CALDERDALE AND HUDDERSFIELD NHS FOUNDATION TRUST,X06,Other - Other Services,169,148,87.60%,7.4,23.5,-,-,-
Y63,RX4,"CUMBRIA, NORTHUMBERLAND, TYNE AND WEAR NHS FOUNDATION TRUST",C_100,General Surgery Service,-,-,-,-,-,-,-,-
Y63,RX4,"CUMBRIA, NORTHUMBERLAND, TYNE AND WEAR NHS FOUNDATION TRUST",C_101,Urology Service,-,-,-,-,-,-,-,-
Y63,RX4,"CUMBRIA, NORTHUMBERLAND, TYNE AND WEAR NHS FOUNDATION TRUST",C_110,Trauma and Orthopaedic Service,-,-,-,-,-,-,-,-
Y63,RX4,"CUMBRIA, NORTHUMBERLAND, TYNE AND WEAR NHS FOUNDATION TRUST",C_120,Ear Nose and Throat Service,-,-,-,-,-,-,-,-
Y63,RX4,"CUMBRIA, NORTHUMBERLAND, TYNE AND WEAR NHS FOUNDATION TRUST",C_130,Ophthalmology Service,-,-,-,-,-,-,-,-
Y63,RX4,"CUMBRIA, NORTHUMBERLAND, TYNE AND WEAR NHS FOUNDATION TRUST",C_140,Oral Surgery Service,-,-,-,-,-,-,-,-
Y63,RX4,"CUMBRIA, NORTHUMBERLAND, TYNE AND WEAR NHS FOUNDATION TRUST",C_150,Neurosurgical Service,-,-,-,-,-,-,-,-
Y63,RX4,"CUMBRIA, NORTHUMBERLAND, TYNE AND WEAR NHS FOUNDATION TRUST",C_160,Plastic Surgery Service,-,-,-,-,-,-,-,-
Y63,RX4,"CUMBRIA, NORTHUMBERLAND, TYNE AND WEAR NHS FOUNDATION TRUST",C_170,Cardiothoracic Surgery Service,-,-,-,-,-,-,-,-
Y63,RX4,"CUMBRIA, NORTHUMBERLAND, TYNE AND WEAR NHS FOUNDATION TRUST",C_300,General Internal Medicine Service,-,-,-,-,-,-,-,-
Y63,RX4,"CUMBRIA, NORTHUMBERLAND, TYNE AND WEAR NHS FOUNDATION TRUST",C_301,Gastroenterology Service,-,-,-,-,-,-,-,-
Y63,RX4,"CUMBRIA, NORTHUMBERLAND, TYNE AND WEAR NHS FOUNDATION TRUST",C_320,Cardiology Service,-,-,-,-,-,-,-,-
Y63,RX4,"CUMBRIA, NORTHUMBERLAND, TYNE AND WEAR NHS FOUNDATION TRUST",C_330,Dermatology Service,-,-,-,-,-,-,-,-
Y63,RX4,"CUMBRIA, NORTHUMBERLAND, TYNE AND WEAR NHS FOUNDATION TRUST",C_340,Respiratory Medicine Service,-,-,-,-,-,-,-,-
Y63,RX4,"CUMBRIA, NORTHUMBERLAND, TYNE AND WEAR NHS FOUNDATION TRUST",C_400,Neurology Service,-,-,-,-,-,-,-,-
Y63,RX4,"CUMBRIA, NORTHUMBERLAND, TYNE AND WEAR NHS FOUNDATION TRUST",C_410,Rheumatology Service,-,-,-,-,-,-,-,-
Y63,RX4,"CUMBRIA, NORTHUMBERLAND, TYNE AND WEAR NHS FOUNDATION TRUST",C_430,Elderly Medicine Service,-,-,-,-,-,-,-,-
Y63,RX4,"CUMBRIA, NORTHUMBERLAND, TYNE AND WEAR NHS FOUNDATION TRUST",C_502,Gynaecology Service,-,-,-,-,-,-,-,-
Y63,RX4,"CUMBRIA, NORTHUMBERLAND, TYNE AND WEAR NHS FOUNDATION TRUST",X02,Other - Medical Services,-,-,-,-,-,-,-,-
Y63,RX4,"CUMBRIA, NORTHUMBERLAND, TYNE AND WEAR NHS FOUNDATION TRUST",X03,Other - Mental Health Services,-,-,-,-,-,-,-,-
Y63,RX4,"CUMBRIA, NORTHUMBERLAND, TYNE AND WEAR NHS FOUNDATION TRUST",X04,Other - Paediatric Services,-,-,-,-,-,-,-,-
Y63,RX4,"CUMBRIA, NORTHUMBERLAND, TYNE AND WEAR NHS FOUNDATION TRUST",X05,Other - Surgical Services,-,-,-,-,-,-,-,-
Y63,RX4,"CUMBRIA, NORTHUMBERLAND, TYNE AND WEAR NHS FOUNDATION TRUST",X06,Other - Other Services,147,147,100.00%,6,13.2,-,-,-
Y63,RXF,MID YORKSHIRE TEACHING NHS TRUST,C_100,General Surgery Service,"2,183","1,125",51.50%,17.4,46.2,109,-,32
Y63,RXF,MID YORKSHIRE TEACHING NHS TRUST,C_101,Urology Service,"2,937","1,926",65.60%,11.3,45.1,149,-,52
Y63,RXF,MID YORKSHIRE TEACHING NHS TRUST,C_110,Trauma and Orthopaedic Service,"5,383","2,436",45.30%,19.7,42.8,139,1,27
Y63,RXF,MID YORKSHIRE TEACHING NHS TRUST,C_120,Ear Nose and Throat Service,"5,906","3,226",54.60%,15.3,51.7,460,8,132
Y63,RXF,MID YORKSHIRE TEACHING NHS TRUST,C_130,Ophthalmology Service,"4,247","2,932",69.00%,10.7,38.6,66,-,14
Y63,RXF,MID YORKSHIRE TEACHING NHS TRUST,C_140,Oral Surgery Service,"2,566","1,610",62.70%,12.4,48.2,147,-,31
Y63,RXF,MID YORKSHIRE TEACHING NHS TRUST,C_150,Neurosurgical Service,-,-,-,-,-,-,-,-
Y63,RXF,MID YORKSHIRE TEACHING NHS TRUST,C_160,Plastic Surgery Service,"1,971","1,210",61.40%,13.9,39,48,-,6
Y63,RXF,MID YORKSHIRE TEACHING NHS TRUST,C_170,Cardiothoracic Surgery Service,-,-,-,-,-,-,-,-
Y63,RXF,MID YORKSHIRE TEACHING NHS TRUST,C_300,General Internal Medicine Service,36,36,100.00%,1.8,5.7,-,-,-
Y63,RXF,MID YORKSHIRE TEACHING NHS TRUST,C_301,Gastroenterology Service,"2,376","1,940",81.60%,7.8,27.6,14,-,5
Y63,RXF,MID YORKSHIRE TEACHING NHS TRUST,C_320,Cardiology Service,"1,002",787,78.50%,8.3,26.4,1,-,-
Y63,RXF,MID YORKSHIRE TEACHING NHS TRUST,C_330,Dermatology Service,"1,096",791,72.20%,8.1,35.2,4,-,-
Y63,RXF,MID YORKSHIRE TEACHING NHS TRUST,C_340,Respiratory Medicine Service,"1,533",873,56.90%,14.9,44.3,18,-,-
Y63,RXF,MID YORKSHIRE TEACHING NHS TRUST,C_400,Neurology Service,"1,677",830,49.50%,18.2,38.4,22,-,4
Y63,RXF,MID YORKSHIRE TEACHING NHS TRUST,C_410,Rheumatology Service,953,539,56.60%,15.2,33.6,2,-,-
Y63,RXF,MID YORKSHIRE TEACHING NHS TRUST,C_430,Elderly Medicine Service,271,145,53.50%,16.1,35.3,1,-,-
Y63,RXF,MID YORKSHIRE TEACHING NHS TRUST,C_502,Gynaecology Service,"5,872","3,188",54.30%,16.3,50.9,430,44,192
Y63,RXF,MID YORKSHIRE TEACHING NHS TRUST,X02,Other - Medical Services,"7,275","4,022",55.30%,15.8,40.3,91,-,11
Y63,RXF,MID YORKSHIRE TEACHING NHS TRUST,X03,Other - Mental Health Services,-,-,-,-,-,-,-,-
Y63,RXF,MID YORKSHIRE TEACHING NHS TRUST,X04,Other - Paediatric Services,"3,334","1,500",45.00%,23.4,48.7,135,-,3
Y63,RXF,MID YORKSHIRE TEACHING NHS TRUST,X05,Other - Surgical Services,"5,620","3,477",61.90%,12.5,39.7,138,1,45
Y63,RXF,MID YORKSHIRE TEACHING NHS TRUST,X06,Other - Other Services,240,212,88.30%,5.8,20.3,-,-,-
Y63,RXG,SOUTH WEST YORKSHIRE PARTNERSHIP NHS FOUNDATION TRUST,C_100,General Surgery Service,-,-,-,-,-,-,-,-
Y63,RXG,SOUTH WEST YORKSHIRE PARTNERSHIP NHS FOUNDATION TRUST,C_101,Urology Service,-,-,-,-,-,-,-,-
Y63,RXG,SOUTH WEST YORKSHIRE PARTNERSHIP NHS FOUNDATION TRUST,C_110,Trauma and Orthopaedic Service,-,-,-,-,-,-,-,-
Y63,RXG,SOUTH WEST YORKSHIRE PARTNERSHIP NHS FOUNDATION TRUST,C_120,Ear Nose and Throat Service,-,-,-,-,-,-,-,-
Y63,RXG,SOUTH WEST YORKSHIRE PARTNERSHIP NHS FOUNDATION TRUST,C_130,Ophthalmology Service,-,-,-,-,-,-,-,-
Y63,RXG,SOUTH WEST YORKSHIRE PARTNERSHIP NHS FOUNDATION TRUST,C_140,Oral Surgery Service,-,-,-,-,-,-,-,-
Y63,RXG,SOUTH WEST YORKSHIRE PARTNERSHIP NHS FOUNDATION TRUST,C_150,Neurosurgical Service,-,-,-,-,-,-,-,-
Y63,RXG,SOUTH WEST YORKSHIRE PARTNERSHIP NHS FOUNDATION TRUST,C_160,Plastic Surgery Service,-,-,-,-,-,-,-,-
Y63,RXG,SOUTH WEST YORKSHIRE PARTNERSHIP NHS FOUNDATION TRUST,C_170,Cardiothoracic Surgery Service,-,-,-,-,-,-,-,-
Y63,RXG,SOUTH WEST YORKSHIRE PARTNERSHIP NHS FOUNDATION TRUST,C_300,General Internal Medicine Service,-,-,-,-,-,-,-,-
Y63,RXG,SOUTH WEST YORKSHIRE PARTNERSHIP NHS FOUNDATION TRUST,C_301,Gastroenterology Service,-,-,-,-,-,-,-,-
Y63,RXG,SOUTH WEST YORKSHIRE PARTNERSHIP NHS FOUNDATION TRUST,C_320,Cardiology Service,-,-,-,-,-,-,-,-
Y63,RXG,SOUTH WEST YORKSHIRE PARTNERSHIP NHS FOUNDATION TRUST,C_330,Dermatology Service,-,-,-,-,-,-,-,-
Y63,RXG,SOUTH WEST YORKSHIRE PARTNERSHIP NHS FOUNDATION TRUST,C_340,Respiratory Medicine Service,-,-,-,-,-,-,-,-
Y63,RXG,SOUTH WEST YORKSHIRE PARTNERSHIP NHS FOUNDATION TRUST,C_400,Neurology Service,-,-,-,-,-,-,-,-
Y63,RXG,SOUTH WEST YORKSHIRE PARTNERSHIP NHS FOUNDATION TRUST,C_410,Rheumatology Service,-,-,-,-,-,-,-,-
Y63,RXG,SOUTH WEST YORKSHIRE PARTNERSHIP NHS FOUNDATION TRUST,C_430,Elderly Medicine Service,-,-,-,-,-,-,-,-
Y63,RXG,SOUTH WEST YORKSHIRE PARTNERSHIP NHS FOUNDATION TRUST,C_502,Gynaecology Service,-,-,-,-,-,-,-,-
Y63,RXG,SOUTH WEST YORKSHIRE PARTNERSHIP NHS FOUNDATION TRUST,X02,Other - Medical Services,-,-,-,-,-,-,-,-
Y63,RXG,SOUTH WEST YORKSHIRE PARTNERSHIP NHS FOUNDATION TRUST,X03,Other - Mental Health Services,-,-,-,-,-,-,-,-
Y63,RXG,SOUTH WEST YORKSHIRE PARTNERSHIP NHS FOUNDATION TRUST,X04,Other - Paediatric Services,-,-,-,-,-,-,-,-
Y63,RXG,SOUTH WEST YORKSHIRE PARTNERSHIP NHS FOUNDATION TRUST,X05,Other - Surgical Services,-,-,-,-,-,-,-,-
Y63,RXG,SOUTH WEST YORKSHIRE PARTNERSHIP NHS FOUNDATION TRUST,X06,Other - Other Services,"2,285","2,282",99.90%,2.5,7.6,-,-,-
Y63,RXP,COUNTY DURHAM AND DARLINGTON NHS FOUNDATION TRUST,C_100,General Surgery Service,"5,037","3,331",66.10%,11.2,39.4,56,-,6
Y63,RXP,COUNTY DURHAM AND DARLINGTON NHS FOUNDATION TRUST,C_101,Urology Service,-,-,-,-,-,-,-,-
Y63,RXP,COUNTY DURHAM AND DARLINGTON NHS FOUNDATION TRUST,C_110,Trauma and Orthopaedic Service,"7,601","6,369",83.80%,7.2,30.8,82,-,12
Y63,RXP,COUNTY DURHAM AND DARLINGTON NHS FOUNDATION TRUST,C_120,Ear Nose and Throat Service,"3,238","1,539",47.50%,18.8,37.1,20,-,-
Y63,RXP,COUNTY DURHAM AND DARLINGTON NHS FOUNDATION TRUST,C_130,Ophthalmology Service,"2,726","1,721",63.10%,12.6,38.1,20,-,1
Y63,RXP,COUNTY DURHAM AND DARLINGTON NHS FOUNDATION TRUST,C_140,Oral Surgery Service,939,544,57.90%,14.9,45.6,43,-,-
Y63,RXP,COUNTY DURHAM AND DARLINGTON NHS FOUNDATION TRUST,C_150,Neurosurgical Service,-,-,-,-,-,-,-,-
Y63,RXP,COUNTY DURHAM AND DARLINGTON NHS FOUNDATION TRUST,C_160,Plastic Surgery Service,"1,907",986,51.70%,17.1,46.1,68,-,1
Y63,RXP,COUNTY DURHAM AND DARLINGTON NHS FOUNDATION TRUST,C_170,Cardiothoracic Surgery Service,3,1,33.30%,-,-,-,-,-
Y63,RXP,COUNTY DURHAM AND DARLINGTON NHS FOUNDATION TRUST,C_300,General Internal Medicine Service,"1,425",886,62.20%,12.5,37,16,-,2
Y63,RXP,COUNTY DURHAM AND DARLINGTON NHS FOUNDATION TRUST,C_301,Gastroenterology Service,"2,765","1,584",57.30%,13.9,41.4,75,-,7
Y63,RXP,COUNTY DURHAM AND DARLINGTON NHS FOUNDATION TRUST,C_320,Cardiology Service,"1,803","1,412",78.30%,9.4,27.3,7,-,1
Y63,RXP,COUNTY DURHAM AND DARLINGTON NHS FOUNDATION TRUST,C_330,Dermatology Service,"3,784","2,789",73.70%,10.6,33.1,44,-,3
Y63,RXP,COUNTY DURHAM AND DARLINGTON NHS FOUNDATION TRUST,C_340,Respiratory Medicine Service,"1,462",865,59.20%,13.5,42.7,30,-,3
Y63,RXP,COUNTY DURHAM AND DARLINGTON NHS FOUNDATION TRUST,C_400,Neurology Service,-,-,-,-,-,-,-,-
Y63,RXP,COUNTY DURHAM AND DARLINGTON NHS FOUNDATION TRUST,C_410,Rheumatology Service,"1,091",471,43.20%,20.5,42.4,8,-,-
Y63,RXP,COUNTY DURHAM AND DARLINGTON NHS FOUNDATION TRUST,C_430,Elderly Medicine Service,474,467,98.50%,5.3,11.4,-,-,-
Y63,RXP,COUNTY DURHAM AND DARLINGTON NHS FOUNDATION TRUST,C_502,Gynaecology Service,"3,993","2,767",69.30%,10.9,37.6,40,-,2
Y63,RXP,COUNTY DURHAM AND DARLINGTON NHS FOUNDATION TRUST,X02,Other - Medical Services,116,102,87.90%,6.9,19.9,1,-,-
Y63,RXP,COUNTY DURHAM AND DARLINGTON NHS FOUNDATION TRUST,X03,Other - Mental Health Services,807,575,71.30%,12,28.6,4,-,1
Y63,RXP,COUNTY DURHAM AND DARLINGTON NHS FOUNDATION TRUST,X04,Other - Paediatric Services,"4,619","2,918",63.20%,13.9,34.9,33,-,1
Y63,RXP,COUNTY DURHAM AND DARLINGTON NHS FOUNDATION TRUST,X05,Other - Surgical Services,-,-,-,-,-,-,-,-
Y63,RXP,COUNTY DURHAM AND DARLINGTON NHS FOUNDATION TRUST,X06,Other - Other Services,-,-,-,-,-,-,-,-
Y63,RY6,LEEDS COMMUNITY HEALTHCARE NHS TRUST,C_100,General Surgery Service,-,-,-,-,-,-,-,-
Y63,RY6,LEEDS COMMUNITY HEALTHCARE NHS TRUST,C_101,Urology Service,-,-,-,-,-,-,-,-
Y63,RY6,LEEDS COMMUNITY HEALTHCARE NHS TRUST,C_110,Trauma and Orthopaedic Service,-,-,-,-,-,-,-,-
Y63,RY6,LEEDS COMMUNITY HEALTHCARE NHS TRUST,C_120,Ear Nose and Throat Service,-,-,-,-,-,-,-,-
Y63,RY6,LEEDS COMMUNITY HEALTHCARE NHS TRUST,C_130,Ophthalmology Service,-,-,-,-,-,-,-,-
Y63,RY6,LEEDS COMMUNITY HEALTHCARE NHS TRUST,C_140,Oral Surgery Service,-,-,-,-,-,-,-,-
Y63,RY6,LEEDS COMMUNITY HEALTHCARE NHS TRUST,C_150,Neurosurgical Service,-,-,-,-,-,-,-,-
Y63,RY6,LEEDS COMMUNITY HEALTHCARE NHS TRUST,C_160,Plastic Surgery Service,-,-,-,-,-,-,-,-
Y63,RY6,LEEDS COMMUNITY HEALTHCARE NHS TRUST,C_170,Cardiothoracic Surgery Service,-,-,-,-,-,-,-,-
Y63,RY6,LEEDS COMMUNITY HEALTHCARE NHS TRUST,C_300,General Internal Medicine Service,-,-,-,-,-,-,-,-
Y63,RY6,LEEDS COMMUNITY HEALTHCARE NHS TRUST,C_301,Gastroenterology Service,-,-,-,-,-,-,-,-
Y63,RY6,LEEDS COMMUNITY HEALTHCARE NHS TRUST,C_320,Cardiology Service,-,-,-,-,-,-,-,-
Y63,RY6,LEEDS COMMUNITY HEALTHCARE NHS TRUST,C_330,Dermatology Service,-,-,-,-,-,-,-,-
Y63,RY6,LEEDS COMMUNITY HEALTHCARE NHS TRUST,C_340,Respiratory Medicine Service,-,-,-,-,-,-,-,-
Y63,RY6,LEEDS COMMUNITY HEALTHCARE NHS TRUST,C_400,Neurology Service,-,-,-,-,-,-,-,-
Y63,RY6,LEEDS COMMUNITY HEALTHCARE NHS TRUST,C_410,Rheumatology Service,-,-,-,-,-,-,-,-
Y63,RY6,LEEDS COMMUNITY HEALTHCARE NHS TRUST,C_430,Elderly Medicine Service,-,-,-,-,-,-,-,-
Y63,RY6,LEEDS COMMUNITY HEALTHCARE NHS TRUST,C_502,Gynaecology Service,140,5,3.60%,46.3,52.8,12,-,3
Y63,RY6,LEEDS COMMUNITY HEALTHCARE NHS TRUST,X02,Other - Medical Services,-,-,-,-,-,-,-,-
Y63,RY6,LEEDS COMMUNITY HEALTHCARE NHS TRUST,X03,Other - Mental Health Services,-,-,-,-,-,-,-,-
Y63,RY6,LEEDS COMMUNITY HEALTHCARE NHS TRUST,X04,Other - Paediatric Services,"2,621","1,282",48.90%,18.5,62.6,404,17,154
Y63,RY6,LEEDS COMMUNITY HEALTHCARE NHS TRUST,X05,Other - Surgical Services,-,-,-,-,-,-,-,-
Y63,RY6,LEEDS COMMUNITY HEALTHCARE NHS TRUST,X06,Other - Other Services,-,-,-,-,-,-,-,-
Y63,TAD,BRADFORD DISTRICT CARE NHS FOUNDATION TRUST,C_100,General Surgery Service,-,-,-,-,-,-,-,-
Y63,TAD,BRADFORD DISTRICT CARE NHS FOUNDATION TRUST,C_101,Urology Service,-,-,-,-,-,-,-,-
Y63,TAD,BRADFORD DISTRICT CARE NHS FOUNDATION TRUST,C_110,Trauma and Orthopaedic Service,-,-,-,-,-,-,-,-
Y63,TAD,BRADFORD DISTRICT CARE NHS FOUNDATION TRUST,C_120,Ear Nose and Throat Service,-,-,-,-,-,-,-,-
Y63,TAD,BRADFORD DISTRICT CARE NHS FOUNDATION TRUST,C_130,Ophthalmology Service,-,-,-,-,-,-,-,-
Y63,TAD,BRADFORD DISTRICT CARE NHS FOUNDATION TRUST,C_140,Oral Surgery Service,-,-,-,-,-,-,-,-
Y63,TAD,BRADFORD DISTRICT CARE NHS FOUNDATION TRUST,C_150,Neurosurgical Service,-,-,-,-,-,-,-,-
Y63,TAD,BRADFORD DISTRICT CARE NHS FOUNDATION TRUST,C_160,Plastic Surgery Service,-,-,-,-,-,-,-,-
Y63,TAD,BRADFORD DISTRICT CARE NHS FOUNDATION TRUST,C_170,Cardiothoracic Surgery Service,-,-,-,-,-,-,-,-
Y63,TAD,BRADFORD DISTRICT CARE NHS FOUNDATION TRUST,C_300,General Internal Medicine Service,-,-,-,-,-,-,-,-
Y63,TAD,BRADFORD DISTRICT CARE NHS FOUNDATION TRUST,C_301,Gastroenterology Service,-,-,-,-,-,-,-,-
Y63,TAD,BRADFORD DISTRICT CARE NHS FOUNDATION TRUST,C_320,Cardiology Service,-,-,-,-,-,-,-,-
Y63,TAD,BRADFORD DISTRICT CARE NHS FOUNDATION TRUST,C_330,Dermatology Service,-,-,-,-,-,-,-,-
Y63,TAD,BRADFORD DISTRICT CARE NHS FOUNDATION TRUST,C_340,Respiratory Medicine Service,-,-,-,-,-,-,-,-
Y63,TAD,BRADFORD DISTRICT CARE NHS FOUNDATION TRUST,C_400,Neurology Service,-,-,-,-,-,-,-,-
Y63,TAD,BRADFORD DISTRICT CARE NHS FOUNDATION TRUST,C_410,Rheumatology Service,-,-,-,-,-,-,-,-
Y63,TAD,BRADFORD DISTRICT CARE NHS FOUNDATION TRUST,C_430,Elderly Medicine Service,-,-,-,-,-,-,-,-
Y63,TAD,BRADFORD DISTRICT CARE NHS FOUNDATION TRUST,C_502,Gynaecology Service,-,-,-,-,-,-,-,-
Y63,TAD,BRADFORD DISTRICT CARE NHS FOUNDATION TRUST,X02,Other - Medical Services,435,261,60.00%,13.2,45.1,11,-,1
Y63,TAD,BRADFORD DISTRICT CARE NHS FOUNDATION TRUST,X03,Other - Mental Health Services,-,-,-,-,-,-,-,-
Y63,TAD,BRADFORD DISTRICT CARE NHS FOUNDATION TRUST,X04,Other - Paediatric Services,-,-,-,-,-,-,-,-
Y63,TAD,BRADFORD DISTRICT CARE NHS FOUNDATION TRUST,X05,Other - Surgical Services,-,-,-,-,-,-,-,-
Y63,TAD,BRADFORD DISTRICT CARE NHS FOUNDATION TRUST,X06,Other - Other Services,-,-,-,-,-,-,-,-
