Region Code,Provider Code,Provider Name,Treatment Function Code,Treatment Function,Total number of incomplete pathways,Total within 18 weeks,% within 18 weeks,Average (median) waiting time (in weeks),92nd percentile waiting time (in weeks),Total 52 plus weeks,Total 78 plus weeks,Total 65 plus weeks
Y56,R1H,BARTS HEALTH NHS TRUST,C_100,General Surgery Service,"3,361","1,648",49.00%,18.6,52.7,280,13,90
Y56,R1H,BARTS HEALTH NHS TRUST,C_101,Urology Service,"6,076","2,832",46.60%,20.2,54,532,11,170
Y56,R1H,BARTS HEALTH NHS TRUST,C_110,Trauma and Orthopaedic Service,"7,354","3,891",52.90%,16.5,49,453,29,193
Y56,R1H,BARTS HEALTH NHS TRUST,C_120,Ear Nose and Throat Service,"6,220","2,979",47.90%,18.9,53.2,517,50,214
Y56,R1H,BARTS HEALTH NHS TRUST,C_130,Ophthalmology Service,"5,116","3,163",61.80%,13.2,37.9,35,-,5
Y56,R1H,BARTS HEALTH NHS TRUST,C_140,Oral Surgery Service,"7,222","2,745",38.00%,25.2,58.7,871,71,321
Y56,R1H,BARTS HEALTH NHS TRUST,C_150,Neurosurgical Service,"1,237",690,55.80%,14.9,49.5,79,9,33
Y56,R1H,BARTS HEALTH NHS TRUST,C_160,Plastic Surgery Service,"1,344",575,42.80%,22.1,50.6,99,8,34
Y56,R1H,BARTS HEALTH NHS TRUST,C_170,Cardiothoracic Surgery Service,39,17,43.60%,19.8,42.3,1,-,-
Y56,R1H,BARTS HEALTH NHS TRUST,C_300,General Internal Medicine Service,19,9,47.40%,-,-,-,-,-
Y56,R1H,BARTS HEALTH NHS TRUST,C_301,Gastroenterology Service,"7,742","3,811",49.20%,18.4,44.4,376,3,102
Y56,R1H,BARTS HEALTH NHS TRUST,C_320,Cardiology Service,"8,676","5,612",64.70%,12.7,34.2,25,3,6
Y56,R1H,BARTS HEALTH NHS TRUST,C_330,Dermatology Service,"6,270","2,774",44.20%,20.7,65.8,883,56,565
Y56,R1H,BARTS HEALTH NHS TRUST,C_340,Respiratory Medicine Service,"4,601","2,281",49.60%,18.3,50.8,330,20,103
Y56,R1H,BARTS HEALTH NHS TRUST,C_400,Neurology Service,"2,011","1,104",54.90%,16.3,38.3,32,2,10
Y56,R1H,BARTS HEALTH NHS TRUST,C_410,Rheumatology Service,813,665,81.80%,7.9,25.2,-,-,-
Y56,R1H,BARTS HEALTH NHS TRUST,C_430,Elderly Medicine Service,175,149,85.10%,8.7,21,-,-,-
Y56,R1H,BARTS HEALTH NHS TRUST,C_502,Gynaecology Service,"10,676","5,003",46.90%,19.8,49.5,678,13,201
Y56,R1H,BARTS HEALTH NHS TRUST,X02,Other - Medical Services,"15,989","10,390",65.00%,12.5,35.3,259,8,82
Y56,R1H,BARTS HEALTH NHS TRUST,X03,Other - Mental Health Services,-,-,-,-,-,-,-,-
Y56,R1H,BARTS HEALTH NHS TRUST,X04,Other - Paediatric Services,"9,252","4,484",48.50%,19,49.4,537,23,136
Y56,R1H,BARTS HEALTH NHS TRUST,X05,Other - Surgical Services,"13,997","7,640",54.60%,15.4,47.9,836,60,352
Y56,R1H,BARTS HEALTH NHS TRUST,X06,Other - Other Services,809,504,62.30%,10.3,46.8,31,-,11
Y56,R1K,LONDON NORTH WEST UNIVERSITY HEALTHCARE NHS TRUST,C_100,General Surgery Service,"3,089","1,460",47.30%,19.2,46,138,2,31
Y56,R1K,LONDON NORTH WEST UNIVERSITY HEALTHCARE NHS TRUST,C_101,Urology Service,"3,697","1,795",48.60%,18.6,41.3,55,-,8
Y56,R1K,LONDON NORTH WEST UNIVERSITY HEALTHCARE NHS TRUST,C_110,Trauma and Orthopaedic Service,"7,296","3,179",43.60%,20.4,48,403,13,105
Y56,R1K,LONDON NORTH WEST UNIVERSITY HEALTHCARE NHS TRUST,C_120,Ear Nose and Throat Service,"9,244","3,098",33.50%,25.9,61.7,"1,270",146,549
Y56,R1K,LONDON NORTH WEST UNIVERSITY HEALTHCARE NHS TRUST,C_130,Ophthalmology Service,"1,931","1,087",56.30%,15.3,38.1,7,-,-
Y56,R1K,LONDON NORTH WEST UNIVERSITY HEALTHCARE NHS TRUST,C_140,Oral Surgery Service,"9,486","3,130",33.00%,26.7,53.6,835,8,152
Y56,R1K,LONDON NORTH WEST UNIVERSITY HEALTHCARE NHS TRUST,C_150,Neurosurgical Service,-,-,-,-,-,-,-,-
Y56,R1K,LONDON NORTH WEST UNIVERSITY HEALTHCARE NHS TRUST,C_160,Plastic Surgery Service,14,9,64.30%,-,-,-,-,-
Y56,R1K,LONDON NORTH WEST UNIVERSITY HEALTHCARE NHS TRUST,C_170,Cardiothoracic Surgery Service,-,-,-,-,-,-,-,-
Y56,R1K,LONDON NORTH WEST UNIVERSITY HEALTHCARE NHS TRUST,C_300,General Internal Medicine Service,58,48,82.80%,12,21.7,-,-,-
Y56,R1K,LONDON NORTH WEST UNIVERSITY HEALTHCARE NHS TRUST,C_301,Gastroenterology Service,"7,831","4,437",56.70%,15.7,39.3,63,-,5
Y56,R1K,LONDON NORTH WEST UNIVERSITY HEALTHCARE NHS TRUST,C_320,Cardiology Service,"6,966","4,256",61.10%,13.8,36.4,7,-,-
Y56,R1K,LONDON NORTH WEST UNIVERSITY HEALTHCARE NHS TRUST,C_330,Dermatology Service,"5,259","2,130",40.50%,21.6,41.8,3,-,-
Y56,R1K,LONDON NORTH WEST UNIVERSITY HEALTHCARE NHS TRUST,C_340,Respiratory Medicine Service,"3,143","1,735",55.20%,15.8,37.9,-,-,-
Y56,R1K,LONDON NORTH WEST UNIVERSITY HEALTHCARE NHS TRUST,C_400,Neurology Service,"3,996","1,696",42.40%,21.1,41.4,2,-,-
Y56,R1K,LONDON NORTH WEST UNIVERSITY HEALTHCARE NHS TRUST,C_410,Rheumatology Service,"1,050",854,81.30%,9.8,23.5,-,-,-
Y56,R1K,LONDON NORTH WEST UNIVERSITY HEALTHCARE NHS TRUST,C_430,Elderly Medicine Service,41,41,100.00%,2.2,5.2,-,-,-
Y56,R1K,LONDON NORTH WEST UNIVERSITY HEALTHCARE NHS TRUST,C_502,Gynaecology Service,"5,758","2,243",39.00%,22.8,57.8,636,23,228
Y56,R1K,LONDON NORTH WEST UNIVERSITY HEALTHCARE NHS TRUST,X02,Other - Medical Services,"12,243","7,936",64.80%,12.8,33.9,28,2,8
Y56,R1K,LONDON NORTH WEST UNIVERSITY HEALTHCARE NHS TRUST,X03,Other - Mental Health Services,15,14,93.30%,-,-,-,-,-
Y56,R1K,LONDON NORTH WEST UNIVERSITY HEALTHCARE NHS TRUST,X04,Other - Paediatric Services,"2,192","1,399",63.80%,13.6,31.9,2,-,-
Y56,R1K,LONDON NORTH WEST UNIVERSITY HEALTHCARE NHS TRUST,X05,Other - Surgical Services,"9,266","4,786",51.70%,17.3,47.3,592,23,211
Y56,R1K,LONDON NORTH WEST UNIVERSITY HEALTHCARE NHS TRUST,X06,Other - Other Services,"1,445","1,193",82.60%,10.4,22.1,1,-,-
Y56,RAL,ROYAL FREE LONDON NHS FOUNDATION TRUST,C_100,General Surgery Service,"2,072",712,34.40%,29.4,62.1,369,17,116
Y56,RAL,ROYAL FREE LONDON NHS FOUNDATION TRUST,C_101,Urology Service,"7,498","3,156",42.10%,22.7,63.3,"1,354",53,499
Y56,RAL,ROYAL FREE LONDON NHS FOUNDATION TRUST,C_110,Trauma and Orthopaedic Service,"4,600","2,690",58.50%,14.6,45.9,236,26,89
Y56,RAL,ROYAL FREE LONDON NHS FOUNDATION TRUST,C_120,Ear Nose and Throat Service,"9,091","4,750",52.20%,16.9,49.9,623,11,187
Y56,RAL,ROYAL FREE LONDON NHS FOUNDATION TRUST,C_130,Ophthalmology Service,"4,628","3,355",72.50%,10.5,32.9,37,-,3
Y56,RAL,ROYAL FREE LONDON NHS FOUNDATION TRUST,C_140,Oral Surgery Service,6,1,16.70%,-,-,2,-,-
Y56,RAL,ROYAL FREE LONDON NHS FOUNDATION TRUST,C_150,Neurosurgical Service,2,-,-,-,-,-,-,-
Y56,RAL,ROYAL FREE LONDON NHS FOUNDATION TRUST,C_160,Plastic Surgery Service,"2,534","1,270",50.10%,17.9,57.9,248,47,122
Y56,RAL,ROYAL FREE LONDON NHS FOUNDATION TRUST,C_170,Cardiothoracic Surgery Service,2,2,100.00%,-,-,-,-,-
Y56,RAL,ROYAL FREE LONDON NHS FOUNDATION TRUST,C_300,General Internal Medicine Service,96,57,59.40%,14,47.7,5,-,2
Y56,RAL,ROYAL FREE LONDON NHS FOUNDATION TRUST,C_301,Gastroenterology Service,"4,184","2,705",64.70%,12.3,39,67,2,20
Y56,RAL,ROYAL FREE LONDON NHS FOUNDATION TRUST,C_320,Cardiology Service,"4,710","3,168",67.30%,11.7,32.4,26,-,2
Y56,RAL,ROYAL FREE LONDON NHS FOUNDATION TRUST,C_330,Dermatology Service,"7,095","4,253",59.90%,14.2,36,79,1,12
Y56,RAL,ROYAL FREE LONDON NHS FOUNDATION TRUST,C_340,Respiratory Medicine Service,"4,388","2,664",60.70%,13.2,40.8,100,-,17
Y56,RAL,ROYAL FREE LONDON NHS FOUNDATION TRUST,C_400,Neurology Service,"3,627","2,027",55.90%,15.4,34.4,5,-,1
Y56,RAL,ROYAL FREE LONDON NHS FOUNDATION TRUST,C_410,Rheumatology Service,"2,312","1,350",58.40%,15.2,35,1,-,-
Y56,RAL,ROYAL FREE LONDON NHS FOUNDATION TRUST,C_430,Elderly Medicine Service,144,95,66.00%,10.2,36.7,3,-,1
Y56,RAL,ROYAL FREE LONDON NHS FOUNDATION TRUST,C_502,Gynaecology Service,"5,979","2,834",47.40%,19.3,56.2,588,32,213
Y56,RAL,ROYAL FREE LONDON NHS FOUNDATION TRUST,X02,Other - Medical Services,"12,335","7,907",64.10%,12.4,38.9,209,12,56
Y56,RAL,ROYAL FREE LONDON NHS FOUNDATION TRUST,X03,Other - Mental Health Services,2,-,-,-,-,-,-,-
Y56,RAL,ROYAL FREE LONDON NHS FOUNDATION TRUST,X04,Other - Paediatric Services,"5,215","2,538",48.70%,18.6,48.2,296,2,58
Y56,RAL,ROYAL FREE LONDON NHS FOUNDATION TRUST,X05,Other - Surgical Services,"16,090","8,642",53.70%,16.3,46,713,27,183
Y56,RAL,ROYAL FREE LONDON NHS FOUNDATION TRUST,X06,Other - Other Services,"1,647",950,57.70%,13.6,48.5,90,3,27
Y56,RAN,ROYAL NATIONAL ORTHOPAEDIC HOSPITAL NHS TRUST,C_100,General Surgery Service,-,-,-,-,-,-,-,-
Y56,RAN,ROYAL NATIONAL ORTHOPAEDIC HOSPITAL NHS TRUST,C_101,Urology Service,115,60,52.20%,17.4,39,-,-,-
Y56,RAN,ROYAL NATIONAL ORTHOPAEDIC HOSPITAL NHS TRUST,C_110,Trauma and Orthopaedic Service,"6,434","4,214",65.50%,11.6,36.6,89,1,14
Y56,RAN,ROYAL NATIONAL ORTHOPAEDIC HOSPITAL NHS TRUST,C_120,Ear Nose and Throat Service,-,-,-,-,-,-,-,-
Y56,RAN,ROYAL NATIONAL ORTHOPAEDIC HOSPITAL NHS TRUST,C_130,Ophthalmology Service,-,-,-,-,-,-,-,-
Y56,RAN,ROYAL NATIONAL ORTHOPAEDIC HOSPITAL NHS TRUST,C_140,Oral Surgery Service,-,-,-,-,-,-,-,-
Y56,RAN,ROYAL NATIONAL ORTHOPAEDIC HOSPITAL NHS TRUST,C_150,Neurosurgical Service,-,-,-,-,-,-,-,-
Y56,RAN,ROYAL NATIONAL ORTHOPAEDIC HOSPITAL NHS TRUST,C_160,Plastic Surgery Service,2,1,50.00%,-,-,-,-,-
Y56,RAN,ROYAL NATIONAL ORTHOPAEDIC HOSPITAL NHS TRUST,C_170,Cardiothoracic Surgery Service,-,-,-,-,-,-,-,-
Y56,RAN,ROYAL NATIONAL ORTHOPAEDIC HOSPITAL NHS TRUST,C_300,General Internal Medicine Service,-,-,-,-,-,-,-,-
Y56,RAN,ROYAL NATIONAL ORTHOPAEDIC HOSPITAL NHS TRUST,C_301,Gastroenterology Service,21,13,61.90%,15.5,36.3,-,-,-
Y56,RAN,ROYAL NATIONAL ORTHOPAEDIC HOSPITAL NHS TRUST,C_320,Cardiology Service,-,-,-,-,-,-,-,-
Y56,RAN,ROYAL NATIONAL ORTHOPAEDIC HOSPITAL NHS TRUST,C_330,Dermatology Service,-,-,-,-,-,-,-,-
Y56,RAN,ROYAL NATIONAL ORTHOPAEDIC HOSPITAL NHS TRUST,C_340,Respiratory Medicine Service,-,-,-,-,-,-,-,-
Y56,RAN,ROYAL NATIONAL ORTHOPAEDIC HOSPITAL NHS TRUST,C_400,Neurology Service,2,2,100.00%,-,-,-,-,-
Y56,RAN,ROYAL NATIONAL ORTHOPAEDIC HOSPITAL NHS TRUST,C_410,Rheumatology Service,188,133,70.70%,11.7,28.7,-,-,-
Y56,RAN,ROYAL NATIONAL ORTHOPAEDIC HOSPITAL NHS TRUST,C_430,Elderly Medicine Service,-,-,-,-,-,-,-,-
Y56,RAN,ROYAL NATIONAL ORTHOPAEDIC HOSPITAL NHS TRUST,C_502,Gynaecology Service,-,-,-,-,-,-,-,-
Y56,RAN,ROYAL NATIONAL ORTHOPAEDIC HOSPITAL NHS TRUST,X02,Other - Medical Services,"1,176",745,63.40%,12.3,33.8,5,1,1
Y56,RAN,ROYAL NATIONAL ORTHOPAEDIC HOSPITAL NHS TRUST,X03,Other - Mental Health Services,7,7,100.00%,-,-,-,-,-
Y56,RAN,ROYAL NATIONAL ORTHOPAEDIC HOSPITAL NHS TRUST,X04,Other - Paediatric Services,505,407,80.60%,8.5,28.2,2,-,1
Y56,RAN,ROYAL NATIONAL ORTHOPAEDIC HOSPITAL NHS TRUST,X05,Other - Surgical Services,-,-,-,-,-,-,-,-
Y56,RAN,ROYAL NATIONAL ORTHOPAEDIC HOSPITAL NHS TRUST,X06,Other - Other Services,42,34,81.00%,6.2,22.3,-,-,-
Y56,RAP,NORTH MIDDLESEX UNIVERSITY HOSPITAL NHS TRUST,C_100,General Surgery Service,"1,470",782,53.20%,15.8,42.1,33,2,6
Y56,RAP,NORTH MIDDLESEX UNIVERSITY HOSPITAL NHS TRUST,C_101,Urology Service,"1,990","1,140",57.30%,15.1,36.2,10,-,4
Y56,RAP,NORTH MIDDLESEX UNIVERSITY HOSPITAL NHS TRUST,C_110,Trauma and Orthopaedic Service,"1,482","1,019",68.80%,10.3,34.3,8,-,1
Y56,RAP,NORTH MIDDLESEX UNIVERSITY HOSPITAL NHS TRUST,C_120,Ear Nose and Throat Service,-,-,-,-,-,-,-,-
Y56,RAP,NORTH MIDDLESEX UNIVERSITY HOSPITAL NHS TRUST,C_130,Ophthalmology Service,727,705,97.00%,5.8,13.9,1,-,-
Y56,RAP,NORTH MIDDLESEX UNIVERSITY HOSPITAL NHS TRUST,C_140,Oral Surgery Service,-,-,-,-,-,-,-,-
Y56,RAP,NORTH MIDDLESEX UNIVERSITY HOSPITAL NHS TRUST,C_150,Neurosurgical Service,-,-,-,-,-,-,-,-
Y56,RAP,NORTH MIDDLESEX UNIVERSITY HOSPITAL NHS TRUST,C_160,Plastic Surgery Service,-,-,-,-,-,-,-,-
Y56,RAP,NORTH MIDDLESEX UNIVERSITY HOSPITAL NHS TRUST,C_170,Cardiothoracic Surgery Service,-,-,-,-,-,-,-,-
Y56,RAP,NORTH MIDDLESEX UNIVERSITY HOSPITAL NHS TRUST,C_300,General Internal Medicine Service,-,-,-,-,-,-,-,-
Y56,RAP,NORTH MIDDLESEX UNIVERSITY HOSPITAL NHS TRUST,C_301,Gastroenterology Service,"2,665","1,536",57.60%,15,38.5,26,-,1
Y56,RAP,NORTH MIDDLESEX UNIVERSITY HOSPITAL NHS TRUST,C_320,Cardiology Service,"1,093",874,80.00%,7.2,25,1,-,-
Y56,RAP,NORTH MIDDLESEX UNIVERSITY HOSPITAL NHS TRUST,C_330,Dermatology Service,"1,264",876,69.30%,10,31.6,2,-,-
Y56,RAP,NORTH MIDDLESEX UNIVERSITY HOSPITAL NHS TRUST,C_340,Respiratory Medicine Service,"1,009",796,78.90%,8.2,28.7,7,-,2
Y56,RAP,NORTH MIDDLESEX UNIVERSITY HOSPITAL NHS TRUST,C_400,Neurology Service,945,499,52.80%,16.4,31.2,1,-,-
Y56,RAP,NORTH MIDDLESEX UNIVERSITY HOSPITAL NHS TRUST,C_410,Rheumatology Service,369,225,61.00%,13.4,27.1,-,-,-
Y56,RAP,NORTH MIDDLESEX UNIVERSITY HOSPITAL NHS TRUST,C_430,Elderly Medicine Service,17,17,100.00%,-,-,-,-,-
Y56,RAP,NORTH MIDDLESEX UNIVERSITY HOSPITAL NHS TRUST,C_502,Gynaecology Service,"1,828","1,195",65.40%,13,36.4,32,-,7
Y56,RAP,NORTH MIDDLESEX UNIVERSITY HOSPITAL NHS TRUST,X02,Other - Medical Services,"4,465","3,111",69.70%,10.9,33,23,-,1
Y56,RAP,NORTH MIDDLESEX UNIVERSITY HOSPITAL NHS TRUST,X03,Other - Mental Health Services,1,1,100.00%,-,-,-,-,-
Y56,RAP,NORTH MIDDLESEX UNIVERSITY HOSPITAL NHS TRUST,X04,Other - Paediatric Services,695,428,61.60%,13,38.4,6,-,-
Y56,RAP,NORTH MIDDLESEX UNIVERSITY HOSPITAL NHS TRUST,X05,Other - Surgical Services,"2,447","1,184",48.40%,18.9,47.6,118,1,6
Y56,RAP,NORTH MIDDLESEX UNIVERSITY HOSPITAL NHS TRUST,X06,Other - Other Services,301,297,98.70%,3.4,10.1,-,-,-
Y56,RAS,THE HILLINGDON HOSPITALS NHS FOUNDATION TRUST,C_100,General Surgery Service,"1,434",585,40.80%,21.5,48.5,81,-,11
Y56,RAS,THE HILLINGDON HOSPITALS NHS FOUNDATION TRUST,C_101,Urology Service,"1,490",765,51.30%,17.1,44.2,42,1,9
Y56,RAS,THE HILLINGDON HOSPITALS NHS FOUNDATION TRUST,C_110,Trauma and Orthopaedic Service,"4,065","1,335",32.80%,23.8,48.4,235,2,55
Y56,RAS,THE HILLINGDON HOSPITALS NHS FOUNDATION TRUST,C_120,Ear Nose and Throat Service,"3,053",433,14.20%,37,53.6,307,-,1
Y56,RAS,THE HILLINGDON HOSPITALS NHS FOUNDATION TRUST,C_130,Ophthalmology Service,"1,990","1,357",68.20%,12.9,31.7,2,-,-
Y56,RAS,THE HILLINGDON HOSPITALS NHS FOUNDATION TRUST,C_140,Oral Surgery Service,"1,130",724,64.10%,13.9,29.1,3,-,1
Y56,RAS,THE HILLINGDON HOSPITALS NHS FOUNDATION TRUST,C_150,Neurosurgical Service,-,-,-,-,-,-,-,-
Y56,RAS,THE HILLINGDON HOSPITALS NHS FOUNDATION TRUST,C_160,Plastic Surgery Service,16,11,68.80%,-,-,-,-,-
Y56,RAS,THE HILLINGDON HOSPITALS NHS FOUNDATION TRUST,C_170,Cardiothoracic Surgery Service,-,-,-,-,-,-,-,-
Y56,RAS,THE HILLINGDON HOSPITALS NHS FOUNDATION TRUST,C_300,General Internal Medicine Service,14,9,64.30%,-,-,1,-,-
Y56,RAS,THE HILLINGDON HOSPITALS NHS FOUNDATION TRUST,C_301,Gastroenterology Service,"1,098",792,72.10%,10.6,31.3,9,-,2
Y56,RAS,THE HILLINGDON HOSPITALS NHS FOUNDATION TRUST,C_320,Cardiology Service,"1,298",811,62.50%,14.3,31.9,14,-,-
Y56,RAS,THE HILLINGDON HOSPITALS NHS FOUNDATION TRUST,C_330,Dermatology Service,"1,142",898,78.60%,11.6,24.4,-,-,-
Y56,RAS,THE HILLINGDON HOSPITALS NHS FOUNDATION TRUST,C_340,Respiratory Medicine Service,"1,146",711,62.00%,15.2,37.5,20,-,-
Y56,RAS,THE HILLINGDON HOSPITALS NHS FOUNDATION TRUST,C_400,Neurology Service,808,349,43.20%,22.6,45.1,41,-,13
Y56,RAS,THE HILLINGDON HOSPITALS NHS FOUNDATION TRUST,C_410,Rheumatology Service,612,117,19.10%,25,43.7,18,-,3
Y56,RAS,THE HILLINGDON HOSPITALS NHS FOUNDATION TRUST,C_430,Elderly Medicine Service,430,314,73.00%,10.9,32.2,2,-,-
Y56,RAS,THE HILLINGDON HOSPITALS NHS FOUNDATION TRUST,C_502,Gynaecology Service,"1,801","1,153",64.00%,13.9,33,5,-,-
Y56,RAS,THE HILLINGDON HOSPITALS NHS FOUNDATION TRUST,X02,Other - Medical Services,"5,012","2,912",58.10%,14.1,48.5,299,1,33
Y56,RAS,THE HILLINGDON HOSPITALS NHS FOUNDATION TRUST,X03,Other - Mental Health Services,2,-,-,-,-,-,-,-
Y56,RAS,THE HILLINGDON HOSPITALS NHS FOUNDATION TRUST,X04,Other - Paediatric Services,936,619,66.10%,12.2,34.6,9,-,3
Y56,RAS,THE HILLINGDON HOSPITALS NHS FOUNDATION TRUST,X05,Other - Surgical Services,"2,343","1,432",61.10%,14.1,32,24,-,1
Y56,RAS,THE HILLINGDON HOSPITALS NHS FOUNDATION TRUST,X06,Other - Other Services,"1,017",792,77.90%,7.3,35.4,40,-,3
Y56,RAT,NORTH EAST LONDON NHS FOUNDATION TRUST,C_100,General Surgery Service,-,-,-,-,-,-,-,-
Y56,RAT,NORTH EAST LONDON NHS FOUNDATION TRUST,C_101,Urology Service,-,-,-,-,-,-,-,-
Y56,RAT,NORTH EAST LONDON NHS FOUNDATION TRUST,C_110,Trauma and Orthopaedic Service,-,-,-,-,-,-,-,-
Y56,RAT,NORTH EAST LONDON NHS FOUNDATION TRUST,C_120,Ear Nose and Throat Service,-,-,-,-,-,-,-,-
Y56,RAT,NORTH EAST LONDON NHS FOUNDATION TRUST,C_130,Ophthalmology Service,-,-,-,-,-,-,-,-
Y56,RAT,NORTH EAST LONDON NHS FOUNDATION TRUST,C_140,Oral Surgery Service,-,-,-,-,-,-,-,-
Y56,RAT,NORTH EAST LONDON NHS FOUNDATION TRUST,C_150,Neurosurgical Service,-,-,-,-,-,-,-,-
Y56,RAT,NORTH EAST LONDON NHS FOUNDATION TRUST,C_160,Plastic Surgery Service,-,-,-,-,-,-,-,-
Y56,RAT,NORTH EAST LONDON NHS FOUNDATION TRUST,C_170,Cardiothoracic Surgery Service,-,-,-,-,-,-,-,-
Y56,RAT,NORTH EAST LONDON NHS FOUNDATION TRUST,C_300,General Internal Medicine Service,-,-,-,-,-,-,-,-
Y56,RAT,NORTH EAST LONDON NHS FOUNDATION TRUST,C_301,Gastroenterology Service,-,-,-,-,-,-,-,-
Y56,RAT,NORTH EAST LONDON NHS FOUNDATION TRUST,C_320,Cardiology Service,-,-,-,-,-,-,-,-
Y56,RAT,NORTH EAST LONDON NHS FOUNDATION TRUST,C_330,Dermatology Service,-,-,-,-,-,-,-,-
Y56,RAT,NORTH EAST LONDON NHS FOUNDATION TRUST,C_340,Respiratory Medicine Service,-,-,-,-,-,-,-,-
Y56,RAT,NORTH EAST LONDON NHS FOUNDATION TRUST,C_400,Neurology Service,-,-,-,-,-,-,-,-
Y56,RAT,NORTH EAST LONDON NHS FOUNDATION TRUST,C_410,Rheumatology Service,-,-,-,-,-,-,-,-
Y56,RAT,NORTH EAST LONDON NHS FOUNDATION TRUST,C_430,Elderly Medicine Service,103,103,100.00%,3.4,6.1,-,-,-
Y56,RAT,NORTH EAST LONDON NHS FOUNDATION TRUST,C_502,Gynaecology Service,-,-,-,-,-,-,-,-
Y56,RAT,NORTH EAST LONDON NHS FOUNDATION TRUST,X02,Other - Medical Services,-,-,-,-,-,-,-,-
Y56,RAT,NORTH EAST LONDON NHS FOUNDATION TRUST,X03,Other - Mental Health Services,-,-,-,-,-,-,-,-
Y56,RAT,NORTH EAST LONDON NHS FOUNDATION TRUST,X04,Other - Paediatric Services,"2,119","1,509",71.20%,8.6,35.6,24,8,13
Y56,RAT,NORTH EAST LONDON NHS FOUNDATION TRUST,X05,Other - Surgical Services,-,-,-,-,-,-,-,-
Y56,RAT,NORTH EAST LONDON NHS FOUNDATION TRUST,X06,Other - Other Services,-,-,-,-,-,-,-,-
Y56,RAX,KINGSTON HOSPITAL NHS FOUNDATION TRUST,C_100,General Surgery Service,"1,219",504,41.30%,21.4,38.6,6,-,-
Y56,RAX,KINGSTON HOSPITAL NHS FOUNDATION TRUST,C_101,Urology Service,"1,380","1,064",77.10%,9.9,32,-,-,-
Y56,RAX,KINGSTON HOSPITAL NHS FOUNDATION TRUST,C_110,Trauma and Orthopaedic Service,"3,501","1,796",51.30%,17.4,35.4,3,-,-
Y56,RAX,KINGSTON HOSPITAL NHS FOUNDATION TRUST,C_120,Ear Nose and Throat Service,"4,084","2,740",67.10%,12.6,28.5,-,-,-
Y56,RAX,KINGSTON HOSPITAL NHS FOUNDATION TRUST,C_130,Ophthalmology Service,"4,543","3,460",76.20%,9.4,30.7,1,-,-
Y56,RAX,KINGSTON HOSPITAL NHS FOUNDATION TRUST,C_140,Oral Surgery Service,"1,438","1,148",79.80%,9.1,27.3,-,-,-
Y56,RAX,KINGSTON HOSPITAL NHS FOUNDATION TRUST,C_150,Neurosurgical Service,-,-,-,-,-,-,-,-
Y56,RAX,KINGSTON HOSPITAL NHS FOUNDATION TRUST,C_160,Plastic Surgery Service,422,309,73.20%,11.3,36.1,8,-,-
Y56,RAX,KINGSTON HOSPITAL NHS FOUNDATION TRUST,C_170,Cardiothoracic Surgery Service,-,-,-,-,-,-,-,-
Y56,RAX,KINGSTON HOSPITAL NHS FOUNDATION TRUST,C_300,General Internal Medicine Service,721,191,26.50%,31.3,54.4,74,-,1
Y56,RAX,KINGSTON HOSPITAL NHS FOUNDATION TRUST,C_301,Gastroenterology Service,"1,811","1,166",64.40%,12.1,32,1,-,-
Y56,RAX,KINGSTON HOSPITAL NHS FOUNDATION TRUST,C_320,Cardiology Service,"1,179",853,72.30%,10.5,27.4,3,-,-
Y56,RAX,KINGSTON HOSPITAL NHS FOUNDATION TRUST,C_330,Dermatology Service,"4,796","1,946",40.60%,21.8,41.7,38,-,-
Y56,RAX,KINGSTON HOSPITAL NHS FOUNDATION TRUST,C_340,Respiratory Medicine Service,"1,227",583,47.50%,18.8,40.8,-,-,-
Y56,RAX,KINGSTON HOSPITAL NHS FOUNDATION TRUST,C_400,Neurology Service,"1,045",803,76.80%,10.6,28.4,-,-,-
Y56,RAX,KINGSTON HOSPITAL NHS FOUNDATION TRUST,C_410,Rheumatology Service,530,355,67.00%,14.5,23.7,-,-,-
Y56,RAX,KINGSTON HOSPITAL NHS FOUNDATION TRUST,C_430,Elderly Medicine Service,16,16,100.00%,-,-,-,-,-
Y56,RAX,KINGSTON HOSPITAL NHS FOUNDATION TRUST,C_502,Gynaecology Service,"3,391","2,131",62.80%,12.6,33.9,3,-,-
Y56,RAX,KINGSTON HOSPITAL NHS FOUNDATION TRUST,X02,Other - Medical Services,587,564,96.10%,4.4,12.2,-,-,-
Y56,RAX,KINGSTON HOSPITAL NHS FOUNDATION TRUST,X03,Other - Mental Health Services,-,-,-,-,-,-,-,-
Y56,RAX,KINGSTON HOSPITAL NHS FOUNDATION TRUST,X04,Other - Paediatric Services,"1,650",610,37.00%,24,47.2,34,-,-
Y56,RAX,KINGSTON HOSPITAL NHS FOUNDATION TRUST,X05,Other - Surgical Services,"5,497","3,246",59.10%,14.8,35.2,11,-,-
Y56,RAX,KINGSTON HOSPITAL NHS FOUNDATION TRUST,X06,Other - Other Services,32,24,75.00%,13,41.4,-,-,-
Y56,RF4,"BARKING, HAVERING AND REDBRIDGE UNIVERSITY HOSPITALS NHS TRUST",C_100,General Surgery Service,"3,953","2,258",57.10%,14.4,40.7,60,-,4
Y56,RF4,"BARKING, HAVERING AND REDBRIDGE UNIVERSITY HOSPITALS NHS TRUST",C_101,Urology Service,"4,205","2,643",62.90%,13,35.2,42,-,5
Y56,RF4,"BARKING, HAVERING AND REDBRIDGE UNIVERSITY HOSPITALS NHS TRUST",C_110,Trauma and Orthopaedic Service,"4,116","2,462",59.80%,14.1,41.7,88,-,4
Y56,RF4,"BARKING, HAVERING AND REDBRIDGE UNIVERSITY HOSPITALS NHS TRUST",C_120,Ear Nose and Throat Service,"4,220","2,992",70.90%,10.8,31.6,26,-,1
Y56,RF4,"BARKING, HAVERING AND REDBRIDGE UNIVERSITY HOSPITALS NHS TRUST",C_130,Ophthalmology Service,"3,783","3,286",86.90%,8,21.3,-,-,-
Y56,RF4,"BARKING, HAVERING AND REDBRIDGE UNIVERSITY HOSPITALS NHS TRUST",C_140,Oral Surgery Service,"1,990",985,49.50%,18.2,45.1,76,1,3
Y56,RF4,"BARKING, HAVERING AND REDBRIDGE UNIVERSITY HOSPITALS NHS TRUST",C_150,Neurosurgical Service,"3,721","1,813",48.70%,18.6,45.4,162,1,59
Y56,RF4,"BARKING, HAVERING AND REDBRIDGE UNIVERSITY HOSPITALS NHS TRUST",C_160,Plastic Surgery Service,-,-,-,-,-,-,-,-
Y56,RF4,"BARKING, HAVERING AND REDBRIDGE UNIVERSITY HOSPITALS NHS TRUST",C_170,Cardiothoracic Surgery Service,-,-,-,-,-,-,-,-
Y56,RF4,"BARKING, HAVERING AND REDBRIDGE UNIVERSITY HOSPITALS NHS TRUST",C_300,General Internal Medicine Service,9,9,100.00%,-,-,-,-,-
Y56,RF4,"BARKING, HAVERING AND REDBRIDGE UNIVERSITY HOSPITALS NHS TRUST",C_301,Gastroenterology Service,"1,229","1,146",93.20%,6.1,17.2,2,-,-
Y56,RF4,"BARKING, HAVERING AND REDBRIDGE UNIVERSITY HOSPITALS NHS TRUST",C_320,Cardiology Service,"2,857","2,213",77.50%,9.5,29,19,-,-
Y56,RF4,"BARKING, HAVERING AND REDBRIDGE UNIVERSITY HOSPITALS NHS TRUST",C_330,Dermatology Service,"2,768","1,758",63.50%,11.4,37.6,60,15,16
Y56,RF4,"BARKING, HAVERING AND REDBRIDGE UNIVERSITY HOSPITALS NHS TRUST",C_340,Respiratory Medicine Service,"2,647","1,529",57.80%,13.4,38.8,86,19,45
Y56,RF4,"BARKING, HAVERING AND REDBRIDGE UNIVERSITY HOSPITALS NHS TRUST",C_400,Neurology Service,"4,315","1,909",44.20%,20.6,41.6,119,2,28
Y56,RF4,"BARKING, HAVERING AND REDBRIDGE UNIVERSITY HOSPITALS NHS TRUST",C_410,Rheumatology Service,"1,519",664,43.70%,21.2,41.8,35,-,5
Y56,RF4,"BARKING, HAVERING AND REDBRIDGE UNIVERSITY HOSPITALS NHS TRUST",C_430,Elderly Medicine Service,121,107,88.40%,6.8,19.7,-,-,-
Y56,RF4,"BARKING, HAVERING AND REDBRIDGE UNIVERSITY HOSPITALS NHS TRUST",C_502,Gynaecology Service,"7,280","3,371",46.30%,19.9,45.4,221,4,30
Y56,RF4,"BARKING, HAVERING AND REDBRIDGE UNIVERSITY HOSPITALS NHS TRUST",X02,Other - Medical Services,"8,120","5,091",62.70%,12.6,36.3,55,-,8
Y56,RF4,"BARKING, HAVERING AND REDBRIDGE UNIVERSITY HOSPITALS NHS TRUST",X03,Other - Mental Health Services,-,-,-,-,-,-,-,-
Y56,RF4,"BARKING, HAVERING AND REDBRIDGE UNIVERSITY HOSPITALS NHS TRUST",X04,Other - Paediatric Services,348,213,61.20%,14.2,36.3,-,-,-
Y56,RF4,"BARKING, HAVERING AND REDBRIDGE UNIVERSITY HOSPITALS NHS TRUST",X05,Other - Surgical Services,"3,260","1,973",60.50%,13.7,32.9,50,-,6
Y56,RF4,"BARKING, HAVERING AND REDBRIDGE UNIVERSITY HOSPITALS NHS TRUST",X06,Other - Other Services,546,391,71.60%,6.2,39.7,13,-,-
Y56,RJ1,GUY'S AND ST THOMAS' NHS FOUNDATION TRUST,C_100,General Surgery Service,955,552,57.80%,13.5,50.4,66,1,18
Y56,RJ1,GUY'S AND ST THOMAS' NHS FOUNDATION TRUST,C_101,Urology Service,"5,605","2,863",51.10%,17.4,45.1,264,12,73
Y56,RJ1,GUY'S AND ST THOMAS' NHS FOUNDATION TRUST,C_110,Trauma and Orthopaedic Service,"6,846","3,061",44.70%,20.3,51.6,532,25,137
Y56,RJ1,GUY'S AND ST THOMAS' NHS FOUNDATION TRUST,C_120,Ear Nose and Throat Service,"11,136","4,865",43.70%,21.3,48.5,651,5,76
Y56,RJ1,GUY'S AND ST THOMAS' NHS FOUNDATION TRUST,C_130,Ophthalmology Service,"3,987","2,680",67.20%,13.5,33.4,29,-,6
Y56,RJ1,GUY'S AND ST THOMAS' NHS FOUNDATION TRUST,C_140,Oral Surgery Service,"9,621","6,333",65.80%,12.6,35.1,15,-,-
Y56,RJ1,GUY'S AND ST THOMAS' NHS FOUNDATION TRUST,C_150,Neurosurgical Service,10,8,80.00%,-,-,-,-,-
Y56,RJ1,GUY'S AND ST THOMAS' NHS FOUNDATION TRUST,C_160,Plastic Surgery Service,"3,973","1,707",43.00%,21.3,49.7,283,14,94
Y56,RJ1,GUY'S AND ST THOMAS' NHS FOUNDATION TRUST,C_170,Cardiothoracic Surgery Service,215,88,40.90%,20.4,39.2,1,-,-
Y56,RJ1,GUY'S AND ST THOMAS' NHS FOUNDATION TRUST,C_300,General Internal Medicine Service,636,430,67.60%,13.5,37.3,6,-,1
Y56,RJ1,GUY'S AND ST THOMAS' NHS FOUNDATION TRUST,C_301,Gastroenterology Service,"2,433","2,313",95.10%,6.8,14.5,1,-,-
Y56,RJ1,GUY'S AND ST THOMAS' NHS FOUNDATION TRUST,C_320,Cardiology Service,"9,711","5,652",58.20%,14.7,36.6,87,-,13
Y56,RJ1,GUY'S AND ST THOMAS' NHS FOUNDATION TRUST,C_330,Dermatology Service,"10,815","6,701",62.00%,13.7,33.5,130,2,30
Y56,RJ1,GUY'S AND ST THOMAS' NHS FOUNDATION TRUST,C_340,Respiratory Medicine Service,"8,013","5,115",63.80%,13.3,30.9,31,-,3
Y56,RJ1,GUY'S AND ST THOMAS' NHS FOUNDATION TRUST,C_400,Neurology Service,"2,677","1,437",53.70%,16.2,44.5,52,-,3
Y56,RJ1,GUY'S AND ST THOMAS' NHS FOUNDATION TRUST,C_410,Rheumatology Service,"1,105",773,70.00%,11.8,31.2,12,1,5
Y56,RJ1,GUY'S AND ST THOMAS' NHS FOUNDATION TRUST,C_430,Elderly Medicine Service,961,642,66.80%,14,27.6,1,-,-
Y56,RJ1,GUY'S AND ST THOMAS' NHS FOUNDATION TRUST,C_502,Gynaecology Service,"6,258","3,163",50.50%,17.8,46.9,305,1,70
Y56,RJ1,GUY'S AND ST THOMAS' NHS FOUNDATION TRUST,X02,Other - Medical Services,"19,973","13,202",66.10%,12.2,38.4,543,1,108
Y56,RJ1,GUY'S AND ST THOMAS' NHS FOUNDATION TRUST,X03,Other - Mental Health Services,11,9,81.80%,-,-,-,-,-
Y56,RJ1,GUY'S AND ST THOMAS' NHS FOUNDATION TRUST,X04,Other - Paediatric Services,"18,276","10,075",55.10%,15.8,44.1,738,32,229
Y56,RJ1,GUY'S AND ST THOMAS' NHS FOUNDATION TRUST,X05,Other - Surgical Services,"14,979","8,806",58.80%,14.6,44.4,726,58,256
Y56,RJ1,GUY'S AND ST THOMAS' NHS FOUNDATION TRUST,X06,Other - Other Services,"3,024","1,541",51.00%,17.4,35.1,85,1,2
Y56,RJ2,LEWISHAM AND GREENWICH NHS TRUST,C_100,General Surgery Service,"9,650","4,762",49.30%,18.4,54.3,843,72,300
Y56,RJ2,LEWISHAM AND GREENWICH NHS TRUST,C_101,Urology Service,"2,110","1,286",60.90%,13.6,35.3,25,1,4
Y56,RJ2,LEWISHAM AND GREENWICH NHS TRUST,C_110,Trauma and Orthopaedic Service,"6,243","3,433",55.00%,15.5,49.2,423,45,177
Y56,RJ2,LEWISHAM AND GREENWICH NHS TRUST,C_120,Ear Nose and Throat Service,"14,723","6,204",42.10%,22,56.2,"1,457",204,646
Y56,RJ2,LEWISHAM AND GREENWICH NHS TRUST,C_130,Ophthalmology Service,-,-,-,-,-,-,-,-
Y56,RJ2,LEWISHAM AND GREENWICH NHS TRUST,C_140,Oral Surgery Service,-,-,-,-,-,-,-,-
Y56,RJ2,LEWISHAM AND GREENWICH NHS TRUST,C_150,Neurosurgical Service,-,-,-,-,-,-,-,-
Y56,RJ2,LEWISHAM AND GREENWICH NHS TRUST,C_160,Plastic Surgery Service,29,11,37.90%,23.3,45.7,1,-,-
Y56,RJ2,LEWISHAM AND GREENWICH NHS TRUST,C_170,Cardiothoracic Surgery Service,-,-,-,-,-,-,-,-
Y56,RJ2,LEWISHAM AND GREENWICH NHS TRUST,C_300,General Internal Medicine Service,"1,095",655,59.80%,14.8,42.2,10,-,1
Y56,RJ2,LEWISHAM AND GREENWICH NHS TRUST,C_301,Gastroenterology Service,"4,629","2,678",57.90%,14.3,41.8,97,-,23
Y56,RJ2,LEWISHAM AND GREENWICH NHS TRUST,C_320,Cardiology Service,"3,692","1,996",54.10%,16.3,44.8,126,-,28
Y56,RJ2,LEWISHAM AND GREENWICH NHS TRUST,C_330,Dermatology Service,"3,675","2,573",70.00%,11.1,34.9,32,-,4
Y56,RJ2,LEWISHAM AND GREENWICH NHS TRUST,C_340,Respiratory Medicine Service,"2,123","1,255",59.10%,13.6,38.7,15,-,3
Y56,RJ2,LEWISHAM AND GREENWICH NHS TRUST,C_400,Neurology Service,"3,789","1,692",44.70%,20,44.9,144,-,27
Y56,RJ2,LEWISHAM AND GREENWICH NHS TRUST,C_410,Rheumatology Service,"1,050",835,79.50%,8.6,27.4,6,-,-
Y56,RJ2,LEWISHAM AND GREENWICH NHS TRUST,C_430,Elderly Medicine Service,155,148,95.50%,8.5,16.7,-,-,-
Y56,RJ2,LEWISHAM AND GREENWICH NHS TRUST,C_502,Gynaecology Service,"7,309","4,294",58.70%,14.8,45.5,364,19,146
Y56,RJ2,LEWISHAM AND GREENWICH NHS TRUST,X02,Other - Medical Services,"2,317","1,814",78.30%,9.4,30.5,24,1,6
Y56,RJ2,LEWISHAM AND GREENWICH NHS TRUST,X03,Other - Mental Health Services,-,-,-,-,-,-,-,-
Y56,RJ2,LEWISHAM AND GREENWICH NHS TRUST,X04,Other - Paediatric Services,"4,482","2,628",58.60%,13.9,48.3,268,-,67
Y56,RJ2,LEWISHAM AND GREENWICH NHS TRUST,X05,Other - Surgical Services,"1,898",964,50.80%,17.3,41.6,31,1,9
Y56,RJ2,LEWISHAM AND GREENWICH NHS TRUST,X06,Other - Other Services,5,4,80.00%,-,-,-,-,-
Y56,RJ6,CROYDON HEALTH SERVICES NHS TRUST,C_100,General Surgery Service,"1,839","1,390",75.60%,10.7,32.1,5,-,-
Y56,RJ6,CROYDON HEALTH SERVICES NHS TRUST,C_101,Urology Service,"1,855","1,628",87.80%,7.6,21.4,-,-,-
Y56,RJ6,CROYDON HEALTH SERVICES NHS TRUST,C_110,Trauma and Orthopaedic Service,"6,586","3,944",59.90%,14.1,41.2,171,1,20
Y56,RJ6,CROYDON HEALTH SERVICES NHS TRUST,C_120,Ear Nose and Throat Service,"2,762","1,653",59.80%,14.6,44.1,74,6,12
Y56,RJ6,CROYDON HEALTH SERVICES NHS TRUST,C_130,Ophthalmology Service,-,-,-,-,-,-,-,-
Y56,RJ6,CROYDON HEALTH SERVICES NHS TRUST,C_140,Oral Surgery Service,"2,315","1,297",56.00%,15.6,44.7,90,-,6
Y56,RJ6,CROYDON HEALTH SERVICES NHS TRUST,C_150,Neurosurgical Service,-,-,-,-,-,-,-,-
Y56,RJ6,CROYDON HEALTH SERVICES NHS TRUST,C_160,Plastic Surgery Service,53,43,81.10%,10.2,28.8,2,-,-
Y56,RJ6,CROYDON HEALTH SERVICES NHS TRUST,C_170,Cardiothoracic Surgery Service,-,-,-,-,-,-,-,-
Y56,RJ6,CROYDON HEALTH SERVICES NHS TRUST,C_300,General Internal Medicine Service,54,50,92.60%,4.7,15.7,-,-,-
Y56,RJ6,CROYDON HEALTH SERVICES NHS TRUST,C_301,Gastroenterology Service,"2,396","1,740",72.60%,11.2,32.8,10,-,1
Y56,RJ6,CROYDON HEALTH SERVICES NHS TRUST,C_320,Cardiology Service,"1,318","1,027",77.90%,10.3,23.3,-,-,-
Y56,RJ6,CROYDON HEALTH SERVICES NHS TRUST,C_330,Dermatology Service,"2,877","1,729",60.10%,15.4,34.9,23,-,8
Y56,RJ6,CROYDON HEALTH SERVICES NHS TRUST,C_340,Respiratory Medicine Service,837,611,73.00%,8,35.5,1,1,1
Y56,RJ6,CROYDON HEALTH SERVICES NHS TRUST,C_400,Neurology Service,750,570,76.00%,10.8,23.6,1,-,-
Y56,RJ6,CROYDON HEALTH SERVICES NHS TRUST,C_410,Rheumatology Service,698,540,77.40%,9.9,26.5,-,-,-
Y56,RJ6,CROYDON HEALTH SERVICES NHS TRUST,C_430,Elderly Medicine Service,116,106,91.40%,7.4,18.7,-,-,-
Y56,RJ6,CROYDON HEALTH SERVICES NHS TRUST,C_502,Gynaecology Service,"3,500","2,247",64.20%,12.5,41,83,4,21
Y56,RJ6,CROYDON HEALTH SERVICES NHS TRUST,X02,Other - Medical Services,"3,190","2,314",72.50%,10.5,36.9,37,1,3
Y56,RJ6,CROYDON HEALTH SERVICES NHS TRUST,X03,Other - Mental Health Services,-,-,-,-,-,-,-,-
Y56,RJ6,CROYDON HEALTH SERVICES NHS TRUST,X04,Other - Paediatric Services,801,529,66.00%,12.5,29.5,1,-,-
Y56,RJ6,CROYDON HEALTH SERVICES NHS TRUST,X05,Other - Surgical Services,"3,852","3,173",82.40%,8,25.8,14,-,-
Y56,RJ6,CROYDON HEALTH SERVICES NHS TRUST,X06,Other - Other Services,-,-,-,-,-,-,-,-
Y56,RJ7,ST GEORGE'S UNIVERSITY HOSPITALS NHS FOUNDATION TRUST,C_100,General Surgery Service,"1,219",574,47.10%,19.5,46.4,36,-,-
Y56,RJ7,ST GEORGE'S UNIVERSITY HOSPITALS NHS FOUNDATION TRUST,C_101,Urology Service,"2,762","1,835",66.40%,11.7,35.9,20,-,2
Y56,RJ7,ST GEORGE'S UNIVERSITY HOSPITALS NHS FOUNDATION TRUST,C_110,Trauma and Orthopaedic Service,"3,748","2,588",69.10%,12.2,29.1,11,-,2
Y56,RJ7,ST GEORGE'S UNIVERSITY HOSPITALS NHS FOUNDATION TRUST,C_120,Ear Nose and Throat Service,"4,221","2,469",58.50%,14.5,36.4,42,-,2
Y56,RJ7,ST GEORGE'S UNIVERSITY HOSPITALS NHS FOUNDATION TRUST,C_130,Ophthalmology Service,439,243,55.40%,16.2,32.8,-,-,-
Y56,RJ7,ST GEORGE'S UNIVERSITY HOSPITALS NHS FOUNDATION TRUST,C_140,Oral Surgery Service,"1,717",943,54.90%,15.9,38.5,34,-,-
Y56,RJ7,ST GEORGE'S UNIVERSITY HOSPITALS NHS FOUNDATION TRUST,C_150,Neurosurgical Service,"3,344","1,789",53.50%,16.1,41.4,100,-,9
Y56,RJ7,ST GEORGE'S UNIVERSITY HOSPITALS NHS FOUNDATION TRUST,C_160,Plastic Surgery Service,"1,792","1,134",63.30%,12.8,36.4,25,1,4
Y56,RJ7,ST GEORGE'S UNIVERSITY HOSPITALS NHS FOUNDATION TRUST,C_170,Cardiothoracic Surgery Service,324,293,90.40%,7.5,18.8,-,-,-
Y56,RJ7,ST GEORGE'S UNIVERSITY HOSPITALS NHS FOUNDATION TRUST,C_300,General Internal Medicine Service,80,64,80.00%,5.8,28.3,-,-,-
Y56,RJ7,ST GEORGE'S UNIVERSITY HOSPITALS NHS FOUNDATION TRUST,C_301,Gastroenterology Service,"2,916","1,793",61.50%,13.2,36.9,17,-,-
Y56,RJ7,ST GEORGE'S UNIVERSITY HOSPITALS NHS FOUNDATION TRUST,C_320,Cardiology Service,"4,885","3,177",65.00%,12.7,36.5,101,-,11
Y56,RJ7,ST GEORGE'S UNIVERSITY HOSPITALS NHS FOUNDATION TRUST,C_330,Dermatology Service,"4,202","3,160",75.20%,10.5,28.9,11,-,-
Y56,RJ7,ST GEORGE'S UNIVERSITY HOSPITALS NHS FOUNDATION TRUST,C_340,Respiratory Medicine Service,"2,536","1,833",72.30%,10,28.8,-,-,-
Y56,RJ7,ST GEORGE'S UNIVERSITY HOSPITALS NHS FOUNDATION TRUST,C_400,Neurology Service,"2,980","2,187",73.40%,10.1,32,30,-,3
Y56,RJ7,ST GEORGE'S UNIVERSITY HOSPITALS NHS FOUNDATION TRUST,C_410,Rheumatology Service,877,693,79.00%,9,27.3,1,-,-
Y56,RJ7,ST GEORGE'S UNIVERSITY HOSPITALS NHS FOUNDATION TRUST,C_430,Elderly Medicine Service,22,21,95.50%,5,15.2,-,-,-
Y56,RJ7,ST GEORGE'S UNIVERSITY HOSPITALS NHS FOUNDATION TRUST,C_502,Gynaecology Service,"3,498","2,214",63.30%,12.6,37.5,31,-,1
Y56,RJ7,ST GEORGE'S UNIVERSITY HOSPITALS NHS FOUNDATION TRUST,X02,Other - Medical Services,"8,639","5,954",68.90%,11.3,31.8,45,-,5
Y56,RJ7,ST GEORGE'S UNIVERSITY HOSPITALS NHS FOUNDATION TRUST,X03,Other - Mental Health Services,-,-,-,-,-,-,-,-
Y56,RJ7,ST GEORGE'S UNIVERSITY HOSPITALS NHS FOUNDATION TRUST,X04,Other - Paediatric Services,"3,117","2,201",70.60%,10.5,31.2,3,-,-
Y56,RJ7,ST GEORGE'S UNIVERSITY HOSPITALS NHS FOUNDATION TRUST,X05,Other - Surgical Services,"4,915","3,125",63.60%,13,35.5,48,1,4
Y56,RJ7,ST GEORGE'S UNIVERSITY HOSPITALS NHS FOUNDATION TRUST,X06,Other - Other Services,"2,585","1,673",64.70%,12.6,30.9,3,-,1
Y56,RJZ,KING'S COLLEGE HOSPITAL NHS FOUNDATION TRUST,C_100,General Surgery Service,"4,142","1,414",34.10%,25.1,56.6,450,21,108
Y56,RJZ,KING'S COLLEGE HOSPITAL NHS FOUNDATION TRUST,C_101,Urology Service,"4,676","2,721",58.20%,15.4,44.3,198,-,31
Y56,RJZ,KING'S COLLEGE HOSPITAL NHS FOUNDATION TRUST,C_110,Trauma and Orthopaedic Service,"5,562","2,653",47.70%,18.8,48.4,341,26,100
Y56,RJZ,KING'S COLLEGE HOSPITAL NHS FOUNDATION TRUST,C_120,Ear Nose and Throat Service,"1,115",682,61.20%,14.4,48.5,72,2,33
Y56,RJZ,KING'S COLLEGE HOSPITAL NHS FOUNDATION TRUST,C_130,Ophthalmology Service,"13,912","6,339",45.60%,19.7,43.8,477,3,40
Y56,RJZ,KING'S COLLEGE HOSPITAL NHS FOUNDATION TRUST,C_140,Oral Surgery Service,"11,967","6,464",54.00%,16.5,42.4,336,-,14
Y56,RJZ,KING'S COLLEGE HOSPITAL NHS FOUNDATION TRUST,C_150,Neurosurgical Service,"2,907","1,483",51.00%,17.5,46.4,133,1,22
Y56,RJZ,KING'S COLLEGE HOSPITAL NHS FOUNDATION TRUST,C_160,Plastic Surgery Service,26,18,69.20%,9,38.9,-,-,-
Y56,RJZ,KING'S COLLEGE HOSPITAL NHS FOUNDATION TRUST,C_170,Cardiothoracic Surgery Service,155,60,38.70%,19.3,41.6,1,-,-
Y56,RJZ,KING'S COLLEGE HOSPITAL NHS FOUNDATION TRUST,C_300,General Internal Medicine Service,830,683,82.30%,13.3,21.6,1,-,-
Y56,RJZ,KING'S COLLEGE HOSPITAL NHS FOUNDATION TRUST,C_301,Gastroenterology Service,"4,038","1,966",48.70%,18.7,46.1,218,5,59
Y56,RJZ,KING'S COLLEGE HOSPITAL NHS FOUNDATION TRUST,C_320,Cardiology Service,"5,029","2,960",58.90%,14.9,37.7,106,2,14
Y56,RJZ,KING'S COLLEGE HOSPITAL NHS FOUNDATION TRUST,C_330,Dermatology Service,"3,234","2,100",64.90%,13.5,40.8,112,-,6
Y56,RJZ,KING'S COLLEGE HOSPITAL NHS FOUNDATION TRUST,C_340,Respiratory Medicine Service,"3,978","2,151",54.10%,16.3,46.4,183,-,3
Y56,RJZ,KING'S COLLEGE HOSPITAL NHS FOUNDATION TRUST,C_400,Neurology Service,"3,598","2,181",60.60%,14.7,38.4,48,-,2
Y56,RJZ,KING'S COLLEGE HOSPITAL NHS FOUNDATION TRUST,C_410,Rheumatology Service,"1,508","1,063",70.50%,12.2,30.4,8,-,3
Y56,RJZ,KING'S COLLEGE HOSPITAL NHS FOUNDATION TRUST,C_430,Elderly Medicine Service,567,435,76.70%,11.4,27.8,-,-,-
Y56,RJZ,KING'S COLLEGE HOSPITAL NHS FOUNDATION TRUST,C_502,Gynaecology Service,"9,516","5,224",54.90%,16.4,41.3,251,2,37
Y56,RJZ,KING'S COLLEGE HOSPITAL NHS FOUNDATION TRUST,X02,Other - Medical Services,"11,652","7,821",67.10%,13.3,35.3,179,3,20
Y56,RJZ,KING'S COLLEGE HOSPITAL NHS FOUNDATION TRUST,X03,Other - Mental Health Services,15,13,86.70%,-,-,-,-,-
Y56,RJZ,KING'S COLLEGE HOSPITAL NHS FOUNDATION TRUST,X04,Other - Paediatric Services,"5,990","3,765",62.90%,13,36.6,97,1,13
Y56,RJZ,KING'S COLLEGE HOSPITAL NHS FOUNDATION TRUST,X05,Other - Surgical Services,"12,547","6,740",53.70%,16.5,46,594,54,182
Y56,RJZ,KING'S COLLEGE HOSPITAL NHS FOUNDATION TRUST,X06,Other - Other Services,502,333,66.30%,13.1,33.4,5,-,-
Y56,RKE,WHITTINGTON HEALTH NHS TRUST,C_100,General Surgery Service,"3,152","1,829",58.00%,13,48,205,16,73
Y56,RKE,WHITTINGTON HEALTH NHS TRUST,C_101,Urology Service,"1,645","1,229",74.70%,11,32.5,50,3,12
Y56,RKE,WHITTINGTON HEALTH NHS TRUST,C_110,Trauma and Orthopaedic Service,"2,645","1,675",63.30%,11.8,47.6,160,8,35
Y56,RKE,WHITTINGTON HEALTH NHS TRUST,C_120,Ear Nose and Throat Service,"1,633",775,47.50%,20.8,49.3,102,2,20
Y56,RKE,WHITTINGTON HEALTH NHS TRUST,C_130,Ophthalmology Service,"1,118",818,73.20%,11.1,41.4,40,2,11
Y56,RKE,WHITTINGTON HEALTH NHS TRUST,C_140,Oral Surgery Service,-,-,-,-,-,-,-,-
Y56,RKE,WHITTINGTON HEALTH NHS TRUST,C_150,Neurosurgical Service,-,-,-,-,-,-,-,-
Y56,RKE,WHITTINGTON HEALTH NHS TRUST,C_160,Plastic Surgery Service,37,22,59.50%,12.5,58,5,-,-
Y56,RKE,WHITTINGTON HEALTH NHS TRUST,C_170,Cardiothoracic Surgery Service,-,-,-,-,-,-,-,-
Y56,RKE,WHITTINGTON HEALTH NHS TRUST,C_300,General Internal Medicine Service,243,106,43.60%,24.8,50.2,17,2,10
Y56,RKE,WHITTINGTON HEALTH NHS TRUST,C_301,Gastroenterology Service,"1,424","1,294",90.90%,7.3,19.3,-,-,-
Y56,RKE,WHITTINGTON HEALTH NHS TRUST,C_320,Cardiology Service,"1,131",763,67.50%,12.6,30,-,-,-
Y56,RKE,WHITTINGTON HEALTH NHS TRUST,C_330,Dermatology Service,878,555,63.20%,10.5,42.4,23,1,1
Y56,RKE,WHITTINGTON HEALTH NHS TRUST,C_340,Respiratory Medicine Service,"1,023",727,71.10%,8.9,33.7,3,-,-
Y56,RKE,WHITTINGTON HEALTH NHS TRUST,C_400,Neurology Service,734,374,51.00%,16.9,35,2,-,-
Y56,RKE,WHITTINGTON HEALTH NHS TRUST,C_410,Rheumatology Service,450,297,66.00%,13.7,30.8,3,-,-
Y56,RKE,WHITTINGTON HEALTH NHS TRUST,C_430,Elderly Medicine Service,105,100,95.20%,7.2,15.9,-,-,-
Y56,RKE,WHITTINGTON HEALTH NHS TRUST,C_502,Gynaecology Service,"2,341","1,563",66.80%,11.1,30.6,23,-,5
Y56,RKE,WHITTINGTON HEALTH NHS TRUST,X02,Other - Medical Services,"2,416","1,996",82.60%,6.8,23.6,1,-,-
Y56,RKE,WHITTINGTON HEALTH NHS TRUST,X03,Other - Mental Health Services,-,-,-,-,-,-,-,-
Y56,RKE,WHITTINGTON HEALTH NHS TRUST,X04,Other - Paediatric Services,28,24,85.70%,5.7,21.8,1,1,1
Y56,RKE,WHITTINGTON HEALTH NHS TRUST,X05,Other - Surgical Services,-,-,-,-,-,-,-,-
Y56,RKE,WHITTINGTON HEALTH NHS TRUST,X06,Other - Other Services,-,-,-,-,-,-,-,-
Y56,RKL,WEST LONDON NHS TRUST,C_100,General Surgery Service,-,-,-,-,-,-,-,-
Y56,RKL,WEST LONDON NHS TRUST,C_101,Urology Service,-,-,-,-,-,-,-,-
Y56,RKL,WEST LONDON NHS TRUST,C_110,Trauma and Orthopaedic Service,"1,727","1,707",98.80%,5.4,11.7,-,-,-
Y56,RKL,WEST LONDON NHS TRUST,C_120,Ear Nose and Throat Service,-,-,-,-,-,-,-,-
Y56,RKL,WEST LONDON NHS TRUST,C_130,Ophthalmology Service,-,-,-,-,-,-,-,-
Y56,RKL,WEST LONDON NHS TRUST,C_140,Oral Surgery Service,-,-,-,-,-,-,-,-
Y56,RKL,WEST LONDON NHS TRUST,C_150,Neurosurgical Service,-,-,-,-,-,-,-,-
Y56,RKL,WEST LONDON NHS TRUST,C_160,Plastic Surgery Service,-,-,-,-,-,-,-,-
Y56,RKL,WEST LONDON NHS TRUST,C_170,Cardiothoracic Surgery Service,-,-,-,-,-,-,-,-
Y56,RKL,WEST LONDON NHS TRUST,C_300,General Internal Medicine Service,-,-,-,-,-,-,-,-
Y56,RKL,WEST LONDON NHS TRUST,C_301,Gastroenterology Service,-,-,-,-,-,-,-,-
Y56,RKL,WEST LONDON NHS TRUST,C_320,Cardiology Service,-,-,-,-,-,-,-,-
Y56,RKL,WEST LONDON NHS TRUST,C_330,Dermatology Service,-,-,-,-,-,-,-,-
Y56,RKL,WEST LONDON NHS TRUST,C_340,Respiratory Medicine Service,-,-,-,-,-,-,-,-
Y56,RKL,WEST LONDON NHS TRUST,C_400,Neurology Service,-,-,-,-,-,-,-,-
Y56,RKL,WEST LONDON NHS TRUST,C_410,Rheumatology Service,-,-,-,-,-,-,-,-
Y56,RKL,WEST LONDON NHS TRUST,C_430,Elderly Medicine Service,-,-,-,-,-,-,-,-
Y56,RKL,WEST LONDON NHS TRUST,C_502,Gynaecology Service,-,-,-,-,-,-,-,-
Y56,RKL,WEST LONDON NHS TRUST,X02,Other - Medical Services,-,-,-,-,-,-,-,-
Y56,RKL,WEST LONDON NHS TRUST,X03,Other - Mental Health Services,-,-,-,-,-,-,-,-
Y56,RKL,WEST LONDON NHS TRUST,X04,Other - Paediatric Services,107,97,90.70%,3.6,21.1,-,-,-
Y56,RKL,WEST LONDON NHS TRUST,X05,Other - Surgical Services,-,-,-,-,-,-,-,-
Y56,RKL,WEST LONDON NHS TRUST,X06,Other - Other Services,-,-,-,-,-,-,-,-
Y56,RP4,GREAT ORMOND STREET HOSPITAL FOR CHILDREN NHS FOUNDATION TRUST,C_100,General Surgery Service,-,-,-,-,-,-,-,-
Y56,RP4,GREAT ORMOND STREET HOSPITAL FOR CHILDREN NHS FOUNDATION TRUST,C_101,Urology Service,-,-,-,-,-,-,-,-
Y56,RP4,GREAT ORMOND STREET HOSPITAL FOR CHILDREN NHS FOUNDATION TRUST,C_110,Trauma and Orthopaedic Service,-,-,-,-,-,-,-,-
Y56,RP4,GREAT ORMOND STREET HOSPITAL FOR CHILDREN NHS FOUNDATION TRUST,C_120,Ear Nose and Throat Service,-,-,-,-,-,-,-,-
Y56,RP4,GREAT ORMOND STREET HOSPITAL FOR CHILDREN NHS FOUNDATION TRUST,C_130,Ophthalmology Service,-,-,-,-,-,-,-,-
Y56,RP4,GREAT ORMOND STREET HOSPITAL FOR CHILDREN NHS FOUNDATION TRUST,C_140,Oral Surgery Service,-,-,-,-,-,-,-,-
Y56,RP4,GREAT ORMOND STREET HOSPITAL FOR CHILDREN NHS FOUNDATION TRUST,C_150,Neurosurgical Service,-,-,-,-,-,-,-,-
Y56,RP4,GREAT ORMOND STREET HOSPITAL FOR CHILDREN NHS FOUNDATION TRUST,C_160,Plastic Surgery Service,-,-,-,-,-,-,-,-
Y56,RP4,GREAT ORMOND STREET HOSPITAL FOR CHILDREN NHS FOUNDATION TRUST,C_170,Cardiothoracic Surgery Service,-,-,-,-,-,-,-,-
Y56,RP4,GREAT ORMOND STREET HOSPITAL FOR CHILDREN NHS FOUNDATION TRUST,C_300,General Internal Medicine Service,-,-,-,-,-,-,-,-
Y56,RP4,GREAT ORMOND STREET HOSPITAL FOR CHILDREN NHS FOUNDATION TRUST,C_301,Gastroenterology Service,-,-,-,-,-,-,-,-
Y56,RP4,GREAT ORMOND STREET HOSPITAL FOR CHILDREN NHS FOUNDATION TRUST,C_320,Cardiology Service,-,-,-,-,-,-,-,-
Y56,RP4,GREAT ORMOND STREET HOSPITAL FOR CHILDREN NHS FOUNDATION TRUST,C_330,Dermatology Service,-,-,-,-,-,-,-,-
Y56,RP4,GREAT ORMOND STREET HOSPITAL FOR CHILDREN NHS FOUNDATION TRUST,C_340,Respiratory Medicine Service,-,-,-,-,-,-,-,-
Y56,RP4,GREAT ORMOND STREET HOSPITAL FOR CHILDREN NHS FOUNDATION TRUST,C_400,Neurology Service,-,-,-,-,-,-,-,-
Y56,RP4,GREAT ORMOND STREET HOSPITAL FOR CHILDREN NHS FOUNDATION TRUST,C_410,Rheumatology Service,-,-,-,-,-,-,-,-
Y56,RP4,GREAT ORMOND STREET HOSPITAL FOR CHILDREN NHS FOUNDATION TRUST,C_430,Elderly Medicine Service,-,-,-,-,-,-,-,-
Y56,RP4,GREAT ORMOND STREET HOSPITAL FOR CHILDREN NHS FOUNDATION TRUST,C_502,Gynaecology Service,-,-,-,-,-,-,-,-
Y56,RP4,GREAT ORMOND STREET HOSPITAL FOR CHILDREN NHS FOUNDATION TRUST,X02,Other - Medical Services,"1,854","1,448",78.10%,9.8,29.7,9,-,1
Y56,RP4,GREAT ORMOND STREET HOSPITAL FOR CHILDREN NHS FOUNDATION TRUST,X03,Other - Mental Health Services,181,104,57.50%,14.4,43.8,-,-,-
Y56,RP4,GREAT ORMOND STREET HOSPITAL FOR CHILDREN NHS FOUNDATION TRUST,X04,Other - Paediatric Services,"5,855","3,724",63.60%,12.2,48,371,121,211
Y56,RP4,GREAT ORMOND STREET HOSPITAL FOR CHILDREN NHS FOUNDATION TRUST,X05,Other - Surgical Services,22,13,59.10%,10.3,55.2,2,1,1
Y56,RP4,GREAT ORMOND STREET HOSPITAL FOR CHILDREN NHS FOUNDATION TRUST,X06,Other - Other Services,65,42,64.60%,12.5,38.4,3,1,1
Y56,RP6,MOORFIELDS EYE HOSPITAL NHS FOUNDATION TRUST,C_100,General Surgery Service,-,-,-,-,-,-,-,-
Y56,RP6,MOORFIELDS EYE HOSPITAL NHS FOUNDATION TRUST,C_101,Urology Service,-,-,-,-,-,-,-,-
Y56,RP6,MOORFIELDS EYE HOSPITAL NHS FOUNDATION TRUST,C_110,Trauma and Orthopaedic Service,-,-,-,-,-,-,-,-
Y56,RP6,MOORFIELDS EYE HOSPITAL NHS FOUNDATION TRUST,C_120,Ear Nose and Throat Service,-,-,-,-,-,-,-,-
Y56,RP6,MOORFIELDS EYE HOSPITAL NHS FOUNDATION TRUST,C_130,Ophthalmology Service,"35,138","28,990",82.50%,8.3,24.2,20,10,14
Y56,RP6,MOORFIELDS EYE HOSPITAL NHS FOUNDATION TRUST,C_140,Oral Surgery Service,-,-,-,-,-,-,-,-
Y56,RP6,MOORFIELDS EYE HOSPITAL NHS FOUNDATION TRUST,C_150,Neurosurgical Service,-,-,-,-,-,-,-,-
Y56,RP6,MOORFIELDS EYE HOSPITAL NHS FOUNDATION TRUST,C_160,Plastic Surgery Service,-,-,-,-,-,-,-,-
Y56,RP6,MOORFIELDS EYE HOSPITAL NHS FOUNDATION TRUST,C_170,Cardiothoracic Surgery Service,-,-,-,-,-,-,-,-
Y56,RP6,MOORFIELDS EYE HOSPITAL NHS FOUNDATION TRUST,C_300,General Internal Medicine Service,-,-,-,-,-,-,-,-
Y56,RP6,MOORFIELDS EYE HOSPITAL NHS FOUNDATION TRUST,C_301,Gastroenterology Service,-,-,-,-,-,-,-,-
Y56,RP6,MOORFIELDS EYE HOSPITAL NHS FOUNDATION TRUST,C_320,Cardiology Service,-,-,-,-,-,-,-,-
Y56,RP6,MOORFIELDS EYE HOSPITAL NHS FOUNDATION TRUST,C_330,Dermatology Service,-,-,-,-,-,-,-,-
Y56,RP6,MOORFIELDS EYE HOSPITAL NHS FOUNDATION TRUST,C_340,Respiratory Medicine Service,-,-,-,-,-,-,-,-
Y56,RP6,MOORFIELDS EYE HOSPITAL NHS FOUNDATION TRUST,C_400,Neurology Service,-,-,-,-,-,-,-,-
Y56,RP6,MOORFIELDS EYE HOSPITAL NHS FOUNDATION TRUST,C_410,Rheumatology Service,-,-,-,-,-,-,-,-
Y56,RP6,MOORFIELDS EYE HOSPITAL NHS FOUNDATION TRUST,C_430,Elderly Medicine Service,-,-,-,-,-,-,-,-
Y56,RP6,MOORFIELDS EYE HOSPITAL NHS FOUNDATION TRUST,C_502,Gynaecology Service,-,-,-,-,-,-,-,-
Y56,RP6,MOORFIELDS EYE HOSPITAL NHS FOUNDATION TRUST,X02,Other - Medical Services,-,-,-,-,-,-,-,-
Y56,RP6,MOORFIELDS EYE HOSPITAL NHS FOUNDATION TRUST,X03,Other - Mental Health Services,-,-,-,-,-,-,-,-
Y56,RP6,MOORFIELDS EYE HOSPITAL NHS FOUNDATION TRUST,X04,Other - Paediatric Services,-,-,-,-,-,-,-,-
Y56,RP6,MOORFIELDS EYE HOSPITAL NHS FOUNDATION TRUST,X05,Other - Surgical Services,-,-,-,-,-,-,-,-
Y56,RP6,MOORFIELDS EYE HOSPITAL NHS FOUNDATION TRUST,X06,Other - Other Services,-,-,-,-,-,-,-,-
Y56,RPG,OXLEAS NHS FOUNDATION TRUST,C_100,General Surgery Service,-,-,-,-,-,-,-,-
Y56,RPG,OXLEAS NHS FOUNDATION TRUST,C_101,Urology Service,-,-,-,-,-,-,-,-
Y56,RPG,OXLEAS NHS FOUNDATION TRUST,C_110,Trauma and Orthopaedic Service,-,-,-,-,-,-,-,-
Y56,RPG,OXLEAS NHS FOUNDATION TRUST,C_120,Ear Nose and Throat Service,-,-,-,-,-,-,-,-
Y56,RPG,OXLEAS NHS FOUNDATION TRUST,C_130,Ophthalmology Service,-,-,-,-,-,-,-,-
Y56,RPG,OXLEAS NHS FOUNDATION TRUST,C_140,Oral Surgery Service,-,-,-,-,-,-,-,-
Y56,RPG,OXLEAS NHS FOUNDATION TRUST,C_150,Neurosurgical Service,-,-,-,-,-,-,-,-
Y56,RPG,OXLEAS NHS FOUNDATION TRUST,C_160,Plastic Surgery Service,-,-,-,-,-,-,-,-
Y56,RPG,OXLEAS NHS FOUNDATION TRUST,C_170,Cardiothoracic Surgery Service,-,-,-,-,-,-,-,-
Y56,RPG,OXLEAS NHS FOUNDATION TRUST,C_300,General Internal Medicine Service,-,-,-,-,-,-,-,-
Y56,RPG,OXLEAS NHS FOUNDATION TRUST,C_301,Gastroenterology Service,-,-,-,-,-,-,-,-
Y56,RPG,OXLEAS NHS FOUNDATION TRUST,C_320,Cardiology Service,-,-,-,-,-,-,-,-
Y56,RPG,OXLEAS NHS FOUNDATION TRUST,C_330,Dermatology Service,-,-,-,-,-,-,-,-
Y56,RPG,OXLEAS NHS FOUNDATION TRUST,C_340,Respiratory Medicine Service,-,-,-,-,-,-,-,-
Y56,RPG,OXLEAS NHS FOUNDATION TRUST,C_400,Neurology Service,-,-,-,-,-,-,-,-
Y56,RPG,OXLEAS NHS FOUNDATION TRUST,C_410,Rheumatology Service,-,-,-,-,-,-,-,-
Y56,RPG,OXLEAS NHS FOUNDATION TRUST,C_430,Elderly Medicine Service,-,-,-,-,-,-,-,-
Y56,RPG,OXLEAS NHS FOUNDATION TRUST,C_502,Gynaecology Service,-,-,-,-,-,-,-,-
Y56,RPG,OXLEAS NHS FOUNDATION TRUST,X02,Other - Medical Services,-,-,-,-,-,-,-,-
Y56,RPG,OXLEAS NHS FOUNDATION TRUST,X03,Other - Mental Health Services,-,-,-,-,-,-,-,-
Y56,RPG,OXLEAS NHS FOUNDATION TRUST,X04,Other - Paediatric Services,-,-,-,-,-,-,-,-
Y56,RPG,OXLEAS NHS FOUNDATION TRUST,X05,Other - Surgical Services,-,-,-,-,-,-,-,-
Y56,RPG,OXLEAS NHS FOUNDATION TRUST,X06,Other - Other Services,"1,971","1,164",59.10%,12,37.1,-,-,-
Y56,RPY,THE ROYAL MARSDEN NHS FOUNDATION TRUST,C_100,General Surgery Service,104,98,94.20%,6.4,17.2,-,-,-
Y56,RPY,THE ROYAL MARSDEN NHS FOUNDATION TRUST,C_101,Urology Service,92,88,95.70%,5.7,13.3,-,-,-
Y56,RPY,THE ROYAL MARSDEN NHS FOUNDATION TRUST,C_110,Trauma and Orthopaedic Service,-,-,-,-,-,-,-,-
Y56,RPY,THE ROYAL MARSDEN NHS FOUNDATION TRUST,C_120,Ear Nose and Throat Service,-,-,-,-,-,-,-,-
Y56,RPY,THE ROYAL MARSDEN NHS FOUNDATION TRUST,C_130,Ophthalmology Service,1,1,100.00%,-,-,-,-,-
Y56,RPY,THE ROYAL MARSDEN NHS FOUNDATION TRUST,C_140,Oral Surgery Service,111,103,92.80%,5.9,17.7,-,-,-
Y56,RPY,THE ROYAL MARSDEN NHS FOUNDATION TRUST,C_150,Neurosurgical Service,-,-,-,-,-,-,-,-
Y56,RPY,THE ROYAL MARSDEN NHS FOUNDATION TRUST,C_160,Plastic Surgery Service,61,47,77.00%,7.9,27.4,2,1,1
Y56,RPY,THE ROYAL MARSDEN NHS FOUNDATION TRUST,C_170,Cardiothoracic Surgery Service,-,-,-,-,-,-,-,-
Y56,RPY,THE ROYAL MARSDEN NHS FOUNDATION TRUST,C_300,General Internal Medicine Service,-,-,-,-,-,-,-,-
Y56,RPY,THE ROYAL MARSDEN NHS FOUNDATION TRUST,C_301,Gastroenterology Service,34,31,91.20%,6,28.3,-,-,-
Y56,RPY,THE ROYAL MARSDEN NHS FOUNDATION TRUST,C_320,Cardiology Service,1,1,100.00%,-,-,-,-,-
Y56,RPY,THE ROYAL MARSDEN NHS FOUNDATION TRUST,C_330,Dermatology Service,12,11,91.70%,-,-,-,-,-
Y56,RPY,THE ROYAL MARSDEN NHS FOUNDATION TRUST,C_340,Respiratory Medicine Service,4,4,100.00%,-,-,-,-,-
Y56,RPY,THE ROYAL MARSDEN NHS FOUNDATION TRUST,C_400,Neurology Service,-,-,-,-,-,-,-,-
Y56,RPY,THE ROYAL MARSDEN NHS FOUNDATION TRUST,C_410,Rheumatology Service,-,-,-,-,-,-,-,-
Y56,RPY,THE ROYAL MARSDEN NHS FOUNDATION TRUST,C_430,Elderly Medicine Service,-,-,-,-,-,-,-,-
Y56,RPY,THE ROYAL MARSDEN NHS FOUNDATION TRUST,C_502,Gynaecology Service,-,-,-,-,-,-,-,-
Y56,RPY,THE ROYAL MARSDEN NHS FOUNDATION TRUST,X02,Other - Medical Services,455,432,94.90%,5.3,14.6,-,-,-
Y56,RPY,THE ROYAL MARSDEN NHS FOUNDATION TRUST,X03,Other - Mental Health Services,-,-,-,-,-,-,-,-
Y56,RPY,THE ROYAL MARSDEN NHS FOUNDATION TRUST,X04,Other - Paediatric Services,19,19,100.00%,-,-,-,-,-
Y56,RPY,THE ROYAL MARSDEN NHS FOUNDATION TRUST,X05,Other - Surgical Services,626,596,95.20%,3.3,13.8,1,-,-
Y56,RPY,THE ROYAL MARSDEN NHS FOUNDATION TRUST,X06,Other - Other Services,395,371,93.90%,5.1,16.5,-,-,-
Y56,RQM,CHELSEA AND WESTMINSTER HOSPITAL NHS FOUNDATION TRUST,C_100,General Surgery Service,"4,162","1,880",45.20%,20.2,51.5,325,35,110
Y56,RQM,CHELSEA AND WESTMINSTER HOSPITAL NHS FOUNDATION TRUST,C_101,Urology Service,"5,111","3,160",61.80%,13.1,36.1,73,3,22
Y56,RQM,CHELSEA AND WESTMINSTER HOSPITAL NHS FOUNDATION TRUST,C_110,Trauma and Orthopaedic Service,"5,209","2,318",44.50%,21,58.3,579,75,247
Y56,RQM,CHELSEA AND WESTMINSTER HOSPITAL NHS FOUNDATION TRUST,C_120,Ear Nose and Throat Service,"3,907","2,348",60.10%,14.2,40.9,63,-,13
Y56,RQM,CHELSEA AND WESTMINSTER HOSPITAL NHS FOUNDATION TRUST,C_130,Ophthalmology Service,"1,560",949,60.80%,12.7,39.7,19,-,1
Y56,RQM,CHELSEA AND WESTMINSTER HOSPITAL NHS FOUNDATION TRUST,C_140,Oral Surgery Service,741,500,67.50%,10.8,40.8,28,-,2
Y56,RQM,CHELSEA AND WESTMINSTER HOSPITAL NHS FOUNDATION TRUST,C_150,Neurosurgical Service,-,-,-,-,-,-,-,-
Y56,RQM,CHELSEA AND WESTMINSTER HOSPITAL NHS FOUNDATION TRUST,C_160,Plastic Surgery Service,"2,440",937,38.40%,24.1,51.8,192,32,106
Y56,RQM,CHELSEA AND WESTMINSTER HOSPITAL NHS FOUNDATION TRUST,C_170,Cardiothoracic Surgery Service,1,1,100.00%,-,-,-,-,-
Y56,RQM,CHELSEA AND WESTMINSTER HOSPITAL NHS FOUNDATION TRUST,C_300,General Internal Medicine Service,25,21,84.00%,7.3,21,-,-,-
Y56,RQM,CHELSEA AND WESTMINSTER HOSPITAL NHS FOUNDATION TRUST,C_301,Gastroenterology Service,"1,502","1,126",75.00%,10,25.8,-,-,-
Y56,RQM,CHELSEA AND WESTMINSTER HOSPITAL NHS FOUNDATION TRUST,C_320,Cardiology Service,"1,560","1,345",86.20%,6.8,24.4,-,-,-
Y56,RQM,CHELSEA AND WESTMINSTER HOSPITAL NHS FOUNDATION TRUST,C_330,Dermatology Service,"5,309","3,351",63.10%,13.4,34.4,19,1,3
Y56,RQM,CHELSEA AND WESTMINSTER HOSPITAL NHS FOUNDATION TRUST,C_340,Respiratory Medicine Service,"1,732",959,55.40%,15,42.4,-,-,-
Y56,RQM,CHELSEA AND WESTMINSTER HOSPITAL NHS FOUNDATION TRUST,C_400,Neurology Service,"2,726","1,468",53.90%,16.4,34.3,1,-,-
Y56,RQM,CHELSEA AND WESTMINSTER HOSPITAL NHS FOUNDATION TRUST,C_410,Rheumatology Service,"1,364",731,53.60%,16.8,40.3,-,-,-
Y56,RQM,CHELSEA AND WESTMINSTER HOSPITAL NHS FOUNDATION TRUST,C_430,Elderly Medicine Service,253,179,70.80%,11.6,29.8,-,-,-
Y56,RQM,CHELSEA AND WESTMINSTER HOSPITAL NHS FOUNDATION TRUST,C_502,Gynaecology Service,"4,564","3,652",80.00%,8.5,26.7,5,2,4
Y56,RQM,CHELSEA AND WESTMINSTER HOSPITAL NHS FOUNDATION TRUST,X02,Other - Medical Services,"1,544",945,61.20%,12.8,39.9,9,-,-
Y56,RQM,CHELSEA AND WESTMINSTER HOSPITAL NHS FOUNDATION TRUST,X03,Other - Mental Health Services,1,1,100.00%,-,-,-,-,-
Y56,RQM,CHELSEA AND WESTMINSTER HOSPITAL NHS FOUNDATION TRUST,X04,Other - Paediatric Services,"8,051","4,368",54.30%,16,42.5,187,5,26
Y56,RQM,CHELSEA AND WESTMINSTER HOSPITAL NHS FOUNDATION TRUST,X05,Other - Surgical Services,"5,183","2,714",52.40%,16.7,44.4,195,16,70
Y56,RQM,CHELSEA AND WESTMINSTER HOSPITAL NHS FOUNDATION TRUST,X06,Other - Other Services,"4,650","2,987",64.20%,12.4,35.9,18,-,5
Y56,RQX,HOMERTON HEALTHCARE NHS FOUNDATION TRUST,C_100,General Surgery Service,"4,644","2,957",63.70%,12.3,38.2,60,-,4
Y56,RQX,HOMERTON HEALTHCARE NHS FOUNDATION TRUST,C_101,Urology Service,"2,046","1,508",73.70%,9.8,32.7,9,-,1
Y56,RQX,HOMERTON HEALTHCARE NHS FOUNDATION TRUST,C_110,Trauma and Orthopaedic Service,"2,406","1,437",59.70%,14.6,35.2,29,-,4
Y56,RQX,HOMERTON HEALTHCARE NHS FOUNDATION TRUST,C_120,Ear Nose and Throat Service,"2,859","1,893",66.20%,13,32.3,24,-,1
Y56,RQX,HOMERTON HEALTHCARE NHS FOUNDATION TRUST,C_130,Ophthalmology Service,30,29,96.70%,2.5,12.6,-,-,-
Y56,RQX,HOMERTON HEALTHCARE NHS FOUNDATION TRUST,C_140,Oral Surgery Service,"2,299","1,874",81.50%,8.8,25.8,5,-,1
Y56,RQX,HOMERTON HEALTHCARE NHS FOUNDATION TRUST,C_150,Neurosurgical Service,-,-,-,-,-,-,-,-
Y56,RQX,HOMERTON HEALTHCARE NHS FOUNDATION TRUST,C_160,Plastic Surgery Service,464,201,43.30%,20.3,36.6,-,-,-
Y56,RQX,HOMERTON HEALTHCARE NHS FOUNDATION TRUST,C_170,Cardiothoracic Surgery Service,-,-,-,-,-,-,-,-
Y56,RQX,HOMERTON HEALTHCARE NHS FOUNDATION TRUST,C_300,General Internal Medicine Service,212,193,91.00%,7.4,18.7,-,-,-
Y56,RQX,HOMERTON HEALTHCARE NHS FOUNDATION TRUST,C_301,Gastroenterology Service,"1,101",879,79.80%,8.9,26.8,-,-,-
Y56,RQX,HOMERTON HEALTHCARE NHS FOUNDATION TRUST,C_320,Cardiology Service,957,833,87.00%,7.9,22.2,-,-,-
Y56,RQX,HOMERTON HEALTHCARE NHS FOUNDATION TRUST,C_330,Dermatology Service,"1,268",902,71.10%,11.7,26.9,-,-,-
Y56,RQX,HOMERTON HEALTHCARE NHS FOUNDATION TRUST,C_340,Respiratory Medicine Service,"1,053",943,89.60%,9.3,19.7,-,-,-
Y56,RQX,HOMERTON HEALTHCARE NHS FOUNDATION TRUST,C_400,Neurology Service,682,641,94.00%,5.9,15.2,-,-,-
Y56,RQX,HOMERTON HEALTHCARE NHS FOUNDATION TRUST,C_410,Rheumatology Service,191,179,93.70%,5,16.4,-,-,-
Y56,RQX,HOMERTON HEALTHCARE NHS FOUNDATION TRUST,C_430,Elderly Medicine Service,205,198,96.60%,8,15.1,-,-,-
Y56,RQX,HOMERTON HEALTHCARE NHS FOUNDATION TRUST,C_502,Gynaecology Service,"3,631","2,652",73.00%,9.8,41.2,107,-,21
Y56,RQX,HOMERTON HEALTHCARE NHS FOUNDATION TRUST,X02,Other - Medical Services,"3,245","2,492",76.80%,8.9,28.1,-,-,-
Y56,RQX,HOMERTON HEALTHCARE NHS FOUNDATION TRUST,X03,Other - Mental Health Services,-,-,-,-,-,-,-,-
Y56,RQX,HOMERTON HEALTHCARE NHS FOUNDATION TRUST,X04,Other - Paediatric Services,"2,703","1,945",72.00%,10,34.6,12,-,1
Y56,RQX,HOMERTON HEALTHCARE NHS FOUNDATION TRUST,X05,Other - Surgical Services,279,265,95.00%,3,15.2,-,-,-
Y56,RQX,HOMERTON HEALTHCARE NHS FOUNDATION TRUST,X06,Other - Other Services,208,123,59.10%,14.4,39.1,-,-,-
Y56,RQY,SOUTH WEST LONDON AND ST GEORGE'S MENTAL HEALTH NHS TRUST,C_100,General Surgery Service,-,-,-,-,-,-,-,-
Y56,RQY,SOUTH WEST LONDON AND ST GEORGE'S MENTAL HEALTH NHS TRUST,C_101,Urology Service,-,-,-,-,-,-,-,-
Y56,RQY,SOUTH WEST LONDON AND ST GEORGE'S MENTAL HEALTH NHS TRUST,C_110,Trauma and Orthopaedic Service,-,-,-,-,-,-,-,-
Y56,RQY,SOUTH WEST LONDON AND ST GEORGE'S MENTAL HEALTH NHS TRUST,C_120,Ear Nose and Throat Service,-,-,-,-,-,-,-,-
Y56,RQY,SOUTH WEST LONDON AND ST GEORGE'S MENTAL HEALTH NHS TRUST,C_130,Ophthalmology Service,-,-,-,-,-,-,-,-
Y56,RQY,SOUTH WEST LONDON AND ST GEORGE'S MENTAL HEALTH NHS TRUST,C_140,Oral Surgery Service,-,-,-,-,-,-,-,-
Y56,RQY,SOUTH WEST LONDON AND ST GEORGE'S MENTAL HEALTH NHS TRUST,C_150,Neurosurgical Service,-,-,-,-,-,-,-,-
Y56,RQY,SOUTH WEST LONDON AND ST GEORGE'S MENTAL HEALTH NHS TRUST,C_160,Plastic Surgery Service,-,-,-,-,-,-,-,-
Y56,RQY,SOUTH WEST LONDON AND ST GEORGE'S MENTAL HEALTH NHS TRUST,C_170,Cardiothoracic Surgery Service,-,-,-,-,-,-,-,-
Y56,RQY,SOUTH WEST LONDON AND ST GEORGE'S MENTAL HEALTH NHS TRUST,C_300,General Internal Medicine Service,-,-,-,-,-,-,-,-
Y56,RQY,SOUTH WEST LONDON AND ST GEORGE'S MENTAL HEALTH NHS TRUST,C_301,Gastroenterology Service,-,-,-,-,-,-,-,-
Y56,RQY,SOUTH WEST LONDON AND ST GEORGE'S MENTAL HEALTH NHS TRUST,C_320,Cardiology Service,-,-,-,-,-,-,-,-
Y56,RQY,SOUTH WEST LONDON AND ST GEORGE'S MENTAL HEALTH NHS TRUST,C_330,Dermatology Service,-,-,-,-,-,-,-,-
Y56,RQY,SOUTH WEST LONDON AND ST GEORGE'S MENTAL HEALTH NHS TRUST,C_340,Respiratory Medicine Service,-,-,-,-,-,-,-,-
Y56,RQY,SOUTH WEST LONDON AND ST GEORGE'S MENTAL HEALTH NHS TRUST,C_400,Neurology Service,-,-,-,-,-,-,-,-
Y56,RQY,SOUTH WEST LONDON AND ST GEORGE'S MENTAL HEALTH NHS TRUST,C_410,Rheumatology Service,-,-,-,-,-,-,-,-
Y56,RQY,SOUTH WEST LONDON AND ST GEORGE'S MENTAL HEALTH NHS TRUST,C_430,Elderly Medicine Service,-,-,-,-,-,-,-,-
Y56,RQY,SOUTH WEST LONDON AND ST GEORGE'S MENTAL HEALTH NHS TRUST,C_502,Gynaecology Service,-,-,-,-,-,-,-,-
Y56,RQY,SOUTH WEST LONDON AND ST GEORGE'S MENTAL HEALTH NHS TRUST,X02,Other - Medical Services,-,-,-,-,-,-,-,-
Y56,RQY,SOUTH WEST LONDON AND ST GEORGE'S MENTAL HEALTH NHS TRUST,X03,Other - Mental Health Services,"7,048","4,481",63.60%,10.6,57.7,688,112,371
Y56,RQY,SOUTH WEST LONDON AND ST GEORGE'S MENTAL HEALTH NHS TRUST,X04,Other - Paediatric Services,-,-,-,-,-,-,-,-
Y56,RQY,SOUTH WEST LONDON AND ST GEORGE'S MENTAL HEALTH NHS TRUST,X05,Other - Surgical Services,-,-,-,-,-,-,-,-
Y56,RQY,SOUTH WEST LONDON AND ST GEORGE'S MENTAL HEALTH NHS TRUST,X06,Other - Other Services,-,-,-,-,-,-,-,-
Y56,RRV,UNIVERSITY COLLEGE LONDON HOSPITALS NHS FOUNDATION TRUST,C_100,General Surgery Service,155,72,46.50%,19.3,43.7,3,-,2
Y56,RRV,UNIVERSITY COLLEGE LONDON HOSPITALS NHS FOUNDATION TRUST,C_101,Urology Service,"5,427","2,608",48.10%,18.9,45.9,208,3,34
Y56,RRV,UNIVERSITY COLLEGE LONDON HOSPITALS NHS FOUNDATION TRUST,C_110,Trauma and Orthopaedic Service,"4,598","2,793",60.70%,14.1,37.9,39,-,2
Y56,RRV,UNIVERSITY COLLEGE LONDON HOSPITALS NHS FOUNDATION TRUST,C_120,Ear Nose and Throat Service,"8,436","3,947",46.80%,19.7,44.7,253,3,47
Y56,RRV,UNIVERSITY COLLEGE LONDON HOSPITALS NHS FOUNDATION TRUST,C_130,Ophthalmology Service,-,-,-,-,-,-,-,-
Y56,RRV,UNIVERSITY COLLEGE LONDON HOSPITALS NHS FOUNDATION TRUST,C_140,Oral Surgery Service,"3,376","2,413",71.50%,11.1,35.4,82,2,26
Y56,RRV,UNIVERSITY COLLEGE LONDON HOSPITALS NHS FOUNDATION TRUST,C_150,Neurosurgical Service,"2,655","1,579",59.50%,13.5,43.4,89,-,19
Y56,RRV,UNIVERSITY COLLEGE LONDON HOSPITALS NHS FOUNDATION TRUST,C_160,Plastic Surgery Service,-,-,-,-,-,-,-,-
Y56,RRV,UNIVERSITY COLLEGE LONDON HOSPITALS NHS FOUNDATION TRUST,C_170,Cardiothoracic Surgery Service,71,66,93.00%,4,16.3,-,-,-
Y56,RRV,UNIVERSITY COLLEGE LONDON HOSPITALS NHS FOUNDATION TRUST,C_300,General Internal Medicine Service,"2,129","1,710",80.30%,9.3,24.2,2,-,-
Y56,RRV,UNIVERSITY COLLEGE LONDON HOSPITALS NHS FOUNDATION TRUST,C_301,Gastroenterology Service,"2,790","2,172",77.80%,10,27.9,7,-,-
Y56,RRV,UNIVERSITY COLLEGE LONDON HOSPITALS NHS FOUNDATION TRUST,C_320,Cardiology Service,"1,104",718,65.00%,13.2,37.1,28,-,-
Y56,RRV,UNIVERSITY COLLEGE LONDON HOSPITALS NHS FOUNDATION TRUST,C_330,Dermatology Service,"3,651","1,393",38.20%,23.4,57.1,386,18,182
Y56,RRV,UNIVERSITY COLLEGE LONDON HOSPITALS NHS FOUNDATION TRUST,C_340,Respiratory Medicine Service,720,541,75.10%,9.2,31.2,2,-,-
Y56,RRV,UNIVERSITY COLLEGE LONDON HOSPITALS NHS FOUNDATION TRUST,C_400,Neurology Service,"6,276","3,996",63.70%,12.9,36.1,89,-,11
Y56,RRV,UNIVERSITY COLLEGE LONDON HOSPITALS NHS FOUNDATION TRUST,C_410,Rheumatology Service,"1,665",851,51.10%,17.4,41.1,57,-,4
Y56,RRV,UNIVERSITY COLLEGE LONDON HOSPITALS NHS FOUNDATION TRUST,C_430,Elderly Medicine Service,70,69,98.60%,5.4,12.4,-,-,-
Y56,RRV,UNIVERSITY COLLEGE LONDON HOSPITALS NHS FOUNDATION TRUST,C_502,Gynaecology Service,"5,138","2,669",51.90%,16.8,47.2,237,-,59
Y56,RRV,UNIVERSITY COLLEGE LONDON HOSPITALS NHS FOUNDATION TRUST,X02,Other - Medical Services,"10,707","5,700",53.20%,16.3,42.5,203,-,15
Y56,RRV,UNIVERSITY COLLEGE LONDON HOSPITALS NHS FOUNDATION TRUST,X03,Other - Mental Health Services,373,287,76.90%,9.3,28.7,-,-,-
Y56,RRV,UNIVERSITY COLLEGE LONDON HOSPITALS NHS FOUNDATION TRUST,X04,Other - Paediatric Services,"5,339","2,831",53.00%,16.5,44,163,2,25
Y56,RRV,UNIVERSITY COLLEGE LONDON HOSPITALS NHS FOUNDATION TRUST,X05,Other - Surgical Services,"7,411","4,782",64.50%,12.5,35.2,82,-,14
Y56,RRV,UNIVERSITY COLLEGE LONDON HOSPITALS NHS FOUNDATION TRUST,X06,Other - Other Services,"1,265",949,75.00%,9.3,42.4,44,-,7
Y56,RV3,CENTRAL AND NORTH WEST LONDON NHS FOUNDATION TRUST,C_100,General Surgery Service,-,-,-,-,-,-,-,-
Y56,RV3,CENTRAL AND NORTH WEST LONDON NHS FOUNDATION TRUST,C_101,Urology Service,-,-,-,-,-,-,-,-
Y56,RV3,CENTRAL AND NORTH WEST LONDON NHS FOUNDATION TRUST,C_110,Trauma and Orthopaedic Service,-,-,-,-,-,-,-,-
Y56,RV3,CENTRAL AND NORTH WEST LONDON NHS FOUNDATION TRUST,C_120,Ear Nose and Throat Service,-,-,-,-,-,-,-,-
Y56,RV3,CENTRAL AND NORTH WEST LONDON NHS FOUNDATION TRUST,C_130,Ophthalmology Service,-,-,-,-,-,-,-,-
Y56,RV3,CENTRAL AND NORTH WEST LONDON NHS FOUNDATION TRUST,C_140,Oral Surgery Service,-,-,-,-,-,-,-,-
Y56,RV3,CENTRAL AND NORTH WEST LONDON NHS FOUNDATION TRUST,C_150,Neurosurgical Service,-,-,-,-,-,-,-,-
Y56,RV3,CENTRAL AND NORTH WEST LONDON NHS FOUNDATION TRUST,C_160,Plastic Surgery Service,-,-,-,-,-,-,-,-
Y56,RV3,CENTRAL AND NORTH WEST LONDON NHS FOUNDATION TRUST,C_170,Cardiothoracic Surgery Service,-,-,-,-,-,-,-,-
Y56,RV3,CENTRAL AND NORTH WEST LONDON NHS FOUNDATION TRUST,C_300,General Internal Medicine Service,-,-,-,-,-,-,-,-
Y56,RV3,CENTRAL AND NORTH WEST LONDON NHS FOUNDATION TRUST,C_301,Gastroenterology Service,-,-,-,-,-,-,-,-
Y56,RV3,CENTRAL AND NORTH WEST LONDON NHS FOUNDATION TRUST,C_320,Cardiology Service,-,-,-,-,-,-,-,-
Y56,RV3,CENTRAL AND NORTH WEST LONDON NHS FOUNDATION TRUST,C_330,Dermatology Service,-,-,-,-,-,-,-,-
Y56,RV3,CENTRAL AND NORTH WEST LONDON NHS FOUNDATION TRUST,C_340,Respiratory Medicine Service,-,-,-,-,-,-,-,-
Y56,RV3,CENTRAL AND NORTH WEST LONDON NHS FOUNDATION TRUST,C_400,Neurology Service,-,-,-,-,-,-,-,-
Y56,RV3,CENTRAL AND NORTH WEST LONDON NHS FOUNDATION TRUST,C_410,Rheumatology Service,-,-,-,-,-,-,-,-
Y56,RV3,CENTRAL AND NORTH WEST LONDON NHS FOUNDATION TRUST,C_430,Elderly Medicine Service,-,-,-,-,-,-,-,-
Y56,RV3,CENTRAL AND NORTH WEST LONDON NHS FOUNDATION TRUST,C_502,Gynaecology Service,-,-,-,-,-,-,-,-
Y56,RV3,CENTRAL AND NORTH WEST LONDON NHS FOUNDATION TRUST,X02,Other - Medical Services,-,-,-,-,-,-,-,-
Y56,RV3,CENTRAL AND NORTH WEST LONDON NHS FOUNDATION TRUST,X03,Other - Mental Health Services,-,-,-,-,-,-,-,-
Y56,RV3,CENTRAL AND NORTH WEST LONDON NHS FOUNDATION TRUST,X04,Other - Paediatric Services,884,511,57.80%,14.6,32.9,1,-,1
Y56,RV3,CENTRAL AND NORTH WEST LONDON NHS FOUNDATION TRUST,X05,Other - Surgical Services,-,-,-,-,-,-,-,-
Y56,RV3,CENTRAL AND NORTH WEST LONDON NHS FOUNDATION TRUST,X06,Other - Other Services,-,-,-,-,-,-,-,-
Y56,RVR,EPSOM AND ST HELIER UNIVERSITY HOSPITALS NHS TRUST,C_100,General Surgery Service,"3,872","2,507",64.70%,12.3,31.3,31,3,16
Y56,RVR,EPSOM AND ST HELIER UNIVERSITY HOSPITALS NHS TRUST,C_101,Urology Service,"2,213","1,533",69.30%,11.2,30.9,15,-,2
Y56,RVR,EPSOM AND ST HELIER UNIVERSITY HOSPITALS NHS TRUST,C_110,Trauma and Orthopaedic Service,"6,264","3,967",63.30%,12.8,36.3,71,1,7
Y56,RVR,EPSOM AND ST HELIER UNIVERSITY HOSPITALS NHS TRUST,C_120,Ear Nose and Throat Service,"2,163","1,610",74.40%,10.3,30.6,7,-,-
Y56,RVR,EPSOM AND ST HELIER UNIVERSITY HOSPITALS NHS TRUST,C_130,Ophthalmology Service,"2,830","2,408",85.10%,7.9,21.8,-,-,-
Y56,RVR,EPSOM AND ST HELIER UNIVERSITY HOSPITALS NHS TRUST,C_140,Oral Surgery Service,"1,304","1,021",78.30%,9.6,26.1,8,-,-
Y56,RVR,EPSOM AND ST HELIER UNIVERSITY HOSPITALS NHS TRUST,C_150,Neurosurgical Service,-,-,-,-,-,-,-,-
Y56,RVR,EPSOM AND ST HELIER UNIVERSITY HOSPITALS NHS TRUST,C_160,Plastic Surgery Service,120,63,52.50%,17,31.2,-,-,-
Y56,RVR,EPSOM AND ST HELIER UNIVERSITY HOSPITALS NHS TRUST,C_170,Cardiothoracic Surgery Service,-,-,-,-,-,-,-,-
Y56,RVR,EPSOM AND ST HELIER UNIVERSITY HOSPITALS NHS TRUST,C_300,General Internal Medicine Service,174,110,63.20%,13.7,36.5,3,-,1
Y56,RVR,EPSOM AND ST HELIER UNIVERSITY HOSPITALS NHS TRUST,C_301,Gastroenterology Service,"2,675","1,852",69.20%,10.2,36.5,37,2,8
Y56,RVR,EPSOM AND ST HELIER UNIVERSITY HOSPITALS NHS TRUST,C_320,Cardiology Service,"2,959","1,495",50.50%,17.8,39,87,3,28
Y56,RVR,EPSOM AND ST HELIER UNIVERSITY HOSPITALS NHS TRUST,C_330,Dermatology Service,"3,240","1,971",60.80%,14.3,31.2,24,1,5
Y56,RVR,EPSOM AND ST HELIER UNIVERSITY HOSPITALS NHS TRUST,C_340,Respiratory Medicine Service,"1,222",736,60.20%,12.8,40.7,15,-,2
Y56,RVR,EPSOM AND ST HELIER UNIVERSITY HOSPITALS NHS TRUST,C_400,Neurology Service,"1,079",866,80.30%,8.9,27.9,5,-,-
Y56,RVR,EPSOM AND ST HELIER UNIVERSITY HOSPITALS NHS TRUST,C_410,Rheumatology Service,546,341,62.50%,12.7,35.7,5,-,2
Y56,RVR,EPSOM AND ST HELIER UNIVERSITY HOSPITALS NHS TRUST,C_430,Elderly Medicine Service,147,97,66.00%,12.9,36.6,5,-,1
Y56,RVR,EPSOM AND ST HELIER UNIVERSITY HOSPITALS NHS TRUST,C_502,Gynaecology Service,"6,499","3,315",51.00%,17.4,45.7,283,9,95
Y56,RVR,EPSOM AND ST HELIER UNIVERSITY HOSPITALS NHS TRUST,X02,Other - Medical Services,"4,780","3,702",77.40%,8.9,29.4,30,-,7
Y56,RVR,EPSOM AND ST HELIER UNIVERSITY HOSPITALS NHS TRUST,X03,Other - Mental Health Services,-,-,-,-,-,-,-,-
Y56,RVR,EPSOM AND ST HELIER UNIVERSITY HOSPITALS NHS TRUST,X04,Other - Paediatric Services,"4,760","2,918",61.30%,12.4,45.2,201,1,55
Y56,RVR,EPSOM AND ST HELIER UNIVERSITY HOSPITALS NHS TRUST,X05,Other - Surgical Services,750,487,64.90%,13.1,31.1,3,-,-
Y56,RVR,EPSOM AND ST HELIER UNIVERSITY HOSPITALS NHS TRUST,X06,Other - Other Services,706,635,89.90%,5.5,19.8,-,-,-
Y56,RY9,HOUNSLOW AND RICHMOND COMMUNITY HEALTHCARE NHS TRUST,C_100,General Surgery Service,-,-,-,-,-,-,-,-
Y56,RY9,HOUNSLOW AND RICHMOND COMMUNITY HEALTHCARE NHS TRUST,C_101,Urology Service,-,-,-,-,-,-,-,-
Y56,RY9,HOUNSLOW AND RICHMOND COMMUNITY HEALTHCARE NHS TRUST,C_110,Trauma and Orthopaedic Service,-,-,-,-,-,-,-,-
Y56,RY9,HOUNSLOW AND RICHMOND COMMUNITY HEALTHCARE NHS TRUST,C_120,Ear Nose and Throat Service,-,-,-,-,-,-,-,-
Y56,RY9,HOUNSLOW AND RICHMOND COMMUNITY HEALTHCARE NHS TRUST,C_130,Ophthalmology Service,-,-,-,-,-,-,-,-
Y56,RY9,HOUNSLOW AND RICHMOND COMMUNITY HEALTHCARE NHS TRUST,C_140,Oral Surgery Service,-,-,-,-,-,-,-,-
Y56,RY9,HOUNSLOW AND RICHMOND COMMUNITY HEALTHCARE NHS TRUST,C_150,Neurosurgical Service,-,-,-,-,-,-,-,-
Y56,RY9,HOUNSLOW AND RICHMOND COMMUNITY HEALTHCARE NHS TRUST,C_160,Plastic Surgery Service,-,-,-,-,-,-,-,-
Y56,RY9,HOUNSLOW AND RICHMOND COMMUNITY HEALTHCARE NHS TRUST,C_170,Cardiothoracic Surgery Service,-,-,-,-,-,-,-,-
Y56,RY9,HOUNSLOW AND RICHMOND COMMUNITY HEALTHCARE NHS TRUST,C_300,General Internal Medicine Service,-,-,-,-,-,-,-,-
Y56,RY9,HOUNSLOW AND RICHMOND COMMUNITY HEALTHCARE NHS TRUST,C_301,Gastroenterology Service,-,-,-,-,-,-,-,-
Y56,RY9,HOUNSLOW AND RICHMOND COMMUNITY HEALTHCARE NHS TRUST,C_320,Cardiology Service,-,-,-,-,-,-,-,-
Y56,RY9,HOUNSLOW AND RICHMOND COMMUNITY HEALTHCARE NHS TRUST,C_330,Dermatology Service,-,-,-,-,-,-,-,-
Y56,RY9,HOUNSLOW AND RICHMOND COMMUNITY HEALTHCARE NHS TRUST,C_340,Respiratory Medicine Service,-,-,-,-,-,-,-,-
Y56,RY9,HOUNSLOW AND RICHMOND COMMUNITY HEALTHCARE NHS TRUST,C_400,Neurology Service,-,-,-,-,-,-,-,-
Y56,RY9,HOUNSLOW AND RICHMOND COMMUNITY HEALTHCARE NHS TRUST,C_410,Rheumatology Service,-,-,-,-,-,-,-,-
Y56,RY9,HOUNSLOW AND RICHMOND COMMUNITY HEALTHCARE NHS TRUST,C_430,Elderly Medicine Service,-,-,-,-,-,-,-,-
Y56,RY9,HOUNSLOW AND RICHMOND COMMUNITY HEALTHCARE NHS TRUST,C_502,Gynaecology Service,-,-,-,-,-,-,-,-
Y56,RY9,HOUNSLOW AND RICHMOND COMMUNITY HEALTHCARE NHS TRUST,X02,Other - Medical Services,-,-,-,-,-,-,-,-
Y56,RY9,HOUNSLOW AND RICHMOND COMMUNITY HEALTHCARE NHS TRUST,X03,Other - Mental Health Services,-,-,-,-,-,-,-,-
Y56,RY9,HOUNSLOW AND RICHMOND COMMUNITY HEALTHCARE NHS TRUST,X04,Other - Paediatric Services,441,410,93.00%,6.8,17,-,-,-
Y56,RY9,HOUNSLOW AND RICHMOND COMMUNITY HEALTHCARE NHS TRUST,X05,Other - Surgical Services,-,-,-,-,-,-,-,-
Y56,RY9,HOUNSLOW AND RICHMOND COMMUNITY HEALTHCARE NHS TRUST,X06,Other - Other Services,-,-,-,-,-,-,-,-
Y56,RYJ,IMPERIAL COLLEGE HEALTHCARE NHS TRUST,C_100,General Surgery Service,"3,186","1,058",33.20%,28,63,579,7,201
Y56,RYJ,IMPERIAL COLLEGE HEALTHCARE NHS TRUST,C_101,Urology Service,"3,335","1,781",53.40%,16,47.9,183,8,61
Y56,RYJ,IMPERIAL COLLEGE HEALTHCARE NHS TRUST,C_110,Trauma and Orthopaedic Service,"3,383","1,717",50.80%,17.6,44.9,147,3,49
Y56,RYJ,IMPERIAL COLLEGE HEALTHCARE NHS TRUST,C_120,Ear Nose and Throat Service,"6,771","3,552",52.50%,16.8,57.1,672,32,283
Y56,RYJ,IMPERIAL COLLEGE HEALTHCARE NHS TRUST,C_130,Ophthalmology Service,"7,565","4,272",56.50%,15.3,41.4,108,1,8
Y56,RYJ,IMPERIAL COLLEGE HEALTHCARE NHS TRUST,C_140,Oral Surgery Service,300,279,93.00%,6.9,17,-,-,-
Y56,RYJ,IMPERIAL COLLEGE HEALTHCARE NHS TRUST,C_150,Neurosurgical Service,"6,322","2,525",39.90%,23.3,50.2,420,6,85
Y56,RYJ,IMPERIAL COLLEGE HEALTHCARE NHS TRUST,C_160,Plastic Surgery Service,"1,751",885,50.50%,17.7,42.4,42,-,8
Y56,RYJ,IMPERIAL COLLEGE HEALTHCARE NHS TRUST,C_170,Cardiothoracic Surgery Service,384,238,62.00%,12,40.1,19,-,8
Y56,RYJ,IMPERIAL COLLEGE HEALTHCARE NHS TRUST,C_300,General Internal Medicine Service,105,63,60.00%,11.8,37.6,-,-,-
Y56,RYJ,IMPERIAL COLLEGE HEALTHCARE NHS TRUST,C_301,Gastroenterology Service,"3,735","2,275",60.90%,14.1,31.5,2,-,-
Y56,RYJ,IMPERIAL COLLEGE HEALTHCARE NHS TRUST,C_320,Cardiology Service,"8,475","5,829",68.80%,11.5,36.1,181,11,71
Y56,RYJ,IMPERIAL COLLEGE HEALTHCARE NHS TRUST,C_330,Dermatology Service,"2,842","1,630",57.40%,14.9,40.9,5,-,-
Y56,RYJ,IMPERIAL COLLEGE HEALTHCARE NHS TRUST,C_340,Respiratory Medicine Service,"3,484","2,275",65.30%,11.6,35,22,-,-
Y56,RYJ,IMPERIAL COLLEGE HEALTHCARE NHS TRUST,C_400,Neurology Service,"6,052","2,486",41.10%,22.4,48.6,283,4,30
Y56,RYJ,IMPERIAL COLLEGE HEALTHCARE NHS TRUST,C_410,Rheumatology Service,"1,042",708,67.90%,11.9,36.4,15,-,1
Y56,RYJ,IMPERIAL COLLEGE HEALTHCARE NHS TRUST,C_430,Elderly Medicine Service,223,197,88.30%,5.2,22.6,1,-,-
Y56,RYJ,IMPERIAL COLLEGE HEALTHCARE NHS TRUST,C_502,Gynaecology Service,"7,940","4,808",60.60%,13.7,39.3,71,-,8
Y56,RYJ,IMPERIAL COLLEGE HEALTHCARE NHS TRUST,X02,Other - Medical Services,"18,403","10,609",57.60%,14.6,40,215,-,17
Y56,RYJ,IMPERIAL COLLEGE HEALTHCARE NHS TRUST,X03,Other - Mental Health Services,-,-,-,-,-,-,-,-
Y56,RYJ,IMPERIAL COLLEGE HEALTHCARE NHS TRUST,X04,Other - Paediatric Services,"4,463","3,221",72.20%,10.4,33.2,9,-,1
Y56,RYJ,IMPERIAL COLLEGE HEALTHCARE NHS TRUST,X05,Other - Surgical Services,"9,100","4,087",44.90%,20.8,51.9,724,7,226
Y56,RYJ,IMPERIAL COLLEGE HEALTHCARE NHS TRUST,X06,Other - Other Services,716,594,83.00%,9.6,21.1,1,-,-
Y56,RYX,CENTRAL LONDON COMMUNITY HEALTHCARE NHS TRUST,C_100,General Surgery Service,-,-,-,-,-,-,-,-
Y56,RYX,CENTRAL LONDON COMMUNITY HEALTHCARE NHS TRUST,C_101,Urology Service,-,-,-,-,-,-,-,-
Y56,RYX,CENTRAL LONDON COMMUNITY HEALTHCARE NHS TRUST,C_110,Trauma and Orthopaedic Service,-,-,-,-,-,-,-,-
Y56,RYX,CENTRAL LONDON COMMUNITY HEALTHCARE NHS TRUST,C_120,Ear Nose and Throat Service,-,-,-,-,-,-,-,-
Y56,RYX,CENTRAL LONDON COMMUNITY HEALTHCARE NHS TRUST,C_130,Ophthalmology Service,-,-,-,-,-,-,-,-
Y56,RYX,CENTRAL LONDON COMMUNITY HEALTHCARE NHS TRUST,C_140,Oral Surgery Service,-,-,-,-,-,-,-,-
Y56,RYX,CENTRAL LONDON COMMUNITY HEALTHCARE NHS TRUST,C_150,Neurosurgical Service,-,-,-,-,-,-,-,-
Y56,RYX,CENTRAL LONDON COMMUNITY HEALTHCARE NHS TRUST,C_160,Plastic Surgery Service,-,-,-,-,-,-,-,-
Y56,RYX,CENTRAL LONDON COMMUNITY HEALTHCARE NHS TRUST,C_170,Cardiothoracic Surgery Service,-,-,-,-,-,-,-,-
Y56,RYX,CENTRAL LONDON COMMUNITY HEALTHCARE NHS TRUST,C_300,General Internal Medicine Service,169,161,95.30%,8.3,15.6,-,-,-
Y56,RYX,CENTRAL LONDON COMMUNITY HEALTHCARE NHS TRUST,C_301,Gastroenterology Service,-,-,-,-,-,-,-,-
Y56,RYX,CENTRAL LONDON COMMUNITY HEALTHCARE NHS TRUST,C_320,Cardiology Service,-,-,-,-,-,-,-,-
Y56,RYX,CENTRAL LONDON COMMUNITY HEALTHCARE NHS TRUST,C_330,Dermatology Service,-,-,-,-,-,-,-,-
Y56,RYX,CENTRAL LONDON COMMUNITY HEALTHCARE NHS TRUST,C_340,Respiratory Medicine Service,882,796,90.20%,8,19.2,-,-,-
Y56,RYX,CENTRAL LONDON COMMUNITY HEALTHCARE NHS TRUST,C_400,Neurology Service,-,-,-,-,-,-,-,-
Y56,RYX,CENTRAL LONDON COMMUNITY HEALTHCARE NHS TRUST,C_410,Rheumatology Service,-,-,-,-,-,-,-,-
Y56,RYX,CENTRAL LONDON COMMUNITY HEALTHCARE NHS TRUST,C_430,Elderly Medicine Service,-,-,-,-,-,-,-,-
Y56,RYX,CENTRAL LONDON COMMUNITY HEALTHCARE NHS TRUST,C_502,Gynaecology Service,-,-,-,-,-,-,-,-
Y56,RYX,CENTRAL LONDON COMMUNITY HEALTHCARE NHS TRUST,X02,Other - Medical Services,23,23,100.00%,2.6,12.2,-,-,-
Y56,RYX,CENTRAL LONDON COMMUNITY HEALTHCARE NHS TRUST,X03,Other - Mental Health Services,-,-,-,-,-,-,-,-
Y56,RYX,CENTRAL LONDON COMMUNITY HEALTHCARE NHS TRUST,X04,Other - Paediatric Services,88,88,100.00%,2.6,3.9,-,-,-
Y56,RYX,CENTRAL LONDON COMMUNITY HEALTHCARE NHS TRUST,X05,Other - Surgical Services,-,-,-,-,-,-,-,-
Y56,RYX,CENTRAL LONDON COMMUNITY HEALTHCARE NHS TRUST,X06,Other - Other Services,974,934,95.90%,4.5,12.2,4,-,1
Y58,R0D,UNIVERSITY HOSPITALS DORSET NHS FOUNDATION TRUST,C_100,General Surgery Service,"2,190","1,995",91.10%,10,18.3,21,2,8
Y58,R0D,UNIVERSITY HOSPITALS DORSET NHS FOUNDATION TRUST,C_101,Urology Service,"3,219","2,014",62.60%,13.3,42,139,1,58
Y58,R0D,UNIVERSITY HOSPITALS DORSET NHS FOUNDATION TRUST,C_110,Trauma and Orthopaedic Service,"7,267","3,814",52.50%,16.9,46.3,337,3,98
Y58,R0D,UNIVERSITY HOSPITALS DORSET NHS FOUNDATION TRUST,C_120,Ear Nose and Throat Service,"5,107","2,833",55.50%,15.7,48.4,312,5,95
Y58,R0D,UNIVERSITY HOSPITALS DORSET NHS FOUNDATION TRUST,C_130,Ophthalmology Service,"4,192","2,823",67.30%,11.7,34.4,15,-,3
Y58,R0D,UNIVERSITY HOSPITALS DORSET NHS FOUNDATION TRUST,C_140,Oral Surgery Service,"3,116","1,999",64.20%,13.5,38.9,72,3,27
Y58,R0D,UNIVERSITY HOSPITALS DORSET NHS FOUNDATION TRUST,C_150,Neurosurgical Service,-,-,-,-,-,-,-,-
Y58,R0D,UNIVERSITY HOSPITALS DORSET NHS FOUNDATION TRUST,C_160,Plastic Surgery Service,-,-,-,-,-,-,-,-
Y58,R0D,UNIVERSITY HOSPITALS DORSET NHS FOUNDATION TRUST,C_170,Cardiothoracic Surgery Service,-,-,-,-,-,-,-,-
Y58,R0D,UNIVERSITY HOSPITALS DORSET NHS FOUNDATION TRUST,C_300,General Internal Medicine Service,145,139,95.90%,5.1,13.7,-,-,-
Y58,R0D,UNIVERSITY HOSPITALS DORSET NHS FOUNDATION TRUST,C_301,Gastroenterology Service,"4,324","3,298",76.30%,8.6,39.8,172,-,70
Y58,R0D,UNIVERSITY HOSPITALS DORSET NHS FOUNDATION TRUST,C_320,Cardiology Service,"4,367","2,812",64.40%,12.7,37.3,46,-,4
Y58,R0D,UNIVERSITY HOSPITALS DORSET NHS FOUNDATION TRUST,C_330,Dermatology Service,"3,642","2,418",66.40%,12.1,39.8,135,-,26
Y58,R0D,UNIVERSITY HOSPITALS DORSET NHS FOUNDATION TRUST,C_340,Respiratory Medicine Service,"1,776",843,47.50%,19.8,56.6,210,2,52
Y58,R0D,UNIVERSITY HOSPITALS DORSET NHS FOUNDATION TRUST,C_400,Neurology Service,"2,461","1,122",45.60%,20.5,51.6,188,-,53
Y58,R0D,UNIVERSITY HOSPITALS DORSET NHS FOUNDATION TRUST,C_410,Rheumatology Service,901,703,78.00%,9.7,23.8,5,-,1
Y58,R0D,UNIVERSITY HOSPITALS DORSET NHS FOUNDATION TRUST,C_430,Elderly Medicine Service,395,264,66.80%,11.8,31.2,-,-,-
Y58,R0D,UNIVERSITY HOSPITALS DORSET NHS FOUNDATION TRUST,C_502,Gynaecology Service,"7,614","3,340",43.90%,21.6,61.3,"1,050",24,433
Y58,R0D,UNIVERSITY HOSPITALS DORSET NHS FOUNDATION TRUST,X02,Other - Medical Services,"3,958","2,964",74.90%,9.3,29.8,20,-,4
Y58,R0D,UNIVERSITY HOSPITALS DORSET NHS FOUNDATION TRUST,X03,Other - Mental Health Services,-,-,-,-,-,-,-,-
Y58,R0D,UNIVERSITY HOSPITALS DORSET NHS FOUNDATION TRUST,X04,Other - Paediatric Services,"4,401","1,895",43.10%,22.5,60.8,650,11,250
Y58,R0D,UNIVERSITY HOSPITALS DORSET NHS FOUNDATION TRUST,X05,Other - Surgical Services,"9,042","5,201",57.50%,14.6,47,503,6,130
Y58,R0D,UNIVERSITY HOSPITALS DORSET NHS FOUNDATION TRUST,X06,Other - Other Services,825,748,90.70%,5.8,20,3,-,-
Y58,RA7,UNIVERSITY HOSPITALS BRISTOL AND WESTON NHS FOUNDATION TRUST,C_100,General Surgery Service,132,100,75.80%,7.9,43.4,2,-,-
Y58,RA7,UNIVERSITY HOSPITALS BRISTOL AND WESTON NHS FOUNDATION TRUST,C_101,Urology Service,-,-,-,-,-,-,-,-
Y58,RA7,UNIVERSITY HOSPITALS BRISTOL AND WESTON NHS FOUNDATION TRUST,C_110,Trauma and Orthopaedic Service,"2,142","1,161",54.20%,16.3,42.1,54,-,11
Y58,RA7,UNIVERSITY HOSPITALS BRISTOL AND WESTON NHS FOUNDATION TRUST,C_120,Ear Nose and Throat Service,"6,113","3,274",53.60%,16.1,45,281,3,75
Y58,RA7,UNIVERSITY HOSPITALS BRISTOL AND WESTON NHS FOUNDATION TRUST,C_130,Ophthalmology Service,"6,707","4,840",72.20%,9.5,34.3,117,25,54
Y58,RA7,UNIVERSITY HOSPITALS BRISTOL AND WESTON NHS FOUNDATION TRUST,C_140,Oral Surgery Service,"4,425","1,319",29.80%,28.4,53.3,408,8,86
Y58,RA7,UNIVERSITY HOSPITALS BRISTOL AND WESTON NHS FOUNDATION TRUST,C_150,Neurosurgical Service,-,-,-,-,-,-,-,-
Y58,RA7,UNIVERSITY HOSPITALS BRISTOL AND WESTON NHS FOUNDATION TRUST,C_160,Plastic Surgery Service,-,-,-,-,-,-,-,-
Y58,RA7,UNIVERSITY HOSPITALS BRISTOL AND WESTON NHS FOUNDATION TRUST,C_170,Cardiothoracic Surgery Service,309,210,68.00%,10.2,37.1,3,-,-
Y58,RA7,UNIVERSITY HOSPITALS BRISTOL AND WESTON NHS FOUNDATION TRUST,C_300,General Internal Medicine Service,29,21,72.40%,6.5,43.7,-,-,-
Y58,RA7,UNIVERSITY HOSPITALS BRISTOL AND WESTON NHS FOUNDATION TRUST,C_301,Gastroenterology Service,"1,264",827,65.40%,12.9,35.4,15,-,3
Y58,RA7,UNIVERSITY HOSPITALS BRISTOL AND WESTON NHS FOUNDATION TRUST,C_320,Cardiology Service,"4,528","2,782",61.40%,13.3,40.5,86,-,7
Y58,RA7,UNIVERSITY HOSPITALS BRISTOL AND WESTON NHS FOUNDATION TRUST,C_330,Dermatology Service,"3,692","2,023",54.80%,15.5,47.6,139,2,32
Y58,RA7,UNIVERSITY HOSPITALS BRISTOL AND WESTON NHS FOUNDATION TRUST,C_340,Respiratory Medicine Service,"2,863","1,114",38.90%,23.1,45.1,54,-,14
Y58,RA7,UNIVERSITY HOSPITALS BRISTOL AND WESTON NHS FOUNDATION TRUST,C_400,Neurology Service,723,474,65.60%,12.6,36.5,4,-,2
Y58,RA7,UNIVERSITY HOSPITALS BRISTOL AND WESTON NHS FOUNDATION TRUST,C_410,Rheumatology Service,783,546,69.70%,10.5,35.4,1,-,-
Y58,RA7,UNIVERSITY HOSPITALS BRISTOL AND WESTON NHS FOUNDATION TRUST,C_430,Elderly Medicine Service,212,181,85.40%,6.7,21.8,-,-,-
Y58,RA7,UNIVERSITY HOSPITALS BRISTOL AND WESTON NHS FOUNDATION TRUST,C_502,Gynaecology Service,"4,131","2,271",55.00%,15.5,46.4,140,-,13
Y58,RA7,UNIVERSITY HOSPITALS BRISTOL AND WESTON NHS FOUNDATION TRUST,X02,Other - Medical Services,"6,002","3,262",54.30%,15.5,56.9,596,23,193
Y58,RA7,UNIVERSITY HOSPITALS BRISTOL AND WESTON NHS FOUNDATION TRUST,X03,Other - Mental Health Services,70,67,95.70%,2.8,15.2,-,-,-
Y58,RA7,UNIVERSITY HOSPITALS BRISTOL AND WESTON NHS FOUNDATION TRUST,X04,Other - Paediatric Services,"8,491","4,121",48.50%,18.8,58.9,960,95,438
Y58,RA7,UNIVERSITY HOSPITALS BRISTOL AND WESTON NHS FOUNDATION TRUST,X05,Other - Surgical Services,"6,817","3,535",51.90%,17.1,48.3,355,29,120
Y58,RA7,UNIVERSITY HOSPITALS BRISTOL AND WESTON NHS FOUNDATION TRUST,X06,Other - Other Services,"1,221",953,78.10%,7,31.5,-,-,-
Y58,RA9,TORBAY AND SOUTH DEVON NHS FOUNDATION TRUST,C_100,General Surgery Service,-,-,-,-,-,-,-,-
Y58,RA9,TORBAY AND SOUTH DEVON NHS FOUNDATION TRUST,C_101,Urology Service,"2,018","1,280",63.40%,11.4,42.1,71,2,14
Y58,RA9,TORBAY AND SOUTH DEVON NHS FOUNDATION TRUST,C_110,Trauma and Orthopaedic Service,"3,046","1,354",44.50%,20.9,61.2,404,45,173
Y58,RA9,TORBAY AND SOUTH DEVON NHS FOUNDATION TRUST,C_120,Ear Nose and Throat Service,"3,289","1,516",46.10%,20.5,50.5,226,6,58
Y58,RA9,TORBAY AND SOUTH DEVON NHS FOUNDATION TRUST,C_130,Ophthalmology Service,"3,937","2,653",67.40%,10.3,38,77,-,18
Y58,RA9,TORBAY AND SOUTH DEVON NHS FOUNDATION TRUST,C_140,Oral Surgery Service,"2,844","1,142",40.20%,24,62.5,432,35,163
Y58,RA9,TORBAY AND SOUTH DEVON NHS FOUNDATION TRUST,C_150,Neurosurgical Service,-,-,-,-,-,-,-,-
Y58,RA9,TORBAY AND SOUTH DEVON NHS FOUNDATION TRUST,C_160,Plastic Surgery Service,306,194,63.40%,14.2,37.5,6,-,1
Y58,RA9,TORBAY AND SOUTH DEVON NHS FOUNDATION TRUST,C_170,Cardiothoracic Surgery Service,12,8,66.70%,-,-,-,-,-
Y58,RA9,TORBAY AND SOUTH DEVON NHS FOUNDATION TRUST,C_300,General Internal Medicine Service,85,62,72.90%,8.9,46.6,4,-,1
Y58,RA9,TORBAY AND SOUTH DEVON NHS FOUNDATION TRUST,C_301,Gastroenterology Service,"2,308","1,634",70.80%,9.8,37,44,-,3
Y58,RA9,TORBAY AND SOUTH DEVON NHS FOUNDATION TRUST,C_320,Cardiology Service,"3,228","2,045",63.40%,12.9,38.9,81,12,43
Y58,RA9,TORBAY AND SOUTH DEVON NHS FOUNDATION TRUST,C_330,Dermatology Service,"1,835","1,288",70.20%,9.4,35.8,25,-,13
Y58,RA9,TORBAY AND SOUTH DEVON NHS FOUNDATION TRUST,C_340,Respiratory Medicine Service,694,492,70.90%,10,36.6,3,1,1
Y58,RA9,TORBAY AND SOUTH DEVON NHS FOUNDATION TRUST,C_400,Neurology Service,732,535,73.10%,10.1,30.5,5,-,2
Y58,RA9,TORBAY AND SOUTH DEVON NHS FOUNDATION TRUST,C_410,Rheumatology Service,402,380,94.50%,3.1,13.6,1,-,1
Y58,RA9,TORBAY AND SOUTH DEVON NHS FOUNDATION TRUST,C_430,Elderly Medicine Service,341,234,68.60%,11.4,28.5,1,-,-
Y58,RA9,TORBAY AND SOUTH DEVON NHS FOUNDATION TRUST,C_502,Gynaecology Service,"2,445","1,396",57.10%,13.3,61.8,294,34,120
Y58,RA9,TORBAY AND SOUTH DEVON NHS FOUNDATION TRUST,X02,Other - Medical Services,"2,457","1,194",48.60%,19.4,56.9,252,15,110
Y58,RA9,TORBAY AND SOUTH DEVON NHS FOUNDATION TRUST,X03,Other - Mental Health Services,-,-,-,-,-,-,-,-
Y58,RA9,TORBAY AND SOUTH DEVON NHS FOUNDATION TRUST,X04,Other - Paediatric Services,"1,510",655,43.40%,22.9,56.9,157,12,67
Y58,RA9,TORBAY AND SOUTH DEVON NHS FOUNDATION TRUST,X05,Other - Surgical Services,"2,666","1,570",58.90%,13.8,49.3,173,3,52
Y58,RA9,TORBAY AND SOUTH DEVON NHS FOUNDATION TRUST,X06,Other - Other Services,235,179,76.20%,9.6,32.1,2,-,1
Y58,RBD,DORSET COUNTY HOSPITAL NHS FOUNDATION TRUST,C_100,General Surgery Service,"1,317",440,33.40%,27.3,60,191,4,63
Y58,RBD,DORSET COUNTY HOSPITAL NHS FOUNDATION TRUST,C_101,Urology Service,912,691,75.80%,9.1,27.8,-,-,-
Y58,RBD,DORSET COUNTY HOSPITAL NHS FOUNDATION TRUST,C_110,Trauma and Orthopaedic Service,"3,526","1,460",41.40%,22.5,57.4,397,13,127
Y58,RBD,DORSET COUNTY HOSPITAL NHS FOUNDATION TRUST,C_120,Ear Nose and Throat Service,"3,647","1,498",41.10%,23.2,52,291,6,48
Y58,RBD,DORSET COUNTY HOSPITAL NHS FOUNDATION TRUST,C_130,Ophthalmology Service,"2,924","1,390",47.50%,19.3,51,225,1,34
Y58,RBD,DORSET COUNTY HOSPITAL NHS FOUNDATION TRUST,C_140,Oral Surgery Service,"1,012",538,53.20%,16.2,40.5,31,-,4
Y58,RBD,DORSET COUNTY HOSPITAL NHS FOUNDATION TRUST,C_150,Neurosurgical Service,-,-,-,-,-,-,-,-
Y58,RBD,DORSET COUNTY HOSPITAL NHS FOUNDATION TRUST,C_160,Plastic Surgery Service,-,-,-,-,-,-,-,-
Y58,RBD,DORSET COUNTY HOSPITAL NHS FOUNDATION TRUST,C_170,Cardiothoracic Surgery Service,-,-,-,-,-,-,-,-
Y58,RBD,DORSET COUNTY HOSPITAL NHS FOUNDATION TRUST,C_300,General Internal Medicine Service,2,2,100.00%,-,-,-,-,-
Y58,RBD,DORSET COUNTY HOSPITAL NHS FOUNDATION TRUST,C_301,Gastroenterology Service,507,441,87.00%,7.4,20.6,-,-,-
Y58,RBD,DORSET COUNTY HOSPITAL NHS FOUNDATION TRUST,C_320,Cardiology Service,702,437,62.30%,11.8,35.3,8,-,-
Y58,RBD,DORSET COUNTY HOSPITAL NHS FOUNDATION TRUST,C_330,Dermatology Service,"1,331",800,60.10%,12.4,48.2,59,-,6
Y58,RBD,DORSET COUNTY HOSPITAL NHS FOUNDATION TRUST,C_340,Respiratory Medicine Service,383,295,77.00%,8.9,26.3,-,-,-
Y58,RBD,DORSET COUNTY HOSPITAL NHS FOUNDATION TRUST,C_400,Neurology Service,-,-,-,-,-,-,-,-
Y58,RBD,DORSET COUNTY HOSPITAL NHS FOUNDATION TRUST,C_410,Rheumatology Service,165,150,90.90%,6.7,18.9,1,-,1
Y58,RBD,DORSET COUNTY HOSPITAL NHS FOUNDATION TRUST,C_430,Elderly Medicine Service,67,56,83.60%,9.7,22.8,-,-,-
Y58,RBD,DORSET COUNTY HOSPITAL NHS FOUNDATION TRUST,C_502,Gynaecology Service,"1,912","1,031",53.90%,15.9,54,165,14,65
Y58,RBD,DORSET COUNTY HOSPITAL NHS FOUNDATION TRUST,X02,Other - Medical Services,"1,160",870,75.00%,9.2,33.9,17,-,5
Y58,RBD,DORSET COUNTY HOSPITAL NHS FOUNDATION TRUST,X03,Other - Mental Health Services,-,-,-,-,-,-,-,-
Y58,RBD,DORSET COUNTY HOSPITAL NHS FOUNDATION TRUST,X04,Other - Paediatric Services,279,92,33.00%,24.7,49.3,15,-,1
Y58,RBD,DORSET COUNTY HOSPITAL NHS FOUNDATION TRUST,X05,Other - Surgical Services,"1,205",949,78.80%,6.3,38.9,45,1,19
Y58,RBD,DORSET COUNTY HOSPITAL NHS FOUNDATION TRUST,X06,Other - Other Services,14,5,35.70%,-,-,1,-,1
Y58,RD1,ROYAL UNITED HOSPITALS BATH NHS FOUNDATION TRUST,C_100,General Surgery Service,"3,469","2,076",59.80%,13.2,43.9,143,2,47
Y58,RD1,ROYAL UNITED HOSPITALS BATH NHS FOUNDATION TRUST,C_101,Urology Service,"1,799","1,209",67.20%,11.1,32.2,1,-,-
Y58,RD1,ROYAL UNITED HOSPITALS BATH NHS FOUNDATION TRUST,C_110,Trauma and Orthopaedic Service,"2,395","1,078",45.00%,20.3,52.2,194,-,35
Y58,RD1,ROYAL UNITED HOSPITALS BATH NHS FOUNDATION TRUST,C_120,Ear Nose and Throat Service,"3,101","1,486",47.90%,19.4,43.7,49,-,-
Y58,RD1,ROYAL UNITED HOSPITALS BATH NHS FOUNDATION TRUST,C_130,Ophthalmology Service,"2,762","2,072",75.00%,9.2,32.8,30,1,4
Y58,RD1,ROYAL UNITED HOSPITALS BATH NHS FOUNDATION TRUST,C_140,Oral Surgery Service,"2,695","1,976",73.30%,10.5,28.8,10,-,-
Y58,RD1,ROYAL UNITED HOSPITALS BATH NHS FOUNDATION TRUST,C_150,Neurosurgical Service,-,-,-,-,-,-,-,-
Y58,RD1,ROYAL UNITED HOSPITALS BATH NHS FOUNDATION TRUST,C_160,Plastic Surgery Service,-,-,-,-,-,-,-,-
Y58,RD1,ROYAL UNITED HOSPITALS BATH NHS FOUNDATION TRUST,C_170,Cardiothoracic Surgery Service,-,-,-,-,-,-,-,-
Y58,RD1,ROYAL UNITED HOSPITALS BATH NHS FOUNDATION TRUST,C_300,General Internal Medicine Service,82,81,98.80%,4.3,11.1,-,-,-
Y58,RD1,ROYAL UNITED HOSPITALS BATH NHS FOUNDATION TRUST,C_301,Gastroenterology Service,"3,345","1,586",47.40%,19.2,55.6,340,-,76
Y58,RD1,ROYAL UNITED HOSPITALS BATH NHS FOUNDATION TRUST,C_320,Cardiology Service,"3,454","1,658",48.00%,18.9,48.5,217,-,45
Y58,RD1,ROYAL UNITED HOSPITALS BATH NHS FOUNDATION TRUST,C_330,Dermatology Service,"1,709","1,250",73.10%,7.9,28.9,4,-,1
Y58,RD1,ROYAL UNITED HOSPITALS BATH NHS FOUNDATION TRUST,C_340,Respiratory Medicine Service,572,564,98.60%,5.2,14,-,-,-
Y58,RD1,ROYAL UNITED HOSPITALS BATH NHS FOUNDATION TRUST,C_400,Neurology Service,917,552,60.20%,14.4,33.3,-,-,-
Y58,RD1,ROYAL UNITED HOSPITALS BATH NHS FOUNDATION TRUST,C_410,Rheumatology Service,913,815,89.30%,7.5,19.2,-,-,-
Y58,RD1,ROYAL UNITED HOSPITALS BATH NHS FOUNDATION TRUST,C_430,Elderly Medicine Service,174,145,83.30%,9.2,22.4,-,-,-
Y58,RD1,ROYAL UNITED HOSPITALS BATH NHS FOUNDATION TRUST,C_502,Gynaecology Service,"2,859","1,479",51.70%,17.3,42.8,68,-,4
Y58,RD1,ROYAL UNITED HOSPITALS BATH NHS FOUNDATION TRUST,X02,Other - Medical Services,818,545,66.60%,11.8,54.3,72,-,37
Y58,RD1,ROYAL UNITED HOSPITALS BATH NHS FOUNDATION TRUST,X03,Other - Mental Health Services,-,-,-,-,-,-,-,-
Y58,RD1,ROYAL UNITED HOSPITALS BATH NHS FOUNDATION TRUST,X04,Other - Paediatric Services,"1,433",850,59.30%,13.4,36.8,15,-,1
Y58,RD1,ROYAL UNITED HOSPITALS BATH NHS FOUNDATION TRUST,X05,Other - Surgical Services,"1,509",854,56.60%,15,36.1,7,-,2
Y58,RD1,ROYAL UNITED HOSPITALS BATH NHS FOUNDATION TRUST,X06,Other - Other Services,516,501,97.10%,4.3,11.7,-,-,-
Y58,REF,ROYAL CORNWALL HOSPITALS NHS TRUST,C_100,General Surgery Service,"2,242","1,260",56.20%,14.7,42.2,63,1,12
Y58,REF,ROYAL CORNWALL HOSPITALS NHS TRUST,C_101,Urology Service,"1,454","1,013",69.70%,10.9,28.8,10,1,2
Y58,REF,ROYAL CORNWALL HOSPITALS NHS TRUST,C_110,Trauma and Orthopaedic Service,"8,509","2,552",30.00%,28.9,66.4,"1,688",230,754
Y58,REF,ROYAL CORNWALL HOSPITALS NHS TRUST,C_120,Ear Nose and Throat Service,"3,056","2,035",66.60%,12.2,39.9,42,1,2
Y58,REF,ROYAL CORNWALL HOSPITALS NHS TRUST,C_130,Ophthalmology Service,"4,533","3,189",70.40%,10.7,34.5,58,2,7
Y58,REF,ROYAL CORNWALL HOSPITALS NHS TRUST,C_140,Oral Surgery Service,"1,951","1,579",80.90%,8.9,25.3,2,-,-
Y58,REF,ROYAL CORNWALL HOSPITALS NHS TRUST,C_150,Neurosurgical Service,-,-,-,-,-,-,-,-
Y58,REF,ROYAL CORNWALL HOSPITALS NHS TRUST,C_160,Plastic Surgery Service,-,-,-,-,-,-,-,-
Y58,REF,ROYAL CORNWALL HOSPITALS NHS TRUST,C_170,Cardiothoracic Surgery Service,-,-,-,-,-,-,-,-
Y58,REF,ROYAL CORNWALL HOSPITALS NHS TRUST,C_300,General Internal Medicine Service,-,-,-,-,-,-,-,-
Y58,REF,ROYAL CORNWALL HOSPITALS NHS TRUST,C_301,Gastroenterology Service,"1,292","1,180",91.30%,5,18.5,2,1,1
Y58,REF,ROYAL CORNWALL HOSPITALS NHS TRUST,C_320,Cardiology Service,"2,342","1,528",65.20%,13.2,37.1,46,1,7
Y58,REF,ROYAL CORNWALL HOSPITALS NHS TRUST,C_330,Dermatology Service,"3,845","2,515",65.40%,12.6,32.7,8,-,2
Y58,REF,ROYAL CORNWALL HOSPITALS NHS TRUST,C_340,Respiratory Medicine Service,436,341,78.20%,6.4,38.2,9,-,1
Y58,REF,ROYAL CORNWALL HOSPITALS NHS TRUST,C_400,Neurology Service,"1,307",873,66.80%,11.9,38.8,37,1,11
Y58,REF,ROYAL CORNWALL HOSPITALS NHS TRUST,C_410,Rheumatology Service,630,563,89.40%,8.2,19.3,1,-,-
Y58,REF,ROYAL CORNWALL HOSPITALS NHS TRUST,C_430,Elderly Medicine Service,442,281,63.60%,12.1,30.3,7,-,2
Y58,REF,ROYAL CORNWALL HOSPITALS NHS TRUST,C_502,Gynaecology Service,"2,355","1,364",57.90%,14.4,39.9,65,1,16
Y58,REF,ROYAL CORNWALL HOSPITALS NHS TRUST,X02,Other - Medical Services,"5,664","4,217",74.50%,9.6,31.1,26,-,1
Y58,REF,ROYAL CORNWALL HOSPITALS NHS TRUST,X03,Other - Mental Health Services,-,-,-,-,-,-,-,-
Y58,REF,ROYAL CORNWALL HOSPITALS NHS TRUST,X04,Other - Paediatric Services,"1,145",715,62.40%,12.3,37.3,8,-,1
Y58,REF,ROYAL CORNWALL HOSPITALS NHS TRUST,X05,Other - Surgical Services,"2,261","1,502",66.40%,10.2,41.1,71,3,25
Y58,REF,ROYAL CORNWALL HOSPITALS NHS TRUST,X06,Other - Other Services,974,862,88.50%,4.8,25.5,2,-,-
Y58,RH5,SOMERSET NHS FOUNDATION TRUST,C_100,General Surgery Service,"1,985","1,344",67.70%,9.9,43.9,86,-,15
Y58,RH5,SOMERSET NHS FOUNDATION TRUST,C_101,Urology Service,"2,927","1,627",55.60%,14.7,47.6,165,1,43
Y58,RH5,SOMERSET NHS FOUNDATION TRUST,C_110,Trauma and Orthopaedic Service,"8,279","5,004",60.40%,13.2,52,662,36,241
Y58,RH5,SOMERSET NHS FOUNDATION TRUST,C_120,Ear Nose and Throat Service,"4,866","2,615",53.70%,16,44.3,196,2,43
Y58,RH5,SOMERSET NHS FOUNDATION TRUST,C_130,Ophthalmology Service,"5,328","3,035",57.00%,15,48.1,290,3,66
Y58,RH5,SOMERSET NHS FOUNDATION TRUST,C_140,Oral Surgery Service,"2,344","1,318",56.20%,14.7,42.7,78,-,23
Y58,RH5,SOMERSET NHS FOUNDATION TRUST,C_150,Neurosurgical Service,-,-,-,-,-,-,-,-
Y58,RH5,SOMERSET NHS FOUNDATION TRUST,C_160,Plastic Surgery Service,213,122,57.30%,15.8,51,17,-,2
Y58,RH5,SOMERSET NHS FOUNDATION TRUST,C_170,Cardiothoracic Surgery Service,31,15,48.40%,21.1,47.5,1,-,-
Y58,RH5,SOMERSET NHS FOUNDATION TRUST,C_300,General Internal Medicine Service,21,19,90.50%,7.5,19.3,-,-,-
Y58,RH5,SOMERSET NHS FOUNDATION TRUST,C_301,Gastroenterology Service,"2,024","1,261",62.30%,12.3,39.8,32,1,5
Y58,RH5,SOMERSET NHS FOUNDATION TRUST,C_320,Cardiology Service,"3,190","2,678",83.90%,8.2,23.5,2,-,2
Y58,RH5,SOMERSET NHS FOUNDATION TRUST,C_330,Dermatology Service,"1,903","1,642",86.30%,6.6,23.1,4,-,1
Y58,RH5,SOMERSET NHS FOUNDATION TRUST,C_340,Respiratory Medicine Service,"1,994","1,223",61.30%,14,34.2,3,-,-
Y58,RH5,SOMERSET NHS FOUNDATION TRUST,C_400,Neurology Service,"1,686","1,031",61.20%,13.9,35,5,-,-
Y58,RH5,SOMERSET NHS FOUNDATION TRUST,C_410,Rheumatology Service,"1,112",663,59.60%,13.9,41.3,21,1,1
Y58,RH5,SOMERSET NHS FOUNDATION TRUST,C_430,Elderly Medicine Service,548,449,81.90%,7.9,25,3,-,1
Y58,RH5,SOMERSET NHS FOUNDATION TRUST,C_502,Gynaecology Service,"3,671","2,285",62.20%,12.9,45,149,1,33
Y58,RH5,SOMERSET NHS FOUNDATION TRUST,X02,Other - Medical Services,"2,705","1,614",59.70%,12.8,54.5,244,2,95
Y58,RH5,SOMERSET NHS FOUNDATION TRUST,X03,Other - Mental Health Services,-,-,-,-,-,-,-,-
Y58,RH5,SOMERSET NHS FOUNDATION TRUST,X04,Other - Paediatric Services,"1,635","1,018",62.30%,11.8,41.8,18,-,3
Y58,RH5,SOMERSET NHS FOUNDATION TRUST,X05,Other - Surgical Services,"6,112","3,474",56.80%,14.4,52.1,492,14,148
Y58,RH5,SOMERSET NHS FOUNDATION TRUST,X06,Other - Other Services,"1,066",673,63.10%,11.1,45.6,49,-,3
Y58,RH8,ROYAL DEVON UNIVERSITY HEALTHCARE NHS FOUNDATION TRUST,C_100,General Surgery Service,"1,440",742,51.50%,17.5,48.3,73,7,19
Y58,RH8,ROYAL DEVON UNIVERSITY HEALTHCARE NHS FOUNDATION TRUST,C_101,Urology Service,"4,008","2,234",55.70%,15.4,52.3,322,34,125
Y58,RH8,ROYAL DEVON UNIVERSITY HEALTHCARE NHS FOUNDATION TRUST,C_110,Trauma and Orthopaedic Service,"10,500","4,829",46.00%,20,57.4,"1,138",87,430
Y58,RH8,ROYAL DEVON UNIVERSITY HEALTHCARE NHS FOUNDATION TRUST,C_120,Ear Nose and Throat Service,"4,482","2,174",48.50%,18.9,43.7,157,3,31
Y58,RH8,ROYAL DEVON UNIVERSITY HEALTHCARE NHS FOUNDATION TRUST,C_130,Ophthalmology Service,"8,283","4,959",59.90%,13.8,44.1,349,22,125
Y58,RH8,ROYAL DEVON UNIVERSITY HEALTHCARE NHS FOUNDATION TRUST,C_140,Oral Surgery Service,"3,247","1,813",55.80%,15.5,43.2,135,8,47
Y58,RH8,ROYAL DEVON UNIVERSITY HEALTHCARE NHS FOUNDATION TRUST,C_150,Neurosurgical Service,-,-,-,-,-,-,-,-
Y58,RH8,ROYAL DEVON UNIVERSITY HEALTHCARE NHS FOUNDATION TRUST,C_160,Plastic Surgery Service,"1,456",760,52.20%,16.6,34.3,26,3,8
Y58,RH8,ROYAL DEVON UNIVERSITY HEALTHCARE NHS FOUNDATION TRUST,C_170,Cardiothoracic Surgery Service,5,2,40.00%,-,-,-,-,-
Y58,RH8,ROYAL DEVON UNIVERSITY HEALTHCARE NHS FOUNDATION TRUST,C_300,General Internal Medicine Service,487,245,50.30%,17.8,43,3,-,-
Y58,RH8,ROYAL DEVON UNIVERSITY HEALTHCARE NHS FOUNDATION TRUST,C_301,Gastroenterology Service,"2,754","1,681",61.00%,12.5,49.6,198,20,79
Y58,RH8,ROYAL DEVON UNIVERSITY HEALTHCARE NHS FOUNDATION TRUST,C_320,Cardiology Service,"5,419","2,779",51.30%,17.4,51.8,429,41,165
Y58,RH8,ROYAL DEVON UNIVERSITY HEALTHCARE NHS FOUNDATION TRUST,C_330,Dermatology Service,"5,878","3,321",56.50%,14.8,47,355,15,110
Y58,RH8,ROYAL DEVON UNIVERSITY HEALTHCARE NHS FOUNDATION TRUST,C_340,Respiratory Medicine Service,"2,162","1,116",51.60%,17.1,46.1,109,4,33
Y58,RH8,ROYAL DEVON UNIVERSITY HEALTHCARE NHS FOUNDATION TRUST,C_400,Neurology Service,"2,038","1,094",53.70%,16.2,39.5,43,8,18
Y58,RH8,ROYAL DEVON UNIVERSITY HEALTHCARE NHS FOUNDATION TRUST,C_410,Rheumatology Service,565,459,81.20%,6.5,23.2,-,-,-
Y58,RH8,ROYAL DEVON UNIVERSITY HEALTHCARE NHS FOUNDATION TRUST,C_430,Elderly Medicine Service,354,266,75.10%,9.5,29.9,-,-,-
Y58,RH8,ROYAL DEVON UNIVERSITY HEALTHCARE NHS FOUNDATION TRUST,C_502,Gynaecology Service,"5,155","2,552",49.50%,18.2,54.2,460,37,164
Y58,RH8,ROYAL DEVON UNIVERSITY HEALTHCARE NHS FOUNDATION TRUST,X02,Other - Medical Services,"7,472","4,195",56.10%,15,39.3,212,15,66
Y58,RH8,ROYAL DEVON UNIVERSITY HEALTHCARE NHS FOUNDATION TRUST,X03,Other - Mental Health Services,-,-,-,-,-,-,-,-
Y58,RH8,ROYAL DEVON UNIVERSITY HEALTHCARE NHS FOUNDATION TRUST,X04,Other - Paediatric Services,"2,147",961,44.80%,20.6,48.9,137,15,44
Y58,RH8,ROYAL DEVON UNIVERSITY HEALTHCARE NHS FOUNDATION TRUST,X05,Other - Surgical Services,"7,964","4,123",51.80%,17.1,51.1,608,64,247
Y58,RH8,ROYAL DEVON UNIVERSITY HEALTHCARE NHS FOUNDATION TRUST,X06,Other - Other Services,207,185,89.40%,7.1,21.4,-,-,-
Y58,RJ8,CORNWALL PARTNERSHIP NHS FOUNDATION TRUST,C_100,General Surgery Service,-,-,-,-,-,-,-,-
Y58,RJ8,CORNWALL PARTNERSHIP NHS FOUNDATION TRUST,C_101,Urology Service,-,-,-,-,-,-,-,-
Y58,RJ8,CORNWALL PARTNERSHIP NHS FOUNDATION TRUST,C_110,Trauma and Orthopaedic Service,-,-,-,-,-,-,-,-
Y58,RJ8,CORNWALL PARTNERSHIP NHS FOUNDATION TRUST,C_120,Ear Nose and Throat Service,-,-,-,-,-,-,-,-
Y58,RJ8,CORNWALL PARTNERSHIP NHS FOUNDATION TRUST,C_130,Ophthalmology Service,-,-,-,-,-,-,-,-
Y58,RJ8,CORNWALL PARTNERSHIP NHS FOUNDATION TRUST,C_140,Oral Surgery Service,-,-,-,-,-,-,-,-
Y58,RJ8,CORNWALL PARTNERSHIP NHS FOUNDATION TRUST,C_150,Neurosurgical Service,-,-,-,-,-,-,-,-
Y58,RJ8,CORNWALL PARTNERSHIP NHS FOUNDATION TRUST,C_160,Plastic Surgery Service,-,-,-,-,-,-,-,-
Y58,RJ8,CORNWALL PARTNERSHIP NHS FOUNDATION TRUST,C_170,Cardiothoracic Surgery Service,-,-,-,-,-,-,-,-
Y58,RJ8,CORNWALL PARTNERSHIP NHS FOUNDATION TRUST,C_300,General Internal Medicine Service,-,-,-,-,-,-,-,-
Y58,RJ8,CORNWALL PARTNERSHIP NHS FOUNDATION TRUST,C_301,Gastroenterology Service,-,-,-,-,-,-,-,-
Y58,RJ8,CORNWALL PARTNERSHIP NHS FOUNDATION TRUST,C_320,Cardiology Service,-,-,-,-,-,-,-,-
Y58,RJ8,CORNWALL PARTNERSHIP NHS FOUNDATION TRUST,C_330,Dermatology Service,-,-,-,-,-,-,-,-
Y58,RJ8,CORNWALL PARTNERSHIP NHS FOUNDATION TRUST,C_340,Respiratory Medicine Service,-,-,-,-,-,-,-,-
Y58,RJ8,CORNWALL PARTNERSHIP NHS FOUNDATION TRUST,C_400,Neurology Service,-,-,-,-,-,-,-,-
Y58,RJ8,CORNWALL PARTNERSHIP NHS FOUNDATION TRUST,C_410,Rheumatology Service,-,-,-,-,-,-,-,-
Y58,RJ8,CORNWALL PARTNERSHIP NHS FOUNDATION TRUST,C_430,Elderly Medicine Service,-,-,-,-,-,-,-,-
Y58,RJ8,CORNWALL PARTNERSHIP NHS FOUNDATION TRUST,C_502,Gynaecology Service,-,-,-,-,-,-,-,-
Y58,RJ8,CORNWALL PARTNERSHIP NHS FOUNDATION TRUST,X02,Other - Medical Services,-,-,-,-,-,-,-,-
Y58,RJ8,CORNWALL PARTNERSHIP NHS FOUNDATION TRUST,X03,Other - Mental Health Services,-,-,-,-,-,-,-,-
Y58,RJ8,CORNWALL PARTNERSHIP NHS FOUNDATION TRUST,X04,Other - Paediatric Services,-,-,-,-,-,-,-,-
Y58,RJ8,CORNWALL PARTNERSHIP NHS FOUNDATION TRUST,X05,Other - Surgical Services,-,-,-,-,-,-,-,-
Y58,RJ8,CORNWALL PARTNERSHIP NHS FOUNDATION TRUST,X06,Other - Other Services,740,647,87.40%,8.7,20.2,-,-,-
Y58,RK9,UNIVERSITY HOSPITALS PLYMOUTH NHS TRUST,C_100,General Surgery Service,50,30,60.00%,13,39,-,-,-
Y58,RK9,UNIVERSITY HOSPITALS PLYMOUTH NHS TRUST,C_101,Urology Service,"2,835","1,669",58.90%,13.3,49.8,198,40,94
Y58,RK9,UNIVERSITY HOSPITALS PLYMOUTH NHS TRUST,C_110,Trauma and Orthopaedic Service,"3,578","1,483",41.40%,23.4,64.1,589,91,262
Y58,RK9,UNIVERSITY HOSPITALS PLYMOUTH NHS TRUST,C_120,Ear Nose and Throat Service,"3,724","2,029",54.50%,15.5,43.6,123,3,19
Y58,RK9,UNIVERSITY HOSPITALS PLYMOUTH NHS TRUST,C_130,Ophthalmology Service,"5,871","2,896",49.30%,18.2,49,370,14,106
Y58,RK9,UNIVERSITY HOSPITALS PLYMOUTH NHS TRUST,C_140,Oral Surgery Service,-,-,-,-,-,-,-,-
Y58,RK9,UNIVERSITY HOSPITALS PLYMOUTH NHS TRUST,C_150,Neurosurgical Service,"1,542",803,52.10%,16.7,50.4,108,17,38
Y58,RK9,UNIVERSITY HOSPITALS PLYMOUTH NHS TRUST,C_160,Plastic Surgery Service,"1,164",694,59.60%,11.4,42.9,30,1,2
Y58,RK9,UNIVERSITY HOSPITALS PLYMOUTH NHS TRUST,C_170,Cardiothoracic Surgery Service,577,199,34.50%,27,59.6,77,18,31
Y58,RK9,UNIVERSITY HOSPITALS PLYMOUTH NHS TRUST,C_300,General Internal Medicine Service,56,34,60.70%,12.3,40.5,-,-,-
Y58,RK9,UNIVERSITY HOSPITALS PLYMOUTH NHS TRUST,C_301,Gastroenterology Service,"1,633",994,60.90%,12.5,39.3,6,1,1
Y58,RK9,UNIVERSITY HOSPITALS PLYMOUTH NHS TRUST,C_320,Cardiology Service,"2,765","1,536",55.60%,15.6,43.5,100,16,42
Y58,RK9,UNIVERSITY HOSPITALS PLYMOUTH NHS TRUST,C_330,Dermatology Service,"1,888","1,399",74.10%,8.6,33.2,3,-,1
Y58,RK9,UNIVERSITY HOSPITALS PLYMOUTH NHS TRUST,C_340,Respiratory Medicine Service,"1,578",748,47.40%,18.6,41.9,42,3,5
Y58,RK9,UNIVERSITY HOSPITALS PLYMOUTH NHS TRUST,C_400,Neurology Service,"3,060","1,803",58.90%,13.4,40.9,31,1,4
Y58,RK9,UNIVERSITY HOSPITALS PLYMOUTH NHS TRUST,C_410,Rheumatology Service,404,317,78.50%,7.4,36.2,3,-,2
Y58,RK9,UNIVERSITY HOSPITALS PLYMOUTH NHS TRUST,C_430,Elderly Medicine Service,33,14,42.40%,20.3,38.4,-,-,-
Y58,RK9,UNIVERSITY HOSPITALS PLYMOUTH NHS TRUST,C_502,Gynaecology Service,"3,324","1,586",47.70%,18.8,48.9,204,6,38
Y58,RK9,UNIVERSITY HOSPITALS PLYMOUTH NHS TRUST,X02,Other - Medical Services,"4,291","2,781",64.80%,11.3,35.8,19,3,6
Y58,RK9,UNIVERSITY HOSPITALS PLYMOUTH NHS TRUST,X03,Other - Mental Health Services,64,62,96.90%,3,12.9,-,-,-
Y58,RK9,UNIVERSITY HOSPITALS PLYMOUTH NHS TRUST,X04,Other - Paediatric Services,"2,197","1,123",51.10%,17.1,40.2,3,-,-
Y58,RK9,UNIVERSITY HOSPITALS PLYMOUTH NHS TRUST,X05,Other - Surgical Services,"6,498","3,492",53.70%,15.7,46.4,296,9,73
Y58,RK9,UNIVERSITY HOSPITALS PLYMOUTH NHS TRUST,X06,Other - Other Services,475,423,89.10%,5.7,22,4,-,2
Y58,RN3,GREAT WESTERN HOSPITALS NHS FOUNDATION TRUST,C_100,General Surgery Service,"5,404","3,139",58.10%,14.7,46.4,234,1,23
Y58,RN3,GREAT WESTERN HOSPITALS NHS FOUNDATION TRUST,C_101,Urology Service,"2,246","1,257",56.00%,15,49.1,127,-,34
Y58,RN3,GREAT WESTERN HOSPITALS NHS FOUNDATION TRUST,C_110,Trauma and Orthopaedic Service,"3,768","2,034",54.00%,16.3,45.4,144,-,25
Y58,RN3,GREAT WESTERN HOSPITALS NHS FOUNDATION TRUST,C_120,Ear Nose and Throat Service,"3,291","1,498",45.50%,20,42.7,89,-,17
Y58,RN3,GREAT WESTERN HOSPITALS NHS FOUNDATION TRUST,C_130,Ophthalmology Service,"2,015","1,221",60.60%,13.9,37.7,19,-,1
Y58,RN3,GREAT WESTERN HOSPITALS NHS FOUNDATION TRUST,C_140,Oral Surgery Service,"2,542","1,187",46.70%,19.4,45.5,109,-,29
Y58,RN3,GREAT WESTERN HOSPITALS NHS FOUNDATION TRUST,C_150,Neurosurgical Service,-,-,-,-,-,-,-,-
Y58,RN3,GREAT WESTERN HOSPITALS NHS FOUNDATION TRUST,C_160,Plastic Surgery Service,533,289,54.20%,16.4,44.7,23,-,3
Y58,RN3,GREAT WESTERN HOSPITALS NHS FOUNDATION TRUST,C_170,Cardiothoracic Surgery Service,-,-,-,-,-,-,-,-
Y58,RN3,GREAT WESTERN HOSPITALS NHS FOUNDATION TRUST,C_300,General Internal Medicine Service,1,1,100.00%,-,-,-,-,-
Y58,RN3,GREAT WESTERN HOSPITALS NHS FOUNDATION TRUST,C_301,Gastroenterology Service,"4,229","2,067",48.90%,18.4,51.2,314,2,86
Y58,RN3,GREAT WESTERN HOSPITALS NHS FOUNDATION TRUST,C_320,Cardiology Service,"1,547",776,50.20%,17.9,42,22,-,3
Y58,RN3,GREAT WESTERN HOSPITALS NHS FOUNDATION TRUST,C_330,Dermatology Service,"2,732","1,780",65.20%,12.2,36.1,90,-,34
Y58,RN3,GREAT WESTERN HOSPITALS NHS FOUNDATION TRUST,C_340,Respiratory Medicine Service,"1,020",413,40.50%,24.4,59.2,157,-,25
Y58,RN3,GREAT WESTERN HOSPITALS NHS FOUNDATION TRUST,C_400,Neurology Service,"1,678",791,47.10%,19.6,42.5,53,-,9
Y58,RN3,GREAT WESTERN HOSPITALS NHS FOUNDATION TRUST,C_410,Rheumatology Service,200,165,82.50%,4.7,25,-,-,-
Y58,RN3,GREAT WESTERN HOSPITALS NHS FOUNDATION TRUST,C_430,Elderly Medicine Service,143,119,83.20%,9.7,19.9,-,-,-
Y58,RN3,GREAT WESTERN HOSPITALS NHS FOUNDATION TRUST,C_502,Gynaecology Service,"2,671","1,373",51.40%,17.1,46.3,127,-,24
Y58,RN3,GREAT WESTERN HOSPITALS NHS FOUNDATION TRUST,X02,Other - Medical Services,"1,615",921,57.00%,14.7,43.3,41,-,4
Y58,RN3,GREAT WESTERN HOSPITALS NHS FOUNDATION TRUST,X03,Other - Mental Health Services,-,-,-,-,-,-,-,-
Y58,RN3,GREAT WESTERN HOSPITALS NHS FOUNDATION TRUST,X04,Other - Paediatric Services,"1,540",658,42.70%,22.4,49.6,93,1,24
Y58,RN3,GREAT WESTERN HOSPITALS NHS FOUNDATION TRUST,X05,Other - Surgical Services,463,401,86.60%,3.9,30.5,9,-,-
Y58,RN3,GREAT WESTERN HOSPITALS NHS FOUNDATION TRUST,X06,Other - Other Services,696,570,81.90%,8.2,29.1,2,-,2
Y58,RNZ,SALISBURY NHS FOUNDATION TRUST,C_100,General Surgery Service,"1,356",644,47.50%,18.9,47.6,74,2,15
Y58,RNZ,SALISBURY NHS FOUNDATION TRUST,C_101,Urology Service,"2,093","1,062",50.70%,17.6,47.5,97,-,18
Y58,RNZ,SALISBURY NHS FOUNDATION TRUST,C_110,Trauma and Orthopaedic Service,"2,107","1,231",58.40%,14.8,36.6,19,-,6
Y58,RNZ,SALISBURY NHS FOUNDATION TRUST,C_120,Ear Nose and Throat Service,"2,698","1,337",49.60%,18.2,44.1,66,3,17
Y58,RNZ,SALISBURY NHS FOUNDATION TRUST,C_130,Ophthalmology Service,"2,107","1,363",64.70%,13.2,35.4,3,-,1
Y58,RNZ,SALISBURY NHS FOUNDATION TRUST,C_140,Oral Surgery Service,"2,857","1,198",41.90%,21.8,49.7,179,-,14
Y58,RNZ,SALISBURY NHS FOUNDATION TRUST,C_150,Neurosurgical Service,-,-,-,-,-,-,-,-
Y58,RNZ,SALISBURY NHS FOUNDATION TRUST,C_160,Plastic Surgery Service,"2,537","1,356",53.40%,16.2,56,224,26,102
Y58,RNZ,SALISBURY NHS FOUNDATION TRUST,C_170,Cardiothoracic Surgery Service,-,-,-,-,-,-,-,-
Y58,RNZ,SALISBURY NHS FOUNDATION TRUST,C_300,General Internal Medicine Service,14,3,21.40%,-,-,-,-,-
Y58,RNZ,SALISBURY NHS FOUNDATION TRUST,C_301,Gastroenterology Service,"1,339",697,52.10%,17.1,46.1,35,-,2
Y58,RNZ,SALISBURY NHS FOUNDATION TRUST,C_320,Cardiology Service,"1,724","1,089",63.20%,12.4,39.9,22,-,1
Y58,RNZ,SALISBURY NHS FOUNDATION TRUST,C_330,Dermatology Service,823,454,55.20%,14.8,43.7,17,-,6
Y58,RNZ,SALISBURY NHS FOUNDATION TRUST,C_340,Respiratory Medicine Service,918,505,55.00%,15.2,58.1,110,-,39
Y58,RNZ,SALISBURY NHS FOUNDATION TRUST,C_400,Neurology Service,-,-,-,-,-,-,-,-
Y58,RNZ,SALISBURY NHS FOUNDATION TRUST,C_410,Rheumatology Service,518,278,53.70%,16.3,40.2,6,1,1
Y58,RNZ,SALISBURY NHS FOUNDATION TRUST,C_430,Elderly Medicine Service,191,154,80.60%,9.9,23.7,-,-,-
Y58,RNZ,SALISBURY NHS FOUNDATION TRUST,C_502,Gynaecology Service,"2,652","1,279",48.20%,18.9,45.2,90,-,19
Y58,RNZ,SALISBURY NHS FOUNDATION TRUST,X02,Other - Medical Services,"2,334","1,725",73.90%,11.1,31.4,13,-,3
Y58,RNZ,SALISBURY NHS FOUNDATION TRUST,X03,Other - Mental Health Services,43,33,76.70%,14.8,26.6,-,-,-
Y58,RNZ,SALISBURY NHS FOUNDATION TRUST,X04,Other - Paediatric Services,200,144,72.00%,10.1,30,3,-,2
Y58,RNZ,SALISBURY NHS FOUNDATION TRUST,X05,Other - Surgical Services,"2,059","1,295",62.90%,11.8,41.8,42,-,8
Y58,RNZ,SALISBURY NHS FOUNDATION TRUST,X06,Other - Other Services,679,419,61.70%,13.2,45.2,21,1,1
Y58,RTE,GLOUCESTERSHIRE HOSPITALS NHS FOUNDATION TRUST,C_100,General Surgery Service,69,64,92.80%,7.9,17.9,3,-,-
Y58,RTE,GLOUCESTERSHIRE HOSPITALS NHS FOUNDATION TRUST,C_101,Urology Service,"3,791","3,105",81.90%,9.2,30.6,67,-,12
Y58,RTE,GLOUCESTERSHIRE HOSPITALS NHS FOUNDATION TRUST,C_110,Trauma and Orthopaedic Service,"8,374","4,577",54.70%,16,45.1,307,-,22
Y58,RTE,GLOUCESTERSHIRE HOSPITALS NHS FOUNDATION TRUST,C_120,Ear Nose and Throat Service,"7,570","3,116",41.20%,22.8,54,681,4,179
Y58,RTE,GLOUCESTERSHIRE HOSPITALS NHS FOUNDATION TRUST,C_130,Ophthalmology Service,"4,465","2,984",66.80%,12.7,37.5,13,-,1
Y58,RTE,GLOUCESTERSHIRE HOSPITALS NHS FOUNDATION TRUST,C_140,Oral Surgery Service,"5,929","1,821",30.70%,31.3,63.5,"1,206",5,396
Y58,RTE,GLOUCESTERSHIRE HOSPITALS NHS FOUNDATION TRUST,C_150,Neurosurgical Service,-,-,-,-,-,-,-,-
Y58,RTE,GLOUCESTERSHIRE HOSPITALS NHS FOUNDATION TRUST,C_160,Plastic Surgery Service,-,-,-,-,-,-,-,-
Y58,RTE,GLOUCESTERSHIRE HOSPITALS NHS FOUNDATION TRUST,C_170,Cardiothoracic Surgery Service,34,34,100.00%,10,15.1,-,-,-
Y58,RTE,GLOUCESTERSHIRE HOSPITALS NHS FOUNDATION TRUST,C_300,General Internal Medicine Service,275,246,89.50%,8.7,18.8,-,-,-
Y58,RTE,GLOUCESTERSHIRE HOSPITALS NHS FOUNDATION TRUST,C_301,Gastroenterology Service,"4,574","3,662",80.10%,9.9,31.1,39,-,9
Y58,RTE,GLOUCESTERSHIRE HOSPITALS NHS FOUNDATION TRUST,C_320,Cardiology Service,"7,894","5,787",73.30%,11.3,39.3,172,1,30
Y58,RTE,GLOUCESTERSHIRE HOSPITALS NHS FOUNDATION TRUST,C_330,Dermatology Service,"4,513","3,064",67.90%,11.8,30.9,7,-,-
Y58,RTE,GLOUCESTERSHIRE HOSPITALS NHS FOUNDATION TRUST,C_340,Respiratory Medicine Service,"1,345",931,69.20%,12.4,33.3,2,-,-
Y58,RTE,GLOUCESTERSHIRE HOSPITALS NHS FOUNDATION TRUST,C_400,Neurology Service,"2,530","1,371",54.20%,16.1,44.7,103,-,15
Y58,RTE,GLOUCESTERSHIRE HOSPITALS NHS FOUNDATION TRUST,C_410,Rheumatology Service,"1,156",708,61.20%,13.8,35.9,6,-,-
Y58,RTE,GLOUCESTERSHIRE HOSPITALS NHS FOUNDATION TRUST,C_430,Elderly Medicine Service,257,212,82.50%,10.3,23.1,1,-,-
Y58,RTE,GLOUCESTERSHIRE HOSPITALS NHS FOUNDATION TRUST,C_502,Gynaecology Service,"3,178","2,104",66.20%,12.3,34.9,24,-,2
Y58,RTE,GLOUCESTERSHIRE HOSPITALS NHS FOUNDATION TRUST,X02,Other - Medical Services,"8,382","7,082",84.50%,7.7,26.6,35,-,12
Y58,RTE,GLOUCESTERSHIRE HOSPITALS NHS FOUNDATION TRUST,X03,Other - Mental Health Services,-,-,-,-,-,-,-,-
Y58,RTE,GLOUCESTERSHIRE HOSPITALS NHS FOUNDATION TRUST,X04,Other - Paediatric Services,"1,303",810,62.20%,13.7,36.4,26,-,3
Y58,RTE,GLOUCESTERSHIRE HOSPITALS NHS FOUNDATION TRUST,X05,Other - Surgical Services,"8,012","5,487",68.50%,11.6,42.7,316,2,81
Y58,RTE,GLOUCESTERSHIRE HOSPITALS NHS FOUNDATION TRUST,X06,Other - Other Services,851,821,96.50%,7.7,16.7,2,-,-
Y58,RVJ,NORTH BRISTOL NHS TRUST,C_100,General Surgery Service,"1,030",432,41.90%,22.7,55.5,113,1,29
Y58,RVJ,NORTH BRISTOL NHS TRUST,C_101,Urology Service,"7,260","4,471",61.60%,13.7,43.9,292,7,64
Y58,RVJ,NORTH BRISTOL NHS TRUST,C_110,Trauma and Orthopaedic Service,"6,183","3,118",50.40%,17.8,50.1,417,15,106
Y58,RVJ,NORTH BRISTOL NHS TRUST,C_120,Ear Nose and Throat Service,-,-,-,-,-,-,-,-
Y58,RVJ,NORTH BRISTOL NHS TRUST,C_130,Ophthalmology Service,-,-,-,-,-,-,-,-
Y58,RVJ,NORTH BRISTOL NHS TRUST,C_140,Oral Surgery Service,-,-,-,-,-,-,-,-
Y58,RVJ,NORTH BRISTOL NHS TRUST,C_150,Neurosurgical Service,"1,391",949,68.20%,11.7,38.6,21,-,1
Y58,RVJ,NORTH BRISTOL NHS TRUST,C_160,Plastic Surgery Service,"3,299","1,972",59.80%,12.8,49.7,214,23,77
Y58,RVJ,NORTH BRISTOL NHS TRUST,C_170,Cardiothoracic Surgery Service,31,31,100.00%,4.2,10.3,-,-,-
Y58,RVJ,NORTH BRISTOL NHS TRUST,C_300,General Internal Medicine Service,-,-,-,-,-,-,-,-
Y58,RVJ,NORTH BRISTOL NHS TRUST,C_301,Gastroenterology Service,911,644,70.70%,10.9,29,2,-,-
Y58,RVJ,NORTH BRISTOL NHS TRUST,C_320,Cardiology Service,"1,689","1,035",61.30%,10.9,37.8,3,-,-
Y58,RVJ,NORTH BRISTOL NHS TRUST,C_330,Dermatology Service,"2,610","1,295",49.60%,18.4,41.6,32,-,3
Y58,RVJ,NORTH BRISTOL NHS TRUST,C_340,Respiratory Medicine Service,781,723,92.60%,6.7,17.6,-,-,-
Y58,RVJ,NORTH BRISTOL NHS TRUST,C_400,Neurology Service,"4,130","2,657",64.30%,13,35.4,57,1,7
Y58,RVJ,NORTH BRISTOL NHS TRUST,C_410,Rheumatology Service,624,504,80.80%,9.4,27.2,2,-,-
Y58,RVJ,NORTH BRISTOL NHS TRUST,C_430,Elderly Medicine Service,210,174,82.90%,7.6,22.4,-,-,-
Y58,RVJ,NORTH BRISTOL NHS TRUST,C_502,Gynaecology Service,"5,536","3,029",54.70%,15.6,46.7,272,-,54
Y58,RVJ,NORTH BRISTOL NHS TRUST,X02,Other - Medical Services,"6,108","3,627",59.40%,13.7,41.2,108,-,8
Y58,RVJ,NORTH BRISTOL NHS TRUST,X03,Other - Mental Health Services,-,-,-,-,-,-,-,-
Y58,RVJ,NORTH BRISTOL NHS TRUST,X04,Other - Paediatric Services,22,22,100.00%,1.9,9.4,-,-,-
Y58,RVJ,NORTH BRISTOL NHS TRUST,X05,Other - Surgical Services,"5,248","3,563",67.90%,10.2,40.8,152,3,39
Y58,RVJ,NORTH BRISTOL NHS TRUST,X06,Other - Other Services,182,165,90.70%,6.7,19.1,-,-,-
Y59,R1C,SOLENT NHS TRUST,C_100,General Surgery Service,-,-,-,-,-,-,-,-
Y59,R1C,SOLENT NHS TRUST,C_101,Urology Service,-,-,-,-,-,-,-,-
Y59,R1C,SOLENT NHS TRUST,C_110,Trauma and Orthopaedic Service,-,-,-,-,-,-,-,-
Y59,R1C,SOLENT NHS TRUST,C_120,Ear Nose and Throat Service,-,-,-,-,-,-,-,-
Y59,R1C,SOLENT NHS TRUST,C_130,Ophthalmology Service,-,-,-,-,-,-,-,-
Y59,R1C,SOLENT NHS TRUST,C_140,Oral Surgery Service,-,-,-,-,-,-,-,-
Y59,R1C,SOLENT NHS TRUST,C_150,Neurosurgical Service,-,-,-,-,-,-,-,-
Y59,R1C,SOLENT NHS TRUST,C_160,Plastic Surgery Service,-,-,-,-,-,-,-,-
Y59,R1C,SOLENT NHS TRUST,C_170,Cardiothoracic Surgery Service,-,-,-,-,-,-,-,-
Y59,R1C,SOLENT NHS TRUST,C_300,General Internal Medicine Service,-,-,-,-,-,-,-,-
Y59,R1C,SOLENT NHS TRUST,C_301,Gastroenterology Service,-,-,-,-,-,-,-,-
Y59,R1C,SOLENT NHS TRUST,C_320,Cardiology Service,-,-,-,-,-,-,-,-
Y59,R1C,SOLENT NHS TRUST,C_330,Dermatology Service,-,-,-,-,-,-,-,-
Y59,R1C,SOLENT NHS TRUST,C_340,Respiratory Medicine Service,-,-,-,-,-,-,-,-
Y59,R1C,SOLENT NHS TRUST,C_400,Neurology Service,-,-,-,-,-,-,-,-
Y59,R1C,SOLENT NHS TRUST,C_410,Rheumatology Service,-,-,-,-,-,-,-,-
Y59,R1C,SOLENT NHS TRUST,C_430,Elderly Medicine Service,-,-,-,-,-,-,-,-
Y59,R1C,SOLENT NHS TRUST,C_502,Gynaecology Service,-,-,-,-,-,-,-,-
Y59,R1C,SOLENT NHS TRUST,X02,Other - Medical Services,303,303,100.00%,6.8,13.7,-,-,-
Y59,R1C,SOLENT NHS TRUST,X03,Other - Mental Health Services,316,314,99.40%,6.3,15.3,-,-,-
Y59,R1C,SOLENT NHS TRUST,X04,Other - Paediatric Services,838,481,57.40%,15.2,36.3,1,-,-
Y59,R1C,SOLENT NHS TRUST,X05,Other - Surgical Services,-,-,-,-,-,-,-,-
Y59,R1C,SOLENT NHS TRUST,X06,Other - Other Services,22,20,90.90%,3,23.2,-,-,-
Y59,R1F,ISLE OF WIGHT NHS TRUST,C_100,General Surgery Service,"1,119",476,42.50%,22.1,59.6,159,2,46
Y59,R1F,ISLE OF WIGHT NHS TRUST,C_101,Urology Service,822,611,74.30%,10,29.8,4,-,-
Y59,R1F,ISLE OF WIGHT NHS TRUST,C_110,Trauma and Orthopaedic Service,"2,437","1,086",44.60%,20.2,55.9,242,2,74
Y59,R1F,ISLE OF WIGHT NHS TRUST,C_120,Ear Nose and Throat Service,"1,229",393,32.00%,24,36.9,4,-,-
Y59,R1F,ISLE OF WIGHT NHS TRUST,C_130,Ophthalmology Service,"2,659","1,309",49.20%,18.4,44.9,62,-,5
Y59,R1F,ISLE OF WIGHT NHS TRUST,C_140,Oral Surgery Service,450,227,50.40%,17.3,39.5,4,-,-
Y59,R1F,ISLE OF WIGHT NHS TRUST,C_150,Neurosurgical Service,-,-,-,-,-,-,-,-
Y59,R1F,ISLE OF WIGHT NHS TRUST,C_160,Plastic Surgery Service,-,-,-,-,-,-,-,-
Y59,R1F,ISLE OF WIGHT NHS TRUST,C_170,Cardiothoracic Surgery Service,-,-,-,-,-,-,-,-
Y59,R1F,ISLE OF WIGHT NHS TRUST,C_300,General Internal Medicine Service,2,1,50.00%,-,-,-,-,-
Y59,R1F,ISLE OF WIGHT NHS TRUST,C_301,Gastroenterology Service,548,367,67.00%,12.1,29.9,7,-,1
Y59,R1F,ISLE OF WIGHT NHS TRUST,C_320,Cardiology Service,"1,031",301,29.20%,27.2,54.6,99,1,18
Y59,R1F,ISLE OF WIGHT NHS TRUST,C_330,Dermatology Service,843,767,91.00%,7.9,18.4,1,-,-
Y59,R1F,ISLE OF WIGHT NHS TRUST,C_340,Respiratory Medicine Service,425,161,37.90%,23.3,51.7,33,-,1
Y59,R1F,ISLE OF WIGHT NHS TRUST,C_400,Neurology Service,-,-,-,-,-,-,-,-
Y59,R1F,ISLE OF WIGHT NHS TRUST,C_410,Rheumatology Service,178,167,93.80%,6.4,14.4,2,-,-
Y59,R1F,ISLE OF WIGHT NHS TRUST,C_430,Elderly Medicine Service,89,70,78.70%,10.6,27.9,-,-,-
Y59,R1F,ISLE OF WIGHT NHS TRUST,C_502,Gynaecology Service,"1,117",548,49.10%,18.6,41.9,18,-,1
Y59,R1F,ISLE OF WIGHT NHS TRUST,X02,Other - Medical Services,525,249,47.40%,19.7,44.9,15,-,-
Y59,R1F,ISLE OF WIGHT NHS TRUST,X03,Other - Mental Health Services,"1,503",925,61.50%,13.1,47.1,94,1,24
Y59,R1F,ISLE OF WIGHT NHS TRUST,X04,Other - Paediatric Services,-,-,-,-,-,-,-,-
Y59,R1F,ISLE OF WIGHT NHS TRUST,X05,Other - Surgical Services,884,574,64.90%,13.3,34.3,-,-,-
Y59,R1F,ISLE OF WIGHT NHS TRUST,X06,Other - Other Services,77,38,49.40%,20.5,43.4,-,-,-
Y59,RA2,ROYAL SURREY COUNTY HOSPITAL NHS FOUNDATION TRUST,C_100,General Surgery Service,"4,093","2,316",56.60%,15.7,40.9,160,7,47
Y59,RA2,ROYAL SURREY COUNTY HOSPITAL NHS FOUNDATION TRUST,C_101,Urology Service,"2,786","1,739",62.40%,13.2,43.6,144,4,45
Y59,RA2,ROYAL SURREY COUNTY HOSPITAL NHS FOUNDATION TRUST,C_110,Trauma and Orthopaedic Service,"6,117","2,947",48.20%,18.8,51,458,48,182
Y59,RA2,ROYAL SURREY COUNTY HOSPITAL NHS FOUNDATION TRUST,C_120,Ear Nose and Throat Service,"3,796","1,717",45.20%,20.1,49.1,228,12,66
Y59,RA2,ROYAL SURREY COUNTY HOSPITAL NHS FOUNDATION TRUST,C_130,Ophthalmology Service,"2,582","1,706",66.10%,12.7,33.7,38,4,18
Y59,RA2,ROYAL SURREY COUNTY HOSPITAL NHS FOUNDATION TRUST,C_140,Oral Surgery Service,"4,800","1,854",38.60%,24.4,60.1,779,15,228
Y59,RA2,ROYAL SURREY COUNTY HOSPITAL NHS FOUNDATION TRUST,C_150,Neurosurgical Service,-,-,-,-,-,-,-,-
Y59,RA2,ROYAL SURREY COUNTY HOSPITAL NHS FOUNDATION TRUST,C_160,Plastic Surgery Service,294,197,67.00%,13.3,33.6,4,-,2
Y59,RA2,ROYAL SURREY COUNTY HOSPITAL NHS FOUNDATION TRUST,C_170,Cardiothoracic Surgery Service,41,20,48.80%,18.5,34.7,2,1,1
Y59,RA2,ROYAL SURREY COUNTY HOSPITAL NHS FOUNDATION TRUST,C_300,General Internal Medicine Service,55,18,32.70%,21.8,28.5,-,-,-
Y59,RA2,ROYAL SURREY COUNTY HOSPITAL NHS FOUNDATION TRUST,C_301,Gastroenterology Service,"1,199",734,61.20%,14.8,36.1,18,2,8
Y59,RA2,ROYAL SURREY COUNTY HOSPITAL NHS FOUNDATION TRUST,C_320,Cardiology Service,"1,991","1,037",52.10%,16.9,46.4,118,14,48
Y59,RA2,ROYAL SURREY COUNTY HOSPITAL NHS FOUNDATION TRUST,C_330,Dermatology Service,1,1,100.00%,-,-,-,-,-
Y59,RA2,ROYAL SURREY COUNTY HOSPITAL NHS FOUNDATION TRUST,C_340,Respiratory Medicine Service,"1,469",708,48.20%,18.7,40.2,27,-,4
Y59,RA2,ROYAL SURREY COUNTY HOSPITAL NHS FOUNDATION TRUST,C_400,Neurology Service,948,433,45.70%,19.7,50,68,-,12
Y59,RA2,ROYAL SURREY COUNTY HOSPITAL NHS FOUNDATION TRUST,C_410,Rheumatology Service,438,308,70.30%,10.3,31,1,-,-
Y59,RA2,ROYAL SURREY COUNTY HOSPITAL NHS FOUNDATION TRUST,C_430,Elderly Medicine Service,179,76,42.50%,19.4,33.2,2,1,2
Y59,RA2,ROYAL SURREY COUNTY HOSPITAL NHS FOUNDATION TRUST,C_502,Gynaecology Service,"2,387","1,377",57.70%,15.1,41.6,83,7,19
Y59,RA2,ROYAL SURREY COUNTY HOSPITAL NHS FOUNDATION TRUST,X02,Other - Medical Services,"4,404","2,962",67.30%,12.5,32.8,55,2,23
Y59,RA2,ROYAL SURREY COUNTY HOSPITAL NHS FOUNDATION TRUST,X03,Other - Mental Health Services,2,2,100.00%,-,-,-,-,-
Y59,RA2,ROYAL SURREY COUNTY HOSPITAL NHS FOUNDATION TRUST,X04,Other - Paediatric Services,652,518,79.40%,10,24.6,1,-,-
Y59,RA2,ROYAL SURREY COUNTY HOSPITAL NHS FOUNDATION TRUST,X05,Other - Surgical Services,"1,815","1,004",55.30%,15.5,39.9,50,1,12
Y59,RA2,ROYAL SURREY COUNTY HOSPITAL NHS FOUNDATION TRUST,X06,Other - Other Services,"1,988","1,370",68.90%,11.1,31.1,15,2,11
Y59,RDR,SUSSEX COMMUNITY NHS FOUNDATION TRUST,C_100,General Surgery Service,-,-,-,-,-,-,-,-
Y59,RDR,SUSSEX COMMUNITY NHS FOUNDATION TRUST,C_101,Urology Service,-,-,-,-,-,-,-,-
Y59,RDR,SUSSEX COMMUNITY NHS FOUNDATION TRUST,C_110,Trauma and Orthopaedic Service,"4,872","3,577",73.40%,10.1,25.8,-,-,-
Y59,RDR,SUSSEX COMMUNITY NHS FOUNDATION TRUST,C_120,Ear Nose and Throat Service,-,-,-,-,-,-,-,-
Y59,RDR,SUSSEX COMMUNITY NHS FOUNDATION TRUST,C_130,Ophthalmology Service,-,-,-,-,-,-,-,-
Y59,RDR,SUSSEX COMMUNITY NHS FOUNDATION TRUST,C_140,Oral Surgery Service,-,-,-,-,-,-,-,-
Y59,RDR,SUSSEX COMMUNITY NHS FOUNDATION TRUST,C_150,Neurosurgical Service,-,-,-,-,-,-,-,-
Y59,RDR,SUSSEX COMMUNITY NHS FOUNDATION TRUST,C_160,Plastic Surgery Service,-,-,-,-,-,-,-,-
Y59,RDR,SUSSEX COMMUNITY NHS FOUNDATION TRUST,C_170,Cardiothoracic Surgery Service,-,-,-,-,-,-,-,-
Y59,RDR,SUSSEX COMMUNITY NHS FOUNDATION TRUST,C_300,General Internal Medicine Service,249,231,92.80%,4.8,16.9,-,-,-
Y59,RDR,SUSSEX COMMUNITY NHS FOUNDATION TRUST,C_301,Gastroenterology Service,-,-,-,-,-,-,-,-
Y59,RDR,SUSSEX COMMUNITY NHS FOUNDATION TRUST,C_320,Cardiology Service,-,-,-,-,-,-,-,-
Y59,RDR,SUSSEX COMMUNITY NHS FOUNDATION TRUST,C_330,Dermatology Service,-,-,-,-,-,-,-,-
Y59,RDR,SUSSEX COMMUNITY NHS FOUNDATION TRUST,C_340,Respiratory Medicine Service,-,-,-,-,-,-,-,-
Y59,RDR,SUSSEX COMMUNITY NHS FOUNDATION TRUST,C_400,Neurology Service,-,-,-,-,-,-,-,-
Y59,RDR,SUSSEX COMMUNITY NHS FOUNDATION TRUST,C_410,Rheumatology Service,102,102,100.00%,3.9,10,-,-,-
Y59,RDR,SUSSEX COMMUNITY NHS FOUNDATION TRUST,C_430,Elderly Medicine Service,-,-,-,-,-,-,-,-
Y59,RDR,SUSSEX COMMUNITY NHS FOUNDATION TRUST,C_502,Gynaecology Service,-,-,-,-,-,-,-,-
Y59,RDR,SUSSEX COMMUNITY NHS FOUNDATION TRUST,X02,Other - Medical Services,71,60,84.50%,7.4,22.2,-,-,-
Y59,RDR,SUSSEX COMMUNITY NHS FOUNDATION TRUST,X03,Other - Mental Health Services,-,-,-,-,-,-,-,-
Y59,RDR,SUSSEX COMMUNITY NHS FOUNDATION TRUST,X04,Other - Paediatric Services,"1,172",820,70.00%,10.8,26,-,-,-
Y59,RDR,SUSSEX COMMUNITY NHS FOUNDATION TRUST,X05,Other - Surgical Services,110,102,92.70%,6.1,16.2,-,-,-
Y59,RDR,SUSSEX COMMUNITY NHS FOUNDATION TRUST,X06,Other - Other Services,-,-,-,-,-,-,-,-
Y59,RDU,FRIMLEY HEALTH NHS FOUNDATION TRUST,C_100,General Surgery Service,"2,787","1,483",53.20%,16.3,43.4,137,3,28
Y59,RDU,FRIMLEY HEALTH NHS FOUNDATION TRUST,C_101,Urology Service,"5,458","2,565",47.00%,19.8,51.4,410,7,54
Y59,RDU,FRIMLEY HEALTH NHS FOUNDATION TRUST,C_110,Trauma and Orthopaedic Service,"12,397","6,011",48.50%,18.7,44.4,391,12,61
Y59,RDU,FRIMLEY HEALTH NHS FOUNDATION TRUST,C_120,Ear Nose and Throat Service,"7,483","3,154",42.10%,21.6,47.5,384,4,57
Y59,RDU,FRIMLEY HEALTH NHS FOUNDATION TRUST,C_130,Ophthalmology Service,"4,995","3,139",62.80%,12.3,41.1,36,1,5
Y59,RDU,FRIMLEY HEALTH NHS FOUNDATION TRUST,C_140,Oral Surgery Service,"3,516","1,211",34.40%,27.4,51.8,275,2,26
Y59,RDU,FRIMLEY HEALTH NHS FOUNDATION TRUST,C_150,Neurosurgical Service,-,-,-,-,-,-,-,-
Y59,RDU,FRIMLEY HEALTH NHS FOUNDATION TRUST,C_160,Plastic Surgery Service,"1,867",937,50.20%,17.9,50.4,131,1,20
Y59,RDU,FRIMLEY HEALTH NHS FOUNDATION TRUST,C_170,Cardiothoracic Surgery Service,-,-,-,-,-,-,-,-
Y59,RDU,FRIMLEY HEALTH NHS FOUNDATION TRUST,C_300,General Internal Medicine Service,29,20,69.00%,5.6,40.7,-,-,-
Y59,RDU,FRIMLEY HEALTH NHS FOUNDATION TRUST,C_301,Gastroenterology Service,"2,465","1,461",59.30%,13.2,41.2,51,-,6
Y59,RDU,FRIMLEY HEALTH NHS FOUNDATION TRUST,C_320,Cardiology Service,"4,961","2,703",54.50%,15.9,39.9,109,4,23
Y59,RDU,FRIMLEY HEALTH NHS FOUNDATION TRUST,C_330,Dermatology Service,"4,219","2,035",48.20%,18.8,44.4,116,1,4
Y59,RDU,FRIMLEY HEALTH NHS FOUNDATION TRUST,C_340,Respiratory Medicine Service,"2,946","1,596",54.20%,15.9,41.4,20,-,3
Y59,RDU,FRIMLEY HEALTH NHS FOUNDATION TRUST,C_400,Neurology Service,"4,762","1,709",35.90%,27,56.7,625,-,28
Y59,RDU,FRIMLEY HEALTH NHS FOUNDATION TRUST,C_410,Rheumatology Service,991,738,74.50%,11.5,27.9,1,-,-
Y59,RDU,FRIMLEY HEALTH NHS FOUNDATION TRUST,C_430,Elderly Medicine Service,23,23,100.00%,6.5,16.2,-,-,-
Y59,RDU,FRIMLEY HEALTH NHS FOUNDATION TRUST,C_502,Gynaecology Service,"6,437","2,986",46.40%,20.5,53.9,585,9,125
Y59,RDU,FRIMLEY HEALTH NHS FOUNDATION TRUST,X02,Other - Medical Services,"6,979","3,501",50.20%,17.9,47.6,384,3,54
Y59,RDU,FRIMLEY HEALTH NHS FOUNDATION TRUST,X03,Other - Mental Health Services,3,2,66.70%,-,-,-,-,-
Y59,RDU,FRIMLEY HEALTH NHS FOUNDATION TRUST,X04,Other - Paediatric Services,617,185,30.00%,27.6,57.7,83,1,13
Y59,RDU,FRIMLEY HEALTH NHS FOUNDATION TRUST,X05,Other - Surgical Services,"6,584","3,701",56.20%,14.3,46.9,349,20,88
Y59,RDU,FRIMLEY HEALTH NHS FOUNDATION TRUST,X06,Other - Other Services,737,246,33.40%,29.1,59,111,-,24
Y59,RHM,UNIVERSITY HOSPITAL SOUTHAMPTON NHS FOUNDATION TRUST,C_100,General Surgery Service,"1,178",493,41.90%,23.5,54.9,118,-,13
Y59,RHM,UNIVERSITY HOSPITAL SOUTHAMPTON NHS FOUNDATION TRUST,C_101,Urology Service,"2,406","1,430",59.40%,13.8,47.9,154,-,22
Y59,RHM,UNIVERSITY HOSPITAL SOUTHAMPTON NHS FOUNDATION TRUST,C_110,Trauma and Orthopaedic Service,"3,925","2,084",53.10%,16.4,49.7,252,-,51
Y59,RHM,UNIVERSITY HOSPITAL SOUTHAMPTON NHS FOUNDATION TRUST,C_120,Ear Nose and Throat Service,"1,860",930,50.00%,18,50.9,138,-,34
Y59,RHM,UNIVERSITY HOSPITAL SOUTHAMPTON NHS FOUNDATION TRUST,C_130,Ophthalmology Service,"6,131","4,081",66.60%,11.3,38.3,100,24,54
Y59,RHM,UNIVERSITY HOSPITAL SOUTHAMPTON NHS FOUNDATION TRUST,C_140,Oral Surgery Service,"2,207","1,088",49.30%,18.6,45,77,-,17
Y59,RHM,UNIVERSITY HOSPITAL SOUTHAMPTON NHS FOUNDATION TRUST,C_150,Neurosurgical Service,"1,089",692,63.50%,11.9,41.7,32,-,4
Y59,RHM,UNIVERSITY HOSPITAL SOUTHAMPTON NHS FOUNDATION TRUST,C_160,Plastic Surgery Service,-,-,-,-,-,-,-,-
Y59,RHM,UNIVERSITY HOSPITAL SOUTHAMPTON NHS FOUNDATION TRUST,C_170,Cardiothoracic Surgery Service,781,558,71.40%,10.5,33.8,2,-,-
Y59,RHM,UNIVERSITY HOSPITAL SOUTHAMPTON NHS FOUNDATION TRUST,C_300,General Internal Medicine Service,114,83,72.80%,4.5,36.3,-,-,-
Y59,RHM,UNIVERSITY HOSPITAL SOUTHAMPTON NHS FOUNDATION TRUST,C_301,Gastroenterology Service,"1,375","1,012",73.60%,11.5,31,4,-,-
Y59,RHM,UNIVERSITY HOSPITAL SOUTHAMPTON NHS FOUNDATION TRUST,C_320,Cardiology Service,"2,612","1,619",62.00%,13.7,39.7,33,-,2
Y59,RHM,UNIVERSITY HOSPITAL SOUTHAMPTON NHS FOUNDATION TRUST,C_330,Dermatology Service,"3,170","2,129",67.20%,11.7,32,12,-,1
Y59,RHM,UNIVERSITY HOSPITAL SOUTHAMPTON NHS FOUNDATION TRUST,C_340,Respiratory Medicine Service,"1,133",856,75.60%,10,30.2,4,-,-
Y59,RHM,UNIVERSITY HOSPITAL SOUTHAMPTON NHS FOUNDATION TRUST,C_400,Neurology Service,"4,868","2,875",59.10%,13.8,43.6,104,-,4
Y59,RHM,UNIVERSITY HOSPITAL SOUTHAMPTON NHS FOUNDATION TRUST,C_410,Rheumatology Service,664,538,81.00%,9,26.6,2,-,-
Y59,RHM,UNIVERSITY HOSPITAL SOUTHAMPTON NHS FOUNDATION TRUST,C_430,Elderly Medicine Service,246,168,68.30%,13.5,26.9,1,-,-
Y59,RHM,UNIVERSITY HOSPITAL SOUTHAMPTON NHS FOUNDATION TRUST,C_502,Gynaecology Service,"4,896","2,364",48.30%,18.7,47.9,253,-,20
Y59,RHM,UNIVERSITY HOSPITAL SOUTHAMPTON NHS FOUNDATION TRUST,X02,Other - Medical Services,"6,769","5,096",75.30%,10.5,28.5,21,-,4
Y59,RHM,UNIVERSITY HOSPITAL SOUTHAMPTON NHS FOUNDATION TRUST,X03,Other - Mental Health Services,-,-,-,-,-,-,-,-
Y59,RHM,UNIVERSITY HOSPITAL SOUTHAMPTON NHS FOUNDATION TRUST,X04,Other - Paediatric Services,"7,121","4,105",57.60%,14.2,45.3,281,3,63
Y59,RHM,UNIVERSITY HOSPITAL SOUTHAMPTON NHS FOUNDATION TRUST,X05,Other - Surgical Services,"4,903","2,960",60.40%,13.3,43.6,174,-,24
Y59,RHM,UNIVERSITY HOSPITAL SOUTHAMPTON NHS FOUNDATION TRUST,X06,Other - Other Services,576,467,81.10%,7.2,31.6,5,-,1
Y59,RHU,PORTSMOUTH HOSPITALS UNIVERSITY NATIONAL HEALTH SERVICE TRUST,C_100,General Surgery Service,"5,831","2,999",51.40%,17.2,55.6,610,19,167
Y59,RHU,PORTSMOUTH HOSPITALS UNIVERSITY NATIONAL HEALTH SERVICE TRUST,C_101,Urology Service,"3,469","1,838",53.00%,16.4,46.7,188,6,36
Y59,RHU,PORTSMOUTH HOSPITALS UNIVERSITY NATIONAL HEALTH SERVICE TRUST,C_110,Trauma and Orthopaedic Service,"5,528","2,737",49.50%,18.2,50.8,413,10,65
Y59,RHU,PORTSMOUTH HOSPITALS UNIVERSITY NATIONAL HEALTH SERVICE TRUST,C_120,Ear Nose and Throat Service,"9,274","3,477",37.50%,25.9,59.3,"1,236",74,372
Y59,RHU,PORTSMOUTH HOSPITALS UNIVERSITY NATIONAL HEALTH SERVICE TRUST,C_130,Ophthalmology Service,"5,983","3,404",56.90%,14.4,47.9,316,7,52
Y59,RHU,PORTSMOUTH HOSPITALS UNIVERSITY NATIONAL HEALTH SERVICE TRUST,C_140,Oral Surgery Service,"3,285","1,314",40.00%,23.9,54.1,307,15,110
Y59,RHU,PORTSMOUTH HOSPITALS UNIVERSITY NATIONAL HEALTH SERVICE TRUST,C_150,Neurosurgical Service,-,-,-,-,-,-,-,-
Y59,RHU,PORTSMOUTH HOSPITALS UNIVERSITY NATIONAL HEALTH SERVICE TRUST,C_160,Plastic Surgery Service,708,326,46.00%,20,67.6,110,38,62
Y59,RHU,PORTSMOUTH HOSPITALS UNIVERSITY NATIONAL HEALTH SERVICE TRUST,C_170,Cardiothoracic Surgery Service,-,-,-,-,-,-,-,-
Y59,RHU,PORTSMOUTH HOSPITALS UNIVERSITY NATIONAL HEALTH SERVICE TRUST,C_300,General Internal Medicine Service,1,1,100.00%,-,-,-,-,-
Y59,RHU,PORTSMOUTH HOSPITALS UNIVERSITY NATIONAL HEALTH SERVICE TRUST,C_301,Gastroenterology Service,"6,338","3,121",49.20%,18.4,41.5,103,6,20
Y59,RHU,PORTSMOUTH HOSPITALS UNIVERSITY NATIONAL HEALTH SERVICE TRUST,C_320,Cardiology Service,"2,828","2,257",79.80%,9.9,25.5,2,-,-
Y59,RHU,PORTSMOUTH HOSPITALS UNIVERSITY NATIONAL HEALTH SERVICE TRUST,C_330,Dermatology Service,"2,267","1,758",77.50%,9.5,26.1,3,-,-
Y59,RHU,PORTSMOUTH HOSPITALS UNIVERSITY NATIONAL HEALTH SERVICE TRUST,C_340,Respiratory Medicine Service,686,653,95.20%,6.1,16.1,-,-,-
Y59,RHU,PORTSMOUTH HOSPITALS UNIVERSITY NATIONAL HEALTH SERVICE TRUST,C_400,Neurology Service,-,-,-,-,-,-,-,-
Y59,RHU,PORTSMOUTH HOSPITALS UNIVERSITY NATIONAL HEALTH SERVICE TRUST,C_410,Rheumatology Service,705,646,91.60%,8.1,18.2,-,-,-
Y59,RHU,PORTSMOUTH HOSPITALS UNIVERSITY NATIONAL HEALTH SERVICE TRUST,C_430,Elderly Medicine Service,43,43,100.00%,4.9,10.6,-,-,-
Y59,RHU,PORTSMOUTH HOSPITALS UNIVERSITY NATIONAL HEALTH SERVICE TRUST,C_502,Gynaecology Service,"5,227","2,536",48.50%,19.4,56.1,558,17,165
Y59,RHU,PORTSMOUTH HOSPITALS UNIVERSITY NATIONAL HEALTH SERVICE TRUST,X02,Other - Medical Services,"3,111","1,902",61.10%,12.9,39.3,78,2,16
Y59,RHU,PORTSMOUTH HOSPITALS UNIVERSITY NATIONAL HEALTH SERVICE TRUST,X03,Other - Mental Health Services,-,-,-,-,-,-,-,-
Y59,RHU,PORTSMOUTH HOSPITALS UNIVERSITY NATIONAL HEALTH SERVICE TRUST,X04,Other - Paediatric Services,521,485,93.10%,5.2,15.8,-,-,-
Y59,RHU,PORTSMOUTH HOSPITALS UNIVERSITY NATIONAL HEALTH SERVICE TRUST,X05,Other - Surgical Services,"1,105",273,24.70%,28.3,52.7,101,-,2
Y59,RHU,PORTSMOUTH HOSPITALS UNIVERSITY NATIONAL HEALTH SERVICE TRUST,X06,Other - Other Services,"3,105","1,658",53.40%,16,44.6,76,2,18
Y59,RHW,ROYAL BERKSHIRE NHS FOUNDATION TRUST,C_100,General Surgery Service,"2,077","1,671",80.50%,10.1,26.1,1,-,-
Y59,RHW,ROYAL BERKSHIRE NHS FOUNDATION TRUST,C_101,Urology Service,"2,273","1,910",84.00%,9,23.2,1,-,-
Y59,RHW,ROYAL BERKSHIRE NHS FOUNDATION TRUST,C_110,Trauma and Orthopaedic Service,"2,739","2,310",84.30%,9.6,23.6,-,-,-
Y59,RHW,ROYAL BERKSHIRE NHS FOUNDATION TRUST,C_120,Ear Nose and Throat Service,"3,208","2,607",81.30%,9.8,25.2,5,-,1
Y59,RHW,ROYAL BERKSHIRE NHS FOUNDATION TRUST,C_130,Ophthalmology Service,"3,522","2,940",83.50%,9.8,22.5,2,-,-
Y59,RHW,ROYAL BERKSHIRE NHS FOUNDATION TRUST,C_140,Oral Surgery Service,386,330,85.50%,7.8,21.9,-,-,-
Y59,RHW,ROYAL BERKSHIRE NHS FOUNDATION TRUST,C_150,Neurosurgical Service,-,-,-,-,-,-,-,-
Y59,RHW,ROYAL BERKSHIRE NHS FOUNDATION TRUST,C_160,Plastic Surgery Service,367,280,76.30%,10.7,25.4,-,-,-
Y59,RHW,ROYAL BERKSHIRE NHS FOUNDATION TRUST,C_170,Cardiothoracic Surgery Service,-,-,-,-,-,-,-,-
Y59,RHW,ROYAL BERKSHIRE NHS FOUNDATION TRUST,C_300,General Internal Medicine Service,-,-,-,-,-,-,-,-
Y59,RHW,ROYAL BERKSHIRE NHS FOUNDATION TRUST,C_301,Gastroenterology Service,"3,587","2,931",81.70%,9.8,23.8,2,-,1
Y59,RHW,ROYAL BERKSHIRE NHS FOUNDATION TRUST,C_320,Cardiology Service,"2,628","2,200",83.70%,9.3,22.8,-,-,-
Y59,RHW,ROYAL BERKSHIRE NHS FOUNDATION TRUST,C_330,Dermatology Service,"2,250","1,876",83.40%,9.8,22.3,-,-,-
Y59,RHW,ROYAL BERKSHIRE NHS FOUNDATION TRUST,C_340,Respiratory Medicine Service,"1,366","1,193",87.30%,7.5,20.5,-,-,-
Y59,RHW,ROYAL BERKSHIRE NHS FOUNDATION TRUST,C_400,Neurology Service,888,725,81.60%,9.4,24.4,-,-,-
Y59,RHW,ROYAL BERKSHIRE NHS FOUNDATION TRUST,C_410,Rheumatology Service,110,97,88.20%,6.9,21.6,-,-,-
Y59,RHW,ROYAL BERKSHIRE NHS FOUNDATION TRUST,C_430,Elderly Medicine Service,-,-,-,-,-,-,-,-
Y59,RHW,ROYAL BERKSHIRE NHS FOUNDATION TRUST,C_502,Gynaecology Service,"2,695","2,284",84.70%,8.9,22.5,-,-,-
Y59,RHW,ROYAL BERKSHIRE NHS FOUNDATION TRUST,X02,Other - Medical Services,"1,372","1,188",86.60%,9.2,20.6,-,-,-
Y59,RHW,ROYAL BERKSHIRE NHS FOUNDATION TRUST,X03,Other - Mental Health Services,-,-,-,-,-,-,-,-
Y59,RHW,ROYAL BERKSHIRE NHS FOUNDATION TRUST,X04,Other - Paediatric Services,"1,864","1,507",80.80%,9.5,24,-,-,-
Y59,RHW,ROYAL BERKSHIRE NHS FOUNDATION TRUST,X05,Other - Surgical Services,37,30,81.10%,11.5,26,-,-,-
Y59,RHW,ROYAL BERKSHIRE NHS FOUNDATION TRUST,X06,Other - Other Services,558,470,84.20%,10,21.9,-,-,-
Y59,RN5,HAMPSHIRE HOSPITALS NHS FOUNDATION TRUST,C_100,General Surgery Service,"3,003","1,267",42.20%,21.9,44.8,129,-,7
Y59,RN5,HAMPSHIRE HOSPITALS NHS FOUNDATION TRUST,C_101,Urology Service,"3,833","2,235",58.30%,14.1,47,203,4,16
Y59,RN5,HAMPSHIRE HOSPITALS NHS FOUNDATION TRUST,C_110,Trauma and Orthopaedic Service,"6,200","3,068",49.50%,18.3,51.9,494,4,160
Y59,RN5,HAMPSHIRE HOSPITALS NHS FOUNDATION TRUST,C_120,Ear Nose and Throat Service,"4,191","2,236",53.40%,16.5,44.1,138,-,15
Y59,RN5,HAMPSHIRE HOSPITALS NHS FOUNDATION TRUST,C_130,Ophthalmology Service,"4,750","2,556",53.80%,15.8,43.3,87,-,10
Y59,RN5,HAMPSHIRE HOSPITALS NHS FOUNDATION TRUST,C_140,Oral Surgery Service,"2,131","1,083",50.80%,17.6,41.4,23,-,3
Y59,RN5,HAMPSHIRE HOSPITALS NHS FOUNDATION TRUST,C_150,Neurosurgical Service,-,-,-,-,-,-,-,-
Y59,RN5,HAMPSHIRE HOSPITALS NHS FOUNDATION TRUST,C_160,Plastic Surgery Service,-,-,-,-,-,-,-,-
Y59,RN5,HAMPSHIRE HOSPITALS NHS FOUNDATION TRUST,C_170,Cardiothoracic Surgery Service,1,-,-,-,-,-,-,-
Y59,RN5,HAMPSHIRE HOSPITALS NHS FOUNDATION TRUST,C_300,General Internal Medicine Service,133,125,94.00%,3.1,13.4,-,-,-
Y59,RN5,HAMPSHIRE HOSPITALS NHS FOUNDATION TRUST,C_301,Gastroenterology Service,"4,455","2,383",53.50%,16.4,50.4,320,-,91
Y59,RN5,HAMPSHIRE HOSPITALS NHS FOUNDATION TRUST,C_320,Cardiology Service,"3,001","2,052",68.40%,11.9,31.3,11,-,1
Y59,RN5,HAMPSHIRE HOSPITALS NHS FOUNDATION TRUST,C_330,Dermatology Service,"3,126","1,915",61.30%,13.1,41.4,25,-,4
Y59,RN5,HAMPSHIRE HOSPITALS NHS FOUNDATION TRUST,C_340,Respiratory Medicine Service,"2,053","1,017",49.50%,18.2,50.9,157,-,28
Y59,RN5,HAMPSHIRE HOSPITALS NHS FOUNDATION TRUST,C_400,Neurology Service,"2,242",926,41.30%,24.6,69.7,569,1,282
Y59,RN5,HAMPSHIRE HOSPITALS NHS FOUNDATION TRUST,C_410,Rheumatology Service,"1,816",916,50.40%,17.7,41.4,39,-,13
Y59,RN5,HAMPSHIRE HOSPITALS NHS FOUNDATION TRUST,C_430,Elderly Medicine Service,152,137,90.10%,5.1,19.9,-,-,-
Y59,RN5,HAMPSHIRE HOSPITALS NHS FOUNDATION TRUST,C_502,Gynaecology Service,"3,810","2,525",66.30%,12,39,69,-,6
Y59,RN5,HAMPSHIRE HOSPITALS NHS FOUNDATION TRUST,X02,Other - Medical Services,"3,906","2,357",60.30%,13.6,49.4,275,10,122
Y59,RN5,HAMPSHIRE HOSPITALS NHS FOUNDATION TRUST,X03,Other - Mental Health Services,-,-,-,-,-,-,-,-
Y59,RN5,HAMPSHIRE HOSPITALS NHS FOUNDATION TRUST,X04,Other - Paediatric Services,"1,875","1,102",58.80%,13.5,40.6,29,-,10
Y59,RN5,HAMPSHIRE HOSPITALS NHS FOUNDATION TRUST,X05,Other - Surgical Services,"3,614","2,267",62.70%,12.5,39.2,71,-,11
Y59,RN5,HAMPSHIRE HOSPITALS NHS FOUNDATION TRUST,X06,Other - Other Services,34,21,61.80%,10.5,47.3,1,-,1
Y59,RN7,DARTFORD AND GRAVESHAM NHS TRUST,C_100,General Surgery Service,"5,276","3,817",72.30%,11.2,33.5,76,-,20
Y59,RN7,DARTFORD AND GRAVESHAM NHS TRUST,C_101,Urology Service,"2,303","1,719",74.60%,8.7,31.3,8,-,1
Y59,RN7,DARTFORD AND GRAVESHAM NHS TRUST,C_110,Trauma and Orthopaedic Service,"3,496","2,129",60.90%,13.6,36.6,26,-,1
Y59,RN7,DARTFORD AND GRAVESHAM NHS TRUST,C_120,Ear Nose and Throat Service,-,-,-,-,-,-,-,-
Y59,RN7,DARTFORD AND GRAVESHAM NHS TRUST,C_130,Ophthalmology Service,-,-,-,-,-,-,-,-
Y59,RN7,DARTFORD AND GRAVESHAM NHS TRUST,C_140,Oral Surgery Service,-,-,-,-,-,-,-,-
Y59,RN7,DARTFORD AND GRAVESHAM NHS TRUST,C_150,Neurosurgical Service,-,-,-,-,-,-,-,-
Y59,RN7,DARTFORD AND GRAVESHAM NHS TRUST,C_160,Plastic Surgery Service,-,-,-,-,-,-,-,-
Y59,RN7,DARTFORD AND GRAVESHAM NHS TRUST,C_170,Cardiothoracic Surgery Service,-,-,-,-,-,-,-,-
Y59,RN7,DARTFORD AND GRAVESHAM NHS TRUST,C_300,General Internal Medicine Service,833,548,65.80%,11.5,39.1,7,-,-
Y59,RN7,DARTFORD AND GRAVESHAM NHS TRUST,C_301,Gastroenterology Service,"3,517","2,145",61.00%,13.1,44.4,36,-,2
Y59,RN7,DARTFORD AND GRAVESHAM NHS TRUST,C_320,Cardiology Service,"1,713","1,239",72.30%,10.6,39.3,17,-,-
Y59,RN7,DARTFORD AND GRAVESHAM NHS TRUST,C_330,Dermatology Service,-,-,-,-,-,-,-,-
Y59,RN7,DARTFORD AND GRAVESHAM NHS TRUST,C_340,Respiratory Medicine Service,"1,368",609,44.50%,21.7,48.1,69,-,1
Y59,RN7,DARTFORD AND GRAVESHAM NHS TRUST,C_400,Neurology Service,"2,161",882,40.80%,21.6,46.6,42,-,6
Y59,RN7,DARTFORD AND GRAVESHAM NHS TRUST,C_410,Rheumatology Service,-,-,-,-,-,-,-,-
Y59,RN7,DARTFORD AND GRAVESHAM NHS TRUST,C_430,Elderly Medicine Service,328,227,69.20%,9.3,46.8,18,-,-
Y59,RN7,DARTFORD AND GRAVESHAM NHS TRUST,C_502,Gynaecology Service,"3,507","2,356",67.20%,10.3,38.2,49,1,5
Y59,RN7,DARTFORD AND GRAVESHAM NHS TRUST,X02,Other - Medical Services,366,286,78.10%,5.9,35.8,9,-,-
Y59,RN7,DARTFORD AND GRAVESHAM NHS TRUST,X03,Other - Mental Health Services,-,-,-,-,-,-,-,-
Y59,RN7,DARTFORD AND GRAVESHAM NHS TRUST,X04,Other - Paediatric Services,735,663,90.20%,4.9,19.4,-,-,-
Y59,RN7,DARTFORD AND GRAVESHAM NHS TRUST,X05,Other - Surgical Services,"1,120",744,66.40%,11.5,37.9,9,-,1
Y59,RN7,DARTFORD AND GRAVESHAM NHS TRUST,X06,Other - Other Services,74,69,93.20%,6.1,17.5,-,-,-
Y59,RPA,MEDWAY NHS FOUNDATION TRUST,C_100,General Surgery Service,"1,041",680,65.30%,13,35.7,20,-,6
Y59,RPA,MEDWAY NHS FOUNDATION TRUST,C_101,Urology Service,"2,638","1,736",65.80%,12.7,30.2,-,-,-
Y59,RPA,MEDWAY NHS FOUNDATION TRUST,C_110,Trauma and Orthopaedic Service,"2,330","1,330",57.10%,15.5,38.4,10,-,-
Y59,RPA,MEDWAY NHS FOUNDATION TRUST,C_120,Ear Nose and Throat Service,"6,314","2,280",36.10%,26.5,55.2,581,6,100
Y59,RPA,MEDWAY NHS FOUNDATION TRUST,C_130,Ophthalmology Service,-,-,-,-,-,-,-,-
Y59,RPA,MEDWAY NHS FOUNDATION TRUST,C_140,Oral Surgery Service,-,-,-,-,-,-,-,-
Y59,RPA,MEDWAY NHS FOUNDATION TRUST,C_150,Neurosurgical Service,-,-,-,-,-,-,-,-
Y59,RPA,MEDWAY NHS FOUNDATION TRUST,C_160,Plastic Surgery Service,-,-,-,-,-,-,-,-
Y59,RPA,MEDWAY NHS FOUNDATION TRUST,C_170,Cardiothoracic Surgery Service,-,-,-,-,-,-,-,-
Y59,RPA,MEDWAY NHS FOUNDATION TRUST,C_300,General Internal Medicine Service,226,111,49.10%,18.3,53.3,19,-,-
Y59,RPA,MEDWAY NHS FOUNDATION TRUST,C_301,Gastroenterology Service,"3,994","2,005",50.20%,17.9,47,179,3,51
Y59,RPA,MEDWAY NHS FOUNDATION TRUST,C_320,Cardiology Service,"3,901","1,793",46.00%,20,49.3,190,-,3
Y59,RPA,MEDWAY NHS FOUNDATION TRUST,C_330,Dermatology Service,-,-,-,-,-,-,-,-
Y59,RPA,MEDWAY NHS FOUNDATION TRUST,C_340,Respiratory Medicine Service,"1,014",509,50.20%,17.9,35.9,3,-,-
Y59,RPA,MEDWAY NHS FOUNDATION TRUST,C_400,Neurology Service,"1,250",846,67.70%,13.7,29.3,1,-,-
Y59,RPA,MEDWAY NHS FOUNDATION TRUST,C_410,Rheumatology Service,"3,278","1,410",43.00%,21.1,40.4,2,-,-
Y59,RPA,MEDWAY NHS FOUNDATION TRUST,C_430,Elderly Medicine Service,185,153,82.70%,8.1,21.9,-,-,-
Y59,RPA,MEDWAY NHS FOUNDATION TRUST,C_502,Gynaecology Service,"4,057","2,408",59.40%,14.2,31.9,-,-,-
Y59,RPA,MEDWAY NHS FOUNDATION TRUST,X02,Other - Medical Services,"5,522","3,322",60.20%,14,43.2,104,-,13
Y59,RPA,MEDWAY NHS FOUNDATION TRUST,X03,Other - Mental Health Services,-,-,-,-,-,-,-,-
Y59,RPA,MEDWAY NHS FOUNDATION TRUST,X04,Other - Paediatric Services,545,221,40.60%,23.3,40.6,-,-,-
Y59,RPA,MEDWAY NHS FOUNDATION TRUST,X05,Other - Surgical Services,"5,316","2,918",54.90%,15.3,48.2,328,7,63
Y59,RPA,MEDWAY NHS FOUNDATION TRUST,X06,Other - Other Services,876,470,53.70%,15,46.6,2,-,-
Y59,RPC,QUEEN VICTORIA HOSPITAL NHS FOUNDATION TRUST,C_100,General Surgery Service,-,-,-,-,-,-,-,-
Y59,RPC,QUEEN VICTORIA HOSPITAL NHS FOUNDATION TRUST,C_101,Urology Service,-,-,-,-,-,-,-,-
Y59,RPC,QUEEN VICTORIA HOSPITAL NHS FOUNDATION TRUST,C_110,Trauma and Orthopaedic Service,-,-,-,-,-,-,-,-
Y59,RPC,QUEEN VICTORIA HOSPITAL NHS FOUNDATION TRUST,C_120,Ear Nose and Throat Service,124,72,58.10%,13.8,31.7,-,-,-
Y59,RPC,QUEEN VICTORIA HOSPITAL NHS FOUNDATION TRUST,C_130,Ophthalmology Service,"2,334","1,401",60.00%,14.5,36.8,23,-,3
Y59,RPC,QUEEN VICTORIA HOSPITAL NHS FOUNDATION TRUST,C_140,Oral Surgery Service,"5,826","3,292",56.50%,15.8,41.3,124,2,27
Y59,RPC,QUEEN VICTORIA HOSPITAL NHS FOUNDATION TRUST,C_150,Neurosurgical Service,-,-,-,-,-,-,-,-
Y59,RPC,QUEEN VICTORIA HOSPITAL NHS FOUNDATION TRUST,C_160,Plastic Surgery Service,"6,014","3,185",53.00%,16.4,49,358,14,82
Y59,RPC,QUEEN VICTORIA HOSPITAL NHS FOUNDATION TRUST,C_170,Cardiothoracic Surgery Service,-,-,-,-,-,-,-,-
Y59,RPC,QUEEN VICTORIA HOSPITAL NHS FOUNDATION TRUST,C_300,General Internal Medicine Service,-,-,-,-,-,-,-,-
Y59,RPC,QUEEN VICTORIA HOSPITAL NHS FOUNDATION TRUST,C_301,Gastroenterology Service,-,-,-,-,-,-,-,-
Y59,RPC,QUEEN VICTORIA HOSPITAL NHS FOUNDATION TRUST,C_320,Cardiology Service,207,106,51.20%,17.6,40.4,3,-,1
Y59,RPC,QUEEN VICTORIA HOSPITAL NHS FOUNDATION TRUST,C_330,Dermatology Service,-,-,-,-,-,-,-,-
Y59,RPC,QUEEN VICTORIA HOSPITAL NHS FOUNDATION TRUST,C_340,Respiratory Medicine Service,-,-,-,-,-,-,-,-
Y59,RPC,QUEEN VICTORIA HOSPITAL NHS FOUNDATION TRUST,C_400,Neurology Service,-,-,-,-,-,-,-,-
Y59,RPC,QUEEN VICTORIA HOSPITAL NHS FOUNDATION TRUST,C_410,Rheumatology Service,46,39,84.80%,10,23.3,-,-,-
Y59,RPC,QUEEN VICTORIA HOSPITAL NHS FOUNDATION TRUST,C_430,Elderly Medicine Service,-,-,-,-,-,-,-,-
Y59,RPC,QUEEN VICTORIA HOSPITAL NHS FOUNDATION TRUST,C_502,Gynaecology Service,-,-,-,-,-,-,-,-
Y59,RPC,QUEEN VICTORIA HOSPITAL NHS FOUNDATION TRUST,X02,Other - Medical Services,30,27,90.00%,7,20.3,-,-,-
Y59,RPC,QUEEN VICTORIA HOSPITAL NHS FOUNDATION TRUST,X03,Other - Mental Health Services,57,35,61.40%,15.9,35.4,-,-,-
Y59,RPC,QUEEN VICTORIA HOSPITAL NHS FOUNDATION TRUST,X04,Other - Paediatric Services,50,30,60.00%,14.3,30,1,-,-
Y59,RPC,QUEEN VICTORIA HOSPITAL NHS FOUNDATION TRUST,X05,Other - Surgical Services,-,-,-,-,-,-,-,-
Y59,RPC,QUEEN VICTORIA HOSPITAL NHS FOUNDATION TRUST,X06,Other - Other Services,"3,113","2,119",68.10%,12.3,30.4,4,-,2
Y59,RTH,OXFORD UNIVERSITY HOSPITALS NHS FOUNDATION TRUST,C_100,General Surgery Service,"1,615",936,58.00%,15.2,40.7,23,-,-
Y59,RTH,OXFORD UNIVERSITY HOSPITALS NHS FOUNDATION TRUST,C_101,Urology Service,"4,634","2,314",49.90%,18,54.8,430,36,199
Y59,RTH,OXFORD UNIVERSITY HOSPITALS NHS FOUNDATION TRUST,C_110,Trauma and Orthopaedic Service,"8,162","3,067",37.60%,25.2,61,"1,159",147,502
Y59,RTH,OXFORD UNIVERSITY HOSPITALS NHS FOUNDATION TRUST,C_120,Ear Nose and Throat Service,"4,880","2,491",51.00%,17.4,47,266,16,74
Y59,RTH,OXFORD UNIVERSITY HOSPITALS NHS FOUNDATION TRUST,C_130,Ophthalmology Service,"6,144","3,408",55.50%,15.6,41.4,151,21,61
Y59,RTH,OXFORD UNIVERSITY HOSPITALS NHS FOUNDATION TRUST,C_140,Oral Surgery Service,"1,906",801,42.00%,21.7,43,73,3,13
Y59,RTH,OXFORD UNIVERSITY HOSPITALS NHS FOUNDATION TRUST,C_150,Neurosurgical Service,"1,197",714,59.60%,14.1,41.2,37,4,11
Y59,RTH,OXFORD UNIVERSITY HOSPITALS NHS FOUNDATION TRUST,C_160,Plastic Surgery Service,"2,104",976,46.40%,20,50.2,149,14,78
Y59,RTH,OXFORD UNIVERSITY HOSPITALS NHS FOUNDATION TRUST,C_170,Cardiothoracic Surgery Service,233,185,79.40%,8.5,28.2,2,-,1
Y59,RTH,OXFORD UNIVERSITY HOSPITALS NHS FOUNDATION TRUST,C_300,General Internal Medicine Service,54,30,55.60%,16.6,44.7,-,-,-
Y59,RTH,OXFORD UNIVERSITY HOSPITALS NHS FOUNDATION TRUST,C_301,Gastroenterology Service,"4,058","2,483",61.20%,12.6,43,122,2,16
Y59,RTH,OXFORD UNIVERSITY HOSPITALS NHS FOUNDATION TRUST,C_320,Cardiology Service,"3,038","2,366",77.90%,9.1,27.9,5,-,1
Y59,RTH,OXFORD UNIVERSITY HOSPITALS NHS FOUNDATION TRUST,C_330,Dermatology Service,"5,519","2,906",52.70%,16.7,41.9,123,-,2
Y59,RTH,OXFORD UNIVERSITY HOSPITALS NHS FOUNDATION TRUST,C_340,Respiratory Medicine Service,"1,306","1,047",80.20%,8.2,25.1,-,-,-
Y59,RTH,OXFORD UNIVERSITY HOSPITALS NHS FOUNDATION TRUST,C_400,Neurology Service,"3,598","2,036",56.60%,15.3,40.7,73,2,13
Y59,RTH,OXFORD UNIVERSITY HOSPITALS NHS FOUNDATION TRUST,C_410,Rheumatology Service,"1,962","1,305",66.50%,13.2,35.9,27,2,8
Y59,RTH,OXFORD UNIVERSITY HOSPITALS NHS FOUNDATION TRUST,C_430,Elderly Medicine Service,208,191,91.80%,5.6,18.1,-,-,-
Y59,RTH,OXFORD UNIVERSITY HOSPITALS NHS FOUNDATION TRUST,C_502,Gynaecology Service,"5,244","3,031",57.80%,14.4,46.4,264,6,75
Y59,RTH,OXFORD UNIVERSITY HOSPITALS NHS FOUNDATION TRUST,X02,Other - Medical Services,"11,753","7,908",67.30%,11.1,36.9,71,2,8
Y59,RTH,OXFORD UNIVERSITY HOSPITALS NHS FOUNDATION TRUST,X03,Other - Mental Health Services,3,1,33.30%,-,-,1,-,1
Y59,RTH,OXFORD UNIVERSITY HOSPITALS NHS FOUNDATION TRUST,X04,Other - Paediatric Services,"6,667","3,992",59.90%,13.7,42.6,192,10,43
Y59,RTH,OXFORD UNIVERSITY HOSPITALS NHS FOUNDATION TRUST,X05,Other - Surgical Services,"4,507","2,672",59.30%,13.5,43.9,179,5,47
Y59,RTH,OXFORD UNIVERSITY HOSPITALS NHS FOUNDATION TRUST,X06,Other - Other Services,"1,807","1,320",73.00%,10.3,36.4,32,2,5
Y59,RTK,ASHFORD AND ST PETER'S HOSPITALS NHS FOUNDATION TRUST,C_100,General Surgery Service,"1,002",394,39.30%,24.8,45.8,25,2,6
Y59,RTK,ASHFORD AND ST PETER'S HOSPITALS NHS FOUNDATION TRUST,C_101,Urology Service,"1,916","1,028",53.70%,16.6,44.5,84,-,14
Y59,RTK,ASHFORD AND ST PETER'S HOSPITALS NHS FOUNDATION TRUST,C_110,Trauma and Orthopaedic Service,"6,141","4,294",69.90%,10.8,34.8,109,3,22
Y59,RTK,ASHFORD AND ST PETER'S HOSPITALS NHS FOUNDATION TRUST,C_120,Ear Nose and Throat Service,"4,016","2,157",53.70%,16.6,39.5,40,-,12
Y59,RTK,ASHFORD AND ST PETER'S HOSPITALS NHS FOUNDATION TRUST,C_130,Ophthalmology Service,"5,444","3,921",72.00%,12.2,36.2,15,1,1
Y59,RTK,ASHFORD AND ST PETER'S HOSPITALS NHS FOUNDATION TRUST,C_140,Oral Surgery Service,"2,094","1,104",52.70%,16.9,43.9,52,2,13
Y59,RTK,ASHFORD AND ST PETER'S HOSPITALS NHS FOUNDATION TRUST,C_150,Neurosurgical Service,1,-,-,-,-,-,-,-
Y59,RTK,ASHFORD AND ST PETER'S HOSPITALS NHS FOUNDATION TRUST,C_160,Plastic Surgery Service,20,19,95.00%,5.3,17.4,1,-,1
Y59,RTK,ASHFORD AND ST PETER'S HOSPITALS NHS FOUNDATION TRUST,C_170,Cardiothoracic Surgery Service,16,9,56.30%,-,-,-,-,-
Y59,RTK,ASHFORD AND ST PETER'S HOSPITALS NHS FOUNDATION TRUST,C_300,General Internal Medicine Service,208,91,43.80%,24,46.3,10,2,6
Y59,RTK,ASHFORD AND ST PETER'S HOSPITALS NHS FOUNDATION TRUST,C_301,Gastroenterology Service,"3,870","1,971",50.90%,17.3,47.9,221,41,127
Y59,RTK,ASHFORD AND ST PETER'S HOSPITALS NHS FOUNDATION TRUST,C_320,Cardiology Service,"2,677","1,665",62.20%,14.2,36.1,59,33,39
Y59,RTK,ASHFORD AND ST PETER'S HOSPITALS NHS FOUNDATION TRUST,C_330,Dermatology Service,"4,860","2,405",49.50%,18.2,39.1,22,3,6
Y59,RTK,ASHFORD AND ST PETER'S HOSPITALS NHS FOUNDATION TRUST,C_340,Respiratory Medicine Service,"1,907",958,50.20%,17.9,47.1,124,43,79
Y59,RTK,ASHFORD AND ST PETER'S HOSPITALS NHS FOUNDATION TRUST,C_400,Neurology Service,368,36,9.80%,32.1,51.8,29,9,15
Y59,RTK,ASHFORD AND ST PETER'S HOSPITALS NHS FOUNDATION TRUST,C_410,Rheumatology Service,287,266,92.70%,6.3,17.3,-,-,-
Y59,RTK,ASHFORD AND ST PETER'S HOSPITALS NHS FOUNDATION TRUST,C_430,Elderly Medicine Service,173,112,64.70%,11.9,29.6,-,-,-
Y59,RTK,ASHFORD AND ST PETER'S HOSPITALS NHS FOUNDATION TRUST,C_502,Gynaecology Service,"4,470","1,958",43.80%,20.6,50.2,341,121,214
Y59,RTK,ASHFORD AND ST PETER'S HOSPITALS NHS FOUNDATION TRUST,X02,Other - Medical Services,"3,865","1,851",47.90%,18.9,44.3,119,31,62
Y59,RTK,ASHFORD AND ST PETER'S HOSPITALS NHS FOUNDATION TRUST,X03,Other - Mental Health Services,4,1,25.00%,-,-,-,-,-
Y59,RTK,ASHFORD AND ST PETER'S HOSPITALS NHS FOUNDATION TRUST,X04,Other - Paediatric Services,"2,643","1,719",65.00%,12.6,36.3,11,1,6
Y59,RTK,ASHFORD AND ST PETER'S HOSPITALS NHS FOUNDATION TRUST,X05,Other - Surgical Services,"8,039","3,708",46.10%,19.8,45.2,323,33,113
Y59,RTK,ASHFORD AND ST PETER'S HOSPITALS NHS FOUNDATION TRUST,X06,Other - Other Services,"4,371","3,401",77.80%,9.6,22.9,31,17,23
Y59,RTP,SURREY AND SUSSEX HEALTHCARE NHS TRUST,C_100,General Surgery Service,"1,501",662,44.10%,21.4,58.7,178,15,62
Y59,RTP,SURREY AND SUSSEX HEALTHCARE NHS TRUST,C_101,Urology Service,"2,241","1,462",65.20%,11.4,38.9,14,1,3
Y59,RTP,SURREY AND SUSSEX HEALTHCARE NHS TRUST,C_110,Trauma and Orthopaedic Service,"1,967",939,47.70%,19.2,48.4,125,4,44
Y59,RTP,SURREY AND SUSSEX HEALTHCARE NHS TRUST,C_120,Ear Nose and Throat Service,"5,757","2,874",49.90%,18,44.6,206,1,25
Y59,RTP,SURREY AND SUSSEX HEALTHCARE NHS TRUST,C_130,Ophthalmology Service,"3,995","2,524",63.20%,13.5,34.9,33,-,4
Y59,RTP,SURREY AND SUSSEX HEALTHCARE NHS TRUST,C_140,Oral Surgery Service,"1,345",816,60.70%,12.8,44.3,65,3,15
Y59,RTP,SURREY AND SUSSEX HEALTHCARE NHS TRUST,C_150,Neurosurgical Service,-,-,-,-,-,-,-,-
Y59,RTP,SURREY AND SUSSEX HEALTHCARE NHS TRUST,C_160,Plastic Surgery Service,-,-,-,-,-,-,-,-
Y59,RTP,SURREY AND SUSSEX HEALTHCARE NHS TRUST,C_170,Cardiothoracic Surgery Service,-,-,-,-,-,-,-,-
Y59,RTP,SURREY AND SUSSEX HEALTHCARE NHS TRUST,C_300,General Internal Medicine Service,713,329,46.10%,22,41.1,-,-,-
Y59,RTP,SURREY AND SUSSEX HEALTHCARE NHS TRUST,C_301,Gastroenterology Service,"3,346","1,627",48.60%,19,58.8,435,17,91
Y59,RTP,SURREY AND SUSSEX HEALTHCARE NHS TRUST,C_320,Cardiology Service,"2,610","1,417",54.30%,15.4,40.1,20,-,2
Y59,RTP,SURREY AND SUSSEX HEALTHCARE NHS TRUST,C_330,Dermatology Service,"3,356","1,799",53.60%,16.4,43.5,118,8,36
Y59,RTP,SURREY AND SUSSEX HEALTHCARE NHS TRUST,C_340,Respiratory Medicine Service,"1,468",691,47.10%,19.8,53.5,122,5,65
Y59,RTP,SURREY AND SUSSEX HEALTHCARE NHS TRUST,C_400,Neurology Service,"1,472",792,53.80%,16.2,32.6,9,-,1
Y59,RTP,SURREY AND SUSSEX HEALTHCARE NHS TRUST,C_410,Rheumatology Service,380,281,73.90%,10.4,27.3,1,-,-
Y59,RTP,SURREY AND SUSSEX HEALTHCARE NHS TRUST,C_430,Elderly Medicine Service,170,144,84.70%,9.1,21.7,-,-,-
Y59,RTP,SURREY AND SUSSEX HEALTHCARE NHS TRUST,C_502,Gynaecology Service,"4,706","2,288",48.60%,18.6,40.1,54,-,4
Y59,RTP,SURREY AND SUSSEX HEALTHCARE NHS TRUST,X02,Other - Medical Services,"3,571","1,970",55.20%,15.5,39.6,42,1,12
Y59,RTP,SURREY AND SUSSEX HEALTHCARE NHS TRUST,X03,Other - Mental Health Services,-,-,-,-,-,-,-,-
Y59,RTP,SURREY AND SUSSEX HEALTHCARE NHS TRUST,X04,Other - Paediatric Services,"2,577","1,577",61.20%,13.9,29,1,-,-
Y59,RTP,SURREY AND SUSSEX HEALTHCARE NHS TRUST,X05,Other - Surgical Services,"6,443","3,887",60.30%,14.2,47.5,367,21,113
Y59,RTP,SURREY AND SUSSEX HEALTHCARE NHS TRUST,X06,Other - Other Services,"1,639",986,60.20%,13.9,34,7,-,2
Y59,RVV,EAST KENT HOSPITALS UNIVERSITY NHS FOUNDATION TRUST,C_100,General Surgery Service,"11,487","5,394",47.00%,19.7,64.6,"1,767",334,901
Y59,RVV,EAST KENT HOSPITALS UNIVERSITY NHS FOUNDATION TRUST,C_101,Urology Service,"5,428","3,263",60.10%,13.6,43.3,179,10,36
Y59,RVV,EAST KENT HOSPITALS UNIVERSITY NHS FOUNDATION TRUST,C_110,Trauma and Orthopaedic Service,"6,198","2,865",46.20%,19.8,45.4,248,13,60
Y59,RVV,EAST KENT HOSPITALS UNIVERSITY NHS FOUNDATION TRUST,C_120,Ear Nose and Throat Service,"9,389","4,005",42.70%,22,57.3,939,154,439
Y59,RVV,EAST KENT HOSPITALS UNIVERSITY NHS FOUNDATION TRUST,C_130,Ophthalmology Service,"7,584","3,910",51.60%,17.3,47.4,451,11,133
Y59,RVV,EAST KENT HOSPITALS UNIVERSITY NHS FOUNDATION TRUST,C_140,Oral Surgery Service,"5,632","2,309",41.00%,22.7,50.1,370,6,42
Y59,RVV,EAST KENT HOSPITALS UNIVERSITY NHS FOUNDATION TRUST,C_150,Neurosurgical Service,-,-,-,-,-,-,-,-
Y59,RVV,EAST KENT HOSPITALS UNIVERSITY NHS FOUNDATION TRUST,C_160,Plastic Surgery Service,-,-,-,-,-,-,-,-
Y59,RVV,EAST KENT HOSPITALS UNIVERSITY NHS FOUNDATION TRUST,C_170,Cardiothoracic Surgery Service,9,9,100.00%,-,-,-,-,-
Y59,RVV,EAST KENT HOSPITALS UNIVERSITY NHS FOUNDATION TRUST,C_300,General Internal Medicine Service,22,12,54.50%,16,83.1,3,2,2
Y59,RVV,EAST KENT HOSPITALS UNIVERSITY NHS FOUNDATION TRUST,C_301,Gastroenterology Service,"7,323","2,631",35.90%,26.6,63.3,"1,301",74,476
Y59,RVV,EAST KENT HOSPITALS UNIVERSITY NHS FOUNDATION TRUST,C_320,Cardiology Service,"4,790","2,210",46.10%,20.3,51.1,368,33,157
Y59,RVV,EAST KENT HOSPITALS UNIVERSITY NHS FOUNDATION TRUST,C_330,Dermatology Service,"5,940","3,745",63.00%,12.9,39.8,135,2,15
Y59,RVV,EAST KENT HOSPITALS UNIVERSITY NHS FOUNDATION TRUST,C_340,Respiratory Medicine Service,"3,590","1,899",52.90%,16.3,42.4,10,-,-
Y59,RVV,EAST KENT HOSPITALS UNIVERSITY NHS FOUNDATION TRUST,C_400,Neurology Service,"2,568","1,349",52.50%,16.8,34.7,3,-,1
Y59,RVV,EAST KENT HOSPITALS UNIVERSITY NHS FOUNDATION TRUST,C_410,Rheumatology Service,"2,671","1,210",45.30%,19.8,36.7,4,-,-
Y59,RVV,EAST KENT HOSPITALS UNIVERSITY NHS FOUNDATION TRUST,C_430,Elderly Medicine Service,192,186,96.90%,5.5,13.9,-,-,-
Y59,RVV,EAST KENT HOSPITALS UNIVERSITY NHS FOUNDATION TRUST,C_502,Gynaecology Service,"6,469","3,053",47.20%,19.3,48.1,299,-,46
Y59,RVV,EAST KENT HOSPITALS UNIVERSITY NHS FOUNDATION TRUST,X02,Other - Medical Services,"3,020","1,589",52.60%,16.5,42.3,9,-,-
Y59,RVV,EAST KENT HOSPITALS UNIVERSITY NHS FOUNDATION TRUST,X03,Other - Mental Health Services,-,-,-,-,-,-,-,-
Y59,RVV,EAST KENT HOSPITALS UNIVERSITY NHS FOUNDATION TRUST,X04,Other - Paediatric Services,"1,722","1,686",97.90%,5.7,13.9,-,-,-
Y59,RVV,EAST KENT HOSPITALS UNIVERSITY NHS FOUNDATION TRUST,X05,Other - Surgical Services,"5,748","2,365",41.10%,21.9,49.9,369,4,52
Y59,RVV,EAST KENT HOSPITALS UNIVERSITY NHS FOUNDATION TRUST,X06,Other - Other Services,171,152,88.90%,7.2,21.1,-,-,-
Y59,RW1,SOUTHERN HEALTH NHS FOUNDATION TRUST,C_100,General Surgery Service,-,-,-,-,-,-,-,-
Y59,RW1,SOUTHERN HEALTH NHS FOUNDATION TRUST,C_101,Urology Service,-,-,-,-,-,-,-,-
Y59,RW1,SOUTHERN HEALTH NHS FOUNDATION TRUST,C_110,Trauma and Orthopaedic Service,"1,864","1,817",97.50%,5.3,13.3,-,-,-
Y59,RW1,SOUTHERN HEALTH NHS FOUNDATION TRUST,C_120,Ear Nose and Throat Service,252,249,98.80%,4.1,7.9,-,-,-
Y59,RW1,SOUTHERN HEALTH NHS FOUNDATION TRUST,C_130,Ophthalmology Service,-,-,-,-,-,-,-,-
Y59,RW1,SOUTHERN HEALTH NHS FOUNDATION TRUST,C_140,Oral Surgery Service,-,-,-,-,-,-,-,-
Y59,RW1,SOUTHERN HEALTH NHS FOUNDATION TRUST,C_150,Neurosurgical Service,-,-,-,-,-,-,-,-
Y59,RW1,SOUTHERN HEALTH NHS FOUNDATION TRUST,C_160,Plastic Surgery Service,-,-,-,-,-,-,-,-
Y59,RW1,SOUTHERN HEALTH NHS FOUNDATION TRUST,C_170,Cardiothoracic Surgery Service,-,-,-,-,-,-,-,-
Y59,RW1,SOUTHERN HEALTH NHS FOUNDATION TRUST,C_300,General Internal Medicine Service,522,516,98.90%,4.7,11.7,-,-,-
Y59,RW1,SOUTHERN HEALTH NHS FOUNDATION TRUST,C_301,Gastroenterology Service,180,175,97.20%,3.4,12.7,-,-,-
Y59,RW1,SOUTHERN HEALTH NHS FOUNDATION TRUST,C_320,Cardiology Service,322,281,87.30%,10.4,21.2,-,-,-
Y59,RW1,SOUTHERN HEALTH NHS FOUNDATION TRUST,C_330,Dermatology Service,-,-,-,-,-,-,-,-
Y59,RW1,SOUTHERN HEALTH NHS FOUNDATION TRUST,C_340,Respiratory Medicine Service,53,53,100.00%,4.8,7.7,-,-,-
Y59,RW1,SOUTHERN HEALTH NHS FOUNDATION TRUST,C_400,Neurology Service,-,-,-,-,-,-,-,-
Y59,RW1,SOUTHERN HEALTH NHS FOUNDATION TRUST,C_410,Rheumatology Service,115,109,94.80%,7.4,16.6,-,-,-
Y59,RW1,SOUTHERN HEALTH NHS FOUNDATION TRUST,C_430,Elderly Medicine Service,18,18,100.00%,-,-,-,-,-
Y59,RW1,SOUTHERN HEALTH NHS FOUNDATION TRUST,C_502,Gynaecology Service,-,-,-,-,-,-,-,-
Y59,RW1,SOUTHERN HEALTH NHS FOUNDATION TRUST,X02,Other - Medical Services,529,488,92.20%,9.1,16.9,-,-,-
Y59,RW1,SOUTHERN HEALTH NHS FOUNDATION TRUST,X03,Other - Mental Health Services,-,-,-,-,-,-,-,-
Y59,RW1,SOUTHERN HEALTH NHS FOUNDATION TRUST,X04,Other - Paediatric Services,9,9,100.00%,-,-,-,-,-
Y59,RW1,SOUTHERN HEALTH NHS FOUNDATION TRUST,X05,Other - Surgical Services,125,118,94.40%,8.3,16,-,-,-
Y59,RW1,SOUTHERN HEALTH NHS FOUNDATION TRUST,X06,Other - Other Services,-,-,-,-,-,-,-,-
Y59,RWF,MAIDSTONE AND TUNBRIDGE WELLS NHS TRUST,C_100,General Surgery Service,"5,472","3,665",67.00%,11.3,32.1,-,-,-
Y59,RWF,MAIDSTONE AND TUNBRIDGE WELLS NHS TRUST,C_101,Urology Service,"3,290","2,292",69.70%,11.6,28.9,-,-,-
Y59,RWF,MAIDSTONE AND TUNBRIDGE WELLS NHS TRUST,C_110,Trauma and Orthopaedic Service,"4,443","3,165",71.20%,11.3,29.5,-,-,-
Y59,RWF,MAIDSTONE AND TUNBRIDGE WELLS NHS TRUST,C_120,Ear Nose and Throat Service,"5,015","3,319",66.20%,12.4,30.8,-,-,-
Y59,RWF,MAIDSTONE AND TUNBRIDGE WELLS NHS TRUST,C_130,Ophthalmology Service,"5,324","4,160",78.10%,9,26.3,-,-,-
Y59,RWF,MAIDSTONE AND TUNBRIDGE WELLS NHS TRUST,C_140,Oral Surgery Service,-,-,-,-,-,-,-,-
Y59,RWF,MAIDSTONE AND TUNBRIDGE WELLS NHS TRUST,C_150,Neurosurgical Service,-,-,-,-,-,-,-,-
Y59,RWF,MAIDSTONE AND TUNBRIDGE WELLS NHS TRUST,C_160,Plastic Surgery Service,-,-,-,-,-,-,-,-
Y59,RWF,MAIDSTONE AND TUNBRIDGE WELLS NHS TRUST,C_170,Cardiothoracic Surgery Service,31,31,100.00%,4.6,11.3,-,-,-
Y59,RWF,MAIDSTONE AND TUNBRIDGE WELLS NHS TRUST,C_300,General Internal Medicine Service,15,15,100.00%,-,-,-,-,-
Y59,RWF,MAIDSTONE AND TUNBRIDGE WELLS NHS TRUST,C_301,Gastroenterology Service,"2,366","1,496",63.20%,12.7,32.9,-,-,-
Y59,RWF,MAIDSTONE AND TUNBRIDGE WELLS NHS TRUST,C_320,Cardiology Service,"2,518","1,448",57.50%,14.9,32.9,-,-,-
Y59,RWF,MAIDSTONE AND TUNBRIDGE WELLS NHS TRUST,C_330,Dermatology Service,-,-,-,-,-,-,-,-
Y59,RWF,MAIDSTONE AND TUNBRIDGE WELLS NHS TRUST,C_340,Respiratory Medicine Service,734,625,85.10%,7.2,20.2,-,-,-
Y59,RWF,MAIDSTONE AND TUNBRIDGE WELLS NHS TRUST,C_400,Neurology Service,"1,653",884,53.50%,16.5,35.7,-,-,-
Y59,RWF,MAIDSTONE AND TUNBRIDGE WELLS NHS TRUST,C_410,Rheumatology Service,900,716,79.60%,10.5,23.8,-,-,-
Y59,RWF,MAIDSTONE AND TUNBRIDGE WELLS NHS TRUST,C_430,Elderly Medicine Service,140,127,90.70%,6.2,18.9,-,-,-
Y59,RWF,MAIDSTONE AND TUNBRIDGE WELLS NHS TRUST,C_502,Gynaecology Service,"5,276","2,961",56.10%,15.5,36.6,1,-,-
Y59,RWF,MAIDSTONE AND TUNBRIDGE WELLS NHS TRUST,X02,Other - Medical Services,"4,634","3,574",77.10%,10.2,24.2,-,-,-
Y59,RWF,MAIDSTONE AND TUNBRIDGE WELLS NHS TRUST,X03,Other - Mental Health Services,-,-,-,-,-,-,-,-
Y59,RWF,MAIDSTONE AND TUNBRIDGE WELLS NHS TRUST,X04,Other - Paediatric Services,"1,404","1,038",73.90%,10.7,29.2,-,-,-
Y59,RWF,MAIDSTONE AND TUNBRIDGE WELLS NHS TRUST,X05,Other - Surgical Services,938,818,87.20%,5.4,20.7,-,-,-
Y59,RWF,MAIDSTONE AND TUNBRIDGE WELLS NHS TRUST,X06,Other - Other Services,-,-,-,-,-,-,-,-
Y59,RWX,BERKSHIRE HEALTHCARE NHS FOUNDATION TRUST,C_100,General Surgery Service,-,-,-,-,-,-,-,-
Y59,RWX,BERKSHIRE HEALTHCARE NHS FOUNDATION TRUST,C_101,Urology Service,-,-,-,-,-,-,-,-
Y59,RWX,BERKSHIRE HEALTHCARE NHS FOUNDATION TRUST,C_110,Trauma and Orthopaedic Service,-,-,-,-,-,-,-,-
Y59,RWX,BERKSHIRE HEALTHCARE NHS FOUNDATION TRUST,C_120,Ear Nose and Throat Service,-,-,-,-,-,-,-,-
Y59,RWX,BERKSHIRE HEALTHCARE NHS FOUNDATION TRUST,C_130,Ophthalmology Service,-,-,-,-,-,-,-,-
Y59,RWX,BERKSHIRE HEALTHCARE NHS FOUNDATION TRUST,C_140,Oral Surgery Service,-,-,-,-,-,-,-,-
Y59,RWX,BERKSHIRE HEALTHCARE NHS FOUNDATION TRUST,C_150,Neurosurgical Service,-,-,-,-,-,-,-,-
Y59,RWX,BERKSHIRE HEALTHCARE NHS FOUNDATION TRUST,C_160,Plastic Surgery Service,-,-,-,-,-,-,-,-
Y59,RWX,BERKSHIRE HEALTHCARE NHS FOUNDATION TRUST,C_170,Cardiothoracic Surgery Service,-,-,-,-,-,-,-,-
Y59,RWX,BERKSHIRE HEALTHCARE NHS FOUNDATION TRUST,C_300,General Internal Medicine Service,-,-,-,-,-,-,-,-
Y59,RWX,BERKSHIRE HEALTHCARE NHS FOUNDATION TRUST,C_301,Gastroenterology Service,-,-,-,-,-,-,-,-
Y59,RWX,BERKSHIRE HEALTHCARE NHS FOUNDATION TRUST,C_320,Cardiology Service,-,-,-,-,-,-,-,-
Y59,RWX,BERKSHIRE HEALTHCARE NHS FOUNDATION TRUST,C_330,Dermatology Service,-,-,-,-,-,-,-,-
Y59,RWX,BERKSHIRE HEALTHCARE NHS FOUNDATION TRUST,C_340,Respiratory Medicine Service,-,-,-,-,-,-,-,-
Y59,RWX,BERKSHIRE HEALTHCARE NHS FOUNDATION TRUST,C_400,Neurology Service,-,-,-,-,-,-,-,-
Y59,RWX,BERKSHIRE HEALTHCARE NHS FOUNDATION TRUST,C_410,Rheumatology Service,-,-,-,-,-,-,-,-
Y59,RWX,BERKSHIRE HEALTHCARE NHS FOUNDATION TRUST,C_430,Elderly Medicine Service,-,-,-,-,-,-,-,-
Y59,RWX,BERKSHIRE HEALTHCARE NHS FOUNDATION TRUST,C_502,Gynaecology Service,-,-,-,-,-,-,-,-
Y59,RWX,BERKSHIRE HEALTHCARE NHS FOUNDATION TRUST,X02,Other - Medical Services,85,85,100.00%,3.1,7.7,-,-,-
Y59,RWX,BERKSHIRE HEALTHCARE NHS FOUNDATION TRUST,X03,Other - Mental Health Services,-,-,-,-,-,-,-,-
Y59,RWX,BERKSHIRE HEALTHCARE NHS FOUNDATION TRUST,X04,Other - Paediatric Services,214,214,100.00%,6.8,12.3,-,-,-
Y59,RWX,BERKSHIRE HEALTHCARE NHS FOUNDATION TRUST,X05,Other - Surgical Services,-,-,-,-,-,-,-,-
Y59,RWX,BERKSHIRE HEALTHCARE NHS FOUNDATION TRUST,X06,Other - Other Services,-,-,-,-,-,-,-,-
Y59,RXC,EAST SUSSEX HEALTHCARE NHS TRUST,C_100,General Surgery Service,"6,054","2,911",48.10%,19,42.4,100,-,15
Y59,RXC,EAST SUSSEX HEALTHCARE NHS TRUST,C_101,Urology Service,"4,464","2,105",47.20%,19.7,47.2,212,-,16
Y59,RXC,EAST SUSSEX HEALTHCARE NHS TRUST,C_110,Trauma and Orthopaedic Service,"2,133","1,137",53.30%,16.4,44.8,75,-,4
Y59,RXC,EAST SUSSEX HEALTHCARE NHS TRUST,C_120,Ear Nose and Throat Service,"6,739","2,743",40.70%,22,46.7,330,1,63
Y59,RXC,EAST SUSSEX HEALTHCARE NHS TRUST,C_130,Ophthalmology Service,"6,131","3,495",57.00%,15,38.1,14,-,1
Y59,RXC,EAST SUSSEX HEALTHCARE NHS TRUST,C_140,Oral Surgery Service,"1,739","1,119",64.30%,13.3,35.2,6,-,-
Y59,RXC,EAST SUSSEX HEALTHCARE NHS TRUST,C_150,Neurosurgical Service,-,-,-,-,-,-,-,-
Y59,RXC,EAST SUSSEX HEALTHCARE NHS TRUST,C_160,Plastic Surgery Service,-,-,-,-,-,-,-,-
Y59,RXC,EAST SUSSEX HEALTHCARE NHS TRUST,C_170,Cardiothoracic Surgery Service,-,-,-,-,-,-,-,-
Y59,RXC,EAST SUSSEX HEALTHCARE NHS TRUST,C_300,General Internal Medicine Service,-,-,-,-,-,-,-,-
Y59,RXC,EAST SUSSEX HEALTHCARE NHS TRUST,C_301,Gastroenterology Service,"5,026","2,205",43.90%,21,45.5,172,-,5
Y59,RXC,EAST SUSSEX HEALTHCARE NHS TRUST,C_320,Cardiology Service,"3,319","2,179",65.70%,13,29.9,7,-,-
Y59,RXC,EAST SUSSEX HEALTHCARE NHS TRUST,C_330,Dermatology Service,971,896,92.30%,6.8,17.5,-,-,-
Y59,RXC,EAST SUSSEX HEALTHCARE NHS TRUST,C_340,Respiratory Medicine Service,"1,295",907,70.00%,11.5,27.6,-,-,-
Y59,RXC,EAST SUSSEX HEALTHCARE NHS TRUST,C_400,Neurology Service,"2,747","1,193",43.40%,20.9,57.6,365,-,30
Y59,RXC,EAST SUSSEX HEALTHCARE NHS TRUST,C_410,Rheumatology Service,617,354,57.40%,15.5,31.7,3,-,-
Y59,RXC,EAST SUSSEX HEALTHCARE NHS TRUST,C_430,Elderly Medicine Service,198,160,80.80%,9.3,32.1,4,-,1
Y59,RXC,EAST SUSSEX HEALTHCARE NHS TRUST,C_502,Gynaecology Service,"5,500","2,455",44.60%,20.5,45.5,213,-,26
Y59,RXC,EAST SUSSEX HEALTHCARE NHS TRUST,X02,Other - Medical Services,"3,261","2,197",67.40%,12.1,30.4,-,-,-
Y59,RXC,EAST SUSSEX HEALTHCARE NHS TRUST,X03,Other - Mental Health Services,-,-,-,-,-,-,-,-
Y59,RXC,EAST SUSSEX HEALTHCARE NHS TRUST,X04,Other - Paediatric Services,265,216,81.50%,11,25.4,-,-,-
Y59,RXC,EAST SUSSEX HEALTHCARE NHS TRUST,X05,Other - Surgical Services,"4,198","1,961",46.70%,19.5,39.7,163,-,57
Y59,RXC,EAST SUSSEX HEALTHCARE NHS TRUST,X06,Other - Other Services,631,224,35.50%,29.9,50.1,34,-,-
Y59,RXQ,BUCKINGHAMSHIRE HEALTHCARE NHS TRUST,C_100,General Surgery Service,"2,691","1,325",49.20%,18.5,53.4,233,-,71
Y59,RXQ,BUCKINGHAMSHIRE HEALTHCARE NHS TRUST,C_101,Urology Service,"3,014","1,600",53.10%,16.2,48.4,167,4,51
Y59,RXQ,BUCKINGHAMSHIRE HEALTHCARE NHS TRUST,C_110,Trauma and Orthopaedic Service,"4,300","1,567",36.40%,24.7,59.2,532,8,135
Y59,RXQ,BUCKINGHAMSHIRE HEALTHCARE NHS TRUST,C_120,Ear Nose and Throat Service,"4,988","2,011",40.30%,23.6,49.4,232,1,65
Y59,RXQ,BUCKINGHAMSHIRE HEALTHCARE NHS TRUST,C_130,Ophthalmology Service,"6,549","3,722",56.80%,15,38.8,118,4,47
Y59,RXQ,BUCKINGHAMSHIRE HEALTHCARE NHS TRUST,C_140,Oral Surgery Service,771,603,78.20%,8.2,28.7,2,-,-
Y59,RXQ,BUCKINGHAMSHIRE HEALTHCARE NHS TRUST,C_150,Neurosurgical Service,-,-,-,-,-,-,-,-
Y59,RXQ,BUCKINGHAMSHIRE HEALTHCARE NHS TRUST,C_160,Plastic Surgery Service,"1,262",733,58.10%,14.3,47.2,61,-,17
Y59,RXQ,BUCKINGHAMSHIRE HEALTHCARE NHS TRUST,C_170,Cardiothoracic Surgery Service,-,-,-,-,-,-,-,-
Y59,RXQ,BUCKINGHAMSHIRE HEALTHCARE NHS TRUST,C_300,General Internal Medicine Service,-,-,-,-,-,-,-,-
Y59,RXQ,BUCKINGHAMSHIRE HEALTHCARE NHS TRUST,C_301,Gastroenterology Service,"2,567","1,666",64.90%,12.8,40.6,13,-,5
Y59,RXQ,BUCKINGHAMSHIRE HEALTHCARE NHS TRUST,C_320,Cardiology Service,"1,459",551,37.80%,20.4,43.7,6,1,2
Y59,RXQ,BUCKINGHAMSHIRE HEALTHCARE NHS TRUST,C_330,Dermatology Service,"3,569","2,271",63.60%,13.8,39.6,137,-,52
Y59,RXQ,BUCKINGHAMSHIRE HEALTHCARE NHS TRUST,C_340,Respiratory Medicine Service,"1,024",659,64.40%,12.7,34.6,1,-,-
Y59,RXQ,BUCKINGHAMSHIRE HEALTHCARE NHS TRUST,C_400,Neurology Service,"1,995",993,49.80%,18.1,38.8,32,-,13
Y59,RXQ,BUCKINGHAMSHIRE HEALTHCARE NHS TRUST,C_410,Rheumatology Service,729,445,61.00%,13.3,32.1,4,-,-
Y59,RXQ,BUCKINGHAMSHIRE HEALTHCARE NHS TRUST,C_430,Elderly Medicine Service,184,184,100.00%,3.4,12.1,-,-,-
Y59,RXQ,BUCKINGHAMSHIRE HEALTHCARE NHS TRUST,C_502,Gynaecology Service,"4,135","1,967",47.60%,19.4,58.2,460,9,181
Y59,RXQ,BUCKINGHAMSHIRE HEALTHCARE NHS TRUST,X02,Other - Medical Services,"5,107","2,737",53.60%,16.1,44,130,-,9
Y59,RXQ,BUCKINGHAMSHIRE HEALTHCARE NHS TRUST,X03,Other - Mental Health Services,-,-,-,-,-,-,-,-
Y59,RXQ,BUCKINGHAMSHIRE HEALTHCARE NHS TRUST,X04,Other - Paediatric Services,832,456,54.80%,16,36.2,5,-,-
Y59,RXQ,BUCKINGHAMSHIRE HEALTHCARE NHS TRUST,X05,Other - Surgical Services,"1,565",949,60.60%,12.3,48.2,73,3,32
Y59,RXQ,BUCKINGHAMSHIRE HEALTHCARE NHS TRUST,X06,Other - Other Services,490,431,88.00%,6.5,23.3,1,-,1
Y59,RYR,UNIVERSITY HOSPITALS SUSSEX NHS FOUNDATION TRUST,C_100,General Surgery Service,"3,138","1,365",43.50%,20.8,55.4,308,16,110
Y59,RYR,UNIVERSITY HOSPITALS SUSSEX NHS FOUNDATION TRUST,C_101,Urology Service,"8,406","3,792",45.10%,20.8,58.5,995,70,408
Y59,RYR,UNIVERSITY HOSPITALS SUSSEX NHS FOUNDATION TRUST,C_110,Trauma and Orthopaedic Service,"7,707","2,475",32.10%,28.4,67.6,"1,568",160,770
Y59,RYR,UNIVERSITY HOSPITALS SUSSEX NHS FOUNDATION TRUST,C_120,Ear Nose and Throat Service,"13,323","4,049",30.40%,29.7,57.2,"1,568",47,327
Y59,RYR,UNIVERSITY HOSPITALS SUSSEX NHS FOUNDATION TRUST,C_130,Ophthalmology Service,"16,710","8,294",49.60%,18.2,44.3,536,20,147
Y59,RYR,UNIVERSITY HOSPITALS SUSSEX NHS FOUNDATION TRUST,C_140,Oral Surgery Service,"7,696","2,849",37.00%,26.1,59.8,"1,092",73,349
Y59,RYR,UNIVERSITY HOSPITALS SUSSEX NHS FOUNDATION TRUST,C_150,Neurosurgical Service,764,255,33.40%,29.4,67.9,143,19,69
Y59,RYR,UNIVERSITY HOSPITALS SUSSEX NHS FOUNDATION TRUST,C_160,Plastic Surgery Service,22,5,22.70%,32,51.2,1,-,-
Y59,RYR,UNIVERSITY HOSPITALS SUSSEX NHS FOUNDATION TRUST,C_170,Cardiothoracic Surgery Service,136,56,41.20%,22.8,46,4,-,1
Y59,RYR,UNIVERSITY HOSPITALS SUSSEX NHS FOUNDATION TRUST,C_300,General Internal Medicine Service,52,24,46.20%,19.7,56.3,5,-,-
Y59,RYR,UNIVERSITY HOSPITALS SUSSEX NHS FOUNDATION TRUST,C_301,Gastroenterology Service,"7,035","3,144",44.70%,21,51.7,546,25,189
Y59,RYR,UNIVERSITY HOSPITALS SUSSEX NHS FOUNDATION TRUST,C_320,Cardiology Service,"11,780","5,101",43.30%,21.3,54.4,"1,100",26,265
Y59,RYR,UNIVERSITY HOSPITALS SUSSEX NHS FOUNDATION TRUST,C_330,Dermatology Service,"8,071","2,987",37.00%,23.9,56.7,817,2,329
Y59,RYR,UNIVERSITY HOSPITALS SUSSEX NHS FOUNDATION TRUST,C_340,Respiratory Medicine Service,"2,939","1,649",56.10%,15.3,43.5,19,-,1
Y59,RYR,UNIVERSITY HOSPITALS SUSSEX NHS FOUNDATION TRUST,C_400,Neurology Service,"5,406","1,944",36.00%,25.8,56.6,634,4,115
Y59,RYR,UNIVERSITY HOSPITALS SUSSEX NHS FOUNDATION TRUST,C_410,Rheumatology Service,"2,805","1,430",51.00%,17.7,43.7,17,-,7
Y59,RYR,UNIVERSITY HOSPITALS SUSSEX NHS FOUNDATION TRUST,C_430,Elderly Medicine Service,208,131,63.00%,11.6,40.8,1,-,-
Y59,RYR,UNIVERSITY HOSPITALS SUSSEX NHS FOUNDATION TRUST,C_502,Gynaecology Service,"11,646","5,001",42.90%,22.2,52.9,958,56,348
Y59,RYR,UNIVERSITY HOSPITALS SUSSEX NHS FOUNDATION TRUST,X02,Other - Medical Services,"7,397","3,735",50.50%,17.7,43.7,154,3,32
Y59,RYR,UNIVERSITY HOSPITALS SUSSEX NHS FOUNDATION TRUST,X03,Other - Mental Health Services,-,-,-,-,-,-,-,-
Y59,RYR,UNIVERSITY HOSPITALS SUSSEX NHS FOUNDATION TRUST,X04,Other - Paediatric Services,"9,059","3,863",42.60%,22,53.3,767,2,162
Y59,RYR,UNIVERSITY HOSPITALS SUSSEX NHS FOUNDATION TRUST,X05,Other - Surgical Services,"17,991","7,995",44.40%,21.3,60.4,"2,420",146,932
Y59,RYR,UNIVERSITY HOSPITALS SUSSEX NHS FOUNDATION TRUST,X06,Other - Other Services,"1,536",863,56.20%,15.3,40.7,18,3,4
Y59,RYY,KENT COMMUNITY HEALTH NHS FOUNDATION TRUST,C_100,General Surgery Service,-,-,-,-,-,-,-,-
Y59,RYY,KENT COMMUNITY HEALTH NHS FOUNDATION TRUST,C_101,Urology Service,-,-,-,-,-,-,-,-
Y59,RYY,KENT COMMUNITY HEALTH NHS FOUNDATION TRUST,C_110,Trauma and Orthopaedic Service,"3,260","3,239",99.40%,8.5,15,-,-,-
Y59,RYY,KENT COMMUNITY HEALTH NHS FOUNDATION TRUST,C_120,Ear Nose and Throat Service,-,-,-,-,-,-,-,-
Y59,RYY,KENT COMMUNITY HEALTH NHS FOUNDATION TRUST,C_130,Ophthalmology Service,-,-,-,-,-,-,-,-
Y59,RYY,KENT COMMUNITY HEALTH NHS FOUNDATION TRUST,C_140,Oral Surgery Service,-,-,-,-,-,-,-,-
Y59,RYY,KENT COMMUNITY HEALTH NHS FOUNDATION TRUST,C_150,Neurosurgical Service,-,-,-,-,-,-,-,-
Y59,RYY,KENT COMMUNITY HEALTH NHS FOUNDATION TRUST,C_160,Plastic Surgery Service,-,-,-,-,-,-,-,-
Y59,RYY,KENT COMMUNITY HEALTH NHS FOUNDATION TRUST,C_170,Cardiothoracic Surgery Service,-,-,-,-,-,-,-,-
Y59,RYY,KENT COMMUNITY HEALTH NHS FOUNDATION TRUST,C_300,General Internal Medicine Service,-,-,-,-,-,-,-,-
Y59,RYY,KENT COMMUNITY HEALTH NHS FOUNDATION TRUST,C_301,Gastroenterology Service,-,-,-,-,-,-,-,-
Y59,RYY,KENT COMMUNITY HEALTH NHS FOUNDATION TRUST,C_320,Cardiology Service,-,-,-,-,-,-,-,-
Y59,RYY,KENT COMMUNITY HEALTH NHS FOUNDATION TRUST,C_330,Dermatology Service,-,-,-,-,-,-,-,-
Y59,RYY,KENT COMMUNITY HEALTH NHS FOUNDATION TRUST,C_340,Respiratory Medicine Service,-,-,-,-,-,-,-,-
Y59,RYY,KENT COMMUNITY HEALTH NHS FOUNDATION TRUST,C_400,Neurology Service,-,-,-,-,-,-,-,-
Y59,RYY,KENT COMMUNITY HEALTH NHS FOUNDATION TRUST,C_410,Rheumatology Service,-,-,-,-,-,-,-,-
Y59,RYY,KENT COMMUNITY HEALTH NHS FOUNDATION TRUST,C_430,Elderly Medicine Service,-,-,-,-,-,-,-,-
Y59,RYY,KENT COMMUNITY HEALTH NHS FOUNDATION TRUST,C_502,Gynaecology Service,-,-,-,-,-,-,-,-
Y59,RYY,KENT COMMUNITY HEALTH NHS FOUNDATION TRUST,X02,Other - Medical Services,432,430,99.50%,4.5,9.8,-,-,-
Y59,RYY,KENT COMMUNITY HEALTH NHS FOUNDATION TRUST,X03,Other - Mental Health Services,-,-,-,-,-,-,-,-
Y59,RYY,KENT COMMUNITY HEALTH NHS FOUNDATION TRUST,X04,Other - Paediatric Services,-,-,-,-,-,-,-,-
Y59,RYY,KENT COMMUNITY HEALTH NHS FOUNDATION TRUST,X05,Other - Surgical Services,-,-,-,-,-,-,-,-
Y59,RYY,KENT COMMUNITY HEALTH NHS FOUNDATION TRUST,X06,Other - Other Services,-,-,-,-,-,-,-,-
Y60,R1A,HEREFORDSHIRE AND WORCESTERSHIRE HEALTH AND CARE NHS TRUST,C_100,General Surgery Service,-,-,-,-,-,-,-,-
Y60,R1A,HEREFORDSHIRE AND WORCESTERSHIRE HEALTH AND CARE NHS TRUST,C_101,Urology Service,-,-,-,-,-,-,-,-
Y60,R1A,HEREFORDSHIRE AND WORCESTERSHIRE HEALTH AND CARE NHS TRUST,C_110,Trauma and Orthopaedic Service,47,47,100.00%,5.3,12.2,-,-,-
Y60,R1A,HEREFORDSHIRE AND WORCESTERSHIRE HEALTH AND CARE NHS TRUST,C_120,Ear Nose and Throat Service,-,-,-,-,-,-,-,-
Y60,R1A,HEREFORDSHIRE AND WORCESTERSHIRE HEALTH AND CARE NHS TRUST,C_130,Ophthalmology Service,-,-,-,-,-,-,-,-
Y60,R1A,HEREFORDSHIRE AND WORCESTERSHIRE HEALTH AND CARE NHS TRUST,C_140,Oral Surgery Service,-,-,-,-,-,-,-,-
Y60,R1A,HEREFORDSHIRE AND WORCESTERSHIRE HEALTH AND CARE NHS TRUST,C_150,Neurosurgical Service,-,-,-,-,-,-,-,-
Y60,R1A,HEREFORDSHIRE AND WORCESTERSHIRE HEALTH AND CARE NHS TRUST,C_160,Plastic Surgery Service,-,-,-,-,-,-,-,-
Y60,R1A,HEREFORDSHIRE AND WORCESTERSHIRE HEALTH AND CARE NHS TRUST,C_170,Cardiothoracic Surgery Service,-,-,-,-,-,-,-,-
Y60,R1A,HEREFORDSHIRE AND WORCESTERSHIRE HEALTH AND CARE NHS TRUST,C_300,General Internal Medicine Service,-,-,-,-,-,-,-,-
Y60,R1A,HEREFORDSHIRE AND WORCESTERSHIRE HEALTH AND CARE NHS TRUST,C_301,Gastroenterology Service,-,-,-,-,-,-,-,-
Y60,R1A,HEREFORDSHIRE AND WORCESTERSHIRE HEALTH AND CARE NHS TRUST,C_320,Cardiology Service,-,-,-,-,-,-,-,-
Y60,R1A,HEREFORDSHIRE AND WORCESTERSHIRE HEALTH AND CARE NHS TRUST,C_330,Dermatology Service,-,-,-,-,-,-,-,-
Y60,R1A,HEREFORDSHIRE AND WORCESTERSHIRE HEALTH AND CARE NHS TRUST,C_340,Respiratory Medicine Service,-,-,-,-,-,-,-,-
Y60,R1A,HEREFORDSHIRE AND WORCESTERSHIRE HEALTH AND CARE NHS TRUST,C_400,Neurology Service,-,-,-,-,-,-,-,-
Y60,R1A,HEREFORDSHIRE AND WORCESTERSHIRE HEALTH AND CARE NHS TRUST,C_410,Rheumatology Service,-,-,-,-,-,-,-,-
Y60,R1A,HEREFORDSHIRE AND WORCESTERSHIRE HEALTH AND CARE NHS TRUST,C_430,Elderly Medicine Service,-,-,-,-,-,-,-,-
Y60,R1A,HEREFORDSHIRE AND WORCESTERSHIRE HEALTH AND CARE NHS TRUST,C_502,Gynaecology Service,-,-,-,-,-,-,-,-
Y60,R1A,HEREFORDSHIRE AND WORCESTERSHIRE HEALTH AND CARE NHS TRUST,X02,Other - Medical Services,-,-,-,-,-,-,-,-
Y60,R1A,HEREFORDSHIRE AND WORCESTERSHIRE HEALTH AND CARE NHS TRUST,X03,Other - Mental Health Services,-,-,-,-,-,-,-,-
Y60,R1A,HEREFORDSHIRE AND WORCESTERSHIRE HEALTH AND CARE NHS TRUST,X04,Other - Paediatric Services,-,-,-,-,-,-,-,-
Y60,R1A,HEREFORDSHIRE AND WORCESTERSHIRE HEALTH AND CARE NHS TRUST,X05,Other - Surgical Services,-,-,-,-,-,-,-,-
Y60,R1A,HEREFORDSHIRE AND WORCESTERSHIRE HEALTH AND CARE NHS TRUST,X06,Other - Other Services,-,-,-,-,-,-,-,-
Y60,R1D,SHROPSHIRE COMMUNITY HEALTH NHS TRUST,C_100,General Surgery Service,87,55,63.20%,12.1,26,-,-,-
Y60,R1D,SHROPSHIRE COMMUNITY HEALTH NHS TRUST,C_101,Urology Service,-,-,-,-,-,-,-,-
Y60,R1D,SHROPSHIRE COMMUNITY HEALTH NHS TRUST,C_110,Trauma and Orthopaedic Service,"12,918","6,968",53.90%,16.4,35.8,35,-,-
Y60,R1D,SHROPSHIRE COMMUNITY HEALTH NHS TRUST,C_120,Ear Nose and Throat Service,844,322,38.20%,21.5,39.2,-,-,-
Y60,R1D,SHROPSHIRE COMMUNITY HEALTH NHS TRUST,C_130,Ophthalmology Service,-,-,-,-,-,-,-,-
Y60,R1D,SHROPSHIRE COMMUNITY HEALTH NHS TRUST,C_140,Oral Surgery Service,188,128,68.10%,11.5,45,8,-,1
Y60,R1D,SHROPSHIRE COMMUNITY HEALTH NHS TRUST,C_150,Neurosurgical Service,-,-,-,-,-,-,-,-
Y60,R1D,SHROPSHIRE COMMUNITY HEALTH NHS TRUST,C_160,Plastic Surgery Service,-,-,-,-,-,-,-,-
Y60,R1D,SHROPSHIRE COMMUNITY HEALTH NHS TRUST,C_170,Cardiothoracic Surgery Service,-,-,-,-,-,-,-,-
Y60,R1D,SHROPSHIRE COMMUNITY HEALTH NHS TRUST,C_300,General Internal Medicine Service,-,-,-,-,-,-,-,-
Y60,R1D,SHROPSHIRE COMMUNITY HEALTH NHS TRUST,C_301,Gastroenterology Service,-,-,-,-,-,-,-,-
Y60,R1D,SHROPSHIRE COMMUNITY HEALTH NHS TRUST,C_320,Cardiology Service,42,42,100.00%,10.3,15.3,-,-,-
Y60,R1D,SHROPSHIRE COMMUNITY HEALTH NHS TRUST,C_330,Dermatology Service,-,-,-,-,-,-,-,-
Y60,R1D,SHROPSHIRE COMMUNITY HEALTH NHS TRUST,C_340,Respiratory Medicine Service,69,34,49.30%,19.3,35.7,-,-,-
Y60,R1D,SHROPSHIRE COMMUNITY HEALTH NHS TRUST,C_400,Neurology Service,-,-,-,-,-,-,-,-
Y60,R1D,SHROPSHIRE COMMUNITY HEALTH NHS TRUST,C_410,Rheumatology Service,2,2,100.00%,-,-,-,-,-
Y60,R1D,SHROPSHIRE COMMUNITY HEALTH NHS TRUST,C_430,Elderly Medicine Service,-,-,-,-,-,-,-,-
Y60,R1D,SHROPSHIRE COMMUNITY HEALTH NHS TRUST,C_502,Gynaecology Service,206,97,47.10%,20,39.4,-,-,-
Y60,R1D,SHROPSHIRE COMMUNITY HEALTH NHS TRUST,X02,Other - Medical Services,-,-,-,-,-,-,-,-
Y60,R1D,SHROPSHIRE COMMUNITY HEALTH NHS TRUST,X03,Other - Mental Health Services,-,-,-,-,-,-,-,-
Y60,R1D,SHROPSHIRE COMMUNITY HEALTH NHS TRUST,X04,Other - Paediatric Services,476,393,82.60%,10.7,23,-,-,-
Y60,R1D,SHROPSHIRE COMMUNITY HEALTH NHS TRUST,X05,Other - Surgical Services,-,-,-,-,-,-,-,-
Y60,R1D,SHROPSHIRE COMMUNITY HEALTH NHS TRUST,X06,Other - Other Services,-,-,-,-,-,-,-,-
Y60,RBK,WALSALL HEALTHCARE NHS TRUST,C_100,General Surgery Service,"1,435",634,44.20%,20.9,52.2,115,-,44
Y60,RBK,WALSALL HEALTHCARE NHS TRUST,C_101,Urology Service,6,5,83.30%,-,-,-,-,-
Y60,RBK,WALSALL HEALTHCARE NHS TRUST,C_110,Trauma and Orthopaedic Service,"3,071","1,634",53.20%,16.1,48.4,197,-,27
Y60,RBK,WALSALL HEALTHCARE NHS TRUST,C_120,Ear Nose and Throat Service,"3,550","1,552",43.70%,21.2,43.9,65,-,11
Y60,RBK,WALSALL HEALTHCARE NHS TRUST,C_130,Ophthalmology Service,"1,072",914,85.30%,6.8,24.9,7,-,2
Y60,RBK,WALSALL HEALTHCARE NHS TRUST,C_140,Oral Surgery Service,"2,812",979,34.80%,25.5,59.6,353,-,123
Y60,RBK,WALSALL HEALTHCARE NHS TRUST,C_150,Neurosurgical Service,-,-,-,-,-,-,-,-
Y60,RBK,WALSALL HEALTHCARE NHS TRUST,C_160,Plastic Surgery Service,177,67,37.90%,21.9,39.6,3,-,-
Y60,RBK,WALSALL HEALTHCARE NHS TRUST,C_170,Cardiothoracic Surgery Service,-,-,-,-,-,-,-,-
Y60,RBK,WALSALL HEALTHCARE NHS TRUST,C_300,General Internal Medicine Service,-,-,-,-,-,-,-,-
Y60,RBK,WALSALL HEALTHCARE NHS TRUST,C_301,Gastroenterology Service,"2,433","1,593",65.50%,12.4,38,16,-,2
Y60,RBK,WALSALL HEALTHCARE NHS TRUST,C_320,Cardiology Service,934,864,92.50%,8.6,17.7,-,-,-
Y60,RBK,WALSALL HEALTHCARE NHS TRUST,C_330,Dermatology Service,"1,830",807,44.10%,21.1,46.1,32,-,5
Y60,RBK,WALSALL HEALTHCARE NHS TRUST,C_340,Respiratory Medicine Service,718,677,94.30%,7.3,16.7,-,-,-
Y60,RBK,WALSALL HEALTHCARE NHS TRUST,C_400,Neurology Service,507,491,96.80%,6.7,15.3,-,-,-
Y60,RBK,WALSALL HEALTHCARE NHS TRUST,C_410,Rheumatology Service,"1,465",563,38.40%,23.8,43.9,13,-,1
Y60,RBK,WALSALL HEALTHCARE NHS TRUST,C_430,Elderly Medicine Service,149,147,98.70%,6.6,15,-,-,-
Y60,RBK,WALSALL HEALTHCARE NHS TRUST,C_502,Gynaecology Service,"2,306","1,423",61.70%,13,44.1,96,-,17
Y60,RBK,WALSALL HEALTHCARE NHS TRUST,X02,Other - Medical Services,"2,346","1,467",62.50%,13.9,37.5,14,-,2
Y60,RBK,WALSALL HEALTHCARE NHS TRUST,X03,Other - Mental Health Services,-,-,-,-,-,-,-,-
Y60,RBK,WALSALL HEALTHCARE NHS TRUST,X04,Other - Paediatric Services,"2,747","1,841",67.00%,9.4,41.8,45,-,13
Y60,RBK,WALSALL HEALTHCARE NHS TRUST,X05,Other - Surgical Services,"3,185","1,747",54.90%,15.3,49,204,-,57
Y60,RBK,WALSALL HEALTHCARE NHS TRUST,X06,Other - Other Services,356,223,62.60%,15.5,26.2,1,-,-
Y60,RFS,CHESTERFIELD ROYAL HOSPITAL NHS FOUNDATION TRUST,C_100,General Surgery Service,"1,328",622,46.80%,20.5,63.6,252,5,90
Y60,RFS,CHESTERFIELD ROYAL HOSPITAL NHS FOUNDATION TRUST,C_101,Urology Service,"1,591",965,60.70%,12.3,48.6,101,-,32
Y60,RFS,CHESTERFIELD ROYAL HOSPITAL NHS FOUNDATION TRUST,C_110,Trauma and Orthopaedic Service,"2,621","1,178",44.90%,20.7,58.2,312,2,82
Y60,RFS,CHESTERFIELD ROYAL HOSPITAL NHS FOUNDATION TRUST,C_120,Ear Nose and Throat Service,"1,525","1,021",67.00%,10.9,45,75,-,21
Y60,RFS,CHESTERFIELD ROYAL HOSPITAL NHS FOUNDATION TRUST,C_130,Ophthalmology Service,"2,782","1,305",46.90%,19.1,41.6,59,-,5
Y60,RFS,CHESTERFIELD ROYAL HOSPITAL NHS FOUNDATION TRUST,C_140,Oral Surgery Service,"1,937",899,46.40%,19.8,42.8,54,-,11
Y60,RFS,CHESTERFIELD ROYAL HOSPITAL NHS FOUNDATION TRUST,C_150,Neurosurgical Service,-,-,-,-,-,-,-,-
Y60,RFS,CHESTERFIELD ROYAL HOSPITAL NHS FOUNDATION TRUST,C_160,Plastic Surgery Service,-,-,-,-,-,-,-,-
Y60,RFS,CHESTERFIELD ROYAL HOSPITAL NHS FOUNDATION TRUST,C_170,Cardiothoracic Surgery Service,-,-,-,-,-,-,-,-
Y60,RFS,CHESTERFIELD ROYAL HOSPITAL NHS FOUNDATION TRUST,C_300,General Internal Medicine Service,233,160,68.70%,12.5,35.7,2,-,-
Y60,RFS,CHESTERFIELD ROYAL HOSPITAL NHS FOUNDATION TRUST,C_301,Gastroenterology Service,"1,825",954,52.30%,16.4,50.9,141,-,27
Y60,RFS,CHESTERFIELD ROYAL HOSPITAL NHS FOUNDATION TRUST,C_320,Cardiology Service,"1,096",538,49.10%,18.3,40.1,22,-,1
Y60,RFS,CHESTERFIELD ROYAL HOSPITAL NHS FOUNDATION TRUST,C_330,Dermatology Service,"2,662","1,243",46.70%,19.6,42.9,11,-,-
Y60,RFS,CHESTERFIELD ROYAL HOSPITAL NHS FOUNDATION TRUST,C_340,Respiratory Medicine Service,457,246,53.80%,15.7,38.7,9,-,1
Y60,RFS,CHESTERFIELD ROYAL HOSPITAL NHS FOUNDATION TRUST,C_400,Neurology Service,-,-,-,-,-,-,-,-
Y60,RFS,CHESTERFIELD ROYAL HOSPITAL NHS FOUNDATION TRUST,C_410,Rheumatology Service,687,396,57.60%,15.4,29.2,-,-,-
Y60,RFS,CHESTERFIELD ROYAL HOSPITAL NHS FOUNDATION TRUST,C_430,Elderly Medicine Service,-,-,-,-,-,-,-,-
Y60,RFS,CHESTERFIELD ROYAL HOSPITAL NHS FOUNDATION TRUST,C_502,Gynaecology Service,"2,152","1,349",62.70%,12.8,40.2,65,-,6
Y60,RFS,CHESTERFIELD ROYAL HOSPITAL NHS FOUNDATION TRUST,X02,Other - Medical Services,"1,395",871,62.40%,12.7,37.6,2,-,-
Y60,RFS,CHESTERFIELD ROYAL HOSPITAL NHS FOUNDATION TRUST,X03,Other - Mental Health Services,-,-,-,-,-,-,-,-
Y60,RFS,CHESTERFIELD ROYAL HOSPITAL NHS FOUNDATION TRUST,X04,Other - Paediatric Services,"1,944","1,148",59.10%,13.8,40.6,17,-,2
Y60,RFS,CHESTERFIELD ROYAL HOSPITAL NHS FOUNDATION TRUST,X05,Other - Surgical Services,"3,025","1,546",51.10%,17.2,47.2,164,4,50
Y60,RFS,CHESTERFIELD ROYAL HOSPITAL NHS FOUNDATION TRUST,X06,Other - Other Services,-,-,-,-,-,-,-,-
Y60,RJC,SOUTH WARWICKSHIRE UNIVERSITY NHS FOUNDATION TRUST,C_100,General Surgery Service,"1,648",730,44.30%,21.6,54.8,160,-,32
Y60,RJC,SOUTH WARWICKSHIRE UNIVERSITY NHS FOUNDATION TRUST,C_101,Urology Service,"2,266","1,462",64.50%,12.4,39.8,37,-,2
Y60,RJC,SOUTH WARWICKSHIRE UNIVERSITY NHS FOUNDATION TRUST,C_110,Trauma and Orthopaedic Service,"4,068","2,900",71.30%,11.8,30.8,4,-,-
Y60,RJC,SOUTH WARWICKSHIRE UNIVERSITY NHS FOUNDATION TRUST,C_120,Ear Nose and Throat Service,"4,696","2,242",47.70%,18.9,42.6,140,-,13
Y60,RJC,SOUTH WARWICKSHIRE UNIVERSITY NHS FOUNDATION TRUST,C_130,Ophthalmology Service,"1,562","1,236",79.10%,8.6,29.7,16,-,3
Y60,RJC,SOUTH WARWICKSHIRE UNIVERSITY NHS FOUNDATION TRUST,C_140,Oral Surgery Service,"1,113",347,31.20%,28,49.9,75,-,17
Y60,RJC,SOUTH WARWICKSHIRE UNIVERSITY NHS FOUNDATION TRUST,C_150,Neurosurgical Service,-,-,-,-,-,-,-,-
Y60,RJC,SOUTH WARWICKSHIRE UNIVERSITY NHS FOUNDATION TRUST,C_160,Plastic Surgery Service,277,122,44.00%,21.9,57.4,30,-,9
Y60,RJC,SOUTH WARWICKSHIRE UNIVERSITY NHS FOUNDATION TRUST,C_170,Cardiothoracic Surgery Service,-,-,-,-,-,-,-,-
Y60,RJC,SOUTH WARWICKSHIRE UNIVERSITY NHS FOUNDATION TRUST,C_300,General Internal Medicine Service,138,130,94.20%,8.7,16.6,-,-,-
Y60,RJC,SOUTH WARWICKSHIRE UNIVERSITY NHS FOUNDATION TRUST,C_301,Gastroenterology Service,"1,652","1,407",85.20%,9.6,21.5,2,-,-
Y60,RJC,SOUTH WARWICKSHIRE UNIVERSITY NHS FOUNDATION TRUST,C_320,Cardiology Service,"1,046",547,52.30%,17,42.4,17,-,3
Y60,RJC,SOUTH WARWICKSHIRE UNIVERSITY NHS FOUNDATION TRUST,C_330,Dermatology Service,"2,631","1,656",62.90%,13.6,36.4,9,-,-
Y60,RJC,SOUTH WARWICKSHIRE UNIVERSITY NHS FOUNDATION TRUST,C_340,Respiratory Medicine Service,990,599,60.50%,14.6,35.1,6,-,1
Y60,RJC,SOUTH WARWICKSHIRE UNIVERSITY NHS FOUNDATION TRUST,C_400,Neurology Service,-,-,-,-,-,-,-,-
Y60,RJC,SOUTH WARWICKSHIRE UNIVERSITY NHS FOUNDATION TRUST,C_410,Rheumatology Service,980,710,72.40%,11.7,27.8,-,-,-
Y60,RJC,SOUTH WARWICKSHIRE UNIVERSITY NHS FOUNDATION TRUST,C_430,Elderly Medicine Service,138,128,92.80%,6.3,17.5,-,-,-
Y60,RJC,SOUTH WARWICKSHIRE UNIVERSITY NHS FOUNDATION TRUST,C_502,Gynaecology Service,"3,358","1,964",58.50%,14.8,36.2,58,-,5
Y60,RJC,SOUTH WARWICKSHIRE UNIVERSITY NHS FOUNDATION TRUST,X02,Other - Medical Services,"2,461","1,741",70.70%,11,36.7,57,-,14
Y60,RJC,SOUTH WARWICKSHIRE UNIVERSITY NHS FOUNDATION TRUST,X03,Other - Mental Health Services,-,-,-,-,-,-,-,-
Y60,RJC,SOUTH WARWICKSHIRE UNIVERSITY NHS FOUNDATION TRUST,X04,Other - Paediatric Services,"1,028",506,49.20%,18.2,46.4,50,-,9
Y60,RJC,SOUTH WARWICKSHIRE UNIVERSITY NHS FOUNDATION TRUST,X05,Other - Surgical Services,"3,245","2,011",62.00%,13.9,46,189,-,52
Y60,RJC,SOUTH WARWICKSHIRE UNIVERSITY NHS FOUNDATION TRUST,X06,Other - Other Services,326,310,95.10%,3.6,13,-,-,-
Y60,RJE,UNIVERSITY HOSPITALS OF NORTH MIDLANDS NHS TRUST,C_100,General Surgery Service,"10,080","5,238",52.00%,16.9,46.4,532,13,194
Y60,RJE,UNIVERSITY HOSPITALS OF NORTH MIDLANDS NHS TRUST,C_101,Urology Service,"3,873","2,340",60.40%,13.9,38.6,15,1,3
Y60,RJE,UNIVERSITY HOSPITALS OF NORTH MIDLANDS NHS TRUST,C_110,Trauma and Orthopaedic Service,"6,932","2,930",42.30%,21.9,55.2,646,61,261
Y60,RJE,UNIVERSITY HOSPITALS OF NORTH MIDLANDS NHS TRUST,C_120,Ear Nose and Throat Service,"4,466","1,915",42.90%,22.1,53.2,369,14,114
Y60,RJE,UNIVERSITY HOSPITALS OF NORTH MIDLANDS NHS TRUST,C_130,Ophthalmology Service,"5,121","2,573",50.20%,17.9,46.2,190,3,67
Y60,RJE,UNIVERSITY HOSPITALS OF NORTH MIDLANDS NHS TRUST,C_140,Oral Surgery Service,"3,507","1,637",46.70%,19.8,47.2,137,3,31
Y60,RJE,UNIVERSITY HOSPITALS OF NORTH MIDLANDS NHS TRUST,C_150,Neurosurgical Service,847,459,54.20%,15.7,46.8,41,2,9
Y60,RJE,UNIVERSITY HOSPITALS OF NORTH MIDLANDS NHS TRUST,C_160,Plastic Surgery Service,"1,663",947,56.90%,14.1,46,69,-,19
Y60,RJE,UNIVERSITY HOSPITALS OF NORTH MIDLANDS NHS TRUST,C_170,Cardiothoracic Surgery Service,236,158,66.90%,10.7,38,2,-,1
Y60,RJE,UNIVERSITY HOSPITALS OF NORTH MIDLANDS NHS TRUST,C_300,General Internal Medicine Service,-,-,-,-,-,-,-,-
Y60,RJE,UNIVERSITY HOSPITALS OF NORTH MIDLANDS NHS TRUST,C_301,Gastroenterology Service,"7,165","2,825",39.40%,24.4,54.4,650,8,205
Y60,RJE,UNIVERSITY HOSPITALS OF NORTH MIDLANDS NHS TRUST,C_320,Cardiology Service,"4,211","2,745",65.20%,11.5,40.9,70,-,8
Y60,RJE,UNIVERSITY HOSPITALS OF NORTH MIDLANDS NHS TRUST,C_330,Dermatology Service,"2,191","1,413",64.50%,11.8,34.7,5,1,1
Y60,RJE,UNIVERSITY HOSPITALS OF NORTH MIDLANDS NHS TRUST,C_340,Respiratory Medicine Service,"8,027","3,198",39.80%,23.5,53.3,706,2,149
Y60,RJE,UNIVERSITY HOSPITALS OF NORTH MIDLANDS NHS TRUST,C_400,Neurology Service,"6,816","2,523",37.00%,26.4,57.2,843,4,140
Y60,RJE,UNIVERSITY HOSPITALS OF NORTH MIDLANDS NHS TRUST,C_410,Rheumatology Service,1,-,-,-,-,-,-,-
Y60,RJE,UNIVERSITY HOSPITALS OF NORTH MIDLANDS NHS TRUST,C_430,Elderly Medicine Service,40,34,85.00%,7.6,23.8,-,-,-
Y60,RJE,UNIVERSITY HOSPITALS OF NORTH MIDLANDS NHS TRUST,C_502,Gynaecology Service,"5,045","2,359",46.80%,20.1,47,235,-,18
Y60,RJE,UNIVERSITY HOSPITALS OF NORTH MIDLANDS NHS TRUST,X02,Other - Medical Services,"8,246","5,134",62.30%,12.9,39.8,173,1,35
Y60,RJE,UNIVERSITY HOSPITALS OF NORTH MIDLANDS NHS TRUST,X03,Other - Mental Health Services,2,2,100.00%,-,-,-,-,-
Y60,RJE,UNIVERSITY HOSPITALS OF NORTH MIDLANDS NHS TRUST,X04,Other - Paediatric Services,"1,907","1,393",73.00%,8.1,37.9,31,4,11
Y60,RJE,UNIVERSITY HOSPITALS OF NORTH MIDLANDS NHS TRUST,X05,Other - Surgical Services,25,19,76.00%,3.9,43,-,-,-
Y60,RJE,UNIVERSITY HOSPITALS OF NORTH MIDLANDS NHS TRUST,X06,Other - Other Services,467,413,88.40%,6.4,23.1,3,-,-
Y60,RK5,SHERWOOD FOREST HOSPITALS NHS FOUNDATION TRUST,C_100,General Surgery Service,"4,555","2,663",58.50%,14.5,42.8,182,5,49
Y60,RK5,SHERWOOD FOREST HOSPITALS NHS FOUNDATION TRUST,C_101,Urology Service,"2,521","1,892",75.00%,9.1,32.3,18,-,-
Y60,RK5,SHERWOOD FOREST HOSPITALS NHS FOUNDATION TRUST,C_110,Trauma and Orthopaedic Service,"4,447","2,362",53.10%,16.5,45.7,179,1,34
Y60,RK5,SHERWOOD FOREST HOSPITALS NHS FOUNDATION TRUST,C_120,Ear Nose and Throat Service,"6,342","3,584",56.50%,15.2,43.7,303,1,76
Y60,RK5,SHERWOOD FOREST HOSPITALS NHS FOUNDATION TRUST,C_130,Ophthalmology Service,"5,448","4,171",76.60%,9,28.8,13,-,1
Y60,RK5,SHERWOOD FOREST HOSPITALS NHS FOUNDATION TRUST,C_140,Oral Surgery Service,"1,185",716,60.40%,14.4,43.8,66,-,30
Y60,RK5,SHERWOOD FOREST HOSPITALS NHS FOUNDATION TRUST,C_150,Neurosurgical Service,-,-,-,-,-,-,-,-
Y60,RK5,SHERWOOD FOREST HOSPITALS NHS FOUNDATION TRUST,C_160,Plastic Surgery Service,344,217,63.10%,13.7,32.1,5,-,1
Y60,RK5,SHERWOOD FOREST HOSPITALS NHS FOUNDATION TRUST,C_170,Cardiothoracic Surgery Service,-,-,-,-,-,-,-,-
Y60,RK5,SHERWOOD FOREST HOSPITALS NHS FOUNDATION TRUST,C_300,General Internal Medicine Service,-,-,-,-,-,-,-,-
Y60,RK5,SHERWOOD FOREST HOSPITALS NHS FOUNDATION TRUST,C_301,Gastroenterology Service,"6,368","3,400",53.40%,16.1,47.8,348,-,68
Y60,RK5,SHERWOOD FOREST HOSPITALS NHS FOUNDATION TRUST,C_320,Cardiology Service,"4,409","2,225",50.50%,17.7,48.5,294,6,95
Y60,RK5,SHERWOOD FOREST HOSPITALS NHS FOUNDATION TRUST,C_330,Dermatology Service,"2,335","1,346",57.60%,14.9,46,110,-,12
Y60,RK5,SHERWOOD FOREST HOSPITALS NHS FOUNDATION TRUST,C_340,Respiratory Medicine Service,"2,419","1,409",58.20%,14.6,42,62,-,3
Y60,RK5,SHERWOOD FOREST HOSPITALS NHS FOUNDATION TRUST,C_400,Neurology Service,-,-,-,-,-,-,-,-
Y60,RK5,SHERWOOD FOREST HOSPITALS NHS FOUNDATION TRUST,C_410,Rheumatology Service,865,763,88.20%,8.3,20.6,-,-,-
Y60,RK5,SHERWOOD FOREST HOSPITALS NHS FOUNDATION TRUST,C_430,Elderly Medicine Service,289,167,57.80%,12.7,38.8,-,-,-
Y60,RK5,SHERWOOD FOREST HOSPITALS NHS FOUNDATION TRUST,C_502,Gynaecology Service,"3,020","1,914",63.40%,12,40.8,65,-,2
Y60,RK5,SHERWOOD FOREST HOSPITALS NHS FOUNDATION TRUST,X02,Other - Medical Services,"3,768","1,646",43.70%,21.1,51.1,279,1,47
Y60,RK5,SHERWOOD FOREST HOSPITALS NHS FOUNDATION TRUST,X03,Other - Mental Health Services,-,-,-,-,-,-,-,-
Y60,RK5,SHERWOOD FOREST HOSPITALS NHS FOUNDATION TRUST,X04,Other - Paediatric Services,"4,072","2,889",70.90%,10.6,31.7,9,-,-
Y60,RK5,SHERWOOD FOREST HOSPITALS NHS FOUNDATION TRUST,X05,Other - Surgical Services,178,143,80.30%,9.6,25.4,-,-,-
Y60,RK5,SHERWOOD FOREST HOSPITALS NHS FOUNDATION TRUST,X06,Other - Other Services,-,-,-,-,-,-,-,-
Y60,RKB,UNIVERSITY HOSPITALS COVENTRY AND WARWICKSHIRE NHS TRUST,C_100,General Surgery Service,"7,931","3,730",47.00%,19.2,47.3,384,-,82
Y60,RKB,UNIVERSITY HOSPITALS COVENTRY AND WARWICKSHIRE NHS TRUST,C_101,Urology Service,"3,519","1,660",47.20%,19.1,48.6,213,-,60
Y60,RKB,UNIVERSITY HOSPITALS COVENTRY AND WARWICKSHIRE NHS TRUST,C_110,Trauma and Orthopaedic Service,"6,920","3,479",50.30%,17.9,47.3,393,-,102
Y60,RKB,UNIVERSITY HOSPITALS COVENTRY AND WARWICKSHIRE NHS TRUST,C_120,Ear Nose and Throat Service,"5,288","1,686",31.90%,29.1,57.9,621,-,228
Y60,RKB,UNIVERSITY HOSPITALS COVENTRY AND WARWICKSHIRE NHS TRUST,C_130,Ophthalmology Service,"4,020","2,308",57.40%,14.9,42.4,143,-,37
Y60,RKB,UNIVERSITY HOSPITALS COVENTRY AND WARWICKSHIRE NHS TRUST,C_140,Oral Surgery Service,"3,332","1,726",51.80%,16.8,57.5,368,-,136
Y60,RKB,UNIVERSITY HOSPITALS COVENTRY AND WARWICKSHIRE NHS TRUST,C_150,Neurosurgical Service,"3,782","1,491",39.40%,23.3,53.3,326,5,85
Y60,RKB,UNIVERSITY HOSPITALS COVENTRY AND WARWICKSHIRE NHS TRUST,C_160,Plastic Surgery Service,599,251,41.90%,21.9,57.5,66,-,18
Y60,RKB,UNIVERSITY HOSPITALS COVENTRY AND WARWICKSHIRE NHS TRUST,C_170,Cardiothoracic Surgery Service,359,183,51.00%,17.1,49.8,24,-,7
Y60,RKB,UNIVERSITY HOSPITALS COVENTRY AND WARWICKSHIRE NHS TRUST,C_300,General Internal Medicine Service,523,339,64.80%,11.6,30.5,1,-,-
Y60,RKB,UNIVERSITY HOSPITALS COVENTRY AND WARWICKSHIRE NHS TRUST,C_301,Gastroenterology Service,"1,917","1,425",74.30%,8.2,28.4,3,-,1
Y60,RKB,UNIVERSITY HOSPITALS COVENTRY AND WARWICKSHIRE NHS TRUST,C_320,Cardiology Service,"2,315","1,463",63.20%,13,30.2,1,-,-
Y60,RKB,UNIVERSITY HOSPITALS COVENTRY AND WARWICKSHIRE NHS TRUST,C_330,Dermatology Service,"7,410","3,073",41.50%,22,48.5,401,1,56
Y60,RKB,UNIVERSITY HOSPITALS COVENTRY AND WARWICKSHIRE NHS TRUST,C_340,Respiratory Medicine Service,"2,297","1,321",57.50%,15.5,40.9,13,-,3
Y60,RKB,UNIVERSITY HOSPITALS COVENTRY AND WARWICKSHIRE NHS TRUST,C_400,Neurology Service,"3,390","1,695",50.00%,18,41.9,84,3,14
Y60,RKB,UNIVERSITY HOSPITALS COVENTRY AND WARWICKSHIRE NHS TRUST,C_410,Rheumatology Service,389,356,91.50%,6.9,18.5,-,-,-
Y60,RKB,UNIVERSITY HOSPITALS COVENTRY AND WARWICKSHIRE NHS TRUST,C_430,Elderly Medicine Service,80,80,100.00%,4.3,9.9,-,-,-
Y60,RKB,UNIVERSITY HOSPITALS COVENTRY AND WARWICKSHIRE NHS TRUST,C_502,Gynaecology Service,"5,165","2,376",46.00%,20.2,55.8,500,-,155
Y60,RKB,UNIVERSITY HOSPITALS COVENTRY AND WARWICKSHIRE NHS TRUST,X02,Other - Medical Services,"7,399","3,959",53.50%,16.3,36,61,-,18
Y60,RKB,UNIVERSITY HOSPITALS COVENTRY AND WARWICKSHIRE NHS TRUST,X03,Other - Mental Health Services,-,-,-,-,-,-,-,-
Y60,RKB,UNIVERSITY HOSPITALS COVENTRY AND WARWICKSHIRE NHS TRUST,X04,Other - Paediatric Services,"1,264",657,52.00%,16.8,44.3,25,-,2
Y60,RKB,UNIVERSITY HOSPITALS COVENTRY AND WARWICKSHIRE NHS TRUST,X05,Other - Surgical Services,-,-,-,-,-,-,-,-
Y60,RKB,UNIVERSITY HOSPITALS COVENTRY AND WARWICKSHIRE NHS TRUST,X06,Other - Other Services,157,122,77.70%,6.2,38.4,3,-,1
Y60,RL1,THE ROBERT JONES AND AGNES HUNT ORTHOPAEDIC HOSPITAL NHS FOUNDATION TRUST,C_100,General Surgery Service,-,-,-,-,-,-,-,-
Y60,RL1,THE ROBERT JONES AND AGNES HUNT ORTHOPAEDIC HOSPITAL NHS FOUNDATION TRUST,C_101,Urology Service,-,-,-,-,-,-,-,-
Y60,RL1,THE ROBERT JONES AND AGNES HUNT ORTHOPAEDIC HOSPITAL NHS FOUNDATION TRUST,C_110,Trauma and Orthopaedic Service,"10,741","4,104",38.20%,23.7,56.6,"1,150",10,355
Y60,RL1,THE ROBERT JONES AND AGNES HUNT ORTHOPAEDIC HOSPITAL NHS FOUNDATION TRUST,C_120,Ear Nose and Throat Service,-,-,-,-,-,-,-,-
Y60,RL1,THE ROBERT JONES AND AGNES HUNT ORTHOPAEDIC HOSPITAL NHS FOUNDATION TRUST,C_130,Ophthalmology Service,-,-,-,-,-,-,-,-
Y60,RL1,THE ROBERT JONES AND AGNES HUNT ORTHOPAEDIC HOSPITAL NHS FOUNDATION TRUST,C_140,Oral Surgery Service,-,-,-,-,-,-,-,-
Y60,RL1,THE ROBERT JONES AND AGNES HUNT ORTHOPAEDIC HOSPITAL NHS FOUNDATION TRUST,C_150,Neurosurgical Service,-,-,-,-,-,-,-,-
Y60,RL1,THE ROBERT JONES AND AGNES HUNT ORTHOPAEDIC HOSPITAL NHS FOUNDATION TRUST,C_160,Plastic Surgery Service,-,-,-,-,-,-,-,-
Y60,RL1,THE ROBERT JONES AND AGNES HUNT ORTHOPAEDIC HOSPITAL NHS FOUNDATION TRUST,C_170,Cardiothoracic Surgery Service,-,-,-,-,-,-,-,-
Y60,RL1,THE ROBERT JONES AND AGNES HUNT ORTHOPAEDIC HOSPITAL NHS FOUNDATION TRUST,C_300,General Internal Medicine Service,"2,809","1,761",62.70%,12.8,28.3,9,-,1
Y60,RL1,THE ROBERT JONES AND AGNES HUNT ORTHOPAEDIC HOSPITAL NHS FOUNDATION TRUST,C_301,Gastroenterology Service,-,-,-,-,-,-,-,-
Y60,RL1,THE ROBERT JONES AND AGNES HUNT ORTHOPAEDIC HOSPITAL NHS FOUNDATION TRUST,C_320,Cardiology Service,-,-,-,-,-,-,-,-
Y60,RL1,THE ROBERT JONES AND AGNES HUNT ORTHOPAEDIC HOSPITAL NHS FOUNDATION TRUST,C_330,Dermatology Service,-,-,-,-,-,-,-,-
Y60,RL1,THE ROBERT JONES AND AGNES HUNT ORTHOPAEDIC HOSPITAL NHS FOUNDATION TRUST,C_340,Respiratory Medicine Service,1,-,-,-,-,-,-,-
Y60,RL1,THE ROBERT JONES AND AGNES HUNT ORTHOPAEDIC HOSPITAL NHS FOUNDATION TRUST,C_400,Neurology Service,175,152,86.90%,8.5,29,5,-,-
Y60,RL1,THE ROBERT JONES AND AGNES HUNT ORTHOPAEDIC HOSPITAL NHS FOUNDATION TRUST,C_410,Rheumatology Service,694,535,77.10%,11.1,23.7,-,-,-
Y60,RL1,THE ROBERT JONES AND AGNES HUNT ORTHOPAEDIC HOSPITAL NHS FOUNDATION TRUST,C_430,Elderly Medicine Service,26,25,96.20%,5.5,13.9,-,-,-
Y60,RL1,THE ROBERT JONES AND AGNES HUNT ORTHOPAEDIC HOSPITAL NHS FOUNDATION TRUST,C_502,Gynaecology Service,-,-,-,-,-,-,-,-
Y60,RL1,THE ROBERT JONES AND AGNES HUNT ORTHOPAEDIC HOSPITAL NHS FOUNDATION TRUST,X02,Other - Medical Services,39,33,84.60%,6.2,29.9,-,-,-
Y60,RL1,THE ROBERT JONES AND AGNES HUNT ORTHOPAEDIC HOSPITAL NHS FOUNDATION TRUST,X03,Other - Mental Health Services,-,-,-,-,-,-,-,-
Y60,RL1,THE ROBERT JONES AND AGNES HUNT ORTHOPAEDIC HOSPITAL NHS FOUNDATION TRUST,X04,Other - Paediatric Services,-,-,-,-,-,-,-,-
Y60,RL1,THE ROBERT JONES AND AGNES HUNT ORTHOPAEDIC HOSPITAL NHS FOUNDATION TRUST,X05,Other - Surgical Services,-,-,-,-,-,-,-,-
Y60,RL1,THE ROBERT JONES AND AGNES HUNT ORTHOPAEDIC HOSPITAL NHS FOUNDATION TRUST,X06,Other - Other Services,307,171,55.70%,14.9,36.1,1,-,-
Y60,RL4,THE ROYAL WOLVERHAMPTON NHS TRUST,C_100,General Surgery Service,"8,590","4,070",47.40%,19.4,46.7,459,-,171
Y60,RL4,THE ROYAL WOLVERHAMPTON NHS TRUST,C_101,Urology Service,"9,835","4,477",45.50%,20,54.5,862,38,373
Y60,RL4,THE ROYAL WOLVERHAMPTON NHS TRUST,C_110,Trauma and Orthopaedic Service,"8,918","5,480",61.40%,13.4,36.1,89,-,10
Y60,RL4,THE ROYAL WOLVERHAMPTON NHS TRUST,C_120,Ear Nose and Throat Service,"7,401","3,420",46.20%,20,41,120,-,13
Y60,RL4,THE ROYAL WOLVERHAMPTON NHS TRUST,C_130,Ophthalmology Service,"7,074","5,183",73.30%,9.5,33.7,69,-,31
Y60,RL4,THE ROYAL WOLVERHAMPTON NHS TRUST,C_140,Oral Surgery Service,"4,121","2,144",52.00%,16.9,46.7,194,-,38
Y60,RL4,THE ROYAL WOLVERHAMPTON NHS TRUST,C_150,Neurosurgical Service,-,-,-,-,-,-,-,-
Y60,RL4,THE ROYAL WOLVERHAMPTON NHS TRUST,C_160,Plastic Surgery Service,262,154,58.80%,14.2,38.3,1,-,-
Y60,RL4,THE ROYAL WOLVERHAMPTON NHS TRUST,C_170,Cardiothoracic Surgery Service,-,-,-,-,-,-,-,-
Y60,RL4,THE ROYAL WOLVERHAMPTON NHS TRUST,C_300,General Internal Medicine Service,101,73,72.30%,9.3,31,1,-,1
Y60,RL4,THE ROYAL WOLVERHAMPTON NHS TRUST,C_301,Gastroenterology Service,"4,148","2,499",60.20%,14.5,35.3,17,-,1
Y60,RL4,THE ROYAL WOLVERHAMPTON NHS TRUST,C_320,Cardiology Service,"7,656","3,682",48.10%,19.1,45.8,344,-,126
Y60,RL4,THE ROYAL WOLVERHAMPTON NHS TRUST,C_330,Dermatology Service,"1,215",817,67.20%,11.4,28.9,-,-,-
Y60,RL4,THE ROYAL WOLVERHAMPTON NHS TRUST,C_340,Respiratory Medicine Service,"1,930","1,375",71.20%,11.4,28.9,-,-,-
Y60,RL4,THE ROYAL WOLVERHAMPTON NHS TRUST,C_400,Neurology Service,"3,831","2,365",61.70%,14.3,33.4,11,-,3
Y60,RL4,THE ROYAL WOLVERHAMPTON NHS TRUST,C_410,Rheumatology Service,"3,160","1,681",53.20%,16.4,40.6,3,-,-
Y60,RL4,THE ROYAL WOLVERHAMPTON NHS TRUST,C_430,Elderly Medicine Service,97,86,88.70%,6.8,19.7,-,-,-
Y60,RL4,THE ROYAL WOLVERHAMPTON NHS TRUST,C_502,Gynaecology Service,"7,025","3,286",46.80%,19.4,48,370,-,130
Y60,RL4,THE ROYAL WOLVERHAMPTON NHS TRUST,X02,Other - Medical Services,"8,791","4,977",56.60%,15.2,38,68,-,8
Y60,RL4,THE ROYAL WOLVERHAMPTON NHS TRUST,X03,Other - Mental Health Services,-,-,-,-,-,-,-,-
Y60,RL4,THE ROYAL WOLVERHAMPTON NHS TRUST,X04,Other - Paediatric Services,"3,072","1,494",48.60%,18.8,43.9,63,-,8
Y60,RL4,THE ROYAL WOLVERHAMPTON NHS TRUST,X05,Other - Surgical Services,810,427,52.70%,16.4,39.4,28,-,6
Y60,RL4,THE ROYAL WOLVERHAMPTON NHS TRUST,X06,Other - Other Services,22,13,59.10%,12.5,31.6,-,-,-
Y60,RLQ,WYE VALLEY NHS TRUST,C_100,General Surgery Service,694,448,64.60%,12.1,35.6,11,-,1
Y60,RLQ,WYE VALLEY NHS TRUST,C_101,Urology Service,"1,433",954,66.60%,12,41.1,39,4,12
Y60,RLQ,WYE VALLEY NHS TRUST,C_110,Trauma and Orthopaedic Service,"2,961","1,352",45.70%,20.6,61.3,428,1,147
Y60,RLQ,WYE VALLEY NHS TRUST,C_120,Ear Nose and Throat Service,"2,264","1,100",48.60%,18.8,45.5,53,-,11
Y60,RLQ,WYE VALLEY NHS TRUST,C_130,Ophthalmology Service,"3,439","1,816",52.80%,16.7,54.1,297,-,59
Y60,RLQ,WYE VALLEY NHS TRUST,C_140,Oral Surgery Service,554,257,46.40%,19.1,59.1,77,6,19
Y60,RLQ,WYE VALLEY NHS TRUST,C_150,Neurosurgical Service,-,-,-,-,-,-,-,-
Y60,RLQ,WYE VALLEY NHS TRUST,C_160,Plastic Surgery Service,352,237,67.30%,12.3,40,11,-,1
Y60,RLQ,WYE VALLEY NHS TRUST,C_170,Cardiothoracic Surgery Service,13,9,69.20%,-,-,-,-,-
Y60,RLQ,WYE VALLEY NHS TRUST,C_300,General Internal Medicine Service,34,17,50.00%,18,47.3,-,-,-
Y60,RLQ,WYE VALLEY NHS TRUST,C_301,Gastroenterology Service,"1,169",837,71.60%,11.2,37.5,23,1,5
Y60,RLQ,WYE VALLEY NHS TRUST,C_320,Cardiology Service,"1,535",812,52.90%,16.6,53.5,127,-,45
Y60,RLQ,WYE VALLEY NHS TRUST,C_330,Dermatology Service,"1,390",752,54.10%,16,55.6,124,-,27
Y60,RLQ,WYE VALLEY NHS TRUST,C_340,Respiratory Medicine Service,861,645,74.90%,11.5,32.1,6,-,1
Y60,RLQ,WYE VALLEY NHS TRUST,C_400,Neurology Service,551,268,48.60%,19.3,44,10,-,2
Y60,RLQ,WYE VALLEY NHS TRUST,C_410,Rheumatology Service,374,273,73.00%,11.5,26.6,2,-,-
Y60,RLQ,WYE VALLEY NHS TRUST,C_430,Elderly Medicine Service,93,76,81.70%,8.7,33.6,-,-,-
Y60,RLQ,WYE VALLEY NHS TRUST,C_502,Gynaecology Service,"1,890","1,024",54.20%,15.8,47.4,102,2,40
Y60,RLQ,WYE VALLEY NHS TRUST,X02,Other - Medical Services,"1,172",882,75.30%,8.8,29.9,11,-,3
Y60,RLQ,WYE VALLEY NHS TRUST,X03,Other - Mental Health Services,-,-,-,-,-,-,-,-
Y60,RLQ,WYE VALLEY NHS TRUST,X04,Other - Paediatric Services,619,331,53.50%,16,40.8,5,-,1
Y60,RLQ,WYE VALLEY NHS TRUST,X05,Other - Surgical Services,"1,509","1,168",77.40%,9.3,32.3,24,-,7
Y60,RLQ,WYE VALLEY NHS TRUST,X06,Other - Other Services,-,-,-,-,-,-,-,-
Y60,RLT,GEORGE ELIOT HOSPITAL NHS TRUST,C_100,General Surgery Service,"2,390","1,153",48.20%,18.6,45.1,85,-,5
Y60,RLT,GEORGE ELIOT HOSPITAL NHS TRUST,C_101,Urology Service,"1,558",765,49.10%,18.4,42.5,39,-,2
Y60,RLT,GEORGE ELIOT HOSPITAL NHS TRUST,C_110,Trauma and Orthopaedic Service,"1,845","1,173",63.60%,12.9,36.4,20,-,1
Y60,RLT,GEORGE ELIOT HOSPITAL NHS TRUST,C_120,Ear Nose and Throat Service,"2,048","1,135",55.40%,14.5,36.6,5,-,-
Y60,RLT,GEORGE ELIOT HOSPITAL NHS TRUST,C_130,Ophthalmology Service,283,173,61.10%,14.8,29.8,-,-,-
Y60,RLT,GEORGE ELIOT HOSPITAL NHS TRUST,C_140,Oral Surgery Service,583,298,51.10%,16.9,53.1,47,-,3
Y60,RLT,GEORGE ELIOT HOSPITAL NHS TRUST,C_150,Neurosurgical Service,-,-,-,-,-,-,-,-
Y60,RLT,GEORGE ELIOT HOSPITAL NHS TRUST,C_160,Plastic Surgery Service,450,208,46.20%,19.6,47.1,9,-,1
Y60,RLT,GEORGE ELIOT HOSPITAL NHS TRUST,C_170,Cardiothoracic Surgery Service,-,-,-,-,-,-,-,-
Y60,RLT,GEORGE ELIOT HOSPITAL NHS TRUST,C_300,General Internal Medicine Service,784,542,69.10%,10.6,30.4,-,-,-
Y60,RLT,GEORGE ELIOT HOSPITAL NHS TRUST,C_301,Gastroenterology Service,784,600,76.50%,10.7,24.1,-,-,-
Y60,RLT,GEORGE ELIOT HOSPITAL NHS TRUST,C_320,Cardiology Service,"1,507",924,61.30%,13.6,37.9,26,-,3
Y60,RLT,GEORGE ELIOT HOSPITAL NHS TRUST,C_330,Dermatology Service,-,-,-,-,-,-,-,-
Y60,RLT,GEORGE ELIOT HOSPITAL NHS TRUST,C_340,Respiratory Medicine Service,478,358,74.90%,9.7,24.4,1,-,-
Y60,RLT,GEORGE ELIOT HOSPITAL NHS TRUST,C_400,Neurology Service,-,-,-,-,-,-,-,-
Y60,RLT,GEORGE ELIOT HOSPITAL NHS TRUST,C_410,Rheumatology Service,488,275,56.40%,16.4,31.2,-,-,-
Y60,RLT,GEORGE ELIOT HOSPITAL NHS TRUST,C_430,Elderly Medicine Service,56,54,96.40%,7.3,14.5,-,-,-
Y60,RLT,GEORGE ELIOT HOSPITAL NHS TRUST,C_502,Gynaecology Service,"1,944","1,029",52.90%,16.6,42,40,-,10
Y60,RLT,GEORGE ELIOT HOSPITAL NHS TRUST,X02,Other - Medical Services,683,639,93.60%,8.3,17.5,1,-,1
Y60,RLT,GEORGE ELIOT HOSPITAL NHS TRUST,X03,Other - Mental Health Services,-,-,-,-,-,-,-,-
Y60,RLT,GEORGE ELIOT HOSPITAL NHS TRUST,X04,Other - Paediatric Services,356,292,82.00%,5.4,29.5,2,-,-
Y60,RLT,GEORGE ELIOT HOSPITAL NHS TRUST,X05,Other - Surgical Services,797,503,63.10%,12.1,50.6,58,-,10
Y60,RLT,GEORGE ELIOT HOSPITAL NHS TRUST,X06,Other - Other Services,765,518,67.70%,14.6,33.9,6,-,-
Y60,RNA,THE DUDLEY GROUP NHS FOUNDATION TRUST,C_100,General Surgery Service,"3,060","1,408",46.00%,20,56.5,330,1,105
Y60,RNA,THE DUDLEY GROUP NHS FOUNDATION TRUST,C_101,Urology Service,"3,027","1,514",50.00%,18,48,180,-,38
Y60,RNA,THE DUDLEY GROUP NHS FOUNDATION TRUST,C_110,Trauma and Orthopaedic Service,"5,512","3,046",55.30%,15.6,45,223,-,43
Y60,RNA,THE DUDLEY GROUP NHS FOUNDATION TRUST,C_120,Ear Nose and Throat Service,"3,414","2,256",66.10%,12.3,44.7,164,-,49
Y60,RNA,THE DUDLEY GROUP NHS FOUNDATION TRUST,C_130,Ophthalmology Service,"3,558","2,609",73.30%,9.7,32,4,-,-
Y60,RNA,THE DUDLEY GROUP NHS FOUNDATION TRUST,C_140,Oral Surgery Service,"1,548",727,47.00%,19.3,45.3,63,1,19
Y60,RNA,THE DUDLEY GROUP NHS FOUNDATION TRUST,C_150,Neurosurgical Service,-,-,-,-,-,-,-,-
Y60,RNA,THE DUDLEY GROUP NHS FOUNDATION TRUST,C_160,Plastic Surgery Service,"1,692",916,54.10%,15.7,56.6,169,1,76
Y60,RNA,THE DUDLEY GROUP NHS FOUNDATION TRUST,C_170,Cardiothoracic Surgery Service,-,-,-,-,-,-,-,-
Y60,RNA,THE DUDLEY GROUP NHS FOUNDATION TRUST,C_300,General Internal Medicine Service,2,1,50.00%,-,-,-,-,-
Y60,RNA,THE DUDLEY GROUP NHS FOUNDATION TRUST,C_301,Gastroenterology Service,"2,125","1,374",64.70%,12.2,43.1,70,1,26
Y60,RNA,THE DUDLEY GROUP NHS FOUNDATION TRUST,C_320,Cardiology Service,"1,526","1,168",76.50%,7.9,34.4,31,-,8
Y60,RNA,THE DUDLEY GROUP NHS FOUNDATION TRUST,C_330,Dermatology Service,"3,772","1,577",41.80%,22.8,45.5,103,-,7
Y60,RNA,THE DUDLEY GROUP NHS FOUNDATION TRUST,C_340,Respiratory Medicine Service,"1,207",804,66.60%,12,35.3,9,-,-
Y60,RNA,THE DUDLEY GROUP NHS FOUNDATION TRUST,C_400,Neurology Service,"2,102",781,37.20%,25.6,58.1,241,1,73
Y60,RNA,THE DUDLEY GROUP NHS FOUNDATION TRUST,C_410,Rheumatology Service,"1,132",731,64.60%,12.5,36.6,6,-,1
Y60,RNA,THE DUDLEY GROUP NHS FOUNDATION TRUST,C_430,Elderly Medicine Service,166,155,93.40%,7.5,16.6,-,-,-
Y60,RNA,THE DUDLEY GROUP NHS FOUNDATION TRUST,C_502,Gynaecology Service,"4,236","1,866",44.10%,22.6,59.3,598,-,147
Y60,RNA,THE DUDLEY GROUP NHS FOUNDATION TRUST,X02,Other - Medical Services,"4,477","2,222",49.60%,18.2,49.3,275,-,17
Y60,RNA,THE DUDLEY GROUP NHS FOUNDATION TRUST,X03,Other - Mental Health Services,-,-,-,-,-,-,-,-
Y60,RNA,THE DUDLEY GROUP NHS FOUNDATION TRUST,X04,Other - Paediatric Services,"1,951","1,113",57.00%,14.4,44.7,50,-,19
Y60,RNA,THE DUDLEY GROUP NHS FOUNDATION TRUST,X05,Other - Surgical Services,"2,418","1,819",75.20%,9.6,34.5,57,-,13
Y60,RNA,THE DUDLEY GROUP NHS FOUNDATION TRUST,X06,Other - Other Services,"2,066",947,45.80%,20.3,48.5,123,-,10
Y60,RNQ,KETTERING GENERAL HOSPITAL NHS FOUNDATION TRUST,C_100,General Surgery Service,"1,585",971,61.30%,12.8,39.5,21,-,2
Y60,RNQ,KETTERING GENERAL HOSPITAL NHS FOUNDATION TRUST,C_101,Urology Service,"1,876","1,235",65.80%,11.7,38.7,41,-,7
Y60,RNQ,KETTERING GENERAL HOSPITAL NHS FOUNDATION TRUST,C_110,Trauma and Orthopaedic Service,"2,509","1,446",57.60%,14.6,39.8,12,-,1
Y60,RNQ,KETTERING GENERAL HOSPITAL NHS FOUNDATION TRUST,C_120,Ear Nose and Throat Service,"2,019","1,416",70.10%,10.4,36.8,58,-,7
Y60,RNQ,KETTERING GENERAL HOSPITAL NHS FOUNDATION TRUST,C_130,Ophthalmology Service,"2,262","1,664",73.60%,9.2,29.1,8,-,2
Y60,RNQ,KETTERING GENERAL HOSPITAL NHS FOUNDATION TRUST,C_140,Oral Surgery Service,"2,321","1,140",49.10%,18.6,48.1,114,-,7
Y60,RNQ,KETTERING GENERAL HOSPITAL NHS FOUNDATION TRUST,C_150,Neurosurgical Service,-,-,-,-,-,-,-,-
Y60,RNQ,KETTERING GENERAL HOSPITAL NHS FOUNDATION TRUST,C_160,Plastic Surgery Service,118,91,77.10%,9,29.5,1,-,-
Y60,RNQ,KETTERING GENERAL HOSPITAL NHS FOUNDATION TRUST,C_170,Cardiothoracic Surgery Service,-,-,-,-,-,-,-,-
Y60,RNQ,KETTERING GENERAL HOSPITAL NHS FOUNDATION TRUST,C_300,General Internal Medicine Service,-,-,-,-,-,-,-,-
Y60,RNQ,KETTERING GENERAL HOSPITAL NHS FOUNDATION TRUST,C_301,Gastroenterology Service,"1,382",801,58.00%,13.4,36.8,15,-,2
Y60,RNQ,KETTERING GENERAL HOSPITAL NHS FOUNDATION TRUST,C_320,Cardiology Service,"2,702","2,242",83.00%,7.3,22.8,-,-,-
Y60,RNQ,KETTERING GENERAL HOSPITAL NHS FOUNDATION TRUST,C_330,Dermatology Service,"1,378",860,62.40%,14.2,30.4,13,-,2
Y60,RNQ,KETTERING GENERAL HOSPITAL NHS FOUNDATION TRUST,C_340,Respiratory Medicine Service,"1,285",526,40.90%,23.7,45.5,38,-,6
Y60,RNQ,KETTERING GENERAL HOSPITAL NHS FOUNDATION TRUST,C_400,Neurology Service,"1,160",316,27.20%,26.3,46.1,24,-,3
Y60,RNQ,KETTERING GENERAL HOSPITAL NHS FOUNDATION TRUST,C_410,Rheumatology Service,575,495,86.10%,7.9,21.9,1,-,-
Y60,RNQ,KETTERING GENERAL HOSPITAL NHS FOUNDATION TRUST,C_430,Elderly Medicine Service,238,169,71.00%,11.1,30,1,-,-
Y60,RNQ,KETTERING GENERAL HOSPITAL NHS FOUNDATION TRUST,C_502,Gynaecology Service,"1,938","1,207",62.30%,12.5,33.8,2,-,-
Y60,RNQ,KETTERING GENERAL HOSPITAL NHS FOUNDATION TRUST,X02,Other - Medical Services,"3,238","1,934",59.70%,14.1,32.9,4,-,2
Y60,RNQ,KETTERING GENERAL HOSPITAL NHS FOUNDATION TRUST,X03,Other - Mental Health Services,-,-,-,-,-,-,-,-
Y60,RNQ,KETTERING GENERAL HOSPITAL NHS FOUNDATION TRUST,X04,Other - Paediatric Services,488,283,58.00%,15.4,38,12,-,5
Y60,RNQ,KETTERING GENERAL HOSPITAL NHS FOUNDATION TRUST,X05,Other - Surgical Services,"1,699",891,52.40%,16.8,41.9,50,-,4
Y60,RNQ,KETTERING GENERAL HOSPITAL NHS FOUNDATION TRUST,X06,Other - Other Services,51,41,80.40%,10.5,24.5,-,-,-
Y60,RNS,NORTHAMPTON GENERAL HOSPITAL NHS TRUST,C_100,General Surgery Service,"3,296","1,704",51.70%,16.6,50.7,246,7,91
Y60,RNS,NORTHAMPTON GENERAL HOSPITAL NHS TRUST,C_101,Urology Service,"2,427","1,308",53.90%,16,50.7,175,-,33
Y60,RNS,NORTHAMPTON GENERAL HOSPITAL NHS TRUST,C_110,Trauma and Orthopaedic Service,"3,972","1,489",37.50%,24,51.9,316,-,60
Y60,RNS,NORTHAMPTON GENERAL HOSPITAL NHS TRUST,C_120,Ear Nose and Throat Service,"4,356","1,842",42.30%,22.9,60.9,655,34,259
Y60,RNS,NORTHAMPTON GENERAL HOSPITAL NHS TRUST,C_130,Ophthalmology Service,"2,084","1,886",90.50%,7.2,19.3,-,-,-
Y60,RNS,NORTHAMPTON GENERAL HOSPITAL NHS TRUST,C_140,Oral Surgery Service,"2,685","1,003",37.40%,25,53.1,222,1,41
Y60,RNS,NORTHAMPTON GENERAL HOSPITAL NHS TRUST,C_150,Neurosurgical Service,94,42,44.70%,28.5,49.8,5,-,-
Y60,RNS,NORTHAMPTON GENERAL HOSPITAL NHS TRUST,C_160,Plastic Surgery Service,256,130,50.80%,17.5,42.4,3,-,1
Y60,RNS,NORTHAMPTON GENERAL HOSPITAL NHS TRUST,C_170,Cardiothoracic Surgery Service,33,23,69.70%,9.5,37.4,-,-,-
Y60,RNS,NORTHAMPTON GENERAL HOSPITAL NHS TRUST,C_300,General Internal Medicine Service,670,437,65.20%,14,30.5,-,-,-
Y60,RNS,NORTHAMPTON GENERAL HOSPITAL NHS TRUST,C_301,Gastroenterology Service,"2,073","1,585",76.50%,9.8,29.4,2,-,1
Y60,RNS,NORTHAMPTON GENERAL HOSPITAL NHS TRUST,C_320,Cardiology Service,"3,733","2,199",58.90%,14.4,37.1,1,-,-
Y60,RNS,NORTHAMPTON GENERAL HOSPITAL NHS TRUST,C_330,Dermatology Service,"2,539","2,013",79.30%,9.6,22.8,-,-,-
Y60,RNS,NORTHAMPTON GENERAL HOSPITAL NHS TRUST,C_340,Respiratory Medicine Service,"2,060","1,728",83.90%,10.1,23.3,-,-,-
Y60,RNS,NORTHAMPTON GENERAL HOSPITAL NHS TRUST,C_400,Neurology Service,927,810,87.40%,6.8,21.8,-,-,-
Y60,RNS,NORTHAMPTON GENERAL HOSPITAL NHS TRUST,C_410,Rheumatology Service,608,467,76.80%,11.4,29,-,-,-
Y60,RNS,NORTHAMPTON GENERAL HOSPITAL NHS TRUST,C_430,Elderly Medicine Service,150,137,91.30%,8.2,18.5,-,-,-
Y60,RNS,NORTHAMPTON GENERAL HOSPITAL NHS TRUST,C_502,Gynaecology Service,"3,506","1,989",56.70%,15.3,36.6,27,-,1
Y60,RNS,NORTHAMPTON GENERAL HOSPITAL NHS TRUST,X02,Other - Medical Services,"2,924","2,114",72.30%,10.7,30.2,2,-,-
Y60,RNS,NORTHAMPTON GENERAL HOSPITAL NHS TRUST,X03,Other - Mental Health Services,-,-,-,-,-,-,-,-
Y60,RNS,NORTHAMPTON GENERAL HOSPITAL NHS TRUST,X04,Other - Paediatric Services,358,288,80.40%,8.6,27.2,-,-,-
Y60,RNS,NORTHAMPTON GENERAL HOSPITAL NHS TRUST,X05,Other - Surgical Services,884,448,50.70%,17.4,50.2,65,1,21
Y60,RNS,NORTHAMPTON GENERAL HOSPITAL NHS TRUST,X06,Other - Other Services,323,320,99.10%,4.8,13.3,-,-,-
Y60,RP1,NORTHAMPTONSHIRE HEALTHCARE NHS FOUNDATION TRUST,C_100,General Surgery Service,-,-,-,-,-,-,-,-
Y60,RP1,NORTHAMPTONSHIRE HEALTHCARE NHS FOUNDATION TRUST,C_101,Urology Service,-,-,-,-,-,-,-,-
Y60,RP1,NORTHAMPTONSHIRE HEALTHCARE NHS FOUNDATION TRUST,C_110,Trauma and Orthopaedic Service,-,-,-,-,-,-,-,-
Y60,RP1,NORTHAMPTONSHIRE HEALTHCARE NHS FOUNDATION TRUST,C_120,Ear Nose and Throat Service,-,-,-,-,-,-,-,-
Y60,RP1,NORTHAMPTONSHIRE HEALTHCARE NHS FOUNDATION TRUST,C_130,Ophthalmology Service,-,-,-,-,-,-,-,-
Y60,RP1,NORTHAMPTONSHIRE HEALTHCARE NHS FOUNDATION TRUST,C_140,Oral Surgery Service,-,-,-,-,-,-,-,-
Y60,RP1,NORTHAMPTONSHIRE HEALTHCARE NHS FOUNDATION TRUST,C_150,Neurosurgical Service,-,-,-,-,-,-,-,-
Y60,RP1,NORTHAMPTONSHIRE HEALTHCARE NHS FOUNDATION TRUST,C_160,Plastic Surgery Service,-,-,-,-,-,-,-,-
Y60,RP1,NORTHAMPTONSHIRE HEALTHCARE NHS FOUNDATION TRUST,C_170,Cardiothoracic Surgery Service,-,-,-,-,-,-,-,-
Y60,RP1,NORTHAMPTONSHIRE HEALTHCARE NHS FOUNDATION TRUST,C_300,General Internal Medicine Service,-,-,-,-,-,-,-,-
Y60,RP1,NORTHAMPTONSHIRE HEALTHCARE NHS FOUNDATION TRUST,C_301,Gastroenterology Service,-,-,-,-,-,-,-,-
Y60,RP1,NORTHAMPTONSHIRE HEALTHCARE NHS FOUNDATION TRUST,C_320,Cardiology Service,-,-,-,-,-,-,-,-
Y60,RP1,NORTHAMPTONSHIRE HEALTHCARE NHS FOUNDATION TRUST,C_330,Dermatology Service,-,-,-,-,-,-,-,-
Y60,RP1,NORTHAMPTONSHIRE HEALTHCARE NHS FOUNDATION TRUST,C_340,Respiratory Medicine Service,-,-,-,-,-,-,-,-
Y60,RP1,NORTHAMPTONSHIRE HEALTHCARE NHS FOUNDATION TRUST,C_400,Neurology Service,-,-,-,-,-,-,-,-
Y60,RP1,NORTHAMPTONSHIRE HEALTHCARE NHS FOUNDATION TRUST,C_410,Rheumatology Service,-,-,-,-,-,-,-,-
Y60,RP1,NORTHAMPTONSHIRE HEALTHCARE NHS FOUNDATION TRUST,C_430,Elderly Medicine Service,-,-,-,-,-,-,-,-
Y60,RP1,NORTHAMPTONSHIRE HEALTHCARE NHS FOUNDATION TRUST,C_502,Gynaecology Service,-,-,-,-,-,-,-,-
Y60,RP1,NORTHAMPTONSHIRE HEALTHCARE NHS FOUNDATION TRUST,X02,Other - Medical Services,-,-,-,-,-,-,-,-
Y60,RP1,NORTHAMPTONSHIRE HEALTHCARE NHS FOUNDATION TRUST,X03,Other - Mental Health Services,-,-,-,-,-,-,-,-
Y60,RP1,NORTHAMPTONSHIRE HEALTHCARE NHS FOUNDATION TRUST,X04,Other - Paediatric Services,656,254,38.70%,22.2,38.9,-,-,-
Y60,RP1,NORTHAMPTONSHIRE HEALTHCARE NHS FOUNDATION TRUST,X05,Other - Surgical Services,8,4,50.00%,-,-,-,-,-
Y60,RP1,NORTHAMPTONSHIRE HEALTHCARE NHS FOUNDATION TRUST,X06,Other - Other Services,8,8,100.00%,-,-,-,-,-
Y60,RP7,LINCOLNSHIRE PARTNERSHIP NHS FOUNDATION TRUST,C_100,General Surgery Service,-,-,-,-,-,-,-,-
Y60,RP7,LINCOLNSHIRE PARTNERSHIP NHS FOUNDATION TRUST,C_101,Urology Service,-,-,-,-,-,-,-,-
Y60,RP7,LINCOLNSHIRE PARTNERSHIP NHS FOUNDATION TRUST,C_110,Trauma and Orthopaedic Service,-,-,-,-,-,-,-,-
Y60,RP7,LINCOLNSHIRE PARTNERSHIP NHS FOUNDATION TRUST,C_120,Ear Nose and Throat Service,-,-,-,-,-,-,-,-
Y60,RP7,LINCOLNSHIRE PARTNERSHIP NHS FOUNDATION TRUST,C_130,Ophthalmology Service,-,-,-,-,-,-,-,-
Y60,RP7,LINCOLNSHIRE PARTNERSHIP NHS FOUNDATION TRUST,C_140,Oral Surgery Service,-,-,-,-,-,-,-,-
Y60,RP7,LINCOLNSHIRE PARTNERSHIP NHS FOUNDATION TRUST,C_150,Neurosurgical Service,-,-,-,-,-,-,-,-
Y60,RP7,LINCOLNSHIRE PARTNERSHIP NHS FOUNDATION TRUST,C_160,Plastic Surgery Service,-,-,-,-,-,-,-,-
Y60,RP7,LINCOLNSHIRE PARTNERSHIP NHS FOUNDATION TRUST,C_170,Cardiothoracic Surgery Service,-,-,-,-,-,-,-,-
Y60,RP7,LINCOLNSHIRE PARTNERSHIP NHS FOUNDATION TRUST,C_300,General Internal Medicine Service,-,-,-,-,-,-,-,-
Y60,RP7,LINCOLNSHIRE PARTNERSHIP NHS FOUNDATION TRUST,C_301,Gastroenterology Service,-,-,-,-,-,-,-,-
Y60,RP7,LINCOLNSHIRE PARTNERSHIP NHS FOUNDATION TRUST,C_320,Cardiology Service,-,-,-,-,-,-,-,-
Y60,RP7,LINCOLNSHIRE PARTNERSHIP NHS FOUNDATION TRUST,C_330,Dermatology Service,-,-,-,-,-,-,-,-
Y60,RP7,LINCOLNSHIRE PARTNERSHIP NHS FOUNDATION TRUST,C_340,Respiratory Medicine Service,-,-,-,-,-,-,-,-
Y60,RP7,LINCOLNSHIRE PARTNERSHIP NHS FOUNDATION TRUST,C_400,Neurology Service,-,-,-,-,-,-,-,-
Y60,RP7,LINCOLNSHIRE PARTNERSHIP NHS FOUNDATION TRUST,C_410,Rheumatology Service,-,-,-,-,-,-,-,-
Y60,RP7,LINCOLNSHIRE PARTNERSHIP NHS FOUNDATION TRUST,C_430,Elderly Medicine Service,-,-,-,-,-,-,-,-
Y60,RP7,LINCOLNSHIRE PARTNERSHIP NHS FOUNDATION TRUST,C_502,Gynaecology Service,-,-,-,-,-,-,-,-
Y60,RP7,LINCOLNSHIRE PARTNERSHIP NHS FOUNDATION TRUST,X02,Other - Medical Services,-,-,-,-,-,-,-,-
Y60,RP7,LINCOLNSHIRE PARTNERSHIP NHS FOUNDATION TRUST,X03,Other - Mental Health Services,196,151,77.00%,11,23.1,-,-,-
Y60,RP7,LINCOLNSHIRE PARTNERSHIP NHS FOUNDATION TRUST,X04,Other - Paediatric Services,-,-,-,-,-,-,-,-
Y60,RP7,LINCOLNSHIRE PARTNERSHIP NHS FOUNDATION TRUST,X05,Other - Surgical Services,-,-,-,-,-,-,-,-
Y60,RP7,LINCOLNSHIRE PARTNERSHIP NHS FOUNDATION TRUST,X06,Other - Other Services,-,-,-,-,-,-,-,-
Y60,RQ3,BIRMINGHAM WOMEN'S AND CHILDREN'S NHS FOUNDATION TRUST,C_100,General Surgery Service,-,-,-,-,-,-,-,-
Y60,RQ3,BIRMINGHAM WOMEN'S AND CHILDREN'S NHS FOUNDATION TRUST,C_101,Urology Service,-,-,-,-,-,-,-,-
Y60,RQ3,BIRMINGHAM WOMEN'S AND CHILDREN'S NHS FOUNDATION TRUST,C_110,Trauma and Orthopaedic Service,-,-,-,-,-,-,-,-
Y60,RQ3,BIRMINGHAM WOMEN'S AND CHILDREN'S NHS FOUNDATION TRUST,C_120,Ear Nose and Throat Service,-,-,-,-,-,-,-,-
Y60,RQ3,BIRMINGHAM WOMEN'S AND CHILDREN'S NHS FOUNDATION TRUST,C_130,Ophthalmology Service,-,-,-,-,-,-,-,-
Y60,RQ3,BIRMINGHAM WOMEN'S AND CHILDREN'S NHS FOUNDATION TRUST,C_140,Oral Surgery Service,-,-,-,-,-,-,-,-
Y60,RQ3,BIRMINGHAM WOMEN'S AND CHILDREN'S NHS FOUNDATION TRUST,C_150,Neurosurgical Service,-,-,-,-,-,-,-,-
Y60,RQ3,BIRMINGHAM WOMEN'S AND CHILDREN'S NHS FOUNDATION TRUST,C_160,Plastic Surgery Service,-,-,-,-,-,-,-,-
Y60,RQ3,BIRMINGHAM WOMEN'S AND CHILDREN'S NHS FOUNDATION TRUST,C_170,Cardiothoracic Surgery Service,-,-,-,-,-,-,-,-
Y60,RQ3,BIRMINGHAM WOMEN'S AND CHILDREN'S NHS FOUNDATION TRUST,C_300,General Internal Medicine Service,-,-,-,-,-,-,-,-
Y60,RQ3,BIRMINGHAM WOMEN'S AND CHILDREN'S NHS FOUNDATION TRUST,C_301,Gastroenterology Service,-,-,-,-,-,-,-,-
Y60,RQ3,BIRMINGHAM WOMEN'S AND CHILDREN'S NHS FOUNDATION TRUST,C_320,Cardiology Service,-,-,-,-,-,-,-,-
Y60,RQ3,BIRMINGHAM WOMEN'S AND CHILDREN'S NHS FOUNDATION TRUST,C_330,Dermatology Service,-,-,-,-,-,-,-,-
Y60,RQ3,BIRMINGHAM WOMEN'S AND CHILDREN'S NHS FOUNDATION TRUST,C_340,Respiratory Medicine Service,-,-,-,-,-,-,-,-
Y60,RQ3,BIRMINGHAM WOMEN'S AND CHILDREN'S NHS FOUNDATION TRUST,C_400,Neurology Service,-,-,-,-,-,-,-,-
Y60,RQ3,BIRMINGHAM WOMEN'S AND CHILDREN'S NHS FOUNDATION TRUST,C_410,Rheumatology Service,-,-,-,-,-,-,-,-
Y60,RQ3,BIRMINGHAM WOMEN'S AND CHILDREN'S NHS FOUNDATION TRUST,C_430,Elderly Medicine Service,-,-,-,-,-,-,-,-
Y60,RQ3,BIRMINGHAM WOMEN'S AND CHILDREN'S NHS FOUNDATION TRUST,C_502,Gynaecology Service,"8,458","4,384",51.80%,16.8,42,105,-,18
Y60,RQ3,BIRMINGHAM WOMEN'S AND CHILDREN'S NHS FOUNDATION TRUST,X02,Other - Medical Services,-,-,-,-,-,-,-,-
Y60,RQ3,BIRMINGHAM WOMEN'S AND CHILDREN'S NHS FOUNDATION TRUST,X03,Other - Mental Health Services,-,-,-,-,-,-,-,-
Y60,RQ3,BIRMINGHAM WOMEN'S AND CHILDREN'S NHS FOUNDATION TRUST,X04,Other - Paediatric Services,"12,484","6,913",55.40%,15.3,43.9,419,-,79
Y60,RQ3,BIRMINGHAM WOMEN'S AND CHILDREN'S NHS FOUNDATION TRUST,X05,Other - Surgical Services,-,-,-,-,-,-,-,-
Y60,RQ3,BIRMINGHAM WOMEN'S AND CHILDREN'S NHS FOUNDATION TRUST,X06,Other - Other Services,"4,165","3,505",84.20%,8.6,22.8,2,-,-
Y60,RRE,MIDLANDS PARTNERSHIP NHS FOUNDATION TRUST,C_100,General Surgery Service,-,-,-,-,-,-,-,-
Y60,RRE,MIDLANDS PARTNERSHIP NHS FOUNDATION TRUST,C_101,Urology Service,-,-,-,-,-,-,-,-
Y60,RRE,MIDLANDS PARTNERSHIP NHS FOUNDATION TRUST,C_110,Trauma and Orthopaedic Service,-,-,-,-,-,-,-,-
Y60,RRE,MIDLANDS PARTNERSHIP NHS FOUNDATION TRUST,C_120,Ear Nose and Throat Service,-,-,-,-,-,-,-,-
Y60,RRE,MIDLANDS PARTNERSHIP NHS FOUNDATION TRUST,C_130,Ophthalmology Service,-,-,-,-,-,-,-,-
Y60,RRE,MIDLANDS PARTNERSHIP NHS FOUNDATION TRUST,C_140,Oral Surgery Service,-,-,-,-,-,-,-,-
Y60,RRE,MIDLANDS PARTNERSHIP NHS FOUNDATION TRUST,C_150,Neurosurgical Service,-,-,-,-,-,-,-,-
Y60,RRE,MIDLANDS PARTNERSHIP NHS FOUNDATION TRUST,C_160,Plastic Surgery Service,-,-,-,-,-,-,-,-
Y60,RRE,MIDLANDS PARTNERSHIP NHS FOUNDATION TRUST,C_170,Cardiothoracic Surgery Service,-,-,-,-,-,-,-,-
Y60,RRE,MIDLANDS PARTNERSHIP NHS FOUNDATION TRUST,C_300,General Internal Medicine Service,-,-,-,-,-,-,-,-
Y60,RRE,MIDLANDS PARTNERSHIP NHS FOUNDATION TRUST,C_301,Gastroenterology Service,-,-,-,-,-,-,-,-
Y60,RRE,MIDLANDS PARTNERSHIP NHS FOUNDATION TRUST,C_320,Cardiology Service,-,-,-,-,-,-,-,-
Y60,RRE,MIDLANDS PARTNERSHIP NHS FOUNDATION TRUST,C_330,Dermatology Service,-,-,-,-,-,-,-,-
Y60,RRE,MIDLANDS PARTNERSHIP NHS FOUNDATION TRUST,C_340,Respiratory Medicine Service,-,-,-,-,-,-,-,-
Y60,RRE,MIDLANDS PARTNERSHIP NHS FOUNDATION TRUST,C_400,Neurology Service,65,34,52.30%,17.3,32.8,-,-,-
Y60,RRE,MIDLANDS PARTNERSHIP NHS FOUNDATION TRUST,C_410,Rheumatology Service,"5,495","4,932",89.80%,5.7,19.3,-,-,-
Y60,RRE,MIDLANDS PARTNERSHIP NHS FOUNDATION TRUST,C_430,Elderly Medicine Service,4,4,100.00%,-,-,-,-,-
Y60,RRE,MIDLANDS PARTNERSHIP NHS FOUNDATION TRUST,C_502,Gynaecology Service,-,-,-,-,-,-,-,-
Y60,RRE,MIDLANDS PARTNERSHIP NHS FOUNDATION TRUST,X02,Other - Medical Services,61,37,60.70%,14.3,27.6,-,-,-
Y60,RRE,MIDLANDS PARTNERSHIP NHS FOUNDATION TRUST,X03,Other - Mental Health Services,-,-,-,-,-,-,-,-
Y60,RRE,MIDLANDS PARTNERSHIP NHS FOUNDATION TRUST,X04,Other - Paediatric Services,-,-,-,-,-,-,-,-
Y60,RRE,MIDLANDS PARTNERSHIP NHS FOUNDATION TRUST,X05,Other - Surgical Services,-,-,-,-,-,-,-,-
Y60,RRE,MIDLANDS PARTNERSHIP NHS FOUNDATION TRUST,X06,Other - Other Services,"2,058","2,047",99.50%,5.2,12.6,-,-,-
Y60,RRJ,THE ROYAL ORTHOPAEDIC HOSPITAL NHS FOUNDATION TRUST,C_100,General Surgery Service,-,-,-,-,-,-,-,-
Y60,RRJ,THE ROYAL ORTHOPAEDIC HOSPITAL NHS FOUNDATION TRUST,C_101,Urology Service,-,-,-,-,-,-,-,-
Y60,RRJ,THE ROYAL ORTHOPAEDIC HOSPITAL NHS FOUNDATION TRUST,C_110,Trauma and Orthopaedic Service,"13,598","6,414",47.20%,19.2,45.7,548,-,85
Y60,RRJ,THE ROYAL ORTHOPAEDIC HOSPITAL NHS FOUNDATION TRUST,C_120,Ear Nose and Throat Service,-,-,-,-,-,-,-,-
Y60,RRJ,THE ROYAL ORTHOPAEDIC HOSPITAL NHS FOUNDATION TRUST,C_130,Ophthalmology Service,-,-,-,-,-,-,-,-
Y60,RRJ,THE ROYAL ORTHOPAEDIC HOSPITAL NHS FOUNDATION TRUST,C_140,Oral Surgery Service,-,-,-,-,-,-,-,-
Y60,RRJ,THE ROYAL ORTHOPAEDIC HOSPITAL NHS FOUNDATION TRUST,C_150,Neurosurgical Service,-,-,-,-,-,-,-,-
Y60,RRJ,THE ROYAL ORTHOPAEDIC HOSPITAL NHS FOUNDATION TRUST,C_160,Plastic Surgery Service,-,-,-,-,-,-,-,-
Y60,RRJ,THE ROYAL ORTHOPAEDIC HOSPITAL NHS FOUNDATION TRUST,C_170,Cardiothoracic Surgery Service,-,-,-,-,-,-,-,-
Y60,RRJ,THE ROYAL ORTHOPAEDIC HOSPITAL NHS FOUNDATION TRUST,C_300,General Internal Medicine Service,223,105,47.10%,19.9,42.8,8,-,2
Y60,RRJ,THE ROYAL ORTHOPAEDIC HOSPITAL NHS FOUNDATION TRUST,C_301,Gastroenterology Service,-,-,-,-,-,-,-,-
Y60,RRJ,THE ROYAL ORTHOPAEDIC HOSPITAL NHS FOUNDATION TRUST,C_320,Cardiology Service,-,-,-,-,-,-,-,-
Y60,RRJ,THE ROYAL ORTHOPAEDIC HOSPITAL NHS FOUNDATION TRUST,C_330,Dermatology Service,-,-,-,-,-,-,-,-
Y60,RRJ,THE ROYAL ORTHOPAEDIC HOSPITAL NHS FOUNDATION TRUST,C_340,Respiratory Medicine Service,-,-,-,-,-,-,-,-
Y60,RRJ,THE ROYAL ORTHOPAEDIC HOSPITAL NHS FOUNDATION TRUST,C_400,Neurology Service,-,-,-,-,-,-,-,-
Y60,RRJ,THE ROYAL ORTHOPAEDIC HOSPITAL NHS FOUNDATION TRUST,C_410,Rheumatology Service,-,-,-,-,-,-,-,-
Y60,RRJ,THE ROYAL ORTHOPAEDIC HOSPITAL NHS FOUNDATION TRUST,C_430,Elderly Medicine Service,-,-,-,-,-,-,-,-
Y60,RRJ,THE ROYAL ORTHOPAEDIC HOSPITAL NHS FOUNDATION TRUST,C_502,Gynaecology Service,-,-,-,-,-,-,-,-
Y60,RRJ,THE ROYAL ORTHOPAEDIC HOSPITAL NHS FOUNDATION TRUST,X02,Other - Medical Services,"1,035",617,59.60%,14.5,29.4,5,-,-
Y60,RRJ,THE ROYAL ORTHOPAEDIC HOSPITAL NHS FOUNDATION TRUST,X03,Other - Mental Health Services,-,-,-,-,-,-,-,-
Y60,RRJ,THE ROYAL ORTHOPAEDIC HOSPITAL NHS FOUNDATION TRUST,X04,Other - Paediatric Services,-,-,-,-,-,-,-,-
Y60,RRJ,THE ROYAL ORTHOPAEDIC HOSPITAL NHS FOUNDATION TRUST,X05,Other - Surgical Services,-,-,-,-,-,-,-,-
Y60,RRJ,THE ROYAL ORTHOPAEDIC HOSPITAL NHS FOUNDATION TRUST,X06,Other - Other Services,"1,163",969,83.30%,7.7,23.7,-,-,-
Y60,RRK,UNIVERSITY HOSPITALS BIRMINGHAM NHS FOUNDATION TRUST,C_100,General Surgery Service,"6,781","2,853",42.10%,22.3,51.6,519,-,141
Y60,RRK,UNIVERSITY HOSPITALS BIRMINGHAM NHS FOUNDATION TRUST,C_101,Urology Service,"9,018","4,163",46.20%,20.3,51.2,668,-,114
Y60,RRK,UNIVERSITY HOSPITALS BIRMINGHAM NHS FOUNDATION TRUST,C_110,Trauma and Orthopaedic Service,"5,521","2,482",45.00%,19.9,43.7,213,-,62
Y60,RRK,UNIVERSITY HOSPITALS BIRMINGHAM NHS FOUNDATION TRUST,C_120,Ear Nose and Throat Service,"17,087","5,763",33.70%,27.6,58.3,"2,248",-,338
Y60,RRK,UNIVERSITY HOSPITALS BIRMINGHAM NHS FOUNDATION TRUST,C_130,Ophthalmology Service,"12,123","6,282",51.80%,16.9,48.4,772,-,157
Y60,RRK,UNIVERSITY HOSPITALS BIRMINGHAM NHS FOUNDATION TRUST,C_140,Oral Surgery Service,"3,343",964,28.80%,31.5,55.1,348,-,42
Y60,RRK,UNIVERSITY HOSPITALS BIRMINGHAM NHS FOUNDATION TRUST,C_150,Neurosurgical Service,"1,752","1,039",59.30%,14.1,42.7,55,-,7
Y60,RRK,UNIVERSITY HOSPITALS BIRMINGHAM NHS FOUNDATION TRUST,C_160,Plastic Surgery Service,"1,038",502,48.40%,18.4,49,72,-,33
Y60,RRK,UNIVERSITY HOSPITALS BIRMINGHAM NHS FOUNDATION TRUST,C_170,Cardiothoracic Surgery Service,182,142,78.00%,7.9,30.7,2,-,-
Y60,RRK,UNIVERSITY HOSPITALS BIRMINGHAM NHS FOUNDATION TRUST,C_300,General Internal Medicine Service,643,535,83.20%,9.6,29.1,1,-,-
Y60,RRK,UNIVERSITY HOSPITALS BIRMINGHAM NHS FOUNDATION TRUST,C_301,Gastroenterology Service,"7,597","3,521",46.30%,19.9,49.3,457,-,68
Y60,RRK,UNIVERSITY HOSPITALS BIRMINGHAM NHS FOUNDATION TRUST,C_320,Cardiology Service,"6,970","4,869",69.90%,11.7,33.1,13,-,3
Y60,RRK,UNIVERSITY HOSPITALS BIRMINGHAM NHS FOUNDATION TRUST,C_330,Dermatology Service,"5,196","3,371",64.90%,12.9,37.2,79,-,9
Y60,RRK,UNIVERSITY HOSPITALS BIRMINGHAM NHS FOUNDATION TRUST,C_340,Respiratory Medicine Service,"5,825","2,509",43.10%,21.7,56.7,685,-,109
Y60,RRK,UNIVERSITY HOSPITALS BIRMINGHAM NHS FOUNDATION TRUST,C_400,Neurology Service,"4,721","2,290",48.50%,18.6,45.5,181,-,3
Y60,RRK,UNIVERSITY HOSPITALS BIRMINGHAM NHS FOUNDATION TRUST,C_410,Rheumatology Service,"1,115",743,66.60%,11.3,35.4,8,-,-
Y60,RRK,UNIVERSITY HOSPITALS BIRMINGHAM NHS FOUNDATION TRUST,C_430,Elderly Medicine Service,190,173,91.10%,5.6,18.6,-,-,-
Y60,RRK,UNIVERSITY HOSPITALS BIRMINGHAM NHS FOUNDATION TRUST,C_502,Gynaecology Service,"7,250","3,119",43.00%,21,50.2,475,-,109
Y60,RRK,UNIVERSITY HOSPITALS BIRMINGHAM NHS FOUNDATION TRUST,X02,Other - Medical Services,"17,404","9,133",52.50%,16.8,43.3,468,-,36
Y60,RRK,UNIVERSITY HOSPITALS BIRMINGHAM NHS FOUNDATION TRUST,X03,Other - Mental Health Services,30,28,93.30%,3.8,17.8,-,-,-
Y60,RRK,UNIVERSITY HOSPITALS BIRMINGHAM NHS FOUNDATION TRUST,X04,Other - Paediatric Services,"3,411","1,632",47.80%,19,40.8,73,-,10
Y60,RRK,UNIVERSITY HOSPITALS BIRMINGHAM NHS FOUNDATION TRUST,X05,Other - Surgical Services,"7,556","4,209",55.70%,15.3,44.5,198,-,57
Y60,RRK,UNIVERSITY HOSPITALS BIRMINGHAM NHS FOUNDATION TRUST,X06,Other - Other Services,"2,305","1,346",58.40%,14,35.4,24,-,9
Y60,RTG,UNIVERSITY HOSPITALS OF DERBY AND BURTON NHS FOUNDATION TRUST,C_100,General Surgery Service,"5,667","2,770",48.90%,18.5,47.7,320,9,89
Y60,RTG,UNIVERSITY HOSPITALS OF DERBY AND BURTON NHS FOUNDATION TRUST,C_101,Urology Service,"4,745","2,423",51.10%,17.4,49,331,2,107
Y60,RTG,UNIVERSITY HOSPITALS OF DERBY AND BURTON NHS FOUNDATION TRUST,C_110,Trauma and Orthopaedic Service,"16,770","7,689",45.80%,20,54.4,"1,507",161,617
Y60,RTG,UNIVERSITY HOSPITALS OF DERBY AND BURTON NHS FOUNDATION TRUST,C_120,Ear Nose and Throat Service,"10,348","4,411",42.60%,21.3,49.7,660,2,137
Y60,RTG,UNIVERSITY HOSPITALS OF DERBY AND BURTON NHS FOUNDATION TRUST,C_130,Ophthalmology Service,"10,170","5,461",53.70%,16.2,43.1,211,1,22
Y60,RTG,UNIVERSITY HOSPITALS OF DERBY AND BURTON NHS FOUNDATION TRUST,C_140,Oral Surgery Service,"1,904","1,299",68.20%,10.8,37.3,31,1,9
Y60,RTG,UNIVERSITY HOSPITALS OF DERBY AND BURTON NHS FOUNDATION TRUST,C_150,Neurosurgical Service,195,78,40.00%,22.7,45.9,4,-,-
Y60,RTG,UNIVERSITY HOSPITALS OF DERBY AND BURTON NHS FOUNDATION TRUST,C_160,Plastic Surgery Service,599,307,51.30%,17.4,50.2,40,2,12
Y60,RTG,UNIVERSITY HOSPITALS OF DERBY AND BURTON NHS FOUNDATION TRUST,C_170,Cardiothoracic Surgery Service,28,17,60.70%,11,34.8,-,-,-
Y60,RTG,UNIVERSITY HOSPITALS OF DERBY AND BURTON NHS FOUNDATION TRUST,C_300,General Internal Medicine Service,7,7,100.00%,-,-,-,-,-
Y60,RTG,UNIVERSITY HOSPITALS OF DERBY AND BURTON NHS FOUNDATION TRUST,C_301,Gastroenterology Service,"4,572","2,640",57.70%,14.3,41.6,163,-,33
Y60,RTG,UNIVERSITY HOSPITALS OF DERBY AND BURTON NHS FOUNDATION TRUST,C_320,Cardiology Service,"3,319","1,935",58.30%,14.5,37.6,51,5,22
Y60,RTG,UNIVERSITY HOSPITALS OF DERBY AND BURTON NHS FOUNDATION TRUST,C_330,Dermatology Service,"7,077","3,130",44.20%,20.6,59.5,867,22,325
Y60,RTG,UNIVERSITY HOSPITALS OF DERBY AND BURTON NHS FOUNDATION TRUST,C_340,Respiratory Medicine Service,"1,782","1,144",64.20%,12.9,29.7,3,-,-
Y60,RTG,UNIVERSITY HOSPITALS OF DERBY AND BURTON NHS FOUNDATION TRUST,C_400,Neurology Service,"3,222","1,682",52.20%,17,38.5,33,-,7
Y60,RTG,UNIVERSITY HOSPITALS OF DERBY AND BURTON NHS FOUNDATION TRUST,C_410,Rheumatology Service,"2,824","1,454",51.50%,17.1,44.1,85,1,26
Y60,RTG,UNIVERSITY HOSPITALS OF DERBY AND BURTON NHS FOUNDATION TRUST,C_430,Elderly Medicine Service,340,291,85.60%,9.1,22.2,-,-,-
Y60,RTG,UNIVERSITY HOSPITALS OF DERBY AND BURTON NHS FOUNDATION TRUST,C_502,Gynaecology Service,"9,152","4,571",49.90%,18,50.5,673,10,200
Y60,RTG,UNIVERSITY HOSPITALS OF DERBY AND BURTON NHS FOUNDATION TRUST,X02,Other - Medical Services,"10,715","6,126",57.20%,14.9,41.5,266,2,30
Y60,RTG,UNIVERSITY HOSPITALS OF DERBY AND BURTON NHS FOUNDATION TRUST,X03,Other - Mental Health Services,2,2,100.00%,-,-,-,-,-
Y60,RTG,UNIVERSITY HOSPITALS OF DERBY AND BURTON NHS FOUNDATION TRUST,X04,Other - Paediatric Services,"3,750","1,750",46.70%,19.5,48.2,189,7,53
Y60,RTG,UNIVERSITY HOSPITALS OF DERBY AND BURTON NHS FOUNDATION TRUST,X05,Other - Surgical Services,"6,885","3,671",53.30%,16.2,49.2,460,14,167
Y60,RTG,UNIVERSITY HOSPITALS OF DERBY AND BURTON NHS FOUNDATION TRUST,X06,Other - Other Services,"1,617","1,133",70.10%,11.3,33.9,56,3,27
Y60,RWD,UNITED LINCOLNSHIRE HOSPITALS NHS TRUST,C_100,General Surgery Service,"3,941","2,286",58.00%,14.5,41.4,90,-,14
Y60,RWD,UNITED LINCOLNSHIRE HOSPITALS NHS TRUST,C_101,Urology Service,"3,779","2,181",57.70%,14.6,35,16,-,1
Y60,RWD,UNITED LINCOLNSHIRE HOSPITALS NHS TRUST,C_110,Trauma and Orthopaedic Service,"4,373","2,774",63.40%,12.8,33.6,21,1,4
Y60,RWD,UNITED LINCOLNSHIRE HOSPITALS NHS TRUST,C_120,Ear Nose and Throat Service,"9,918","3,435",34.60%,26.9,58.2,"1,337",26,388
Y60,RWD,UNITED LINCOLNSHIRE HOSPITALS NHS TRUST,C_130,Ophthalmology Service,"5,728","3,200",55.90%,15.6,36.5,33,1,2
Y60,RWD,UNITED LINCOLNSHIRE HOSPITALS NHS TRUST,C_140,Oral Surgery Service,"3,148","1,160",36.80%,25.7,59.2,449,6,99
Y60,RWD,UNITED LINCOLNSHIRE HOSPITALS NHS TRUST,C_150,Neurosurgical Service,2,-,-,-,-,-,-,-
Y60,RWD,UNITED LINCOLNSHIRE HOSPITALS NHS TRUST,C_160,Plastic Surgery Service,-,-,-,-,-,-,-,-
Y60,RWD,UNITED LINCOLNSHIRE HOSPITALS NHS TRUST,C_170,Cardiothoracic Surgery Service,32,14,43.80%,18.7,41.4,-,-,-
Y60,RWD,UNITED LINCOLNSHIRE HOSPITALS NHS TRUST,C_300,General Internal Medicine Service,440,161,36.60%,24.9,57,54,1,15
Y60,RWD,UNITED LINCOLNSHIRE HOSPITALS NHS TRUST,C_301,Gastroenterology Service,"5,418","2,306",42.60%,22,51.6,415,8,68
Y60,RWD,UNITED LINCOLNSHIRE HOSPITALS NHS TRUST,C_320,Cardiology Service,"3,578","1,781",49.80%,18.1,43.6,13,-,-
Y60,RWD,UNITED LINCOLNSHIRE HOSPITALS NHS TRUST,C_330,Dermatology Service,"4,141","2,408",58.20%,14.9,36,20,-,2
Y60,RWD,UNITED LINCOLNSHIRE HOSPITALS NHS TRUST,C_340,Respiratory Medicine Service,"3,410","1,180",34.60%,26.9,58.1,477,-,118
Y60,RWD,UNITED LINCOLNSHIRE HOSPITALS NHS TRUST,C_400,Neurology Service,"2,587","1,341",51.80%,16.7,38.4,36,-,4
Y60,RWD,UNITED LINCOLNSHIRE HOSPITALS NHS TRUST,C_410,Rheumatology Service,"2,058",718,34.90%,26.5,55.7,251,-,53
Y60,RWD,UNITED LINCOLNSHIRE HOSPITALS NHS TRUST,C_430,Elderly Medicine Service,231,186,80.50%,9.7,25.3,-,-,-
Y60,RWD,UNITED LINCOLNSHIRE HOSPITALS NHS TRUST,C_502,Gynaecology Service,"5,539","2,642",47.70%,19.2,45.5,264,1,69
Y60,RWD,UNITED LINCOLNSHIRE HOSPITALS NHS TRUST,X02,Other - Medical Services,"6,298","3,388",53.80%,16.1,42.3,84,2,4
Y60,RWD,UNITED LINCOLNSHIRE HOSPITALS NHS TRUST,X03,Other - Mental Health Services,-,-,-,-,-,-,-,-
Y60,RWD,UNITED LINCOLNSHIRE HOSPITALS NHS TRUST,X04,Other - Paediatric Services,"3,155","1,659",52.60%,16.3,36,21,-,4
Y60,RWD,UNITED LINCOLNSHIRE HOSPITALS NHS TRUST,X05,Other - Surgical Services,"3,783","2,057",54.40%,15.7,42.1,111,2,24
Y60,RWD,UNITED LINCOLNSHIRE HOSPITALS NHS TRUST,X06,Other - Other Services,238,197,82.80%,6.7,39,7,-,1
Y60,RWE,UNIVERSITY HOSPITALS OF LEICESTER NHS TRUST,C_100,General Surgery Service,"4,508","2,493",55.30%,15.9,43.5,189,12,39
Y60,RWE,UNIVERSITY HOSPITALS OF LEICESTER NHS TRUST,C_101,Urology Service,"5,673","3,013",53.10%,16.5,46.2,247,7,66
Y60,RWE,UNIVERSITY HOSPITALS OF LEICESTER NHS TRUST,C_110,Trauma and Orthopaedic Service,"9,548","4,989",52.30%,16.8,46.1,420,1,93
Y60,RWE,UNIVERSITY HOSPITALS OF LEICESTER NHS TRUST,C_120,Ear Nose and Throat Service,"7,127","3,210",45.00%,20.2,48.8,443,14,84
Y60,RWE,UNIVERSITY HOSPITALS OF LEICESTER NHS TRUST,C_130,Ophthalmology Service,"11,923","6,553",55.00%,15.9,42.9,269,2,66
Y60,RWE,UNIVERSITY HOSPITALS OF LEICESTER NHS TRUST,C_140,Oral Surgery Service,"5,460","2,642",48.40%,18.7,48.8,341,7,110
Y60,RWE,UNIVERSITY HOSPITALS OF LEICESTER NHS TRUST,C_150,Neurosurgical Service,55,45,81.80%,11.6,23.6,-,-,-
Y60,RWE,UNIVERSITY HOSPITALS OF LEICESTER NHS TRUST,C_160,Plastic Surgery Service,"1,122",708,63.10%,11.6,45.1,52,-,14
Y60,RWE,UNIVERSITY HOSPITALS OF LEICESTER NHS TRUST,C_170,Cardiothoracic Surgery Service,453,336,74.20%,8,31.5,3,1,1
Y60,RWE,UNIVERSITY HOSPITALS OF LEICESTER NHS TRUST,C_300,General Internal Medicine Service,83,78,94.00%,3.1,13.2,-,-,-
Y60,RWE,UNIVERSITY HOSPITALS OF LEICESTER NHS TRUST,C_301,Gastroenterology Service,"8,809","4,807",54.60%,15.9,49.9,615,-,121
Y60,RWE,UNIVERSITY HOSPITALS OF LEICESTER NHS TRUST,C_320,Cardiology Service,"8,413","3,970",47.20%,19.3,47,407,-,49
Y60,RWE,UNIVERSITY HOSPITALS OF LEICESTER NHS TRUST,C_330,Dermatology Service,"2,244","1,775",79.10%,8.1,28.8,1,-,-
Y60,RWE,UNIVERSITY HOSPITALS OF LEICESTER NHS TRUST,C_340,Respiratory Medicine Service,"1,851","1,430",77.30%,9.7,25.9,4,-,1
Y60,RWE,UNIVERSITY HOSPITALS OF LEICESTER NHS TRUST,C_400,Neurology Service,"2,268","1,755",77.40%,10.6,24.3,-,-,-
Y60,RWE,UNIVERSITY HOSPITALS OF LEICESTER NHS TRUST,C_410,Rheumatology Service,"2,673","2,006",75.00%,10.6,28.1,1,-,-
Y60,RWE,UNIVERSITY HOSPITALS OF LEICESTER NHS TRUST,C_430,Elderly Medicine Service,542,397,73.20%,10.6,31.7,-,-,-
Y60,RWE,UNIVERSITY HOSPITALS OF LEICESTER NHS TRUST,C_502,Gynaecology Service,"9,413","3,529",37.50%,24.5,53.8,839,9,206
Y60,RWE,UNIVERSITY HOSPITALS OF LEICESTER NHS TRUST,X02,Other - Medical Services,"11,422","7,751",67.90%,11.7,32.8,65,-,14
Y60,RWE,UNIVERSITY HOSPITALS OF LEICESTER NHS TRUST,X03,Other - Mental Health Services,-,-,-,-,-,-,-,-
Y60,RWE,UNIVERSITY HOSPITALS OF LEICESTER NHS TRUST,X04,Other - Paediatric Services,"8,505","4,994",58.70%,14.3,42.9,291,11,73
Y60,RWE,UNIVERSITY HOSPITALS OF LEICESTER NHS TRUST,X05,Other - Surgical Services,"3,219","2,032",63.10%,11.8,36.9,66,-,15
Y60,RWE,UNIVERSITY HOSPITALS OF LEICESTER NHS TRUST,X06,Other - Other Services,"3,945","2,152",54.60%,15.8,39.7,32,1,2
Y60,RWP,WORCESTERSHIRE ACUTE HOSPITALS NHS TRUST,C_100,General Surgery Service,"5,016","2,630",52.40%,16.9,58.3,505,46,229
Y60,RWP,WORCESTERSHIRE ACUTE HOSPITALS NHS TRUST,C_101,Urology Service,"5,122","2,935",57.30%,15.2,45.6,174,7,58
Y60,RWP,WORCESTERSHIRE ACUTE HOSPITALS NHS TRUST,C_110,Trauma and Orthopaedic Service,"4,209","2,218",52.70%,16.7,45.4,192,-,38
Y60,RWP,WORCESTERSHIRE ACUTE HOSPITALS NHS TRUST,C_120,Ear Nose and Throat Service,"6,960","2,943",42.30%,22,56.8,731,20,246
Y60,RWP,WORCESTERSHIRE ACUTE HOSPITALS NHS TRUST,C_130,Ophthalmology Service,"5,186","3,550",68.50%,11.9,35.6,15,-,-
Y60,RWP,WORCESTERSHIRE ACUTE HOSPITALS NHS TRUST,C_140,Oral Surgery Service,"4,332","1,648",38.00%,24.7,64.2,747,33,311
Y60,RWP,WORCESTERSHIRE ACUTE HOSPITALS NHS TRUST,C_150,Neurosurgical Service,-,-,-,-,-,-,-,-
Y60,RWP,WORCESTERSHIRE ACUTE HOSPITALS NHS TRUST,C_160,Plastic Surgery Service,13,6,46.20%,-,-,2,-,1
Y60,RWP,WORCESTERSHIRE ACUTE HOSPITALS NHS TRUST,C_170,Cardiothoracic Surgery Service,-,-,-,-,-,-,-,-
Y60,RWP,WORCESTERSHIRE ACUTE HOSPITALS NHS TRUST,C_300,General Internal Medicine Service,706,536,75.90%,11.5,42.5,24,2,6
Y60,RWP,WORCESTERSHIRE ACUTE HOSPITALS NHS TRUST,C_301,Gastroenterology Service,"3,828","1,949",50.90%,17.6,41.1,4,-,-
Y60,RWP,WORCESTERSHIRE ACUTE HOSPITALS NHS TRUST,C_320,Cardiology Service,"2,312","1,534",66.30%,12.7,30.9,6,-,-
Y60,RWP,WORCESTERSHIRE ACUTE HOSPITALS NHS TRUST,C_330,Dermatology Service,"2,221","1,204",54.20%,16.2,57.8,229,12,81
Y60,RWP,WORCESTERSHIRE ACUTE HOSPITALS NHS TRUST,C_340,Respiratory Medicine Service,"1,668",971,58.20%,14.9,36.3,3,-,-
Y60,RWP,WORCESTERSHIRE ACUTE HOSPITALS NHS TRUST,C_400,Neurology Service,"2,205","1,141",51.70%,17.2,36.5,8,-,-
Y60,RWP,WORCESTERSHIRE ACUTE HOSPITALS NHS TRUST,C_410,Rheumatology Service,"1,196",721,60.30%,14.6,33.8,5,-,-
Y60,RWP,WORCESTERSHIRE ACUTE HOSPITALS NHS TRUST,C_430,Elderly Medicine Service,6,6,100.00%,-,-,-,-,-
Y60,RWP,WORCESTERSHIRE ACUTE HOSPITALS NHS TRUST,C_502,Gynaecology Service,"4,647","2,628",56.60%,15.3,40.7,92,-,10
Y60,RWP,WORCESTERSHIRE ACUTE HOSPITALS NHS TRUST,X02,Other - Medical Services,"4,574","2,834",62.00%,13.4,39.4,33,2,11
Y60,RWP,WORCESTERSHIRE ACUTE HOSPITALS NHS TRUST,X03,Other - Mental Health Services,1,-,-,-,-,-,-,-
Y60,RWP,WORCESTERSHIRE ACUTE HOSPITALS NHS TRUST,X04,Other - Paediatric Services,142,108,76.10%,9.5,30.2,-,-,-
Y60,RWP,WORCESTERSHIRE ACUTE HOSPITALS NHS TRUST,X05,Other - Surgical Services,"2,810","1,912",68.00%,10.5,47.4,174,3,48
Y60,RWP,WORCESTERSHIRE ACUTE HOSPITALS NHS TRUST,X06,Other - Other Services,"1,921","1,340",69.80%,11.9,32.2,14,-,6
Y60,RX1,NOTTINGHAM UNIVERSITY HOSPITALS NHS TRUST,C_100,General Surgery Service,"1,946",988,50.80%,17.7,44.4,68,3,22
Y60,RX1,NOTTINGHAM UNIVERSITY HOSPITALS NHS TRUST,C_101,Urology Service,"4,591","2,870",62.50%,13.5,35.9,94,-,6
Y60,RX1,NOTTINGHAM UNIVERSITY HOSPITALS NHS TRUST,C_110,Trauma and Orthopaedic Service,"7,346","3,661",49.80%,18.1,47.9,410,10,128
Y60,RX1,NOTTINGHAM UNIVERSITY HOSPITALS NHS TRUST,C_120,Ear Nose and Throat Service,"11,126","4,577",41.10%,23.4,50.5,773,1,67
Y60,RX1,NOTTINGHAM UNIVERSITY HOSPITALS NHS TRUST,C_130,Ophthalmology Service,"6,964","3,915",56.20%,15.5,42.8,179,1,12
Y60,RX1,NOTTINGHAM UNIVERSITY HOSPITALS NHS TRUST,C_140,Oral Surgery Service,"2,925","1,129",38.60%,23.4,48.3,148,3,33
Y60,RX1,NOTTINGHAM UNIVERSITY HOSPITALS NHS TRUST,C_150,Neurosurgical Service,"1,012",565,55.80%,15.5,45,42,-,13
Y60,RX1,NOTTINGHAM UNIVERSITY HOSPITALS NHS TRUST,C_160,Plastic Surgery Service,"1,359",586,43.10%,21.5,51.8,107,-,21
Y60,RX1,NOTTINGHAM UNIVERSITY HOSPITALS NHS TRUST,C_170,Cardiothoracic Surgery Service,308,234,76.00%,8.8,36.8,12,-,2
Y60,RX1,NOTTINGHAM UNIVERSITY HOSPITALS NHS TRUST,C_300,General Internal Medicine Service,4,1,25.00%,-,-,-,-,-
Y60,RX1,NOTTINGHAM UNIVERSITY HOSPITALS NHS TRUST,C_301,Gastroenterology Service,"4,377","2,682",61.30%,14.1,36.7,56,2,19
Y60,RX1,NOTTINGHAM UNIVERSITY HOSPITALS NHS TRUST,C_320,Cardiology Service,"3,077","1,669",54.20%,16.4,39.6,32,1,4
Y60,RX1,NOTTINGHAM UNIVERSITY HOSPITALS NHS TRUST,C_330,Dermatology Service,"6,182","3,498",56.60%,15.2,35.8,4,-,-
Y60,RX1,NOTTINGHAM UNIVERSITY HOSPITALS NHS TRUST,C_340,Respiratory Medicine Service,"1,995","1,453",72.80%,10.9,30.7,22,1,4
Y60,RX1,NOTTINGHAM UNIVERSITY HOSPITALS NHS TRUST,C_400,Neurology Service,"1,572","1,352",86.00%,9.5,22.1,1,-,-
Y60,RX1,NOTTINGHAM UNIVERSITY HOSPITALS NHS TRUST,C_410,Rheumatology Service,598,444,74.20%,8.7,35,14,-,3
Y60,RX1,NOTTINGHAM UNIVERSITY HOSPITALS NHS TRUST,C_430,Elderly Medicine Service,483,316,65.40%,13.9,29.1,2,-,1
Y60,RX1,NOTTINGHAM UNIVERSITY HOSPITALS NHS TRUST,C_502,Gynaecology Service,"3,993","2,335",58.50%,14.3,47.6,210,-,10
Y60,RX1,NOTTINGHAM UNIVERSITY HOSPITALS NHS TRUST,X02,Other - Medical Services,"12,239","7,432",60.70%,13.9,39.1,294,1,86
Y60,RX1,NOTTINGHAM UNIVERSITY HOSPITALS NHS TRUST,X03,Other - Mental Health Services,2,1,50.00%,-,-,-,-,-
Y60,RX1,NOTTINGHAM UNIVERSITY HOSPITALS NHS TRUST,X04,Other - Paediatric Services,"3,866","2,968",76.80%,9.6,29,20,-,2
Y60,RX1,NOTTINGHAM UNIVERSITY HOSPITALS NHS TRUST,X05,Other - Surgical Services,"8,893","4,444",50.00%,18,49.8,632,13,236
Y60,RX1,NOTTINGHAM UNIVERSITY HOSPITALS NHS TRUST,X06,Other - Other Services,"1,293","1,121",86.70%,9,19.7,3,1,1
Y60,RXK,SANDWELL AND WEST BIRMINGHAM HOSPITALS NHS TRUST,C_100,General Surgery Service,"6,189","2,997",48.40%,18.8,45.4,252,2,61
Y60,RXK,SANDWELL AND WEST BIRMINGHAM HOSPITALS NHS TRUST,C_101,Urology Service,"4,745","2,076",43.80%,20.9,47.6,193,-,29
Y60,RXK,SANDWELL AND WEST BIRMINGHAM HOSPITALS NHS TRUST,C_110,Trauma and Orthopaedic Service,"7,888","3,599",45.60%,20,50.7,576,7,172
Y60,RXK,SANDWELL AND WEST BIRMINGHAM HOSPITALS NHS TRUST,C_120,Ear Nose and Throat Service,"7,154","2,348",32.80%,27.6,59.9,888,31,325
Y60,RXK,SANDWELL AND WEST BIRMINGHAM HOSPITALS NHS TRUST,C_130,Ophthalmology Service,"11,711","6,766",57.80%,15,35.9,96,1,21
Y60,RXK,SANDWELL AND WEST BIRMINGHAM HOSPITALS NHS TRUST,C_140,Oral Surgery Service,"1,926",151,7.80%,38,57,274,1,21
Y60,RXK,SANDWELL AND WEST BIRMINGHAM HOSPITALS NHS TRUST,C_150,Neurosurgical Service,-,-,-,-,-,-,-,-
Y60,RXK,SANDWELL AND WEST BIRMINGHAM HOSPITALS NHS TRUST,C_160,Plastic Surgery Service,276,172,62.30%,14.6,40,7,-,2
Y60,RXK,SANDWELL AND WEST BIRMINGHAM HOSPITALS NHS TRUST,C_170,Cardiothoracic Surgery Service,16,13,81.30%,-,-,-,-,-
Y60,RXK,SANDWELL AND WEST BIRMINGHAM HOSPITALS NHS TRUST,C_300,General Internal Medicine Service,-,-,-,-,-,-,-,-
Y60,RXK,SANDWELL AND WEST BIRMINGHAM HOSPITALS NHS TRUST,C_301,Gastroenterology Service,"2,793","1,580",56.60%,15.6,43.6,98,-,15
Y60,RXK,SANDWELL AND WEST BIRMINGHAM HOSPITALS NHS TRUST,C_320,Cardiology Service,"4,528","2,219",49.00%,18.6,43.4,82,1,5
Y60,RXK,SANDWELL AND WEST BIRMINGHAM HOSPITALS NHS TRUST,C_330,Dermatology Service,"5,417","1,845",34.10%,25.9,53.2,485,2,50
Y60,RXK,SANDWELL AND WEST BIRMINGHAM HOSPITALS NHS TRUST,C_340,Respiratory Medicine Service,"1,386","1,161",83.80%,8.8,22,-,-,-
Y60,RXK,SANDWELL AND WEST BIRMINGHAM HOSPITALS NHS TRUST,C_400,Neurology Service,"1,511",811,53.70%,16.8,38,10,-,-
Y60,RXK,SANDWELL AND WEST BIRMINGHAM HOSPITALS NHS TRUST,C_410,Rheumatology Service,"1,073",685,63.80%,14.1,34.2,19,1,3
Y60,RXK,SANDWELL AND WEST BIRMINGHAM HOSPITALS NHS TRUST,C_430,Elderly Medicine Service,45,45,100.00%,4.4,11.7,-,-,-
Y60,RXK,SANDWELL AND WEST BIRMINGHAM HOSPITALS NHS TRUST,C_502,Gynaecology Service,"4,189","2,311",55.20%,15.7,41.7,126,-,28
Y60,RXK,SANDWELL AND WEST BIRMINGHAM HOSPITALS NHS TRUST,X02,Other - Medical Services,"3,086","2,170",70.30%,12.6,28.8,16,-,1
Y60,RXK,SANDWELL AND WEST BIRMINGHAM HOSPITALS NHS TRUST,X03,Other - Mental Health Services,-,-,-,-,-,-,-,-
Y60,RXK,SANDWELL AND WEST BIRMINGHAM HOSPITALS NHS TRUST,X04,Other - Paediatric Services,"7,645","3,943",51.60%,17.1,43.2,248,1,80
Y60,RXK,SANDWELL AND WEST BIRMINGHAM HOSPITALS NHS TRUST,X05,Other - Surgical Services,"3,783","3,369",89.10%,8.5,22.1,8,-,-
Y60,RXK,SANDWELL AND WEST BIRMINGHAM HOSPITALS NHS TRUST,X06,Other - Other Services,304,241,79.30%,7.5,35.5,4,-,1
Y60,RXM,DERBYSHIRE HEALTHCARE NHS FOUNDATION TRUST,C_100,General Surgery Service,-,-,-,-,-,-,-,-
Y60,RXM,DERBYSHIRE HEALTHCARE NHS FOUNDATION TRUST,C_101,Urology Service,-,-,-,-,-,-,-,-
Y60,RXM,DERBYSHIRE HEALTHCARE NHS FOUNDATION TRUST,C_110,Trauma and Orthopaedic Service,-,-,-,-,-,-,-,-
Y60,RXM,DERBYSHIRE HEALTHCARE NHS FOUNDATION TRUST,C_120,Ear Nose and Throat Service,-,-,-,-,-,-,-,-
Y60,RXM,DERBYSHIRE HEALTHCARE NHS FOUNDATION TRUST,C_130,Ophthalmology Service,-,-,-,-,-,-,-,-
Y60,RXM,DERBYSHIRE HEALTHCARE NHS FOUNDATION TRUST,C_140,Oral Surgery Service,-,-,-,-,-,-,-,-
Y60,RXM,DERBYSHIRE HEALTHCARE NHS FOUNDATION TRUST,C_150,Neurosurgical Service,-,-,-,-,-,-,-,-
Y60,RXM,DERBYSHIRE HEALTHCARE NHS FOUNDATION TRUST,C_160,Plastic Surgery Service,-,-,-,-,-,-,-,-
Y60,RXM,DERBYSHIRE HEALTHCARE NHS FOUNDATION TRUST,C_170,Cardiothoracic Surgery Service,-,-,-,-,-,-,-,-
Y60,RXM,DERBYSHIRE HEALTHCARE NHS FOUNDATION TRUST,C_300,General Internal Medicine Service,-,-,-,-,-,-,-,-
Y60,RXM,DERBYSHIRE HEALTHCARE NHS FOUNDATION TRUST,C_301,Gastroenterology Service,-,-,-,-,-,-,-,-
Y60,RXM,DERBYSHIRE HEALTHCARE NHS FOUNDATION TRUST,C_320,Cardiology Service,-,-,-,-,-,-,-,-
Y60,RXM,DERBYSHIRE HEALTHCARE NHS FOUNDATION TRUST,C_330,Dermatology Service,-,-,-,-,-,-,-,-
Y60,RXM,DERBYSHIRE HEALTHCARE NHS FOUNDATION TRUST,C_340,Respiratory Medicine Service,-,-,-,-,-,-,-,-
Y60,RXM,DERBYSHIRE HEALTHCARE NHS FOUNDATION TRUST,C_400,Neurology Service,-,-,-,-,-,-,-,-
Y60,RXM,DERBYSHIRE HEALTHCARE NHS FOUNDATION TRUST,C_410,Rheumatology Service,-,-,-,-,-,-,-,-
Y60,RXM,DERBYSHIRE HEALTHCARE NHS FOUNDATION TRUST,C_430,Elderly Medicine Service,-,-,-,-,-,-,-,-
Y60,RXM,DERBYSHIRE HEALTHCARE NHS FOUNDATION TRUST,C_502,Gynaecology Service,-,-,-,-,-,-,-,-
Y60,RXM,DERBYSHIRE HEALTHCARE NHS FOUNDATION TRUST,X02,Other - Medical Services,-,-,-,-,-,-,-,-
Y60,RXM,DERBYSHIRE HEALTHCARE NHS FOUNDATION TRUST,X03,Other - Mental Health Services,317,239,75.40%,9.4,29.3,-,-,-
Y60,RXM,DERBYSHIRE HEALTHCARE NHS FOUNDATION TRUST,X04,Other - Paediatric Services,"2,116",249,11.80%,43.7,73.1,743,64,317
Y60,RXM,DERBYSHIRE HEALTHCARE NHS FOUNDATION TRUST,X05,Other - Surgical Services,-,-,-,-,-,-,-,-
Y60,RXM,DERBYSHIRE HEALTHCARE NHS FOUNDATION TRUST,X06,Other - Other Services,-,-,-,-,-,-,-,-
Y60,RXW,THE SHREWSBURY AND TELFORD HOSPITAL NHS TRUST,C_100,General Surgery Service,"5,840","3,187",54.60%,15.6,47.7,330,2,44
Y60,RXW,THE SHREWSBURY AND TELFORD HOSPITAL NHS TRUST,C_101,Urology Service,"1,898","1,326",69.90%,10.4,43.8,89,-,17
Y60,RXW,THE SHREWSBURY AND TELFORD HOSPITAL NHS TRUST,C_110,Trauma and Orthopaedic Service,"1,287",548,42.60%,23.1,59.1,176,-,37
Y60,RXW,THE SHREWSBURY AND TELFORD HOSPITAL NHS TRUST,C_120,Ear Nose and Throat Service,"3,951","1,588",40.20%,22.7,54.4,348,4,117
Y60,RXW,THE SHREWSBURY AND TELFORD HOSPITAL NHS TRUST,C_130,Ophthalmology Service,"3,691","2,398",65.00%,12,39.2,62,-,2
Y60,RXW,THE SHREWSBURY AND TELFORD HOSPITAL NHS TRUST,C_140,Oral Surgery Service,"2,185",922,42.20%,22.2,45.6,80,-,26
Y60,RXW,THE SHREWSBURY AND TELFORD HOSPITAL NHS TRUST,C_150,Neurosurgical Service,-,-,-,-,-,-,-,-
Y60,RXW,THE SHREWSBURY AND TELFORD HOSPITAL NHS TRUST,C_160,Plastic Surgery Service,-,-,-,-,-,-,-,-
Y60,RXW,THE SHREWSBURY AND TELFORD HOSPITAL NHS TRUST,C_170,Cardiothoracic Surgery Service,39,33,84.60%,5.5,20.9,1,-,-
Y60,RXW,THE SHREWSBURY AND TELFORD HOSPITAL NHS TRUST,C_300,General Internal Medicine Service,"1,478",749,50.70%,17.6,48.3,86,-,4
Y60,RXW,THE SHREWSBURY AND TELFORD HOSPITAL NHS TRUST,C_301,Gastroenterology Service,"1,941","1,290",66.50%,12.4,37.4,5,-,2
Y60,RXW,THE SHREWSBURY AND TELFORD HOSPITAL NHS TRUST,C_320,Cardiology Service,"2,833","1,342",47.40%,19.3,45.5,109,-,7
Y60,RXW,THE SHREWSBURY AND TELFORD HOSPITAL NHS TRUST,C_330,Dermatology Service,"1,880","1,175",62.50%,13,43.5,48,-,2
Y60,RXW,THE SHREWSBURY AND TELFORD HOSPITAL NHS TRUST,C_340,Respiratory Medicine Service,"1,782",644,36.10%,25,54.1,184,-,6
Y60,RXW,THE SHREWSBURY AND TELFORD HOSPITAL NHS TRUST,C_400,Neurology Service,-,-,-,-,-,-,-,-
Y60,RXW,THE SHREWSBURY AND TELFORD HOSPITAL NHS TRUST,C_410,Rheumatology Service,-,-,-,-,-,-,-,-
Y60,RXW,THE SHREWSBURY AND TELFORD HOSPITAL NHS TRUST,C_430,Elderly Medicine Service,156,136,87.20%,7.4,21.3,-,-,-
Y60,RXW,THE SHREWSBURY AND TELFORD HOSPITAL NHS TRUST,C_502,Gynaecology Service,"3,298","1,656",50.20%,17.9,54.4,304,-,92
Y60,RXW,THE SHREWSBURY AND TELFORD HOSPITAL NHS TRUST,X02,Other - Medical Services,83,64,77.10%,7.8,36.4,2,-,-
Y60,RXW,THE SHREWSBURY AND TELFORD HOSPITAL NHS TRUST,X03,Other - Mental Health Services,1,1,100.00%,-,-,-,-,-
Y60,RXW,THE SHREWSBURY AND TELFORD HOSPITAL NHS TRUST,X04,Other - Paediatric Services,988,558,56.50%,14.5,43,16,-,2
Y60,RXW,THE SHREWSBURY AND TELFORD HOSPITAL NHS TRUST,X05,Other - Surgical Services,619,193,31.20%,26.4,49.2,15,1,8
Y60,RXW,THE SHREWSBURY AND TELFORD HOSPITAL NHS TRUST,X06,Other - Other Services,483,190,39.30%,25.6,59.1,72,-,14
Y60,RYG,COVENTRY AND WARWICKSHIRE PARTNERSHIP NHS TRUST,C_100,General Surgery Service,-,-,-,-,-,-,-,-
Y60,RYG,COVENTRY AND WARWICKSHIRE PARTNERSHIP NHS TRUST,C_101,Urology Service,-,-,-,-,-,-,-,-
Y60,RYG,COVENTRY AND WARWICKSHIRE PARTNERSHIP NHS TRUST,C_110,Trauma and Orthopaedic Service,-,-,-,-,-,-,-,-
Y60,RYG,COVENTRY AND WARWICKSHIRE PARTNERSHIP NHS TRUST,C_120,Ear Nose and Throat Service,-,-,-,-,-,-,-,-
Y60,RYG,COVENTRY AND WARWICKSHIRE PARTNERSHIP NHS TRUST,C_130,Ophthalmology Service,-,-,-,-,-,-,-,-
Y60,RYG,COVENTRY AND WARWICKSHIRE PARTNERSHIP NHS TRUST,C_140,Oral Surgery Service,-,-,-,-,-,-,-,-
Y60,RYG,COVENTRY AND WARWICKSHIRE PARTNERSHIP NHS TRUST,C_150,Neurosurgical Service,-,-,-,-,-,-,-,-
Y60,RYG,COVENTRY AND WARWICKSHIRE PARTNERSHIP NHS TRUST,C_160,Plastic Surgery Service,-,-,-,-,-,-,-,-
Y60,RYG,COVENTRY AND WARWICKSHIRE PARTNERSHIP NHS TRUST,C_170,Cardiothoracic Surgery Service,-,-,-,-,-,-,-,-
Y60,RYG,COVENTRY AND WARWICKSHIRE PARTNERSHIP NHS TRUST,C_300,General Internal Medicine Service,-,-,-,-,-,-,-,-
Y60,RYG,COVENTRY AND WARWICKSHIRE PARTNERSHIP NHS TRUST,C_301,Gastroenterology Service,-,-,-,-,-,-,-,-
Y60,RYG,COVENTRY AND WARWICKSHIRE PARTNERSHIP NHS TRUST,C_320,Cardiology Service,-,-,-,-,-,-,-,-
Y60,RYG,COVENTRY AND WARWICKSHIRE PARTNERSHIP NHS TRUST,C_330,Dermatology Service,-,-,-,-,-,-,-,-
Y60,RYG,COVENTRY AND WARWICKSHIRE PARTNERSHIP NHS TRUST,C_340,Respiratory Medicine Service,-,-,-,-,-,-,-,-
Y60,RYG,COVENTRY AND WARWICKSHIRE PARTNERSHIP NHS TRUST,C_400,Neurology Service,-,-,-,-,-,-,-,-
Y60,RYG,COVENTRY AND WARWICKSHIRE PARTNERSHIP NHS TRUST,C_410,Rheumatology Service,-,-,-,-,-,-,-,-
Y60,RYG,COVENTRY AND WARWICKSHIRE PARTNERSHIP NHS TRUST,C_430,Elderly Medicine Service,-,-,-,-,-,-,-,-
Y60,RYG,COVENTRY AND WARWICKSHIRE PARTNERSHIP NHS TRUST,C_502,Gynaecology Service,-,-,-,-,-,-,-,-
Y60,RYG,COVENTRY AND WARWICKSHIRE PARTNERSHIP NHS TRUST,X02,Other - Medical Services,-,-,-,-,-,-,-,-
Y60,RYG,COVENTRY AND WARWICKSHIRE PARTNERSHIP NHS TRUST,X03,Other - Mental Health Services,-,-,-,-,-,-,-,-
Y60,RYG,COVENTRY AND WARWICKSHIRE PARTNERSHIP NHS TRUST,X04,Other - Paediatric Services,310,189,61.00%,14.3,29.1,-,-,-
Y60,RYG,COVENTRY AND WARWICKSHIRE PARTNERSHIP NHS TRUST,X05,Other - Surgical Services,-,-,-,-,-,-,-,-
Y60,RYG,COVENTRY AND WARWICKSHIRE PARTNERSHIP NHS TRUST,X06,Other - Other Services,-,-,-,-,-,-,-,-
Y60,RYW,BIRMINGHAM COMMUNITY HEALTHCARE NHS FOUNDATION TRUST,C_100,General Surgery Service,-,-,-,-,-,-,-,-
Y60,RYW,BIRMINGHAM COMMUNITY HEALTHCARE NHS FOUNDATION TRUST,C_101,Urology Service,-,-,-,-,-,-,-,-
Y60,RYW,BIRMINGHAM COMMUNITY HEALTHCARE NHS FOUNDATION TRUST,C_110,Trauma and Orthopaedic Service,374,209,55.90%,16.1,32,-,-,-
Y60,RYW,BIRMINGHAM COMMUNITY HEALTHCARE NHS FOUNDATION TRUST,C_120,Ear Nose and Throat Service,-,-,-,-,-,-,-,-
Y60,RYW,BIRMINGHAM COMMUNITY HEALTHCARE NHS FOUNDATION TRUST,C_130,Ophthalmology Service,-,-,-,-,-,-,-,-
Y60,RYW,BIRMINGHAM COMMUNITY HEALTHCARE NHS FOUNDATION TRUST,C_140,Oral Surgery Service,"5,090","2,790",54.80%,16.2,31.7,20,-,2
Y60,RYW,BIRMINGHAM COMMUNITY HEALTHCARE NHS FOUNDATION TRUST,C_150,Neurosurgical Service,-,-,-,-,-,-,-,-
Y60,RYW,BIRMINGHAM COMMUNITY HEALTHCARE NHS FOUNDATION TRUST,C_160,Plastic Surgery Service,-,-,-,-,-,-,-,-
Y60,RYW,BIRMINGHAM COMMUNITY HEALTHCARE NHS FOUNDATION TRUST,C_170,Cardiothoracic Surgery Service,-,-,-,-,-,-,-,-
Y60,RYW,BIRMINGHAM COMMUNITY HEALTHCARE NHS FOUNDATION TRUST,C_300,General Internal Medicine Service,-,-,-,-,-,-,-,-
Y60,RYW,BIRMINGHAM COMMUNITY HEALTHCARE NHS FOUNDATION TRUST,C_301,Gastroenterology Service,-,-,-,-,-,-,-,-
Y60,RYW,BIRMINGHAM COMMUNITY HEALTHCARE NHS FOUNDATION TRUST,C_320,Cardiology Service,-,-,-,-,-,-,-,-
Y60,RYW,BIRMINGHAM COMMUNITY HEALTHCARE NHS FOUNDATION TRUST,C_330,Dermatology Service,-,-,-,-,-,-,-,-
Y60,RYW,BIRMINGHAM COMMUNITY HEALTHCARE NHS FOUNDATION TRUST,C_340,Respiratory Medicine Service,-,-,-,-,-,-,-,-
Y60,RYW,BIRMINGHAM COMMUNITY HEALTHCARE NHS FOUNDATION TRUST,C_400,Neurology Service,-,-,-,-,-,-,-,-
Y60,RYW,BIRMINGHAM COMMUNITY HEALTHCARE NHS FOUNDATION TRUST,C_410,Rheumatology Service,-,-,-,-,-,-,-,-
Y60,RYW,BIRMINGHAM COMMUNITY HEALTHCARE NHS FOUNDATION TRUST,C_430,Elderly Medicine Service,-,-,-,-,-,-,-,-
Y60,RYW,BIRMINGHAM COMMUNITY HEALTHCARE NHS FOUNDATION TRUST,C_502,Gynaecology Service,-,-,-,-,-,-,-,-
Y60,RYW,BIRMINGHAM COMMUNITY HEALTHCARE NHS FOUNDATION TRUST,X02,Other - Medical Services,"4,267","3,049",71.50%,11.5,26.6,4,-,-
Y60,RYW,BIRMINGHAM COMMUNITY HEALTHCARE NHS FOUNDATION TRUST,X03,Other - Mental Health Services,13,13,100.00%,-,-,-,-,-
Y60,RYW,BIRMINGHAM COMMUNITY HEALTHCARE NHS FOUNDATION TRUST,X04,Other - Paediatric Services,"1,385",511,36.90%,24.7,51.5,99,-,-
Y60,RYW,BIRMINGHAM COMMUNITY HEALTHCARE NHS FOUNDATION TRUST,X05,Other - Surgical Services,"6,196","3,433",55.40%,15.5,36.3,53,-,6
Y60,RYW,BIRMINGHAM COMMUNITY HEALTHCARE NHS FOUNDATION TRUST,X06,Other - Other Services,-,-,-,-,-,-,-,-
Y61,R1L,ESSEX PARTNERSHIP UNIVERSITY NHS FOUNDATION TRUST,C_100,General Surgery Service,-,-,-,-,-,-,-,-
Y61,R1L,ESSEX PARTNERSHIP UNIVERSITY NHS FOUNDATION TRUST,C_101,Urology Service,-,-,-,-,-,-,-,-
Y61,R1L,ESSEX PARTNERSHIP UNIVERSITY NHS FOUNDATION TRUST,C_110,Trauma and Orthopaedic Service,-,-,-,-,-,-,-,-
Y61,R1L,ESSEX PARTNERSHIP UNIVERSITY NHS FOUNDATION TRUST,C_120,Ear Nose and Throat Service,-,-,-,-,-,-,-,-
Y61,R1L,ESSEX PARTNERSHIP UNIVERSITY NHS FOUNDATION TRUST,C_130,Ophthalmology Service,-,-,-,-,-,-,-,-
Y61,R1L,ESSEX PARTNERSHIP UNIVERSITY NHS FOUNDATION TRUST,C_140,Oral Surgery Service,-,-,-,-,-,-,-,-
Y61,R1L,ESSEX PARTNERSHIP UNIVERSITY NHS FOUNDATION TRUST,C_150,Neurosurgical Service,-,-,-,-,-,-,-,-
Y61,R1L,ESSEX PARTNERSHIP UNIVERSITY NHS FOUNDATION TRUST,C_160,Plastic Surgery Service,-,-,-,-,-,-,-,-
Y61,R1L,ESSEX PARTNERSHIP UNIVERSITY NHS FOUNDATION TRUST,C_170,Cardiothoracic Surgery Service,-,-,-,-,-,-,-,-
Y61,R1L,ESSEX PARTNERSHIP UNIVERSITY NHS FOUNDATION TRUST,C_300,General Internal Medicine Service,-,-,-,-,-,-,-,-
Y61,R1L,ESSEX PARTNERSHIP UNIVERSITY NHS FOUNDATION TRUST,C_301,Gastroenterology Service,-,-,-,-,-,-,-,-
Y61,R1L,ESSEX PARTNERSHIP UNIVERSITY NHS FOUNDATION TRUST,C_320,Cardiology Service,-,-,-,-,-,-,-,-
Y61,R1L,ESSEX PARTNERSHIP UNIVERSITY NHS FOUNDATION TRUST,C_330,Dermatology Service,-,-,-,-,-,-,-,-
Y61,R1L,ESSEX PARTNERSHIP UNIVERSITY NHS FOUNDATION TRUST,C_340,Respiratory Medicine Service,-,-,-,-,-,-,-,-
Y61,R1L,ESSEX PARTNERSHIP UNIVERSITY NHS FOUNDATION TRUST,C_400,Neurology Service,-,-,-,-,-,-,-,-
Y61,R1L,ESSEX PARTNERSHIP UNIVERSITY NHS FOUNDATION TRUST,C_410,Rheumatology Service,-,-,-,-,-,-,-,-
Y61,R1L,ESSEX PARTNERSHIP UNIVERSITY NHS FOUNDATION TRUST,C_430,Elderly Medicine Service,-,-,-,-,-,-,-,-
Y61,R1L,ESSEX PARTNERSHIP UNIVERSITY NHS FOUNDATION TRUST,C_502,Gynaecology Service,-,-,-,-,-,-,-,-
Y61,R1L,ESSEX PARTNERSHIP UNIVERSITY NHS FOUNDATION TRUST,X02,Other - Medical Services,-,-,-,-,-,-,-,-
Y61,R1L,ESSEX PARTNERSHIP UNIVERSITY NHS FOUNDATION TRUST,X03,Other - Mental Health Services,-,-,-,-,-,-,-,-
Y61,R1L,ESSEX PARTNERSHIP UNIVERSITY NHS FOUNDATION TRUST,X04,Other - Paediatric Services,"2,046",729,35.60%,23.9,42.8,9,-,-
Y61,R1L,ESSEX PARTNERSHIP UNIVERSITY NHS FOUNDATION TRUST,X05,Other - Surgical Services,-,-,-,-,-,-,-,-
Y61,R1L,ESSEX PARTNERSHIP UNIVERSITY NHS FOUNDATION TRUST,X06,Other - Other Services,-,-,-,-,-,-,-,-
Y61,RAJ,MID AND SOUTH ESSEX NHS FOUNDATION TRUST,C_100,General Surgery Service,"9,799","4,726",48.20%,18.7,44.4,396,4,121
Y61,RAJ,MID AND SOUTH ESSEX NHS FOUNDATION TRUST,C_101,Urology Service,"8,946","4,667",52.20%,16.9,47.9,506,24,153
Y61,RAJ,MID AND SOUTH ESSEX NHS FOUNDATION TRUST,C_110,Trauma and Orthopaedic Service,"14,890","6,463",43.40%,21.5,57.3,"1,520",55,560
Y61,RAJ,MID AND SOUTH ESSEX NHS FOUNDATION TRUST,C_120,Ear Nose and Throat Service,"12,555","5,423",43.20%,21.5,49.9,854,50,295
Y61,RAJ,MID AND SOUTH ESSEX NHS FOUNDATION TRUST,C_130,Ophthalmology Service,"15,056","7,434",49.40%,18.3,48.2,837,13,220
Y61,RAJ,MID AND SOUTH ESSEX NHS FOUNDATION TRUST,C_140,Oral Surgery Service,"5,654","1,713",30.30%,28.3,62.8,917,44,374
Y61,RAJ,MID AND SOUTH ESSEX NHS FOUNDATION TRUST,C_150,Neurosurgical Service,90,39,43.30%,20.2,58.8,9,-,4
Y61,RAJ,MID AND SOUTH ESSEX NHS FOUNDATION TRUST,C_160,Plastic Surgery Service,"5,318","2,547",47.90%,19,58.9,572,74,279
Y61,RAJ,MID AND SOUTH ESSEX NHS FOUNDATION TRUST,C_170,Cardiothoracic Surgery Service,398,263,66.10%,12.1,42.2,9,-,-
Y61,RAJ,MID AND SOUTH ESSEX NHS FOUNDATION TRUST,C_300,General Internal Medicine Service,"1,498","1,028",68.60%,11.7,28.5,10,-,1
Y61,RAJ,MID AND SOUTH ESSEX NHS FOUNDATION TRUST,C_301,Gastroenterology Service,"8,731","4,751",54.40%,16,44.8,495,2,109
Y61,RAJ,MID AND SOUTH ESSEX NHS FOUNDATION TRUST,C_320,Cardiology Service,"11,365","6,827",60.10%,14.3,39.1,285,6,163
Y61,RAJ,MID AND SOUTH ESSEX NHS FOUNDATION TRUST,C_330,Dermatology Service,"10,950","5,424",49.50%,18.2,44.7,416,2,70
Y61,RAJ,MID AND SOUTH ESSEX NHS FOUNDATION TRUST,C_340,Respiratory Medicine Service,"4,448","2,875",64.60%,13.1,32.3,20,-,3
Y61,RAJ,MID AND SOUTH ESSEX NHS FOUNDATION TRUST,C_400,Neurology Service,"4,693","2,584",55.10%,15.9,42.6,170,1,48
Y61,RAJ,MID AND SOUTH ESSEX NHS FOUNDATION TRUST,C_410,Rheumatology Service,"2,994","1,609",53.70%,16.3,32.6,11,1,3
Y61,RAJ,MID AND SOUTH ESSEX NHS FOUNDATION TRUST,C_430,Elderly Medicine Service,795,579,72.80%,10.1,30.6,2,-,-
Y61,RAJ,MID AND SOUTH ESSEX NHS FOUNDATION TRUST,C_502,Gynaecology Service,"11,308","6,073",53.70%,16.4,44.7,473,10,110
Y61,RAJ,MID AND SOUTH ESSEX NHS FOUNDATION TRUST,X02,Other - Medical Services,"16,827","9,701",57.70%,14.3,43,647,13,163
Y61,RAJ,MID AND SOUTH ESSEX NHS FOUNDATION TRUST,X03,Other - Mental Health Services,-,-,-,-,-,-,-,-
Y61,RAJ,MID AND SOUTH ESSEX NHS FOUNDATION TRUST,X04,Other - Paediatric Services,"3,878","1,571",40.50%,21.8,49.5,252,19,99
Y61,RAJ,MID AND SOUTH ESSEX NHS FOUNDATION TRUST,X05,Other - Surgical Services,"7,269","3,883",53.40%,16.2,46.8,418,3,134
Y61,RAJ,MID AND SOUTH ESSEX NHS FOUNDATION TRUST,X06,Other - Other Services,"2,860","2,061",72.10%,8.7,43.2,84,1,21
Y61,RC9,BEDFORDSHIRE HOSPITALS NHS FOUNDATION TRUST,C_100,General Surgery Service,"4,411","2,230",50.60%,17.7,47.5,219,1,39
Y61,RC9,BEDFORDSHIRE HOSPITALS NHS FOUNDATION TRUST,C_101,Urology Service,"6,202","2,940",47.40%,19.6,55.7,632,7,204
Y61,RC9,BEDFORDSHIRE HOSPITALS NHS FOUNDATION TRUST,C_110,Trauma and Orthopaedic Service,"5,503","2,498",45.40%,20.1,53.3,469,18,150
Y61,RC9,BEDFORDSHIRE HOSPITALS NHS FOUNDATION TRUST,C_120,Ear Nose and Throat Service,"8,884","3,745",42.20%,22.3,45,228,-,36
Y61,RC9,BEDFORDSHIRE HOSPITALS NHS FOUNDATION TRUST,C_130,Ophthalmology Service,"10,751","5,364",49.90%,18,43.7,309,1,49
Y61,RC9,BEDFORDSHIRE HOSPITALS NHS FOUNDATION TRUST,C_140,Oral Surgery Service,"6,241","2,668",42.70%,21.6,49.8,402,-,89
Y61,RC9,BEDFORDSHIRE HOSPITALS NHS FOUNDATION TRUST,C_150,Neurosurgical Service,-,-,-,-,-,-,-,-
Y61,RC9,BEDFORDSHIRE HOSPITALS NHS FOUNDATION TRUST,C_160,Plastic Surgery Service,"1,844",865,46.90%,20.2,55.9,182,-,56
Y61,RC9,BEDFORDSHIRE HOSPITALS NHS FOUNDATION TRUST,C_170,Cardiothoracic Surgery Service,-,-,-,-,-,-,-,-
Y61,RC9,BEDFORDSHIRE HOSPITALS NHS FOUNDATION TRUST,C_300,General Internal Medicine Service,"1,784","1,432",80.30%,9.3,22.7,1,-,-
Y61,RC9,BEDFORDSHIRE HOSPITALS NHS FOUNDATION TRUST,C_301,Gastroenterology Service,"3,786","2,051",54.20%,15.8,45.3,152,-,19
Y61,RC9,BEDFORDSHIRE HOSPITALS NHS FOUNDATION TRUST,C_320,Cardiology Service,"6,354","3,306",52.00%,17.1,47,257,-,20
Y61,RC9,BEDFORDSHIRE HOSPITALS NHS FOUNDATION TRUST,C_330,Dermatology Service,"4,969","2,586",52.00%,17.1,43.7,125,-,25
Y61,RC9,BEDFORDSHIRE HOSPITALS NHS FOUNDATION TRUST,C_340,Respiratory Medicine Service,"3,282","2,260",68.90%,11.3,39.9,38,-,7
Y61,RC9,BEDFORDSHIRE HOSPITALS NHS FOUNDATION TRUST,C_400,Neurology Service,"3,454","1,697",49.10%,18.4,43,34,-,4
Y61,RC9,BEDFORDSHIRE HOSPITALS NHS FOUNDATION TRUST,C_410,Rheumatology Service,900,741,82.30%,9.1,23.5,1,-,-
Y61,RC9,BEDFORDSHIRE HOSPITALS NHS FOUNDATION TRUST,C_430,Elderly Medicine Service,431,346,80.30%,8.5,28.4,1,-,-
Y61,RC9,BEDFORDSHIRE HOSPITALS NHS FOUNDATION TRUST,C_502,Gynaecology Service,"8,502","4,125",48.50%,18.8,47.8,480,7,185
Y61,RC9,BEDFORDSHIRE HOSPITALS NHS FOUNDATION TRUST,X02,Other - Medical Services,"3,061","2,067",67.50%,11.9,38.4,32,-,2
Y61,RC9,BEDFORDSHIRE HOSPITALS NHS FOUNDATION TRUST,X03,Other - Mental Health Services,-,-,-,-,-,-,-,-
Y61,RC9,BEDFORDSHIRE HOSPITALS NHS FOUNDATION TRUST,X04,Other - Paediatric Services,"5,272","3,181",60.30%,14,41.7,150,7,51
Y61,RC9,BEDFORDSHIRE HOSPITALS NHS FOUNDATION TRUST,X05,Other - Surgical Services,"7,777","3,891",50.00%,18,49.5,506,8,127
Y61,RC9,BEDFORDSHIRE HOSPITALS NHS FOUNDATION TRUST,X06,Other - Other Services,"1,709","1,135",66.40%,12.2,33.3,12,1,2
Y61,RCX,"THE QUEEN ELIZABETH HOSPITAL, KING'S LYNN, NHS FOUNDATION TRUST",C_100,General Surgery Service,"1,465",741,50.60%,17.8,44.2,49,-,10
Y61,RCX,"THE QUEEN ELIZABETH HOSPITAL, KING'S LYNN, NHS FOUNDATION TRUST",C_101,Urology Service,"1,456",929,63.80%,12.9,43.3,47,-,7
Y61,RCX,"THE QUEEN ELIZABETH HOSPITAL, KING'S LYNN, NHS FOUNDATION TRUST",C_110,Trauma and Orthopaedic Service,"2,422","1,424",58.80%,14.2,48.6,150,1,29
Y61,RCX,"THE QUEEN ELIZABETH HOSPITAL, KING'S LYNN, NHS FOUNDATION TRUST",C_120,Ear Nose and Throat Service,"1,632","1,077",66.00%,11.6,41.7,55,4,19
Y61,RCX,"THE QUEEN ELIZABETH HOSPITAL, KING'S LYNN, NHS FOUNDATION TRUST",C_130,Ophthalmology Service,"2,152","1,515",70.40%,11.2,32.7,19,-,3
Y61,RCX,"THE QUEEN ELIZABETH HOSPITAL, KING'S LYNN, NHS FOUNDATION TRUST",C_140,Oral Surgery Service,438,288,65.80%,11.9,36.3,4,-,-
Y61,RCX,"THE QUEEN ELIZABETH HOSPITAL, KING'S LYNN, NHS FOUNDATION TRUST",C_150,Neurosurgical Service,-,-,-,-,-,-,-,-
Y61,RCX,"THE QUEEN ELIZABETH HOSPITAL, KING'S LYNN, NHS FOUNDATION TRUST",C_160,Plastic Surgery Service,119,73,61.30%,15.6,31.7,-,-,-
Y61,RCX,"THE QUEEN ELIZABETH HOSPITAL, KING'S LYNN, NHS FOUNDATION TRUST",C_170,Cardiothoracic Surgery Service,2,2,100.00%,-,-,-,-,-
Y61,RCX,"THE QUEEN ELIZABETH HOSPITAL, KING'S LYNN, NHS FOUNDATION TRUST",C_300,General Internal Medicine Service,181,162,89.50%,1.5,21.8,-,-,-
Y61,RCX,"THE QUEEN ELIZABETH HOSPITAL, KING'S LYNN, NHS FOUNDATION TRUST",C_301,Gastroenterology Service,"1,290",795,61.60%,15,28.8,1,-,-
Y61,RCX,"THE QUEEN ELIZABETH HOSPITAL, KING'S LYNN, NHS FOUNDATION TRUST",C_320,Cardiology Service,"1,775","1,164",65.60%,12.1,33.4,3,-,-
Y61,RCX,"THE QUEEN ELIZABETH HOSPITAL, KING'S LYNN, NHS FOUNDATION TRUST",C_330,Dermatology Service,"2,326","1,298",55.80%,16.3,32.2,5,-,1
Y61,RCX,"THE QUEEN ELIZABETH HOSPITAL, KING'S LYNN, NHS FOUNDATION TRUST",C_340,Respiratory Medicine Service,969,418,43.10%,22,42.5,8,-,-
Y61,RCX,"THE QUEEN ELIZABETH HOSPITAL, KING'S LYNN, NHS FOUNDATION TRUST",C_400,Neurology Service,"1,111",663,59.70%,15.2,33.9,1,-,1
Y61,RCX,"THE QUEEN ELIZABETH HOSPITAL, KING'S LYNN, NHS FOUNDATION TRUST",C_410,Rheumatology Service,658,468,71.10%,11.7,29.5,-,-,-
Y61,RCX,"THE QUEEN ELIZABETH HOSPITAL, KING'S LYNN, NHS FOUNDATION TRUST",C_430,Elderly Medicine Service,142,99,69.70%,12,32.3,-,-,-
Y61,RCX,"THE QUEEN ELIZABETH HOSPITAL, KING'S LYNN, NHS FOUNDATION TRUST",C_502,Gynaecology Service,"2,096",982,46.90%,19.5,49.3,142,1,35
Y61,RCX,"THE QUEEN ELIZABETH HOSPITAL, KING'S LYNN, NHS FOUNDATION TRUST",X02,Other - Medical Services,"1,675",924,55.20%,15.7,40.2,19,-,1
Y61,RCX,"THE QUEEN ELIZABETH HOSPITAL, KING'S LYNN, NHS FOUNDATION TRUST",X03,Other - Mental Health Services,-,-,-,-,-,-,-,-
Y61,RCX,"THE QUEEN ELIZABETH HOSPITAL, KING'S LYNN, NHS FOUNDATION TRUST",X04,Other - Paediatric Services,618,494,79.90%,6.7,29.9,3,-,-
Y61,RCX,"THE QUEEN ELIZABETH HOSPITAL, KING'S LYNN, NHS FOUNDATION TRUST",X05,Other - Surgical Services,"2,052","1,448",70.60%,11.4,31.6,24,-,6
Y61,RCX,"THE QUEEN ELIZABETH HOSPITAL, KING'S LYNN, NHS FOUNDATION TRUST",X06,Other - Other Services,81,74,91.40%,4.3,22.5,1,-,-
Y61,RD8,MILTON KEYNES UNIVERSITY HOSPITAL NHS FOUNDATION TRUST,C_100,General Surgery Service,"1,976",701,35.50%,25.9,67.1,432,4,195
Y61,RD8,MILTON KEYNES UNIVERSITY HOSPITAL NHS FOUNDATION TRUST,C_101,Urology Service,"2,717",759,27.90%,35.9,65.7,612,30,239
Y61,RD8,MILTON KEYNES UNIVERSITY HOSPITAL NHS FOUNDATION TRUST,C_110,Trauma and Orthopaedic Service,"3,463","1,141",32.90%,26.9,56.6,370,14,96
Y61,RD8,MILTON KEYNES UNIVERSITY HOSPITAL NHS FOUNDATION TRUST,C_120,Ear Nose and Throat Service,"3,836","1,540",40.10%,22.3,55.3,404,28,126
Y61,RD8,MILTON KEYNES UNIVERSITY HOSPITAL NHS FOUNDATION TRUST,C_130,Ophthalmology Service,"3,182","1,047",32.90%,26.2,57.9,420,11,100
Y61,RD8,MILTON KEYNES UNIVERSITY HOSPITAL NHS FOUNDATION TRUST,C_140,Oral Surgery Service,"1,918",433,22.60%,31.9,65.3,322,7,157
Y61,RD8,MILTON KEYNES UNIVERSITY HOSPITAL NHS FOUNDATION TRUST,C_150,Neurosurgical Service,-,-,-,-,-,-,-,-
Y61,RD8,MILTON KEYNES UNIVERSITY HOSPITAL NHS FOUNDATION TRUST,C_160,Plastic Surgery Service,-,-,-,-,-,-,-,-
Y61,RD8,MILTON KEYNES UNIVERSITY HOSPITAL NHS FOUNDATION TRUST,C_170,Cardiothoracic Surgery Service,-,-,-,-,-,-,-,-
Y61,RD8,MILTON KEYNES UNIVERSITY HOSPITAL NHS FOUNDATION TRUST,C_300,General Internal Medicine Service,177,124,70.10%,10.8,34.3,-,-,-
Y61,RD8,MILTON KEYNES UNIVERSITY HOSPITAL NHS FOUNDATION TRUST,C_301,Gastroenterology Service,"1,360",233,17.10%,32.4,49.7,53,-,-
Y61,RD8,MILTON KEYNES UNIVERSITY HOSPITAL NHS FOUNDATION TRUST,C_320,Cardiology Service,"1,301",322,24.80%,27.5,47.6,20,-,3
Y61,RD8,MILTON KEYNES UNIVERSITY HOSPITAL NHS FOUNDATION TRUST,C_330,Dermatology Service,865,783,90.50%,4.8,20.4,-,-,-
Y61,RD8,MILTON KEYNES UNIVERSITY HOSPITAL NHS FOUNDATION TRUST,C_340,Respiratory Medicine Service,"1,610",661,41.10%,23.8,45.8,23,-,-
Y61,RD8,MILTON KEYNES UNIVERSITY HOSPITAL NHS FOUNDATION TRUST,C_400,Neurology Service,"1,185",115,9.70%,35.2,62.7,290,-,60
Y61,RD8,MILTON KEYNES UNIVERSITY HOSPITAL NHS FOUNDATION TRUST,C_410,Rheumatology Service,979,464,47.40%,18.8,35.7,14,-,2
Y61,RD8,MILTON KEYNES UNIVERSITY HOSPITAL NHS FOUNDATION TRUST,C_430,Elderly Medicine Service,11,9,81.80%,-,-,-,-,-
Y61,RD8,MILTON KEYNES UNIVERSITY HOSPITAL NHS FOUNDATION TRUST,C_502,Gynaecology Service,"3,075",682,22.20%,30,59.6,382,2,143
Y61,RD8,MILTON KEYNES UNIVERSITY HOSPITAL NHS FOUNDATION TRUST,X02,Other - Medical Services,"4,395","1,688",38.40%,24.2,53.3,372,4,49
Y61,RD8,MILTON KEYNES UNIVERSITY HOSPITAL NHS FOUNDATION TRUST,X03,Other - Mental Health Services,-,-,-,-,-,-,-,-
Y61,RD8,MILTON KEYNES UNIVERSITY HOSPITAL NHS FOUNDATION TRUST,X04,Other - Paediatric Services,-,-,-,-,-,-,-,-
Y61,RD8,MILTON KEYNES UNIVERSITY HOSPITAL NHS FOUNDATION TRUST,X05,Other - Surgical Services,"1,932",765,39.60%,24.3,63.5,292,2,138
Y61,RD8,MILTON KEYNES UNIVERSITY HOSPITAL NHS FOUNDATION TRUST,X06,Other - Other Services,"1,375",273,19.90%,27.9,38.4,33,-,3
Y61,RDE,EAST SUFFOLK AND NORTH ESSEX NHS FOUNDATION TRUST,C_100,General Surgery Service,"11,571","6,315",54.60%,15.8,47.5,651,4,203
Y61,RDE,EAST SUFFOLK AND NORTH ESSEX NHS FOUNDATION TRUST,C_101,Urology Service,"5,771","3,217",55.70%,15.4,45.4,315,-,87
Y61,RDE,EAST SUFFOLK AND NORTH ESSEX NHS FOUNDATION TRUST,C_110,Trauma and Orthopaedic Service,"11,248","4,343",38.60%,25.1,58.7,"1,450",6,451
Y61,RDE,EAST SUFFOLK AND NORTH ESSEX NHS FOUNDATION TRUST,C_120,Ear Nose and Throat Service,"7,527","4,446",59.10%,14.5,43.2,230,-,10
Y61,RDE,EAST SUFFOLK AND NORTH ESSEX NHS FOUNDATION TRUST,C_130,Ophthalmology Service,"9,933","6,360",64.00%,12.2,36.2,168,16,52
Y61,RDE,EAST SUFFOLK AND NORTH ESSEX NHS FOUNDATION TRUST,C_140,Oral Surgery Service,"2,785","1,647",59.10%,14.1,35.6,25,-,1
Y61,RDE,EAST SUFFOLK AND NORTH ESSEX NHS FOUNDATION TRUST,C_150,Neurosurgical Service,-,-,-,-,-,-,-,-
Y61,RDE,EAST SUFFOLK AND NORTH ESSEX NHS FOUNDATION TRUST,C_160,Plastic Surgery Service,309,211,68.30%,10.5,36.1,8,-,4
Y61,RDE,EAST SUFFOLK AND NORTH ESSEX NHS FOUNDATION TRUST,C_170,Cardiothoracic Surgery Service,2,-,-,-,-,-,-,-
Y61,RDE,EAST SUFFOLK AND NORTH ESSEX NHS FOUNDATION TRUST,C_300,General Internal Medicine Service,488,267,54.70%,16.2,40.6,6,-,-
Y61,RDE,EAST SUFFOLK AND NORTH ESSEX NHS FOUNDATION TRUST,C_301,Gastroenterology Service,"4,868","2,603",53.50%,16.4,49.2,288,2,54
Y61,RDE,EAST SUFFOLK AND NORTH ESSEX NHS FOUNDATION TRUST,C_320,Cardiology Service,"2,950","1,847",62.60%,12.4,38.9,8,-,-
Y61,RDE,EAST SUFFOLK AND NORTH ESSEX NHS FOUNDATION TRUST,C_330,Dermatology Service,"6,645","4,650",70.00%,12.6,33,54,-,9
Y61,RDE,EAST SUFFOLK AND NORTH ESSEX NHS FOUNDATION TRUST,C_340,Respiratory Medicine Service,"1,735","1,124",64.80%,11,35.1,1,-,-
Y61,RDE,EAST SUFFOLK AND NORTH ESSEX NHS FOUNDATION TRUST,C_400,Neurology Service,"3,077","1,872",60.80%,13.8,37.6,4,-,-
Y61,RDE,EAST SUFFOLK AND NORTH ESSEX NHS FOUNDATION TRUST,C_410,Rheumatology Service,875,818,93.50%,6.5,17,-,-,-
Y61,RDE,EAST SUFFOLK AND NORTH ESSEX NHS FOUNDATION TRUST,C_430,Elderly Medicine Service,191,183,95.80%,5,12.9,-,-,-
Y61,RDE,EAST SUFFOLK AND NORTH ESSEX NHS FOUNDATION TRUST,C_502,Gynaecology Service,"7,446","4,047",54.40%,16,44,238,1,59
Y61,RDE,EAST SUFFOLK AND NORTH ESSEX NHS FOUNDATION TRUST,X02,Other - Medical Services,"5,420","3,528",65.10%,11.3,46,263,2,68
Y61,RDE,EAST SUFFOLK AND NORTH ESSEX NHS FOUNDATION TRUST,X03,Other - Mental Health Services,-,-,-,-,-,-,-,-
Y61,RDE,EAST SUFFOLK AND NORTH ESSEX NHS FOUNDATION TRUST,X04,Other - Paediatric Services,"3,465","1,271",36.70%,26.5,53.6,306,-,1
Y61,RDE,EAST SUFFOLK AND NORTH ESSEX NHS FOUNDATION TRUST,X05,Other - Surgical Services,77,76,98.70%,3.3,6.4,-,-,-
Y61,RDE,EAST SUFFOLK AND NORTH ESSEX NHS FOUNDATION TRUST,X06,Other - Other Services,178,132,74.20%,8.6,34.8,7,-,3
Y61,RGM,ROYAL PAPWORTH HOSPITAL NHS FOUNDATION TRUST,C_100,General Surgery Service,-,-,-,-,-,-,-,-
Y61,RGM,ROYAL PAPWORTH HOSPITAL NHS FOUNDATION TRUST,C_101,Urology Service,-,-,-,-,-,-,-,-
Y61,RGM,ROYAL PAPWORTH HOSPITAL NHS FOUNDATION TRUST,C_110,Trauma and Orthopaedic Service,-,-,-,-,-,-,-,-
Y61,RGM,ROYAL PAPWORTH HOSPITAL NHS FOUNDATION TRUST,C_120,Ear Nose and Throat Service,-,-,-,-,-,-,-,-
Y61,RGM,ROYAL PAPWORTH HOSPITAL NHS FOUNDATION TRUST,C_130,Ophthalmology Service,-,-,-,-,-,-,-,-
Y61,RGM,ROYAL PAPWORTH HOSPITAL NHS FOUNDATION TRUST,C_140,Oral Surgery Service,-,-,-,-,-,-,-,-
Y61,RGM,ROYAL PAPWORTH HOSPITAL NHS FOUNDATION TRUST,C_150,Neurosurgical Service,-,-,-,-,-,-,-,-
Y61,RGM,ROYAL PAPWORTH HOSPITAL NHS FOUNDATION TRUST,C_160,Plastic Surgery Service,-,-,-,-,-,-,-,-
Y61,RGM,ROYAL PAPWORTH HOSPITAL NHS FOUNDATION TRUST,C_170,Cardiothoracic Surgery Service,714,435,60.90%,13.8,39,2,-,1
Y61,RGM,ROYAL PAPWORTH HOSPITAL NHS FOUNDATION TRUST,C_300,General Internal Medicine Service,-,-,-,-,-,-,-,-
Y61,RGM,ROYAL PAPWORTH HOSPITAL NHS FOUNDATION TRUST,C_301,Gastroenterology Service,-,-,-,-,-,-,-,-
Y61,RGM,ROYAL PAPWORTH HOSPITAL NHS FOUNDATION TRUST,C_320,Cardiology Service,"1,971","1,379",70.00%,11.3,31.4,6,-,1
Y61,RGM,ROYAL PAPWORTH HOSPITAL NHS FOUNDATION TRUST,C_330,Dermatology Service,-,-,-,-,-,-,-,-
Y61,RGM,ROYAL PAPWORTH HOSPITAL NHS FOUNDATION TRUST,C_340,Respiratory Medicine Service,"3,797","2,559",67.40%,12.3,31.3,7,-,2
Y61,RGM,ROYAL PAPWORTH HOSPITAL NHS FOUNDATION TRUST,C_400,Neurology Service,-,-,-,-,-,-,-,-
Y61,RGM,ROYAL PAPWORTH HOSPITAL NHS FOUNDATION TRUST,C_410,Rheumatology Service,-,-,-,-,-,-,-,-
Y61,RGM,ROYAL PAPWORTH HOSPITAL NHS FOUNDATION TRUST,C_430,Elderly Medicine Service,-,-,-,-,-,-,-,-
Y61,RGM,ROYAL PAPWORTH HOSPITAL NHS FOUNDATION TRUST,C_502,Gynaecology Service,-,-,-,-,-,-,-,-
Y61,RGM,ROYAL PAPWORTH HOSPITAL NHS FOUNDATION TRUST,X02,Other - Medical Services,-,-,-,-,-,-,-,-
Y61,RGM,ROYAL PAPWORTH HOSPITAL NHS FOUNDATION TRUST,X03,Other - Mental Health Services,-,-,-,-,-,-,-,-
Y61,RGM,ROYAL PAPWORTH HOSPITAL NHS FOUNDATION TRUST,X04,Other - Paediatric Services,-,-,-,-,-,-,-,-
Y61,RGM,ROYAL PAPWORTH HOSPITAL NHS FOUNDATION TRUST,X05,Other - Surgical Services,-,-,-,-,-,-,-,-
Y61,RGM,ROYAL PAPWORTH HOSPITAL NHS FOUNDATION TRUST,X06,Other - Other Services,-,-,-,-,-,-,-,-
Y61,RGN,NORTH WEST ANGLIA NHS FOUNDATION TRUST,C_100,General Surgery Service,"6,845","3,525",51.50%,17.2,45.2,240,12,58
Y61,RGN,NORTH WEST ANGLIA NHS FOUNDATION TRUST,C_101,Urology Service,"7,938","3,566",44.90%,21,59.5,"1,056",19,314
Y61,RGN,NORTH WEST ANGLIA NHS FOUNDATION TRUST,C_110,Trauma and Orthopaedic Service,"6,628","3,084",46.50%,19.7,57.7,749,22,234
Y61,RGN,NORTH WEST ANGLIA NHS FOUNDATION TRUST,C_120,Ear Nose and Throat Service,"8,500","3,524",41.50%,23.1,50.1,551,17,103
Y61,RGN,NORTH WEST ANGLIA NHS FOUNDATION TRUST,C_130,Ophthalmology Service,"9,990","4,404",44.10%,22.1,60.6,"1,509",64,508
Y61,RGN,NORTH WEST ANGLIA NHS FOUNDATION TRUST,C_140,Oral Surgery Service,"2,770","1,089",39.30%,24.1,48.1,109,5,18
Y61,RGN,NORTH WEST ANGLIA NHS FOUNDATION TRUST,C_150,Neurosurgical Service,-,-,-,-,-,-,-,-
Y61,RGN,NORTH WEST ANGLIA NHS FOUNDATION TRUST,C_160,Plastic Surgery Service,"1,677",942,56.20%,15.2,41.2,75,10,43
Y61,RGN,NORTH WEST ANGLIA NHS FOUNDATION TRUST,C_170,Cardiothoracic Surgery Service,-,-,-,-,-,-,-,-
Y61,RGN,NORTH WEST ANGLIA NHS FOUNDATION TRUST,C_300,General Internal Medicine Service,42,27,64.30%,13,37.6,-,-,-
Y61,RGN,NORTH WEST ANGLIA NHS FOUNDATION TRUST,C_301,Gastroenterology Service,"4,997","2,015",40.30%,25.6,59.2,656,6,208
Y61,RGN,NORTH WEST ANGLIA NHS FOUNDATION TRUST,C_320,Cardiology Service,"6,058","3,059",50.50%,17.8,41.6,174,-,44
Y61,RGN,NORTH WEST ANGLIA NHS FOUNDATION TRUST,C_330,Dermatology Service,"5,809","2,254",38.80%,25,68.2,"1,137",50,654
Y61,RGN,NORTH WEST ANGLIA NHS FOUNDATION TRUST,C_340,Respiratory Medicine Service,"1,831","1,151",62.90%,11.8,40.1,2,-,-
Y61,RGN,NORTH WEST ANGLIA NHS FOUNDATION TRUST,C_400,Neurology Service,"1,191",806,67.70%,12.1,28.8,5,-,2
Y61,RGN,NORTH WEST ANGLIA NHS FOUNDATION TRUST,C_410,Rheumatology Service,"1,525",833,54.60%,15.7,40.9,6,-,-
Y61,RGN,NORTH WEST ANGLIA NHS FOUNDATION TRUST,C_430,Elderly Medicine Service,649,323,49.80%,18.1,43.8,14,-,-
Y61,RGN,NORTH WEST ANGLIA NHS FOUNDATION TRUST,C_502,Gynaecology Service,"6,518","3,704",56.80%,14.8,44.4,250,4,29
Y61,RGN,NORTH WEST ANGLIA NHS FOUNDATION TRUST,X02,Other - Medical Services,"6,833","4,070",59.60%,13.4,40.3,241,38,114
Y61,RGN,NORTH WEST ANGLIA NHS FOUNDATION TRUST,X03,Other - Mental Health Services,4,3,75.00%,-,-,-,-,-
Y61,RGN,NORTH WEST ANGLIA NHS FOUNDATION TRUST,X04,Other - Paediatric Services,"1,212",582,48.00%,19.6,56.1,134,2,34
Y61,RGN,NORTH WEST ANGLIA NHS FOUNDATION TRUST,X05,Other - Surgical Services,705,671,95.20%,2.8,13.5,3,-,1
Y61,RGN,NORTH WEST ANGLIA NHS FOUNDATION TRUST,X06,Other - Other Services,423,195,46.10%,21.3,46.6,24,2,8
Y61,RGP,JAMES PAGET UNIVERSITY HOSPITALS NHS FOUNDATION TRUST,C_100,General Surgery Service,"3,895","1,562",40.10%,22.4,59.7,505,9,192
Y61,RGP,JAMES PAGET UNIVERSITY HOSPITALS NHS FOUNDATION TRUST,C_101,Urology Service,"2,695","1,115",41.40%,22.8,63.4,442,33,188
Y61,RGP,JAMES PAGET UNIVERSITY HOSPITALS NHS FOUNDATION TRUST,C_110,Trauma and Orthopaedic Service,"4,046","1,442",35.60%,24.6,64.6,690,54,311
Y61,RGP,JAMES PAGET UNIVERSITY HOSPITALS NHS FOUNDATION TRUST,C_120,Ear Nose and Throat Service,"3,654",889,24.30%,32.9,59.9,663,37,193
Y61,RGP,JAMES PAGET UNIVERSITY HOSPITALS NHS FOUNDATION TRUST,C_130,Ophthalmology Service,"2,946","1,921",65.20%,12.1,34.5,23,2,7
Y61,RGP,JAMES PAGET UNIVERSITY HOSPITALS NHS FOUNDATION TRUST,C_140,Oral Surgery Service,"1,078",507,47.00%,20,47.7,64,-,6
Y61,RGP,JAMES PAGET UNIVERSITY HOSPITALS NHS FOUNDATION TRUST,C_150,Neurosurgical Service,-,-,-,-,-,-,-,-
Y61,RGP,JAMES PAGET UNIVERSITY HOSPITALS NHS FOUNDATION TRUST,C_160,Plastic Surgery Service,285,80,28.10%,26.7,55.1,25,-,6
Y61,RGP,JAMES PAGET UNIVERSITY HOSPITALS NHS FOUNDATION TRUST,C_170,Cardiothoracic Surgery Service,-,-,-,-,-,-,-,-
Y61,RGP,JAMES PAGET UNIVERSITY HOSPITALS NHS FOUNDATION TRUST,C_300,General Internal Medicine Service,28,21,75.00%,8.7,27.8,-,-,-
Y61,RGP,JAMES PAGET UNIVERSITY HOSPITALS NHS FOUNDATION TRUST,C_301,Gastroenterology Service,"1,569",630,40.20%,23.6,56.9,209,-,9
Y61,RGP,JAMES PAGET UNIVERSITY HOSPITALS NHS FOUNDATION TRUST,C_320,Cardiology Service,"1,551",698,45.00%,19.9,45.1,44,-,2
Y61,RGP,JAMES PAGET UNIVERSITY HOSPITALS NHS FOUNDATION TRUST,C_330,Dermatology Service,"1,574",987,62.70%,11.6,42.6,42,-,3
Y61,RGP,JAMES PAGET UNIVERSITY HOSPITALS NHS FOUNDATION TRUST,C_340,Respiratory Medicine Service,819,588,71.80%,12.7,25.3,-,-,-
Y61,RGP,JAMES PAGET UNIVERSITY HOSPITALS NHS FOUNDATION TRUST,C_400,Neurology Service,"1,473",685,46.50%,19.8,41.4,13,-,2
Y61,RGP,JAMES PAGET UNIVERSITY HOSPITALS NHS FOUNDATION TRUST,C_410,Rheumatology Service,567,335,59.10%,15.1,28.6,-,-,-
Y61,RGP,JAMES PAGET UNIVERSITY HOSPITALS NHS FOUNDATION TRUST,C_430,Elderly Medicine Service,42,42,100.00%,4.6,8.6,-,-,-
Y61,RGP,JAMES PAGET UNIVERSITY HOSPITALS NHS FOUNDATION TRUST,C_502,Gynaecology Service,"2,823",897,31.80%,27.3,62.6,429,59,190
Y61,RGP,JAMES PAGET UNIVERSITY HOSPITALS NHS FOUNDATION TRUST,X02,Other - Medical Services,629,452,71.90%,10.5,31.9,11,-,3
Y61,RGP,JAMES PAGET UNIVERSITY HOSPITALS NHS FOUNDATION TRUST,X03,Other - Mental Health Services,-,-,-,-,-,-,-,-
Y61,RGP,JAMES PAGET UNIVERSITY HOSPITALS NHS FOUNDATION TRUST,X04,Other - Paediatric Services,"3,306",845,25.60%,33.6,59.9,552,23,168
Y61,RGP,JAMES PAGET UNIVERSITY HOSPITALS NHS FOUNDATION TRUST,X05,Other - Surgical Services,"1,251",748,59.80%,14.3,44.7,60,3,24
Y61,RGP,JAMES PAGET UNIVERSITY HOSPITALS NHS FOUNDATION TRUST,X06,Other - Other Services,-,-,-,-,-,-,-,-
Y61,RGR,WEST SUFFOLK NHS FOUNDATION TRUST,C_100,General Surgery Service,"2,889","1,424",49.30%,18.3,50.1,204,5,51
Y61,RGR,WEST SUFFOLK NHS FOUNDATION TRUST,C_101,Urology Service,"1,966","1,168",59.40%,13.4,49,115,2,25
Y61,RGR,WEST SUFFOLK NHS FOUNDATION TRUST,C_110,Trauma and Orthopaedic Service,"5,022","2,073",41.30%,22.3,56.2,520,12,160
Y61,RGR,WEST SUFFOLK NHS FOUNDATION TRUST,C_120,Ear Nose and Throat Service,"3,273","1,533",46.80%,19.7,49,211,8,67
Y61,RGR,WEST SUFFOLK NHS FOUNDATION TRUST,C_130,Ophthalmology Service,"2,199","1,329",60.40%,13.8,38.9,6,-,-
Y61,RGR,WEST SUFFOLK NHS FOUNDATION TRUST,C_140,Oral Surgery Service,-,-,-,-,-,-,-,-
Y61,RGR,WEST SUFFOLK NHS FOUNDATION TRUST,C_150,Neurosurgical Service,-,-,-,-,-,-,-,-
Y61,RGR,WEST SUFFOLK NHS FOUNDATION TRUST,C_160,Plastic Surgery Service,955,374,39.20%,24.4,61.5,156,-,45
Y61,RGR,WEST SUFFOLK NHS FOUNDATION TRUST,C_170,Cardiothoracic Surgery Service,-,-,-,-,-,-,-,-
Y61,RGR,WEST SUFFOLK NHS FOUNDATION TRUST,C_300,General Internal Medicine Service,688,433,62.90%,12.1,34.3,14,-,6
Y61,RGR,WEST SUFFOLK NHS FOUNDATION TRUST,C_301,Gastroenterology Service,968,585,60.40%,14.4,41.2,26,-,4
Y61,RGR,WEST SUFFOLK NHS FOUNDATION TRUST,C_320,Cardiology Service,784,663,84.60%,7.5,22.9,1,-,-
Y61,RGR,WEST SUFFOLK NHS FOUNDATION TRUST,C_330,Dermatology Service,"4,151","2,254",54.30%,16.3,56.4,400,7,128
Y61,RGR,WEST SUFFOLK NHS FOUNDATION TRUST,C_340,Respiratory Medicine Service,"1,144",662,57.90%,14.5,39.4,14,-,1
Y61,RGR,WEST SUFFOLK NHS FOUNDATION TRUST,C_400,Neurology Service,947,661,69.80%,12.2,32.3,23,-,3
Y61,RGR,WEST SUFFOLK NHS FOUNDATION TRUST,C_410,Rheumatology Service,305,266,87.20%,5.4,21.3,1,-,1
Y61,RGR,WEST SUFFOLK NHS FOUNDATION TRUST,C_430,Elderly Medicine Service,16,13,81.30%,-,-,-,-,-
Y61,RGR,WEST SUFFOLK NHS FOUNDATION TRUST,C_502,Gynaecology Service,"2,186","1,309",59.90%,13.6,50.9,170,27,81
Y61,RGR,WEST SUFFOLK NHS FOUNDATION TRUST,X02,Other - Medical Services,"2,083","1,179",56.60%,15.2,45,80,1,17
Y61,RGR,WEST SUFFOLK NHS FOUNDATION TRUST,X03,Other - Mental Health Services,16,11,68.80%,-,-,1,-,-
Y61,RGR,WEST SUFFOLK NHS FOUNDATION TRUST,X04,Other - Paediatric Services,"2,038","1,019",50.00%,18,42.1,36,-,6
Y61,RGR,WEST SUFFOLK NHS FOUNDATION TRUST,X05,Other - Surgical Services,"3,197","2,050",64.10%,12,39.7,82,2,31
Y61,RGR,WEST SUFFOLK NHS FOUNDATION TRUST,X06,Other - Other Services,349,142,40.70%,23.5,51,26,2,9
Y61,RGT,CAMBRIDGE UNIVERSITY HOSPITALS NHS FOUNDATION TRUST,C_100,General Surgery Service,"1,437",641,44.60%,21.5,59.1,205,10,62
Y61,RGT,CAMBRIDGE UNIVERSITY HOSPITALS NHS FOUNDATION TRUST,C_101,Urology Service,"3,080","1,579",51.30%,17.2,47.2,160,8,47
Y61,RGT,CAMBRIDGE UNIVERSITY HOSPITALS NHS FOUNDATION TRUST,C_110,Trauma and Orthopaedic Service,"4,843","2,035",42.00%,21.7,52.9,391,15,103
Y61,RGT,CAMBRIDGE UNIVERSITY HOSPITALS NHS FOUNDATION TRUST,C_120,Ear Nose and Throat Service,"4,967","2,173",43.70%,21.1,51.9,395,8,108
Y61,RGT,CAMBRIDGE UNIVERSITY HOSPITALS NHS FOUNDATION TRUST,C_130,Ophthalmology Service,"5,971","3,370",56.40%,14.9,41.2,141,11,39
Y61,RGT,CAMBRIDGE UNIVERSITY HOSPITALS NHS FOUNDATION TRUST,C_140,Oral Surgery Service,"3,244","1,382",42.60%,22.4,54.2,281,31,93
Y61,RGT,CAMBRIDGE UNIVERSITY HOSPITALS NHS FOUNDATION TRUST,C_150,Neurosurgical Service,"1,564","1,013",64.80%,12.1,44.3,75,5,26
Y61,RGT,CAMBRIDGE UNIVERSITY HOSPITALS NHS FOUNDATION TRUST,C_160,Plastic Surgery Service,"2,210","1,217",55.10%,15.4,49.2,131,6,26
Y61,RGT,CAMBRIDGE UNIVERSITY HOSPITALS NHS FOUNDATION TRUST,C_170,Cardiothoracic Surgery Service,-,-,-,-,-,-,-,-
Y61,RGT,CAMBRIDGE UNIVERSITY HOSPITALS NHS FOUNDATION TRUST,C_300,General Internal Medicine Service,483,219,45.30%,19.9,43.1,-,-,-
Y61,RGT,CAMBRIDGE UNIVERSITY HOSPITALS NHS FOUNDATION TRUST,C_301,Gastroenterology Service,"1,919","1,487",77.50%,8.5,28.8,12,-,3
Y61,RGT,CAMBRIDGE UNIVERSITY HOSPITALS NHS FOUNDATION TRUST,C_320,Cardiology Service,"2,675","1,145",42.80%,22.1,55.9,273,9,88
Y61,RGT,CAMBRIDGE UNIVERSITY HOSPITALS NHS FOUNDATION TRUST,C_330,Dermatology Service,"3,856","1,915",49.70%,18.1,49.4,225,6,88
Y61,RGT,CAMBRIDGE UNIVERSITY HOSPITALS NHS FOUNDATION TRUST,C_340,Respiratory Medicine Service,"1,124",806,71.70%,12.4,28.1,-,-,-
Y61,RGT,CAMBRIDGE UNIVERSITY HOSPITALS NHS FOUNDATION TRUST,C_400,Neurology Service,"1,368","1,152",84.20%,9,21.9,1,-,-
Y61,RGT,CAMBRIDGE UNIVERSITY HOSPITALS NHS FOUNDATION TRUST,C_410,Rheumatology Service,"1,760","1,339",76.10%,9.9,30.9,14,-,-
Y61,RGT,CAMBRIDGE UNIVERSITY HOSPITALS NHS FOUNDATION TRUST,C_430,Elderly Medicine Service,63,56,88.90%,11.1,20,-,-,-
Y61,RGT,CAMBRIDGE UNIVERSITY HOSPITALS NHS FOUNDATION TRUST,C_502,Gynaecology Service,"4,430","1,886",42.60%,22,51,334,7,92
Y61,RGT,CAMBRIDGE UNIVERSITY HOSPITALS NHS FOUNDATION TRUST,X02,Other - Medical Services,"7,060","5,672",80.30%,8.3,27.6,12,-,-
Y61,RGT,CAMBRIDGE UNIVERSITY HOSPITALS NHS FOUNDATION TRUST,X03,Other - Mental Health Services,16,5,31.30%,-,-,-,-,-
Y61,RGT,CAMBRIDGE UNIVERSITY HOSPITALS NHS FOUNDATION TRUST,X04,Other - Paediatric Services,"4,793","2,683",56.00%,15,46.6,230,3,26
Y61,RGT,CAMBRIDGE UNIVERSITY HOSPITALS NHS FOUNDATION TRUST,X05,Other - Surgical Services,"3,780","2,483",65.70%,10.4,45.4,191,23,64
Y61,RGT,CAMBRIDGE UNIVERSITY HOSPITALS NHS FOUNDATION TRUST,X06,Other - Other Services,886,604,68.20%,8.6,47.1,32,-,5
Y61,RM1,NORFOLK AND NORWICH UNIVERSITY HOSPITALS NHS FOUNDATION TRUST,C_100,General Surgery Service,"7,178","3,713",51.70%,17,53.7,624,43,236
Y61,RM1,NORFOLK AND NORWICH UNIVERSITY HOSPITALS NHS FOUNDATION TRUST,C_101,Urology Service,"4,114","2,468",60.00%,12.9,50.9,315,5,112
Y61,RM1,NORFOLK AND NORWICH UNIVERSITY HOSPITALS NHS FOUNDATION TRUST,C_110,Trauma and Orthopaedic Service,"12,522","4,368",34.90%,27.1,64.7,"2,176",255,977
Y61,RM1,NORFOLK AND NORWICH UNIVERSITY HOSPITALS NHS FOUNDATION TRUST,C_120,Ear Nose and Throat Service,"6,492","3,116",48.00%,18.9,50.8,496,25,199
Y61,RM1,NORFOLK AND NORWICH UNIVERSITY HOSPITALS NHS FOUNDATION TRUST,C_130,Ophthalmology Service,"6,145","3,346",54.50%,15.6,50.8,462,46,222
Y61,RM1,NORFOLK AND NORWICH UNIVERSITY HOSPITALS NHS FOUNDATION TRUST,C_140,Oral Surgery Service,"2,444","1,404",57.40%,15,41.2,76,-,6
Y61,RM1,NORFOLK AND NORWICH UNIVERSITY HOSPITALS NHS FOUNDATION TRUST,C_150,Neurosurgical Service,-,-,-,-,-,-,-,-
Y61,RM1,NORFOLK AND NORWICH UNIVERSITY HOSPITALS NHS FOUNDATION TRUST,C_160,Plastic Surgery Service,"2,376",839,35.30%,25.9,63.1,400,48,156
Y61,RM1,NORFOLK AND NORWICH UNIVERSITY HOSPITALS NHS FOUNDATION TRUST,C_170,Cardiothoracic Surgery Service,-,-,-,-,-,-,-,-
Y61,RM1,NORFOLK AND NORWICH UNIVERSITY HOSPITALS NHS FOUNDATION TRUST,C_300,General Internal Medicine Service,-,-,-,-,-,-,-,-
Y61,RM1,NORFOLK AND NORWICH UNIVERSITY HOSPITALS NHS FOUNDATION TRUST,C_301,Gastroenterology Service,"4,557","3,313",72.70%,9.9,33.9,65,1,10
Y61,RM1,NORFOLK AND NORWICH UNIVERSITY HOSPITALS NHS FOUNDATION TRUST,C_320,Cardiology Service,"4,088","2,380",58.20%,14.6,41.3,85,-,7
Y61,RM1,NORFOLK AND NORWICH UNIVERSITY HOSPITALS NHS FOUNDATION TRUST,C_330,Dermatology Service,"8,171","3,224",39.50%,23.5,59.3,951,68,453
Y61,RM1,NORFOLK AND NORWICH UNIVERSITY HOSPITALS NHS FOUNDATION TRUST,C_340,Respiratory Medicine Service,"2,106","1,003",47.60%,19,44.5,40,1,4
Y61,RM1,NORFOLK AND NORWICH UNIVERSITY HOSPITALS NHS FOUNDATION TRUST,C_400,Neurology Service,"3,290","1,809",55.00%,15.8,36.5,16,1,1
Y61,RM1,NORFOLK AND NORWICH UNIVERSITY HOSPITALS NHS FOUNDATION TRUST,C_410,Rheumatology Service,986,855,86.70%,7.9,22.8,4,1,1
Y61,RM1,NORFOLK AND NORWICH UNIVERSITY HOSPITALS NHS FOUNDATION TRUST,C_430,Elderly Medicine Service,52,49,94.20%,5.8,14.8,-,-,-
Y61,RM1,NORFOLK AND NORWICH UNIVERSITY HOSPITALS NHS FOUNDATION TRUST,C_502,Gynaecology Service,"6,520","2,941",45.10%,20.4,67,980,222,582
Y61,RM1,NORFOLK AND NORWICH UNIVERSITY HOSPITALS NHS FOUNDATION TRUST,X02,Other - Medical Services,"7,674","3,916",51.00%,17.3,44.9,208,3,54
Y61,RM1,NORFOLK AND NORWICH UNIVERSITY HOSPITALS NHS FOUNDATION TRUST,X03,Other - Mental Health Services,3,2,66.70%,-,-,-,-,-
Y61,RM1,NORFOLK AND NORWICH UNIVERSITY HOSPITALS NHS FOUNDATION TRUST,X04,Other - Paediatric Services,"5,800","2,600",44.80%,20.9,54.9,536,27,194
Y61,RM1,NORFOLK AND NORWICH UNIVERSITY HOSPITALS NHS FOUNDATION TRUST,X05,Other - Surgical Services,"1,207",739,61.20%,12.2,46.4,62,6,24
Y61,RM1,NORFOLK AND NORWICH UNIVERSITY HOSPITALS NHS FOUNDATION TRUST,X06,Other - Other Services,930,632,68.00%,10,45.2,32,2,11
Y61,RQW,THE PRINCESS ALEXANDRA HOSPITAL NHS TRUST,C_100,General Surgery Service,"3,527","1,819",51.60%,17.2,46.2,180,8,54
Y61,RQW,THE PRINCESS ALEXANDRA HOSPITAL NHS TRUST,C_101,Urology Service,"1,474",818,55.50%,15.4,43.6,71,3,24
Y61,RQW,THE PRINCESS ALEXANDRA HOSPITAL NHS TRUST,C_110,Trauma and Orthopaedic Service,"2,792",958,34.30%,26.8,70.2,589,83,362
Y61,RQW,THE PRINCESS ALEXANDRA HOSPITAL NHS TRUST,C_120,Ear Nose and Throat Service,"1,961",736,37.50%,26.8,65.1,415,7,158
Y61,RQW,THE PRINCESS ALEXANDRA HOSPITAL NHS TRUST,C_130,Ophthalmology Service,"2,120","1,299",61.30%,13.2,42,57,5,19
Y61,RQW,THE PRINCESS ALEXANDRA HOSPITAL NHS TRUST,C_140,Oral Surgery Service,987,499,50.60%,17.6,57.6,112,6,29
Y61,RQW,THE PRINCESS ALEXANDRA HOSPITAL NHS TRUST,C_150,Neurosurgical Service,-,-,-,-,-,-,-,-
Y61,RQW,THE PRINCESS ALEXANDRA HOSPITAL NHS TRUST,C_160,Plastic Surgery Service,-,-,-,-,-,-,-,-
Y61,RQW,THE PRINCESS ALEXANDRA HOSPITAL NHS TRUST,C_170,Cardiothoracic Surgery Service,-,-,-,-,-,-,-,-
Y61,RQW,THE PRINCESS ALEXANDRA HOSPITAL NHS TRUST,C_300,General Internal Medicine Service,388,197,50.80%,17.7,50,12,2,6
Y61,RQW,THE PRINCESS ALEXANDRA HOSPITAL NHS TRUST,C_301,Gastroenterology Service,"1,906",953,50.00%,18,39.4,22,1,7
Y61,RQW,THE PRINCESS ALEXANDRA HOSPITAL NHS TRUST,C_320,Cardiology Service,"2,632","1,214",46.10%,20.1,51.1,187,7,64
Y61,RQW,THE PRINCESS ALEXANDRA HOSPITAL NHS TRUST,C_330,Dermatology Service,"2,521","1,391",55.20%,15.8,36.2,18,-,3
Y61,RQW,THE PRINCESS ALEXANDRA HOSPITAL NHS TRUST,C_340,Respiratory Medicine Service,644,472,73.30%,10.1,24.5,-,-,-
Y61,RQW,THE PRINCESS ALEXANDRA HOSPITAL NHS TRUST,C_400,Neurology Service,809,361,44.60%,20.6,41.5,11,-,-
Y61,RQW,THE PRINCESS ALEXANDRA HOSPITAL NHS TRUST,C_410,Rheumatology Service,564,156,27.70%,32.5,60.3,82,5,26
Y61,RQW,THE PRINCESS ALEXANDRA HOSPITAL NHS TRUST,C_430,Elderly Medicine Service,17,14,82.40%,-,-,1,-,-
Y61,RQW,THE PRINCESS ALEXANDRA HOSPITAL NHS TRUST,C_502,Gynaecology Service,"1,320",748,56.70%,15,52.9,113,7,48
Y61,RQW,THE PRINCESS ALEXANDRA HOSPITAL NHS TRUST,X02,Other - Medical Services,462,185,40.00%,21.7,59.5,46,2,30
Y61,RQW,THE PRINCESS ALEXANDRA HOSPITAL NHS TRUST,X03,Other - Mental Health Services,-,-,-,-,-,-,-,-
Y61,RQW,THE PRINCESS ALEXANDRA HOSPITAL NHS TRUST,X04,Other - Paediatric Services,809,466,57.60%,13,31.4,3,-,-
Y61,RQW,THE PRINCESS ALEXANDRA HOSPITAL NHS TRUST,X05,Other - Surgical Services,37,26,70.30%,15.8,23,-,-,-
Y61,RQW,THE PRINCESS ALEXANDRA HOSPITAL NHS TRUST,X06,Other - Other Services,"1,021",734,71.90%,12.1,28.4,-,-,-
Y61,RT1,CAMBRIDGESHIRE AND PETERBOROUGH NHS FOUNDATION TRUST,C_100,General Surgery Service,-,-,-,-,-,-,-,-
Y61,RT1,CAMBRIDGESHIRE AND PETERBOROUGH NHS FOUNDATION TRUST,C_101,Urology Service,-,-,-,-,-,-,-,-
Y61,RT1,CAMBRIDGESHIRE AND PETERBOROUGH NHS FOUNDATION TRUST,C_110,Trauma and Orthopaedic Service,-,-,-,-,-,-,-,-
Y61,RT1,CAMBRIDGESHIRE AND PETERBOROUGH NHS FOUNDATION TRUST,C_120,Ear Nose and Throat Service,-,-,-,-,-,-,-,-
Y61,RT1,CAMBRIDGESHIRE AND PETERBOROUGH NHS FOUNDATION TRUST,C_130,Ophthalmology Service,-,-,-,-,-,-,-,-
Y61,RT1,CAMBRIDGESHIRE AND PETERBOROUGH NHS FOUNDATION TRUST,C_140,Oral Surgery Service,-,-,-,-,-,-,-,-
Y61,RT1,CAMBRIDGESHIRE AND PETERBOROUGH NHS FOUNDATION TRUST,C_150,Neurosurgical Service,-,-,-,-,-,-,-,-
Y61,RT1,CAMBRIDGESHIRE AND PETERBOROUGH NHS FOUNDATION TRUST,C_160,Plastic Surgery Service,-,-,-,-,-,-,-,-
Y61,RT1,CAMBRIDGESHIRE AND PETERBOROUGH NHS FOUNDATION TRUST,C_170,Cardiothoracic Surgery Service,-,-,-,-,-,-,-,-
Y61,RT1,CAMBRIDGESHIRE AND PETERBOROUGH NHS FOUNDATION TRUST,C_300,General Internal Medicine Service,-,-,-,-,-,-,-,-
Y61,RT1,CAMBRIDGESHIRE AND PETERBOROUGH NHS FOUNDATION TRUST,C_301,Gastroenterology Service,-,-,-,-,-,-,-,-
Y61,RT1,CAMBRIDGESHIRE AND PETERBOROUGH NHS FOUNDATION TRUST,C_320,Cardiology Service,-,-,-,-,-,-,-,-
Y61,RT1,CAMBRIDGESHIRE AND PETERBOROUGH NHS FOUNDATION TRUST,C_330,Dermatology Service,-,-,-,-,-,-,-,-
Y61,RT1,CAMBRIDGESHIRE AND PETERBOROUGH NHS FOUNDATION TRUST,C_340,Respiratory Medicine Service,-,-,-,-,-,-,-,-
Y61,RT1,CAMBRIDGESHIRE AND PETERBOROUGH NHS FOUNDATION TRUST,C_400,Neurology Service,-,-,-,-,-,-,-,-
Y61,RT1,CAMBRIDGESHIRE AND PETERBOROUGH NHS FOUNDATION TRUST,C_410,Rheumatology Service,-,-,-,-,-,-,-,-
Y61,RT1,CAMBRIDGESHIRE AND PETERBOROUGH NHS FOUNDATION TRUST,C_430,Elderly Medicine Service,-,-,-,-,-,-,-,-
Y61,RT1,CAMBRIDGESHIRE AND PETERBOROUGH NHS FOUNDATION TRUST,C_502,Gynaecology Service,-,-,-,-,-,-,-,-
Y61,RT1,CAMBRIDGESHIRE AND PETERBOROUGH NHS FOUNDATION TRUST,X02,Other - Medical Services,-,-,-,-,-,-,-,-
Y61,RT1,CAMBRIDGESHIRE AND PETERBOROUGH NHS FOUNDATION TRUST,X03,Other - Mental Health Services,-,-,-,-,-,-,-,-
Y61,RT1,CAMBRIDGESHIRE AND PETERBOROUGH NHS FOUNDATION TRUST,X04,Other - Paediatric Services,-,-,-,-,-,-,-,-
Y61,RT1,CAMBRIDGESHIRE AND PETERBOROUGH NHS FOUNDATION TRUST,X05,Other - Surgical Services,-,-,-,-,-,-,-,-
Y61,RT1,CAMBRIDGESHIRE AND PETERBOROUGH NHS FOUNDATION TRUST,X06,Other - Other Services,286,198,69.20%,12.5,43.2,9,2,3
Y61,RWG,WEST HERTFORDSHIRE TEACHING HOSPITALS NHS TRUST,C_100,General Surgery Service,"5,290","2,529",47.80%,19,47.1,261,-,54
Y61,RWG,WEST HERTFORDSHIRE TEACHING HOSPITALS NHS TRUST,C_101,Urology Service,"3,637","2,060",56.60%,15.3,43.3,73,-,10
Y61,RWG,WEST HERTFORDSHIRE TEACHING HOSPITALS NHS TRUST,C_110,Trauma and Orthopaedic Service,"4,350","1,995",45.90%,19.8,44.3,152,1,29
Y61,RWG,WEST HERTFORDSHIRE TEACHING HOSPITALS NHS TRUST,C_120,Ear Nose and Throat Service,"4,402","1,942",44.10%,20.5,51.8,347,3,87
Y61,RWG,WEST HERTFORDSHIRE TEACHING HOSPITALS NHS TRUST,C_130,Ophthalmology Service,"1,911","1,217",63.70%,12.7,37.5,39,-,12
Y61,RWG,WEST HERTFORDSHIRE TEACHING HOSPITALS NHS TRUST,C_140,Oral Surgery Service,"1,905","1,149",60.30%,13.8,40.8,32,-,2
Y61,RWG,WEST HERTFORDSHIRE TEACHING HOSPITALS NHS TRUST,C_150,Neurosurgical Service,-,-,-,-,-,-,-,-
Y61,RWG,WEST HERTFORDSHIRE TEACHING HOSPITALS NHS TRUST,C_160,Plastic Surgery Service,-,-,-,-,-,-,-,-
Y61,RWG,WEST HERTFORDSHIRE TEACHING HOSPITALS NHS TRUST,C_170,Cardiothoracic Surgery Service,-,-,-,-,-,-,-,-
Y61,RWG,WEST HERTFORDSHIRE TEACHING HOSPITALS NHS TRUST,C_300,General Internal Medicine Service,766,309,40.30%,21.9,43.9,19,-,2
Y61,RWG,WEST HERTFORDSHIRE TEACHING HOSPITALS NHS TRUST,C_301,Gastroenterology Service,"6,864","2,631",38.30%,22.8,46.2,119,-,4
Y61,RWG,WEST HERTFORDSHIRE TEACHING HOSPITALS NHS TRUST,C_320,Cardiology Service,"6,270","2,631",42.00%,22.4,50.1,411,-,48
Y61,RWG,WEST HERTFORDSHIRE TEACHING HOSPITALS NHS TRUST,C_330,Dermatology Service,"6,218","2,537",40.80%,22.4,49.4,406,3,141
Y61,RWG,WEST HERTFORDSHIRE TEACHING HOSPITALS NHS TRUST,C_340,Respiratory Medicine Service,"2,422","1,056",43.60%,21.5,47.9,79,-,5
Y61,RWG,WEST HERTFORDSHIRE TEACHING HOSPITALS NHS TRUST,C_400,Neurology Service,"2,641","1,261",47.70%,19,40.8,59,-,7
Y61,RWG,WEST HERTFORDSHIRE TEACHING HOSPITALS NHS TRUST,C_410,Rheumatology Service,"1,071",553,51.60%,17.5,51.9,84,-,14
Y61,RWG,WEST HERTFORDSHIRE TEACHING HOSPITALS NHS TRUST,C_430,Elderly Medicine Service,82,66,80.50%,8.5,22.8,-,-,-
Y61,RWG,WEST HERTFORDSHIRE TEACHING HOSPITALS NHS TRUST,C_502,Gynaecology Service,"2,660","1,157",43.50%,21.1,44.2,22,-,3
Y61,RWG,WEST HERTFORDSHIRE TEACHING HOSPITALS NHS TRUST,X02,Other - Medical Services,"5,423","3,427",63.20%,13.1,40,113,1,11
Y61,RWG,WEST HERTFORDSHIRE TEACHING HOSPITALS NHS TRUST,X03,Other - Mental Health Services,16,13,81.30%,-,-,1,-,-
Y61,RWG,WEST HERTFORDSHIRE TEACHING HOSPITALS NHS TRUST,X04,Other - Paediatric Services,914,570,62.40%,13.9,37.3,5,-,1
Y61,RWG,WEST HERTFORDSHIRE TEACHING HOSPITALS NHS TRUST,X05,Other - Surgical Services,"1,488","1,080",72.60%,9.4,36.5,22,-,3
Y61,RWG,WEST HERTFORDSHIRE TEACHING HOSPITALS NHS TRUST,X06,Other - Other Services,390,227,58.20%,13.6,39.3,1,-,1
Y61,RWH,EAST AND NORTH HERTFORDSHIRE NHS TRUST,C_100,General Surgery Service,"1,743",921,52.80%,16.1,50,119,-,40
Y61,RWH,EAST AND NORTH HERTFORDSHIRE NHS TRUST,C_101,Urology Service,"3,605","2,153",59.70%,14.4,45.4,177,-,30
Y61,RWH,EAST AND NORTH HERTFORDSHIRE NHS TRUST,C_110,Trauma and Orthopaedic Service,"4,833","1,872",38.70%,24,61.2,666,25,250
Y61,RWH,EAST AND NORTH HERTFORDSHIRE NHS TRUST,C_120,Ear Nose and Throat Service,"5,415","2,395",44.20%,22,49.7,304,-,25
Y61,RWH,EAST AND NORTH HERTFORDSHIRE NHS TRUST,C_130,Ophthalmology Service,"6,266","2,443",39.00%,26.1,57.7,806,1,93
Y61,RWH,EAST AND NORTH HERTFORDSHIRE NHS TRUST,C_140,Oral Surgery Service,"3,251","1,393",42.80%,21.8,51,224,1,36
Y61,RWH,EAST AND NORTH HERTFORDSHIRE NHS TRUST,C_150,Neurosurgical Service,-,-,-,-,-,-,-,-
Y61,RWH,EAST AND NORTH HERTFORDSHIRE NHS TRUST,C_160,Plastic Surgery Service,"1,899","1,438",75.70%,10,30,14,-,2
Y61,RWH,EAST AND NORTH HERTFORDSHIRE NHS TRUST,C_170,Cardiothoracic Surgery Service,132,105,79.50%,10.4,25.1,-,-,-
Y61,RWH,EAST AND NORTH HERTFORDSHIRE NHS TRUST,C_300,General Internal Medicine Service,55,48,87.30%,4.3,29.6,-,-,-
Y61,RWH,EAST AND NORTH HERTFORDSHIRE NHS TRUST,C_301,Gastroenterology Service,"3,260","1,428",43.80%,22.3,56.4,393,-,14
Y61,RWH,EAST AND NORTH HERTFORDSHIRE NHS TRUST,C_320,Cardiology Service,"3,429","2,885",84.10%,8.9,24.3,3,-,1
Y61,RWH,EAST AND NORTH HERTFORDSHIRE NHS TRUST,C_330,Dermatology Service,"1,283",612,47.70%,18.9,39.6,5,-,-
Y61,RWH,EAST AND NORTH HERTFORDSHIRE NHS TRUST,C_340,Respiratory Medicine Service,"1,424",938,65.90%,11.6,37.1,4,-,-
Y61,RWH,EAST AND NORTH HERTFORDSHIRE NHS TRUST,C_400,Neurology Service,547,503,92.00%,7.2,18.1,-,-,-
Y61,RWH,EAST AND NORTH HERTFORDSHIRE NHS TRUST,C_410,Rheumatology Service,"1,158",651,56.20%,15.2,33.7,4,1,2
Y61,RWH,EAST AND NORTH HERTFORDSHIRE NHS TRUST,C_430,Elderly Medicine Service,118,87,73.70%,10.1,32.9,1,-,-
Y61,RWH,EAST AND NORTH HERTFORDSHIRE NHS TRUST,C_502,Gynaecology Service,"3,587","2,164",60.30%,14.7,39.8,87,-,12
Y61,RWH,EAST AND NORTH HERTFORDSHIRE NHS TRUST,X02,Other - Medical Services,-,-,-,-,-,-,-,-
Y61,RWH,EAST AND NORTH HERTFORDSHIRE NHS TRUST,X03,Other - Mental Health Services,-,-,-,-,-,-,-,-
Y61,RWH,EAST AND NORTH HERTFORDSHIRE NHS TRUST,X04,Other - Paediatric Services,-,-,-,-,-,-,-,-
Y61,RWH,EAST AND NORTH HERTFORDSHIRE NHS TRUST,X05,Other - Surgical Services,-,-,-,-,-,-,-,-
Y61,RWH,EAST AND NORTH HERTFORDSHIRE NHS TRUST,X06,Other - Other Services,"19,158","8,748",45.70%,20.7,71.2,"2,805","1,162","1,827"
Y61,RY3,NORFOLK COMMUNITY HEALTH AND CARE NHS TRUST,C_100,General Surgery Service,-,-,-,-,-,-,-,-
Y61,RY3,NORFOLK COMMUNITY HEALTH AND CARE NHS TRUST,C_101,Urology Service,-,-,-,-,-,-,-,-
Y61,RY3,NORFOLK COMMUNITY HEALTH AND CARE NHS TRUST,C_110,Trauma and Orthopaedic Service,861,815,94.70%,4.8,15.2,-,-,-
Y61,RY3,NORFOLK COMMUNITY HEALTH AND CARE NHS TRUST,C_120,Ear Nose and Throat Service,-,-,-,-,-,-,-,-
Y61,RY3,NORFOLK COMMUNITY HEALTH AND CARE NHS TRUST,C_130,Ophthalmology Service,-,-,-,-,-,-,-,-
Y61,RY3,NORFOLK COMMUNITY HEALTH AND CARE NHS TRUST,C_140,Oral Surgery Service,-,-,-,-,-,-,-,-
Y61,RY3,NORFOLK COMMUNITY HEALTH AND CARE NHS TRUST,C_150,Neurosurgical Service,-,-,-,-,-,-,-,-
Y61,RY3,NORFOLK COMMUNITY HEALTH AND CARE NHS TRUST,C_160,Plastic Surgery Service,-,-,-,-,-,-,-,-
Y61,RY3,NORFOLK COMMUNITY HEALTH AND CARE NHS TRUST,C_170,Cardiothoracic Surgery Service,-,-,-,-,-,-,-,-
Y61,RY3,NORFOLK COMMUNITY HEALTH AND CARE NHS TRUST,C_300,General Internal Medicine Service,-,-,-,-,-,-,-,-
Y61,RY3,NORFOLK COMMUNITY HEALTH AND CARE NHS TRUST,C_301,Gastroenterology Service,-,-,-,-,-,-,-,-
Y61,RY3,NORFOLK COMMUNITY HEALTH AND CARE NHS TRUST,C_320,Cardiology Service,-,-,-,-,-,-,-,-
Y61,RY3,NORFOLK COMMUNITY HEALTH AND CARE NHS TRUST,C_330,Dermatology Service,-,-,-,-,-,-,-,-
Y61,RY3,NORFOLK COMMUNITY HEALTH AND CARE NHS TRUST,C_340,Respiratory Medicine Service,-,-,-,-,-,-,-,-
Y61,RY3,NORFOLK COMMUNITY HEALTH AND CARE NHS TRUST,C_400,Neurology Service,-,-,-,-,-,-,-,-
Y61,RY3,NORFOLK COMMUNITY HEALTH AND CARE NHS TRUST,C_410,Rheumatology Service,-,-,-,-,-,-,-,-
Y61,RY3,NORFOLK COMMUNITY HEALTH AND CARE NHS TRUST,C_430,Elderly Medicine Service,-,-,-,-,-,-,-,-
Y61,RY3,NORFOLK COMMUNITY HEALTH AND CARE NHS TRUST,C_502,Gynaecology Service,-,-,-,-,-,-,-,-
Y61,RY3,NORFOLK COMMUNITY HEALTH AND CARE NHS TRUST,X02,Other - Medical Services,-,-,-,-,-,-,-,-
Y61,RY3,NORFOLK COMMUNITY HEALTH AND CARE NHS TRUST,X03,Other - Mental Health Services,-,-,-,-,-,-,-,-
Y61,RY3,NORFOLK COMMUNITY HEALTH AND CARE NHS TRUST,X04,Other - Paediatric Services,652,507,77.80%,10.9,22.7,-,-,-
Y61,RY3,NORFOLK COMMUNITY HEALTH AND CARE NHS TRUST,X05,Other - Surgical Services,-,-,-,-,-,-,-,-
Y61,RY3,NORFOLK COMMUNITY HEALTH AND CARE NHS TRUST,X06,Other - Other Services,220,209,95.00%,3.8,15.6,-,-,-
Y61,RY4,HERTFORDSHIRE COMMUNITY NHS TRUST,C_100,General Surgery Service,-,-,-,-,-,-,-,-
Y61,RY4,HERTFORDSHIRE COMMUNITY NHS TRUST,C_101,Urology Service,-,-,-,-,-,-,-,-
Y61,RY4,HERTFORDSHIRE COMMUNITY NHS TRUST,C_110,Trauma and Orthopaedic Service,-,-,-,-,-,-,-,-
Y61,RY4,HERTFORDSHIRE COMMUNITY NHS TRUST,C_120,Ear Nose and Throat Service,-,-,-,-,-,-,-,-
Y61,RY4,HERTFORDSHIRE COMMUNITY NHS TRUST,C_130,Ophthalmology Service,-,-,-,-,-,-,-,-
Y61,RY4,HERTFORDSHIRE COMMUNITY NHS TRUST,C_140,Oral Surgery Service,-,-,-,-,-,-,-,-
Y61,RY4,HERTFORDSHIRE COMMUNITY NHS TRUST,C_150,Neurosurgical Service,-,-,-,-,-,-,-,-
Y61,RY4,HERTFORDSHIRE COMMUNITY NHS TRUST,C_160,Plastic Surgery Service,-,-,-,-,-,-,-,-
Y61,RY4,HERTFORDSHIRE COMMUNITY NHS TRUST,C_170,Cardiothoracic Surgery Service,-,-,-,-,-,-,-,-
Y61,RY4,HERTFORDSHIRE COMMUNITY NHS TRUST,C_300,General Internal Medicine Service,-,-,-,-,-,-,-,-
Y61,RY4,HERTFORDSHIRE COMMUNITY NHS TRUST,C_301,Gastroenterology Service,-,-,-,-,-,-,-,-
Y61,RY4,HERTFORDSHIRE COMMUNITY NHS TRUST,C_320,Cardiology Service,-,-,-,-,-,-,-,-
Y61,RY4,HERTFORDSHIRE COMMUNITY NHS TRUST,C_330,Dermatology Service,-,-,-,-,-,-,-,-
Y61,RY4,HERTFORDSHIRE COMMUNITY NHS TRUST,C_340,Respiratory Medicine Service,-,-,-,-,-,-,-,-
Y61,RY4,HERTFORDSHIRE COMMUNITY NHS TRUST,C_400,Neurology Service,-,-,-,-,-,-,-,-
Y61,RY4,HERTFORDSHIRE COMMUNITY NHS TRUST,C_410,Rheumatology Service,-,-,-,-,-,-,-,-
Y61,RY4,HERTFORDSHIRE COMMUNITY NHS TRUST,C_430,Elderly Medicine Service,-,-,-,-,-,-,-,-
Y61,RY4,HERTFORDSHIRE COMMUNITY NHS TRUST,C_502,Gynaecology Service,-,-,-,-,-,-,-,-
Y61,RY4,HERTFORDSHIRE COMMUNITY NHS TRUST,X02,Other - Medical Services,"1,785","1,546",86.60%,9.2,19.6,1,-,-
Y61,RY4,HERTFORDSHIRE COMMUNITY NHS TRUST,X03,Other - Mental Health Services,-,-,-,-,-,-,-,-
Y61,RY4,HERTFORDSHIRE COMMUNITY NHS TRUST,X04,Other - Paediatric Services,"3,382","1,133",33.50%,27.9,54,320,1,22
Y61,RY4,HERTFORDSHIRE COMMUNITY NHS TRUST,X05,Other - Surgical Services,-,-,-,-,-,-,-,-
Y61,RY4,HERTFORDSHIRE COMMUNITY NHS TRUST,X06,Other - Other Services,-,-,-,-,-,-,-,-
Y61,RYV,CAMBRIDGESHIRE COMMUNITY SERVICES NHS TRUST,C_100,General Surgery Service,-,-,-,-,-,-,-,-
Y61,RYV,CAMBRIDGESHIRE COMMUNITY SERVICES NHS TRUST,C_101,Urology Service,-,-,-,-,-,-,-,-
Y61,RYV,CAMBRIDGESHIRE COMMUNITY SERVICES NHS TRUST,C_110,Trauma and Orthopaedic Service,-,-,-,-,-,-,-,-
Y61,RYV,CAMBRIDGESHIRE COMMUNITY SERVICES NHS TRUST,C_120,Ear Nose and Throat Service,-,-,-,-,-,-,-,-
Y61,RYV,CAMBRIDGESHIRE COMMUNITY SERVICES NHS TRUST,C_130,Ophthalmology Service,-,-,-,-,-,-,-,-
Y61,RYV,CAMBRIDGESHIRE COMMUNITY SERVICES NHS TRUST,C_140,Oral Surgery Service,-,-,-,-,-,-,-,-
Y61,RYV,CAMBRIDGESHIRE COMMUNITY SERVICES NHS TRUST,C_150,Neurosurgical Service,-,-,-,-,-,-,-,-
Y61,RYV,CAMBRIDGESHIRE COMMUNITY SERVICES NHS TRUST,C_160,Plastic Surgery Service,-,-,-,-,-,-,-,-
Y61,RYV,CAMBRIDGESHIRE COMMUNITY SERVICES NHS TRUST,C_170,Cardiothoracic Surgery Service,-,-,-,-,-,-,-,-
Y61,RYV,CAMBRIDGESHIRE COMMUNITY SERVICES NHS TRUST,C_300,General Internal Medicine Service,-,-,-,-,-,-,-,-
Y61,RYV,CAMBRIDGESHIRE COMMUNITY SERVICES NHS TRUST,C_301,Gastroenterology Service,-,-,-,-,-,-,-,-
Y61,RYV,CAMBRIDGESHIRE COMMUNITY SERVICES NHS TRUST,C_320,Cardiology Service,-,-,-,-,-,-,-,-
Y61,RYV,CAMBRIDGESHIRE COMMUNITY SERVICES NHS TRUST,C_330,Dermatology Service,-,-,-,-,-,-,-,-
Y61,RYV,CAMBRIDGESHIRE COMMUNITY SERVICES NHS TRUST,C_340,Respiratory Medicine Service,-,-,-,-,-,-,-,-
Y61,RYV,CAMBRIDGESHIRE COMMUNITY SERVICES NHS TRUST,C_400,Neurology Service,-,-,-,-,-,-,-,-
Y61,RYV,CAMBRIDGESHIRE COMMUNITY SERVICES NHS TRUST,C_410,Rheumatology Service,-,-,-,-,-,-,-,-
Y61,RYV,CAMBRIDGESHIRE COMMUNITY SERVICES NHS TRUST,C_430,Elderly Medicine Service,-,-,-,-,-,-,-,-
Y61,RYV,CAMBRIDGESHIRE COMMUNITY SERVICES NHS TRUST,C_502,Gynaecology Service,-,-,-,-,-,-,-,-
Y61,RYV,CAMBRIDGESHIRE COMMUNITY SERVICES NHS TRUST,X02,Other - Medical Services,"2,821","1,081",38.30%,23.9,41.9,48,2,4
Y61,RYV,CAMBRIDGESHIRE COMMUNITY SERVICES NHS TRUST,X03,Other - Mental Health Services,-,-,-,-,-,-,-,-
Y61,RYV,CAMBRIDGESHIRE COMMUNITY SERVICES NHS TRUST,X04,Other - Paediatric Services,-,-,-,-,-,-,-,-
Y61,RYV,CAMBRIDGESHIRE COMMUNITY SERVICES NHS TRUST,X05,Other - Surgical Services,-,-,-,-,-,-,-,-
Y61,RYV,CAMBRIDGESHIRE COMMUNITY SERVICES NHS TRUST,X06,Other - Other Services,-,-,-,-,-,-,-,-
Y62,R0A,MANCHESTER UNIVERSITY NHS FOUNDATION TRUST,C_100,General Surgery Service,"6,741","2,507",37.20%,24.6,61.3,916,10,401
Y62,R0A,MANCHESTER UNIVERSITY NHS FOUNDATION TRUST,C_101,Urology Service,"6,861","3,096",45.10%,20.4,49.2,378,6,142
Y62,R0A,MANCHESTER UNIVERSITY NHS FOUNDATION TRUST,C_110,Trauma and Orthopaedic Service,"8,821","3,726",42.20%,22.3,57.5,976,3,331
Y62,R0A,MANCHESTER UNIVERSITY NHS FOUNDATION TRUST,C_120,Ear Nose and Throat Service,"9,106","3,398",37.30%,25,50.4,540,1,160
Y62,R0A,MANCHESTER UNIVERSITY NHS FOUNDATION TRUST,C_130,Ophthalmology Service,"11,875","6,131",51.60%,17,46.8,548,9,111
Y62,R0A,MANCHESTER UNIVERSITY NHS FOUNDATION TRUST,C_140,Oral Surgery Service,"18,384","8,249",44.90%,21.1,53.8,"1,627",-,454
Y62,R0A,MANCHESTER UNIVERSITY NHS FOUNDATION TRUST,C_150,Neurosurgical Service,1,-,-,-,-,-,-,-
Y62,R0A,MANCHESTER UNIVERSITY NHS FOUNDATION TRUST,C_160,Plastic Surgery Service,"4,505","1,692",37.60%,25.4,63.4,715,25,314
Y62,R0A,MANCHESTER UNIVERSITY NHS FOUNDATION TRUST,C_170,Cardiothoracic Surgery Service,2,1,50.00%,-,-,-,-,-
Y62,R0A,MANCHESTER UNIVERSITY NHS FOUNDATION TRUST,C_300,General Internal Medicine Service,447,229,51.20%,17.2,66.2,49,-,38
Y62,R0A,MANCHESTER UNIVERSITY NHS FOUNDATION TRUST,C_301,Gastroenterology Service,"8,006","4,114",51.40%,17.1,47.9,365,-,156
Y62,R0A,MANCHESTER UNIVERSITY NHS FOUNDATION TRUST,C_320,Cardiology Service,"10,341","4,717",45.60%,20.2,46.5,486,2,101
Y62,R0A,MANCHESTER UNIVERSITY NHS FOUNDATION TRUST,C_330,Dermatology Service,"3,359","1,292",38.50%,26.8,66,677,2,290
Y62,R0A,MANCHESTER UNIVERSITY NHS FOUNDATION TRUST,C_340,Respiratory Medicine Service,"8,835","4,487",50.80%,17.5,45.7,278,-,31
Y62,R0A,MANCHESTER UNIVERSITY NHS FOUNDATION TRUST,C_400,Neurology Service,96,47,49.00%,19,43.7,3,-,2
Y62,R0A,MANCHESTER UNIVERSITY NHS FOUNDATION TRUST,C_410,Rheumatology Service,"2,226","1,462",65.70%,11.9,40.5,50,-,9
Y62,R0A,MANCHESTER UNIVERSITY NHS FOUNDATION TRUST,C_430,Elderly Medicine Service,822,484,58.90%,14.7,36,8,-,-
Y62,R0A,MANCHESTER UNIVERSITY NHS FOUNDATION TRUST,C_502,Gynaecology Service,"18,583","6,821",36.70%,25.6,61.2,"2,999",16,788
Y62,R0A,MANCHESTER UNIVERSITY NHS FOUNDATION TRUST,X02,Other - Medical Services,"24,518","13,092",53.40%,16,45.5,"1,043",6,420
Y62,R0A,MANCHESTER UNIVERSITY NHS FOUNDATION TRUST,X03,Other - Mental Health Services,31,10,32.30%,33.3,72.8,10,-,8
Y62,R0A,MANCHESTER UNIVERSITY NHS FOUNDATION TRUST,X04,Other - Paediatric Services,"18,368","7,829",42.60%,22,49.8,"1,157",17,322
Y62,R0A,MANCHESTER UNIVERSITY NHS FOUNDATION TRUST,X05,Other - Surgical Services,"14,938","8,061",54.00%,16,45.4,598,1,189
Y62,R0A,MANCHESTER UNIVERSITY NHS FOUNDATION TRUST,X06,Other - Other Services,"7,061","3,092",43.80%,22.2,62.7,"1,017",3,474
Y62,RBL,WIRRAL UNIVERSITY TEACHING HOSPITAL NHS FOUNDATION TRUST,C_100,General Surgery Service,279,232,83.20%,6.9,38.7,10,-,1
Y62,RBL,WIRRAL UNIVERSITY TEACHING HOSPITAL NHS FOUNDATION TRUST,C_101,Urology Service,"2,317","1,403",60.60%,12.7,42.9,70,-,9
Y62,RBL,WIRRAL UNIVERSITY TEACHING HOSPITAL NHS FOUNDATION TRUST,C_110,Trauma and Orthopaedic Service,"2,140","1,174",54.90%,15.6,45.2,83,2,10
Y62,RBL,WIRRAL UNIVERSITY TEACHING HOSPITAL NHS FOUNDATION TRUST,C_120,Ear Nose and Throat Service,"3,136","1,547",49.30%,18.3,40.5,65,-,7
Y62,RBL,WIRRAL UNIVERSITY TEACHING HOSPITAL NHS FOUNDATION TRUST,C_130,Ophthalmology Service,"3,443","1,735",50.40%,17.8,43.2,75,-,13
Y62,RBL,WIRRAL UNIVERSITY TEACHING HOSPITAL NHS FOUNDATION TRUST,C_140,Oral Surgery Service,"1,929","1,120",58.10%,13.2,49.2,118,-,21
Y62,RBL,WIRRAL UNIVERSITY TEACHING HOSPITAL NHS FOUNDATION TRUST,C_150,Neurosurgical Service,-,-,-,-,-,-,-,-
Y62,RBL,WIRRAL UNIVERSITY TEACHING HOSPITAL NHS FOUNDATION TRUST,C_160,Plastic Surgery Service,-,-,-,-,-,-,-,-
Y62,RBL,WIRRAL UNIVERSITY TEACHING HOSPITAL NHS FOUNDATION TRUST,C_170,Cardiothoracic Surgery Service,-,-,-,-,-,-,-,-
Y62,RBL,WIRRAL UNIVERSITY TEACHING HOSPITAL NHS FOUNDATION TRUST,C_300,General Internal Medicine Service,1,1,100.00%,-,-,-,-,-
Y62,RBL,WIRRAL UNIVERSITY TEACHING HOSPITAL NHS FOUNDATION TRUST,C_301,Gastroenterology Service,"3,146","1,589",50.50%,17.7,50.8,234,-,31
Y62,RBL,WIRRAL UNIVERSITY TEACHING HOSPITAL NHS FOUNDATION TRUST,C_320,Cardiology Service,"1,560",710,45.50%,20.9,43.8,25,-,1
Y62,RBL,WIRRAL UNIVERSITY TEACHING HOSPITAL NHS FOUNDATION TRUST,C_330,Dermatology Service,"2,925","1,452",49.60%,18.1,41.4,33,-,2
Y62,RBL,WIRRAL UNIVERSITY TEACHING HOSPITAL NHS FOUNDATION TRUST,C_340,Respiratory Medicine Service,"2,241","1,533",68.40%,11.1,34.8,8,-,1
Y62,RBL,WIRRAL UNIVERSITY TEACHING HOSPITAL NHS FOUNDATION TRUST,C_400,Neurology Service,-,-,-,-,-,-,-,-
Y62,RBL,WIRRAL UNIVERSITY TEACHING HOSPITAL NHS FOUNDATION TRUST,C_410,Rheumatology Service,653,401,61.40%,13.6,29.8,-,-,-
Y62,RBL,WIRRAL UNIVERSITY TEACHING HOSPITAL NHS FOUNDATION TRUST,C_430,Elderly Medicine Service,149,145,97.30%,5.5,15.7,1,-,-
Y62,RBL,WIRRAL UNIVERSITY TEACHING HOSPITAL NHS FOUNDATION TRUST,C_502,Gynaecology Service,"4,432","1,680",37.90%,25.6,57.8,582,1,98
Y62,RBL,WIRRAL UNIVERSITY TEACHING HOSPITAL NHS FOUNDATION TRUST,X02,Other - Medical Services,"2,824","1,989",70.40%,9.8,32.8,32,-,8
Y62,RBL,WIRRAL UNIVERSITY TEACHING HOSPITAL NHS FOUNDATION TRUST,X03,Other - Mental Health Services,-,-,-,-,-,-,-,-
Y62,RBL,WIRRAL UNIVERSITY TEACHING HOSPITAL NHS FOUNDATION TRUST,X04,Other - Paediatric Services,"1,885","1,216",64.50%,12.2,31.6,1,-,-
Y62,RBL,WIRRAL UNIVERSITY TEACHING HOSPITAL NHS FOUNDATION TRUST,X05,Other - Surgical Services,"5,805","2,688",46.30%,20.5,57.2,680,2,210
Y62,RBL,WIRRAL UNIVERSITY TEACHING HOSPITAL NHS FOUNDATION TRUST,X06,Other - Other Services,"2,811","2,411",85.80%,6.2,25.5,12,-,3
Y62,RBN,MERSEY AND WEST LANCASHIRE TEACHING HOSPITALS NHS TRUST,C_100,General Surgery Service,"6,031","3,627",60.10%,13.2,45.7,298,5,97
Y62,RBN,MERSEY AND WEST LANCASHIRE TEACHING HOSPITALS NHS TRUST,C_101,Urology Service,"5,405","3,586",66.30%,11.7,38.6,137,1,29
Y62,RBN,MERSEY AND WEST LANCASHIRE TEACHING HOSPITALS NHS TRUST,C_110,Trauma and Orthopaedic Service,"7,039","4,346",61.70%,12,44.7,344,9,119
Y62,RBN,MERSEY AND WEST LANCASHIRE TEACHING HOSPITALS NHS TRUST,C_120,Ear Nose and Throat Service,"5,823","3,561",61.20%,13.2,39.5,150,2,52
Y62,RBN,MERSEY AND WEST LANCASHIRE TEACHING HOSPITALS NHS TRUST,C_130,Ophthalmology Service,"3,531","2,308",65.40%,12,39.5,122,-,31
Y62,RBN,MERSEY AND WEST LANCASHIRE TEACHING HOSPITALS NHS TRUST,C_140,Oral Surgery Service,"1,567","1,111",70.90%,10.6,33,5,-,1
Y62,RBN,MERSEY AND WEST LANCASHIRE TEACHING HOSPITALS NHS TRUST,C_150,Neurosurgical Service,51,36,70.60%,12.9,37.3,1,-,1
Y62,RBN,MERSEY AND WEST LANCASHIRE TEACHING HOSPITALS NHS TRUST,C_160,Plastic Surgery Service,"6,500","2,843",43.70%,21.5,58.6,822,13,243
Y62,RBN,MERSEY AND WEST LANCASHIRE TEACHING HOSPITALS NHS TRUST,C_170,Cardiothoracic Surgery Service,4,1,25.00%,-,-,-,-,-
Y62,RBN,MERSEY AND WEST LANCASHIRE TEACHING HOSPITALS NHS TRUST,C_300,General Internal Medicine Service,334,268,80.20%,7.2,35.1,1,-,-
Y62,RBN,MERSEY AND WEST LANCASHIRE TEACHING HOSPITALS NHS TRUST,C_301,Gastroenterology Service,"7,328","4,670",63.70%,13.1,33.4,35,-,2
Y62,RBN,MERSEY AND WEST LANCASHIRE TEACHING HOSPITALS NHS TRUST,C_320,Cardiology Service,"3,403","1,777",52.20%,16.8,39.1,60,1,15
Y62,RBN,MERSEY AND WEST LANCASHIRE TEACHING HOSPITALS NHS TRUST,C_330,Dermatology Service,"8,294","4,820",58.10%,15,34,121,-,37
Y62,RBN,MERSEY AND WEST LANCASHIRE TEACHING HOSPITALS NHS TRUST,C_340,Respiratory Medicine Service,"1,433",976,68.10%,11.8,33.4,1,-,-
Y62,RBN,MERSEY AND WEST LANCASHIRE TEACHING HOSPITALS NHS TRUST,C_400,Neurology Service,-,-,-,-,-,-,-,-
Y62,RBN,MERSEY AND WEST LANCASHIRE TEACHING HOSPITALS NHS TRUST,C_410,Rheumatology Service,"1,082",718,66.40%,11.9,33.9,13,-,2
Y62,RBN,MERSEY AND WEST LANCASHIRE TEACHING HOSPITALS NHS TRUST,C_430,Elderly Medicine Service,242,203,83.90%,7.4,29.5,-,-,-
Y62,RBN,MERSEY AND WEST LANCASHIRE TEACHING HOSPITALS NHS TRUST,C_502,Gynaecology Service,"7,756","3,968",51.20%,17.3,46,342,-,92
Y62,RBN,MERSEY AND WEST LANCASHIRE TEACHING HOSPITALS NHS TRUST,X02,Other - Medical Services,"7,623","4,820",63.20%,11.9,36.8,130,-,16
Y62,RBN,MERSEY AND WEST LANCASHIRE TEACHING HOSPITALS NHS TRUST,X03,Other - Mental Health Services,-,-,-,-,-,-,-,-
Y62,RBN,MERSEY AND WEST LANCASHIRE TEACHING HOSPITALS NHS TRUST,X04,Other - Paediatric Services,"2,882","1,800",62.50%,13,43.2,116,-,13
Y62,RBN,MERSEY AND WEST LANCASHIRE TEACHING HOSPITALS NHS TRUST,X05,Other - Surgical Services,"2,401","1,271",52.90%,16.3,42.8,75,-,31
Y62,RBN,MERSEY AND WEST LANCASHIRE TEACHING HOSPITALS NHS TRUST,X06,Other - Other Services,76,43,56.60%,11.3,40.9,2,-,2
Y62,RBQ,LIVERPOOL HEART AND CHEST HOSPITAL NHS FOUNDATION TRUST,C_100,General Surgery Service,-,-,-,-,-,-,-,-
Y62,RBQ,LIVERPOOL HEART AND CHEST HOSPITAL NHS FOUNDATION TRUST,C_101,Urology Service,-,-,-,-,-,-,-,-
Y62,RBQ,LIVERPOOL HEART AND CHEST HOSPITAL NHS FOUNDATION TRUST,C_110,Trauma and Orthopaedic Service,-,-,-,-,-,-,-,-
Y62,RBQ,LIVERPOOL HEART AND CHEST HOSPITAL NHS FOUNDATION TRUST,C_120,Ear Nose and Throat Service,-,-,-,-,-,-,-,-
Y62,RBQ,LIVERPOOL HEART AND CHEST HOSPITAL NHS FOUNDATION TRUST,C_130,Ophthalmology Service,-,-,-,-,-,-,-,-
Y62,RBQ,LIVERPOOL HEART AND CHEST HOSPITAL NHS FOUNDATION TRUST,C_140,Oral Surgery Service,-,-,-,-,-,-,-,-
Y62,RBQ,LIVERPOOL HEART AND CHEST HOSPITAL NHS FOUNDATION TRUST,C_150,Neurosurgical Service,-,-,-,-,-,-,-,-
Y62,RBQ,LIVERPOOL HEART AND CHEST HOSPITAL NHS FOUNDATION TRUST,C_160,Plastic Surgery Service,-,-,-,-,-,-,-,-
Y62,RBQ,LIVERPOOL HEART AND CHEST HOSPITAL NHS FOUNDATION TRUST,C_170,Cardiothoracic Surgery Service,962,529,55.00%,15.9,50.4,69,18,30
Y62,RBQ,LIVERPOOL HEART AND CHEST HOSPITAL NHS FOUNDATION TRUST,C_300,General Internal Medicine Service,-,-,-,-,-,-,-,-
Y62,RBQ,LIVERPOOL HEART AND CHEST HOSPITAL NHS FOUNDATION TRUST,C_301,Gastroenterology Service,-,-,-,-,-,-,-,-
Y62,RBQ,LIVERPOOL HEART AND CHEST HOSPITAL NHS FOUNDATION TRUST,C_320,Cardiology Service,"3,338","2,444",73.20%,11.1,29,-,-,-
Y62,RBQ,LIVERPOOL HEART AND CHEST HOSPITAL NHS FOUNDATION TRUST,C_330,Dermatology Service,-,-,-,-,-,-,-,-
Y62,RBQ,LIVERPOOL HEART AND CHEST HOSPITAL NHS FOUNDATION TRUST,C_340,Respiratory Medicine Service,898,779,86.70%,6.3,22.4,1,1,1
Y62,RBQ,LIVERPOOL HEART AND CHEST HOSPITAL NHS FOUNDATION TRUST,C_400,Neurology Service,-,-,-,-,-,-,-,-
Y62,RBQ,LIVERPOOL HEART AND CHEST HOSPITAL NHS FOUNDATION TRUST,C_410,Rheumatology Service,-,-,-,-,-,-,-,-
Y62,RBQ,LIVERPOOL HEART AND CHEST HOSPITAL NHS FOUNDATION TRUST,C_430,Elderly Medicine Service,-,-,-,-,-,-,-,-
Y62,RBQ,LIVERPOOL HEART AND CHEST HOSPITAL NHS FOUNDATION TRUST,C_502,Gynaecology Service,-,-,-,-,-,-,-,-
Y62,RBQ,LIVERPOOL HEART AND CHEST HOSPITAL NHS FOUNDATION TRUST,X02,Other - Medical Services,-,-,-,-,-,-,-,-
Y62,RBQ,LIVERPOOL HEART AND CHEST HOSPITAL NHS FOUNDATION TRUST,X03,Other - Mental Health Services,-,-,-,-,-,-,-,-
Y62,RBQ,LIVERPOOL HEART AND CHEST HOSPITAL NHS FOUNDATION TRUST,X04,Other - Paediatric Services,-,-,-,-,-,-,-,-
Y62,RBQ,LIVERPOOL HEART AND CHEST HOSPITAL NHS FOUNDATION TRUST,X05,Other - Surgical Services,-,-,-,-,-,-,-,-
Y62,RBQ,LIVERPOOL HEART AND CHEST HOSPITAL NHS FOUNDATION TRUST,X06,Other - Other Services,-,-,-,-,-,-,-,-
Y62,RBS,ALDER HEY CHILDREN'S NHS FOUNDATION TRUST,C_100,General Surgery Service,-,-,-,-,-,-,-,-
Y62,RBS,ALDER HEY CHILDREN'S NHS FOUNDATION TRUST,C_101,Urology Service,-,-,-,-,-,-,-,-
Y62,RBS,ALDER HEY CHILDREN'S NHS FOUNDATION TRUST,C_110,Trauma and Orthopaedic Service,-,-,-,-,-,-,-,-
Y62,RBS,ALDER HEY CHILDREN'S NHS FOUNDATION TRUST,C_120,Ear Nose and Throat Service,-,-,-,-,-,-,-,-
Y62,RBS,ALDER HEY CHILDREN'S NHS FOUNDATION TRUST,C_130,Ophthalmology Service,-,-,-,-,-,-,-,-
Y62,RBS,ALDER HEY CHILDREN'S NHS FOUNDATION TRUST,C_140,Oral Surgery Service,-,-,-,-,-,-,-,-
Y62,RBS,ALDER HEY CHILDREN'S NHS FOUNDATION TRUST,C_150,Neurosurgical Service,-,-,-,-,-,-,-,-
Y62,RBS,ALDER HEY CHILDREN'S NHS FOUNDATION TRUST,C_160,Plastic Surgery Service,-,-,-,-,-,-,-,-
Y62,RBS,ALDER HEY CHILDREN'S NHS FOUNDATION TRUST,C_170,Cardiothoracic Surgery Service,-,-,-,-,-,-,-,-
Y62,RBS,ALDER HEY CHILDREN'S NHS FOUNDATION TRUST,C_300,General Internal Medicine Service,-,-,-,-,-,-,-,-
Y62,RBS,ALDER HEY CHILDREN'S NHS FOUNDATION TRUST,C_301,Gastroenterology Service,-,-,-,-,-,-,-,-
Y62,RBS,ALDER HEY CHILDREN'S NHS FOUNDATION TRUST,C_320,Cardiology Service,-,-,-,-,-,-,-,-
Y62,RBS,ALDER HEY CHILDREN'S NHS FOUNDATION TRUST,C_330,Dermatology Service,-,-,-,-,-,-,-,-
Y62,RBS,ALDER HEY CHILDREN'S NHS FOUNDATION TRUST,C_340,Respiratory Medicine Service,-,-,-,-,-,-,-,-
Y62,RBS,ALDER HEY CHILDREN'S NHS FOUNDATION TRUST,C_400,Neurology Service,-,-,-,-,-,-,-,-
Y62,RBS,ALDER HEY CHILDREN'S NHS FOUNDATION TRUST,C_410,Rheumatology Service,-,-,-,-,-,-,-,-
Y62,RBS,ALDER HEY CHILDREN'S NHS FOUNDATION TRUST,C_430,Elderly Medicine Service,-,-,-,-,-,-,-,-
Y62,RBS,ALDER HEY CHILDREN'S NHS FOUNDATION TRUST,C_502,Gynaecology Service,-,-,-,-,-,-,-,-
Y62,RBS,ALDER HEY CHILDREN'S NHS FOUNDATION TRUST,X02,Other - Medical Services,-,-,-,-,-,-,-,-
Y62,RBS,ALDER HEY CHILDREN'S NHS FOUNDATION TRUST,X03,Other - Mental Health Services,-,-,-,-,-,-,-,-
Y62,RBS,ALDER HEY CHILDREN'S NHS FOUNDATION TRUST,X04,Other - Paediatric Services,"26,249","13,223",50.40%,17.8,44.6,768,34,184
Y62,RBS,ALDER HEY CHILDREN'S NHS FOUNDATION TRUST,X05,Other - Surgical Services,-,-,-,-,-,-,-,-
Y62,RBS,ALDER HEY CHILDREN'S NHS FOUNDATION TRUST,X06,Other - Other Services,-,-,-,-,-,-,-,-
Y62,RBT,MID CHESHIRE HOSPITALS NHS FOUNDATION TRUST,C_100,General Surgery Service,"5,627","2,795",49.70%,18.2,50,387,6,102
Y62,RBT,MID CHESHIRE HOSPITALS NHS FOUNDATION TRUST,C_101,Urology Service,"1,818","1,344",73.90%,10.1,28.8,13,-,1
Y62,RBT,MID CHESHIRE HOSPITALS NHS FOUNDATION TRUST,C_110,Trauma and Orthopaedic Service,"4,219","1,861",44.10%,20.6,51.4,324,4,98
Y62,RBT,MID CHESHIRE HOSPITALS NHS FOUNDATION TRUST,C_120,Ear Nose and Throat Service,"5,549","2,522",45.40%,20.5,45.9,141,-,22
Y62,RBT,MID CHESHIRE HOSPITALS NHS FOUNDATION TRUST,C_130,Ophthalmology Service,"4,589","2,368",51.60%,16.7,48.4,238,1,37
Y62,RBT,MID CHESHIRE HOSPITALS NHS FOUNDATION TRUST,C_140,Oral Surgery Service,-,-,-,-,-,-,-,-
Y62,RBT,MID CHESHIRE HOSPITALS NHS FOUNDATION TRUST,C_150,Neurosurgical Service,-,-,-,-,-,-,-,-
Y62,RBT,MID CHESHIRE HOSPITALS NHS FOUNDATION TRUST,C_160,Plastic Surgery Service,-,-,-,-,-,-,-,-
Y62,RBT,MID CHESHIRE HOSPITALS NHS FOUNDATION TRUST,C_170,Cardiothoracic Surgery Service,-,-,-,-,-,-,-,-
Y62,RBT,MID CHESHIRE HOSPITALS NHS FOUNDATION TRUST,C_300,General Internal Medicine Service,186,121,65.10%,13.5,27.9,-,-,-
Y62,RBT,MID CHESHIRE HOSPITALS NHS FOUNDATION TRUST,C_301,Gastroenterology Service,"1,170",644,55.00%,16.2,40.8,42,4,19
Y62,RBT,MID CHESHIRE HOSPITALS NHS FOUNDATION TRUST,C_320,Cardiology Service,"3,614","1,263",34.90%,27.6,64,604,76,274
Y62,RBT,MID CHESHIRE HOSPITALS NHS FOUNDATION TRUST,C_330,Dermatology Service,"5,014","2,405",48.00%,18.9,46.8,276,15,99
Y62,RBT,MID CHESHIRE HOSPITALS NHS FOUNDATION TRUST,C_340,Respiratory Medicine Service,858,340,39.60%,25.8,57.8,126,-,14
Y62,RBT,MID CHESHIRE HOSPITALS NHS FOUNDATION TRUST,C_400,Neurology Service,-,-,-,-,-,-,-,-
Y62,RBT,MID CHESHIRE HOSPITALS NHS FOUNDATION TRUST,C_410,Rheumatology Service,"1,624",417,25.70%,32,65.8,366,5,152
Y62,RBT,MID CHESHIRE HOSPITALS NHS FOUNDATION TRUST,C_430,Elderly Medicine Service,46,34,73.90%,11,29.7,1,-,-
Y62,RBT,MID CHESHIRE HOSPITALS NHS FOUNDATION TRUST,C_502,Gynaecology Service,"1,988","1,102",55.40%,15.3,42.4,59,1,5
Y62,RBT,MID CHESHIRE HOSPITALS NHS FOUNDATION TRUST,X02,Other - Medical Services,"2,184","1,437",65.80%,12,34.9,8,-,1
Y62,RBT,MID CHESHIRE HOSPITALS NHS FOUNDATION TRUST,X03,Other - Mental Health Services,-,-,-,-,-,-,-,-
Y62,RBT,MID CHESHIRE HOSPITALS NHS FOUNDATION TRUST,X04,Other - Paediatric Services,830,560,67.50%,10.7,41.1,2,-,-
Y62,RBT,MID CHESHIRE HOSPITALS NHS FOUNDATION TRUST,X05,Other - Surgical Services,403,386,95.80%,3.4,15,2,-,-
Y62,RBT,MID CHESHIRE HOSPITALS NHS FOUNDATION TRUST,X06,Other - Other Services,878,819,93.30%,5.9,15.6,-,-,-
Y62,RBV,THE CHRISTIE NHS FOUNDATION TRUST,C_100,General Surgery Service,-,-,-,-,-,-,-,-
Y62,RBV,THE CHRISTIE NHS FOUNDATION TRUST,C_101,Urology Service,120,102,85.00%,7.1,22.4,-,-,-
Y62,RBV,THE CHRISTIE NHS FOUNDATION TRUST,C_110,Trauma and Orthopaedic Service,-,-,-,-,-,-,-,-
Y62,RBV,THE CHRISTIE NHS FOUNDATION TRUST,C_120,Ear Nose and Throat Service,-,-,-,-,-,-,-,-
Y62,RBV,THE CHRISTIE NHS FOUNDATION TRUST,C_130,Ophthalmology Service,-,-,-,-,-,-,-,-
Y62,RBV,THE CHRISTIE NHS FOUNDATION TRUST,C_140,Oral Surgery Service,-,-,-,-,-,-,-,-
Y62,RBV,THE CHRISTIE NHS FOUNDATION TRUST,C_150,Neurosurgical Service,-,-,-,-,-,-,-,-
Y62,RBV,THE CHRISTIE NHS FOUNDATION TRUST,C_160,Plastic Surgery Service,221,206,93.20%,5.3,16.3,-,-,-
Y62,RBV,THE CHRISTIE NHS FOUNDATION TRUST,C_170,Cardiothoracic Surgery Service,-,-,-,-,-,-,-,-
Y62,RBV,THE CHRISTIE NHS FOUNDATION TRUST,C_300,General Internal Medicine Service,-,-,-,-,-,-,-,-
Y62,RBV,THE CHRISTIE NHS FOUNDATION TRUST,C_301,Gastroenterology Service,-,-,-,-,-,-,-,-
Y62,RBV,THE CHRISTIE NHS FOUNDATION TRUST,C_320,Cardiology Service,-,-,-,-,-,-,-,-
Y62,RBV,THE CHRISTIE NHS FOUNDATION TRUST,C_330,Dermatology Service,-,-,-,-,-,-,-,-
Y62,RBV,THE CHRISTIE NHS FOUNDATION TRUST,C_340,Respiratory Medicine Service,-,-,-,-,-,-,-,-
Y62,RBV,THE CHRISTIE NHS FOUNDATION TRUST,C_400,Neurology Service,-,-,-,-,-,-,-,-
Y62,RBV,THE CHRISTIE NHS FOUNDATION TRUST,C_410,Rheumatology Service,-,-,-,-,-,-,-,-
Y62,RBV,THE CHRISTIE NHS FOUNDATION TRUST,C_430,Elderly Medicine Service,-,-,-,-,-,-,-,-
Y62,RBV,THE CHRISTIE NHS FOUNDATION TRUST,C_502,Gynaecology Service,32,32,100.00%,5,11.7,-,-,-
Y62,RBV,THE CHRISTIE NHS FOUNDATION TRUST,X02,Other - Medical Services,"1,899","1,859",97.90%,4.4,13.2,-,-,-
Y62,RBV,THE CHRISTIE NHS FOUNDATION TRUST,X03,Other - Mental Health Services,-,-,-,-,-,-,-,-
Y62,RBV,THE CHRISTIE NHS FOUNDATION TRUST,X04,Other - Paediatric Services,-,-,-,-,-,-,-,-
Y62,RBV,THE CHRISTIE NHS FOUNDATION TRUST,X05,Other - Surgical Services,132,118,89.40%,6,19.8,-,-,-
Y62,RBV,THE CHRISTIE NHS FOUNDATION TRUST,X06,Other - Other Services,-,-,-,-,-,-,-,-
Y62,REM,LIVERPOOL UNIVERSITY HOSPITALS NHS FOUNDATION TRUST,C_100,General Surgery Service,"3,529","1,261",35.70%,24.6,49.5,207,-,16
Y62,REM,LIVERPOOL UNIVERSITY HOSPITALS NHS FOUNDATION TRUST,C_101,Urology Service,"4,509","1,824",40.50%,23.7,48.4,214,-,22
Y62,REM,LIVERPOOL UNIVERSITY HOSPITALS NHS FOUNDATION TRUST,C_110,Trauma and Orthopaedic Service,"7,131","3,052",42.80%,21.9,49.1,417,-,34
Y62,REM,LIVERPOOL UNIVERSITY HOSPITALS NHS FOUNDATION TRUST,C_120,Ear Nose and Throat Service,"6,498","2,666",41.00%,22.6,44.5,148,-,5
Y62,REM,LIVERPOOL UNIVERSITY HOSPITALS NHS FOUNDATION TRUST,C_130,Ophthalmology Service,"9,523","4,889",51.30%,17.3,40.2,113,-,7
Y62,REM,LIVERPOOL UNIVERSITY HOSPITALS NHS FOUNDATION TRUST,C_140,Oral Surgery Service,"4,511","2,413",53.50%,16.3,41.9,95,-,2
Y62,REM,LIVERPOOL UNIVERSITY HOSPITALS NHS FOUNDATION TRUST,C_150,Neurosurgical Service,-,-,-,-,-,-,-,-
Y62,REM,LIVERPOOL UNIVERSITY HOSPITALS NHS FOUNDATION TRUST,C_160,Plastic Surgery Service,437,173,39.60%,21.3,49.7,27,-,4
Y62,REM,LIVERPOOL UNIVERSITY HOSPITALS NHS FOUNDATION TRUST,C_170,Cardiothoracic Surgery Service,-,-,-,-,-,-,-,-
Y62,REM,LIVERPOOL UNIVERSITY HOSPITALS NHS FOUNDATION TRUST,C_300,General Internal Medicine Service,168,146,86.90%,1.6,26.8,2,-,-
Y62,REM,LIVERPOOL UNIVERSITY HOSPITALS NHS FOUNDATION TRUST,C_301,Gastroenterology Service,"5,749","3,352",58.30%,14.6,39.9,24,-,-
Y62,REM,LIVERPOOL UNIVERSITY HOSPITALS NHS FOUNDATION TRUST,C_320,Cardiology Service,"3,716","2,560",68.90%,11.3,33.1,3,-,1
Y62,REM,LIVERPOOL UNIVERSITY HOSPITALS NHS FOUNDATION TRUST,C_330,Dermatology Service,"3,424","1,731",50.60%,17.7,44.8,25,-,1
Y62,REM,LIVERPOOL UNIVERSITY HOSPITALS NHS FOUNDATION TRUST,C_340,Respiratory Medicine Service,"2,054","1,456",70.90%,11.2,28.4,2,-,-
Y62,REM,LIVERPOOL UNIVERSITY HOSPITALS NHS FOUNDATION TRUST,C_400,Neurology Service,-,-,-,-,-,-,-,-
Y62,REM,LIVERPOOL UNIVERSITY HOSPITALS NHS FOUNDATION TRUST,C_410,Rheumatology Service,807,628,77.80%,9.9,27.2,-,-,-
Y62,REM,LIVERPOOL UNIVERSITY HOSPITALS NHS FOUNDATION TRUST,C_430,Elderly Medicine Service,553,464,83.90%,8,23.4,-,-,-
Y62,REM,LIVERPOOL UNIVERSITY HOSPITALS NHS FOUNDATION TRUST,C_502,Gynaecology Service,-,-,-,-,-,-,-,-
Y62,REM,LIVERPOOL UNIVERSITY HOSPITALS NHS FOUNDATION TRUST,X02,Other - Medical Services,"9,054","4,486",49.50%,18.2,43.4,205,-,25
Y62,REM,LIVERPOOL UNIVERSITY HOSPITALS NHS FOUNDATION TRUST,X03,Other - Mental Health Services,-,-,-,-,-,-,-,-
Y62,REM,LIVERPOOL UNIVERSITY HOSPITALS NHS FOUNDATION TRUST,X04,Other - Paediatric Services,883,410,46.40%,19.2,43.9,-,-,-
Y62,REM,LIVERPOOL UNIVERSITY HOSPITALS NHS FOUNDATION TRUST,X05,Other - Surgical Services,"10,881","5,712",52.50%,16.8,43.4,279,-,25
Y62,REM,LIVERPOOL UNIVERSITY HOSPITALS NHS FOUNDATION TRUST,X06,Other - Other Services,"3,085","2,122",68.80%,11.7,30.8,7,-,-
Y62,REN,THE CLATTERBRIDGE CANCER CENTRE NHS FOUNDATION TRUST,C_100,General Surgery Service,-,-,-,-,-,-,-,-
Y62,REN,THE CLATTERBRIDGE CANCER CENTRE NHS FOUNDATION TRUST,C_101,Urology Service,-,-,-,-,-,-,-,-
Y62,REN,THE CLATTERBRIDGE CANCER CENTRE NHS FOUNDATION TRUST,C_110,Trauma and Orthopaedic Service,-,-,-,-,-,-,-,-
Y62,REN,THE CLATTERBRIDGE CANCER CENTRE NHS FOUNDATION TRUST,C_120,Ear Nose and Throat Service,-,-,-,-,-,-,-,-
Y62,REN,THE CLATTERBRIDGE CANCER CENTRE NHS FOUNDATION TRUST,C_130,Ophthalmology Service,-,-,-,-,-,-,-,-
Y62,REN,THE CLATTERBRIDGE CANCER CENTRE NHS FOUNDATION TRUST,C_140,Oral Surgery Service,-,-,-,-,-,-,-,-
Y62,REN,THE CLATTERBRIDGE CANCER CENTRE NHS FOUNDATION TRUST,C_150,Neurosurgical Service,-,-,-,-,-,-,-,-
Y62,REN,THE CLATTERBRIDGE CANCER CENTRE NHS FOUNDATION TRUST,C_160,Plastic Surgery Service,-,-,-,-,-,-,-,-
Y62,REN,THE CLATTERBRIDGE CANCER CENTRE NHS FOUNDATION TRUST,C_170,Cardiothoracic Surgery Service,-,-,-,-,-,-,-,-
Y62,REN,THE CLATTERBRIDGE CANCER CENTRE NHS FOUNDATION TRUST,C_300,General Internal Medicine Service,-,-,-,-,-,-,-,-
Y62,REN,THE CLATTERBRIDGE CANCER CENTRE NHS FOUNDATION TRUST,C_301,Gastroenterology Service,-,-,-,-,-,-,-,-
Y62,REN,THE CLATTERBRIDGE CANCER CENTRE NHS FOUNDATION TRUST,C_320,Cardiology Service,-,-,-,-,-,-,-,-
Y62,REN,THE CLATTERBRIDGE CANCER CENTRE NHS FOUNDATION TRUST,C_330,Dermatology Service,-,-,-,-,-,-,-,-
Y62,REN,THE CLATTERBRIDGE CANCER CENTRE NHS FOUNDATION TRUST,C_340,Respiratory Medicine Service,-,-,-,-,-,-,-,-
Y62,REN,THE CLATTERBRIDGE CANCER CENTRE NHS FOUNDATION TRUST,C_400,Neurology Service,-,-,-,-,-,-,-,-
Y62,REN,THE CLATTERBRIDGE CANCER CENTRE NHS FOUNDATION TRUST,C_410,Rheumatology Service,-,-,-,-,-,-,-,-
Y62,REN,THE CLATTERBRIDGE CANCER CENTRE NHS FOUNDATION TRUST,C_430,Elderly Medicine Service,-,-,-,-,-,-,-,-
Y62,REN,THE CLATTERBRIDGE CANCER CENTRE NHS FOUNDATION TRUST,C_502,Gynaecology Service,-,-,-,-,-,-,-,-
Y62,REN,THE CLATTERBRIDGE CANCER CENTRE NHS FOUNDATION TRUST,X02,Other - Medical Services,918,883,96.20%,6.1,15.8,1,1,1
Y62,REN,THE CLATTERBRIDGE CANCER CENTRE NHS FOUNDATION TRUST,X03,Other - Mental Health Services,-,-,-,-,-,-,-,-
Y62,REN,THE CLATTERBRIDGE CANCER CENTRE NHS FOUNDATION TRUST,X04,Other - Paediatric Services,-,-,-,-,-,-,-,-
Y62,REN,THE CLATTERBRIDGE CANCER CENTRE NHS FOUNDATION TRUST,X05,Other - Surgical Services,-,-,-,-,-,-,-,-
Y62,REN,THE CLATTERBRIDGE CANCER CENTRE NHS FOUNDATION TRUST,X06,Other - Other Services,457,436,95.40%,5.7,15.9,1,1,1
Y62,REP,LIVERPOOL WOMEN'S NHS FOUNDATION TRUST,C_100,General Surgery Service,-,-,-,-,-,-,-,-
Y62,REP,LIVERPOOL WOMEN'S NHS FOUNDATION TRUST,C_101,Urology Service,-,-,-,-,-,-,-,-
Y62,REP,LIVERPOOL WOMEN'S NHS FOUNDATION TRUST,C_110,Trauma and Orthopaedic Service,-,-,-,-,-,-,-,-
Y62,REP,LIVERPOOL WOMEN'S NHS FOUNDATION TRUST,C_120,Ear Nose and Throat Service,-,-,-,-,-,-,-,-
Y62,REP,LIVERPOOL WOMEN'S NHS FOUNDATION TRUST,C_130,Ophthalmology Service,-,-,-,-,-,-,-,-
Y62,REP,LIVERPOOL WOMEN'S NHS FOUNDATION TRUST,C_140,Oral Surgery Service,-,-,-,-,-,-,-,-
Y62,REP,LIVERPOOL WOMEN'S NHS FOUNDATION TRUST,C_150,Neurosurgical Service,-,-,-,-,-,-,-,-
Y62,REP,LIVERPOOL WOMEN'S NHS FOUNDATION TRUST,C_160,Plastic Surgery Service,-,-,-,-,-,-,-,-
Y62,REP,LIVERPOOL WOMEN'S NHS FOUNDATION TRUST,C_170,Cardiothoracic Surgery Service,-,-,-,-,-,-,-,-
Y62,REP,LIVERPOOL WOMEN'S NHS FOUNDATION TRUST,C_300,General Internal Medicine Service,-,-,-,-,-,-,-,-
Y62,REP,LIVERPOOL WOMEN'S NHS FOUNDATION TRUST,C_301,Gastroenterology Service,-,-,-,-,-,-,-,-
Y62,REP,LIVERPOOL WOMEN'S NHS FOUNDATION TRUST,C_320,Cardiology Service,-,-,-,-,-,-,-,-
Y62,REP,LIVERPOOL WOMEN'S NHS FOUNDATION TRUST,C_330,Dermatology Service,-,-,-,-,-,-,-,-
Y62,REP,LIVERPOOL WOMEN'S NHS FOUNDATION TRUST,C_340,Respiratory Medicine Service,-,-,-,-,-,-,-,-
Y62,REP,LIVERPOOL WOMEN'S NHS FOUNDATION TRUST,C_400,Neurology Service,-,-,-,-,-,-,-,-
Y62,REP,LIVERPOOL WOMEN'S NHS FOUNDATION TRUST,C_410,Rheumatology Service,-,-,-,-,-,-,-,-
Y62,REP,LIVERPOOL WOMEN'S NHS FOUNDATION TRUST,C_430,Elderly Medicine Service,-,-,-,-,-,-,-,-
Y62,REP,LIVERPOOL WOMEN'S NHS FOUNDATION TRUST,C_502,Gynaecology Service,"17,739","7,733",43.60%,20.9,53,"1,462",-,150
Y62,REP,LIVERPOOL WOMEN'S NHS FOUNDATION TRUST,X02,Other - Medical Services,-,-,-,-,-,-,-,-
Y62,REP,LIVERPOOL WOMEN'S NHS FOUNDATION TRUST,X03,Other - Mental Health Services,-,-,-,-,-,-,-,-
Y62,REP,LIVERPOOL WOMEN'S NHS FOUNDATION TRUST,X04,Other - Paediatric Services,-,-,-,-,-,-,-,-
Y62,REP,LIVERPOOL WOMEN'S NHS FOUNDATION TRUST,X05,Other - Surgical Services,-,-,-,-,-,-,-,-
Y62,REP,LIVERPOOL WOMEN'S NHS FOUNDATION TRUST,X06,Other - Other Services,"1,705","1,116",65.50%,13.2,28,3,-,1
Y62,RET,THE WALTON CENTRE NHS FOUNDATION TRUST,C_100,General Surgery Service,-,-,-,-,-,-,-,-
Y62,RET,THE WALTON CENTRE NHS FOUNDATION TRUST,C_101,Urology Service,-,-,-,-,-,-,-,-
Y62,RET,THE WALTON CENTRE NHS FOUNDATION TRUST,C_110,Trauma and Orthopaedic Service,-,-,-,-,-,-,-,-
Y62,RET,THE WALTON CENTRE NHS FOUNDATION TRUST,C_120,Ear Nose and Throat Service,-,-,-,-,-,-,-,-
Y62,RET,THE WALTON CENTRE NHS FOUNDATION TRUST,C_130,Ophthalmology Service,14,14,100.00%,-,-,-,-,-
Y62,RET,THE WALTON CENTRE NHS FOUNDATION TRUST,C_140,Oral Surgery Service,-,-,-,-,-,-,-,-
Y62,RET,THE WALTON CENTRE NHS FOUNDATION TRUST,C_150,Neurosurgical Service,"2,777","2,088",75.20%,8,32.1,13,-,-
Y62,RET,THE WALTON CENTRE NHS FOUNDATION TRUST,C_160,Plastic Surgery Service,-,-,-,-,-,-,-,-
Y62,RET,THE WALTON CENTRE NHS FOUNDATION TRUST,C_170,Cardiothoracic Surgery Service,-,-,-,-,-,-,-,-
Y62,RET,THE WALTON CENTRE NHS FOUNDATION TRUST,C_300,General Internal Medicine Service,-,-,-,-,-,-,-,-
Y62,RET,THE WALTON CENTRE NHS FOUNDATION TRUST,C_301,Gastroenterology Service,-,-,-,-,-,-,-,-
Y62,RET,THE WALTON CENTRE NHS FOUNDATION TRUST,C_320,Cardiology Service,-,-,-,-,-,-,-,-
Y62,RET,THE WALTON CENTRE NHS FOUNDATION TRUST,C_330,Dermatology Service,-,-,-,-,-,-,-,-
Y62,RET,THE WALTON CENTRE NHS FOUNDATION TRUST,C_340,Respiratory Medicine Service,-,-,-,-,-,-,-,-
Y62,RET,THE WALTON CENTRE NHS FOUNDATION TRUST,C_400,Neurology Service,"9,565","5,049",52.80%,16.7,37.2,1,-,-
Y62,RET,THE WALTON CENTRE NHS FOUNDATION TRUST,C_410,Rheumatology Service,-,-,-,-,-,-,-,-
Y62,RET,THE WALTON CENTRE NHS FOUNDATION TRUST,C_430,Elderly Medicine Service,-,-,-,-,-,-,-,-
Y62,RET,THE WALTON CENTRE NHS FOUNDATION TRUST,C_502,Gynaecology Service,-,-,-,-,-,-,-,-
Y62,RET,THE WALTON CENTRE NHS FOUNDATION TRUST,X02,Other - Medical Services,"3,329","1,886",56.70%,15.3,38,60,-,12
Y62,RET,THE WALTON CENTRE NHS FOUNDATION TRUST,X03,Other - Mental Health Services,15,15,100.00%,-,-,-,-,-
Y62,RET,THE WALTON CENTRE NHS FOUNDATION TRUST,X04,Other - Paediatric Services,-,-,-,-,-,-,-,-
Y62,RET,THE WALTON CENTRE NHS FOUNDATION TRUST,X05,Other - Surgical Services,328,188,57.30%,14.9,42.3,6,-,1
Y62,RET,THE WALTON CENTRE NHS FOUNDATION TRUST,X06,Other - Other Services,-,-,-,-,-,-,-,-
Y62,RJN,EAST CHESHIRE NHS TRUST,C_100,General Surgery Service,"1,419",830,58.50%,14.5,41.5,24,-,6
Y62,RJN,EAST CHESHIRE NHS TRUST,C_101,Urology Service,567,464,81.80%,8.2,25.1,1,-,1
Y62,RJN,EAST CHESHIRE NHS TRUST,C_110,Trauma and Orthopaedic Service,"1,316",778,59.10%,14.4,38.5,29,-,8
Y62,RJN,EAST CHESHIRE NHS TRUST,C_120,Ear Nose and Throat Service,"1,227",560,45.60%,20.3,46.5,51,-,7
Y62,RJN,EAST CHESHIRE NHS TRUST,C_130,Ophthalmology Service,"2,453","1,425",58.10%,13.8,43.1,66,1,9
Y62,RJN,EAST CHESHIRE NHS TRUST,C_140,Oral Surgery Service,-,-,-,-,-,-,-,-
Y62,RJN,EAST CHESHIRE NHS TRUST,C_150,Neurosurgical Service,-,-,-,-,-,-,-,-
Y62,RJN,EAST CHESHIRE NHS TRUST,C_160,Plastic Surgery Service,48,38,79.20%,9.5,32.6,2,-,1
Y62,RJN,EAST CHESHIRE NHS TRUST,C_170,Cardiothoracic Surgery Service,-,-,-,-,-,-,-,-
Y62,RJN,EAST CHESHIRE NHS TRUST,C_300,General Internal Medicine Service,26,13,50.00%,16,49.6,-,-,-
Y62,RJN,EAST CHESHIRE NHS TRUST,C_301,Gastroenterology Service,"1,416",631,44.60%,20.9,54.2,131,10,42
Y62,RJN,EAST CHESHIRE NHS TRUST,C_320,Cardiology Service,858,370,43.10%,23.2,50.7,55,-,13
Y62,RJN,EAST CHESHIRE NHS TRUST,C_330,Dermatology Service,-,-,-,-,-,-,-,-
Y62,RJN,EAST CHESHIRE NHS TRUST,C_340,Respiratory Medicine Service,467,269,57.60%,14.6,42.2,12,-,1
Y62,RJN,EAST CHESHIRE NHS TRUST,C_400,Neurology Service,-,-,-,-,-,-,-,-
Y62,RJN,EAST CHESHIRE NHS TRUST,C_410,Rheumatology Service,-,-,-,-,-,-,-,-
Y62,RJN,EAST CHESHIRE NHS TRUST,C_430,Elderly Medicine Service,100,47,47.00%,21.3,35.5,2,-,-
Y62,RJN,EAST CHESHIRE NHS TRUST,C_502,Gynaecology Service,"1,631",855,52.40%,17,39.2,32,-,3
Y62,RJN,EAST CHESHIRE NHS TRUST,X02,Other - Medical Services,512,348,68.00%,9.9,39,7,-,-
Y62,RJN,EAST CHESHIRE NHS TRUST,X03,Other - Mental Health Services,-,-,-,-,-,-,-,-
Y62,RJN,EAST CHESHIRE NHS TRUST,X04,Other - Paediatric Services,171,50,29.20%,32.5,53.8,20,-,-
Y62,RJN,EAST CHESHIRE NHS TRUST,X05,Other - Surgical Services,939,483,51.40%,17,44.1,6,-,-
Y62,RJN,EAST CHESHIRE NHS TRUST,X06,Other - Other Services,32,32,100.00%,3,7.4,-,-,-
Y62,RJR,COUNTESS OF CHESTER HOSPITAL NHS FOUNDATION TRUST,C_100,General Surgery Service,"1,277",504,39.50%,22.3,54.9,126,-,38
Y62,RJR,COUNTESS OF CHESTER HOSPITAL NHS FOUNDATION TRUST,C_101,Urology Service,"1,686",779,46.20%,20.1,54.5,166,-,25
Y62,RJR,COUNTESS OF CHESTER HOSPITAL NHS FOUNDATION TRUST,C_110,Trauma and Orthopaedic Service,"1,615",882,54.60%,16,50,111,-,44
Y62,RJR,COUNTESS OF CHESTER HOSPITAL NHS FOUNDATION TRUST,C_120,Ear Nose and Throat Service,"4,936","1,699",34.40%,27.5,63.4,899,1,333
Y62,RJR,COUNTESS OF CHESTER HOSPITAL NHS FOUNDATION TRUST,C_130,Ophthalmology Service,"2,550","1,249",49.00%,18.6,54.4,245,-,68
Y62,RJR,COUNTESS OF CHESTER HOSPITAL NHS FOUNDATION TRUST,C_140,Oral Surgery Service,"1,178",556,47.20%,19.3,56.7,118,-,51
Y62,RJR,COUNTESS OF CHESTER HOSPITAL NHS FOUNDATION TRUST,C_150,Neurosurgical Service,-,-,-,-,-,-,-,-
Y62,RJR,COUNTESS OF CHESTER HOSPITAL NHS FOUNDATION TRUST,C_160,Plastic Surgery Service,990,551,55.70%,15.4,44.8,46,-,19
Y62,RJR,COUNTESS OF CHESTER HOSPITAL NHS FOUNDATION TRUST,C_170,Cardiothoracic Surgery Service,-,-,-,-,-,-,-,-
Y62,RJR,COUNTESS OF CHESTER HOSPITAL NHS FOUNDATION TRUST,C_300,General Internal Medicine Service,67,37,55.20%,11.5,41.6,-,-,-
Y62,RJR,COUNTESS OF CHESTER HOSPITAL NHS FOUNDATION TRUST,C_301,Gastroenterology Service,"1,000",529,52.90%,16.6,45.4,36,-,6
Y62,RJR,COUNTESS OF CHESTER HOSPITAL NHS FOUNDATION TRUST,C_320,Cardiology Service,"1,253",759,60.60%,14.3,38.6,5,-,-
Y62,RJR,COUNTESS OF CHESTER HOSPITAL NHS FOUNDATION TRUST,C_330,Dermatology Service,"1,863","1,048",56.30%,15.2,42.4,81,-,13
Y62,RJR,COUNTESS OF CHESTER HOSPITAL NHS FOUNDATION TRUST,C_340,Respiratory Medicine Service,"1,254",717,57.20%,14.6,48.1,73,-,13
Y62,RJR,COUNTESS OF CHESTER HOSPITAL NHS FOUNDATION TRUST,C_400,Neurology Service,-,-,-,-,-,-,-,-
Y62,RJR,COUNTESS OF CHESTER HOSPITAL NHS FOUNDATION TRUST,C_410,Rheumatology Service,594,286,48.10%,18.7,48.2,26,-,-
Y62,RJR,COUNTESS OF CHESTER HOSPITAL NHS FOUNDATION TRUST,C_430,Elderly Medicine Service,252,189,75.00%,11.1,27.6,-,-,-
Y62,RJR,COUNTESS OF CHESTER HOSPITAL NHS FOUNDATION TRUST,C_502,Gynaecology Service,"2,217","1,236",55.80%,15.4,43.2,76,-,25
Y62,RJR,COUNTESS OF CHESTER HOSPITAL NHS FOUNDATION TRUST,X02,Other - Medical Services,"2,794","1,879",67.30%,12.5,33.1,25,-,6
Y62,RJR,COUNTESS OF CHESTER HOSPITAL NHS FOUNDATION TRUST,X03,Other - Mental Health Services,-,-,-,-,-,-,-,-
Y62,RJR,COUNTESS OF CHESTER HOSPITAL NHS FOUNDATION TRUST,X04,Other - Paediatric Services,792,462,58.30%,13.3,32.6,8,-,1
Y62,RJR,COUNTESS OF CHESTER HOSPITAL NHS FOUNDATION TRUST,X05,Other - Surgical Services,"5,594","2,508",44.80%,20.7,50.6,422,-,160
Y62,RJR,COUNTESS OF CHESTER HOSPITAL NHS FOUNDATION TRUST,X06,Other - Other Services,111,103,92.80%,4.1,16.1,1,-,1
Y62,RM3,NORTHERN CARE ALLIANCE NHS FOUNDATION TRUST,C_100,General Surgery Service,"5,756","2,423",42.10%,22.9,54.4,518,6,152
Y62,RM3,NORTHERN CARE ALLIANCE NHS FOUNDATION TRUST,C_101,Urology Service,"9,234","4,042",43.80%,21.1,54.2,850,7,123
Y62,RM3,NORTHERN CARE ALLIANCE NHS FOUNDATION TRUST,C_110,Trauma and Orthopaedic Service,"15,057","7,517",49.90%,18,51.3,"1,156",71,452
Y62,RM3,NORTHERN CARE ALLIANCE NHS FOUNDATION TRUST,C_120,Ear Nose and Throat Service,"14,101","5,558",39.40%,22.9,55.9,"1,400",57,507
Y62,RM3,NORTHERN CARE ALLIANCE NHS FOUNDATION TRUST,C_130,Ophthalmology Service,"7,679","3,605",46.90%,19.2,45.9,323,13,94
Y62,RM3,NORTHERN CARE ALLIANCE NHS FOUNDATION TRUST,C_140,Oral Surgery Service,"2,849","1,017",35.70%,26.8,62,428,8,154
Y62,RM3,NORTHERN CARE ALLIANCE NHS FOUNDATION TRUST,C_150,Neurosurgical Service,"8,848","3,605",40.70%,23.5,62.7,"1,461",138,580
Y62,RM3,NORTHERN CARE ALLIANCE NHS FOUNDATION TRUST,C_160,Plastic Surgery Service,797,482,60.50%,14.2,52.3,65,5,20
Y62,RM3,NORTHERN CARE ALLIANCE NHS FOUNDATION TRUST,C_170,Cardiothoracic Surgery Service,11,11,100.00%,-,-,-,-,-
Y62,RM3,NORTHERN CARE ALLIANCE NHS FOUNDATION TRUST,C_300,General Internal Medicine Service,64,56,87.50%,8,19.3,-,-,-
Y62,RM3,NORTHERN CARE ALLIANCE NHS FOUNDATION TRUST,C_301,Gastroenterology Service,"10,320","5,583",54.10%,16,42.6,381,3,60
Y62,RM3,NORTHERN CARE ALLIANCE NHS FOUNDATION TRUST,C_320,Cardiology Service,"6,538","3,147",48.10%,18.7,42.3,122,-,13
Y62,RM3,NORTHERN CARE ALLIANCE NHS FOUNDATION TRUST,C_330,Dermatology Service,"17,115","7,285",42.60%,21.2,59.5,"2,139",24,750
Y62,RM3,NORTHERN CARE ALLIANCE NHS FOUNDATION TRUST,C_340,Respiratory Medicine Service,"2,693","2,087",77.50%,8.9,26.2,5,-,1
Y62,RM3,NORTHERN CARE ALLIANCE NHS FOUNDATION TRUST,C_400,Neurology Service,"16,461","9,679",58.80%,14.9,42.3,373,6,95
Y62,RM3,NORTHERN CARE ALLIANCE NHS FOUNDATION TRUST,C_410,Rheumatology Service,"3,306","1,306",39.50%,22.8,48.3,156,-,6
Y62,RM3,NORTHERN CARE ALLIANCE NHS FOUNDATION TRUST,C_430,Elderly Medicine Service,328,255,77.70%,10.6,22.8,-,-,-
Y62,RM3,NORTHERN CARE ALLIANCE NHS FOUNDATION TRUST,C_502,Gynaecology Service,"10,676","4,865",45.60%,19.9,45.3,478,2,115
Y62,RM3,NORTHERN CARE ALLIANCE NHS FOUNDATION TRUST,X02,Other - Medical Services,"6,257","4,558",72.80%,10.3,30,34,1,5
Y62,RM3,NORTHERN CARE ALLIANCE NHS FOUNDATION TRUST,X03,Other - Mental Health Services,-,-,-,-,-,-,-,-
Y62,RM3,NORTHERN CARE ALLIANCE NHS FOUNDATION TRUST,X04,Other - Paediatric Services,"7,767","3,570",46.00%,20.5,54.2,684,1,131
Y62,RM3,NORTHERN CARE ALLIANCE NHS FOUNDATION TRUST,X05,Other - Surgical Services,"10,353","5,730",55.30%,15.4,43.2,407,8,78
Y62,RM3,NORTHERN CARE ALLIANCE NHS FOUNDATION TRUST,X06,Other - Other Services,89,57,64.00%,14.8,36.9,-,-,-
Y62,RMC,BOLTON NHS FOUNDATION TRUST,C_100,General Surgery Service,"4,081","2,246",55.00%,15.6,53.9,359,4,133
Y62,RMC,BOLTON NHS FOUNDATION TRUST,C_101,Urology Service,"2,807","1,117",39.80%,24.6,57.7,351,11,84
Y62,RMC,BOLTON NHS FOUNDATION TRUST,C_110,Trauma and Orthopaedic Service,"5,603","3,020",53.90%,16.3,44.1,295,14,120
Y62,RMC,BOLTON NHS FOUNDATION TRUST,C_120,Ear Nose and Throat Service,"5,769","1,990",34.50%,26.4,55.1,552,16,142
Y62,RMC,BOLTON NHS FOUNDATION TRUST,C_130,Ophthalmology Service,"4,123","2,847",69.10%,10.7,36.8,125,7,37
Y62,RMC,BOLTON NHS FOUNDATION TRUST,C_140,Oral Surgery Service,"2,695","1,248",46.30%,19.6,50.8,200,-,50
Y62,RMC,BOLTON NHS FOUNDATION TRUST,C_150,Neurosurgical Service,-,-,-,-,-,-,-,-
Y62,RMC,BOLTON NHS FOUNDATION TRUST,C_160,Plastic Surgery Service,717,260,36.30%,28.3,65.7,135,6,61
Y62,RMC,BOLTON NHS FOUNDATION TRUST,C_170,Cardiothoracic Surgery Service,47,13,27.70%,28.5,50.2,2,-,-
Y62,RMC,BOLTON NHS FOUNDATION TRUST,C_300,General Internal Medicine Service,3,3,100.00%,-,-,-,-,-
Y62,RMC,BOLTON NHS FOUNDATION TRUST,C_301,Gastroenterology Service,"1,872","1,303",69.60%,11.2,31.6,-,-,-
Y62,RMC,BOLTON NHS FOUNDATION TRUST,C_320,Cardiology Service,"3,013","1,596",53.00%,16.5,41,57,-,4
Y62,RMC,BOLTON NHS FOUNDATION TRUST,C_330,Dermatology Service,"2,423","1,291",53.30%,16.6,35.9,3,-,-
Y62,RMC,BOLTON NHS FOUNDATION TRUST,C_340,Respiratory Medicine Service,"1,164",727,62.50%,13.3,33.4,4,-,-
Y62,RMC,BOLTON NHS FOUNDATION TRUST,C_400,Neurology Service,25,18,72.00%,8.5,19.3,-,-,-
Y62,RMC,BOLTON NHS FOUNDATION TRUST,C_410,Rheumatology Service,"1,166",410,35.20%,26.5,57.3,169,-,10
Y62,RMC,BOLTON NHS FOUNDATION TRUST,C_430,Elderly Medicine Service,311,291,93.60%,6.4,17.3,-,-,-
Y62,RMC,BOLTON NHS FOUNDATION TRUST,C_502,Gynaecology Service,"3,488","1,435",41.10%,22.1,54.5,306,3,103
Y62,RMC,BOLTON NHS FOUNDATION TRUST,X02,Other - Medical Services,"3,674","2,210",60.20%,13.8,40.7,66,-,11
Y62,RMC,BOLTON NHS FOUNDATION TRUST,X03,Other - Mental Health Services,-,-,-,-,-,-,-,-
Y62,RMC,BOLTON NHS FOUNDATION TRUST,X04,Other - Paediatric Services,691,227,32.90%,29.7,68.6,155,22,78
Y62,RMC,BOLTON NHS FOUNDATION TRUST,X05,Other - Surgical Services,721,379,52.60%,17.2,45.2,37,1,10
Y62,RMC,BOLTON NHS FOUNDATION TRUST,X06,Other - Other Services,133,120,90.20%,6.1,18.6,-,-,-
Y62,RMP,TAMESIDE AND GLOSSOP INTEGRATED CARE NHS FOUNDATION TRUST,C_100,General Surgery Service,"1,425",889,62.40%,12.6,39.6,18,-,1
Y62,RMP,TAMESIDE AND GLOSSOP INTEGRATED CARE NHS FOUNDATION TRUST,C_101,Urology Service,"1,466",894,61.00%,12.8,43.1,28,-,3
Y62,RMP,TAMESIDE AND GLOSSOP INTEGRATED CARE NHS FOUNDATION TRUST,C_110,Trauma and Orthopaedic Service,"1,956","1,277",65.30%,11.9,35.2,16,-,1
Y62,RMP,TAMESIDE AND GLOSSOP INTEGRATED CARE NHS FOUNDATION TRUST,C_120,Ear Nose and Throat Service,"1,777","1,113",62.60%,12.9,31.4,2,-,1
Y62,RMP,TAMESIDE AND GLOSSOP INTEGRATED CARE NHS FOUNDATION TRUST,C_130,Ophthalmology Service,16,13,81.30%,-,-,-,-,-
Y62,RMP,TAMESIDE AND GLOSSOP INTEGRATED CARE NHS FOUNDATION TRUST,C_140,Oral Surgery Service,"1,713",458,26.70%,27.3,51.9,136,2,27
Y62,RMP,TAMESIDE AND GLOSSOP INTEGRATED CARE NHS FOUNDATION TRUST,C_150,Neurosurgical Service,-,-,-,-,-,-,-,-
Y62,RMP,TAMESIDE AND GLOSSOP INTEGRATED CARE NHS FOUNDATION TRUST,C_160,Plastic Surgery Service,-,-,-,-,-,-,-,-
Y62,RMP,TAMESIDE AND GLOSSOP INTEGRATED CARE NHS FOUNDATION TRUST,C_170,Cardiothoracic Surgery Service,22,13,59.10%,11.3,33.2,-,-,-
Y62,RMP,TAMESIDE AND GLOSSOP INTEGRATED CARE NHS FOUNDATION TRUST,C_300,General Internal Medicine Service,23,17,73.90%,13.5,31.2,-,-,-
Y62,RMP,TAMESIDE AND GLOSSOP INTEGRATED CARE NHS FOUNDATION TRUST,C_301,Gastroenterology Service,"1,305",834,63.90%,12,35.3,1,-,-
Y62,RMP,TAMESIDE AND GLOSSOP INTEGRATED CARE NHS FOUNDATION TRUST,C_320,Cardiology Service,"1,116",629,56.40%,13.4,35.6,10,-,-
Y62,RMP,TAMESIDE AND GLOSSOP INTEGRATED CARE NHS FOUNDATION TRUST,C_330,Dermatology Service,894,349,39.00%,20.4,32.6,2,-,-
Y62,RMP,TAMESIDE AND GLOSSOP INTEGRATED CARE NHS FOUNDATION TRUST,C_340,Respiratory Medicine Service,701,480,68.50%,10.3,33.2,6,-,-
Y62,RMP,TAMESIDE AND GLOSSOP INTEGRATED CARE NHS FOUNDATION TRUST,C_400,Neurology Service,-,-,-,-,-,-,-,-
Y62,RMP,TAMESIDE AND GLOSSOP INTEGRATED CARE NHS FOUNDATION TRUST,C_410,Rheumatology Service,181,117,64.60%,11.9,33.5,1,-,-
Y62,RMP,TAMESIDE AND GLOSSOP INTEGRATED CARE NHS FOUNDATION TRUST,C_430,Elderly Medicine Service,2,2,100.00%,-,-,-,-,-
Y62,RMP,TAMESIDE AND GLOSSOP INTEGRATED CARE NHS FOUNDATION TRUST,C_502,Gynaecology Service,"2,619","1,379",52.70%,16.6,47.4,117,-,17
Y62,RMP,TAMESIDE AND GLOSSOP INTEGRATED CARE NHS FOUNDATION TRUST,X02,Other - Medical Services,"1,557",922,59.20%,14.7,35,1,-,-
Y62,RMP,TAMESIDE AND GLOSSOP INTEGRATED CARE NHS FOUNDATION TRUST,X03,Other - Mental Health Services,-,-,-,-,-,-,-,-
Y62,RMP,TAMESIDE AND GLOSSOP INTEGRATED CARE NHS FOUNDATION TRUST,X04,Other - Paediatric Services,"2,325","1,453",62.50%,12.8,36.5,21,-,4
Y62,RMP,TAMESIDE AND GLOSSOP INTEGRATED CARE NHS FOUNDATION TRUST,X05,Other - Surgical Services,"2,214","1,159",52.30%,16.7,41.8,34,-,5
Y62,RMP,TAMESIDE AND GLOSSOP INTEGRATED CARE NHS FOUNDATION TRUST,X06,Other - Other Services,-,-,-,-,-,-,-,-
Y62,RRF,"WRIGHTINGTON, WIGAN AND LEIGH NHS FOUNDATION TRUST",C_100,General Surgery Service,"1,884",816,43.30%,21.7,56.9,217,2,52
Y62,RRF,"WRIGHTINGTON, WIGAN AND LEIGH NHS FOUNDATION TRUST",C_101,Urology Service,"3,285","1,868",56.90%,14.6,48.2,189,1,25
Y62,RRF,"WRIGHTINGTON, WIGAN AND LEIGH NHS FOUNDATION TRUST",C_110,Trauma and Orthopaedic Service,"7,996","4,882",61.10%,13.4,43.5,318,4,73
Y62,RRF,"WRIGHTINGTON, WIGAN AND LEIGH NHS FOUNDATION TRUST",C_120,Ear Nose and Throat Service,"3,732","2,072",55.50%,15.6,49.4,235,2,86
Y62,RRF,"WRIGHTINGTON, WIGAN AND LEIGH NHS FOUNDATION TRUST",C_130,Ophthalmology Service,"3,493","1,861",53.30%,16.6,40.7,32,-,2
Y62,RRF,"WRIGHTINGTON, WIGAN AND LEIGH NHS FOUNDATION TRUST",C_140,Oral Surgery Service,"1,609",911,56.60%,15.1,45.4,98,-,23
Y62,RRF,"WRIGHTINGTON, WIGAN AND LEIGH NHS FOUNDATION TRUST",C_150,Neurosurgical Service,34,11,32.40%,22,47.1,-,-,-
Y62,RRF,"WRIGHTINGTON, WIGAN AND LEIGH NHS FOUNDATION TRUST",C_160,Plastic Surgery Service,807,358,44.40%,20.6,44.6,21,-,2
Y62,RRF,"WRIGHTINGTON, WIGAN AND LEIGH NHS FOUNDATION TRUST",C_170,Cardiothoracic Surgery Service,41,26,63.40%,13.5,35.7,-,-,-
Y62,RRF,"WRIGHTINGTON, WIGAN AND LEIGH NHS FOUNDATION TRUST",C_300,General Internal Medicine Service,229,141,61.60%,14.9,45.8,1,-,1
Y62,RRF,"WRIGHTINGTON, WIGAN AND LEIGH NHS FOUNDATION TRUST",C_301,Gastroenterology Service,"4,414","2,326",52.70%,16.3,55.1,417,7,99
Y62,RRF,"WRIGHTINGTON, WIGAN AND LEIGH NHS FOUNDATION TRUST",C_320,Cardiology Service,"2,850","1,463",51.30%,17.1,52.9,236,-,26
Y62,RRF,"WRIGHTINGTON, WIGAN AND LEIGH NHS FOUNDATION TRUST",C_330,Dermatology Service,"3,072","1,464",47.70%,18.8,40,7,-,1
Y62,RRF,"WRIGHTINGTON, WIGAN AND LEIGH NHS FOUNDATION TRUST",C_340,Respiratory Medicine Service,"3,113","1,267",40.70%,23.9,57.7,405,-,76
Y62,RRF,"WRIGHTINGTON, WIGAN AND LEIGH NHS FOUNDATION TRUST",C_400,Neurology Service,-,-,-,-,-,-,-,-
Y62,RRF,"WRIGHTINGTON, WIGAN AND LEIGH NHS FOUNDATION TRUST",C_410,Rheumatology Service,"1,059",769,72.60%,12.3,26.5,-,-,-
Y62,RRF,"WRIGHTINGTON, WIGAN AND LEIGH NHS FOUNDATION TRUST",C_430,Elderly Medicine Service,434,191,44.00%,20.5,41.7,1,1,1
Y62,RRF,"WRIGHTINGTON, WIGAN AND LEIGH NHS FOUNDATION TRUST",C_502,Gynaecology Service,"4,855","1,842",37.90%,25.5,63.4,872,17,346
Y62,RRF,"WRIGHTINGTON, WIGAN AND LEIGH NHS FOUNDATION TRUST",X02,Other - Medical Services,"2,238",888,39.70%,26,59.9,277,-,124
Y62,RRF,"WRIGHTINGTON, WIGAN AND LEIGH NHS FOUNDATION TRUST",X03,Other - Mental Health Services,-,-,-,-,-,-,-,-
Y62,RRF,"WRIGHTINGTON, WIGAN AND LEIGH NHS FOUNDATION TRUST",X04,Other - Paediatric Services,"4,145","1,493",36.00%,26.9,62.1,613,2,239
Y62,RRF,"WRIGHTINGTON, WIGAN AND LEIGH NHS FOUNDATION TRUST",X05,Other - Surgical Services,"5,590","3,018",54.00%,15.8,46.3,284,5,81
Y62,RRF,"WRIGHTINGTON, WIGAN AND LEIGH NHS FOUNDATION TRUST",X06,Other - Other Services,60,50,83.30%,3.8,56.2,6,-,1
Y62,RTX,UNIVERSITY HOSPITALS OF MORECAMBE BAY NHS FOUNDATION TRUST,C_100,General Surgery Service,"2,288","1,238",54.10%,16.2,40.2,28,-,3
Y62,RTX,UNIVERSITY HOSPITALS OF MORECAMBE BAY NHS FOUNDATION TRUST,C_101,Urology Service,"2,245","1,473",65.60%,12.2,37.7,27,-,6
Y62,RTX,UNIVERSITY HOSPITALS OF MORECAMBE BAY NHS FOUNDATION TRUST,C_110,Trauma and Orthopaedic Service,"5,983","2,675",44.70%,20.9,47,234,1,29
Y62,RTX,UNIVERSITY HOSPITALS OF MORECAMBE BAY NHS FOUNDATION TRUST,C_120,Ear Nose and Throat Service,"2,774","2,087",75.20%,9.2,29.3,3,-,1
Y62,RTX,UNIVERSITY HOSPITALS OF MORECAMBE BAY NHS FOUNDATION TRUST,C_130,Ophthalmology Service,"3,436","2,844",82.80%,8,23.6,1,-,-
Y62,RTX,UNIVERSITY HOSPITALS OF MORECAMBE BAY NHS FOUNDATION TRUST,C_140,Oral Surgery Service,"1,457",960,65.90%,12,32.8,7,-,-
Y62,RTX,UNIVERSITY HOSPITALS OF MORECAMBE BAY NHS FOUNDATION TRUST,C_150,Neurosurgical Service,-,-,-,-,-,-,-,-
Y62,RTX,UNIVERSITY HOSPITALS OF MORECAMBE BAY NHS FOUNDATION TRUST,C_160,Plastic Surgery Service,120,110,91.70%,6.3,19.2,-,-,-
Y62,RTX,UNIVERSITY HOSPITALS OF MORECAMBE BAY NHS FOUNDATION TRUST,C_170,Cardiothoracic Surgery Service,14,14,100.00%,-,-,-,-,-
Y62,RTX,UNIVERSITY HOSPITALS OF MORECAMBE BAY NHS FOUNDATION TRUST,C_300,General Internal Medicine Service,56,51,91.10%,5.3,20.5,-,-,-
Y62,RTX,UNIVERSITY HOSPITALS OF MORECAMBE BAY NHS FOUNDATION TRUST,C_301,Gastroenterology Service,"1,297","1,052",81.10%,7.6,26.6,1,-,-
Y62,RTX,UNIVERSITY HOSPITALS OF MORECAMBE BAY NHS FOUNDATION TRUST,C_320,Cardiology Service,867,757,87.30%,8.8,20.8,-,-,-
Y62,RTX,UNIVERSITY HOSPITALS OF MORECAMBE BAY NHS FOUNDATION TRUST,C_330,Dermatology Service,"1,174","1,027",87.50%,6,23,3,-,2
Y62,RTX,UNIVERSITY HOSPITALS OF MORECAMBE BAY NHS FOUNDATION TRUST,C_340,Respiratory Medicine Service,671,528,78.70%,8.3,26.4,-,-,-
Y62,RTX,UNIVERSITY HOSPITALS OF MORECAMBE BAY NHS FOUNDATION TRUST,C_400,Neurology Service,-,-,-,-,-,-,-,-
Y62,RTX,UNIVERSITY HOSPITALS OF MORECAMBE BAY NHS FOUNDATION TRUST,C_410,Rheumatology Service,704,580,82.40%,8.6,26.3,1,-,1
Y62,RTX,UNIVERSITY HOSPITALS OF MORECAMBE BAY NHS FOUNDATION TRUST,C_430,Elderly Medicine Service,128,121,94.50%,6.1,14,1,-,-
Y62,RTX,UNIVERSITY HOSPITALS OF MORECAMBE BAY NHS FOUNDATION TRUST,C_502,Gynaecology Service,"2,191","1,412",64.40%,12.1,42.6,46,-,14
Y62,RTX,UNIVERSITY HOSPITALS OF MORECAMBE BAY NHS FOUNDATION TRUST,X02,Other - Medical Services,"2,922","1,822",62.40%,12.7,36.6,28,-,3
Y62,RTX,UNIVERSITY HOSPITALS OF MORECAMBE BAY NHS FOUNDATION TRUST,X03,Other - Mental Health Services,-,-,-,-,-,-,-,-
Y62,RTX,UNIVERSITY HOSPITALS OF MORECAMBE BAY NHS FOUNDATION TRUST,X04,Other - Paediatric Services,"1,788","1,249",69.90%,10.9,32,13,-,1
Y62,RTX,UNIVERSITY HOSPITALS OF MORECAMBE BAY NHS FOUNDATION TRUST,X05,Other - Surgical Services,"1,643","1,109",67.50%,9.6,40.9,46,3,15
Y62,RTX,UNIVERSITY HOSPITALS OF MORECAMBE BAY NHS FOUNDATION TRUST,X06,Other - Other Services,506,481,95.10%,3.9,15.1,2,-,1
Y62,RW4,MERSEY CARE NHS FOUNDATION TRUST,C_100,General Surgery Service,-,-,-,-,-,-,-,-
Y62,RW4,MERSEY CARE NHS FOUNDATION TRUST,C_101,Urology Service,-,-,-,-,-,-,-,-
Y62,RW4,MERSEY CARE NHS FOUNDATION TRUST,C_110,Trauma and Orthopaedic Service,-,-,-,-,-,-,-,-
Y62,RW4,MERSEY CARE NHS FOUNDATION TRUST,C_120,Ear Nose and Throat Service,-,-,-,-,-,-,-,-
Y62,RW4,MERSEY CARE NHS FOUNDATION TRUST,C_130,Ophthalmology Service,-,-,-,-,-,-,-,-
Y62,RW4,MERSEY CARE NHS FOUNDATION TRUST,C_140,Oral Surgery Service,-,-,-,-,-,-,-,-
Y62,RW4,MERSEY CARE NHS FOUNDATION TRUST,C_150,Neurosurgical Service,-,-,-,-,-,-,-,-
Y62,RW4,MERSEY CARE NHS FOUNDATION TRUST,C_160,Plastic Surgery Service,-,-,-,-,-,-,-,-
Y62,RW4,MERSEY CARE NHS FOUNDATION TRUST,C_170,Cardiothoracic Surgery Service,-,-,-,-,-,-,-,-
Y62,RW4,MERSEY CARE NHS FOUNDATION TRUST,C_300,General Internal Medicine Service,-,-,-,-,-,-,-,-
Y62,RW4,MERSEY CARE NHS FOUNDATION TRUST,C_301,Gastroenterology Service,-,-,-,-,-,-,-,-
Y62,RW4,MERSEY CARE NHS FOUNDATION TRUST,C_320,Cardiology Service,-,-,-,-,-,-,-,-
Y62,RW4,MERSEY CARE NHS FOUNDATION TRUST,C_330,Dermatology Service,-,-,-,-,-,-,-,-
Y62,RW4,MERSEY CARE NHS FOUNDATION TRUST,C_340,Respiratory Medicine Service,-,-,-,-,-,-,-,-
Y62,RW4,MERSEY CARE NHS FOUNDATION TRUST,C_400,Neurology Service,-,-,-,-,-,-,-,-
Y62,RW4,MERSEY CARE NHS FOUNDATION TRUST,C_410,Rheumatology Service,-,-,-,-,-,-,-,-
Y62,RW4,MERSEY CARE NHS FOUNDATION TRUST,C_430,Elderly Medicine Service,-,-,-,-,-,-,-,-
Y62,RW4,MERSEY CARE NHS FOUNDATION TRUST,C_502,Gynaecology Service,-,-,-,-,-,-,-,-
Y62,RW4,MERSEY CARE NHS FOUNDATION TRUST,X02,Other - Medical Services,-,-,-,-,-,-,-,-
Y62,RW4,MERSEY CARE NHS FOUNDATION TRUST,X03,Other - Mental Health Services,41,40,97.60%,3.6,6.9,-,-,-
Y62,RW4,MERSEY CARE NHS FOUNDATION TRUST,X04,Other - Paediatric Services,-,-,-,-,-,-,-,-
Y62,RW4,MERSEY CARE NHS FOUNDATION TRUST,X05,Other - Surgical Services,-,-,-,-,-,-,-,-
Y62,RW4,MERSEY CARE NHS FOUNDATION TRUST,X06,Other - Other Services,-,-,-,-,-,-,-,-
Y62,RW5,LANCASHIRE & SOUTH CUMBRIA NHS FOUNDATION TRUST,C_100,General Surgery Service,-,-,-,-,-,-,-,-
Y62,RW5,LANCASHIRE & SOUTH CUMBRIA NHS FOUNDATION TRUST,C_101,Urology Service,-,-,-,-,-,-,-,-
Y62,RW5,LANCASHIRE & SOUTH CUMBRIA NHS FOUNDATION TRUST,C_110,Trauma and Orthopaedic Service,"1,314","1,233",93.80%,3.3,14.6,-,-,-
Y62,RW5,LANCASHIRE & SOUTH CUMBRIA NHS FOUNDATION TRUST,C_120,Ear Nose and Throat Service,-,-,-,-,-,-,-,-
Y62,RW5,LANCASHIRE & SOUTH CUMBRIA NHS FOUNDATION TRUST,C_130,Ophthalmology Service,-,-,-,-,-,-,-,-
Y62,RW5,LANCASHIRE & SOUTH CUMBRIA NHS FOUNDATION TRUST,C_140,Oral Surgery Service,-,-,-,-,-,-,-,-
Y62,RW5,LANCASHIRE & SOUTH CUMBRIA NHS FOUNDATION TRUST,C_150,Neurosurgical Service,-,-,-,-,-,-,-,-
Y62,RW5,LANCASHIRE & SOUTH CUMBRIA NHS FOUNDATION TRUST,C_160,Plastic Surgery Service,-,-,-,-,-,-,-,-
Y62,RW5,LANCASHIRE & SOUTH CUMBRIA NHS FOUNDATION TRUST,C_170,Cardiothoracic Surgery Service,-,-,-,-,-,-,-,-
Y62,RW5,LANCASHIRE & SOUTH CUMBRIA NHS FOUNDATION TRUST,C_300,General Internal Medicine Service,-,-,-,-,-,-,-,-
Y62,RW5,LANCASHIRE & SOUTH CUMBRIA NHS FOUNDATION TRUST,C_301,Gastroenterology Service,-,-,-,-,-,-,-,-
Y62,RW5,LANCASHIRE & SOUTH CUMBRIA NHS FOUNDATION TRUST,C_320,Cardiology Service,-,-,-,-,-,-,-,-
Y62,RW5,LANCASHIRE & SOUTH CUMBRIA NHS FOUNDATION TRUST,C_330,Dermatology Service,-,-,-,-,-,-,-,-
Y62,RW5,LANCASHIRE & SOUTH CUMBRIA NHS FOUNDATION TRUST,C_340,Respiratory Medicine Service,-,-,-,-,-,-,-,-
Y62,RW5,LANCASHIRE & SOUTH CUMBRIA NHS FOUNDATION TRUST,C_400,Neurology Service,-,-,-,-,-,-,-,-
Y62,RW5,LANCASHIRE & SOUTH CUMBRIA NHS FOUNDATION TRUST,C_410,Rheumatology Service,297,254,85.50%,6.5,19.8,-,-,-
Y62,RW5,LANCASHIRE & SOUTH CUMBRIA NHS FOUNDATION TRUST,C_430,Elderly Medicine Service,-,-,-,-,-,-,-,-
Y62,RW5,LANCASHIRE & SOUTH CUMBRIA NHS FOUNDATION TRUST,C_502,Gynaecology Service,-,-,-,-,-,-,-,-
Y62,RW5,LANCASHIRE & SOUTH CUMBRIA NHS FOUNDATION TRUST,X02,Other - Medical Services,-,-,-,-,-,-,-,-
Y62,RW5,LANCASHIRE & SOUTH CUMBRIA NHS FOUNDATION TRUST,X03,Other - Mental Health Services,-,-,-,-,-,-,-,-
Y62,RW5,LANCASHIRE & SOUTH CUMBRIA NHS FOUNDATION TRUST,X04,Other - Paediatric Services,-,-,-,-,-,-,-,-
Y62,RW5,LANCASHIRE & SOUTH CUMBRIA NHS FOUNDATION TRUST,X05,Other - Surgical Services,-,-,-,-,-,-,-,-
Y62,RW5,LANCASHIRE & SOUTH CUMBRIA NHS FOUNDATION TRUST,X06,Other - Other Services,-,-,-,-,-,-,-,-
Y62,RWJ,STOCKPORT NHS FOUNDATION TRUST,C_100,General Surgery Service,"4,145","1,962",47.30%,19.6,56.1,409,36,184
Y62,RWJ,STOCKPORT NHS FOUNDATION TRUST,C_101,Urology Service,"2,998","1,384",46.20%,20,63.8,425,96,223
Y62,RWJ,STOCKPORT NHS FOUNDATION TRUST,C_110,Trauma and Orthopaedic Service,"4,930","2,761",56.00%,15.3,42.4,133,5,30
Y62,RWJ,STOCKPORT NHS FOUNDATION TRUST,C_120,Ear Nose and Throat Service,"3,477","1,933",55.60%,14.7,56.3,338,29,141
Y62,RWJ,STOCKPORT NHS FOUNDATION TRUST,C_130,Ophthalmology Service,"4,733","2,327",49.20%,18.4,50,313,1,22
Y62,RWJ,STOCKPORT NHS FOUNDATION TRUST,C_140,Oral Surgery Service,"2,265",193,8.50%,38.1,66.5,561,11,209
Y62,RWJ,STOCKPORT NHS FOUNDATION TRUST,C_150,Neurosurgical Service,-,-,-,-,-,-,-,-
Y62,RWJ,STOCKPORT NHS FOUNDATION TRUST,C_160,Plastic Surgery Service,-,-,-,-,-,-,-,-
Y62,RWJ,STOCKPORT NHS FOUNDATION TRUST,C_170,Cardiothoracic Surgery Service,6,4,66.70%,-,-,-,-,-
Y62,RWJ,STOCKPORT NHS FOUNDATION TRUST,C_300,General Internal Medicine Service,52,45,86.50%,9.9,19.9,-,-,-
Y62,RWJ,STOCKPORT NHS FOUNDATION TRUST,C_301,Gastroenterology Service,"3,460","1,821",52.60%,16.9,58.3,364,25,131
Y62,RWJ,STOCKPORT NHS FOUNDATION TRUST,C_320,Cardiology Service,"4,472","1,888",42.20%,22.1,48.8,223,1,33
Y62,RWJ,STOCKPORT NHS FOUNDATION TRUST,C_330,Dermatology Service,-,-,-,-,-,-,-,-
Y62,RWJ,STOCKPORT NHS FOUNDATION TRUST,C_340,Respiratory Medicine Service,"2,038",834,40.90%,23.1,61.8,359,8,114
Y62,RWJ,STOCKPORT NHS FOUNDATION TRUST,C_400,Neurology Service,-,-,-,-,-,-,-,-
Y62,RWJ,STOCKPORT NHS FOUNDATION TRUST,C_410,Rheumatology Service,895,573,64.00%,12.6,34.1,13,-,3
Y62,RWJ,STOCKPORT NHS FOUNDATION TRUST,C_430,Elderly Medicine Service,154,143,92.90%,4.9,17.6,-,-,-
Y62,RWJ,STOCKPORT NHS FOUNDATION TRUST,C_502,Gynaecology Service,"4,390","2,193",50.00%,18,48,254,6,60
Y62,RWJ,STOCKPORT NHS FOUNDATION TRUST,X02,Other - Medical Services,"2,899","1,918",66.20%,11,42.8,128,1,26
Y62,RWJ,STOCKPORT NHS FOUNDATION TRUST,X03,Other - Mental Health Services,-,-,-,-,-,-,-,-
Y62,RWJ,STOCKPORT NHS FOUNDATION TRUST,X04,Other - Paediatric Services,195,141,72.30%,8.6,46.4,9,-,4
Y62,RWJ,STOCKPORT NHS FOUNDATION TRUST,X05,Other - Surgical Services,157,109,69.40%,12.8,25.1,-,-,-
Y62,RWJ,STOCKPORT NHS FOUNDATION TRUST,X06,Other - Other Services,452,119,26.30%,34.9,60.1,82,-,12
Y62,RWW,WARRINGTON AND HALTON TEACHING HOSPITALS NHS FOUNDATION TRUST,C_100,General Surgery Service,481,204,42.40%,22.8,58.6,64,-,16
Y62,RWW,WARRINGTON AND HALTON TEACHING HOSPITALS NHS FOUNDATION TRUST,C_101,Urology Service,"2,224","1,185",53.30%,16.3,58.1,244,21,116
Y62,RWW,WARRINGTON AND HALTON TEACHING HOSPITALS NHS FOUNDATION TRUST,C_110,Trauma and Orthopaedic Service,"3,484","1,598",45.90%,20.2,58.2,417,14,143
Y62,RWW,WARRINGTON AND HALTON TEACHING HOSPITALS NHS FOUNDATION TRUST,C_120,Ear Nose and Throat Service,"4,393","1,381",31.40%,31.4,70.4,"1,062",99,519
Y62,RWW,WARRINGTON AND HALTON TEACHING HOSPITALS NHS FOUNDATION TRUST,C_130,Ophthalmology Service,"2,464","1,662",67.50%,12.3,32.3,21,-,3
Y62,RWW,WARRINGTON AND HALTON TEACHING HOSPITALS NHS FOUNDATION TRUST,C_140,Oral Surgery Service,-,-,-,-,-,-,-,-
Y62,RWW,WARRINGTON AND HALTON TEACHING HOSPITALS NHS FOUNDATION TRUST,C_150,Neurosurgical Service,-,-,-,-,-,-,-,-
Y62,RWW,WARRINGTON AND HALTON TEACHING HOSPITALS NHS FOUNDATION TRUST,C_160,Plastic Surgery Service,-,-,-,-,-,-,-,-
Y62,RWW,WARRINGTON AND HALTON TEACHING HOSPITALS NHS FOUNDATION TRUST,C_170,Cardiothoracic Surgery Service,-,-,-,-,-,-,-,-
Y62,RWW,WARRINGTON AND HALTON TEACHING HOSPITALS NHS FOUNDATION TRUST,C_300,General Internal Medicine Service,41,37,90.20%,6.8,20.7,-,-,-
Y62,RWW,WARRINGTON AND HALTON TEACHING HOSPITALS NHS FOUNDATION TRUST,C_301,Gastroenterology Service,"2,255","1,320",58.50%,15.1,50.2,151,12,54
Y62,RWW,WARRINGTON AND HALTON TEACHING HOSPITALS NHS FOUNDATION TRUST,C_320,Cardiology Service,"1,971","1,177",59.70%,14.3,43,17,-,12
Y62,RWW,WARRINGTON AND HALTON TEACHING HOSPITALS NHS FOUNDATION TRUST,C_330,Dermatology Service,-,-,-,-,-,-,-,-
Y62,RWW,WARRINGTON AND HALTON TEACHING HOSPITALS NHS FOUNDATION TRUST,C_340,Respiratory Medicine Service,"2,015",996,49.40%,18.8,50.7,129,-,32
Y62,RWW,WARRINGTON AND HALTON TEACHING HOSPITALS NHS FOUNDATION TRUST,C_400,Neurology Service,-,-,-,-,-,-,-,-
Y62,RWW,WARRINGTON AND HALTON TEACHING HOSPITALS NHS FOUNDATION TRUST,C_410,Rheumatology Service,383,302,78.90%,13.2,21.3,-,-,-
Y62,RWW,WARRINGTON AND HALTON TEACHING HOSPITALS NHS FOUNDATION TRUST,C_430,Elderly Medicine Service,5,5,100.00%,-,-,-,-,-
Y62,RWW,WARRINGTON AND HALTON TEACHING HOSPITALS NHS FOUNDATION TRUST,C_502,Gynaecology Service,"3,998","1,551",38.80%,24.3,63.6,685,28,280
Y62,RWW,WARRINGTON AND HALTON TEACHING HOSPITALS NHS FOUNDATION TRUST,X02,Other - Medical Services,"3,225","1,617",50.10%,17.9,54.6,297,1,81
Y62,RWW,WARRINGTON AND HALTON TEACHING HOSPITALS NHS FOUNDATION TRUST,X03,Other - Mental Health Services,-,-,-,-,-,-,-,-
Y62,RWW,WARRINGTON AND HALTON TEACHING HOSPITALS NHS FOUNDATION TRUST,X04,Other - Paediatric Services,990,753,76.10%,9.4,31.5,6,1,3
Y62,RWW,WARRINGTON AND HALTON TEACHING HOSPITALS NHS FOUNDATION TRUST,X05,Other - Surgical Services,"5,587","3,017",54.00%,16.4,48,321,22,116
Y62,RWW,WARRINGTON AND HALTON TEACHING HOSPITALS NHS FOUNDATION TRUST,X06,Other - Other Services,516,425,82.40%,10.5,21.7,6,-,1
Y62,RXL,BLACKPOOL TEACHING HOSPITALS NHS FOUNDATION TRUST,C_100,General Surgery Service,"1,428",752,52.70%,16.6,44.2,46,2,13
Y62,RXL,BLACKPOOL TEACHING HOSPITALS NHS FOUNDATION TRUST,C_101,Urology Service,"1,932","1,379",71.40%,10.1,31.3,20,2,8
Y62,RXL,BLACKPOOL TEACHING HOSPITALS NHS FOUNDATION TRUST,C_110,Trauma and Orthopaedic Service,"3,023","1,611",53.30%,16.4,40.9,48,-,8
Y62,RXL,BLACKPOOL TEACHING HOSPITALS NHS FOUNDATION TRUST,C_120,Ear Nose and Throat Service,"3,072","1,635",53.20%,16.2,43.1,59,-,2
Y62,RXL,BLACKPOOL TEACHING HOSPITALS NHS FOUNDATION TRUST,C_130,Ophthalmology Service,"3,878","1,792",46.20%,19.8,46.3,114,2,7
Y62,RXL,BLACKPOOL TEACHING HOSPITALS NHS FOUNDATION TRUST,C_140,Oral Surgery Service,"2,410",906,37.60%,24.7,48.2,104,-,4
Y62,RXL,BLACKPOOL TEACHING HOSPITALS NHS FOUNDATION TRUST,C_150,Neurosurgical Service,-,-,-,-,-,-,-,-
Y62,RXL,BLACKPOOL TEACHING HOSPITALS NHS FOUNDATION TRUST,C_160,Plastic Surgery Service,51,44,86.30%,4.2,20.9,-,-,-
Y62,RXL,BLACKPOOL TEACHING HOSPITALS NHS FOUNDATION TRUST,C_170,Cardiothoracic Surgery Service,663,355,53.50%,15.8,53,55,-,21
Y62,RXL,BLACKPOOL TEACHING HOSPITALS NHS FOUNDATION TRUST,C_300,General Internal Medicine Service,7,4,57.10%,-,-,-,-,-
Y62,RXL,BLACKPOOL TEACHING HOSPITALS NHS FOUNDATION TRUST,C_301,Gastroenterology Service,"4,122","1,565",38.00%,24.7,58.8,456,74,219
Y62,RXL,BLACKPOOL TEACHING HOSPITALS NHS FOUNDATION TRUST,C_320,Cardiology Service,"4,453","2,345",52.70%,16.6,46.4,215,-,50
Y62,RXL,BLACKPOOL TEACHING HOSPITALS NHS FOUNDATION TRUST,C_330,Dermatology Service,"1,269","1,226",96.60%,6.3,15.3,-,-,-
Y62,RXL,BLACKPOOL TEACHING HOSPITALS NHS FOUNDATION TRUST,C_340,Respiratory Medicine Service,496,360,72.60%,10,27.1,-,-,-
Y62,RXL,BLACKPOOL TEACHING HOSPITALS NHS FOUNDATION TRUST,C_400,Neurology Service,-,-,-,-,-,-,-,-
Y62,RXL,BLACKPOOL TEACHING HOSPITALS NHS FOUNDATION TRUST,C_410,Rheumatology Service,678,416,61.40%,13.4,32.5,1,-,-
Y62,RXL,BLACKPOOL TEACHING HOSPITALS NHS FOUNDATION TRUST,C_430,Elderly Medicine Service,32,30,93.80%,6.8,17.4,-,-,-
Y62,RXL,BLACKPOOL TEACHING HOSPITALS NHS FOUNDATION TRUST,C_502,Gynaecology Service,"3,198","1,373",42.90%,21.2,47,177,9,89
Y62,RXL,BLACKPOOL TEACHING HOSPITALS NHS FOUNDATION TRUST,X02,Other - Medical Services,"2,761","1,788",64.80%,12.8,36.4,9,-,-
Y62,RXL,BLACKPOOL TEACHING HOSPITALS NHS FOUNDATION TRUST,X03,Other - Mental Health Services,108,86,79.60%,0.9,38.4,-,-,-
Y62,RXL,BLACKPOOL TEACHING HOSPITALS NHS FOUNDATION TRUST,X04,Other - Paediatric Services,"1,330",616,46.30%,19.8,41.1,19,-,6
Y62,RXL,BLACKPOOL TEACHING HOSPITALS NHS FOUNDATION TRUST,X05,Other - Surgical Services,"1,906","1,226",64.30%,10.7,45.9,116,23,69
Y62,RXL,BLACKPOOL TEACHING HOSPITALS NHS FOUNDATION TRUST,X06,Other - Other Services,-,-,-,-,-,-,-,-
Y62,RXN,LANCASHIRE TEACHING HOSPITALS NHS FOUNDATION TRUST,C_100,General Surgery Service,676,338,50.00%,18,58.6,89,5,25
Y62,RXN,LANCASHIRE TEACHING HOSPITALS NHS FOUNDATION TRUST,C_101,Urology Service,"2,294",996,43.40%,21.5,53.8,197,11,74
Y62,RXN,LANCASHIRE TEACHING HOSPITALS NHS FOUNDATION TRUST,C_110,Trauma and Orthopaedic Service,"3,906","2,492",63.80%,13.7,36.9,77,7,22
Y62,RXN,LANCASHIRE TEACHING HOSPITALS NHS FOUNDATION TRUST,C_120,Ear Nose and Throat Service,"1,869","1,212",64.80%,10.8,46.3,89,-,26
Y62,RXN,LANCASHIRE TEACHING HOSPITALS NHS FOUNDATION TRUST,C_130,Ophthalmology Service,"4,580","2,819",61.60%,12.9,42.4,146,-,17
Y62,RXN,LANCASHIRE TEACHING HOSPITALS NHS FOUNDATION TRUST,C_140,Oral Surgery Service,"4,271","1,897",44.40%,21.8,57.3,481,16,170
Y62,RXN,LANCASHIRE TEACHING HOSPITALS NHS FOUNDATION TRUST,C_150,Neurosurgical Service,"4,028","2,152",53.40%,16.2,50.4,287,-,114
Y62,RXN,LANCASHIRE TEACHING HOSPITALS NHS FOUNDATION TRUST,C_160,Plastic Surgery Service,"3,533","1,889",53.50%,16.4,56.1,342,8,133
Y62,RXN,LANCASHIRE TEACHING HOSPITALS NHS FOUNDATION TRUST,C_170,Cardiothoracic Surgery Service,-,-,-,-,-,-,-,-
Y62,RXN,LANCASHIRE TEACHING HOSPITALS NHS FOUNDATION TRUST,C_300,General Internal Medicine Service,"2,759","1,223",44.30%,21.8,47.8,148,-,45
Y62,RXN,LANCASHIRE TEACHING HOSPITALS NHS FOUNDATION TRUST,C_301,Gastroenterology Service,"1,689",757,44.80%,20.8,44.7,31,-,4
Y62,RXN,LANCASHIRE TEACHING HOSPITALS NHS FOUNDATION TRUST,C_320,Cardiology Service,"3,067","1,810",59.00%,14.6,38.4,48,-,9
Y62,RXN,LANCASHIRE TEACHING HOSPITALS NHS FOUNDATION TRUST,C_330,Dermatology Service,"1,608","1,314",81.70%,8.6,27.5,6,-,2
Y62,RXN,LANCASHIRE TEACHING HOSPITALS NHS FOUNDATION TRUST,C_340,Respiratory Medicine Service,-,-,-,-,-,-,-,-
Y62,RXN,LANCASHIRE TEACHING HOSPITALS NHS FOUNDATION TRUST,C_400,Neurology Service,"6,629","3,302",49.80%,18.1,45,200,-,50
Y62,RXN,LANCASHIRE TEACHING HOSPITALS NHS FOUNDATION TRUST,C_410,Rheumatology Service,-,-,-,-,-,-,-,-
Y62,RXN,LANCASHIRE TEACHING HOSPITALS NHS FOUNDATION TRUST,C_430,Elderly Medicine Service,149,114,76.50%,6.9,28.5,-,-,-
Y62,RXN,LANCASHIRE TEACHING HOSPITALS NHS FOUNDATION TRUST,C_502,Gynaecology Service,"1,810","1,159",64.00%,11.9,31.4,17,2,6
Y62,RXN,LANCASHIRE TEACHING HOSPITALS NHS FOUNDATION TRUST,X02,Other - Medical Services,"5,179","2,862",55.30%,15.3,49.6,338,-,13
Y62,RXN,LANCASHIRE TEACHING HOSPITALS NHS FOUNDATION TRUST,X03,Other - Mental Health Services,-,-,-,-,-,-,-,-
Y62,RXN,LANCASHIRE TEACHING HOSPITALS NHS FOUNDATION TRUST,X04,Other - Paediatric Services,"2,394","1,328",55.50%,15.7,42.3,49,-,-
Y62,RXN,LANCASHIRE TEACHING HOSPITALS NHS FOUNDATION TRUST,X05,Other - Surgical Services,"7,607","4,195",55.10%,15.9,49.8,551,13,172
Y62,RXN,LANCASHIRE TEACHING HOSPITALS NHS FOUNDATION TRUST,X06,Other - Other Services,651,503,77.30%,6.4,32.1,15,-,1
Y62,RXR,EAST LANCASHIRE HOSPITALS NHS TRUST,C_100,General Surgery Service,"3,308","1,458",44.10%,21.9,53.4,291,-,36
Y62,RXR,EAST LANCASHIRE HOSPITALS NHS TRUST,C_101,Urology Service,"3,392","1,835",54.10%,15.6,43.7,117,-,21
Y62,RXR,EAST LANCASHIRE HOSPITALS NHS TRUST,C_110,Trauma and Orthopaedic Service,"8,343","4,214",50.50%,17.5,50.4,592,-,148
Y62,RXR,EAST LANCASHIRE HOSPITALS NHS TRUST,C_120,Ear Nose and Throat Service,"6,054","3,351",55.40%,15.6,41.6,74,-,4
Y62,RXR,EAST LANCASHIRE HOSPITALS NHS TRUST,C_130,Ophthalmology Service,"5,106","3,203",62.70%,12.9,36.2,89,-,1
Y62,RXR,EAST LANCASHIRE HOSPITALS NHS TRUST,C_140,Oral Surgery Service,"5,291","2,318",43.80%,21.1,53.5,445,-,140
Y62,RXR,EAST LANCASHIRE HOSPITALS NHS TRUST,C_150,Neurosurgical Service,-,-,-,-,-,-,-,-
Y62,RXR,EAST LANCASHIRE HOSPITALS NHS TRUST,C_160,Plastic Surgery Service,-,-,-,-,-,-,-,-
Y62,RXR,EAST LANCASHIRE HOSPITALS NHS TRUST,C_170,Cardiothoracic Surgery Service,1,-,-,-,-,-,-,-
Y62,RXR,EAST LANCASHIRE HOSPITALS NHS TRUST,C_300,General Internal Medicine Service,18,14,77.80%,-,-,1,-,-
Y62,RXR,EAST LANCASHIRE HOSPITALS NHS TRUST,C_301,Gastroenterology Service,"7,164","2,890",40.30%,22.3,60.7,904,-,297
Y62,RXR,EAST LANCASHIRE HOSPITALS NHS TRUST,C_320,Cardiology Service,"5,577","2,236",40.10%,23.5,48.9,291,-,6
Y62,RXR,EAST LANCASHIRE HOSPITALS NHS TRUST,C_330,Dermatology Service,"2,664","1,162",43.60%,21,49.8,149,-,22
Y62,RXR,EAST LANCASHIRE HOSPITALS NHS TRUST,C_340,Respiratory Medicine Service,"1,084",819,75.60%,10.1,25.7,-,-,-
Y62,RXR,EAST LANCASHIRE HOSPITALS NHS TRUST,C_400,Neurology Service,-,-,-,-,-,-,-,-
Y62,RXR,EAST LANCASHIRE HOSPITALS NHS TRUST,C_410,Rheumatology Service,"2,056",682,33.20%,26.8,54.1,209,-,29
Y62,RXR,EAST LANCASHIRE HOSPITALS NHS TRUST,C_430,Elderly Medicine Service,128,116,90.60%,6.4,18.6,-,-,-
Y62,RXR,EAST LANCASHIRE HOSPITALS NHS TRUST,C_502,Gynaecology Service,"8,670","3,589",41.40%,22.3,50.9,630,-,53
Y62,RXR,EAST LANCASHIRE HOSPITALS NHS TRUST,X02,Other - Medical Services,"2,802","2,029",72.40%,10.4,49.3,194,-,73
Y62,RXR,EAST LANCASHIRE HOSPITALS NHS TRUST,X03,Other - Mental Health Services,-,-,-,-,-,-,-,-
Y62,RXR,EAST LANCASHIRE HOSPITALS NHS TRUST,X04,Other - Paediatric Services,"3,526","2,072",58.80%,13.8,36.7,26,-,3
Y62,RXR,EAST LANCASHIRE HOSPITALS NHS TRUST,X05,Other - Surgical Services,"5,132","2,545",49.60%,18.2,43.4,99,-,-
Y62,RXR,EAST LANCASHIRE HOSPITALS NHS TRUST,X06,Other - Other Services,103,94,91.30%,4.9,18.8,-,-,-
Y62,RY2,BRIDGEWATER COMMUNITY HEALTHCARE NHS FOUNDATION TRUST,C_100,General Surgery Service,-,-,-,-,-,-,-,-
Y62,RY2,BRIDGEWATER COMMUNITY HEALTHCARE NHS FOUNDATION TRUST,C_101,Urology Service,-,-,-,-,-,-,-,-
Y62,RY2,BRIDGEWATER COMMUNITY HEALTHCARE NHS FOUNDATION TRUST,C_110,Trauma and Orthopaedic Service,-,-,-,-,-,-,-,-
Y62,RY2,BRIDGEWATER COMMUNITY HEALTHCARE NHS FOUNDATION TRUST,C_120,Ear Nose and Throat Service,-,-,-,-,-,-,-,-
Y62,RY2,BRIDGEWATER COMMUNITY HEALTHCARE NHS FOUNDATION TRUST,C_130,Ophthalmology Service,-,-,-,-,-,-,-,-
Y62,RY2,BRIDGEWATER COMMUNITY HEALTHCARE NHS FOUNDATION TRUST,C_140,Oral Surgery Service,-,-,-,-,-,-,-,-
Y62,RY2,BRIDGEWATER COMMUNITY HEALTHCARE NHS FOUNDATION TRUST,C_150,Neurosurgical Service,-,-,-,-,-,-,-,-
Y62,RY2,BRIDGEWATER COMMUNITY HEALTHCARE NHS FOUNDATION TRUST,C_160,Plastic Surgery Service,-,-,-,-,-,-,-,-
Y62,RY2,BRIDGEWATER COMMUNITY HEALTHCARE NHS FOUNDATION TRUST,C_170,Cardiothoracic Surgery Service,-,-,-,-,-,-,-,-
Y62,RY2,BRIDGEWATER COMMUNITY HEALTHCARE NHS FOUNDATION TRUST,C_300,General Internal Medicine Service,-,-,-,-,-,-,-,-
Y62,RY2,BRIDGEWATER COMMUNITY HEALTHCARE NHS FOUNDATION TRUST,C_301,Gastroenterology Service,-,-,-,-,-,-,-,-
Y62,RY2,BRIDGEWATER COMMUNITY HEALTHCARE NHS FOUNDATION TRUST,C_320,Cardiology Service,-,-,-,-,-,-,-,-
Y62,RY2,BRIDGEWATER COMMUNITY HEALTHCARE NHS FOUNDATION TRUST,C_330,Dermatology Service,"1,325","1,101",83.10%,9.8,27.6,-,-,-
Y62,RY2,BRIDGEWATER COMMUNITY HEALTHCARE NHS FOUNDATION TRUST,C_340,Respiratory Medicine Service,-,-,-,-,-,-,-,-
Y62,RY2,BRIDGEWATER COMMUNITY HEALTHCARE NHS FOUNDATION TRUST,C_400,Neurology Service,-,-,-,-,-,-,-,-
Y62,RY2,BRIDGEWATER COMMUNITY HEALTHCARE NHS FOUNDATION TRUST,C_410,Rheumatology Service,-,-,-,-,-,-,-,-
Y62,RY2,BRIDGEWATER COMMUNITY HEALTHCARE NHS FOUNDATION TRUST,C_430,Elderly Medicine Service,-,-,-,-,-,-,-,-
Y62,RY2,BRIDGEWATER COMMUNITY HEALTHCARE NHS FOUNDATION TRUST,C_502,Gynaecology Service,-,-,-,-,-,-,-,-
Y62,RY2,BRIDGEWATER COMMUNITY HEALTHCARE NHS FOUNDATION TRUST,X02,Other - Medical Services,-,-,-,-,-,-,-,-
Y62,RY2,BRIDGEWATER COMMUNITY HEALTHCARE NHS FOUNDATION TRUST,X03,Other - Mental Health Services,-,-,-,-,-,-,-,-
Y62,RY2,BRIDGEWATER COMMUNITY HEALTHCARE NHS FOUNDATION TRUST,X04,Other - Paediatric Services,"1,796",699,38.90%,24.2,42.7,1,-,-
Y62,RY2,BRIDGEWATER COMMUNITY HEALTHCARE NHS FOUNDATION TRUST,X05,Other - Surgical Services,-,-,-,-,-,-,-,-
Y62,RY2,BRIDGEWATER COMMUNITY HEALTHCARE NHS FOUNDATION TRUST,X06,Other - Other Services,196,195,99.50%,3.5,11,-,-,-
Y62,RY7,WIRRAL COMMUNITY HEALTH AND CARE NHS FOUNDATION TRUST,C_100,General Surgery Service,-,-,-,-,-,-,-,-
Y62,RY7,WIRRAL COMMUNITY HEALTH AND CARE NHS FOUNDATION TRUST,C_101,Urology Service,-,-,-,-,-,-,-,-
Y62,RY7,WIRRAL COMMUNITY HEALTH AND CARE NHS FOUNDATION TRUST,C_110,Trauma and Orthopaedic Service,-,-,-,-,-,-,-,-
Y62,RY7,WIRRAL COMMUNITY HEALTH AND CARE NHS FOUNDATION TRUST,C_120,Ear Nose and Throat Service,-,-,-,-,-,-,-,-
Y62,RY7,WIRRAL COMMUNITY HEALTH AND CARE NHS FOUNDATION TRUST,C_130,Ophthalmology Service,64,63,98.40%,6.4,10,-,-,-
Y62,RY7,WIRRAL COMMUNITY HEALTH AND CARE NHS FOUNDATION TRUST,C_140,Oral Surgery Service,-,-,-,-,-,-,-,-
Y62,RY7,WIRRAL COMMUNITY HEALTH AND CARE NHS FOUNDATION TRUST,C_150,Neurosurgical Service,-,-,-,-,-,-,-,-
Y62,RY7,WIRRAL COMMUNITY HEALTH AND CARE NHS FOUNDATION TRUST,C_160,Plastic Surgery Service,-,-,-,-,-,-,-,-
Y62,RY7,WIRRAL COMMUNITY HEALTH AND CARE NHS FOUNDATION TRUST,C_170,Cardiothoracic Surgery Service,-,-,-,-,-,-,-,-
Y62,RY7,WIRRAL COMMUNITY HEALTH AND CARE NHS FOUNDATION TRUST,C_300,General Internal Medicine Service,-,-,-,-,-,-,-,-
Y62,RY7,WIRRAL COMMUNITY HEALTH AND CARE NHS FOUNDATION TRUST,C_301,Gastroenterology Service,-,-,-,-,-,-,-,-
Y62,RY7,WIRRAL COMMUNITY HEALTH AND CARE NHS FOUNDATION TRUST,C_320,Cardiology Service,-,-,-,-,-,-,-,-
Y62,RY7,WIRRAL COMMUNITY HEALTH AND CARE NHS FOUNDATION TRUST,C_330,Dermatology Service,-,-,-,-,-,-,-,-
Y62,RY7,WIRRAL COMMUNITY HEALTH AND CARE NHS FOUNDATION TRUST,C_340,Respiratory Medicine Service,-,-,-,-,-,-,-,-
Y62,RY7,WIRRAL COMMUNITY HEALTH AND CARE NHS FOUNDATION TRUST,C_400,Neurology Service,-,-,-,-,-,-,-,-
Y62,RY7,WIRRAL COMMUNITY HEALTH AND CARE NHS FOUNDATION TRUST,C_410,Rheumatology Service,-,-,-,-,-,-,-,-
Y62,RY7,WIRRAL COMMUNITY HEALTH AND CARE NHS FOUNDATION TRUST,C_430,Elderly Medicine Service,-,-,-,-,-,-,-,-
Y62,RY7,WIRRAL COMMUNITY HEALTH AND CARE NHS FOUNDATION TRUST,C_502,Gynaecology Service,-,-,-,-,-,-,-,-
Y62,RY7,WIRRAL COMMUNITY HEALTH AND CARE NHS FOUNDATION TRUST,X02,Other - Medical Services,-,-,-,-,-,-,-,-
Y62,RY7,WIRRAL COMMUNITY HEALTH AND CARE NHS FOUNDATION TRUST,X03,Other - Mental Health Services,-,-,-,-,-,-,-,-
Y62,RY7,WIRRAL COMMUNITY HEALTH AND CARE NHS FOUNDATION TRUST,X04,Other - Paediatric Services,-,-,-,-,-,-,-,-
Y62,RY7,WIRRAL COMMUNITY HEALTH AND CARE NHS FOUNDATION TRUST,X05,Other - Surgical Services,-,-,-,-,-,-,-,-
Y62,RY7,WIRRAL COMMUNITY HEALTH AND CARE NHS FOUNDATION TRUST,X06,Other - Other Services,-,-,-,-,-,-,-,-
Y63,R0B,SOUTH TYNESIDE AND SUNDERLAND NHS FOUNDATION TRUST,C_100,General Surgery Service,"4,699","3,689",78.50%,9.1,27.4,3,-,-
Y63,R0B,SOUTH TYNESIDE AND SUNDERLAND NHS FOUNDATION TRUST,C_101,Urology Service,"6,154","4,202",68.30%,11.2,36,14,-,1
Y63,R0B,SOUTH TYNESIDE AND SUNDERLAND NHS FOUNDATION TRUST,C_110,Trauma and Orthopaedic Service,"8,590","4,781",55.70%,15.8,46.9,416,-,57
Y63,R0B,SOUTH TYNESIDE AND SUNDERLAND NHS FOUNDATION TRUST,C_120,Ear Nose and Throat Service,"4,584","3,198",69.80%,10.6,33.6,13,-,-
Y63,R0B,SOUTH TYNESIDE AND SUNDERLAND NHS FOUNDATION TRUST,C_130,Ophthalmology Service,"8,467","6,169",72.90%,10.4,28.7,39,3,11
Y63,R0B,SOUTH TYNESIDE AND SUNDERLAND NHS FOUNDATION TRUST,C_140,Oral Surgery Service,"3,691","2,457",66.60%,11.9,31.1,1,-,-
Y63,R0B,SOUTH TYNESIDE AND SUNDERLAND NHS FOUNDATION TRUST,C_150,Neurosurgical Service,-,-,-,-,-,-,-,-
Y63,R0B,SOUTH TYNESIDE AND SUNDERLAND NHS FOUNDATION TRUST,C_160,Plastic Surgery Service,-,-,-,-,-,-,-,-
Y63,R0B,SOUTH TYNESIDE AND SUNDERLAND NHS FOUNDATION TRUST,C_170,Cardiothoracic Surgery Service,-,-,-,-,-,-,-,-
Y63,R0B,SOUTH TYNESIDE AND SUNDERLAND NHS FOUNDATION TRUST,C_300,General Internal Medicine Service,-,-,-,-,-,-,-,-
Y63,R0B,SOUTH TYNESIDE AND SUNDERLAND NHS FOUNDATION TRUST,C_301,Gastroenterology Service,"1,289","1,144",88.80%,6.4,19.9,-,-,-
Y63,R0B,SOUTH TYNESIDE AND SUNDERLAND NHS FOUNDATION TRUST,C_320,Cardiology Service,"1,948","1,719",88.20%,7.6,20.5,-,-,-
Y63,R0B,SOUTH TYNESIDE AND SUNDERLAND NHS FOUNDATION TRUST,C_330,Dermatology Service,"1,336","1,108",82.90%,10.1,24.3,1,-,-
Y63,R0B,SOUTH TYNESIDE AND SUNDERLAND NHS FOUNDATION TRUST,C_340,Respiratory Medicine Service,"2,540","1,753",69.00%,11.5,31.7,-,-,-
Y63,R0B,SOUTH TYNESIDE AND SUNDERLAND NHS FOUNDATION TRUST,C_400,Neurology Service,"1,103",986,89.40%,7,20.3,-,-,-
Y63,R0B,SOUTH TYNESIDE AND SUNDERLAND NHS FOUNDATION TRUST,C_410,Rheumatology Service,931,785,84.30%,7.6,22.8,-,-,-
Y63,R0B,SOUTH TYNESIDE AND SUNDERLAND NHS FOUNDATION TRUST,C_430,Elderly Medicine Service,843,692,82.10%,7.6,26.7,-,-,-
Y63,R0B,SOUTH TYNESIDE AND SUNDERLAND NHS FOUNDATION TRUST,C_502,Gynaecology Service,"2,887","2,314",80.20%,9,27,1,-,-
Y63,R0B,SOUTH TYNESIDE AND SUNDERLAND NHS FOUNDATION TRUST,X02,Other - Medical Services,"1,572","1,360",86.50%,7.3,22.2,-,-,-
Y63,R0B,SOUTH TYNESIDE AND SUNDERLAND NHS FOUNDATION TRUST,X03,Other - Mental Health Services,-,-,-,-,-,-,-,-
Y63,R0B,SOUTH TYNESIDE AND SUNDERLAND NHS FOUNDATION TRUST,X04,Other - Paediatric Services,"2,220","1,563",70.40%,9.7,33.3,-,-,-
Y63,R0B,SOUTH TYNESIDE AND SUNDERLAND NHS FOUNDATION TRUST,X05,Other - Surgical Services,136,63,46.30%,22,38.8,-,-,-
Y63,R0B,SOUTH TYNESIDE AND SUNDERLAND NHS FOUNDATION TRUST,X06,Other - Other Services,"7,551","6,588",87.20%,9.5,20.5,-,-,-
Y63,RAE,BRADFORD TEACHING HOSPITALS NHS FOUNDATION TRUST,C_100,General Surgery Service,"1,309",646,49.40%,18.3,47.1,62,-,5
Y63,RAE,BRADFORD TEACHING HOSPITALS NHS FOUNDATION TRUST,C_101,Urology Service,"1,940","1,397",72.00%,10.3,31.5,6,-,1
Y63,RAE,BRADFORD TEACHING HOSPITALS NHS FOUNDATION TRUST,C_110,Trauma and Orthopaedic Service,"1,997",924,46.30%,20.9,54.7,192,-,41
Y63,RAE,BRADFORD TEACHING HOSPITALS NHS FOUNDATION TRUST,C_120,Ear Nose and Throat Service,"3,945","2,051",52.00%,16.9,41.5,40,1,3
Y63,RAE,BRADFORD TEACHING HOSPITALS NHS FOUNDATION TRUST,C_130,Ophthalmology Service,"2,921","2,178",74.60%,9.8,30.6,-,-,-
Y63,RAE,BRADFORD TEACHING HOSPITALS NHS FOUNDATION TRUST,C_140,Oral Surgery Service,"1,691",902,53.30%,16.3,38.1,22,-,5
Y63,RAE,BRADFORD TEACHING HOSPITALS NHS FOUNDATION TRUST,C_150,Neurosurgical Service,-,-,-,-,-,-,-,-
Y63,RAE,BRADFORD TEACHING HOSPITALS NHS FOUNDATION TRUST,C_160,Plastic Surgery Service,710,497,70.00%,11.6,32.7,9,-,-
Y63,RAE,BRADFORD TEACHING HOSPITALS NHS FOUNDATION TRUST,C_170,Cardiothoracic Surgery Service,-,-,-,-,-,-,-,-
Y63,RAE,BRADFORD TEACHING HOSPITALS NHS FOUNDATION TRUST,C_300,General Internal Medicine Service,41,34,82.90%,3.8,22.9,-,-,-
Y63,RAE,BRADFORD TEACHING HOSPITALS NHS FOUNDATION TRUST,C_301,Gastroenterology Service,"1,244",978,78.60%,8.7,29.6,4,-,-
Y63,RAE,BRADFORD TEACHING HOSPITALS NHS FOUNDATION TRUST,C_320,Cardiology Service,"1,512","1,091",72.20%,11,30,2,-,-
Y63,RAE,BRADFORD TEACHING HOSPITALS NHS FOUNDATION TRUST,C_330,Dermatology Service,"1,510","1,213",80.30%,8.1,26,-,-,-
Y63,RAE,BRADFORD TEACHING HOSPITALS NHS FOUNDATION TRUST,C_340,Respiratory Medicine Service,951,674,70.90%,10.8,33.8,-,-,-
Y63,RAE,BRADFORD TEACHING HOSPITALS NHS FOUNDATION TRUST,C_400,Neurology Service,992,555,55.90%,16.1,29.6,-,-,-
Y63,RAE,BRADFORD TEACHING HOSPITALS NHS FOUNDATION TRUST,C_410,Rheumatology Service,348,313,89.90%,4.9,20.1,-,-,-
Y63,RAE,BRADFORD TEACHING HOSPITALS NHS FOUNDATION TRUST,C_430,Elderly Medicine Service,80,73,91.30%,4.5,18.3,-,-,-
Y63,RAE,BRADFORD TEACHING HOSPITALS NHS FOUNDATION TRUST,C_502,Gynaecology Service,"3,316","2,152",64.90%,12.5,35.6,34,-,5
Y63,RAE,BRADFORD TEACHING HOSPITALS NHS FOUNDATION TRUST,X02,Other - Medical Services,"3,267","2,444",74.80%,9.8,26.9,1,-,-
Y63,RAE,BRADFORD TEACHING HOSPITALS NHS FOUNDATION TRUST,X03,Other - Mental Health Services,-,-,-,-,-,-,-,-
Y63,RAE,BRADFORD TEACHING HOSPITALS NHS FOUNDATION TRUST,X04,Other - Paediatric Services,"2,488","1,314",52.80%,16.3,39.9,2,-,-
Y63,RAE,BRADFORD TEACHING HOSPITALS NHS FOUNDATION TRUST,X05,Other - Surgical Services,"3,387","2,166",64.00%,11.9,37.8,54,-,3
Y63,RAE,BRADFORD TEACHING HOSPITALS NHS FOUNDATION TRUST,X06,Other - Other Services,447,425,95.10%,5.2,15.7,1,-,-
Y63,RCB,YORK AND SCARBOROUGH TEACHING HOSPITALS NHS FOUNDATION TRUST,C_100,General Surgery Service,"6,321","3,006",47.60%,19.6,54.2,584,2,147
Y63,RCB,YORK AND SCARBOROUGH TEACHING HOSPITALS NHS FOUNDATION TRUST,C_101,Urology Service,"3,743","1,849",49.40%,18.6,50.6,276,-,65
Y63,RCB,YORK AND SCARBOROUGH TEACHING HOSPITALS NHS FOUNDATION TRUST,C_110,Trauma and Orthopaedic Service,"3,876","2,077",53.60%,16.2,46.9,224,-,64
Y63,RCB,YORK AND SCARBOROUGH TEACHING HOSPITALS NHS FOUNDATION TRUST,C_120,Ear Nose and Throat Service,"6,250","2,679",42.90%,21.5,48.6,366,3,81
Y63,RCB,YORK AND SCARBOROUGH TEACHING HOSPITALS NHS FOUNDATION TRUST,C_130,Ophthalmology Service,"6,002","3,276",54.60%,15.8,41.3,154,-,45
Y63,RCB,YORK AND SCARBOROUGH TEACHING HOSPITALS NHS FOUNDATION TRUST,C_140,Oral Surgery Service,"2,537",995,39.20%,25,58,297,1,84
Y63,RCB,YORK AND SCARBOROUGH TEACHING HOSPITALS NHS FOUNDATION TRUST,C_150,Neurosurgical Service,-,-,-,-,-,-,-,-
Y63,RCB,YORK AND SCARBOROUGH TEACHING HOSPITALS NHS FOUNDATION TRUST,C_160,Plastic Surgery Service,223,155,69.50%,10.2,36.2,4,-,1
Y63,RCB,YORK AND SCARBOROUGH TEACHING HOSPITALS NHS FOUNDATION TRUST,C_170,Cardiothoracic Surgery Service,-,-,-,-,-,-,-,-
Y63,RCB,YORK AND SCARBOROUGH TEACHING HOSPITALS NHS FOUNDATION TRUST,C_300,General Internal Medicine Service,-,-,-,-,-,-,-,-
Y63,RCB,YORK AND SCARBOROUGH TEACHING HOSPITALS NHS FOUNDATION TRUST,C_301,Gastroenterology Service,"2,191","1,061",48.40%,19.1,47.6,126,-,39
Y63,RCB,YORK AND SCARBOROUGH TEACHING HOSPITALS NHS FOUNDATION TRUST,C_320,Cardiology Service,"2,048",988,48.20%,19.1,45,54,-,9
Y63,RCB,YORK AND SCARBOROUGH TEACHING HOSPITALS NHS FOUNDATION TRUST,C_330,Dermatology Service,"3,491","1,520",43.50%,21.2,44.5,87,1,8
Y63,RCB,YORK AND SCARBOROUGH TEACHING HOSPITALS NHS FOUNDATION TRUST,C_340,Respiratory Medicine Service,"1,662",959,57.70%,14.9,35.1,16,-,2
Y63,RCB,YORK AND SCARBOROUGH TEACHING HOSPITALS NHS FOUNDATION TRUST,C_400,Neurology Service,"1,678",677,40.30%,23.5,55.1,183,1,23
Y63,RCB,YORK AND SCARBOROUGH TEACHING HOSPITALS NHS FOUNDATION TRUST,C_410,Rheumatology Service,686,459,66.90%,11.8,36.2,12,-,1
Y63,RCB,YORK AND SCARBOROUGH TEACHING HOSPITALS NHS FOUNDATION TRUST,C_430,Elderly Medicine Service,204,184,90.20%,6,19.7,-,-,-
Y63,RCB,YORK AND SCARBOROUGH TEACHING HOSPITALS NHS FOUNDATION TRUST,C_502,Gynaecology Service,"3,222","1,283",39.80%,23.3,55,323,2,38
Y63,RCB,YORK AND SCARBOROUGH TEACHING HOSPITALS NHS FOUNDATION TRUST,X02,Other - Medical Services,"2,514","1,331",52.90%,16.4,46.7,95,-,12
Y63,RCB,YORK AND SCARBOROUGH TEACHING HOSPITALS NHS FOUNDATION TRUST,X03,Other - Mental Health Services,-,-,-,-,-,-,-,-
Y63,RCB,YORK AND SCARBOROUGH TEACHING HOSPITALS NHS FOUNDATION TRUST,X04,Other - Paediatric Services,"1,156",899,77.80%,9.7,25.2,2,-,-
Y63,RCB,YORK AND SCARBOROUGH TEACHING HOSPITALS NHS FOUNDATION TRUST,X05,Other - Surgical Services,302,218,72.20%,9,40.5,4,-,2
Y63,RCB,YORK AND SCARBOROUGH TEACHING HOSPITALS NHS FOUNDATION TRUST,X06,Other - Other Services,99,81,81.80%,11.6,23,-,-,-
Y63,RCD,HARROGATE AND DISTRICT NHS FOUNDATION TRUST,C_100,General Surgery Service,"2,275","1,396",61.40%,13.4,41.3,41,-,4
Y63,RCD,HARROGATE AND DISTRICT NHS FOUNDATION TRUST,C_101,Urology Service,"1,249",833,66.70%,11.5,44.6,49,-,11
Y63,RCD,HARROGATE AND DISTRICT NHS FOUNDATION TRUST,C_110,Trauma and Orthopaedic Service,"3,468","1,788",51.60%,17,50.6,252,-,70
Y63,RCD,HARROGATE AND DISTRICT NHS FOUNDATION TRUST,C_120,Ear Nose and Throat Service,"2,236","1,496",66.90%,12.5,38.5,20,-,2
Y63,RCD,HARROGATE AND DISTRICT NHS FOUNDATION TRUST,C_130,Ophthalmology Service,"1,797","1,100",61.20%,13.3,38,22,-,-
Y63,RCD,HARROGATE AND DISTRICT NHS FOUNDATION TRUST,C_140,Oral Surgery Service,807,527,65.30%,12.2,46.1,39,-,10
Y63,RCD,HARROGATE AND DISTRICT NHS FOUNDATION TRUST,C_150,Neurosurgical Service,-,-,-,-,-,-,-,-
Y63,RCD,HARROGATE AND DISTRICT NHS FOUNDATION TRUST,C_160,Plastic Surgery Service,-,-,-,-,-,-,-,-
Y63,RCD,HARROGATE AND DISTRICT NHS FOUNDATION TRUST,C_170,Cardiothoracic Surgery Service,-,-,-,-,-,-,-,-
Y63,RCD,HARROGATE AND DISTRICT NHS FOUNDATION TRUST,C_300,General Internal Medicine Service,20,20,100.00%,5.2,8.4,-,-,-
Y63,RCD,HARROGATE AND DISTRICT NHS FOUNDATION TRUST,C_301,Gastroenterology Service,912,490,53.70%,15.7,41.3,16,-,5
Y63,RCD,HARROGATE AND DISTRICT NHS FOUNDATION TRUST,C_320,Cardiology Service,"1,271",933,73.40%,10,27.9,-,-,-
Y63,RCD,HARROGATE AND DISTRICT NHS FOUNDATION TRUST,C_330,Dermatology Service,"1,693","1,416",83.60%,8.4,21.5,1,-,-
Y63,RCD,HARROGATE AND DISTRICT NHS FOUNDATION TRUST,C_340,Respiratory Medicine Service,553,357,64.60%,12.7,33.9,1,-,-
Y63,RCD,HARROGATE AND DISTRICT NHS FOUNDATION TRUST,C_400,Neurology Service,"1,004",491,48.90%,18.5,42.1,2,-,-
Y63,RCD,HARROGATE AND DISTRICT NHS FOUNDATION TRUST,C_410,Rheumatology Service,333,283,85.00%,8,23.2,1,-,-
Y63,RCD,HARROGATE AND DISTRICT NHS FOUNDATION TRUST,C_430,Elderly Medicine Service,60,37,61.70%,14.3,27.1,-,-,-
Y63,RCD,HARROGATE AND DISTRICT NHS FOUNDATION TRUST,C_502,Gynaecology Service,"2,014","1,253",62.20%,13.4,43.7,85,-,20
Y63,RCD,HARROGATE AND DISTRICT NHS FOUNDATION TRUST,X02,Other - Medical Services,982,702,71.50%,10.3,31,-,-,-
Y63,RCD,HARROGATE AND DISTRICT NHS FOUNDATION TRUST,X03,Other - Mental Health Services,-,-,-,-,-,-,-,-
Y63,RCD,HARROGATE AND DISTRICT NHS FOUNDATION TRUST,X04,Other - Paediatric Services,846,569,67.30%,11,32.7,-,-,-
Y63,RCD,HARROGATE AND DISTRICT NHS FOUNDATION TRUST,X05,Other - Surgical Services,762,580,76.10%,7.1,32,15,-,5
Y63,RCD,HARROGATE AND DISTRICT NHS FOUNDATION TRUST,X06,Other - Other Services,112,40,35.70%,23,56,11,-,2
Y63,RCF,AIREDALE NHS FOUNDATION TRUST,C_100,General Surgery Service,"2,194","1,158",52.80%,16.4,49.7,148,-,26
Y63,RCF,AIREDALE NHS FOUNDATION TRUST,C_101,Urology Service,"1,202",774,64.40%,11.3,57.2,121,4,36
Y63,RCF,AIREDALE NHS FOUNDATION TRUST,C_110,Trauma and Orthopaedic Service,"1,759",832,47.30%,19.5,61.4,237,3,93
Y63,RCF,AIREDALE NHS FOUNDATION TRUST,C_120,Ear Nose and Throat Service,"1,219",732,60.00%,13.9,31,1,-,-
Y63,RCF,AIREDALE NHS FOUNDATION TRUST,C_130,Ophthalmology Service,677,600,88.60%,6.2,21.6,2,-,-
Y63,RCF,AIREDALE NHS FOUNDATION TRUST,C_140,Oral Surgery Service,272,226,83.10%,7.4,28.1,-,-,-
Y63,RCF,AIREDALE NHS FOUNDATION TRUST,C_150,Neurosurgical Service,-,-,-,-,-,-,-,-
Y63,RCF,AIREDALE NHS FOUNDATION TRUST,C_160,Plastic Surgery Service,176,100,56.80%,14.5,36,-,-,-
Y63,RCF,AIREDALE NHS FOUNDATION TRUST,C_170,Cardiothoracic Surgery Service,-,-,-,-,-,-,-,-
Y63,RCF,AIREDALE NHS FOUNDATION TRUST,C_300,General Internal Medicine Service,11,10,90.90%,-,-,-,-,-
Y63,RCF,AIREDALE NHS FOUNDATION TRUST,C_301,Gastroenterology Service,656,375,57.20%,13.6,48.5,35,-,20
Y63,RCF,AIREDALE NHS FOUNDATION TRUST,C_320,Cardiology Service,942,738,78.30%,8.3,27.3,5,-,-
Y63,RCF,AIREDALE NHS FOUNDATION TRUST,C_330,Dermatology Service,123,106,86.20%,8,25.1,-,-,-
Y63,RCF,AIREDALE NHS FOUNDATION TRUST,C_340,Respiratory Medicine Service,714,468,65.50%,11.9,37.3,10,-,-
Y63,RCF,AIREDALE NHS FOUNDATION TRUST,C_400,Neurology Service,827,512,61.90%,13.4,31.6,10,-,3
Y63,RCF,AIREDALE NHS FOUNDATION TRUST,C_410,Rheumatology Service,220,201,91.40%,7.1,18.4,-,-,-
Y63,RCF,AIREDALE NHS FOUNDATION TRUST,C_430,Elderly Medicine Service,32,26,81.30%,7.7,24.4,-,-,-
Y63,RCF,AIREDALE NHS FOUNDATION TRUST,C_502,Gynaecology Service,"2,024",909,44.90%,20.1,45.8,87,-,22
Y63,RCF,AIREDALE NHS FOUNDATION TRUST,X02,Other - Medical Services,791,573,72.40%,9.2,34,-,-,-
Y63,RCF,AIREDALE NHS FOUNDATION TRUST,X03,Other - Mental Health Services,-,-,-,-,-,-,-,-
Y63,RCF,AIREDALE NHS FOUNDATION TRUST,X04,Other - Paediatric Services,"1,120",513,45.80%,21,50.5,80,-,5
Y63,RCF,AIREDALE NHS FOUNDATION TRUST,X05,Other - Surgical Services,73,36,49.30%,18.5,36.6,-,-,-
Y63,RCF,AIREDALE NHS FOUNDATION TRUST,X06,Other - Other Services,3,3,100.00%,-,-,-,-,-
Y63,RCU,SHEFFIELD CHILDREN'S NHS FOUNDATION TRUST,C_100,General Surgery Service,-,-,-,-,-,-,-,-
Y63,RCU,SHEFFIELD CHILDREN'S NHS FOUNDATION TRUST,C_101,Urology Service,-,-,-,-,-,-,-,-
Y63,RCU,SHEFFIELD CHILDREN'S NHS FOUNDATION TRUST,C_110,Trauma and Orthopaedic Service,-,-,-,-,-,-,-,-
Y63,RCU,SHEFFIELD CHILDREN'S NHS FOUNDATION TRUST,C_120,Ear Nose and Throat Service,-,-,-,-,-,-,-,-
Y63,RCU,SHEFFIELD CHILDREN'S NHS FOUNDATION TRUST,C_130,Ophthalmology Service,-,-,-,-,-,-,-,-
Y63,RCU,SHEFFIELD CHILDREN'S NHS FOUNDATION TRUST,C_140,Oral Surgery Service,199,53,26.60%,36.8,62.7,48,-,13
Y63,RCU,SHEFFIELD CHILDREN'S NHS FOUNDATION TRUST,C_150,Neurosurgical Service,-,-,-,-,-,-,-,-
Y63,RCU,SHEFFIELD CHILDREN'S NHS FOUNDATION TRUST,C_160,Plastic Surgery Service,-,-,-,-,-,-,-,-
Y63,RCU,SHEFFIELD CHILDREN'S NHS FOUNDATION TRUST,C_170,Cardiothoracic Surgery Service,-,-,-,-,-,-,-,-
Y63,RCU,SHEFFIELD CHILDREN'S NHS FOUNDATION TRUST,C_300,General Internal Medicine Service,-,-,-,-,-,-,-,-
Y63,RCU,SHEFFIELD CHILDREN'S NHS FOUNDATION TRUST,C_301,Gastroenterology Service,-,-,-,-,-,-,-,-
Y63,RCU,SHEFFIELD CHILDREN'S NHS FOUNDATION TRUST,C_320,Cardiology Service,-,-,-,-,-,-,-,-
Y63,RCU,SHEFFIELD CHILDREN'S NHS FOUNDATION TRUST,C_330,Dermatology Service,-,-,-,-,-,-,-,-
Y63,RCU,SHEFFIELD CHILDREN'S NHS FOUNDATION TRUST,C_340,Respiratory Medicine Service,-,-,-,-,-,-,-,-
Y63,RCU,SHEFFIELD CHILDREN'S NHS FOUNDATION TRUST,C_400,Neurology Service,-,-,-,-,-,-,-,-
Y63,RCU,SHEFFIELD CHILDREN'S NHS FOUNDATION TRUST,C_410,Rheumatology Service,-,-,-,-,-,-,-,-
Y63,RCU,SHEFFIELD CHILDREN'S NHS FOUNDATION TRUST,C_430,Elderly Medicine Service,-,-,-,-,-,-,-,-
Y63,RCU,SHEFFIELD CHILDREN'S NHS FOUNDATION TRUST,C_502,Gynaecology Service,-,-,-,-,-,-,-,-
Y63,RCU,SHEFFIELD CHILDREN'S NHS FOUNDATION TRUST,X02,Other - Medical Services,-,-,-,-,-,-,-,-
Y63,RCU,SHEFFIELD CHILDREN'S NHS FOUNDATION TRUST,X03,Other - Mental Health Services,-,-,-,-,-,-,-,-
Y63,RCU,SHEFFIELD CHILDREN'S NHS FOUNDATION TRUST,X04,Other - Paediatric Services,"16,953","9,312",54.90%,15.1,49.8,"1,196",131,433
Y63,RCU,SHEFFIELD CHILDREN'S NHS FOUNDATION TRUST,X05,Other - Surgical Services,-,-,-,-,-,-,-,-
Y63,RCU,SHEFFIELD CHILDREN'S NHS FOUNDATION TRUST,X06,Other - Other Services,-,-,-,-,-,-,-,-
Y63,RFF,BARNSLEY HOSPITAL NHS FOUNDATION TRUST,C_100,General Surgery Service,"1,875","1,370",73.10%,8.6,31.8,5,-,-
Y63,RFF,BARNSLEY HOSPITAL NHS FOUNDATION TRUST,C_101,Urology Service,921,702,76.20%,8.7,30.9,1,-,-
Y63,RFF,BARNSLEY HOSPITAL NHS FOUNDATION TRUST,C_110,Trauma and Orthopaedic Service,"2,616","1,378",52.70%,16.7,45,114,1,16
Y63,RFF,BARNSLEY HOSPITAL NHS FOUNDATION TRUST,C_120,Ear Nose and Throat Service,"2,894","2,008",69.40%,12.3,29.2,2,-,-
Y63,RFF,BARNSLEY HOSPITAL NHS FOUNDATION TRUST,C_130,Ophthalmology Service,"2,006","1,643",81.90%,7.5,25.2,1,-,-
Y63,RFF,BARNSLEY HOSPITAL NHS FOUNDATION TRUST,C_140,Oral Surgery Service,"2,093","1,166",55.70%,15.1,47.2,114,-,17
Y63,RFF,BARNSLEY HOSPITAL NHS FOUNDATION TRUST,C_150,Neurosurgical Service,-,-,-,-,-,-,-,-
Y63,RFF,BARNSLEY HOSPITAL NHS FOUNDATION TRUST,C_160,Plastic Surgery Service,-,-,-,-,-,-,-,-
Y63,RFF,BARNSLEY HOSPITAL NHS FOUNDATION TRUST,C_170,Cardiothoracic Surgery Service,-,-,-,-,-,-,-,-
Y63,RFF,BARNSLEY HOSPITAL NHS FOUNDATION TRUST,C_300,General Internal Medicine Service,4,4,100.00%,-,-,-,-,-
Y63,RFF,BARNSLEY HOSPITAL NHS FOUNDATION TRUST,C_301,Gastroenterology Service,983,928,94.40%,6.3,16,-,-,-
Y63,RFF,BARNSLEY HOSPITAL NHS FOUNDATION TRUST,C_320,Cardiology Service,800,741,92.60%,6.9,17.4,-,-,-
Y63,RFF,BARNSLEY HOSPITAL NHS FOUNDATION TRUST,C_330,Dermatology Service,"2,093","1,190",56.90%,14.8,34.9,-,-,-
Y63,RFF,BARNSLEY HOSPITAL NHS FOUNDATION TRUST,C_340,Respiratory Medicine Service,"1,029",621,60.30%,11.8,40.3,1,-,-
Y63,RFF,BARNSLEY HOSPITAL NHS FOUNDATION TRUST,C_400,Neurology Service,-,-,-,-,-,-,-,-
Y63,RFF,BARNSLEY HOSPITAL NHS FOUNDATION TRUST,C_410,Rheumatology Service,201,184,91.50%,6.2,18.3,-,-,-
Y63,RFF,BARNSLEY HOSPITAL NHS FOUNDATION TRUST,C_430,Elderly Medicine Service,117,114,97.40%,4.9,12.4,-,-,-
Y63,RFF,BARNSLEY HOSPITAL NHS FOUNDATION TRUST,C_502,Gynaecology Service,"2,328","1,304",56.00%,15.5,39.3,17,-,-
Y63,RFF,BARNSLEY HOSPITAL NHS FOUNDATION TRUST,X02,Other - Medical Services,681,593,87.10%,8.6,21.3,-,-,-
Y63,RFF,BARNSLEY HOSPITAL NHS FOUNDATION TRUST,X03,Other - Mental Health Services,-,-,-,-,-,-,-,-
Y63,RFF,BARNSLEY HOSPITAL NHS FOUNDATION TRUST,X04,Other - Paediatric Services,753,613,81.40%,9.5,22.5,-,-,-
Y63,RFF,BARNSLEY HOSPITAL NHS FOUNDATION TRUST,X05,Other - Surgical Services,-,-,-,-,-,-,-,-
Y63,RFF,BARNSLEY HOSPITAL NHS FOUNDATION TRUST,X06,Other - Other Services,296,133,44.90%,21.3,51.8,23,-,3
Y63,RFR,THE ROTHERHAM NHS FOUNDATION TRUST,C_100,General Surgery Service,"1,526",858,56.20%,15.3,43.7,38,-,1
Y63,RFR,THE ROTHERHAM NHS FOUNDATION TRUST,C_101,Urology Service,"1,738","1,239",71.30%,10.4,32.6,12,-,1
Y63,RFR,THE ROTHERHAM NHS FOUNDATION TRUST,C_110,Trauma and Orthopaedic Service,"4,431","2,206",49.80%,18.1,47.9,226,-,29
Y63,RFR,THE ROTHERHAM NHS FOUNDATION TRUST,C_120,Ear Nose and Throat Service,"3,751","1,893",50.50%,17.7,39.3,7,-,-
Y63,RFR,THE ROTHERHAM NHS FOUNDATION TRUST,C_130,Ophthalmology Service,"2,130","1,495",70.20%,11,36.6,31,3,8
Y63,RFR,THE ROTHERHAM NHS FOUNDATION TRUST,C_140,Oral Surgery Service,"3,528","1,640",46.50%,19.7,47.6,149,-,4
Y63,RFR,THE ROTHERHAM NHS FOUNDATION TRUST,C_150,Neurosurgical Service,-,-,-,-,-,-,-,-
Y63,RFR,THE ROTHERHAM NHS FOUNDATION TRUST,C_160,Plastic Surgery Service,-,-,-,-,-,-,-,-
Y63,RFR,THE ROTHERHAM NHS FOUNDATION TRUST,C_170,Cardiothoracic Surgery Service,-,-,-,-,-,-,-,-
Y63,RFR,THE ROTHERHAM NHS FOUNDATION TRUST,C_300,General Internal Medicine Service,13,12,92.30%,-,-,-,-,-
Y63,RFR,THE ROTHERHAM NHS FOUNDATION TRUST,C_301,Gastroenterology Service,"1,005",759,75.50%,11.3,23.8,1,-,-
Y63,RFR,THE ROTHERHAM NHS FOUNDATION TRUST,C_320,Cardiology Service,"1,636",977,59.70%,13.5,36.7,-,-,-
Y63,RFR,THE ROTHERHAM NHS FOUNDATION TRUST,C_330,Dermatology Service,"2,205","1,325",60.10%,14.3,31.4,2,-,-
Y63,RFR,THE ROTHERHAM NHS FOUNDATION TRUST,C_340,Respiratory Medicine Service,938,857,91.40%,8,18.5,-,-,-
Y63,RFR,THE ROTHERHAM NHS FOUNDATION TRUST,C_400,Neurology Service,-,-,-,-,-,-,-,-
Y63,RFR,THE ROTHERHAM NHS FOUNDATION TRUST,C_410,Rheumatology Service,666,563,84.50%,6.9,20.1,-,-,-
Y63,RFR,THE ROTHERHAM NHS FOUNDATION TRUST,C_430,Elderly Medicine Service,119,109,91.60%,7.1,18.5,-,-,-
Y63,RFR,THE ROTHERHAM NHS FOUNDATION TRUST,C_502,Gynaecology Service,"3,538","1,952",55.20%,15.5,49.1,229,1,45
Y63,RFR,THE ROTHERHAM NHS FOUNDATION TRUST,X02,Other - Medical Services,718,528,73.50%,10.6,27.8,-,-,-
Y63,RFR,THE ROTHERHAM NHS FOUNDATION TRUST,X03,Other - Mental Health Services,-,-,-,-,-,-,-,-
Y63,RFR,THE ROTHERHAM NHS FOUNDATION TRUST,X04,Other - Paediatric Services,806,700,86.80%,7.6,22.7,-,-,-
Y63,RFR,THE ROTHERHAM NHS FOUNDATION TRUST,X05,Other - Surgical Services,"1,896","1,386",73.10%,8.7,35.8,18,-,2
Y63,RFR,THE ROTHERHAM NHS FOUNDATION TRUST,X06,Other - Other Services,-,-,-,-,-,-,-,-
Y63,RHQ,SHEFFIELD TEACHING HOSPITALS NHS FOUNDATION TRUST,C_100,General Surgery Service,"1,403",706,50.30%,17.8,50.2,101,-,41
Y63,RHQ,SHEFFIELD TEACHING HOSPITALS NHS FOUNDATION TRUST,C_101,Urology Service,"5,743","2,874",50.00%,18,48.9,334,-,55
Y63,RHQ,SHEFFIELD TEACHING HOSPITALS NHS FOUNDATION TRUST,C_110,Trauma and Orthopaedic Service,"7,613","4,350",57.10%,15,40.7,224,1,49
Y63,RHQ,SHEFFIELD TEACHING HOSPITALS NHS FOUNDATION TRUST,C_120,Ear Nose and Throat Service,"5,070","2,697",53.20%,16.4,41.7,99,-,15
Y63,RHQ,SHEFFIELD TEACHING HOSPITALS NHS FOUNDATION TRUST,C_130,Ophthalmology Service,"5,160","3,740",72.50%,10.1,31.1,91,18,52
Y63,RHQ,SHEFFIELD TEACHING HOSPITALS NHS FOUNDATION TRUST,C_140,Oral Surgery Service,"5,340","2,640",49.40%,18.2,41.3,36,-,1
Y63,RHQ,SHEFFIELD TEACHING HOSPITALS NHS FOUNDATION TRUST,C_150,Neurosurgical Service,"3,244","1,335",41.20%,24.5,65.2,658,8,266
Y63,RHQ,SHEFFIELD TEACHING HOSPITALS NHS FOUNDATION TRUST,C_160,Plastic Surgery Service,"3,021","1,396",46.20%,20.1,53.1,246,1,33
Y63,RHQ,SHEFFIELD TEACHING HOSPITALS NHS FOUNDATION TRUST,C_170,Cardiothoracic Surgery Service,500,394,78.80%,7.8,27.8,1,-,-
Y63,RHQ,SHEFFIELD TEACHING HOSPITALS NHS FOUNDATION TRUST,C_300,General Internal Medicine Service,20,20,100.00%,6,10.9,-,-,-
Y63,RHQ,SHEFFIELD TEACHING HOSPITALS NHS FOUNDATION TRUST,C_301,Gastroenterology Service,"3,892","2,965",76.20%,9.5,29,4,-,-
Y63,RHQ,SHEFFIELD TEACHING HOSPITALS NHS FOUNDATION TRUST,C_320,Cardiology Service,"4,971","3,151",63.40%,12.9,34.5,36,-,1
Y63,RHQ,SHEFFIELD TEACHING HOSPITALS NHS FOUNDATION TRUST,C_330,Dermatology Service,"4,324","3,009",69.60%,10.5,33.9,9,-,1
Y63,RHQ,SHEFFIELD TEACHING HOSPITALS NHS FOUNDATION TRUST,C_340,Respiratory Medicine Service,"1,769","1,450",82.00%,7.8,24.6,-,-,-
Y63,RHQ,SHEFFIELD TEACHING HOSPITALS NHS FOUNDATION TRUST,C_400,Neurology Service,"9,668","4,638",48.00%,19.7,54.3,910,1,142
Y63,RHQ,SHEFFIELD TEACHING HOSPITALS NHS FOUNDATION TRUST,C_410,Rheumatology Service,981,849,86.50%,8.4,22.8,1,-,1
Y63,RHQ,SHEFFIELD TEACHING HOSPITALS NHS FOUNDATION TRUST,C_430,Elderly Medicine Service,103,88,85.40%,7.2,28.2,-,-,-
Y63,RHQ,SHEFFIELD TEACHING HOSPITALS NHS FOUNDATION TRUST,C_502,Gynaecology Service,"6,121","3,463",56.60%,14.9,41.1,79,-,6
Y63,RHQ,SHEFFIELD TEACHING HOSPITALS NHS FOUNDATION TRUST,X02,Other - Medical Services,"10,516","7,469",71.00%,9.9,32.5,91,2,22
Y63,RHQ,SHEFFIELD TEACHING HOSPITALS NHS FOUNDATION TRUST,X03,Other - Mental Health Services,-,-,-,-,-,-,-,-
Y63,RHQ,SHEFFIELD TEACHING HOSPITALS NHS FOUNDATION TRUST,X04,Other - Paediatric Services,-,-,-,-,-,-,-,-
Y63,RHQ,SHEFFIELD TEACHING HOSPITALS NHS FOUNDATION TRUST,X05,Other - Surgical Services,"9,186","6,244",68.00%,10.3,39.7,258,-,74
Y63,RHQ,SHEFFIELD TEACHING HOSPITALS NHS FOUNDATION TRUST,X06,Other - Other Services,"3,546","3,236",91.30%,5.3,18.7,4,-,-
Y63,RJL,NORTHERN LINCOLNSHIRE AND GOOLE NHS FOUNDATION TRUST,C_100,General Surgery Service,"4,497","3,023",67.20%,11.1,35.3,20,-,1
Y63,RJL,NORTHERN LINCOLNSHIRE AND GOOLE NHS FOUNDATION TRUST,C_101,Urology Service,"3,401","2,256",66.30%,11.9,35.6,23,-,2
Y63,RJL,NORTHERN LINCOLNSHIRE AND GOOLE NHS FOUNDATION TRUST,C_110,Trauma and Orthopaedic Service,"3,921","2,032",51.80%,16.9,46.8,163,3,23
Y63,RJL,NORTHERN LINCOLNSHIRE AND GOOLE NHS FOUNDATION TRUST,C_120,Ear Nose and Throat Service,"6,075","3,173",52.20%,16.6,43.4,140,1,10
Y63,RJL,NORTHERN LINCOLNSHIRE AND GOOLE NHS FOUNDATION TRUST,C_130,Ophthalmology Service,"3,501","2,654",75.80%,9.3,29.4,6,-,1
Y63,RJL,NORTHERN LINCOLNSHIRE AND GOOLE NHS FOUNDATION TRUST,C_140,Oral Surgery Service,"2,177","1,074",49.30%,18.5,46.5,68,-,12
Y63,RJL,NORTHERN LINCOLNSHIRE AND GOOLE NHS FOUNDATION TRUST,C_150,Neurosurgical Service,-,-,-,-,-,-,-,-
Y63,RJL,NORTHERN LINCOLNSHIRE AND GOOLE NHS FOUNDATION TRUST,C_160,Plastic Surgery Service,-,-,-,-,-,-,-,-
Y63,RJL,NORTHERN LINCOLNSHIRE AND GOOLE NHS FOUNDATION TRUST,C_170,Cardiothoracic Surgery Service,-,-,-,-,-,-,-,-
Y63,RJL,NORTHERN LINCOLNSHIRE AND GOOLE NHS FOUNDATION TRUST,C_300,General Internal Medicine Service,"4,150","2,395",57.70%,14.8,38.8,51,-,6
Y63,RJL,NORTHERN LINCOLNSHIRE AND GOOLE NHS FOUNDATION TRUST,C_301,Gastroenterology Service,-,-,-,-,-,-,-,-
Y63,RJL,NORTHERN LINCOLNSHIRE AND GOOLE NHS FOUNDATION TRUST,C_320,Cardiology Service,"2,221","1,653",74.40%,10.8,28.2,6,-,2
Y63,RJL,NORTHERN LINCOLNSHIRE AND GOOLE NHS FOUNDATION TRUST,C_330,Dermatology Service,-,-,-,-,-,-,-,-
Y63,RJL,NORTHERN LINCOLNSHIRE AND GOOLE NHS FOUNDATION TRUST,C_340,Respiratory Medicine Service,"1,675","1,010",60.30%,13.5,38.9,17,1,3
Y63,RJL,NORTHERN LINCOLNSHIRE AND GOOLE NHS FOUNDATION TRUST,C_400,Neurology Service,-,-,-,-,-,-,-,-
Y63,RJL,NORTHERN LINCOLNSHIRE AND GOOLE NHS FOUNDATION TRUST,C_410,Rheumatology Service,800,546,68.30%,12.7,27.9,1,-,1
Y63,RJL,NORTHERN LINCOLNSHIRE AND GOOLE NHS FOUNDATION TRUST,C_430,Elderly Medicine Service,226,190,84.10%,7.4,21.5,-,-,-
Y63,RJL,NORTHERN LINCOLNSHIRE AND GOOLE NHS FOUNDATION TRUST,C_502,Gynaecology Service,"4,681","2,651",56.60%,14.9,43,144,3,19
Y63,RJL,NORTHERN LINCOLNSHIRE AND GOOLE NHS FOUNDATION TRUST,X02,Other - Medical Services,232,193,83.20%,7.8,26.7,-,-,-
Y63,RJL,NORTHERN LINCOLNSHIRE AND GOOLE NHS FOUNDATION TRUST,X03,Other - Mental Health Services,-,-,-,-,-,-,-,-
Y63,RJL,NORTHERN LINCOLNSHIRE AND GOOLE NHS FOUNDATION TRUST,X04,Other - Paediatric Services,2,-,-,-,-,-,-,-
Y63,RJL,NORTHERN LINCOLNSHIRE AND GOOLE NHS FOUNDATION TRUST,X05,Other - Surgical Services,"2,328","1,379",59.20%,14.2,37.6,42,-,2
Y63,RJL,NORTHERN LINCOLNSHIRE AND GOOLE NHS FOUNDATION TRUST,X06,Other - Other Services,644,284,44.10%,22.4,56.5,77,1,11
Y63,RNN,NORTH CUMBRIA INTEGRATED CARE NHS FOUNDATION TRUST,C_100,General Surgery Service,821,480,58.50%,15,37.5,15,-,3
Y63,RNN,NORTH CUMBRIA INTEGRATED CARE NHS FOUNDATION TRUST,C_101,Urology Service,"3,283","1,570",47.80%,18.9,48.8,201,-,5
Y63,RNN,NORTH CUMBRIA INTEGRATED CARE NHS FOUNDATION TRUST,C_110,Trauma and Orthopaedic Service,"2,998","1,667",55.60%,15.5,40.5,68,-,9
Y63,RNN,NORTH CUMBRIA INTEGRATED CARE NHS FOUNDATION TRUST,C_120,Ear Nose and Throat Service,"4,119","2,192",53.20%,16.4,37.3,62,-,10
Y63,RNN,NORTH CUMBRIA INTEGRATED CARE NHS FOUNDATION TRUST,C_130,Ophthalmology Service,"3,351","2,202",65.70%,11.5,36.4,30,-,8
Y63,RNN,NORTH CUMBRIA INTEGRATED CARE NHS FOUNDATION TRUST,C_140,Oral Surgery Service,"1,392",681,48.90%,18.6,53.6,127,-,27
Y63,RNN,NORTH CUMBRIA INTEGRATED CARE NHS FOUNDATION TRUST,C_150,Neurosurgical Service,-,-,-,-,-,-,-,-
Y63,RNN,NORTH CUMBRIA INTEGRATED CARE NHS FOUNDATION TRUST,C_160,Plastic Surgery Service,-,-,-,-,-,-,-,-
Y63,RNN,NORTH CUMBRIA INTEGRATED CARE NHS FOUNDATION TRUST,C_170,Cardiothoracic Surgery Service,-,-,-,-,-,-,-,-
Y63,RNN,NORTH CUMBRIA INTEGRATED CARE NHS FOUNDATION TRUST,C_300,General Internal Medicine Service,95,35,36.80%,26.1,43.5,1,-,-
Y63,RNN,NORTH CUMBRIA INTEGRATED CARE NHS FOUNDATION TRUST,C_301,Gastroenterology Service,"1,691",911,53.90%,16.6,36.8,24,1,8
Y63,RNN,NORTH CUMBRIA INTEGRATED CARE NHS FOUNDATION TRUST,C_320,Cardiology Service,"2,231","1,468",65.80%,12.2,32.4,7,-,-
Y63,RNN,NORTH CUMBRIA INTEGRATED CARE NHS FOUNDATION TRUST,C_330,Dermatology Service,"1,934","1,453",75.10%,10.4,29.3,11,-,2
Y63,RNN,NORTH CUMBRIA INTEGRATED CARE NHS FOUNDATION TRUST,C_340,Respiratory Medicine Service,920,497,54.00%,15.7,48.4,38,-,1
Y63,RNN,NORTH CUMBRIA INTEGRATED CARE NHS FOUNDATION TRUST,C_400,Neurology Service,"1,900",945,49.70%,18.1,46.8,85,-,7
Y63,RNN,NORTH CUMBRIA INTEGRATED CARE NHS FOUNDATION TRUST,C_410,Rheumatology Service,849,478,56.30%,15.7,37.1,12,-,1
Y63,RNN,NORTH CUMBRIA INTEGRATED CARE NHS FOUNDATION TRUST,C_430,Elderly Medicine Service,369,197,53.40%,16.2,45.3,10,-,2
Y63,RNN,NORTH CUMBRIA INTEGRATED CARE NHS FOUNDATION TRUST,C_502,Gynaecology Service,"2,778","1,698",61.10%,13.4,45,100,-,14
Y63,RNN,NORTH CUMBRIA INTEGRATED CARE NHS FOUNDATION TRUST,X02,Other - Medical Services,"1,241",974,78.50%,9.2,30,4,-,-
Y63,RNN,NORTH CUMBRIA INTEGRATED CARE NHS FOUNDATION TRUST,X03,Other - Mental Health Services,-,-,-,-,-,-,-,-
Y63,RNN,NORTH CUMBRIA INTEGRATED CARE NHS FOUNDATION TRUST,X04,Other - Paediatric Services,"1,687","1,162",68.90%,11.4,34,2,-,1
Y63,RNN,NORTH CUMBRIA INTEGRATED CARE NHS FOUNDATION TRUST,X05,Other - Surgical Services,"4,995","2,921",58.50%,14.1,36.4,77,-,13
Y63,RNN,NORTH CUMBRIA INTEGRATED CARE NHS FOUNDATION TRUST,X06,Other - Other Services,"1,407","1,052",74.80%,8.3,28,7,-,1
Y63,RP5,DONCASTER AND BASSETLAW TEACHING HOSPITALS NHS FOUNDATION TRUST,C_100,General Surgery Service,"2,727","1,987",72.90%,9.3,29.6,2,-,-
Y63,RP5,DONCASTER AND BASSETLAW TEACHING HOSPITALS NHS FOUNDATION TRUST,C_101,Urology Service,"3,143","1,830",58.20%,14.2,45.4,97,-,16
Y63,RP5,DONCASTER AND BASSETLAW TEACHING HOSPITALS NHS FOUNDATION TRUST,C_110,Trauma and Orthopaedic Service,"8,655","4,980",57.50%,14.6,48.9,565,10,173
Y63,RP5,DONCASTER AND BASSETLAW TEACHING HOSPITALS NHS FOUNDATION TRUST,C_120,Ear Nose and Throat Service,"6,452","2,817",43.70%,21.7,49.1,348,2,69
Y63,RP5,DONCASTER AND BASSETLAW TEACHING HOSPITALS NHS FOUNDATION TRUST,C_130,Ophthalmology Service,"4,033","2,505",62.10%,13.2,36,43,3,14
Y63,RP5,DONCASTER AND BASSETLAW TEACHING HOSPITALS NHS FOUNDATION TRUST,C_140,Oral Surgery Service,"2,999","1,588",53.00%,16.3,42.2,23,-,-
Y63,RP5,DONCASTER AND BASSETLAW TEACHING HOSPITALS NHS FOUNDATION TRUST,C_150,Neurosurgical Service,-,-,-,-,-,-,-,-
Y63,RP5,DONCASTER AND BASSETLAW TEACHING HOSPITALS NHS FOUNDATION TRUST,C_160,Plastic Surgery Service,-,-,-,-,-,-,-,-
Y63,RP5,DONCASTER AND BASSETLAW TEACHING HOSPITALS NHS FOUNDATION TRUST,C_170,Cardiothoracic Surgery Service,-,-,-,-,-,-,-,-
Y63,RP5,DONCASTER AND BASSETLAW TEACHING HOSPITALS NHS FOUNDATION TRUST,C_300,General Internal Medicine Service,952,759,79.70%,10.8,37.4,-,-,-
Y63,RP5,DONCASTER AND BASSETLAW TEACHING HOSPITALS NHS FOUNDATION TRUST,C_301,Gastroenterology Service,"2,439","1,550",63.60%,13.3,36.7,1,-,-
Y63,RP5,DONCASTER AND BASSETLAW TEACHING HOSPITALS NHS FOUNDATION TRUST,C_320,Cardiology Service,"3,460","2,261",65.30%,13.3,32.9,17,-,4
Y63,RP5,DONCASTER AND BASSETLAW TEACHING HOSPITALS NHS FOUNDATION TRUST,C_330,Dermatology Service,"4,556","2,652",58.20%,15.1,35.5,55,-,1
Y63,RP5,DONCASTER AND BASSETLAW TEACHING HOSPITALS NHS FOUNDATION TRUST,C_340,Respiratory Medicine Service,"1,426",638,44.70%,19.7,36.6,9,-,2
Y63,RP5,DONCASTER AND BASSETLAW TEACHING HOSPITALS NHS FOUNDATION TRUST,C_400,Neurology Service,-,-,-,-,-,-,-,-
Y63,RP5,DONCASTER AND BASSETLAW TEACHING HOSPITALS NHS FOUNDATION TRUST,C_410,Rheumatology Service,912,654,71.70%,11.6,27.3,-,-,-
Y63,RP5,DONCASTER AND BASSETLAW TEACHING HOSPITALS NHS FOUNDATION TRUST,C_430,Elderly Medicine Service,381,275,72.20%,9.7,29.5,-,-,-
Y63,RP5,DONCASTER AND BASSETLAW TEACHING HOSPITALS NHS FOUNDATION TRUST,C_502,Gynaecology Service,"4,410","2,517",57.10%,14.6,43.3,110,1,6
Y63,RP5,DONCASTER AND BASSETLAW TEACHING HOSPITALS NHS FOUNDATION TRUST,X02,Other - Medical Services,"4,493","2,958",65.80%,11.6,36.5,9,-,1
Y63,RP5,DONCASTER AND BASSETLAW TEACHING HOSPITALS NHS FOUNDATION TRUST,X03,Other - Mental Health Services,-,-,-,-,-,-,-,-
Y63,RP5,DONCASTER AND BASSETLAW TEACHING HOSPITALS NHS FOUNDATION TRUST,X04,Other - Paediatric Services,312,238,76.30%,12,31,-,-,-
Y63,RP5,DONCASTER AND BASSETLAW TEACHING HOSPITALS NHS FOUNDATION TRUST,X05,Other - Surgical Services,"1,894","1,248",65.90%,10.7,36.5,21,-,6
Y63,RP5,DONCASTER AND BASSETLAW TEACHING HOSPITALS NHS FOUNDATION TRUST,X06,Other - Other Services,649,267,41.10%,21,46.5,30,-,11
Y63,RR7,GATESHEAD HEALTH NHS FOUNDATION TRUST,C_100,General Surgery Service,"2,069","1,436",69.40%,9.6,37,34,-,1
Y63,RR7,GATESHEAD HEALTH NHS FOUNDATION TRUST,C_101,Urology Service,795,543,68.30%,12.2,39.5,5,-,1
Y63,RR7,GATESHEAD HEALTH NHS FOUNDATION TRUST,C_110,Trauma and Orthopaedic Service,"1,732",861,49.70%,18.1,44.8,59,-,4
Y63,RR7,GATESHEAD HEALTH NHS FOUNDATION TRUST,C_120,Ear Nose and Throat Service,-,-,-,-,-,-,-,-
Y63,RR7,GATESHEAD HEALTH NHS FOUNDATION TRUST,C_130,Ophthalmology Service,-,-,-,-,-,-,-,-
Y63,RR7,GATESHEAD HEALTH NHS FOUNDATION TRUST,C_140,Oral Surgery Service,-,-,-,-,-,-,-,-
Y63,RR7,GATESHEAD HEALTH NHS FOUNDATION TRUST,C_150,Neurosurgical Service,-,-,-,-,-,-,-,-
Y63,RR7,GATESHEAD HEALTH NHS FOUNDATION TRUST,C_160,Plastic Surgery Service,-,-,-,-,-,-,-,-
Y63,RR7,GATESHEAD HEALTH NHS FOUNDATION TRUST,C_170,Cardiothoracic Surgery Service,-,-,-,-,-,-,-,-
Y63,RR7,GATESHEAD HEALTH NHS FOUNDATION TRUST,C_300,General Internal Medicine Service,51,44,86.30%,10.1,25.9,-,-,-
Y63,RR7,GATESHEAD HEALTH NHS FOUNDATION TRUST,C_301,Gastroenterology Service,"1,544","1,202",77.80%,10.3,29.3,-,-,-
Y63,RR7,GATESHEAD HEALTH NHS FOUNDATION TRUST,C_320,Cardiology Service,661,430,65.10%,12.2,34.3,2,-,-
Y63,RR7,GATESHEAD HEALTH NHS FOUNDATION TRUST,C_330,Dermatology Service,-,-,-,-,-,-,-,-
Y63,RR7,GATESHEAD HEALTH NHS FOUNDATION TRUST,C_340,Respiratory Medicine Service,543,425,78.30%,8.6,29.8,-,-,-
Y63,RR7,GATESHEAD HEALTH NHS FOUNDATION TRUST,C_400,Neurology Service,-,-,-,-,-,-,-,-
Y63,RR7,GATESHEAD HEALTH NHS FOUNDATION TRUST,C_410,Rheumatology Service,391,304,77.70%,8.8,25,-,-,-
Y63,RR7,GATESHEAD HEALTH NHS FOUNDATION TRUST,C_430,Elderly Medicine Service,305,260,85.20%,8.7,21.8,-,-,-
Y63,RR7,GATESHEAD HEALTH NHS FOUNDATION TRUST,C_502,Gynaecology Service,"2,061","1,209",58.70%,14.5,37.9,11,-,-
Y63,RR7,GATESHEAD HEALTH NHS FOUNDATION TRUST,X02,Other - Medical Services,762,655,86.00%,7.5,24.5,-,-,-
Y63,RR7,GATESHEAD HEALTH NHS FOUNDATION TRUST,X03,Other - Mental Health Services,154,144,93.50%,5.3,15.2,-,-,-
Y63,RR7,GATESHEAD HEALTH NHS FOUNDATION TRUST,X04,Other - Paediatric Services,-,-,-,-,-,-,-,-
Y63,RR7,GATESHEAD HEALTH NHS FOUNDATION TRUST,X05,Other - Surgical Services,4,4,100.00%,-,-,-,-,-
Y63,RR7,GATESHEAD HEALTH NHS FOUNDATION TRUST,X06,Other - Other Services,"1,165",710,60.90%,10.7,37.8,32,-,10
Y63,RR8,LEEDS TEACHING HOSPITALS NHS TRUST,C_100,General Surgery Service,"1,751","1,255",71.70%,10.4,35.5,55,11,34
Y63,RR8,LEEDS TEACHING HOSPITALS NHS TRUST,C_101,Urology Service,"3,655","2,286",62.50%,12.7,42.7,160,1,33
Y63,RR8,LEEDS TEACHING HOSPITALS NHS TRUST,C_110,Trauma and Orthopaedic Service,"8,661","3,806",43.90%,21.6,56,870,76,346
Y63,RR8,LEEDS TEACHING HOSPITALS NHS TRUST,C_120,Ear Nose and Throat Service,"4,280","1,962",45.80%,20.5,49.9,288,28,103
Y63,RR8,LEEDS TEACHING HOSPITALS NHS TRUST,C_130,Ophthalmology Service,"4,284","3,348",78.20%,8.4,28.4,10,-,1
Y63,RR8,LEEDS TEACHING HOSPITALS NHS TRUST,C_140,Oral Surgery Service,"1,931","1,411",73.10%,10.8,30.6,34,5,14
Y63,RR8,LEEDS TEACHING HOSPITALS NHS TRUST,C_150,Neurosurgical Service,450,302,67.10%,10.5,39.7,21,3,8
Y63,RR8,LEEDS TEACHING HOSPITALS NHS TRUST,C_160,Plastic Surgery Service,"3,636","1,546",42.50%,21.7,54.3,324,3,108
Y63,RR8,LEEDS TEACHING HOSPITALS NHS TRUST,C_170,Cardiothoracic Surgery Service,499,398,79.80%,7.9,26.5,2,-,-
Y63,RR8,LEEDS TEACHING HOSPITALS NHS TRUST,C_300,General Internal Medicine Service,6,5,83.30%,-,-,-,-,-
Y63,RR8,LEEDS TEACHING HOSPITALS NHS TRUST,C_301,Gastroenterology Service,"1,442","1,381",95.80%,4.7,13.1,-,-,-
Y63,RR8,LEEDS TEACHING HOSPITALS NHS TRUST,C_320,Cardiology Service,"3,355","3,175",94.60%,6,15.6,-,-,-
Y63,RR8,LEEDS TEACHING HOSPITALS NHS TRUST,C_330,Dermatology Service,"6,624","3,983",60.10%,13.7,48.1,378,14,71
Y63,RR8,LEEDS TEACHING HOSPITALS NHS TRUST,C_340,Respiratory Medicine Service,"1,115",797,71.50%,9.3,29.1,-,-,-
Y63,RR8,LEEDS TEACHING HOSPITALS NHS TRUST,C_400,Neurology Service,"2,672","2,049",76.70%,10.6,23.5,2,-,-
Y63,RR8,LEEDS TEACHING HOSPITALS NHS TRUST,C_410,Rheumatology Service,"2,039","1,708",83.80%,9,21.2,-,-,-
Y63,RR8,LEEDS TEACHING HOSPITALS NHS TRUST,C_430,Elderly Medicine Service,45,45,100.00%,3.7,10.5,-,-,-
Y63,RR8,LEEDS TEACHING HOSPITALS NHS TRUST,C_502,Gynaecology Service,"10,129","4,840",47.80%,19.3,51,743,7,145
Y63,RR8,LEEDS TEACHING HOSPITALS NHS TRUST,X02,Other - Medical Services,"13,895","9,507",68.40%,10.8,36,148,-,8
Y63,RR8,LEEDS TEACHING HOSPITALS NHS TRUST,X03,Other - Mental Health Services,-,-,-,-,-,-,-,-
Y63,RR8,LEEDS TEACHING HOSPITALS NHS TRUST,X04,Other - Paediatric Services,"11,663","5,842",50.10%,17.9,47.4,577,21,183
Y63,RR8,LEEDS TEACHING HOSPITALS NHS TRUST,X05,Other - Surgical Services,"9,444","5,559",58.90%,13.8,44.2,383,30,160
Y63,RR8,LEEDS TEACHING HOSPITALS NHS TRUST,X06,Other - Other Services,"1,148","1,070",93.20%,5.1,16.1,10,1,3
Y63,RTD,THE NEWCASTLE UPON TYNE HOSPITALS NHS FOUNDATION TRUST,C_100,General Surgery Service,838,757,90.30%,9,20,3,-,1
Y63,RTD,THE NEWCASTLE UPON TYNE HOSPITALS NHS FOUNDATION TRUST,C_101,Urology Service,"3,313","2,453",74.00%,9.4,42.3,156,6,51
Y63,RTD,THE NEWCASTLE UPON TYNE HOSPITALS NHS FOUNDATION TRUST,C_110,Trauma and Orthopaedic Service,"9,165","5,291",57.70%,15.1,56.3,906,82,351
Y63,RTD,THE NEWCASTLE UPON TYNE HOSPITALS NHS FOUNDATION TRUST,C_120,Ear Nose and Throat Service,"11,402","6,118",53.70%,16.3,41.5,373,18,95
Y63,RTD,THE NEWCASTLE UPON TYNE HOSPITALS NHS FOUNDATION TRUST,C_130,Ophthalmology Service,"10,296","6,836",66.40%,11.5,49.2,699,79,289
Y63,RTD,THE NEWCASTLE UPON TYNE HOSPITALS NHS FOUNDATION TRUST,C_140,Oral Surgery Service,"3,279","1,724",52.60%,16.8,35.7,-,-,-
Y63,RTD,THE NEWCASTLE UPON TYNE HOSPITALS NHS FOUNDATION TRUST,C_150,Neurosurgical Service,"1,062",830,78.20%,9.8,33.8,24,3,9
Y63,RTD,THE NEWCASTLE UPON TYNE HOSPITALS NHS FOUNDATION TRUST,C_160,Plastic Surgery Service,"2,405","1,272",52.90%,16.8,58.9,245,47,137
Y63,RTD,THE NEWCASTLE UPON TYNE HOSPITALS NHS FOUNDATION TRUST,C_170,Cardiothoracic Surgery Service,82,72,87.80%,9.5,20.1,1,-,-
Y63,RTD,THE NEWCASTLE UPON TYNE HOSPITALS NHS FOUNDATION TRUST,C_300,General Internal Medicine Service,"1,389",793,57.10%,14.8,33.6,2,-,-
Y63,RTD,THE NEWCASTLE UPON TYNE HOSPITALS NHS FOUNDATION TRUST,C_301,Gastroenterology Service,"1,325",921,69.50%,11.1,29.2,3,-,-
Y63,RTD,THE NEWCASTLE UPON TYNE HOSPITALS NHS FOUNDATION TRUST,C_320,Cardiology Service,"3,905","3,172",81.20%,9.9,28.1,18,-,-
Y63,RTD,THE NEWCASTLE UPON TYNE HOSPITALS NHS FOUNDATION TRUST,C_330,Dermatology Service,"9,587","5,197",54.20%,16,55.7,940,43,341
Y63,RTD,THE NEWCASTLE UPON TYNE HOSPITALS NHS FOUNDATION TRUST,C_340,Respiratory Medicine Service,"1,706","1,287",75.40%,10.2,27.8,16,-,1
Y63,RTD,THE NEWCASTLE UPON TYNE HOSPITALS NHS FOUNDATION TRUST,C_400,Neurology Service,"2,105","1,640",77.90%,10.7,25,6,-,1
Y63,RTD,THE NEWCASTLE UPON TYNE HOSPITALS NHS FOUNDATION TRUST,C_410,Rheumatology Service,"1,188",667,56.10%,13.9,55.2,115,-,26
Y63,RTD,THE NEWCASTLE UPON TYNE HOSPITALS NHS FOUNDATION TRUST,C_430,Elderly Medicine Service,504,280,55.60%,13.9,45,16,-,4
Y63,RTD,THE NEWCASTLE UPON TYNE HOSPITALS NHS FOUNDATION TRUST,C_502,Gynaecology Service,"5,587","3,390",60.70%,14.1,34.4,73,4,20
Y63,RTD,THE NEWCASTLE UPON TYNE HOSPITALS NHS FOUNDATION TRUST,X02,Other - Medical Services,"11,768","8,261",70.20%,10.5,36.8,315,-,8
Y63,RTD,THE NEWCASTLE UPON TYNE HOSPITALS NHS FOUNDATION TRUST,X03,Other - Mental Health Services,382,382,100.00%,4.9,11.6,-,-,-
Y63,RTD,THE NEWCASTLE UPON TYNE HOSPITALS NHS FOUNDATION TRUST,X04,Other - Paediatric Services,"8,772","7,131",81.30%,8.7,28.5,87,7,26
Y63,RTD,THE NEWCASTLE UPON TYNE HOSPITALS NHS FOUNDATION TRUST,X05,Other - Surgical Services,"10,095","6,540",64.80%,12.8,43.9,528,32,193
Y63,RTD,THE NEWCASTLE UPON TYNE HOSPITALS NHS FOUNDATION TRUST,X06,Other - Other Services,"4,768","3,751",78.70%,8.8,28.7,22,1,5
Y63,RTF,NORTHUMBRIA HEALTHCARE NHS FOUNDATION TRUST,C_100,General Surgery Service,"6,033","5,301",87.90%,9.3,22.4,-,-,-
Y63,RTF,NORTHUMBRIA HEALTHCARE NHS FOUNDATION TRUST,C_101,Urology Service,"2,860","2,124",74.30%,10.9,32.8,21,-,3
Y63,RTF,NORTHUMBRIA HEALTHCARE NHS FOUNDATION TRUST,C_110,Trauma and Orthopaedic Service,"8,252","5,091",61.70%,14.1,37.7,54,-,-
Y63,RTF,NORTHUMBRIA HEALTHCARE NHS FOUNDATION TRUST,C_120,Ear Nose and Throat Service,-,-,-,-,-,-,-,-
Y63,RTF,NORTHUMBRIA HEALTHCARE NHS FOUNDATION TRUST,C_130,Ophthalmology Service,-,-,-,-,-,-,-,-
Y63,RTF,NORTHUMBRIA HEALTHCARE NHS FOUNDATION TRUST,C_140,Oral Surgery Service,"1,181",645,54.60%,16,37,-,-,-
Y63,RTF,NORTHUMBRIA HEALTHCARE NHS FOUNDATION TRUST,C_150,Neurosurgical Service,-,-,-,-,-,-,-,-
Y63,RTF,NORTHUMBRIA HEALTHCARE NHS FOUNDATION TRUST,C_160,Plastic Surgery Service,"1,368",865,63.20%,13.3,39.1,-,-,-
Y63,RTF,NORTHUMBRIA HEALTHCARE NHS FOUNDATION TRUST,C_170,Cardiothoracic Surgery Service,-,-,-,-,-,-,-,-
Y63,RTF,NORTHUMBRIA HEALTHCARE NHS FOUNDATION TRUST,C_300,General Internal Medicine Service,"1,066",997,93.50%,7.5,17.5,-,-,-
Y63,RTF,NORTHUMBRIA HEALTHCARE NHS FOUNDATION TRUST,C_301,Gastroenterology Service,"1,403","1,332",94.90%,8.3,17,-,-,-
Y63,RTF,NORTHUMBRIA HEALTHCARE NHS FOUNDATION TRUST,C_320,Cardiology Service,"1,568","1,456",92.90%,7.9,17.6,-,-,-
Y63,RTF,NORTHUMBRIA HEALTHCARE NHS FOUNDATION TRUST,C_330,Dermatology Service,-,-,-,-,-,-,-,-
Y63,RTF,NORTHUMBRIA HEALTHCARE NHS FOUNDATION TRUST,C_340,Respiratory Medicine Service,"1,862","1,769",95.00%,8.8,17.5,-,-,-
Y63,RTF,NORTHUMBRIA HEALTHCARE NHS FOUNDATION TRUST,C_400,Neurology Service,-,-,-,-,-,-,-,-
Y63,RTF,NORTHUMBRIA HEALTHCARE NHS FOUNDATION TRUST,C_410,Rheumatology Service,931,713,76.60%,10.6,25.8,-,-,-
Y63,RTF,NORTHUMBRIA HEALTHCARE NHS FOUNDATION TRUST,C_430,Elderly Medicine Service,855,787,92.00%,7.8,18,-,-,-
Y63,RTF,NORTHUMBRIA HEALTHCARE NHS FOUNDATION TRUST,C_502,Gynaecology Service,"3,200","2,431",76.00%,10.6,29,7,-,-
Y63,RTF,NORTHUMBRIA HEALTHCARE NHS FOUNDATION TRUST,X02,Other - Medical Services,-,-,-,-,-,-,-,-
Y63,RTF,NORTHUMBRIA HEALTHCARE NHS FOUNDATION TRUST,X03,Other - Mental Health Services,-,-,-,-,-,-,-,-
Y63,RTF,NORTHUMBRIA HEALTHCARE NHS FOUNDATION TRUST,X04,Other - Paediatric Services,-,-,-,-,-,-,-,-
Y63,RTF,NORTHUMBRIA HEALTHCARE NHS FOUNDATION TRUST,X05,Other - Surgical Services,-,-,-,-,-,-,-,-
Y63,RTF,NORTHUMBRIA HEALTHCARE NHS FOUNDATION TRUST,X06,Other - Other Services,"1,912","1,801",94.20%,7,17,-,-,-
Y63,RTR,SOUTH TEES HOSPITALS NHS FOUNDATION TRUST,C_100,General Surgery Service,"1,437",979,68.10%,11.2,40.4,41,-,5
Y63,RTR,SOUTH TEES HOSPITALS NHS FOUNDATION TRUST,C_101,Urology Service,"3,861","2,399",62.10%,13.5,45.3,122,10,40
Y63,RTR,SOUTH TEES HOSPITALS NHS FOUNDATION TRUST,C_110,Trauma and Orthopaedic Service,"5,808","3,294",56.70%,15.6,46.8,273,7,55
Y63,RTR,SOUTH TEES HOSPITALS NHS FOUNDATION TRUST,C_120,Ear Nose and Throat Service,"5,978","3,339",55.90%,15.8,37.4,77,1,10
Y63,RTR,SOUTH TEES HOSPITALS NHS FOUNDATION TRUST,C_130,Ophthalmology Service,"4,003","2,832",70.70%,11.5,32.1,21,1,3
Y63,RTR,SOUTH TEES HOSPITALS NHS FOUNDATION TRUST,C_140,Oral Surgery Service,125,66,52.80%,16.8,47.5,5,-,1
Y63,RTR,SOUTH TEES HOSPITALS NHS FOUNDATION TRUST,C_150,Neurosurgical Service,"1,357",962,70.90%,11.4,31.7,14,-,7
Y63,RTR,SOUTH TEES HOSPITALS NHS FOUNDATION TRUST,C_160,Plastic Surgery Service,"1,956","1,346",68.80%,11.7,34,10,1,2
Y63,RTR,SOUTH TEES HOSPITALS NHS FOUNDATION TRUST,C_170,Cardiothoracic Surgery Service,224,180,80.40%,8.1,24.5,-,-,-
Y63,RTR,SOUTH TEES HOSPITALS NHS FOUNDATION TRUST,C_300,General Internal Medicine Service,169,158,93.50%,4.7,17.4,-,-,-
Y63,RTR,SOUTH TEES HOSPITALS NHS FOUNDATION TRUST,C_301,Gastroenterology Service,"1,467","1,310",89.30%,8,20.2,7,-,1
Y63,RTR,SOUTH TEES HOSPITALS NHS FOUNDATION TRUST,C_320,Cardiology Service,"1,350","1,156",85.60%,8.9,24.6,10,-,1
Y63,RTR,SOUTH TEES HOSPITALS NHS FOUNDATION TRUST,C_330,Dermatology Service,"2,357","1,256",53.30%,16.1,40.4,31,-,4
Y63,RTR,SOUTH TEES HOSPITALS NHS FOUNDATION TRUST,C_340,Respiratory Medicine Service,976,928,95.10%,8,16.9,1,-,-
Y63,RTR,SOUTH TEES HOSPITALS NHS FOUNDATION TRUST,C_400,Neurology Service,"3,730","1,439",38.60%,24.3,47.3,180,6,53
Y63,RTR,SOUTH TEES HOSPITALS NHS FOUNDATION TRUST,C_410,Rheumatology Service,"1,285",860,66.90%,12.7,35.3,20,1,4
Y63,RTR,SOUTH TEES HOSPITALS NHS FOUNDATION TRUST,C_430,Elderly Medicine Service,30,30,100.00%,4,8.5,-,-,-
Y63,RTR,SOUTH TEES HOSPITALS NHS FOUNDATION TRUST,C_502,Gynaecology Service,"3,044","2,014",66.20%,12.5,34.1,16,-,-
Y63,RTR,SOUTH TEES HOSPITALS NHS FOUNDATION TRUST,X02,Other - Medical Services,"4,356","2,977",68.30%,11.1,44.3,234,22,109
Y63,RTR,SOUTH TEES HOSPITALS NHS FOUNDATION TRUST,X03,Other - Mental Health Services,-,-,-,-,-,-,-,-
Y63,RTR,SOUTH TEES HOSPITALS NHS FOUNDATION TRUST,X04,Other - Paediatric Services,"2,328","1,440",61.90%,14.1,41.6,59,-,21
Y63,RTR,SOUTH TEES HOSPITALS NHS FOUNDATION TRUST,X05,Other - Surgical Services,"6,254","3,670",58.70%,14.5,41.1,78,1,16
Y63,RTR,SOUTH TEES HOSPITALS NHS FOUNDATION TRUST,X06,Other - Other Services,603,578,95.90%,4.7,16,2,-,-
Y63,RVW,NORTH TEES AND HARTLEPOOL NHS FOUNDATION TRUST,C_100,General Surgery Service,"2,170","1,399",64.50%,11.9,39.8,29,-,2
Y63,RVW,NORTH TEES AND HARTLEPOOL NHS FOUNDATION TRUST,C_101,Urology Service,"1,892","1,384",73.20%,10.3,31.8,5,-,-
Y63,RVW,NORTH TEES AND HARTLEPOOL NHS FOUNDATION TRUST,C_110,Trauma and Orthopaedic Service,"5,929","4,701",79.30%,10,28.3,27,-,1
Y63,RVW,NORTH TEES AND HARTLEPOOL NHS FOUNDATION TRUST,C_120,Ear Nose and Throat Service,-,-,-,-,-,-,-,-
Y63,RVW,NORTH TEES AND HARTLEPOOL NHS FOUNDATION TRUST,C_130,Ophthalmology Service,-,-,-,-,-,-,-,-
Y63,RVW,NORTH TEES AND HARTLEPOOL NHS FOUNDATION TRUST,C_140,Oral Surgery Service,95,83,87.40%,9.4,20.4,-,-,-
Y63,RVW,NORTH TEES AND HARTLEPOOL NHS FOUNDATION TRUST,C_150,Neurosurgical Service,-,-,-,-,-,-,-,-
Y63,RVW,NORTH TEES AND HARTLEPOOL NHS FOUNDATION TRUST,C_160,Plastic Surgery Service,-,-,-,-,-,-,-,-
Y63,RVW,NORTH TEES AND HARTLEPOOL NHS FOUNDATION TRUST,C_170,Cardiothoracic Surgery Service,-,-,-,-,-,-,-,-
Y63,RVW,NORTH TEES AND HARTLEPOOL NHS FOUNDATION TRUST,C_300,General Internal Medicine Service,328,311,94.80%,6.6,14.8,-,-,-
Y63,RVW,NORTH TEES AND HARTLEPOOL NHS FOUNDATION TRUST,C_301,Gastroenterology Service,"1,158",945,81.60%,8.2,26,3,-,-
Y63,RVW,NORTH TEES AND HARTLEPOOL NHS FOUNDATION TRUST,C_320,Cardiology Service,633,546,86.30%,6.9,23.6,1,-,-
Y63,RVW,NORTH TEES AND HARTLEPOOL NHS FOUNDATION TRUST,C_330,Dermatology Service,-,-,-,-,-,-,-,-
Y63,RVW,NORTH TEES AND HARTLEPOOL NHS FOUNDATION TRUST,C_340,Respiratory Medicine Service,794,564,71.00%,9.8,28.9,4,-,1
Y63,RVW,NORTH TEES AND HARTLEPOOL NHS FOUNDATION TRUST,C_400,Neurology Service,-,-,-,-,-,-,-,-
Y63,RVW,NORTH TEES AND HARTLEPOOL NHS FOUNDATION TRUST,C_410,Rheumatology Service,657,410,62.40%,12.1,30.7,14,-,2
Y63,RVW,NORTH TEES AND HARTLEPOOL NHS FOUNDATION TRUST,C_430,Elderly Medicine Service,174,164,94.30%,6.5,16.8,-,-,-
Y63,RVW,NORTH TEES AND HARTLEPOOL NHS FOUNDATION TRUST,C_502,Gynaecology Service,"2,434","1,567",64.40%,12.3,35.8,23,-,-
Y63,RVW,NORTH TEES AND HARTLEPOOL NHS FOUNDATION TRUST,X02,Other - Medical Services,-,-,-,-,-,-,-,-
Y63,RVW,NORTH TEES AND HARTLEPOOL NHS FOUNDATION TRUST,X03,Other - Mental Health Services,-,-,-,-,-,-,-,-
Y63,RVW,NORTH TEES AND HARTLEPOOL NHS FOUNDATION TRUST,X04,Other - Paediatric Services,"1,837","1,118",60.90%,13.3,36.7,17,-,1
Y63,RVW,NORTH TEES AND HARTLEPOOL NHS FOUNDATION TRUST,X05,Other - Surgical Services,"1,988","1,602",80.60%,6.1,28.8,19,-,-
Y63,RVW,NORTH TEES AND HARTLEPOOL NHS FOUNDATION TRUST,X06,Other - Other Services,"2,367","1,307",55.20%,15.4,40.8,17,-,-
Y63,RWA,HULL UNIVERSITY TEACHING HOSPITALS NHS TRUST,C_100,General Surgery Service,"7,096","3,937",55.50%,15,46.3,353,2,73
Y63,RWA,HULL UNIVERSITY TEACHING HOSPITALS NHS TRUST,C_101,Urology Service,"3,383","2,109",62.30%,12.7,41.3,101,-,24
Y63,RWA,HULL UNIVERSITY TEACHING HOSPITALS NHS TRUST,C_110,Trauma and Orthopaedic Service,"3,684","2,457",66.70%,11.8,40.9,123,-,29
Y63,RWA,HULL UNIVERSITY TEACHING HOSPITALS NHS TRUST,C_120,Ear Nose and Throat Service,"6,832","3,270",47.90%,19.2,44.3,282,-,81
Y63,RWA,HULL UNIVERSITY TEACHING HOSPITALS NHS TRUST,C_130,Ophthalmology Service,"7,714","4,457",57.80%,14.4,41.7,185,-,36
Y63,RWA,HULL UNIVERSITY TEACHING HOSPITALS NHS TRUST,C_140,Oral Surgery Service,"3,054","1,704",55.80%,15.3,45.2,84,-,19
Y63,RWA,HULL UNIVERSITY TEACHING HOSPITALS NHS TRUST,C_150,Neurosurgical Service,"2,945","1,867",63.40%,12.3,39.9,89,-,26
Y63,RWA,HULL UNIVERSITY TEACHING HOSPITALS NHS TRUST,C_160,Plastic Surgery Service,"3,596","1,580",43.90%,21.4,55.9,347,-,112
Y63,RWA,HULL UNIVERSITY TEACHING HOSPITALS NHS TRUST,C_170,Cardiothoracic Surgery Service,369,237,64.20%,10.6,40.5,8,-,1
Y63,RWA,HULL UNIVERSITY TEACHING HOSPITALS NHS TRUST,C_300,General Internal Medicine Service,175,163,93.10%,5.2,16,-,-,-
Y63,RWA,HULL UNIVERSITY TEACHING HOSPITALS NHS TRUST,C_301,Gastroenterology Service,"2,891","1,740",60.20%,14,38.3,50,1,4
Y63,RWA,HULL UNIVERSITY TEACHING HOSPITALS NHS TRUST,C_320,Cardiology Service,"4,745","2,717",57.30%,15.2,40.8,148,-,39
Y63,RWA,HULL UNIVERSITY TEACHING HOSPITALS NHS TRUST,C_330,Dermatology Service,"4,242","2,413",56.90%,15.2,41.3,144,-,19
Y63,RWA,HULL UNIVERSITY TEACHING HOSPITALS NHS TRUST,C_340,Respiratory Medicine Service,"1,941","1,380",71.10%,10.5,32,6,-,-
Y63,RWA,HULL UNIVERSITY TEACHING HOSPITALS NHS TRUST,C_400,Neurology Service,"3,849","2,306",59.90%,14.2,38.2,40,-,1
Y63,RWA,HULL UNIVERSITY TEACHING HOSPITALS NHS TRUST,C_410,Rheumatology Service,"2,157",919,42.60%,21.8,43.8,53,-,6
Y63,RWA,HULL UNIVERSITY TEACHING HOSPITALS NHS TRUST,C_430,Elderly Medicine Service,63,57,90.50%,7.5,19,-,-,-
Y63,RWA,HULL UNIVERSITY TEACHING HOSPITALS NHS TRUST,C_502,Gynaecology Service,"4,747","2,461",51.80%,16.5,50.6,341,8,59
Y63,RWA,HULL UNIVERSITY TEACHING HOSPITALS NHS TRUST,X02,Other - Medical Services,"4,169","3,198",76.70%,9.1,29,21,-,3
Y63,RWA,HULL UNIVERSITY TEACHING HOSPITALS NHS TRUST,X03,Other - Mental Health Services,23,21,91.30%,5.7,36.2,-,-,-
Y63,RWA,HULL UNIVERSITY TEACHING HOSPITALS NHS TRUST,X04,Other - Paediatric Services,"1,214",979,80.60%,9.1,25.8,6,-,1
Y63,RWA,HULL UNIVERSITY TEACHING HOSPITALS NHS TRUST,X05,Other - Surgical Services,"1,115",788,70.70%,6,54.5,102,-,32
Y63,RWA,HULL UNIVERSITY TEACHING HOSPITALS NHS TRUST,X06,Other - Other Services,"2,518","1,843",73.20%,7.8,40,25,-,7
Y63,RWY,CALDERDALE AND HUDDERSFIELD NHS FOUNDATION TRUST,C_100,General Surgery Service,"4,960","3,521",71.00%,10.4,30.3,-,-,-
Y63,RWY,CALDERDALE AND HUDDERSFIELD NHS FOUNDATION TRUST,C_101,Urology Service,"2,202","1,506",68.40%,11.7,32.8,-,-,-
Y63,RWY,CALDERDALE AND HUDDERSFIELD NHS FOUNDATION TRUST,C_110,Trauma and Orthopaedic Service,"3,146","2,286",72.70%,10.5,29.7,-,-,-
Y63,RWY,CALDERDALE AND HUDDERSFIELD NHS FOUNDATION TRUST,C_120,Ear Nose and Throat Service,"5,764","2,658",46.10%,20,42.1,11,-,-
Y63,RWY,CALDERDALE AND HUDDERSFIELD NHS FOUNDATION TRUST,C_130,Ophthalmology Service,"2,335","1,988",85.10%,7.1,22.2,-,-,-
Y63,RWY,CALDERDALE AND HUDDERSFIELD NHS FOUNDATION TRUST,C_140,Oral Surgery Service,"1,616",974,60.30%,14.3,33.7,-,-,-
Y63,RWY,CALDERDALE AND HUDDERSFIELD NHS FOUNDATION TRUST,C_150,Neurosurgical Service,-,-,-,-,-,-,-,-
Y63,RWY,CALDERDALE AND HUDDERSFIELD NHS FOUNDATION TRUST,C_160,Plastic Surgery Service,692,359,51.90%,17.1,39,-,-,-
Y63,RWY,CALDERDALE AND HUDDERSFIELD NHS FOUNDATION TRUST,C_170,Cardiothoracic Surgery Service,-,-,-,-,-,-,-,-
Y63,RWY,CALDERDALE AND HUDDERSFIELD NHS FOUNDATION TRUST,C_300,General Internal Medicine Service,77,57,74.00%,9.9,37.4,-,-,-
Y63,RWY,CALDERDALE AND HUDDERSFIELD NHS FOUNDATION TRUST,C_301,Gastroenterology Service,"2,178","1,569",72.00%,9.7,32.6,-,-,-
Y63,RWY,CALDERDALE AND HUDDERSFIELD NHS FOUNDATION TRUST,C_320,Cardiology Service,"2,120","1,470",69.30%,10.9,34.5,-,-,-
Y63,RWY,CALDERDALE AND HUDDERSFIELD NHS FOUNDATION TRUST,C_330,Dermatology Service,855,715,83.60%,6.5,24.7,-,-,-
Y63,RWY,CALDERDALE AND HUDDERSFIELD NHS FOUNDATION TRUST,C_340,Respiratory Medicine Service,844,617,73.10%,8.8,30.7,-,-,-
Y63,RWY,CALDERDALE AND HUDDERSFIELD NHS FOUNDATION TRUST,C_400,Neurology Service,"1,432",826,57.70%,14.1,36.2,-,-,-
Y63,RWY,CALDERDALE AND HUDDERSFIELD NHS FOUNDATION TRUST,C_410,Rheumatology Service,785,643,81.90%,9.4,23.1,-,-,-
Y63,RWY,CALDERDALE AND HUDDERSFIELD NHS FOUNDATION TRUST,C_430,Elderly Medicine Service,204,143,70.10%,8.6,38.2,-,-,-
Y63,RWY,CALDERDALE AND HUDDERSFIELD NHS FOUNDATION TRUST,C_502,Gynaecology Service,"3,183","2,188",68.70%,11,29.8,-,-,-
Y63,RWY,CALDERDALE AND HUDDERSFIELD NHS FOUNDATION TRUST,X02,Other - Medical Services,"1,294","1,051",81.20%,7.6,25.1,-,-,-
Y63,RWY,CALDERDALE AND HUDDERSFIELD NHS FOUNDATION TRUST,X03,Other - Mental Health Services,-,-,-,-,-,-,-,-
Y63,RWY,CALDERDALE AND HUDDERSFIELD NHS FOUNDATION TRUST,X04,Other - Paediatric Services,773,740,95.70%,5.8,14.6,-,-,-
Y63,RWY,CALDERDALE AND HUDDERSFIELD NHS FOUNDATION TRUST,X05,Other - Surgical Services,250,248,99.20%,6.7,13.9,-,-,-
Y63,RWY,CALDERDALE AND HUDDERSFIELD NHS FOUNDATION TRUST,X06,Other - Other Services,154,136,88.30%,7,21.3,-,-,-
Y63,RX4,"CUMBRIA, NORTHUMBERLAND, TYNE AND WEAR NHS FOUNDATION TRUST",C_100,General Surgery Service,-,-,-,-,-,-,-,-
Y63,RX4,"CUMBRIA, NORTHUMBERLAND, TYNE AND WEAR NHS FOUNDATION TRUST",C_101,Urology Service,-,-,-,-,-,-,-,-
Y63,RX4,"CUMBRIA, NORTHUMBERLAND, TYNE AND WEAR NHS FOUNDATION TRUST",C_110,Trauma and Orthopaedic Service,-,-,-,-,-,-,-,-
Y63,RX4,"CUMBRIA, NORTHUMBERLAND, TYNE AND WEAR NHS FOUNDATION TRUST",C_120,Ear Nose and Throat Service,-,-,-,-,-,-,-,-
Y63,RX4,"CUMBRIA, NORTHUMBERLAND, TYNE AND WEAR NHS FOUNDATION TRUST",C_130,Ophthalmology Service,-,-,-,-,-,-,-,-
Y63,RX4,"CUMBRIA, NORTHUMBERLAND, TYNE AND WEAR NHS FOUNDATION TRUST",C_140,Oral Surgery Service,-,-,-,-,-,-,-,-
Y63,RX4,"CUMBRIA, NORTHUMBERLAND, TYNE AND WEAR NHS FOUNDATION TRUST",C_150,Neurosurgical Service,-,-,-,-,-,-,-,-
Y63,RX4,"CUMBRIA, NORTHUMBERLAND, TYNE AND WEAR NHS FOUNDATION TRUST",C_160,Plastic Surgery Service,-,-,-,-,-,-,-,-
Y63,RX4,"CUMBRIA, NORTHUMBERLAND, TYNE AND WEAR NHS FOUNDATION TRUST",C_170,Cardiothoracic Surgery Service,-,-,-,-,-,-,-,-
Y63,RX4,"CUMBRIA, NORTHUMBERLAND, TYNE AND WEAR NHS FOUNDATION TRUST",C_300,General Internal Medicine Service,-,-,-,-,-,-,-,-
Y63,RX4,"CUMBRIA, NORTHUMBERLAND, TYNE AND WEAR NHS FOUNDATION TRUST",C_301,Gastroenterology Service,-,-,-,-,-,-,-,-
Y63,RX4,"CUMBRIA, NORTHUMBERLAND, TYNE AND WEAR NHS FOUNDATION TRUST",C_320,Cardiology Service,-,-,-,-,-,-,-,-
Y63,RX4,"CUMBRIA, NORTHUMBERLAND, TYNE AND WEAR NHS FOUNDATION TRUST",C_330,Dermatology Service,-,-,-,-,-,-,-,-
Y63,RX4,"CUMBRIA, NORTHUMBERLAND, TYNE AND WEAR NHS FOUNDATION TRUST",C_340,Respiratory Medicine Service,-,-,-,-,-,-,-,-
Y63,RX4,"CUMBRIA, NORTHUMBERLAND, TYNE AND WEAR NHS FOUNDATION TRUST",C_400,Neurology Service,-,-,-,-,-,-,-,-
Y63,RX4,"CUMBRIA, NORTHUMBERLAND, TYNE AND WEAR NHS FOUNDATION TRUST",C_410,Rheumatology Service,-,-,-,-,-,-,-,-
Y63,RX4,"CUMBRIA, NORTHUMBERLAND, TYNE AND WEAR NHS FOUNDATION TRUST",C_430,Elderly Medicine Service,-,-,-,-,-,-,-,-
Y63,RX4,"CUMBRIA, NORTHUMBERLAND, TYNE AND WEAR NHS FOUNDATION TRUST",C_502,Gynaecology Service,-,-,-,-,-,-,-,-
Y63,RX4,"CUMBRIA, NORTHUMBERLAND, TYNE AND WEAR NHS FOUNDATION TRUST",X02,Other - Medical Services,-,-,-,-,-,-,-,-
Y63,RX4,"CUMBRIA, NORTHUMBERLAND, TYNE AND WEAR NHS FOUNDATION TRUST",X03,Other - Mental Health Services,-,-,-,-,-,-,-,-
Y63,RX4,"CUMBRIA, NORTHUMBERLAND, TYNE AND WEAR NHS FOUNDATION TRUST",X04,Other - Paediatric Services,-,-,-,-,-,-,-,-
Y63,RX4,"CUMBRIA, NORTHUMBERLAND, TYNE AND WEAR NHS FOUNDATION TRUST",X05,Other - Surgical Services,-,-,-,-,-,-,-,-
Y63,RX4,"CUMBRIA, NORTHUMBERLAND, TYNE AND WEAR NHS FOUNDATION TRUST",X06,Other - Other Services,209,209,100.00%,5.6,12.9,-,-,-
Y63,RXF,MID YORKSHIRE TEACHING NHS TRUST,C_100,General Surgery Service,"2,128","1,128",53.00%,16.7,45.5,111,1,19
Y63,RXF,MID YORKSHIRE TEACHING NHS TRUST,C_101,Urology Service,"2,898","1,886",65.10%,11.4,44.4,136,-,41
Y63,RXF,MID YORKSHIRE TEACHING NHS TRUST,C_110,Trauma and Orthopaedic Service,"5,466","2,627",48.10%,18.7,43,142,-,28
Y63,RXF,MID YORKSHIRE TEACHING NHS TRUST,C_120,Ear Nose and Throat Service,"5,706","2,947",51.60%,16.8,53.4,482,15,174
Y63,RXF,MID YORKSHIRE TEACHING NHS TRUST,C_130,Ophthalmology Service,"4,264","2,780",65.20%,10.9,40,78,-,13
Y63,RXF,MID YORKSHIRE TEACHING NHS TRUST,C_140,Oral Surgery Service,"2,692","1,674",62.20%,12.9,46.6,140,1,31
Y63,RXF,MID YORKSHIRE TEACHING NHS TRUST,C_150,Neurosurgical Service,-,-,-,-,-,-,-,-
Y63,RXF,MID YORKSHIRE TEACHING NHS TRUST,C_160,Plastic Surgery Service,"1,921","1,213",63.10%,13.6,39.4,50,-,9
Y63,RXF,MID YORKSHIRE TEACHING NHS TRUST,C_170,Cardiothoracic Surgery Service,-,-,-,-,-,-,-,-
Y63,RXF,MID YORKSHIRE TEACHING NHS TRUST,C_300,General Internal Medicine Service,27,27,100.00%,1.8,6.9,-,-,-
Y63,RXF,MID YORKSHIRE TEACHING NHS TRUST,C_301,Gastroenterology Service,"2,473","2,034",82.20%,6.2,27.1,11,-,2
Y63,RXF,MID YORKSHIRE TEACHING NHS TRUST,C_320,Cardiology Service,"1,075",813,75.60%,10.1,26,1,-,-
Y63,RXF,MID YORKSHIRE TEACHING NHS TRUST,C_330,Dermatology Service,"1,068",701,65.60%,10.5,34,4,-,-
Y63,RXF,MID YORKSHIRE TEACHING NHS TRUST,C_340,Respiratory Medicine Service,"1,533",856,55.80%,14.4,42.5,6,-,1
Y63,RXF,MID YORKSHIRE TEACHING NHS TRUST,C_400,Neurology Service,"1,591",841,52.90%,16.9,38.3,19,-,5
Y63,RXF,MID YORKSHIRE TEACHING NHS TRUST,C_410,Rheumatology Service,934,528,56.50%,15,32.5,-,-,-
Y63,RXF,MID YORKSHIRE TEACHING NHS TRUST,C_430,Elderly Medicine Service,253,138,54.50%,14.9,35.3,4,-,1
Y63,RXF,MID YORKSHIRE TEACHING NHS TRUST,C_502,Gynaecology Service,"5,993","3,193",53.30%,16.6,50.5,448,28,195
Y63,RXF,MID YORKSHIRE TEACHING NHS TRUST,X02,Other - Medical Services,"7,378","4,174",56.60%,15.1,41.3,89,-,11
Y63,RXF,MID YORKSHIRE TEACHING NHS TRUST,X03,Other - Mental Health Services,-,-,-,-,-,-,-,-
Y63,RXF,MID YORKSHIRE TEACHING NHS TRUST,X04,Other - Paediatric Services,"3,355","1,452",43.30%,23.5,48.1,161,-,1
Y63,RXF,MID YORKSHIRE TEACHING NHS TRUST,X05,Other - Surgical Services,"5,470","3,244",59.30%,13.4,40.2,155,-,47
Y63,RXF,MID YORKSHIRE TEACHING NHS TRUST,X06,Other - Other Services,265,241,90.90%,6.6,19.6,1,-,1
Y63,RXG,SOUTH WEST YORKSHIRE PARTNERSHIP NHS FOUNDATION TRUST,C_100,General Surgery Service,-,-,-,-,-,-,-,-
Y63,RXG,SOUTH WEST YORKSHIRE PARTNERSHIP NHS FOUNDATION TRUST,C_101,Urology Service,-,-,-,-,-,-,-,-
Y63,RXG,SOUTH WEST YORKSHIRE PARTNERSHIP NHS FOUNDATION TRUST,C_110,Trauma and Orthopaedic Service,-,-,-,-,-,-,-,-
Y63,RXG,SOUTH WEST YORKSHIRE PARTNERSHIP NHS FOUNDATION TRUST,C_120,Ear Nose and Throat Service,-,-,-,-,-,-,-,-
Y63,RXG,SOUTH WEST YORKSHIRE PARTNERSHIP NHS FOUNDATION TRUST,C_130,Ophthalmology Service,-,-,-,-,-,-,-,-
Y63,RXG,SOUTH WEST YORKSHIRE PARTNERSHIP NHS FOUNDATION TRUST,C_140,Oral Surgery Service,-,-,-,-,-,-,-,-
Y63,RXG,SOUTH WEST YORKSHIRE PARTNERSHIP NHS FOUNDATION TRUST,C_150,Neurosurgical Service,-,-,-,-,-,-,-,-
Y63,RXG,SOUTH WEST YORKSHIRE PARTNERSHIP NHS FOUNDATION TRUST,C_160,Plastic Surgery Service,-,-,-,-,-,-,-,-
Y63,RXG,SOUTH WEST YORKSHIRE PARTNERSHIP NHS FOUNDATION TRUST,C_170,Cardiothoracic Surgery Service,-,-,-,-,-,-,-,-
Y63,RXG,SOUTH WEST YORKSHIRE PARTNERSHIP NHS FOUNDATION TRUST,C_300,General Internal Medicine Service,-,-,-,-,-,-,-,-
Y63,RXG,SOUTH WEST YORKSHIRE PARTNERSHIP NHS FOUNDATION TRUST,C_301,Gastroenterology Service,-,-,-,-,-,-,-,-
Y63,RXG,SOUTH WEST YORKSHIRE PARTNERSHIP NHS FOUNDATION TRUST,C_320,Cardiology Service,-,-,-,-,-,-,-,-
Y63,RXG,SOUTH WEST YORKSHIRE PARTNERSHIP NHS FOUNDATION TRUST,C_330,Dermatology Service,-,-,-,-,-,-,-,-
Y63,RXG,SOUTH WEST YORKSHIRE PARTNERSHIP NHS FOUNDATION TRUST,C_340,Respiratory Medicine Service,-,-,-,-,-,-,-,-
Y63,RXG,SOUTH WEST YORKSHIRE PARTNERSHIP NHS FOUNDATION TRUST,C_400,Neurology Service,-,-,-,-,-,-,-,-
Y63,RXG,SOUTH WEST YORKSHIRE PARTNERSHIP NHS FOUNDATION TRUST,C_410,Rheumatology Service,-,-,-,-,-,-,-,-
Y63,RXG,SOUTH WEST YORKSHIRE PARTNERSHIP NHS FOUNDATION TRUST,C_430,Elderly Medicine Service,-,-,-,-,-,-,-,-
Y63,RXG,SOUTH WEST YORKSHIRE PARTNERSHIP NHS FOUNDATION TRUST,C_502,Gynaecology Service,-,-,-,-,-,-,-,-
Y63,RXG,SOUTH WEST YORKSHIRE PARTNERSHIP NHS FOUNDATION TRUST,X02,Other - Medical Services,-,-,-,-,-,-,-,-
Y63,RXG,SOUTH WEST YORKSHIRE PARTNERSHIP NHS FOUNDATION TRUST,X03,Other - Mental Health Services,-,-,-,-,-,-,-,-
Y63,RXG,SOUTH WEST YORKSHIRE PARTNERSHIP NHS FOUNDATION TRUST,X04,Other - Paediatric Services,-,-,-,-,-,-,-,-
Y63,RXG,SOUTH WEST YORKSHIRE PARTNERSHIP NHS FOUNDATION TRUST,X05,Other - Surgical Services,-,-,-,-,-,-,-,-
Y63,RXG,SOUTH WEST YORKSHIRE PARTNERSHIP NHS FOUNDATION TRUST,X06,Other - Other Services,"2,019","2,016",99.90%,3.4,6.8,-,-,-
Y63,RXP,COUNTY DURHAM AND DARLINGTON NHS FOUNDATION TRUST,C_100,General Surgery Service,"5,111","3,320",65.00%,11.9,40.7,70,-,12
Y63,RXP,COUNTY DURHAM AND DARLINGTON NHS FOUNDATION TRUST,C_101,Urology Service,-,-,-,-,-,-,-,-
Y63,RXP,COUNTY DURHAM AND DARLINGTON NHS FOUNDATION TRUST,C_110,Trauma and Orthopaedic Service,"7,920","6,695",84.50%,7.5,29,93,-,6
Y63,RXP,COUNTY DURHAM AND DARLINGTON NHS FOUNDATION TRUST,C_120,Ear Nose and Throat Service,"3,259","1,505",46.20%,19.2,37,22,-,-
Y63,RXP,COUNTY DURHAM AND DARLINGTON NHS FOUNDATION TRUST,C_130,Ophthalmology Service,"2,659","1,611",60.60%,13.5,38.5,23,-,1
Y63,RXP,COUNTY DURHAM AND DARLINGTON NHS FOUNDATION TRUST,C_140,Oral Surgery Service,931,532,57.10%,14.2,46.3,33,-,-
Y63,RXP,COUNTY DURHAM AND DARLINGTON NHS FOUNDATION TRUST,C_150,Neurosurgical Service,-,-,-,-,-,-,-,-
Y63,RXP,COUNTY DURHAM AND DARLINGTON NHS FOUNDATION TRUST,C_160,Plastic Surgery Service,"1,974","1,069",54.20%,16,45.4,74,-,1
Y63,RXP,COUNTY DURHAM AND DARLINGTON NHS FOUNDATION TRUST,C_170,Cardiothoracic Surgery Service,5,2,40.00%,-,-,-,-,-
Y63,RXP,COUNTY DURHAM AND DARLINGTON NHS FOUNDATION TRUST,C_300,General Internal Medicine Service,"1,498","1,003",67.00%,12.9,35.6,9,-,2
Y63,RXP,COUNTY DURHAM AND DARLINGTON NHS FOUNDATION TRUST,C_301,Gastroenterology Service,"2,855","1,558",54.60%,15.9,42.3,67,-,10
Y63,RXP,COUNTY DURHAM AND DARLINGTON NHS FOUNDATION TRUST,C_320,Cardiology Service,"1,773","1,407",79.40%,10.2,27.4,16,-,4
Y63,RXP,COUNTY DURHAM AND DARLINGTON NHS FOUNDATION TRUST,C_330,Dermatology Service,"3,760","2,711",72.10%,11.1,32.4,46,-,3
Y63,RXP,COUNTY DURHAM AND DARLINGTON NHS FOUNDATION TRUST,C_340,Respiratory Medicine Service,"1,508",888,58.90%,13.7,43.3,38,-,5
Y63,RXP,COUNTY DURHAM AND DARLINGTON NHS FOUNDATION TRUST,C_400,Neurology Service,-,-,-,-,-,-,-,-
Y63,RXP,COUNTY DURHAM AND DARLINGTON NHS FOUNDATION TRUST,C_410,Rheumatology Service,"1,064",486,45.70%,19.7,40,8,-,-
Y63,RXP,COUNTY DURHAM AND DARLINGTON NHS FOUNDATION TRUST,C_430,Elderly Medicine Service,439,424,96.60%,2.9,11.7,-,-,-
Y63,RXP,COUNTY DURHAM AND DARLINGTON NHS FOUNDATION TRUST,C_502,Gynaecology Service,"3,911","2,681",68.60%,10.9,37.2,40,-,1
Y63,RXP,COUNTY DURHAM AND DARLINGTON NHS FOUNDATION TRUST,X02,Other - Medical Services,136,122,89.70%,5.7,19.1,-,-,-
Y63,RXP,COUNTY DURHAM AND DARLINGTON NHS FOUNDATION TRUST,X03,Other - Mental Health Services,842,581,69.00%,12.2,28.5,1,-,-
Y63,RXP,COUNTY DURHAM AND DARLINGTON NHS FOUNDATION TRUST,X04,Other - Paediatric Services,"4,624","2,856",61.80%,12.8,35.5,25,-,2
Y63,RXP,COUNTY DURHAM AND DARLINGTON NHS FOUNDATION TRUST,X05,Other - Surgical Services,-,-,-,-,-,-,-,-
Y63,RXP,COUNTY DURHAM AND DARLINGTON NHS FOUNDATION TRUST,X06,Other - Other Services,-,-,-,-,-,-,-,-
Y63,RY6,LEEDS COMMUNITY HEALTHCARE NHS TRUST,C_100,General Surgery Service,-,-,-,-,-,-,-,-
Y63,RY6,LEEDS COMMUNITY HEALTHCARE NHS TRUST,C_101,Urology Service,-,-,-,-,-,-,-,-
Y63,RY6,LEEDS COMMUNITY HEALTHCARE NHS TRUST,C_110,Trauma and Orthopaedic Service,-,-,-,-,-,-,-,-
Y63,RY6,LEEDS COMMUNITY HEALTHCARE NHS TRUST,C_120,Ear Nose and Throat Service,-,-,-,-,-,-,-,-
Y63,RY6,LEEDS COMMUNITY HEALTHCARE NHS TRUST,C_130,Ophthalmology Service,-,-,-,-,-,-,-,-
Y63,RY6,LEEDS COMMUNITY HEALTHCARE NHS TRUST,C_140,Oral Surgery Service,-,-,-,-,-,-,-,-
Y63,RY6,LEEDS COMMUNITY HEALTHCARE NHS TRUST,C_150,Neurosurgical Service,-,-,-,-,-,-,-,-
Y63,RY6,LEEDS COMMUNITY HEALTHCARE NHS TRUST,C_160,Plastic Surgery Service,-,-,-,-,-,-,-,-
Y63,RY6,LEEDS COMMUNITY HEALTHCARE NHS TRUST,C_170,Cardiothoracic Surgery Service,-,-,-,-,-,-,-,-
Y63,RY6,LEEDS COMMUNITY HEALTHCARE NHS TRUST,C_300,General Internal Medicine Service,-,-,-,-,-,-,-,-
Y63,RY6,LEEDS COMMUNITY HEALTHCARE NHS TRUST,C_301,Gastroenterology Service,-,-,-,-,-,-,-,-
Y63,RY6,LEEDS COMMUNITY HEALTHCARE NHS TRUST,C_320,Cardiology Service,-,-,-,-,-,-,-,-
Y63,RY6,LEEDS COMMUNITY HEALTHCARE NHS TRUST,C_330,Dermatology Service,-,-,-,-,-,-,-,-
Y63,RY6,LEEDS COMMUNITY HEALTHCARE NHS TRUST,C_340,Respiratory Medicine Service,-,-,-,-,-,-,-,-
Y63,RY6,LEEDS COMMUNITY HEALTHCARE NHS TRUST,C_400,Neurology Service,-,-,-,-,-,-,-,-
Y63,RY6,LEEDS COMMUNITY HEALTHCARE NHS TRUST,C_410,Rheumatology Service,-,-,-,-,-,-,-,-
Y63,RY6,LEEDS COMMUNITY HEALTHCARE NHS TRUST,C_430,Elderly Medicine Service,-,-,-,-,-,-,-,-
Y63,RY6,LEEDS COMMUNITY HEALTHCARE NHS TRUST,C_502,Gynaecology Service,209,26,12.40%,43,53.1,17,1,2
Y63,RY6,LEEDS COMMUNITY HEALTHCARE NHS TRUST,X02,Other - Medical Services,-,-,-,-,-,-,-,-
Y63,RY6,LEEDS COMMUNITY HEALTHCARE NHS TRUST,X03,Other - Mental Health Services,-,-,-,-,-,-,-,-
Y63,RY6,LEEDS COMMUNITY HEALTHCARE NHS TRUST,X04,Other - Paediatric Services,"2,645","1,222",46.20%,19.7,59,351,-,99
Y63,RY6,LEEDS COMMUNITY HEALTHCARE NHS TRUST,X05,Other - Surgical Services,-,-,-,-,-,-,-,-
Y63,RY6,LEEDS COMMUNITY HEALTHCARE NHS TRUST,X06,Other - Other Services,-,-,-,-,-,-,-,-
Y63,TAD,BRADFORD DISTRICT CARE NHS FOUNDATION TRUST,C_100,General Surgery Service,-,-,-,-,-,-,-,-
Y63,TAD,BRADFORD DISTRICT CARE NHS FOUNDATION TRUST,C_101,Urology Service,-,-,-,-,-,-,-,-
Y63,TAD,BRADFORD DISTRICT CARE NHS FOUNDATION TRUST,C_110,Trauma and Orthopaedic Service,-,-,-,-,-,-,-,-
Y63,TAD,BRADFORD DISTRICT CARE NHS FOUNDATION TRUST,C_120,Ear Nose and Throat Service,-,-,-,-,-,-,-,-
Y63,TAD,BRADFORD DISTRICT CARE NHS FOUNDATION TRUST,C_130,Ophthalmology Service,-,-,-,-,-,-,-,-
Y63,TAD,BRADFORD DISTRICT CARE NHS FOUNDATION TRUST,C_140,Oral Surgery Service,-,-,-,-,-,-,-,-
Y63,TAD,BRADFORD DISTRICT CARE NHS FOUNDATION TRUST,C_150,Neurosurgical Service,-,-,-,-,-,-,-,-
Y63,TAD,BRADFORD DISTRICT CARE NHS FOUNDATION TRUST,C_160,Plastic Surgery Service,-,-,-,-,-,-,-,-
Y63,TAD,BRADFORD DISTRICT CARE NHS FOUNDATION TRUST,C_170,Cardiothoracic Surgery Service,-,-,-,-,-,-,-,-
Y63,TAD,BRADFORD DISTRICT CARE NHS FOUNDATION TRUST,C_300,General Internal Medicine Service,-,-,-,-,-,-,-,-
Y63,TAD,BRADFORD DISTRICT CARE NHS FOUNDATION TRUST,C_301,Gastroenterology Service,-,-,-,-,-,-,-,-
Y63,TAD,BRADFORD DISTRICT CARE NHS FOUNDATION TRUST,C_320,Cardiology Service,-,-,-,-,-,-,-,-
Y63,TAD,BRADFORD DISTRICT CARE NHS FOUNDATION TRUST,C_330,Dermatology Service,-,-,-,-,-,-,-,-
Y63,TAD,BRADFORD DISTRICT CARE NHS FOUNDATION TRUST,C_340,Respiratory Medicine Service,-,-,-,-,-,-,-,-
Y63,TAD,BRADFORD DISTRICT CARE NHS FOUNDATION TRUST,C_400,Neurology Service,-,-,-,-,-,-,-,-
Y63,TAD,BRADFORD DISTRICT CARE NHS FOUNDATION TRUST,C_410,Rheumatology Service,-,-,-,-,-,-,-,-
Y63,TAD,BRADFORD DISTRICT CARE NHS FOUNDATION TRUST,C_430,Elderly Medicine Service,-,-,-,-,-,-,-,-
Y63,TAD,BRADFORD DISTRICT CARE NHS FOUNDATION TRUST,C_502,Gynaecology Service,-,-,-,-,-,-,-,-
Y63,TAD,BRADFORD DISTRICT CARE NHS FOUNDATION TRUST,X02,Other - Medical Services,437,264,60.40%,12.2,43.6,10,-,-
Y63,TAD,BRADFORD DISTRICT CARE NHS FOUNDATION TRUST,X03,Other - Mental Health Services,-,-,-,-,-,-,-,-
Y63,TAD,BRADFORD DISTRICT CARE NHS FOUNDATION TRUST,X04,Other - Paediatric Services,-,-,-,-,-,-,-,-
Y63,TAD,BRADFORD DISTRICT CARE NHS FOUNDATION TRUST,X05,Other - Surgical Services,-,-,-,-,-,-,-,-
Y63,TAD,BRADFORD DISTRICT CARE NHS FOUNDATION TRUST,X06,Other - Other Services,-,-,-,-,-,-,-,-
