Region Code,Provider Code,Provider Name,Treatment Function Code,Treatment Function,Total number of incomplete pathways,Total within 18 weeks,% within 18 weeks,Average (median) waiting time (in weeks),92nd percentile waiting time (in weeks),Total 52 plus weeks,Total 78 plus weeks
Y56,R1H,BARTS HEALTH NHS TRUST,C_100,General Surgery Service,"3,718","1,967",52.90%,16.3,58.6,428,67
Y56,R1H,BARTS HEALTH NHS TRUST,C_101,Urology Service,"7,541","3,570",47.30%,19.4,53.6,682,62
Y56,R1H,BARTS HEALTH NHS TRUST,C_110,Trauma and Orthopaedic Service,"7,815","3,946",50.50%,17.7,58.1,839,157
Y56,R1H,BARTS HEALTH NHS TRUST,C_120,Ear Nose and Throat Service,"4,065","1,868",46.00%,20.1,66.2,589,121
Y56,R1H,BARTS HEALTH NHS TRUST,C_130,Ophthalmology Service,"4,489","2,812",62.60%,13,43,131,3
Y56,R1H,BARTS HEALTH NHS TRUST,C_140,Oral Surgery Service,"6,090","3,051",50.10%,18,48.5,340,50
Y56,R1H,BARTS HEALTH NHS TRUST,C_150,Neurosurgical Service,"1,677",857,51.10%,17.6,52.2,136,16
Y56,R1H,BARTS HEALTH NHS TRUST,C_160,Plastic Surgery Service,931,438,47.00%,19.6,58.3,100,9
Y56,R1H,BARTS HEALTH NHS TRUST,C_170,Cardiothoracic Surgery Service,906,618,68.20%,10.6,36.8,11,2
Y56,R1H,BARTS HEALTH NHS TRUST,C_300,General Internal Medicine Service,56,23,41.10%,19.9,52.3,5,0
Y56,R1H,BARTS HEALTH NHS TRUST,C_301,Gastroenterology Service,"5,643","3,427",60.70%,13.9,38.8,180,9
Y56,R1H,BARTS HEALTH NHS TRUST,C_320,Cardiology Service,"6,923","5,127",74.10%,10.1,29.2,6,0
Y56,R1H,BARTS HEALTH NHS TRUST,C_330,Dermatology Service,"7,171","3,727",52.00%,16.7,44.3,92,0
Y56,R1H,BARTS HEALTH NHS TRUST,C_340,Respiratory Medicine Service,"4,721","2,252",47.70%,18.8,47,246,16
Y56,R1H,BARTS HEALTH NHS TRUST,C_400,Neurology Service,"1,871","1,259",67.30%,12.4,31.7,14,0
Y56,R1H,BARTS HEALTH NHS TRUST,C_410,Rheumatology Service,778,633,81.40%,8.3,28.2,9,0
Y56,R1H,BARTS HEALTH NHS TRUST,C_430,Elderly Medicine Service,110,94,85.50%,4.7,23.6,0,0
Y56,R1H,BARTS HEALTH NHS TRUST,C_502,Gynaecology Service,"9,494","5,037",53.10%,16.5,49.8,647,102
Y56,R1H,BARTS HEALTH NHS TRUST,X02,Other - Medical Services,"13,050","8,499",65.10%,11.9,37.4,263,12
Y56,R1H,BARTS HEALTH NHS TRUST,X03,Other - Mental Health Services, -   , -   , -   ,-,-,0,0
Y56,R1H,BARTS HEALTH NHS TRUST,X04,Other - Paediatric Services,"10,473","5,181",49.50%,18.2,51.8,826,82
Y56,R1H,BARTS HEALTH NHS TRUST,X05,Other - Surgical Services,"13,792","6,919",50.20%,17.9,56.4,"1,414",206
Y56,R1H,BARTS HEALTH NHS TRUST,X06,Other - Other Services,930,661,71.10%,8.9,37.7,27,6
Y56,R1K,LONDON NORTH WEST UNIVERSITY HEALTHCARE NHS TRUST,C_100,General Surgery Service,"10,467","6,868",65.60%,11.9,34.8,224,16
Y56,R1K,LONDON NORTH WEST UNIVERSITY HEALTHCARE NHS TRUST,C_101,Urology Service,"2,886","2,009",69.60%,11.2,33.5,35,0
Y56,R1K,LONDON NORTH WEST UNIVERSITY HEALTHCARE NHS TRUST,C_110,Trauma and Orthopaedic Service,"4,522","2,885",63.80%,13.4,34.6,55,0
Y56,R1K,LONDON NORTH WEST UNIVERSITY HEALTHCARE NHS TRUST,C_120,Ear Nose and Throat Service,"9,917","4,585",46.20%,19.6,43.9,139,1
Y56,R1K,LONDON NORTH WEST UNIVERSITY HEALTHCARE NHS TRUST,C_130,Ophthalmology Service,"1,551","1,079",69.60%,9.9,33.8,10,0
Y56,R1K,LONDON NORTH WEST UNIVERSITY HEALTHCARE NHS TRUST,C_140,Oral Surgery Service,"9,215","4,853",52.70%,16.4,40,104,0
Y56,R1K,LONDON NORTH WEST UNIVERSITY HEALTHCARE NHS TRUST,C_150,Neurosurgical Service, -   , -   , -   ,-,-,0,0
Y56,R1K,LONDON NORTH WEST UNIVERSITY HEALTHCARE NHS TRUST,C_160,Plastic Surgery Service,30,29,96.70%,5.5,16.5,0,0
Y56,R1K,LONDON NORTH WEST UNIVERSITY HEALTHCARE NHS TRUST,C_170,Cardiothoracic Surgery Service, -   , -   , -   ,-,-,0,0
Y56,R1K,LONDON NORTH WEST UNIVERSITY HEALTHCARE NHS TRUST,C_300,General Internal Medicine Service,11,11,100.00%,-,-,0,0
Y56,R1K,LONDON NORTH WEST UNIVERSITY HEALTHCARE NHS TRUST,C_301,Gastroenterology Service,"5,049","3,343",66.20%,12.2,27.6,11,1
Y56,R1K,LONDON NORTH WEST UNIVERSITY HEALTHCARE NHS TRUST,C_320,Cardiology Service,"3,548","2,934",82.70%,8.3,23.9,0,0
Y56,R1K,LONDON NORTH WEST UNIVERSITY HEALTHCARE NHS TRUST,C_330,Dermatology Service,"3,317","2,951",89.00%,8.1,20.1,0,0
Y56,R1K,LONDON NORTH WEST UNIVERSITY HEALTHCARE NHS TRUST,C_340,Respiratory Medicine Service,"1,446","1,172",81.10%,10.2,25.2,0,0
Y56,R1K,LONDON NORTH WEST UNIVERSITY HEALTHCARE NHS TRUST,C_400,Neurology Service,"2,981","1,440",48.30%,18.8,40.6,1,0
Y56,R1K,LONDON NORTH WEST UNIVERSITY HEALTHCARE NHS TRUST,C_410,Rheumatology Service,913,837,91.70%,7.4,18.1,0,0
Y56,R1K,LONDON NORTH WEST UNIVERSITY HEALTHCARE NHS TRUST,C_430,Elderly Medicine Service,51,51,100.00%,2,10,0,0
Y56,R1K,LONDON NORTH WEST UNIVERSITY HEALTHCARE NHS TRUST,C_502,Gynaecology Service,"7,472","3,647",48.80%,18.5,51.3,567,33
Y56,R1K,LONDON NORTH WEST UNIVERSITY HEALTHCARE NHS TRUST,X02,Other - Medical Services,"6,769","5,330",78.70%,9,27.8,5,0
Y56,R1K,LONDON NORTH WEST UNIVERSITY HEALTHCARE NHS TRUST,X03,Other - Mental Health Services, -   , -   , -   ,-,-,0,0
Y56,R1K,LONDON NORTH WEST UNIVERSITY HEALTHCARE NHS TRUST,X04,Other - Paediatric Services,925,677,73.20%,11.8,26.8,0,0
Y56,R1K,LONDON NORTH WEST UNIVERSITY HEALTHCARE NHS TRUST,X05,Other - Surgical Services, -   , -   , -   ,-,-,0,0
Y56,R1K,LONDON NORTH WEST UNIVERSITY HEALTHCARE NHS TRUST,X06,Other - Other Services,5, -   , -   ,-,-,0,0
Y56,RAL,ROYAL FREE LONDON NHS FOUNDATION TRUST,C_100,General Surgery Service,"2,482","1,127",45.40%,20.1,49.9,158,3
Y56,RAL,ROYAL FREE LONDON NHS FOUNDATION TRUST,C_101,Urology Service,"5,878","2,799",47.60%,19,50.6,425,22
Y56,RAL,ROYAL FREE LONDON NHS FOUNDATION TRUST,C_110,Trauma and Orthopaedic Service,"3,909","1,750",44.80%,20.5,71.2,883,175
Y56,RAL,ROYAL FREE LONDON NHS FOUNDATION TRUST,C_120,Ear Nose and Throat Service,"5,882","3,566",60.60%,14.4,52.5,483,34
Y56,RAL,ROYAL FREE LONDON NHS FOUNDATION TRUST,C_130,Ophthalmology Service,"4,858","3,052",62.80%,13.8,35.5,89,5
Y56,RAL,ROYAL FREE LONDON NHS FOUNDATION TRUST,C_140,Oral Surgery Service,12,5,41.70%,-,-,0,0
Y56,RAL,ROYAL FREE LONDON NHS FOUNDATION TRUST,C_150,Neurosurgical Service,1, -   , -   ,-,-,0,0
Y56,RAL,ROYAL FREE LONDON NHS FOUNDATION TRUST,C_160,Plastic Surgery Service,"2,101","1,136",54.10%,15.4,67.3,338,46
Y56,RAL,ROYAL FREE LONDON NHS FOUNDATION TRUST,C_170,Cardiothoracic Surgery Service,7, -   , -   ,-,-,0,0
Y56,RAL,ROYAL FREE LONDON NHS FOUNDATION TRUST,C_300,General Internal Medicine Service,159,89,56.00%,12.5,52.1,13,0
Y56,RAL,ROYAL FREE LONDON NHS FOUNDATION TRUST,C_301,Gastroenterology Service,"3,761","2,363",62.80%,13,37,60,5
Y56,RAL,ROYAL FREE LONDON NHS FOUNDATION TRUST,C_320,Cardiology Service,"4,611","3,080",66.80%,12.4,35,29,1
Y56,RAL,ROYAL FREE LONDON NHS FOUNDATION TRUST,C_330,Dermatology Service,"8,060","4,138",51.30%,17.2,50.7,574,22
Y56,RAL,ROYAL FREE LONDON NHS FOUNDATION TRUST,C_340,Respiratory Medicine Service,"3,611","2,119",58.70%,14.5,41.4,40,1
Y56,RAL,ROYAL FREE LONDON NHS FOUNDATION TRUST,C_400,Neurology Service,"3,180","1,860",58.50%,14.5,35.4,5,1
Y56,RAL,ROYAL FREE LONDON NHS FOUNDATION TRUST,C_410,Rheumatology Service,"1,915","1,425",74.40%,11,31,12,1
Y56,RAL,ROYAL FREE LONDON NHS FOUNDATION TRUST,C_430,Elderly Medicine Service,105,79,75.20%,9.5,40.8,1,0
Y56,RAL,ROYAL FREE LONDON NHS FOUNDATION TRUST,C_502,Gynaecology Service,"5,490","3,030",55.20%,15.9,46.2,258,15
Y56,RAL,ROYAL FREE LONDON NHS FOUNDATION TRUST,X02,Other - Medical Services,"14,830","9,561",64.50%,12.7,37.1,342,66
Y56,RAL,ROYAL FREE LONDON NHS FOUNDATION TRUST,X03,Other - Mental Health Services,1, -   , -   ,-,-,0,0
Y56,RAL,ROYAL FREE LONDON NHS FOUNDATION TRUST,X04,Other - Paediatric Services,"3,574","2,075",58.10%,14.5,45.5,132,5
Y56,RAL,ROYAL FREE LONDON NHS FOUNDATION TRUST,X05,Other - Surgical Services,"13,601","7,653",56.30%,15.2,45.3,562,38
Y56,RAL,ROYAL FREE LONDON NHS FOUNDATION TRUST,X06,Other - Other Services,"2,986","1,839",61.60%,12.2,47,139,12
Y56,RAN,ROYAL NATIONAL ORTHOPAEDIC HOSPITAL NHS TRUST,C_100,General Surgery Service, -   , -   , -   ,-,-,0,0
Y56,RAN,ROYAL NATIONAL ORTHOPAEDIC HOSPITAL NHS TRUST,C_101,Urology Service,79,67,84.80%,9.8,22.7,1,0
Y56,RAN,ROYAL NATIONAL ORTHOPAEDIC HOSPITAL NHS TRUST,C_110,Trauma and Orthopaedic Service,"5,617","4,212",75.00%,8.4,33.5,82,4
Y56,RAN,ROYAL NATIONAL ORTHOPAEDIC HOSPITAL NHS TRUST,C_120,Ear Nose and Throat Service, -   , -   , -   ,-,-,0,0
Y56,RAN,ROYAL NATIONAL ORTHOPAEDIC HOSPITAL NHS TRUST,C_130,Ophthalmology Service, -   , -   , -   ,-,-,0,0
Y56,RAN,ROYAL NATIONAL ORTHOPAEDIC HOSPITAL NHS TRUST,C_140,Oral Surgery Service, -   , -   , -   ,-,-,0,0
Y56,RAN,ROYAL NATIONAL ORTHOPAEDIC HOSPITAL NHS TRUST,C_150,Neurosurgical Service, -   , -   , -   ,-,-,0,0
Y56,RAN,ROYAL NATIONAL ORTHOPAEDIC HOSPITAL NHS TRUST,C_160,Plastic Surgery Service,4,4,100.00%,-,-,0,0
Y56,RAN,ROYAL NATIONAL ORTHOPAEDIC HOSPITAL NHS TRUST,C_170,Cardiothoracic Surgery Service, -   , -   , -   ,-,-,0,0
Y56,RAN,ROYAL NATIONAL ORTHOPAEDIC HOSPITAL NHS TRUST,C_300,General Internal Medicine Service, -   , -   , -   ,-,-,0,0
Y56,RAN,ROYAL NATIONAL ORTHOPAEDIC HOSPITAL NHS TRUST,C_301,Gastroenterology Service,31,28,90.30%,2,18.5,0,0
Y56,RAN,ROYAL NATIONAL ORTHOPAEDIC HOSPITAL NHS TRUST,C_320,Cardiology Service, -   , -   , -   ,-,-,0,0
Y56,RAN,ROYAL NATIONAL ORTHOPAEDIC HOSPITAL NHS TRUST,C_330,Dermatology Service, -   , -   , -   ,-,-,0,0
Y56,RAN,ROYAL NATIONAL ORTHOPAEDIC HOSPITAL NHS TRUST,C_340,Respiratory Medicine Service, -   , -   , -   ,-,-,0,0
Y56,RAN,ROYAL NATIONAL ORTHOPAEDIC HOSPITAL NHS TRUST,C_400,Neurology Service,1,1,100.00%,-,-,0,0
Y56,RAN,ROYAL NATIONAL ORTHOPAEDIC HOSPITAL NHS TRUST,C_410,Rheumatology Service,208,113,54.30%,16.4,38.1,4,0
Y56,RAN,ROYAL NATIONAL ORTHOPAEDIC HOSPITAL NHS TRUST,C_430,Elderly Medicine Service, -   , -   , -   ,-,-,0,0
Y56,RAN,ROYAL NATIONAL ORTHOPAEDIC HOSPITAL NHS TRUST,C_502,Gynaecology Service, -   , -   , -   ,-,-,0,0
Y56,RAN,ROYAL NATIONAL ORTHOPAEDIC HOSPITAL NHS TRUST,X02,Other - Medical Services,851,628,73.80%,10.3,30.2,9,0
Y56,RAN,ROYAL NATIONAL ORTHOPAEDIC HOSPITAL NHS TRUST,X03,Other - Mental Health Services,5,5,100.00%,-,-,0,0
Y56,RAN,ROYAL NATIONAL ORTHOPAEDIC HOSPITAL NHS TRUST,X04,Other - Paediatric Services,552,377,68.30%,12.2,35.8,7,0
Y56,RAN,ROYAL NATIONAL ORTHOPAEDIC HOSPITAL NHS TRUST,X05,Other - Surgical Services, -   , -   , -   ,-,-,0,0
Y56,RAN,ROYAL NATIONAL ORTHOPAEDIC HOSPITAL NHS TRUST,X06,Other - Other Services,39,36,92.30%,3,16.9,0,0
Y56,RAP,NORTH MIDDLESEX UNIVERSITY HOSPITAL NHS TRUST,C_100,General Surgery Service,"2,456","1,404",57.20%,14.4,49.9,158,2
Y56,RAP,NORTH MIDDLESEX UNIVERSITY HOSPITAL NHS TRUST,C_101,Urology Service,"1,721","1,189",69.10%,12.4,30.3,8,0
Y56,RAP,NORTH MIDDLESEX UNIVERSITY HOSPITAL NHS TRUST,C_110,Trauma and Orthopaedic Service,"1,618","1,208",74.70%,9.9,37.4,23,0
Y56,RAP,NORTH MIDDLESEX UNIVERSITY HOSPITAL NHS TRUST,C_120,Ear Nose and Throat Service, -   , -   , -   ,-,-,0,0
Y56,RAP,NORTH MIDDLESEX UNIVERSITY HOSPITAL NHS TRUST,C_130,Ophthalmology Service,743,707,95.20%,4.8,14.4,0,0
Y56,RAP,NORTH MIDDLESEX UNIVERSITY HOSPITAL NHS TRUST,C_140,Oral Surgery Service, -   , -   , -   ,-,-,0,0
Y56,RAP,NORTH MIDDLESEX UNIVERSITY HOSPITAL NHS TRUST,C_150,Neurosurgical Service, -   , -   , -   ,-,-,0,0
Y56,RAP,NORTH MIDDLESEX UNIVERSITY HOSPITAL NHS TRUST,C_160,Plastic Surgery Service, -   , -   , -   ,-,-,0,0
Y56,RAP,NORTH MIDDLESEX UNIVERSITY HOSPITAL NHS TRUST,C_170,Cardiothoracic Surgery Service, -   , -   , -   ,-,-,0,0
Y56,RAP,NORTH MIDDLESEX UNIVERSITY HOSPITAL NHS TRUST,C_300,General Internal Medicine Service,628,530,84.40%,10.8,20.5,0,0
Y56,RAP,NORTH MIDDLESEX UNIVERSITY HOSPITAL NHS TRUST,C_301,Gastroenterology Service,"1,812","1,176",64.90%,13.4,28.6,0,0
Y56,RAP,NORTH MIDDLESEX UNIVERSITY HOSPITAL NHS TRUST,C_320,Cardiology Service,"1,418","1,144",80.70%,8.8,25.4,0,0
Y56,RAP,NORTH MIDDLESEX UNIVERSITY HOSPITAL NHS TRUST,C_330,Dermatology Service,"1,293","1,037",80.20%,7.7,28.1,3,0
Y56,RAP,NORTH MIDDLESEX UNIVERSITY HOSPITAL NHS TRUST,C_340,Respiratory Medicine Service,787,585,74.30%,9.8,24.5,1,0
Y56,RAP,NORTH MIDDLESEX UNIVERSITY HOSPITAL NHS TRUST,C_400,Neurology Service,776,609,78.50%,11,24.2,0,0
Y56,RAP,NORTH MIDDLESEX UNIVERSITY HOSPITAL NHS TRUST,C_410,Rheumatology Service,588,537,91.30%,9.6,18.4,0,0
Y56,RAP,NORTH MIDDLESEX UNIVERSITY HOSPITAL NHS TRUST,C_430,Elderly Medicine Service,238,202,84.90%,8.9,19.9,0,0
Y56,RAP,NORTH MIDDLESEX UNIVERSITY HOSPITAL NHS TRUST,C_502,Gynaecology Service,"1,932","1,578",81.70%,7.4,29.5,7,0
Y56,RAP,NORTH MIDDLESEX UNIVERSITY HOSPITAL NHS TRUST,X02,Other - Medical Services,847,685,80.90%,10,24.3,0,0
Y56,RAP,NORTH MIDDLESEX UNIVERSITY HOSPITAL NHS TRUST,X03,Other - Mental Health Services, -   , -   , -   ,-,-,0,0
Y56,RAP,NORTH MIDDLESEX UNIVERSITY HOSPITAL NHS TRUST,X04,Other - Paediatric Services,"1,228",777,63.30%,14.2,29.1,5,0
Y56,RAP,NORTH MIDDLESEX UNIVERSITY HOSPITAL NHS TRUST,X05,Other - Surgical Services,688,334,48.50%,18.4,40.4,16,3
Y56,RAP,NORTH MIDDLESEX UNIVERSITY HOSPITAL NHS TRUST,X06,Other - Other Services,51,50,98.00%,3.5,11.3,0,0
Y56,RAS,THE HILLINGDON HOSPITALS NHS FOUNDATION TRUST,C_100,General Surgery Service,"1,438",735,51.10%,17.1,44.8,60,1
Y56,RAS,THE HILLINGDON HOSPITALS NHS FOUNDATION TRUST,C_101,Urology Service,"1,826",688,37.70%,23.4,48.4,86,5
Y56,RAS,THE HILLINGDON HOSPITALS NHS FOUNDATION TRUST,C_110,Trauma and Orthopaedic Service,"4,380","2,242",51.20%,17.5,42.7,139,6
Y56,RAS,THE HILLINGDON HOSPITALS NHS FOUNDATION TRUST,C_120,Ear Nose and Throat Service,"3,914","1,035",26.40%,31.5,57.2,521,7
Y56,RAS,THE HILLINGDON HOSPITALS NHS FOUNDATION TRUST,C_130,Ophthalmology Service,"1,764",882,50.00%,18,37.7,41,0
Y56,RAS,THE HILLINGDON HOSPITALS NHS FOUNDATION TRUST,C_140,Oral Surgery Service,"2,081",869,41.80%,22.9,48.2,86,6
Y56,RAS,THE HILLINGDON HOSPITALS NHS FOUNDATION TRUST,C_150,Neurosurgical Service, -   , -   , -   ,-,-,0,0
Y56,RAS,THE HILLINGDON HOSPITALS NHS FOUNDATION TRUST,C_160,Plastic Surgery Service,8,8,100.00%,-,-,0,0
Y56,RAS,THE HILLINGDON HOSPITALS NHS FOUNDATION TRUST,C_170,Cardiothoracic Surgery Service, -   , -   , -   ,-,-,0,0
Y56,RAS,THE HILLINGDON HOSPITALS NHS FOUNDATION TRUST,C_300,General Internal Medicine Service,146,101,69.20%,10.6,30.7,0,0
Y56,RAS,THE HILLINGDON HOSPITALS NHS FOUNDATION TRUST,C_301,Gastroenterology Service,"1,298",898,69.20%,9.8,39.1,22,0
Y56,RAS,THE HILLINGDON HOSPITALS NHS FOUNDATION TRUST,C_320,Cardiology Service,"1,177",812,69.00%,11.9,32.3,6,0
Y56,RAS,THE HILLINGDON HOSPITALS NHS FOUNDATION TRUST,C_330,Dermatology Service,660,585,88.60%,5.4,19.5,0,0
Y56,RAS,THE HILLINGDON HOSPITALS NHS FOUNDATION TRUST,C_340,Respiratory Medicine Service,798,480,60.20%,13.6,41,21,0
Y56,RAS,THE HILLINGDON HOSPITALS NHS FOUNDATION TRUST,C_400,Neurology Service,"1,425",339,23.80%,36.5,66,335,10
Y56,RAS,THE HILLINGDON HOSPITALS NHS FOUNDATION TRUST,C_410,Rheumatology Service,"1,808",512,28.30%,28.8,67.7,349,63
Y56,RAS,THE HILLINGDON HOSPITALS NHS FOUNDATION TRUST,C_430,Elderly Medicine Service,122,101,82.80%,6.4,25.7,0,0
Y56,RAS,THE HILLINGDON HOSPITALS NHS FOUNDATION TRUST,C_502,Gynaecology Service,"1,330",993,74.70%,10.7,29.2,11,0
Y56,RAS,THE HILLINGDON HOSPITALS NHS FOUNDATION TRUST,X02,Other - Medical Services,"5,614","2,871",51.10%,17.1,59.1,660,65
Y56,RAS,THE HILLINGDON HOSPITALS NHS FOUNDATION TRUST,X03,Other - Mental Health Services, -   , -   , -   ,-,-,0,0
Y56,RAS,THE HILLINGDON HOSPITALS NHS FOUNDATION TRUST,X04,Other - Paediatric Services,702,362,51.60%,16.8,44.5,23,3
Y56,RAS,THE HILLINGDON HOSPITALS NHS FOUNDATION TRUST,X05,Other - Surgical Services,"1,691","1,014",60.00%,13.5,44.7,54,1
Y56,RAS,THE HILLINGDON HOSPITALS NHS FOUNDATION TRUST,X06,Other - Other Services,306,212,69.30%,12.5,30.4,3,0
Y56,RAT,NORTH EAST LONDON NHS FOUNDATION TRUST,C_100,General Surgery Service, -   , -   , -   ,-,-,0,0
Y56,RAT,NORTH EAST LONDON NHS FOUNDATION TRUST,C_101,Urology Service, -   , -   , -   ,-,-,0,0
Y56,RAT,NORTH EAST LONDON NHS FOUNDATION TRUST,C_110,Trauma and Orthopaedic Service, -   , -   , -   ,-,-,0,0
Y56,RAT,NORTH EAST LONDON NHS FOUNDATION TRUST,C_120,Ear Nose and Throat Service, -   , -   , -   ,-,-,0,0
Y56,RAT,NORTH EAST LONDON NHS FOUNDATION TRUST,C_130,Ophthalmology Service, -   , -   , -   ,-,-,0,0
Y56,RAT,NORTH EAST LONDON NHS FOUNDATION TRUST,C_140,Oral Surgery Service, -   , -   , -   ,-,-,0,0
Y56,RAT,NORTH EAST LONDON NHS FOUNDATION TRUST,C_150,Neurosurgical Service, -   , -   , -   ,-,-,0,0
Y56,RAT,NORTH EAST LONDON NHS FOUNDATION TRUST,C_160,Plastic Surgery Service, -   , -   , -   ,-,-,0,0
Y56,RAT,NORTH EAST LONDON NHS FOUNDATION TRUST,C_170,Cardiothoracic Surgery Service, -   , -   , -   ,-,-,0,0
Y56,RAT,NORTH EAST LONDON NHS FOUNDATION TRUST,C_300,General Internal Medicine Service, -   , -   , -   ,-,-,0,0
Y56,RAT,NORTH EAST LONDON NHS FOUNDATION TRUST,C_301,Gastroenterology Service, -   , -   , -   ,-,-,0,0
Y56,RAT,NORTH EAST LONDON NHS FOUNDATION TRUST,C_320,Cardiology Service, -   , -   , -   ,-,-,0,0
Y56,RAT,NORTH EAST LONDON NHS FOUNDATION TRUST,C_330,Dermatology Service, -   , -   , -   ,-,-,0,0
Y56,RAT,NORTH EAST LONDON NHS FOUNDATION TRUST,C_340,Respiratory Medicine Service, -   , -   , -   ,-,-,0,0
Y56,RAT,NORTH EAST LONDON NHS FOUNDATION TRUST,C_400,Neurology Service, -   , -   , -   ,-,-,0,0
Y56,RAT,NORTH EAST LONDON NHS FOUNDATION TRUST,C_410,Rheumatology Service, -   , -   , -   ,-,-,0,0
Y56,RAT,NORTH EAST LONDON NHS FOUNDATION TRUST,C_430,Elderly Medicine Service,119,119,100.00%,2.2,8.2,0,0
Y56,RAT,NORTH EAST LONDON NHS FOUNDATION TRUST,C_502,Gynaecology Service, -   , -   , -   ,-,-,0,0
Y56,RAT,NORTH EAST LONDON NHS FOUNDATION TRUST,X02,Other - Medical Services, -   , -   , -   ,-,-,0,0
Y56,RAT,NORTH EAST LONDON NHS FOUNDATION TRUST,X03,Other - Mental Health Services, -   , -   , -   ,-,-,0,0
Y56,RAT,NORTH EAST LONDON NHS FOUNDATION TRUST,X04,Other - Paediatric Services,"2,537","1,638",64.60%,12.7,42.8,72,6
Y56,RAT,NORTH EAST LONDON NHS FOUNDATION TRUST,X05,Other - Surgical Services, -   , -   , -   ,-,-,0,0
Y56,RAT,NORTH EAST LONDON NHS FOUNDATION TRUST,X06,Other - Other Services, -   , -   , -   ,-,-,0,0
Y56,RAX,KINGSTON HOSPITAL NHS FOUNDATION TRUST,C_100,General Surgery Service,723,425,58.80%,15.4,35,1,0
Y56,RAX,KINGSTON HOSPITAL NHS FOUNDATION TRUST,C_101,Urology Service,"1,250","1,129",90.30%,7.8,19.8,5,1
Y56,RAX,KINGSTON HOSPITAL NHS FOUNDATION TRUST,C_110,Trauma and Orthopaedic Service,"1,809","1,062",58.70%,15.4,34.8,6,0
Y56,RAX,KINGSTON HOSPITAL NHS FOUNDATION TRUST,C_120,Ear Nose and Throat Service,"3,013","2,499",82.90%,10.2,21.3,3,0
Y56,RAX,KINGSTON HOSPITAL NHS FOUNDATION TRUST,C_130,Ophthalmology Service,"4,289","3,610",84.20%,7.7,24.5,0,0
Y56,RAX,KINGSTON HOSPITAL NHS FOUNDATION TRUST,C_140,Oral Surgery Service,"1,468","1,070",72.90%,11.6,28.9,0,0
Y56,RAX,KINGSTON HOSPITAL NHS FOUNDATION TRUST,C_150,Neurosurgical Service, -   , -   , -   ,-,-,0,0
Y56,RAX,KINGSTON HOSPITAL NHS FOUNDATION TRUST,C_160,Plastic Surgery Service,358,291,81.30%,8.3,27.8,0,0
Y56,RAX,KINGSTON HOSPITAL NHS FOUNDATION TRUST,C_170,Cardiothoracic Surgery Service, -   , -   , -   ,-,-,0,0
Y56,RAX,KINGSTON HOSPITAL NHS FOUNDATION TRUST,C_300,General Internal Medicine Service,478,260,54.40%,16.1,34.5,0,0
Y56,RAX,KINGSTON HOSPITAL NHS FOUNDATION TRUST,C_301,Gastroenterology Service,"2,435","1,467",60.20%,14.2,37.3,0,0
Y56,RAX,KINGSTON HOSPITAL NHS FOUNDATION TRUST,C_320,Cardiology Service,844,457,54.10%,15,33.4,0,0
Y56,RAX,KINGSTON HOSPITAL NHS FOUNDATION TRUST,C_330,Dermatology Service,"2,584","1,713",66.30%,13.8,29.3,0,0
Y56,RAX,KINGSTON HOSPITAL NHS FOUNDATION TRUST,C_340,Respiratory Medicine Service,476,390,81.90%,10,23,0,0
Y56,RAX,KINGSTON HOSPITAL NHS FOUNDATION TRUST,C_400,Neurology Service,651,611,93.90%,7.2,16.9,0,0
Y56,RAX,KINGSTON HOSPITAL NHS FOUNDATION TRUST,C_410,Rheumatology Service,761,731,96.10%,7.8,15.7,0,0
Y56,RAX,KINGSTON HOSPITAL NHS FOUNDATION TRUST,C_430,Elderly Medicine Service,43,34,79.10%,7,27.8,0,0
Y56,RAX,KINGSTON HOSPITAL NHS FOUNDATION TRUST,C_502,Gynaecology Service,"3,526","2,668",75.70%,11.2,27.5,2,0
Y56,RAX,KINGSTON HOSPITAL NHS FOUNDATION TRUST,X02,Other - Medical Services,678,663,97.80%,5.7,14.5,0,0
Y56,RAX,KINGSTON HOSPITAL NHS FOUNDATION TRUST,X03,Other - Mental Health Services, -   , -   , -   ,-,-,0,0
Y56,RAX,KINGSTON HOSPITAL NHS FOUNDATION TRUST,X04,Other - Paediatric Services,"1,583","1,117",70.60%,12.6,34.4,0,0
Y56,RAX,KINGSTON HOSPITAL NHS FOUNDATION TRUST,X05,Other - Surgical Services,"4,013","3,149",78.50%,10.6,27,4,0
Y56,RAX,KINGSTON HOSPITAL NHS FOUNDATION TRUST,X06,Other - Other Services,72,34,47.20%,20.5,42.2,0,0
Y56,RF4,"BARKING, HAVERING AND REDBRIDGE UNIVERSITY HOSPITALS NHS TRUST",C_100,General Surgery Service,"5,178","2,850",55.00%,15.3,47.7,282,9
Y56,RF4,"BARKING, HAVERING AND REDBRIDGE UNIVERSITY HOSPITALS NHS TRUST",C_101,Urology Service,"4,531","2,824",62.30%,13.5,33.9,56,1
Y56,RF4,"BARKING, HAVERING AND REDBRIDGE UNIVERSITY HOSPITALS NHS TRUST",C_110,Trauma and Orthopaedic Service,"4,349","2,525",58.10%,15.2,42.1,132,5
Y56,RF4,"BARKING, HAVERING AND REDBRIDGE UNIVERSITY HOSPITALS NHS TRUST",C_120,Ear Nose and Throat Service,"3,215","1,839",57.20%,14.6,41.5,41,1
Y56,RF4,"BARKING, HAVERING AND REDBRIDGE UNIVERSITY HOSPITALS NHS TRUST",C_130,Ophthalmology Service,"4,368","2,936",67.20%,12.5,30.8,11,0
Y56,RF4,"BARKING, HAVERING AND REDBRIDGE UNIVERSITY HOSPITALS NHS TRUST",C_140,Oral Surgery Service,"1,458","1,080",74.10%,10,30.5,4,0
Y56,RF4,"BARKING, HAVERING AND REDBRIDGE UNIVERSITY HOSPITALS NHS TRUST",C_150,Neurosurgical Service,"3,862","1,863",48.20%,18.8,46.7,182,17
Y56,RF4,"BARKING, HAVERING AND REDBRIDGE UNIVERSITY HOSPITALS NHS TRUST",C_160,Plastic Surgery Service, -   , -   , -   ,-,-,0,0
Y56,RF4,"BARKING, HAVERING AND REDBRIDGE UNIVERSITY HOSPITALS NHS TRUST",C_170,Cardiothoracic Surgery Service, -   , -   , -   ,-,-,0,0
Y56,RF4,"BARKING, HAVERING AND REDBRIDGE UNIVERSITY HOSPITALS NHS TRUST",C_300,General Internal Medicine Service,59,50,84.70%,9.8,47.3,4,0
Y56,RF4,"BARKING, HAVERING AND REDBRIDGE UNIVERSITY HOSPITALS NHS TRUST",C_301,Gastroenterology Service,"1,091","1,019",93.40%,6.4,15.9,0,0
Y56,RF4,"BARKING, HAVERING AND REDBRIDGE UNIVERSITY HOSPITALS NHS TRUST",C_320,Cardiology Service,"3,040","2,318",76.30%,11.2,24.4,2,0
Y56,RF4,"BARKING, HAVERING AND REDBRIDGE UNIVERSITY HOSPITALS NHS TRUST",C_330,Dermatology Service,"3,289","2,014",61.20%,13.1,37,26,0
Y56,RF4,"BARKING, HAVERING AND REDBRIDGE UNIVERSITY HOSPITALS NHS TRUST",C_340,Respiratory Medicine Service,"1,630","1,264",77.50%,8.3,30.3,7,0
Y56,RF4,"BARKING, HAVERING AND REDBRIDGE UNIVERSITY HOSPITALS NHS TRUST",C_400,Neurology Service,"4,086","2,078",50.90%,17.5,41.8,25,2
Y56,RF4,"BARKING, HAVERING AND REDBRIDGE UNIVERSITY HOSPITALS NHS TRUST",C_410,Rheumatology Service,"3,975","1,818",45.70%,19.5,43.1,114,2
Y56,RF4,"BARKING, HAVERING AND REDBRIDGE UNIVERSITY HOSPITALS NHS TRUST",C_430,Elderly Medicine Service,199,186,93.50%,6.6,17,4,0
Y56,RF4,"BARKING, HAVERING AND REDBRIDGE UNIVERSITY HOSPITALS NHS TRUST",C_502,Gynaecology Service,"7,234","2,975",41.10%,22.6,52.6,629,23
Y56,RF4,"BARKING, HAVERING AND REDBRIDGE UNIVERSITY HOSPITALS NHS TRUST",X02,Other - Medical Services,"6,183","5,008",81.00%,9,27.4,53,2
Y56,RF4,"BARKING, HAVERING AND REDBRIDGE UNIVERSITY HOSPITALS NHS TRUST",X03,Other - Mental Health Services, -   , -   , -   ,-,-,0,0
Y56,RF4,"BARKING, HAVERING AND REDBRIDGE UNIVERSITY HOSPITALS NHS TRUST",X04,Other - Paediatric Services,"1,030",657,63.80%,12.9,35.1,0,0
Y56,RF4,"BARKING, HAVERING AND REDBRIDGE UNIVERSITY HOSPITALS NHS TRUST",X05,Other - Surgical Services,"3,570","2,232",62.50%,11.9,53.1,315,6
Y56,RF4,"BARKING, HAVERING AND REDBRIDGE UNIVERSITY HOSPITALS NHS TRUST",X06,Other - Other Services,514,325,63.20%,10.2,51.8,40,0
Y56,RJ1,GUY'S AND ST THOMAS' NHS FOUNDATION TRUST,C_100,General Surgery Service,730,379,51.90%,16.9,44.5,30,1
Y56,RJ1,GUY'S AND ST THOMAS' NHS FOUNDATION TRUST,C_101,Urology Service,"4,027","2,221",55.20%,15.6,45.9,151,10
Y56,RJ1,GUY'S AND ST THOMAS' NHS FOUNDATION TRUST,C_110,Trauma and Orthopaedic Service,"5,587","2,847",51.00%,17.4,50,383,25
Y56,RJ1,GUY'S AND ST THOMAS' NHS FOUNDATION TRUST,C_120,Ear Nose and Throat Service,"7,041","3,990",56.70%,15.2,45.3,317,14
Y56,RJ1,GUY'S AND ST THOMAS' NHS FOUNDATION TRUST,C_130,Ophthalmology Service,"4,683","2,516",53.70%,16.1,44,57,2
Y56,RJ1,GUY'S AND ST THOMAS' NHS FOUNDATION TRUST,C_140,Oral Surgery Service,"6,377","4,113",64.50%,12,33.7,68,3
Y56,RJ1,GUY'S AND ST THOMAS' NHS FOUNDATION TRUST,C_150,Neurosurgical Service, -   , -   , -   ,-,-,0,0
Y56,RJ1,GUY'S AND ST THOMAS' NHS FOUNDATION TRUST,C_160,Plastic Surgery Service,"2,511","1,264",50.30%,17.8,50.9,185,25
Y56,RJ1,GUY'S AND ST THOMAS' NHS FOUNDATION TRUST,C_170,Cardiothoracic Surgery Service,818,533,65.20%,13.3,36.8,8,0
Y56,RJ1,GUY'S AND ST THOMAS' NHS FOUNDATION TRUST,C_300,General Internal Medicine Service,412,291,70.60%,11.3,28.1,2,0
Y56,RJ1,GUY'S AND ST THOMAS' NHS FOUNDATION TRUST,C_301,Gastroenterology Service,"1,146",942,82.20%,9.2,24.2,4,0
Y56,RJ1,GUY'S AND ST THOMAS' NHS FOUNDATION TRUST,C_320,Cardiology Service,"7,320","4,135",56.50%,15.5,35.2,85,2
Y56,RJ1,GUY'S AND ST THOMAS' NHS FOUNDATION TRUST,C_330,Dermatology Service,"4,960","3,620",73.00%,11.3,28.5,7,0
Y56,RJ1,GUY'S AND ST THOMAS' NHS FOUNDATION TRUST,C_340,Respiratory Medicine Service,"2,090","1,556",74.40%,11.6,23.7,1,0
Y56,RJ1,GUY'S AND ST THOMAS' NHS FOUNDATION TRUST,C_400,Neurology Service,"2,231","1,481",66.40%,12,32.7,7,0
Y56,RJ1,GUY'S AND ST THOMAS' NHS FOUNDATION TRUST,C_410,Rheumatology Service,795,575,72.30%,10.5,30.2,13,0
Y56,RJ1,GUY'S AND ST THOMAS' NHS FOUNDATION TRUST,C_430,Elderly Medicine Service,"1,047",793,75.70%,9.1,28.3,1,0
Y56,RJ1,GUY'S AND ST THOMAS' NHS FOUNDATION TRUST,C_502,Gynaecology Service,"5,363","2,704",50.40%,17.7,42.3,83,4
Y56,RJ1,GUY'S AND ST THOMAS' NHS FOUNDATION TRUST,X02,Other - Medical Services,"15,687","11,142",71.00%,10,33.7,106,4
Y56,RJ1,GUY'S AND ST THOMAS' NHS FOUNDATION TRUST,X03,Other - Mental Health Services, -   , -   , -   ,-,-,0,0
Y56,RJ1,GUY'S AND ST THOMAS' NHS FOUNDATION TRUST,X04,Other - Paediatric Services,"10,911","7,235",66.30%,12.3,35.7,262,4
Y56,RJ1,GUY'S AND ST THOMAS' NHS FOUNDATION TRUST,X05,Other - Surgical Services,"10,114","5,951",58.80%,14.1,40.5,275,15
Y56,RJ1,GUY'S AND ST THOMAS' NHS FOUNDATION TRUST,X06,Other - Other Services,"4,571","3,803",83.20%,7.4,23.6,25,0
Y56,RJ2,LEWISHAM AND GREENWICH NHS TRUST,C_100,General Surgery Service,"9,489","5,084",53.60%,15.7,52.1,768,39
Y56,RJ2,LEWISHAM AND GREENWICH NHS TRUST,C_101,Urology Service,"1,796","1,117",62.20%,12.7,36.1,21,0
Y56,RJ2,LEWISHAM AND GREENWICH NHS TRUST,C_110,Trauma and Orthopaedic Service,"6,927","3,656",52.80%,16.3,52.4,575,34
Y56,RJ2,LEWISHAM AND GREENWICH NHS TRUST,C_120,Ear Nose and Throat Service,"11,363","5,134",45.20%,19.7,51.3,863,58
Y56,RJ2,LEWISHAM AND GREENWICH NHS TRUST,C_130,Ophthalmology Service, -   , -   , -   ,-,-,0,0
Y56,RJ2,LEWISHAM AND GREENWICH NHS TRUST,C_140,Oral Surgery Service, -   , -   , -   ,-,-,0,0
Y56,RJ2,LEWISHAM AND GREENWICH NHS TRUST,C_150,Neurosurgical Service, -   , -   , -   ,-,-,0,0
Y56,RJ2,LEWISHAM AND GREENWICH NHS TRUST,C_160,Plastic Surgery Service,13,11,84.60%,-,-,0,0
Y56,RJ2,LEWISHAM AND GREENWICH NHS TRUST,C_170,Cardiothoracic Surgery Service, -   , -   , -   ,-,-,0,0
Y56,RJ2,LEWISHAM AND GREENWICH NHS TRUST,C_300,General Internal Medicine Service,690,372,53.90%,15.8,37.4,15,3
Y56,RJ2,LEWISHAM AND GREENWICH NHS TRUST,C_301,Gastroenterology Service,"4,376","2,542",58.10%,13.9,44,181,5
Y56,RJ2,LEWISHAM AND GREENWICH NHS TRUST,C_320,Cardiology Service,"3,451","1,890",54.80%,15.9,38.9,90,6
Y56,RJ2,LEWISHAM AND GREENWICH NHS TRUST,C_330,Dermatology Service,"3,231","2,213",68.50%,8.8,43.9,94,0
Y56,RJ2,LEWISHAM AND GREENWICH NHS TRUST,C_340,Respiratory Medicine Service,"1,446","1,079",74.60%,8,28.5,0,0
Y56,RJ2,LEWISHAM AND GREENWICH NHS TRUST,C_400,Neurology Service,"3,308","1,596",48.20%,18.8,42.9,96,1
Y56,RJ2,LEWISHAM AND GREENWICH NHS TRUST,C_410,Rheumatology Service,"1,214",900,74.10%,9.8,28.1,7,0
Y56,RJ2,LEWISHAM AND GREENWICH NHS TRUST,C_430,Elderly Medicine Service,208,207,99.50%,8.5,15.2,0,0
Y56,RJ2,LEWISHAM AND GREENWICH NHS TRUST,C_502,Gynaecology Service,"5,871","3,835",65.30%,11.3,49.6,413,29
Y56,RJ2,LEWISHAM AND GREENWICH NHS TRUST,X02,Other - Medical Services,"1,984","1,615",81.40%,7.8,29.6,40,3
Y56,RJ2,LEWISHAM AND GREENWICH NHS TRUST,X03,Other - Mental Health Services, -   , -   , -   ,-,-,0,0
Y56,RJ2,LEWISHAM AND GREENWICH NHS TRUST,X04,Other - Paediatric Services,"3,891","2,400",61.70%,13.7,36,27,1
Y56,RJ2,LEWISHAM AND GREENWICH NHS TRUST,X05,Other - Surgical Services,"1,800","1,030",57.20%,15.4,43.5,73,3
Y56,RJ2,LEWISHAM AND GREENWICH NHS TRUST,X06,Other - Other Services,5,4,80.00%,-,-,1,0
Y56,RJ6,CROYDON HEALTH SERVICES NHS TRUST,C_100,General Surgery Service,"1,245","1,101",88.40%,8.3,20.2,0,0
Y56,RJ6,CROYDON HEALTH SERVICES NHS TRUST,C_101,Urology Service,"1,473","1,335",90.60%,6.8,18.8,0,0
Y56,RJ6,CROYDON HEALTH SERVICES NHS TRUST,C_110,Trauma and Orthopaedic Service,"2,467","2,005",81.30%,9.3,27.1,0,0
Y56,RJ6,CROYDON HEALTH SERVICES NHS TRUST,C_120,Ear Nose and Throat Service,"1,996","1,371",68.70%,12.2,33.4,2,0
Y56,RJ6,CROYDON HEALTH SERVICES NHS TRUST,C_130,Ophthalmology Service, -   , -   , -   ,-,-,0,0
Y56,RJ6,CROYDON HEALTH SERVICES NHS TRUST,C_140,Oral Surgery Service,"1,765","1,228",69.60%,11.5,31.8,5,0
Y56,RJ6,CROYDON HEALTH SERVICES NHS TRUST,C_150,Neurosurgical Service, -   , -   , -   ,-,-,0,0
Y56,RJ6,CROYDON HEALTH SERVICES NHS TRUST,C_160,Plastic Surgery Service,43,38,88.40%,7,22.8,0,0
Y56,RJ6,CROYDON HEALTH SERVICES NHS TRUST,C_170,Cardiothoracic Surgery Service, -   , -   , -   ,-,-,0,0
Y56,RJ6,CROYDON HEALTH SERVICES NHS TRUST,C_300,General Internal Medicine Service,78,74,94.90%,6.4,13.4,0,0
Y56,RJ6,CROYDON HEALTH SERVICES NHS TRUST,C_301,Gastroenterology Service,"2,058","1,560",75.80%,9.9,30.8,3,0
Y56,RJ6,CROYDON HEALTH SERVICES NHS TRUST,C_320,Cardiology Service,990,938,94.70%,7,15.9,0,0
Y56,RJ6,CROYDON HEALTH SERVICES NHS TRUST,C_330,Dermatology Service,"2,754","2,033",73.80%,9.7,29,2,0
Y56,RJ6,CROYDON HEALTH SERVICES NHS TRUST,C_340,Respiratory Medicine Service,740,667,90.10%,8,18.7,0,0
Y56,RJ6,CROYDON HEALTH SERVICES NHS TRUST,C_400,Neurology Service,693,676,97.50%,7.1,14.8,0,0
Y56,RJ6,CROYDON HEALTH SERVICES NHS TRUST,C_410,Rheumatology Service,691,672,97.30%,7.1,15.6,0,0
Y56,RJ6,CROYDON HEALTH SERVICES NHS TRUST,C_430,Elderly Medicine Service,114,114,100.00%,6.4,13.4,0,0
Y56,RJ6,CROYDON HEALTH SERVICES NHS TRUST,C_502,Gynaecology Service,"3,448","2,203",63.90%,13.2,39.4,31,2
Y56,RJ6,CROYDON HEALTH SERVICES NHS TRUST,X02,Other - Medical Services,"2,759","2,368",85.80%,8.3,22.1,0,0
Y56,RJ6,CROYDON HEALTH SERVICES NHS TRUST,X03,Other - Mental Health Services, -   , -   , -   ,-,-,0,0
Y56,RJ6,CROYDON HEALTH SERVICES NHS TRUST,X04,Other - Paediatric Services,612,548,89.50%,9.7,19.7,0,0
Y56,RJ6,CROYDON HEALTH SERVICES NHS TRUST,X05,Other - Surgical Services,"3,524","3,199",90.80%,6.4,19,0,0
Y56,RJ6,CROYDON HEALTH SERVICES NHS TRUST,X06,Other - Other Services, -   , -   , -   ,-,-,0,0
Y56,RJ7,ST GEORGE'S UNIVERSITY HOSPITALS NHS FOUNDATION TRUST,C_100,General Surgery Service,"1,709",932,54.50%,16.5,46.6,88,5
Y56,RJ7,ST GEORGE'S UNIVERSITY HOSPITALS NHS FOUNDATION TRUST,C_101,Urology Service,"2,593","2,073",79.90%,8.2,26.5,22,1
Y56,RJ7,ST GEORGE'S UNIVERSITY HOSPITALS NHS FOUNDATION TRUST,C_110,Trauma and Orthopaedic Service,"3,062","2,244",73.30%,10.4,29.3,5,0
Y56,RJ7,ST GEORGE'S UNIVERSITY HOSPITALS NHS FOUNDATION TRUST,C_120,Ear Nose and Throat Service,"5,437","3,298",60.70%,14.1,35.9,54,3
Y56,RJ7,ST GEORGE'S UNIVERSITY HOSPITALS NHS FOUNDATION TRUST,C_130,Ophthalmology Service,144,108,75.00%,8.4,29.7,1,0
Y56,RJ7,ST GEORGE'S UNIVERSITY HOSPITALS NHS FOUNDATION TRUST,C_140,Oral Surgery Service,985,780,79.20%,7.2,30.8,2,0
Y56,RJ7,ST GEORGE'S UNIVERSITY HOSPITALS NHS FOUNDATION TRUST,C_150,Neurosurgical Service,"3,067","1,611",52.50%,16.9,41.5,70,0
Y56,RJ7,ST GEORGE'S UNIVERSITY HOSPITALS NHS FOUNDATION TRUST,C_160,Plastic Surgery Service,"1,699","1,125",66.20%,11.5,45.2,93,5
Y56,RJ7,ST GEORGE'S UNIVERSITY HOSPITALS NHS FOUNDATION TRUST,C_170,Cardiothoracic Surgery Service,222,205,92.30%,5.7,17.7,0,0
Y56,RJ7,ST GEORGE'S UNIVERSITY HOSPITALS NHS FOUNDATION TRUST,C_300,General Internal Medicine Service,13,9,69.20%,-,-,0,0
Y56,RJ7,ST GEORGE'S UNIVERSITY HOSPITALS NHS FOUNDATION TRUST,C_301,Gastroenterology Service,"3,212","2,332",72.60%,10.9,30.5,5,1
Y56,RJ7,ST GEORGE'S UNIVERSITY HOSPITALS NHS FOUNDATION TRUST,C_320,Cardiology Service,"5,335","3,328",62.40%,13.5,38.9,188,9
Y56,RJ7,ST GEORGE'S UNIVERSITY HOSPITALS NHS FOUNDATION TRUST,C_330,Dermatology Service,"3,480","2,949",84.70%,7.5,24.5,3,0
Y56,RJ7,ST GEORGE'S UNIVERSITY HOSPITALS NHS FOUNDATION TRUST,C_340,Respiratory Medicine Service,"1,840","1,552",84.30%,7.9,21.9,0,0
Y56,RJ7,ST GEORGE'S UNIVERSITY HOSPITALS NHS FOUNDATION TRUST,C_400,Neurology Service,"3,500","2,213",63.20%,13.2,36.8,39,1
Y56,RJ7,ST GEORGE'S UNIVERSITY HOSPITALS NHS FOUNDATION TRUST,C_410,Rheumatology Service,"1,148",907,79.00%,10.1,24.8,0,0
Y56,RJ7,ST GEORGE'S UNIVERSITY HOSPITALS NHS FOUNDATION TRUST,C_430,Elderly Medicine Service,43,38,88.40%,5.6,18.8,0,0
Y56,RJ7,ST GEORGE'S UNIVERSITY HOSPITALS NHS FOUNDATION TRUST,C_502,Gynaecology Service,"2,654","2,041",76.90%,9.5,26.4,0,0
Y56,RJ7,ST GEORGE'S UNIVERSITY HOSPITALS NHS FOUNDATION TRUST,X02,Other - Medical Services,"8,779","6,667",75.90%,10,28.7,11,1
Y56,RJ7,ST GEORGE'S UNIVERSITY HOSPITALS NHS FOUNDATION TRUST,X03,Other - Mental Health Services, -   , -   , -   ,-,-,0,0
Y56,RJ7,ST GEORGE'S UNIVERSITY HOSPITALS NHS FOUNDATION TRUST,X04,Other - Paediatric Services,"3,333","2,433",73.00%,10.6,31.2,18,3
Y56,RJ7,ST GEORGE'S UNIVERSITY HOSPITALS NHS FOUNDATION TRUST,X05,Other - Surgical Services,"3,549","2,728",76.90%,7.5,35.6,85,5
Y56,RJ7,ST GEORGE'S UNIVERSITY HOSPITALS NHS FOUNDATION TRUST,X06,Other - Other Services,805,607,75.40%,9.2,32.8,5,0
Y56,RJZ,KING'S COLLEGE HOSPITAL NHS FOUNDATION TRUST,C_100,General Surgery Service,"3,775","2,457",65.10%,12.7,42.1,98,6
Y56,RJZ,KING'S COLLEGE HOSPITAL NHS FOUNDATION TRUST,C_101,Urology Service,"3,294","2,530",76.80%,9.9,30.6,26,0
Y56,RJZ,KING'S COLLEGE HOSPITAL NHS FOUNDATION TRUST,C_110,Trauma and Orthopaedic Service,"5,731","4,259",74.30%,10.7,32.1,76,9
Y56,RJZ,KING'S COLLEGE HOSPITAL NHS FOUNDATION TRUST,C_120,Ear Nose and Throat Service,"3,267","1,955",59.80%,14.9,34.7,29,0
Y56,RJZ,KING'S COLLEGE HOSPITAL NHS FOUNDATION TRUST,C_130,Ophthalmology Service,"10,917","7,472",68.40%,11.7,32.5,39,0
Y56,RJZ,KING'S COLLEGE HOSPITAL NHS FOUNDATION TRUST,C_140,Oral Surgery Service,"7,617","4,744",62.30%,13.7,34.4,30,0
Y56,RJZ,KING'S COLLEGE HOSPITAL NHS FOUNDATION TRUST,C_150,Neurosurgical Service,"2,182","1,575",72.20%,10.9,36.2,39,2
Y56,RJZ,KING'S COLLEGE HOSPITAL NHS FOUNDATION TRUST,C_160,Plastic Surgery Service,6,4,66.70%,-,-,0,0
Y56,RJZ,KING'S COLLEGE HOSPITAL NHS FOUNDATION TRUST,C_170,Cardiothoracic Surgery Service,187,159,85.00%,6.9,25,0,0
Y56,RJZ,KING'S COLLEGE HOSPITAL NHS FOUNDATION TRUST,C_300,General Internal Medicine Service,806,768,95.30%,6.5,16.6,1,0
Y56,RJZ,KING'S COLLEGE HOSPITAL NHS FOUNDATION TRUST,C_301,Gastroenterology Service,"1,798","1,404",78.10%,10.2,28.1,25,0
Y56,RJZ,KING'S COLLEGE HOSPITAL NHS FOUNDATION TRUST,C_320,Cardiology Service,"2,913","2,255",77.40%,10,32.1,55,2
Y56,RJZ,KING'S COLLEGE HOSPITAL NHS FOUNDATION TRUST,C_330,Dermatology Service,"3,200","2,608",81.50%,9,27,2,0
Y56,RJZ,KING'S COLLEGE HOSPITAL NHS FOUNDATION TRUST,C_340,Respiratory Medicine Service,"3,648","2,738",75.10%,11.4,32.8,37,0
Y56,RJZ,KING'S COLLEGE HOSPITAL NHS FOUNDATION TRUST,C_400,Neurology Service,"2,210","1,799",81.40%,8.7,26.5,4,0
Y56,RJZ,KING'S COLLEGE HOSPITAL NHS FOUNDATION TRUST,C_410,Rheumatology Service,"1,125",989,87.90%,8.8,21.2,0,0
Y56,RJZ,KING'S COLLEGE HOSPITAL NHS FOUNDATION TRUST,C_430,Elderly Medicine Service,396,376,94.90%,6.5,15.9,1,0
Y56,RJZ,KING'S COLLEGE HOSPITAL NHS FOUNDATION TRUST,C_502,Gynaecology Service,"5,732","4,487",78.30%,10.3,29.2,16,1
Y56,RJZ,KING'S COLLEGE HOSPITAL NHS FOUNDATION TRUST,X02,Other - Medical Services,"7,918","6,532",82.50%,8,27.8,65,13
Y56,RJZ,KING'S COLLEGE HOSPITAL NHS FOUNDATION TRUST,X03,Other - Mental Health Services, -   , -   , -   ,-,-,0,0
Y56,RJZ,KING'S COLLEGE HOSPITAL NHS FOUNDATION TRUST,X04,Other - Paediatric Services,"3,684","3,035",82.40%,9.3,25.8,3,0
Y56,RJZ,KING'S COLLEGE HOSPITAL NHS FOUNDATION TRUST,X05,Other - Surgical Services,"8,847","6,469",73.10%,10.3,33.1,146,21
Y56,RJZ,KING'S COLLEGE HOSPITAL NHS FOUNDATION TRUST,X06,Other - Other Services,211,164,77.70%,6.5,25.1,0,0
Y56,RKE,WHITTINGTON HEALTH NHS TRUST,C_100,General Surgery Service,"3,075","1,558",50.70%,17.7,52.7,262,5
Y56,RKE,WHITTINGTON HEALTH NHS TRUST,C_101,Urology Service,"1,102",711,64.50%,10.8,51.2,82,1
Y56,RKE,WHITTINGTON HEALTH NHS TRUST,C_110,Trauma and Orthopaedic Service,"2,004","1,076",53.70%,15.5,50.2,137,2
Y56,RKE,WHITTINGTON HEALTH NHS TRUST,C_120,Ear Nose and Throat Service,"1,526",700,45.90%,20.2,33.9,25,0
Y56,RKE,WHITTINGTON HEALTH NHS TRUST,C_130,Ophthalmology Service,"1,369","1,010",73.80%,10.7,35.6,21,0
Y56,RKE,WHITTINGTON HEALTH NHS TRUST,C_140,Oral Surgery Service,249,191,76.70%,12.5,26.7,1,0
Y56,RKE,WHITTINGTON HEALTH NHS TRUST,C_150,Neurosurgical Service, -   , -   , -   ,-,-,0,0
Y56,RKE,WHITTINGTON HEALTH NHS TRUST,C_160,Plastic Surgery Service,67,57,85.10%,14.3,21.6,1,0
Y56,RKE,WHITTINGTON HEALTH NHS TRUST,C_170,Cardiothoracic Surgery Service, -   , -   , -   ,-,-,0,0
Y56,RKE,WHITTINGTON HEALTH NHS TRUST,C_300,General Internal Medicine Service,110,73,66.40%,11.8,32.6,0,0
Y56,RKE,WHITTINGTON HEALTH NHS TRUST,C_301,Gastroenterology Service,"1,535","1,337",87.10%,8.1,22.4,3,0
Y56,RKE,WHITTINGTON HEALTH NHS TRUST,C_320,Cardiology Service,944,675,71.50%,11.2,29.9,0,0
Y56,RKE,WHITTINGTON HEALTH NHS TRUST,C_330,Dermatology Service,830,699,84.20%,4.9,22.1,5,0
Y56,RKE,WHITTINGTON HEALTH NHS TRUST,C_340,Respiratory Medicine Service,790,500,63.30%,13.1,34.1,1,0
Y56,RKE,WHITTINGTON HEALTH NHS TRUST,C_400,Neurology Service,402,373,92.80%,8.8,17.6,0,0
Y56,RKE,WHITTINGTON HEALTH NHS TRUST,C_410,Rheumatology Service,433,301,69.50%,13.1,24.6,0,0
Y56,RKE,WHITTINGTON HEALTH NHS TRUST,C_430,Elderly Medicine Service,62,62,100.00%,4.3,11,0,0
Y56,RKE,WHITTINGTON HEALTH NHS TRUST,C_502,Gynaecology Service,"2,156","1,759",81.60%,9.6,23,9,0
Y56,RKE,WHITTINGTON HEALTH NHS TRUST,X02,Other - Medical Services,"2,633","2,298",87.30%,8.3,20,0,0
Y56,RKE,WHITTINGTON HEALTH NHS TRUST,X03,Other - Mental Health Services, -   , -   , -   ,-,-,0,0
Y56,RKE,WHITTINGTON HEALTH NHS TRUST,X04,Other - Paediatric Services,37,24,64.90%,7,47,2,0
Y56,RKE,WHITTINGTON HEALTH NHS TRUST,X05,Other - Surgical Services, -   , -   , -   ,-,-,0,0
Y56,RKE,WHITTINGTON HEALTH NHS TRUST,X06,Other - Other Services, -   , -   , -   ,-,-,0,0
Y56,RKL,WEST LONDON NHS TRUST,C_100,General Surgery Service, -   , -   , -   ,-,-,0,0
Y56,RKL,WEST LONDON NHS TRUST,C_101,Urology Service, -   , -   , -   ,-,-,0,0
Y56,RKL,WEST LONDON NHS TRUST,C_110,Trauma and Orthopaedic Service,"2,681","1,984",74.00%,10.2,30.2,3,0
Y56,RKL,WEST LONDON NHS TRUST,C_120,Ear Nose and Throat Service, -   , -   , -   ,-,-,0,0
Y56,RKL,WEST LONDON NHS TRUST,C_130,Ophthalmology Service, -   , -   , -   ,-,-,0,0
Y56,RKL,WEST LONDON NHS TRUST,C_140,Oral Surgery Service, -   , -   , -   ,-,-,0,0
Y56,RKL,WEST LONDON NHS TRUST,C_150,Neurosurgical Service, -   , -   , -   ,-,-,0,0
Y56,RKL,WEST LONDON NHS TRUST,C_160,Plastic Surgery Service, -   , -   , -   ,-,-,0,0
Y56,RKL,WEST LONDON NHS TRUST,C_170,Cardiothoracic Surgery Service, -   , -   , -   ,-,-,0,0
Y56,RKL,WEST LONDON NHS TRUST,C_300,General Internal Medicine Service, -   , -   , -   ,-,-,0,0
Y56,RKL,WEST LONDON NHS TRUST,C_301,Gastroenterology Service, -   , -   , -   ,-,-,0,0
Y56,RKL,WEST LONDON NHS TRUST,C_320,Cardiology Service, -   , -   , -   ,-,-,0,0
Y56,RKL,WEST LONDON NHS TRUST,C_330,Dermatology Service, -   , -   , -   ,-,-,0,0
Y56,RKL,WEST LONDON NHS TRUST,C_340,Respiratory Medicine Service, -   , -   , -   ,-,-,0,0
Y56,RKL,WEST LONDON NHS TRUST,C_400,Neurology Service, -   , -   , -   ,-,-,0,0
Y56,RKL,WEST LONDON NHS TRUST,C_410,Rheumatology Service, -   , -   , -   ,-,-,0,0
Y56,RKL,WEST LONDON NHS TRUST,C_430,Elderly Medicine Service, -   , -   , -   ,-,-,0,0
Y56,RKL,WEST LONDON NHS TRUST,C_502,Gynaecology Service, -   , -   , -   ,-,-,0,0
Y56,RKL,WEST LONDON NHS TRUST,X02,Other - Medical Services, -   , -   , -   ,-,-,0,0
Y56,RKL,WEST LONDON NHS TRUST,X03,Other - Mental Health Services, -   , -   , -   ,-,-,0,0
Y56,RKL,WEST LONDON NHS TRUST,X04,Other - Paediatric Services,374,219,58.60%,16.2,32.1,0,0
Y56,RKL,WEST LONDON NHS TRUST,X05,Other - Surgical Services, -   , -   , -   ,-,-,0,0
Y56,RKL,WEST LONDON NHS TRUST,X06,Other - Other Services, -   , -   , -   ,-,-,0,0
Y56,RP4,GREAT ORMOND STREET HOSPITAL FOR CHILDREN NHS FOUNDATION TRUST,C_100,General Surgery Service, -   , -   , -   ,-,-,0,0
Y56,RP4,GREAT ORMOND STREET HOSPITAL FOR CHILDREN NHS FOUNDATION TRUST,C_101,Urology Service, -   , -   , -   ,-,-,0,0
Y56,RP4,GREAT ORMOND STREET HOSPITAL FOR CHILDREN NHS FOUNDATION TRUST,C_110,Trauma and Orthopaedic Service, -   , -   , -   ,-,-,0,0
Y56,RP4,GREAT ORMOND STREET HOSPITAL FOR CHILDREN NHS FOUNDATION TRUST,C_120,Ear Nose and Throat Service, -   , -   , -   ,-,-,0,0
Y56,RP4,GREAT ORMOND STREET HOSPITAL FOR CHILDREN NHS FOUNDATION TRUST,C_130,Ophthalmology Service, -   , -   , -   ,-,-,0,0
Y56,RP4,GREAT ORMOND STREET HOSPITAL FOR CHILDREN NHS FOUNDATION TRUST,C_140,Oral Surgery Service, -   , -   , -   ,-,-,0,0
Y56,RP4,GREAT ORMOND STREET HOSPITAL FOR CHILDREN NHS FOUNDATION TRUST,C_150,Neurosurgical Service, -   , -   , -   ,-,-,0,0
Y56,RP4,GREAT ORMOND STREET HOSPITAL FOR CHILDREN NHS FOUNDATION TRUST,C_160,Plastic Surgery Service, -   , -   , -   ,-,-,0,0
Y56,RP4,GREAT ORMOND STREET HOSPITAL FOR CHILDREN NHS FOUNDATION TRUST,C_170,Cardiothoracic Surgery Service, -   , -   , -   ,-,-,0,0
Y56,RP4,GREAT ORMOND STREET HOSPITAL FOR CHILDREN NHS FOUNDATION TRUST,C_300,General Internal Medicine Service, -   , -   , -   ,-,-,0,0
Y56,RP4,GREAT ORMOND STREET HOSPITAL FOR CHILDREN NHS FOUNDATION TRUST,C_301,Gastroenterology Service, -   , -   , -   ,-,-,0,0
Y56,RP4,GREAT ORMOND STREET HOSPITAL FOR CHILDREN NHS FOUNDATION TRUST,C_320,Cardiology Service, -   , -   , -   ,-,-,0,0
Y56,RP4,GREAT ORMOND STREET HOSPITAL FOR CHILDREN NHS FOUNDATION TRUST,C_330,Dermatology Service, -   , -   , -   ,-,-,0,0
Y56,RP4,GREAT ORMOND STREET HOSPITAL FOR CHILDREN NHS FOUNDATION TRUST,C_340,Respiratory Medicine Service,1,1,100.00%,-,-,0,0
Y56,RP4,GREAT ORMOND STREET HOSPITAL FOR CHILDREN NHS FOUNDATION TRUST,C_400,Neurology Service, -   , -   , -   ,-,-,0,0
Y56,RP4,GREAT ORMOND STREET HOSPITAL FOR CHILDREN NHS FOUNDATION TRUST,C_410,Rheumatology Service, -   , -   , -   ,-,-,0,0
Y56,RP4,GREAT ORMOND STREET HOSPITAL FOR CHILDREN NHS FOUNDATION TRUST,C_430,Elderly Medicine Service, -   , -   , -   ,-,-,0,0
Y56,RP4,GREAT ORMOND STREET HOSPITAL FOR CHILDREN NHS FOUNDATION TRUST,C_502,Gynaecology Service, -   , -   , -   ,-,-,0,0
Y56,RP4,GREAT ORMOND STREET HOSPITAL FOR CHILDREN NHS FOUNDATION TRUST,X02,Other - Medical Services,"1,192",996,83.60%,8.4,24.1,1,0
Y56,RP4,GREAT ORMOND STREET HOSPITAL FOR CHILDREN NHS FOUNDATION TRUST,X03,Other - Mental Health Services,130,102,78.50%,10.2,21.8,1,0
Y56,RP4,GREAT ORMOND STREET HOSPITAL FOR CHILDREN NHS FOUNDATION TRUST,X04,Other - Paediatric Services,"5,774","3,999",69.30%,10.9,39.3,199,30
Y56,RP4,GREAT ORMOND STREET HOSPITAL FOR CHILDREN NHS FOUNDATION TRUST,X05,Other - Surgical Services,24,15,62.50%,14.8,39.1,0,0
Y56,RP4,GREAT ORMOND STREET HOSPITAL FOR CHILDREN NHS FOUNDATION TRUST,X06,Other - Other Services,53,39,73.60%,10.3,31.8,1,0
Y56,RP6,MOORFIELDS EYE HOSPITAL NHS FOUNDATION TRUST,C_100,General Surgery Service, -   , -   , -   ,-,-,0,0
Y56,RP6,MOORFIELDS EYE HOSPITAL NHS FOUNDATION TRUST,C_101,Urology Service, -   , -   , -   ,-,-,0,0
Y56,RP6,MOORFIELDS EYE HOSPITAL NHS FOUNDATION TRUST,C_110,Trauma and Orthopaedic Service, -   , -   , -   ,-,-,0,0
Y56,RP6,MOORFIELDS EYE HOSPITAL NHS FOUNDATION TRUST,C_120,Ear Nose and Throat Service, -   , -   , -   ,-,-,0,0
Y56,RP6,MOORFIELDS EYE HOSPITAL NHS FOUNDATION TRUST,C_130,Ophthalmology Service,"38,700","29,316",75.80%,9.8,26.7,4,1
Y56,RP6,MOORFIELDS EYE HOSPITAL NHS FOUNDATION TRUST,C_140,Oral Surgery Service, -   , -   , -   ,-,-,0,0
Y56,RP6,MOORFIELDS EYE HOSPITAL NHS FOUNDATION TRUST,C_150,Neurosurgical Service, -   , -   , -   ,-,-,0,0
Y56,RP6,MOORFIELDS EYE HOSPITAL NHS FOUNDATION TRUST,C_160,Plastic Surgery Service, -   , -   , -   ,-,-,0,0
Y56,RP6,MOORFIELDS EYE HOSPITAL NHS FOUNDATION TRUST,C_170,Cardiothoracic Surgery Service, -   , -   , -   ,-,-,0,0
Y56,RP6,MOORFIELDS EYE HOSPITAL NHS FOUNDATION TRUST,C_300,General Internal Medicine Service, -   , -   , -   ,-,-,0,0
Y56,RP6,MOORFIELDS EYE HOSPITAL NHS FOUNDATION TRUST,C_301,Gastroenterology Service, -   , -   , -   ,-,-,0,0
Y56,RP6,MOORFIELDS EYE HOSPITAL NHS FOUNDATION TRUST,C_320,Cardiology Service, -   , -   , -   ,-,-,0,0
Y56,RP6,MOORFIELDS EYE HOSPITAL NHS FOUNDATION TRUST,C_330,Dermatology Service, -   , -   , -   ,-,-,0,0
Y56,RP6,MOORFIELDS EYE HOSPITAL NHS FOUNDATION TRUST,C_340,Respiratory Medicine Service, -   , -   , -   ,-,-,0,0
Y56,RP6,MOORFIELDS EYE HOSPITAL NHS FOUNDATION TRUST,C_400,Neurology Service, -   , -   , -   ,-,-,0,0
Y56,RP6,MOORFIELDS EYE HOSPITAL NHS FOUNDATION TRUST,C_410,Rheumatology Service, -   , -   , -   ,-,-,0,0
Y56,RP6,MOORFIELDS EYE HOSPITAL NHS FOUNDATION TRUST,C_430,Elderly Medicine Service, -   , -   , -   ,-,-,0,0
Y56,RP6,MOORFIELDS EYE HOSPITAL NHS FOUNDATION TRUST,C_502,Gynaecology Service, -   , -   , -   ,-,-,0,0
Y56,RP6,MOORFIELDS EYE HOSPITAL NHS FOUNDATION TRUST,X02,Other - Medical Services, -   , -   , -   ,-,-,0,0
Y56,RP6,MOORFIELDS EYE HOSPITAL NHS FOUNDATION TRUST,X03,Other - Mental Health Services, -   , -   , -   ,-,-,0,0
Y56,RP6,MOORFIELDS EYE HOSPITAL NHS FOUNDATION TRUST,X04,Other - Paediatric Services, -   , -   , -   ,-,-,0,0
Y56,RP6,MOORFIELDS EYE HOSPITAL NHS FOUNDATION TRUST,X05,Other - Surgical Services, -   , -   , -   ,-,-,0,0
Y56,RP6,MOORFIELDS EYE HOSPITAL NHS FOUNDATION TRUST,X06,Other - Other Services, -   , -   , -   ,-,-,0,0
Y56,RPG,OXLEAS NHS FOUNDATION TRUST,C_100,General Surgery Service, -   , -   , -   ,-,-,0,0
Y56,RPG,OXLEAS NHS FOUNDATION TRUST,C_101,Urology Service, -   , -   , -   ,-,-,0,0
Y56,RPG,OXLEAS NHS FOUNDATION TRUST,C_110,Trauma and Orthopaedic Service, -   , -   , -   ,-,-,0,0
Y56,RPG,OXLEAS NHS FOUNDATION TRUST,C_120,Ear Nose and Throat Service, -   , -   , -   ,-,-,0,0
Y56,RPG,OXLEAS NHS FOUNDATION TRUST,C_130,Ophthalmology Service, -   , -   , -   ,-,-,0,0
Y56,RPG,OXLEAS NHS FOUNDATION TRUST,C_140,Oral Surgery Service, -   , -   , -   ,-,-,0,0
Y56,RPG,OXLEAS NHS FOUNDATION TRUST,C_150,Neurosurgical Service, -   , -   , -   ,-,-,0,0
Y56,RPG,OXLEAS NHS FOUNDATION TRUST,C_160,Plastic Surgery Service, -   , -   , -   ,-,-,0,0
Y56,RPG,OXLEAS NHS FOUNDATION TRUST,C_170,Cardiothoracic Surgery Service, -   , -   , -   ,-,-,0,0
Y56,RPG,OXLEAS NHS FOUNDATION TRUST,C_300,General Internal Medicine Service, -   , -   , -   ,-,-,0,0
Y56,RPG,OXLEAS NHS FOUNDATION TRUST,C_301,Gastroenterology Service, -   , -   , -   ,-,-,0,0
Y56,RPG,OXLEAS NHS FOUNDATION TRUST,C_320,Cardiology Service, -   , -   , -   ,-,-,0,0
Y56,RPG,OXLEAS NHS FOUNDATION TRUST,C_330,Dermatology Service, -   , -   , -   ,-,-,0,0
Y56,RPG,OXLEAS NHS FOUNDATION TRUST,C_340,Respiratory Medicine Service, -   , -   , -   ,-,-,0,0
Y56,RPG,OXLEAS NHS FOUNDATION TRUST,C_400,Neurology Service, -   , -   , -   ,-,-,0,0
Y56,RPG,OXLEAS NHS FOUNDATION TRUST,C_410,Rheumatology Service, -   , -   , -   ,-,-,0,0
Y56,RPG,OXLEAS NHS FOUNDATION TRUST,C_430,Elderly Medicine Service, -   , -   , -   ,-,-,0,0
Y56,RPG,OXLEAS NHS FOUNDATION TRUST,C_502,Gynaecology Service, -   , -   , -   ,-,-,0,0
Y56,RPG,OXLEAS NHS FOUNDATION TRUST,X02,Other - Medical Services, -   , -   , -   ,-,-,0,0
Y56,RPG,OXLEAS NHS FOUNDATION TRUST,X03,Other - Mental Health Services, -   , -   , -   ,-,-,0,0
Y56,RPG,OXLEAS NHS FOUNDATION TRUST,X04,Other - Paediatric Services, -   , -   , -   ,-,-,0,0
Y56,RPG,OXLEAS NHS FOUNDATION TRUST,X05,Other - Surgical Services, -   , -   , -   ,-,-,0,0
Y56,RPG,OXLEAS NHS FOUNDATION TRUST,X06,Other - Other Services,"1,335",996,74.60%,10.9,28.3,0,0
Y56,RPY,THE ROYAL MARSDEN NHS FOUNDATION TRUST,C_100,General Surgery Service,308,293,95.10%,6.2,14.8,0,0
Y56,RPY,THE ROYAL MARSDEN NHS FOUNDATION TRUST,C_101,Urology Service,92,87,94.60%,4.1,15.8,0,0
Y56,RPY,THE ROYAL MARSDEN NHS FOUNDATION TRUST,C_110,Trauma and Orthopaedic Service, -   , -   , -   ,-,-,0,0
Y56,RPY,THE ROYAL MARSDEN NHS FOUNDATION TRUST,C_120,Ear Nose and Throat Service,55,50,90.90%,5.2,18.3,0,0
Y56,RPY,THE ROYAL MARSDEN NHS FOUNDATION TRUST,C_130,Ophthalmology Service, -   , -   , -   ,-,-,0,0
Y56,RPY,THE ROYAL MARSDEN NHS FOUNDATION TRUST,C_140,Oral Surgery Service,40,35,87.50%,6.8,23.8,0,0
Y56,RPY,THE ROYAL MARSDEN NHS FOUNDATION TRUST,C_150,Neurosurgical Service, -   , -   , -   ,-,-,0,0
Y56,RPY,THE ROYAL MARSDEN NHS FOUNDATION TRUST,C_160,Plastic Surgery Service,34,22,64.70%,12.5,51.3,2,0
Y56,RPY,THE ROYAL MARSDEN NHS FOUNDATION TRUST,C_170,Cardiothoracic Surgery Service,1, -   , -   ,-,-,0,0
Y56,RPY,THE ROYAL MARSDEN NHS FOUNDATION TRUST,C_300,General Internal Medicine Service, -   , -   , -   ,-,-,0,0
Y56,RPY,THE ROYAL MARSDEN NHS FOUNDATION TRUST,C_301,Gastroenterology Service,21,13,61.90%,9,32.3,0,0
Y56,RPY,THE ROYAL MARSDEN NHS FOUNDATION TRUST,C_320,Cardiology Service, -   , -   , -   ,-,-,0,0
Y56,RPY,THE ROYAL MARSDEN NHS FOUNDATION TRUST,C_330,Dermatology Service,5,5,100.00%,-,-,0,0
Y56,RPY,THE ROYAL MARSDEN NHS FOUNDATION TRUST,C_340,Respiratory Medicine Service, -   , -   , -   ,-,-,0,0
Y56,RPY,THE ROYAL MARSDEN NHS FOUNDATION TRUST,C_400,Neurology Service, -   , -   , -   ,-,-,0,0
Y56,RPY,THE ROYAL MARSDEN NHS FOUNDATION TRUST,C_410,Rheumatology Service, -   , -   , -   ,-,-,0,0
Y56,RPY,THE ROYAL MARSDEN NHS FOUNDATION TRUST,C_430,Elderly Medicine Service, -   , -   , -   ,-,-,0,0
Y56,RPY,THE ROYAL MARSDEN NHS FOUNDATION TRUST,C_502,Gynaecology Service,1,1,100.00%,-,-,0,0
Y56,RPY,THE ROYAL MARSDEN NHS FOUNDATION TRUST,X02,Other - Medical Services,290,264,91.00%,5.9,18.9,6,1
Y56,RPY,THE ROYAL MARSDEN NHS FOUNDATION TRUST,X03,Other - Mental Health Services, -   , -   , -   ,-,-,0,0
Y56,RPY,THE ROYAL MARSDEN NHS FOUNDATION TRUST,X04,Other - Paediatric Services,11,10,90.90%,-,-,0,0
Y56,RPY,THE ROYAL MARSDEN NHS FOUNDATION TRUST,X05,Other - Surgical Services,406,379,93.30%,2.2,15.4,9,0
Y56,RPY,THE ROYAL MARSDEN NHS FOUNDATION TRUST,X06,Other - Other Services,232,218,94.00%,3.9,14.9,0,0
Y56,RQM,CHELSEA AND WESTMINSTER HOSPITAL NHS FOUNDATION TRUST,C_100,General Surgery Service,"3,257","1,460",44.80%,19.7,46.4,153,2
Y56,RQM,CHELSEA AND WESTMINSTER HOSPITAL NHS FOUNDATION TRUST,C_101,Urology Service,"3,747","1,705",45.50%,19.6,49.2,265,1
Y56,RQM,CHELSEA AND WESTMINSTER HOSPITAL NHS FOUNDATION TRUST,C_110,Trauma and Orthopaedic Service,"4,696","2,361",50.30%,17.9,37.8,51,0
Y56,RQM,CHELSEA AND WESTMINSTER HOSPITAL NHS FOUNDATION TRUST,C_120,Ear Nose and Throat Service,"2,879","1,634",56.80%,15.9,34.8,50,0
Y56,RQM,CHELSEA AND WESTMINSTER HOSPITAL NHS FOUNDATION TRUST,C_130,Ophthalmology Service,"1,894",961,50.70%,17.8,36.2,29,0
Y56,RQM,CHELSEA AND WESTMINSTER HOSPITAL NHS FOUNDATION TRUST,C_140,Oral Surgery Service,"1,595",767,48.10%,18.5,41.8,29,0
Y56,RQM,CHELSEA AND WESTMINSTER HOSPITAL NHS FOUNDATION TRUST,C_150,Neurosurgical Service, -   , -   , -   ,-,-,0,0
Y56,RQM,CHELSEA AND WESTMINSTER HOSPITAL NHS FOUNDATION TRUST,C_160,Plastic Surgery Service,"2,177",916,42.10%,20.8,46.7,123,1
Y56,RQM,CHELSEA AND WESTMINSTER HOSPITAL NHS FOUNDATION TRUST,C_170,Cardiothoracic Surgery Service,5,4,80.00%,-,-,0,0
Y56,RQM,CHELSEA AND WESTMINSTER HOSPITAL NHS FOUNDATION TRUST,C_300,General Internal Medicine Service,83,62,74.70%,11.4,24.8,0,0
Y56,RQM,CHELSEA AND WESTMINSTER HOSPITAL NHS FOUNDATION TRUST,C_301,Gastroenterology Service,"2,457","2,030",82.60%,9.3,23.7,5,0
Y56,RQM,CHELSEA AND WESTMINSTER HOSPITAL NHS FOUNDATION TRUST,C_320,Cardiology Service,"2,121","1,648",77.70%,11,25.7,0,0
Y56,RQM,CHELSEA AND WESTMINSTER HOSPITAL NHS FOUNDATION TRUST,C_330,Dermatology Service,"4,116","2,103",51.10%,17.6,46,160,0
Y56,RQM,CHELSEA AND WESTMINSTER HOSPITAL NHS FOUNDATION TRUST,C_340,Respiratory Medicine Service,"1,549",841,54.30%,16.2,39,0,0
Y56,RQM,CHELSEA AND WESTMINSTER HOSPITAL NHS FOUNDATION TRUST,C_400,Neurology Service,"1,638",891,54.40%,16.5,33.4,1,0
Y56,RQM,CHELSEA AND WESTMINSTER HOSPITAL NHS FOUNDATION TRUST,C_410,Rheumatology Service,"1,121",744,66.40%,12.7,33.6,15,0
Y56,RQM,CHELSEA AND WESTMINSTER HOSPITAL NHS FOUNDATION TRUST,C_430,Elderly Medicine Service,296,274,92.60%,7.8,17.7,0,0
Y56,RQM,CHELSEA AND WESTMINSTER HOSPITAL NHS FOUNDATION TRUST,C_502,Gynaecology Service,"5,486","3,406",62.10%,14.1,32.7,10,1
Y56,RQM,CHELSEA AND WESTMINSTER HOSPITAL NHS FOUNDATION TRUST,X02,Other - Medical Services,882,667,75.60%,11.5,29.8,2,0
Y56,RQM,CHELSEA AND WESTMINSTER HOSPITAL NHS FOUNDATION TRUST,X03,Other - Mental Health Services, -   , -   , -   ,-,-,0,0
Y56,RQM,CHELSEA AND WESTMINSTER HOSPITAL NHS FOUNDATION TRUST,X04,Other - Paediatric Services,"6,292","3,179",50.50%,17.8,43.3,122,7
Y56,RQM,CHELSEA AND WESTMINSTER HOSPITAL NHS FOUNDATION TRUST,X05,Other - Surgical Services,"3,937","2,087",53.00%,16.6,54.8,415,12
Y56,RQM,CHELSEA AND WESTMINSTER HOSPITAL NHS FOUNDATION TRUST,X06,Other - Other Services,"3,545","2,484",70.10%,12.9,30.6,4,1
Y56,RQX,HOMERTON HEALTHCARE NHS FOUNDATION TRUST,C_100,General Surgery Service,"2,710","2,329",85.90%,7.1,21.6,3,0
Y56,RQX,HOMERTON HEALTHCARE NHS FOUNDATION TRUST,C_101,Urology Service,"1,584","1,330",84.00%,8.8,24.6,5,0
Y56,RQX,HOMERTON HEALTHCARE NHS FOUNDATION TRUST,C_110,Trauma and Orthopaedic Service,"1,976","1,458",73.80%,11.7,28.5,4,0
Y56,RQX,HOMERTON HEALTHCARE NHS FOUNDATION TRUST,C_120,Ear Nose and Throat Service,"1,517","1,264",83.30%,6.7,24,1,0
Y56,RQX,HOMERTON HEALTHCARE NHS FOUNDATION TRUST,C_130,Ophthalmology Service,32,32,100.00%,1.5,13.5,0,0
Y56,RQX,HOMERTON HEALTHCARE NHS FOUNDATION TRUST,C_140,Oral Surgery Service,"2,590","1,865",72.00%,10.9,33,25,0
Y56,RQX,HOMERTON HEALTHCARE NHS FOUNDATION TRUST,C_150,Neurosurgical Service, -   , -   , -   ,-,-,0,0
Y56,RQX,HOMERTON HEALTHCARE NHS FOUNDATION TRUST,C_160,Plastic Surgery Service,272,190,69.90%,10.2,26.6,1,0
Y56,RQX,HOMERTON HEALTHCARE NHS FOUNDATION TRUST,C_170,Cardiothoracic Surgery Service, -   , -   , -   ,-,-,0,0
Y56,RQX,HOMERTON HEALTHCARE NHS FOUNDATION TRUST,C_300,General Internal Medicine Service,228,155,68.00%,12,29.4,0,0
Y56,RQX,HOMERTON HEALTHCARE NHS FOUNDATION TRUST,C_301,Gastroenterology Service,915,742,81.10%,8,22.7,0,0
Y56,RQX,HOMERTON HEALTHCARE NHS FOUNDATION TRUST,C_320,Cardiology Service,894,626,70.00%,11.6,35.7,8,0
Y56,RQX,HOMERTON HEALTHCARE NHS FOUNDATION TRUST,C_330,Dermatology Service,"1,050",886,84.40%,6.8,23.1,3,0
Y56,RQX,HOMERTON HEALTHCARE NHS FOUNDATION TRUST,C_340,Respiratory Medicine Service,554,525,94.80%,5.1,15.7,0,0
Y56,RQX,HOMERTON HEALTHCARE NHS FOUNDATION TRUST,C_400,Neurology Service,602,588,97.70%,4.7,12.5,0,0
Y56,RQX,HOMERTON HEALTHCARE NHS FOUNDATION TRUST,C_410,Rheumatology Service,464,346,74.60%,11.4,22.4,0,0
Y56,RQX,HOMERTON HEALTHCARE NHS FOUNDATION TRUST,C_430,Elderly Medicine Service,171,165,96.50%,5.5,14.7,0,0
Y56,RQX,HOMERTON HEALTHCARE NHS FOUNDATION TRUST,C_502,Gynaecology Service,"3,207","2,688",83.80%,7.5,25.1,4,0
Y56,RQX,HOMERTON HEALTHCARE NHS FOUNDATION TRUST,X02,Other - Medical Services,"3,195","2,563",80.20%,8.8,26.9,29,0
Y56,RQX,HOMERTON HEALTHCARE NHS FOUNDATION TRUST,X03,Other - Mental Health Services, -   , -   , -   ,-,-,0,0
Y56,RQX,HOMERTON HEALTHCARE NHS FOUNDATION TRUST,X04,Other - Paediatric Services,"2,797","2,074",74.20%,11.1,29.6,11,0
Y56,RQX,HOMERTON HEALTHCARE NHS FOUNDATION TRUST,X05,Other - Surgical Services,402,385,95.80%,2.1,13.5,0,0
Y56,RQX,HOMERTON HEALTHCARE NHS FOUNDATION TRUST,X06,Other - Other Services,200,178,89.00%,10.5,21,0,0
Y56,RQY,SOUTH WEST LONDON AND ST GEORGE'S MENTAL HEALTH NHS TRUST,C_100,General Surgery Service, -   , -   , -   ,-,-,0,0
Y56,RQY,SOUTH WEST LONDON AND ST GEORGE'S MENTAL HEALTH NHS TRUST,C_101,Urology Service, -   , -   , -   ,-,-,0,0
Y56,RQY,SOUTH WEST LONDON AND ST GEORGE'S MENTAL HEALTH NHS TRUST,C_110,Trauma and Orthopaedic Service, -   , -   , -   ,-,-,0,0
Y56,RQY,SOUTH WEST LONDON AND ST GEORGE'S MENTAL HEALTH NHS TRUST,C_120,Ear Nose and Throat Service, -   , -   , -   ,-,-,0,0
Y56,RQY,SOUTH WEST LONDON AND ST GEORGE'S MENTAL HEALTH NHS TRUST,C_130,Ophthalmology Service, -   , -   , -   ,-,-,0,0
Y56,RQY,SOUTH WEST LONDON AND ST GEORGE'S MENTAL HEALTH NHS TRUST,C_140,Oral Surgery Service, -   , -   , -   ,-,-,0,0
Y56,RQY,SOUTH WEST LONDON AND ST GEORGE'S MENTAL HEALTH NHS TRUST,C_150,Neurosurgical Service, -   , -   , -   ,-,-,0,0
Y56,RQY,SOUTH WEST LONDON AND ST GEORGE'S MENTAL HEALTH NHS TRUST,C_160,Plastic Surgery Service, -   , -   , -   ,-,-,0,0
Y56,RQY,SOUTH WEST LONDON AND ST GEORGE'S MENTAL HEALTH NHS TRUST,C_170,Cardiothoracic Surgery Service, -   , -   , -   ,-,-,0,0
Y56,RQY,SOUTH WEST LONDON AND ST GEORGE'S MENTAL HEALTH NHS TRUST,C_300,General Internal Medicine Service, -   , -   , -   ,-,-,0,0
Y56,RQY,SOUTH WEST LONDON AND ST GEORGE'S MENTAL HEALTH NHS TRUST,C_301,Gastroenterology Service, -   , -   , -   ,-,-,0,0
Y56,RQY,SOUTH WEST LONDON AND ST GEORGE'S MENTAL HEALTH NHS TRUST,C_320,Cardiology Service, -   , -   , -   ,-,-,0,0
Y56,RQY,SOUTH WEST LONDON AND ST GEORGE'S MENTAL HEALTH NHS TRUST,C_330,Dermatology Service, -   , -   , -   ,-,-,0,0
Y56,RQY,SOUTH WEST LONDON AND ST GEORGE'S MENTAL HEALTH NHS TRUST,C_340,Respiratory Medicine Service, -   , -   , -   ,-,-,0,0
Y56,RQY,SOUTH WEST LONDON AND ST GEORGE'S MENTAL HEALTH NHS TRUST,C_400,Neurology Service, -   , -   , -   ,-,-,0,0
Y56,RQY,SOUTH WEST LONDON AND ST GEORGE'S MENTAL HEALTH NHS TRUST,C_410,Rheumatology Service, -   , -   , -   ,-,-,0,0
Y56,RQY,SOUTH WEST LONDON AND ST GEORGE'S MENTAL HEALTH NHS TRUST,C_430,Elderly Medicine Service, -   , -   , -   ,-,-,0,0
Y56,RQY,SOUTH WEST LONDON AND ST GEORGE'S MENTAL HEALTH NHS TRUST,C_502,Gynaecology Service, -   , -   , -   ,-,-,0,0
Y56,RQY,SOUTH WEST LONDON AND ST GEORGE'S MENTAL HEALTH NHS TRUST,X02,Other - Medical Services, -   , -   , -   ,-,-,0,0
Y56,RQY,SOUTH WEST LONDON AND ST GEORGE'S MENTAL HEALTH NHS TRUST,X03,Other - Mental Health Services,"5,072","3,857",76.00%,8.1,32.3,1,0
Y56,RQY,SOUTH WEST LONDON AND ST GEORGE'S MENTAL HEALTH NHS TRUST,X04,Other - Paediatric Services, -   , -   , -   ,-,-,0,0
Y56,RQY,SOUTH WEST LONDON AND ST GEORGE'S MENTAL HEALTH NHS TRUST,X05,Other - Surgical Services, -   , -   , -   ,-,-,0,0
Y56,RQY,SOUTH WEST LONDON AND ST GEORGE'S MENTAL HEALTH NHS TRUST,X06,Other - Other Services, -   , -   , -   ,-,-,0,0
Y56,RRV,UNIVERSITY COLLEGE LONDON HOSPITALS NHS FOUNDATION TRUST,C_100,General Surgery Service,177,34,19.20%,32,60.8,38,2
Y56,RRV,UNIVERSITY COLLEGE LONDON HOSPITALS NHS FOUNDATION TRUST,C_101,Urology Service,"4,636","2,491",53.70%,16.3,48,271,20
Y56,RRV,UNIVERSITY COLLEGE LONDON HOSPITALS NHS FOUNDATION TRUST,C_110,Trauma and Orthopaedic Service,"4,574","2,845",62.20%,13.7,35.4,58,1
Y56,RRV,UNIVERSITY COLLEGE LONDON HOSPITALS NHS FOUNDATION TRUST,C_120,Ear Nose and Throat Service,"6,995","3,712",53.10%,16.4,38.8,191,5
Y56,RRV,UNIVERSITY COLLEGE LONDON HOSPITALS NHS FOUNDATION TRUST,C_130,Ophthalmology Service, -   , -   , -   ,-,-,0,0
Y56,RRV,UNIVERSITY COLLEGE LONDON HOSPITALS NHS FOUNDATION TRUST,C_140,Oral Surgery Service,"2,393","1,734",72.50%,10.8,30.6,19,0
Y56,RRV,UNIVERSITY COLLEGE LONDON HOSPITALS NHS FOUNDATION TRUST,C_150,Neurosurgical Service,"1,406","1,105",78.60%,8.6,27.5,1,0
Y56,RRV,UNIVERSITY COLLEGE LONDON HOSPITALS NHS FOUNDATION TRUST,C_160,Plastic Surgery Service, -   , -   , -   ,-,-,0,0
Y56,RRV,UNIVERSITY COLLEGE LONDON HOSPITALS NHS FOUNDATION TRUST,C_170,Cardiothoracic Surgery Service,77,75,97.40%,3.6,12.8,0,0
Y56,RRV,UNIVERSITY COLLEGE LONDON HOSPITALS NHS FOUNDATION TRUST,C_300,General Internal Medicine Service,"1,679","1,276",76.00%,10.2,25.7,3,0
Y56,RRV,UNIVERSITY COLLEGE LONDON HOSPITALS NHS FOUNDATION TRUST,C_301,Gastroenterology Service,"3,183","1,749",54.90%,14.9,41.6,24,0
Y56,RRV,UNIVERSITY COLLEGE LONDON HOSPITALS NHS FOUNDATION TRUST,C_320,Cardiology Service,815,703,86.30%,9.2,20.7,0,0
Y56,RRV,UNIVERSITY COLLEGE LONDON HOSPITALS NHS FOUNDATION TRUST,C_330,Dermatology Service,"3,146","1,525",48.50%,18.5,45.6,120,0
Y56,RRV,UNIVERSITY COLLEGE LONDON HOSPITALS NHS FOUNDATION TRUST,C_340,Respiratory Medicine Service,587,509,86.70%,8.1,20.6,0,0
Y56,RRV,UNIVERSITY COLLEGE LONDON HOSPITALS NHS FOUNDATION TRUST,C_400,Neurology Service,"6,082","4,692",77.10%,10.6,28.4,18,0
Y56,RRV,UNIVERSITY COLLEGE LONDON HOSPITALS NHS FOUNDATION TRUST,C_410,Rheumatology Service,"1,344",849,63.20%,13.2,30.2,3,0
Y56,RRV,UNIVERSITY COLLEGE LONDON HOSPITALS NHS FOUNDATION TRUST,C_430,Elderly Medicine Service,88,85,96.60%,4.7,14,0,0
Y56,RRV,UNIVERSITY COLLEGE LONDON HOSPITALS NHS FOUNDATION TRUST,C_502,Gynaecology Service,"3,870","2,342",60.50%,12,42.8,127,10
Y56,RRV,UNIVERSITY COLLEGE LONDON HOSPITALS NHS FOUNDATION TRUST,X02,Other - Medical Services,"7,133","4,073",57.10%,14.9,47.9,431,18
Y56,RRV,UNIVERSITY COLLEGE LONDON HOSPITALS NHS FOUNDATION TRUST,X03,Other - Mental Health Services,"9,433","6,164",65.30%,12.6,34.5,61,0
Y56,RRV,UNIVERSITY COLLEGE LONDON HOSPITALS NHS FOUNDATION TRUST,X04,Other - Paediatric Services,"5,554","2,633",47.40%,19,44.2,231,15
Y56,RRV,UNIVERSITY COLLEGE LONDON HOSPITALS NHS FOUNDATION TRUST,X05,Other - Surgical Services,319,213,66.80%,11.6,36.8,0,0
Y56,RRV,UNIVERSITY COLLEGE LONDON HOSPITALS NHS FOUNDATION TRUST,X06,Other - Other Services,"2,603","1,683",64.70%,12.9,33.5,67,0
Y56,RV3,CENTRAL AND NORTH WEST LONDON NHS FOUNDATION TRUST,C_100,General Surgery Service, -   , -   , -   ,-,-,0,0
Y56,RV3,CENTRAL AND NORTH WEST LONDON NHS FOUNDATION TRUST,C_101,Urology Service, -   , -   , -   ,-,-,0,0
Y56,RV3,CENTRAL AND NORTH WEST LONDON NHS FOUNDATION TRUST,C_110,Trauma and Orthopaedic Service, -   , -   , -   ,-,-,0,0
Y56,RV3,CENTRAL AND NORTH WEST LONDON NHS FOUNDATION TRUST,C_120,Ear Nose and Throat Service, -   , -   , -   ,-,-,0,0
Y56,RV3,CENTRAL AND NORTH WEST LONDON NHS FOUNDATION TRUST,C_130,Ophthalmology Service, -   , -   , -   ,-,-,0,0
Y56,RV3,CENTRAL AND NORTH WEST LONDON NHS FOUNDATION TRUST,C_140,Oral Surgery Service, -   , -   , -   ,-,-,0,0
Y56,RV3,CENTRAL AND NORTH WEST LONDON NHS FOUNDATION TRUST,C_150,Neurosurgical Service, -   , -   , -   ,-,-,0,0
Y56,RV3,CENTRAL AND NORTH WEST LONDON NHS FOUNDATION TRUST,C_160,Plastic Surgery Service, -   , -   , -   ,-,-,0,0
Y56,RV3,CENTRAL AND NORTH WEST LONDON NHS FOUNDATION TRUST,C_170,Cardiothoracic Surgery Service, -   , -   , -   ,-,-,0,0
Y56,RV3,CENTRAL AND NORTH WEST LONDON NHS FOUNDATION TRUST,C_300,General Internal Medicine Service, -   , -   , -   ,-,-,0,0
Y56,RV3,CENTRAL AND NORTH WEST LONDON NHS FOUNDATION TRUST,C_301,Gastroenterology Service, -   , -   , -   ,-,-,0,0
Y56,RV3,CENTRAL AND NORTH WEST LONDON NHS FOUNDATION TRUST,C_320,Cardiology Service, -   , -   , -   ,-,-,0,0
Y56,RV3,CENTRAL AND NORTH WEST LONDON NHS FOUNDATION TRUST,C_330,Dermatology Service, -   , -   , -   ,-,-,0,0
Y56,RV3,CENTRAL AND NORTH WEST LONDON NHS FOUNDATION TRUST,C_340,Respiratory Medicine Service, -   , -   , -   ,-,-,0,0
Y56,RV3,CENTRAL AND NORTH WEST LONDON NHS FOUNDATION TRUST,C_400,Neurology Service, -   , -   , -   ,-,-,0,0
Y56,RV3,CENTRAL AND NORTH WEST LONDON NHS FOUNDATION TRUST,C_410,Rheumatology Service, -   , -   , -   ,-,-,0,0
Y56,RV3,CENTRAL AND NORTH WEST LONDON NHS FOUNDATION TRUST,C_430,Elderly Medicine Service, -   , -   , -   ,-,-,0,0
Y56,RV3,CENTRAL AND NORTH WEST LONDON NHS FOUNDATION TRUST,C_502,Gynaecology Service, -   , -   , -   ,-,-,0,0
Y56,RV3,CENTRAL AND NORTH WEST LONDON NHS FOUNDATION TRUST,X02,Other - Medical Services, -   , -   , -   ,-,-,0,0
Y56,RV3,CENTRAL AND NORTH WEST LONDON NHS FOUNDATION TRUST,X03,Other - Mental Health Services, -   , -   , -   ,-,-,0,0
Y56,RV3,CENTRAL AND NORTH WEST LONDON NHS FOUNDATION TRUST,X04,Other - Paediatric Services,952,547,57.50%,13.5,36.9,3,1
Y56,RV3,CENTRAL AND NORTH WEST LONDON NHS FOUNDATION TRUST,X05,Other - Surgical Services, -   , -   , -   ,-,-,0,0
Y56,RV3,CENTRAL AND NORTH WEST LONDON NHS FOUNDATION TRUST,X06,Other - Other Services, -   , -   , -   ,-,-,0,0
Y56,RVR,EPSOM AND ST HELIER UNIVERSITY HOSPITALS NHS TRUST,C_100,General Surgery Service,"4,775","2,994",62.70%,13.4,32.3,23,1
Y56,RVR,EPSOM AND ST HELIER UNIVERSITY HOSPITALS NHS TRUST,C_101,Urology Service,"2,075","1,640",79.00%,9.5,28.6,12,0
Y56,RVR,EPSOM AND ST HELIER UNIVERSITY HOSPITALS NHS TRUST,C_110,Trauma and Orthopaedic Service,"5,354","3,911",73.00%,10.3,28.7,6,1
Y56,RVR,EPSOM AND ST HELIER UNIVERSITY HOSPITALS NHS TRUST,C_120,Ear Nose and Throat Service,"2,363","1,646",69.70%,11.5,30.4,5,0
Y56,RVR,EPSOM AND ST HELIER UNIVERSITY HOSPITALS NHS TRUST,C_130,Ophthalmology Service,"3,112","2,555",82.10%,8.5,23.5,2,0
Y56,RVR,EPSOM AND ST HELIER UNIVERSITY HOSPITALS NHS TRUST,C_140,Oral Surgery Service,"1,057",885,83.70%,8,25,2,0
Y56,RVR,EPSOM AND ST HELIER UNIVERSITY HOSPITALS NHS TRUST,C_150,Neurosurgical Service, -   , -   , -   ,-,-,0,0
Y56,RVR,EPSOM AND ST HELIER UNIVERSITY HOSPITALS NHS TRUST,C_160,Plastic Surgery Service,49,39,79.60%,8.3,29.1,0,0
Y56,RVR,EPSOM AND ST HELIER UNIVERSITY HOSPITALS NHS TRUST,C_170,Cardiothoracic Surgery Service, -   , -   , -   ,-,-,0,0
Y56,RVR,EPSOM AND ST HELIER UNIVERSITY HOSPITALS NHS TRUST,C_300,General Internal Medicine Service,163,105,64.40%,12.8,26,1,0
Y56,RVR,EPSOM AND ST HELIER UNIVERSITY HOSPITALS NHS TRUST,C_301,Gastroenterology Service,"3,843","2,281",59.40%,14.5,34.8,49,3
Y56,RVR,EPSOM AND ST HELIER UNIVERSITY HOSPITALS NHS TRUST,C_320,Cardiology Service,"2,528","1,506",59.60%,14.5,37.9,59,3
Y56,RVR,EPSOM AND ST HELIER UNIVERSITY HOSPITALS NHS TRUST,C_330,Dermatology Service,"4,278","2,770",64.70%,13.1,29.2,12,0
Y56,RVR,EPSOM AND ST HELIER UNIVERSITY HOSPITALS NHS TRUST,C_340,Respiratory Medicine Service,"1,005",685,68.20%,9.7,39.4,32,0
Y56,RVR,EPSOM AND ST HELIER UNIVERSITY HOSPITALS NHS TRUST,C_400,Neurology Service,"1,405",934,66.50%,12.6,32.5,5,0
Y56,RVR,EPSOM AND ST HELIER UNIVERSITY HOSPITALS NHS TRUST,C_410,Rheumatology Service,668,439,65.70%,12.6,28.9,3,0
Y56,RVR,EPSOM AND ST HELIER UNIVERSITY HOSPITALS NHS TRUST,C_430,Elderly Medicine Service,122,89,73.00%,10.4,34.4,0,0
Y56,RVR,EPSOM AND ST HELIER UNIVERSITY HOSPITALS NHS TRUST,C_502,Gynaecology Service,"5,315","3,357",63.20%,13.3,32.8,23,0
Y56,RVR,EPSOM AND ST HELIER UNIVERSITY HOSPITALS NHS TRUST,X02,Other - Medical Services,"5,015","3,686",73.50%,9.5,31,47,0
Y56,RVR,EPSOM AND ST HELIER UNIVERSITY HOSPITALS NHS TRUST,X03,Other - Mental Health Services, -   , -   , -   ,-,-,0,0
Y56,RVR,EPSOM AND ST HELIER UNIVERSITY HOSPITALS NHS TRUST,X04,Other - Paediatric Services,"3,888","2,675",68.80%,11.3,33,13,0
Y56,RVR,EPSOM AND ST HELIER UNIVERSITY HOSPITALS NHS TRUST,X05,Other - Surgical Services,229,214,93.40%,5.8,16.8,0,0
Y56,RVR,EPSOM AND ST HELIER UNIVERSITY HOSPITALS NHS TRUST,X06,Other - Other Services,678,596,87.90%,6.3,20.3,0,0
Y56,RY9,HOUNSLOW AND RICHMOND COMMUNITY HEALTHCARE NHS TRUST,C_100,General Surgery Service, -   , -   , -   ,-,-,0,0
Y56,RY9,HOUNSLOW AND RICHMOND COMMUNITY HEALTHCARE NHS TRUST,C_101,Urology Service, -   , -   , -   ,-,-,0,0
Y56,RY9,HOUNSLOW AND RICHMOND COMMUNITY HEALTHCARE NHS TRUST,C_110,Trauma and Orthopaedic Service, -   , -   , -   ,-,-,0,0
Y56,RY9,HOUNSLOW AND RICHMOND COMMUNITY HEALTHCARE NHS TRUST,C_120,Ear Nose and Throat Service, -   , -   , -   ,-,-,0,0
Y56,RY9,HOUNSLOW AND RICHMOND COMMUNITY HEALTHCARE NHS TRUST,C_130,Ophthalmology Service, -   , -   , -   ,-,-,0,0
Y56,RY9,HOUNSLOW AND RICHMOND COMMUNITY HEALTHCARE NHS TRUST,C_140,Oral Surgery Service, -   , -   , -   ,-,-,0,0
Y56,RY9,HOUNSLOW AND RICHMOND COMMUNITY HEALTHCARE NHS TRUST,C_150,Neurosurgical Service, -   , -   , -   ,-,-,0,0
Y56,RY9,HOUNSLOW AND RICHMOND COMMUNITY HEALTHCARE NHS TRUST,C_160,Plastic Surgery Service, -   , -   , -   ,-,-,0,0
Y56,RY9,HOUNSLOW AND RICHMOND COMMUNITY HEALTHCARE NHS TRUST,C_170,Cardiothoracic Surgery Service, -   , -   , -   ,-,-,0,0
Y56,RY9,HOUNSLOW AND RICHMOND COMMUNITY HEALTHCARE NHS TRUST,C_300,General Internal Medicine Service, -   , -   , -   ,-,-,0,0
Y56,RY9,HOUNSLOW AND RICHMOND COMMUNITY HEALTHCARE NHS TRUST,C_301,Gastroenterology Service, -   , -   , -   ,-,-,0,0
Y56,RY9,HOUNSLOW AND RICHMOND COMMUNITY HEALTHCARE NHS TRUST,C_320,Cardiology Service, -   , -   , -   ,-,-,0,0
Y56,RY9,HOUNSLOW AND RICHMOND COMMUNITY HEALTHCARE NHS TRUST,C_330,Dermatology Service, -   , -   , -   ,-,-,0,0
Y56,RY9,HOUNSLOW AND RICHMOND COMMUNITY HEALTHCARE NHS TRUST,C_340,Respiratory Medicine Service, -   , -   , -   ,-,-,0,0
Y56,RY9,HOUNSLOW AND RICHMOND COMMUNITY HEALTHCARE NHS TRUST,C_400,Neurology Service, -   , -   , -   ,-,-,0,0
Y56,RY9,HOUNSLOW AND RICHMOND COMMUNITY HEALTHCARE NHS TRUST,C_410,Rheumatology Service, -   , -   , -   ,-,-,0,0
Y56,RY9,HOUNSLOW AND RICHMOND COMMUNITY HEALTHCARE NHS TRUST,C_430,Elderly Medicine Service, -   , -   , -   ,-,-,0,0
Y56,RY9,HOUNSLOW AND RICHMOND COMMUNITY HEALTHCARE NHS TRUST,C_502,Gynaecology Service, -   , -   , -   ,-,-,0,0
Y56,RY9,HOUNSLOW AND RICHMOND COMMUNITY HEALTHCARE NHS TRUST,X02,Other - Medical Services, -   , -   , -   ,-,-,0,0
Y56,RY9,HOUNSLOW AND RICHMOND COMMUNITY HEALTHCARE NHS TRUST,X03,Other - Mental Health Services, -   , -   , -   ,-,-,0,0
Y56,RY9,HOUNSLOW AND RICHMOND COMMUNITY HEALTHCARE NHS TRUST,X04,Other - Paediatric Services,494,400,81.00%,7.9,21.2,0,0
Y56,RY9,HOUNSLOW AND RICHMOND COMMUNITY HEALTHCARE NHS TRUST,X05,Other - Surgical Services, -   , -   , -   ,-,-,0,0
Y56,RY9,HOUNSLOW AND RICHMOND COMMUNITY HEALTHCARE NHS TRUST,X06,Other - Other Services, -   , -   , -   ,-,-,0,0
Y56,RYJ,IMPERIAL COLLEGE HEALTHCARE NHS TRUST,C_100,General Surgery Service,"4,070","1,712",42.10%,22.1,55.7,471,20
Y56,RYJ,IMPERIAL COLLEGE HEALTHCARE NHS TRUST,C_101,Urology Service,"3,935","2,120",53.90%,15.9,49.6,273,28
Y56,RYJ,IMPERIAL COLLEGE HEALTHCARE NHS TRUST,C_110,Trauma and Orthopaedic Service,"2,651","1,706",64.40%,12.7,37.3,31,1
Y56,RYJ,IMPERIAL COLLEGE HEALTHCARE NHS TRUST,C_120,Ear Nose and Throat Service,"6,126","4,148",67.70%,12.1,41,177,0
Y56,RYJ,IMPERIAL COLLEGE HEALTHCARE NHS TRUST,C_130,Ophthalmology Service,"8,104","4,935",60.90%,13.7,41.4,194,7
Y56,RYJ,IMPERIAL COLLEGE HEALTHCARE NHS TRUST,C_140,Oral Surgery Service,231,214,92.60%,6.9,17.8,0,0
Y56,RYJ,IMPERIAL COLLEGE HEALTHCARE NHS TRUST,C_150,Neurosurgical Service,"5,019","2,156",43.00%,21.2,52.1,405,17
Y56,RYJ,IMPERIAL COLLEGE HEALTHCARE NHS TRUST,C_160,Plastic Surgery Service,"1,379",855,62.00%,14,32.9,14,0
Y56,RYJ,IMPERIAL COLLEGE HEALTHCARE NHS TRUST,C_170,Cardiothoracic Surgery Service,268,204,76.10%,8,36.8,6,1
Y56,RYJ,IMPERIAL COLLEGE HEALTHCARE NHS TRUST,C_300,General Internal Medicine Service,64,49,76.60%,6.5,30.4,1,0
Y56,RYJ,IMPERIAL COLLEGE HEALTHCARE NHS TRUST,C_301,Gastroenterology Service,"3,192","2,430",76.10%,11.3,26.2,7,2
Y56,RYJ,IMPERIAL COLLEGE HEALTHCARE NHS TRUST,C_320,Cardiology Service,"7,227","5,361",74.20%,10.3,33,91,6
Y56,RYJ,IMPERIAL COLLEGE HEALTHCARE NHS TRUST,C_330,Dermatology Service,"4,252","2,530",59.50%,13.5,39.1,0,0
Y56,RYJ,IMPERIAL COLLEGE HEALTHCARE NHS TRUST,C_340,Respiratory Medicine Service,"2,978","2,153",72.30%,10.5,31.2,14,0
Y56,RYJ,IMPERIAL COLLEGE HEALTHCARE NHS TRUST,C_400,Neurology Service,"5,425","2,421",44.60%,20.1,45.9,181,0
Y56,RYJ,IMPERIAL COLLEGE HEALTHCARE NHS TRUST,C_410,Rheumatology Service,"1,197",731,61.10%,13.4,42.4,56,0
Y56,RYJ,IMPERIAL COLLEGE HEALTHCARE NHS TRUST,C_430,Elderly Medicine Service,163,98,60.10%,15.3,47,6,0
Y56,RYJ,IMPERIAL COLLEGE HEALTHCARE NHS TRUST,C_502,Gynaecology Service,"7,105","4,645",65.40%,12.1,34.2,25,0
Y56,RYJ,IMPERIAL COLLEGE HEALTHCARE NHS TRUST,X02,Other - Medical Services,"15,964","9,865",61.80%,13,45,749,2
Y56,RYJ,IMPERIAL COLLEGE HEALTHCARE NHS TRUST,X03,Other - Mental Health Services, -   , -   , -   ,-,-,0,0
Y56,RYJ,IMPERIAL COLLEGE HEALTHCARE NHS TRUST,X04,Other - Paediatric Services,"5,265","3,541",67.30%,13.1,32.3,34,0
Y56,RYJ,IMPERIAL COLLEGE HEALTHCARE NHS TRUST,X05,Other - Surgical Services,"8,040","4,821",60.00%,13.9,44.9,328,10
Y56,RYJ,IMPERIAL COLLEGE HEALTHCARE NHS TRUST,X06,Other - Other Services,297,290,97.60%,5.3,15.3,0,0
Y56,RYX,CENTRAL LONDON COMMUNITY HEALTHCARE NHS TRUST,C_100,General Surgery Service, -   , -   , -   ,-,-,0,0
Y56,RYX,CENTRAL LONDON COMMUNITY HEALTHCARE NHS TRUST,C_101,Urology Service, -   , -   , -   ,-,-,0,0
Y56,RYX,CENTRAL LONDON COMMUNITY HEALTHCARE NHS TRUST,C_110,Trauma and Orthopaedic Service, -   , -   , -   ,-,-,0,0
Y56,RYX,CENTRAL LONDON COMMUNITY HEALTHCARE NHS TRUST,C_120,Ear Nose and Throat Service, -   , -   , -   ,-,-,0,0
Y56,RYX,CENTRAL LONDON COMMUNITY HEALTHCARE NHS TRUST,C_130,Ophthalmology Service, -   , -   , -   ,-,-,0,0
Y56,RYX,CENTRAL LONDON COMMUNITY HEALTHCARE NHS TRUST,C_140,Oral Surgery Service, -   , -   , -   ,-,-,0,0
Y56,RYX,CENTRAL LONDON COMMUNITY HEALTHCARE NHS TRUST,C_150,Neurosurgical Service, -   , -   , -   ,-,-,0,0
Y56,RYX,CENTRAL LONDON COMMUNITY HEALTHCARE NHS TRUST,C_160,Plastic Surgery Service, -   , -   , -   ,-,-,0,0
Y56,RYX,CENTRAL LONDON COMMUNITY HEALTHCARE NHS TRUST,C_170,Cardiothoracic Surgery Service, -   , -   , -   ,-,-,0,0
Y56,RYX,CENTRAL LONDON COMMUNITY HEALTHCARE NHS TRUST,C_300,General Internal Medicine Service,112,106,94.60%,4.6,15.5,0,0
Y56,RYX,CENTRAL LONDON COMMUNITY HEALTHCARE NHS TRUST,C_301,Gastroenterology Service, -   , -   , -   ,-,-,0,0
Y56,RYX,CENTRAL LONDON COMMUNITY HEALTHCARE NHS TRUST,C_320,Cardiology Service, -   , -   , -   ,-,-,0,0
Y56,RYX,CENTRAL LONDON COMMUNITY HEALTHCARE NHS TRUST,C_330,Dermatology Service, -   , -   , -   ,-,-,0,0
Y56,RYX,CENTRAL LONDON COMMUNITY HEALTHCARE NHS TRUST,C_340,Respiratory Medicine Service,"1,475","1,145",77.60%,10.2,24.4,0,0
Y56,RYX,CENTRAL LONDON COMMUNITY HEALTHCARE NHS TRUST,C_400,Neurology Service, -   , -   , -   ,-,-,0,0
Y56,RYX,CENTRAL LONDON COMMUNITY HEALTHCARE NHS TRUST,C_410,Rheumatology Service, -   , -   , -   ,-,-,0,0
Y56,RYX,CENTRAL LONDON COMMUNITY HEALTHCARE NHS TRUST,C_430,Elderly Medicine Service, -   , -   , -   ,-,-,0,0
Y56,RYX,CENTRAL LONDON COMMUNITY HEALTHCARE NHS TRUST,C_502,Gynaecology Service, -   , -   , -   ,-,-,0,0
Y56,RYX,CENTRAL LONDON COMMUNITY HEALTHCARE NHS TRUST,X02,Other - Medical Services,11,11,100.00%,-,-,0,0
Y56,RYX,CENTRAL LONDON COMMUNITY HEALTHCARE NHS TRUST,X03,Other - Mental Health Services, -   , -   , -   ,-,-,0,0
Y56,RYX,CENTRAL LONDON COMMUNITY HEALTHCARE NHS TRUST,X04,Other - Paediatric Services,201,148,73.60%,10.2,29.4,0,0
Y56,RYX,CENTRAL LONDON COMMUNITY HEALTHCARE NHS TRUST,X05,Other - Surgical Services, -   , -   , -   ,-,-,0,0
Y56,RYX,CENTRAL LONDON COMMUNITY HEALTHCARE NHS TRUST,X06,Other - Other Services,"1,699","1,362",80.20%,8.1,26.6,0,0
Y58,R0D,UNIVERSITY HOSPITALS DORSET NHS FOUNDATION TRUST,C_100,General Surgery Service,"1,264",889,70.30%,13,45.4,69,23
Y58,R0D,UNIVERSITY HOSPITALS DORSET NHS FOUNDATION TRUST,C_101,Urology Service,"3,467","1,875",54.10%,15.5,42.7,165,44
Y58,R0D,UNIVERSITY HOSPITALS DORSET NHS FOUNDATION TRUST,C_110,Trauma and Orthopaedic Service,"6,974","3,192",45.80%,19.4,48.3,374,23
Y58,R0D,UNIVERSITY HOSPITALS DORSET NHS FOUNDATION TRUST,C_120,Ear Nose and Throat Service,"6,474","2,828",43.70%,20.5,47.4,378,39
Y58,R0D,UNIVERSITY HOSPITALS DORSET NHS FOUNDATION TRUST,C_130,Ophthalmology Service,"4,807","3,198",66.50%,11.8,32.3,24,1
Y58,R0D,UNIVERSITY HOSPITALS DORSET NHS FOUNDATION TRUST,C_140,Oral Surgery Service,"3,250","1,321",40.60%,22.5,61.4,398,114
Y58,R0D,UNIVERSITY HOSPITALS DORSET NHS FOUNDATION TRUST,C_150,Neurosurgical Service, -   , -   , -   ,-,-,0,0
Y58,R0D,UNIVERSITY HOSPITALS DORSET NHS FOUNDATION TRUST,C_160,Plastic Surgery Service, -   , -   , -   ,-,-,0,0
Y58,R0D,UNIVERSITY HOSPITALS DORSET NHS FOUNDATION TRUST,C_170,Cardiothoracic Surgery Service,8, -   , -   ,-,-,0,0
Y58,R0D,UNIVERSITY HOSPITALS DORSET NHS FOUNDATION TRUST,C_300,General Internal Medicine Service,572,155,27.10%,23.4,44.9,0,0
Y58,R0D,UNIVERSITY HOSPITALS DORSET NHS FOUNDATION TRUST,C_301,Gastroenterology Service,"5,295","2,973",56.10%,15.1,48.1,327,15
Y58,R0D,UNIVERSITY HOSPITALS DORSET NHS FOUNDATION TRUST,C_320,Cardiology Service,"3,844","2,364",61.50%,13.4,34,5,0
Y58,R0D,UNIVERSITY HOSPITALS DORSET NHS FOUNDATION TRUST,C_330,Dermatology Service,"4,340","2,367",54.50%,16,49.3,291,0
Y58,R0D,UNIVERSITY HOSPITALS DORSET NHS FOUNDATION TRUST,C_340,Respiratory Medicine Service,"1,236",928,75.10%,11.2,34.4,31,0
Y58,R0D,UNIVERSITY HOSPITALS DORSET NHS FOUNDATION TRUST,C_400,Neurology Service,"2,546","1,228",48.20%,18.9,46.9,81,0
Y58,R0D,UNIVERSITY HOSPITALS DORSET NHS FOUNDATION TRUST,C_410,Rheumatology Service,"1,623",935,57.60%,15.2,38.4,15,1
Y58,R0D,UNIVERSITY HOSPITALS DORSET NHS FOUNDATION TRUST,C_430,Elderly Medicine Service,351,244,69.50%,12.3,29.8,1,0
Y58,R0D,UNIVERSITY HOSPITALS DORSET NHS FOUNDATION TRUST,C_502,Gynaecology Service,"7,522","3,173",42.20%,21.4,53.7,698,84
Y58,R0D,UNIVERSITY HOSPITALS DORSET NHS FOUNDATION TRUST,X02,Other - Medical Services,"4,074","3,012",73.90%,11.4,26.4,26,0
Y58,R0D,UNIVERSITY HOSPITALS DORSET NHS FOUNDATION TRUST,X03,Other - Mental Health Services, -   , -   , -   ,-,-,0,0
Y58,R0D,UNIVERSITY HOSPITALS DORSET NHS FOUNDATION TRUST,X04,Other - Paediatric Services,"5,429","3,428",63.10%,13.1,39.9,133,0
Y58,R0D,UNIVERSITY HOSPITALS DORSET NHS FOUNDATION TRUST,X05,Other - Surgical Services,"7,899","4,848",61.40%,13.1,47.7,500,160
Y58,R0D,UNIVERSITY HOSPITALS DORSET NHS FOUNDATION TRUST,X06,Other - Other Services,"1,853","1,051",56.70%,16.1,41.2,40,0
Y58,RA4,YEOVIL DISTRICT HOSPITAL NHS FOUNDATION TRUST,C_100,General Surgery Service,"1,417","1,198",84.50%,6.3,29.9,32,1
Y58,RA4,YEOVIL DISTRICT HOSPITAL NHS FOUNDATION TRUST,C_101,Urology Service,818,551,67.40%,8.4,49.9,57,10
Y58,RA4,YEOVIL DISTRICT HOSPITAL NHS FOUNDATION TRUST,C_110,Trauma and Orthopaedic Service,"1,267",492,38.80%,23,57.3,160,9
Y58,RA4,YEOVIL DISTRICT HOSPITAL NHS FOUNDATION TRUST,C_120,Ear Nose and Throat Service,"1,330",639,48.00%,18.9,68.4,201,50
Y58,RA4,YEOVIL DISTRICT HOSPITAL NHS FOUNDATION TRUST,C_130,Ophthalmology Service,"1,324","1,061",80.10%,9.8,27.1,23,2
Y58,RA4,YEOVIL DISTRICT HOSPITAL NHS FOUNDATION TRUST,C_140,Oral Surgery Service, -   , -   , -   ,-,-,0,0
Y58,RA4,YEOVIL DISTRICT HOSPITAL NHS FOUNDATION TRUST,C_150,Neurosurgical Service, -   , -   , -   ,-,-,0,0
Y58,RA4,YEOVIL DISTRICT HOSPITAL NHS FOUNDATION TRUST,C_160,Plastic Surgery Service,147,96,65.30%,13.9,38.2,4,0
Y58,RA4,YEOVIL DISTRICT HOSPITAL NHS FOUNDATION TRUST,C_170,Cardiothoracic Surgery Service, -   , -   , -   ,-,-,0,0
Y58,RA4,YEOVIL DISTRICT HOSPITAL NHS FOUNDATION TRUST,C_300,General Internal Medicine Service,21,16,76.20%,9,48.3,1,0
Y58,RA4,YEOVIL DISTRICT HOSPITAL NHS FOUNDATION TRUST,C_301,Gastroenterology Service,488,359,73.60%,10.3,24.8,1,0
Y58,RA4,YEOVIL DISTRICT HOSPITAL NHS FOUNDATION TRUST,C_320,Cardiology Service,586,427,72.90%,12,26.9,0,0
Y58,RA4,YEOVIL DISTRICT HOSPITAL NHS FOUNDATION TRUST,C_330,Dermatology Service,"1,364",962,70.50%,9.6,53.8,129,2
Y58,RA4,YEOVIL DISTRICT HOSPITAL NHS FOUNDATION TRUST,C_340,Respiratory Medicine Service,412,336,81.60%,8.6,22.8,0,0
Y58,RA4,YEOVIL DISTRICT HOSPITAL NHS FOUNDATION TRUST,C_400,Neurology Service,343,275,80.20%,10.7,27.1,8,2
Y58,RA4,YEOVIL DISTRICT HOSPITAL NHS FOUNDATION TRUST,C_410,Rheumatology Service,296,240,81.10%,10.9,22.8,0,0
Y58,RA4,YEOVIL DISTRICT HOSPITAL NHS FOUNDATION TRUST,C_430,Elderly Medicine Service,62,56,90.30%,2.4,22,0,0
Y58,RA4,YEOVIL DISTRICT HOSPITAL NHS FOUNDATION TRUST,C_502,Gynaecology Service,"1,037",656,63.30%,11.8,52.3,84,15
Y58,RA4,YEOVIL DISTRICT HOSPITAL NHS FOUNDATION TRUST,X02,Other - Medical Services,541,380,70.20%,10.2,43.2,9,0
Y58,RA4,YEOVIL DISTRICT HOSPITAL NHS FOUNDATION TRUST,X03,Other - Mental Health Services, -   , -   , -   ,-,-,0,0
Y58,RA4,YEOVIL DISTRICT HOSPITAL NHS FOUNDATION TRUST,X04,Other - Paediatric Services,548,420,76.60%,9.1,30.5,13,3
Y58,RA4,YEOVIL DISTRICT HOSPITAL NHS FOUNDATION TRUST,X05,Other - Surgical Services,772,604,78.20%,7.2,32.6,20,2
Y58,RA4,YEOVIL DISTRICT HOSPITAL NHS FOUNDATION TRUST,X06,Other - Other Services, -   , -   , -   ,-,-,0,0
Y58,RA7,UNIVERSITY HOSPITALS BRISTOL AND WESTON NHS FOUNDATION TRUST,C_100,General Surgery Service,217,110,50.70%,17.8,43.6,9,1
Y58,RA7,UNIVERSITY HOSPITALS BRISTOL AND WESTON NHS FOUNDATION TRUST,C_101,Urology Service, -   , -   , -   ,-,-,0,0
Y58,RA7,UNIVERSITY HOSPITALS BRISTOL AND WESTON NHS FOUNDATION TRUST,C_110,Trauma and Orthopaedic Service,"1,447",810,56.00%,15.3,57.3,147,26
Y58,RA7,UNIVERSITY HOSPITALS BRISTOL AND WESTON NHS FOUNDATION TRUST,C_120,Ear Nose and Throat Service,"5,393","2,449",45.40%,21.1,66,"1,099",78
Y58,RA7,UNIVERSITY HOSPITALS BRISTOL AND WESTON NHS FOUNDATION TRUST,C_130,Ophthalmology Service,"6,169","4,398",71.30%,9.6,41.2,258,22
Y58,RA7,UNIVERSITY HOSPITALS BRISTOL AND WESTON NHS FOUNDATION TRUST,C_140,Oral Surgery Service,"6,730","1,996",29.70%,29.8,60.8,"1,183",60
Y58,RA7,UNIVERSITY HOSPITALS BRISTOL AND WESTON NHS FOUNDATION TRUST,C_150,Neurosurgical Service, -   , -   , -   ,-,-,0,0
Y58,RA7,UNIVERSITY HOSPITALS BRISTOL AND WESTON NHS FOUNDATION TRUST,C_160,Plastic Surgery Service, -   , -   , -   ,-,-,0,0
Y58,RA7,UNIVERSITY HOSPITALS BRISTOL AND WESTON NHS FOUNDATION TRUST,C_170,Cardiothoracic Surgery Service,225,155,68.90%,8.5,46.3,12,3
Y58,RA7,UNIVERSITY HOSPITALS BRISTOL AND WESTON NHS FOUNDATION TRUST,C_300,General Internal Medicine Service,47,26,55.30%,15,34.7,1,0
Y58,RA7,UNIVERSITY HOSPITALS BRISTOL AND WESTON NHS FOUNDATION TRUST,C_301,Gastroenterology Service,"1,922",952,49.50%,18.4,58.8,249,53
Y58,RA7,UNIVERSITY HOSPITALS BRISTOL AND WESTON NHS FOUNDATION TRUST,C_320,Cardiology Service,"3,924","2,688",68.50%,12.1,37.5,83,1
Y58,RA7,UNIVERSITY HOSPITALS BRISTOL AND WESTON NHS FOUNDATION TRUST,C_330,Dermatology Service,"3,818","2,514",65.80%,12.7,35.2,62,0
Y58,RA7,UNIVERSITY HOSPITALS BRISTOL AND WESTON NHS FOUNDATION TRUST,C_340,Respiratory Medicine Service,"2,636","1,191",45.20%,20.5,61.2,341,39
Y58,RA7,UNIVERSITY HOSPITALS BRISTOL AND WESTON NHS FOUNDATION TRUST,C_400,Neurology Service,607,377,62.10%,13.3,59.5,81,2
Y58,RA7,UNIVERSITY HOSPITALS BRISTOL AND WESTON NHS FOUNDATION TRUST,C_410,Rheumatology Service,946,378,40.00%,23.5,56.2,113,4
Y58,RA7,UNIVERSITY HOSPITALS BRISTOL AND WESTON NHS FOUNDATION TRUST,C_430,Elderly Medicine Service,161,144,89.40%,5.1,20.1,1,0
Y58,RA7,UNIVERSITY HOSPITALS BRISTOL AND WESTON NHS FOUNDATION TRUST,C_502,Gynaecology Service,"3,085","1,852",60.00%,14.2,37.2,63,2
Y58,RA7,UNIVERSITY HOSPITALS BRISTOL AND WESTON NHS FOUNDATION TRUST,X02,Other - Medical Services,"6,085","3,360",55.20%,15.5,46.4,293,16
Y58,RA7,UNIVERSITY HOSPITALS BRISTOL AND WESTON NHS FOUNDATION TRUST,X03,Other - Mental Health Services,62,49,79.00%,10.1,23,0,0
Y58,RA7,UNIVERSITY HOSPITALS BRISTOL AND WESTON NHS FOUNDATION TRUST,X04,Other - Paediatric Services,"9,417","4,361",46.30%,20,62.5,"1,415",218
Y58,RA7,UNIVERSITY HOSPITALS BRISTOL AND WESTON NHS FOUNDATION TRUST,X05,Other - Surgical Services,"6,661","3,623",54.40%,16.1,60.6,731,218
Y58,RA7,UNIVERSITY HOSPITALS BRISTOL AND WESTON NHS FOUNDATION TRUST,X06,Other - Other Services,"2,318","2,192",94.60%,5.6,15.7,0,0
Y58,RA9,TORBAY AND SOUTH DEVON NHS FOUNDATION TRUST,C_100,General Surgery Service, -   , -   , -   ,-,-,0,0
Y58,RA9,TORBAY AND SOUTH DEVON NHS FOUNDATION TRUST,C_101,Urology Service,"3,186","1,376",43.20%,23.3,68,580,152
Y58,RA9,TORBAY AND SOUTH DEVON NHS FOUNDATION TRUST,C_110,Trauma and Orthopaedic Service,"3,662","1,577",43.10%,21.8,74.1,707,238
Y58,RA9,TORBAY AND SOUTH DEVON NHS FOUNDATION TRUST,C_120,Ear Nose and Throat Service,"3,642","1,381",37.90%,25.6,64.2,618,38
Y58,RA9,TORBAY AND SOUTH DEVON NHS FOUNDATION TRUST,C_130,Ophthalmology Service,"4,749","2,497",52.60%,16,53.7,427,27
Y58,RA9,TORBAY AND SOUTH DEVON NHS FOUNDATION TRUST,C_140,Oral Surgery Service,"3,165","1,159",36.60%,24.7,51.9,252,15
Y58,RA9,TORBAY AND SOUTH DEVON NHS FOUNDATION TRUST,C_150,Neurosurgical Service, -   , -   , -   ,-,-,0,0
Y58,RA9,TORBAY AND SOUTH DEVON NHS FOUNDATION TRUST,C_160,Plastic Surgery Service,283,168,59.40%,13.8,41.4,4,1
Y58,RA9,TORBAY AND SOUTH DEVON NHS FOUNDATION TRUST,C_170,Cardiothoracic Surgery Service,24,10,41.70%,22.3,49.1,0,0
Y58,RA9,TORBAY AND SOUTH DEVON NHS FOUNDATION TRUST,C_300,General Internal Medicine Service,111,42,37.80%,28.3,48.5,6,1
Y58,RA9,TORBAY AND SOUTH DEVON NHS FOUNDATION TRUST,C_301,Gastroenterology Service,"2,879","1,662",57.70%,13.6,54.3,276,11
Y58,RA9,TORBAY AND SOUTH DEVON NHS FOUNDATION TRUST,C_320,Cardiology Service,"2,996","1,465",48.90%,18.6,49,159,6
Y58,RA9,TORBAY AND SOUTH DEVON NHS FOUNDATION TRUST,C_330,Dermatology Service,"2,234","1,425",63.80%,9.6,47,139,7
Y58,RA9,TORBAY AND SOUTH DEVON NHS FOUNDATION TRUST,C_340,Respiratory Medicine Service,"1,709",774,45.30%,21,50.7,111,0
Y58,RA9,TORBAY AND SOUTH DEVON NHS FOUNDATION TRUST,C_400,Neurology Service,"1,418",608,42.90%,23,64.4,239,9
Y58,RA9,TORBAY AND SOUTH DEVON NHS FOUNDATION TRUST,C_410,Rheumatology Service,362,261,72.10%,8.3,42.7,8,1
Y58,RA9,TORBAY AND SOUTH DEVON NHS FOUNDATION TRUST,C_430,Elderly Medicine Service,241,209,86.70%,9.5,20.3,1,0
Y58,RA9,TORBAY AND SOUTH DEVON NHS FOUNDATION TRUST,C_502,Gynaecology Service,"2,963","1,663",56.10%,15.6,44.6,130,8
Y58,RA9,TORBAY AND SOUTH DEVON NHS FOUNDATION TRUST,X02,Other - Medical Services,"2,294",980,42.70%,21.7,53.5,222,6
Y58,RA9,TORBAY AND SOUTH DEVON NHS FOUNDATION TRUST,X03,Other - Mental Health Services, -   , -   , -   ,-,-,0,0
Y58,RA9,TORBAY AND SOUTH DEVON NHS FOUNDATION TRUST,X04,Other - Paediatric Services,"2,304",830,36.00%,27.2,69,360,80
Y58,RA9,TORBAY AND SOUTH DEVON NHS FOUNDATION TRUST,X05,Other - Surgical Services,"4,792","2,202",46.00%,20.6,64.9,725,199
Y58,RA9,TORBAY AND SOUTH DEVON NHS FOUNDATION TRUST,X06,Other - Other Services,221,108,48.90%,18.8,46.8,8,0
Y58,RBD,DORSET COUNTY HOSPITAL NHS FOUNDATION TRUST,C_100,General Surgery Service,935,470,50.30%,17.9,49,55,1
Y58,RBD,DORSET COUNTY HOSPITAL NHS FOUNDATION TRUST,C_101,Urology Service,878,631,71.90%,9.7,48.4,57,3
Y58,RBD,DORSET COUNTY HOSPITAL NHS FOUNDATION TRUST,C_110,Trauma and Orthopaedic Service,"2,661","1,497",56.30%,16,51.8,210,31
Y58,RBD,DORSET COUNTY HOSPITAL NHS FOUNDATION TRUST,C_120,Ear Nose and Throat Service,"2,451","1,253",51.10%,17.2,44.9,80,7
Y58,RBD,DORSET COUNTY HOSPITAL NHS FOUNDATION TRUST,C_130,Ophthalmology Service,"2,585","1,236",47.80%,19,53.7,245,38
Y58,RBD,DORSET COUNTY HOSPITAL NHS FOUNDATION TRUST,C_140,Oral Surgery Service,"1,463",640,43.70%,21.2,67.7,242,62
Y58,RBD,DORSET COUNTY HOSPITAL NHS FOUNDATION TRUST,C_150,Neurosurgical Service, -   , -   , -   ,-,-,0,0
Y58,RBD,DORSET COUNTY HOSPITAL NHS FOUNDATION TRUST,C_160,Plastic Surgery Service, -   , -   , -   ,-,-,0,0
Y58,RBD,DORSET COUNTY HOSPITAL NHS FOUNDATION TRUST,C_170,Cardiothoracic Surgery Service, -   , -   , -   ,-,-,0,0
Y58,RBD,DORSET COUNTY HOSPITAL NHS FOUNDATION TRUST,C_300,General Internal Medicine Service,3,3,100.00%,-,-,0,0
Y58,RBD,DORSET COUNTY HOSPITAL NHS FOUNDATION TRUST,C_301,Gastroenterology Service,855,331,38.70%,25.7,77.9,162,68
Y58,RBD,DORSET COUNTY HOSPITAL NHS FOUNDATION TRUST,C_320,Cardiology Service,724,574,79.30%,10.2,22.6,0,0
Y58,RBD,DORSET COUNTY HOSPITAL NHS FOUNDATION TRUST,C_330,Dermatology Service,"1,613",862,53.40%,15.2,44.6,47,1
Y58,RBD,DORSET COUNTY HOSPITAL NHS FOUNDATION TRUST,C_340,Respiratory Medicine Service,265,230,86.80%,9.1,19.1,0,0
Y58,RBD,DORSET COUNTY HOSPITAL NHS FOUNDATION TRUST,C_400,Neurology Service, -   , -   , -   ,-,-,0,0
Y58,RBD,DORSET COUNTY HOSPITAL NHS FOUNDATION TRUST,C_410,Rheumatology Service,349,227,65.00%,14.6,50.8,16,1
Y58,RBD,DORSET COUNTY HOSPITAL NHS FOUNDATION TRUST,C_430,Elderly Medicine Service,32,31,96.90%,5.9,11.5,0,0
Y58,RBD,DORSET COUNTY HOSPITAL NHS FOUNDATION TRUST,C_502,Gynaecology Service,"1,255",838,66.80%,11,44.5,48,1
Y58,RBD,DORSET COUNTY HOSPITAL NHS FOUNDATION TRUST,X02,Other - Medical Services,"1,342",940,70.00%,11.5,32.2,10,1
Y58,RBD,DORSET COUNTY HOSPITAL NHS FOUNDATION TRUST,X03,Other - Mental Health Services, -   , -   , -   ,-,-,0,0
Y58,RBD,DORSET COUNTY HOSPITAL NHS FOUNDATION TRUST,X04,Other - Paediatric Services,213,129,60.60%,14,37.7,8,0
Y58,RBD,DORSET COUNTY HOSPITAL NHS FOUNDATION TRUST,X05,Other - Surgical Services,"1,510","1,167",77.30%,7.3,42.1,58,3
Y58,RBD,DORSET COUNTY HOSPITAL NHS FOUNDATION TRUST,X06,Other - Other Services,12,11,91.70%,-,-,1,0
Y58,RD1,ROYAL UNITED HOSPITALS BATH NHS FOUNDATION TRUST,C_100,General Surgery Service,"3,748","2,208",58.90%,14,53.5,325,46
Y58,RD1,ROYAL UNITED HOSPITALS BATH NHS FOUNDATION TRUST,C_101,Urology Service,"1,739","1,023",58.80%,14.8,44.7,32,1
Y58,RD1,ROYAL UNITED HOSPITALS BATH NHS FOUNDATION TRUST,C_110,Trauma and Orthopaedic Service,"2,598","1,456",56.00%,15,47.4,133,15
Y58,RD1,ROYAL UNITED HOSPITALS BATH NHS FOUNDATION TRUST,C_120,Ear Nose and Throat Service,"3,075","1,542",50.10%,17.9,44.5,103,0
Y58,RD1,ROYAL UNITED HOSPITALS BATH NHS FOUNDATION TRUST,C_130,Ophthalmology Service,"3,600","2,526",70.20%,11.5,35,16,2
Y58,RD1,ROYAL UNITED HOSPITALS BATH NHS FOUNDATION TRUST,C_140,Oral Surgery Service,"3,384","1,777",52.50%,16.7,50.6,255,16
Y58,RD1,ROYAL UNITED HOSPITALS BATH NHS FOUNDATION TRUST,C_150,Neurosurgical Service, -   , -   , -   ,-,-,0,0
Y58,RD1,ROYAL UNITED HOSPITALS BATH NHS FOUNDATION TRUST,C_160,Plastic Surgery Service, -   , -   , -   ,-,-,0,0
Y58,RD1,ROYAL UNITED HOSPITALS BATH NHS FOUNDATION TRUST,C_170,Cardiothoracic Surgery Service, -   , -   , -   ,-,-,0,0
Y58,RD1,ROYAL UNITED HOSPITALS BATH NHS FOUNDATION TRUST,C_300,General Internal Medicine Service,88,88,100.00%,6.8,12.2,0,0
Y58,RD1,ROYAL UNITED HOSPITALS BATH NHS FOUNDATION TRUST,C_301,Gastroenterology Service,"2,910","1,486",51.10%,17.2,67.1,446,99
Y58,RD1,ROYAL UNITED HOSPITALS BATH NHS FOUNDATION TRUST,C_320,Cardiology Service,"3,880","1,626",41.90%,22.2,50.9,274,4
Y58,RD1,ROYAL UNITED HOSPITALS BATH NHS FOUNDATION TRUST,C_330,Dermatology Service,"1,410","1,234",87.50%,7.1,20.1,1,0
Y58,RD1,ROYAL UNITED HOSPITALS BATH NHS FOUNDATION TRUST,C_340,Respiratory Medicine Service,390,386,99.00%,4.3,14.2,0,0
Y58,RD1,ROYAL UNITED HOSPITALS BATH NHS FOUNDATION TRUST,C_400,Neurology Service,"1,420",686,48.30%,18.6,40.8,0,0
Y58,RD1,ROYAL UNITED HOSPITALS BATH NHS FOUNDATION TRUST,C_410,Rheumatology Service,"1,228",850,69.20%,12.3,24.3,0,0
Y58,RD1,ROYAL UNITED HOSPITALS BATH NHS FOUNDATION TRUST,C_430,Elderly Medicine Service,202,185,91.60%,7.1,18.4,0,0
Y58,RD1,ROYAL UNITED HOSPITALS BATH NHS FOUNDATION TRUST,C_502,Gynaecology Service,"3,368","1,900",56.40%,16.1,39.3,52,0
Y58,RD1,ROYAL UNITED HOSPITALS BATH NHS FOUNDATION TRUST,X02,Other - Medical Services,"2,753","2,071",75.20%,10.9,29.5,12,0
Y58,RD1,ROYAL UNITED HOSPITALS BATH NHS FOUNDATION TRUST,X03,Other - Mental Health Services, -   , -   , -   ,-,-,0,0
Y58,RD1,ROYAL UNITED HOSPITALS BATH NHS FOUNDATION TRUST,X04,Other - Paediatric Services,133,99,74.40%,9.8,30.1,0,0
Y58,RD1,ROYAL UNITED HOSPITALS BATH NHS FOUNDATION TRUST,X05,Other - Surgical Services,418,343,82.10%,6.3,33.4,13,1
Y58,RD1,ROYAL UNITED HOSPITALS BATH NHS FOUNDATION TRUST,X06,Other - Other Services,763,544,71.30%,9.4,29.1,0,0
Y58,REF,ROYAL CORNWALL HOSPITALS NHS TRUST,C_100,General Surgery Service,"2,253","1,274",56.50%,13.9,45.1,108,16
Y58,REF,ROYAL CORNWALL HOSPITALS NHS TRUST,C_101,Urology Service,"1,732",993,57.30%,14.4,42.3,68,11
Y58,REF,ROYAL CORNWALL HOSPITALS NHS TRUST,C_110,Trauma and Orthopaedic Service,"7,825","3,151",40.30%,23.1,61.3,"1,044",147
Y58,REF,ROYAL CORNWALL HOSPITALS NHS TRUST,C_120,Ear Nose and Throat Service,"2,692","2,012",74.70%,10.5,33.9,71,3
Y58,REF,ROYAL CORNWALL HOSPITALS NHS TRUST,C_130,Ophthalmology Service,"4,016","3,112",77.50%,9.6,26.6,18,0
Y58,REF,ROYAL CORNWALL HOSPITALS NHS TRUST,C_140,Oral Surgery Service,"1,707","1,344",78.70%,8.2,30.8,30,6
Y58,REF,ROYAL CORNWALL HOSPITALS NHS TRUST,C_150,Neurosurgical Service, -   , -   , -   ,-,-,0,0
Y58,REF,ROYAL CORNWALL HOSPITALS NHS TRUST,C_160,Plastic Surgery Service, -   , -   , -   ,-,-,0,0
Y58,REF,ROYAL CORNWALL HOSPITALS NHS TRUST,C_170,Cardiothoracic Surgery Service, -   , -   , -   ,-,-,0,0
Y58,REF,ROYAL CORNWALL HOSPITALS NHS TRUST,C_300,General Internal Medicine Service, -   , -   , -   ,-,-,0,0
Y58,REF,ROYAL CORNWALL HOSPITALS NHS TRUST,C_301,Gastroenterology Service,"1,932","1,629",84.30%,6.9,24.1,0,0
Y58,REF,ROYAL CORNWALL HOSPITALS NHS TRUST,C_320,Cardiology Service,"3,874","1,603",41.40%,21.3,52.6,325,65
Y58,REF,ROYAL CORNWALL HOSPITALS NHS TRUST,C_330,Dermatology Service,"3,388","2,296",67.80%,11,35.7,3,0
Y58,REF,ROYAL CORNWALL HOSPITALS NHS TRUST,C_340,Respiratory Medicine Service,562,331,58.90%,15,33.2,6,0
Y58,REF,ROYAL CORNWALL HOSPITALS NHS TRUST,C_400,Neurology Service,"2,169",693,32.00%,31.5,71.5,599,53
Y58,REF,ROYAL CORNWALL HOSPITALS NHS TRUST,C_410,Rheumatology Service,454,427,94.10%,5,16.7,0,0
Y58,REF,ROYAL CORNWALL HOSPITALS NHS TRUST,C_430,Elderly Medicine Service,367,290,79.00%,7.8,27.4,0,0
Y58,REF,ROYAL CORNWALL HOSPITALS NHS TRUST,C_502,Gynaecology Service,"2,817","1,418",50.30%,17.7,49.6,189,23
Y58,REF,ROYAL CORNWALL HOSPITALS NHS TRUST,X02,Other - Medical Services,"4,721","3,457",73.20%,10,29.1,14,3
Y58,REF,ROYAL CORNWALL HOSPITALS NHS TRUST,X03,Other - Mental Health Services, -   , -   , -   ,-,-,0,0
Y58,REF,ROYAL CORNWALL HOSPITALS NHS TRUST,X04,Other - Paediatric Services,"1,205",599,49.70%,18.1,42.4,29,0
Y58,REF,ROYAL CORNWALL HOSPITALS NHS TRUST,X05,Other - Surgical Services,"2,300","1,462",63.60%,10.9,51.6,180,27
Y58,REF,ROYAL CORNWALL HOSPITALS NHS TRUST,X06,Other - Other Services,922,827,89.70%,4.8,24.1,11,1
Y58,RH5,SOMERSET NHS FOUNDATION TRUST,C_100,General Surgery Service,430,224,52.10%,16.9,68.6,48,11
Y58,RH5,SOMERSET NHS FOUNDATION TRUST,C_101,Urology Service,"1,866",963,51.60%,16.9,53.8,161,46
Y58,RH5,SOMERSET NHS FOUNDATION TRUST,C_110,Trauma and Orthopaedic Service,"5,342","3,647",68.30%,9.6,53.1,454,113
Y58,RH5,SOMERSET NHS FOUNDATION TRUST,C_120,Ear Nose and Throat Service,"2,837","1,720",60.60%,14.2,36.2,80,13
Y58,RH5,SOMERSET NHS FOUNDATION TRUST,C_130,Ophthalmology Service,"4,266","2,130",49.90%,18,48.3,196,19
Y58,RH5,SOMERSET NHS FOUNDATION TRUST,C_140,Oral Surgery Service,"2,434","1,338",55.00%,15.5,44.7,114,8
Y58,RH5,SOMERSET NHS FOUNDATION TRUST,C_150,Neurosurgical Service, -   , -   , -   ,-,-,0,0
Y58,RH5,SOMERSET NHS FOUNDATION TRUST,C_160,Plastic Surgery Service,9,9,100.00%,-,-,0,0
Y58,RH5,SOMERSET NHS FOUNDATION TRUST,C_170,Cardiothoracic Surgery Service,15,11,73.30%,-,-,0,0
Y58,RH5,SOMERSET NHS FOUNDATION TRUST,C_300,General Internal Medicine Service,10,8,80.00%,-,-,0,0
Y58,RH5,SOMERSET NHS FOUNDATION TRUST,C_301,Gastroenterology Service,"1,780","1,171",65.80%,12.9,32.5,12,0
Y58,RH5,SOMERSET NHS FOUNDATION TRUST,C_320,Cardiology Service,"2,294","1,392",60.70%,14.6,38.1,42,6
Y58,RH5,SOMERSET NHS FOUNDATION TRUST,C_330,Dermatology Service,192,138,71.90%,9.1,35.3,0,0
Y58,RH5,SOMERSET NHS FOUNDATION TRUST,C_340,Respiratory Medicine Service,"1,077",738,68.50%,12.3,28.8,1,0
Y58,RH5,SOMERSET NHS FOUNDATION TRUST,C_400,Neurology Service,870,514,59.10%,12.9,41.2,3,0
Y58,RH5,SOMERSET NHS FOUNDATION TRUST,C_410,Rheumatology Service,586,286,48.80%,18.7,49.7,27,0
Y58,RH5,SOMERSET NHS FOUNDATION TRUST,C_430,Elderly Medicine Service,466,397,85.20%,7.5,26.4,1,0
Y58,RH5,SOMERSET NHS FOUNDATION TRUST,C_502,Gynaecology Service,"2,122","1,363",64.20%,11.7,48.2,119,17
Y58,RH5,SOMERSET NHS FOUNDATION TRUST,X02,Other - Medical Services,"1,885","1,028",54.50%,15.8,54.4,168,0
Y58,RH5,SOMERSET NHS FOUNDATION TRUST,X03,Other - Mental Health Services, -   , -   , -   ,-,-,0,0
Y58,RH5,SOMERSET NHS FOUNDATION TRUST,X04,Other - Paediatric Services,867,541,62.40%,13.2,44.6,35,2
Y58,RH5,SOMERSET NHS FOUNDATION TRUST,X05,Other - Surgical Services,"5,484","3,346",61.00%,13.1,53.2,487,62
Y58,RH5,SOMERSET NHS FOUNDATION TRUST,X06,Other - Other Services,654,498,76.10%,8.6,30.1,3,0
Y58,RH8,ROYAL DEVON UNIVERSITY HEALTHCARE NHS FOUNDATION TRUST,C_100,General Surgery Service,"1,378",918,66.60%,10.4,67.1,174,58
Y58,RH8,ROYAL DEVON UNIVERSITY HEALTHCARE NHS FOUNDATION TRUST,C_101,Urology Service,"3,085","1,693",54.90%,16,61.3,370,75
Y58,RH8,ROYAL DEVON UNIVERSITY HEALTHCARE NHS FOUNDATION TRUST,C_110,Trauma and Orthopaedic Service,"10,487","4,117",39.30%,24.5,71.3,"2,025",593
Y58,RH8,ROYAL DEVON UNIVERSITY HEALTHCARE NHS FOUNDATION TRUST,C_120,Ear Nose and Throat Service,"3,590","2,100",58.50%,14.2,48.7,168,41
Y58,RH8,ROYAL DEVON UNIVERSITY HEALTHCARE NHS FOUNDATION TRUST,C_130,Ophthalmology Service,"9,783","4,463",45.60%,19.7,62.7,"1,401",162
Y58,RH8,ROYAL DEVON UNIVERSITY HEALTHCARE NHS FOUNDATION TRUST,C_140,Oral Surgery Service,"2,900","1,666",57.40%,15.5,48.1,152,17
Y58,RH8,ROYAL DEVON UNIVERSITY HEALTHCARE NHS FOUNDATION TRUST,C_150,Neurosurgical Service, -   , -   , -   ,-,-,0,0
Y58,RH8,ROYAL DEVON UNIVERSITY HEALTHCARE NHS FOUNDATION TRUST,C_160,Plastic Surgery Service,"1,328",762,57.40%,14.2,60.8,154,43
Y58,RH8,ROYAL DEVON UNIVERSITY HEALTHCARE NHS FOUNDATION TRUST,C_170,Cardiothoracic Surgery Service,1,1,100.00%,-,-,0,0
Y58,RH8,ROYAL DEVON UNIVERSITY HEALTHCARE NHS FOUNDATION TRUST,C_300,General Internal Medicine Service,"1,031",539,52.30%,16.9,40.5,11,0
Y58,RH8,ROYAL DEVON UNIVERSITY HEALTHCARE NHS FOUNDATION TRUST,C_301,Gastroenterology Service,"4,071","2,575",63.30%,12.7,46.7,161,12
Y58,RH8,ROYAL DEVON UNIVERSITY HEALTHCARE NHS FOUNDATION TRUST,C_320,Cardiology Service,"4,744","2,331",49.10%,18.4,59.8,553,121
Y58,RH8,ROYAL DEVON UNIVERSITY HEALTHCARE NHS FOUNDATION TRUST,C_330,Dermatology Service,"6,557","3,717",56.70%,14.5,51.1,473,104
Y58,RH8,ROYAL DEVON UNIVERSITY HEALTHCARE NHS FOUNDATION TRUST,C_340,Respiratory Medicine Service,"2,195","1,027",46.80%,19.1,57.7,253,24
Y58,RH8,ROYAL DEVON UNIVERSITY HEALTHCARE NHS FOUNDATION TRUST,C_400,Neurology Service,"2,358","1,120",47.50%,19.5,57.1,251,9
Y58,RH8,ROYAL DEVON UNIVERSITY HEALTHCARE NHS FOUNDATION TRUST,C_410,Rheumatology Service,640,503,78.60%,7.5,31.9,9,0
Y58,RH8,ROYAL DEVON UNIVERSITY HEALTHCARE NHS FOUNDATION TRUST,C_430,Elderly Medicine Service,"1,015",781,76.90%,12,39.3,22,1
Y58,RH8,ROYAL DEVON UNIVERSITY HEALTHCARE NHS FOUNDATION TRUST,C_502,Gynaecology Service,"4,806","2,292",47.70%,18.9,54.2,436,48
Y58,RH8,ROYAL DEVON UNIVERSITY HEALTHCARE NHS FOUNDATION TRUST,X02,Other - Medical Services,"7,687","4,825",62.80%,12.7,47.9,362,20
Y58,RH8,ROYAL DEVON UNIVERSITY HEALTHCARE NHS FOUNDATION TRUST,X03,Other - Mental Health Services,7,3,42.90%,-,-,0,0
Y58,RH8,ROYAL DEVON UNIVERSITY HEALTHCARE NHS FOUNDATION TRUST,X04,Other - Paediatric Services,"1,911",774,40.50%,22.7,57.8,221,22
Y58,RH8,ROYAL DEVON UNIVERSITY HEALTHCARE NHS FOUNDATION TRUST,X05,Other - Surgical Services,"6,720","3,518",52.40%,16.9,62.1,841,183
Y58,RH8,ROYAL DEVON UNIVERSITY HEALTHCARE NHS FOUNDATION TRUST,X06,Other - Other Services,"5,443","3,885",71.40%,9.6,39.3,123,17
Y58,RJ8,CORNWALL PARTNERSHIP NHS FOUNDATION TRUST,C_100,General Surgery Service, -   , -   , -   ,-,-,0,0
Y58,RJ8,CORNWALL PARTNERSHIP NHS FOUNDATION TRUST,C_101,Urology Service, -   , -   , -   ,-,-,0,0
Y58,RJ8,CORNWALL PARTNERSHIP NHS FOUNDATION TRUST,C_110,Trauma and Orthopaedic Service, -   , -   , -   ,-,-,0,0
Y58,RJ8,CORNWALL PARTNERSHIP NHS FOUNDATION TRUST,C_120,Ear Nose and Throat Service, -   , -   , -   ,-,-,0,0
Y58,RJ8,CORNWALL PARTNERSHIP NHS FOUNDATION TRUST,C_130,Ophthalmology Service, -   , -   , -   ,-,-,0,0
Y58,RJ8,CORNWALL PARTNERSHIP NHS FOUNDATION TRUST,C_140,Oral Surgery Service, -   , -   , -   ,-,-,0,0
Y58,RJ8,CORNWALL PARTNERSHIP NHS FOUNDATION TRUST,C_150,Neurosurgical Service, -   , -   , -   ,-,-,0,0
Y58,RJ8,CORNWALL PARTNERSHIP NHS FOUNDATION TRUST,C_160,Plastic Surgery Service, -   , -   , -   ,-,-,0,0
Y58,RJ8,CORNWALL PARTNERSHIP NHS FOUNDATION TRUST,C_170,Cardiothoracic Surgery Service, -   , -   , -   ,-,-,0,0
Y58,RJ8,CORNWALL PARTNERSHIP NHS FOUNDATION TRUST,C_300,General Internal Medicine Service, -   , -   , -   ,-,-,0,0
Y58,RJ8,CORNWALL PARTNERSHIP NHS FOUNDATION TRUST,C_301,Gastroenterology Service, -   , -   , -   ,-,-,0,0
Y58,RJ8,CORNWALL PARTNERSHIP NHS FOUNDATION TRUST,C_320,Cardiology Service, -   , -   , -   ,-,-,0,0
Y58,RJ8,CORNWALL PARTNERSHIP NHS FOUNDATION TRUST,C_330,Dermatology Service, -   , -   , -   ,-,-,0,0
Y58,RJ8,CORNWALL PARTNERSHIP NHS FOUNDATION TRUST,C_340,Respiratory Medicine Service, -   , -   , -   ,-,-,0,0
Y58,RJ8,CORNWALL PARTNERSHIP NHS FOUNDATION TRUST,C_400,Neurology Service, -   , -   , -   ,-,-,0,0
Y58,RJ8,CORNWALL PARTNERSHIP NHS FOUNDATION TRUST,C_410,Rheumatology Service, -   , -   , -   ,-,-,0,0
Y58,RJ8,CORNWALL PARTNERSHIP NHS FOUNDATION TRUST,C_430,Elderly Medicine Service, -   , -   , -   ,-,-,0,0
Y58,RJ8,CORNWALL PARTNERSHIP NHS FOUNDATION TRUST,C_502,Gynaecology Service, -   , -   , -   ,-,-,0,0
Y58,RJ8,CORNWALL PARTNERSHIP NHS FOUNDATION TRUST,X02,Other - Medical Services, -   , -   , -   ,-,-,0,0
Y58,RJ8,CORNWALL PARTNERSHIP NHS FOUNDATION TRUST,X03,Other - Mental Health Services, -   , -   , -   ,-,-,0,0
Y58,RJ8,CORNWALL PARTNERSHIP NHS FOUNDATION TRUST,X04,Other - Paediatric Services, -   , -   , -   ,-,-,0,0
Y58,RJ8,CORNWALL PARTNERSHIP NHS FOUNDATION TRUST,X05,Other - Surgical Services, -   , -   , -   ,-,-,0,0
Y58,RJ8,CORNWALL PARTNERSHIP NHS FOUNDATION TRUST,X06,Other - Other Services,437,428,97.90%,6.8,14.8,0,0
Y58,RK9,UNIVERSITY HOSPITALS PLYMOUTH NHS TRUST,C_100,General Surgery Service,63,32,50.80%,18,43,2,0
Y58,RK9,UNIVERSITY HOSPITALS PLYMOUTH NHS TRUST,C_101,Urology Service,"2,502","1,536",61.40%,13.1,53,209,57
Y58,RK9,UNIVERSITY HOSPITALS PLYMOUTH NHS TRUST,C_110,Trauma and Orthopaedic Service,"3,611","1,365",37.80%,24.8,89.7,786,402
Y58,RK9,UNIVERSITY HOSPITALS PLYMOUTH NHS TRUST,C_120,Ear Nose and Throat Service,"3,830","2,184",57.00%,14.1,40.8,158,36
Y58,RK9,UNIVERSITY HOSPITALS PLYMOUTH NHS TRUST,C_130,Ophthalmology Service,"6,545","2,914",44.50%,20,43.6,225,49
Y58,RK9,UNIVERSITY HOSPITALS PLYMOUTH NHS TRUST,C_140,Oral Surgery Service, -   , -   , -   ,-,-,0,0
Y58,RK9,UNIVERSITY HOSPITALS PLYMOUTH NHS TRUST,C_150,Neurosurgical Service,"2,333",702,30.10%,33.6,89.9,766,354
Y58,RK9,UNIVERSITY HOSPITALS PLYMOUTH NHS TRUST,C_160,Plastic Surgery Service,"1,879","1,203",64.00%,11.5,44.1,64,12
Y58,RK9,UNIVERSITY HOSPITALS PLYMOUTH NHS TRUST,C_170,Cardiothoracic Surgery Service,419,173,41.30%,20.9,62.2,60,7
Y58,RK9,UNIVERSITY HOSPITALS PLYMOUTH NHS TRUST,C_300,General Internal Medicine Service,66,44,66.70%,10.8,33.7,0,0
Y58,RK9,UNIVERSITY HOSPITALS PLYMOUTH NHS TRUST,C_301,Gastroenterology Service,"1,821","1,298",71.30%,10.8,40.3,38,3
Y58,RK9,UNIVERSITY HOSPITALS PLYMOUTH NHS TRUST,C_320,Cardiology Service,"2,477","1,374",55.50%,15.7,44.9,102,2
Y58,RK9,UNIVERSITY HOSPITALS PLYMOUTH NHS TRUST,C_330,Dermatology Service,"3,083","1,531",49.70%,18.2,46.7,68,0
Y58,RK9,UNIVERSITY HOSPITALS PLYMOUTH NHS TRUST,C_340,Respiratory Medicine Service,"1,252",734,58.60%,13.6,43.4,42,3
Y58,RK9,UNIVERSITY HOSPITALS PLYMOUTH NHS TRUST,C_400,Neurology Service,"2,215","1,825",82.40%,8.1,26.9,7,0
Y58,RK9,UNIVERSITY HOSPITALS PLYMOUTH NHS TRUST,C_410,Rheumatology Service,556,318,57.20%,15.2,43.5,15,0
Y58,RK9,UNIVERSITY HOSPITALS PLYMOUTH NHS TRUST,C_430,Elderly Medicine Service,48,27,56.30%,15.6,46.2,0,0
Y58,RK9,UNIVERSITY HOSPITALS PLYMOUTH NHS TRUST,C_502,Gynaecology Service,"3,555","1,735",48.80%,18.5,46.5,187,26
Y58,RK9,UNIVERSITY HOSPITALS PLYMOUTH NHS TRUST,X02,Other - Medical Services,"4,326","3,183",73.60%,9.6,37.9,97,9
Y58,RK9,UNIVERSITY HOSPITALS PLYMOUTH NHS TRUST,X03,Other - Mental Health Services,98,97,99.00%,2.6,11.6,0,0
Y58,RK9,UNIVERSITY HOSPITALS PLYMOUTH NHS TRUST,X04,Other - Paediatric Services,"1,702","1,006",59.10%,14.9,38.8,3,0
Y58,RK9,UNIVERSITY HOSPITALS PLYMOUTH NHS TRUST,X05,Other - Surgical Services,"7,241","4,122",56.90%,14.5,46.6,391,84
Y58,RK9,UNIVERSITY HOSPITALS PLYMOUTH NHS TRUST,X06,Other - Other Services,606,475,78.40%,8.2,42.1,28,1
Y58,RN3,GREAT WESTERN HOSPITALS NHS FOUNDATION TRUST,C_100,General Surgery Service,"3,949","2,633",66.70%,11.6,42.7,127,3
Y58,RN3,GREAT WESTERN HOSPITALS NHS FOUNDATION TRUST,C_101,Urology Service,"1,978","1,050",53.10%,16.7,52.3,162,15
Y58,RN3,GREAT WESTERN HOSPITALS NHS FOUNDATION TRUST,C_110,Trauma and Orthopaedic Service,"3,262","1,679",51.50%,17.1,49.8,213,17
Y58,RN3,GREAT WESTERN HOSPITALS NHS FOUNDATION TRUST,C_120,Ear Nose and Throat Service,"2,860","1,388",48.50%,18.5,46.5,133,5
Y58,RN3,GREAT WESTERN HOSPITALS NHS FOUNDATION TRUST,C_130,Ophthalmology Service,"2,527","1,339",53.00%,16.7,42.2,68,0
Y58,RN3,GREAT WESTERN HOSPITALS NHS FOUNDATION TRUST,C_140,Oral Surgery Service,"2,450","1,131",46.20%,19.3,36.5,9,1
Y58,RN3,GREAT WESTERN HOSPITALS NHS FOUNDATION TRUST,C_150,Neurosurgical Service, -   , -   , -   ,-,-,0,0
Y58,RN3,GREAT WESTERN HOSPITALS NHS FOUNDATION TRUST,C_160,Plastic Surgery Service,600,335,55.80%,16,47.6,31,2
Y58,RN3,GREAT WESTERN HOSPITALS NHS FOUNDATION TRUST,C_170,Cardiothoracic Surgery Service, -   , -   , -   ,-,-,0,0
Y58,RN3,GREAT WESTERN HOSPITALS NHS FOUNDATION TRUST,C_300,General Internal Medicine Service,25,23,92.00%,3,18,0,0
Y58,RN3,GREAT WESTERN HOSPITALS NHS FOUNDATION TRUST,C_301,Gastroenterology Service,"2,895","1,573",54.30%,15.5,48.8,144,0
Y58,RN3,GREAT WESTERN HOSPITALS NHS FOUNDATION TRUST,C_320,Cardiology Service,"1,149",814,70.80%,11.6,28.5,2,0
Y58,RN3,GREAT WESTERN HOSPITALS NHS FOUNDATION TRUST,C_330,Dermatology Service,"3,479","1,903",54.70%,15.3,56.1,402,0
Y58,RN3,GREAT WESTERN HOSPITALS NHS FOUNDATION TRUST,C_340,Respiratory Medicine Service,"1,012",426,42.10%,21.5,52.1,82,0
Y58,RN3,GREAT WESTERN HOSPITALS NHS FOUNDATION TRUST,C_400,Neurology Service,"2,071",722,34.90%,28.3,58.9,382,0
Y58,RN3,GREAT WESTERN HOSPITALS NHS FOUNDATION TRUST,C_410,Rheumatology Service,429,294,68.50%,11.9,30.8,1,0
Y58,RN3,GREAT WESTERN HOSPITALS NHS FOUNDATION TRUST,C_430,Elderly Medicine Service,67,61,91.00%,5.4,19.6,0,0
Y58,RN3,GREAT WESTERN HOSPITALS NHS FOUNDATION TRUST,C_502,Gynaecology Service,"2,101","1,308",62.30%,13.1,38.9,55,0
Y58,RN3,GREAT WESTERN HOSPITALS NHS FOUNDATION TRUST,X02,Other - Medical Services,"1,532",893,58.30%,14.2,46.5,80,0
Y58,RN3,GREAT WESTERN HOSPITALS NHS FOUNDATION TRUST,X03,Other - Mental Health Services,6,5,83.30%,-,-,0,0
Y58,RN3,GREAT WESTERN HOSPITALS NHS FOUNDATION TRUST,X04,Other - Paediatric Services,"1,501",781,52.00%,17.2,35.8,4,0
Y58,RN3,GREAT WESTERN HOSPITALS NHS FOUNDATION TRUST,X05,Other - Surgical Services,356,311,87.40%,3.2,27.3,6,0
Y58,RN3,GREAT WESTERN HOSPITALS NHS FOUNDATION TRUST,X06,Other - Other Services,638,426,66.80%,12.1,41.9,25,1
Y58,RNZ,SALISBURY NHS FOUNDATION TRUST,C_100,General Surgery Service,981,672,68.50%,12.5,36.5,7,0
Y58,RNZ,SALISBURY NHS FOUNDATION TRUST,C_101,Urology Service,"1,060",722,68.10%,12.6,43.6,52,5
Y58,RNZ,SALISBURY NHS FOUNDATION TRUST,C_110,Trauma and Orthopaedic Service,"1,644","1,268",77.10%,11.2,30.4,8,0
Y58,RNZ,SALISBURY NHS FOUNDATION TRUST,C_120,Ear Nose and Throat Service,"2,349","1,199",51.00%,17.4,44.9,25,0
Y58,RNZ,SALISBURY NHS FOUNDATION TRUST,C_130,Ophthalmology Service,"1,338",820,61.30%,14.5,35.7,1,0
Y58,RNZ,SALISBURY NHS FOUNDATION TRUST,C_140,Oral Surgery Service,"2,723","1,280",47.00%,19.2,43.9,50,0
Y58,RNZ,SALISBURY NHS FOUNDATION TRUST,C_150,Neurosurgical Service, -   , -   , -   ,-,-,0,0
Y58,RNZ,SALISBURY NHS FOUNDATION TRUST,C_160,Plastic Surgery Service,"1,843","1,076",58.40%,14.8,47.1,107,16
Y58,RNZ,SALISBURY NHS FOUNDATION TRUST,C_170,Cardiothoracic Surgery Service, -   , -   , -   ,-,-,0,0
Y58,RNZ,SALISBURY NHS FOUNDATION TRUST,C_300,General Internal Medicine Service,133,80,60.20%,15.6,44.8,5,2
Y58,RNZ,SALISBURY NHS FOUNDATION TRUST,C_301,Gastroenterology Service,"1,192",700,58.70%,14.1,39.7,0,0
Y58,RNZ,SALISBURY NHS FOUNDATION TRUST,C_320,Cardiology Service,"1,611","1,047",65.00%,12.9,39.2,1,0
Y58,RNZ,SALISBURY NHS FOUNDATION TRUST,C_330,Dermatology Service,906,324,35.80%,24.6,49.8,36,1
Y58,RNZ,SALISBURY NHS FOUNDATION TRUST,C_340,Respiratory Medicine Service,"1,174",840,71.60%,11.8,41.2,36,0
Y58,RNZ,SALISBURY NHS FOUNDATION TRUST,C_400,Neurology Service, -   , -   , -   ,-,-,0,0
Y58,RNZ,SALISBURY NHS FOUNDATION TRUST,C_410,Rheumatology Service,812,401,49.40%,18.2,42.9,19,0
Y58,RNZ,SALISBURY NHS FOUNDATION TRUST,C_430,Elderly Medicine Service,197,172,87.30%,10,19.3,0,0
Y58,RNZ,SALISBURY NHS FOUNDATION TRUST,C_502,Gynaecology Service,"1,967","1,060",53.90%,16.5,40.5,70,21
Y58,RNZ,SALISBURY NHS FOUNDATION TRUST,X02,Other - Medical Services,"2,210","1,734",78.50%,10,30.6,2,1
Y58,RNZ,SALISBURY NHS FOUNDATION TRUST,X03,Other - Mental Health Services,23,18,78.30%,13,29.2,0,0
Y58,RNZ,SALISBURY NHS FOUNDATION TRUST,X04,Other - Paediatric Services,150,97,64.70%,12.9,40,3,0
Y58,RNZ,SALISBURY NHS FOUNDATION TRUST,X05,Other - Surgical Services,"1,594","1,276",80.10%,9.4,29.9,9,0
Y58,RNZ,SALISBURY NHS FOUNDATION TRUST,X06,Other - Other Services,551,447,81.10%,8.3,30.5,1,0
Y58,RTE,GLOUCESTERSHIRE HOSPITALS NHS FOUNDATION TRUST,C_100,General Surgery Service,64,56,87.50%,10.2,38.9,1,0
Y58,RTE,GLOUCESTERSHIRE HOSPITALS NHS FOUNDATION TRUST,C_101,Urology Service,"3,085","2,622",85.00%,8.9,26.6,12,1
Y58,RTE,GLOUCESTERSHIRE HOSPITALS NHS FOUNDATION TRUST,C_110,Trauma and Orthopaedic Service,"5,971","3,936",65.90%,12.8,42.1,159,2
Y58,RTE,GLOUCESTERSHIRE HOSPITALS NHS FOUNDATION TRUST,C_120,Ear Nose and Throat Service,"6,743","3,390",50.30%,17.9,42,126,8
Y58,RTE,GLOUCESTERSHIRE HOSPITALS NHS FOUNDATION TRUST,C_130,Ophthalmology Service,"5,591","3,548",63.50%,13.9,40.3,99,2
Y58,RTE,GLOUCESTERSHIRE HOSPITALS NHS FOUNDATION TRUST,C_140,Oral Surgery Service,"5,162","2,387",46.20%,19.9,49.1,298,1
Y58,RTE,GLOUCESTERSHIRE HOSPITALS NHS FOUNDATION TRUST,C_150,Neurosurgical Service, -   , -   , -   ,-,-,0,0
Y58,RTE,GLOUCESTERSHIRE HOSPITALS NHS FOUNDATION TRUST,C_160,Plastic Surgery Service, -   , -   , -   ,-,-,0,0
Y58,RTE,GLOUCESTERSHIRE HOSPITALS NHS FOUNDATION TRUST,C_170,Cardiothoracic Surgery Service,43,43,100.00%,11,16.9,0,0
Y58,RTE,GLOUCESTERSHIRE HOSPITALS NHS FOUNDATION TRUST,C_300,General Internal Medicine Service,426,398,93.40%,7.9,17.5,0,0
Y58,RTE,GLOUCESTERSHIRE HOSPITALS NHS FOUNDATION TRUST,C_301,Gastroenterology Service,"3,895","3,055",78.40%,9.8,35.9,36,1
Y58,RTE,GLOUCESTERSHIRE HOSPITALS NHS FOUNDATION TRUST,C_320,Cardiology Service,"6,353","5,217",82.10%,10,29.5,39,0
Y58,RTE,GLOUCESTERSHIRE HOSPITALS NHS FOUNDATION TRUST,C_330,Dermatology Service,"2,818","2,368",84.00%,9,23.1,3,0
Y58,RTE,GLOUCESTERSHIRE HOSPITALS NHS FOUNDATION TRUST,C_340,Respiratory Medicine Service,"1,408","1,047",74.40%,11.8,29,4,0
Y58,RTE,GLOUCESTERSHIRE HOSPITALS NHS FOUNDATION TRUST,C_400,Neurology Service,"1,724","1,127",65.40%,11.7,33.2,6,0
Y58,RTE,GLOUCESTERSHIRE HOSPITALS NHS FOUNDATION TRUST,C_410,Rheumatology Service,"1,017",646,63.50%,13.9,33.6,1,0
Y58,RTE,GLOUCESTERSHIRE HOSPITALS NHS FOUNDATION TRUST,C_430,Elderly Medicine Service,256,237,92.60%,6.8,17.8,0,0
Y58,RTE,GLOUCESTERSHIRE HOSPITALS NHS FOUNDATION TRUST,C_502,Gynaecology Service,"2,796","2,252",80.50%,9.1,28,9,0
Y58,RTE,GLOUCESTERSHIRE HOSPITALS NHS FOUNDATION TRUST,X02,Other - Medical Services,"7,302","6,185",84.70%,9,27.6,88,20
Y58,RTE,GLOUCESTERSHIRE HOSPITALS NHS FOUNDATION TRUST,X03,Other - Mental Health Services, -   , -   , -   ,-,-,0,0
Y58,RTE,GLOUCESTERSHIRE HOSPITALS NHS FOUNDATION TRUST,X04,Other - Paediatric Services,"1,254",914,72.90%,11.8,36,33,0
Y58,RTE,GLOUCESTERSHIRE HOSPITALS NHS FOUNDATION TRUST,X05,Other - Surgical Services,"8,120","5,620",69.20%,11.2,44.3,330,11
Y58,RTE,GLOUCESTERSHIRE HOSPITALS NHS FOUNDATION TRUST,X06,Other - Other Services,919,887,96.50%,8.5,17,0,0
Y58,RVJ,NORTH BRISTOL NHS TRUST,C_100,General Surgery Service,"1,297",582,44.90%,22,74.3,346,74
Y58,RVJ,NORTH BRISTOL NHS TRUST,C_101,Urology Service,"6,756","4,742",70.20%,12.1,42.8,229,15
Y58,RVJ,NORTH BRISTOL NHS TRUST,C_110,Trauma and Orthopaedic Service,"5,840","2,831",48.50%,18.7,62.3,785,143
Y58,RVJ,NORTH BRISTOL NHS TRUST,C_120,Ear Nose and Throat Service, -   , -   , -   ,-,-,0,0
Y58,RVJ,NORTH BRISTOL NHS TRUST,C_130,Ophthalmology Service, -   , -   , -   ,-,-,0,0
Y58,RVJ,NORTH BRISTOL NHS TRUST,C_140,Oral Surgery Service, -   , -   , -   ,-,-,0,0
Y58,RVJ,NORTH BRISTOL NHS TRUST,C_150,Neurosurgical Service,"1,291",784,60.70%,13.9,51.2,90,12
Y58,RVJ,NORTH BRISTOL NHS TRUST,C_160,Plastic Surgery Service,"3,459","2,227",64.40%,12.3,51.7,268,54
Y58,RVJ,NORTH BRISTOL NHS TRUST,C_170,Cardiothoracic Surgery Service,37,36,97.30%,7.5,16,0,0
Y58,RVJ,NORTH BRISTOL NHS TRUST,C_300,General Internal Medicine Service, -   , -   , -   ,-,-,0,0
Y58,RVJ,NORTH BRISTOL NHS TRUST,C_301,Gastroenterology Service,836,649,77.60%,11.1,29.6,14,1
Y58,RVJ,NORTH BRISTOL NHS TRUST,C_320,Cardiology Service,"2,309","1,681",72.80%,11.4,32.3,17,0
Y58,RVJ,NORTH BRISTOL NHS TRUST,C_330,Dermatology Service,"2,260","1,874",82.90%,7.6,27.3,19,0
Y58,RVJ,NORTH BRISTOL NHS TRUST,C_340,Respiratory Medicine Service,828,749,90.50%,8.9,19.1,0,0
Y58,RVJ,NORTH BRISTOL NHS TRUST,C_400,Neurology Service,"3,895","2,407",61.80%,13.6,43.7,110,2
Y58,RVJ,NORTH BRISTOL NHS TRUST,C_410,Rheumatology Service,958,841,87.80%,8.2,21.2,0,0
Y58,RVJ,NORTH BRISTOL NHS TRUST,C_430,Elderly Medicine Service,292,275,94.20%,7.5,16.9,0,0
Y58,RVJ,NORTH BRISTOL NHS TRUST,C_502,Gynaecology Service,"4,435","2,616",59.00%,13.9,52.1,357,48
Y58,RVJ,NORTH BRISTOL NHS TRUST,X02,Other - Medical Services,"7,099","4,845",68.20%,10.5,47,391,3
Y58,RVJ,NORTH BRISTOL NHS TRUST,X03,Other - Mental Health Services, -   , -   , -   ,-,-,0,0
Y58,RVJ,NORTH BRISTOL NHS TRUST,X04,Other - Paediatric Services,8,8,100.00%,-,-,0,0
Y58,RVJ,NORTH BRISTOL NHS TRUST,X05,Other - Surgical Services,"7,200","5,161",71.70%,10.3,46.2,459,42
Y58,RVJ,NORTH BRISTOL NHS TRUST,X06,Other - Other Services,225,196,87.10%,7.4,22.7,2,0
Y59,R1C,SOLENT NHS TRUST,C_100,General Surgery Service, -   , -   , -   ,-,-,0,0
Y59,R1C,SOLENT NHS TRUST,C_101,Urology Service, -   , -   , -   ,-,-,0,0
Y59,R1C,SOLENT NHS TRUST,C_110,Trauma and Orthopaedic Service, -   , -   , -   ,-,-,0,0
Y59,R1C,SOLENT NHS TRUST,C_120,Ear Nose and Throat Service, -   , -   , -   ,-,-,0,0
Y59,R1C,SOLENT NHS TRUST,C_130,Ophthalmology Service, -   , -   , -   ,-,-,0,0
Y59,R1C,SOLENT NHS TRUST,C_140,Oral Surgery Service, -   , -   , -   ,-,-,0,0
Y59,R1C,SOLENT NHS TRUST,C_150,Neurosurgical Service, -   , -   , -   ,-,-,0,0
Y59,R1C,SOLENT NHS TRUST,C_160,Plastic Surgery Service, -   , -   , -   ,-,-,0,0
Y59,R1C,SOLENT NHS TRUST,C_170,Cardiothoracic Surgery Service, -   , -   , -   ,-,-,0,0
Y59,R1C,SOLENT NHS TRUST,C_300,General Internal Medicine Service, -   , -   , -   ,-,-,0,0
Y59,R1C,SOLENT NHS TRUST,C_301,Gastroenterology Service, -   , -   , -   ,-,-,0,0
Y59,R1C,SOLENT NHS TRUST,C_320,Cardiology Service, -   , -   , -   ,-,-,0,0
Y59,R1C,SOLENT NHS TRUST,C_330,Dermatology Service, -   , -   , -   ,-,-,0,0
Y59,R1C,SOLENT NHS TRUST,C_340,Respiratory Medicine Service, -   , -   , -   ,-,-,0,0
Y59,R1C,SOLENT NHS TRUST,C_400,Neurology Service, -   , -   , -   ,-,-,0,0
Y59,R1C,SOLENT NHS TRUST,C_410,Rheumatology Service,3,3,100.00%,-,-,0,0
Y59,R1C,SOLENT NHS TRUST,C_430,Elderly Medicine Service, -   , -   , -   ,-,-,0,0
Y59,R1C,SOLENT NHS TRUST,C_502,Gynaecology Service, -   , -   , -   ,-,-,0,0
Y59,R1C,SOLENT NHS TRUST,X02,Other - Medical Services,306,305,99.70%,5.9,14.2,0,0
Y59,R1C,SOLENT NHS TRUST,X03,Other - Mental Health Services,261,260,99.60%,5.4,11.9,0,0
Y59,R1C,SOLENT NHS TRUST,X04,Other - Paediatric Services,615,477,77.60%,10.7,25.5,0,0
Y59,R1C,SOLENT NHS TRUST,X05,Other - Surgical Services, -   , -   , -   ,-,-,0,0
Y59,R1C,SOLENT NHS TRUST,X06,Other - Other Services,26,26,100.00%,6.2,8,0,0
Y59,R1F,ISLE OF WIGHT NHS TRUST,C_100,General Surgery Service,"1,158",581,50.20%,17.9,59.7,169,11
Y59,R1F,ISLE OF WIGHT NHS TRUST,C_101,Urology Service,760,562,73.90%,9.5,31.4,8,0
Y59,R1F,ISLE OF WIGHT NHS TRUST,C_110,Trauma and Orthopaedic Service,"1,878","1,073",57.10%,14.8,48.7,111,5
Y59,R1F,ISLE OF WIGHT NHS TRUST,C_120,Ear Nose and Throat Service,896,720,80.40%,11.8,22.4,2,0
Y59,R1F,ISLE OF WIGHT NHS TRUST,C_130,Ophthalmology Service,"2,711","1,168",43.10%,21.7,47.7,69,0
Y59,R1F,ISLE OF WIGHT NHS TRUST,C_140,Oral Surgery Service,568,448,78.90%,8.9,29.3,5,0
Y59,R1F,ISLE OF WIGHT NHS TRUST,C_150,Neurosurgical Service, -   , -   , -   ,-,-,0,0
Y59,R1F,ISLE OF WIGHT NHS TRUST,C_160,Plastic Surgery Service, -   , -   , -   ,-,-,0,0
Y59,R1F,ISLE OF WIGHT NHS TRUST,C_170,Cardiothoracic Surgery Service, -   , -   , -   ,-,-,0,0
Y59,R1F,ISLE OF WIGHT NHS TRUST,C_300,General Internal Medicine Service,9,8,88.90%,-,-,0,0
Y59,R1F,ISLE OF WIGHT NHS TRUST,C_301,Gastroenterology Service,579,379,65.50%,12.3,35.4,13,0
Y59,R1F,ISLE OF WIGHT NHS TRUST,C_320,Cardiology Service,671,299,44.60%,19.5,37.6,6,0
Y59,R1F,ISLE OF WIGHT NHS TRUST,C_330,Dermatology Service,768,736,95.80%,5.4,13.9,0,0
Y59,R1F,ISLE OF WIGHT NHS TRUST,C_340,Respiratory Medicine Service,305,152,49.80%,18.1,31.3,0,0
Y59,R1F,ISLE OF WIGHT NHS TRUST,C_400,Neurology Service, -   , -   , -   ,-,-,0,0
Y59,R1F,ISLE OF WIGHT NHS TRUST,C_410,Rheumatology Service,329,297,90.30%,8.1,18.6,0,0
Y59,R1F,ISLE OF WIGHT NHS TRUST,C_430,Elderly Medicine Service,43,33,76.70%,8.5,30.6,0,0
Y59,R1F,ISLE OF WIGHT NHS TRUST,C_502,Gynaecology Service,904,567,62.70%,11.8,47.6,54,2
Y59,R1F,ISLE OF WIGHT NHS TRUST,X02,Other - Medical Services,604,512,84.80%,9.4,22.2,5,0
Y59,R1F,ISLE OF WIGHT NHS TRUST,X03,Other - Mental Health Services,555,243,43.80%,21.3,50.8,34,0
Y59,R1F,ISLE OF WIGHT NHS TRUST,X04,Other - Paediatric Services, -   , -   , -   ,-,-,0,0
Y59,R1F,ISLE OF WIGHT NHS TRUST,X05,Other - Surgical Services,854,701,82.10%,8.1,26.9,13,1
Y59,R1F,ISLE OF WIGHT NHS TRUST,X06,Other - Other Services,96,91,94.80%,4.3,13.3,1,0
Y59,RA2,ROYAL SURREY COUNTY HOSPITAL NHS FOUNDATION TRUST,C_100,General Surgery Service,"3,582","2,049",57.20%,13.7,41.6,100,7
Y59,RA2,ROYAL SURREY COUNTY HOSPITAL NHS FOUNDATION TRUST,C_101,Urology Service,"1,752",619,35.30%,21.5,57.2,177,56
Y59,RA2,ROYAL SURREY COUNTY HOSPITAL NHS FOUNDATION TRUST,C_110,Trauma and Orthopaedic Service,"5,181","2,124",41.00%,21,50.9,380,38
Y59,RA2,ROYAL SURREY COUNTY HOSPITAL NHS FOUNDATION TRUST,C_120,Ear Nose and Throat Service,"2,751",955,34.70%,22.2,57.8,352,24
Y59,RA2,ROYAL SURREY COUNTY HOSPITAL NHS FOUNDATION TRUST,C_130,Ophthalmology Service,"3,368","1,194",35.50%,24.5,60,468,34
Y59,RA2,ROYAL SURREY COUNTY HOSPITAL NHS FOUNDATION TRUST,C_140,Oral Surgery Service,"3,660","2,072",56.60%,15.8,38.6,107,8
Y59,RA2,ROYAL SURREY COUNTY HOSPITAL NHS FOUNDATION TRUST,C_150,Neurosurgical Service,1,1,100.00%,-,-,0,0
Y59,RA2,ROYAL SURREY COUNTY HOSPITAL NHS FOUNDATION TRUST,C_160,Plastic Surgery Service,353,193,54.70%,14.6,32.2,4,0
Y59,RA2,ROYAL SURREY COUNTY HOSPITAL NHS FOUNDATION TRUST,C_170,Cardiothoracic Surgery Service,27,14,51.90%,16,24.4,1,0
Y59,RA2,ROYAL SURREY COUNTY HOSPITAL NHS FOUNDATION TRUST,C_300,General Internal Medicine Service,14,9,64.30%,-,-,0,0
Y59,RA2,ROYAL SURREY COUNTY HOSPITAL NHS FOUNDATION TRUST,C_301,Gastroenterology Service,"1,104",418,37.90%,20.9,43.9,50,6
Y59,RA2,ROYAL SURREY COUNTY HOSPITAL NHS FOUNDATION TRUST,C_320,Cardiology Service,"1,509",441,29.20%,26.4,53,136,2
Y59,RA2,ROYAL SURREY COUNTY HOSPITAL NHS FOUNDATION TRUST,C_330,Dermatology Service,1, -   , -   ,-,-,0,0
Y59,RA2,ROYAL SURREY COUNTY HOSPITAL NHS FOUNDATION TRUST,C_340,Respiratory Medicine Service,"1,160",513,44.20%,20,44.9,48,1
Y59,RA2,ROYAL SURREY COUNTY HOSPITAL NHS FOUNDATION TRUST,C_400,Neurology Service,641,280,43.70%,19.5,35,1,0
Y59,RA2,ROYAL SURREY COUNTY HOSPITAL NHS FOUNDATION TRUST,C_410,Rheumatology Service,160,91,56.90%,13.8,35.7,3,0
Y59,RA2,ROYAL SURREY COUNTY HOSPITAL NHS FOUNDATION TRUST,C_430,Elderly Medicine Service,73,62,84.90%,11.3,24.1,0,0
Y59,RA2,ROYAL SURREY COUNTY HOSPITAL NHS FOUNDATION TRUST,C_502,Gynaecology Service,"2,676","1,408",52.60%,17.2,36.8,62,4
Y59,RA2,ROYAL SURREY COUNTY HOSPITAL NHS FOUNDATION TRUST,X02,Other - Medical Services,"4,292","2,269",52.90%,16.3,51,331,35
Y59,RA2,ROYAL SURREY COUNTY HOSPITAL NHS FOUNDATION TRUST,X03,Other - Mental Health Services,12,8,66.70%,-,-,0,0
Y59,RA2,ROYAL SURREY COUNTY HOSPITAL NHS FOUNDATION TRUST,X04,Other - Paediatric Services,690,408,59.10%,15.1,33.9,18,0
Y59,RA2,ROYAL SURREY COUNTY HOSPITAL NHS FOUNDATION TRUST,X05,Other - Surgical Services,"1,596","1,257",78.80%,9.7,24.6,7,0
Y59,RA2,ROYAL SURREY COUNTY HOSPITAL NHS FOUNDATION TRUST,X06,Other - Other Services,"1,471","1,031",70.10%,11.2,31.4,28,3
Y59,RDR,SUSSEX COMMUNITY NHS FOUNDATION TRUST,C_100,General Surgery Service, -   , -   , -   ,-,-,0,0
Y59,RDR,SUSSEX COMMUNITY NHS FOUNDATION TRUST,C_101,Urology Service, -   , -   , -   ,-,-,0,0
Y59,RDR,SUSSEX COMMUNITY NHS FOUNDATION TRUST,C_110,Trauma and Orthopaedic Service,"5,194","3,718",71.60%,11,27.1,2,0
Y59,RDR,SUSSEX COMMUNITY NHS FOUNDATION TRUST,C_120,Ear Nose and Throat Service, -   , -   , -   ,-,-,0,0
Y59,RDR,SUSSEX COMMUNITY NHS FOUNDATION TRUST,C_130,Ophthalmology Service, -   , -   , -   ,-,-,0,0
Y59,RDR,SUSSEX COMMUNITY NHS FOUNDATION TRUST,C_140,Oral Surgery Service, -   , -   , -   ,-,-,0,0
Y59,RDR,SUSSEX COMMUNITY NHS FOUNDATION TRUST,C_150,Neurosurgical Service, -   , -   , -   ,-,-,0,0
Y59,RDR,SUSSEX COMMUNITY NHS FOUNDATION TRUST,C_160,Plastic Surgery Service, -   , -   , -   ,-,-,0,0
Y59,RDR,SUSSEX COMMUNITY NHS FOUNDATION TRUST,C_170,Cardiothoracic Surgery Service, -   , -   , -   ,-,-,0,0
Y59,RDR,SUSSEX COMMUNITY NHS FOUNDATION TRUST,C_300,General Internal Medicine Service,269,257,95.50%,5.4,15.5,0,0
Y59,RDR,SUSSEX COMMUNITY NHS FOUNDATION TRUST,C_301,Gastroenterology Service, -   , -   , -   ,-,-,0,0
Y59,RDR,SUSSEX COMMUNITY NHS FOUNDATION TRUST,C_320,Cardiology Service, -   , -   , -   ,-,-,0,0
Y59,RDR,SUSSEX COMMUNITY NHS FOUNDATION TRUST,C_330,Dermatology Service, -   , -   , -   ,-,-,0,0
Y59,RDR,SUSSEX COMMUNITY NHS FOUNDATION TRUST,C_340,Respiratory Medicine Service, -   , -   , -   ,-,-,0,0
Y59,RDR,SUSSEX COMMUNITY NHS FOUNDATION TRUST,C_400,Neurology Service, -   , -   , -   ,-,-,0,0
Y59,RDR,SUSSEX COMMUNITY NHS FOUNDATION TRUST,C_410,Rheumatology Service,235,188,80.00%,10.4,22.1,0,0
Y59,RDR,SUSSEX COMMUNITY NHS FOUNDATION TRUST,C_430,Elderly Medicine Service, -   , -   , -   ,-,-,0,0
Y59,RDR,SUSSEX COMMUNITY NHS FOUNDATION TRUST,C_502,Gynaecology Service, -   , -   , -   ,-,-,0,0
Y59,RDR,SUSSEX COMMUNITY NHS FOUNDATION TRUST,X02,Other - Medical Services,45,41,91.10%,8.4,19.2,0,0
Y59,RDR,SUSSEX COMMUNITY NHS FOUNDATION TRUST,X03,Other - Mental Health Services, -   , -   , -   ,-,-,0,0
Y59,RDR,SUSSEX COMMUNITY NHS FOUNDATION TRUST,X04,Other - Paediatric Services,909,703,77.30%,11.5,24.3,0,0
Y59,RDR,SUSSEX COMMUNITY NHS FOUNDATION TRUST,X05,Other - Surgical Services,269,237,88.10%,7.9,20.8,0,0
Y59,RDR,SUSSEX COMMUNITY NHS FOUNDATION TRUST,X06,Other - Other Services, -   , -   , -   ,-,-,0,0
Y59,RHM,UNIVERSITY HOSPITAL SOUTHAMPTON NHS FOUNDATION TRUST,C_100,General Surgery Service,"1,078",464,43.00%,23.5,64.8,154,40
Y59,RHM,UNIVERSITY HOSPITAL SOUTHAMPTON NHS FOUNDATION TRUST,C_101,Urology Service,"2,763","1,616",58.50%,13.8,51.1,214,7
Y59,RHM,UNIVERSITY HOSPITAL SOUTHAMPTON NHS FOUNDATION TRUST,C_110,Trauma and Orthopaedic Service,"3,531","1,727",48.90%,18.5,57.4,383,37
Y59,RHM,UNIVERSITY HOSPITAL SOUTHAMPTON NHS FOUNDATION TRUST,C_120,Ear Nose and Throat Service,"1,667",834,50.00%,18,61.1,199,42
Y59,RHM,UNIVERSITY HOSPITAL SOUTHAMPTON NHS FOUNDATION TRUST,C_130,Ophthalmology Service,"6,180","4,220",68.30%,11.4,34.7,151,0
Y59,RHM,UNIVERSITY HOSPITAL SOUTHAMPTON NHS FOUNDATION TRUST,C_140,Oral Surgery Service,"1,830","1,074",58.70%,14.5,47.9,111,24
Y59,RHM,UNIVERSITY HOSPITAL SOUTHAMPTON NHS FOUNDATION TRUST,C_150,Neurosurgical Service,"1,177",669,56.80%,14.9,49.8,86,17
Y59,RHM,UNIVERSITY HOSPITAL SOUTHAMPTON NHS FOUNDATION TRUST,C_160,Plastic Surgery Service, -   , -   , -   ,-,-,0,0
Y59,RHM,UNIVERSITY HOSPITAL SOUTHAMPTON NHS FOUNDATION TRUST,C_170,Cardiothoracic Surgery Service,561,438,78.10%,9.2,32.1,8,1
Y59,RHM,UNIVERSITY HOSPITAL SOUTHAMPTON NHS FOUNDATION TRUST,C_300,General Internal Medicine Service,263,218,82.90%,12.6,19.9,0,0
Y59,RHM,UNIVERSITY HOSPITAL SOUTHAMPTON NHS FOUNDATION TRUST,C_301,Gastroenterology Service,"1,092",905,82.90%,8.9,28.1,6,0
Y59,RHM,UNIVERSITY HOSPITAL SOUTHAMPTON NHS FOUNDATION TRUST,C_320,Cardiology Service,"2,123","1,457",68.60%,12.2,31.9,11,0
Y59,RHM,UNIVERSITY HOSPITAL SOUTHAMPTON NHS FOUNDATION TRUST,C_330,Dermatology Service,"3,150","2,199",69.80%,10.4,35,43,0
Y59,RHM,UNIVERSITY HOSPITAL SOUTHAMPTON NHS FOUNDATION TRUST,C_340,Respiratory Medicine Service,"1,213",801,66.00%,13.6,34.5,5,0
Y59,RHM,UNIVERSITY HOSPITAL SOUTHAMPTON NHS FOUNDATION TRUST,C_400,Neurology Service,"3,423","2,584",75.50%,8.9,29.7,13,0
Y59,RHM,UNIVERSITY HOSPITAL SOUTHAMPTON NHS FOUNDATION TRUST,C_410,Rheumatology Service,765,605,79.10%,9.7,26.2,2,0
Y59,RHM,UNIVERSITY HOSPITAL SOUTHAMPTON NHS FOUNDATION TRUST,C_430,Elderly Medicine Service,156,143,91.70%,6.2,18.1,0,0
Y59,RHM,UNIVERSITY HOSPITAL SOUTHAMPTON NHS FOUNDATION TRUST,C_502,Gynaecology Service,"4,128","2,304",55.80%,15.5,55.3,391,41
Y59,RHM,UNIVERSITY HOSPITAL SOUTHAMPTON NHS FOUNDATION TRUST,X02,Other - Medical Services,"6,039","4,471",74.00%,10.4,32.2,73,6
Y59,RHM,UNIVERSITY HOSPITAL SOUTHAMPTON NHS FOUNDATION TRUST,X03,Other - Mental Health Services,31,10,32.30%,27.3,41.3,0,0
Y59,RHM,UNIVERSITY HOSPITAL SOUTHAMPTON NHS FOUNDATION TRUST,X04,Other - Paediatric Services,"6,668","4,232",63.50%,13.5,43.2,299,48
Y59,RHM,UNIVERSITY HOSPITAL SOUTHAMPTON NHS FOUNDATION TRUST,X05,Other - Surgical Services,"4,709","3,127",66.40%,10.5,45,267,45
Y59,RHM,UNIVERSITY HOSPITAL SOUTHAMPTON NHS FOUNDATION TRUST,X06,Other - Other Services,554,470,84.80%,6.4,25.3,4,2
Y59,RHU,PORTSMOUTH HOSPITALS UNIVERSITY NATIONAL HEALTH SERVICE TRUST,C_100,General Surgery Service,"6,094","3,713",60.90%,12.9,43.3,291,19
Y59,RHU,PORTSMOUTH HOSPITALS UNIVERSITY NATIONAL HEALTH SERVICE TRUST,C_101,Urology Service,"2,466","1,574",63.80%,12,35.1,32,1
Y59,RHU,PORTSMOUTH HOSPITALS UNIVERSITY NATIONAL HEALTH SERVICE TRUST,C_110,Trauma and Orthopaedic Service,"4,735","2,821",59.60%,14.2,40.8,107,3
Y59,RHU,PORTSMOUTH HOSPITALS UNIVERSITY NATIONAL HEALTH SERVICE TRUST,C_120,Ear Nose and Throat Service,"6,827","4,056",59.40%,14.3,35.4,160,14
Y59,RHU,PORTSMOUTH HOSPITALS UNIVERSITY NATIONAL HEALTH SERVICE TRUST,C_130,Ophthalmology Service,"6,831","3,748",54.90%,15.4,48.3,347,3
Y59,RHU,PORTSMOUTH HOSPITALS UNIVERSITY NATIONAL HEALTH SERVICE TRUST,C_140,Oral Surgery Service,"2,531","1,401",55.40%,15.9,44.4,103,5
Y59,RHU,PORTSMOUTH HOSPITALS UNIVERSITY NATIONAL HEALTH SERVICE TRUST,C_150,Neurosurgical Service, -   , -   , -   ,-,-,0,0
Y59,RHU,PORTSMOUTH HOSPITALS UNIVERSITY NATIONAL HEALTH SERVICE TRUST,C_160,Plastic Surgery Service,603,309,51.20%,16.9,42.8,13,0
Y59,RHU,PORTSMOUTH HOSPITALS UNIVERSITY NATIONAL HEALTH SERVICE TRUST,C_170,Cardiothoracic Surgery Service, -   , -   , -   ,-,-,0,0
Y59,RHU,PORTSMOUTH HOSPITALS UNIVERSITY NATIONAL HEALTH SERVICE TRUST,C_300,General Internal Medicine Service, -   , -   , -   ,-,-,0,0
Y59,RHU,PORTSMOUTH HOSPITALS UNIVERSITY NATIONAL HEALTH SERVICE TRUST,C_301,Gastroenterology Service,"3,278","2,210",67.40%,10.8,37.9,56,2
Y59,RHU,PORTSMOUTH HOSPITALS UNIVERSITY NATIONAL HEALTH SERVICE TRUST,C_320,Cardiology Service,"2,067","1,593",77.10%,10.8,26.6,1,0
Y59,RHU,PORTSMOUTH HOSPITALS UNIVERSITY NATIONAL HEALTH SERVICE TRUST,C_330,Dermatology Service,"2,267","1,806",79.70%,8.8,25.3,0,0
Y59,RHU,PORTSMOUTH HOSPITALS UNIVERSITY NATIONAL HEALTH SERVICE TRUST,C_340,Respiratory Medicine Service,433,416,96.10%,4.8,13.7,0,0
Y59,RHU,PORTSMOUTH HOSPITALS UNIVERSITY NATIONAL HEALTH SERVICE TRUST,C_400,Neurology Service, -   , -   , -   ,-,-,0,0
Y59,RHU,PORTSMOUTH HOSPITALS UNIVERSITY NATIONAL HEALTH SERVICE TRUST,C_410,Rheumatology Service,602,578,96.00%,7.1,14.6,0,0
Y59,RHU,PORTSMOUTH HOSPITALS UNIVERSITY NATIONAL HEALTH SERVICE TRUST,C_430,Elderly Medicine Service,114,92,80.70%,9.2,29.9,0,0
Y59,RHU,PORTSMOUTH HOSPITALS UNIVERSITY NATIONAL HEALTH SERVICE TRUST,C_502,Gynaecology Service,"3,585","1,995",55.60%,14.2,43.6,108,5
Y59,RHU,PORTSMOUTH HOSPITALS UNIVERSITY NATIONAL HEALTH SERVICE TRUST,X02,Other - Medical Services,"2,518","1,867",74.10%,10.2,32.7,14,0
Y59,RHU,PORTSMOUTH HOSPITALS UNIVERSITY NATIONAL HEALTH SERVICE TRUST,X03,Other - Mental Health Services, -   , -   , -   ,-,-,0,0
Y59,RHU,PORTSMOUTH HOSPITALS UNIVERSITY NATIONAL HEALTH SERVICE TRUST,X04,Other - Paediatric Services,567,531,93.70%,6,16.7,0,0
Y59,RHU,PORTSMOUTH HOSPITALS UNIVERSITY NATIONAL HEALTH SERVICE TRUST,X05,Other - Surgical Services,816,486,59.60%,12.8,33.1,0,0
Y59,RHU,PORTSMOUTH HOSPITALS UNIVERSITY NATIONAL HEALTH SERVICE TRUST,X06,Other - Other Services,"1,953","1,621",83.00%,8.5,22.3,1,0
Y59,RHW,ROYAL BERKSHIRE NHS FOUNDATION TRUST,C_100,General Surgery Service,"3,303","2,091",63.30%,13,39.6,118,1
Y59,RHW,ROYAL BERKSHIRE NHS FOUNDATION TRUST,C_101,Urology Service,"3,495","2,097",60.00%,13.6,49.2,229,6
Y59,RHW,ROYAL BERKSHIRE NHS FOUNDATION TRUST,C_110,Trauma and Orthopaedic Service,"4,411","2,840",64.40%,12.5,46,216,2
Y59,RHW,ROYAL BERKSHIRE NHS FOUNDATION TRUST,C_120,Ear Nose and Throat Service,"5,213","2,990",57.40%,15,47.3,302,3
Y59,RHW,ROYAL BERKSHIRE NHS FOUNDATION TRUST,C_130,Ophthalmology Service,"3,849","2,934",76.20%,9.6,36.4,67,2
Y59,RHW,ROYAL BERKSHIRE NHS FOUNDATION TRUST,C_140,Oral Surgery Service,985,693,70.40%,11.9,37.9,12,0
Y59,RHW,ROYAL BERKSHIRE NHS FOUNDATION TRUST,C_150,Neurosurgical Service, -   , -   , -   ,-,-,0,0
Y59,RHW,ROYAL BERKSHIRE NHS FOUNDATION TRUST,C_160,Plastic Surgery Service,565,331,58.60%,14,52,45,3
Y59,RHW,ROYAL BERKSHIRE NHS FOUNDATION TRUST,C_170,Cardiothoracic Surgery Service, -   , -   , -   ,-,-,0,0
Y59,RHW,ROYAL BERKSHIRE NHS FOUNDATION TRUST,C_300,General Internal Medicine Service, -   , -   , -   ,-,-,0,0
Y59,RHW,ROYAL BERKSHIRE NHS FOUNDATION TRUST,C_301,Gastroenterology Service,"4,326","3,243",75.00%,11.5,37.2,76,0
Y59,RHW,ROYAL BERKSHIRE NHS FOUNDATION TRUST,C_320,Cardiology Service,"4,428","2,588",58.40%,14.6,34.9,0,0
Y59,RHW,ROYAL BERKSHIRE NHS FOUNDATION TRUST,C_330,Dermatology Service,"2,539","1,541",60.70%,12.8,42.5,38,0
Y59,RHW,ROYAL BERKSHIRE NHS FOUNDATION TRUST,C_340,Respiratory Medicine Service,"1,318",933,70.80%,10.9,32.3,2,0
Y59,RHW,ROYAL BERKSHIRE NHS FOUNDATION TRUST,C_400,Neurology Service,"1,611","1,057",65.60%,12.5,38.5,0,0
Y59,RHW,ROYAL BERKSHIRE NHS FOUNDATION TRUST,C_410,Rheumatology Service,234,153,65.40%,12.4,25.8,0,0
Y59,RHW,ROYAL BERKSHIRE NHS FOUNDATION TRUST,C_430,Elderly Medicine Service, -   , -   , -   ,-,-,0,0
Y59,RHW,ROYAL BERKSHIRE NHS FOUNDATION TRUST,C_502,Gynaecology Service,"3,026","1,978",65.40%,11.4,38.4,2,0
Y59,RHW,ROYAL BERKSHIRE NHS FOUNDATION TRUST,X02,Other - Medical Services,"1,414","1,073",75.90%,9.7,28.1,0,0
Y59,RHW,ROYAL BERKSHIRE NHS FOUNDATION TRUST,X03,Other - Mental Health Services, -   , -   , -   ,-,-,0,0
Y59,RHW,ROYAL BERKSHIRE NHS FOUNDATION TRUST,X04,Other - Paediatric Services,"2,814","2,250",80.00%,10.8,21.1,0,0
Y59,RHW,ROYAL BERKSHIRE NHS FOUNDATION TRUST,X05,Other - Surgical Services,46,32,69.60%,13.5,51.3,3,0
Y59,RHW,ROYAL BERKSHIRE NHS FOUNDATION TRUST,X06,Other - Other Services,557,407,73.10%,11.8,31.2,0,0
Y59,RN5,HAMPSHIRE HOSPITALS NHS FOUNDATION TRUST,C_100,General Surgery Service,"2,530","1,361",53.80%,16.6,50.5,171,8
Y59,RN5,HAMPSHIRE HOSPITALS NHS FOUNDATION TRUST,C_101,Urology Service,"3,749","1,593",42.50%,21.6,54.9,388,42
Y59,RN5,HAMPSHIRE HOSPITALS NHS FOUNDATION TRUST,C_110,Trauma and Orthopaedic Service,"6,274","2,854",45.50%,19.9,54.1,595,65
Y59,RN5,HAMPSHIRE HOSPITALS NHS FOUNDATION TRUST,C_120,Ear Nose and Throat Service,"3,151","1,853",58.80%,13.9,36.9,69,4
Y59,RN5,HAMPSHIRE HOSPITALS NHS FOUNDATION TRUST,C_130,Ophthalmology Service,"6,018","3,010",50.00%,18,54.2,569,24
Y59,RN5,HAMPSHIRE HOSPITALS NHS FOUNDATION TRUST,C_140,Oral Surgery Service,"1,645","1,011",61.50%,13.6,35.2,20,2
Y59,RN5,HAMPSHIRE HOSPITALS NHS FOUNDATION TRUST,C_150,Neurosurgical Service, -   , -   , -   ,-,-,0,0
Y59,RN5,HAMPSHIRE HOSPITALS NHS FOUNDATION TRUST,C_160,Plastic Surgery Service, -   , -   , -   ,-,-,0,0
Y59,RN5,HAMPSHIRE HOSPITALS NHS FOUNDATION TRUST,C_170,Cardiothoracic Surgery Service,3,1,33.30%,-,-,1,0
Y59,RN5,HAMPSHIRE HOSPITALS NHS FOUNDATION TRUST,C_300,General Internal Medicine Service,112,109,97.30%,3.1,12.5,0,0
Y59,RN5,HAMPSHIRE HOSPITALS NHS FOUNDATION TRUST,C_301,Gastroenterology Service,"4,479","2,689",60.00%,14.3,40.5,89,2
Y59,RN5,HAMPSHIRE HOSPITALS NHS FOUNDATION TRUST,C_320,Cardiology Service,"2,553","1,703",66.70%,13,31,4,0
Y59,RN5,HAMPSHIRE HOSPITALS NHS FOUNDATION TRUST,C_330,Dermatology Service,"3,730","1,709",45.80%,19.7,56.3,437,7
Y59,RN5,HAMPSHIRE HOSPITALS NHS FOUNDATION TRUST,C_340,Respiratory Medicine Service,"1,728","1,010",58.40%,14.6,36.1,6,0
Y59,RN5,HAMPSHIRE HOSPITALS NHS FOUNDATION TRUST,C_400,Neurology Service,"2,742","1,032",37.60%,26.2,59.2,377,5
Y59,RN5,HAMPSHIRE HOSPITALS NHS FOUNDATION TRUST,C_410,Rheumatology Service,"1,605",918,57.20%,14.9,36,11,0
Y59,RN5,HAMPSHIRE HOSPITALS NHS FOUNDATION TRUST,C_430,Elderly Medicine Service,163,147,90.20%,7,19,0,0
Y59,RN5,HAMPSHIRE HOSPITALS NHS FOUNDATION TRUST,C_502,Gynaecology Service,"3,840","2,456",64.00%,13.2,32.5,31,0
Y59,RN5,HAMPSHIRE HOSPITALS NHS FOUNDATION TRUST,X02,Other - Medical Services,"3,464","2,260",65.20%,11.4,44.3,139,10
Y59,RN5,HAMPSHIRE HOSPITALS NHS FOUNDATION TRUST,X03,Other - Mental Health Services, -   , -   , -   ,-,-,0,0
Y59,RN5,HAMPSHIRE HOSPITALS NHS FOUNDATION TRUST,X04,Other - Paediatric Services,"1,322",945,71.50%,11.3,29.9,7,1
Y59,RN5,HAMPSHIRE HOSPITALS NHS FOUNDATION TRUST,X05,Other - Surgical Services,"3,507","2,518",71.80%,9.6,34.1,99,8
Y59,RN5,HAMPSHIRE HOSPITALS NHS FOUNDATION TRUST,X06,Other - Other Services,64,39,60.90%,12.8,28.9,1,1
Y59,RN7,DARTFORD AND GRAVESHAM NHS TRUST,C_100,General Surgery Service,"5,668","3,775",66.60%,11.2,41.1,216,13
Y59,RN7,DARTFORD AND GRAVESHAM NHS TRUST,C_101,Urology Service,"2,130","1,515",71.10%,8.9,32,23,0
Y59,RN7,DARTFORD AND GRAVESHAM NHS TRUST,C_110,Trauma and Orthopaedic Service,"3,543","2,008",56.70%,15,48.2,193,10
Y59,RN7,DARTFORD AND GRAVESHAM NHS TRUST,C_120,Ear Nose and Throat Service, -   , -   , -   ,-,-,0,0
Y59,RN7,DARTFORD AND GRAVESHAM NHS TRUST,C_130,Ophthalmology Service, -   , -   , -   ,-,-,0,0
Y59,RN7,DARTFORD AND GRAVESHAM NHS TRUST,C_140,Oral Surgery Service, -   , -   , -   ,-,-,0,0
Y59,RN7,DARTFORD AND GRAVESHAM NHS TRUST,C_150,Neurosurgical Service, -   , -   , -   ,-,-,0,0
Y59,RN7,DARTFORD AND GRAVESHAM NHS TRUST,C_160,Plastic Surgery Service, -   , -   , -   ,-,-,0,0
Y59,RN7,DARTFORD AND GRAVESHAM NHS TRUST,C_170,Cardiothoracic Surgery Service, -   , -   , -   ,-,-,0,0
Y59,RN7,DARTFORD AND GRAVESHAM NHS TRUST,C_300,General Internal Medicine Service,505,389,77.00%,9.3,25.5,1,0
Y59,RN7,DARTFORD AND GRAVESHAM NHS TRUST,C_301,Gastroenterology Service,"3,756","2,412",64.20%,12.7,38.6,17,1
Y59,RN7,DARTFORD AND GRAVESHAM NHS TRUST,C_320,Cardiology Service,"1,499","1,233",82.30%,8.5,26.9,4,0
Y59,RN7,DARTFORD AND GRAVESHAM NHS TRUST,C_330,Dermatology Service, -   , -   , -   ,-,-,0,0
Y59,RN7,DARTFORD AND GRAVESHAM NHS TRUST,C_340,Respiratory Medicine Service,"1,002",691,69.00%,10.4,35.5,7,1
Y59,RN7,DARTFORD AND GRAVESHAM NHS TRUST,C_400,Neurology Service,962,774,80.50%,8.5,28.7,5,2
Y59,RN7,DARTFORD AND GRAVESHAM NHS TRUST,C_410,Rheumatology Service, -   , -   , -   ,-,-,0,0
Y59,RN7,DARTFORD AND GRAVESHAM NHS TRUST,C_430,Elderly Medicine Service,313,244,78.00%,9,30,7,0
Y59,RN7,DARTFORD AND GRAVESHAM NHS TRUST,C_502,Gynaecology Service,"3,628","2,620",72.20%,10.4,33.7,60,4
Y59,RN7,DARTFORD AND GRAVESHAM NHS TRUST,X02,Other - Medical Services,320,236,73.80%,7.5,32.4,3,0
Y59,RN7,DARTFORD AND GRAVESHAM NHS TRUST,X03,Other - Mental Health Services, -   , -   , -   ,-,-,0,0
Y59,RN7,DARTFORD AND GRAVESHAM NHS TRUST,X04,Other - Paediatric Services,"1,028",973,94.60%,5.4,14.7,2,0
Y59,RN7,DARTFORD AND GRAVESHAM NHS TRUST,X05,Other - Surgical Services,860,613,71.30%,10.7,33.4,17,3
Y59,RN7,DARTFORD AND GRAVESHAM NHS TRUST,X06,Other - Other Services,62,51,82.30%,6.3,34,2,0
Y59,RPA,MEDWAY NHS FOUNDATION TRUST,C_100,General Surgery Service,840,453,53.90%,16.1,34.3,3,0
Y59,RPA,MEDWAY NHS FOUNDATION TRUST,C_101,Urology Service,"1,706","1,430",83.80%,8.1,21.2,0,0
Y59,RPA,MEDWAY NHS FOUNDATION TRUST,C_110,Trauma and Orthopaedic Service,"2,003","1,266",63.20%,13.2,32.3,2,0
Y59,RPA,MEDWAY NHS FOUNDATION TRUST,C_120,Ear Nose and Throat Service,"4,250","1,945",45.80%,19.7,47,204,5
Y59,RPA,MEDWAY NHS FOUNDATION TRUST,C_130,Ophthalmology Service, -   , -   , -   ,-,-,0,0
Y59,RPA,MEDWAY NHS FOUNDATION TRUST,C_140,Oral Surgery Service, -   , -   , -   ,-,-,0,0
Y59,RPA,MEDWAY NHS FOUNDATION TRUST,C_150,Neurosurgical Service, -   , -   , -   ,-,-,0,0
Y59,RPA,MEDWAY NHS FOUNDATION TRUST,C_160,Plastic Surgery Service, -   , -   , -   ,-,-,0,0
Y59,RPA,MEDWAY NHS FOUNDATION TRUST,C_170,Cardiothoracic Surgery Service, -   , -   , -   ,-,-,0,0
Y59,RPA,MEDWAY NHS FOUNDATION TRUST,C_300,General Internal Medicine Service,955,519,54.30%,15.7,35.5,0,0
Y59,RPA,MEDWAY NHS FOUNDATION TRUST,C_301,Gastroenterology Service,"3,716","2,068",55.70%,15,38.9,38,0
Y59,RPA,MEDWAY NHS FOUNDATION TRUST,C_320,Cardiology Service,"2,991","1,366",45.70%,19.8,48.9,129,0
Y59,RPA,MEDWAY NHS FOUNDATION TRUST,C_330,Dermatology Service, -   , -   , -   ,-,-,0,0
Y59,RPA,MEDWAY NHS FOUNDATION TRUST,C_340,Respiratory Medicine Service,245,171,69.80%,12.2,31.6,0,0
Y59,RPA,MEDWAY NHS FOUNDATION TRUST,C_400,Neurology Service,975,401,41.10%,28.8,47.6,24,0
Y59,RPA,MEDWAY NHS FOUNDATION TRUST,C_410,Rheumatology Service,"2,173","1,290",59.40%,15.1,30.3,2,0
Y59,RPA,MEDWAY NHS FOUNDATION TRUST,C_430,Elderly Medicine Service,134,104,77.60%,8.4,27.8,0,0
Y59,RPA,MEDWAY NHS FOUNDATION TRUST,C_502,Gynaecology Service,"3,868","2,362",61.10%,13.9,32.6,3,0
Y59,RPA,MEDWAY NHS FOUNDATION TRUST,X02,Other - Medical Services,"3,979","3,161",79.40%,9.7,27.1,2,0
Y59,RPA,MEDWAY NHS FOUNDATION TRUST,X03,Other - Mental Health Services, -   , -   , -   ,-,-,0,0
Y59,RPA,MEDWAY NHS FOUNDATION TRUST,X04,Other - Paediatric Services,224,148,66.10%,12.6,26.9,0,0
Y59,RPA,MEDWAY NHS FOUNDATION TRUST,X05,Other - Surgical Services,"5,398","3,726",69.00%,11.3,31.8,14,0
Y59,RPA,MEDWAY NHS FOUNDATION TRUST,X06,Other - Other Services,479,256,53.40%,16.3,37.7,1,0
Y59,RPC,QUEEN VICTORIA HOSPITAL NHS FOUNDATION TRUST,C_100,General Surgery Service, -   , -   , -   ,-,-,0,0
Y59,RPC,QUEEN VICTORIA HOSPITAL NHS FOUNDATION TRUST,C_101,Urology Service, -   , -   , -   ,-,-,0,0
Y59,RPC,QUEEN VICTORIA HOSPITAL NHS FOUNDATION TRUST,C_110,Trauma and Orthopaedic Service, -   , -   , -   ,-,-,0,0
Y59,RPC,QUEEN VICTORIA HOSPITAL NHS FOUNDATION TRUST,C_120,Ear Nose and Throat Service,135,121,89.60%,3.9,19.2,1,0
Y59,RPC,QUEEN VICTORIA HOSPITAL NHS FOUNDATION TRUST,C_130,Ophthalmology Service,"2,303","1,558",67.70%,12.3,33.5,8,0
Y59,RPC,QUEEN VICTORIA HOSPITAL NHS FOUNDATION TRUST,C_140,Oral Surgery Service,"4,742","3,031",63.90%,13.5,37,92,1
Y59,RPC,QUEEN VICTORIA HOSPITAL NHS FOUNDATION TRUST,C_150,Neurosurgical Service, -   , -   , -   ,-,-,0,0
Y59,RPC,QUEEN VICTORIA HOSPITAL NHS FOUNDATION TRUST,C_160,Plastic Surgery Service,"4,920","3,141",63.80%,12.1,43.8,189,2
Y59,RPC,QUEEN VICTORIA HOSPITAL NHS FOUNDATION TRUST,C_170,Cardiothoracic Surgery Service, -   , -   , -   ,-,-,0,0
Y59,RPC,QUEEN VICTORIA HOSPITAL NHS FOUNDATION TRUST,C_300,General Internal Medicine Service, -   , -   , -   ,-,-,0,0
Y59,RPC,QUEEN VICTORIA HOSPITAL NHS FOUNDATION TRUST,C_301,Gastroenterology Service, -   , -   , -   ,-,-,0,0
Y59,RPC,QUEEN VICTORIA HOSPITAL NHS FOUNDATION TRUST,C_320,Cardiology Service,182,136,74.70%,10.6,26.3,0,0
Y59,RPC,QUEEN VICTORIA HOSPITAL NHS FOUNDATION TRUST,C_330,Dermatology Service, -   , -   , -   ,-,-,0,0
Y59,RPC,QUEEN VICTORIA HOSPITAL NHS FOUNDATION TRUST,C_340,Respiratory Medicine Service, -   , -   , -   ,-,-,0,0
Y59,RPC,QUEEN VICTORIA HOSPITAL NHS FOUNDATION TRUST,C_400,Neurology Service, -   , -   , -   ,-,-,0,0
Y59,RPC,QUEEN VICTORIA HOSPITAL NHS FOUNDATION TRUST,C_410,Rheumatology Service,50,35,70.00%,12.5,26.5,0,0
Y59,RPC,QUEEN VICTORIA HOSPITAL NHS FOUNDATION TRUST,C_430,Elderly Medicine Service, -   , -   , -   ,-,-,0,0
Y59,RPC,QUEEN VICTORIA HOSPITAL NHS FOUNDATION TRUST,C_502,Gynaecology Service, -   , -   , -   ,-,-,0,0
Y59,RPC,QUEEN VICTORIA HOSPITAL NHS FOUNDATION TRUST,X02,Other - Medical Services,27,26,96.30%,6.3,15.8,0,0
Y59,RPC,QUEEN VICTORIA HOSPITAL NHS FOUNDATION TRUST,X03,Other - Mental Health Services,68,57,83.80%,9.8,20.8,1,0
Y59,RPC,QUEEN VICTORIA HOSPITAL NHS FOUNDATION TRUST,X04,Other - Paediatric Services,15,14,93.30%,-,-,0,0
Y59,RPC,QUEEN VICTORIA HOSPITAL NHS FOUNDATION TRUST,X05,Other - Surgical Services, -   , -   , -   ,-,-,0,0
Y59,RPC,QUEEN VICTORIA HOSPITAL NHS FOUNDATION TRUST,X06,Other - Other Services,"3,269","1,836",56.20%,15.4,34.1,5,0
Y59,RTH,OXFORD UNIVERSITY HOSPITALS NHS FOUNDATION TRUST,C_100,General Surgery Service,"1,599","1,315",82.20%,7.7,25.7,4,0
Y59,RTH,OXFORD UNIVERSITY HOSPITALS NHS FOUNDATION TRUST,C_101,Urology Service,"4,033","2,226",55.20%,15.6,53.9,365,76
Y59,RTH,OXFORD UNIVERSITY HOSPITALS NHS FOUNDATION TRUST,C_110,Trauma and Orthopaedic Service,"7,551","3,657",48.40%,18.5,49.2,485,61
Y59,RTH,OXFORD UNIVERSITY HOSPITALS NHS FOUNDATION TRUST,C_120,Ear Nose and Throat Service,"4,457","2,770",62.10%,13.8,34.2,26,1
Y59,RTH,OXFORD UNIVERSITY HOSPITALS NHS FOUNDATION TRUST,C_130,Ophthalmology Service,"5,424","4,113",75.80%,10.4,28.8,65,10
Y59,RTH,OXFORD UNIVERSITY HOSPITALS NHS FOUNDATION TRUST,C_140,Oral Surgery Service,"1,470",914,62.20%,13.9,36.8,19,5
Y59,RTH,OXFORD UNIVERSITY HOSPITALS NHS FOUNDATION TRUST,C_150,Neurosurgical Service,"1,063",650,61.10%,12.8,45.6,52,4
Y59,RTH,OXFORD UNIVERSITY HOSPITALS NHS FOUNDATION TRUST,C_160,Plastic Surgery Service,"1,809",978,54.10%,16.1,50.8,131,22
Y59,RTH,OXFORD UNIVERSITY HOSPITALS NHS FOUNDATION TRUST,C_170,Cardiothoracic Surgery Service,173,143,82.70%,8.5,26.5,1,0
Y59,RTH,OXFORD UNIVERSITY HOSPITALS NHS FOUNDATION TRUST,C_300,General Internal Medicine Service,78,69,88.50%,8.9,19.8,0,0
Y59,RTH,OXFORD UNIVERSITY HOSPITALS NHS FOUNDATION TRUST,C_301,Gastroenterology Service,"2,969","1,665",56.10%,14.8,43.2,83,1
Y59,RTH,OXFORD UNIVERSITY HOSPITALS NHS FOUNDATION TRUST,C_320,Cardiology Service,"2,630","1,922",73.10%,9.4,32,23,1
Y59,RTH,OXFORD UNIVERSITY HOSPITALS NHS FOUNDATION TRUST,C_330,Dermatology Service,"4,329","2,962",68.40%,12.1,30.1,1,0
Y59,RTH,OXFORD UNIVERSITY HOSPITALS NHS FOUNDATION TRUST,C_340,Respiratory Medicine Service,"1,038",915,88.20%,7.6,20,0,0
Y59,RTH,OXFORD UNIVERSITY HOSPITALS NHS FOUNDATION TRUST,C_400,Neurology Service,"2,870","2,097",73.10%,10.4,29.4,9,0
Y59,RTH,OXFORD UNIVERSITY HOSPITALS NHS FOUNDATION TRUST,C_410,Rheumatology Service,"2,968","1,689",56.90%,15.9,40.7,43,1
Y59,RTH,OXFORD UNIVERSITY HOSPITALS NHS FOUNDATION TRUST,C_430,Elderly Medicine Service,177,162,91.50%,4.4,18.3,0,0
Y59,RTH,OXFORD UNIVERSITY HOSPITALS NHS FOUNDATION TRUST,C_502,Gynaecology Service,"4,394","3,130",71.20%,10.2,33.2,24,2
Y59,RTH,OXFORD UNIVERSITY HOSPITALS NHS FOUNDATION TRUST,X02,Other - Medical Services,"9,412","7,132",75.80%,9.6,29.9,27,1
Y59,RTH,OXFORD UNIVERSITY HOSPITALS NHS FOUNDATION TRUST,X03,Other - Mental Health Services,8,5,62.50%,-,-,0,0
Y59,RTH,OXFORD UNIVERSITY HOSPITALS NHS FOUNDATION TRUST,X04,Other - Paediatric Services,"5,565","3,425",61.50%,13.9,34.8,93,16
Y59,RTH,OXFORD UNIVERSITY HOSPITALS NHS FOUNDATION TRUST,X05,Other - Surgical Services,"3,831","2,647",69.10%,10.4,36.6,90,9
Y59,RTH,OXFORD UNIVERSITY HOSPITALS NHS FOUNDATION TRUST,X06,Other - Other Services,"1,236",814,65.90%,11.8,38.4,25,0
Y59,RTK,ASHFORD AND ST PETER'S HOSPITALS NHS FOUNDATION TRUST,C_100,General Surgery Service,837,480,57.30%,15.3,35.6,8,0
Y59,RTK,ASHFORD AND ST PETER'S HOSPITALS NHS FOUNDATION TRUST,C_101,Urology Service,"2,224","1,611",72.40%,11.5,27.4,12,0
Y59,RTK,ASHFORD AND ST PETER'S HOSPITALS NHS FOUNDATION TRUST,C_110,Trauma and Orthopaedic Service,"7,161","4,065",56.80%,15.8,34.5,68,0
Y59,RTK,ASHFORD AND ST PETER'S HOSPITALS NHS FOUNDATION TRUST,C_120,Ear Nose and Throat Service,"3,150","2,136",67.80%,12.5,30.9,5,0
Y59,RTK,ASHFORD AND ST PETER'S HOSPITALS NHS FOUNDATION TRUST,C_130,Ophthalmology Service,"3,918","2,956",75.40%,9.7,24.8,0,0
Y59,RTK,ASHFORD AND ST PETER'S HOSPITALS NHS FOUNDATION TRUST,C_140,Oral Surgery Service,"3,491","1,773",50.80%,17.6,40.7,46,0
Y59,RTK,ASHFORD AND ST PETER'S HOSPITALS NHS FOUNDATION TRUST,C_150,Neurosurgical Service, -   , -   , -   ,-,-,0,0
Y59,RTK,ASHFORD AND ST PETER'S HOSPITALS NHS FOUNDATION TRUST,C_160,Plastic Surgery Service,34,31,91.20%,8.1,18.1,0,0
Y59,RTK,ASHFORD AND ST PETER'S HOSPITALS NHS FOUNDATION TRUST,C_170,Cardiothoracic Surgery Service,28,24,85.70%,11.5,19.9,0,0
Y59,RTK,ASHFORD AND ST PETER'S HOSPITALS NHS FOUNDATION TRUST,C_300,General Internal Medicine Service,104,48,46.20%,18.3,31.9,0,0
Y59,RTK,ASHFORD AND ST PETER'S HOSPITALS NHS FOUNDATION TRUST,C_301,Gastroenterology Service,"1,860",697,37.50%,23.4,49.3,115,17
Y59,RTK,ASHFORD AND ST PETER'S HOSPITALS NHS FOUNDATION TRUST,C_320,Cardiology Service,"2,839","1,812",63.80%,13.6,29.2,5,0
Y59,RTK,ASHFORD AND ST PETER'S HOSPITALS NHS FOUNDATION TRUST,C_330,Dermatology Service,"5,339","3,183",59.60%,13.7,37.7,82,0
Y59,RTK,ASHFORD AND ST PETER'S HOSPITALS NHS FOUNDATION TRUST,C_340,Respiratory Medicine Service,"1,159",570,49.20%,18.3,36.4,9,0
Y59,RTK,ASHFORD AND ST PETER'S HOSPITALS NHS FOUNDATION TRUST,C_400,Neurology Service,"1,898","1,063",56.00%,15.8,42,26,0
Y59,RTK,ASHFORD AND ST PETER'S HOSPITALS NHS FOUNDATION TRUST,C_410,Rheumatology Service,528,344,65.20%,15.5,26.3,0,0
Y59,RTK,ASHFORD AND ST PETER'S HOSPITALS NHS FOUNDATION TRUST,C_430,Elderly Medicine Service,194,148,76.30%,10.9,25.1,0,0
Y59,RTK,ASHFORD AND ST PETER'S HOSPITALS NHS FOUNDATION TRUST,C_502,Gynaecology Service,"4,463","2,441",54.70%,16.3,42.8,134,5
Y59,RTK,ASHFORD AND ST PETER'S HOSPITALS NHS FOUNDATION TRUST,X02,Other - Medical Services,"3,145","2,024",64.40%,13.8,29.9,14,1
Y59,RTK,ASHFORD AND ST PETER'S HOSPITALS NHS FOUNDATION TRUST,X03,Other - Mental Health Services,11,11,100.00%,-,-,0,0
Y59,RTK,ASHFORD AND ST PETER'S HOSPITALS NHS FOUNDATION TRUST,X04,Other - Paediatric Services,"2,937","2,245",76.40%,10.9,26.4,4,0
Y59,RTK,ASHFORD AND ST PETER'S HOSPITALS NHS FOUNDATION TRUST,X05,Other - Surgical Services,"9,263","6,173",66.60%,12.6,31.3,59,3
Y59,RTK,ASHFORD AND ST PETER'S HOSPITALS NHS FOUNDATION TRUST,X06,Other - Other Services,231,209,90.50%,7.5,18.5,0,0
Y59,RTP,SURREY AND SUSSEX HEALTHCARE NHS TRUST,C_100,General Surgery Service,"1,268",764,60.30%,13.7,43.1,36,1
Y59,RTP,SURREY AND SUSSEX HEALTHCARE NHS TRUST,C_101,Urology Service,"2,363","1,927",81.50%,8.1,30.9,16,1
Y59,RTP,SURREY AND SUSSEX HEALTHCARE NHS TRUST,C_110,Trauma and Orthopaedic Service,670,389,58.10%,14.5,41.2,10,0
Y59,RTP,SURREY AND SUSSEX HEALTHCARE NHS TRUST,C_120,Ear Nose and Throat Service,"4,695","2,933",62.50%,13.5,30.3,10,0
Y59,RTP,SURREY AND SUSSEX HEALTHCARE NHS TRUST,C_130,Ophthalmology Service,"3,725","2,458",66.00%,11.5,37.7,39,0
Y59,RTP,SURREY AND SUSSEX HEALTHCARE NHS TRUST,C_140,Oral Surgery Service,"1,936","1,034",53.40%,16.8,44.2,44,1
Y59,RTP,SURREY AND SUSSEX HEALTHCARE NHS TRUST,C_150,Neurosurgical Service, -   , -   , -   ,-,-,0,0
Y59,RTP,SURREY AND SUSSEX HEALTHCARE NHS TRUST,C_160,Plastic Surgery Service, -   , -   , -   ,-,-,0,0
Y59,RTP,SURREY AND SUSSEX HEALTHCARE NHS TRUST,C_170,Cardiothoracic Surgery Service, -   , -   , -   ,-,-,0,0
Y59,RTP,SURREY AND SUSSEX HEALTHCARE NHS TRUST,C_300,General Internal Medicine Service,103,77,74.80%,5,24.8,1,0
Y59,RTP,SURREY AND SUSSEX HEALTHCARE NHS TRUST,C_301,Gastroenterology Service,"3,799","2,162",56.90%,14.2,46,143,2
Y59,RTP,SURREY AND SUSSEX HEALTHCARE NHS TRUST,C_320,Cardiology Service,"2,873","1,975",68.70%,12.1,29.2,10,0
Y59,RTP,SURREY AND SUSSEX HEALTHCARE NHS TRUST,C_330,Dermatology Service,"2,335","1,696",72.60%,10.3,28.2,1,0
Y59,RTP,SURREY AND SUSSEX HEALTHCARE NHS TRUST,C_340,Respiratory Medicine Service,"1,293",795,61.50%,12.8,35.8,0,0
Y59,RTP,SURREY AND SUSSEX HEALTHCARE NHS TRUST,C_400,Neurology Service,"1,484",957,64.50%,12.8,29.1,6,0
Y59,RTP,SURREY AND SUSSEX HEALTHCARE NHS TRUST,C_410,Rheumatology Service,148,130,87.80%,8.4,18.9,0,0
Y59,RTP,SURREY AND SUSSEX HEALTHCARE NHS TRUST,C_430,Elderly Medicine Service,177,169,95.50%,5.9,15,0,0
Y59,RTP,SURREY AND SUSSEX HEALTHCARE NHS TRUST,C_502,Gynaecology Service,"3,857","2,448",63.50%,12.9,36.5,45,0
Y59,RTP,SURREY AND SUSSEX HEALTHCARE NHS TRUST,X02,Other - Medical Services,"3,509","2,114",60.20%,13.3,41.4,52,0
Y59,RTP,SURREY AND SUSSEX HEALTHCARE NHS TRUST,X03,Other - Mental Health Services, -   , -   , -   ,-,-,0,0
Y59,RTP,SURREY AND SUSSEX HEALTHCARE NHS TRUST,X04,Other - Paediatric Services,"2,548","1,672",65.60%,12.8,28.3,1,0
Y59,RTP,SURREY AND SUSSEX HEALTHCARE NHS TRUST,X05,Other - Surgical Services,"5,446","3,896",71.50%,9.4,37.8,83,1
Y59,RTP,SURREY AND SUSSEX HEALTHCARE NHS TRUST,X06,Other - Other Services,"1,395",965,69.20%,10.8,35.7,21,0
Y59,RVV,EAST KENT HOSPITALS UNIVERSITY NHS FOUNDATION TRUST,C_100,General Surgery Service,"10,409","5,502",52.90%,16.3,54.1,944,118
Y59,RVV,EAST KENT HOSPITALS UNIVERSITY NHS FOUNDATION TRUST,C_101,Urology Service,"4,631","2,427",52.40%,16.5,46,225,6
Y59,RVV,EAST KENT HOSPITALS UNIVERSITY NHS FOUNDATION TRUST,C_110,Trauma and Orthopaedic Service,"5,695","2,885",50.70%,17.5,54.3,519,74
Y59,RVV,EAST KENT HOSPITALS UNIVERSITY NHS FOUNDATION TRUST,C_120,Ear Nose and Throat Service,"8,123","3,600",44.30%,20.2,52.4,670,97
Y59,RVV,EAST KENT HOSPITALS UNIVERSITY NHS FOUNDATION TRUST,C_130,Ophthalmology Service,"5,551","3,532",63.60%,12.7,41.6,232,10
Y59,RVV,EAST KENT HOSPITALS UNIVERSITY NHS FOUNDATION TRUST,C_140,Oral Surgery Service,"3,956","2,231",56.40%,15.6,34.1,8,1
Y59,RVV,EAST KENT HOSPITALS UNIVERSITY NHS FOUNDATION TRUST,C_150,Neurosurgical Service, -   , -   , -   ,-,-,0,0
Y59,RVV,EAST KENT HOSPITALS UNIVERSITY NHS FOUNDATION TRUST,C_160,Plastic Surgery Service, -   , -   , -   ,-,-,0,0
Y59,RVV,EAST KENT HOSPITALS UNIVERSITY NHS FOUNDATION TRUST,C_170,Cardiothoracic Surgery Service,2,1,50.00%,-,-,0,0
Y59,RVV,EAST KENT HOSPITALS UNIVERSITY NHS FOUNDATION TRUST,C_300,General Internal Medicine Service,14,3,21.40%,-,-,0,0
Y59,RVV,EAST KENT HOSPITALS UNIVERSITY NHS FOUNDATION TRUST,C_301,Gastroenterology Service,"5,305","2,509",47.30%,19.2,46.4,173,4
Y59,RVV,EAST KENT HOSPITALS UNIVERSITY NHS FOUNDATION TRUST,C_320,Cardiology Service,"2,857","1,765",61.80%,13.4,40.4,54,1
Y59,RVV,EAST KENT HOSPITALS UNIVERSITY NHS FOUNDATION TRUST,C_330,Dermatology Service,"4,684","3,244",69.30%,11.4,33.8,33,0
Y59,RVV,EAST KENT HOSPITALS UNIVERSITY NHS FOUNDATION TRUST,C_340,Respiratory Medicine Service,"2,252","1,635",72.60%,11,26.8,4,0
Y59,RVV,EAST KENT HOSPITALS UNIVERSITY NHS FOUNDATION TRUST,C_400,Neurology Service,"1,625","1,235",76.00%,11.3,28.2,1,0
Y59,RVV,EAST KENT HOSPITALS UNIVERSITY NHS FOUNDATION TRUST,C_410,Rheumatology Service,"1,241","1,007",81.10%,10.3,24.9,4,0
Y59,RVV,EAST KENT HOSPITALS UNIVERSITY NHS FOUNDATION TRUST,C_430,Elderly Medicine Service,359,317,88.30%,7.7,22,0,0
Y59,RVV,EAST KENT HOSPITALS UNIVERSITY NHS FOUNDATION TRUST,C_502,Gynaecology Service,"6,172","3,473",56.30%,15.3,50.2,450,82
Y59,RVV,EAST KENT HOSPITALS UNIVERSITY NHS FOUNDATION TRUST,X02,Other - Medical Services,"2,485","2,145",86.30%,9.2,21.4,14,2
Y59,RVV,EAST KENT HOSPITALS UNIVERSITY NHS FOUNDATION TRUST,X03,Other - Mental Health Services, -   , -   , -   ,-,-,0,0
Y59,RVV,EAST KENT HOSPITALS UNIVERSITY NHS FOUNDATION TRUST,X04,Other - Paediatric Services,"1,506","1,386",92.00%,5.8,18,0,0
Y59,RVV,EAST KENT HOSPITALS UNIVERSITY NHS FOUNDATION TRUST,X05,Other - Surgical Services,"3,337","2,014",60.40%,13,38.2,54,0
Y59,RVV,EAST KENT HOSPITALS UNIVERSITY NHS FOUNDATION TRUST,X06,Other - Other Services,62,50,80.60%,7.6,27,1,1
Y59,RW1,SOUTHERN HEALTH NHS FOUNDATION TRUST,C_100,General Surgery Service,2,1,50.00%,-,-,0,0
Y59,RW1,SOUTHERN HEALTH NHS FOUNDATION TRUST,C_101,Urology Service, -   , -   , -   ,-,-,0,0
Y59,RW1,SOUTHERN HEALTH NHS FOUNDATION TRUST,C_110,Trauma and Orthopaedic Service,"3,000","2,484",82.80%,9.7,21.5,0,0
Y59,RW1,SOUTHERN HEALTH NHS FOUNDATION TRUST,C_120,Ear Nose and Throat Service,186,181,97.30%,4.2,10.8,0,0
Y59,RW1,SOUTHERN HEALTH NHS FOUNDATION TRUST,C_130,Ophthalmology Service, -   , -   , -   ,-,-,0,0
Y59,RW1,SOUTHERN HEALTH NHS FOUNDATION TRUST,C_140,Oral Surgery Service, -   , -   , -   ,-,-,0,0
Y59,RW1,SOUTHERN HEALTH NHS FOUNDATION TRUST,C_150,Neurosurgical Service, -   , -   , -   ,-,-,0,0
Y59,RW1,SOUTHERN HEALTH NHS FOUNDATION TRUST,C_160,Plastic Surgery Service, -   , -   , -   ,-,-,0,0
Y59,RW1,SOUTHERN HEALTH NHS FOUNDATION TRUST,C_170,Cardiothoracic Surgery Service, -   , -   , -   ,-,-,0,0
Y59,RW1,SOUTHERN HEALTH NHS FOUNDATION TRUST,C_300,General Internal Medicine Service,297,295,99.30%,4.3,10.7,0,0
Y59,RW1,SOUTHERN HEALTH NHS FOUNDATION TRUST,C_301,Gastroenterology Service,110,106,96.40%,2.1,10.2,0,0
Y59,RW1,SOUTHERN HEALTH NHS FOUNDATION TRUST,C_320,Cardiology Service,167,166,99.40%,4.9,13.8,0,0
Y59,RW1,SOUTHERN HEALTH NHS FOUNDATION TRUST,C_330,Dermatology Service, -   , -   , -   ,-,-,0,0
Y59,RW1,SOUTHERN HEALTH NHS FOUNDATION TRUST,C_340,Respiratory Medicine Service,85,85,100.00%,6.1,13.7,0,0
Y59,RW1,SOUTHERN HEALTH NHS FOUNDATION TRUST,C_400,Neurology Service, -   , -   , -   ,-,-,0,0
Y59,RW1,SOUTHERN HEALTH NHS FOUNDATION TRUST,C_410,Rheumatology Service,130,128,98.50%,8.2,13.8,0,0
Y59,RW1,SOUTHERN HEALTH NHS FOUNDATION TRUST,C_430,Elderly Medicine Service,37,36,97.30%,2.5,7,0,0
Y59,RW1,SOUTHERN HEALTH NHS FOUNDATION TRUST,C_502,Gynaecology Service, -   , -   , -   ,-,-,0,0
Y59,RW1,SOUTHERN HEALTH NHS FOUNDATION TRUST,X02,Other - Medical Services,374,368,98.40%,4.5,11.7,0,0
Y59,RW1,SOUTHERN HEALTH NHS FOUNDATION TRUST,X03,Other - Mental Health Services, -   , -   , -   ,-,-,0,0
Y59,RW1,SOUTHERN HEALTH NHS FOUNDATION TRUST,X04,Other - Paediatric Services,16,16,100.00%,-,-,0,0
Y59,RW1,SOUTHERN HEALTH NHS FOUNDATION TRUST,X05,Other - Surgical Services,218,165,75.70%,12.7,20.5,0,0
Y59,RW1,SOUTHERN HEALTH NHS FOUNDATION TRUST,X06,Other - Other Services, -   , -   , -   ,-,-,0,0
Y59,RWF,MAIDSTONE AND TUNBRIDGE WELLS NHS TRUST,C_100,General Surgery Service,"6,089","4,000",65.70%,12.5,31.4,0,0
Y59,RWF,MAIDSTONE AND TUNBRIDGE WELLS NHS TRUST,C_101,Urology Service,"3,359","2,199",65.50%,13.5,29.9,1,0
Y59,RWF,MAIDSTONE AND TUNBRIDGE WELLS NHS TRUST,C_110,Trauma and Orthopaedic Service,"3,900","2,951",75.70%,10.9,26.7,0,0
Y59,RWF,MAIDSTONE AND TUNBRIDGE WELLS NHS TRUST,C_120,Ear Nose and Throat Service,"4,886","3,084",63.10%,13.5,29.1,0,0
Y59,RWF,MAIDSTONE AND TUNBRIDGE WELLS NHS TRUST,C_130,Ophthalmology Service,"6,237","4,374",70.10%,11.5,29.4,0,0
Y59,RWF,MAIDSTONE AND TUNBRIDGE WELLS NHS TRUST,C_140,Oral Surgery Service, -   , -   , -   ,-,-,0,0
Y59,RWF,MAIDSTONE AND TUNBRIDGE WELLS NHS TRUST,C_150,Neurosurgical Service, -   , -   , -   ,-,-,0,0
Y59,RWF,MAIDSTONE AND TUNBRIDGE WELLS NHS TRUST,C_160,Plastic Surgery Service, -   , -   , -   ,-,-,0,0
Y59,RWF,MAIDSTONE AND TUNBRIDGE WELLS NHS TRUST,C_170,Cardiothoracic Surgery Service,27,27,100.00%,7.3,12.9,0,0
Y59,RWF,MAIDSTONE AND TUNBRIDGE WELLS NHS TRUST,C_300,General Internal Medicine Service,2,2,100.00%,-,-,0,0
Y59,RWF,MAIDSTONE AND TUNBRIDGE WELLS NHS TRUST,C_301,Gastroenterology Service,"2,327","1,436",61.70%,13.4,35.4,0,0
Y59,RWF,MAIDSTONE AND TUNBRIDGE WELLS NHS TRUST,C_320,Cardiology Service,"1,687","1,379",81.70%,9.9,23.5,0,0
Y59,RWF,MAIDSTONE AND TUNBRIDGE WELLS NHS TRUST,C_330,Dermatology Service, -   , -   , -   ,-,-,0,0
Y59,RWF,MAIDSTONE AND TUNBRIDGE WELLS NHS TRUST,C_340,Respiratory Medicine Service,673,669,99.40%,6.6,13.6,0,0
Y59,RWF,MAIDSTONE AND TUNBRIDGE WELLS NHS TRUST,C_400,Neurology Service,"1,729","1,094",63.30%,13.8,29.6,0,0
Y59,RWF,MAIDSTONE AND TUNBRIDGE WELLS NHS TRUST,C_410,Rheumatology Service,916,757,82.60%,10,25.1,0,0
Y59,RWF,MAIDSTONE AND TUNBRIDGE WELLS NHS TRUST,C_430,Elderly Medicine Service,117,113,96.60%,4.7,14.9,0,0
Y59,RWF,MAIDSTONE AND TUNBRIDGE WELLS NHS TRUST,C_502,Gynaecology Service,"5,538","2,719",49.10%,18.3,40,0,0
Y59,RWF,MAIDSTONE AND TUNBRIDGE WELLS NHS TRUST,X02,Other - Medical Services,"4,718","3,751",79.50%,10.4,24.4,0,0
Y59,RWF,MAIDSTONE AND TUNBRIDGE WELLS NHS TRUST,X03,Other - Mental Health Services, -   , -   , -   ,-,-,0,0
Y59,RWF,MAIDSTONE AND TUNBRIDGE WELLS NHS TRUST,X04,Other - Paediatric Services,"1,233",929,75.30%,9.9,29,0,0
Y59,RWF,MAIDSTONE AND TUNBRIDGE WELLS NHS TRUST,X05,Other - Surgical Services,889,806,90.70%,4,19.1,0,0
Y59,RWF,MAIDSTONE AND TUNBRIDGE WELLS NHS TRUST,X06,Other - Other Services,1,1,100.00%,-,-,0,0
Y59,RWX,BERKSHIRE HEALTHCARE NHS FOUNDATION TRUST,C_100,General Surgery Service, -   , -   , -   ,-,-,0,0
Y59,RWX,BERKSHIRE HEALTHCARE NHS FOUNDATION TRUST,C_101,Urology Service, -   , -   , -   ,-,-,0,0
Y59,RWX,BERKSHIRE HEALTHCARE NHS FOUNDATION TRUST,C_110,Trauma and Orthopaedic Service, -   , -   , -   ,-,-,0,0
Y59,RWX,BERKSHIRE HEALTHCARE NHS FOUNDATION TRUST,C_120,Ear Nose and Throat Service, -   , -   , -   ,-,-,0,0
Y59,RWX,BERKSHIRE HEALTHCARE NHS FOUNDATION TRUST,C_130,Ophthalmology Service, -   , -   , -   ,-,-,0,0
Y59,RWX,BERKSHIRE HEALTHCARE NHS FOUNDATION TRUST,C_140,Oral Surgery Service, -   , -   , -   ,-,-,0,0
Y59,RWX,BERKSHIRE HEALTHCARE NHS FOUNDATION TRUST,C_150,Neurosurgical Service, -   , -   , -   ,-,-,0,0
Y59,RWX,BERKSHIRE HEALTHCARE NHS FOUNDATION TRUST,C_160,Plastic Surgery Service, -   , -   , -   ,-,-,0,0
Y59,RWX,BERKSHIRE HEALTHCARE NHS FOUNDATION TRUST,C_170,Cardiothoracic Surgery Service, -   , -   , -   ,-,-,0,0
Y59,RWX,BERKSHIRE HEALTHCARE NHS FOUNDATION TRUST,C_300,General Internal Medicine Service, -   , -   , -   ,-,-,0,0
Y59,RWX,BERKSHIRE HEALTHCARE NHS FOUNDATION TRUST,C_301,Gastroenterology Service, -   , -   , -   ,-,-,0,0
Y59,RWX,BERKSHIRE HEALTHCARE NHS FOUNDATION TRUST,C_320,Cardiology Service, -   , -   , -   ,-,-,0,0
Y59,RWX,BERKSHIRE HEALTHCARE NHS FOUNDATION TRUST,C_330,Dermatology Service, -   , -   , -   ,-,-,0,0
Y59,RWX,BERKSHIRE HEALTHCARE NHS FOUNDATION TRUST,C_340,Respiratory Medicine Service, -   , -   , -   ,-,-,0,0
Y59,RWX,BERKSHIRE HEALTHCARE NHS FOUNDATION TRUST,C_400,Neurology Service, -   , -   , -   ,-,-,0,0
Y59,RWX,BERKSHIRE HEALTHCARE NHS FOUNDATION TRUST,C_410,Rheumatology Service, -   , -   , -   ,-,-,0,0
Y59,RWX,BERKSHIRE HEALTHCARE NHS FOUNDATION TRUST,C_430,Elderly Medicine Service, -   , -   , -   ,-,-,0,0
Y59,RWX,BERKSHIRE HEALTHCARE NHS FOUNDATION TRUST,C_502,Gynaecology Service, -   , -   , -   ,-,-,0,0
Y59,RWX,BERKSHIRE HEALTHCARE NHS FOUNDATION TRUST,X02,Other - Medical Services,55,53,96.40%,3.5,11.6,0,0
Y59,RWX,BERKSHIRE HEALTHCARE NHS FOUNDATION TRUST,X03,Other - Mental Health Services, -   , -   , -   ,-,-,0,0
Y59,RWX,BERKSHIRE HEALTHCARE NHS FOUNDATION TRUST,X04,Other - Paediatric Services,237,221,93.20%,8.6,17,1,1
Y59,RWX,BERKSHIRE HEALTHCARE NHS FOUNDATION TRUST,X05,Other - Surgical Services, -   , -   , -   ,-,-,0,0
Y59,RWX,BERKSHIRE HEALTHCARE NHS FOUNDATION TRUST,X06,Other - Other Services, -   , -   , -   ,-,-,0,0
Y59,RXC,EAST SUSSEX HEALTHCARE NHS TRUST,C_100,General Surgery Service,"6,790","3,424",50.40%,17.8,41.2,77,0
Y59,RXC,EAST SUSSEX HEALTHCARE NHS TRUST,C_101,Urology Service,"4,339","2,111",48.70%,18.5,44.5,103,0
Y59,RXC,EAST SUSSEX HEALTHCARE NHS TRUST,C_110,Trauma and Orthopaedic Service,"2,162","1,281",59.30%,14.3,39.5,45,0
Y59,RXC,EAST SUSSEX HEALTHCARE NHS TRUST,C_120,Ear Nose and Throat Service,"6,646","2,946",44.30%,20,45.9,244,0
Y59,RXC,EAST SUSSEX HEALTHCARE NHS TRUST,C_130,Ophthalmology Service,"6,945","3,824",55.10%,15.6,34.8,5,0
Y59,RXC,EAST SUSSEX HEALTHCARE NHS TRUST,C_140,Oral Surgery Service,"1,461","1,002",68.60%,12,37.1,20,0
Y59,RXC,EAST SUSSEX HEALTHCARE NHS TRUST,C_150,Neurosurgical Service, -   , -   , -   ,-,-,0,0
Y59,RXC,EAST SUSSEX HEALTHCARE NHS TRUST,C_160,Plastic Surgery Service, -   , -   , -   ,-,-,0,0
Y59,RXC,EAST SUSSEX HEALTHCARE NHS TRUST,C_170,Cardiothoracic Surgery Service, -   , -   , -   ,-,-,0,0
Y59,RXC,EAST SUSSEX HEALTHCARE NHS TRUST,C_300,General Internal Medicine Service,5,5,100.00%,-,-,0,0
Y59,RXC,EAST SUSSEX HEALTHCARE NHS TRUST,C_301,Gastroenterology Service,"4,462","2,278",51.10%,17.6,41.5,69,0
Y59,RXC,EAST SUSSEX HEALTHCARE NHS TRUST,C_320,Cardiology Service,"2,216","1,560",70.40%,13.2,24.3,0,0
Y59,RXC,EAST SUSSEX HEALTHCARE NHS TRUST,C_330,Dermatology Service,"1,024",988,96.50%,3.3,13.1,0,0
Y59,RXC,EAST SUSSEX HEALTHCARE NHS TRUST,C_340,Respiratory Medicine Service,"1,905",783,41.10%,22.5,57.9,248,0
Y59,RXC,EAST SUSSEX HEALTHCARE NHS TRUST,C_400,Neurology Service,"1,985","1,342",67.60%,12.4,25.9,0,0
Y59,RXC,EAST SUSSEX HEALTHCARE NHS TRUST,C_410,Rheumatology Service,536,376,70.10%,12.2,24.6,0,0
Y59,RXC,EAST SUSSEX HEALTHCARE NHS TRUST,C_430,Elderly Medicine Service,155,154,99.40%,6.6,16.4,0,0
Y59,RXC,EAST SUSSEX HEALTHCARE NHS TRUST,C_502,Gynaecology Service,"5,286","2,644",50.00%,18,44.3,113,0
Y59,RXC,EAST SUSSEX HEALTHCARE NHS TRUST,X02,Other - Medical Services,"2,342","2,101",89.70%,7.5,19.2,6,0
Y59,RXC,EAST SUSSEX HEALTHCARE NHS TRUST,X03,Other - Mental Health Services, -   , -   , -   ,-,-,0,0
Y59,RXC,EAST SUSSEX HEALTHCARE NHS TRUST,X04,Other - Paediatric Services,230,207,90.00%,9.5,19.9,0,0
Y59,RXC,EAST SUSSEX HEALTHCARE NHS TRUST,X05,Other - Surgical Services,"3,321","1,931",58.10%,15.3,30.2,7,0
Y59,RXC,EAST SUSSEX HEALTHCARE NHS TRUST,X06,Other - Other Services,852,474,55.60%,16.2,35.4,2,0
Y59,RXQ,BUCKINGHAMSHIRE HEALTHCARE NHS TRUST,C_100,General Surgery Service,"2,443",909,37.20%,25.6,56.3,290,25
Y59,RXQ,BUCKINGHAMSHIRE HEALTHCARE NHS TRUST,C_101,Urology Service,"2,583","1,088",42.10%,24.8,61,408,41
Y59,RXQ,BUCKINGHAMSHIRE HEALTHCARE NHS TRUST,C_110,Trauma and Orthopaedic Service,"4,074","1,565",38.40%,23,55.8,452,32
Y59,RXQ,BUCKINGHAMSHIRE HEALTHCARE NHS TRUST,C_120,Ear Nose and Throat Service,"3,150",938,29.80%,29.1,63.3,470,48
Y59,RXQ,BUCKINGHAMSHIRE HEALTHCARE NHS TRUST,C_130,Ophthalmology Service,"5,198","2,464",47.40%,19.5,58.4,695,25
Y59,RXQ,BUCKINGHAMSHIRE HEALTHCARE NHS TRUST,C_140,Oral Surgery Service,675,428,63.40%,12.3,44.4,33,1
Y59,RXQ,BUCKINGHAMSHIRE HEALTHCARE NHS TRUST,C_150,Neurosurgical Service, -   , -   , -   ,-,-,0,0
Y59,RXQ,BUCKINGHAMSHIRE HEALTHCARE NHS TRUST,C_160,Plastic Surgery Service,"1,232",560,45.50%,21.5,56.9,145,13
Y59,RXQ,BUCKINGHAMSHIRE HEALTHCARE NHS TRUST,C_170,Cardiothoracic Surgery Service, -   , -   , -   ,-,-,0,0
Y59,RXQ,BUCKINGHAMSHIRE HEALTHCARE NHS TRUST,C_300,General Internal Medicine Service, -   , -   , -   ,-,-,0,0
Y59,RXQ,BUCKINGHAMSHIRE HEALTHCARE NHS TRUST,C_301,Gastroenterology Service,"2,099","1,328",63.30%,11.8,50.1,146,1
Y59,RXQ,BUCKINGHAMSHIRE HEALTHCARE NHS TRUST,C_320,Cardiology Service,"1,523","1,331",87.40%,8.8,20.6,0,0
Y59,RXQ,BUCKINGHAMSHIRE HEALTHCARE NHS TRUST,C_330,Dermatology Service,"1,638","1,078",65.80%,12.7,30.8,13,1
Y59,RXQ,BUCKINGHAMSHIRE HEALTHCARE NHS TRUST,C_340,Respiratory Medicine Service,621,276,44.40%,23,45.2,5,0
Y59,RXQ,BUCKINGHAMSHIRE HEALTHCARE NHS TRUST,C_400,Neurology Service,877,289,33.00%,27,40.8,1,0
Y59,RXQ,BUCKINGHAMSHIRE HEALTHCARE NHS TRUST,C_410,Rheumatology Service,460,333,72.40%,11.5,24.8,0,0
Y59,RXQ,BUCKINGHAMSHIRE HEALTHCARE NHS TRUST,C_430,Elderly Medicine Service,281,280,99.60%,4.4,10.5,1,0
Y59,RXQ,BUCKINGHAMSHIRE HEALTHCARE NHS TRUST,C_502,Gynaecology Service,"3,912","2,032",51.90%,17,53,334,11
Y59,RXQ,BUCKINGHAMSHIRE HEALTHCARE NHS TRUST,X02,Other - Medical Services,"4,374","2,200",50.30%,17.9,52.5,366,10
Y59,RXQ,BUCKINGHAMSHIRE HEALTHCARE NHS TRUST,X03,Other - Mental Health Services, -   , -   , -   ,-,-,0,0
Y59,RXQ,BUCKINGHAMSHIRE HEALTHCARE NHS TRUST,X04,Other - Paediatric Services,691,303,43.80%,22.6,60.4,117,0
Y59,RXQ,BUCKINGHAMSHIRE HEALTHCARE NHS TRUST,X05,Other - Surgical Services,"1,320",706,53.50%,15.3,61.9,181,4
Y59,RXQ,BUCKINGHAMSHIRE HEALTHCARE NHS TRUST,X06,Other - Other Services,393,338,86.00%,5.9,26.2,1,0
Y59,RYR,UNIVERSITY HOSPITALS SUSSEX NHS FOUNDATION TRUST,C_100,General Surgery Service,"1,696",992,58.50%,14.2,55.4,163,41
Y59,RYR,UNIVERSITY HOSPITALS SUSSEX NHS FOUNDATION TRUST,C_101,Urology Service,"7,591","3,904",51.40%,17.2,54.8,703,63
Y59,RYR,UNIVERSITY HOSPITALS SUSSEX NHS FOUNDATION TRUST,C_110,Trauma and Orthopaedic Service,"7,295","3,634",49.80%,18.1,57.7,737,140
Y59,RYR,UNIVERSITY HOSPITALS SUSSEX NHS FOUNDATION TRUST,C_120,Ear Nose and Throat Service,"7,774","4,275",55.00%,15.7,41.1,273,10
Y59,RYR,UNIVERSITY HOSPITALS SUSSEX NHS FOUNDATION TRUST,C_130,Ophthalmology Service,"12,772","8,080",63.30%,12.7,39.5,227,6
Y59,RYR,UNIVERSITY HOSPITALS SUSSEX NHS FOUNDATION TRUST,C_140,Oral Surgery Service,"5,707","2,459",43.10%,21.1,55.9,707,44
Y59,RYR,UNIVERSITY HOSPITALS SUSSEX NHS FOUNDATION TRUST,C_150,Neurosurgical Service,894,317,35.50%,26.9,73.7,196,55
Y59,RYR,UNIVERSITY HOSPITALS SUSSEX NHS FOUNDATION TRUST,C_160,Plastic Surgery Service,53,46,86.80%,5.5,20.8,0,0
Y59,RYR,UNIVERSITY HOSPITALS SUSSEX NHS FOUNDATION TRUST,C_170,Cardiothoracic Surgery Service,211,106,50.20%,17,47.6,10,2
Y59,RYR,UNIVERSITY HOSPITALS SUSSEX NHS FOUNDATION TRUST,C_300,General Internal Medicine Service,144,111,77.10%,6.6,26.1,0,0
Y59,RYR,UNIVERSITY HOSPITALS SUSSEX NHS FOUNDATION TRUST,C_301,Gastroenterology Service,"5,775","2,867",49.60%,18.2,66.3,992,179
Y59,RYR,UNIVERSITY HOSPITALS SUSSEX NHS FOUNDATION TRUST,C_320,Cardiology Service,"9,123","5,261",57.70%,15.1,41.1,104,2
Y59,RYR,UNIVERSITY HOSPITALS SUSSEX NHS FOUNDATION TRUST,C_330,Dermatology Service,"6,495","3,945",60.70%,13.7,37,18,2
Y59,RYR,UNIVERSITY HOSPITALS SUSSEX NHS FOUNDATION TRUST,C_340,Respiratory Medicine Service,"2,852","1,811",63.50%,13,37.6,66,6
Y59,RYR,UNIVERSITY HOSPITALS SUSSEX NHS FOUNDATION TRUST,C_400,Neurology Service,"4,928","2,186",44.40%,20.6,50.3,315,0
Y59,RYR,UNIVERSITY HOSPITALS SUSSEX NHS FOUNDATION TRUST,C_410,Rheumatology Service,"2,189","1,043",47.60%,20,46.4,63,1
Y59,RYR,UNIVERSITY HOSPITALS SUSSEX NHS FOUNDATION TRUST,C_430,Elderly Medicine Service,109,98,89.90%,5.5,19.6,0,0
Y59,RYR,UNIVERSITY HOSPITALS SUSSEX NHS FOUNDATION TRUST,C_502,Gynaecology Service,"11,617","5,427",46.70%,19.8,60,"1,495",192
Y59,RYR,UNIVERSITY HOSPITALS SUSSEX NHS FOUNDATION TRUST,X02,Other - Medical Services,"5,901","3,726",63.10%,12.6,44.7,175,1
Y59,RYR,UNIVERSITY HOSPITALS SUSSEX NHS FOUNDATION TRUST,X03,Other - Mental Health Services, -   , -   , -   ,-,-,0,0
Y59,RYR,UNIVERSITY HOSPITALS SUSSEX NHS FOUNDATION TRUST,X04,Other - Paediatric Services,"8,332","4,482",53.80%,16.2,42.4,257,6
Y59,RYR,UNIVERSITY HOSPITALS SUSSEX NHS FOUNDATION TRUST,X05,Other - Surgical Services,"15,136","8,603",56.80%,14.1,59.4,"1,742",368
Y59,RYR,UNIVERSITY HOSPITALS SUSSEX NHS FOUNDATION TRUST,X06,Other - Other Services,"2,125","1,142",53.70%,16.7,49.8,128,4
Y59,RYY,KENT COMMUNITY HEALTH NHS FOUNDATION TRUST,C_100,General Surgery Service, -   , -   , -   ,-,-,0,0
Y59,RYY,KENT COMMUNITY HEALTH NHS FOUNDATION TRUST,C_101,Urology Service, -   , -   , -   ,-,-,0,0
Y59,RYY,KENT COMMUNITY HEALTH NHS FOUNDATION TRUST,C_110,Trauma and Orthopaedic Service,"4,062","4,039",99.40%,7.3,14.1,0,0
Y59,RYY,KENT COMMUNITY HEALTH NHS FOUNDATION TRUST,C_120,Ear Nose and Throat Service, -   , -   , -   ,-,-,0,0
Y59,RYY,KENT COMMUNITY HEALTH NHS FOUNDATION TRUST,C_130,Ophthalmology Service, -   , -   , -   ,-,-,0,0
Y59,RYY,KENT COMMUNITY HEALTH NHS FOUNDATION TRUST,C_140,Oral Surgery Service, -   , -   , -   ,-,-,0,0
Y59,RYY,KENT COMMUNITY HEALTH NHS FOUNDATION TRUST,C_150,Neurosurgical Service, -   , -   , -   ,-,-,0,0
Y59,RYY,KENT COMMUNITY HEALTH NHS FOUNDATION TRUST,C_160,Plastic Surgery Service, -   , -   , -   ,-,-,0,0
Y59,RYY,KENT COMMUNITY HEALTH NHS FOUNDATION TRUST,C_170,Cardiothoracic Surgery Service, -   , -   , -   ,-,-,0,0
Y59,RYY,KENT COMMUNITY HEALTH NHS FOUNDATION TRUST,C_300,General Internal Medicine Service, -   , -   , -   ,-,-,0,0
Y59,RYY,KENT COMMUNITY HEALTH NHS FOUNDATION TRUST,C_301,Gastroenterology Service, -   , -   , -   ,-,-,0,0
Y59,RYY,KENT COMMUNITY HEALTH NHS FOUNDATION TRUST,C_320,Cardiology Service, -   , -   , -   ,-,-,0,0
Y59,RYY,KENT COMMUNITY HEALTH NHS FOUNDATION TRUST,C_330,Dermatology Service, -   , -   , -   ,-,-,0,0
Y59,RYY,KENT COMMUNITY HEALTH NHS FOUNDATION TRUST,C_340,Respiratory Medicine Service, -   , -   , -   ,-,-,0,0
Y59,RYY,KENT COMMUNITY HEALTH NHS FOUNDATION TRUST,C_400,Neurology Service, -   , -   , -   ,-,-,0,0
Y59,RYY,KENT COMMUNITY HEALTH NHS FOUNDATION TRUST,C_410,Rheumatology Service, -   , -   , -   ,-,-,0,0
Y59,RYY,KENT COMMUNITY HEALTH NHS FOUNDATION TRUST,C_430,Elderly Medicine Service, -   , -   , -   ,-,-,0,0
Y59,RYY,KENT COMMUNITY HEALTH NHS FOUNDATION TRUST,C_502,Gynaecology Service, -   , -   , -   ,-,-,0,0
Y59,RYY,KENT COMMUNITY HEALTH NHS FOUNDATION TRUST,X02,Other - Medical Services,372,372,100.00%,3.8,9.3,0,0
Y59,RYY,KENT COMMUNITY HEALTH NHS FOUNDATION TRUST,X03,Other - Mental Health Services, -   , -   , -   ,-,-,0,0
Y59,RYY,KENT COMMUNITY HEALTH NHS FOUNDATION TRUST,X04,Other - Paediatric Services, -   , -   , -   ,-,-,0,0
Y59,RYY,KENT COMMUNITY HEALTH NHS FOUNDATION TRUST,X05,Other - Surgical Services, -   , -   , -   ,-,-,0,0
Y59,RYY,KENT COMMUNITY HEALTH NHS FOUNDATION TRUST,X06,Other - Other Services, -   , -   , -   ,-,-,0,0
Y60,R1A,HEREFORDSHIRE AND WORCESTERSHIRE HEALTH AND CARE NHS TRUST,C_100,General Surgery Service, -   , -   , -   ,-,-,0,0
Y60,R1A,HEREFORDSHIRE AND WORCESTERSHIRE HEALTH AND CARE NHS TRUST,C_101,Urology Service, -   , -   , -   ,-,-,0,0
Y60,R1A,HEREFORDSHIRE AND WORCESTERSHIRE HEALTH AND CARE NHS TRUST,C_110,Trauma and Orthopaedic Service,171,164,95.90%,8.1,15.6,0,0
Y60,R1A,HEREFORDSHIRE AND WORCESTERSHIRE HEALTH AND CARE NHS TRUST,C_120,Ear Nose and Throat Service,65,62,95.40%,7.4,14,0,0
Y60,R1A,HEREFORDSHIRE AND WORCESTERSHIRE HEALTH AND CARE NHS TRUST,C_130,Ophthalmology Service, -   , -   , -   ,-,-,0,0
Y60,R1A,HEREFORDSHIRE AND WORCESTERSHIRE HEALTH AND CARE NHS TRUST,C_140,Oral Surgery Service, -   , -   , -   ,-,-,0,0
Y60,R1A,HEREFORDSHIRE AND WORCESTERSHIRE HEALTH AND CARE NHS TRUST,C_150,Neurosurgical Service, -   , -   , -   ,-,-,0,0
Y60,R1A,HEREFORDSHIRE AND WORCESTERSHIRE HEALTH AND CARE NHS TRUST,C_160,Plastic Surgery Service, -   , -   , -   ,-,-,0,0
Y60,R1A,HEREFORDSHIRE AND WORCESTERSHIRE HEALTH AND CARE NHS TRUST,C_170,Cardiothoracic Surgery Service, -   , -   , -   ,-,-,0,0
Y60,R1A,HEREFORDSHIRE AND WORCESTERSHIRE HEALTH AND CARE NHS TRUST,C_300,General Internal Medicine Service,28,27,96.40%,6.5,10.9,0,0
Y60,R1A,HEREFORDSHIRE AND WORCESTERSHIRE HEALTH AND CARE NHS TRUST,C_301,Gastroenterology Service, -   , -   , -   ,-,-,0,0
Y60,R1A,HEREFORDSHIRE AND WORCESTERSHIRE HEALTH AND CARE NHS TRUST,C_320,Cardiology Service, -   , -   , -   ,-,-,0,0
Y60,R1A,HEREFORDSHIRE AND WORCESTERSHIRE HEALTH AND CARE NHS TRUST,C_330,Dermatology Service, -   , -   , -   ,-,-,0,0
Y60,R1A,HEREFORDSHIRE AND WORCESTERSHIRE HEALTH AND CARE NHS TRUST,C_340,Respiratory Medicine Service, -   , -   , -   ,-,-,0,0
Y60,R1A,HEREFORDSHIRE AND WORCESTERSHIRE HEALTH AND CARE NHS TRUST,C_400,Neurology Service, -   , -   , -   ,-,-,0,0
Y60,R1A,HEREFORDSHIRE AND WORCESTERSHIRE HEALTH AND CARE NHS TRUST,C_410,Rheumatology Service, -   , -   , -   ,-,-,0,0
Y60,R1A,HEREFORDSHIRE AND WORCESTERSHIRE HEALTH AND CARE NHS TRUST,C_430,Elderly Medicine Service, -   , -   , -   ,-,-,0,0
Y60,R1A,HEREFORDSHIRE AND WORCESTERSHIRE HEALTH AND CARE NHS TRUST,C_502,Gynaecology Service,64,61,95.30%,5.5,14.4,0,0
Y60,R1A,HEREFORDSHIRE AND WORCESTERSHIRE HEALTH AND CARE NHS TRUST,X02,Other - Medical Services,10,10,100.00%,-,-,0,0
Y60,R1A,HEREFORDSHIRE AND WORCESTERSHIRE HEALTH AND CARE NHS TRUST,X03,Other - Mental Health Services, -   , -   , -   ,-,-,0,0
Y60,R1A,HEREFORDSHIRE AND WORCESTERSHIRE HEALTH AND CARE NHS TRUST,X04,Other - Paediatric Services,29,29,100.00%,7.5,14.4,0,0
Y60,R1A,HEREFORDSHIRE AND WORCESTERSHIRE HEALTH AND CARE NHS TRUST,X05,Other - Surgical Services, -   , -   , -   ,-,-,0,0
Y60,R1A,HEREFORDSHIRE AND WORCESTERSHIRE HEALTH AND CARE NHS TRUST,X06,Other - Other Services, -   , -   , -   ,-,-,0,0
Y60,R1D,SHROPSHIRE COMMUNITY HEALTH NHS TRUST,C_100,General Surgery Service,48,40,83.30%,7.5,38.2,1,0
Y60,R1D,SHROPSHIRE COMMUNITY HEALTH NHS TRUST,C_101,Urology Service, -   , -   , -   ,-,-,0,0
Y60,R1D,SHROPSHIRE COMMUNITY HEALTH NHS TRUST,C_110,Trauma and Orthopaedic Service,"3,393","2,696",79.50%,10,32.1,87,5
Y60,R1D,SHROPSHIRE COMMUNITY HEALTH NHS TRUST,C_120,Ear Nose and Throat Service,301,194,64.50%,16,41.4,1,0
Y60,R1D,SHROPSHIRE COMMUNITY HEALTH NHS TRUST,C_130,Ophthalmology Service, -   , -   , -   ,-,-,0,0
Y60,R1D,SHROPSHIRE COMMUNITY HEALTH NHS TRUST,C_140,Oral Surgery Service,139,110,79.10%,7.4,23.4,0,0
Y60,R1D,SHROPSHIRE COMMUNITY HEALTH NHS TRUST,C_150,Neurosurgical Service, -   , -   , -   ,-,-,0,0
Y60,R1D,SHROPSHIRE COMMUNITY HEALTH NHS TRUST,C_160,Plastic Surgery Service, -   , -   , -   ,-,-,0,0
Y60,R1D,SHROPSHIRE COMMUNITY HEALTH NHS TRUST,C_170,Cardiothoracic Surgery Service, -   , -   , -   ,-,-,0,0
Y60,R1D,SHROPSHIRE COMMUNITY HEALTH NHS TRUST,C_300,General Internal Medicine Service, -   , -   , -   ,-,-,0,0
Y60,R1D,SHROPSHIRE COMMUNITY HEALTH NHS TRUST,C_301,Gastroenterology Service,15,12,80.00%,-,-,1,0
Y60,R1D,SHROPSHIRE COMMUNITY HEALTH NHS TRUST,C_320,Cardiology Service,20,20,100.00%,3.5,8.2,0,0
Y60,R1D,SHROPSHIRE COMMUNITY HEALTH NHS TRUST,C_330,Dermatology Service, -   , -   , -   ,-,-,0,0
Y60,R1D,SHROPSHIRE COMMUNITY HEALTH NHS TRUST,C_340,Respiratory Medicine Service,5,5,100.00%,-,-,0,0
Y60,R1D,SHROPSHIRE COMMUNITY HEALTH NHS TRUST,C_400,Neurology Service, -   , -   , -   ,-,-,0,0
Y60,R1D,SHROPSHIRE COMMUNITY HEALTH NHS TRUST,C_410,Rheumatology Service,30,26,86.70%,9.3,20.6,0,0
Y60,R1D,SHROPSHIRE COMMUNITY HEALTH NHS TRUST,C_430,Elderly Medicine Service, -   , -   , -   ,-,-,0,0
Y60,R1D,SHROPSHIRE COMMUNITY HEALTH NHS TRUST,C_502,Gynaecology Service,60,34,56.70%,14.5,28.7,0,0
Y60,R1D,SHROPSHIRE COMMUNITY HEALTH NHS TRUST,X02,Other - Medical Services, -   , -   , -   ,-,-,0,0
Y60,R1D,SHROPSHIRE COMMUNITY HEALTH NHS TRUST,X03,Other - Mental Health Services, -   , -   , -   ,-,-,0,0
Y60,R1D,SHROPSHIRE COMMUNITY HEALTH NHS TRUST,X04,Other - Paediatric Services,321,300,93.50%,7.9,16.9,0,0
Y60,R1D,SHROPSHIRE COMMUNITY HEALTH NHS TRUST,X05,Other - Surgical Services, -   , -   , -   ,-,-,0,0
Y60,R1D,SHROPSHIRE COMMUNITY HEALTH NHS TRUST,X06,Other - Other Services, -   , -   , -   ,-,-,0,0
Y60,RBK,WALSALL HEALTHCARE NHS TRUST,C_100,General Surgery Service,"1,452",719,49.50%,18.2,57.8,154,43
Y60,RBK,WALSALL HEALTHCARE NHS TRUST,C_101,Urology Service,"2,317","1,044",45.10%,20.7,52.7,194,24
Y60,RBK,WALSALL HEALTHCARE NHS TRUST,C_110,Trauma and Orthopaedic Service,"4,455","2,063",46.30%,19.3,52,356,33
Y60,RBK,WALSALL HEALTHCARE NHS TRUST,C_120,Ear Nose and Throat Service,"2,525","1,407",55.70%,15.4,34.8,15,1
Y60,RBK,WALSALL HEALTHCARE NHS TRUST,C_130,Ophthalmology Service,"1,264",987,78.10%,9.4,28.7,0,0
Y60,RBK,WALSALL HEALTHCARE NHS TRUST,C_140,Oral Surgery Service,"3,318","1,534",46.20%,19.5,45.1,96,0
Y60,RBK,WALSALL HEALTHCARE NHS TRUST,C_150,Neurosurgical Service, -   , -   , -   ,-,-,0,0
Y60,RBK,WALSALL HEALTHCARE NHS TRUST,C_160,Plastic Surgery Service,201,111,55.20%,15.8,44.5,7,0
Y60,RBK,WALSALL HEALTHCARE NHS TRUST,C_170,Cardiothoracic Surgery Service,15,10,66.70%,-,-,0,0
Y60,RBK,WALSALL HEALTHCARE NHS TRUST,C_300,General Internal Medicine Service, -   , -   , -   ,-,-,0,0
Y60,RBK,WALSALL HEALTHCARE NHS TRUST,C_301,Gastroenterology Service,"1,459",948,65.00%,12.5,32.1,0,0
Y60,RBK,WALSALL HEALTHCARE NHS TRUST,C_320,Cardiology Service,"1,268","1,030",81.20%,10.4,21.6,0,0
Y60,RBK,WALSALL HEALTHCARE NHS TRUST,C_330,Dermatology Service,"2,158","1,060",49.10%,18.5,46.5,46,0
Y60,RBK,WALSALL HEALTHCARE NHS TRUST,C_340,Respiratory Medicine Service,661,597,90.30%,7.8,18.9,0,0
Y60,RBK,WALSALL HEALTHCARE NHS TRUST,C_400,Neurology Service,"1,005",668,66.50%,12.1,34.1,0,0
Y60,RBK,WALSALL HEALTHCARE NHS TRUST,C_410,Rheumatology Service,806,534,66.30%,13.4,30.8,12,1
Y60,RBK,WALSALL HEALTHCARE NHS TRUST,C_430,Elderly Medicine Service,127,111,87.40%,11.1,18.5,0,0
Y60,RBK,WALSALL HEALTHCARE NHS TRUST,C_502,Gynaecology Service,"1,920","1,470",76.60%,9.7,33.2,14,0
Y60,RBK,WALSALL HEALTHCARE NHS TRUST,X02,Other - Medical Services,"2,368","1,269",53.60%,16.2,51.6,180,0
Y60,RBK,WALSALL HEALTHCARE NHS TRUST,X03,Other - Mental Health Services, -   , -   , -   ,-,-,0,0
Y60,RBK,WALSALL HEALTHCARE NHS TRUST,X04,Other - Paediatric Services,"2,637","1,940",73.60%,9.5,30.5,18,2
Y60,RBK,WALSALL HEALTHCARE NHS TRUST,X05,Other - Surgical Services,"3,572","2,228",62.40%,13.2,42.2,116,6
Y60,RBK,WALSALL HEALTHCARE NHS TRUST,X06,Other - Other Services,303,211,69.60%,12.8,22.4,0,0
Y60,RFS,CHESTERFIELD ROYAL HOSPITAL NHS FOUNDATION TRUST,C_100,General Surgery Service,"1,549",609,39.30%,23.2,67.8,338,51
Y60,RFS,CHESTERFIELD ROYAL HOSPITAL NHS FOUNDATION TRUST,C_101,Urology Service,"1,528","1,031",67.50%,11.1,40.8,57,1
Y60,RFS,CHESTERFIELD ROYAL HOSPITAL NHS FOUNDATION TRUST,C_110,Trauma and Orthopaedic Service,"2,670","1,253",46.90%,19.3,59.8,353,34
Y60,RFS,CHESTERFIELD ROYAL HOSPITAL NHS FOUNDATION TRUST,C_120,Ear Nose and Throat Service,"2,193","1,272",58.00%,14.5,42.6,77,14
Y60,RFS,CHESTERFIELD ROYAL HOSPITAL NHS FOUNDATION TRUST,C_130,Ophthalmology Service,"2,740","1,477",53.90%,16.4,47.3,146,12
Y60,RFS,CHESTERFIELD ROYAL HOSPITAL NHS FOUNDATION TRUST,C_140,Oral Surgery Service,"1,438",828,57.60%,15.4,48.6,89,3
Y60,RFS,CHESTERFIELD ROYAL HOSPITAL NHS FOUNDATION TRUST,C_150,Neurosurgical Service, -   , -   , -   ,-,-,0,0
Y60,RFS,CHESTERFIELD ROYAL HOSPITAL NHS FOUNDATION TRUST,C_160,Plastic Surgery Service, -   , -   , -   ,-,-,0,0
Y60,RFS,CHESTERFIELD ROYAL HOSPITAL NHS FOUNDATION TRUST,C_170,Cardiothoracic Surgery Service, -   , -   , -   ,-,-,0,0
Y60,RFS,CHESTERFIELD ROYAL HOSPITAL NHS FOUNDATION TRUST,C_300,General Internal Medicine Service,308,215,69.80%,9.1,29.7,2,0
Y60,RFS,CHESTERFIELD ROYAL HOSPITAL NHS FOUNDATION TRUST,C_301,Gastroenterology Service,"1,718","1,003",58.40%,14.4,35.6,13,0
Y60,RFS,CHESTERFIELD ROYAL HOSPITAL NHS FOUNDATION TRUST,C_320,Cardiology Service,879,525,59.70%,13.9,35.9,7,0
Y60,RFS,CHESTERFIELD ROYAL HOSPITAL NHS FOUNDATION TRUST,C_330,Dermatology Service,"1,943","1,432",73.70%,10.1,32,6,0
Y60,RFS,CHESTERFIELD ROYAL HOSPITAL NHS FOUNDATION TRUST,C_340,Respiratory Medicine Service,675,375,55.60%,15.9,37.5,9,0
Y60,RFS,CHESTERFIELD ROYAL HOSPITAL NHS FOUNDATION TRUST,C_400,Neurology Service, -   , -   , -   ,-,-,0,0
Y60,RFS,CHESTERFIELD ROYAL HOSPITAL NHS FOUNDATION TRUST,C_410,Rheumatology Service,628,507,80.70%,8,26.3,1,0
Y60,RFS,CHESTERFIELD ROYAL HOSPITAL NHS FOUNDATION TRUST,C_430,Elderly Medicine Service, -   , -   , -   ,-,-,0,0
Y60,RFS,CHESTERFIELD ROYAL HOSPITAL NHS FOUNDATION TRUST,C_502,Gynaecology Service,"1,713","1,152",67.30%,12.1,39.3,68,12
Y60,RFS,CHESTERFIELD ROYAL HOSPITAL NHS FOUNDATION TRUST,X02,Other - Medical Services,"1,203",822,68.30%,11,32,21,10
Y60,RFS,CHESTERFIELD ROYAL HOSPITAL NHS FOUNDATION TRUST,X03,Other - Mental Health Services, -   , -   , -   ,-,-,0,0
Y60,RFS,CHESTERFIELD ROYAL HOSPITAL NHS FOUNDATION TRUST,X04,Other - Paediatric Services,"1,495",985,65.90%,11.7,42.2,44,3
Y60,RFS,CHESTERFIELD ROYAL HOSPITAL NHS FOUNDATION TRUST,X05,Other - Surgical Services,"2,570","1,604",62.40%,13.6,38.4,80,13
Y60,RFS,CHESTERFIELD ROYAL HOSPITAL NHS FOUNDATION TRUST,X06,Other - Other Services, -   , -   , -   ,-,-,0,0
Y60,RJC,SOUTH WARWICKSHIRE UNIVERSITY NHS FOUNDATION TRUST,C_100,General Surgery Service,"1,517",851,56.10%,15.5,38.4,14,1
Y60,RJC,SOUTH WARWICKSHIRE UNIVERSITY NHS FOUNDATION TRUST,C_101,Urology Service,"1,893","1,441",76.10%,9.2,36.9,36,1
Y60,RJC,SOUTH WARWICKSHIRE UNIVERSITY NHS FOUNDATION TRUST,C_110,Trauma and Orthopaedic Service,"3,905","3,045",78.00%,10.9,25.6,1,0
Y60,RJC,SOUTH WARWICKSHIRE UNIVERSITY NHS FOUNDATION TRUST,C_120,Ear Nose and Throat Service,"2,812","1,801",64.00%,12.5,38.8,9,1
Y60,RJC,SOUTH WARWICKSHIRE UNIVERSITY NHS FOUNDATION TRUST,C_130,Ophthalmology Service,"2,173","1,456",67.00%,12,42.9,97,2
Y60,RJC,SOUTH WARWICKSHIRE UNIVERSITY NHS FOUNDATION TRUST,C_140,Oral Surgery Service,964,443,46.00%,19.4,40.7,15,0
Y60,RJC,SOUTH WARWICKSHIRE UNIVERSITY NHS FOUNDATION TRUST,C_150,Neurosurgical Service, -   , -   , -   ,-,-,0,0
Y60,RJC,SOUTH WARWICKSHIRE UNIVERSITY NHS FOUNDATION TRUST,C_160,Plastic Surgery Service,356,210,59.00%,15,48.8,18,1
Y60,RJC,SOUTH WARWICKSHIRE UNIVERSITY NHS FOUNDATION TRUST,C_170,Cardiothoracic Surgery Service, -   , -   , -   ,-,-,0,0
Y60,RJC,SOUTH WARWICKSHIRE UNIVERSITY NHS FOUNDATION TRUST,C_300,General Internal Medicine Service,212,90,42.50%,21.8,57,21,4
Y60,RJC,SOUTH WARWICKSHIRE UNIVERSITY NHS FOUNDATION TRUST,C_301,Gastroenterology Service,"1,223",948,77.50%,9.2,25.6,0,0
Y60,RJC,SOUTH WARWICKSHIRE UNIVERSITY NHS FOUNDATION TRUST,C_320,Cardiology Service,"1,169",821,70.20%,12.7,30.2,0,0
Y60,RJC,SOUTH WARWICKSHIRE UNIVERSITY NHS FOUNDATION TRUST,C_330,Dermatology Service,"1,916","1,489",77.70%,10,25.2,1,0
Y60,RJC,SOUTH WARWICKSHIRE UNIVERSITY NHS FOUNDATION TRUST,C_340,Respiratory Medicine Service,973,678,69.70%,11.4,27.8,11,0
Y60,RJC,SOUTH WARWICKSHIRE UNIVERSITY NHS FOUNDATION TRUST,C_400,Neurology Service, -   , -   , -   ,-,-,0,0
Y60,RJC,SOUTH WARWICKSHIRE UNIVERSITY NHS FOUNDATION TRUST,C_410,Rheumatology Service,"1,082",789,72.90%,9.6,29.8,1,0
Y60,RJC,SOUTH WARWICKSHIRE UNIVERSITY NHS FOUNDATION TRUST,C_430,Elderly Medicine Service,194,165,85.10%,11,19.3,0,0
Y60,RJC,SOUTH WARWICKSHIRE UNIVERSITY NHS FOUNDATION TRUST,C_502,Gynaecology Service,"2,285","1,820",79.60%,9.8,25.5,9,0
Y60,RJC,SOUTH WARWICKSHIRE UNIVERSITY NHS FOUNDATION TRUST,X02,Other - Medical Services,"2,461","1,665",67.70%,12.1,43.3,84,0
Y60,RJC,SOUTH WARWICKSHIRE UNIVERSITY NHS FOUNDATION TRUST,X03,Other - Mental Health Services, -   , -   , -   ,-,-,0,0
Y60,RJC,SOUTH WARWICKSHIRE UNIVERSITY NHS FOUNDATION TRUST,X04,Other - Paediatric Services,"1,004",762,75.90%,10.2,25.8,2,0
Y60,RJC,SOUTH WARWICKSHIRE UNIVERSITY NHS FOUNDATION TRUST,X05,Other - Surgical Services,"2,928","1,821",62.20%,14.1,49.6,216,10
Y60,RJC,SOUTH WARWICKSHIRE UNIVERSITY NHS FOUNDATION TRUST,X06,Other - Other Services,680,654,96.20%,3.5,14.1,1,0
Y60,RJE,UNIVERSITY HOSPITALS OF NORTH MIDLANDS NHS TRUST,C_100,General Surgery Service,"11,676","5,922",50.70%,17.6,59,"1,374",215
Y60,RJE,UNIVERSITY HOSPITALS OF NORTH MIDLANDS NHS TRUST,C_101,Urology Service,"3,815","2,115",55.40%,15.4,38,89,5
Y60,RJE,UNIVERSITY HOSPITALS OF NORTH MIDLANDS NHS TRUST,C_110,Trauma and Orthopaedic Service,"8,760","2,540",29.00%,32,68.7,"1,877",411
Y60,RJE,UNIVERSITY HOSPITALS OF NORTH MIDLANDS NHS TRUST,C_120,Ear Nose and Throat Service,"4,080","1,959",48.00%,18.8,50.8,297,17
Y60,RJE,UNIVERSITY HOSPITALS OF NORTH MIDLANDS NHS TRUST,C_130,Ophthalmology Service,"4,263","2,119",49.70%,18.2,51.8,337,42
Y60,RJE,UNIVERSITY HOSPITALS OF NORTH MIDLANDS NHS TRUST,C_140,Oral Surgery Service,"2,716","1,646",60.60%,14.1,35.6,7,0
Y60,RJE,UNIVERSITY HOSPITALS OF NORTH MIDLANDS NHS TRUST,C_150,Neurosurgical Service,751,335,44.60%,20.6,62.5,92,16
Y60,RJE,UNIVERSITY HOSPITALS OF NORTH MIDLANDS NHS TRUST,C_160,Plastic Surgery Service,"2,969","2,161",72.80%,8.8,39.4,96,20
Y60,RJE,UNIVERSITY HOSPITALS OF NORTH MIDLANDS NHS TRUST,C_170,Cardiothoracic Surgery Service,292,159,54.50%,16.1,45.6,12,3
Y60,RJE,UNIVERSITY HOSPITALS OF NORTH MIDLANDS NHS TRUST,C_300,General Internal Medicine Service, -   , -   , -   ,-,-,0,0
Y60,RJE,UNIVERSITY HOSPITALS OF NORTH MIDLANDS NHS TRUST,C_301,Gastroenterology Service,"7,422","3,710",50.00%,18,42.7,69,1
Y60,RJE,UNIVERSITY HOSPITALS OF NORTH MIDLANDS NHS TRUST,C_320,Cardiology Service,"3,206","2,154",67.20%,11.9,32.4,18,2
Y60,RJE,UNIVERSITY HOSPITALS OF NORTH MIDLANDS NHS TRUST,C_330,Dermatology Service,"1,869",967,51.70%,17,39.7,20,0
Y60,RJE,UNIVERSITY HOSPITALS OF NORTH MIDLANDS NHS TRUST,C_340,Respiratory Medicine Service,"4,706","3,021",64.20%,12.3,33.3,2,0
Y60,RJE,UNIVERSITY HOSPITALS OF NORTH MIDLANDS NHS TRUST,C_400,Neurology Service,"5,211","2,380",45.70%,19.8,43.5,7,0
Y60,RJE,UNIVERSITY HOSPITALS OF NORTH MIDLANDS NHS TRUST,C_410,Rheumatology Service,29,18,62.10%,8,46.7,1,0
Y60,RJE,UNIVERSITY HOSPITALS OF NORTH MIDLANDS NHS TRUST,C_430,Elderly Medicine Service,22,20,90.90%,2.1,18.2,0,0
Y60,RJE,UNIVERSITY HOSPITALS OF NORTH MIDLANDS NHS TRUST,C_502,Gynaecology Service,"4,319","2,463",57.00%,15,39.6,51,3
Y60,RJE,UNIVERSITY HOSPITALS OF NORTH MIDLANDS NHS TRUST,X02,Other - Medical Services,"8,465","5,367",63.40%,13.2,31.6,29,3
Y60,RJE,UNIVERSITY HOSPITALS OF NORTH MIDLANDS NHS TRUST,X03,Other - Mental Health Services, -   , -   , -   ,-,-,0,0
Y60,RJE,UNIVERSITY HOSPITALS OF NORTH MIDLANDS NHS TRUST,X04,Other - Paediatric Services,"2,771","1,871",67.50%,10.1,48.5,170,28
Y60,RJE,UNIVERSITY HOSPITALS OF NORTH MIDLANDS NHS TRUST,X05,Other - Surgical Services, -   , -   , -   ,-,-,0,0
Y60,RJE,UNIVERSITY HOSPITALS OF NORTH MIDLANDS NHS TRUST,X06,Other - Other Services,501,431,86.00%,7.4,25.7,4,0
Y60,RK5,SHERWOOD FOREST HOSPITALS NHS FOUNDATION TRUST,C_100,General Surgery Service,"4,366","2,799",64.10%,12.1,37.7,105,8
Y60,RK5,SHERWOOD FOREST HOSPITALS NHS FOUNDATION TRUST,C_101,Urology Service,"2,287","1,827",79.90%,8.5,29.8,34,1
Y60,RK5,SHERWOOD FOREST HOSPITALS NHS FOUNDATION TRUST,C_110,Trauma and Orthopaedic Service,"3,938","2,599",66.00%,11.7,42.3,116,9
Y60,RK5,SHERWOOD FOREST HOSPITALS NHS FOUNDATION TRUST,C_120,Ear Nose and Throat Service,"4,402","3,271",74.30%,9.8,32,53,1
Y60,RK5,SHERWOOD FOREST HOSPITALS NHS FOUNDATION TRUST,C_130,Ophthalmology Service,"5,321","4,393",82.60%,8.4,25.4,13,1
Y60,RK5,SHERWOOD FOREST HOSPITALS NHS FOUNDATION TRUST,C_140,Oral Surgery Service,"1,049",641,61.10%,12.6,42.9,41,3
Y60,RK5,SHERWOOD FOREST HOSPITALS NHS FOUNDATION TRUST,C_150,Neurosurgical Service, -   , -   , -   ,-,-,0,0
Y60,RK5,SHERWOOD FOREST HOSPITALS NHS FOUNDATION TRUST,C_160,Plastic Surgery Service,178,106,59.60%,14.8,45.4,5,0
Y60,RK5,SHERWOOD FOREST HOSPITALS NHS FOUNDATION TRUST,C_170,Cardiothoracic Surgery Service, -   , -   , -   ,-,-,0,0
Y60,RK5,SHERWOOD FOREST HOSPITALS NHS FOUNDATION TRUST,C_300,General Internal Medicine Service, -   , -   , -   ,-,-,0,0
Y60,RK5,SHERWOOD FOREST HOSPITALS NHS FOUNDATION TRUST,C_301,Gastroenterology Service,"5,303","3,643",68.70%,11.6,32.7,42,2
Y60,RK5,SHERWOOD FOREST HOSPITALS NHS FOUNDATION TRUST,C_320,Cardiology Service,"2,779","1,462",52.60%,16.5,45.4,110,6
Y60,RK5,SHERWOOD FOREST HOSPITALS NHS FOUNDATION TRUST,C_330,Dermatology Service,"2,627","1,686",64.20%,12.1,34.6,13,0
Y60,RK5,SHERWOOD FOREST HOSPITALS NHS FOUNDATION TRUST,C_340,Respiratory Medicine Service,"2,558","1,543",60.30%,14.3,35.7,33,0
Y60,RK5,SHERWOOD FOREST HOSPITALS NHS FOUNDATION TRUST,C_400,Neurology Service, -   , -   , -   ,-,-,0,0
Y60,RK5,SHERWOOD FOREST HOSPITALS NHS FOUNDATION TRUST,C_410,Rheumatology Service,"1,630","1,064",65.30%,12.7,39.2,25,1
Y60,RK5,SHERWOOD FOREST HOSPITALS NHS FOUNDATION TRUST,C_430,Elderly Medicine Service,222,175,78.80%,9.9,27.7,1,0
Y60,RK5,SHERWOOD FOREST HOSPITALS NHS FOUNDATION TRUST,C_502,Gynaecology Service,"2,220","1,304",58.70%,14.9,36.4,23,0
Y60,RK5,SHERWOOD FOREST HOSPITALS NHS FOUNDATION TRUST,X02,Other - Medical Services,"3,111","1,954",62.80%,13.5,32.9,29,1
Y60,RK5,SHERWOOD FOREST HOSPITALS NHS FOUNDATION TRUST,X03,Other - Mental Health Services, -   , -   , -   ,-,-,0,0
Y60,RK5,SHERWOOD FOREST HOSPITALS NHS FOUNDATION TRUST,X04,Other - Paediatric Services,"4,043","3,117",77.10%,10,27.1,7,0
Y60,RK5,SHERWOOD FOREST HOSPITALS NHS FOUNDATION TRUST,X05,Other - Surgical Services,310,306,98.70%,3.7,11,0,0
Y60,RK5,SHERWOOD FOREST HOSPITALS NHS FOUNDATION TRUST,X06,Other - Other Services, -   , -   , -   ,-,-,0,0
Y60,RKB,UNIVERSITY HOSPITALS COVENTRY AND WARWICKSHIRE NHS TRUST,C_100,General Surgery Service,"5,757","3,160",54.90%,15.7,52,462,19
Y60,RKB,UNIVERSITY HOSPITALS COVENTRY AND WARWICKSHIRE NHS TRUST,C_101,Urology Service,"3,360","1,750",52.10%,16.9,50,225,2
Y60,RKB,UNIVERSITY HOSPITALS COVENTRY AND WARWICKSHIRE NHS TRUST,C_110,Trauma and Orthopaedic Service,"6,124","3,464",56.60%,15.1,48.1,353,7
Y60,RKB,UNIVERSITY HOSPITALS COVENTRY AND WARWICKSHIRE NHS TRUST,C_120,Ear Nose and Throat Service,"7,223","2,321",32.10%,28.7,56.9,977,2
Y60,RKB,UNIVERSITY HOSPITALS COVENTRY AND WARWICKSHIRE NHS TRUST,C_130,Ophthalmology Service,"3,815","2,380",62.40%,13.6,43.9,144,2
Y60,RKB,UNIVERSITY HOSPITALS COVENTRY AND WARWICKSHIRE NHS TRUST,C_140,Oral Surgery Service,"3,002","1,730",57.60%,14.3,49.7,189,0
Y60,RKB,UNIVERSITY HOSPITALS COVENTRY AND WARWICKSHIRE NHS TRUST,C_150,Neurosurgical Service,"2,645","1,449",54.80%,15.8,40.7,54,0
Y60,RKB,UNIVERSITY HOSPITALS COVENTRY AND WARWICKSHIRE NHS TRUST,C_160,Plastic Surgery Service,860,447,52.00%,16.7,53.8,86,4
Y60,RKB,UNIVERSITY HOSPITALS COVENTRY AND WARWICKSHIRE NHS TRUST,C_170,Cardiothoracic Surgery Service,206,159,77.20%,8.5,36.8,5,0
Y60,RKB,UNIVERSITY HOSPITALS COVENTRY AND WARWICKSHIRE NHS TRUST,C_300,General Internal Medicine Service,488,350,71.70%,11.2,26.9,1,0
Y60,RKB,UNIVERSITY HOSPITALS COVENTRY AND WARWICKSHIRE NHS TRUST,C_301,Gastroenterology Service,"2,217","1,583",71.40%,10,30.9,17,0
Y60,RKB,UNIVERSITY HOSPITALS COVENTRY AND WARWICKSHIRE NHS TRUST,C_320,Cardiology Service,"2,000","1,484",74.20%,11.9,27.5,0,0
Y60,RKB,UNIVERSITY HOSPITALS COVENTRY AND WARWICKSHIRE NHS TRUST,C_330,Dermatology Service,"8,437","2,895",34.30%,28.5,64,"1,786",4
Y60,RKB,UNIVERSITY HOSPITALS COVENTRY AND WARWICKSHIRE NHS TRUST,C_340,Respiratory Medicine Service,"1,909","1,236",64.70%,13.2,33.5,12,2
Y60,RKB,UNIVERSITY HOSPITALS COVENTRY AND WARWICKSHIRE NHS TRUST,C_400,Neurology Service,"3,170","1,830",57.70%,14.5,40.8,85,0
Y60,RKB,UNIVERSITY HOSPITALS COVENTRY AND WARWICKSHIRE NHS TRUST,C_410,Rheumatology Service,737,529,71.80%,11.5,25,3,0
Y60,RKB,UNIVERSITY HOSPITALS COVENTRY AND WARWICKSHIRE NHS TRUST,C_430,Elderly Medicine Service,58,56,96.60%,2.3,9.4,0,0
Y60,RKB,UNIVERSITY HOSPITALS COVENTRY AND WARWICKSHIRE NHS TRUST,C_502,Gynaecology Service,"5,515","2,534",45.90%,20.1,57.6,660,25
Y60,RKB,UNIVERSITY HOSPITALS COVENTRY AND WARWICKSHIRE NHS TRUST,X02,Other - Medical Services,"5,566","3,760",67.60%,12.3,31.4,27,0
Y60,RKB,UNIVERSITY HOSPITALS COVENTRY AND WARWICKSHIRE NHS TRUST,X03,Other - Mental Health Services, -   , -   , -   ,-,-,0,0
Y60,RKB,UNIVERSITY HOSPITALS COVENTRY AND WARWICKSHIRE NHS TRUST,X04,Other - Paediatric Services,"1,093",659,60.30%,14.6,38.6,20,0
Y60,RKB,UNIVERSITY HOSPITALS COVENTRY AND WARWICKSHIRE NHS TRUST,X05,Other - Surgical Services, -   , -   , -   ,-,-,0,0
Y60,RKB,UNIVERSITY HOSPITALS COVENTRY AND WARWICKSHIRE NHS TRUST,X06,Other - Other Services,160,119,74.40%,7.4,41.1,3,0
Y60,RL1,THE ROBERT JONES AND AGNES HUNT ORTHOPAEDIC HOSPITAL NHS FOUNDATION TRUST,C_100,General Surgery Service, -   , -   , -   ,-,-,0,0
Y60,RL1,THE ROBERT JONES AND AGNES HUNT ORTHOPAEDIC HOSPITAL NHS FOUNDATION TRUST,C_101,Urology Service, -   , -   , -   ,-,-,0,0
Y60,RL1,THE ROBERT JONES AND AGNES HUNT ORTHOPAEDIC HOSPITAL NHS FOUNDATION TRUST,C_110,Trauma and Orthopaedic Service,"11,123","4,928",44.30%,20.2,65.8,"1,712",421
Y60,RL1,THE ROBERT JONES AND AGNES HUNT ORTHOPAEDIC HOSPITAL NHS FOUNDATION TRUST,C_120,Ear Nose and Throat Service, -   , -   , -   ,-,-,0,0
Y60,RL1,THE ROBERT JONES AND AGNES HUNT ORTHOPAEDIC HOSPITAL NHS FOUNDATION TRUST,C_130,Ophthalmology Service, -   , -   , -   ,-,-,0,0
Y60,RL1,THE ROBERT JONES AND AGNES HUNT ORTHOPAEDIC HOSPITAL NHS FOUNDATION TRUST,C_140,Oral Surgery Service, -   , -   , -   ,-,-,0,0
Y60,RL1,THE ROBERT JONES AND AGNES HUNT ORTHOPAEDIC HOSPITAL NHS FOUNDATION TRUST,C_150,Neurosurgical Service, -   , -   , -   ,-,-,0,0
Y60,RL1,THE ROBERT JONES AND AGNES HUNT ORTHOPAEDIC HOSPITAL NHS FOUNDATION TRUST,C_160,Plastic Surgery Service, -   , -   , -   ,-,-,0,0
Y60,RL1,THE ROBERT JONES AND AGNES HUNT ORTHOPAEDIC HOSPITAL NHS FOUNDATION TRUST,C_170,Cardiothoracic Surgery Service, -   , -   , -   ,-,-,0,0
Y60,RL1,THE ROBERT JONES AND AGNES HUNT ORTHOPAEDIC HOSPITAL NHS FOUNDATION TRUST,C_300,General Internal Medicine Service,"1,990","1,547",77.70%,10.8,22.6,5,1
Y60,RL1,THE ROBERT JONES AND AGNES HUNT ORTHOPAEDIC HOSPITAL NHS FOUNDATION TRUST,C_301,Gastroenterology Service, -   , -   , -   ,-,-,0,0
Y60,RL1,THE ROBERT JONES AND AGNES HUNT ORTHOPAEDIC HOSPITAL NHS FOUNDATION TRUST,C_320,Cardiology Service, -   , -   , -   ,-,-,0,0
Y60,RL1,THE ROBERT JONES AND AGNES HUNT ORTHOPAEDIC HOSPITAL NHS FOUNDATION TRUST,C_330,Dermatology Service, -   , -   , -   ,-,-,0,0
Y60,RL1,THE ROBERT JONES AND AGNES HUNT ORTHOPAEDIC HOSPITAL NHS FOUNDATION TRUST,C_340,Respiratory Medicine Service, -   , -   , -   ,-,-,0,0
Y60,RL1,THE ROBERT JONES AND AGNES HUNT ORTHOPAEDIC HOSPITAL NHS FOUNDATION TRUST,C_400,Neurology Service,189,76,40.20%,26,69.6,44,9
Y60,RL1,THE ROBERT JONES AND AGNES HUNT ORTHOPAEDIC HOSPITAL NHS FOUNDATION TRUST,C_410,Rheumatology Service,529,435,82.20%,10.8,22.4,1,1
Y60,RL1,THE ROBERT JONES AND AGNES HUNT ORTHOPAEDIC HOSPITAL NHS FOUNDATION TRUST,C_430,Elderly Medicine Service,32,30,93.80%,7.2,13.4,0,0
Y60,RL1,THE ROBERT JONES AND AGNES HUNT ORTHOPAEDIC HOSPITAL NHS FOUNDATION TRUST,C_502,Gynaecology Service, -   , -   , -   ,-,-,0,0
Y60,RL1,THE ROBERT JONES AND AGNES HUNT ORTHOPAEDIC HOSPITAL NHS FOUNDATION TRUST,X02,Other - Medical Services,35,27,77.10%,12.5,37.2,0,0
Y60,RL1,THE ROBERT JONES AND AGNES HUNT ORTHOPAEDIC HOSPITAL NHS FOUNDATION TRUST,X03,Other - Mental Health Services, -   , -   , -   ,-,-,0,0
Y60,RL1,THE ROBERT JONES AND AGNES HUNT ORTHOPAEDIC HOSPITAL NHS FOUNDATION TRUST,X04,Other - Paediatric Services, -   , -   , -   ,-,-,0,0
Y60,RL1,THE ROBERT JONES AND AGNES HUNT ORTHOPAEDIC HOSPITAL NHS FOUNDATION TRUST,X05,Other - Surgical Services, -   , -   , -   ,-,-,0,0
Y60,RL1,THE ROBERT JONES AND AGNES HUNT ORTHOPAEDIC HOSPITAL NHS FOUNDATION TRUST,X06,Other - Other Services,57,52,91.20%,3.4,19.4,1,0
Y60,RL4,THE ROYAL WOLVERHAMPTON NHS TRUST,C_100,General Surgery Service,"7,019","4,098",58.40%,13.7,49.6,482,98
Y60,RL4,THE ROYAL WOLVERHAMPTON NHS TRUST,C_101,Urology Service,"4,692","2,289",48.80%,18.8,52.6,391,64
Y60,RL4,THE ROYAL WOLVERHAMPTON NHS TRUST,C_110,Trauma and Orthopaedic Service,"6,782","4,537",66.90%,12.2,35.8,138,19
Y60,RL4,THE ROYAL WOLVERHAMPTON NHS TRUST,C_120,Ear Nose and Throat Service,"5,506","2,872",52.20%,16.9,36.3,57,3
Y60,RL4,THE ROYAL WOLVERHAMPTON NHS TRUST,C_130,Ophthalmology Service,"9,166","7,006",76.40%,10.1,29.2,45,1
Y60,RL4,THE ROYAL WOLVERHAMPTON NHS TRUST,C_140,Oral Surgery Service,"3,071","1,551",50.50%,17.6,54.5,298,4
Y60,RL4,THE ROYAL WOLVERHAMPTON NHS TRUST,C_150,Neurosurgical Service, -   , -   , -   ,-,-,0,0
Y60,RL4,THE ROYAL WOLVERHAMPTON NHS TRUST,C_160,Plastic Surgery Service,206,145,70.40%,10.4,53.8,18,3
Y60,RL4,THE ROYAL WOLVERHAMPTON NHS TRUST,C_170,Cardiothoracic Surgery Service,280,232,82.90%,7.8,26.5,4,0
Y60,RL4,THE ROYAL WOLVERHAMPTON NHS TRUST,C_300,General Internal Medicine Service,359,347,96.70%,7.1,13.7,0,0
Y60,RL4,THE ROYAL WOLVERHAMPTON NHS TRUST,C_301,Gastroenterology Service,"3,098","2,099",67.80%,11.9,34.9,15,1
Y60,RL4,THE ROYAL WOLVERHAMPTON NHS TRUST,C_320,Cardiology Service,"6,364","3,363",52.80%,16.5,39.2,143,4
Y60,RL4,THE ROYAL WOLVERHAMPTON NHS TRUST,C_330,Dermatology Service,757,740,97.80%,4.4,14.2,1,0
Y60,RL4,THE ROYAL WOLVERHAMPTON NHS TRUST,C_340,Respiratory Medicine Service,"1,232",994,80.70%,10.3,24.3,0,0
Y60,RL4,THE ROYAL WOLVERHAMPTON NHS TRUST,C_400,Neurology Service,"4,185","2,028",48.50%,18.6,41.4,63,0
Y60,RL4,THE ROYAL WOLVERHAMPTON NHS TRUST,C_410,Rheumatology Service,"2,446","1,654",67.60%,12.5,32.6,0,0
Y60,RL4,THE ROYAL WOLVERHAMPTON NHS TRUST,C_430,Elderly Medicine Service,93,88,94.60%,4.9,15.6,0,0
Y60,RL4,THE ROYAL WOLVERHAMPTON NHS TRUST,C_502,Gynaecology Service,"6,595","2,610",39.60%,23.1,53.8,630,47
Y60,RL4,THE ROYAL WOLVERHAMPTON NHS TRUST,X02,Other - Medical Services,"7,714","5,345",69.30%,12.2,31.8,20,4
Y60,RL4,THE ROYAL WOLVERHAMPTON NHS TRUST,X03,Other - Mental Health Services, -   , -   , -   ,-,-,0,0
Y60,RL4,THE ROYAL WOLVERHAMPTON NHS TRUST,X04,Other - Paediatric Services,"1,395",521,37.30%,23.3,41.8,43,1
Y60,RL4,THE ROYAL WOLVERHAMPTON NHS TRUST,X05,Other - Surgical Services,244,150,61.50%,14.9,51.5,19,2
Y60,RL4,THE ROYAL WOLVERHAMPTON NHS TRUST,X06,Other - Other Services,4,2,50.00%,-,-,0,0
Y60,RLQ,WYE VALLEY NHS TRUST,C_100,General Surgery Service,852,415,48.70%,18.4,53,72,8
Y60,RLQ,WYE VALLEY NHS TRUST,C_101,Urology Service,"1,001",769,76.80%,9.8,36.8,27,3
Y60,RLQ,WYE VALLEY NHS TRUST,C_110,Trauma and Orthopaedic Service,"2,577","1,267",49.20%,18.5,54,248,16
Y60,RLQ,WYE VALLEY NHS TRUST,C_120,Ear Nose and Throat Service,"1,369",881,64.40%,12.9,31.7,10,0
Y60,RLQ,WYE VALLEY NHS TRUST,C_130,Ophthalmology Service,"2,708","1,705",63.00%,13.1,36.3,50,0
Y60,RLQ,WYE VALLEY NHS TRUST,C_140,Oral Surgery Service,625,392,62.70%,14.7,35.9,1,0
Y60,RLQ,WYE VALLEY NHS TRUST,C_150,Neurosurgical Service, -   , -   , -   ,-,-,0,0
Y60,RLQ,WYE VALLEY NHS TRUST,C_160,Plastic Surgery Service,286,149,52.10%,16.8,49.1,19,0
Y60,RLQ,WYE VALLEY NHS TRUST,C_170,Cardiothoracic Surgery Service,17,15,88.20%,-,-,0,0
Y60,RLQ,WYE VALLEY NHS TRUST,C_300,General Internal Medicine Service,30,17,56.70%,17.3,47.6,2,0
Y60,RLQ,WYE VALLEY NHS TRUST,C_301,Gastroenterology Service,"1,398",864,61.80%,13.7,46.5,83,9
Y60,RLQ,WYE VALLEY NHS TRUST,C_320,Cardiology Service,"1,187",656,55.30%,15.4,58,135,14
Y60,RLQ,WYE VALLEY NHS TRUST,C_330,Dermatology Service,"1,140",645,56.60%,14.7,48.4,56,1
Y60,RLQ,WYE VALLEY NHS TRUST,C_340,Respiratory Medicine Service,827,518,62.60%,13.4,50.1,56,7
Y60,RLQ,WYE VALLEY NHS TRUST,C_400,Neurology Service,512,262,51.20%,17.4,44.8,10,1
Y60,RLQ,WYE VALLEY NHS TRUST,C_410,Rheumatology Service,278,214,77.00%,11,26.4,4,0
Y60,RLQ,WYE VALLEY NHS TRUST,C_430,Elderly Medicine Service,117,74,63.20%,12.4,28.5,0,0
Y60,RLQ,WYE VALLEY NHS TRUST,C_502,Gynaecology Service,"1,566",890,56.80%,15,47.7,66,0
Y60,RLQ,WYE VALLEY NHS TRUST,X02,Other - Medical Services,900,780,86.70%,8.1,24.4,5,0
Y60,RLQ,WYE VALLEY NHS TRUST,X03,Other - Mental Health Services, -   , -   , -   ,-,-,0,0
Y60,RLQ,WYE VALLEY NHS TRUST,X04,Other - Paediatric Services,601,297,49.40%,18.2,53,51,0
Y60,RLQ,WYE VALLEY NHS TRUST,X05,Other - Surgical Services,"2,121","1,310",61.80%,12.7,48.5,126,9
Y60,RLQ,WYE VALLEY NHS TRUST,X06,Other - Other Services, -   , -   , -   ,-,-,0,0
Y60,RLT,GEORGE ELIOT HOSPITAL NHS TRUST,C_100,General Surgery Service,"1,861","1,188",63.80%,13.6,36.9,9,0
Y60,RLT,GEORGE ELIOT HOSPITAL NHS TRUST,C_101,Urology Service,986,696,70.60%,11.1,29.9,2,0
Y60,RLT,GEORGE ELIOT HOSPITAL NHS TRUST,C_110,Trauma and Orthopaedic Service,"1,466",939,64.10%,12.1,34.6,5,0
Y60,RLT,GEORGE ELIOT HOSPITAL NHS TRUST,C_120,Ear Nose and Throat Service,313,123,39.30%,21.5,49.3,13,1
Y60,RLT,GEORGE ELIOT HOSPITAL NHS TRUST,C_130,Ophthalmology Service,268,65,24.30%,22.5,38.9,0,0
Y60,RLT,GEORGE ELIOT HOSPITAL NHS TRUST,C_140,Oral Surgery Service,687,362,52.70%,16.5,32.2,0,0
Y60,RLT,GEORGE ELIOT HOSPITAL NHS TRUST,C_150,Neurosurgical Service, -   , -   , -   ,-,-,0,0
Y60,RLT,GEORGE ELIOT HOSPITAL NHS TRUST,C_160,Plastic Surgery Service,304,233,76.60%,8.4,25.6,0,0
Y60,RLT,GEORGE ELIOT HOSPITAL NHS TRUST,C_170,Cardiothoracic Surgery Service, -   , -   , -   ,-,-,0,0
Y60,RLT,GEORGE ELIOT HOSPITAL NHS TRUST,C_300,General Internal Medicine Service,880,725,82.40%,9.8,25.4,1,0
Y60,RLT,GEORGE ELIOT HOSPITAL NHS TRUST,C_301,Gastroenterology Service,617,564,91.40%,8.5,18.3,0,0
Y60,RLT,GEORGE ELIOT HOSPITAL NHS TRUST,C_320,Cardiology Service,"1,049",860,82.00%,10.5,22.7,0,0
Y60,RLT,GEORGE ELIOT HOSPITAL NHS TRUST,C_330,Dermatology Service, -   , -   , -   ,-,-,0,0
Y60,RLT,GEORGE ELIOT HOSPITAL NHS TRUST,C_340,Respiratory Medicine Service,568,475,83.60%,9.9,22.1,0,0
Y60,RLT,GEORGE ELIOT HOSPITAL NHS TRUST,C_400,Neurology Service, -   , -   , -   ,-,-,0,0
Y60,RLT,GEORGE ELIOT HOSPITAL NHS TRUST,C_410,Rheumatology Service,600,476,79.30%,9.3,24.7,0,0
Y60,RLT,GEORGE ELIOT HOSPITAL NHS TRUST,C_430,Elderly Medicine Service,36,34,94.40%,5.9,16.7,0,0
Y60,RLT,GEORGE ELIOT HOSPITAL NHS TRUST,C_502,Gynaecology Service,"1,857","1,152",62.00%,14.3,37.9,26,0
Y60,RLT,GEORGE ELIOT HOSPITAL NHS TRUST,X02,Other - Medical Services,770,755,98.10%,7.6,16.2,0,0
Y60,RLT,GEORGE ELIOT HOSPITAL NHS TRUST,X03,Other - Mental Health Services, -   , -   , -   ,-,-,0,0
Y60,RLT,GEORGE ELIOT HOSPITAL NHS TRUST,X04,Other - Paediatric Services,563,395,70.20%,10.4,36.2,5,0
Y60,RLT,GEORGE ELIOT HOSPITAL NHS TRUST,X05,Other - Surgical Services,696,567,81.50%,5.6,28.1,1,0
Y60,RLT,GEORGE ELIOT HOSPITAL NHS TRUST,X06,Other - Other Services,689,434,63.00%,14.7,41.3,4,0
Y60,RNA,THE DUDLEY GROUP NHS FOUNDATION TRUST,C_100,General Surgery Service,"2,600","1,465",56.30%,15.7,48.4,159,14
Y60,RNA,THE DUDLEY GROUP NHS FOUNDATION TRUST,C_101,Urology Service,"2,916","1,551",53.20%,16.6,47.2,151,9
Y60,RNA,THE DUDLEY GROUP NHS FOUNDATION TRUST,C_110,Trauma and Orthopaedic Service,"4,532","2,739",60.40%,14,44.5,185,3
Y60,RNA,THE DUDLEY GROUP NHS FOUNDATION TRUST,C_120,Ear Nose and Throat Service,"3,453","2,268",65.70%,12.7,38.1,103,5
Y60,RNA,THE DUDLEY GROUP NHS FOUNDATION TRUST,C_130,Ophthalmology Service,"2,904","2,160",74.40%,9.5,30.5,22,0
Y60,RNA,THE DUDLEY GROUP NHS FOUNDATION TRUST,C_140,Oral Surgery Service,"1,258",664,52.80%,16.3,36.3,7,1
Y60,RNA,THE DUDLEY GROUP NHS FOUNDATION TRUST,C_150,Neurosurgical Service, -   , -   , -   ,-,-,0,0
Y60,RNA,THE DUDLEY GROUP NHS FOUNDATION TRUST,C_160,Plastic Surgery Service,"2,006","1,244",62.00%,13.2,49.2,132,20
Y60,RNA,THE DUDLEY GROUP NHS FOUNDATION TRUST,C_170,Cardiothoracic Surgery Service, -   , -   , -   ,-,-,0,0
Y60,RNA,THE DUDLEY GROUP NHS FOUNDATION TRUST,C_300,General Internal Medicine Service, -   , -   , -   ,-,-,0,0
Y60,RNA,THE DUDLEY GROUP NHS FOUNDATION TRUST,C_301,Gastroenterology Service,"3,137","2,030",64.70%,12.1,35.4,7,0
Y60,RNA,THE DUDLEY GROUP NHS FOUNDATION TRUST,C_320,Cardiology Service,"1,382","1,188",86.00%,7.2,24,7,0
Y60,RNA,THE DUDLEY GROUP NHS FOUNDATION TRUST,C_330,Dermatology Service,"2,105","1,466",69.60%,10.9,27.2,5,0
Y60,RNA,THE DUDLEY GROUP NHS FOUNDATION TRUST,C_340,Respiratory Medicine Service,"1,005",864,86.00%,9.1,23,0,0
Y60,RNA,THE DUDLEY GROUP NHS FOUNDATION TRUST,C_400,Neurology Service,"1,430",819,57.30%,16.1,31,4,0
Y60,RNA,THE DUDLEY GROUP NHS FOUNDATION TRUST,C_410,Rheumatology Service,779,706,90.60%,8.2,18.7,0,0
Y60,RNA,THE DUDLEY GROUP NHS FOUNDATION TRUST,C_430,Elderly Medicine Service,138,128,92.80%,7.7,17.7,0,0
Y60,RNA,THE DUDLEY GROUP NHS FOUNDATION TRUST,C_502,Gynaecology Service,"3,469","1,984",57.20%,15.2,43.6,144,3
Y60,RNA,THE DUDLEY GROUP NHS FOUNDATION TRUST,X02,Other - Medical Services,"3,542","2,420",68.30%,12,30,26,1
Y60,RNA,THE DUDLEY GROUP NHS FOUNDATION TRUST,X03,Other - Mental Health Services, -   , -   , -   ,-,-,0,0
Y60,RNA,THE DUDLEY GROUP NHS FOUNDATION TRUST,X04,Other - Paediatric Services,"2,106","1,172",55.70%,15.1,43.1,75,7
Y60,RNA,THE DUDLEY GROUP NHS FOUNDATION TRUST,X05,Other - Surgical Services,"2,835","2,174",76.70%,9.8,28.9,32,2
Y60,RNA,THE DUDLEY GROUP NHS FOUNDATION TRUST,X06,Other - Other Services,"1,302","1,047",80.40%,11.6,20.7,3,0
Y60,RNQ,KETTERING GENERAL HOSPITAL NHS FOUNDATION TRUST,C_100,General Surgery Service,"1,522","1,027",67.50%,12,32.7,13,5
Y60,RNQ,KETTERING GENERAL HOSPITAL NHS FOUNDATION TRUST,C_101,Urology Service,"1,361",984,72.30%,9.4,34.4,5,0
Y60,RNQ,KETTERING GENERAL HOSPITAL NHS FOUNDATION TRUST,C_110,Trauma and Orthopaedic Service,"2,258","1,487",65.90%,12.3,34.3,18,0
Y60,RNQ,KETTERING GENERAL HOSPITAL NHS FOUNDATION TRUST,C_120,Ear Nose and Throat Service,"2,804","1,583",56.50%,15.8,35.2,22,2
Y60,RNQ,KETTERING GENERAL HOSPITAL NHS FOUNDATION TRUST,C_130,Ophthalmology Service,"2,520","1,701",67.50%,12.2,33.7,0,0
Y60,RNQ,KETTERING GENERAL HOSPITAL NHS FOUNDATION TRUST,C_140,Oral Surgery Service,"1,736",944,54.40%,16.2,39,32,0
Y60,RNQ,KETTERING GENERAL HOSPITAL NHS FOUNDATION TRUST,C_150,Neurosurgical Service, -   , -   , -   ,-,-,0,0
Y60,RNQ,KETTERING GENERAL HOSPITAL NHS FOUNDATION TRUST,C_160,Plastic Surgery Service,152,106,69.70%,12.6,28.9,4,2
Y60,RNQ,KETTERING GENERAL HOSPITAL NHS FOUNDATION TRUST,C_170,Cardiothoracic Surgery Service, -   , -   , -   ,-,-,0,0
Y60,RNQ,KETTERING GENERAL HOSPITAL NHS FOUNDATION TRUST,C_300,General Internal Medicine Service,2,2,100.00%,-,-,0,0
Y60,RNQ,KETTERING GENERAL HOSPITAL NHS FOUNDATION TRUST,C_301,Gastroenterology Service,"1,514","1,106",73.10%,10.3,32.3,1,0
Y60,RNQ,KETTERING GENERAL HOSPITAL NHS FOUNDATION TRUST,C_320,Cardiology Service,"1,696","1,232",72.60%,11.7,29.1,1,0
Y60,RNQ,KETTERING GENERAL HOSPITAL NHS FOUNDATION TRUST,C_330,Dermatology Service,"1,815","1,069",58.90%,14,33.4,0,0
Y60,RNQ,KETTERING GENERAL HOSPITAL NHS FOUNDATION TRUST,C_340,Respiratory Medicine Service,"1,401",724,51.70%,16.7,36.7,0,0
Y60,RNQ,KETTERING GENERAL HOSPITAL NHS FOUNDATION TRUST,C_400,Neurology Service,746,362,48.50%,18.4,37.3,0,0
Y60,RNQ,KETTERING GENERAL HOSPITAL NHS FOUNDATION TRUST,C_410,Rheumatology Service,740,572,77.30%,11.4,27.2,0,0
Y60,RNQ,KETTERING GENERAL HOSPITAL NHS FOUNDATION TRUST,C_430,Elderly Medicine Service,155,128,82.60%,11.3,20.9,0,0
Y60,RNQ,KETTERING GENERAL HOSPITAL NHS FOUNDATION TRUST,C_502,Gynaecology Service,"1,536","1,222",79.60%,8.4,25.4,0,0
Y60,RNQ,KETTERING GENERAL HOSPITAL NHS FOUNDATION TRUST,X02,Other - Medical Services,"2,929","1,898",64.80%,12.8,30,1,0
Y60,RNQ,KETTERING GENERAL HOSPITAL NHS FOUNDATION TRUST,X03,Other - Mental Health Services, -   , -   , -   ,-,-,0,0
Y60,RNQ,KETTERING GENERAL HOSPITAL NHS FOUNDATION TRUST,X04,Other - Paediatric Services,346,247,71.40%,10.9,36.3,3,0
Y60,RNQ,KETTERING GENERAL HOSPITAL NHS FOUNDATION TRUST,X05,Other - Surgical Services,"1,615","1,181",73.10%,11.4,29.8,3,0
Y60,RNQ,KETTERING GENERAL HOSPITAL NHS FOUNDATION TRUST,X06,Other - Other Services,18,18,100.00%,-,-,0,0
Y60,RNS,NORTHAMPTON GENERAL HOSPITAL NHS TRUST,C_100,General Surgery Service,"2,542","1,696",66.70%,12.2,33,14,10
Y60,RNS,NORTHAMPTON GENERAL HOSPITAL NHS TRUST,C_101,Urology Service,"1,307",851,65.10%,11.7,37.2,3,0
Y60,RNS,NORTHAMPTON GENERAL HOSPITAL NHS TRUST,C_110,Trauma and Orthopaedic Service,"2,943","1,622",55.10%,15.5,43.6,102,0
Y60,RNS,NORTHAMPTON GENERAL HOSPITAL NHS TRUST,C_120,Ear Nose and Throat Service,"4,013","1,903",47.40%,19,36.8,19,14
Y60,RNS,NORTHAMPTON GENERAL HOSPITAL NHS TRUST,C_130,Ophthalmology Service,"2,076","1,865",89.80%,6.8,19.8,0,0
Y60,RNS,NORTHAMPTON GENERAL HOSPITAL NHS TRUST,C_140,Oral Surgery Service,"1,568",903,57.60%,14.7,40.1,6,0
Y60,RNS,NORTHAMPTON GENERAL HOSPITAL NHS TRUST,C_150,Neurosurgical Service,83,61,73.50%,11.3,27.1,0,0
Y60,RNS,NORTHAMPTON GENERAL HOSPITAL NHS TRUST,C_160,Plastic Surgery Service,207,197,95.20%,6.3,16.4,0,0
Y60,RNS,NORTHAMPTON GENERAL HOSPITAL NHS TRUST,C_170,Cardiothoracic Surgery Service,17,15,88.20%,-,-,0,0
Y60,RNS,NORTHAMPTON GENERAL HOSPITAL NHS TRUST,C_300,General Internal Medicine Service,524,518,98.90%,5.1,13.1,0,0
Y60,RNS,NORTHAMPTON GENERAL HOSPITAL NHS TRUST,C_301,Gastroenterology Service,"2,601","1,807",69.50%,12.6,29.5,1,0
Y60,RNS,NORTHAMPTON GENERAL HOSPITAL NHS TRUST,C_320,Cardiology Service,"2,566","1,807",70.40%,12.4,31.4,8,0
Y60,RNS,NORTHAMPTON GENERAL HOSPITAL NHS TRUST,C_330,Dermatology Service,"2,961","2,283",77.10%,9.4,23.6,0,0
Y60,RNS,NORTHAMPTON GENERAL HOSPITAL NHS TRUST,C_340,Respiratory Medicine Service,"1,325","1,151",86.90%,8.9,21.1,0,0
Y60,RNS,NORTHAMPTON GENERAL HOSPITAL NHS TRUST,C_400,Neurology Service,783,709,90.50%,6.8,18.6,0,0
Y60,RNS,NORTHAMPTON GENERAL HOSPITAL NHS TRUST,C_410,Rheumatology Service,713,600,84.20%,10,20.2,0,0
Y60,RNS,NORTHAMPTON GENERAL HOSPITAL NHS TRUST,C_430,Elderly Medicine Service,137,108,78.80%,9.4,27,0,0
Y60,RNS,NORTHAMPTON GENERAL HOSPITAL NHS TRUST,C_502,Gynaecology Service,"2,377","1,873",78.80%,9.6,29.8,14,0
Y60,RNS,NORTHAMPTON GENERAL HOSPITAL NHS TRUST,X02,Other - Medical Services,"2,285","1,881",82.30%,8.9,24,0,0
Y60,RNS,NORTHAMPTON GENERAL HOSPITAL NHS TRUST,X03,Other - Mental Health Services, -   , -   , -   ,-,-,0,0
Y60,RNS,NORTHAMPTON GENERAL HOSPITAL NHS TRUST,X04,Other - Paediatric Services,456,272,59.60%,13,41.4,3,0
Y60,RNS,NORTHAMPTON GENERAL HOSPITAL NHS TRUST,X05,Other - Surgical Services,837,577,68.90%,12.8,31.1,4,1
Y60,RNS,NORTHAMPTON GENERAL HOSPITAL NHS TRUST,X06,Other - Other Services,423,413,97.60%,5,14.9,0,0
Y60,RP1,NORTHAMPTONSHIRE HEALTHCARE NHS FOUNDATION TRUST,C_100,General Surgery Service, -   , -   , -   ,-,-,0,0
Y60,RP1,NORTHAMPTONSHIRE HEALTHCARE NHS FOUNDATION TRUST,C_101,Urology Service, -   , -   , -   ,-,-,0,0
Y60,RP1,NORTHAMPTONSHIRE HEALTHCARE NHS FOUNDATION TRUST,C_110,Trauma and Orthopaedic Service, -   , -   , -   ,-,-,0,0
Y60,RP1,NORTHAMPTONSHIRE HEALTHCARE NHS FOUNDATION TRUST,C_120,Ear Nose and Throat Service, -   , -   , -   ,-,-,0,0
Y60,RP1,NORTHAMPTONSHIRE HEALTHCARE NHS FOUNDATION TRUST,C_130,Ophthalmology Service, -   , -   , -   ,-,-,0,0
Y60,RP1,NORTHAMPTONSHIRE HEALTHCARE NHS FOUNDATION TRUST,C_140,Oral Surgery Service, -   , -   , -   ,-,-,0,0
Y60,RP1,NORTHAMPTONSHIRE HEALTHCARE NHS FOUNDATION TRUST,C_150,Neurosurgical Service, -   , -   , -   ,-,-,0,0
Y60,RP1,NORTHAMPTONSHIRE HEALTHCARE NHS FOUNDATION TRUST,C_160,Plastic Surgery Service, -   , -   , -   ,-,-,0,0
Y60,RP1,NORTHAMPTONSHIRE HEALTHCARE NHS FOUNDATION TRUST,C_170,Cardiothoracic Surgery Service, -   , -   , -   ,-,-,0,0
Y60,RP1,NORTHAMPTONSHIRE HEALTHCARE NHS FOUNDATION TRUST,C_300,General Internal Medicine Service, -   , -   , -   ,-,-,0,0
Y60,RP1,NORTHAMPTONSHIRE HEALTHCARE NHS FOUNDATION TRUST,C_301,Gastroenterology Service, -   , -   , -   ,-,-,0,0
Y60,RP1,NORTHAMPTONSHIRE HEALTHCARE NHS FOUNDATION TRUST,C_320,Cardiology Service, -   , -   , -   ,-,-,0,0
Y60,RP1,NORTHAMPTONSHIRE HEALTHCARE NHS FOUNDATION TRUST,C_330,Dermatology Service, -   , -   , -   ,-,-,0,0
Y60,RP1,NORTHAMPTONSHIRE HEALTHCARE NHS FOUNDATION TRUST,C_340,Respiratory Medicine Service, -   , -   , -   ,-,-,0,0
Y60,RP1,NORTHAMPTONSHIRE HEALTHCARE NHS FOUNDATION TRUST,C_400,Neurology Service, -   , -   , -   ,-,-,0,0
Y60,RP1,NORTHAMPTONSHIRE HEALTHCARE NHS FOUNDATION TRUST,C_410,Rheumatology Service, -   , -   , -   ,-,-,0,0
Y60,RP1,NORTHAMPTONSHIRE HEALTHCARE NHS FOUNDATION TRUST,C_430,Elderly Medicine Service, -   , -   , -   ,-,-,0,0
Y60,RP1,NORTHAMPTONSHIRE HEALTHCARE NHS FOUNDATION TRUST,C_502,Gynaecology Service, -   , -   , -   ,-,-,0,0
Y60,RP1,NORTHAMPTONSHIRE HEALTHCARE NHS FOUNDATION TRUST,X02,Other - Medical Services, -   , -   , -   ,-,-,0,0
Y60,RP1,NORTHAMPTONSHIRE HEALTHCARE NHS FOUNDATION TRUST,X03,Other - Mental Health Services, -   , -   , -   ,-,-,0,0
Y60,RP1,NORTHAMPTONSHIRE HEALTHCARE NHS FOUNDATION TRUST,X04,Other - Paediatric Services,175,163,93.10%,8.6,17,1,0
Y60,RP1,NORTHAMPTONSHIRE HEALTHCARE NHS FOUNDATION TRUST,X05,Other - Surgical Services, -   , -   , -   ,-,-,0,0
Y60,RP1,NORTHAMPTONSHIRE HEALTHCARE NHS FOUNDATION TRUST,X06,Other - Other Services,13,13,100.00%,-,-,0,0
Y60,RP7,LINCOLNSHIRE PARTNERSHIP NHS FOUNDATION TRUST,C_100,General Surgery Service, -   , -   , -   ,-,-,0,0
Y60,RP7,LINCOLNSHIRE PARTNERSHIP NHS FOUNDATION TRUST,C_101,Urology Service, -   , -   , -   ,-,-,0,0
Y60,RP7,LINCOLNSHIRE PARTNERSHIP NHS FOUNDATION TRUST,C_110,Trauma and Orthopaedic Service, -   , -   , -   ,-,-,0,0
Y60,RP7,LINCOLNSHIRE PARTNERSHIP NHS FOUNDATION TRUST,C_120,Ear Nose and Throat Service, -   , -   , -   ,-,-,0,0
Y60,RP7,LINCOLNSHIRE PARTNERSHIP NHS FOUNDATION TRUST,C_130,Ophthalmology Service, -   , -   , -   ,-,-,0,0
Y60,RP7,LINCOLNSHIRE PARTNERSHIP NHS FOUNDATION TRUST,C_140,Oral Surgery Service, -   , -   , -   ,-,-,0,0
Y60,RP7,LINCOLNSHIRE PARTNERSHIP NHS FOUNDATION TRUST,C_150,Neurosurgical Service, -   , -   , -   ,-,-,0,0
Y60,RP7,LINCOLNSHIRE PARTNERSHIP NHS FOUNDATION TRUST,C_160,Plastic Surgery Service, -   , -   , -   ,-,-,0,0
Y60,RP7,LINCOLNSHIRE PARTNERSHIP NHS FOUNDATION TRUST,C_170,Cardiothoracic Surgery Service, -   , -   , -   ,-,-,0,0
Y60,RP7,LINCOLNSHIRE PARTNERSHIP NHS FOUNDATION TRUST,C_300,General Internal Medicine Service, -   , -   , -   ,-,-,0,0
Y60,RP7,LINCOLNSHIRE PARTNERSHIP NHS FOUNDATION TRUST,C_301,Gastroenterology Service, -   , -   , -   ,-,-,0,0
Y60,RP7,LINCOLNSHIRE PARTNERSHIP NHS FOUNDATION TRUST,C_320,Cardiology Service, -   , -   , -   ,-,-,0,0
Y60,RP7,LINCOLNSHIRE PARTNERSHIP NHS FOUNDATION TRUST,C_330,Dermatology Service, -   , -   , -   ,-,-,0,0
Y60,RP7,LINCOLNSHIRE PARTNERSHIP NHS FOUNDATION TRUST,C_340,Respiratory Medicine Service, -   , -   , -   ,-,-,0,0
Y60,RP7,LINCOLNSHIRE PARTNERSHIP NHS FOUNDATION TRUST,C_400,Neurology Service, -   , -   , -   ,-,-,0,0
Y60,RP7,LINCOLNSHIRE PARTNERSHIP NHS FOUNDATION TRUST,C_410,Rheumatology Service, -   , -   , -   ,-,-,0,0
Y60,RP7,LINCOLNSHIRE PARTNERSHIP NHS FOUNDATION TRUST,C_430,Elderly Medicine Service, -   , -   , -   ,-,-,0,0
Y60,RP7,LINCOLNSHIRE PARTNERSHIP NHS FOUNDATION TRUST,C_502,Gynaecology Service, -   , -   , -   ,-,-,0,0
Y60,RP7,LINCOLNSHIRE PARTNERSHIP NHS FOUNDATION TRUST,X02,Other - Medical Services,1,1,100.00%,-,-,0,0
Y60,RP7,LINCOLNSHIRE PARTNERSHIP NHS FOUNDATION TRUST,X03,Other - Mental Health Services,259,238,91.90%,7.5,18.1,0,0
Y60,RP7,LINCOLNSHIRE PARTNERSHIP NHS FOUNDATION TRUST,X04,Other - Paediatric Services, -   , -   , -   ,-,-,0,0
Y60,RP7,LINCOLNSHIRE PARTNERSHIP NHS FOUNDATION TRUST,X05,Other - Surgical Services, -   , -   , -   ,-,-,0,0
Y60,RP7,LINCOLNSHIRE PARTNERSHIP NHS FOUNDATION TRUST,X06,Other - Other Services, -   , -   , -   ,-,-,0,0
Y60,RQ3,BIRMINGHAM WOMEN'S AND CHILDREN'S NHS FOUNDATION TRUST,C_100,General Surgery Service, -   , -   , -   ,-,-,0,0
Y60,RQ3,BIRMINGHAM WOMEN'S AND CHILDREN'S NHS FOUNDATION TRUST,C_101,Urology Service, -   , -   , -   ,-,-,0,0
Y60,RQ3,BIRMINGHAM WOMEN'S AND CHILDREN'S NHS FOUNDATION TRUST,C_110,Trauma and Orthopaedic Service, -   , -   , -   ,-,-,0,0
Y60,RQ3,BIRMINGHAM WOMEN'S AND CHILDREN'S NHS FOUNDATION TRUST,C_120,Ear Nose and Throat Service, -   , -   , -   ,-,-,0,0
Y60,RQ3,BIRMINGHAM WOMEN'S AND CHILDREN'S NHS FOUNDATION TRUST,C_130,Ophthalmology Service, -   , -   , -   ,-,-,0,0
Y60,RQ3,BIRMINGHAM WOMEN'S AND CHILDREN'S NHS FOUNDATION TRUST,C_140,Oral Surgery Service, -   , -   , -   ,-,-,0,0
Y60,RQ3,BIRMINGHAM WOMEN'S AND CHILDREN'S NHS FOUNDATION TRUST,C_150,Neurosurgical Service, -   , -   , -   ,-,-,0,0
Y60,RQ3,BIRMINGHAM WOMEN'S AND CHILDREN'S NHS FOUNDATION TRUST,C_160,Plastic Surgery Service, -   , -   , -   ,-,-,0,0
Y60,RQ3,BIRMINGHAM WOMEN'S AND CHILDREN'S NHS FOUNDATION TRUST,C_170,Cardiothoracic Surgery Service, -   , -   , -   ,-,-,0,0
Y60,RQ3,BIRMINGHAM WOMEN'S AND CHILDREN'S NHS FOUNDATION TRUST,C_300,General Internal Medicine Service, -   , -   , -   ,-,-,0,0
Y60,RQ3,BIRMINGHAM WOMEN'S AND CHILDREN'S NHS FOUNDATION TRUST,C_301,Gastroenterology Service, -   , -   , -   ,-,-,0,0
Y60,RQ3,BIRMINGHAM WOMEN'S AND CHILDREN'S NHS FOUNDATION TRUST,C_320,Cardiology Service, -   , -   , -   ,-,-,0,0
Y60,RQ3,BIRMINGHAM WOMEN'S AND CHILDREN'S NHS FOUNDATION TRUST,C_330,Dermatology Service, -   , -   , -   ,-,-,0,0
Y60,RQ3,BIRMINGHAM WOMEN'S AND CHILDREN'S NHS FOUNDATION TRUST,C_340,Respiratory Medicine Service, -   , -   , -   ,-,-,0,0
Y60,RQ3,BIRMINGHAM WOMEN'S AND CHILDREN'S NHS FOUNDATION TRUST,C_400,Neurology Service, -   , -   , -   ,-,-,0,0
Y60,RQ3,BIRMINGHAM WOMEN'S AND CHILDREN'S NHS FOUNDATION TRUST,C_410,Rheumatology Service, -   , -   , -   ,-,-,0,0
Y60,RQ3,BIRMINGHAM WOMEN'S AND CHILDREN'S NHS FOUNDATION TRUST,C_430,Elderly Medicine Service, -   , -   , -   ,-,-,0,0
Y60,RQ3,BIRMINGHAM WOMEN'S AND CHILDREN'S NHS FOUNDATION TRUST,C_502,Gynaecology Service,"9,924","6,629",66.80%,12.1,35.3,271,14
Y60,RQ3,BIRMINGHAM WOMEN'S AND CHILDREN'S NHS FOUNDATION TRUST,X02,Other - Medical Services, -   , -   , -   ,-,-,0,0
Y60,RQ3,BIRMINGHAM WOMEN'S AND CHILDREN'S NHS FOUNDATION TRUST,X03,Other - Mental Health Services, -   , -   , -   ,-,-,0,0
Y60,RQ3,BIRMINGHAM WOMEN'S AND CHILDREN'S NHS FOUNDATION TRUST,X04,Other - Paediatric Services,"13,812","8,781",63.60%,13.2,41.2,510,83
Y60,RQ3,BIRMINGHAM WOMEN'S AND CHILDREN'S NHS FOUNDATION TRUST,X05,Other - Surgical Services, -   , -   , -   ,-,-,0,0
Y60,RQ3,BIRMINGHAM WOMEN'S AND CHILDREN'S NHS FOUNDATION TRUST,X06,Other - Other Services,"2,942","2,720",92.50%,7.6,17.8,0,0
Y60,RRE,MIDLANDS PARTNERSHIP NHS FOUNDATION TRUST,C_100,General Surgery Service, -   , -   , -   ,-,-,0,0
Y60,RRE,MIDLANDS PARTNERSHIP NHS FOUNDATION TRUST,C_101,Urology Service, -   , -   , -   ,-,-,0,0
Y60,RRE,MIDLANDS PARTNERSHIP NHS FOUNDATION TRUST,C_110,Trauma and Orthopaedic Service, -   , -   , -   ,-,-,0,0
Y60,RRE,MIDLANDS PARTNERSHIP NHS FOUNDATION TRUST,C_120,Ear Nose and Throat Service, -   , -   , -   ,-,-,0,0
Y60,RRE,MIDLANDS PARTNERSHIP NHS FOUNDATION TRUST,C_130,Ophthalmology Service, -   , -   , -   ,-,-,0,0
Y60,RRE,MIDLANDS PARTNERSHIP NHS FOUNDATION TRUST,C_140,Oral Surgery Service, -   , -   , -   ,-,-,0,0
Y60,RRE,MIDLANDS PARTNERSHIP NHS FOUNDATION TRUST,C_150,Neurosurgical Service, -   , -   , -   ,-,-,0,0
Y60,RRE,MIDLANDS PARTNERSHIP NHS FOUNDATION TRUST,C_160,Plastic Surgery Service, -   , -   , -   ,-,-,0,0
Y60,RRE,MIDLANDS PARTNERSHIP NHS FOUNDATION TRUST,C_170,Cardiothoracic Surgery Service, -   , -   , -   ,-,-,0,0
Y60,RRE,MIDLANDS PARTNERSHIP NHS FOUNDATION TRUST,C_300,General Internal Medicine Service, -   , -   , -   ,-,-,0,0
Y60,RRE,MIDLANDS PARTNERSHIP NHS FOUNDATION TRUST,C_301,Gastroenterology Service, -   , -   , -   ,-,-,0,0
Y60,RRE,MIDLANDS PARTNERSHIP NHS FOUNDATION TRUST,C_320,Cardiology Service, -   , -   , -   ,-,-,0,0
Y60,RRE,MIDLANDS PARTNERSHIP NHS FOUNDATION TRUST,C_330,Dermatology Service, -   , -   , -   ,-,-,0,0
Y60,RRE,MIDLANDS PARTNERSHIP NHS FOUNDATION TRUST,C_340,Respiratory Medicine Service, -   , -   , -   ,-,-,0,0
Y60,RRE,MIDLANDS PARTNERSHIP NHS FOUNDATION TRUST,C_400,Neurology Service,71,46,64.80%,15,24.3,0,0
Y60,RRE,MIDLANDS PARTNERSHIP NHS FOUNDATION TRUST,C_410,Rheumatology Service,"5,671","3,772",66.50%,4.7,34.5,0,0
Y60,RRE,MIDLANDS PARTNERSHIP NHS FOUNDATION TRUST,C_430,Elderly Medicine Service,65,44,67.70%,13.8,31.8,0,0
Y60,RRE,MIDLANDS PARTNERSHIP NHS FOUNDATION TRUST,C_502,Gynaecology Service, -   , -   , -   ,-,-,0,0
Y60,RRE,MIDLANDS PARTNERSHIP NHS FOUNDATION TRUST,X02,Other - Medical Services,32,30,93.80%,7.8,15.4,0,0
Y60,RRE,MIDLANDS PARTNERSHIP NHS FOUNDATION TRUST,X03,Other - Mental Health Services, -   , -   , -   ,-,-,0,0
Y60,RRE,MIDLANDS PARTNERSHIP NHS FOUNDATION TRUST,X04,Other - Paediatric Services, -   , -   , -   ,-,-,0,0
Y60,RRE,MIDLANDS PARTNERSHIP NHS FOUNDATION TRUST,X05,Other - Surgical Services, -   , -   , -   ,-,-,0,0
Y60,RRE,MIDLANDS PARTNERSHIP NHS FOUNDATION TRUST,X06,Other - Other Services,"1,295","1,293",99.80%,2.5,8,0,0
Y60,RRJ,THE ROYAL ORTHOPAEDIC HOSPITAL NHS FOUNDATION TRUST,C_100,General Surgery Service, -   , -   , -   ,-,-,0,0
Y60,RRJ,THE ROYAL ORTHOPAEDIC HOSPITAL NHS FOUNDATION TRUST,C_101,Urology Service, -   , -   , -   ,-,-,0,0
Y60,RRJ,THE ROYAL ORTHOPAEDIC HOSPITAL NHS FOUNDATION TRUST,C_110,Trauma and Orthopaedic Service,"11,404","7,400",64.90%,12.6,42.6,676,0
Y60,RRJ,THE ROYAL ORTHOPAEDIC HOSPITAL NHS FOUNDATION TRUST,C_120,Ear Nose and Throat Service, -   , -   , -   ,-,-,0,0
Y60,RRJ,THE ROYAL ORTHOPAEDIC HOSPITAL NHS FOUNDATION TRUST,C_130,Ophthalmology Service, -   , -   , -   ,-,-,0,0
Y60,RRJ,THE ROYAL ORTHOPAEDIC HOSPITAL NHS FOUNDATION TRUST,C_140,Oral Surgery Service, -   , -   , -   ,-,-,0,0
Y60,RRJ,THE ROYAL ORTHOPAEDIC HOSPITAL NHS FOUNDATION TRUST,C_150,Neurosurgical Service, -   , -   , -   ,-,-,0,0
Y60,RRJ,THE ROYAL ORTHOPAEDIC HOSPITAL NHS FOUNDATION TRUST,C_160,Plastic Surgery Service, -   , -   , -   ,-,-,0,0
Y60,RRJ,THE ROYAL ORTHOPAEDIC HOSPITAL NHS FOUNDATION TRUST,C_170,Cardiothoracic Surgery Service, -   , -   , -   ,-,-,0,0
Y60,RRJ,THE ROYAL ORTHOPAEDIC HOSPITAL NHS FOUNDATION TRUST,C_300,General Internal Medicine Service,320,233,72.80%,14.6,25.1,0,0
Y60,RRJ,THE ROYAL ORTHOPAEDIC HOSPITAL NHS FOUNDATION TRUST,C_301,Gastroenterology Service, -   , -   , -   ,-,-,0,0
Y60,RRJ,THE ROYAL ORTHOPAEDIC HOSPITAL NHS FOUNDATION TRUST,C_320,Cardiology Service, -   , -   , -   ,-,-,0,0
Y60,RRJ,THE ROYAL ORTHOPAEDIC HOSPITAL NHS FOUNDATION TRUST,C_330,Dermatology Service, -   , -   , -   ,-,-,0,0
Y60,RRJ,THE ROYAL ORTHOPAEDIC HOSPITAL NHS FOUNDATION TRUST,C_340,Respiratory Medicine Service, -   , -   , -   ,-,-,0,0
Y60,RRJ,THE ROYAL ORTHOPAEDIC HOSPITAL NHS FOUNDATION TRUST,C_400,Neurology Service, -   , -   , -   ,-,-,0,0
Y60,RRJ,THE ROYAL ORTHOPAEDIC HOSPITAL NHS FOUNDATION TRUST,C_410,Rheumatology Service, -   , -   , -   ,-,-,0,0
Y60,RRJ,THE ROYAL ORTHOPAEDIC HOSPITAL NHS FOUNDATION TRUST,C_430,Elderly Medicine Service, -   , -   , -   ,-,-,0,0
Y60,RRJ,THE ROYAL ORTHOPAEDIC HOSPITAL NHS FOUNDATION TRUST,C_502,Gynaecology Service, -   , -   , -   ,-,-,0,0
Y60,RRJ,THE ROYAL ORTHOPAEDIC HOSPITAL NHS FOUNDATION TRUST,X02,Other - Medical Services,603,470,77.90%,11.1,25,0,0
Y60,RRJ,THE ROYAL ORTHOPAEDIC HOSPITAL NHS FOUNDATION TRUST,X03,Other - Mental Health Services, -   , -   , -   ,-,-,0,0
Y60,RRJ,THE ROYAL ORTHOPAEDIC HOSPITAL NHS FOUNDATION TRUST,X04,Other - Paediatric Services, -   , -   , -   ,-,-,0,0
Y60,RRJ,THE ROYAL ORTHOPAEDIC HOSPITAL NHS FOUNDATION TRUST,X05,Other - Surgical Services, -   , -   , -   ,-,-,0,0
Y60,RRJ,THE ROYAL ORTHOPAEDIC HOSPITAL NHS FOUNDATION TRUST,X06,Other - Other Services,246,212,86.20%,8.4,21.1,0,0
Y60,RRK,UNIVERSITY HOSPITALS BIRMINGHAM NHS FOUNDATION TRUST,C_100,General Surgery Service,"11,408","4,067",35.70%,27.3,69.1,"2,192",551
Y60,RRK,UNIVERSITY HOSPITALS BIRMINGHAM NHS FOUNDATION TRUST,C_101,Urology Service,"12,256","3,880",31.70%,30.7,77.8,"3,364",965
Y60,RRK,UNIVERSITY HOSPITALS BIRMINGHAM NHS FOUNDATION TRUST,C_110,Trauma and Orthopaedic Service,"11,826","3,706",31.30%,33.1,75.1,"3,616",666
Y60,RRK,UNIVERSITY HOSPITALS BIRMINGHAM NHS FOUNDATION TRUST,C_120,Ear Nose and Throat Service,"21,351","6,115",28.60%,32,72.7,"5,542","1,139"
Y60,RRK,UNIVERSITY HOSPITALS BIRMINGHAM NHS FOUNDATION TRUST,C_130,Ophthalmology Service,"13,895","5,482",39.50%,25.1,71.8,"2,802",785
Y60,RRK,UNIVERSITY HOSPITALS BIRMINGHAM NHS FOUNDATION TRUST,C_140,Oral Surgery Service,"4,475","1,000",22.30%,44.3,86.8,"1,922",811
Y60,RRK,UNIVERSITY HOSPITALS BIRMINGHAM NHS FOUNDATION TRUST,C_150,Neurosurgical Service,"1,266",746,58.90%,14.1,52,101,21
Y60,RRK,UNIVERSITY HOSPITALS BIRMINGHAM NHS FOUNDATION TRUST,C_160,Plastic Surgery Service,"1,298",504,38.80%,24.2,81,330,120
Y60,RRK,UNIVERSITY HOSPITALS BIRMINGHAM NHS FOUNDATION TRUST,C_170,Cardiothoracic Surgery Service,176,104,59.10%,14.3,42.2,8,2
Y60,RRK,UNIVERSITY HOSPITALS BIRMINGHAM NHS FOUNDATION TRUST,C_300,General Internal Medicine Service,397,274,69.00%,12.3,29.9,1,1
Y60,RRK,UNIVERSITY HOSPITALS BIRMINGHAM NHS FOUNDATION TRUST,C_301,Gastroenterology Service,"12,642","5,578",44.10%,20.8,66,"1,866",524
Y60,RRK,UNIVERSITY HOSPITALS BIRMINGHAM NHS FOUNDATION TRUST,C_320,Cardiology Service,"6,854","4,480",65.40%,12.1,35.2,89,6
Y60,RRK,UNIVERSITY HOSPITALS BIRMINGHAM NHS FOUNDATION TRUST,C_330,Dermatology Service,"9,648","3,729",38.70%,25.1,69.2,"1,906",402
Y60,RRK,UNIVERSITY HOSPITALS BIRMINGHAM NHS FOUNDATION TRUST,C_340,Respiratory Medicine Service,"4,496","2,330",51.80%,17.1,43.4,122,4
Y60,RRK,UNIVERSITY HOSPITALS BIRMINGHAM NHS FOUNDATION TRUST,C_400,Neurology Service,"7,048","1,831",26.00%,32.7,76,"1,791",526
Y60,RRK,UNIVERSITY HOSPITALS BIRMINGHAM NHS FOUNDATION TRUST,C_410,Rheumatology Service,"1,833",711,38.80%,21.6,54.4,179,0
Y60,RRK,UNIVERSITY HOSPITALS BIRMINGHAM NHS FOUNDATION TRUST,C_430,Elderly Medicine Service,297,243,81.80%,8.6,25.6,2,0
Y60,RRK,UNIVERSITY HOSPITALS BIRMINGHAM NHS FOUNDATION TRUST,C_502,Gynaecology Service,"11,057","3,577",32.40%,29,75.2,"2,758",722
Y60,RRK,UNIVERSITY HOSPITALS BIRMINGHAM NHS FOUNDATION TRUST,X02,Other - Medical Services,"12,701","7,761",61.10%,13.3,49.9,890,40
Y60,RRK,UNIVERSITY HOSPITALS BIRMINGHAM NHS FOUNDATION TRUST,X03,Other - Mental Health Services,1, -   , -   ,-,-,0,0
Y60,RRK,UNIVERSITY HOSPITALS BIRMINGHAM NHS FOUNDATION TRUST,X04,Other - Paediatric Services,"3,635","1,610",44.30%,20.6,74.7,710,249
Y60,RRK,UNIVERSITY HOSPITALS BIRMINGHAM NHS FOUNDATION TRUST,X05,Other - Surgical Services,"9,293","4,084",43.90%,21.5,65.4,"1,598",219
Y60,RRK,UNIVERSITY HOSPITALS BIRMINGHAM NHS FOUNDATION TRUST,X06,Other - Other Services,"1,932","1,348",69.80%,9.9,39.5,57,27
Y60,RTG,UNIVERSITY HOSPITALS OF DERBY AND BURTON NHS FOUNDATION TRUST,C_100,General Surgery Service,"5,608","3,248",57.90%,14.7,52.9,471,95
Y60,RTG,UNIVERSITY HOSPITALS OF DERBY AND BURTON NHS FOUNDATION TRUST,C_101,Urology Service,"4,041","2,521",62.40%,13.1,42.3,157,8
Y60,RTG,UNIVERSITY HOSPITALS OF DERBY AND BURTON NHS FOUNDATION TRUST,C_110,Trauma and Orthopaedic Service,"16,077","7,801",48.50%,18.6,55.7,"1,590",278
Y60,RTG,UNIVERSITY HOSPITALS OF DERBY AND BURTON NHS FOUNDATION TRUST,C_120,Ear Nose and Throat Service,"8,416","4,631",55.00%,15.8,38.6,201,10
Y60,RTG,UNIVERSITY HOSPITALS OF DERBY AND BURTON NHS FOUNDATION TRUST,C_130,Ophthalmology Service,"13,683","5,743",42.00%,22.7,67.3,"2,456",392
Y60,RTG,UNIVERSITY HOSPITALS OF DERBY AND BURTON NHS FOUNDATION TRUST,C_140,Oral Surgery Service,"2,081","1,173",56.40%,15.7,46.7,98,14
Y60,RTG,UNIVERSITY HOSPITALS OF DERBY AND BURTON NHS FOUNDATION TRUST,C_150,Neurosurgical Service,152,104,68.40%,11.6,31,0,0
Y60,RTG,UNIVERSITY HOSPITALS OF DERBY AND BURTON NHS FOUNDATION TRUST,C_160,Plastic Surgery Service,387,301,77.80%,7.5,30.7,7,0
Y60,RTG,UNIVERSITY HOSPITALS OF DERBY AND BURTON NHS FOUNDATION TRUST,C_170,Cardiothoracic Surgery Service,11,9,81.80%,-,-,0,0
Y60,RTG,UNIVERSITY HOSPITALS OF DERBY AND BURTON NHS FOUNDATION TRUST,C_300,General Internal Medicine Service,43,36,83.70%,7.7,29.6,0,0
Y60,RTG,UNIVERSITY HOSPITALS OF DERBY AND BURTON NHS FOUNDATION TRUST,C_301,Gastroenterology Service,"4,667","2,918",62.50%,13.2,36.1,45,2
Y60,RTG,UNIVERSITY HOSPITALS OF DERBY AND BURTON NHS FOUNDATION TRUST,C_320,Cardiology Service,"3,484","2,163",62.10%,13.4,41.2,42,1
Y60,RTG,UNIVERSITY HOSPITALS OF DERBY AND BURTON NHS FOUNDATION TRUST,C_330,Dermatology Service,"7,605","3,421",45.00%,20.1,59.2,"1,103",12
Y60,RTG,UNIVERSITY HOSPITALS OF DERBY AND BURTON NHS FOUNDATION TRUST,C_340,Respiratory Medicine Service,"1,323","1,125",85.00%,8,21.6,1,0
Y60,RTG,UNIVERSITY HOSPITALS OF DERBY AND BURTON NHS FOUNDATION TRUST,C_400,Neurology Service,"2,598","1,680",64.70%,13.2,31.4,13,2
Y60,RTG,UNIVERSITY HOSPITALS OF DERBY AND BURTON NHS FOUNDATION TRUST,C_410,Rheumatology Service,"1,824","1,071",58.70%,14.3,40.7,14,1
Y60,RTG,UNIVERSITY HOSPITALS OF DERBY AND BURTON NHS FOUNDATION TRUST,C_430,Elderly Medicine Service,451,375,83.10%,7.7,26,4,0
Y60,RTG,UNIVERSITY HOSPITALS OF DERBY AND BURTON NHS FOUNDATION TRUST,C_502,Gynaecology Service,"9,111","5,016",55.10%,15.8,47.4,509,60
Y60,RTG,UNIVERSITY HOSPITALS OF DERBY AND BURTON NHS FOUNDATION TRUST,X02,Other - Medical Services,"8,352","6,171",73.90%,11,29.3,90,7
Y60,RTG,UNIVERSITY HOSPITALS OF DERBY AND BURTON NHS FOUNDATION TRUST,X03,Other - Mental Health Services,11,7,63.60%,-,-,0,0
Y60,RTG,UNIVERSITY HOSPITALS OF DERBY AND BURTON NHS FOUNDATION TRUST,X04,Other - Paediatric Services,"3,931","2,121",54.00%,16.2,44.3,150,5
Y60,RTG,UNIVERSITY HOSPITALS OF DERBY AND BURTON NHS FOUNDATION TRUST,X05,Other - Surgical Services,"7,209","4,134",57.30%,14.7,53.6,641,111
Y60,RTG,UNIVERSITY HOSPITALS OF DERBY AND BURTON NHS FOUNDATION TRUST,X06,Other - Other Services,"2,208","1,533",69.40%,11.7,37.4,77,1
Y60,RWD,UNITED LINCOLNSHIRE HOSPITALS NHS TRUST,C_100,General Surgery Service,"5,391","2,794",51.80%,16.9,55.3,546,24
Y60,RWD,UNITED LINCOLNSHIRE HOSPITALS NHS TRUST,C_101,Urology Service,"2,469","1,846",74.80%,9.5,30.4,4,0
Y60,RWD,UNITED LINCOLNSHIRE HOSPITALS NHS TRUST,C_110,Trauma and Orthopaedic Service,"3,096","2,517",81.30%,8.9,25.6,4,1
Y60,RWD,UNITED LINCOLNSHIRE HOSPITALS NHS TRUST,C_120,Ear Nose and Throat Service,"8,901","2,872",32.30%,28.1,60.8,"1,306",43
Y60,RWD,UNITED LINCOLNSHIRE HOSPITALS NHS TRUST,C_130,Ophthalmology Service,"5,701","3,184",55.80%,15.6,41.1,129,2
Y60,RWD,UNITED LINCOLNSHIRE HOSPITALS NHS TRUST,C_140,Oral Surgery Service, -   , -   , -   ,-,-,0,0
Y60,RWD,UNITED LINCOLNSHIRE HOSPITALS NHS TRUST,C_150,Neurosurgical Service,1,1,100.00%,-,-,0,0
Y60,RWD,UNITED LINCOLNSHIRE HOSPITALS NHS TRUST,C_160,Plastic Surgery Service, -   , -   , -   ,-,-,0,0
Y60,RWD,UNITED LINCOLNSHIRE HOSPITALS NHS TRUST,C_170,Cardiothoracic Surgery Service,26,9,34.60%,19.8,44.9,0,0
Y60,RWD,UNITED LINCOLNSHIRE HOSPITALS NHS TRUST,C_300,General Internal Medicine Service,332,137,41.30%,22.3,56.5,35,4
Y60,RWD,UNITED LINCOLNSHIRE HOSPITALS NHS TRUST,C_301,Gastroenterology Service,"5,956","1,700",28.50%,31.1,70.7,"1,512",214
Y60,RWD,UNITED LINCOLNSHIRE HOSPITALS NHS TRUST,C_320,Cardiology Service,"3,082","1,783",57.90%,15.1,36.4,1,0
Y60,RWD,UNITED LINCOLNSHIRE HOSPITALS NHS TRUST,C_330,Dermatology Service,"5,758","2,607",45.30%,20.7,61.3,919,129
Y60,RWD,UNITED LINCOLNSHIRE HOSPITALS NHS TRUST,C_340,Respiratory Medicine Service,"3,795","1,227",32.30%,28.3,67.3,804,49
Y60,RWD,UNITED LINCOLNSHIRE HOSPITALS NHS TRUST,C_400,Neurology Service,"3,358","1,197",35.60%,28.6,68.4,810,72
Y60,RWD,UNITED LINCOLNSHIRE HOSPITALS NHS TRUST,C_410,Rheumatology Service,"2,062",735,35.60%,25.9,71,464,61
Y60,RWD,UNITED LINCOLNSHIRE HOSPITALS NHS TRUST,C_430,Elderly Medicine Service,221,164,74.20%,10.1,31.8,3,0
Y60,RWD,UNITED LINCOLNSHIRE HOSPITALS NHS TRUST,C_502,Gynaecology Service,"5,153","2,554",49.60%,18.2,50.7,373,9
Y60,RWD,UNITED LINCOLNSHIRE HOSPITALS NHS TRUST,X02,Other - Medical Services,"5,462","3,226",59.10%,14.3,37.5,41,2
Y60,RWD,UNITED LINCOLNSHIRE HOSPITALS NHS TRUST,X03,Other - Mental Health Services, -   , -   , -   ,-,-,0,0
Y60,RWD,UNITED LINCOLNSHIRE HOSPITALS NHS TRUST,X04,Other - Paediatric Services,"2,558","1,433",56.00%,15,52.5,208,10
Y60,RWD,UNITED LINCOLNSHIRE HOSPITALS NHS TRUST,X05,Other - Surgical Services,"8,072","4,024",49.90%,18.1,50.5,566,17
Y60,RWD,UNITED LINCOLNSHIRE HOSPITALS NHS TRUST,X06,Other - Other Services,467,221,47.30%,19,39.7,2,0
Y60,RWE,UNIVERSITY HOSPITALS OF LEICESTER NHS TRUST,C_100,General Surgery Service,"8,645","3,620",41.90%,21.9,63.2,"1,291",306
Y60,RWE,UNIVERSITY HOSPITALS OF LEICESTER NHS TRUST,C_101,Urology Service,"7,206","3,362",46.70%,19.6,57.5,792,111
Y60,RWE,UNIVERSITY HOSPITALS OF LEICESTER NHS TRUST,C_110,Trauma and Orthopaedic Service,"8,471","4,048",47.80%,19,55.7,830,86
Y60,RWE,UNIVERSITY HOSPITALS OF LEICESTER NHS TRUST,C_120,Ear Nose and Throat Service,"8,637","2,493",28.90%,32.8,77.6,"2,619",678
Y60,RWE,UNIVERSITY HOSPITALS OF LEICESTER NHS TRUST,C_130,Ophthalmology Service,"17,017","7,208",42.40%,22.9,65.4,"3,136",297
Y60,RWE,UNIVERSITY HOSPITALS OF LEICESTER NHS TRUST,C_140,Oral Surgery Service,"6,477","2,276",35.10%,27.5,64,"1,178",108
Y60,RWE,UNIVERSITY HOSPITALS OF LEICESTER NHS TRUST,C_150,Neurosurgical Service,41,36,87.80%,12.2,18.4,0,0
Y60,RWE,UNIVERSITY HOSPITALS OF LEICESTER NHS TRUST,C_160,Plastic Surgery Service,"1,404",751,53.50%,15.4,69.5,252,68
Y60,RWE,UNIVERSITY HOSPITALS OF LEICESTER NHS TRUST,C_170,Cardiothoracic Surgery Service,524,363,69.30%,9.2,37.5,16,7
Y60,RWE,UNIVERSITY HOSPITALS OF LEICESTER NHS TRUST,C_300,General Internal Medicine Service,96,90,93.80%,4.6,17.6,0,0
Y60,RWE,UNIVERSITY HOSPITALS OF LEICESTER NHS TRUST,C_301,Gastroenterology Service,"13,127","4,905",37.40%,25.4,67.2,"2,220",551
Y60,RWE,UNIVERSITY HOSPITALS OF LEICESTER NHS TRUST,C_320,Cardiology Service,"7,162","3,578",50.00%,18,50,459,6
Y60,RWE,UNIVERSITY HOSPITALS OF LEICESTER NHS TRUST,C_330,Dermatology Service,"2,384","2,080",87.20%,6.5,20.4,10,3
Y60,RWE,UNIVERSITY HOSPITALS OF LEICESTER NHS TRUST,C_340,Respiratory Medicine Service,"1,541","1,241",80.50%,9.1,25.6,5,1
Y60,RWE,UNIVERSITY HOSPITALS OF LEICESTER NHS TRUST,C_400,Neurology Service,"2,201","1,681",76.40%,10.7,22.5,23,0
Y60,RWE,UNIVERSITY HOSPITALS OF LEICESTER NHS TRUST,C_410,Rheumatology Service,"1,911","1,525",79.80%,10,24.3,15,0
Y60,RWE,UNIVERSITY HOSPITALS OF LEICESTER NHS TRUST,C_430,Elderly Medicine Service,385,360,93.50%,6.2,15.8,0,0
Y60,RWE,UNIVERSITY HOSPITALS OF LEICESTER NHS TRUST,C_502,Gynaecology Service,"12,934","3,661",28.30%,30.7,67.3,"2,867",505
Y60,RWE,UNIVERSITY HOSPITALS OF LEICESTER NHS TRUST,X02,Other - Medical Services,"8,974","6,326",70.50%,11.5,31.6,223,91
Y60,RWE,UNIVERSITY HOSPITALS OF LEICESTER NHS TRUST,X03,Other - Mental Health Services,1, -   , -   ,-,-,0,0
Y60,RWE,UNIVERSITY HOSPITALS OF LEICESTER NHS TRUST,X04,Other - Paediatric Services,"10,656","4,913",46.10%,19.5,62.9,"1,342",260
Y60,RWE,UNIVERSITY HOSPITALS OF LEICESTER NHS TRUST,X05,Other - Surgical Services,"4,829","1,904",39.40%,25.7,73.7,"1,253",266
Y60,RWE,UNIVERSITY HOSPITALS OF LEICESTER NHS TRUST,X06,Other - Other Services,"3,268","1,937",59.30%,13.8,36,53,11
Y60,RWP,WORCESTERSHIRE ACUTE HOSPITALS NHS TRUST,C_100,General Surgery Service,"7,534","2,496",33.10%,26.7,73.9,"1,812",457
Y60,RWP,WORCESTERSHIRE ACUTE HOSPITALS NHS TRUST,C_101,Urology Service,"6,138","2,423",39.50%,25.3,66.9,"1,130",177
Y60,RWP,WORCESTERSHIRE ACUTE HOSPITALS NHS TRUST,C_110,Trauma and Orthopaedic Service,"3,815","1,759",46.10%,19.5,54.9,373,8
Y60,RWP,WORCESTERSHIRE ACUTE HOSPITALS NHS TRUST,C_120,Ear Nose and Throat Service,"7,142","1,746",24.40%,31.2,61.4,"1,302",60
Y60,RWP,WORCESTERSHIRE ACUTE HOSPITALS NHS TRUST,C_130,Ophthalmology Service,"6,990","4,022",57.50%,14.1,41.1,73,0
Y60,RWP,WORCESTERSHIRE ACUTE HOSPITALS NHS TRUST,C_140,Oral Surgery Service,"4,052","1,461",36.10%,25.8,61.4,536,79
Y60,RWP,WORCESTERSHIRE ACUTE HOSPITALS NHS TRUST,C_150,Neurosurgical Service, -   , -   , -   ,-,-,0,0
Y60,RWP,WORCESTERSHIRE ACUTE HOSPITALS NHS TRUST,C_160,Plastic Surgery Service,23,13,56.50%,14,43.2,1,0
Y60,RWP,WORCESTERSHIRE ACUTE HOSPITALS NHS TRUST,C_170,Cardiothoracic Surgery Service,7,1,14.30%,-,-,0,0
Y60,RWP,WORCESTERSHIRE ACUTE HOSPITALS NHS TRUST,C_300,General Internal Medicine Service,805,557,69.20%,10.7,27.3,2,1
Y60,RWP,WORCESTERSHIRE ACUTE HOSPITALS NHS TRUST,C_301,Gastroenterology Service,"3,317","1,686",50.80%,17.6,44.1,124,1
Y60,RWP,WORCESTERSHIRE ACUTE HOSPITALS NHS TRUST,C_320,Cardiology Service,"2,384","1,334",56.00%,15.7,36.7,16,1
Y60,RWP,WORCESTERSHIRE ACUTE HOSPITALS NHS TRUST,C_330,Dermatology Service,"2,736","1,480",54.10%,15.2,59.8,356,29
Y60,RWP,WORCESTERSHIRE ACUTE HOSPITALS NHS TRUST,C_340,Respiratory Medicine Service,"1,840","1,112",60.40%,12.8,41,30,0
Y60,RWP,WORCESTERSHIRE ACUTE HOSPITALS NHS TRUST,C_400,Neurology Service,"1,649",775,47.00%,18.6,35.4,12,0
Y60,RWP,WORCESTERSHIRE ACUTE HOSPITALS NHS TRUST,C_410,Rheumatology Service,"1,302",621,47.70%,18.8,49.9,88,4
Y60,RWP,WORCESTERSHIRE ACUTE HOSPITALS NHS TRUST,C_430,Elderly Medicine Service,3,2,66.70%,-,-,1,0
Y60,RWP,WORCESTERSHIRE ACUTE HOSPITALS NHS TRUST,C_502,Gynaecology Service,"6,111","1,840",30.10%,30.6,69.6,"1,497",110
Y60,RWP,WORCESTERSHIRE ACUTE HOSPITALS NHS TRUST,X02,Other - Medical Services,"4,309","2,989",69.40%,12.2,37.7,36,1
Y60,RWP,WORCESTERSHIRE ACUTE HOSPITALS NHS TRUST,X03,Other - Mental Health Services, -   , -   , -   ,-,-,0,0
Y60,RWP,WORCESTERSHIRE ACUTE HOSPITALS NHS TRUST,X04,Other - Paediatric Services,168,119,70.80%,10.2,24.9,0,0
Y60,RWP,WORCESTERSHIRE ACUTE HOSPITALS NHS TRUST,X05,Other - Surgical Services,"3,896","2,473",63.50%,10.7,55.2,354,52
Y60,RWP,WORCESTERSHIRE ACUTE HOSPITALS NHS TRUST,X06,Other - Other Services,"1,142",830,72.70%,9.9,32.2,23,2
Y60,RX1,NOTTINGHAM UNIVERSITY HOSPITALS NHS TRUST,C_100,General Surgery Service,"1,022",617,60.40%,14.1,54.2,97,18
Y60,RX1,NOTTINGHAM UNIVERSITY HOSPITALS NHS TRUST,C_101,Urology Service,"3,438","2,174",63.20%,11.6,44.9,202,49
Y60,RX1,NOTTINGHAM UNIVERSITY HOSPITALS NHS TRUST,C_110,Trauma and Orthopaedic Service,"6,941","3,376",48.60%,18.7,57.6,741,150
Y60,RX1,NOTTINGHAM UNIVERSITY HOSPITALS NHS TRUST,C_120,Ear Nose and Throat Service,"6,446","3,640",56.50%,15.1,59.4,690,156
Y60,RX1,NOTTINGHAM UNIVERSITY HOSPITALS NHS TRUST,C_130,Ophthalmology Service,"8,093","4,669",57.70%,14.4,41.9,268,34
Y60,RX1,NOTTINGHAM UNIVERSITY HOSPITALS NHS TRUST,C_140,Oral Surgery Service,"2,949",959,32.50%,26,51.7,227,14
Y60,RX1,NOTTINGHAM UNIVERSITY HOSPITALS NHS TRUST,C_150,Neurosurgical Service,717,463,64.60%,12.5,39.6,28,3
Y60,RX1,NOTTINGHAM UNIVERSITY HOSPITALS NHS TRUST,C_160,Plastic Surgery Service,"1,363",696,51.10%,17.2,54.7,130,21
Y60,RX1,NOTTINGHAM UNIVERSITY HOSPITALS NHS TRUST,C_170,Cardiothoracic Surgery Service,368,228,62.00%,13.1,69.8,53,20
Y60,RX1,NOTTINGHAM UNIVERSITY HOSPITALS NHS TRUST,C_300,General Internal Medicine Service,2,2,100.00%,-,-,0,0
Y60,RX1,NOTTINGHAM UNIVERSITY HOSPITALS NHS TRUST,C_301,Gastroenterology Service,"5,324","3,221",60.50%,12.9,46.6,271,27
Y60,RX1,NOTTINGHAM UNIVERSITY HOSPITALS NHS TRUST,C_320,Cardiology Service,"1,781","1,339",75.20%,8.9,34.9,44,0
Y60,RX1,NOTTINGHAM UNIVERSITY HOSPITALS NHS TRUST,C_330,Dermatology Service,"4,669","3,575",76.60%,10,24.9,3,0
Y60,RX1,NOTTINGHAM UNIVERSITY HOSPITALS NHS TRUST,C_340,Respiratory Medicine Service,"1,393","1,045",75.00%,10,29.7,1,0
Y60,RX1,NOTTINGHAM UNIVERSITY HOSPITALS NHS TRUST,C_400,Neurology Service,"1,409","1,165",82.70%,9.8,21.7,2,0
Y60,RX1,NOTTINGHAM UNIVERSITY HOSPITALS NHS TRUST,C_410,Rheumatology Service,"1,471",659,44.80%,20.4,41.8,1,0
Y60,RX1,NOTTINGHAM UNIVERSITY HOSPITALS NHS TRUST,C_430,Elderly Medicine Service,308,273,88.60%,8,19.9,0,0
Y60,RX1,NOTTINGHAM UNIVERSITY HOSPITALS NHS TRUST,C_502,Gynaecology Service,"3,834","2,454",64.00%,12.1,46.2,224,27
Y60,RX1,NOTTINGHAM UNIVERSITY HOSPITALS NHS TRUST,X02,Other - Medical Services,"9,341","6,383",68.30%,11.2,36.7,218,5
Y60,RX1,NOTTINGHAM UNIVERSITY HOSPITALS NHS TRUST,X03,Other - Mental Health Services, -   , -   , -   ,-,-,0,0
Y60,RX1,NOTTINGHAM UNIVERSITY HOSPITALS NHS TRUST,X04,Other - Paediatric Services,"3,938","2,906",73.80%,10.1,35.7,116,20
Y60,RX1,NOTTINGHAM UNIVERSITY HOSPITALS NHS TRUST,X05,Other - Surgical Services,"7,711","3,770",48.90%,18.6,64.6,"1,073",238
Y60,RX1,NOTTINGHAM UNIVERSITY HOSPITALS NHS TRUST,X06,Other - Other Services,"1,021",991,97.10%,7.1,14.9,5,1
Y60,RXK,SANDWELL AND WEST BIRMINGHAM HOSPITALS NHS TRUST,C_100,General Surgery Service,"4,732","2,640",55.80%,15.2,46.1,175,2
Y60,RXK,SANDWELL AND WEST BIRMINGHAM HOSPITALS NHS TRUST,C_101,Urology Service,"5,317","2,288",43.00%,21.1,52.8,456,22
Y60,RXK,SANDWELL AND WEST BIRMINGHAM HOSPITALS NHS TRUST,C_110,Trauma and Orthopaedic Service,"6,148","3,314",53.90%,16.2,52.2,499,29
Y60,RXK,SANDWELL AND WEST BIRMINGHAM HOSPITALS NHS TRUST,C_120,Ear Nose and Throat Service,"6,961","3,120",44.80%,20.2,45.3,385,56
Y60,RXK,SANDWELL AND WEST BIRMINGHAM HOSPITALS NHS TRUST,C_130,Ophthalmology Service,"13,339","8,098",60.70%,14.8,34.1,228,22
Y60,RXK,SANDWELL AND WEST BIRMINGHAM HOSPITALS NHS TRUST,C_140,Oral Surgery Service,"2,037","1,191",58.50%,14.3,34.9,16,0
Y60,RXK,SANDWELL AND WEST BIRMINGHAM HOSPITALS NHS TRUST,C_150,Neurosurgical Service, -   , -   , -   ,-,-,0,0
Y60,RXK,SANDWELL AND WEST BIRMINGHAM HOSPITALS NHS TRUST,C_160,Plastic Surgery Service,268,142,53.00%,16.8,56.6,26,1
Y60,RXK,SANDWELL AND WEST BIRMINGHAM HOSPITALS NHS TRUST,C_170,Cardiothoracic Surgery Service,13,11,84.60%,-,-,0,0
Y60,RXK,SANDWELL AND WEST BIRMINGHAM HOSPITALS NHS TRUST,C_300,General Internal Medicine Service, -   , -   , -   ,-,-,0,0
Y60,RXK,SANDWELL AND WEST BIRMINGHAM HOSPITALS NHS TRUST,C_301,Gastroenterology Service,"2,988","1,543",51.60%,17.2,34.7,5,1
Y60,RXK,SANDWELL AND WEST BIRMINGHAM HOSPITALS NHS TRUST,C_320,Cardiology Service,"3,650","2,179",59.70%,14.8,32.7,10,0
Y60,RXK,SANDWELL AND WEST BIRMINGHAM HOSPITALS NHS TRUST,C_330,Dermatology Service,"3,844","2,176",56.60%,14.8,35.6,58,0
Y60,RXK,SANDWELL AND WEST BIRMINGHAM HOSPITALS NHS TRUST,C_340,Respiratory Medicine Service,"1,195",998,83.50%,9,20.9,0,0
Y60,RXK,SANDWELL AND WEST BIRMINGHAM HOSPITALS NHS TRUST,C_400,Neurology Service,981,714,72.80%,12,26.8,3,2
Y60,RXK,SANDWELL AND WEST BIRMINGHAM HOSPITALS NHS TRUST,C_410,Rheumatology Service,"1,907","1,218",63.90%,13.4,31.5,6,0
Y60,RXK,SANDWELL AND WEST BIRMINGHAM HOSPITALS NHS TRUST,C_430,Elderly Medicine Service,55,55,100.00%,3.5,9.6,0,0
Y60,RXK,SANDWELL AND WEST BIRMINGHAM HOSPITALS NHS TRUST,C_502,Gynaecology Service,"3,028","2,122",70.10%,11.7,32.8,32,2
Y60,RXK,SANDWELL AND WEST BIRMINGHAM HOSPITALS NHS TRUST,X02,Other - Medical Services,"2,900","2,422",83.50%,10,21.6,5,0
Y60,RXK,SANDWELL AND WEST BIRMINGHAM HOSPITALS NHS TRUST,X03,Other - Mental Health Services, -   , -   , -   ,-,-,0,0
Y60,RXK,SANDWELL AND WEST BIRMINGHAM HOSPITALS NHS TRUST,X04,Other - Paediatric Services,"5,681","3,928",69.10%,11.9,37.1,201,19
Y60,RXK,SANDWELL AND WEST BIRMINGHAM HOSPITALS NHS TRUST,X05,Other - Surgical Services,"2,791","2,304",82.60%,8.6,29,18,0
Y60,RXK,SANDWELL AND WEST BIRMINGHAM HOSPITALS NHS TRUST,X06,Other - Other Services,320,243,75.90%,10.2,33.2,1,0
Y60,RXM,DERBYSHIRE HEALTHCARE NHS FOUNDATION TRUST,C_100,General Surgery Service, -   , -   , -   ,-,-,0,0
Y60,RXM,DERBYSHIRE HEALTHCARE NHS FOUNDATION TRUST,C_101,Urology Service, -   , -   , -   ,-,-,0,0
Y60,RXM,DERBYSHIRE HEALTHCARE NHS FOUNDATION TRUST,C_110,Trauma and Orthopaedic Service, -   , -   , -   ,-,-,0,0
Y60,RXM,DERBYSHIRE HEALTHCARE NHS FOUNDATION TRUST,C_120,Ear Nose and Throat Service, -   , -   , -   ,-,-,0,0
Y60,RXM,DERBYSHIRE HEALTHCARE NHS FOUNDATION TRUST,C_130,Ophthalmology Service, -   , -   , -   ,-,-,0,0
Y60,RXM,DERBYSHIRE HEALTHCARE NHS FOUNDATION TRUST,C_140,Oral Surgery Service, -   , -   , -   ,-,-,0,0
Y60,RXM,DERBYSHIRE HEALTHCARE NHS FOUNDATION TRUST,C_150,Neurosurgical Service, -   , -   , -   ,-,-,0,0
Y60,RXM,DERBYSHIRE HEALTHCARE NHS FOUNDATION TRUST,C_160,Plastic Surgery Service, -   , -   , -   ,-,-,0,0
Y60,RXM,DERBYSHIRE HEALTHCARE NHS FOUNDATION TRUST,C_170,Cardiothoracic Surgery Service, -   , -   , -   ,-,-,0,0
Y60,RXM,DERBYSHIRE HEALTHCARE NHS FOUNDATION TRUST,C_300,General Internal Medicine Service, -   , -   , -   ,-,-,0,0
Y60,RXM,DERBYSHIRE HEALTHCARE NHS FOUNDATION TRUST,C_301,Gastroenterology Service, -   , -   , -   ,-,-,0,0
Y60,RXM,DERBYSHIRE HEALTHCARE NHS FOUNDATION TRUST,C_320,Cardiology Service, -   , -   , -   ,-,-,0,0
Y60,RXM,DERBYSHIRE HEALTHCARE NHS FOUNDATION TRUST,C_330,Dermatology Service, -   , -   , -   ,-,-,0,0
Y60,RXM,DERBYSHIRE HEALTHCARE NHS FOUNDATION TRUST,C_340,Respiratory Medicine Service, -   , -   , -   ,-,-,0,0
Y60,RXM,DERBYSHIRE HEALTHCARE NHS FOUNDATION TRUST,C_400,Neurology Service, -   , -   , -   ,-,-,0,0
Y60,RXM,DERBYSHIRE HEALTHCARE NHS FOUNDATION TRUST,C_410,Rheumatology Service, -   , -   , -   ,-,-,0,0
Y60,RXM,DERBYSHIRE HEALTHCARE NHS FOUNDATION TRUST,C_430,Elderly Medicine Service, -   , -   , -   ,-,-,0,0
Y60,RXM,DERBYSHIRE HEALTHCARE NHS FOUNDATION TRUST,C_502,Gynaecology Service, -   , -   , -   ,-,-,0,0
Y60,RXM,DERBYSHIRE HEALTHCARE NHS FOUNDATION TRUST,X02,Other - Medical Services, -   , -   , -   ,-,-,0,0
Y60,RXM,DERBYSHIRE HEALTHCARE NHS FOUNDATION TRUST,X03,Other - Mental Health Services,373,288,77.20%,9.8,26.1,0,0
Y60,RXM,DERBYSHIRE HEALTHCARE NHS FOUNDATION TRUST,X04,Other - Paediatric Services,"1,586",507,32.00%,25.3,47.5,29,0
Y60,RXM,DERBYSHIRE HEALTHCARE NHS FOUNDATION TRUST,X05,Other - Surgical Services, -   , -   , -   ,-,-,0,0
Y60,RXM,DERBYSHIRE HEALTHCARE NHS FOUNDATION TRUST,X06,Other - Other Services, -   , -   , -   ,-,-,0,0
Y60,RXW,THE SHREWSBURY AND TELFORD HOSPITAL NHS TRUST,C_100,General Surgery Service,"6,266","3,845",61.40%,12.3,51.5,489,47
Y60,RXW,THE SHREWSBURY AND TELFORD HOSPITAL NHS TRUST,C_101,Urology Service,"4,409","1,686",38.20%,25,64.5,724,45
Y60,RXW,THE SHREWSBURY AND TELFORD HOSPITAL NHS TRUST,C_110,Trauma and Orthopaedic Service,"1,435",549,38.30%,26.1,65.9,256,39
Y60,RXW,THE SHREWSBURY AND TELFORD HOSPITAL NHS TRUST,C_120,Ear Nose and Throat Service,"4,083","1,974",48.30%,18.8,44.6,148,14
Y60,RXW,THE SHREWSBURY AND TELFORD HOSPITAL NHS TRUST,C_130,Ophthalmology Service,"3,867","2,102",54.40%,15.9,51.9,307,35
Y60,RXW,THE SHREWSBURY AND TELFORD HOSPITAL NHS TRUST,C_140,Oral Surgery Service,"1,865","1,015",54.40%,16.3,50.5,133,28
Y60,RXW,THE SHREWSBURY AND TELFORD HOSPITAL NHS TRUST,C_150,Neurosurgical Service, -   , -   , -   ,-,-,0,0
Y60,RXW,THE SHREWSBURY AND TELFORD HOSPITAL NHS TRUST,C_160,Plastic Surgery Service, -   , -   , -   ,-,-,0,0
Y60,RXW,THE SHREWSBURY AND TELFORD HOSPITAL NHS TRUST,C_170,Cardiothoracic Surgery Service,7,7,100.00%,-,-,0,0
Y60,RXW,THE SHREWSBURY AND TELFORD HOSPITAL NHS TRUST,C_300,General Internal Medicine Service,"1,689",963,57.00%,14.8,45,80,0
Y60,RXW,THE SHREWSBURY AND TELFORD HOSPITAL NHS TRUST,C_301,Gastroenterology Service,"1,962","1,246",63.50%,13.1,37.1,57,6
Y60,RXW,THE SHREWSBURY AND TELFORD HOSPITAL NHS TRUST,C_320,Cardiology Service,"2,609","1,214",46.50%,19.1,49.8,166,2
Y60,RXW,THE SHREWSBURY AND TELFORD HOSPITAL NHS TRUST,C_330,Dermatology Service,"1,170",990,84.60%,4.9,26.6,2,0
Y60,RXW,THE SHREWSBURY AND TELFORD HOSPITAL NHS TRUST,C_340,Respiratory Medicine Service,"2,035",873,42.90%,22.6,58.7,273,7
Y60,RXW,THE SHREWSBURY AND TELFORD HOSPITAL NHS TRUST,C_400,Neurology Service,1,1,100.00%,-,-,0,0
Y60,RXW,THE SHREWSBURY AND TELFORD HOSPITAL NHS TRUST,C_410,Rheumatology Service, -   , -   , -   ,-,-,0,0
Y60,RXW,THE SHREWSBURY AND TELFORD HOSPITAL NHS TRUST,C_430,Elderly Medicine Service,177,156,88.10%,4.8,21.2,1,0
Y60,RXW,THE SHREWSBURY AND TELFORD HOSPITAL NHS TRUST,C_502,Gynaecology Service,"4,745","2,550",53.70%,15.8,53.4,421,68
Y60,RXW,THE SHREWSBURY AND TELFORD HOSPITAL NHS TRUST,X02,Other - Medical Services,15,13,86.70%,-,-,0,0
Y60,RXW,THE SHREWSBURY AND TELFORD HOSPITAL NHS TRUST,X03,Other - Mental Health Services,1,1,100.00%,-,-,0,0
Y60,RXW,THE SHREWSBURY AND TELFORD HOSPITAL NHS TRUST,X04,Other - Paediatric Services,"1,448",825,57.00%,14.9,40.3,46,3
Y60,RXW,THE SHREWSBURY AND TELFORD HOSPITAL NHS TRUST,X05,Other - Surgical Services,239,143,59.80%,11.7,43.2,13,1
Y60,RXW,THE SHREWSBURY AND TELFORD HOSPITAL NHS TRUST,X06,Other - Other Services,383,161,42.00%,22.8,59.1,54,6
Y60,RYW,BIRMINGHAM COMMUNITY HEALTHCARE NHS FOUNDATION TRUST,C_100,General Surgery Service, -   , -   , -   ,-,-,0,0
Y60,RYW,BIRMINGHAM COMMUNITY HEALTHCARE NHS FOUNDATION TRUST,C_101,Urology Service, -   , -   , -   ,-,-,0,0
Y60,RYW,BIRMINGHAM COMMUNITY HEALTHCARE NHS FOUNDATION TRUST,C_110,Trauma and Orthopaedic Service,225,140,62.20%,13.3,27.4,0,0
Y60,RYW,BIRMINGHAM COMMUNITY HEALTHCARE NHS FOUNDATION TRUST,C_120,Ear Nose and Throat Service, -   , -   , -   ,-,-,0,0
Y60,RYW,BIRMINGHAM COMMUNITY HEALTHCARE NHS FOUNDATION TRUST,C_130,Ophthalmology Service, -   , -   , -   ,-,-,0,0
Y60,RYW,BIRMINGHAM COMMUNITY HEALTHCARE NHS FOUNDATION TRUST,C_140,Oral Surgery Service,"6,421","2,901",45.20%,19.4,40.1,178,4
Y60,RYW,BIRMINGHAM COMMUNITY HEALTHCARE NHS FOUNDATION TRUST,C_150,Neurosurgical Service, -   , -   , -   ,-,-,0,0
Y60,RYW,BIRMINGHAM COMMUNITY HEALTHCARE NHS FOUNDATION TRUST,C_160,Plastic Surgery Service, -   , -   , -   ,-,-,0,0
Y60,RYW,BIRMINGHAM COMMUNITY HEALTHCARE NHS FOUNDATION TRUST,C_170,Cardiothoracic Surgery Service, -   , -   , -   ,-,-,0,0
Y60,RYW,BIRMINGHAM COMMUNITY HEALTHCARE NHS FOUNDATION TRUST,C_300,General Internal Medicine Service, -   , -   , -   ,-,-,0,0
Y60,RYW,BIRMINGHAM COMMUNITY HEALTHCARE NHS FOUNDATION TRUST,C_301,Gastroenterology Service, -   , -   , -   ,-,-,0,0
Y60,RYW,BIRMINGHAM COMMUNITY HEALTHCARE NHS FOUNDATION TRUST,C_320,Cardiology Service, -   , -   , -   ,-,-,0,0
Y60,RYW,BIRMINGHAM COMMUNITY HEALTHCARE NHS FOUNDATION TRUST,C_330,Dermatology Service, -   , -   , -   ,-,-,0,0
Y60,RYW,BIRMINGHAM COMMUNITY HEALTHCARE NHS FOUNDATION TRUST,C_340,Respiratory Medicine Service, -   , -   , -   ,-,-,0,0
Y60,RYW,BIRMINGHAM COMMUNITY HEALTHCARE NHS FOUNDATION TRUST,C_400,Neurology Service, -   , -   , -   ,-,-,0,0
Y60,RYW,BIRMINGHAM COMMUNITY HEALTHCARE NHS FOUNDATION TRUST,C_410,Rheumatology Service, -   , -   , -   ,-,-,0,0
Y60,RYW,BIRMINGHAM COMMUNITY HEALTHCARE NHS FOUNDATION TRUST,C_430,Elderly Medicine Service, -   , -   , -   ,-,-,0,0
Y60,RYW,BIRMINGHAM COMMUNITY HEALTHCARE NHS FOUNDATION TRUST,C_502,Gynaecology Service, -   , -   , -   ,-,-,0,0
Y60,RYW,BIRMINGHAM COMMUNITY HEALTHCARE NHS FOUNDATION TRUST,X02,Other - Medical Services,"5,941","3,659",61.60%,13.5,31.5,12,0
Y60,RYW,BIRMINGHAM COMMUNITY HEALTHCARE NHS FOUNDATION TRUST,X03,Other - Mental Health Services,18,17,94.40%,-,-,0,0
Y60,RYW,BIRMINGHAM COMMUNITY HEALTHCARE NHS FOUNDATION TRUST,X04,Other - Paediatric Services,"3,211","1,858",57.90%,15.4,29.6,0,0
Y60,RYW,BIRMINGHAM COMMUNITY HEALTHCARE NHS FOUNDATION TRUST,X05,Other - Surgical Services,"6,142","3,745",61.00%,13.8,40.1,208,50
Y60,RYW,BIRMINGHAM COMMUNITY HEALTHCARE NHS FOUNDATION TRUST,X06,Other - Other Services, -   , -   , -   ,-,-,0,0
Y61,RAJ,MID AND SOUTH ESSEX NHS FOUNDATION TRUST,C_100,General Surgery Service,"11,023","5,748",52.10%,16.7,53.9,"1,070",65
Y61,RAJ,MID AND SOUTH ESSEX NHS FOUNDATION TRUST,C_101,Urology Service,"8,453","4,398",52.00%,16.6,54.8,816,81
Y61,RAJ,MID AND SOUTH ESSEX NHS FOUNDATION TRUST,C_110,Trauma and Orthopaedic Service,"16,692","7,646",45.80%,20.1,57.9,"2,048",132
Y61,RAJ,MID AND SOUTH ESSEX NHS FOUNDATION TRUST,C_120,Ear Nose and Throat Service,"10,665","5,190",48.70%,18.6,57.7,"1,245",18
Y61,RAJ,MID AND SOUTH ESSEX NHS FOUNDATION TRUST,C_130,Ophthalmology Service,"14,609","7,145",48.90%,18.5,50.9,"1,077",12
Y61,RAJ,MID AND SOUTH ESSEX NHS FOUNDATION TRUST,C_140,Oral Surgery Service,"4,852","1,918",39.50%,23.2,53.6,452,18
Y61,RAJ,MID AND SOUTH ESSEX NHS FOUNDATION TRUST,C_150,Neurosurgical Service,60,36,60.00%,15.3,42.6,3,0
Y61,RAJ,MID AND SOUTH ESSEX NHS FOUNDATION TRUST,C_160,Plastic Surgery Service,"3,935","2,058",52.30%,16.3,53.4,350,30
Y61,RAJ,MID AND SOUTH ESSEX NHS FOUNDATION TRUST,C_170,Cardiothoracic Surgery Service,471,170,36.10%,25.2,55.1,50,1
Y61,RAJ,MID AND SOUTH ESSEX NHS FOUNDATION TRUST,C_300,General Internal Medicine Service,"3,021","2,065",68.40%,11.4,34.6,35,0
Y61,RAJ,MID AND SOUTH ESSEX NHS FOUNDATION TRUST,C_301,Gastroenterology Service,"7,213","4,086",56.60%,14.1,48,357,3
Y61,RAJ,MID AND SOUTH ESSEX NHS FOUNDATION TRUST,C_320,Cardiology Service,"9,039","5,717",63.20%,12.6,36.1,117,2
Y61,RAJ,MID AND SOUTH ESSEX NHS FOUNDATION TRUST,C_330,Dermatology Service,"13,175","7,806",59.20%,13.6,49,896,16
Y61,RAJ,MID AND SOUTH ESSEX NHS FOUNDATION TRUST,C_340,Respiratory Medicine Service,"4,949","2,328",47.00%,19,46.4,202,1
Y61,RAJ,MID AND SOUTH ESSEX NHS FOUNDATION TRUST,C_400,Neurology Service,"3,856","2,217",57.50%,12.9,41.8,77,3
Y61,RAJ,MID AND SOUTH ESSEX NHS FOUNDATION TRUST,C_410,Rheumatology Service,"2,693","1,542",57.30%,15.1,34.7,22,1
Y61,RAJ,MID AND SOUTH ESSEX NHS FOUNDATION TRUST,C_430,Elderly Medicine Service,600,530,88.30%,8.8,22.7,4,1
Y61,RAJ,MID AND SOUTH ESSEX NHS FOUNDATION TRUST,C_502,Gynaecology Service,"11,892","6,309",53.10%,16.3,49.8,786,25
Y61,RAJ,MID AND SOUTH ESSEX NHS FOUNDATION TRUST,X02,Other - Medical Services,"15,806","9,605",60.80%,13.3,41.9,546,31
Y61,RAJ,MID AND SOUTH ESSEX NHS FOUNDATION TRUST,X03,Other - Mental Health Services, -   , -   , -   ,-,-,0,0
Y61,RAJ,MID AND SOUTH ESSEX NHS FOUNDATION TRUST,X04,Other - Paediatric Services,"4,129","1,605",38.90%,22.8,60.8,503,40
Y61,RAJ,MID AND SOUTH ESSEX NHS FOUNDATION TRUST,X05,Other - Surgical Services,"6,704","3,787",56.50%,14.8,48.6,386,65
Y61,RAJ,MID AND SOUTH ESSEX NHS FOUNDATION TRUST,X06,Other - Other Services,"4,179","3,328",79.60%,9.7,31.5,55,1
Y61,RC9,BEDFORDSHIRE HOSPITALS NHS FOUNDATION TRUST,C_100,General Surgery Service,"3,143","1,934",61.50%,13.7,42.2,106,4
Y61,RC9,BEDFORDSHIRE HOSPITALS NHS FOUNDATION TRUST,C_101,Urology Service,"4,865","2,722",56.00%,15.5,44.2,167,4
Y61,RC9,BEDFORDSHIRE HOSPITALS NHS FOUNDATION TRUST,C_110,Trauma and Orthopaedic Service,"3,858","2,007",52.00%,16.7,51,282,24
Y61,RC9,BEDFORDSHIRE HOSPITALS NHS FOUNDATION TRUST,C_120,Ear Nose and Throat Service,"8,590","3,589",41.80%,22.2,53.9,821,11
Y61,RC9,BEDFORDSHIRE HOSPITALS NHS FOUNDATION TRUST,C_130,Ophthalmology Service,"11,232","5,834",51.90%,17.1,58.9,"1,297",187
Y61,RC9,BEDFORDSHIRE HOSPITALS NHS FOUNDATION TRUST,C_140,Oral Surgery Service,"4,833","2,601",53.80%,15.7,43.5,186,11
Y61,RC9,BEDFORDSHIRE HOSPITALS NHS FOUNDATION TRUST,C_150,Neurosurgical Service, -   , -   , -   ,-,-,0,0
Y61,RC9,BEDFORDSHIRE HOSPITALS NHS FOUNDATION TRUST,C_160,Plastic Surgery Service,"1,472",902,61.30%,13.9,45,69,4
Y61,RC9,BEDFORDSHIRE HOSPITALS NHS FOUNDATION TRUST,C_170,Cardiothoracic Surgery Service, -   , -   , -   ,-,-,0,0
Y61,RC9,BEDFORDSHIRE HOSPITALS NHS FOUNDATION TRUST,C_300,General Internal Medicine Service,"1,149","1,045",90.90%,9,19.4,6,0
Y61,RC9,BEDFORDSHIRE HOSPITALS NHS FOUNDATION TRUST,C_301,Gastroenterology Service,"2,936","2,113",72.00%,10.7,30,19,0
Y61,RC9,BEDFORDSHIRE HOSPITALS NHS FOUNDATION TRUST,C_320,Cardiology Service,"6,269","3,351",53.50%,16.4,42.8,166,1
Y61,RC9,BEDFORDSHIRE HOSPITALS NHS FOUNDATION TRUST,C_330,Dermatology Service,"5,759","3,353",58.20%,14.7,46.3,262,0
Y61,RC9,BEDFORDSHIRE HOSPITALS NHS FOUNDATION TRUST,C_340,Respiratory Medicine Service,"2,897","1,846",63.70%,12.8,32,5,0
Y61,RC9,BEDFORDSHIRE HOSPITALS NHS FOUNDATION TRUST,C_400,Neurology Service,"2,987","1,772",59.30%,15,34.5,19,1
Y61,RC9,BEDFORDSHIRE HOSPITALS NHS FOUNDATION TRUST,C_410,Rheumatology Service,"1,034",940,90.90%,9.4,18.6,0,0
Y61,RC9,BEDFORDSHIRE HOSPITALS NHS FOUNDATION TRUST,C_430,Elderly Medicine Service,521,430,82.50%,9.4,23.7,2,0
Y61,RC9,BEDFORDSHIRE HOSPITALS NHS FOUNDATION TRUST,C_502,Gynaecology Service,"6,860","4,232",61.70%,13.5,37.8,136,5
Y61,RC9,BEDFORDSHIRE HOSPITALS NHS FOUNDATION TRUST,X02,Other - Medical Services,"2,925","2,274",77.70%,10.1,24.7,13,0
Y61,RC9,BEDFORDSHIRE HOSPITALS NHS FOUNDATION TRUST,X03,Other - Mental Health Services, -   , -   , -   ,-,-,0,0
Y61,RC9,BEDFORDSHIRE HOSPITALS NHS FOUNDATION TRUST,X04,Other - Paediatric Services,"4,492","2,596",57.80%,15.3,36.7,84,3
Y61,RC9,BEDFORDSHIRE HOSPITALS NHS FOUNDATION TRUST,X05,Other - Surgical Services,"6,922","4,037",58.30%,14.4,46.4,357,29
Y61,RC9,BEDFORDSHIRE HOSPITALS NHS FOUNDATION TRUST,X06,Other - Other Services,"1,215",946,77.90%,10.7,25.5,6,1
Y61,RCX,"THE QUEEN ELIZABETH HOSPITAL, KING'S LYNN, NHS FOUNDATION TRUST",C_100,General Surgery Service,"1,241",819,66.00%,13.2,44,53,1
Y61,RCX,"THE QUEEN ELIZABETH HOSPITAL, KING'S LYNN, NHS FOUNDATION TRUST",C_101,Urology Service, -   , -   , -   ,-,-,0,0
Y61,RCX,"THE QUEEN ELIZABETH HOSPITAL, KING'S LYNN, NHS FOUNDATION TRUST",C_110,Trauma and Orthopaedic Service,"2,665","1,434",53.80%,15.9,50,185,12
Y61,RCX,"THE QUEEN ELIZABETH HOSPITAL, KING'S LYNN, NHS FOUNDATION TRUST",C_120,Ear Nose and Throat Service,"2,207","1,263",57.20%,15.2,35.9,82,9
Y61,RCX,"THE QUEEN ELIZABETH HOSPITAL, KING'S LYNN, NHS FOUNDATION TRUST",C_130,Ophthalmology Service,"2,964","1,649",55.60%,15.7,44.6,100,1
Y61,RCX,"THE QUEEN ELIZABETH HOSPITAL, KING'S LYNN, NHS FOUNDATION TRUST",C_140,Oral Surgery Service,321,233,72.60%,9.8,34,1,0
Y61,RCX,"THE QUEEN ELIZABETH HOSPITAL, KING'S LYNN, NHS FOUNDATION TRUST",C_150,Neurosurgical Service, -   , -   , -   ,-,-,0,0
Y61,RCX,"THE QUEEN ELIZABETH HOSPITAL, KING'S LYNN, NHS FOUNDATION TRUST",C_160,Plastic Surgery Service,89,72,80.90%,12.3,27.9,1,0
Y61,RCX,"THE QUEEN ELIZABETH HOSPITAL, KING'S LYNN, NHS FOUNDATION TRUST",C_170,Cardiothoracic Surgery Service,3,2,66.70%,-,-,0,0
Y61,RCX,"THE QUEEN ELIZABETH HOSPITAL, KING'S LYNN, NHS FOUNDATION TRUST",C_300,General Internal Medicine Service,130,101,77.70%,5.4,40.6,0,0
Y61,RCX,"THE QUEEN ELIZABETH HOSPITAL, KING'S LYNN, NHS FOUNDATION TRUST",C_301,Gastroenterology Service,"1,173",715,61.00%,14.2,31.6,1,0
Y61,RCX,"THE QUEEN ELIZABETH HOSPITAL, KING'S LYNN, NHS FOUNDATION TRUST",C_320,Cardiology Service,"1,782","1,005",56.40%,15.4,43.2,88,1
Y61,RCX,"THE QUEEN ELIZABETH HOSPITAL, KING'S LYNN, NHS FOUNDATION TRUST",C_330,Dermatology Service,"1,688","1,228",72.70%,10.9,25.2,4,0
Y61,RCX,"THE QUEEN ELIZABETH HOSPITAL, KING'S LYNN, NHS FOUNDATION TRUST",C_340,Respiratory Medicine Service,618,353,57.10%,14.9,35.8,0,0
Y61,RCX,"THE QUEEN ELIZABETH HOSPITAL, KING'S LYNN, NHS FOUNDATION TRUST",C_400,Neurology Service,560,473,84.50%,8.5,20.2,2,0
Y61,RCX,"THE QUEEN ELIZABETH HOSPITAL, KING'S LYNN, NHS FOUNDATION TRUST",C_410,Rheumatology Service,986,495,50.20%,17.9,40.4,1,0
Y61,RCX,"THE QUEEN ELIZABETH HOSPITAL, KING'S LYNN, NHS FOUNDATION TRUST",C_430,Elderly Medicine Service,95,84,88.40%,7.7,22.4,0,0
Y61,RCX,"THE QUEEN ELIZABETH HOSPITAL, KING'S LYNN, NHS FOUNDATION TRUST",C_502,Gynaecology Service,"1,767",913,51.70%,16.8,55,165,52
Y61,RCX,"THE QUEEN ELIZABETH HOSPITAL, KING'S LYNN, NHS FOUNDATION TRUST",X02,Other - Medical Services,"1,527","1,110",72.70%,9.8,28.2,0,0
Y61,RCX,"THE QUEEN ELIZABETH HOSPITAL, KING'S LYNN, NHS FOUNDATION TRUST",X03,Other - Mental Health Services, -   , -   , -   ,-,-,0,0
Y61,RCX,"THE QUEEN ELIZABETH HOSPITAL, KING'S LYNN, NHS FOUNDATION TRUST",X04,Other - Paediatric Services,629,495,78.70%,10,25.4,6,0
Y61,RCX,"THE QUEEN ELIZABETH HOSPITAL, KING'S LYNN, NHS FOUNDATION TRUST",X05,Other - Surgical Services,"1,440","1,064",73.90%,8.5,35.1,27,5
Y61,RCX,"THE QUEEN ELIZABETH HOSPITAL, KING'S LYNN, NHS FOUNDATION TRUST",X06,Other - Other Services,94,87,92.60%,3.4,15.5,0,0
Y61,RD8,MILTON KEYNES UNIVERSITY HOSPITAL NHS FOUNDATION TRUST,C_100,General Surgery Service,"1,575",963,61.10%,13.3,42.9,25,0
Y61,RD8,MILTON KEYNES UNIVERSITY HOSPITAL NHS FOUNDATION TRUST,C_101,Urology Service,"2,750","1,426",51.90%,17,43.3,44,2
Y61,RD8,MILTON KEYNES UNIVERSITY HOSPITAL NHS FOUNDATION TRUST,C_110,Trauma and Orthopaedic Service,"3,635","1,519",41.80%,22,56.2,423,20
Y61,RD8,MILTON KEYNES UNIVERSITY HOSPITAL NHS FOUNDATION TRUST,C_120,Ear Nose and Throat Service,"3,603","1,763",48.90%,18.4,44.4,132,5
Y61,RD8,MILTON KEYNES UNIVERSITY HOSPITAL NHS FOUNDATION TRUST,C_130,Ophthalmology Service,"5,728","1,274",22.20%,34.4,64,"1,208",39
Y61,RD8,MILTON KEYNES UNIVERSITY HOSPITAL NHS FOUNDATION TRUST,C_140,Oral Surgery Service,"1,725",911,52.80%,16.7,43,31,0
Y61,RD8,MILTON KEYNES UNIVERSITY HOSPITAL NHS FOUNDATION TRUST,C_150,Neurosurgical Service, -   , -   , -   ,-,-,0,0
Y61,RD8,MILTON KEYNES UNIVERSITY HOSPITAL NHS FOUNDATION TRUST,C_160,Plastic Surgery Service, -   , -   , -   ,-,-,0,0
Y61,RD8,MILTON KEYNES UNIVERSITY HOSPITAL NHS FOUNDATION TRUST,C_170,Cardiothoracic Surgery Service,8,7,87.50%,-,-,0,0
Y61,RD8,MILTON KEYNES UNIVERSITY HOSPITAL NHS FOUNDATION TRUST,C_300,General Internal Medicine Service,390,233,59.70%,13.8,31.5,5,0
Y61,RD8,MILTON KEYNES UNIVERSITY HOSPITAL NHS FOUNDATION TRUST,C_301,Gastroenterology Service,"1,839","1,151",62.60%,13,33.7,3,0
Y61,RD8,MILTON KEYNES UNIVERSITY HOSPITAL NHS FOUNDATION TRUST,C_320,Cardiology Service,"1,436",770,53.60%,16.9,36.7,3,0
Y61,RD8,MILTON KEYNES UNIVERSITY HOSPITAL NHS FOUNDATION TRUST,C_330,Dermatology Service,"2,074","1,911",92.10%,6.8,17.9,0,0
Y61,RD8,MILTON KEYNES UNIVERSITY HOSPITAL NHS FOUNDATION TRUST,C_340,Respiratory Medicine Service,"1,193",844,70.70%,11.9,29.1,1,0
Y61,RD8,MILTON KEYNES UNIVERSITY HOSPITAL NHS FOUNDATION TRUST,C_400,Neurology Service,"1,155",712,61.60%,14.7,35.3,0,0
Y61,RD8,MILTON KEYNES UNIVERSITY HOSPITAL NHS FOUNDATION TRUST,C_410,Rheumatology Service,880,468,53.20%,16.5,37.3,9,0
Y61,RD8,MILTON KEYNES UNIVERSITY HOSPITAL NHS FOUNDATION TRUST,C_430,Elderly Medicine Service,27,25,92.60%,10,16.8,0,0
Y61,RD8,MILTON KEYNES UNIVERSITY HOSPITAL NHS FOUNDATION TRUST,C_502,Gynaecology Service,"2,765",609,22.00%,30.1,52.9,237,4
Y61,RD8,MILTON KEYNES UNIVERSITY HOSPITAL NHS FOUNDATION TRUST,X02,Other - Medical Services,"3,999","2,535",63.40%,13.5,34.8,14,2
Y61,RD8,MILTON KEYNES UNIVERSITY HOSPITAL NHS FOUNDATION TRUST,X03,Other - Mental Health Services,3,3,100.00%,-,-,0,0
Y61,RD8,MILTON KEYNES UNIVERSITY HOSPITAL NHS FOUNDATION TRUST,X04,Other - Paediatric Services,45,17,37.80%,22.5,31.8,0,0
Y61,RD8,MILTON KEYNES UNIVERSITY HOSPITAL NHS FOUNDATION TRUST,X05,Other - Surgical Services,"2,541","1,280",50.40%,17.8,45.4,80,1
Y61,RD8,MILTON KEYNES UNIVERSITY HOSPITAL NHS FOUNDATION TRUST,X06,Other - Other Services,447,390,87.20%,9.1,19.8,2,0
Y61,RDE,EAST SUFFOLK AND NORTH ESSEX NHS FOUNDATION TRUST,C_100,General Surgery Service,"11,995","6,320",52.70%,16.3,60.3,"1,517",160
Y61,RDE,EAST SUFFOLK AND NORTH ESSEX NHS FOUNDATION TRUST,C_101,Urology Service,"4,189","2,796",66.70%,11.8,35.5,62,3
Y61,RDE,EAST SUFFOLK AND NORTH ESSEX NHS FOUNDATION TRUST,C_110,Trauma and Orthopaedic Service,"10,500","5,374",51.20%,17.4,46.7,516,12
Y61,RDE,EAST SUFFOLK AND NORTH ESSEX NHS FOUNDATION TRUST,C_120,Ear Nose and Throat Service,"7,119","4,295",60.30%,13.6,42.8,195,1
Y61,RDE,EAST SUFFOLK AND NORTH ESSEX NHS FOUNDATION TRUST,C_130,Ophthalmology Service,"8,939","6,068",67.90%,12.2,31.2,19,0
Y61,RDE,EAST SUFFOLK AND NORTH ESSEX NHS FOUNDATION TRUST,C_140,Oral Surgery Service,"1,921","1,509",78.60%,9.5,27.7,10,3
Y61,RDE,EAST SUFFOLK AND NORTH ESSEX NHS FOUNDATION TRUST,C_150,Neurosurgical Service, -   , -   , -   ,-,-,0,0
Y61,RDE,EAST SUFFOLK AND NORTH ESSEX NHS FOUNDATION TRUST,C_160,Plastic Surgery Service,422,224,53.10%,16.6,44.7,6,0
Y61,RDE,EAST SUFFOLK AND NORTH ESSEX NHS FOUNDATION TRUST,C_170,Cardiothoracic Surgery Service,5,5,100.00%,-,-,0,0
Y61,RDE,EAST SUFFOLK AND NORTH ESSEX NHS FOUNDATION TRUST,C_300,General Internal Medicine Service,506,280,55.30%,15.6,35.4,0,0
Y61,RDE,EAST SUFFOLK AND NORTH ESSEX NHS FOUNDATION TRUST,C_301,Gastroenterology Service,"4,502","2,290",50.90%,17.5,52.3,370,69
Y61,RDE,EAST SUFFOLK AND NORTH ESSEX NHS FOUNDATION TRUST,C_320,Cardiology Service,"2,898","2,084",71.90%,11.3,28.4,1,0
Y61,RDE,EAST SUFFOLK AND NORTH ESSEX NHS FOUNDATION TRUST,C_330,Dermatology Service,"7,000","4,809",68.70%,10.6,39.3,272,1
Y61,RDE,EAST SUFFOLK AND NORTH ESSEX NHS FOUNDATION TRUST,C_340,Respiratory Medicine Service,"1,281",974,76.00%,8.9,26.3,11,0
Y61,RDE,EAST SUFFOLK AND NORTH ESSEX NHS FOUNDATION TRUST,C_400,Neurology Service,"1,881","1,585",84.30%,8.7,23,1,0
Y61,RDE,EAST SUFFOLK AND NORTH ESSEX NHS FOUNDATION TRUST,C_410,Rheumatology Service,885,816,92.20%,6.4,17.7,1,0
Y61,RDE,EAST SUFFOLK AND NORTH ESSEX NHS FOUNDATION TRUST,C_430,Elderly Medicine Service,89,89,100.00%,2,7.4,0,0
Y61,RDE,EAST SUFFOLK AND NORTH ESSEX NHS FOUNDATION TRUST,C_502,Gynaecology Service,"6,167","3,417",55.40%,15.6,48.6,382,19
Y61,RDE,EAST SUFFOLK AND NORTH ESSEX NHS FOUNDATION TRUST,X02,Other - Medical Services,"4,397","3,522",80.10%,8.2,27.3,29,5
Y61,RDE,EAST SUFFOLK AND NORTH ESSEX NHS FOUNDATION TRUST,X03,Other - Mental Health Services, -   , -   , -   ,-,-,0,0
Y61,RDE,EAST SUFFOLK AND NORTH ESSEX NHS FOUNDATION TRUST,X04,Other - Paediatric Services,"2,475","1,360",54.90%,16,33.1,0,0
Y61,RDE,EAST SUFFOLK AND NORTH ESSEX NHS FOUNDATION TRUST,X05,Other - Surgical Services,80,56,70.00%,4.5,48.3,2,0
Y61,RDE,EAST SUFFOLK AND NORTH ESSEX NHS FOUNDATION TRUST,X06,Other - Other Services,106,68,64.20%,12.1,65.5,14,5
Y61,RGM,ROYAL PAPWORTH HOSPITAL NHS FOUNDATION TRUST,C_100,General Surgery Service, -   , -   , -   ,-,-,0,0
Y61,RGM,ROYAL PAPWORTH HOSPITAL NHS FOUNDATION TRUST,C_101,Urology Service, -   , -   , -   ,-,-,0,0
Y61,RGM,ROYAL PAPWORTH HOSPITAL NHS FOUNDATION TRUST,C_110,Trauma and Orthopaedic Service, -   , -   , -   ,-,-,0,0
Y61,RGM,ROYAL PAPWORTH HOSPITAL NHS FOUNDATION TRUST,C_120,Ear Nose and Throat Service, -   , -   , -   ,-,-,0,0
Y61,RGM,ROYAL PAPWORTH HOSPITAL NHS FOUNDATION TRUST,C_130,Ophthalmology Service, -   , -   , -   ,-,-,0,0
Y61,RGM,ROYAL PAPWORTH HOSPITAL NHS FOUNDATION TRUST,C_140,Oral Surgery Service, -   , -   , -   ,-,-,0,0
Y61,RGM,ROYAL PAPWORTH HOSPITAL NHS FOUNDATION TRUST,C_150,Neurosurgical Service, -   , -   , -   ,-,-,0,0
Y61,RGM,ROYAL PAPWORTH HOSPITAL NHS FOUNDATION TRUST,C_160,Plastic Surgery Service, -   , -   , -   ,-,-,0,0
Y61,RGM,ROYAL PAPWORTH HOSPITAL NHS FOUNDATION TRUST,C_170,Cardiothoracic Surgery Service,597,415,69.50%,11.4,34.5,5,0
Y61,RGM,ROYAL PAPWORTH HOSPITAL NHS FOUNDATION TRUST,C_300,General Internal Medicine Service, -   , -   , -   ,-,-,0,0
Y61,RGM,ROYAL PAPWORTH HOSPITAL NHS FOUNDATION TRUST,C_301,Gastroenterology Service, -   , -   , -   ,-,-,0,0
Y61,RGM,ROYAL PAPWORTH HOSPITAL NHS FOUNDATION TRUST,C_320,Cardiology Service,"1,489","1,214",81.50%,10,22.8,0,0
Y61,RGM,ROYAL PAPWORTH HOSPITAL NHS FOUNDATION TRUST,C_330,Dermatology Service, -   , -   , -   ,-,-,0,0
Y61,RGM,ROYAL PAPWORTH HOSPITAL NHS FOUNDATION TRUST,C_340,Respiratory Medicine Service,"3,214","2,309",71.80%,11.4,26.9,0,0
Y61,RGM,ROYAL PAPWORTH HOSPITAL NHS FOUNDATION TRUST,C_400,Neurology Service, -   , -   , -   ,-,-,0,0
Y61,RGM,ROYAL PAPWORTH HOSPITAL NHS FOUNDATION TRUST,C_410,Rheumatology Service, -   , -   , -   ,-,-,0,0
Y61,RGM,ROYAL PAPWORTH HOSPITAL NHS FOUNDATION TRUST,C_430,Elderly Medicine Service, -   , -   , -   ,-,-,0,0
Y61,RGM,ROYAL PAPWORTH HOSPITAL NHS FOUNDATION TRUST,C_502,Gynaecology Service, -   , -   , -   ,-,-,0,0
Y61,RGM,ROYAL PAPWORTH HOSPITAL NHS FOUNDATION TRUST,X02,Other - Medical Services, -   , -   , -   ,-,-,0,0
Y61,RGM,ROYAL PAPWORTH HOSPITAL NHS FOUNDATION TRUST,X03,Other - Mental Health Services, -   , -   , -   ,-,-,0,0
Y61,RGM,ROYAL PAPWORTH HOSPITAL NHS FOUNDATION TRUST,X04,Other - Paediatric Services, -   , -   , -   ,-,-,0,0
Y61,RGM,ROYAL PAPWORTH HOSPITAL NHS FOUNDATION TRUST,X05,Other - Surgical Services, -   , -   , -   ,-,-,0,0
Y61,RGM,ROYAL PAPWORTH HOSPITAL NHS FOUNDATION TRUST,X06,Other - Other Services, -   , -   , -   ,-,-,0,0
Y61,RGN,NORTH WEST ANGLIA NHS FOUNDATION TRUST,C_100,General Surgery Service,"6,741","3,997",59.30%,14,44.6,246,6
Y61,RGN,NORTH WEST ANGLIA NHS FOUNDATION TRUST,C_101,Urology Service,"6,631","2,862",43.20%,22.1,60.3,890,147
Y61,RGN,NORTH WEST ANGLIA NHS FOUNDATION TRUST,C_110,Trauma and Orthopaedic Service,"6,117","3,403",55.60%,15.3,48.5,336,9
Y61,RGN,NORTH WEST ANGLIA NHS FOUNDATION TRUST,C_120,Ear Nose and Throat Service,"7,255","3,422",47.20%,19.4,57.1,737,155
Y61,RGN,NORTH WEST ANGLIA NHS FOUNDATION TRUST,C_130,Ophthalmology Service,"8,476","4,285",50.60%,17.7,61.8,"1,085",143
Y61,RGN,NORTH WEST ANGLIA NHS FOUNDATION TRUST,C_140,Oral Surgery Service,"1,952","1,060",54.30%,15.9,36.3,24,2
Y61,RGN,NORTH WEST ANGLIA NHS FOUNDATION TRUST,C_150,Neurosurgical Service, -   , -   , -   ,-,-,0,0
Y61,RGN,NORTH WEST ANGLIA NHS FOUNDATION TRUST,C_160,Plastic Surgery Service,"1,551",928,59.80%,12.8,55.3,159,7
Y61,RGN,NORTH WEST ANGLIA NHS FOUNDATION TRUST,C_170,Cardiothoracic Surgery Service, -   , -   , -   ,-,-,0,0
Y61,RGN,NORTH WEST ANGLIA NHS FOUNDATION TRUST,C_300,General Internal Medicine Service,54,36,66.70%,7.8,27.3,0,0
Y61,RGN,NORTH WEST ANGLIA NHS FOUNDATION TRUST,C_301,Gastroenterology Service,"4,058","2,386",58.80%,15,37.3,102,2
Y61,RGN,NORTH WEST ANGLIA NHS FOUNDATION TRUST,C_320,Cardiology Service,"4,215","2,430",57.70%,15.3,34.3,12,0
Y61,RGN,NORTH WEST ANGLIA NHS FOUNDATION TRUST,C_330,Dermatology Service,"4,460","2,513",56.30%,15.1,38.3,34,0
Y61,RGN,NORTH WEST ANGLIA NHS FOUNDATION TRUST,C_340,Respiratory Medicine Service,"1,589","1,161",73.10%,10.9,26.6,1,0
Y61,RGN,NORTH WEST ANGLIA NHS FOUNDATION TRUST,C_400,Neurology Service,"1,185",827,69.80%,11.5,29.5,2,1
Y61,RGN,NORTH WEST ANGLIA NHS FOUNDATION TRUST,C_410,Rheumatology Service,"1,389",955,68.80%,11.5,32.8,9,1
Y61,RGN,NORTH WEST ANGLIA NHS FOUNDATION TRUST,C_430,Elderly Medicine Service,797,513,64.40%,12.7,37,5,0
Y61,RGN,NORTH WEST ANGLIA NHS FOUNDATION TRUST,C_502,Gynaecology Service,"4,653","3,355",72.10%,10.2,31.3,20,0
Y61,RGN,NORTH WEST ANGLIA NHS FOUNDATION TRUST,X02,Other - Medical Services,"6,286","4,210",67.00%,11.6,37.3,180,23
Y61,RGN,NORTH WEST ANGLIA NHS FOUNDATION TRUST,X03,Other - Mental Health Services,8,6,75.00%,-,-,0,0
Y61,RGN,NORTH WEST ANGLIA NHS FOUNDATION TRUST,X04,Other - Paediatric Services,"1,298",753,58.00%,14.8,39.1,14,0
Y61,RGN,NORTH WEST ANGLIA NHS FOUNDATION TRUST,X05,Other - Surgical Services,607,590,97.20%,2.7,10.7,0,0
Y61,RGN,NORTH WEST ANGLIA NHS FOUNDATION TRUST,X06,Other - Other Services,553,376,68.00%,9.2,35,14,0
Y61,RGP,JAMES PAGET UNIVERSITY HOSPITALS NHS FOUNDATION TRUST,C_100,General Surgery Service,"2,916","1,754",60.20%,13.7,40.7,79,5
Y61,RGP,JAMES PAGET UNIVERSITY HOSPITALS NHS FOUNDATION TRUST,C_101,Urology Service, -   , -   , -   ,-,-,0,0
Y61,RGP,JAMES PAGET UNIVERSITY HOSPITALS NHS FOUNDATION TRUST,C_110,Trauma and Orthopaedic Service,"3,021","1,181",39.10%,22.5,57.5,360,14
Y61,RGP,JAMES PAGET UNIVERSITY HOSPITALS NHS FOUNDATION TRUST,C_120,Ear Nose and Throat Service, -   , -   , -   ,-,-,0,0
Y61,RGP,JAMES PAGET UNIVERSITY HOSPITALS NHS FOUNDATION TRUST,C_130,Ophthalmology Service,"3,332","1,865",56.00%,15.2,46.7,170,2
Y61,RGP,JAMES PAGET UNIVERSITY HOSPITALS NHS FOUNDATION TRUST,C_140,Oral Surgery Service,774,425,54.90%,15.7,42,30,3
Y61,RGP,JAMES PAGET UNIVERSITY HOSPITALS NHS FOUNDATION TRUST,C_150,Neurosurgical Service, -   , -   , -   ,-,-,0,0
Y61,RGP,JAMES PAGET UNIVERSITY HOSPITALS NHS FOUNDATION TRUST,C_160,Plastic Surgery Service,128,53,41.40%,20.5,36.7,1,0
Y61,RGP,JAMES PAGET UNIVERSITY HOSPITALS NHS FOUNDATION TRUST,C_170,Cardiothoracic Surgery Service, -   , -   , -   ,-,-,0,0
Y61,RGP,JAMES PAGET UNIVERSITY HOSPITALS NHS FOUNDATION TRUST,C_300,General Internal Medicine Service,62,47,75.80%,9.9,32,0,0
Y61,RGP,JAMES PAGET UNIVERSITY HOSPITALS NHS FOUNDATION TRUST,C_301,Gastroenterology Service,"1,213",913,75.30%,10.7,24.3,0,0
Y61,RGP,JAMES PAGET UNIVERSITY HOSPITALS NHS FOUNDATION TRUST,C_320,Cardiology Service,671,472,70.30%,12.4,30.7,3,0
Y61,RGP,JAMES PAGET UNIVERSITY HOSPITALS NHS FOUNDATION TRUST,C_330,Dermatology Service,"1,265","1,070",84.60%,7.2,22,2,0
Y61,RGP,JAMES PAGET UNIVERSITY HOSPITALS NHS FOUNDATION TRUST,C_340,Respiratory Medicine Service,480,318,66.30%,14.2,26.4,0,0
Y61,RGP,JAMES PAGET UNIVERSITY HOSPITALS NHS FOUNDATION TRUST,C_400,Neurology Service,778,528,67.90%,12.8,32.4,4,0
Y61,RGP,JAMES PAGET UNIVERSITY HOSPITALS NHS FOUNDATION TRUST,C_410,Rheumatology Service,462,360,77.90%,11.3,21.5,1,0
Y61,RGP,JAMES PAGET UNIVERSITY HOSPITALS NHS FOUNDATION TRUST,C_430,Elderly Medicine Service,4,4,100.00%,-,-,0,0
Y61,RGP,JAMES PAGET UNIVERSITY HOSPITALS NHS FOUNDATION TRUST,C_502,Gynaecology Service,"3,600","1,248",34.70%,29.1,66.6,821,102
Y61,RGP,JAMES PAGET UNIVERSITY HOSPITALS NHS FOUNDATION TRUST,X02,Other - Medical Services,617,454,73.60%,11.8,35.8,0,0
Y61,RGP,JAMES PAGET UNIVERSITY HOSPITALS NHS FOUNDATION TRUST,X03,Other - Mental Health Services, -   , -   , -   ,-,-,0,0
Y61,RGP,JAMES PAGET UNIVERSITY HOSPITALS NHS FOUNDATION TRUST,X04,Other - Paediatric Services,"2,101","1,047",49.80%,18.1,48.3,120,1
Y61,RGP,JAMES PAGET UNIVERSITY HOSPITALS NHS FOUNDATION TRUST,X05,Other - Surgical Services,"1,134",756,66.70%,10.8,38.1,36,6
Y61,RGP,JAMES PAGET UNIVERSITY HOSPITALS NHS FOUNDATION TRUST,X06,Other - Other Services,154,114,74.00%,13.6,22.4,0,0
Y61,RGR,WEST SUFFOLK NHS FOUNDATION TRUST,C_100,General Surgery Service,"2,447","1,392",56.90%,15.3,43.8,103,36
Y61,RGR,WEST SUFFOLK NHS FOUNDATION TRUST,C_101,Urology Service,"1,732",986,56.90%,15.1,53,150,12
Y61,RGR,WEST SUFFOLK NHS FOUNDATION TRUST,C_110,Trauma and Orthopaedic Service,"4,640","2,339",50.40%,17.8,59.6,561,110
Y61,RGR,WEST SUFFOLK NHS FOUNDATION TRUST,C_120,Ear Nose and Throat Service,"3,020","1,753",58.00%,14.9,42.8,108,12
Y61,RGR,WEST SUFFOLK NHS FOUNDATION TRUST,C_130,Ophthalmology Service,"2,045","1,436",70.20%,10.6,27.9,41,7
Y61,RGR,WEST SUFFOLK NHS FOUNDATION TRUST,C_140,Oral Surgery Service, -   , -   , -   ,-,-,0,0
Y61,RGR,WEST SUFFOLK NHS FOUNDATION TRUST,C_150,Neurosurgical Service, -   , -   , -   ,-,-,0,0
Y61,RGR,WEST SUFFOLK NHS FOUNDATION TRUST,C_160,Plastic Surgery Service,940,391,41.60%,23.6,59.1,157,11
Y61,RGR,WEST SUFFOLK NHS FOUNDATION TRUST,C_170,Cardiothoracic Surgery Service, -   , -   , -   ,-,-,0,0
Y61,RGR,WEST SUFFOLK NHS FOUNDATION TRUST,C_300,General Internal Medicine Service,"1,115",693,62.20%,13.7,35.8,21,2
Y61,RGR,WEST SUFFOLK NHS FOUNDATION TRUST,C_301,Gastroenterology Service,"1,166",868,74.40%,10.8,33.6,24,1
Y61,RGR,WEST SUFFOLK NHS FOUNDATION TRUST,C_320,Cardiology Service,687,603,87.80%,6.9,21.2,0,0
Y61,RGR,WEST SUFFOLK NHS FOUNDATION TRUST,C_330,Dermatology Service,"2,430","1,949",80.20%,9,24.5,6,0
Y61,RGR,WEST SUFFOLK NHS FOUNDATION TRUST,C_340,Respiratory Medicine Service,855,508,59.40%,13.4,34.5,7,1
Y61,RGR,WEST SUFFOLK NHS FOUNDATION TRUST,C_400,Neurology Service,659,599,90.90%,7.2,19,1,0
Y61,RGR,WEST SUFFOLK NHS FOUNDATION TRUST,C_410,Rheumatology Service,240,216,90.00%,3.7,20.4,1,0
Y61,RGR,WEST SUFFOLK NHS FOUNDATION TRUST,C_430,Elderly Medicine Service,65,55,84.60%,8,22.9,0,0
Y61,RGR,WEST SUFFOLK NHS FOUNDATION TRUST,C_502,Gynaecology Service,"2,427","1,362",56.10%,15.1,60.5,243,90
Y61,RGR,WEST SUFFOLK NHS FOUNDATION TRUST,X02,Other - Medical Services,"1,955","1,316",67.30%,10.5,42.6,50,8
Y61,RGR,WEST SUFFOLK NHS FOUNDATION TRUST,X03,Other - Mental Health Services,61,44,72.10%,9.5,25.1,0,0
Y61,RGR,WEST SUFFOLK NHS FOUNDATION TRUST,X04,Other - Paediatric Services,"1,871","1,235",66.00%,13.2,32.2,21,2
Y61,RGR,WEST SUFFOLK NHS FOUNDATION TRUST,X05,Other - Surgical Services,"2,870","2,145",74.70%,9.2,36.6,108,17
Y61,RGR,WEST SUFFOLK NHS FOUNDATION TRUST,X06,Other - Other Services,263,141,53.60%,16.3,46.5,16,5
Y61,RGT,CAMBRIDGE UNIVERSITY HOSPITALS NHS FOUNDATION TRUST,C_100,General Surgery Service,"1,220",656,53.80%,15.7,53.9,111,15
Y61,RGT,CAMBRIDGE UNIVERSITY HOSPITALS NHS FOUNDATION TRUST,C_101,Urology Service,"3,087","1,576",51.10%,17.3,43.5,115,12
Y61,RGT,CAMBRIDGE UNIVERSITY HOSPITALS NHS FOUNDATION TRUST,C_110,Trauma and Orthopaedic Service,"4,307","2,179",50.60%,17.6,52.5,355,21
Y61,RGT,CAMBRIDGE UNIVERSITY HOSPITALS NHS FOUNDATION TRUST,C_120,Ear Nose and Throat Service,"4,462","2,066",46.30%,19.8,61.2,672,74
Y61,RGT,CAMBRIDGE UNIVERSITY HOSPITALS NHS FOUNDATION TRUST,C_130,Ophthalmology Service,"5,708","3,005",52.60%,16.6,47.8,292,3
Y61,RGT,CAMBRIDGE UNIVERSITY HOSPITALS NHS FOUNDATION TRUST,C_140,Oral Surgery Service,"4,040","1,353",33.50%,27.8,62.3,692,17
Y61,RGT,CAMBRIDGE UNIVERSITY HOSPITALS NHS FOUNDATION TRUST,C_150,Neurosurgical Service,"1,449",968,66.80%,10.5,49.1,93,13
Y61,RGT,CAMBRIDGE UNIVERSITY HOSPITALS NHS FOUNDATION TRUST,C_160,Plastic Surgery Service,"1,337",986,73.70%,8.5,47.4,85,9
Y61,RGT,CAMBRIDGE UNIVERSITY HOSPITALS NHS FOUNDATION TRUST,C_170,Cardiothoracic Surgery Service, -   , -   , -   ,-,-,0,0
Y61,RGT,CAMBRIDGE UNIVERSITY HOSPITALS NHS FOUNDATION TRUST,C_300,General Internal Medicine Service,397,259,65.20%,13.3,31.2,0,0
Y61,RGT,CAMBRIDGE UNIVERSITY HOSPITALS NHS FOUNDATION TRUST,C_301,Gastroenterology Service,"1,732","1,490",86.00%,7.3,26.1,9,0
Y61,RGT,CAMBRIDGE UNIVERSITY HOSPITALS NHS FOUNDATION TRUST,C_320,Cardiology Service,"2,670","1,125",42.10%,23.9,66.4,524,72
Y61,RGT,CAMBRIDGE UNIVERSITY HOSPITALS NHS FOUNDATION TRUST,C_330,Dermatology Service,"3,323","2,067",62.20%,13.1,50.8,254,33
Y61,RGT,CAMBRIDGE UNIVERSITY HOSPITALS NHS FOUNDATION TRUST,C_340,Respiratory Medicine Service,907,711,78.40%,10.1,22.3,0,0
Y61,RGT,CAMBRIDGE UNIVERSITY HOSPITALS NHS FOUNDATION TRUST,C_400,Neurology Service,937,806,86.00%,8.3,21.8,6,1
Y61,RGT,CAMBRIDGE UNIVERSITY HOSPITALS NHS FOUNDATION TRUST,C_410,Rheumatology Service,"2,906","1,287",44.30%,21.7,63.6,501,22
Y61,RGT,CAMBRIDGE UNIVERSITY HOSPITALS NHS FOUNDATION TRUST,C_430,Elderly Medicine Service,132,123,93.20%,5.9,16.7,0,0
Y61,RGT,CAMBRIDGE UNIVERSITY HOSPITALS NHS FOUNDATION TRUST,C_502,Gynaecology Service,"3,888","1,910",49.10%,18.3,47.2,224,18
Y61,RGT,CAMBRIDGE UNIVERSITY HOSPITALS NHS FOUNDATION TRUST,X02,Other - Medical Services,"6,993","5,837",83.50%,8.1,24.4,14,0
Y61,RGT,CAMBRIDGE UNIVERSITY HOSPITALS NHS FOUNDATION TRUST,X03,Other - Mental Health Services,22,12,54.50%,15.8,44.2,1,0
Y61,RGT,CAMBRIDGE UNIVERSITY HOSPITALS NHS FOUNDATION TRUST,X04,Other - Paediatric Services,"4,952","3,060",61.80%,13.4,44.3,219,12
Y61,RGT,CAMBRIDGE UNIVERSITY HOSPITALS NHS FOUNDATION TRUST,X05,Other - Surgical Services,"4,614","2,820",61.10%,12.1,52.7,381,42
Y61,RGT,CAMBRIDGE UNIVERSITY HOSPITALS NHS FOUNDATION TRUST,X06,Other - Other Services,877,670,76.40%,7.1,30,6,1
Y61,RM1,NORFOLK AND NORWICH UNIVERSITY HOSPITALS NHS FOUNDATION TRUST,C_100,General Surgery Service,"5,991","3,383",56.50%,13.6,58.4,680,76
Y61,RM1,NORFOLK AND NORWICH UNIVERSITY HOSPITALS NHS FOUNDATION TRUST,C_101,Urology Service,"7,301","3,893",53.30%,16.1,51.8,577,92
Y61,RM1,NORFOLK AND NORWICH UNIVERSITY HOSPITALS NHS FOUNDATION TRUST,C_110,Trauma and Orthopaedic Service,"11,009","3,641",33.10%,28.4,72.6,"2,477",611
Y61,RM1,NORFOLK AND NORWICH UNIVERSITY HOSPITALS NHS FOUNDATION TRUST,C_120,Ear Nose and Throat Service,"10,269","4,245",41.30%,22.2,63.3,"1,670",138
Y61,RM1,NORFOLK AND NORWICH UNIVERSITY HOSPITALS NHS FOUNDATION TRUST,C_130,Ophthalmology Service,"6,602","3,241",49.10%,18.5,54.7,692,63
Y61,RM1,NORFOLK AND NORWICH UNIVERSITY HOSPITALS NHS FOUNDATION TRUST,C_140,Oral Surgery Service,"2,361","1,229",52.10%,17.2,48,141,11
Y61,RM1,NORFOLK AND NORWICH UNIVERSITY HOSPITALS NHS FOUNDATION TRUST,C_150,Neurosurgical Service, -   , -   , -   ,-,-,0,0
Y61,RM1,NORFOLK AND NORWICH UNIVERSITY HOSPITALS NHS FOUNDATION TRUST,C_160,Plastic Surgery Service,"2,334",923,39.50%,23.8,60.3,350,46
Y61,RM1,NORFOLK AND NORWICH UNIVERSITY HOSPITALS NHS FOUNDATION TRUST,C_170,Cardiothoracic Surgery Service, -   , -   , -   ,-,-,0,0
Y61,RM1,NORFOLK AND NORWICH UNIVERSITY HOSPITALS NHS FOUNDATION TRUST,C_300,General Internal Medicine Service, -   , -   , -   ,-,-,0,0
Y61,RM1,NORFOLK AND NORWICH UNIVERSITY HOSPITALS NHS FOUNDATION TRUST,C_301,Gastroenterology Service,"2,995","2,146",71.70%,8.4,41.6,41,0
Y61,RM1,NORFOLK AND NORWICH UNIVERSITY HOSPITALS NHS FOUNDATION TRUST,C_320,Cardiology Service,"3,590","2,271",63.30%,12.8,40.2,100,3
Y61,RM1,NORFOLK AND NORWICH UNIVERSITY HOSPITALS NHS FOUNDATION TRUST,C_330,Dermatology Service,"9,181","3,288",35.80%,28.7,68.6,"2,347",214
Y61,RM1,NORFOLK AND NORWICH UNIVERSITY HOSPITALS NHS FOUNDATION TRUST,C_340,Respiratory Medicine Service,"1,517",827,54.50%,16.2,38.5,22,0
Y61,RM1,NORFOLK AND NORWICH UNIVERSITY HOSPITALS NHS FOUNDATION TRUST,C_400,Neurology Service,"2,539","1,621",63.80%,13.5,28.5,16,0
Y61,RM1,NORFOLK AND NORWICH UNIVERSITY HOSPITALS NHS FOUNDATION TRUST,C_410,Rheumatology Service,"1,015",911,89.80%,7.9,19.5,1,0
Y61,RM1,NORFOLK AND NORWICH UNIVERSITY HOSPITALS NHS FOUNDATION TRUST,C_430,Elderly Medicine Service,74,69,93.20%,5.5,15.1,0,0
Y61,RM1,NORFOLK AND NORWICH UNIVERSITY HOSPITALS NHS FOUNDATION TRUST,C_502,Gynaecology Service,"7,056","2,733",38.70%,27.6,70.9,"1,717",286
Y61,RM1,NORFOLK AND NORWICH UNIVERSITY HOSPITALS NHS FOUNDATION TRUST,X02,Other - Medical Services,"5,752","3,928",68.30%,11.6,34.7,134,24
Y61,RM1,NORFOLK AND NORWICH UNIVERSITY HOSPITALS NHS FOUNDATION TRUST,X03,Other - Mental Health Services,1,1,100.00%,-,-,0,0
Y61,RM1,NORFOLK AND NORWICH UNIVERSITY HOSPITALS NHS FOUNDATION TRUST,X04,Other - Paediatric Services,"5,948","2,845",47.80%,18.9,58.9,707,77
Y61,RM1,NORFOLK AND NORWICH UNIVERSITY HOSPITALS NHS FOUNDATION TRUST,X05,Other - Surgical Services,"1,188",704,59.30%,13.8,47.8,75,13
Y61,RM1,NORFOLK AND NORWICH UNIVERSITY HOSPITALS NHS FOUNDATION TRUST,X06,Other - Other Services,726,554,76.30%,7.6,35.9,48,13
Y61,RQW,THE PRINCESS ALEXANDRA HOSPITAL NHS TRUST,C_100,General Surgery Service,"3,752","2,045",54.50%,16,47.4,203,13
Y61,RQW,THE PRINCESS ALEXANDRA HOSPITAL NHS TRUST,C_101,Urology Service,"1,568",833,53.10%,16.2,56.4,177,18
Y61,RQW,THE PRINCESS ALEXANDRA HOSPITAL NHS TRUST,C_110,Trauma and Orthopaedic Service,"3,367","1,410",41.90%,22.2,59.6,379,71
Y61,RQW,THE PRINCESS ALEXANDRA HOSPITAL NHS TRUST,C_120,Ear Nose and Throat Service,"2,469","1,152",46.70%,19.3,47.9,154,49
Y61,RQW,THE PRINCESS ALEXANDRA HOSPITAL NHS TRUST,C_130,Ophthalmology Service,"1,776",956,53.80%,16.1,49.1,114,15
Y61,RQW,THE PRINCESS ALEXANDRA HOSPITAL NHS TRUST,C_140,Oral Surgery Service,"1,159",576,49.70%,18.1,51.2,86,9
Y61,RQW,THE PRINCESS ALEXANDRA HOSPITAL NHS TRUST,C_150,Neurosurgical Service, -   , -   , -   ,-,-,0,0
Y61,RQW,THE PRINCESS ALEXANDRA HOSPITAL NHS TRUST,C_160,Plastic Surgery Service,2,1,50.00%,-,-,0,0
Y61,RQW,THE PRINCESS ALEXANDRA HOSPITAL NHS TRUST,C_170,Cardiothoracic Surgery Service, -   , -   , -   ,-,-,0,0
Y61,RQW,THE PRINCESS ALEXANDRA HOSPITAL NHS TRUST,C_300,General Internal Medicine Service,451,223,49.40%,18.2,50.3,32,0
Y61,RQW,THE PRINCESS ALEXANDRA HOSPITAL NHS TRUST,C_301,Gastroenterology Service,"2,076",994,47.90%,18.9,51,147,10
Y61,RQW,THE PRINCESS ALEXANDRA HOSPITAL NHS TRUST,C_320,Cardiology Service,"2,406",980,40.70%,21,50.8,165,2
Y61,RQW,THE PRINCESS ALEXANDRA HOSPITAL NHS TRUST,C_330,Dermatology Service,"1,824","1,187",65.10%,11,41.7,53,1
Y61,RQW,THE PRINCESS ALEXANDRA HOSPITAL NHS TRUST,C_340,Respiratory Medicine Service,716,400,55.90%,14.2,32.7,0,0
Y61,RQW,THE PRINCESS ALEXANDRA HOSPITAL NHS TRUST,C_400,Neurology Service,507,327,64.50%,14.4,37.4,6,0
Y61,RQW,THE PRINCESS ALEXANDRA HOSPITAL NHS TRUST,C_410,Rheumatology Service,600,254,42.30%,23,50.8,44,6
Y61,RQW,THE PRINCESS ALEXANDRA HOSPITAL NHS TRUST,C_430,Elderly Medicine Service,19,11,57.90%,-,-,0,0
Y61,RQW,THE PRINCESS ALEXANDRA HOSPITAL NHS TRUST,C_502,Gynaecology Service,"1,484",742,50.00%,18,59.4,183,5
Y61,RQW,THE PRINCESS ALEXANDRA HOSPITAL NHS TRUST,X02,Other - Medical Services,490,200,40.80%,22.2,67.5,103,9
Y61,RQW,THE PRINCESS ALEXANDRA HOSPITAL NHS TRUST,X03,Other - Mental Health Services, -   , -   , -   ,-,-,0,0
Y61,RQW,THE PRINCESS ALEXANDRA HOSPITAL NHS TRUST,X04,Other - Paediatric Services,873,626,71.70%,7.8,36.3,9,0
Y61,RQW,THE PRINCESS ALEXANDRA HOSPITAL NHS TRUST,X05,Other - Surgical Services,36,18,50.00%,19.2,58.1,3,0
Y61,RQW,THE PRINCESS ALEXANDRA HOSPITAL NHS TRUST,X06,Other - Other Services,"1,048",623,59.40%,13.8,45.1,40,0
Y61,RT1,CAMBRIDGESHIRE AND PETERBOROUGH NHS FOUNDATION TRUST,C_100,General Surgery Service, -   , -   , -   ,-,-,0,0
Y61,RT1,CAMBRIDGESHIRE AND PETERBOROUGH NHS FOUNDATION TRUST,C_101,Urology Service, -   , -   , -   ,-,-,0,0
Y61,RT1,CAMBRIDGESHIRE AND PETERBOROUGH NHS FOUNDATION TRUST,C_110,Trauma and Orthopaedic Service, -   , -   , -   ,-,-,0,0
Y61,RT1,CAMBRIDGESHIRE AND PETERBOROUGH NHS FOUNDATION TRUST,C_120,Ear Nose and Throat Service, -   , -   , -   ,-,-,0,0
Y61,RT1,CAMBRIDGESHIRE AND PETERBOROUGH NHS FOUNDATION TRUST,C_130,Ophthalmology Service, -   , -   , -   ,-,-,0,0
Y61,RT1,CAMBRIDGESHIRE AND PETERBOROUGH NHS FOUNDATION TRUST,C_140,Oral Surgery Service, -   , -   , -   ,-,-,0,0
Y61,RT1,CAMBRIDGESHIRE AND PETERBOROUGH NHS FOUNDATION TRUST,C_150,Neurosurgical Service, -   , -   , -   ,-,-,0,0
Y61,RT1,CAMBRIDGESHIRE AND PETERBOROUGH NHS FOUNDATION TRUST,C_160,Plastic Surgery Service, -   , -   , -   ,-,-,0,0
Y61,RT1,CAMBRIDGESHIRE AND PETERBOROUGH NHS FOUNDATION TRUST,C_170,Cardiothoracic Surgery Service, -   , -   , -   ,-,-,0,0
Y61,RT1,CAMBRIDGESHIRE AND PETERBOROUGH NHS FOUNDATION TRUST,C_300,General Internal Medicine Service, -   , -   , -   ,-,-,0,0
Y61,RT1,CAMBRIDGESHIRE AND PETERBOROUGH NHS FOUNDATION TRUST,C_301,Gastroenterology Service, -   , -   , -   ,-,-,0,0
Y61,RT1,CAMBRIDGESHIRE AND PETERBOROUGH NHS FOUNDATION TRUST,C_320,Cardiology Service, -   , -   , -   ,-,-,0,0
Y61,RT1,CAMBRIDGESHIRE AND PETERBOROUGH NHS FOUNDATION TRUST,C_330,Dermatology Service, -   , -   , -   ,-,-,0,0
Y61,RT1,CAMBRIDGESHIRE AND PETERBOROUGH NHS FOUNDATION TRUST,C_340,Respiratory Medicine Service, -   , -   , -   ,-,-,0,0
Y61,RT1,CAMBRIDGESHIRE AND PETERBOROUGH NHS FOUNDATION TRUST,C_400,Neurology Service, -   , -   , -   ,-,-,0,0
Y61,RT1,CAMBRIDGESHIRE AND PETERBOROUGH NHS FOUNDATION TRUST,C_410,Rheumatology Service, -   , -   , -   ,-,-,0,0
Y61,RT1,CAMBRIDGESHIRE AND PETERBOROUGH NHS FOUNDATION TRUST,C_430,Elderly Medicine Service, -   , -   , -   ,-,-,0,0
Y61,RT1,CAMBRIDGESHIRE AND PETERBOROUGH NHS FOUNDATION TRUST,C_502,Gynaecology Service, -   , -   , -   ,-,-,0,0
Y61,RT1,CAMBRIDGESHIRE AND PETERBOROUGH NHS FOUNDATION TRUST,X02,Other - Medical Services, -   , -   , -   ,-,-,0,0
Y61,RT1,CAMBRIDGESHIRE AND PETERBOROUGH NHS FOUNDATION TRUST,X03,Other - Mental Health Services, -   , -   , -   ,-,-,0,0
Y61,RT1,CAMBRIDGESHIRE AND PETERBOROUGH NHS FOUNDATION TRUST,X04,Other - Paediatric Services, -   , -   , -   ,-,-,0,0
Y61,RT1,CAMBRIDGESHIRE AND PETERBOROUGH NHS FOUNDATION TRUST,X05,Other - Surgical Services, -   , -   , -   ,-,-,0,0
Y61,RT1,CAMBRIDGESHIRE AND PETERBOROUGH NHS FOUNDATION TRUST,X06,Other - Other Services,28,15,53.60%,13.5,33.4,1,0
Y61,RWG,WEST HERTFORDSHIRE TEACHING HOSPITALS NHS TRUST,C_100,General Surgery Service,"5,350","2,202",41.20%,23,53.1,458,55
Y61,RWG,WEST HERTFORDSHIRE TEACHING HOSPITALS NHS TRUST,C_101,Urology Service,"3,246","1,268",39.10%,23.4,50.7,227,9
Y61,RWG,WEST HERTFORDSHIRE TEACHING HOSPITALS NHS TRUST,C_110,Trauma and Orthopaedic Service,"4,670","2,009",43.00%,22,54.1,425,36
Y61,RWG,WEST HERTFORDSHIRE TEACHING HOSPITALS NHS TRUST,C_120,Ear Nose and Throat Service,"3,516","1,758",50.00%,18,46.7,167,6
Y61,RWG,WEST HERTFORDSHIRE TEACHING HOSPITALS NHS TRUST,C_130,Ophthalmology Service,"3,880","2,128",54.80%,15.4,45.4,111,0
Y61,RWG,WEST HERTFORDSHIRE TEACHING HOSPITALS NHS TRUST,C_140,Oral Surgery Service,"1,741","1,019",58.50%,13.9,42.9,13,1
Y61,RWG,WEST HERTFORDSHIRE TEACHING HOSPITALS NHS TRUST,C_150,Neurosurgical Service, -   , -   , -   ,-,-,0,0
Y61,RWG,WEST HERTFORDSHIRE TEACHING HOSPITALS NHS TRUST,C_160,Plastic Surgery Service, -   , -   , -   ,-,-,0,0
Y61,RWG,WEST HERTFORDSHIRE TEACHING HOSPITALS NHS TRUST,C_170,Cardiothoracic Surgery Service, -   , -   , -   ,-,-,0,0
Y61,RWG,WEST HERTFORDSHIRE TEACHING HOSPITALS NHS TRUST,C_300,General Internal Medicine Service,372,184,49.50%,18.2,35,3,0
Y61,RWG,WEST HERTFORDSHIRE TEACHING HOSPITALS NHS TRUST,C_301,Gastroenterology Service,"7,694","3,931",51.10%,17.4,44.2,138,0
Y61,RWG,WEST HERTFORDSHIRE TEACHING HOSPITALS NHS TRUST,C_320,Cardiology Service,"6,652","2,595",39.00%,24,51.9,518,1
Y61,RWG,WEST HERTFORDSHIRE TEACHING HOSPITALS NHS TRUST,C_330,Dermatology Service,"6,145","2,770",45.10%,19.5,42.5,75,0
Y61,RWG,WEST HERTFORDSHIRE TEACHING HOSPITALS NHS TRUST,C_340,Respiratory Medicine Service,"2,449","1,145",46.80%,19.1,41.4,3,0
Y61,RWG,WEST HERTFORDSHIRE TEACHING HOSPITALS NHS TRUST,C_400,Neurology Service,"2,729","1,450",53.10%,16.5,44.5,27,0
Y61,RWG,WEST HERTFORDSHIRE TEACHING HOSPITALS NHS TRUST,C_410,Rheumatology Service,"1,044",480,46.00%,19.1,46.7,41,0
Y61,RWG,WEST HERTFORDSHIRE TEACHING HOSPITALS NHS TRUST,C_430,Elderly Medicine Service,116,84,72.40%,11.1,28.7,0,0
Y61,RWG,WEST HERTFORDSHIRE TEACHING HOSPITALS NHS TRUST,C_502,Gynaecology Service,"2,058","1,087",52.80%,16.6,33.9,2,1
Y61,RWG,WEST HERTFORDSHIRE TEACHING HOSPITALS NHS TRUST,X02,Other - Medical Services,"5,355","3,308",61.80%,13.3,44.5,237,5
Y61,RWG,WEST HERTFORDSHIRE TEACHING HOSPITALS NHS TRUST,X03,Other - Mental Health Services,10,10,100.00%,-,-,0,0
Y61,RWG,WEST HERTFORDSHIRE TEACHING HOSPITALS NHS TRUST,X04,Other - Paediatric Services,"1,031",444,43.10%,20.3,52.1,83,0
Y61,RWG,WEST HERTFORDSHIRE TEACHING HOSPITALS NHS TRUST,X05,Other - Surgical Services,"1,921","1,169",60.90%,12.5,42.6,55,1
Y61,RWG,WEST HERTFORDSHIRE TEACHING HOSPITALS NHS TRUST,X06,Other - Other Services,271,229,84.50%,7.5,23.4,0,0
Y61,RWH,EAST AND NORTH HERTFORDSHIRE NHS TRUST,C_100,General Surgery Service,"2,549","1,451",56.90%,14,46.8,129,6
Y61,RWH,EAST AND NORTH HERTFORDSHIRE NHS TRUST,C_101,Urology Service,"2,270","1,148",50.60%,17.7,47.3,133,7
Y61,RWH,EAST AND NORTH HERTFORDSHIRE NHS TRUST,C_110,Trauma and Orthopaedic Service,"3,827","1,569",41.00%,24.2,68.9,796,120
Y61,RWH,EAST AND NORTH HERTFORDSHIRE NHS TRUST,C_120,Ear Nose and Throat Service,"4,429","2,175",49.10%,18.3,46.4,241,19
Y61,RWH,EAST AND NORTH HERTFORDSHIRE NHS TRUST,C_130,Ophthalmology Service,"6,210","3,024",48.70%,18.6,47.5,248,2
Y61,RWH,EAST AND NORTH HERTFORDSHIRE NHS TRUST,C_140,Oral Surgery Service,"2,039",823,40.40%,25.1,65.1,342,30
Y61,RWH,EAST AND NORTH HERTFORDSHIRE NHS TRUST,C_150,Neurosurgical Service,1,1,100.00%,-,-,0,0
Y61,RWH,EAST AND NORTH HERTFORDSHIRE NHS TRUST,C_160,Plastic Surgery Service,"1,998","1,399",70.00%,10.6,32.3,28,1
Y61,RWH,EAST AND NORTH HERTFORDSHIRE NHS TRUST,C_170,Cardiothoracic Surgery Service,46,41,89.10%,5.4,20.3,0,0
Y61,RWH,EAST AND NORTH HERTFORDSHIRE NHS TRUST,C_300,General Internal Medicine Service,32,32,100.00%,1.1,3.6,0,0
Y61,RWH,EAST AND NORTH HERTFORDSHIRE NHS TRUST,C_301,Gastroenterology Service,"4,851","1,641",33.80%,27.8,73.5,"1,230",203
Y61,RWH,EAST AND NORTH HERTFORDSHIRE NHS TRUST,C_320,Cardiology Service,"2,971","2,420",81.50%,8.6,25.5,4,0
Y61,RWH,EAST AND NORTH HERTFORDSHIRE NHS TRUST,C_330,Dermatology Service,"1,623",934,57.50%,15.1,40.2,22,1
Y61,RWH,EAST AND NORTH HERTFORDSHIRE NHS TRUST,C_340,Respiratory Medicine Service,"1,217",831,68.30%,12.9,29.6,2,0
Y61,RWH,EAST AND NORTH HERTFORDSHIRE NHS TRUST,C_400,Neurology Service,718,634,88.30%,6.4,22.5,3,1
Y61,RWH,EAST AND NORTH HERTFORDSHIRE NHS TRUST,C_410,Rheumatology Service,880,460,52.30%,16.7,36.2,7,1
Y61,RWH,EAST AND NORTH HERTFORDSHIRE NHS TRUST,C_430,Elderly Medicine Service,252,182,72.20%,11.3,30.1,2,0
Y61,RWH,EAST AND NORTH HERTFORDSHIRE NHS TRUST,C_502,Gynaecology Service,"4,021","2,431",60.50%,13.9,41.7,102,2
Y61,RWH,EAST AND NORTH HERTFORDSHIRE NHS TRUST,X02,Other - Medical Services, -   , -   , -   ,-,-,0,0
Y61,RWH,EAST AND NORTH HERTFORDSHIRE NHS TRUST,X03,Other - Mental Health Services, -   , -   , -   ,-,-,0,0
Y61,RWH,EAST AND NORTH HERTFORDSHIRE NHS TRUST,X04,Other - Paediatric Services, -   , -   , -   ,-,-,0,0
Y61,RWH,EAST AND NORTH HERTFORDSHIRE NHS TRUST,X05,Other - Surgical Services, -   , -   , -   ,-,-,0,0
Y61,RWH,EAST AND NORTH HERTFORDSHIRE NHS TRUST,X06,Other - Other Services,"18,037","9,961",55.20%,15.5,51.5,"1,398",65
Y61,RY3,NORFOLK COMMUNITY HEALTH AND CARE NHS TRUST,C_100,General Surgery Service, -   , -   , -   ,-,-,0,0
Y61,RY3,NORFOLK COMMUNITY HEALTH AND CARE NHS TRUST,C_101,Urology Service, -   , -   , -   ,-,-,0,0
Y61,RY3,NORFOLK COMMUNITY HEALTH AND CARE NHS TRUST,C_110,Trauma and Orthopaedic Service,830,739,89.00%,5.3,21.2,0,0
Y61,RY3,NORFOLK COMMUNITY HEALTH AND CARE NHS TRUST,C_120,Ear Nose and Throat Service, -   , -   , -   ,-,-,0,0
Y61,RY3,NORFOLK COMMUNITY HEALTH AND CARE NHS TRUST,C_130,Ophthalmology Service, -   , -   , -   ,-,-,0,0
Y61,RY3,NORFOLK COMMUNITY HEALTH AND CARE NHS TRUST,C_140,Oral Surgery Service, -   , -   , -   ,-,-,0,0
Y61,RY3,NORFOLK COMMUNITY HEALTH AND CARE NHS TRUST,C_150,Neurosurgical Service, -   , -   , -   ,-,-,0,0
Y61,RY3,NORFOLK COMMUNITY HEALTH AND CARE NHS TRUST,C_160,Plastic Surgery Service, -   , -   , -   ,-,-,0,0
Y61,RY3,NORFOLK COMMUNITY HEALTH AND CARE NHS TRUST,C_170,Cardiothoracic Surgery Service, -   , -   , -   ,-,-,0,0
Y61,RY3,NORFOLK COMMUNITY HEALTH AND CARE NHS TRUST,C_300,General Internal Medicine Service, -   , -   , -   ,-,-,0,0
Y61,RY3,NORFOLK COMMUNITY HEALTH AND CARE NHS TRUST,C_301,Gastroenterology Service, -   , -   , -   ,-,-,0,0
Y61,RY3,NORFOLK COMMUNITY HEALTH AND CARE NHS TRUST,C_320,Cardiology Service, -   , -   , -   ,-,-,0,0
Y61,RY3,NORFOLK COMMUNITY HEALTH AND CARE NHS TRUST,C_330,Dermatology Service, -   , -   , -   ,-,-,0,0
Y61,RY3,NORFOLK COMMUNITY HEALTH AND CARE NHS TRUST,C_340,Respiratory Medicine Service, -   , -   , -   ,-,-,0,0
Y61,RY3,NORFOLK COMMUNITY HEALTH AND CARE NHS TRUST,C_400,Neurology Service, -   , -   , -   ,-,-,0,0
Y61,RY3,NORFOLK COMMUNITY HEALTH AND CARE NHS TRUST,C_410,Rheumatology Service, -   , -   , -   ,-,-,0,0
Y61,RY3,NORFOLK COMMUNITY HEALTH AND CARE NHS TRUST,C_430,Elderly Medicine Service, -   , -   , -   ,-,-,0,0
Y61,RY3,NORFOLK COMMUNITY HEALTH AND CARE NHS TRUST,C_502,Gynaecology Service, -   , -   , -   ,-,-,0,0
Y61,RY3,NORFOLK COMMUNITY HEALTH AND CARE NHS TRUST,X02,Other - Medical Services, -   , -   , -   ,-,-,0,0
Y61,RY3,NORFOLK COMMUNITY HEALTH AND CARE NHS TRUST,X03,Other - Mental Health Services, -   , -   , -   ,-,-,0,0
Y61,RY3,NORFOLK COMMUNITY HEALTH AND CARE NHS TRUST,X04,Other - Paediatric Services,345,321,93.00%,9.8,17.6,0,0
Y61,RY3,NORFOLK COMMUNITY HEALTH AND CARE NHS TRUST,X05,Other - Surgical Services, -   , -   , -   ,-,-,0,0
Y61,RY3,NORFOLK COMMUNITY HEALTH AND CARE NHS TRUST,X06,Other - Other Services,78,73,93.60%,4.8,15.8,0,0
Y61,RY4,HERTFORDSHIRE COMMUNITY NHS TRUST,C_100,General Surgery Service, -   , -   , -   ,-,-,0,0
Y61,RY4,HERTFORDSHIRE COMMUNITY NHS TRUST,C_101,Urology Service, -   , -   , -   ,-,-,0,0
Y61,RY4,HERTFORDSHIRE COMMUNITY NHS TRUST,C_110,Trauma and Orthopaedic Service, -   , -   , -   ,-,-,0,0
Y61,RY4,HERTFORDSHIRE COMMUNITY NHS TRUST,C_120,Ear Nose and Throat Service, -   , -   , -   ,-,-,0,0
Y61,RY4,HERTFORDSHIRE COMMUNITY NHS TRUST,C_130,Ophthalmology Service, -   , -   , -   ,-,-,0,0
Y61,RY4,HERTFORDSHIRE COMMUNITY NHS TRUST,C_140,Oral Surgery Service, -   , -   , -   ,-,-,0,0
Y61,RY4,HERTFORDSHIRE COMMUNITY NHS TRUST,C_150,Neurosurgical Service, -   , -   , -   ,-,-,0,0
Y61,RY4,HERTFORDSHIRE COMMUNITY NHS TRUST,C_160,Plastic Surgery Service, -   , -   , -   ,-,-,0,0
Y61,RY4,HERTFORDSHIRE COMMUNITY NHS TRUST,C_170,Cardiothoracic Surgery Service, -   , -   , -   ,-,-,0,0
Y61,RY4,HERTFORDSHIRE COMMUNITY NHS TRUST,C_300,General Internal Medicine Service, -   , -   , -   ,-,-,0,0
Y61,RY4,HERTFORDSHIRE COMMUNITY NHS TRUST,C_301,Gastroenterology Service, -   , -   , -   ,-,-,0,0
Y61,RY4,HERTFORDSHIRE COMMUNITY NHS TRUST,C_320,Cardiology Service, -   , -   , -   ,-,-,0,0
Y61,RY4,HERTFORDSHIRE COMMUNITY NHS TRUST,C_330,Dermatology Service, -   , -   , -   ,-,-,0,0
Y61,RY4,HERTFORDSHIRE COMMUNITY NHS TRUST,C_340,Respiratory Medicine Service, -   , -   , -   ,-,-,0,0
Y61,RY4,HERTFORDSHIRE COMMUNITY NHS TRUST,C_400,Neurology Service, -   , -   , -   ,-,-,0,0
Y61,RY4,HERTFORDSHIRE COMMUNITY NHS TRUST,C_410,Rheumatology Service, -   , -   , -   ,-,-,0,0
Y61,RY4,HERTFORDSHIRE COMMUNITY NHS TRUST,C_430,Elderly Medicine Service, -   , -   , -   ,-,-,0,0
Y61,RY4,HERTFORDSHIRE COMMUNITY NHS TRUST,C_502,Gynaecology Service, -   , -   , -   ,-,-,0,0
Y61,RY4,HERTFORDSHIRE COMMUNITY NHS TRUST,X02,Other - Medical Services,"1,649","1,588",96.30%,8.4,16.7,0,0
Y61,RY4,HERTFORDSHIRE COMMUNITY NHS TRUST,X03,Other - Mental Health Services, -   , -   , -   ,-,-,0,0
Y61,RY4,HERTFORDSHIRE COMMUNITY NHS TRUST,X04,Other - Paediatric Services,"3,050","1,450",47.50%,18.7,42.7,106,0
Y61,RY4,HERTFORDSHIRE COMMUNITY NHS TRUST,X05,Other - Surgical Services, -   , -   , -   ,-,-,0,0
Y61,RY4,HERTFORDSHIRE COMMUNITY NHS TRUST,X06,Other - Other Services, -   , -   , -   ,-,-,0,0
Y61,RYV,CAMBRIDGESHIRE COMMUNITY SERVICES NHS TRUST,C_100,General Surgery Service, -   , -   , -   ,-,-,0,0
Y61,RYV,CAMBRIDGESHIRE COMMUNITY SERVICES NHS TRUST,C_101,Urology Service, -   , -   , -   ,-,-,0,0
Y61,RYV,CAMBRIDGESHIRE COMMUNITY SERVICES NHS TRUST,C_110,Trauma and Orthopaedic Service, -   , -   , -   ,-,-,0,0
Y61,RYV,CAMBRIDGESHIRE COMMUNITY SERVICES NHS TRUST,C_120,Ear Nose and Throat Service, -   , -   , -   ,-,-,0,0
Y61,RYV,CAMBRIDGESHIRE COMMUNITY SERVICES NHS TRUST,C_130,Ophthalmology Service, -   , -   , -   ,-,-,0,0
Y61,RYV,CAMBRIDGESHIRE COMMUNITY SERVICES NHS TRUST,C_140,Oral Surgery Service,190,145,76.30%,10.6,28.5,0,0
Y61,RYV,CAMBRIDGESHIRE COMMUNITY SERVICES NHS TRUST,C_150,Neurosurgical Service, -   , -   , -   ,-,-,0,0
Y61,RYV,CAMBRIDGESHIRE COMMUNITY SERVICES NHS TRUST,C_160,Plastic Surgery Service, -   , -   , -   ,-,-,0,0
Y61,RYV,CAMBRIDGESHIRE COMMUNITY SERVICES NHS TRUST,C_170,Cardiothoracic Surgery Service, -   , -   , -   ,-,-,0,0
Y61,RYV,CAMBRIDGESHIRE COMMUNITY SERVICES NHS TRUST,C_300,General Internal Medicine Service, -   , -   , -   ,-,-,0,0
Y61,RYV,CAMBRIDGESHIRE COMMUNITY SERVICES NHS TRUST,C_301,Gastroenterology Service, -   , -   , -   ,-,-,0,0
Y61,RYV,CAMBRIDGESHIRE COMMUNITY SERVICES NHS TRUST,C_320,Cardiology Service, -   , -   , -   ,-,-,0,0
Y61,RYV,CAMBRIDGESHIRE COMMUNITY SERVICES NHS TRUST,C_330,Dermatology Service, -   , -   , -   ,-,-,0,0
Y61,RYV,CAMBRIDGESHIRE COMMUNITY SERVICES NHS TRUST,C_340,Respiratory Medicine Service, -   , -   , -   ,-,-,0,0
Y61,RYV,CAMBRIDGESHIRE COMMUNITY SERVICES NHS TRUST,C_400,Neurology Service, -   , -   , -   ,-,-,0,0
Y61,RYV,CAMBRIDGESHIRE COMMUNITY SERVICES NHS TRUST,C_410,Rheumatology Service, -   , -   , -   ,-,-,0,0
Y61,RYV,CAMBRIDGESHIRE COMMUNITY SERVICES NHS TRUST,C_430,Elderly Medicine Service, -   , -   , -   ,-,-,0,0
Y61,RYV,CAMBRIDGESHIRE COMMUNITY SERVICES NHS TRUST,C_502,Gynaecology Service, -   , -   , -   ,-,-,0,0
Y61,RYV,CAMBRIDGESHIRE COMMUNITY SERVICES NHS TRUST,X02,Other - Medical Services,"3,508","1,223",34.90%,27.2,63.8,593,4
Y61,RYV,CAMBRIDGESHIRE COMMUNITY SERVICES NHS TRUST,X03,Other - Mental Health Services, -   , -   , -   ,-,-,0,0
Y61,RYV,CAMBRIDGESHIRE COMMUNITY SERVICES NHS TRUST,X04,Other - Paediatric Services, -   , -   , -   ,-,-,0,0
Y61,RYV,CAMBRIDGESHIRE COMMUNITY SERVICES NHS TRUST,X05,Other - Surgical Services, -   , -   , -   ,-,-,0,0
Y61,RYV,CAMBRIDGESHIRE COMMUNITY SERVICES NHS TRUST,X06,Other - Other Services, -   , -   , -   ,-,-,0,0
Y62,R0A,MANCHESTER UNIVERSITY NHS FOUNDATION TRUST,C_100,General Surgery Service,"12,034","3,822",31.80%,28.4,70.6,"2,495",497
Y62,R0A,MANCHESTER UNIVERSITY NHS FOUNDATION TRUST,C_101,Urology Service,"9,965","3,557",35.70%,25.5,57.5,"1,165",226
Y62,R0A,MANCHESTER UNIVERSITY NHS FOUNDATION TRUST,C_110,Trauma and Orthopaedic Service,"10,336","4,115",39.80%,22.1,60.8,"1,350",195
Y62,R0A,MANCHESTER UNIVERSITY NHS FOUNDATION TRUST,C_120,Ear Nose and Throat Service,"10,265","2,767",27.00%,32.6,74.1,"2,704",581
Y62,R0A,MANCHESTER UNIVERSITY NHS FOUNDATION TRUST,C_130,Ophthalmology Service,"14,191","7,310",51.50%,17.2,45.6,666,83
Y62,R0A,MANCHESTER UNIVERSITY NHS FOUNDATION TRUST,C_140,Oral Surgery Service,"17,098","5,337",31.20%,28.1,69.5,"3,433",328
Y62,R0A,MANCHESTER UNIVERSITY NHS FOUNDATION TRUST,C_150,Neurosurgical Service,107,43,40.20%,19.9,50.4,7,1
Y62,R0A,MANCHESTER UNIVERSITY NHS FOUNDATION TRUST,C_160,Plastic Surgery Service,"5,102","1,755",34.40%,26.1,66,"1,052",160
Y62,R0A,MANCHESTER UNIVERSITY NHS FOUNDATION TRUST,C_170,Cardiothoracic Surgery Service,112,70,62.50%,12.8,42,2,0
Y62,R0A,MANCHESTER UNIVERSITY NHS FOUNDATION TRUST,C_300,General Internal Medicine Service,"2,499","1,186",47.50%,19,56.1,255,30
Y62,R0A,MANCHESTER UNIVERSITY NHS FOUNDATION TRUST,C_301,Gastroenterology Service,"10,194","5,370",52.70%,16.3,54.5,956,143
Y62,R0A,MANCHESTER UNIVERSITY NHS FOUNDATION TRUST,C_320,Cardiology Service,"7,482","3,692",49.30%,18.2,39.8,125,5
Y62,R0A,MANCHESTER UNIVERSITY NHS FOUNDATION TRUST,C_330,Dermatology Service,"4,832","1,551",32.10%,27.4,66.2,"1,026",48
Y62,R0A,MANCHESTER UNIVERSITY NHS FOUNDATION TRUST,C_340,Respiratory Medicine Service,"5,971","3,678",61.60%,14.1,33.7,47,0
Y62,R0A,MANCHESTER UNIVERSITY NHS FOUNDATION TRUST,C_400,Neurology Service,249,85,34.10%,30.8,68.2,68,0
Y62,R0A,MANCHESTER UNIVERSITY NHS FOUNDATION TRUST,C_410,Rheumatology Service,"2,866",865,30.20%,29.6,59.9,516,13
Y62,R0A,MANCHESTER UNIVERSITY NHS FOUNDATION TRUST,C_430,Elderly Medicine Service,738,455,61.70%,14.1,37.4,5,1
Y62,R0A,MANCHESTER UNIVERSITY NHS FOUNDATION TRUST,C_502,Gynaecology Service,"12,868","4,440",34.50%,26.8,71.4,"2,698",724
Y62,R0A,MANCHESTER UNIVERSITY NHS FOUNDATION TRUST,X02,Other - Medical Services,"24,311","12,835",52.80%,16.5,45.3,"1,130",133
Y62,R0A,MANCHESTER UNIVERSITY NHS FOUNDATION TRUST,X03,Other - Mental Health Services,19, -   , -   ,-,-,4,0
Y62,R0A,MANCHESTER UNIVERSITY NHS FOUNDATION TRUST,X04,Other - Paediatric Services,"17,725","7,794",44.00%,20.6,54.4,"1,717",201
Y62,R0A,MANCHESTER UNIVERSITY NHS FOUNDATION TRUST,X05,Other - Surgical Services,"18,339","8,433",46.00%,19.8,59.5,"2,184",308
Y62,R0A,MANCHESTER UNIVERSITY NHS FOUNDATION TRUST,X06,Other - Other Services,"4,478","2,863",63.90%,11,50.3,340,49
Y62,RBL,WIRRAL UNIVERSITY TEACHING HOSPITAL NHS FOUNDATION TRUST,C_100,General Surgery Service,466,374,80.30%,10.3,20.4,6,0
Y62,RBL,WIRRAL UNIVERSITY TEACHING HOSPITAL NHS FOUNDATION TRUST,C_101,Urology Service,"2,729","1,580",57.90%,14.1,52,219,27
Y62,RBL,WIRRAL UNIVERSITY TEACHING HOSPITAL NHS FOUNDATION TRUST,C_110,Trauma and Orthopaedic Service,"2,167","1,313",60.60%,14.2,45.4,111,3
Y62,RBL,WIRRAL UNIVERSITY TEACHING HOSPITAL NHS FOUNDATION TRUST,C_120,Ear Nose and Throat Service,"1,613","1,131",70.10%,9.2,32.9,12,1
Y62,RBL,WIRRAL UNIVERSITY TEACHING HOSPITAL NHS FOUNDATION TRUST,C_130,Ophthalmology Service,"2,843","1,851",65.10%,12.1,38.5,23,2
Y62,RBL,WIRRAL UNIVERSITY TEACHING HOSPITAL NHS FOUNDATION TRUST,C_140,Oral Surgery Service,"1,655","1,131",68.30%,11.7,40.2,26,1
Y62,RBL,WIRRAL UNIVERSITY TEACHING HOSPITAL NHS FOUNDATION TRUST,C_150,Neurosurgical Service, -   , -   , -   ,-,-,0,0
Y62,RBL,WIRRAL UNIVERSITY TEACHING HOSPITAL NHS FOUNDATION TRUST,C_160,Plastic Surgery Service, -   , -   , -   ,-,-,0,0
Y62,RBL,WIRRAL UNIVERSITY TEACHING HOSPITAL NHS FOUNDATION TRUST,C_170,Cardiothoracic Surgery Service, -   , -   , -   ,-,-,0,0
Y62,RBL,WIRRAL UNIVERSITY TEACHING HOSPITAL NHS FOUNDATION TRUST,C_300,General Internal Medicine Service,5,2,40.00%,-,-,1,0
Y62,RBL,WIRRAL UNIVERSITY TEACHING HOSPITAL NHS FOUNDATION TRUST,C_301,Gastroenterology Service,"2,123","1,206",56.80%,15.1,38.5,27,1
Y62,RBL,WIRRAL UNIVERSITY TEACHING HOSPITAL NHS FOUNDATION TRUST,C_320,Cardiology Service,"1,266",782,61.80%,14.2,28.7,0,0
Y62,RBL,WIRRAL UNIVERSITY TEACHING HOSPITAL NHS FOUNDATION TRUST,C_330,Dermatology Service,"2,357","1,513",64.20%,12.1,30.3,1,0
Y62,RBL,WIRRAL UNIVERSITY TEACHING HOSPITAL NHS FOUNDATION TRUST,C_340,Respiratory Medicine Service,"2,376","1,357",57.10%,15,41.8,6,0
Y62,RBL,WIRRAL UNIVERSITY TEACHING HOSPITAL NHS FOUNDATION TRUST,C_400,Neurology Service, -   , -   , -   ,-,-,0,0
Y62,RBL,WIRRAL UNIVERSITY TEACHING HOSPITAL NHS FOUNDATION TRUST,C_410,Rheumatology Service,190,142,74.70%,8.5,28.9,1,0
Y62,RBL,WIRRAL UNIVERSITY TEACHING HOSPITAL NHS FOUNDATION TRUST,C_430,Elderly Medicine Service,140,136,97.10%,5.9,13.3,0,0
Y62,RBL,WIRRAL UNIVERSITY TEACHING HOSPITAL NHS FOUNDATION TRUST,C_502,Gynaecology Service,"3,611","1,680",46.50%,19.7,54.3,355,11
Y62,RBL,WIRRAL UNIVERSITY TEACHING HOSPITAL NHS FOUNDATION TRUST,X02,Other - Medical Services,"2,405","1,783",74.10%,10.6,28.1,7,0
Y62,RBL,WIRRAL UNIVERSITY TEACHING HOSPITAL NHS FOUNDATION TRUST,X03,Other - Mental Health Services, -   , -   , -   ,-,-,0,0
Y62,RBL,WIRRAL UNIVERSITY TEACHING HOSPITAL NHS FOUNDATION TRUST,X04,Other - Paediatric Services,"2,903","1,851",63.80%,13.8,34,10,0
Y62,RBL,WIRRAL UNIVERSITY TEACHING HOSPITAL NHS FOUNDATION TRUST,X05,Other - Surgical Services,"5,160","2,537",49.20%,18.4,52.5,435,14
Y62,RBL,WIRRAL UNIVERSITY TEACHING HOSPITAL NHS FOUNDATION TRUST,X06,Other - Other Services,"3,021","2,739",90.70%,5.9,19.1,5,0
Y62,RBN,ST HELENS AND KNOWSLEY TEACHING HOSPITALS NHS TRUST,C_100,General Surgery Service,"2,528","1,741",68.90%,11,40.7,91,15
Y62,RBN,ST HELENS AND KNOWSLEY TEACHING HOSPITALS NHS TRUST,C_101,Urology Service,"2,154","1,554",72.10%,8.4,50.8,160,29
Y62,RBN,ST HELENS AND KNOWSLEY TEACHING HOSPITALS NHS TRUST,C_110,Trauma and Orthopaedic Service,"3,278","1,614",49.20%,18.3,60.4,386,69
Y62,RBN,ST HELENS AND KNOWSLEY TEACHING HOSPITALS NHS TRUST,C_120,Ear Nose and Throat Service,"2,160","1,727",80.00%,8.4,35.5,76,18
Y62,RBN,ST HELENS AND KNOWSLEY TEACHING HOSPITALS NHS TRUST,C_130,Ophthalmology Service,"3,168","2,264",71.50%,10.5,35.2,62,1
Y62,RBN,ST HELENS AND KNOWSLEY TEACHING HOSPITALS NHS TRUST,C_140,Oral Surgery Service,697,492,70.60%,10.6,31,3,0
Y62,RBN,ST HELENS AND KNOWSLEY TEACHING HOSPITALS NHS TRUST,C_150,Neurosurgical Service,47,38,80.90%,7.8,26.2,0,0
Y62,RBN,ST HELENS AND KNOWSLEY TEACHING HOSPITALS NHS TRUST,C_160,Plastic Surgery Service,"6,266","2,768",44.20%,22.1,70.1,"1,223",243
Y62,RBN,ST HELENS AND KNOWSLEY TEACHING HOSPITALS NHS TRUST,C_170,Cardiothoracic Surgery Service, -   , -   , -   ,-,-,0,0
Y62,RBN,ST HELENS AND KNOWSLEY TEACHING HOSPITALS NHS TRUST,C_300,General Internal Medicine Service,80,74,92.50%,3.5,16.6,0,0
Y62,RBN,ST HELENS AND KNOWSLEY TEACHING HOSPITALS NHS TRUST,C_301,Gastroenterology Service,"3,074","2,671",86.90%,5.5,23,9,3
Y62,RBN,ST HELENS AND KNOWSLEY TEACHING HOSPITALS NHS TRUST,C_320,Cardiology Service,"1,496",955,63.80%,12.5,31.7,9,0
Y62,RBN,ST HELENS AND KNOWSLEY TEACHING HOSPITALS NHS TRUST,C_330,Dermatology Service,"5,008","3,356",67.00%,11.1,41,81,0
Y62,RBN,ST HELENS AND KNOWSLEY TEACHING HOSPITALS NHS TRUST,C_340,Respiratory Medicine Service,580,486,83.80%,8.6,24.2,0,0
Y62,RBN,ST HELENS AND KNOWSLEY TEACHING HOSPITALS NHS TRUST,C_400,Neurology Service, -   , -   , -   ,-,-,0,0
Y62,RBN,ST HELENS AND KNOWSLEY TEACHING HOSPITALS NHS TRUST,C_410,Rheumatology Service,624,540,86.50%,5.9,23.4,1,0
Y62,RBN,ST HELENS AND KNOWSLEY TEACHING HOSPITALS NHS TRUST,C_430,Elderly Medicine Service,89,81,91.00%,6.2,18.9,0,0
Y62,RBN,ST HELENS AND KNOWSLEY TEACHING HOSPITALS NHS TRUST,C_502,Gynaecology Service,"4,118","2,204",53.50%,16.2,44.9,177,18
Y62,RBN,ST HELENS AND KNOWSLEY TEACHING HOSPITALS NHS TRUST,X02,Other - Medical Services,"4,035","3,173",78.60%,7.4,29.1,18,1
Y62,RBN,ST HELENS AND KNOWSLEY TEACHING HOSPITALS NHS TRUST,X03,Other - Mental Health Services, -   , -   , -   ,-,-,0,0
Y62,RBN,ST HELENS AND KNOWSLEY TEACHING HOSPITALS NHS TRUST,X04,Other - Paediatric Services,"1,818","1,427",78.50%,10.8,27,3,0
Y62,RBN,ST HELENS AND KNOWSLEY TEACHING HOSPITALS NHS TRUST,X05,Other - Surgical Services,"1,015",688,67.80%,10.7,49.9,71,9
Y62,RBN,ST HELENS AND KNOWSLEY TEACHING HOSPITALS NHS TRUST,X06,Other - Other Services,19,8,42.10%,-,-,4,0
Y62,RBQ,LIVERPOOL HEART AND CHEST HOSPITAL NHS FOUNDATION TRUST,C_100,General Surgery Service, -   , -   , -   ,-,-,0,0
Y62,RBQ,LIVERPOOL HEART AND CHEST HOSPITAL NHS FOUNDATION TRUST,C_101,Urology Service, -   , -   , -   ,-,-,0,0
Y62,RBQ,LIVERPOOL HEART AND CHEST HOSPITAL NHS FOUNDATION TRUST,C_110,Trauma and Orthopaedic Service, -   , -   , -   ,-,-,0,0
Y62,RBQ,LIVERPOOL HEART AND CHEST HOSPITAL NHS FOUNDATION TRUST,C_120,Ear Nose and Throat Service, -   , -   , -   ,-,-,0,0
Y62,RBQ,LIVERPOOL HEART AND CHEST HOSPITAL NHS FOUNDATION TRUST,C_130,Ophthalmology Service, -   , -   , -   ,-,-,0,0
Y62,RBQ,LIVERPOOL HEART AND CHEST HOSPITAL NHS FOUNDATION TRUST,C_140,Oral Surgery Service, -   , -   , -   ,-,-,0,0
Y62,RBQ,LIVERPOOL HEART AND CHEST HOSPITAL NHS FOUNDATION TRUST,C_150,Neurosurgical Service, -   , -   , -   ,-,-,0,0
Y62,RBQ,LIVERPOOL HEART AND CHEST HOSPITAL NHS FOUNDATION TRUST,C_160,Plastic Surgery Service, -   , -   , -   ,-,-,0,0
Y62,RBQ,LIVERPOOL HEART AND CHEST HOSPITAL NHS FOUNDATION TRUST,C_170,Cardiothoracic Surgery Service,709,420,59.20%,13,51.8,56,15
Y62,RBQ,LIVERPOOL HEART AND CHEST HOSPITAL NHS FOUNDATION TRUST,C_300,General Internal Medicine Service, -   , -   , -   ,-,-,0,0
Y62,RBQ,LIVERPOOL HEART AND CHEST HOSPITAL NHS FOUNDATION TRUST,C_301,Gastroenterology Service, -   , -   , -   ,-,-,0,0
Y62,RBQ,LIVERPOOL HEART AND CHEST HOSPITAL NHS FOUNDATION TRUST,C_320,Cardiology Service,"2,698","2,079",77.10%,10.3,27.1,6,0
Y62,RBQ,LIVERPOOL HEART AND CHEST HOSPITAL NHS FOUNDATION TRUST,C_330,Dermatology Service, -   , -   , -   ,-,-,0,0
Y62,RBQ,LIVERPOOL HEART AND CHEST HOSPITAL NHS FOUNDATION TRUST,C_340,Respiratory Medicine Service,"1,404","1,188",84.60%,6.2,22.3,0,0
Y62,RBQ,LIVERPOOL HEART AND CHEST HOSPITAL NHS FOUNDATION TRUST,C_400,Neurology Service, -   , -   , -   ,-,-,0,0
Y62,RBQ,LIVERPOOL HEART AND CHEST HOSPITAL NHS FOUNDATION TRUST,C_410,Rheumatology Service, -   , -   , -   ,-,-,0,0
Y62,RBQ,LIVERPOOL HEART AND CHEST HOSPITAL NHS FOUNDATION TRUST,C_430,Elderly Medicine Service, -   , -   , -   ,-,-,0,0
Y62,RBQ,LIVERPOOL HEART AND CHEST HOSPITAL NHS FOUNDATION TRUST,C_502,Gynaecology Service, -   , -   , -   ,-,-,0,0
Y62,RBQ,LIVERPOOL HEART AND CHEST HOSPITAL NHS FOUNDATION TRUST,X02,Other - Medical Services, -   , -   , -   ,-,-,0,0
Y62,RBQ,LIVERPOOL HEART AND CHEST HOSPITAL NHS FOUNDATION TRUST,X03,Other - Mental Health Services, -   , -   , -   ,-,-,0,0
Y62,RBQ,LIVERPOOL HEART AND CHEST HOSPITAL NHS FOUNDATION TRUST,X04,Other - Paediatric Services, -   , -   , -   ,-,-,0,0
Y62,RBQ,LIVERPOOL HEART AND CHEST HOSPITAL NHS FOUNDATION TRUST,X05,Other - Surgical Services, -   , -   , -   ,-,-,0,0
Y62,RBQ,LIVERPOOL HEART AND CHEST HOSPITAL NHS FOUNDATION TRUST,X06,Other - Other Services, -   , -   , -   ,-,-,0,0
Y62,RBS,ALDER HEY CHILDREN'S NHS FOUNDATION TRUST,C_100,General Surgery Service, -   , -   , -   ,-,-,0,0
Y62,RBS,ALDER HEY CHILDREN'S NHS FOUNDATION TRUST,C_101,Urology Service, -   , -   , -   ,-,-,0,0
Y62,RBS,ALDER HEY CHILDREN'S NHS FOUNDATION TRUST,C_110,Trauma and Orthopaedic Service, -   , -   , -   ,-,-,0,0
Y62,RBS,ALDER HEY CHILDREN'S NHS FOUNDATION TRUST,C_120,Ear Nose and Throat Service, -   , -   , -   ,-,-,0,0
Y62,RBS,ALDER HEY CHILDREN'S NHS FOUNDATION TRUST,C_130,Ophthalmology Service, -   , -   , -   ,-,-,0,0
Y62,RBS,ALDER HEY CHILDREN'S NHS FOUNDATION TRUST,C_140,Oral Surgery Service, -   , -   , -   ,-,-,0,0
Y62,RBS,ALDER HEY CHILDREN'S NHS FOUNDATION TRUST,C_150,Neurosurgical Service, -   , -   , -   ,-,-,0,0
Y62,RBS,ALDER HEY CHILDREN'S NHS FOUNDATION TRUST,C_160,Plastic Surgery Service, -   , -   , -   ,-,-,0,0
Y62,RBS,ALDER HEY CHILDREN'S NHS FOUNDATION TRUST,C_170,Cardiothoracic Surgery Service, -   , -   , -   ,-,-,0,0
Y62,RBS,ALDER HEY CHILDREN'S NHS FOUNDATION TRUST,C_300,General Internal Medicine Service, -   , -   , -   ,-,-,0,0
Y62,RBS,ALDER HEY CHILDREN'S NHS FOUNDATION TRUST,C_301,Gastroenterology Service, -   , -   , -   ,-,-,0,0
Y62,RBS,ALDER HEY CHILDREN'S NHS FOUNDATION TRUST,C_320,Cardiology Service, -   , -   , -   ,-,-,0,0
Y62,RBS,ALDER HEY CHILDREN'S NHS FOUNDATION TRUST,C_330,Dermatology Service, -   , -   , -   ,-,-,0,0
Y62,RBS,ALDER HEY CHILDREN'S NHS FOUNDATION TRUST,C_340,Respiratory Medicine Service, -   , -   , -   ,-,-,0,0
Y62,RBS,ALDER HEY CHILDREN'S NHS FOUNDATION TRUST,C_400,Neurology Service, -   , -   , -   ,-,-,0,0
Y62,RBS,ALDER HEY CHILDREN'S NHS FOUNDATION TRUST,C_410,Rheumatology Service, -   , -   , -   ,-,-,0,0
Y62,RBS,ALDER HEY CHILDREN'S NHS FOUNDATION TRUST,C_430,Elderly Medicine Service, -   , -   , -   ,-,-,0,0
Y62,RBS,ALDER HEY CHILDREN'S NHS FOUNDATION TRUST,C_502,Gynaecology Service, -   , -   , -   ,-,-,0,0
Y62,RBS,ALDER HEY CHILDREN'S NHS FOUNDATION TRUST,X02,Other - Medical Services, -   , -   , -   ,-,-,0,0
Y62,RBS,ALDER HEY CHILDREN'S NHS FOUNDATION TRUST,X03,Other - Mental Health Services, -   , -   , -   ,-,-,0,0
Y62,RBS,ALDER HEY CHILDREN'S NHS FOUNDATION TRUST,X04,Other - Paediatric Services,"23,437","12,593",53.70%,16.3,40.2,417,6
Y62,RBS,ALDER HEY CHILDREN'S NHS FOUNDATION TRUST,X05,Other - Surgical Services, -   , -   , -   ,-,-,0,0
Y62,RBS,ALDER HEY CHILDREN'S NHS FOUNDATION TRUST,X06,Other - Other Services, -   , -   , -   ,-,-,0,0
Y62,RBT,MID CHESHIRE HOSPITALS NHS FOUNDATION TRUST,C_100,General Surgery Service,"6,135","2,947",48.00%,19.1,60.7,792,157
Y62,RBT,MID CHESHIRE HOSPITALS NHS FOUNDATION TRUST,C_101,Urology Service,"1,367","1,146",83.80%,7.4,25.4,8,0
Y62,RBT,MID CHESHIRE HOSPITALS NHS FOUNDATION TRUST,C_110,Trauma and Orthopaedic Service,"4,008","1,913",47.70%,19,47.7,199,4
Y62,RBT,MID CHESHIRE HOSPITALS NHS FOUNDATION TRUST,C_120,Ear Nose and Throat Service,"4,775","2,477",51.90%,17.1,41.1,60,0
Y62,RBT,MID CHESHIRE HOSPITALS NHS FOUNDATION TRUST,C_130,Ophthalmology Service,"3,520","2,472",70.20%,10.4,30.7,27,0
Y62,RBT,MID CHESHIRE HOSPITALS NHS FOUNDATION TRUST,C_140,Oral Surgery Service, -   , -   , -   ,-,-,0,0
Y62,RBT,MID CHESHIRE HOSPITALS NHS FOUNDATION TRUST,C_150,Neurosurgical Service, -   , -   , -   ,-,-,0,0
Y62,RBT,MID CHESHIRE HOSPITALS NHS FOUNDATION TRUST,C_160,Plastic Surgery Service, -   , -   , -   ,-,-,0,0
Y62,RBT,MID CHESHIRE HOSPITALS NHS FOUNDATION TRUST,C_170,Cardiothoracic Surgery Service, -   , -   , -   ,-,-,0,0
Y62,RBT,MID CHESHIRE HOSPITALS NHS FOUNDATION TRUST,C_300,General Internal Medicine Service,19,19,100.00%,-,-,0,0
Y62,RBT,MID CHESHIRE HOSPITALS NHS FOUNDATION TRUST,C_301,Gastroenterology Service,"1,906",701,36.80%,25,53.3,176,12
Y62,RBT,MID CHESHIRE HOSPITALS NHS FOUNDATION TRUST,C_320,Cardiology Service,"2,298","1,122",48.80%,18.5,45.4,71,0
Y62,RBT,MID CHESHIRE HOSPITALS NHS FOUNDATION TRUST,C_330,Dermatology Service,"4,974","2,802",56.30%,15,45.2,92,0
Y62,RBT,MID CHESHIRE HOSPITALS NHS FOUNDATION TRUST,C_340,Respiratory Medicine Service,434,290,66.80%,13.2,28.7,0,0
Y62,RBT,MID CHESHIRE HOSPITALS NHS FOUNDATION TRUST,C_400,Neurology Service, -   , -   , -   ,-,-,0,0
Y62,RBT,MID CHESHIRE HOSPITALS NHS FOUNDATION TRUST,C_410,Rheumatology Service,"1,035",500,48.30%,18.6,42.5,24,0
Y62,RBT,MID CHESHIRE HOSPITALS NHS FOUNDATION TRUST,C_430,Elderly Medicine Service,29,26,89.70%,8,20.3,0,0
Y62,RBT,MID CHESHIRE HOSPITALS NHS FOUNDATION TRUST,C_502,Gynaecology Service,"2,462","1,471",59.70%,13.7,41.8,91,5
Y62,RBT,MID CHESHIRE HOSPITALS NHS FOUNDATION TRUST,X02,Other - Medical Services,"1,847","1,465",79.30%,9.5,23.7,1,0
Y62,RBT,MID CHESHIRE HOSPITALS NHS FOUNDATION TRUST,X03,Other - Mental Health Services, -   , -   , -   ,-,-,0,0
Y62,RBT,MID CHESHIRE HOSPITALS NHS FOUNDATION TRUST,X04,Other - Paediatric Services,548,465,84.90%,10.3,21,0,0
Y62,RBT,MID CHESHIRE HOSPITALS NHS FOUNDATION TRUST,X05,Other - Surgical Services,309,295,95.50%,2.8,12.4,2,0
Y62,RBT,MID CHESHIRE HOSPITALS NHS FOUNDATION TRUST,X06,Other - Other Services,"1,053","1,022",97.10%,5.8,12.6,1,0
Y62,RBV,THE CHRISTIE NHS FOUNDATION TRUST,C_100,General Surgery Service, -   , -   , -   ,-,-,0,0
Y62,RBV,THE CHRISTIE NHS FOUNDATION TRUST,C_101,Urology Service,143,131,91.60%,7.7,18.2,0,0
Y62,RBV,THE CHRISTIE NHS FOUNDATION TRUST,C_110,Trauma and Orthopaedic Service, -   , -   , -   ,-,-,0,0
Y62,RBV,THE CHRISTIE NHS FOUNDATION TRUST,C_120,Ear Nose and Throat Service,6,6,100.00%,-,-,0,0
Y62,RBV,THE CHRISTIE NHS FOUNDATION TRUST,C_130,Ophthalmology Service, -   , -   , -   ,-,-,0,0
Y62,RBV,THE CHRISTIE NHS FOUNDATION TRUST,C_140,Oral Surgery Service,3,3,100.00%,-,-,0,0
Y62,RBV,THE CHRISTIE NHS FOUNDATION TRUST,C_150,Neurosurgical Service, -   , -   , -   ,-,-,0,0
Y62,RBV,THE CHRISTIE NHS FOUNDATION TRUST,C_160,Plastic Surgery Service,216,209,96.80%,4.9,11.6,0,0
Y62,RBV,THE CHRISTIE NHS FOUNDATION TRUST,C_170,Cardiothoracic Surgery Service, -   , -   , -   ,-,-,0,0
Y62,RBV,THE CHRISTIE NHS FOUNDATION TRUST,C_300,General Internal Medicine Service, -   , -   , -   ,-,-,0,0
Y62,RBV,THE CHRISTIE NHS FOUNDATION TRUST,C_301,Gastroenterology Service, -   , -   , -   ,-,-,0,0
Y62,RBV,THE CHRISTIE NHS FOUNDATION TRUST,C_320,Cardiology Service, -   , -   , -   ,-,-,0,0
Y62,RBV,THE CHRISTIE NHS FOUNDATION TRUST,C_330,Dermatology Service, -   , -   , -   ,-,-,0,0
Y62,RBV,THE CHRISTIE NHS FOUNDATION TRUST,C_340,Respiratory Medicine Service, -   , -   , -   ,-,-,0,0
Y62,RBV,THE CHRISTIE NHS FOUNDATION TRUST,C_400,Neurology Service, -   , -   , -   ,-,-,0,0
Y62,RBV,THE CHRISTIE NHS FOUNDATION TRUST,C_410,Rheumatology Service, -   , -   , -   ,-,-,0,0
Y62,RBV,THE CHRISTIE NHS FOUNDATION TRUST,C_430,Elderly Medicine Service, -   , -   , -   ,-,-,0,0
Y62,RBV,THE CHRISTIE NHS FOUNDATION TRUST,C_502,Gynaecology Service,52,52,100.00%,4.4,10.9,0,0
Y62,RBV,THE CHRISTIE NHS FOUNDATION TRUST,X02,Other - Medical Services,"1,859","1,830",98.40%,3.1,10.1,0,0
Y62,RBV,THE CHRISTIE NHS FOUNDATION TRUST,X03,Other - Mental Health Services, -   , -   , -   ,-,-,0,0
Y62,RBV,THE CHRISTIE NHS FOUNDATION TRUST,X04,Other - Paediatric Services, -   , -   , -   ,-,-,0,0
Y62,RBV,THE CHRISTIE NHS FOUNDATION TRUST,X05,Other - Surgical Services,113,108,95.60%,3.6,15.2,0,0
Y62,RBV,THE CHRISTIE NHS FOUNDATION TRUST,X06,Other - Other Services, -   , -   , -   ,-,-,0,0
Y62,REM,LIVERPOOL UNIVERSITY HOSPITALS NHS FOUNDATION TRUST,C_100,General Surgery Service,"4,775","1,493",31.30%,31.6,74.5,"1,341",281
Y62,REM,LIVERPOOL UNIVERSITY HOSPITALS NHS FOUNDATION TRUST,C_101,Urology Service,"5,769","2,373",41.10%,23.8,62.4,"1,000",27
Y62,REM,LIVERPOOL UNIVERSITY HOSPITALS NHS FOUNDATION TRUST,C_110,Trauma and Orthopaedic Service,"8,315","3,296",39.60%,24,62.9,"1,192",200
Y62,REM,LIVERPOOL UNIVERSITY HOSPITALS NHS FOUNDATION TRUST,C_120,Ear Nose and Throat Service,"9,961","2,646",26.60%,31.8,73.9,"2,518",594
Y62,REM,LIVERPOOL UNIVERSITY HOSPITALS NHS FOUNDATION TRUST,C_130,Ophthalmology Service,"9,177","4,995",54.40%,15.9,48.7,572,21
Y62,REM,LIVERPOOL UNIVERSITY HOSPITALS NHS FOUNDATION TRUST,C_140,Oral Surgery Service,"4,917","2,321",47.20%,19.7,67.5,707,173
Y62,REM,LIVERPOOL UNIVERSITY HOSPITALS NHS FOUNDATION TRUST,C_150,Neurosurgical Service, -   , -   , -   ,-,-,0,0
Y62,REM,LIVERPOOL UNIVERSITY HOSPITALS NHS FOUNDATION TRUST,C_160,Plastic Surgery Service,239,106,44.40%,19.7,35.9,2,0
Y62,REM,LIVERPOOL UNIVERSITY HOSPITALS NHS FOUNDATION TRUST,C_170,Cardiothoracic Surgery Service, -   , -   , -   ,-,-,0,0
Y62,REM,LIVERPOOL UNIVERSITY HOSPITALS NHS FOUNDATION TRUST,C_300,General Internal Medicine Service,539,232,43.00%,27,62.9,127,0
Y62,REM,LIVERPOOL UNIVERSITY HOSPITALS NHS FOUNDATION TRUST,C_301,Gastroenterology Service,"9,284","4,614",49.70%,18.2,51.3,701,27
Y62,REM,LIVERPOOL UNIVERSITY HOSPITALS NHS FOUNDATION TRUST,C_320,Cardiology Service,"4,412","2,394",54.30%,15.5,52.5,372,0
Y62,REM,LIVERPOOL UNIVERSITY HOSPITALS NHS FOUNDATION TRUST,C_330,Dermatology Service,"5,323","2,638",49.60%,18.2,51.1,403,13
Y62,REM,LIVERPOOL UNIVERSITY HOSPITALS NHS FOUNDATION TRUST,C_340,Respiratory Medicine Service,"2,384","1,276",53.50%,16.6,45.1,54,0
Y62,REM,LIVERPOOL UNIVERSITY HOSPITALS NHS FOUNDATION TRUST,C_400,Neurology Service, -   , -   , -   ,-,-,0,0
Y62,REM,LIVERPOOL UNIVERSITY HOSPITALS NHS FOUNDATION TRUST,C_410,Rheumatology Service,977,743,76.00%,10.8,24.3,0,0
Y62,REM,LIVERPOOL UNIVERSITY HOSPITALS NHS FOUNDATION TRUST,C_430,Elderly Medicine Service,941,774,82.30%,8.9,23.9,0,0
Y62,REM,LIVERPOOL UNIVERSITY HOSPITALS NHS FOUNDATION TRUST,C_502,Gynaecology Service, -   , -   , -   ,-,-,0,0
Y62,REM,LIVERPOOL UNIVERSITY HOSPITALS NHS FOUNDATION TRUST,X02,Other - Medical Services,"6,260","4,037",64.50%,12.4,31.4,18,0
Y62,REM,LIVERPOOL UNIVERSITY HOSPITALS NHS FOUNDATION TRUST,X03,Other - Mental Health Services, -   , -   , -   ,-,-,0,0
Y62,REM,LIVERPOOL UNIVERSITY HOSPITALS NHS FOUNDATION TRUST,X04,Other - Paediatric Services,449,353,78.60%,9.2,21.9,1,0
Y62,REM,LIVERPOOL UNIVERSITY HOSPITALS NHS FOUNDATION TRUST,X05,Other - Surgical Services,"9,314","5,209",55.90%,14.2,59.6,"1,079",202
Y62,REM,LIVERPOOL UNIVERSITY HOSPITALS NHS FOUNDATION TRUST,X06,Other - Other Services,"2,983","2,066",69.30%,11.2,31.6,6,0
Y62,REN,THE CLATTERBRIDGE CANCER CENTRE NHS FOUNDATION TRUST,C_100,General Surgery Service, -   , -   , -   ,-,-,0,0
Y62,REN,THE CLATTERBRIDGE CANCER CENTRE NHS FOUNDATION TRUST,C_101,Urology Service, -   , -   , -   ,-,-,0,0
Y62,REN,THE CLATTERBRIDGE CANCER CENTRE NHS FOUNDATION TRUST,C_110,Trauma and Orthopaedic Service, -   , -   , -   ,-,-,0,0
Y62,REN,THE CLATTERBRIDGE CANCER CENTRE NHS FOUNDATION TRUST,C_120,Ear Nose and Throat Service, -   , -   , -   ,-,-,0,0
Y62,REN,THE CLATTERBRIDGE CANCER CENTRE NHS FOUNDATION TRUST,C_130,Ophthalmology Service, -   , -   , -   ,-,-,0,0
Y62,REN,THE CLATTERBRIDGE CANCER CENTRE NHS FOUNDATION TRUST,C_140,Oral Surgery Service, -   , -   , -   ,-,-,0,0
Y62,REN,THE CLATTERBRIDGE CANCER CENTRE NHS FOUNDATION TRUST,C_150,Neurosurgical Service, -   , -   , -   ,-,-,0,0
Y62,REN,THE CLATTERBRIDGE CANCER CENTRE NHS FOUNDATION TRUST,C_160,Plastic Surgery Service, -   , -   , -   ,-,-,0,0
Y62,REN,THE CLATTERBRIDGE CANCER CENTRE NHS FOUNDATION TRUST,C_170,Cardiothoracic Surgery Service, -   , -   , -   ,-,-,0,0
Y62,REN,THE CLATTERBRIDGE CANCER CENTRE NHS FOUNDATION TRUST,C_300,General Internal Medicine Service, -   , -   , -   ,-,-,0,0
Y62,REN,THE CLATTERBRIDGE CANCER CENTRE NHS FOUNDATION TRUST,C_301,Gastroenterology Service, -   , -   , -   ,-,-,0,0
Y62,REN,THE CLATTERBRIDGE CANCER CENTRE NHS FOUNDATION TRUST,C_320,Cardiology Service, -   , -   , -   ,-,-,0,0
Y62,REN,THE CLATTERBRIDGE CANCER CENTRE NHS FOUNDATION TRUST,C_330,Dermatology Service, -   , -   , -   ,-,-,0,0
Y62,REN,THE CLATTERBRIDGE CANCER CENTRE NHS FOUNDATION TRUST,C_340,Respiratory Medicine Service, -   , -   , -   ,-,-,0,0
Y62,REN,THE CLATTERBRIDGE CANCER CENTRE NHS FOUNDATION TRUST,C_400,Neurology Service, -   , -   , -   ,-,-,0,0
Y62,REN,THE CLATTERBRIDGE CANCER CENTRE NHS FOUNDATION TRUST,C_410,Rheumatology Service, -   , -   , -   ,-,-,0,0
Y62,REN,THE CLATTERBRIDGE CANCER CENTRE NHS FOUNDATION TRUST,C_430,Elderly Medicine Service, -   , -   , -   ,-,-,0,0
Y62,REN,THE CLATTERBRIDGE CANCER CENTRE NHS FOUNDATION TRUST,C_502,Gynaecology Service, -   , -   , -   ,-,-,0,0
Y62,REN,THE CLATTERBRIDGE CANCER CENTRE NHS FOUNDATION TRUST,X02,Other - Medical Services,489,473,96.70%,6.3,14.7,0,0
Y62,REN,THE CLATTERBRIDGE CANCER CENTRE NHS FOUNDATION TRUST,X03,Other - Mental Health Services, -   , -   , -   ,-,-,0,0
Y62,REN,THE CLATTERBRIDGE CANCER CENTRE NHS FOUNDATION TRUST,X04,Other - Paediatric Services, -   , -   , -   ,-,-,0,0
Y62,REN,THE CLATTERBRIDGE CANCER CENTRE NHS FOUNDATION TRUST,X05,Other - Surgical Services, -   , -   , -   ,-,-,0,0
Y62,REN,THE CLATTERBRIDGE CANCER CENTRE NHS FOUNDATION TRUST,X06,Other - Other Services,377,351,93.10%,6.4,16.7,0,0
Y62,REP,LIVERPOOL WOMEN'S NHS FOUNDATION TRUST,C_100,General Surgery Service, -   , -   , -   ,-,-,0,0
Y62,REP,LIVERPOOL WOMEN'S NHS FOUNDATION TRUST,C_101,Urology Service, -   , -   , -   ,-,-,0,0
Y62,REP,LIVERPOOL WOMEN'S NHS FOUNDATION TRUST,C_110,Trauma and Orthopaedic Service, -   , -   , -   ,-,-,0,0
Y62,REP,LIVERPOOL WOMEN'S NHS FOUNDATION TRUST,C_120,Ear Nose and Throat Service, -   , -   , -   ,-,-,0,0
Y62,REP,LIVERPOOL WOMEN'S NHS FOUNDATION TRUST,C_130,Ophthalmology Service, -   , -   , -   ,-,-,0,0
Y62,REP,LIVERPOOL WOMEN'S NHS FOUNDATION TRUST,C_140,Oral Surgery Service, -   , -   , -   ,-,-,0,0
Y62,REP,LIVERPOOL WOMEN'S NHS FOUNDATION TRUST,C_150,Neurosurgical Service, -   , -   , -   ,-,-,0,0
Y62,REP,LIVERPOOL WOMEN'S NHS FOUNDATION TRUST,C_160,Plastic Surgery Service, -   , -   , -   ,-,-,0,0
Y62,REP,LIVERPOOL WOMEN'S NHS FOUNDATION TRUST,C_170,Cardiothoracic Surgery Service, -   , -   , -   ,-,-,0,0
Y62,REP,LIVERPOOL WOMEN'S NHS FOUNDATION TRUST,C_300,General Internal Medicine Service, -   , -   , -   ,-,-,0,0
Y62,REP,LIVERPOOL WOMEN'S NHS FOUNDATION TRUST,C_301,Gastroenterology Service, -   , -   , -   ,-,-,0,0
Y62,REP,LIVERPOOL WOMEN'S NHS FOUNDATION TRUST,C_320,Cardiology Service, -   , -   , -   ,-,-,0,0
Y62,REP,LIVERPOOL WOMEN'S NHS FOUNDATION TRUST,C_330,Dermatology Service, -   , -   , -   ,-,-,0,0
Y62,REP,LIVERPOOL WOMEN'S NHS FOUNDATION TRUST,C_340,Respiratory Medicine Service, -   , -   , -   ,-,-,0,0
Y62,REP,LIVERPOOL WOMEN'S NHS FOUNDATION TRUST,C_400,Neurology Service, -   , -   , -   ,-,-,0,0
Y62,REP,LIVERPOOL WOMEN'S NHS FOUNDATION TRUST,C_410,Rheumatology Service, -   , -   , -   ,-,-,0,0
Y62,REP,LIVERPOOL WOMEN'S NHS FOUNDATION TRUST,C_430,Elderly Medicine Service, -   , -   , -   ,-,-,0,0
Y62,REP,LIVERPOOL WOMEN'S NHS FOUNDATION TRUST,C_502,Gynaecology Service,"16,382","6,879",42.00%,21.9,59.9,"2,330",52
Y62,REP,LIVERPOOL WOMEN'S NHS FOUNDATION TRUST,X02,Other - Medical Services, -   , -   , -   ,-,-,0,0
Y62,REP,LIVERPOOL WOMEN'S NHS FOUNDATION TRUST,X03,Other - Mental Health Services, -   , -   , -   ,-,-,0,0
Y62,REP,LIVERPOOL WOMEN'S NHS FOUNDATION TRUST,X04,Other - Paediatric Services, -   , -   , -   ,-,-,0,0
Y62,REP,LIVERPOOL WOMEN'S NHS FOUNDATION TRUST,X05,Other - Surgical Services, -   , -   , -   ,-,-,0,0
Y62,REP,LIVERPOOL WOMEN'S NHS FOUNDATION TRUST,X06,Other - Other Services,"1,082",969,89.60%,7.1,20,4,0
Y62,RET,THE WALTON CENTRE NHS FOUNDATION TRUST,C_100,General Surgery Service, -   , -   , -   ,-,-,0,0
Y62,RET,THE WALTON CENTRE NHS FOUNDATION TRUST,C_101,Urology Service, -   , -   , -   ,-,-,0,0
Y62,RET,THE WALTON CENTRE NHS FOUNDATION TRUST,C_110,Trauma and Orthopaedic Service, -   , -   , -   ,-,-,0,0
Y62,RET,THE WALTON CENTRE NHS FOUNDATION TRUST,C_120,Ear Nose and Throat Service, -   , -   , -   ,-,-,0,0
Y62,RET,THE WALTON CENTRE NHS FOUNDATION TRUST,C_130,Ophthalmology Service,24,13,54.20%,17.5,28.8,0,0
Y62,RET,THE WALTON CENTRE NHS FOUNDATION TRUST,C_140,Oral Surgery Service, -   , -   , -   ,-,-,0,0
Y62,RET,THE WALTON CENTRE NHS FOUNDATION TRUST,C_150,Neurosurgical Service,"3,200","2,316",72.40%,10.4,30.5,46,1
Y62,RET,THE WALTON CENTRE NHS FOUNDATION TRUST,C_160,Plastic Surgery Service, -   , -   , -   ,-,-,0,0
Y62,RET,THE WALTON CENTRE NHS FOUNDATION TRUST,C_170,Cardiothoracic Surgery Service, -   , -   , -   ,-,-,0,0
Y62,RET,THE WALTON CENTRE NHS FOUNDATION TRUST,C_300,General Internal Medicine Service, -   , -   , -   ,-,-,0,0
Y62,RET,THE WALTON CENTRE NHS FOUNDATION TRUST,C_301,Gastroenterology Service, -   , -   , -   ,-,-,0,0
Y62,RET,THE WALTON CENTRE NHS FOUNDATION TRUST,C_320,Cardiology Service, -   , -   , -   ,-,-,0,0
Y62,RET,THE WALTON CENTRE NHS FOUNDATION TRUST,C_330,Dermatology Service, -   , -   , -   ,-,-,0,0
Y62,RET,THE WALTON CENTRE NHS FOUNDATION TRUST,C_340,Respiratory Medicine Service, -   , -   , -   ,-,-,0,0
Y62,RET,THE WALTON CENTRE NHS FOUNDATION TRUST,C_400,Neurology Service,"6,343","5,718",90.10%,6.8,19.1,0,0
Y62,RET,THE WALTON CENTRE NHS FOUNDATION TRUST,C_410,Rheumatology Service, -   , -   , -   ,-,-,0,0
Y62,RET,THE WALTON CENTRE NHS FOUNDATION TRUST,C_430,Elderly Medicine Service, -   , -   , -   ,-,-,0,0
Y62,RET,THE WALTON CENTRE NHS FOUNDATION TRUST,C_502,Gynaecology Service, -   , -   , -   ,-,-,0,0
Y62,RET,THE WALTON CENTRE NHS FOUNDATION TRUST,X02,Other - Medical Services,"2,488","1,692",68.00%,12.4,35.9,73,1
Y62,RET,THE WALTON CENTRE NHS FOUNDATION TRUST,X03,Other - Mental Health Services,18,18,100.00%,-,-,0,0
Y62,RET,THE WALTON CENTRE NHS FOUNDATION TRUST,X04,Other - Paediatric Services, -   , -   , -   ,-,-,0,0
Y62,RET,THE WALTON CENTRE NHS FOUNDATION TRUST,X05,Other - Surgical Services,320,162,50.60%,17.8,60.2,31,4
Y62,RET,THE WALTON CENTRE NHS FOUNDATION TRUST,X06,Other - Other Services, -   , -   , -   ,-,-,0,0
Y62,RJN,EAST CHESHIRE NHS TRUST,C_100,General Surgery Service,"1,061",815,76.80%,10.1,36.4,22,0
Y62,RJN,EAST CHESHIRE NHS TRUST,C_101,Urology Service,302,257,85.10%,6.3,25.3,3,0
Y62,RJN,EAST CHESHIRE NHS TRUST,C_110,Trauma and Orthopaedic Service,"1,447",701,48.40%,19.1,53.6,128,25
Y62,RJN,EAST CHESHIRE NHS TRUST,C_120,Ear Nose and Throat Service,689,540,78.40%,10.6,30,7,0
Y62,RJN,EAST CHESHIRE NHS TRUST,C_130,Ophthalmology Service,"1,240",903,72.80%,12.9,26.5,4,0
Y62,RJN,EAST CHESHIRE NHS TRUST,C_140,Oral Surgery Service, -   , -   , -   ,-,-,0,0
Y62,RJN,EAST CHESHIRE NHS TRUST,C_150,Neurosurgical Service, -   , -   , -   ,-,-,0,0
Y62,RJN,EAST CHESHIRE NHS TRUST,C_160,Plastic Surgery Service,50,44,88.00%,6.1,23,0,0
Y62,RJN,EAST CHESHIRE NHS TRUST,C_170,Cardiothoracic Surgery Service, -   , -   , -   ,-,-,0,0
Y62,RJN,EAST CHESHIRE NHS TRUST,C_300,General Internal Medicine Service,3,3,100.00%,-,-,0,0
Y62,RJN,EAST CHESHIRE NHS TRUST,C_301,Gastroenterology Service,"1,162",708,60.90%,14.2,47.6,62,2
Y62,RJN,EAST CHESHIRE NHS TRUST,C_320,Cardiology Service,625,346,55.40%,15.9,37.4,3,0
Y62,RJN,EAST CHESHIRE NHS TRUST,C_330,Dermatology Service, -   , -   , -   ,-,-,0,0
Y62,RJN,EAST CHESHIRE NHS TRUST,C_340,Respiratory Medicine Service,262,209,79.80%,8.5,29.4,1,0
Y62,RJN,EAST CHESHIRE NHS TRUST,C_400,Neurology Service, -   , -   , -   ,-,-,0,0
Y62,RJN,EAST CHESHIRE NHS TRUST,C_410,Rheumatology Service, -   , -   , -   ,-,-,0,0
Y62,RJN,EAST CHESHIRE NHS TRUST,C_430,Elderly Medicine Service,54,49,90.70%,8.4,18.7,0,0
Y62,RJN,EAST CHESHIRE NHS TRUST,C_502,Gynaecology Service,"1,033",836,80.90%,9.2,25.6,3,0
Y62,RJN,EAST CHESHIRE NHS TRUST,X02,Other - Medical Services,524,391,74.60%,11.7,28.1,1,0
Y62,RJN,EAST CHESHIRE NHS TRUST,X03,Other - Mental Health Services, -   , -   , -   ,-,-,0,0
Y62,RJN,EAST CHESHIRE NHS TRUST,X04,Other - Paediatric Services,37,30,81.10%,9.4,24,0,0
Y62,RJN,EAST CHESHIRE NHS TRUST,X05,Other - Surgical Services,625,352,56.30%,14.7,45.7,20,1
Y62,RJN,EAST CHESHIRE NHS TRUST,X06,Other - Other Services,648,646,99.70%,5.2,10.7,0,0
Y62,RJR,COUNTESS OF CHESTER HOSPITAL NHS FOUNDATION TRUST,C_100,General Surgery Service,"1,966",675,34.30%,28.2,67.5,508,10
Y62,RJR,COUNTESS OF CHESTER HOSPITAL NHS FOUNDATION TRUST,C_101,Urology Service,"1,942",761,39.20%,24,65,299,30
Y62,RJR,COUNTESS OF CHESTER HOSPITAL NHS FOUNDATION TRUST,C_110,Trauma and Orthopaedic Service,"2,423",963,39.70%,22.8,61.2,356,21
Y62,RJR,COUNTESS OF CHESTER HOSPITAL NHS FOUNDATION TRUST,C_120,Ear Nose and Throat Service,"5,095","1,754",34.40%,27,57.9,676,8
Y62,RJR,COUNTESS OF CHESTER HOSPITAL NHS FOUNDATION TRUST,C_130,Ophthalmology Service,"3,775","1,356",35.90%,27.6,61.8,564,24
Y62,RJR,COUNTESS OF CHESTER HOSPITAL NHS FOUNDATION TRUST,C_140,Oral Surgery Service,"2,159",636,29.50%,31.6,69.1,488,53
Y62,RJR,COUNTESS OF CHESTER HOSPITAL NHS FOUNDATION TRUST,C_150,Neurosurgical Service, -   , -   , -   ,-,-,0,0
Y62,RJR,COUNTESS OF CHESTER HOSPITAL NHS FOUNDATION TRUST,C_160,Plastic Surgery Service,"1,442",439,30.40%,29.3,61.8,238,18
Y62,RJR,COUNTESS OF CHESTER HOSPITAL NHS FOUNDATION TRUST,C_170,Cardiothoracic Surgery Service, -   , -   , -   ,-,-,0,0
Y62,RJR,COUNTESS OF CHESTER HOSPITAL NHS FOUNDATION TRUST,C_300,General Internal Medicine Service,128,39,30.50%,27.5,44.9,3,0
Y62,RJR,COUNTESS OF CHESTER HOSPITAL NHS FOUNDATION TRUST,C_301,Gastroenterology Service,"1,583",558,35.20%,26,55.6,181,2
Y62,RJR,COUNTESS OF CHESTER HOSPITAL NHS FOUNDATION TRUST,C_320,Cardiology Service,918,667,72.70%,11.5,25.7,5,1
Y62,RJR,COUNTESS OF CHESTER HOSPITAL NHS FOUNDATION TRUST,C_330,Dermatology Service,"2,344","1,254",53.50%,16,48.3,101,0
Y62,RJR,COUNTESS OF CHESTER HOSPITAL NHS FOUNDATION TRUST,C_340,Respiratory Medicine Service,"1,565",773,49.40%,18.4,47.9,65,1
Y62,RJR,COUNTESS OF CHESTER HOSPITAL NHS FOUNDATION TRUST,C_400,Neurology Service, -   , -   , -   ,-,-,0,0
Y62,RJR,COUNTESS OF CHESTER HOSPITAL NHS FOUNDATION TRUST,C_410,Rheumatology Service,882,334,37.90%,24.2,49,45,1
Y62,RJR,COUNTESS OF CHESTER HOSPITAL NHS FOUNDATION TRUST,C_430,Elderly Medicine Service,158,125,79.10%,6.9,28.7,2,0
Y62,RJR,COUNTESS OF CHESTER HOSPITAL NHS FOUNDATION TRUST,C_502,Gynaecology Service,"3,664","1,374",37.50%,28,70.9,760,87
Y62,RJR,COUNTESS OF CHESTER HOSPITAL NHS FOUNDATION TRUST,X02,Other - Medical Services,"3,060","1,721",56.20%,15.2,44.8,136,5
Y62,RJR,COUNTESS OF CHESTER HOSPITAL NHS FOUNDATION TRUST,X03,Other - Mental Health Services, -   , -   , -   ,-,-,0,0
Y62,RJR,COUNTESS OF CHESTER HOSPITAL NHS FOUNDATION TRUST,X04,Other - Paediatric Services,646,371,57.40%,15.6,38.3,4,0
Y62,RJR,COUNTESS OF CHESTER HOSPITAL NHS FOUNDATION TRUST,X05,Other - Surgical Services,"6,667","3,474",52.10%,17,49.2,383,6
Y62,RJR,COUNTESS OF CHESTER HOSPITAL NHS FOUNDATION TRUST,X06,Other - Other Services,304,223,73.40%,8.2,46.7,17,1
Y62,RM3,NORTHERN CARE ALLIANCE NHS FOUNDATION TRUST,C_100,General Surgery Service,"4,736","2,173",45.90%,20.1,58.1,511,99
Y62,RM3,NORTHERN CARE ALLIANCE NHS FOUNDATION TRUST,C_101,Urology Service,"7,332","3,536",48.20%,19.3,50.7,543,44
Y62,RM3,NORTHERN CARE ALLIANCE NHS FOUNDATION TRUST,C_110,Trauma and Orthopaedic Service,"18,237","8,250",45.20%,20.4,61.3,"2,516",368
Y62,RM3,NORTHERN CARE ALLIANCE NHS FOUNDATION TRUST,C_120,Ear Nose and Throat Service,"13,095","6,103",46.60%,19.6,55.3,"1,338",81
Y62,RM3,NORTHERN CARE ALLIANCE NHS FOUNDATION TRUST,C_130,Ophthalmology Service,"7,424","4,010",54.00%,16.4,38,71,1
Y62,RM3,NORTHERN CARE ALLIANCE NHS FOUNDATION TRUST,C_140,Oral Surgery Service,"2,394",872,36.40%,26.3,66.4,382,74
Y62,RM3,NORTHERN CARE ALLIANCE NHS FOUNDATION TRUST,C_150,Neurosurgical Service,"9,916","4,122",41.60%,21.6,49.8,701,96
Y62,RM3,NORTHERN CARE ALLIANCE NHS FOUNDATION TRUST,C_160,Plastic Surgery Service,495,296,59.80%,14.6,45.4,23,6
Y62,RM3,NORTHERN CARE ALLIANCE NHS FOUNDATION TRUST,C_170,Cardiothoracic Surgery Service,26,19,73.10%,5.8,51.5,1,0
Y62,RM3,NORTHERN CARE ALLIANCE NHS FOUNDATION TRUST,C_300,General Internal Medicine Service,632,529,83.70%,7.5,27.3,0,0
Y62,RM3,NORTHERN CARE ALLIANCE NHS FOUNDATION TRUST,C_301,Gastroenterology Service,"7,654","4,344",56.80%,14.6,40.2,267,12
Y62,RM3,NORTHERN CARE ALLIANCE NHS FOUNDATION TRUST,C_320,Cardiology Service,"5,196","3,076",59.20%,13.9,40.4,74,1
Y62,RM3,NORTHERN CARE ALLIANCE NHS FOUNDATION TRUST,C_330,Dermatology Service,"16,949","8,703",51.30%,17.2,71.9,"3,863",796
Y62,RM3,NORTHERN CARE ALLIANCE NHS FOUNDATION TRUST,C_340,Respiratory Medicine Service,"2,051","1,428",69.60%,11.9,30.4,1,1
Y62,RM3,NORTHERN CARE ALLIANCE NHS FOUNDATION TRUST,C_400,Neurology Service,"19,412","9,140",47.10%,19.5,61.2,"2,978",4
Y62,RM3,NORTHERN CARE ALLIANCE NHS FOUNDATION TRUST,C_410,Rheumatology Service,"2,586","1,541",59.60%,13.7,35.3,3,1
Y62,RM3,NORTHERN CARE ALLIANCE NHS FOUNDATION TRUST,C_430,Elderly Medicine Service,263,231,87.80%,10,19.6,0,0
Y62,RM3,NORTHERN CARE ALLIANCE NHS FOUNDATION TRUST,C_502,Gynaecology Service,"10,722","4,615",43.00%,22.8,61.9,"1,638",183
Y62,RM3,NORTHERN CARE ALLIANCE NHS FOUNDATION TRUST,X02,Other - Medical Services,"5,697","4,649",81.60%,9.5,27,9,1
Y62,RM3,NORTHERN CARE ALLIANCE NHS FOUNDATION TRUST,X03,Other - Mental Health Services, -   , -   , -   ,-,-,0,0
Y62,RM3,NORTHERN CARE ALLIANCE NHS FOUNDATION TRUST,X04,Other - Paediatric Services,"6,881","3,284",47.70%,19.3,67.8,"1,124",234
Y62,RM3,NORTHERN CARE ALLIANCE NHS FOUNDATION TRUST,X05,Other - Surgical Services,"11,009","6,445",58.50%,14.1,49,765,90
Y62,RM3,NORTHERN CARE ALLIANCE NHS FOUNDATION TRUST,X06,Other - Other Services,130,65,50.00%,18.5,42.7,4,1
Y62,RMC,BOLTON NHS FOUNDATION TRUST,C_100,General Surgery Service,"3,992","2,513",63.00%,12.1,52.7,331,33
Y62,RMC,BOLTON NHS FOUNDATION TRUST,C_101,Urology Service,"1,837","1,093",59.50%,13.9,46.9,118,9
Y62,RMC,BOLTON NHS FOUNDATION TRUST,C_110,Trauma and Orthopaedic Service,"3,991","2,477",62.10%,13,43.7,170,19
Y62,RMC,BOLTON NHS FOUNDATION TRUST,C_120,Ear Nose and Throat Service,"3,297","1,968",59.70%,14.6,47,187,21
Y62,RMC,BOLTON NHS FOUNDATION TRUST,C_130,Ophthalmology Service,"6,852","3,334",48.70%,18.5,58.4,865,5
Y62,RMC,BOLTON NHS FOUNDATION TRUST,C_140,Oral Surgery Service,"1,866","1,200",64.30%,12.7,47.7,106,15
Y62,RMC,BOLTON NHS FOUNDATION TRUST,C_150,Neurosurgical Service, -   , -   , -   ,-,-,0,0
Y62,RMC,BOLTON NHS FOUNDATION TRUST,C_160,Plastic Surgery Service,579,273,47.20%,19.4,64.7,83,7
Y62,RMC,BOLTON NHS FOUNDATION TRUST,C_170,Cardiothoracic Surgery Service,7, -   , -   ,-,-,0,0
Y62,RMC,BOLTON NHS FOUNDATION TRUST,C_300,General Internal Medicine Service,8,8,100.00%,-,-,0,0
Y62,RMC,BOLTON NHS FOUNDATION TRUST,C_301,Gastroenterology Service,"1,985","1,265",63.70%,12.5,33.7,7,0
Y62,RMC,BOLTON NHS FOUNDATION TRUST,C_320,Cardiology Service,"2,506","1,445",57.70%,14.7,42,75,1
Y62,RMC,BOLTON NHS FOUNDATION TRUST,C_330,Dermatology Service,"2,118","1,512",71.40%,12.4,29.4,0,0
Y62,RMC,BOLTON NHS FOUNDATION TRUST,C_340,Respiratory Medicine Service,"1,053",765,72.60%,11.2,29.7,2,0
Y62,RMC,BOLTON NHS FOUNDATION TRUST,C_400,Neurology Service,56,45,80.40%,11.5,22.3,0,0
Y62,RMC,BOLTON NHS FOUNDATION TRUST,C_410,Rheumatology Service,"1,029",556,54.00%,15.9,37.5,9,0
Y62,RMC,BOLTON NHS FOUNDATION TRUST,C_430,Elderly Medicine Service,115,106,92.20%,5.3,17.8,0,0
Y62,RMC,BOLTON NHS FOUNDATION TRUST,C_502,Gynaecology Service,"2,211","1,345",60.80%,12.8,51.3,165,19
Y62,RMC,BOLTON NHS FOUNDATION TRUST,X02,Other - Medical Services,"3,699","2,218",60.00%,13.9,30.4,6,0
Y62,RMC,BOLTON NHS FOUNDATION TRUST,X03,Other - Mental Health Services, -   , -   , -   ,-,-,0,0
Y62,RMC,BOLTON NHS FOUNDATION TRUST,X04,Other - Paediatric Services,529,267,50.50%,17.8,58.7,57,9
Y62,RMC,BOLTON NHS FOUNDATION TRUST,X05,Other - Surgical Services,472,340,72.00%,9,31.4,12,0
Y62,RMC,BOLTON NHS FOUNDATION TRUST,X06,Other - Other Services,105,100,95.20%,5.2,13.9,0,0
Y62,RMP,TAMESIDE AND GLOSSOP INTEGRATED CARE NHS FOUNDATION TRUST,C_100,General Surgery Service,"1,877","1,300",69.30%,9.5,30.9,10,0
Y62,RMP,TAMESIDE AND GLOSSOP INTEGRATED CARE NHS FOUNDATION TRUST,C_101,Urology Service,"1,267",767,60.50%,12.6,37.8,5,0
Y62,RMP,TAMESIDE AND GLOSSOP INTEGRATED CARE NHS FOUNDATION TRUST,C_110,Trauma and Orthopaedic Service,"2,624","1,400",53.40%,15.5,55.6,282,30
Y62,RMP,TAMESIDE AND GLOSSOP INTEGRATED CARE NHS FOUNDATION TRUST,C_120,Ear Nose and Throat Service,"1,722","1,170",67.90%,11.6,28,7,0
Y62,RMP,TAMESIDE AND GLOSSOP INTEGRATED CARE NHS FOUNDATION TRUST,C_130,Ophthalmology Service,458,48,10.50%,45.3,61.5,150,5
Y62,RMP,TAMESIDE AND GLOSSOP INTEGRATED CARE NHS FOUNDATION TRUST,C_140,Oral Surgery Service,"1,231",749,60.80%,13.9,32.5,6,0
Y62,RMP,TAMESIDE AND GLOSSOP INTEGRATED CARE NHS FOUNDATION TRUST,C_150,Neurosurgical Service, -   , -   , -   ,-,-,0,0
Y62,RMP,TAMESIDE AND GLOSSOP INTEGRATED CARE NHS FOUNDATION TRUST,C_160,Plastic Surgery Service, -   , -   , -   ,-,-,0,0
Y62,RMP,TAMESIDE AND GLOSSOP INTEGRATED CARE NHS FOUNDATION TRUST,C_170,Cardiothoracic Surgery Service,9,3,33.30%,-,-,0,0
Y62,RMP,TAMESIDE AND GLOSSOP INTEGRATED CARE NHS FOUNDATION TRUST,C_300,General Internal Medicine Service,201,154,76.60%,7.6,32.6,3,0
Y62,RMP,TAMESIDE AND GLOSSOP INTEGRATED CARE NHS FOUNDATION TRUST,C_301,Gastroenterology Service,608,550,90.50%,4.7,20.7,2,0
Y62,RMP,TAMESIDE AND GLOSSOP INTEGRATED CARE NHS FOUNDATION TRUST,C_320,Cardiology Service,"1,263",952,75.40%,9.7,23.9,1,0
Y62,RMP,TAMESIDE AND GLOSSOP INTEGRATED CARE NHS FOUNDATION TRUST,C_330,Dermatology Service,"2,820","1,364",48.40%,19,59.2,415,1
Y62,RMP,TAMESIDE AND GLOSSOP INTEGRATED CARE NHS FOUNDATION TRUST,C_340,Respiratory Medicine Service,497,373,75.10%,7.6,32.4,5,0
Y62,RMP,TAMESIDE AND GLOSSOP INTEGRATED CARE NHS FOUNDATION TRUST,C_400,Neurology Service, -   , -   , -   ,-,-,0,0
Y62,RMP,TAMESIDE AND GLOSSOP INTEGRATED CARE NHS FOUNDATION TRUST,C_410,Rheumatology Service,109,97,89.00%,3.3,21.3,0,0
Y62,RMP,TAMESIDE AND GLOSSOP INTEGRATED CARE NHS FOUNDATION TRUST,C_430,Elderly Medicine Service,3,3,100.00%,-,-,0,0
Y62,RMP,TAMESIDE AND GLOSSOP INTEGRATED CARE NHS FOUNDATION TRUST,C_502,Gynaecology Service,"2,660","1,502",56.50%,14.8,45.9,138,13
Y62,RMP,TAMESIDE AND GLOSSOP INTEGRATED CARE NHS FOUNDATION TRUST,X02,Other - Medical Services,745,540,72.50%,12.1,29.2,8,0
Y62,RMP,TAMESIDE AND GLOSSOP INTEGRATED CARE NHS FOUNDATION TRUST,X03,Other - Mental Health Services, -   , -   , -   ,-,-,0,0
Y62,RMP,TAMESIDE AND GLOSSOP INTEGRATED CARE NHS FOUNDATION TRUST,X04,Other - Paediatric Services,"1,308","1,015",77.60%,10.6,24.7,5,1
Y62,RMP,TAMESIDE AND GLOSSOP INTEGRATED CARE NHS FOUNDATION TRUST,X05,Other - Surgical Services,802,739,92.10%,6.8,17.9,5,0
Y62,RMP,TAMESIDE AND GLOSSOP INTEGRATED CARE NHS FOUNDATION TRUST,X06,Other - Other Services, -   , -   , -   ,-,-,0,0
Y62,RRF,"WRIGHTINGTON, WIGAN AND LEIGH NHS FOUNDATION TRUST",C_100,General Surgery Service,"1,625",912,56.10%,14.8,49.6,117,23
Y62,RRF,"WRIGHTINGTON, WIGAN AND LEIGH NHS FOUNDATION TRUST",C_101,Urology Service,"2,851","1,827",64.10%,13,41.3,112,20
Y62,RRF,"WRIGHTINGTON, WIGAN AND LEIGH NHS FOUNDATION TRUST",C_110,Trauma and Orthopaedic Service,"7,438","4,161",55.90%,15.1,49.1,477,56
Y62,RRF,"WRIGHTINGTON, WIGAN AND LEIGH NHS FOUNDATION TRUST",C_120,Ear Nose and Throat Service,"3,532","1,991",56.40%,15.6,36.9,80,1
Y62,RRF,"WRIGHTINGTON, WIGAN AND LEIGH NHS FOUNDATION TRUST",C_130,Ophthalmology Service,"2,340","1,717",73.40%,9.2,40.5,77,4
Y62,RRF,"WRIGHTINGTON, WIGAN AND LEIGH NHS FOUNDATION TRUST",C_140,Oral Surgery Service,"1,171",931,79.50%,10.5,29.9,13,0
Y62,RRF,"WRIGHTINGTON, WIGAN AND LEIGH NHS FOUNDATION TRUST",C_150,Neurosurgical Service,24,11,45.80%,18.8,43.1,0,0
Y62,RRF,"WRIGHTINGTON, WIGAN AND LEIGH NHS FOUNDATION TRUST",C_160,Plastic Surgery Service,517,302,58.40%,14.9,33.1,6,0
Y62,RRF,"WRIGHTINGTON, WIGAN AND LEIGH NHS FOUNDATION TRUST",C_170,Cardiothoracic Surgery Service,51,22,43.10%,20,46.5,2,0
Y62,RRF,"WRIGHTINGTON, WIGAN AND LEIGH NHS FOUNDATION TRUST",C_300,General Internal Medicine Service,733,306,41.70%,21.8,50.2,41,0
Y62,RRF,"WRIGHTINGTON, WIGAN AND LEIGH NHS FOUNDATION TRUST",C_301,Gastroenterology Service,"4,216","2,384",56.50%,14.6,52.4,348,87
Y62,RRF,"WRIGHTINGTON, WIGAN AND LEIGH NHS FOUNDATION TRUST",C_320,Cardiology Service,"2,625","1,228",46.80%,20,47.4,97,1
Y62,RRF,"WRIGHTINGTON, WIGAN AND LEIGH NHS FOUNDATION TRUST",C_330,Dermatology Service,"1,501","1,014",67.60%,6.8,65.8,405,0
Y62,RRF,"WRIGHTINGTON, WIGAN AND LEIGH NHS FOUNDATION TRUST",C_340,Respiratory Medicine Service,"1,817",868,47.80%,19.2,46.4,66,1
Y62,RRF,"WRIGHTINGTON, WIGAN AND LEIGH NHS FOUNDATION TRUST",C_400,Neurology Service, -   , -   , -   ,-,-,0,0
Y62,RRF,"WRIGHTINGTON, WIGAN AND LEIGH NHS FOUNDATION TRUST",C_410,Rheumatology Service,610,567,93.00%,8,17.3,0,0
Y62,RRF,"WRIGHTINGTON, WIGAN AND LEIGH NHS FOUNDATION TRUST",C_430,Elderly Medicine Service,384,228,59.40%,13.6,37.5,3,0
Y62,RRF,"WRIGHTINGTON, WIGAN AND LEIGH NHS FOUNDATION TRUST",C_502,Gynaecology Service,"4,222","1,907",45.20%,20.1,61.7,679,25
Y62,RRF,"WRIGHTINGTON, WIGAN AND LEIGH NHS FOUNDATION TRUST",X02,Other - Medical Services,"1,360",740,54.40%,15.2,45,24,2
Y62,RRF,"WRIGHTINGTON, WIGAN AND LEIGH NHS FOUNDATION TRUST",X03,Other - Mental Health Services, -   , -   , -   ,-,-,0,0
Y62,RRF,"WRIGHTINGTON, WIGAN AND LEIGH NHS FOUNDATION TRUST",X04,Other - Paediatric Services,"3,580","1,724",48.20%,18.6,40.8,43,0
Y62,RRF,"WRIGHTINGTON, WIGAN AND LEIGH NHS FOUNDATION TRUST",X05,Other - Surgical Services,"4,501","2,926",65.00%,12.2,37.3,97,4
Y62,RRF,"WRIGHTINGTON, WIGAN AND LEIGH NHS FOUNDATION TRUST",X06,Other - Other Services,44,38,86.40%,3.6,22.5,0,0
Y62,RTX,UNIVERSITY HOSPITALS OF MORECAMBE BAY NHS FOUNDATION TRUST,C_100,General Surgery Service,"1,964","1,173",59.70%,13.3,54.6,190,5
Y62,RTX,UNIVERSITY HOSPITALS OF MORECAMBE BAY NHS FOUNDATION TRUST,C_101,Urology Service,"2,059","1,212",58.90%,13.7,45.1,79,1
Y62,RTX,UNIVERSITY HOSPITALS OF MORECAMBE BAY NHS FOUNDATION TRUST,C_110,Trauma and Orthopaedic Service,"5,432","2,597",47.80%,19,53.6,514,41
Y62,RTX,UNIVERSITY HOSPITALS OF MORECAMBE BAY NHS FOUNDATION TRUST,C_120,Ear Nose and Throat Service,"2,221","1,739",78.30%,9.3,30.1,22,2
Y62,RTX,UNIVERSITY HOSPITALS OF MORECAMBE BAY NHS FOUNDATION TRUST,C_130,Ophthalmology Service,"1,945","1,810",93.10%,4.8,16.8,2,0
Y62,RTX,UNIVERSITY HOSPITALS OF MORECAMBE BAY NHS FOUNDATION TRUST,C_140,Oral Surgery Service,"1,224",940,76.80%,9.8,30.1,5,0
Y62,RTX,UNIVERSITY HOSPITALS OF MORECAMBE BAY NHS FOUNDATION TRUST,C_150,Neurosurgical Service, -   , -   , -   ,-,-,0,0
Y62,RTX,UNIVERSITY HOSPITALS OF MORECAMBE BAY NHS FOUNDATION TRUST,C_160,Plastic Surgery Service,134,122,91.00%,5.7,18.6,1,0
Y62,RTX,UNIVERSITY HOSPITALS OF MORECAMBE BAY NHS FOUNDATION TRUST,C_170,Cardiothoracic Surgery Service,10,10,100.00%,-,-,0,0
Y62,RTX,UNIVERSITY HOSPITALS OF MORECAMBE BAY NHS FOUNDATION TRUST,C_300,General Internal Medicine Service,26,24,92.30%,5.8,15.9,0,0
Y62,RTX,UNIVERSITY HOSPITALS OF MORECAMBE BAY NHS FOUNDATION TRUST,C_301,Gastroenterology Service,"1,942","1,248",64.30%,12.7,37.7,27,1
Y62,RTX,UNIVERSITY HOSPITALS OF MORECAMBE BAY NHS FOUNDATION TRUST,C_320,Cardiology Service,932,724,77.70%,8.7,24.9,1,0
Y62,RTX,UNIVERSITY HOSPITALS OF MORECAMBE BAY NHS FOUNDATION TRUST,C_330,Dermatology Service,"1,878","1,439",76.60%,8.1,25.8,0,0
Y62,RTX,UNIVERSITY HOSPITALS OF MORECAMBE BAY NHS FOUNDATION TRUST,C_340,Respiratory Medicine Service,535,430,80.40%,8.5,28.3,0,0
Y62,RTX,UNIVERSITY HOSPITALS OF MORECAMBE BAY NHS FOUNDATION TRUST,C_400,Neurology Service, -   , -   , -   ,-,-,0,0
Y62,RTX,UNIVERSITY HOSPITALS OF MORECAMBE BAY NHS FOUNDATION TRUST,C_410,Rheumatology Service,458,421,91.90%,4.7,18,3,0
Y62,RTX,UNIVERSITY HOSPITALS OF MORECAMBE BAY NHS FOUNDATION TRUST,C_430,Elderly Medicine Service,122,115,94.30%,3.8,12.7,0,0
Y62,RTX,UNIVERSITY HOSPITALS OF MORECAMBE BAY NHS FOUNDATION TRUST,C_502,Gynaecology Service,"2,120","1,389",65.50%,11.4,36.8,51,2
Y62,RTX,UNIVERSITY HOSPITALS OF MORECAMBE BAY NHS FOUNDATION TRUST,X02,Other - Medical Services,"2,096","1,493",71.20%,10.5,33.5,14,0
Y62,RTX,UNIVERSITY HOSPITALS OF MORECAMBE BAY NHS FOUNDATION TRUST,X03,Other - Mental Health Services, -   , -   , -   ,-,-,0,0
Y62,RTX,UNIVERSITY HOSPITALS OF MORECAMBE BAY NHS FOUNDATION TRUST,X04,Other - Paediatric Services,"1,499","1,178",78.60%,9,31.1,33,1
Y62,RTX,UNIVERSITY HOSPITALS OF MORECAMBE BAY NHS FOUNDATION TRUST,X05,Other - Surgical Services,"2,191","1,443",65.90%,11.2,43.3,86,6
Y62,RTX,UNIVERSITY HOSPITALS OF MORECAMBE BAY NHS FOUNDATION TRUST,X06,Other - Other Services,483,447,92.50%,3.3,16.5,5,1
Y62,RVY,SOUTHPORT AND ORMSKIRK HOSPITAL NHS TRUST,C_100,General Surgery Service,"2,041","1,515",74.20%,10.6,35.9,61,6
Y62,RVY,SOUTHPORT AND ORMSKIRK HOSPITAL NHS TRUST,C_101,Urology Service,520,417,80.20%,5.9,26.3,0,0
Y62,RVY,SOUTHPORT AND ORMSKIRK HOSPITAL NHS TRUST,C_110,Trauma and Orthopaedic Service,"2,492","2,210",88.70%,3.7,23.4,8,0
Y62,RVY,SOUTHPORT AND ORMSKIRK HOSPITAL NHS TRUST,C_120,Ear Nose and Throat Service,"1,414",848,60.00%,14.7,34.1,15,0
Y62,RVY,SOUTHPORT AND ORMSKIRK HOSPITAL NHS TRUST,C_130,Ophthalmology Service,401,316,78.80%,7.4,29.5,0,0
Y62,RVY,SOUTHPORT AND ORMSKIRK HOSPITAL NHS TRUST,C_140,Oral Surgery Service,686,577,84.10%,10.5,21,0,0
Y62,RVY,SOUTHPORT AND ORMSKIRK HOSPITAL NHS TRUST,C_150,Neurosurgical Service, -   , -   , -   ,-,-,0,0
Y62,RVY,SOUTHPORT AND ORMSKIRK HOSPITAL NHS TRUST,C_160,Plastic Surgery Service, -   , -   , -   ,-,-,0,0
Y62,RVY,SOUTHPORT AND ORMSKIRK HOSPITAL NHS TRUST,C_170,Cardiothoracic Surgery Service, -   , -   , -   ,-,-,0,0
Y62,RVY,SOUTHPORT AND ORMSKIRK HOSPITAL NHS TRUST,C_300,General Internal Medicine Service,255,180,70.60%,7.8,28.7,0,0
Y62,RVY,SOUTHPORT AND ORMSKIRK HOSPITAL NHS TRUST,C_301,Gastroenterology Service,432,275,63.70%,12.5,28.9,4,0
Y62,RVY,SOUTHPORT AND ORMSKIRK HOSPITAL NHS TRUST,C_320,Cardiology Service,808,472,58.40%,15.8,32.5,0,0
Y62,RVY,SOUTHPORT AND ORMSKIRK HOSPITAL NHS TRUST,C_330,Dermatology Service,"1,165",909,78.00%,5,29.5,0,0
Y62,RVY,SOUTHPORT AND ORMSKIRK HOSPITAL NHS TRUST,C_340,Respiratory Medicine Service,546,350,64.10%,14.2,27.3,0,0
Y62,RVY,SOUTHPORT AND ORMSKIRK HOSPITAL NHS TRUST,C_400,Neurology Service, -   , -   , -   ,-,-,0,0
Y62,RVY,SOUTHPORT AND ORMSKIRK HOSPITAL NHS TRUST,C_410,Rheumatology Service,528,321,60.80%,15.2,29.8,4,0
Y62,RVY,SOUTHPORT AND ORMSKIRK HOSPITAL NHS TRUST,C_430,Elderly Medicine Service,47,29,61.70%,14.3,29.7,0,0
Y62,RVY,SOUTHPORT AND ORMSKIRK HOSPITAL NHS TRUST,C_502,Gynaecology Service,"2,182","1,149",52.70%,16.5,37.5,31,0
Y62,RVY,SOUTHPORT AND ORMSKIRK HOSPITAL NHS TRUST,X02,Other - Medical Services,912,758,83.10%,8.9,24.2,0,0
Y62,RVY,SOUTHPORT AND ORMSKIRK HOSPITAL NHS TRUST,X03,Other - Mental Health Services, -   , -   , -   ,-,-,0,0
Y62,RVY,SOUTHPORT AND ORMSKIRK HOSPITAL NHS TRUST,X04,Other - Paediatric Services,423,250,59.10%,14.6,36.1,0,0
Y62,RVY,SOUTHPORT AND ORMSKIRK HOSPITAL NHS TRUST,X05,Other - Surgical Services,369,157,42.50%,22,64.7,71,6
Y62,RVY,SOUTHPORT AND ORMSKIRK HOSPITAL NHS TRUST,X06,Other - Other Services,45,36,80.00%,3.3,28.4,0,0
Y62,RW4,MERSEY CARE NHS FOUNDATION TRUST,C_100,General Surgery Service, -   , -   , -   ,-,-,0,0
Y62,RW4,MERSEY CARE NHS FOUNDATION TRUST,C_101,Urology Service, -   , -   , -   ,-,-,0,0
Y62,RW4,MERSEY CARE NHS FOUNDATION TRUST,C_110,Trauma and Orthopaedic Service, -   , -   , -   ,-,-,0,0
Y62,RW4,MERSEY CARE NHS FOUNDATION TRUST,C_120,Ear Nose and Throat Service, -   , -   , -   ,-,-,0,0
Y62,RW4,MERSEY CARE NHS FOUNDATION TRUST,C_130,Ophthalmology Service, -   , -   , -   ,-,-,0,0
Y62,RW4,MERSEY CARE NHS FOUNDATION TRUST,C_140,Oral Surgery Service, -   , -   , -   ,-,-,0,0
Y62,RW4,MERSEY CARE NHS FOUNDATION TRUST,C_150,Neurosurgical Service, -   , -   , -   ,-,-,0,0
Y62,RW4,MERSEY CARE NHS FOUNDATION TRUST,C_160,Plastic Surgery Service, -   , -   , -   ,-,-,0,0
Y62,RW4,MERSEY CARE NHS FOUNDATION TRUST,C_170,Cardiothoracic Surgery Service, -   , -   , -   ,-,-,0,0
Y62,RW4,MERSEY CARE NHS FOUNDATION TRUST,C_300,General Internal Medicine Service, -   , -   , -   ,-,-,0,0
Y62,RW4,MERSEY CARE NHS FOUNDATION TRUST,C_301,Gastroenterology Service, -   , -   , -   ,-,-,0,0
Y62,RW4,MERSEY CARE NHS FOUNDATION TRUST,C_320,Cardiology Service, -   , -   , -   ,-,-,0,0
Y62,RW4,MERSEY CARE NHS FOUNDATION TRUST,C_330,Dermatology Service, -   , -   , -   ,-,-,0,0
Y62,RW4,MERSEY CARE NHS FOUNDATION TRUST,C_340,Respiratory Medicine Service, -   , -   , -   ,-,-,0,0
Y62,RW4,MERSEY CARE NHS FOUNDATION TRUST,C_400,Neurology Service, -   , -   , -   ,-,-,0,0
Y62,RW4,MERSEY CARE NHS FOUNDATION TRUST,C_410,Rheumatology Service, -   , -   , -   ,-,-,0,0
Y62,RW4,MERSEY CARE NHS FOUNDATION TRUST,C_430,Elderly Medicine Service, -   , -   , -   ,-,-,0,0
Y62,RW4,MERSEY CARE NHS FOUNDATION TRUST,C_502,Gynaecology Service, -   , -   , -   ,-,-,0,0
Y62,RW4,MERSEY CARE NHS FOUNDATION TRUST,X02,Other - Medical Services, -   , -   , -   ,-,-,0,0
Y62,RW4,MERSEY CARE NHS FOUNDATION TRUST,X03,Other - Mental Health Services,73,73,100.00%,3.5,10.4,0,0
Y62,RW4,MERSEY CARE NHS FOUNDATION TRUST,X04,Other - Paediatric Services, -   , -   , -   ,-,-,0,0
Y62,RW4,MERSEY CARE NHS FOUNDATION TRUST,X05,Other - Surgical Services, -   , -   , -   ,-,-,0,0
Y62,RW4,MERSEY CARE NHS FOUNDATION TRUST,X06,Other - Other Services, -   , -   , -   ,-,-,0,0
Y62,RW5,LANCASHIRE & SOUTH CUMBRIA NHS FOUNDATION TRUST,C_100,General Surgery Service, -   , -   , -   ,-,-,0,0
Y62,RW5,LANCASHIRE & SOUTH CUMBRIA NHS FOUNDATION TRUST,C_101,Urology Service, -   , -   , -   ,-,-,0,0
Y62,RW5,LANCASHIRE & SOUTH CUMBRIA NHS FOUNDATION TRUST,C_110,Trauma and Orthopaedic Service,"2,280","1,950",85.50%,4.7,23.7,0,0
Y62,RW5,LANCASHIRE & SOUTH CUMBRIA NHS FOUNDATION TRUST,C_120,Ear Nose and Throat Service, -   , -   , -   ,-,-,0,0
Y62,RW5,LANCASHIRE & SOUTH CUMBRIA NHS FOUNDATION TRUST,C_130,Ophthalmology Service, -   , -   , -   ,-,-,0,0
Y62,RW5,LANCASHIRE & SOUTH CUMBRIA NHS FOUNDATION TRUST,C_140,Oral Surgery Service, -   , -   , -   ,-,-,0,0
Y62,RW5,LANCASHIRE & SOUTH CUMBRIA NHS FOUNDATION TRUST,C_150,Neurosurgical Service, -   , -   , -   ,-,-,0,0
Y62,RW5,LANCASHIRE & SOUTH CUMBRIA NHS FOUNDATION TRUST,C_160,Plastic Surgery Service, -   , -   , -   ,-,-,0,0
Y62,RW5,LANCASHIRE & SOUTH CUMBRIA NHS FOUNDATION TRUST,C_170,Cardiothoracic Surgery Service, -   , -   , -   ,-,-,0,0
Y62,RW5,LANCASHIRE & SOUTH CUMBRIA NHS FOUNDATION TRUST,C_300,General Internal Medicine Service, -   , -   , -   ,-,-,0,0
Y62,RW5,LANCASHIRE & SOUTH CUMBRIA NHS FOUNDATION TRUST,C_301,Gastroenterology Service, -   , -   , -   ,-,-,0,0
Y62,RW5,LANCASHIRE & SOUTH CUMBRIA NHS FOUNDATION TRUST,C_320,Cardiology Service, -   , -   , -   ,-,-,0,0
Y62,RW5,LANCASHIRE & SOUTH CUMBRIA NHS FOUNDATION TRUST,C_330,Dermatology Service, -   , -   , -   ,-,-,0,0
Y62,RW5,LANCASHIRE & SOUTH CUMBRIA NHS FOUNDATION TRUST,C_340,Respiratory Medicine Service, -   , -   , -   ,-,-,0,0
Y62,RW5,LANCASHIRE & SOUTH CUMBRIA NHS FOUNDATION TRUST,C_400,Neurology Service, -   , -   , -   ,-,-,0,0
Y62,RW5,LANCASHIRE & SOUTH CUMBRIA NHS FOUNDATION TRUST,C_410,Rheumatology Service,384,321,83.60%,8.7,22.3,0,0
Y62,RW5,LANCASHIRE & SOUTH CUMBRIA NHS FOUNDATION TRUST,C_430,Elderly Medicine Service, -   , -   , -   ,-,-,0,0
Y62,RW5,LANCASHIRE & SOUTH CUMBRIA NHS FOUNDATION TRUST,C_502,Gynaecology Service, -   , -   , -   ,-,-,0,0
Y62,RW5,LANCASHIRE & SOUTH CUMBRIA NHS FOUNDATION TRUST,X02,Other - Medical Services, -   , -   , -   ,-,-,0,0
Y62,RW5,LANCASHIRE & SOUTH CUMBRIA NHS FOUNDATION TRUST,X03,Other - Mental Health Services, -   , -   , -   ,-,-,0,0
Y62,RW5,LANCASHIRE & SOUTH CUMBRIA NHS FOUNDATION TRUST,X04,Other - Paediatric Services, -   , -   , -   ,-,-,0,0
Y62,RW5,LANCASHIRE & SOUTH CUMBRIA NHS FOUNDATION TRUST,X05,Other - Surgical Services, -   , -   , -   ,-,-,0,0
Y62,RW5,LANCASHIRE & SOUTH CUMBRIA NHS FOUNDATION TRUST,X06,Other - Other Services, -   , -   , -   ,-,-,0,0
Y62,RWJ,STOCKPORT NHS FOUNDATION TRUST,C_100,General Surgery Service,"5,792","2,786",48.10%,18.9,61.1,749,115
Y62,RWJ,STOCKPORT NHS FOUNDATION TRUST,C_101,Urology Service,"3,371","1,368",40.60%,24,61.8,470,70
Y62,RWJ,STOCKPORT NHS FOUNDATION TRUST,C_110,Trauma and Orthopaedic Service,"4,510","2,659",59.00%,14.2,47.1,269,37
Y62,RWJ,STOCKPORT NHS FOUNDATION TRUST,C_120,Ear Nose and Throat Service,"4,224","2,012",47.60%,19.1,70.3,676,200
Y62,RWJ,STOCKPORT NHS FOUNDATION TRUST,C_130,Ophthalmology Service,"5,051","2,526",50.00%,18,52.1,407,10
Y62,RWJ,STOCKPORT NHS FOUNDATION TRUST,C_140,Oral Surgery Service,"2,821","1,209",42.90%,22.1,55.9,274,42
Y62,RWJ,STOCKPORT NHS FOUNDATION TRUST,C_150,Neurosurgical Service, -   , -   , -   ,-,-,0,0
Y62,RWJ,STOCKPORT NHS FOUNDATION TRUST,C_160,Plastic Surgery Service, -   , -   , -   ,-,-,0,0
Y62,RWJ,STOCKPORT NHS FOUNDATION TRUST,C_170,Cardiothoracic Surgery Service,8,8,100.00%,-,-,0,0
Y62,RWJ,STOCKPORT NHS FOUNDATION TRUST,C_300,General Internal Medicine Service,4,1,25.00%,-,-,2,0
Y62,RWJ,STOCKPORT NHS FOUNDATION TRUST,C_301,Gastroenterology Service,"3,954","1,715",43.40%,21.4,54.9,392,57
Y62,RWJ,STOCKPORT NHS FOUNDATION TRUST,C_320,Cardiology Service,"3,470","1,813",52.20%,17.2,33.7,2,0
Y62,RWJ,STOCKPORT NHS FOUNDATION TRUST,C_330,Dermatology Service, -   , -   , -   ,-,-,0,0
Y62,RWJ,STOCKPORT NHS FOUNDATION TRUST,C_340,Respiratory Medicine Service,"1,414",756,53.50%,16.7,34.4,1,0
Y62,RWJ,STOCKPORT NHS FOUNDATION TRUST,C_400,Neurology Service, -   , -   , -   ,-,-,0,0
Y62,RWJ,STOCKPORT NHS FOUNDATION TRUST,C_410,Rheumatology Service,"1,370",598,43.60%,20.8,47.2,28,0
Y62,RWJ,STOCKPORT NHS FOUNDATION TRUST,C_430,Elderly Medicine Service,227,197,86.80%,6.3,25.8,1,0
Y62,RWJ,STOCKPORT NHS FOUNDATION TRUST,C_502,Gynaecology Service,"4,972","2,204",44.30%,20.8,61.5,654,122
Y62,RWJ,STOCKPORT NHS FOUNDATION TRUST,X02,Other - Medical Services,"2,983","1,913",64.10%,12.7,41.6,143,14
Y62,RWJ,STOCKPORT NHS FOUNDATION TRUST,X03,Other - Mental Health Services, -   , -   , -   ,-,-,0,0
Y62,RWJ,STOCKPORT NHS FOUNDATION TRUST,X04,Other - Paediatric Services,206,185,89.80%,7.1,19.3,0,0
Y62,RWJ,STOCKPORT NHS FOUNDATION TRUST,X05,Other - Surgical Services, -   , -   , -   ,-,-,0,0
Y62,RWJ,STOCKPORT NHS FOUNDATION TRUST,X06,Other - Other Services,374,140,37.40%,26.2,50.7,22,0
Y62,RWW,WARRINGTON AND HALTON TEACHING HOSPITALS NHS FOUNDATION TRUST,C_100,General Surgery Service,628,283,45.10%,22.8,72.7,123,34
Y62,RWW,WARRINGTON AND HALTON TEACHING HOSPITALS NHS FOUNDATION TRUST,C_101,Urology Service,"1,842","1,074",58.30%,14.9,60,221,46
Y62,RWW,WARRINGTON AND HALTON TEACHING HOSPITALS NHS FOUNDATION TRUST,C_110,Trauma and Orthopaedic Service,"2,741","1,421",51.80%,17.1,54.7,267,23
Y62,RWW,WARRINGTON AND HALTON TEACHING HOSPITALS NHS FOUNDATION TRUST,C_120,Ear Nose and Throat Service,"2,513",859,34.20%,25.2,52.5,227,18
Y62,RWW,WARRINGTON AND HALTON TEACHING HOSPITALS NHS FOUNDATION TRUST,C_130,Ophthalmology Service,"2,213","1,910",86.30%,8.3,21.8,4,0
Y62,RWW,WARRINGTON AND HALTON TEACHING HOSPITALS NHS FOUNDATION TRUST,C_140,Oral Surgery Service, -   , -   , -   ,-,-,0,0
Y62,RWW,WARRINGTON AND HALTON TEACHING HOSPITALS NHS FOUNDATION TRUST,C_150,Neurosurgical Service, -   , -   , -   ,-,-,0,0
Y62,RWW,WARRINGTON AND HALTON TEACHING HOSPITALS NHS FOUNDATION TRUST,C_160,Plastic Surgery Service, -   , -   , -   ,-,-,0,0
Y62,RWW,WARRINGTON AND HALTON TEACHING HOSPITALS NHS FOUNDATION TRUST,C_170,Cardiothoracic Surgery Service, -   , -   , -   ,-,-,0,0
Y62,RWW,WARRINGTON AND HALTON TEACHING HOSPITALS NHS FOUNDATION TRUST,C_300,General Internal Medicine Service,80,79,98.80%,7.3,17.2,0,0
Y62,RWW,WARRINGTON AND HALTON TEACHING HOSPITALS NHS FOUNDATION TRUST,C_301,Gastroenterology Service,"1,703","1,042",61.20%,14.8,32.9,12,0
Y62,RWW,WARRINGTON AND HALTON TEACHING HOSPITALS NHS FOUNDATION TRUST,C_320,Cardiology Service,"1,789","1,340",74.90%,11.6,28.3,0,0
Y62,RWW,WARRINGTON AND HALTON TEACHING HOSPITALS NHS FOUNDATION TRUST,C_330,Dermatology Service, -   , -   , -   ,-,-,0,0
Y62,RWW,WARRINGTON AND HALTON TEACHING HOSPITALS NHS FOUNDATION TRUST,C_340,Respiratory Medicine Service,"1,551",742,47.80%,18.8,44.8,26,0
Y62,RWW,WARRINGTON AND HALTON TEACHING HOSPITALS NHS FOUNDATION TRUST,C_400,Neurology Service, -   , -   , -   ,-,-,0,0
Y62,RWW,WARRINGTON AND HALTON TEACHING HOSPITALS NHS FOUNDATION TRUST,C_410,Rheumatology Service,365,284,77.80%,13.5,25,1,0
Y62,RWW,WARRINGTON AND HALTON TEACHING HOSPITALS NHS FOUNDATION TRUST,C_430,Elderly Medicine Service,8,8,100.00%,-,-,0,0
Y62,RWW,WARRINGTON AND HALTON TEACHING HOSPITALS NHS FOUNDATION TRUST,C_502,Gynaecology Service,"2,533","1,238",48.90%,18.6,65.7,401,66
Y62,RWW,WARRINGTON AND HALTON TEACHING HOSPITALS NHS FOUNDATION TRUST,X02,Other - Medical Services,"2,217","1,652",74.50%,11.3,26.6,2,0
Y62,RWW,WARRINGTON AND HALTON TEACHING HOSPITALS NHS FOUNDATION TRUST,X03,Other - Mental Health Services, -   , -   , -   ,-,-,0,0
Y62,RWW,WARRINGTON AND HALTON TEACHING HOSPITALS NHS FOUNDATION TRUST,X04,Other - Paediatric Services,"1,114",955,85.70%,8.4,25.9,5,0
Y62,RWW,WARRINGTON AND HALTON TEACHING HOSPITALS NHS FOUNDATION TRUST,X05,Other - Surgical Services,"5,573","3,245",58.20%,15.1,48.8,343,40
Y62,RWW,WARRINGTON AND HALTON TEACHING HOSPITALS NHS FOUNDATION TRUST,X06,Other - Other Services,433,394,91.00%,8.1,18.6,1,0
Y62,RXL,BLACKPOOL TEACHING HOSPITALS NHS FOUNDATION TRUST,C_100,General Surgery Service,"1,381",764,55.30%,15.5,54.5,136,20
Y62,RXL,BLACKPOOL TEACHING HOSPITALS NHS FOUNDATION TRUST,C_101,Urology Service,"1,626","1,233",75.80%,9.5,33.4,22,0
Y62,RXL,BLACKPOOL TEACHING HOSPITALS NHS FOUNDATION TRUST,C_110,Trauma and Orthopaedic Service,"1,836","1,210",65.90%,12.4,34.4,13,1
Y62,RXL,BLACKPOOL TEACHING HOSPITALS NHS FOUNDATION TRUST,C_120,Ear Nose and Throat Service,"1,942","1,597",82.20%,7.9,25.3,4,1
Y62,RXL,BLACKPOOL TEACHING HOSPITALS NHS FOUNDATION TRUST,C_130,Ophthalmology Service,"2,342","1,851",79.00%,8.9,27,18,0
Y62,RXL,BLACKPOOL TEACHING HOSPITALS NHS FOUNDATION TRUST,C_140,Oral Surgery Service,"1,327",880,66.30%,12.8,32.9,3,0
Y62,RXL,BLACKPOOL TEACHING HOSPITALS NHS FOUNDATION TRUST,C_150,Neurosurgical Service, -   , -   , -   ,-,-,0,0
Y62,RXL,BLACKPOOL TEACHING HOSPITALS NHS FOUNDATION TRUST,C_160,Plastic Surgery Service,34,34,100.00%,3.4,11.8,0,0
Y62,RXL,BLACKPOOL TEACHING HOSPITALS NHS FOUNDATION TRUST,C_170,Cardiothoracic Surgery Service,574,345,60.10%,13.6,45.1,25,0
Y62,RXL,BLACKPOOL TEACHING HOSPITALS NHS FOUNDATION TRUST,C_300,General Internal Medicine Service,24,15,62.50%,6.6,22,0,0
Y62,RXL,BLACKPOOL TEACHING HOSPITALS NHS FOUNDATION TRUST,C_301,Gastroenterology Service,"3,680","1,807",49.10%,18.3,57.4,377,59
Y62,RXL,BLACKPOOL TEACHING HOSPITALS NHS FOUNDATION TRUST,C_320,Cardiology Service,"3,718","2,306",62.00%,13.8,42.8,197,51
Y62,RXL,BLACKPOOL TEACHING HOSPITALS NHS FOUNDATION TRUST,C_330,Dermatology Service,"1,303","1,238",95.00%,5.6,15.8,0,0
Y62,RXL,BLACKPOOL TEACHING HOSPITALS NHS FOUNDATION TRUST,C_340,Respiratory Medicine Service,999,458,45.80%,19.7,42.8,3,0
Y62,RXL,BLACKPOOL TEACHING HOSPITALS NHS FOUNDATION TRUST,C_400,Neurology Service, -   , -   , -   ,-,-,0,0
Y62,RXL,BLACKPOOL TEACHING HOSPITALS NHS FOUNDATION TRUST,C_410,Rheumatology Service,881,405,46.00%,20.8,51.6,67,0
Y62,RXL,BLACKPOOL TEACHING HOSPITALS NHS FOUNDATION TRUST,C_430,Elderly Medicine Service,24,24,100.00%,5.7,16,0,0
Y62,RXL,BLACKPOOL TEACHING HOSPITALS NHS FOUNDATION TRUST,C_502,Gynaecology Service,"2,741","1,601",58.40%,13.8,45.4,118,2
Y62,RXL,BLACKPOOL TEACHING HOSPITALS NHS FOUNDATION TRUST,X02,Other - Medical Services,"1,863","1,401",75.20%,9.4,29.2,0,0
Y62,RXL,BLACKPOOL TEACHING HOSPITALS NHS FOUNDATION TRUST,X03,Other - Mental Health Services,126,109,86.50%,0.9,23.6,0,0
Y62,RXL,BLACKPOOL TEACHING HOSPITALS NHS FOUNDATION TRUST,X04,Other - Paediatric Services,"1,081",641,59.30%,14.8,36.8,14,0
Y62,RXL,BLACKPOOL TEACHING HOSPITALS NHS FOUNDATION TRUST,X05,Other - Surgical Services,"2,336","1,580",67.60%,11.1,46.3,144,11
Y62,RXL,BLACKPOOL TEACHING HOSPITALS NHS FOUNDATION TRUST,X06,Other - Other Services, -   , -   , -   ,-,-,0,0
Y62,RXN,LANCASHIRE TEACHING HOSPITALS NHS FOUNDATION TRUST,C_100,General Surgery Service,698,427,61.20%,12.8,59.1,71,17
Y62,RXN,LANCASHIRE TEACHING HOSPITALS NHS FOUNDATION TRUST,C_101,Urology Service,"2,640","1,276",48.30%,18.7,63.3,410,67
Y62,RXN,LANCASHIRE TEACHING HOSPITALS NHS FOUNDATION TRUST,C_110,Trauma and Orthopaedic Service,"3,459","2,007",58.00%,14.5,53.4,296,83
Y62,RXN,LANCASHIRE TEACHING HOSPITALS NHS FOUNDATION TRUST,C_120,Ear Nose and Throat Service,"3,281","1,671",50.90%,17.3,59.5,366,97
Y62,RXN,LANCASHIRE TEACHING HOSPITALS NHS FOUNDATION TRUST,C_130,Ophthalmology Service,"3,846","2,855",74.20%,10.3,37.8,136,17
Y62,RXN,LANCASHIRE TEACHING HOSPITALS NHS FOUNDATION TRUST,C_140,Oral Surgery Service,"4,905","1,410",28.70%,33.1,76.5,"1,455",352
Y62,RXN,LANCASHIRE TEACHING HOSPITALS NHS FOUNDATION TRUST,C_150,Neurosurgical Service,"5,023","2,025",40.30%,24.1,65.1,801,162
Y62,RXN,LANCASHIRE TEACHING HOSPITALS NHS FOUNDATION TRUST,C_160,Plastic Surgery Service,"3,186","1,732",54.40%,15.8,58.6,347,86
Y62,RXN,LANCASHIRE TEACHING HOSPITALS NHS FOUNDATION TRUST,C_170,Cardiothoracic Surgery Service, -   , -   , -   ,-,-,0,0
Y62,RXN,LANCASHIRE TEACHING HOSPITALS NHS FOUNDATION TRUST,C_300,General Internal Medicine Service,"2,739","1,244",45.40%,20.4,53.1,236,29
Y62,RXN,LANCASHIRE TEACHING HOSPITALS NHS FOUNDATION TRUST,C_301,Gastroenterology Service,"2,028",987,48.70%,18.8,56.6,206,9
Y62,RXN,LANCASHIRE TEACHING HOSPITALS NHS FOUNDATION TRUST,C_320,Cardiology Service,"2,623","1,558",59.40%,14.2,52.2,215,9
Y62,RXN,LANCASHIRE TEACHING HOSPITALS NHS FOUNDATION TRUST,C_330,Dermatology Service,"1,565","1,098",70.20%,10,33.2,5,0
Y62,RXN,LANCASHIRE TEACHING HOSPITALS NHS FOUNDATION TRUST,C_340,Respiratory Medicine Service, -   , -   , -   ,-,-,0,0
Y62,RXN,LANCASHIRE TEACHING HOSPITALS NHS FOUNDATION TRUST,C_400,Neurology Service,"8,913","3,368",37.80%,25.3,61.3,"1,417",65
Y62,RXN,LANCASHIRE TEACHING HOSPITALS NHS FOUNDATION TRUST,C_410,Rheumatology Service, -   , -   , -   ,-,-,0,0
Y62,RXN,LANCASHIRE TEACHING HOSPITALS NHS FOUNDATION TRUST,C_430,Elderly Medicine Service,182,151,83.00%,6.5,30.8,4,1
Y62,RXN,LANCASHIRE TEACHING HOSPITALS NHS FOUNDATION TRUST,C_502,Gynaecology Service,"1,426",211,14.80%,36.6,70.7,314,65
Y62,RXN,LANCASHIRE TEACHING HOSPITALS NHS FOUNDATION TRUST,X02,Other - Medical Services,"4,277","2,692",62.90%,13,42.8,131,4
Y62,RXN,LANCASHIRE TEACHING HOSPITALS NHS FOUNDATION TRUST,X03,Other - Mental Health Services, -   , -   , -   ,-,-,0,0
Y62,RXN,LANCASHIRE TEACHING HOSPITALS NHS FOUNDATION TRUST,X04,Other - Paediatric Services,"1,759","1,110",63.10%,14.2,29.8,0,0
Y62,RXN,LANCASHIRE TEACHING HOSPITALS NHS FOUNDATION TRUST,X05,Other - Surgical Services,"7,612","3,657",48.00%,19,64.9,"1,183",265
Y62,RXN,LANCASHIRE TEACHING HOSPITALS NHS FOUNDATION TRUST,X06,Other - Other Services,598,500,83.60%,6.3,31.4,6,0
Y62,RXR,EAST LANCASHIRE HOSPITALS NHS TRUST,C_100,General Surgery Service,"4,014","2,343",58.40%,13.6,44.9,146,1
Y62,RXR,EAST LANCASHIRE HOSPITALS NHS TRUST,C_101,Urology Service,"2,344","1,468",62.60%,13.3,32.8,17,5
Y62,RXR,EAST LANCASHIRE HOSPITALS NHS TRUST,C_110,Trauma and Orthopaedic Service,"4,490","2,555",56.90%,15,43.5,145,1
Y62,RXR,EAST LANCASHIRE HOSPITALS NHS TRUST,C_120,Ear Nose and Throat Service,"3,360","2,407",71.60%,13.2,30.2,2,0
Y62,RXR,EAST LANCASHIRE HOSPITALS NHS TRUST,C_130,Ophthalmology Service,"3,969","2,343",59.00%,14,36.2,81,1
Y62,RXR,EAST LANCASHIRE HOSPITALS NHS TRUST,C_140,Oral Surgery Service,"3,455","1,918",55.50%,15.3,45.4,120,4
Y62,RXR,EAST LANCASHIRE HOSPITALS NHS TRUST,C_150,Neurosurgical Service, -   , -   , -   ,-,-,0,0
Y62,RXR,EAST LANCASHIRE HOSPITALS NHS TRUST,C_160,Plastic Surgery Service, -   , -   , -   ,-,-,0,0
Y62,RXR,EAST LANCASHIRE HOSPITALS NHS TRUST,C_170,Cardiothoracic Surgery Service,16,15,93.80%,-,-,0,0
Y62,RXR,EAST LANCASHIRE HOSPITALS NHS TRUST,C_300,General Internal Medicine Service,3,3,100.00%,-,-,0,0
Y62,RXR,EAST LANCASHIRE HOSPITALS NHS TRUST,C_301,Gastroenterology Service,"3,479","1,597",45.90%,19.4,45.4,50,0
Y62,RXR,EAST LANCASHIRE HOSPITALS NHS TRUST,C_320,Cardiology Service,"3,239","2,102",64.90%,13.6,28.3,0,0
Y62,RXR,EAST LANCASHIRE HOSPITALS NHS TRUST,C_330,Dermatology Service,"1,646","1,017",61.80%,12.8,30.9,1,0
Y62,RXR,EAST LANCASHIRE HOSPITALS NHS TRUST,C_340,Respiratory Medicine Service,682,594,87.10%,8.6,20.5,0,0
Y62,RXR,EAST LANCASHIRE HOSPITALS NHS TRUST,C_400,Neurology Service, -   , -   , -   ,-,-,0,0
Y62,RXR,EAST LANCASHIRE HOSPITALS NHS TRUST,C_410,Rheumatology Service,"1,672",785,46.90%,18.9,42.7,23,0
Y62,RXR,EAST LANCASHIRE HOSPITALS NHS TRUST,C_430,Elderly Medicine Service,58,57,98.30%,5.9,11.6,0,0
Y62,RXR,EAST LANCASHIRE HOSPITALS NHS TRUST,C_502,Gynaecology Service,"4,578","2,914",63.70%,13.4,30.7,45,0
Y62,RXR,EAST LANCASHIRE HOSPITALS NHS TRUST,X02,Other - Medical Services,"1,898","1,401",73.80%,10.1,30.5,10,0
Y62,RXR,EAST LANCASHIRE HOSPITALS NHS TRUST,X03,Other - Mental Health Services, -   , -   , -   ,-,-,0,0
Y62,RXR,EAST LANCASHIRE HOSPITALS NHS TRUST,X04,Other - Paediatric Services,"2,526","1,832",72.50%,11.3,24.9,0,0
Y62,RXR,EAST LANCASHIRE HOSPITALS NHS TRUST,X05,Other - Surgical Services,"7,072","6,018",85.10%,9.2,20.5,5,0
Y62,RXR,EAST LANCASHIRE HOSPITALS NHS TRUST,X06,Other - Other Services,25,22,88.00%,4,19,1,0
Y62,RY2,BRIDGEWATER COMMUNITY HEALTHCARE NHS FOUNDATION TRUST,C_100,General Surgery Service, -   , -   , -   ,-,-,0,0
Y62,RY2,BRIDGEWATER COMMUNITY HEALTHCARE NHS FOUNDATION TRUST,C_101,Urology Service, -   , -   , -   ,-,-,0,0
Y62,RY2,BRIDGEWATER COMMUNITY HEALTHCARE NHS FOUNDATION TRUST,C_110,Trauma and Orthopaedic Service, -   , -   , -   ,-,-,0,0
Y62,RY2,BRIDGEWATER COMMUNITY HEALTHCARE NHS FOUNDATION TRUST,C_120,Ear Nose and Throat Service, -   , -   , -   ,-,-,0,0
Y62,RY2,BRIDGEWATER COMMUNITY HEALTHCARE NHS FOUNDATION TRUST,C_130,Ophthalmology Service, -   , -   , -   ,-,-,0,0
Y62,RY2,BRIDGEWATER COMMUNITY HEALTHCARE NHS FOUNDATION TRUST,C_140,Oral Surgery Service, -   , -   , -   ,-,-,0,0
Y62,RY2,BRIDGEWATER COMMUNITY HEALTHCARE NHS FOUNDATION TRUST,C_150,Neurosurgical Service, -   , -   , -   ,-,-,0,0
Y62,RY2,BRIDGEWATER COMMUNITY HEALTHCARE NHS FOUNDATION TRUST,C_160,Plastic Surgery Service, -   , -   , -   ,-,-,0,0
Y62,RY2,BRIDGEWATER COMMUNITY HEALTHCARE NHS FOUNDATION TRUST,C_170,Cardiothoracic Surgery Service, -   , -   , -   ,-,-,0,0
Y62,RY2,BRIDGEWATER COMMUNITY HEALTHCARE NHS FOUNDATION TRUST,C_300,General Internal Medicine Service, -   , -   , -   ,-,-,0,0
Y62,RY2,BRIDGEWATER COMMUNITY HEALTHCARE NHS FOUNDATION TRUST,C_301,Gastroenterology Service, -   , -   , -   ,-,-,0,0
Y62,RY2,BRIDGEWATER COMMUNITY HEALTHCARE NHS FOUNDATION TRUST,C_320,Cardiology Service, -   , -   , -   ,-,-,0,0
Y62,RY2,BRIDGEWATER COMMUNITY HEALTHCARE NHS FOUNDATION TRUST,C_330,Dermatology Service,"1,427",602,42.20%,19.6,31.5,5,0
Y62,RY2,BRIDGEWATER COMMUNITY HEALTHCARE NHS FOUNDATION TRUST,C_340,Respiratory Medicine Service, -   , -   , -   ,-,-,0,0
Y62,RY2,BRIDGEWATER COMMUNITY HEALTHCARE NHS FOUNDATION TRUST,C_400,Neurology Service, -   , -   , -   ,-,-,0,0
Y62,RY2,BRIDGEWATER COMMUNITY HEALTHCARE NHS FOUNDATION TRUST,C_410,Rheumatology Service, -   , -   , -   ,-,-,0,0
Y62,RY2,BRIDGEWATER COMMUNITY HEALTHCARE NHS FOUNDATION TRUST,C_430,Elderly Medicine Service, -   , -   , -   ,-,-,0,0
Y62,RY2,BRIDGEWATER COMMUNITY HEALTHCARE NHS FOUNDATION TRUST,C_502,Gynaecology Service, -   , -   , -   ,-,-,0,0
Y62,RY2,BRIDGEWATER COMMUNITY HEALTHCARE NHS FOUNDATION TRUST,X02,Other - Medical Services, -   , -   , -   ,-,-,0,0
Y62,RY2,BRIDGEWATER COMMUNITY HEALTHCARE NHS FOUNDATION TRUST,X03,Other - Mental Health Services, -   , -   , -   ,-,-,0,0
Y62,RY2,BRIDGEWATER COMMUNITY HEALTHCARE NHS FOUNDATION TRUST,X04,Other - Paediatric Services,"1,131",433,38.30%,20.7,41.8,2,0
Y62,RY2,BRIDGEWATER COMMUNITY HEALTHCARE NHS FOUNDATION TRUST,X05,Other - Surgical Services, -   , -   , -   ,-,-,0,0
Y62,RY2,BRIDGEWATER COMMUNITY HEALTHCARE NHS FOUNDATION TRUST,X06,Other - Other Services,124,124,100.00%,1.7,4.4,0,0
Y62,RY7,WIRRAL COMMUNITY HEALTH AND CARE NHS FOUNDATION TRUST,C_100,General Surgery Service, -   , -   , -   ,-,-,0,0
Y62,RY7,WIRRAL COMMUNITY HEALTH AND CARE NHS FOUNDATION TRUST,C_101,Urology Service, -   , -   , -   ,-,-,0,0
Y62,RY7,WIRRAL COMMUNITY HEALTH AND CARE NHS FOUNDATION TRUST,C_110,Trauma and Orthopaedic Service, -   , -   , -   ,-,-,0,0
Y62,RY7,WIRRAL COMMUNITY HEALTH AND CARE NHS FOUNDATION TRUST,C_120,Ear Nose and Throat Service, -   , -   , -   ,-,-,0,0
Y62,RY7,WIRRAL COMMUNITY HEALTH AND CARE NHS FOUNDATION TRUST,C_130,Ophthalmology Service,88,81,92.00%,10.6,18,5,2
Y62,RY7,WIRRAL COMMUNITY HEALTH AND CARE NHS FOUNDATION TRUST,C_140,Oral Surgery Service, -   , -   , -   ,-,-,0,0
Y62,RY7,WIRRAL COMMUNITY HEALTH AND CARE NHS FOUNDATION TRUST,C_150,Neurosurgical Service, -   , -   , -   ,-,-,0,0
Y62,RY7,WIRRAL COMMUNITY HEALTH AND CARE NHS FOUNDATION TRUST,C_160,Plastic Surgery Service, -   , -   , -   ,-,-,0,0
Y62,RY7,WIRRAL COMMUNITY HEALTH AND CARE NHS FOUNDATION TRUST,C_170,Cardiothoracic Surgery Service, -   , -   , -   ,-,-,0,0
Y62,RY7,WIRRAL COMMUNITY HEALTH AND CARE NHS FOUNDATION TRUST,C_300,General Internal Medicine Service, -   , -   , -   ,-,-,0,0
Y62,RY7,WIRRAL COMMUNITY HEALTH AND CARE NHS FOUNDATION TRUST,C_301,Gastroenterology Service, -   , -   , -   ,-,-,0,0
Y62,RY7,WIRRAL COMMUNITY HEALTH AND CARE NHS FOUNDATION TRUST,C_320,Cardiology Service, -   , -   , -   ,-,-,0,0
Y62,RY7,WIRRAL COMMUNITY HEALTH AND CARE NHS FOUNDATION TRUST,C_330,Dermatology Service, -   , -   , -   ,-,-,0,0
Y62,RY7,WIRRAL COMMUNITY HEALTH AND CARE NHS FOUNDATION TRUST,C_340,Respiratory Medicine Service, -   , -   , -   ,-,-,0,0
Y62,RY7,WIRRAL COMMUNITY HEALTH AND CARE NHS FOUNDATION TRUST,C_400,Neurology Service, -   , -   , -   ,-,-,0,0
Y62,RY7,WIRRAL COMMUNITY HEALTH AND CARE NHS FOUNDATION TRUST,C_410,Rheumatology Service, -   , -   , -   ,-,-,0,0
Y62,RY7,WIRRAL COMMUNITY HEALTH AND CARE NHS FOUNDATION TRUST,C_430,Elderly Medicine Service, -   , -   , -   ,-,-,0,0
Y62,RY7,WIRRAL COMMUNITY HEALTH AND CARE NHS FOUNDATION TRUST,C_502,Gynaecology Service, -   , -   , -   ,-,-,0,0
Y62,RY7,WIRRAL COMMUNITY HEALTH AND CARE NHS FOUNDATION TRUST,X02,Other - Medical Services, -   , -   , -   ,-,-,0,0
Y62,RY7,WIRRAL COMMUNITY HEALTH AND CARE NHS FOUNDATION TRUST,X03,Other - Mental Health Services, -   , -   , -   ,-,-,0,0
Y62,RY7,WIRRAL COMMUNITY HEALTH AND CARE NHS FOUNDATION TRUST,X04,Other - Paediatric Services, -   , -   , -   ,-,-,0,0
Y62,RY7,WIRRAL COMMUNITY HEALTH AND CARE NHS FOUNDATION TRUST,X05,Other - Surgical Services, -   , -   , -   ,-,-,0,0
Y62,RY7,WIRRAL COMMUNITY HEALTH AND CARE NHS FOUNDATION TRUST,X06,Other - Other Services, -   , -   , -   ,-,-,0,0
Y63,R0B,SOUTH TYNESIDE AND SUNDERLAND NHS FOUNDATION TRUST,C_100,General Surgery Service,"4,533","3,735",82.40%,7.7,25.1,3,0
Y63,R0B,SOUTH TYNESIDE AND SUNDERLAND NHS FOUNDATION TRUST,C_101,Urology Service,"4,904","3,696",75.40%,9.6,29.7,0,0
Y63,R0B,SOUTH TYNESIDE AND SUNDERLAND NHS FOUNDATION TRUST,C_110,Trauma and Orthopaedic Service,"7,279","4,585",63.00%,13,39.4,127,0
Y63,R0B,SOUTH TYNESIDE AND SUNDERLAND NHS FOUNDATION TRUST,C_120,Ear Nose and Throat Service,"6,785","4,518",66.60%,12.4,31.6,0,0
Y63,R0B,SOUTH TYNESIDE AND SUNDERLAND NHS FOUNDATION TRUST,C_130,Ophthalmology Service,"8,383","6,398",76.30%,9.8,25.2,0,0
Y63,R0B,SOUTH TYNESIDE AND SUNDERLAND NHS FOUNDATION TRUST,C_140,Oral Surgery Service,"2,894","1,982",68.50%,11.7,29.2,0,0
Y63,R0B,SOUTH TYNESIDE AND SUNDERLAND NHS FOUNDATION TRUST,C_150,Neurosurgical Service, -   , -   , -   ,-,-,0,0
Y63,R0B,SOUTH TYNESIDE AND SUNDERLAND NHS FOUNDATION TRUST,C_160,Plastic Surgery Service, -   , -   , -   ,-,-,0,0
Y63,R0B,SOUTH TYNESIDE AND SUNDERLAND NHS FOUNDATION TRUST,C_170,Cardiothoracic Surgery Service, -   , -   , -   ,-,-,0,0
Y63,R0B,SOUTH TYNESIDE AND SUNDERLAND NHS FOUNDATION TRUST,C_300,General Internal Medicine Service, -   , -   , -   ,-,-,0,0
Y63,R0B,SOUTH TYNESIDE AND SUNDERLAND NHS FOUNDATION TRUST,C_301,Gastroenterology Service,"1,643","1,341",81.60%,7.9,24,0,0
Y63,R0B,SOUTH TYNESIDE AND SUNDERLAND NHS FOUNDATION TRUST,C_320,Cardiology Service,"1,834","1,553",84.70%,7.8,24.1,0,0
Y63,R0B,SOUTH TYNESIDE AND SUNDERLAND NHS FOUNDATION TRUST,C_330,Dermatology Service,891,830,93.20%,6.3,16.4,0,0
Y63,R0B,SOUTH TYNESIDE AND SUNDERLAND NHS FOUNDATION TRUST,C_340,Respiratory Medicine Service,"2,092","1,541",73.70%,10,29.1,1,0
Y63,R0B,SOUTH TYNESIDE AND SUNDERLAND NHS FOUNDATION TRUST,C_400,Neurology Service,"1,190","1,053",88.50%,7.6,19.5,0,0
Y63,R0B,SOUTH TYNESIDE AND SUNDERLAND NHS FOUNDATION TRUST,C_410,Rheumatology Service,"1,407","1,019",72.40%,11.6,24.9,0,0
Y63,R0B,SOUTH TYNESIDE AND SUNDERLAND NHS FOUNDATION TRUST,C_430,Elderly Medicine Service,863,700,81.10%,7.3,25.9,0,0
Y63,R0B,SOUTH TYNESIDE AND SUNDERLAND NHS FOUNDATION TRUST,C_502,Gynaecology Service,"2,710","2,333",86.10%,7.2,20.8,0,0
Y63,R0B,SOUTH TYNESIDE AND SUNDERLAND NHS FOUNDATION TRUST,X02,Other - Medical Services,"1,427","1,299",91.00%,6.3,18.6,0,0
Y63,R0B,SOUTH TYNESIDE AND SUNDERLAND NHS FOUNDATION TRUST,X03,Other - Mental Health Services, -   , -   , -   ,-,-,0,0
Y63,R0B,SOUTH TYNESIDE AND SUNDERLAND NHS FOUNDATION TRUST,X04,Other - Paediatric Services,"2,557","1,922",75.20%,10.8,25.8,0,0
Y63,R0B,SOUTH TYNESIDE AND SUNDERLAND NHS FOUNDATION TRUST,X05,Other - Surgical Services,110,86,78.20%,8,28.2,0,0
Y63,R0B,SOUTH TYNESIDE AND SUNDERLAND NHS FOUNDATION TRUST,X06,Other - Other Services,"5,527","5,215",94.40%,7,16.8,0,0
Y63,RAE,BRADFORD TEACHING HOSPITALS NHS FOUNDATION TRUST,C_100,General Surgery Service,"1,296",784,60.50%,12.5,50.8,90,7
Y63,RAE,BRADFORD TEACHING HOSPITALS NHS FOUNDATION TRUST,C_101,Urology Service,"2,043","1,575",77.10%,10.6,32.1,6,0
Y63,RAE,BRADFORD TEACHING HOSPITALS NHS FOUNDATION TRUST,C_110,Trauma and Orthopaedic Service,"1,824","1,016",55.70%,15.4,52,146,10
Y63,RAE,BRADFORD TEACHING HOSPITALS NHS FOUNDATION TRUST,C_120,Ear Nose and Throat Service,"3,394","2,268",66.80%,12,38.9,118,8
Y63,RAE,BRADFORD TEACHING HOSPITALS NHS FOUNDATION TRUST,C_130,Ophthalmology Service,"2,852","2,123",74.40%,10.7,31.5,23,1
Y63,RAE,BRADFORD TEACHING HOSPITALS NHS FOUNDATION TRUST,C_140,Oral Surgery Service,"1,619","1,005",62.10%,14.4,35.2,26,1
Y63,RAE,BRADFORD TEACHING HOSPITALS NHS FOUNDATION TRUST,C_150,Neurosurgical Service, -   , -   , -   ,-,-,0,0
Y63,RAE,BRADFORD TEACHING HOSPITALS NHS FOUNDATION TRUST,C_160,Plastic Surgery Service,841,570,67.80%,11.8,37.8,30,1
Y63,RAE,BRADFORD TEACHING HOSPITALS NHS FOUNDATION TRUST,C_170,Cardiothoracic Surgery Service, -   , -   , -   ,-,-,0,0
Y63,RAE,BRADFORD TEACHING HOSPITALS NHS FOUNDATION TRUST,C_300,General Internal Medicine Service,89,87,97.80%,5,17.1,0,0
Y63,RAE,BRADFORD TEACHING HOSPITALS NHS FOUNDATION TRUST,C_301,Gastroenterology Service,"1,479","1,218",82.40%,7.7,30.3,16,2
Y63,RAE,BRADFORD TEACHING HOSPITALS NHS FOUNDATION TRUST,C_320,Cardiology Service,"1,611","1,279",79.40%,9.3,29.3,5,0
Y63,RAE,BRADFORD TEACHING HOSPITALS NHS FOUNDATION TRUST,C_330,Dermatology Service,"1,464","1,215",83.00%,7.5,27.3,10,0
Y63,RAE,BRADFORD TEACHING HOSPITALS NHS FOUNDATION TRUST,C_340,Respiratory Medicine Service,783,663,84.70%,9,23.8,4,0
Y63,RAE,BRADFORD TEACHING HOSPITALS NHS FOUNDATION TRUST,C_400,Neurology Service,"1,062",555,52.30%,17,44.2,47,0
Y63,RAE,BRADFORD TEACHING HOSPITALS NHS FOUNDATION TRUST,C_410,Rheumatology Service,708,593,83.80%,8.4,23.5,2,0
Y63,RAE,BRADFORD TEACHING HOSPITALS NHS FOUNDATION TRUST,C_430,Elderly Medicine Service,87,80,92.00%,5.2,18,1,0
Y63,RAE,BRADFORD TEACHING HOSPITALS NHS FOUNDATION TRUST,C_502,Gynaecology Service,"3,436","2,235",65.00%,12.9,39.6,73,3
Y63,RAE,BRADFORD TEACHING HOSPITALS NHS FOUNDATION TRUST,X02,Other - Medical Services,"3,190","2,800",87.80%,8.1,22.8,4,1
Y63,RAE,BRADFORD TEACHING HOSPITALS NHS FOUNDATION TRUST,X03,Other - Mental Health Services, -   , -   , -   ,-,-,0,0
Y63,RAE,BRADFORD TEACHING HOSPITALS NHS FOUNDATION TRUST,X04,Other - Paediatric Services,"2,422","1,443",59.60%,14.6,38.9,28,0
Y63,RAE,BRADFORD TEACHING HOSPITALS NHS FOUNDATION TRUST,X05,Other - Surgical Services,"3,592","2,373",66.10%,12.4,39.7,124,13
Y63,RAE,BRADFORD TEACHING HOSPITALS NHS FOUNDATION TRUST,X06,Other - Other Services,732,689,94.10%,5.9,16.9,1,0
Y63,RCB,YORK AND SCARBOROUGH TEACHING HOSPITALS NHS FOUNDATION TRUST,C_100,General Surgery Service,"7,040","4,118",58.50%,14.2,53.5,604,103
Y63,RCB,YORK AND SCARBOROUGH TEACHING HOSPITALS NHS FOUNDATION TRUST,C_101,Urology Service,"2,666","1,538",57.70%,14.3,57.1,279,62
Y63,RCB,YORK AND SCARBOROUGH TEACHING HOSPITALS NHS FOUNDATION TRUST,C_110,Trauma and Orthopaedic Service,"3,559","1,885",53.00%,16.2,56.3,371,42
Y63,RCB,YORK AND SCARBOROUGH TEACHING HOSPITALS NHS FOUNDATION TRUST,C_120,Ear Nose and Throat Service,"6,853","2,855",41.70%,22.4,60.2,894,39
Y63,RCB,YORK AND SCARBOROUGH TEACHING HOSPITALS NHS FOUNDATION TRUST,C_130,Ophthalmology Service,"5,689","3,755",66.00%,12.8,36.2,75,6
Y63,RCB,YORK AND SCARBOROUGH TEACHING HOSPITALS NHS FOUNDATION TRUST,C_140,Oral Surgery Service,"4,912","1,627",33.10%,29.7,72.2,"1,174",215
Y63,RCB,YORK AND SCARBOROUGH TEACHING HOSPITALS NHS FOUNDATION TRUST,C_150,Neurosurgical Service, -   , -   , -   ,-,-,0,0
Y63,RCB,YORK AND SCARBOROUGH TEACHING HOSPITALS NHS FOUNDATION TRUST,C_160,Plastic Surgery Service,222,118,53.20%,15.9,47.2,13,3
Y63,RCB,YORK AND SCARBOROUGH TEACHING HOSPITALS NHS FOUNDATION TRUST,C_170,Cardiothoracic Surgery Service, -   , -   , -   ,-,-,0,0
Y63,RCB,YORK AND SCARBOROUGH TEACHING HOSPITALS NHS FOUNDATION TRUST,C_300,General Internal Medicine Service, -   , -   , -   ,-,-,0,0
Y63,RCB,YORK AND SCARBOROUGH TEACHING HOSPITALS NHS FOUNDATION TRUST,C_301,Gastroenterology Service,"1,714","1,087",63.40%,13.3,36.5,5,0
Y63,RCB,YORK AND SCARBOROUGH TEACHING HOSPITALS NHS FOUNDATION TRUST,C_320,Cardiology Service,"1,721","1,174",68.20%,12.9,32.6,10,0
Y63,RCB,YORK AND SCARBOROUGH TEACHING HOSPITALS NHS FOUNDATION TRUST,C_330,Dermatology Service,"1,798","1,060",59.00%,15.1,42,66,2
Y63,RCB,YORK AND SCARBOROUGH TEACHING HOSPITALS NHS FOUNDATION TRUST,C_340,Respiratory Medicine Service,"1,701","1,047",61.60%,14.4,36.9,8,0
Y63,RCB,YORK AND SCARBOROUGH TEACHING HOSPITALS NHS FOUNDATION TRUST,C_400,Neurology Service,"1,171",612,52.30%,17.1,45.5,33,2
Y63,RCB,YORK AND SCARBOROUGH TEACHING HOSPITALS NHS FOUNDATION TRUST,C_410,Rheumatology Service,766,486,63.40%,14,36.1,7,0
Y63,RCB,YORK AND SCARBOROUGH TEACHING HOSPITALS NHS FOUNDATION TRUST,C_430,Elderly Medicine Service,209,191,91.40%,5.2,18.6,1,0
Y63,RCB,YORK AND SCARBOROUGH TEACHING HOSPITALS NHS FOUNDATION TRUST,C_502,Gynaecology Service,"3,213","1,642",51.10%,17.4,56.4,362,29
Y63,RCB,YORK AND SCARBOROUGH TEACHING HOSPITALS NHS FOUNDATION TRUST,X02,Other - Medical Services,"2,553","1,346",52.70%,15.7,50.2,149,4
Y63,RCB,YORK AND SCARBOROUGH TEACHING HOSPITALS NHS FOUNDATION TRUST,X03,Other - Mental Health Services, -   , -   , -   ,-,-,0,0
Y63,RCB,YORK AND SCARBOROUGH TEACHING HOSPITALS NHS FOUNDATION TRUST,X04,Other - Paediatric Services,"1,125",844,75.00%,11,27.1,2,0
Y63,RCB,YORK AND SCARBOROUGH TEACHING HOSPITALS NHS FOUNDATION TRUST,X05,Other - Surgical Services,298,213,71.50%,10,54.8,28,11
Y63,RCB,YORK AND SCARBOROUGH TEACHING HOSPITALS NHS FOUNDATION TRUST,X06,Other - Other Services,76,57,75.00%,9.3,30.5,0,0
Y63,RCD,HARROGATE AND DISTRICT NHS FOUNDATION TRUST,C_100,General Surgery Service,"2,599","1,632",62.80%,12.6,47.4,176,26
Y63,RCD,HARROGATE AND DISTRICT NHS FOUNDATION TRUST,C_101,Urology Service,"1,100",667,60.60%,12.4,60,136,34
Y63,RCD,HARROGATE AND DISTRICT NHS FOUNDATION TRUST,C_110,Trauma and Orthopaedic Service,"3,651","1,947",53.30%,16.2,56.5,377,34
Y63,RCD,HARROGATE AND DISTRICT NHS FOUNDATION TRUST,C_120,Ear Nose and Throat Service,"1,946","1,377",70.80%,11.9,32.5,8,0
Y63,RCD,HARROGATE AND DISTRICT NHS FOUNDATION TRUST,C_130,Ophthalmology Service,"1,938","1,324",68.30%,11.4,35.1,21,0
Y63,RCD,HARROGATE AND DISTRICT NHS FOUNDATION TRUST,C_140,Oral Surgery Service,635,405,63.80%,12.2,52.1,51,0
Y63,RCD,HARROGATE AND DISTRICT NHS FOUNDATION TRUST,C_150,Neurosurgical Service, -   , -   , -   ,-,-,0,0
Y63,RCD,HARROGATE AND DISTRICT NHS FOUNDATION TRUST,C_160,Plastic Surgery Service, -   , -   , -   ,-,-,0,0
Y63,RCD,HARROGATE AND DISTRICT NHS FOUNDATION TRUST,C_170,Cardiothoracic Surgery Service, -   , -   , -   ,-,-,0,0
Y63,RCD,HARROGATE AND DISTRICT NHS FOUNDATION TRUST,C_300,General Internal Medicine Service,34,34,100.00%,3.5,11.4,0,0
Y63,RCD,HARROGATE AND DISTRICT NHS FOUNDATION TRUST,C_301,Gastroenterology Service,"1,235",597,48.30%,18.6,45.2,32,0
Y63,RCD,HARROGATE AND DISTRICT NHS FOUNDATION TRUST,C_320,Cardiology Service,"1,056",941,89.10%,7.2,19.5,0,0
Y63,RCD,HARROGATE AND DISTRICT NHS FOUNDATION TRUST,C_330,Dermatology Service,"1,924","1,684",87.50%,6.7,19.4,0,0
Y63,RCD,HARROGATE AND DISTRICT NHS FOUNDATION TRUST,C_340,Respiratory Medicine Service,557,402,72.20%,12.1,29.3,1,0
Y63,RCD,HARROGATE AND DISTRICT NHS FOUNDATION TRUST,C_400,Neurology Service,981,501,51.10%,17.7,43,7,0
Y63,RCD,HARROGATE AND DISTRICT NHS FOUNDATION TRUST,C_410,Rheumatology Service,428,351,82.00%,9.5,24.8,0,0
Y63,RCD,HARROGATE AND DISTRICT NHS FOUNDATION TRUST,C_430,Elderly Medicine Service,52,41,78.80%,2.9,26.8,0,0
Y63,RCD,HARROGATE AND DISTRICT NHS FOUNDATION TRUST,C_502,Gynaecology Service,"1,754","1,247",71.10%,10.8,44.1,85,12
Y63,RCD,HARROGATE AND DISTRICT NHS FOUNDATION TRUST,X02,Other - Medical Services,779,640,82.20%,7.6,30.4,0,0
Y63,RCD,HARROGATE AND DISTRICT NHS FOUNDATION TRUST,X03,Other - Mental Health Services, -   , -   , -   ,-,-,0,0
Y63,RCD,HARROGATE AND DISTRICT NHS FOUNDATION TRUST,X04,Other - Paediatric Services,809,652,80.60%,10.1,22.4,2,0
Y63,RCD,HARROGATE AND DISTRICT NHS FOUNDATION TRUST,X05,Other - Surgical Services,657,495,75.30%,8.4,31.4,16,5
Y63,RCD,HARROGATE AND DISTRICT NHS FOUNDATION TRUST,X06,Other - Other Services,"3,289","1,494",45.40%,20.6,58.4,434,22
Y63,RCF,AIREDALE NHS FOUNDATION TRUST,C_100,General Surgery Service,"1,895","1,364",72.00%,9.3,42.8,82,15
Y63,RCF,AIREDALE NHS FOUNDATION TRUST,C_101,Urology Service,"1,228",855,69.60%,9.7,50.5,89,24
Y63,RCF,AIREDALE NHS FOUNDATION TRUST,C_110,Trauma and Orthopaedic Service,"1,453",806,55.50%,15.1,61.5,182,28
Y63,RCF,AIREDALE NHS FOUNDATION TRUST,C_120,Ear Nose and Throat Service,801,677,84.50%,7.2,23.9,8,0
Y63,RCF,AIREDALE NHS FOUNDATION TRUST,C_130,Ophthalmology Service,747,591,79.10%,6.7,37.6,6,0
Y63,RCF,AIREDALE NHS FOUNDATION TRUST,C_140,Oral Surgery Service,331,288,87.00%,8.2,21.4,1,1
Y63,RCF,AIREDALE NHS FOUNDATION TRUST,C_150,Neurosurgical Service, -   , -   , -   ,-,-,0,0
Y63,RCF,AIREDALE NHS FOUNDATION TRUST,C_160,Plastic Surgery Service,148,74,50.00%,18.1,53.4,18,0
Y63,RCF,AIREDALE NHS FOUNDATION TRUST,C_170,Cardiothoracic Surgery Service, -   , -   , -   ,-,-,0,0
Y63,RCF,AIREDALE NHS FOUNDATION TRUST,C_300,General Internal Medicine Service,2,2,100.00%,-,-,0,0
Y63,RCF,AIREDALE NHS FOUNDATION TRUST,C_301,Gastroenterology Service,569,421,74.00%,8.3,31.9,0,0
Y63,RCF,AIREDALE NHS FOUNDATION TRUST,C_320,Cardiology Service,748,616,82.40%,7.8,30.8,10,0
Y63,RCF,AIREDALE NHS FOUNDATION TRUST,C_330,Dermatology Service,86,71,82.60%,9.5,20.2,0,0
Y63,RCF,AIREDALE NHS FOUNDATION TRUST,C_340,Respiratory Medicine Service,454,413,91.00%,6.7,18.8,2,0
Y63,RCF,AIREDALE NHS FOUNDATION TRUST,C_400,Neurology Service,943,575,61.00%,14,33.7,9,0
Y63,RCF,AIREDALE NHS FOUNDATION TRUST,C_410,Rheumatology Service,257,255,99.20%,5.7,14.2,0,0
Y63,RCF,AIREDALE NHS FOUNDATION TRUST,C_430,Elderly Medicine Service,65,61,93.80%,8.5,16.9,0,0
Y63,RCF,AIREDALE NHS FOUNDATION TRUST,C_502,Gynaecology Service,"1,696",966,57.00%,14.8,44.4,85,20
Y63,RCF,AIREDALE NHS FOUNDATION TRUST,X02,Other - Medical Services,500,470,94.00%,6,16.5,0,0
Y63,RCF,AIREDALE NHS FOUNDATION TRUST,X03,Other - Mental Health Services, -   , -   , -   ,-,-,0,0
Y63,RCF,AIREDALE NHS FOUNDATION TRUST,X04,Other - Paediatric Services,"1,125",642,57.10%,15.1,37.7,1,0
Y63,RCF,AIREDALE NHS FOUNDATION TRUST,X05,Other - Surgical Services,44,42,95.50%,6.9,17.2,0,0
Y63,RCF,AIREDALE NHS FOUNDATION TRUST,X06,Other - Other Services,12,6,50.00%,-,-,0,0
Y63,RCU,SHEFFIELD CHILDREN'S NHS FOUNDATION TRUST,C_100,General Surgery Service, -   , -   , -   ,-,-,0,0
Y63,RCU,SHEFFIELD CHILDREN'S NHS FOUNDATION TRUST,C_101,Urology Service, -   , -   , -   ,-,-,0,0
Y63,RCU,SHEFFIELD CHILDREN'S NHS FOUNDATION TRUST,C_110,Trauma and Orthopaedic Service, -   , -   , -   ,-,-,0,0
Y63,RCU,SHEFFIELD CHILDREN'S NHS FOUNDATION TRUST,C_120,Ear Nose and Throat Service, -   , -   , -   ,-,-,0,0
Y63,RCU,SHEFFIELD CHILDREN'S NHS FOUNDATION TRUST,C_130,Ophthalmology Service, -   , -   , -   ,-,-,0,0
Y63,RCU,SHEFFIELD CHILDREN'S NHS FOUNDATION TRUST,C_140,Oral Surgery Service,215,70,32.60%,32.8,73.4,52,11
Y63,RCU,SHEFFIELD CHILDREN'S NHS FOUNDATION TRUST,C_150,Neurosurgical Service, -   , -   , -   ,-,-,0,0
Y63,RCU,SHEFFIELD CHILDREN'S NHS FOUNDATION TRUST,C_160,Plastic Surgery Service, -   , -   , -   ,-,-,0,0
Y63,RCU,SHEFFIELD CHILDREN'S NHS FOUNDATION TRUST,C_170,Cardiothoracic Surgery Service, -   , -   , -   ,-,-,0,0
Y63,RCU,SHEFFIELD CHILDREN'S NHS FOUNDATION TRUST,C_300,General Internal Medicine Service, -   , -   , -   ,-,-,0,0
Y63,RCU,SHEFFIELD CHILDREN'S NHS FOUNDATION TRUST,C_301,Gastroenterology Service, -   , -   , -   ,-,-,0,0
Y63,RCU,SHEFFIELD CHILDREN'S NHS FOUNDATION TRUST,C_320,Cardiology Service, -   , -   , -   ,-,-,0,0
Y63,RCU,SHEFFIELD CHILDREN'S NHS FOUNDATION TRUST,C_330,Dermatology Service, -   , -   , -   ,-,-,0,0
Y63,RCU,SHEFFIELD CHILDREN'S NHS FOUNDATION TRUST,C_340,Respiratory Medicine Service, -   , -   , -   ,-,-,0,0
Y63,RCU,SHEFFIELD CHILDREN'S NHS FOUNDATION TRUST,C_400,Neurology Service, -   , -   , -   ,-,-,0,0
Y63,RCU,SHEFFIELD CHILDREN'S NHS FOUNDATION TRUST,C_410,Rheumatology Service, -   , -   , -   ,-,-,0,0
Y63,RCU,SHEFFIELD CHILDREN'S NHS FOUNDATION TRUST,C_430,Elderly Medicine Service, -   , -   , -   ,-,-,0,0
Y63,RCU,SHEFFIELD CHILDREN'S NHS FOUNDATION TRUST,C_502,Gynaecology Service, -   , -   , -   ,-,-,0,0
Y63,RCU,SHEFFIELD CHILDREN'S NHS FOUNDATION TRUST,X02,Other - Medical Services, -   , -   , -   ,-,-,0,0
Y63,RCU,SHEFFIELD CHILDREN'S NHS FOUNDATION TRUST,X03,Other - Mental Health Services, -   , -   , -   ,-,-,0,0
Y63,RCU,SHEFFIELD CHILDREN'S NHS FOUNDATION TRUST,X04,Other - Paediatric Services,"16,533","9,349",56.50%,14.8,45.4,726,78
Y63,RCU,SHEFFIELD CHILDREN'S NHS FOUNDATION TRUST,X05,Other - Surgical Services, -   , -   , -   ,-,-,0,0
Y63,RCU,SHEFFIELD CHILDREN'S NHS FOUNDATION TRUST,X06,Other - Other Services, -   , -   , -   ,-,-,0,0
Y63,RFF,BARNSLEY HOSPITAL NHS FOUNDATION TRUST,C_100,General Surgery Service,"1,980","1,586",80.10%,7.8,27.2,12,0
Y63,RFF,BARNSLEY HOSPITAL NHS FOUNDATION TRUST,C_101,Urology Service,978,775,79.20%,8.7,29.5,5,0
Y63,RFF,BARNSLEY HOSPITAL NHS FOUNDATION TRUST,C_110,Trauma and Orthopaedic Service,"2,130","1,345",63.10%,13,39.7,25,0
Y63,RFF,BARNSLEY HOSPITAL NHS FOUNDATION TRUST,C_120,Ear Nose and Throat Service,"2,332","1,967",84.30%,9.3,22.4,0,0
Y63,RFF,BARNSLEY HOSPITAL NHS FOUNDATION TRUST,C_130,Ophthalmology Service,"2,264","2,026",89.50%,7.3,19.4,2,0
Y63,RFF,BARNSLEY HOSPITAL NHS FOUNDATION TRUST,C_140,Oral Surgery Service,"1,955","1,133",58.00%,14.4,40.7,18,0
Y63,RFF,BARNSLEY HOSPITAL NHS FOUNDATION TRUST,C_150,Neurosurgical Service, -   , -   , -   ,-,-,0,0
Y63,RFF,BARNSLEY HOSPITAL NHS FOUNDATION TRUST,C_160,Plastic Surgery Service,41,23,56.10%,16.5,29.7,0,0
Y63,RFF,BARNSLEY HOSPITAL NHS FOUNDATION TRUST,C_170,Cardiothoracic Surgery Service, -   , -   , -   ,-,-,0,0
Y63,RFF,BARNSLEY HOSPITAL NHS FOUNDATION TRUST,C_300,General Internal Medicine Service,20,20,100.00%,4.5,14.2,0,0
Y63,RFF,BARNSLEY HOSPITAL NHS FOUNDATION TRUST,C_301,Gastroenterology Service,"1,224","1,163",95.00%,5.8,14.7,1,0
Y63,RFF,BARNSLEY HOSPITAL NHS FOUNDATION TRUST,C_320,Cardiology Service,609,572,93.90%,7.2,16.9,0,0
Y63,RFF,BARNSLEY HOSPITAL NHS FOUNDATION TRUST,C_330,Dermatology Service,"2,182","1,459",66.90%,11.9,29.7,0,0
Y63,RFF,BARNSLEY HOSPITAL NHS FOUNDATION TRUST,C_340,Respiratory Medicine Service,480,463,96.50%,5.8,16.7,0,0
Y63,RFF,BARNSLEY HOSPITAL NHS FOUNDATION TRUST,C_400,Neurology Service, -   , -   , -   ,-,-,0,0
Y63,RFF,BARNSLEY HOSPITAL NHS FOUNDATION TRUST,C_410,Rheumatology Service,111,103,92.80%,3.9,16.7,0,0
Y63,RFF,BARNSLEY HOSPITAL NHS FOUNDATION TRUST,C_430,Elderly Medicine Service,180,168,93.30%,5.4,17.2,0,0
Y63,RFF,BARNSLEY HOSPITAL NHS FOUNDATION TRUST,C_502,Gynaecology Service,"1,480","1,284",86.80%,7,21.1,3,0
Y63,RFF,BARNSLEY HOSPITAL NHS FOUNDATION TRUST,X02,Other - Medical Services,405,377,93.10%,6.1,16.3,0,0
Y63,RFF,BARNSLEY HOSPITAL NHS FOUNDATION TRUST,X03,Other - Mental Health Services, -   , -   , -   ,-,-,0,0
Y63,RFF,BARNSLEY HOSPITAL NHS FOUNDATION TRUST,X04,Other - Paediatric Services,761,732,96.20%,6.5,16.6,0,0
Y63,RFF,BARNSLEY HOSPITAL NHS FOUNDATION TRUST,X05,Other - Surgical Services, -   , -   , -   ,-,-,0,0
Y63,RFF,BARNSLEY HOSPITAL NHS FOUNDATION TRUST,X06,Other - Other Services,149,55,36.90%,27.7,49.8,8,0
Y63,RFR,THE ROTHERHAM NHS FOUNDATION TRUST,C_100,General Surgery Service,"1,352",865,64.00%,12.8,38.7,22,2
Y63,RFR,THE ROTHERHAM NHS FOUNDATION TRUST,C_101,Urology Service,"1,403","1,085",77.30%,9.3,30.5,20,4
Y63,RFR,THE ROTHERHAM NHS FOUNDATION TRUST,C_110,Trauma and Orthopaedic Service,"3,338","1,983",59.40%,14.1,41.9,71,0
Y63,RFR,THE ROTHERHAM NHS FOUNDATION TRUST,C_120,Ear Nose and Throat Service,"1,781","1,419",79.70%,8.2,24.7,2,1
Y63,RFR,THE ROTHERHAM NHS FOUNDATION TRUST,C_130,Ophthalmology Service,"3,019","1,877",62.20%,12.8,35.4,9,1
Y63,RFR,THE ROTHERHAM NHS FOUNDATION TRUST,C_140,Oral Surgery Service,"2,548","1,531",60.10%,13.9,35.7,18,0
Y63,RFR,THE ROTHERHAM NHS FOUNDATION TRUST,C_150,Neurosurgical Service, -   , -   , -   ,-,-,0,0
Y63,RFR,THE ROTHERHAM NHS FOUNDATION TRUST,C_160,Plastic Surgery Service, -   , -   , -   ,-,-,0,0
Y63,RFR,THE ROTHERHAM NHS FOUNDATION TRUST,C_170,Cardiothoracic Surgery Service, -   , -   , -   ,-,-,0,0
Y63,RFR,THE ROTHERHAM NHS FOUNDATION TRUST,C_300,General Internal Medicine Service,25,25,100.00%,1.8,13,0,0
Y63,RFR,THE ROTHERHAM NHS FOUNDATION TRUST,C_301,Gastroenterology Service,782,507,64.80%,11.6,32.7,8,0
Y63,RFR,THE ROTHERHAM NHS FOUNDATION TRUST,C_320,Cardiology Service,"1,315",876,66.60%,11.4,30.8,0,0
Y63,RFR,THE ROTHERHAM NHS FOUNDATION TRUST,C_330,Dermatology Service,"2,536","1,484",58.50%,14.3,34.8,0,0
Y63,RFR,THE ROTHERHAM NHS FOUNDATION TRUST,C_340,Respiratory Medicine Service,"1,077",859,79.80%,8.5,26,5,0
Y63,RFR,THE ROTHERHAM NHS FOUNDATION TRUST,C_400,Neurology Service, -   , -   , -   ,-,-,0,0
Y63,RFR,THE ROTHERHAM NHS FOUNDATION TRUST,C_410,Rheumatology Service,599,526,87.80%,8.7,19.8,2,0
Y63,RFR,THE ROTHERHAM NHS FOUNDATION TRUST,C_430,Elderly Medicine Service,84,82,97.60%,3.5,13.4,0,0
Y63,RFR,THE ROTHERHAM NHS FOUNDATION TRUST,C_502,Gynaecology Service,"2,309","1,368",59.20%,14.6,40.2,54,1
Y63,RFR,THE ROTHERHAM NHS FOUNDATION TRUST,X02,Other - Medical Services,607,483,79.60%,8,24.1,0,0
Y63,RFR,THE ROTHERHAM NHS FOUNDATION TRUST,X03,Other - Mental Health Services, -   , -   , -   ,-,-,0,0
Y63,RFR,THE ROTHERHAM NHS FOUNDATION TRUST,X04,Other - Paediatric Services,888,623,70.20%,11.7,25.4,0,0
Y63,RFR,THE ROTHERHAM NHS FOUNDATION TRUST,X05,Other - Surgical Services,"2,067","1,602",77.50%,9.3,25.5,6,0
Y63,RFR,THE ROTHERHAM NHS FOUNDATION TRUST,X06,Other - Other Services, -   , -   , -   ,-,-,0,0
Y63,RHQ,SHEFFIELD TEACHING HOSPITALS NHS FOUNDATION TRUST,C_100,General Surgery Service,"1,229",599,48.70%,18.5,65.2,204,43
Y63,RHQ,SHEFFIELD TEACHING HOSPITALS NHS FOUNDATION TRUST,C_101,Urology Service,"3,913","2,561",65.40%,11.4,38,67,5
Y63,RHQ,SHEFFIELD TEACHING HOSPITALS NHS FOUNDATION TRUST,C_110,Trauma and Orthopaedic Service,"6,549","3,314",50.60%,17.7,59.5,693,213
Y63,RHQ,SHEFFIELD TEACHING HOSPITALS NHS FOUNDATION TRUST,C_120,Ear Nose and Throat Service,"4,444","2,606",58.60%,14,40.6,49,3
Y63,RHQ,SHEFFIELD TEACHING HOSPITALS NHS FOUNDATION TRUST,C_130,Ophthalmology Service,"4,956","4,308",86.90%,7.2,22.1,11,0
Y63,RHQ,SHEFFIELD TEACHING HOSPITALS NHS FOUNDATION TRUST,C_140,Oral Surgery Service,"4,932","2,466",50.00%,18,45.3,189,5
Y63,RHQ,SHEFFIELD TEACHING HOSPITALS NHS FOUNDATION TRUST,C_150,Neurosurgical Service,"2,247","1,202",53.50%,16.6,49.6,161,36
Y63,RHQ,SHEFFIELD TEACHING HOSPITALS NHS FOUNDATION TRUST,C_160,Plastic Surgery Service,"2,204","1,493",67.70%,11.3,38.4,103,22
Y63,RHQ,SHEFFIELD TEACHING HOSPITALS NHS FOUNDATION TRUST,C_170,Cardiothoracic Surgery Service,572,403,70.50%,11,31.3,5,1
Y63,RHQ,SHEFFIELD TEACHING HOSPITALS NHS FOUNDATION TRUST,C_300,General Internal Medicine Service,77,76,98.70%,0.6,5,1,0
Y63,RHQ,SHEFFIELD TEACHING HOSPITALS NHS FOUNDATION TRUST,C_301,Gastroenterology Service,"4,484","3,321",74.10%,10.7,27.5,4,1
Y63,RHQ,SHEFFIELD TEACHING HOSPITALS NHS FOUNDATION TRUST,C_320,Cardiology Service,"4,825","3,251",67.40%,11.8,41.1,203,36
Y63,RHQ,SHEFFIELD TEACHING HOSPITALS NHS FOUNDATION TRUST,C_330,Dermatology Service,"5,410","3,120",57.70%,13.9,57.6,569,0
Y63,RHQ,SHEFFIELD TEACHING HOSPITALS NHS FOUNDATION TRUST,C_340,Respiratory Medicine Service,"1,551","1,276",82.30%,8.3,24.5,0,0
Y63,RHQ,SHEFFIELD TEACHING HOSPITALS NHS FOUNDATION TRUST,C_400,Neurology Service,"7,468","4,984",66.70%,12.7,36.1,62,0
Y63,RHQ,SHEFFIELD TEACHING HOSPITALS NHS FOUNDATION TRUST,C_410,Rheumatology Service,913,842,92.20%,6.5,17.9,0,0
Y63,RHQ,SHEFFIELD TEACHING HOSPITALS NHS FOUNDATION TRUST,C_430,Elderly Medicine Service,138,138,100.00%,6,13,0,0
Y63,RHQ,SHEFFIELD TEACHING HOSPITALS NHS FOUNDATION TRUST,C_502,Gynaecology Service,"4,825","3,089",64.00%,12.3,34.9,87,7
Y63,RHQ,SHEFFIELD TEACHING HOSPITALS NHS FOUNDATION TRUST,X02,Other - Medical Services,"8,302","6,828",82.20%,8,26.6,32,1
Y63,RHQ,SHEFFIELD TEACHING HOSPITALS NHS FOUNDATION TRUST,X03,Other - Mental Health Services, -   , -   , -   ,-,-,0,0
Y63,RHQ,SHEFFIELD TEACHING HOSPITALS NHS FOUNDATION TRUST,X04,Other - Paediatric Services, -   , -   , -   ,-,-,0,0
Y63,RHQ,SHEFFIELD TEACHING HOSPITALS NHS FOUNDATION TRUST,X05,Other - Surgical Services,"9,110","6,077",66.70%,10.8,48.6,637,164
Y63,RHQ,SHEFFIELD TEACHING HOSPITALS NHS FOUNDATION TRUST,X06,Other - Other Services,"2,253","2,025",89.90%,7.9,19.6,2,0
Y63,RJL,NORTHERN LINCOLNSHIRE AND GOOLE NHS FOUNDATION TRUST,C_100,General Surgery Service,"4,911","3,491",71.10%,10.1,32.3,29,3
Y63,RJL,NORTHERN LINCOLNSHIRE AND GOOLE NHS FOUNDATION TRUST,C_101,Urology Service,"2,739","1,768",64.50%,12,36,27,1
Y63,RJL,NORTHERN LINCOLNSHIRE AND GOOLE NHS FOUNDATION TRUST,C_110,Trauma and Orthopaedic Service,"3,370","1,864",55.30%,15.4,41.9,107,4
Y63,RJL,NORTHERN LINCOLNSHIRE AND GOOLE NHS FOUNDATION TRUST,C_120,Ear Nose and Throat Service,"4,121","2,546",61.80%,13.5,36.4,17,0
Y63,RJL,NORTHERN LINCOLNSHIRE AND GOOLE NHS FOUNDATION TRUST,C_130,Ophthalmology Service,"2,725","2,192",80.40%,6.7,27,12,0
Y63,RJL,NORTHERN LINCOLNSHIRE AND GOOLE NHS FOUNDATION TRUST,C_140,Oral Surgery Service,"1,869","1,235",66.10%,13,33.7,3,0
Y63,RJL,NORTHERN LINCOLNSHIRE AND GOOLE NHS FOUNDATION TRUST,C_150,Neurosurgical Service, -   , -   , -   ,-,-,0,0
Y63,RJL,NORTHERN LINCOLNSHIRE AND GOOLE NHS FOUNDATION TRUST,C_160,Plastic Surgery Service, -   , -   , -   ,-,-,0,0
Y63,RJL,NORTHERN LINCOLNSHIRE AND GOOLE NHS FOUNDATION TRUST,C_170,Cardiothoracic Surgery Service,1,1,100.00%,-,-,0,0
Y63,RJL,NORTHERN LINCOLNSHIRE AND GOOLE NHS FOUNDATION TRUST,C_300,General Internal Medicine Service,"4,492","2,777",61.80%,13.1,37.1,46,1
Y63,RJL,NORTHERN LINCOLNSHIRE AND GOOLE NHS FOUNDATION TRUST,C_301,Gastroenterology Service, -   , -   , -   ,-,-,0,0
Y63,RJL,NORTHERN LINCOLNSHIRE AND GOOLE NHS FOUNDATION TRUST,C_320,Cardiology Service,"2,601","1,825",70.20%,11.7,29.8,5,0
Y63,RJL,NORTHERN LINCOLNSHIRE AND GOOLE NHS FOUNDATION TRUST,C_330,Dermatology Service,600,449,74.80%,10,25.5,0,0
Y63,RJL,NORTHERN LINCOLNSHIRE AND GOOLE NHS FOUNDATION TRUST,C_340,Respiratory Medicine Service,"1,639",915,55.80%,15,36.6,30,0
Y63,RJL,NORTHERN LINCOLNSHIRE AND GOOLE NHS FOUNDATION TRUST,C_400,Neurology Service, -   , -   , -   ,-,-,0,0
Y63,RJL,NORTHERN LINCOLNSHIRE AND GOOLE NHS FOUNDATION TRUST,C_410,Rheumatology Service,429,373,86.90%,6.8,21.9,0,0
Y63,RJL,NORTHERN LINCOLNSHIRE AND GOOLE NHS FOUNDATION TRUST,C_430,Elderly Medicine Service,181,177,97.80%,4.4,15.2,1,0
Y63,RJL,NORTHERN LINCOLNSHIRE AND GOOLE NHS FOUNDATION TRUST,C_502,Gynaecology Service,"3,992","2,685",67.30%,11.3,34.5,39,0
Y63,RJL,NORTHERN LINCOLNSHIRE AND GOOLE NHS FOUNDATION TRUST,X02,Other - Medical Services,210,191,91.00%,5.4,19.2,0,0
Y63,RJL,NORTHERN LINCOLNSHIRE AND GOOLE NHS FOUNDATION TRUST,X03,Other - Mental Health Services, -   , -   , -   ,-,-,0,0
Y63,RJL,NORTHERN LINCOLNSHIRE AND GOOLE NHS FOUNDATION TRUST,X04,Other - Paediatric Services,2,2,100.00%,-,-,0,0
Y63,RJL,NORTHERN LINCOLNSHIRE AND GOOLE NHS FOUNDATION TRUST,X05,Other - Surgical Services,"2,062","1,407",68.20%,12.8,30.1,4,0
Y63,RJL,NORTHERN LINCOLNSHIRE AND GOOLE NHS FOUNDATION TRUST,X06,Other - Other Services,829,360,43.40%,23.1,56.3,100,8
Y63,RNN,NORTH CUMBRIA INTEGRATED CARE NHS FOUNDATION TRUST,C_100,General Surgery Service,866,459,53.00%,16.7,48.6,47,1
Y63,RNN,NORTH CUMBRIA INTEGRATED CARE NHS FOUNDATION TRUST,C_101,Urology Service,"2,246","1,243",55.30%,15.1,36.3,47,9
Y63,RNN,NORTH CUMBRIA INTEGRATED CARE NHS FOUNDATION TRUST,C_110,Trauma and Orthopaedic Service,"2,075","1,272",61.30%,13.2,42.4,77,3
Y63,RNN,NORTH CUMBRIA INTEGRATED CARE NHS FOUNDATION TRUST,C_120,Ear Nose and Throat Service,"3,704","2,001",54.00%,16.3,36.2,72,1
Y63,RNN,NORTH CUMBRIA INTEGRATED CARE NHS FOUNDATION TRUST,C_130,Ophthalmology Service,"3,814","1,888",49.50%,18.2,38.6,34,1
Y63,RNN,NORTH CUMBRIA INTEGRATED CARE NHS FOUNDATION TRUST,C_140,Oral Surgery Service,"2,029",795,39.20%,22.3,44.8,33,1
Y63,RNN,NORTH CUMBRIA INTEGRATED CARE NHS FOUNDATION TRUST,C_150,Neurosurgical Service, -   , -   , -   ,-,-,0,0
Y63,RNN,NORTH CUMBRIA INTEGRATED CARE NHS FOUNDATION TRUST,C_160,Plastic Surgery Service, -   , -   , -   ,-,-,0,0
Y63,RNN,NORTH CUMBRIA INTEGRATED CARE NHS FOUNDATION TRUST,C_170,Cardiothoracic Surgery Service, -   , -   , -   ,-,-,0,0
Y63,RNN,NORTH CUMBRIA INTEGRATED CARE NHS FOUNDATION TRUST,C_300,General Internal Medicine Service,78,55,70.50%,14.1,23,0,0
Y63,RNN,NORTH CUMBRIA INTEGRATED CARE NHS FOUNDATION TRUST,C_301,Gastroenterology Service,"2,389","1,306",54.70%,16.2,43.8,72,0
Y63,RNN,NORTH CUMBRIA INTEGRATED CARE NHS FOUNDATION TRUST,C_320,Cardiology Service,"2,565","1,352",52.70%,16.6,37.5,37,0
Y63,RNN,NORTH CUMBRIA INTEGRATED CARE NHS FOUNDATION TRUST,C_330,Dermatology Service,"1,804","1,268",70.30%,11.1,46.5,108,1
Y63,RNN,NORTH CUMBRIA INTEGRATED CARE NHS FOUNDATION TRUST,C_340,Respiratory Medicine Service,721,484,67.10%,11.9,28.7,0,0
Y63,RNN,NORTH CUMBRIA INTEGRATED CARE NHS FOUNDATION TRUST,C_400,Neurology Service,"1,538",921,59.90%,14.7,44.8,60,15
Y63,RNN,NORTH CUMBRIA INTEGRATED CARE NHS FOUNDATION TRUST,C_410,Rheumatology Service,639,475,74.30%,9.6,29.7,8,0
Y63,RNN,NORTH CUMBRIA INTEGRATED CARE NHS FOUNDATION TRUST,C_430,Elderly Medicine Service,156,136,87.20%,9.3,22.3,0,0
Y63,RNN,NORTH CUMBRIA INTEGRATED CARE NHS FOUNDATION TRUST,C_502,Gynaecology Service,"2,539","1,657",65.30%,12.5,37.1,72,1
Y63,RNN,NORTH CUMBRIA INTEGRATED CARE NHS FOUNDATION TRUST,X02,Other - Medical Services,"1,300",857,65.90%,12,32.2,2,0
Y63,RNN,NORTH CUMBRIA INTEGRATED CARE NHS FOUNDATION TRUST,X03,Other - Mental Health Services, -   , -   , -   ,-,-,0,0
Y63,RNN,NORTH CUMBRIA INTEGRATED CARE NHS FOUNDATION TRUST,X04,Other - Paediatric Services,"1,520","1,132",74.50%,12.4,27.6,10,1
Y63,RNN,NORTH CUMBRIA INTEGRATED CARE NHS FOUNDATION TRUST,X05,Other - Surgical Services,"4,878","3,292",67.50%,11,33.1,101,4
Y63,RNN,NORTH CUMBRIA INTEGRATED CARE NHS FOUNDATION TRUST,X06,Other - Other Services,"1,603","1,259",78.50%,8.3,28,29,1
Y63,RP5,DONCASTER AND BASSETLAW TEACHING HOSPITALS NHS FOUNDATION TRUST,C_100,General Surgery Service,"3,376","2,542",75.30%,9.6,29.3,2,0
Y63,RP5,DONCASTER AND BASSETLAW TEACHING HOSPITALS NHS FOUNDATION TRUST,C_101,Urology Service,"2,690","1,537",57.10%,13.9,48.3,111,0
Y63,RP5,DONCASTER AND BASSETLAW TEACHING HOSPITALS NHS FOUNDATION TRUST,C_110,Trauma and Orthopaedic Service,"9,052","4,733",52.30%,16.4,54.4,850,50
Y63,RP5,DONCASTER AND BASSETLAW TEACHING HOSPITALS NHS FOUNDATION TRUST,C_120,Ear Nose and Throat Service,"4,995","2,718",54.40%,15.8,37.2,128,9
Y63,RP5,DONCASTER AND BASSETLAW TEACHING HOSPITALS NHS FOUNDATION TRUST,C_130,Ophthalmology Service,"4,301","2,502",58.20%,14.3,35,85,10
Y63,RP5,DONCASTER AND BASSETLAW TEACHING HOSPITALS NHS FOUNDATION TRUST,C_140,Oral Surgery Service,"2,868","1,805",62.90%,14.4,28.8,13,1
Y63,RP5,DONCASTER AND BASSETLAW TEACHING HOSPITALS NHS FOUNDATION TRUST,C_150,Neurosurgical Service, -   , -   , -   ,-,-,0,0
Y63,RP5,DONCASTER AND BASSETLAW TEACHING HOSPITALS NHS FOUNDATION TRUST,C_160,Plastic Surgery Service, -   , -   , -   ,-,-,0,0
Y63,RP5,DONCASTER AND BASSETLAW TEACHING HOSPITALS NHS FOUNDATION TRUST,C_170,Cardiothoracic Surgery Service, -   , -   , -   ,-,-,0,0
Y63,RP5,DONCASTER AND BASSETLAW TEACHING HOSPITALS NHS FOUNDATION TRUST,C_300,General Internal Medicine Service,"1,455",999,68.70%,12.1,34.6,0,0
Y63,RP5,DONCASTER AND BASSETLAW TEACHING HOSPITALS NHS FOUNDATION TRUST,C_301,Gastroenterology Service,"1,707","1,372",80.40%,8.6,24.7,2,0
Y63,RP5,DONCASTER AND BASSETLAW TEACHING HOSPITALS NHS FOUNDATION TRUST,C_320,Cardiology Service,"3,113","2,140",68.70%,12.3,32.7,10,0
Y63,RP5,DONCASTER AND BASSETLAW TEACHING HOSPITALS NHS FOUNDATION TRUST,C_330,Dermatology Service,"3,769","2,691",71.40%,11.3,28.6,0,0
Y63,RP5,DONCASTER AND BASSETLAW TEACHING HOSPITALS NHS FOUNDATION TRUST,C_340,Respiratory Medicine Service,"1,543","1,059",68.60%,12.6,30.6,4,0
Y63,RP5,DONCASTER AND BASSETLAW TEACHING HOSPITALS NHS FOUNDATION TRUST,C_400,Neurology Service, -   , -   , -   ,-,-,0,0
Y63,RP5,DONCASTER AND BASSETLAW TEACHING HOSPITALS NHS FOUNDATION TRUST,C_410,Rheumatology Service,"1,106",777,70.30%,12.3,29.2,0,0
Y63,RP5,DONCASTER AND BASSETLAW TEACHING HOSPITALS NHS FOUNDATION TRUST,C_430,Elderly Medicine Service,241,221,91.70%,5.8,18.2,0,0
Y63,RP5,DONCASTER AND BASSETLAW TEACHING HOSPITALS NHS FOUNDATION TRUST,C_502,Gynaecology Service,"4,038","2,661",65.90%,11.6,44.9,161,4
Y63,RP5,DONCASTER AND BASSETLAW TEACHING HOSPITALS NHS FOUNDATION TRUST,X02,Other - Medical Services,"4,119","3,339",81.10%,9.3,25.5,3,0
Y63,RP5,DONCASTER AND BASSETLAW TEACHING HOSPITALS NHS FOUNDATION TRUST,X03,Other - Mental Health Services,14,1,7.10%,-,-,0,0
Y63,RP5,DONCASTER AND BASSETLAW TEACHING HOSPITALS NHS FOUNDATION TRUST,X04,Other - Paediatric Services,221,194,87.80%,7.5,22.3,0,0
Y63,RP5,DONCASTER AND BASSETLAW TEACHING HOSPITALS NHS FOUNDATION TRUST,X05,Other - Surgical Services,"1,762","1,301",73.80%,9.6,34.3,28,1
Y63,RP5,DONCASTER AND BASSETLAW TEACHING HOSPITALS NHS FOUNDATION TRUST,X06,Other - Other Services,613,381,62.20%,13.3,40.5,22,0
Y63,RR7,GATESHEAD HEALTH NHS FOUNDATION TRUST,C_100,General Surgery Service,"2,357","1,880",79.80%,7.8,29.2,17,4
Y63,RR7,GATESHEAD HEALTH NHS FOUNDATION TRUST,C_101,Urology Service,750,581,77.50%,10.2,29.4,1,0
Y63,RR7,GATESHEAD HEALTH NHS FOUNDATION TRUST,C_110,Trauma and Orthopaedic Service,"1,623","1,027",63.30%,13.9,36.1,31,1
Y63,RR7,GATESHEAD HEALTH NHS FOUNDATION TRUST,C_120,Ear Nose and Throat Service, -   , -   , -   ,-,-,0,0
Y63,RR7,GATESHEAD HEALTH NHS FOUNDATION TRUST,C_130,Ophthalmology Service, -   , -   , -   ,-,-,0,0
Y63,RR7,GATESHEAD HEALTH NHS FOUNDATION TRUST,C_140,Oral Surgery Service, -   , -   , -   ,-,-,0,0
Y63,RR7,GATESHEAD HEALTH NHS FOUNDATION TRUST,C_150,Neurosurgical Service, -   , -   , -   ,-,-,0,0
Y63,RR7,GATESHEAD HEALTH NHS FOUNDATION TRUST,C_160,Plastic Surgery Service, -   , -   , -   ,-,-,0,0
Y63,RR7,GATESHEAD HEALTH NHS FOUNDATION TRUST,C_170,Cardiothoracic Surgery Service, -   , -   , -   ,-,-,0,0
Y63,RR7,GATESHEAD HEALTH NHS FOUNDATION TRUST,C_300,General Internal Medicine Service,13,10,76.90%,-,-,0,0
Y63,RR7,GATESHEAD HEALTH NHS FOUNDATION TRUST,C_301,Gastroenterology Service,"1,513","1,222",80.80%,10.8,22.8,4,0
Y63,RR7,GATESHEAD HEALTH NHS FOUNDATION TRUST,C_320,Cardiology Service,787,548,69.60%,12,33.8,2,0
Y63,RR7,GATESHEAD HEALTH NHS FOUNDATION TRUST,C_330,Dermatology Service, -   , -   , -   ,-,-,0,0
Y63,RR7,GATESHEAD HEALTH NHS FOUNDATION TRUST,C_340,Respiratory Medicine Service,758,488,64.40%,13.9,39.6,9,0
Y63,RR7,GATESHEAD HEALTH NHS FOUNDATION TRUST,C_400,Neurology Service, -   , -   , -   ,-,-,0,0
Y63,RR7,GATESHEAD HEALTH NHS FOUNDATION TRUST,C_410,Rheumatology Service,322,266,82.60%,9,23.1,0,0
Y63,RR7,GATESHEAD HEALTH NHS FOUNDATION TRUST,C_430,Elderly Medicine Service,274,244,89.10%,8.2,20,0,0
Y63,RR7,GATESHEAD HEALTH NHS FOUNDATION TRUST,C_502,Gynaecology Service,"1,457","1,189",81.60%,9.5,26.6,2,0
Y63,RR7,GATESHEAD HEALTH NHS FOUNDATION TRUST,X02,Other - Medical Services,"1,230",909,73.90%,9.8,36.9,18,0
Y63,RR7,GATESHEAD HEALTH NHS FOUNDATION TRUST,X03,Other - Mental Health Services,432,196,45.40%,20.2,44.7,1,0
Y63,RR7,GATESHEAD HEALTH NHS FOUNDATION TRUST,X04,Other - Paediatric Services, -   , -   , -   ,-,-,0,0
Y63,RR7,GATESHEAD HEALTH NHS FOUNDATION TRUST,X05,Other - Surgical Services,19,16,84.20%,-,-,0,0
Y63,RR7,GATESHEAD HEALTH NHS FOUNDATION TRUST,X06,Other - Other Services,892,661,74.10%,10,35,6,0
Y63,RR8,LEEDS TEACHING HOSPITALS NHS TRUST,C_100,General Surgery Service,"1,762","1,203",68.30%,11.7,51.6,138,18
Y63,RR8,LEEDS TEACHING HOSPITALS NHS TRUST,C_101,Urology Service,"3,588","2,455",68.40%,10.6,40.8,126,10
Y63,RR8,LEEDS TEACHING HOSPITALS NHS TRUST,C_110,Trauma and Orthopaedic Service,"6,573","3,542",53.90%,15.9,48.4,395,60
Y63,RR8,LEEDS TEACHING HOSPITALS NHS TRUST,C_120,Ear Nose and Throat Service,"2,379","1,492",62.70%,11.9,45.3,131,19
Y63,RR8,LEEDS TEACHING HOSPITALS NHS TRUST,C_130,Ophthalmology Service,"5,487","3,802",69.30%,10.9,34.5,22,0
Y63,RR8,LEEDS TEACHING HOSPITALS NHS TRUST,C_140,Oral Surgery Service,"2,467","1,489",60.40%,14.4,36.7,34,4
Y63,RR8,LEEDS TEACHING HOSPITALS NHS TRUST,C_150,Neurosurgical Service,428,268,62.60%,13.2,48.1,20,3
Y63,RR8,LEEDS TEACHING HOSPITALS NHS TRUST,C_160,Plastic Surgery Service,"2,945","1,366",46.40%,19.7,52.9,259,1
Y63,RR8,LEEDS TEACHING HOSPITALS NHS TRUST,C_170,Cardiothoracic Surgery Service,562,413,73.50%,7.8,29.3,12,0
Y63,RR8,LEEDS TEACHING HOSPITALS NHS TRUST,C_300,General Internal Medicine Service,11,6,54.50%,-,-,1,0
Y63,RR8,LEEDS TEACHING HOSPITALS NHS TRUST,C_301,Gastroenterology Service,"2,510","2,296",91.50%,6.7,18.5,19,10
Y63,RR8,LEEDS TEACHING HOSPITALS NHS TRUST,C_320,Cardiology Service,"3,205","2,985",93.10%,6.6,17,1,0
Y63,RR8,LEEDS TEACHING HOSPITALS NHS TRUST,C_330,Dermatology Service,"6,759","4,535",67.10%,10.8,35.1,58,0
Y63,RR8,LEEDS TEACHING HOSPITALS NHS TRUST,C_340,Respiratory Medicine Service,927,827,89.20%,7,20.1,0,0
Y63,RR8,LEEDS TEACHING HOSPITALS NHS TRUST,C_400,Neurology Service,"2,299","1,875",81.60%,9.1,21.4,0,0
Y63,RR8,LEEDS TEACHING HOSPITALS NHS TRUST,C_410,Rheumatology Service,"3,064","2,114",69.00%,12.8,29.9,0,0
Y63,RR8,LEEDS TEACHING HOSPITALS NHS TRUST,C_430,Elderly Medicine Service,85,85,100.00%,5.3,11.3,0,0
Y63,RR8,LEEDS TEACHING HOSPITALS NHS TRUST,C_502,Gynaecology Service,"10,377","5,913",57.00%,15.1,42.8,302,9
Y63,RR8,LEEDS TEACHING HOSPITALS NHS TRUST,X02,Other - Medical Services,"12,953","8,951",69.10%,10.6,34.3,157,2
Y63,RR8,LEEDS TEACHING HOSPITALS NHS TRUST,X03,Other - Mental Health Services, -   , -   , -   ,-,-,0,0
Y63,RR8,LEEDS TEACHING HOSPITALS NHS TRUST,X04,Other - Paediatric Services,"11,293","6,229",55.20%,15.6,45,564,72
Y63,RR8,LEEDS TEACHING HOSPITALS NHS TRUST,X05,Other - Surgical Services,"11,192","5,656",50.50%,17.7,60,"1,308",151
Y63,RR8,LEEDS TEACHING HOSPITALS NHS TRUST,X06,Other - Other Services,929,832,89.60%,5,30.7,49,20
Y63,RTD,THE NEWCASTLE UPON TYNE HOSPITALS NHS FOUNDATION TRUST,C_100,General Surgery Service,793,705,88.90%,8.4,21.5,0,0
Y63,RTD,THE NEWCASTLE UPON TYNE HOSPITALS NHS FOUNDATION TRUST,C_101,Urology Service,"3,950","2,631",66.60%,12.2,54.4,343,114
Y63,RTD,THE NEWCASTLE UPON TYNE HOSPITALS NHS FOUNDATION TRUST,C_110,Trauma and Orthopaedic Service,"8,568","5,067",59.10%,13.9,55.2,811,149
Y63,RTD,THE NEWCASTLE UPON TYNE HOSPITALS NHS FOUNDATION TRUST,C_120,Ear Nose and Throat Service,"8,981","5,631",62.70%,13.7,34.6,58,1
Y63,RTD,THE NEWCASTLE UPON TYNE HOSPITALS NHS FOUNDATION TRUST,C_130,Ophthalmology Service,"11,591","6,517",56.20%,14.9,55,"1,114",87
Y63,RTD,THE NEWCASTLE UPON TYNE HOSPITALS NHS FOUNDATION TRUST,C_140,Oral Surgery Service,"2,338","1,980",84.70%,8.9,21.4,0,0
Y63,RTD,THE NEWCASTLE UPON TYNE HOSPITALS NHS FOUNDATION TRUST,C_150,Neurosurgical Service,941,758,80.60%,9.4,30.9,9,1
Y63,RTD,THE NEWCASTLE UPON TYNE HOSPITALS NHS FOUNDATION TRUST,C_160,Plastic Surgery Service,"1,963","1,183",60.30%,13.7,49.1,132,24
Y63,RTD,THE NEWCASTLE UPON TYNE HOSPITALS NHS FOUNDATION TRUST,C_170,Cardiothoracic Surgery Service,182,148,81.30%,11.3,27.4,2,0
Y63,RTD,THE NEWCASTLE UPON TYNE HOSPITALS NHS FOUNDATION TRUST,C_300,General Internal Medicine Service,"1,356","1,034",76.30%,11.2,26.7,3,0
Y63,RTD,THE NEWCASTLE UPON TYNE HOSPITALS NHS FOUNDATION TRUST,C_301,Gastroenterology Service,"1,387","1,041",75.10%,10,26.9,5,0
Y63,RTD,THE NEWCASTLE UPON TYNE HOSPITALS NHS FOUNDATION TRUST,C_320,Cardiology Service,"4,931","4,680",94.90%,8.3,16.8,0,0
Y63,RTD,THE NEWCASTLE UPON TYNE HOSPITALS NHS FOUNDATION TRUST,C_330,Dermatology Service,"10,967","5,427",49.50%,18.3,62.4,"1,606",208
Y63,RTD,THE NEWCASTLE UPON TYNE HOSPITALS NHS FOUNDATION TRUST,C_340,Respiratory Medicine Service,"1,795","1,361",75.80%,9.9,41.4,90,0
Y63,RTD,THE NEWCASTLE UPON TYNE HOSPITALS NHS FOUNDATION TRUST,C_400,Neurology Service,"2,438","2,017",82.70%,9.5,27.7,8,0
Y63,RTD,THE NEWCASTLE UPON TYNE HOSPITALS NHS FOUNDATION TRUST,C_410,Rheumatology Service,"1,643","1,069",65.10%,13.4,44.9,48,1
Y63,RTD,THE NEWCASTLE UPON TYNE HOSPITALS NHS FOUNDATION TRUST,C_430,Elderly Medicine Service,551,410,74.40%,9,26.5,5,0
Y63,RTD,THE NEWCASTLE UPON TYNE HOSPITALS NHS FOUNDATION TRUST,C_502,Gynaecology Service,"5,913","3,356",56.80%,15.2,39.2,196,26
Y63,RTD,THE NEWCASTLE UPON TYNE HOSPITALS NHS FOUNDATION TRUST,X02,Other - Medical Services,"10,310","8,575",83.20%,8.4,25.7,15,1
Y63,RTD,THE NEWCASTLE UPON TYNE HOSPITALS NHS FOUNDATION TRUST,X03,Other - Mental Health Services,362,362,100.00%,6.7,14.4,0,0
Y63,RTD,THE NEWCASTLE UPON TYNE HOSPITALS NHS FOUNDATION TRUST,X04,Other - Paediatric Services,"7,350","6,048",82.30%,9,26.6,81,9
Y63,RTD,THE NEWCASTLE UPON TYNE HOSPITALS NHS FOUNDATION TRUST,X05,Other - Surgical Services,"8,025","5,857",73.00%,10.4,34.8,187,8
Y63,RTD,THE NEWCASTLE UPON TYNE HOSPITALS NHS FOUNDATION TRUST,X06,Other - Other Services,"4,327","3,811",88.10%,8.3,21.3,10,0
Y63,RTF,NORTHUMBRIA HEALTHCARE NHS FOUNDATION TRUST,C_100,General Surgery Service,"6,434","5,600",87.00%,9.6,22.5,0,0
Y63,RTF,NORTHUMBRIA HEALTHCARE NHS FOUNDATION TRUST,C_101,Urology Service,"3,306","2,327",70.40%,11.8,36.3,9,0
Y63,RTF,NORTHUMBRIA HEALTHCARE NHS FOUNDATION TRUST,C_110,Trauma and Orthopaedic Service,"7,830","5,744",73.40%,11.6,29.7,2,0
Y63,RTF,NORTHUMBRIA HEALTHCARE NHS FOUNDATION TRUST,C_120,Ear Nose and Throat Service, -   , -   , -   ,-,-,0,0
Y63,RTF,NORTHUMBRIA HEALTHCARE NHS FOUNDATION TRUST,C_130,Ophthalmology Service, -   , -   , -   ,-,-,0,0
Y63,RTF,NORTHUMBRIA HEALTHCARE NHS FOUNDATION TRUST,C_140,Oral Surgery Service,873,665,76.20%,10.9,27.9,0,0
Y63,RTF,NORTHUMBRIA HEALTHCARE NHS FOUNDATION TRUST,C_150,Neurosurgical Service, -   , -   , -   ,-,-,0,0
Y63,RTF,NORTHUMBRIA HEALTHCARE NHS FOUNDATION TRUST,C_160,Plastic Surgery Service,"1,305",814,62.40%,13.4,41.6,0,0
Y63,RTF,NORTHUMBRIA HEALTHCARE NHS FOUNDATION TRUST,C_170,Cardiothoracic Surgery Service, -   , -   , -   ,-,-,0,0
Y63,RTF,NORTHUMBRIA HEALTHCARE NHS FOUNDATION TRUST,C_300,General Internal Medicine Service,"1,192","1,134",95.10%,7.5,17.1,0,0
Y63,RTF,NORTHUMBRIA HEALTHCARE NHS FOUNDATION TRUST,C_301,Gastroenterology Service,"1,286","1,227",95.40%,9,17.2,0,0
Y63,RTF,NORTHUMBRIA HEALTHCARE NHS FOUNDATION TRUST,C_320,Cardiology Service,"1,973","1,783",90.40%,7.8,19.1,0,0
Y63,RTF,NORTHUMBRIA HEALTHCARE NHS FOUNDATION TRUST,C_330,Dermatology Service, -   , -   , -   ,-,-,0,0
Y63,RTF,NORTHUMBRIA HEALTHCARE NHS FOUNDATION TRUST,C_340,Respiratory Medicine Service,"1,879","1,642",87.40%,9.2,21.3,0,0
Y63,RTF,NORTHUMBRIA HEALTHCARE NHS FOUNDATION TRUST,C_400,Neurology Service, -   , -   , -   ,-,-,0,0
Y63,RTF,NORTHUMBRIA HEALTHCARE NHS FOUNDATION TRUST,C_410,Rheumatology Service,882,728,82.50%,10.4,23.5,0,0
Y63,RTF,NORTHUMBRIA HEALTHCARE NHS FOUNDATION TRUST,C_430,Elderly Medicine Service,898,885,98.60%,6.8,15.4,0,0
Y63,RTF,NORTHUMBRIA HEALTHCARE NHS FOUNDATION TRUST,C_502,Gynaecology Service,"2,439","2,158",88.50%,7.4,21,0,0
Y63,RTF,NORTHUMBRIA HEALTHCARE NHS FOUNDATION TRUST,X02,Other - Medical Services, -   , -   , -   ,-,-,0,0
Y63,RTF,NORTHUMBRIA HEALTHCARE NHS FOUNDATION TRUST,X03,Other - Mental Health Services, -   , -   , -   ,-,-,0,0
Y63,RTF,NORTHUMBRIA HEALTHCARE NHS FOUNDATION TRUST,X04,Other - Paediatric Services, -   , -   , -   ,-,-,0,0
Y63,RTF,NORTHUMBRIA HEALTHCARE NHS FOUNDATION TRUST,X05,Other - Surgical Services, -   , -   , -   ,-,-,0,0
Y63,RTF,NORTHUMBRIA HEALTHCARE NHS FOUNDATION TRUST,X06,Other - Other Services,"2,259","2,150",95.20%,7.7,16.5,0,0
Y63,RTR,SOUTH TEES HOSPITALS NHS FOUNDATION TRUST,C_100,General Surgery Service,"1,749","1,065",60.90%,13.6,48.6,112,12
Y63,RTR,SOUTH TEES HOSPITALS NHS FOUNDATION TRUST,C_101,Urology Service,"3,762","2,227",59.20%,13.9,47.1,223,30
Y63,RTR,SOUTH TEES HOSPITALS NHS FOUNDATION TRUST,C_110,Trauma and Orthopaedic Service,"5,506","3,497",63.50%,13,44,244,24
Y63,RTR,SOUTH TEES HOSPITALS NHS FOUNDATION TRUST,C_120,Ear Nose and Throat Service,"4,718","2,661",56.40%,15.5,38.7,109,2
Y63,RTR,SOUTH TEES HOSPITALS NHS FOUNDATION TRUST,C_130,Ophthalmology Service,"3,937","2,634",66.90%,11.9,34.6,68,1
Y63,RTR,SOUTH TEES HOSPITALS NHS FOUNDATION TRUST,C_140,Oral Surgery Service,"1,869","1,139",60.90%,14.6,35.6,33,1
Y63,RTR,SOUTH TEES HOSPITALS NHS FOUNDATION TRUST,C_150,Neurosurgical Service,802,692,86.30%,7.7,24.4,6,0
Y63,RTR,SOUTH TEES HOSPITALS NHS FOUNDATION TRUST,C_160,Plastic Surgery Service,"1,948","1,351",69.40%,11.1,35.9,15,0
Y63,RTR,SOUTH TEES HOSPITALS NHS FOUNDATION TRUST,C_170,Cardiothoracic Surgery Service,267,227,85.00%,9.8,29.6,0,0
Y63,RTR,SOUTH TEES HOSPITALS NHS FOUNDATION TRUST,C_300,General Internal Medicine Service,93,92,98.90%,3.8,12.3,0,0
Y63,RTR,SOUTH TEES HOSPITALS NHS FOUNDATION TRUST,C_301,Gastroenterology Service,"1,572","1,193",75.90%,11.2,27.3,4,0
Y63,RTR,SOUTH TEES HOSPITALS NHS FOUNDATION TRUST,C_320,Cardiology Service,"1,411","1,060",75.10%,9,31.4,1,0
Y63,RTR,SOUTH TEES HOSPITALS NHS FOUNDATION TRUST,C_330,Dermatology Service,"2,707","1,999",73.80%,9.7,28.6,21,0
Y63,RTR,SOUTH TEES HOSPITALS NHS FOUNDATION TRUST,C_340,Respiratory Medicine Service,690,645,93.50%,8.6,16.9,0,0
Y63,RTR,SOUTH TEES HOSPITALS NHS FOUNDATION TRUST,C_400,Neurology Service,"3,019","1,607",53.20%,16.4,47,165,6
Y63,RTR,SOUTH TEES HOSPITALS NHS FOUNDATION TRUST,C_410,Rheumatology Service,866,768,88.70%,8.6,19.5,0,0
Y63,RTR,SOUTH TEES HOSPITALS NHS FOUNDATION TRUST,C_430,Elderly Medicine Service,26,25,96.20%,5.5,10.9,0,0
Y63,RTR,SOUTH TEES HOSPITALS NHS FOUNDATION TRUST,C_502,Gynaecology Service,"2,612","1,835",70.30%,11.3,33.7,31,0
Y63,RTR,SOUTH TEES HOSPITALS NHS FOUNDATION TRUST,X02,Other - Medical Services,"4,314","2,735",63.40%,12.7,48.5,245,3
Y63,RTR,SOUTH TEES HOSPITALS NHS FOUNDATION TRUST,X03,Other - Mental Health Services, -   , -   , -   ,-,-,0,0
Y63,RTR,SOUTH TEES HOSPITALS NHS FOUNDATION TRUST,X04,Other - Paediatric Services,"1,593","1,000",62.80%,13.4,40.1,39,1
Y63,RTR,SOUTH TEES HOSPITALS NHS FOUNDATION TRUST,X05,Other - Surgical Services,"2,793","1,990",71.20%,10.4,35.7,72,5
Y63,RTR,SOUTH TEES HOSPITALS NHS FOUNDATION TRUST,X06,Other - Other Services,746,511,68.50%,11.1,33.5,6,0
Y63,RVW,NORTH TEES AND HARTLEPOOL NHS FOUNDATION TRUST,C_100,General Surgery Service,"1,860","1,421",76.40%,10.2,27.9,4,0
Y63,RVW,NORTH TEES AND HARTLEPOOL NHS FOUNDATION TRUST,C_101,Urology Service,"1,637","1,160",70.90%,9.8,30.3,5,0
Y63,RVW,NORTH TEES AND HARTLEPOOL NHS FOUNDATION TRUST,C_110,Trauma and Orthopaedic Service,"5,953","5,173",86.90%,8.6,19.9,0,0
Y63,RVW,NORTH TEES AND HARTLEPOOL NHS FOUNDATION TRUST,C_120,Ear Nose and Throat Service, -   , -   , -   ,-,-,0,0
Y63,RVW,NORTH TEES AND HARTLEPOOL NHS FOUNDATION TRUST,C_130,Ophthalmology Service, -   , -   , -   ,-,-,0,0
Y63,RVW,NORTH TEES AND HARTLEPOOL NHS FOUNDATION TRUST,C_140,Oral Surgery Service,71,71,100.00%,6.1,13.7,0,0
Y63,RVW,NORTH TEES AND HARTLEPOOL NHS FOUNDATION TRUST,C_150,Neurosurgical Service, -   , -   , -   ,-,-,0,0
Y63,RVW,NORTH TEES AND HARTLEPOOL NHS FOUNDATION TRUST,C_160,Plastic Surgery Service, -   , -   , -   ,-,-,0,0
Y63,RVW,NORTH TEES AND HARTLEPOOL NHS FOUNDATION TRUST,C_170,Cardiothoracic Surgery Service, -   , -   , -   ,-,-,0,0
Y63,RVW,NORTH TEES AND HARTLEPOOL NHS FOUNDATION TRUST,C_300,General Internal Medicine Service,245,225,91.80%,6.5,18.1,0,0
Y63,RVW,NORTH TEES AND HARTLEPOOL NHS FOUNDATION TRUST,C_301,Gastroenterology Service,900,800,88.90%,6.6,20.8,1,0
Y63,RVW,NORTH TEES AND HARTLEPOOL NHS FOUNDATION TRUST,C_320,Cardiology Service,567,499,88.00%,6.8,20.5,0,0
Y63,RVW,NORTH TEES AND HARTLEPOOL NHS FOUNDATION TRUST,C_330,Dermatology Service, -   , -   , -   ,-,-,0,0
Y63,RVW,NORTH TEES AND HARTLEPOOL NHS FOUNDATION TRUST,C_340,Respiratory Medicine Service,538,405,75.30%,8.6,28.2,0,0
Y63,RVW,NORTH TEES AND HARTLEPOOL NHS FOUNDATION TRUST,C_400,Neurology Service, -   , -   , -   ,-,-,0,0
Y63,RVW,NORTH TEES AND HARTLEPOOL NHS FOUNDATION TRUST,C_410,Rheumatology Service,538,380,70.60%,12.4,25.6,0,0
Y63,RVW,NORTH TEES AND HARTLEPOOL NHS FOUNDATION TRUST,C_430,Elderly Medicine Service,80,80,100.00%,3.4,8.9,0,0
Y63,RVW,NORTH TEES AND HARTLEPOOL NHS FOUNDATION TRUST,C_502,Gynaecology Service,"2,051","1,439",70.20%,10.1,31.7,4,0
Y63,RVW,NORTH TEES AND HARTLEPOOL NHS FOUNDATION TRUST,X02,Other - Medical Services, -   , -   , -   ,-,-,0,0
Y63,RVW,NORTH TEES AND HARTLEPOOL NHS FOUNDATION TRUST,X03,Other - Mental Health Services, -   , -   , -   ,-,-,0,0
Y63,RVW,NORTH TEES AND HARTLEPOOL NHS FOUNDATION TRUST,X04,Other - Paediatric Services,"1,506",855,56.80%,15.4,35.6,2,0
Y63,RVW,NORTH TEES AND HARTLEPOOL NHS FOUNDATION TRUST,X05,Other - Surgical Services,"2,057","1,673",81.30%,5.5,27.4,6,0
Y63,RVW,NORTH TEES AND HARTLEPOOL NHS FOUNDATION TRUST,X06,Other - Other Services,"1,619","1,211",74.80%,10.5,29.8,10,0
Y63,RWA,HULL UNIVERSITY TEACHING HOSPITALS NHS TRUST,C_100,General Surgery Service,"7,475","4,455",59.60%,13.7,55.3,729,128
Y63,RWA,HULL UNIVERSITY TEACHING HOSPITALS NHS TRUST,C_101,Urology Service,"3,292","2,069",62.80%,12.5,47.2,205,25
Y63,RWA,HULL UNIVERSITY TEACHING HOSPITALS NHS TRUST,C_110,Trauma and Orthopaedic Service,"3,219","2,116",65.70%,11.3,47.2,198,31
Y63,RWA,HULL UNIVERSITY TEACHING HOSPITALS NHS TRUST,C_120,Ear Nose and Throat Service,"5,760","2,888",50.10%,17.9,53.1,495,35
Y63,RWA,HULL UNIVERSITY TEACHING HOSPITALS NHS TRUST,C_130,Ophthalmology Service,"7,128","4,207",59.00%,14.2,46.9,358,2
Y63,RWA,HULL UNIVERSITY TEACHING HOSPITALS NHS TRUST,C_140,Oral Surgery Service,"3,763","1,738",46.20%,20.3,59.7,497,16
Y63,RWA,HULL UNIVERSITY TEACHING HOSPITALS NHS TRUST,C_150,Neurosurgical Service,"2,247","1,301",57.90%,14.8,47.8,138,13
Y63,RWA,HULL UNIVERSITY TEACHING HOSPITALS NHS TRUST,C_160,Plastic Surgery Service,"2,799","1,528",54.60%,15.4,63.7,382,77
Y63,RWA,HULL UNIVERSITY TEACHING HOSPITALS NHS TRUST,C_170,Cardiothoracic Surgery Service,370,181,48.90%,18.6,56.4,35,4
Y63,RWA,HULL UNIVERSITY TEACHING HOSPITALS NHS TRUST,C_300,General Internal Medicine Service,170,159,93.50%,5.7,17.6,0,0
Y63,RWA,HULL UNIVERSITY TEACHING HOSPITALS NHS TRUST,C_301,Gastroenterology Service,"2,837","1,795",63.30%,13.5,39.1,89,10
Y63,RWA,HULL UNIVERSITY TEACHING HOSPITALS NHS TRUST,C_320,Cardiology Service,"4,115","2,339",56.80%,15.4,41.6,104,3
Y63,RWA,HULL UNIVERSITY TEACHING HOSPITALS NHS TRUST,C_330,Dermatology Service,"3,310","2,022",61.10%,12.7,57.7,328,67
Y63,RWA,HULL UNIVERSITY TEACHING HOSPITALS NHS TRUST,C_340,Respiratory Medicine Service,"2,108","1,373",65.10%,12.3,36.3,16,0
Y63,RWA,HULL UNIVERSITY TEACHING HOSPITALS NHS TRUST,C_400,Neurology Service,"3,402","2,206",64.80%,13.6,33,17,0
Y63,RWA,HULL UNIVERSITY TEACHING HOSPITALS NHS TRUST,C_410,Rheumatology Service,"1,510",874,57.90%,15.3,32.9,12,0
Y63,RWA,HULL UNIVERSITY TEACHING HOSPITALS NHS TRUST,C_430,Elderly Medicine Service,71,52,73.20%,10.5,28.3,0,0
Y63,RWA,HULL UNIVERSITY TEACHING HOSPITALS NHS TRUST,C_502,Gynaecology Service,"7,532","3,080",40.90%,24.3,64.4,"1,383",138
Y63,RWA,HULL UNIVERSITY TEACHING HOSPITALS NHS TRUST,X02,Other - Medical Services,"4,458","3,262",73.20%,10.4,30,38,1
Y63,RWA,HULL UNIVERSITY TEACHING HOSPITALS NHS TRUST,X03,Other - Mental Health Services,8,7,87.50%,-,-,0,0
Y63,RWA,HULL UNIVERSITY TEACHING HOSPITALS NHS TRUST,X04,Other - Paediatric Services,"1,241",907,73.10%,10.2,32.8,10,0
Y63,RWA,HULL UNIVERSITY TEACHING HOSPITALS NHS TRUST,X05,Other - Surgical Services,"1,433",588,41.00%,27.6,72.4,406,49
Y63,RWA,HULL UNIVERSITY TEACHING HOSPITALS NHS TRUST,X06,Other - Other Services,"1,593","1,263",79.30%,6.8,35.4,56,2
Y63,RWY,CALDERDALE AND HUDDERSFIELD NHS FOUNDATION TRUST,C_100,General Surgery Service,"5,584","3,334",59.70%,12.4,51.1,427,50
Y63,RWY,CALDERDALE AND HUDDERSFIELD NHS FOUNDATION TRUST,C_101,Urology Service,"1,702","1,046",61.50%,13.8,37.3,50,3
Y63,RWY,CALDERDALE AND HUDDERSFIELD NHS FOUNDATION TRUST,C_110,Trauma and Orthopaedic Service,"3,253","2,210",67.90%,11.5,42.6,133,2
Y63,RWY,CALDERDALE AND HUDDERSFIELD NHS FOUNDATION TRUST,C_120,Ear Nose and Throat Service,"2,738","1,708",62.40%,8.7,56.6,292,27
Y63,RWY,CALDERDALE AND HUDDERSFIELD NHS FOUNDATION TRUST,C_130,Ophthalmology Service,"2,132","1,503",70.50%,10.2,32.9,26,2
Y63,RWY,CALDERDALE AND HUDDERSFIELD NHS FOUNDATION TRUST,C_140,Oral Surgery Service,"2,060",774,37.60%,26.1,64.9,333,47
Y63,RWY,CALDERDALE AND HUDDERSFIELD NHS FOUNDATION TRUST,C_150,Neurosurgical Service, -   , -   , -   ,-,-,0,0
Y63,RWY,CALDERDALE AND HUDDERSFIELD NHS FOUNDATION TRUST,C_160,Plastic Surgery Service,578,344,59.50%,11.3,53.4,48,4
Y63,RWY,CALDERDALE AND HUDDERSFIELD NHS FOUNDATION TRUST,C_170,Cardiothoracic Surgery Service, -   , -   , -   ,-,-,0,0
Y63,RWY,CALDERDALE AND HUDDERSFIELD NHS FOUNDATION TRUST,C_300,General Internal Medicine Service,173,101,58.40%,14.4,34.4,2,0
Y63,RWY,CALDERDALE AND HUDDERSFIELD NHS FOUNDATION TRUST,C_301,Gastroenterology Service,"1,925","1,245",64.70%,12.1,43.8,77,1
Y63,RWY,CALDERDALE AND HUDDERSFIELD NHS FOUNDATION TRUST,C_320,Cardiology Service,"1,686","1,051",62.30%,13.2,38,34,0
Y63,RWY,CALDERDALE AND HUDDERSFIELD NHS FOUNDATION TRUST,C_330,Dermatology Service,712,577,81.00%,6.5,28.8,7,1
Y63,RWY,CALDERDALE AND HUDDERSFIELD NHS FOUNDATION TRUST,C_340,Respiratory Medicine Service,"1,080",664,61.50%,12.9,42.6,37,2
Y63,RWY,CALDERDALE AND HUDDERSFIELD NHS FOUNDATION TRUST,C_400,Neurology Service,"1,745",955,54.70%,16.2,51.4,127,12
Y63,RWY,CALDERDALE AND HUDDERSFIELD NHS FOUNDATION TRUST,C_410,Rheumatology Service,742,551,74.30%,8.8,32.9,23,3
Y63,RWY,CALDERDALE AND HUDDERSFIELD NHS FOUNDATION TRUST,C_430,Elderly Medicine Service,230,132,57.40%,14.2,44.2,3,0
Y63,RWY,CALDERDALE AND HUDDERSFIELD NHS FOUNDATION TRUST,C_502,Gynaecology Service,"2,745","1,494",54.40%,15.9,44.3,129,10
Y63,RWY,CALDERDALE AND HUDDERSFIELD NHS FOUNDATION TRUST,X02,Other - Medical Services,"1,549","1,112",71.80%,9.3,35.6,32,4
Y63,RWY,CALDERDALE AND HUDDERSFIELD NHS FOUNDATION TRUST,X03,Other - Mental Health Services, -   , -   , -   ,-,-,0,0
Y63,RWY,CALDERDALE AND HUDDERSFIELD NHS FOUNDATION TRUST,X04,Other - Paediatric Services,"1,090",947,86.90%,8.4,21.4,1,0
Y63,RWY,CALDERDALE AND HUDDERSFIELD NHS FOUNDATION TRUST,X05,Other - Surgical Services,66,58,87.90%,10.1,20.7,0,0
Y63,RWY,CALDERDALE AND HUDDERSFIELD NHS FOUNDATION TRUST,X06,Other - Other Services,55,47,85.50%,9.2,27.8,1,1
Y63,RX4,"CUMBRIA, NORTHUMBERLAND, TYNE AND WEAR NHS FOUNDATION TRUST",C_100,General Surgery Service, -   , -   , -   ,-,-,0,0
Y63,RX4,"CUMBRIA, NORTHUMBERLAND, TYNE AND WEAR NHS FOUNDATION TRUST",C_101,Urology Service, -   , -   , -   ,-,-,0,0
Y63,RX4,"CUMBRIA, NORTHUMBERLAND, TYNE AND WEAR NHS FOUNDATION TRUST",C_110,Trauma and Orthopaedic Service, -   , -   , -   ,-,-,0,0
Y63,RX4,"CUMBRIA, NORTHUMBERLAND, TYNE AND WEAR NHS FOUNDATION TRUST",C_120,Ear Nose and Throat Service, -   , -   , -   ,-,-,0,0
Y63,RX4,"CUMBRIA, NORTHUMBERLAND, TYNE AND WEAR NHS FOUNDATION TRUST",C_130,Ophthalmology Service, -   , -   , -   ,-,-,0,0
Y63,RX4,"CUMBRIA, NORTHUMBERLAND, TYNE AND WEAR NHS FOUNDATION TRUST",C_140,Oral Surgery Service, -   , -   , -   ,-,-,0,0
Y63,RX4,"CUMBRIA, NORTHUMBERLAND, TYNE AND WEAR NHS FOUNDATION TRUST",C_150,Neurosurgical Service, -   , -   , -   ,-,-,0,0
Y63,RX4,"CUMBRIA, NORTHUMBERLAND, TYNE AND WEAR NHS FOUNDATION TRUST",C_160,Plastic Surgery Service, -   , -   , -   ,-,-,0,0
Y63,RX4,"CUMBRIA, NORTHUMBERLAND, TYNE AND WEAR NHS FOUNDATION TRUST",C_170,Cardiothoracic Surgery Service, -   , -   , -   ,-,-,0,0
Y63,RX4,"CUMBRIA, NORTHUMBERLAND, TYNE AND WEAR NHS FOUNDATION TRUST",C_300,General Internal Medicine Service, -   , -   , -   ,-,-,0,0
Y63,RX4,"CUMBRIA, NORTHUMBERLAND, TYNE AND WEAR NHS FOUNDATION TRUST",C_301,Gastroenterology Service, -   , -   , -   ,-,-,0,0
Y63,RX4,"CUMBRIA, NORTHUMBERLAND, TYNE AND WEAR NHS FOUNDATION TRUST",C_320,Cardiology Service, -   , -   , -   ,-,-,0,0
Y63,RX4,"CUMBRIA, NORTHUMBERLAND, TYNE AND WEAR NHS FOUNDATION TRUST",C_330,Dermatology Service, -   , -   , -   ,-,-,0,0
Y63,RX4,"CUMBRIA, NORTHUMBERLAND, TYNE AND WEAR NHS FOUNDATION TRUST",C_340,Respiratory Medicine Service, -   , -   , -   ,-,-,0,0
Y63,RX4,"CUMBRIA, NORTHUMBERLAND, TYNE AND WEAR NHS FOUNDATION TRUST",C_400,Neurology Service, -   , -   , -   ,-,-,0,0
Y63,RX4,"CUMBRIA, NORTHUMBERLAND, TYNE AND WEAR NHS FOUNDATION TRUST",C_410,Rheumatology Service, -   , -   , -   ,-,-,0,0
Y63,RX4,"CUMBRIA, NORTHUMBERLAND, TYNE AND WEAR NHS FOUNDATION TRUST",C_430,Elderly Medicine Service, -   , -   , -   ,-,-,0,0
Y63,RX4,"CUMBRIA, NORTHUMBERLAND, TYNE AND WEAR NHS FOUNDATION TRUST",C_502,Gynaecology Service, -   , -   , -   ,-,-,0,0
Y63,RX4,"CUMBRIA, NORTHUMBERLAND, TYNE AND WEAR NHS FOUNDATION TRUST",X02,Other - Medical Services, -   , -   , -   ,-,-,0,0
Y63,RX4,"CUMBRIA, NORTHUMBERLAND, TYNE AND WEAR NHS FOUNDATION TRUST",X03,Other - Mental Health Services, -   , -   , -   ,-,-,0,0
Y63,RX4,"CUMBRIA, NORTHUMBERLAND, TYNE AND WEAR NHS FOUNDATION TRUST",X04,Other - Paediatric Services, -   , -   , -   ,-,-,0,0
Y63,RX4,"CUMBRIA, NORTHUMBERLAND, TYNE AND WEAR NHS FOUNDATION TRUST",X05,Other - Surgical Services, -   , -   , -   ,-,-,0,0
Y63,RX4,"CUMBRIA, NORTHUMBERLAND, TYNE AND WEAR NHS FOUNDATION TRUST",X06,Other - Other Services,255,255,100.00%,5.1,12.6,0,0
Y63,RXF,MID YORKSHIRE HOSPITALS NHS TRUST,C_100,General Surgery Service,"1,399",895,64.00%,12.4,45.6,73,3
Y63,RXF,MID YORKSHIRE HOSPITALS NHS TRUST,C_101,Urology Service,"2,666","1,884",70.70%,10,40,85,5
Y63,RXF,MID YORKSHIRE HOSPITALS NHS TRUST,C_110,Trauma and Orthopaedic Service,"3,799","2,530",66.60%,12.4,33.8,41,1
Y63,RXF,MID YORKSHIRE HOSPITALS NHS TRUST,C_120,Ear Nose and Throat Service,"4,164","2,513",60.40%,13.4,50.8,304,9
Y63,RXF,MID YORKSHIRE HOSPITALS NHS TRUST,C_130,Ophthalmology Service,"4,415","3,077",69.70%,11.7,28.2,16,0
Y63,RXF,MID YORKSHIRE HOSPITALS NHS TRUST,C_140,Oral Surgery Service,"3,036","1,834",60.40%,12.3,40.9,72,0
Y63,RXF,MID YORKSHIRE HOSPITALS NHS TRUST,C_150,Neurosurgical Service, -   , -   , -   ,-,-,0,0
Y63,RXF,MID YORKSHIRE HOSPITALS NHS TRUST,C_160,Plastic Surgery Service,"1,788","1,083",60.60%,13.7,48.6,108,2
Y63,RXF,MID YORKSHIRE HOSPITALS NHS TRUST,C_170,Cardiothoracic Surgery Service, -   , -   , -   ,-,-,0,0
Y63,RXF,MID YORKSHIRE HOSPITALS NHS TRUST,C_300,General Internal Medicine Service,17,15,88.20%,-,-,0,0
Y63,RXF,MID YORKSHIRE HOSPITALS NHS TRUST,C_301,Gastroenterology Service,"3,174","2,321",73.10%,8.6,34.3,9,0
Y63,RXF,MID YORKSHIRE HOSPITALS NHS TRUST,C_320,Cardiology Service,"1,260",888,70.50%,11.9,30.4,0,0
Y63,RXF,MID YORKSHIRE HOSPITALS NHS TRUST,C_330,Dermatology Service,"1,357",964,71.00%,8.1,33.5,5,0
Y63,RXF,MID YORKSHIRE HOSPITALS NHS TRUST,C_340,Respiratory Medicine Service,"1,463",901,61.60%,13.4,34.9,0,0
Y63,RXF,MID YORKSHIRE HOSPITALS NHS TRUST,C_400,Neurology Service,"1,608",815,50.70%,17.6,32.8,2,1
Y63,RXF,MID YORKSHIRE HOSPITALS NHS TRUST,C_410,Rheumatology Service,630,484,76.80%,10.4,26.8,0,0
Y63,RXF,MID YORKSHIRE HOSPITALS NHS TRUST,C_430,Elderly Medicine Service,147,130,88.40%,6.1,24.1,0,0
Y63,RXF,MID YORKSHIRE HOSPITALS NHS TRUST,C_502,Gynaecology Service,"3,893","2,676",68.70%,10.8,40.7,127,9
Y63,RXF,MID YORKSHIRE HOSPITALS NHS TRUST,X02,Other - Medical Services,"5,300","3,782",71.40%,10.5,33.1,11,0
Y63,RXF,MID YORKSHIRE HOSPITALS NHS TRUST,X03,Other - Mental Health Services, -   , -   , -   ,-,-,0,0
Y63,RXF,MID YORKSHIRE HOSPITALS NHS TRUST,X04,Other - Paediatric Services,"2,034","1,189",58.50%,14.9,32.3,7,0
Y63,RXF,MID YORKSHIRE HOSPITALS NHS TRUST,X05,Other - Surgical Services,"3,768","2,699",71.60%,8.9,40.4,120,3
Y63,RXF,MID YORKSHIRE HOSPITALS NHS TRUST,X06,Other - Other Services,482,393,81.50%,9,24.6,1,0
Y63,RXG,SOUTH WEST YORKSHIRE PARTNERSHIP NHS FOUNDATION TRUST,C_100,General Surgery Service, -   , -   , -   ,-,-,0,0
Y63,RXG,SOUTH WEST YORKSHIRE PARTNERSHIP NHS FOUNDATION TRUST,C_101,Urology Service, -   , -   , -   ,-,-,0,0
Y63,RXG,SOUTH WEST YORKSHIRE PARTNERSHIP NHS FOUNDATION TRUST,C_110,Trauma and Orthopaedic Service, -   , -   , -   ,-,-,0,0
Y63,RXG,SOUTH WEST YORKSHIRE PARTNERSHIP NHS FOUNDATION TRUST,C_120,Ear Nose and Throat Service, -   , -   , -   ,-,-,0,0
Y63,RXG,SOUTH WEST YORKSHIRE PARTNERSHIP NHS FOUNDATION TRUST,C_130,Ophthalmology Service, -   , -   , -   ,-,-,0,0
Y63,RXG,SOUTH WEST YORKSHIRE PARTNERSHIP NHS FOUNDATION TRUST,C_140,Oral Surgery Service, -   , -   , -   ,-,-,0,0
Y63,RXG,SOUTH WEST YORKSHIRE PARTNERSHIP NHS FOUNDATION TRUST,C_150,Neurosurgical Service, -   , -   , -   ,-,-,0,0
Y63,RXG,SOUTH WEST YORKSHIRE PARTNERSHIP NHS FOUNDATION TRUST,C_160,Plastic Surgery Service, -   , -   , -   ,-,-,0,0
Y63,RXG,SOUTH WEST YORKSHIRE PARTNERSHIP NHS FOUNDATION TRUST,C_170,Cardiothoracic Surgery Service, -   , -   , -   ,-,-,0,0
Y63,RXG,SOUTH WEST YORKSHIRE PARTNERSHIP NHS FOUNDATION TRUST,C_300,General Internal Medicine Service, -   , -   , -   ,-,-,0,0
Y63,RXG,SOUTH WEST YORKSHIRE PARTNERSHIP NHS FOUNDATION TRUST,C_301,Gastroenterology Service, -   , -   , -   ,-,-,0,0
Y63,RXG,SOUTH WEST YORKSHIRE PARTNERSHIP NHS FOUNDATION TRUST,C_320,Cardiology Service, -   , -   , -   ,-,-,0,0
Y63,RXG,SOUTH WEST YORKSHIRE PARTNERSHIP NHS FOUNDATION TRUST,C_330,Dermatology Service, -   , -   , -   ,-,-,0,0
Y63,RXG,SOUTH WEST YORKSHIRE PARTNERSHIP NHS FOUNDATION TRUST,C_340,Respiratory Medicine Service, -   , -   , -   ,-,-,0,0
Y63,RXG,SOUTH WEST YORKSHIRE PARTNERSHIP NHS FOUNDATION TRUST,C_400,Neurology Service, -   , -   , -   ,-,-,0,0
Y63,RXG,SOUTH WEST YORKSHIRE PARTNERSHIP NHS FOUNDATION TRUST,C_410,Rheumatology Service, -   , -   , -   ,-,-,0,0
Y63,RXG,SOUTH WEST YORKSHIRE PARTNERSHIP NHS FOUNDATION TRUST,C_430,Elderly Medicine Service, -   , -   , -   ,-,-,0,0
Y63,RXG,SOUTH WEST YORKSHIRE PARTNERSHIP NHS FOUNDATION TRUST,C_502,Gynaecology Service, -   , -   , -   ,-,-,0,0
Y63,RXG,SOUTH WEST YORKSHIRE PARTNERSHIP NHS FOUNDATION TRUST,X02,Other - Medical Services, -   , -   , -   ,-,-,0,0
Y63,RXG,SOUTH WEST YORKSHIRE PARTNERSHIP NHS FOUNDATION TRUST,X03,Other - Mental Health Services, -   , -   , -   ,-,-,0,0
Y63,RXG,SOUTH WEST YORKSHIRE PARTNERSHIP NHS FOUNDATION TRUST,X04,Other - Paediatric Services, -   , -   , -   ,-,-,0,0
Y63,RXG,SOUTH WEST YORKSHIRE PARTNERSHIP NHS FOUNDATION TRUST,X05,Other - Surgical Services, -   , -   , -   ,-,-,0,0
Y63,RXG,SOUTH WEST YORKSHIRE PARTNERSHIP NHS FOUNDATION TRUST,X06,Other - Other Services,"3,191","2,823",88.50%,8.5,18.7,0,0
Y63,RXP,COUNTY DURHAM AND DARLINGTON NHS FOUNDATION TRUST,C_100,General Surgery Service,"4,037","2,090",51.80%,16.8,57.7,467,38
Y63,RXP,COUNTY DURHAM AND DARLINGTON NHS FOUNDATION TRUST,C_101,Urology Service, -   , -   , -   ,-,-,0,0
Y63,RXP,COUNTY DURHAM AND DARLINGTON NHS FOUNDATION TRUST,C_110,Trauma and Orthopaedic Service,"7,891","6,585",83.40%,7.3,28.7,116,12
Y63,RXP,COUNTY DURHAM AND DARLINGTON NHS FOUNDATION TRUST,C_120,Ear Nose and Throat Service,"3,182","1,916",60.20%,14.8,40.7,86,1
Y63,RXP,COUNTY DURHAM AND DARLINGTON NHS FOUNDATION TRUST,C_130,Ophthalmology Service,"2,851","1,674",58.70%,14.1,42.5,83,0
Y63,RXP,COUNTY DURHAM AND DARLINGTON NHS FOUNDATION TRUST,C_140,Oral Surgery Service,756,300,39.70%,23.1,51.5,57,0
Y63,RXP,COUNTY DURHAM AND DARLINGTON NHS FOUNDATION TRUST,C_150,Neurosurgical Service, -   , -   , -   ,-,-,0,0
Y63,RXP,COUNTY DURHAM AND DARLINGTON NHS FOUNDATION TRUST,C_160,Plastic Surgery Service,"1,687","1,027",60.90%,13.2,44.6,80,7
Y63,RXP,COUNTY DURHAM AND DARLINGTON NHS FOUNDATION TRUST,C_170,Cardiothoracic Surgery Service,3, -   , -   ,-,-,0,0
Y63,RXP,COUNTY DURHAM AND DARLINGTON NHS FOUNDATION TRUST,C_300,General Internal Medicine Service,996,550,55.20%,15.3,50,71,2
Y63,RXP,COUNTY DURHAM AND DARLINGTON NHS FOUNDATION TRUST,C_301,Gastroenterology Service,"2,962","2,317",78.20%,7.5,26.4,21,0
Y63,RXP,COUNTY DURHAM AND DARLINGTON NHS FOUNDATION TRUST,C_320,Cardiology Service,"1,728","1,387",80.30%,9.2,26,3,0
Y63,RXP,COUNTY DURHAM AND DARLINGTON NHS FOUNDATION TRUST,C_330,Dermatology Service,"3,288","1,741",53.00%,16,46.8,153,6
Y63,RXP,COUNTY DURHAM AND DARLINGTON NHS FOUNDATION TRUST,C_340,Respiratory Medicine Service,"1,122",607,54.10%,15.3,59.3,137,1
Y63,RXP,COUNTY DURHAM AND DARLINGTON NHS FOUNDATION TRUST,C_400,Neurology Service,138,84,60.90%,13.1,51,11,1
Y63,RXP,COUNTY DURHAM AND DARLINGTON NHS FOUNDATION TRUST,C_410,Rheumatology Service,824,571,69.30%,11.7,32.2,21,0
Y63,RXP,COUNTY DURHAM AND DARLINGTON NHS FOUNDATION TRUST,C_430,Elderly Medicine Service,258,245,95.00%,6,14.9,2,0
Y63,RXP,COUNTY DURHAM AND DARLINGTON NHS FOUNDATION TRUST,C_502,Gynaecology Service,"3,521","2,483",70.50%,10.2,40.9,144,5
Y63,RXP,COUNTY DURHAM AND DARLINGTON NHS FOUNDATION TRUST,X02,Other - Medical Services,263,194,73.80%,8.5,36,6,1
Y63,RXP,COUNTY DURHAM AND DARLINGTON NHS FOUNDATION TRUST,X03,Other - Mental Health Services,613,497,81.10%,8.8,27,2,0
Y63,RXP,COUNTY DURHAM AND DARLINGTON NHS FOUNDATION TRUST,X04,Other - Paediatric Services,"3,066","1,872",61.10%,14,49,206,13
Y63,RXP,COUNTY DURHAM AND DARLINGTON NHS FOUNDATION TRUST,X05,Other - Surgical Services, -   , -   , -   ,-,-,0,0
Y63,RXP,COUNTY DURHAM AND DARLINGTON NHS FOUNDATION TRUST,X06,Other - Other Services, -   , -   , -   ,-,-,0,0
Y63,RY6,LEEDS COMMUNITY HEALTHCARE NHS TRUST,C_100,General Surgery Service, -   , -   , -   ,-,-,0,0
Y63,RY6,LEEDS COMMUNITY HEALTHCARE NHS TRUST,C_101,Urology Service, -   , -   , -   ,-,-,0,0
Y63,RY6,LEEDS COMMUNITY HEALTHCARE NHS TRUST,C_110,Trauma and Orthopaedic Service, -   , -   , -   ,-,-,0,0
Y63,RY6,LEEDS COMMUNITY HEALTHCARE NHS TRUST,C_120,Ear Nose and Throat Service, -   , -   , -   ,-,-,0,0
Y63,RY6,LEEDS COMMUNITY HEALTHCARE NHS TRUST,C_130,Ophthalmology Service, -   , -   , -   ,-,-,0,0
Y63,RY6,LEEDS COMMUNITY HEALTHCARE NHS TRUST,C_140,Oral Surgery Service, -   , -   , -   ,-,-,0,0
Y63,RY6,LEEDS COMMUNITY HEALTHCARE NHS TRUST,C_150,Neurosurgical Service, -   , -   , -   ,-,-,0,0
Y63,RY6,LEEDS COMMUNITY HEALTHCARE NHS TRUST,C_160,Plastic Surgery Service, -   , -   , -   ,-,-,0,0
Y63,RY6,LEEDS COMMUNITY HEALTHCARE NHS TRUST,C_170,Cardiothoracic Surgery Service, -   , -   , -   ,-,-,0,0
Y63,RY6,LEEDS COMMUNITY HEALTHCARE NHS TRUST,C_300,General Internal Medicine Service, -   , -   , -   ,-,-,0,0
Y63,RY6,LEEDS COMMUNITY HEALTHCARE NHS TRUST,C_301,Gastroenterology Service, -   , -   , -   ,-,-,0,0
Y63,RY6,LEEDS COMMUNITY HEALTHCARE NHS TRUST,C_320,Cardiology Service, -   , -   , -   ,-,-,0,0
Y63,RY6,LEEDS COMMUNITY HEALTHCARE NHS TRUST,C_330,Dermatology Service, -   , -   , -   ,-,-,0,0
Y63,RY6,LEEDS COMMUNITY HEALTHCARE NHS TRUST,C_340,Respiratory Medicine Service, -   , -   , -   ,-,-,0,0
Y63,RY6,LEEDS COMMUNITY HEALTHCARE NHS TRUST,C_400,Neurology Service, -   , -   , -   ,-,-,0,0
Y63,RY6,LEEDS COMMUNITY HEALTHCARE NHS TRUST,C_410,Rheumatology Service, -   , -   , -   ,-,-,0,0
Y63,RY6,LEEDS COMMUNITY HEALTHCARE NHS TRUST,C_430,Elderly Medicine Service, -   , -   , -   ,-,-,0,0
Y63,RY6,LEEDS COMMUNITY HEALTHCARE NHS TRUST,C_502,Gynaecology Service,114,15,13.20%,29.5,35.9,2,0
Y63,RY6,LEEDS COMMUNITY HEALTHCARE NHS TRUST,X02,Other - Medical Services, -   , -   , -   ,-,-,0,0
Y63,RY6,LEEDS COMMUNITY HEALTHCARE NHS TRUST,X03,Other - Mental Health Services, -   , -   , -   ,-,-,0,0
Y63,RY6,LEEDS COMMUNITY HEALTHCARE NHS TRUST,X04,Other - Paediatric Services,"1,684","1,336",79.30%,8.9,25.7,0,0
Y63,RY6,LEEDS COMMUNITY HEALTHCARE NHS TRUST,X05,Other - Surgical Services, -   , -   , -   ,-,-,0,0
Y63,RY6,LEEDS COMMUNITY HEALTHCARE NHS TRUST,X06,Other - Other Services, -   , -   , -   ,-,-,0,0
Y63,TAD,BRADFORD DISTRICT CARE NHS FOUNDATION TRUST,C_100,General Surgery Service, -   , -   , -   ,-,-,0,0
Y63,TAD,BRADFORD DISTRICT CARE NHS FOUNDATION TRUST,C_101,Urology Service, -   , -   , -   ,-,-,0,0
Y63,TAD,BRADFORD DISTRICT CARE NHS FOUNDATION TRUST,C_110,Trauma and Orthopaedic Service, -   , -   , -   ,-,-,0,0
Y63,TAD,BRADFORD DISTRICT CARE NHS FOUNDATION TRUST,C_120,Ear Nose and Throat Service, -   , -   , -   ,-,-,0,0
Y63,TAD,BRADFORD DISTRICT CARE NHS FOUNDATION TRUST,C_130,Ophthalmology Service, -   , -   , -   ,-,-,0,0
Y63,TAD,BRADFORD DISTRICT CARE NHS FOUNDATION TRUST,C_140,Oral Surgery Service, -   , -   , -   ,-,-,0,0
Y63,TAD,BRADFORD DISTRICT CARE NHS FOUNDATION TRUST,C_150,Neurosurgical Service, -   , -   , -   ,-,-,0,0
Y63,TAD,BRADFORD DISTRICT CARE NHS FOUNDATION TRUST,C_160,Plastic Surgery Service, -   , -   , -   ,-,-,0,0
Y63,TAD,BRADFORD DISTRICT CARE NHS FOUNDATION TRUST,C_170,Cardiothoracic Surgery Service, -   , -   , -   ,-,-,0,0
Y63,TAD,BRADFORD DISTRICT CARE NHS FOUNDATION TRUST,C_300,General Internal Medicine Service, -   , -   , -   ,-,-,0,0
Y63,TAD,BRADFORD DISTRICT CARE NHS FOUNDATION TRUST,C_301,Gastroenterology Service, -   , -   , -   ,-,-,0,0
Y63,TAD,BRADFORD DISTRICT CARE NHS FOUNDATION TRUST,C_320,Cardiology Service, -   , -   , -   ,-,-,0,0
Y63,TAD,BRADFORD DISTRICT CARE NHS FOUNDATION TRUST,C_330,Dermatology Service, -   , -   , -   ,-,-,0,0
Y63,TAD,BRADFORD DISTRICT CARE NHS FOUNDATION TRUST,C_340,Respiratory Medicine Service, -   , -   , -   ,-,-,0,0
Y63,TAD,BRADFORD DISTRICT CARE NHS FOUNDATION TRUST,C_400,Neurology Service, -   , -   , -   ,-,-,0,0
Y63,TAD,BRADFORD DISTRICT CARE NHS FOUNDATION TRUST,C_410,Rheumatology Service, -   , -   , -   ,-,-,0,0
Y63,TAD,BRADFORD DISTRICT CARE NHS FOUNDATION TRUST,C_430,Elderly Medicine Service, -   , -   , -   ,-,-,0,0
Y63,TAD,BRADFORD DISTRICT CARE NHS FOUNDATION TRUST,C_502,Gynaecology Service, -   , -   , -   ,-,-,0,0
Y63,TAD,BRADFORD DISTRICT CARE NHS FOUNDATION TRUST,X02,Other - Medical Services,247,202,81.80%,8.8,25.6,0,0
Y63,TAD,BRADFORD DISTRICT CARE NHS FOUNDATION TRUST,X03,Other - Mental Health Services, -   , -   , -   ,-,-,0,0
Y63,TAD,BRADFORD DISTRICT CARE NHS FOUNDATION TRUST,X04,Other - Paediatric Services, -   , -   , -   ,-,-,0,0
Y63,TAD,BRADFORD DISTRICT CARE NHS FOUNDATION TRUST,X05,Other - Surgical Services, -   , -   , -   ,-,-,0,0
Y63,TAD,BRADFORD DISTRICT CARE NHS FOUNDATION TRUST,X06,Other - Other Services, -   , -   , -   ,-,-,0,0
