Region Code,Provider Code,Provider Name,Treatment Function Code,Treatment Function,Total number of incomplete pathways,Total within 18 weeks,% within 18 weeks,Average (median) waiting time (in weeks),92nd percentile waiting time (in weeks),Total 52 plus weeks,Total 78 plus weeks
Y56,R1H,BARTS HEALTH NHS TRUST,C_100,General Surgery Service,"3,548","1,812",51.10%,17.1,60,437,60
Y56,R1H,BARTS HEALTH NHS TRUST,C_101,Urology Service,"7,613","3,351",44.00%,20.7,54.8,715,67
Y56,R1H,BARTS HEALTH NHS TRUST,C_110,Trauma and Orthopaedic Service,"7,588","3,761",49.60%,18.2,57.3,801,130
Y56,R1H,BARTS HEALTH NHS TRUST,C_120,Ear Nose and Throat Service,"4,234","1,941",45.80%,20.9,66.5,657,146
Y56,R1H,BARTS HEALTH NHS TRUST,C_130,Ophthalmology Service,"4,485","2,856",63.70%,13.8,42.5,130,5
Y56,R1H,BARTS HEALTH NHS TRUST,C_140,Oral Surgery Service,"6,149","2,973",48.30%,18.7,47.4,350,35
Y56,R1H,BARTS HEALTH NHS TRUST,C_150,Neurosurgical Service,"1,728",847,49.00%,18.4,50,119,13
Y56,R1H,BARTS HEALTH NHS TRUST,C_160,Plastic Surgery Service,883,395,44.70%,20.3,57.5,107,10
Y56,R1H,BARTS HEALTH NHS TRUST,C_170,Cardiothoracic Surgery Service,831,534,64.30%,10.9,40.4,16,2
Y56,R1H,BARTS HEALTH NHS TRUST,C_300,General Internal Medicine Service,46,20,43.50%,21.5,63.3,4,0
Y56,R1H,BARTS HEALTH NHS TRUST,C_301,Gastroenterology Service,"5,437","3,418",62.90%,13.3,41.4,187,11
Y56,R1H,BARTS HEALTH NHS TRUST,C_320,Cardiology Service,"6,897","5,071",73.50%,10.3,28.6,4,1
Y56,R1H,BARTS HEALTH NHS TRUST,C_330,Dermatology Service,"7,067","3,667",51.90%,17.1,43.2,60,3
Y56,R1H,BARTS HEALTH NHS TRUST,C_340,Respiratory Medicine Service,"4,831","2,392",49.50%,18.2,47,247,9
Y56,R1H,BARTS HEALTH NHS TRUST,C_400,Neurology Service,"1,858","1,368",73.60%,11.3,30.2,11,0
Y56,R1H,BARTS HEALTH NHS TRUST,C_410,Rheumatology Service,764,629,82.30%,8.4,27.8,11,0
Y56,R1H,BARTS HEALTH NHS TRUST,C_430,Elderly Medicine Service,105,91,86.70%,5.4,20.7,0,0
Y56,R1H,BARTS HEALTH NHS TRUST,C_502,Gynaecology Service,"8,759","4,731",54.00%,16.4,49.1,584,87
Y56,R1H,BARTS HEALTH NHS TRUST,X02,Other - Medical Services,"13,386","8,432",63.00%,12.6,39.3,338,13
Y56,R1H,BARTS HEALTH NHS TRUST,X03,Other - Mental Health Services, -   , -   , -   ,-,-,0,0
Y56,R1H,BARTS HEALTH NHS TRUST,X04,Other - Paediatric Services,"10,797","5,594",51.80%,17.2,52.5,889,107
Y56,R1H,BARTS HEALTH NHS TRUST,X05,Other - Surgical Services,"13,859","6,750",48.70%,18.7,57.4,"1,521",220
Y56,R1H,BARTS HEALTH NHS TRUST,X06,Other - Other Services,"1,076",738,68.60%,7.6,41.4,41,2
Y56,R1K,LONDON NORTH WEST UNIVERSITY HEALTHCARE NHS TRUST,C_100,General Surgery Service,"10,577","7,163",67.70%,11.8,33.6,225,19
Y56,R1K,LONDON NORTH WEST UNIVERSITY HEALTHCARE NHS TRUST,C_101,Urology Service,"2,865","1,957",68.30%,11.8,36.8,43,0
Y56,R1K,LONDON NORTH WEST UNIVERSITY HEALTHCARE NHS TRUST,C_110,Trauma and Orthopaedic Service,"4,404","2,949",67.00%,12.5,34.4,60,0
Y56,R1K,LONDON NORTH WEST UNIVERSITY HEALTHCARE NHS TRUST,C_120,Ear Nose and Throat Service,"9,997","5,084",50.90%,17.6,42.4,134,2
Y56,R1K,LONDON NORTH WEST UNIVERSITY HEALTHCARE NHS TRUST,C_130,Ophthalmology Service,"1,542","1,086",70.40%,10.1,34,20,0
Y56,R1K,LONDON NORTH WEST UNIVERSITY HEALTHCARE NHS TRUST,C_140,Oral Surgery Service,"9,056","4,829",53.30%,16.1,40,98,4
Y56,R1K,LONDON NORTH WEST UNIVERSITY HEALTHCARE NHS TRUST,C_150,Neurosurgical Service, -   , -   , -   ,-,-,0,0
Y56,R1K,LONDON NORTH WEST UNIVERSITY HEALTHCARE NHS TRUST,C_160,Plastic Surgery Service,16,16,100.00%,-,-,0,0
Y56,R1K,LONDON NORTH WEST UNIVERSITY HEALTHCARE NHS TRUST,C_170,Cardiothoracic Surgery Service, -   , -   , -   ,-,-,0,0
Y56,R1K,LONDON NORTH WEST UNIVERSITY HEALTHCARE NHS TRUST,C_300,General Internal Medicine Service,9,9,100.00%,-,-,0,0
Y56,R1K,LONDON NORTH WEST UNIVERSITY HEALTHCARE NHS TRUST,C_301,Gastroenterology Service,"4,880","3,422",70.10%,11.8,27.3,6,0
Y56,R1K,LONDON NORTH WEST UNIVERSITY HEALTHCARE NHS TRUST,C_320,Cardiology Service,"3,538","2,928",82.80%,8.4,24.2,0,0
Y56,R1K,LONDON NORTH WEST UNIVERSITY HEALTHCARE NHS TRUST,C_330,Dermatology Service,"3,437","3,086",89.80%,7.7,20.7,0,0
Y56,R1K,LONDON NORTH WEST UNIVERSITY HEALTHCARE NHS TRUST,C_340,Respiratory Medicine Service,"1,449","1,219",84.10%,9.5,22.9,0,0
Y56,R1K,LONDON NORTH WEST UNIVERSITY HEALTHCARE NHS TRUST,C_400,Neurology Service,"2,871","1,417",49.40%,18.2,40.4,3,0
Y56,R1K,LONDON NORTH WEST UNIVERSITY HEALTHCARE NHS TRUST,C_410,Rheumatology Service,908,855,94.20%,6.6,16.7,0,0
Y56,R1K,LONDON NORTH WEST UNIVERSITY HEALTHCARE NHS TRUST,C_430,Elderly Medicine Service,43,42,97.70%,4,13.8,0,0
Y56,R1K,LONDON NORTH WEST UNIVERSITY HEALTHCARE NHS TRUST,C_502,Gynaecology Service,"7,906","4,055",51.30%,17.2,50.4,558,42
Y56,R1K,LONDON NORTH WEST UNIVERSITY HEALTHCARE NHS TRUST,X02,Other - Medical Services,"6,622","5,295",80.00%,8.7,27.8,4,0
Y56,R1K,LONDON NORTH WEST UNIVERSITY HEALTHCARE NHS TRUST,X03,Other - Mental Health Services, -   , -   , -   ,-,-,0,0
Y56,R1K,LONDON NORTH WEST UNIVERSITY HEALTHCARE NHS TRUST,X04,Other - Paediatric Services,884,663,75.00%,11.1,25.8,0,0
Y56,R1K,LONDON NORTH WEST UNIVERSITY HEALTHCARE NHS TRUST,X05,Other - Surgical Services, -   , -   , -   ,-,-,0,0
Y56,R1K,LONDON NORTH WEST UNIVERSITY HEALTHCARE NHS TRUST,X06,Other - Other Services,25,16,64.00%,6,28,0,0
Y56,RAL,ROYAL FREE LONDON NHS FOUNDATION TRUST,C_100,General Surgery Service,"2,419","1,067",44.10%,21.2,50.2,156,3
Y56,RAL,ROYAL FREE LONDON NHS FOUNDATION TRUST,C_101,Urology Service,"5,373","2,708",50.40%,17.8,52,428,29
Y56,RAL,ROYAL FREE LONDON NHS FOUNDATION TRUST,C_110,Trauma and Orthopaedic Service,"4,054","1,768",43.60%,22.3,71,959,218
Y56,RAL,ROYAL FREE LONDON NHS FOUNDATION TRUST,C_120,Ear Nose and Throat Service,"5,825","3,600",61.80%,13.5,56.7,649,52
Y56,RAL,ROYAL FREE LONDON NHS FOUNDATION TRUST,C_130,Ophthalmology Service,"4,773","2,956",61.90%,13.9,40.7,147,3
Y56,RAL,ROYAL FREE LONDON NHS FOUNDATION TRUST,C_140,Oral Surgery Service,12,6,50.00%,-,-,1,0
Y56,RAL,ROYAL FREE LONDON NHS FOUNDATION TRUST,C_150,Neurosurgical Service,2, -   , -   ,-,-,1,0
Y56,RAL,ROYAL FREE LONDON NHS FOUNDATION TRUST,C_160,Plastic Surgery Service,"2,039","1,139",55.90%,15.2,66.8,345,42
Y56,RAL,ROYAL FREE LONDON NHS FOUNDATION TRUST,C_170,Cardiothoracic Surgery Service,9,2,22.20%,-,-,0,0
Y56,RAL,ROYAL FREE LONDON NHS FOUNDATION TRUST,C_300,General Internal Medicine Service,158,77,48.70%,20.2,51.7,12,2
Y56,RAL,ROYAL FREE LONDON NHS FOUNDATION TRUST,C_301,Gastroenterology Service,"3,522","2,289",65.00%,12.9,39.6,66,5
Y56,RAL,ROYAL FREE LONDON NHS FOUNDATION TRUST,C_320,Cardiology Service,"5,343","3,590",67.20%,12.1,34.1,32,0
Y56,RAL,ROYAL FREE LONDON NHS FOUNDATION TRUST,C_330,Dermatology Service,"7,531","4,054",53.80%,16.3,52.1,604,18
Y56,RAL,ROYAL FREE LONDON NHS FOUNDATION TRUST,C_340,Respiratory Medicine Service,"3,412","2,101",61.60%,14,39.4,48,5
Y56,RAL,ROYAL FREE LONDON NHS FOUNDATION TRUST,C_400,Neurology Service,"3,147","1,860",59.10%,15.1,35.2,2,0
Y56,RAL,ROYAL FREE LONDON NHS FOUNDATION TRUST,C_410,Rheumatology Service,"1,715","1,380",80.50%,9.3,29.6,14,0
Y56,RAL,ROYAL FREE LONDON NHS FOUNDATION TRUST,C_430,Elderly Medicine Service,99,70,70.70%,11.5,43.5,1,0
Y56,RAL,ROYAL FREE LONDON NHS FOUNDATION TRUST,C_502,Gynaecology Service,"5,466","3,069",56.10%,15.7,46.3,265,33
Y56,RAL,ROYAL FREE LONDON NHS FOUNDATION TRUST,X02,Other - Medical Services,"14,720","9,624",65.40%,12.6,39.8,413,102
Y56,RAL,ROYAL FREE LONDON NHS FOUNDATION TRUST,X03,Other - Mental Health Services,2, -   , -   ,-,-,1,0
Y56,RAL,ROYAL FREE LONDON NHS FOUNDATION TRUST,X04,Other - Paediatric Services,"3,616","2,082",57.60%,15.3,45.1,150,13
Y56,RAL,ROYAL FREE LONDON NHS FOUNDATION TRUST,X05,Other - Surgical Services,"13,357","7,928",59.40%,14.5,45.5,582,35
Y56,RAL,ROYAL FREE LONDON NHS FOUNDATION TRUST,X06,Other - Other Services,"3,062","1,739",56.80%,15.1,46.8,141,13
Y56,RAN,ROYAL NATIONAL ORTHOPAEDIC HOSPITAL NHS TRUST,C_100,General Surgery Service, -   , -   , -   ,-,-,0,0
Y56,RAN,ROYAL NATIONAL ORTHOPAEDIC HOSPITAL NHS TRUST,C_101,Urology Service,74,66,89.20%,8.7,25,1,0
Y56,RAN,ROYAL NATIONAL ORTHOPAEDIC HOSPITAL NHS TRUST,C_110,Trauma and Orthopaedic Service,"5,544","4,183",75.50%,8.7,32.9,81,5
Y56,RAN,ROYAL NATIONAL ORTHOPAEDIC HOSPITAL NHS TRUST,C_120,Ear Nose and Throat Service, -   , -   , -   ,-,-,0,0
Y56,RAN,ROYAL NATIONAL ORTHOPAEDIC HOSPITAL NHS TRUST,C_130,Ophthalmology Service, -   , -   , -   ,-,-,0,0
Y56,RAN,ROYAL NATIONAL ORTHOPAEDIC HOSPITAL NHS TRUST,C_140,Oral Surgery Service, -   , -   , -   ,-,-,0,0
Y56,RAN,ROYAL NATIONAL ORTHOPAEDIC HOSPITAL NHS TRUST,C_150,Neurosurgical Service, -   , -   , -   ,-,-,0,0
Y56,RAN,ROYAL NATIONAL ORTHOPAEDIC HOSPITAL NHS TRUST,C_160,Plastic Surgery Service,1,1,100.00%,-,-,0,0
Y56,RAN,ROYAL NATIONAL ORTHOPAEDIC HOSPITAL NHS TRUST,C_170,Cardiothoracic Surgery Service, -   , -   , -   ,-,-,0,0
Y56,RAN,ROYAL NATIONAL ORTHOPAEDIC HOSPITAL NHS TRUST,C_300,General Internal Medicine Service, -   , -   , -   ,-,-,0,0
Y56,RAN,ROYAL NATIONAL ORTHOPAEDIC HOSPITAL NHS TRUST,C_301,Gastroenterology Service,14,13,92.90%,-,-,0,0
Y56,RAN,ROYAL NATIONAL ORTHOPAEDIC HOSPITAL NHS TRUST,C_320,Cardiology Service, -   , -   , -   ,-,-,0,0
Y56,RAN,ROYAL NATIONAL ORTHOPAEDIC HOSPITAL NHS TRUST,C_330,Dermatology Service, -   , -   , -   ,-,-,0,0
Y56,RAN,ROYAL NATIONAL ORTHOPAEDIC HOSPITAL NHS TRUST,C_340,Respiratory Medicine Service, -   , -   , -   ,-,-,0,0
Y56,RAN,ROYAL NATIONAL ORTHOPAEDIC HOSPITAL NHS TRUST,C_400,Neurology Service, -   , -   , -   ,-,-,0,0
Y56,RAN,ROYAL NATIONAL ORTHOPAEDIC HOSPITAL NHS TRUST,C_410,Rheumatology Service,194,108,55.70%,15.3,36.6,1,0
Y56,RAN,ROYAL NATIONAL ORTHOPAEDIC HOSPITAL NHS TRUST,C_430,Elderly Medicine Service, -   , -   , -   ,-,-,0,0
Y56,RAN,ROYAL NATIONAL ORTHOPAEDIC HOSPITAL NHS TRUST,C_502,Gynaecology Service, -   , -   , -   ,-,-,0,0
Y56,RAN,ROYAL NATIONAL ORTHOPAEDIC HOSPITAL NHS TRUST,X02,Other - Medical Services,848,654,77.10%,10.2,29,7,0
Y56,RAN,ROYAL NATIONAL ORTHOPAEDIC HOSPITAL NHS TRUST,X03,Other - Mental Health Services,3,3,100.00%,-,-,0,0
Y56,RAN,ROYAL NATIONAL ORTHOPAEDIC HOSPITAL NHS TRUST,X04,Other - Paediatric Services,607,429,70.70%,10.8,34.3,6,0
Y56,RAN,ROYAL NATIONAL ORTHOPAEDIC HOSPITAL NHS TRUST,X05,Other - Surgical Services, -   , -   , -   ,-,-,0,0
Y56,RAN,ROYAL NATIONAL ORTHOPAEDIC HOSPITAL NHS TRUST,X06,Other - Other Services,26,21,80.80%,7.9,28.9,0,0
Y56,RAP,NORTH MIDDLESEX UNIVERSITY HOSPITAL NHS TRUST,C_100,General Surgery Service,"2,574","1,546",60.10%,13.6,46.6,119,1
Y56,RAP,NORTH MIDDLESEX UNIVERSITY HOSPITAL NHS TRUST,C_101,Urology Service,"1,633","1,113",68.20%,12.2,29.6,8,0
Y56,RAP,NORTH MIDDLESEX UNIVERSITY HOSPITAL NHS TRUST,C_110,Trauma and Orthopaedic Service,"1,709","1,221",71.40%,10.8,36.3,9,0
Y56,RAP,NORTH MIDDLESEX UNIVERSITY HOSPITAL NHS TRUST,C_120,Ear Nose and Throat Service, -   , -   , -   ,-,-,0,0
Y56,RAP,NORTH MIDDLESEX UNIVERSITY HOSPITAL NHS TRUST,C_130,Ophthalmology Service,701,664,94.70%,4.6,13.8,1,0
Y56,RAP,NORTH MIDDLESEX UNIVERSITY HOSPITAL NHS TRUST,C_140,Oral Surgery Service, -   , -   , -   ,-,-,0,0
Y56,RAP,NORTH MIDDLESEX UNIVERSITY HOSPITAL NHS TRUST,C_150,Neurosurgical Service, -   , -   , -   ,-,-,0,0
Y56,RAP,NORTH MIDDLESEX UNIVERSITY HOSPITAL NHS TRUST,C_160,Plastic Surgery Service, -   , -   , -   ,-,-,0,0
Y56,RAP,NORTH MIDDLESEX UNIVERSITY HOSPITAL NHS TRUST,C_170,Cardiothoracic Surgery Service, -   , -   , -   ,-,-,0,0
Y56,RAP,NORTH MIDDLESEX UNIVERSITY HOSPITAL NHS TRUST,C_300,General Internal Medicine Service,620,552,89.00%,9.4,19,0,0
Y56,RAP,NORTH MIDDLESEX UNIVERSITY HOSPITAL NHS TRUST,C_301,Gastroenterology Service,"1,734","1,212",69.90%,12.7,26.3,0,0
Y56,RAP,NORTH MIDDLESEX UNIVERSITY HOSPITAL NHS TRUST,C_320,Cardiology Service,"1,423","1,156",81.20%,8.6,23.9,0,0
Y56,RAP,NORTH MIDDLESEX UNIVERSITY HOSPITAL NHS TRUST,C_330,Dermatology Service,"1,327","1,083",81.60%,6.7,26.1,5,0
Y56,RAP,NORTH MIDDLESEX UNIVERSITY HOSPITAL NHS TRUST,C_340,Respiratory Medicine Service,868,725,83.50%,9.5,22,3,0
Y56,RAP,NORTH MIDDLESEX UNIVERSITY HOSPITAL NHS TRUST,C_400,Neurology Service,835,631,75.60%,10.9,22.9,0,0
Y56,RAP,NORTH MIDDLESEX UNIVERSITY HOSPITAL NHS TRUST,C_410,Rheumatology Service,553,500,90.40%,9.2,19.4,0,0
Y56,RAP,NORTH MIDDLESEX UNIVERSITY HOSPITAL NHS TRUST,C_430,Elderly Medicine Service,235,220,93.60%,7.6,17.5,0,0
Y56,RAP,NORTH MIDDLESEX UNIVERSITY HOSPITAL NHS TRUST,C_502,Gynaecology Service,"1,883","1,526",81.00%,6.6,28,5,0
Y56,RAP,NORTH MIDDLESEX UNIVERSITY HOSPITAL NHS TRUST,X02,Other - Medical Services,815,712,87.40%,8.7,21.8,0,0
Y56,RAP,NORTH MIDDLESEX UNIVERSITY HOSPITAL NHS TRUST,X03,Other - Mental Health Services, -   , -   , -   ,-,-,0,0
Y56,RAP,NORTH MIDDLESEX UNIVERSITY HOSPITAL NHS TRUST,X04,Other - Paediatric Services,"1,179",802,68.00%,13.6,27.2,3,0
Y56,RAP,NORTH MIDDLESEX UNIVERSITY HOSPITAL NHS TRUST,X05,Other - Surgical Services,701,344,49.10%,19.6,38.9,9,0
Y56,RAP,NORTH MIDDLESEX UNIVERSITY HOSPITAL NHS TRUST,X06,Other - Other Services,54,54,100.00%,4.6,8.9,0,0
Y56,RAS,THE HILLINGDON HOSPITALS NHS FOUNDATION TRUST,C_100,General Surgery Service,"1,426",668,46.80%,20.2,44,58,3
Y56,RAS,THE HILLINGDON HOSPITALS NHS FOUNDATION TRUST,C_101,Urology Service,"1,778",589,33.10%,25.5,46.5,100,3
Y56,RAS,THE HILLINGDON HOSPITALS NHS FOUNDATION TRUST,C_110,Trauma and Orthopaedic Service,"4,477","2,371",53.00%,16.9,41.3,121,3
Y56,RAS,THE HILLINGDON HOSPITALS NHS FOUNDATION TRUST,C_120,Ear Nose and Throat Service,"3,927","1,287",32.80%,29,55,376,2
Y56,RAS,THE HILLINGDON HOSPITALS NHS FOUNDATION TRUST,C_130,Ophthalmology Service,"1,722",908,52.70%,17.1,40.9,28,1
Y56,RAS,THE HILLINGDON HOSPITALS NHS FOUNDATION TRUST,C_140,Oral Surgery Service,"2,085",877,42.10%,22.3,45.9,65,5
Y56,RAS,THE HILLINGDON HOSPITALS NHS FOUNDATION TRUST,C_150,Neurosurgical Service, -   , -   , -   ,-,-,0,0
Y56,RAS,THE HILLINGDON HOSPITALS NHS FOUNDATION TRUST,C_160,Plastic Surgery Service,5,3,60.00%,-,-,0,0
Y56,RAS,THE HILLINGDON HOSPITALS NHS FOUNDATION TRUST,C_170,Cardiothoracic Surgery Service, -   , -   , -   ,-,-,0,0
Y56,RAS,THE HILLINGDON HOSPITALS NHS FOUNDATION TRUST,C_300,General Internal Medicine Service,146,111,76.00%,12.2,29.3,0,0
Y56,RAS,THE HILLINGDON HOSPITALS NHS FOUNDATION TRUST,C_301,Gastroenterology Service,"1,239",827,66.70%,10.2,38.9,14,1
Y56,RAS,THE HILLINGDON HOSPITALS NHS FOUNDATION TRUST,C_320,Cardiology Service,"1,154",820,71.10%,12,33.3,4,0
Y56,RAS,THE HILLINGDON HOSPITALS NHS FOUNDATION TRUST,C_330,Dermatology Service,711,661,93.00%,5,17.2,1,0
Y56,RAS,THE HILLINGDON HOSPITALS NHS FOUNDATION TRUST,C_340,Respiratory Medicine Service,836,531,63.50%,13.6,39.5,10,0
Y56,RAS,THE HILLINGDON HOSPITALS NHS FOUNDATION TRUST,C_400,Neurology Service,"1,125",318,28.30%,31.9,62.2,116,5
Y56,RAS,THE HILLINGDON HOSPITALS NHS FOUNDATION TRUST,C_410,Rheumatology Service,"1,762",507,28.80%,28.1,66.8,328,56
Y56,RAS,THE HILLINGDON HOSPITALS NHS FOUNDATION TRUST,C_430,Elderly Medicine Service,116,88,75.90%,10.4,26.4,0,0
Y56,RAS,THE HILLINGDON HOSPITALS NHS FOUNDATION TRUST,C_502,Gynaecology Service,"1,438","1,085",75.50%,10.6,29.8,12,0
Y56,RAS,THE HILLINGDON HOSPITALS NHS FOUNDATION TRUST,X02,Other - Medical Services,"5,654","2,908",51.40%,17.2,59.7,661,93
Y56,RAS,THE HILLINGDON HOSPITALS NHS FOUNDATION TRUST,X03,Other - Mental Health Services, -   , -   , -   ,-,-,0,0
Y56,RAS,THE HILLINGDON HOSPITALS NHS FOUNDATION TRUST,X04,Other - Paediatric Services,679,423,62.30%,13.8,44.6,24,2
Y56,RAS,THE HILLINGDON HOSPITALS NHS FOUNDATION TRUST,X05,Other - Surgical Services,"1,651",970,58.80%,14.4,45.5,74,1
Y56,RAS,THE HILLINGDON HOSPITALS NHS FOUNDATION TRUST,X06,Other - Other Services,300,186,62.00%,14.8,31,3,0
Y56,RAT,NORTH EAST LONDON NHS FOUNDATION TRUST,C_100,General Surgery Service, -   , -   , -   ,-,-,0,0
Y56,RAT,NORTH EAST LONDON NHS FOUNDATION TRUST,C_101,Urology Service, -   , -   , -   ,-,-,0,0
Y56,RAT,NORTH EAST LONDON NHS FOUNDATION TRUST,C_110,Trauma and Orthopaedic Service, -   , -   , -   ,-,-,0,0
Y56,RAT,NORTH EAST LONDON NHS FOUNDATION TRUST,C_120,Ear Nose and Throat Service, -   , -   , -   ,-,-,0,0
Y56,RAT,NORTH EAST LONDON NHS FOUNDATION TRUST,C_130,Ophthalmology Service, -   , -   , -   ,-,-,0,0
Y56,RAT,NORTH EAST LONDON NHS FOUNDATION TRUST,C_140,Oral Surgery Service, -   , -   , -   ,-,-,0,0
Y56,RAT,NORTH EAST LONDON NHS FOUNDATION TRUST,C_150,Neurosurgical Service, -   , -   , -   ,-,-,0,0
Y56,RAT,NORTH EAST LONDON NHS FOUNDATION TRUST,C_160,Plastic Surgery Service, -   , -   , -   ,-,-,0,0
Y56,RAT,NORTH EAST LONDON NHS FOUNDATION TRUST,C_170,Cardiothoracic Surgery Service, -   , -   , -   ,-,-,0,0
Y56,RAT,NORTH EAST LONDON NHS FOUNDATION TRUST,C_300,General Internal Medicine Service, -   , -   , -   ,-,-,0,0
Y56,RAT,NORTH EAST LONDON NHS FOUNDATION TRUST,C_301,Gastroenterology Service, -   , -   , -   ,-,-,0,0
Y56,RAT,NORTH EAST LONDON NHS FOUNDATION TRUST,C_320,Cardiology Service, -   , -   , -   ,-,-,0,0
Y56,RAT,NORTH EAST LONDON NHS FOUNDATION TRUST,C_330,Dermatology Service, -   , -   , -   ,-,-,0,0
Y56,RAT,NORTH EAST LONDON NHS FOUNDATION TRUST,C_340,Respiratory Medicine Service, -   , -   , -   ,-,-,0,0
Y56,RAT,NORTH EAST LONDON NHS FOUNDATION TRUST,C_400,Neurology Service, -   , -   , -   ,-,-,0,0
Y56,RAT,NORTH EAST LONDON NHS FOUNDATION TRUST,C_410,Rheumatology Service, -   , -   , -   ,-,-,0,0
Y56,RAT,NORTH EAST LONDON NHS FOUNDATION TRUST,C_430,Elderly Medicine Service,103,103,100.00%,3,9,0,0
Y56,RAT,NORTH EAST LONDON NHS FOUNDATION TRUST,C_502,Gynaecology Service, -   , -   , -   ,-,-,0,0
Y56,RAT,NORTH EAST LONDON NHS FOUNDATION TRUST,X02,Other - Medical Services, -   , -   , -   ,-,-,0,0
Y56,RAT,NORTH EAST LONDON NHS FOUNDATION TRUST,X03,Other - Mental Health Services, -   , -   , -   ,-,-,0,0
Y56,RAT,NORTH EAST LONDON NHS FOUNDATION TRUST,X04,Other - Paediatric Services,"2,611","1,785",68.40%,13,39.8,52,5
Y56,RAT,NORTH EAST LONDON NHS FOUNDATION TRUST,X05,Other - Surgical Services, -   , -   , -   ,-,-,0,0
Y56,RAT,NORTH EAST LONDON NHS FOUNDATION TRUST,X06,Other - Other Services, -   , -   , -   ,-,-,0,0
Y56,RAX,KINGSTON HOSPITAL NHS FOUNDATION TRUST,C_100,General Surgery Service,674,423,62.80%,14.7,33.6,4,1
Y56,RAX,KINGSTON HOSPITAL NHS FOUNDATION TRUST,C_101,Urology Service,"1,250","1,121",89.70%,7.7,20.3,2,1
Y56,RAX,KINGSTON HOSPITAL NHS FOUNDATION TRUST,C_110,Trauma and Orthopaedic Service,"1,802","1,100",61.00%,14.8,34.1,5,0
Y56,RAX,KINGSTON HOSPITAL NHS FOUNDATION TRUST,C_120,Ear Nose and Throat Service,"2,988","2,624",87.80%,9.9,21.8,9,0
Y56,RAX,KINGSTON HOSPITAL NHS FOUNDATION TRUST,C_130,Ophthalmology Service,"3,827","3,180",83.10%,8.6,23.9,0,0
Y56,RAX,KINGSTON HOSPITAL NHS FOUNDATION TRUST,C_140,Oral Surgery Service,"1,385","1,054",76.10%,10.9,27.6,0,0
Y56,RAX,KINGSTON HOSPITAL NHS FOUNDATION TRUST,C_150,Neurosurgical Service, -   , -   , -   ,-,-,0,0
Y56,RAX,KINGSTON HOSPITAL NHS FOUNDATION TRUST,C_160,Plastic Surgery Service,376,320,85.10%,7.5,28.6,1,0
Y56,RAX,KINGSTON HOSPITAL NHS FOUNDATION TRUST,C_170,Cardiothoracic Surgery Service, -   , -   , -   ,-,-,0,0
Y56,RAX,KINGSTON HOSPITAL NHS FOUNDATION TRUST,C_300,General Internal Medicine Service,400,217,54.30%,16.5,31.4,0,0
Y56,RAX,KINGSTON HOSPITAL NHS FOUNDATION TRUST,C_301,Gastroenterology Service,"2,387","1,558",65.30%,13.2,33.8,2,0
Y56,RAX,KINGSTON HOSPITAL NHS FOUNDATION TRUST,C_320,Cardiology Service,959,480,50.10%,18,32.7,0,0
Y56,RAX,KINGSTON HOSPITAL NHS FOUNDATION TRUST,C_330,Dermatology Service,"2,552","1,780",69.70%,11.6,28.7,1,0
Y56,RAX,KINGSTON HOSPITAL NHS FOUNDATION TRUST,C_340,Respiratory Medicine Service,492,404,82.10%,9.8,24.4,0,0
Y56,RAX,KINGSTON HOSPITAL NHS FOUNDATION TRUST,C_400,Neurology Service,649,594,91.50%,6.7,18.4,0,0
Y56,RAX,KINGSTON HOSPITAL NHS FOUNDATION TRUST,C_410,Rheumatology Service,707,693,98.00%,7.2,15.3,0,0
Y56,RAX,KINGSTON HOSPITAL NHS FOUNDATION TRUST,C_430,Elderly Medicine Service,41,32,78.00%,9.6,24.7,0,0
Y56,RAX,KINGSTON HOSPITAL NHS FOUNDATION TRUST,C_502,Gynaecology Service,"3,607","2,806",77.80%,10.7,25.9,1,0
Y56,RAX,KINGSTON HOSPITAL NHS FOUNDATION TRUST,X02,Other - Medical Services,651,642,98.60%,4.7,14.4,0,0
Y56,RAX,KINGSTON HOSPITAL NHS FOUNDATION TRUST,X03,Other - Mental Health Services, -   , -   , -   ,-,-,0,0
Y56,RAX,KINGSTON HOSPITAL NHS FOUNDATION TRUST,X04,Other - Paediatric Services,"1,670","1,266",75.80%,12,31.4,0,0
Y56,RAX,KINGSTON HOSPITAL NHS FOUNDATION TRUST,X05,Other - Surgical Services,"4,081","3,318",81.30%,9.8,26.5,8,0
Y56,RAX,KINGSTON HOSPITAL NHS FOUNDATION TRUST,X06,Other - Other Services,65,31,47.70%,18.7,41.8,0,0
Y56,RF4,"BARKING, HAVERING AND REDBRIDGE UNIVERSITY HOSPITALS NHS TRUST",C_100,General Surgery Service,"5,246","2,858",54.50%,15.6,47.4,281,8
Y56,RF4,"BARKING, HAVERING AND REDBRIDGE UNIVERSITY HOSPITALS NHS TRUST",C_101,Urology Service,"4,498","2,804",62.30%,13.7,35.9,63,1
Y56,RF4,"BARKING, HAVERING AND REDBRIDGE UNIVERSITY HOSPITALS NHS TRUST",C_110,Trauma and Orthopaedic Service,"4,711","2,828",60.00%,14.4,40.5,134,5
Y56,RF4,"BARKING, HAVERING AND REDBRIDGE UNIVERSITY HOSPITALS NHS TRUST",C_120,Ear Nose and Throat Service,"3,653","2,104",57.60%,14.1,41.7,54,0
Y56,RF4,"BARKING, HAVERING AND REDBRIDGE UNIVERSITY HOSPITALS NHS TRUST",C_130,Ophthalmology Service,"4,651","3,208",69.00%,11.6,30.6,10,0
Y56,RF4,"BARKING, HAVERING AND REDBRIDGE UNIVERSITY HOSPITALS NHS TRUST",C_140,Oral Surgery Service,"1,555","1,112",71.50%,9.6,33.3,11,0
Y56,RF4,"BARKING, HAVERING AND REDBRIDGE UNIVERSITY HOSPITALS NHS TRUST",C_150,Neurosurgical Service,"3,839","1,864",48.60%,18.5,45.8,198,19
Y56,RF4,"BARKING, HAVERING AND REDBRIDGE UNIVERSITY HOSPITALS NHS TRUST",C_160,Plastic Surgery Service, -   , -   , -   ,-,-,0,0
Y56,RF4,"BARKING, HAVERING AND REDBRIDGE UNIVERSITY HOSPITALS NHS TRUST",C_170,Cardiothoracic Surgery Service, -   , -   , -   ,-,-,0,0
Y56,RF4,"BARKING, HAVERING AND REDBRIDGE UNIVERSITY HOSPITALS NHS TRUST",C_300,General Internal Medicine Service,34,14,41.20%,31.5,68.3,9,0
Y56,RF4,"BARKING, HAVERING AND REDBRIDGE UNIVERSITY HOSPITALS NHS TRUST",C_301,Gastroenterology Service,975,918,94.20%,5.7,16.5,0,0
Y56,RF4,"BARKING, HAVERING AND REDBRIDGE UNIVERSITY HOSPITALS NHS TRUST",C_320,Cardiology Service,"2,992","2,329",77.80%,10.1,24.3,2,0
Y56,RF4,"BARKING, HAVERING AND REDBRIDGE UNIVERSITY HOSPITALS NHS TRUST",C_330,Dermatology Service,"3,262","2,047",62.80%,13.1,36.2,18,0
Y56,RF4,"BARKING, HAVERING AND REDBRIDGE UNIVERSITY HOSPITALS NHS TRUST",C_340,Respiratory Medicine Service,"1,591","1,277",80.30%,8.4,31.5,9,0
Y56,RF4,"BARKING, HAVERING AND REDBRIDGE UNIVERSITY HOSPITALS NHS TRUST",C_400,Neurology Service,"3,860","1,958",50.70%,17.7,42.2,9,0
Y56,RF4,"BARKING, HAVERING AND REDBRIDGE UNIVERSITY HOSPITALS NHS TRUST",C_410,Rheumatology Service,"3,944","1,844",46.80%,19.6,42.1,106,1
Y56,RF4,"BARKING, HAVERING AND REDBRIDGE UNIVERSITY HOSPITALS NHS TRUST",C_430,Elderly Medicine Service,184,168,91.30%,6,19.3,5,0
Y56,RF4,"BARKING, HAVERING AND REDBRIDGE UNIVERSITY HOSPITALS NHS TRUST",C_502,Gynaecology Service,"7,159","3,058",42.70%,22.7,52.2,588,18
Y56,RF4,"BARKING, HAVERING AND REDBRIDGE UNIVERSITY HOSPITALS NHS TRUST",X02,Other - Medical Services,"6,169","4,908",79.60%,8.7,28.2,52,2
Y56,RF4,"BARKING, HAVERING AND REDBRIDGE UNIVERSITY HOSPITALS NHS TRUST",X03,Other - Mental Health Services, -   , -   , -   ,-,-,0,0
Y56,RF4,"BARKING, HAVERING AND REDBRIDGE UNIVERSITY HOSPITALS NHS TRUST",X04,Other - Paediatric Services,"1,012",664,65.60%,12.7,34.1,1,0
Y56,RF4,"BARKING, HAVERING AND REDBRIDGE UNIVERSITY HOSPITALS NHS TRUST",X05,Other - Surgical Services,"3,462","2,126",61.40%,12.3,53.2,292,10
Y56,RF4,"BARKING, HAVERING AND REDBRIDGE UNIVERSITY HOSPITALS NHS TRUST",X06,Other - Other Services,635,408,64.30%,9.6,50,37,2
Y56,RJ1,GUY'S AND ST THOMAS' NHS FOUNDATION TRUST,C_100,General Surgery Service,708,367,51.80%,17.5,45.1,31,2
Y56,RJ1,GUY'S AND ST THOMAS' NHS FOUNDATION TRUST,C_101,Urology Service,"4,209","2,460",58.40%,15,44.9,142,7
Y56,RJ1,GUY'S AND ST THOMAS' NHS FOUNDATION TRUST,C_110,Trauma and Orthopaedic Service,"5,502","2,945",53.50%,16.4,49.9,386,22
Y56,RJ1,GUY'S AND ST THOMAS' NHS FOUNDATION TRUST,C_120,Ear Nose and Throat Service,"7,053","4,186",59.40%,13.9,43.4,244,2
Y56,RJ1,GUY'S AND ST THOMAS' NHS FOUNDATION TRUST,C_130,Ophthalmology Service,"4,939","2,693",54.50%,15.6,42.5,63,0
Y56,RJ1,GUY'S AND ST THOMAS' NHS FOUNDATION TRUST,C_140,Oral Surgery Service,"5,738","3,646",63.50%,13.4,36.4,58,2
Y56,RJ1,GUY'S AND ST THOMAS' NHS FOUNDATION TRUST,C_150,Neurosurgical Service, -   , -   , -   ,-,-,0,0
Y56,RJ1,GUY'S AND ST THOMAS' NHS FOUNDATION TRUST,C_160,Plastic Surgery Service,"2,425","1,228",50.60%,17.6,50.4,173,18
Y56,RJ1,GUY'S AND ST THOMAS' NHS FOUNDATION TRUST,C_170,Cardiothoracic Surgery Service,852,573,67.30%,13.5,36.5,10,1
Y56,RJ1,GUY'S AND ST THOMAS' NHS FOUNDATION TRUST,C_300,General Internal Medicine Service,424,319,75.20%,11.3,24.3,2,0
Y56,RJ1,GUY'S AND ST THOMAS' NHS FOUNDATION TRUST,C_301,Gastroenterology Service,"1,143",928,81.20%,10.1,22.8,0,0
Y56,RJ1,GUY'S AND ST THOMAS' NHS FOUNDATION TRUST,C_320,Cardiology Service,"7,582","4,399",58.00%,15.4,36.8,87,1
Y56,RJ1,GUY'S AND ST THOMAS' NHS FOUNDATION TRUST,C_330,Dermatology Service,"4,977","3,675",73.80%,11,27.7,3,0
Y56,RJ1,GUY'S AND ST THOMAS' NHS FOUNDATION TRUST,C_340,Respiratory Medicine Service,"2,127","1,600",75.20%,11.2,24.2,1,0
Y56,RJ1,GUY'S AND ST THOMAS' NHS FOUNDATION TRUST,C_400,Neurology Service,"2,100","1,469",70.00%,11.3,31.7,9,0
Y56,RJ1,GUY'S AND ST THOMAS' NHS FOUNDATION TRUST,C_410,Rheumatology Service,766,549,71.70%,10.9,36.7,18,0
Y56,RJ1,GUY'S AND ST THOMAS' NHS FOUNDATION TRUST,C_430,Elderly Medicine Service,"1,135",860,75.80%,10.1,26.8,0,0
Y56,RJ1,GUY'S AND ST THOMAS' NHS FOUNDATION TRUST,C_502,Gynaecology Service,"5,395","2,723",50.50%,17.8,40.4,78,3
Y56,RJ1,GUY'S AND ST THOMAS' NHS FOUNDATION TRUST,X02,Other - Medical Services,"16,351","11,821",72.30%,9.8,32.3,69,1
Y56,RJ1,GUY'S AND ST THOMAS' NHS FOUNDATION TRUST,X03,Other - Mental Health Services, -   , -   , -   ,-,-,0,0
Y56,RJ1,GUY'S AND ST THOMAS' NHS FOUNDATION TRUST,X04,Other - Paediatric Services,"10,531","7,101",67.40%,12.2,36.6,256,3
Y56,RJ1,GUY'S AND ST THOMAS' NHS FOUNDATION TRUST,X05,Other - Surgical Services,"10,706","6,508",60.80%,14.2,40.1,296,21
Y56,RJ1,GUY'S AND ST THOMAS' NHS FOUNDATION TRUST,X06,Other - Other Services,"4,592","3,890",84.70%,7.4,22.5,25,0
Y56,RJ2,LEWISHAM AND GREENWICH NHS TRUST,C_100,General Surgery Service,"9,680","5,356",55.30%,15.4,51.2,728,53
Y56,RJ2,LEWISHAM AND GREENWICH NHS TRUST,C_101,Urology Service,"1,750","1,155",66.00%,12,33.5,11,0
Y56,RJ2,LEWISHAM AND GREENWICH NHS TRUST,C_110,Trauma and Orthopaedic Service,"6,870","3,580",52.10%,16.9,51.1,507,29
Y56,RJ2,LEWISHAM AND GREENWICH NHS TRUST,C_120,Ear Nose and Throat Service,"11,840","5,731",48.40%,18.7,49.5,789,59
Y56,RJ2,LEWISHAM AND GREENWICH NHS TRUST,C_130,Ophthalmology Service, -   , -   , -   ,-,-,0,0
Y56,RJ2,LEWISHAM AND GREENWICH NHS TRUST,C_140,Oral Surgery Service, -   , -   , -   ,-,-,0,0
Y56,RJ2,LEWISHAM AND GREENWICH NHS TRUST,C_150,Neurosurgical Service, -   , -   , -   ,-,-,0,0
Y56,RJ2,LEWISHAM AND GREENWICH NHS TRUST,C_160,Plastic Surgery Service,12,9,75.00%,-,-,1,0
Y56,RJ2,LEWISHAM AND GREENWICH NHS TRUST,C_170,Cardiothoracic Surgery Service, -   , -   , -   ,-,-,0,0
Y56,RJ2,LEWISHAM AND GREENWICH NHS TRUST,C_300,General Internal Medicine Service,577,292,50.60%,17.7,37,12,1
Y56,RJ2,LEWISHAM AND GREENWICH NHS TRUST,C_301,Gastroenterology Service,"4,059","2,372",58.40%,14.5,42.2,149,4
Y56,RJ2,LEWISHAM AND GREENWICH NHS TRUST,C_320,Cardiology Service,"3,439","1,953",56.80%,15.4,40.1,105,8
Y56,RJ2,LEWISHAM AND GREENWICH NHS TRUST,C_330,Dermatology Service,"3,606","2,541",70.50%,10,42.3,79,0
Y56,RJ2,LEWISHAM AND GREENWICH NHS TRUST,C_340,Respiratory Medicine Service,"1,600","1,249",78.10%,8.4,27.8,1,0
Y56,RJ2,LEWISHAM AND GREENWICH NHS TRUST,C_400,Neurology Service,"3,242","1,679",51.80%,17.3,39.6,52,0
Y56,RJ2,LEWISHAM AND GREENWICH NHS TRUST,C_410,Rheumatology Service,"1,329","1,037",78.00%,9.8,26.2,8,0
Y56,RJ2,LEWISHAM AND GREENWICH NHS TRUST,C_430,Elderly Medicine Service,254,254,100.00%,7.6,13.6,0,0
Y56,RJ2,LEWISHAM AND GREENWICH NHS TRUST,C_502,Gynaecology Service,"5,832","3,725",63.90%,12.6,50.3,411,29
Y56,RJ2,LEWISHAM AND GREENWICH NHS TRUST,X02,Other - Medical Services,"2,240","1,889",84.30%,8.2,27.9,23,2
Y56,RJ2,LEWISHAM AND GREENWICH NHS TRUST,X03,Other - Mental Health Services, -   , -   , -   ,-,-,0,0
Y56,RJ2,LEWISHAM AND GREENWICH NHS TRUST,X04,Other - Paediatric Services,"4,085","2,661",65.10%,13.3,34.3,13,0
Y56,RJ2,LEWISHAM AND GREENWICH NHS TRUST,X05,Other - Surgical Services,"1,784","1,068",59.90%,14.8,42.3,70,4
Y56,RJ2,LEWISHAM AND GREENWICH NHS TRUST,X06,Other - Other Services,6,6,100.00%,-,-,0,0
Y56,RJ6,CROYDON HEALTH SERVICES NHS TRUST,C_100,General Surgery Service,"1,173","1,050",89.50%,8,20.4,0,0
Y56,RJ6,CROYDON HEALTH SERVICES NHS TRUST,C_101,Urology Service,"1,326","1,207",91.00%,7,19.7,0,0
Y56,RJ6,CROYDON HEALTH SERVICES NHS TRUST,C_110,Trauma and Orthopaedic Service,"2,461","1,974",80.20%,9.3,27.5,4,0
Y56,RJ6,CROYDON HEALTH SERVICES NHS TRUST,C_120,Ear Nose and Throat Service,"2,629","1,929",73.40%,10.5,30.1,1,0
Y56,RJ6,CROYDON HEALTH SERVICES NHS TRUST,C_130,Ophthalmology Service, -   , -   , -   ,-,-,0,0
Y56,RJ6,CROYDON HEALTH SERVICES NHS TRUST,C_140,Oral Surgery Service,"1,781","1,212",68.10%,11.4,30.8,2,0
Y56,RJ6,CROYDON HEALTH SERVICES NHS TRUST,C_150,Neurosurgical Service, -   , -   , -   ,-,-,0,0
Y56,RJ6,CROYDON HEALTH SERVICES NHS TRUST,C_160,Plastic Surgery Service,44,39,88.60%,6.8,26.5,0,0
Y56,RJ6,CROYDON HEALTH SERVICES NHS TRUST,C_170,Cardiothoracic Surgery Service, -   , -   , -   ,-,-,0,0
Y56,RJ6,CROYDON HEALTH SERVICES NHS TRUST,C_300,General Internal Medicine Service,84,82,97.60%,6.1,16.3,0,0
Y56,RJ6,CROYDON HEALTH SERVICES NHS TRUST,C_301,Gastroenterology Service,"1,986","1,452",73.10%,10.6,31.3,6,0
Y56,RJ6,CROYDON HEALTH SERVICES NHS TRUST,C_320,Cardiology Service,"1,018",969,95.20%,7.3,16.3,0,0
Y56,RJ6,CROYDON HEALTH SERVICES NHS TRUST,C_330,Dermatology Service,"2,610","1,948",74.60%,9.9,29,2,0
Y56,RJ6,CROYDON HEALTH SERVICES NHS TRUST,C_340,Respiratory Medicine Service,793,715,90.20%,7.7,19.1,0,0
Y56,RJ6,CROYDON HEALTH SERVICES NHS TRUST,C_400,Neurology Service,705,695,98.60%,6.4,14.7,0,0
Y56,RJ6,CROYDON HEALTH SERVICES NHS TRUST,C_410,Rheumatology Service,649,634,97.70%,6.5,14.8,0,0
Y56,RJ6,CROYDON HEALTH SERVICES NHS TRUST,C_430,Elderly Medicine Service,103,103,100.00%,4.9,12.8,0,0
Y56,RJ6,CROYDON HEALTH SERVICES NHS TRUST,C_502,Gynaecology Service,"3,586","2,376",66.30%,13,37.9,23,1
Y56,RJ6,CROYDON HEALTH SERVICES NHS TRUST,X02,Other - Medical Services,"2,810","2,429",86.40%,8,21.8,2,1
Y56,RJ6,CROYDON HEALTH SERVICES NHS TRUST,X03,Other - Mental Health Services, -   , -   , -   ,-,-,0,0
Y56,RJ6,CROYDON HEALTH SERVICES NHS TRUST,X04,Other - Paediatric Services,620,542,87.40%,9,20.8,0,0
Y56,RJ6,CROYDON HEALTH SERVICES NHS TRUST,X05,Other - Surgical Services,"3,611","3,303",91.50%,6.8,18.4,4,0
Y56,RJ6,CROYDON HEALTH SERVICES NHS TRUST,X06,Other - Other Services, -   , -   , -   ,-,-,0,0
Y56,RJ7,ST GEORGE'S UNIVERSITY HOSPITALS NHS FOUNDATION TRUST,C_100,General Surgery Service,"1,550",798,51.50%,17.4,49.7,117,7
Y56,RJ7,ST GEORGE'S UNIVERSITY HOSPITALS NHS FOUNDATION TRUST,C_101,Urology Service,"2,586","2,027",78.40%,8.9,26.5,18,3
Y56,RJ7,ST GEORGE'S UNIVERSITY HOSPITALS NHS FOUNDATION TRUST,C_110,Trauma and Orthopaedic Service,"2,743","2,098",76.50%,10.1,27.8,3,0
Y56,RJ7,ST GEORGE'S UNIVERSITY HOSPITALS NHS FOUNDATION TRUST,C_120,Ear Nose and Throat Service,"5,420","3,251",60.00%,14.4,38.6,116,4
Y56,RJ7,ST GEORGE'S UNIVERSITY HOSPITALS NHS FOUNDATION TRUST,C_130,Ophthalmology Service,114,71,62.30%,12.3,36.9,0,0
Y56,RJ7,ST GEORGE'S UNIVERSITY HOSPITALS NHS FOUNDATION TRUST,C_140,Oral Surgery Service,873,664,76.10%,7.8,31.3,4,0
Y56,RJ7,ST GEORGE'S UNIVERSITY HOSPITALS NHS FOUNDATION TRUST,C_150,Neurosurgical Service,"3,094","1,676",54.20%,16.1,41.6,66,1
Y56,RJ7,ST GEORGE'S UNIVERSITY HOSPITALS NHS FOUNDATION TRUST,C_160,Plastic Surgery Service,"1,733","1,211",69.90%,10.3,46.1,99,5
Y56,RJ7,ST GEORGE'S UNIVERSITY HOSPITALS NHS FOUNDATION TRUST,C_170,Cardiothoracic Surgery Service,210,200,95.20%,5.5,15.4,0,0
Y56,RJ7,ST GEORGE'S UNIVERSITY HOSPITALS NHS FOUNDATION TRUST,C_300,General Internal Medicine Service,24,14,58.30%,14.8,26.1,0,0
Y56,RJ7,ST GEORGE'S UNIVERSITY HOSPITALS NHS FOUNDATION TRUST,C_301,Gastroenterology Service,"3,321","2,451",73.80%,10.4,30,18,2
Y56,RJ7,ST GEORGE'S UNIVERSITY HOSPITALS NHS FOUNDATION TRUST,C_320,Cardiology Service,"5,394","3,521",65.30%,13.1,40,160,9
Y56,RJ7,ST GEORGE'S UNIVERSITY HOSPITALS NHS FOUNDATION TRUST,C_330,Dermatology Service,"3,369","2,908",86.30%,6.7,23.6,4,0
Y56,RJ7,ST GEORGE'S UNIVERSITY HOSPITALS NHS FOUNDATION TRUST,C_340,Respiratory Medicine Service,"1,874","1,586",84.60%,8.4,22,1,0
Y56,RJ7,ST GEORGE'S UNIVERSITY HOSPITALS NHS FOUNDATION TRUST,C_400,Neurology Service,"3,403","2,223",65.30%,12.8,36.5,20,0
Y56,RJ7,ST GEORGE'S UNIVERSITY HOSPITALS NHS FOUNDATION TRUST,C_410,Rheumatology Service,"1,125",919,81.70%,9.6,22.7,4,0
Y56,RJ7,ST GEORGE'S UNIVERSITY HOSPITALS NHS FOUNDATION TRUST,C_430,Elderly Medicine Service,63,51,81.00%,8,23.5,0,0
Y56,RJ7,ST GEORGE'S UNIVERSITY HOSPITALS NHS FOUNDATION TRUST,C_502,Gynaecology Service,"2,478","1,979",79.90%,8.7,24.6,0,0
Y56,RJ7,ST GEORGE'S UNIVERSITY HOSPITALS NHS FOUNDATION TRUST,X02,Other - Medical Services,"8,654","6,546",75.60%,9.6,28.5,9,0
Y56,RJ7,ST GEORGE'S UNIVERSITY HOSPITALS NHS FOUNDATION TRUST,X03,Other - Mental Health Services, -   , -   , -   ,-,-,0,0
Y56,RJ7,ST GEORGE'S UNIVERSITY HOSPITALS NHS FOUNDATION TRUST,X04,Other - Paediatric Services,"3,222","2,286",70.90%,10.6,32.5,9,0
Y56,RJ7,ST GEORGE'S UNIVERSITY HOSPITALS NHS FOUNDATION TRUST,X05,Other - Surgical Services,"3,481","2,623",75.40%,7.6,39.5,113,4
Y56,RJ7,ST GEORGE'S UNIVERSITY HOSPITALS NHS FOUNDATION TRUST,X06,Other - Other Services,862,578,67.10%,11.7,37,7,0
Y56,RJZ,KING'S COLLEGE HOSPITAL NHS FOUNDATION TRUST,C_100,General Surgery Service,"3,689","2,410",65.30%,12.4,43,98,2
Y56,RJZ,KING'S COLLEGE HOSPITAL NHS FOUNDATION TRUST,C_101,Urology Service,"3,321","2,547",76.70%,9.8,30.5,21,1
Y56,RJZ,KING'S COLLEGE HOSPITAL NHS FOUNDATION TRUST,C_110,Trauma and Orthopaedic Service,"5,788","4,302",74.30%,10.1,32.1,96,13
Y56,RJZ,KING'S COLLEGE HOSPITAL NHS FOUNDATION TRUST,C_120,Ear Nose and Throat Service,"3,490","2,240",64.20%,13.4,32.9,29,0
Y56,RJZ,KING'S COLLEGE HOSPITAL NHS FOUNDATION TRUST,C_130,Ophthalmology Service,"11,034","7,635",69.20%,11.4,32.3,43,1
Y56,RJZ,KING'S COLLEGE HOSPITAL NHS FOUNDATION TRUST,C_140,Oral Surgery Service,"7,504","4,631",61.70%,14.5,34.5,40,0
Y56,RJZ,KING'S COLLEGE HOSPITAL NHS FOUNDATION TRUST,C_150,Neurosurgical Service,"2,121","1,525",71.90%,11,36.7,26,2
Y56,RJZ,KING'S COLLEGE HOSPITAL NHS FOUNDATION TRUST,C_160,Plastic Surgery Service,7,5,71.40%,-,-,1,0
Y56,RJZ,KING'S COLLEGE HOSPITAL NHS FOUNDATION TRUST,C_170,Cardiothoracic Surgery Service,227,178,78.40%,7,27,0,0
Y56,RJZ,KING'S COLLEGE HOSPITAL NHS FOUNDATION TRUST,C_300,General Internal Medicine Service,752,693,92.20%,6.6,17.9,0,0
Y56,RJZ,KING'S COLLEGE HOSPITAL NHS FOUNDATION TRUST,C_301,Gastroenterology Service,"1,896","1,491",78.60%,9.1,28.8,18,0
Y56,RJZ,KING'S COLLEGE HOSPITAL NHS FOUNDATION TRUST,C_320,Cardiology Service,"3,013","2,217",73.60%,11,35.2,69,5
Y56,RJZ,KING'S COLLEGE HOSPITAL NHS FOUNDATION TRUST,C_330,Dermatology Service,"3,191","2,649",83.00%,8.8,25.8,2,0
Y56,RJZ,KING'S COLLEGE HOSPITAL NHS FOUNDATION TRUST,C_340,Respiratory Medicine Service,"3,771","2,937",77.90%,10.7,30.6,30,0
Y56,RJZ,KING'S COLLEGE HOSPITAL NHS FOUNDATION TRUST,C_400,Neurology Service,"2,312","1,909",82.60%,9.4,28.7,2,0
Y56,RJZ,KING'S COLLEGE HOSPITAL NHS FOUNDATION TRUST,C_410,Rheumatology Service,"1,289","1,128",87.50%,7.3,22.8,0,0
Y56,RJZ,KING'S COLLEGE HOSPITAL NHS FOUNDATION TRUST,C_430,Elderly Medicine Service,436,414,95.00%,6.6,17.1,0,0
Y56,RJZ,KING'S COLLEGE HOSPITAL NHS FOUNDATION TRUST,C_502,Gynaecology Service,"5,605","4,114",73.40%,11.4,30.4,20,1
Y56,RJZ,KING'S COLLEGE HOSPITAL NHS FOUNDATION TRUST,X02,Other - Medical Services,"7,943","6,409",80.70%,8.5,28.8,129,7
Y56,RJZ,KING'S COLLEGE HOSPITAL NHS FOUNDATION TRUST,X03,Other - Mental Health Services, -   , -   , -   ,-,-,0,0
Y56,RJZ,KING'S COLLEGE HOSPITAL NHS FOUNDATION TRUST,X04,Other - Paediatric Services,"3,939","3,037",77.10%,9.8,27.9,2,0
Y56,RJZ,KING'S COLLEGE HOSPITAL NHS FOUNDATION TRUST,X05,Other - Surgical Services,"8,884","6,482",73.00%,10.2,33.6,155,17
Y56,RJZ,KING'S COLLEGE HOSPITAL NHS FOUNDATION TRUST,X06,Other - Other Services,216,149,69.00%,11.6,27.5,0,0
Y56,RKE,WHITTINGTON HEALTH NHS TRUST,C_100,General Surgery Service,"3,199","1,506",47.10%,20.1,52.3,258,9
Y56,RKE,WHITTINGTON HEALTH NHS TRUST,C_101,Urology Service,"1,151",790,68.60%,10,48.8,67,4
Y56,RKE,WHITTINGTON HEALTH NHS TRUST,C_110,Trauma and Orthopaedic Service,"1,938","1,024",52.80%,15.8,48.2,98,2
Y56,RKE,WHITTINGTON HEALTH NHS TRUST,C_120,Ear Nose and Throat Service,"1,548",712,46.00%,18.9,32,25,0
Y56,RKE,WHITTINGTON HEALTH NHS TRUST,C_130,Ophthalmology Service,"1,284",955,74.40%,9.8,38,19,0
Y56,RKE,WHITTINGTON HEALTH NHS TRUST,C_140,Oral Surgery Service,265,213,80.40%,10.4,23.7,1,0
Y56,RKE,WHITTINGTON HEALTH NHS TRUST,C_150,Neurosurgical Service, -   , -   , -   ,-,-,0,0
Y56,RKE,WHITTINGTON HEALTH NHS TRUST,C_160,Plastic Surgery Service,82,77,93.90%,9.4,16.8,0,0
Y56,RKE,WHITTINGTON HEALTH NHS TRUST,C_170,Cardiothoracic Surgery Service, -   , -   , -   ,-,-,0,0
Y56,RKE,WHITTINGTON HEALTH NHS TRUST,C_300,General Internal Medicine Service,104,70,67.30%,10.7,29.5,0,0
Y56,RKE,WHITTINGTON HEALTH NHS TRUST,C_301,Gastroenterology Service,"1,548","1,232",79.60%,8.3,23.8,3,0
Y56,RKE,WHITTINGTON HEALTH NHS TRUST,C_320,Cardiology Service,890,637,71.60%,11.5,29.1,0,0
Y56,RKE,WHITTINGTON HEALTH NHS TRUST,C_330,Dermatology Service,806,717,89.00%,5.3,22.1,0,0
Y56,RKE,WHITTINGTON HEALTH NHS TRUST,C_340,Respiratory Medicine Service,790,534,67.60%,13,32.7,0,0
Y56,RKE,WHITTINGTON HEALTH NHS TRUST,C_400,Neurology Service,406,383,94.30%,8.4,16.2,0,0
Y56,RKE,WHITTINGTON HEALTH NHS TRUST,C_410,Rheumatology Service,441,336,76.20%,12.1,25.4,0,0
Y56,RKE,WHITTINGTON HEALTH NHS TRUST,C_430,Elderly Medicine Service,56,55,98.20%,3.5,10.5,0,0
Y56,RKE,WHITTINGTON HEALTH NHS TRUST,C_502,Gynaecology Service,"2,131","1,822",85.50%,8.9,25,7,1
Y56,RKE,WHITTINGTON HEALTH NHS TRUST,X02,Other - Medical Services,"2,667","2,417",90.60%,7.5,18.9,0,0
Y56,RKE,WHITTINGTON HEALTH NHS TRUST,X03,Other - Mental Health Services, -   , -   , -   ,-,-,0,0
Y56,RKE,WHITTINGTON HEALTH NHS TRUST,X04,Other - Paediatric Services,41,32,78.00%,7,33.7,1,0
Y56,RKE,WHITTINGTON HEALTH NHS TRUST,X05,Other - Surgical Services, -   , -   , -   ,-,-,0,0
Y56,RKE,WHITTINGTON HEALTH NHS TRUST,X06,Other - Other Services, -   , -   , -   ,-,-,0,0
Y56,RKL,WEST LONDON NHS TRUST,C_100,General Surgery Service, -   , -   , -   ,-,-,0,0
Y56,RKL,WEST LONDON NHS TRUST,C_101,Urology Service, -   , -   , -   ,-,-,0,0
Y56,RKL,WEST LONDON NHS TRUST,C_110,Trauma and Orthopaedic Service,"2,566","1,895",73.90%,8.6,30.7,0,0
Y56,RKL,WEST LONDON NHS TRUST,C_120,Ear Nose and Throat Service, -   , -   , -   ,-,-,0,0
Y56,RKL,WEST LONDON NHS TRUST,C_130,Ophthalmology Service, -   , -   , -   ,-,-,0,0
Y56,RKL,WEST LONDON NHS TRUST,C_140,Oral Surgery Service, -   , -   , -   ,-,-,0,0
Y56,RKL,WEST LONDON NHS TRUST,C_150,Neurosurgical Service, -   , -   , -   ,-,-,0,0
Y56,RKL,WEST LONDON NHS TRUST,C_160,Plastic Surgery Service, -   , -   , -   ,-,-,0,0
Y56,RKL,WEST LONDON NHS TRUST,C_170,Cardiothoracic Surgery Service, -   , -   , -   ,-,-,0,0
Y56,RKL,WEST LONDON NHS TRUST,C_300,General Internal Medicine Service, -   , -   , -   ,-,-,0,0
Y56,RKL,WEST LONDON NHS TRUST,C_301,Gastroenterology Service, -   , -   , -   ,-,-,0,0
Y56,RKL,WEST LONDON NHS TRUST,C_320,Cardiology Service, -   , -   , -   ,-,-,0,0
Y56,RKL,WEST LONDON NHS TRUST,C_330,Dermatology Service, -   , -   , -   ,-,-,0,0
Y56,RKL,WEST LONDON NHS TRUST,C_340,Respiratory Medicine Service, -   , -   , -   ,-,-,0,0
Y56,RKL,WEST LONDON NHS TRUST,C_400,Neurology Service, -   , -   , -   ,-,-,0,0
Y56,RKL,WEST LONDON NHS TRUST,C_410,Rheumatology Service, -   , -   , -   ,-,-,0,0
Y56,RKL,WEST LONDON NHS TRUST,C_430,Elderly Medicine Service, -   , -   , -   ,-,-,0,0
Y56,RKL,WEST LONDON NHS TRUST,C_502,Gynaecology Service, -   , -   , -   ,-,-,0,0
Y56,RKL,WEST LONDON NHS TRUST,X02,Other - Medical Services, -   , -   , -   ,-,-,0,0
Y56,RKL,WEST LONDON NHS TRUST,X03,Other - Mental Health Services, -   , -   , -   ,-,-,0,0
Y56,RKL,WEST LONDON NHS TRUST,X04,Other - Paediatric Services,384,234,60.90%,14.4,28.7,0,0
Y56,RKL,WEST LONDON NHS TRUST,X05,Other - Surgical Services, -   , -   , -   ,-,-,0,0
Y56,RKL,WEST LONDON NHS TRUST,X06,Other - Other Services, -   , -   , -   ,-,-,0,0
Y56,RP4,GREAT ORMOND STREET HOSPITAL FOR CHILDREN NHS FOUNDATION TRUST,C_100,General Surgery Service, -   , -   , -   ,-,-,0,0
Y56,RP4,GREAT ORMOND STREET HOSPITAL FOR CHILDREN NHS FOUNDATION TRUST,C_101,Urology Service, -   , -   , -   ,-,-,0,0
Y56,RP4,GREAT ORMOND STREET HOSPITAL FOR CHILDREN NHS FOUNDATION TRUST,C_110,Trauma and Orthopaedic Service, -   , -   , -   ,-,-,0,0
Y56,RP4,GREAT ORMOND STREET HOSPITAL FOR CHILDREN NHS FOUNDATION TRUST,C_120,Ear Nose and Throat Service, -   , -   , -   ,-,-,0,0
Y56,RP4,GREAT ORMOND STREET HOSPITAL FOR CHILDREN NHS FOUNDATION TRUST,C_130,Ophthalmology Service, -   , -   , -   ,-,-,0,0
Y56,RP4,GREAT ORMOND STREET HOSPITAL FOR CHILDREN NHS FOUNDATION TRUST,C_140,Oral Surgery Service, -   , -   , -   ,-,-,0,0
Y56,RP4,GREAT ORMOND STREET HOSPITAL FOR CHILDREN NHS FOUNDATION TRUST,C_150,Neurosurgical Service, -   , -   , -   ,-,-,0,0
Y56,RP4,GREAT ORMOND STREET HOSPITAL FOR CHILDREN NHS FOUNDATION TRUST,C_160,Plastic Surgery Service, -   , -   , -   ,-,-,0,0
Y56,RP4,GREAT ORMOND STREET HOSPITAL FOR CHILDREN NHS FOUNDATION TRUST,C_170,Cardiothoracic Surgery Service, -   , -   , -   ,-,-,0,0
Y56,RP4,GREAT ORMOND STREET HOSPITAL FOR CHILDREN NHS FOUNDATION TRUST,C_300,General Internal Medicine Service, -   , -   , -   ,-,-,0,0
Y56,RP4,GREAT ORMOND STREET HOSPITAL FOR CHILDREN NHS FOUNDATION TRUST,C_301,Gastroenterology Service, -   , -   , -   ,-,-,0,0
Y56,RP4,GREAT ORMOND STREET HOSPITAL FOR CHILDREN NHS FOUNDATION TRUST,C_320,Cardiology Service, -   , -   , -   ,-,-,0,0
Y56,RP4,GREAT ORMOND STREET HOSPITAL FOR CHILDREN NHS FOUNDATION TRUST,C_330,Dermatology Service, -   , -   , -   ,-,-,0,0
Y56,RP4,GREAT ORMOND STREET HOSPITAL FOR CHILDREN NHS FOUNDATION TRUST,C_340,Respiratory Medicine Service,1,1,100.00%,-,-,0,0
Y56,RP4,GREAT ORMOND STREET HOSPITAL FOR CHILDREN NHS FOUNDATION TRUST,C_400,Neurology Service, -   , -   , -   ,-,-,0,0
Y56,RP4,GREAT ORMOND STREET HOSPITAL FOR CHILDREN NHS FOUNDATION TRUST,C_410,Rheumatology Service, -   , -   , -   ,-,-,0,0
Y56,RP4,GREAT ORMOND STREET HOSPITAL FOR CHILDREN NHS FOUNDATION TRUST,C_430,Elderly Medicine Service, -   , -   , -   ,-,-,0,0
Y56,RP4,GREAT ORMOND STREET HOSPITAL FOR CHILDREN NHS FOUNDATION TRUST,C_502,Gynaecology Service, -   , -   , -   ,-,-,0,0
Y56,RP4,GREAT ORMOND STREET HOSPITAL FOR CHILDREN NHS FOUNDATION TRUST,X02,Other - Medical Services,"1,147",963,84.00%,8.2,23.4,2,0
Y56,RP4,GREAT ORMOND STREET HOSPITAL FOR CHILDREN NHS FOUNDATION TRUST,X03,Other - Mental Health Services,128,107,83.60%,10.1,23.6,0,0
Y56,RP4,GREAT ORMOND STREET HOSPITAL FOR CHILDREN NHS FOUNDATION TRUST,X04,Other - Paediatric Services,"5,875","4,098",69.80%,10.8,39.2,192,25
Y56,RP4,GREAT ORMOND STREET HOSPITAL FOR CHILDREN NHS FOUNDATION TRUST,X05,Other - Surgical Services,29,19,65.50%,14,40.7,1,0
Y56,RP4,GREAT ORMOND STREET HOSPITAL FOR CHILDREN NHS FOUNDATION TRUST,X06,Other - Other Services,49,36,73.50%,9,37,1,0
Y56,RP6,MOORFIELDS EYE HOSPITAL NHS FOUNDATION TRUST,C_100,General Surgery Service, -   , -   , -   ,-,-,0,0
Y56,RP6,MOORFIELDS EYE HOSPITAL NHS FOUNDATION TRUST,C_101,Urology Service, -   , -   , -   ,-,-,0,0
Y56,RP6,MOORFIELDS EYE HOSPITAL NHS FOUNDATION TRUST,C_110,Trauma and Orthopaedic Service, -   , -   , -   ,-,-,0,0
Y56,RP6,MOORFIELDS EYE HOSPITAL NHS FOUNDATION TRUST,C_120,Ear Nose and Throat Service, -   , -   , -   ,-,-,0,0
Y56,RP6,MOORFIELDS EYE HOSPITAL NHS FOUNDATION TRUST,C_130,Ophthalmology Service,"39,741","30,552",76.90%,9.8,26.2,5,0
Y56,RP6,MOORFIELDS EYE HOSPITAL NHS FOUNDATION TRUST,C_140,Oral Surgery Service, -   , -   , -   ,-,-,0,0
Y56,RP6,MOORFIELDS EYE HOSPITAL NHS FOUNDATION TRUST,C_150,Neurosurgical Service, -   , -   , -   ,-,-,0,0
Y56,RP6,MOORFIELDS EYE HOSPITAL NHS FOUNDATION TRUST,C_160,Plastic Surgery Service, -   , -   , -   ,-,-,0,0
Y56,RP6,MOORFIELDS EYE HOSPITAL NHS FOUNDATION TRUST,C_170,Cardiothoracic Surgery Service, -   , -   , -   ,-,-,0,0
Y56,RP6,MOORFIELDS EYE HOSPITAL NHS FOUNDATION TRUST,C_300,General Internal Medicine Service, -   , -   , -   ,-,-,0,0
Y56,RP6,MOORFIELDS EYE HOSPITAL NHS FOUNDATION TRUST,C_301,Gastroenterology Service, -   , -   , -   ,-,-,0,0
Y56,RP6,MOORFIELDS EYE HOSPITAL NHS FOUNDATION TRUST,C_320,Cardiology Service, -   , -   , -   ,-,-,0,0
Y56,RP6,MOORFIELDS EYE HOSPITAL NHS FOUNDATION TRUST,C_330,Dermatology Service, -   , -   , -   ,-,-,0,0
Y56,RP6,MOORFIELDS EYE HOSPITAL NHS FOUNDATION TRUST,C_340,Respiratory Medicine Service, -   , -   , -   ,-,-,0,0
Y56,RP6,MOORFIELDS EYE HOSPITAL NHS FOUNDATION TRUST,C_400,Neurology Service, -   , -   , -   ,-,-,0,0
Y56,RP6,MOORFIELDS EYE HOSPITAL NHS FOUNDATION TRUST,C_410,Rheumatology Service, -   , -   , -   ,-,-,0,0
Y56,RP6,MOORFIELDS EYE HOSPITAL NHS FOUNDATION TRUST,C_430,Elderly Medicine Service, -   , -   , -   ,-,-,0,0
Y56,RP6,MOORFIELDS EYE HOSPITAL NHS FOUNDATION TRUST,C_502,Gynaecology Service, -   , -   , -   ,-,-,0,0
Y56,RP6,MOORFIELDS EYE HOSPITAL NHS FOUNDATION TRUST,X02,Other - Medical Services, -   , -   , -   ,-,-,0,0
Y56,RP6,MOORFIELDS EYE HOSPITAL NHS FOUNDATION TRUST,X03,Other - Mental Health Services, -   , -   , -   ,-,-,0,0
Y56,RP6,MOORFIELDS EYE HOSPITAL NHS FOUNDATION TRUST,X04,Other - Paediatric Services, -   , -   , -   ,-,-,0,0
Y56,RP6,MOORFIELDS EYE HOSPITAL NHS FOUNDATION TRUST,X05,Other - Surgical Services, -   , -   , -   ,-,-,0,0
Y56,RP6,MOORFIELDS EYE HOSPITAL NHS FOUNDATION TRUST,X06,Other - Other Services, -   , -   , -   ,-,-,0,0
Y56,RPG,OXLEAS NHS FOUNDATION TRUST,C_100,General Surgery Service, -   , -   , -   ,-,-,0,0
Y56,RPG,OXLEAS NHS FOUNDATION TRUST,C_101,Urology Service, -   , -   , -   ,-,-,0,0
Y56,RPG,OXLEAS NHS FOUNDATION TRUST,C_110,Trauma and Orthopaedic Service, -   , -   , -   ,-,-,0,0
Y56,RPG,OXLEAS NHS FOUNDATION TRUST,C_120,Ear Nose and Throat Service, -   , -   , -   ,-,-,0,0
Y56,RPG,OXLEAS NHS FOUNDATION TRUST,C_130,Ophthalmology Service, -   , -   , -   ,-,-,0,0
Y56,RPG,OXLEAS NHS FOUNDATION TRUST,C_140,Oral Surgery Service, -   , -   , -   ,-,-,0,0
Y56,RPG,OXLEAS NHS FOUNDATION TRUST,C_150,Neurosurgical Service, -   , -   , -   ,-,-,0,0
Y56,RPG,OXLEAS NHS FOUNDATION TRUST,C_160,Plastic Surgery Service, -   , -   , -   ,-,-,0,0
Y56,RPG,OXLEAS NHS FOUNDATION TRUST,C_170,Cardiothoracic Surgery Service, -   , -   , -   ,-,-,0,0
Y56,RPG,OXLEAS NHS FOUNDATION TRUST,C_300,General Internal Medicine Service, -   , -   , -   ,-,-,0,0
Y56,RPG,OXLEAS NHS FOUNDATION TRUST,C_301,Gastroenterology Service, -   , -   , -   ,-,-,0,0
Y56,RPG,OXLEAS NHS FOUNDATION TRUST,C_320,Cardiology Service, -   , -   , -   ,-,-,0,0
Y56,RPG,OXLEAS NHS FOUNDATION TRUST,C_330,Dermatology Service, -   , -   , -   ,-,-,0,0
Y56,RPG,OXLEAS NHS FOUNDATION TRUST,C_340,Respiratory Medicine Service, -   , -   , -   ,-,-,0,0
Y56,RPG,OXLEAS NHS FOUNDATION TRUST,C_400,Neurology Service, -   , -   , -   ,-,-,0,0
Y56,RPG,OXLEAS NHS FOUNDATION TRUST,C_410,Rheumatology Service, -   , -   , -   ,-,-,0,0
Y56,RPG,OXLEAS NHS FOUNDATION TRUST,C_430,Elderly Medicine Service, -   , -   , -   ,-,-,0,0
Y56,RPG,OXLEAS NHS FOUNDATION TRUST,C_502,Gynaecology Service, -   , -   , -   ,-,-,0,0
Y56,RPG,OXLEAS NHS FOUNDATION TRUST,X02,Other - Medical Services, -   , -   , -   ,-,-,0,0
Y56,RPG,OXLEAS NHS FOUNDATION TRUST,X03,Other - Mental Health Services, -   , -   , -   ,-,-,0,0
Y56,RPG,OXLEAS NHS FOUNDATION TRUST,X04,Other - Paediatric Services, -   , -   , -   ,-,-,0,0
Y56,RPG,OXLEAS NHS FOUNDATION TRUST,X05,Other - Surgical Services, -   , -   , -   ,-,-,0,0
Y56,RPG,OXLEAS NHS FOUNDATION TRUST,X06,Other - Other Services,"1,415","1,126",79.60%,9.7,26.5,0,0
Y56,RPY,THE ROYAL MARSDEN NHS FOUNDATION TRUST,C_100,General Surgery Service,287,268,93.40%,5.5,16.8,0,0
Y56,RPY,THE ROYAL MARSDEN NHS FOUNDATION TRUST,C_101,Urology Service,72,64,88.90%,5.9,20.2,0,0
Y56,RPY,THE ROYAL MARSDEN NHS FOUNDATION TRUST,C_110,Trauma and Orthopaedic Service, -   , -   , -   ,-,-,0,0
Y56,RPY,THE ROYAL MARSDEN NHS FOUNDATION TRUST,C_120,Ear Nose and Throat Service,56,52,92.90%,4.9,15.8,0,0
Y56,RPY,THE ROYAL MARSDEN NHS FOUNDATION TRUST,C_130,Ophthalmology Service,1,1,100.00%,-,-,0,0
Y56,RPY,THE ROYAL MARSDEN NHS FOUNDATION TRUST,C_140,Oral Surgery Service,52,47,90.40%,4.8,18.8,0,0
Y56,RPY,THE ROYAL MARSDEN NHS FOUNDATION TRUST,C_150,Neurosurgical Service, -   , -   , -   ,-,-,0,0
Y56,RPY,THE ROYAL MARSDEN NHS FOUNDATION TRUST,C_160,Plastic Surgery Service,41,30,73.20%,7,29.7,2,0
Y56,RPY,THE ROYAL MARSDEN NHS FOUNDATION TRUST,C_170,Cardiothoracic Surgery Service, -   , -   , -   ,-,-,0,0
Y56,RPY,THE ROYAL MARSDEN NHS FOUNDATION TRUST,C_300,General Internal Medicine Service, -   , -   , -   ,-,-,0,0
Y56,RPY,THE ROYAL MARSDEN NHS FOUNDATION TRUST,C_301,Gastroenterology Service,19,10,52.60%,-,-,0,0
Y56,RPY,THE ROYAL MARSDEN NHS FOUNDATION TRUST,C_320,Cardiology Service, -   , -   , -   ,-,-,0,0
Y56,RPY,THE ROYAL MARSDEN NHS FOUNDATION TRUST,C_330,Dermatology Service,8,8,100.00%,-,-,0,0
Y56,RPY,THE ROYAL MARSDEN NHS FOUNDATION TRUST,C_340,Respiratory Medicine Service, -   , -   , -   ,-,-,0,0
Y56,RPY,THE ROYAL MARSDEN NHS FOUNDATION TRUST,C_400,Neurology Service, -   , -   , -   ,-,-,0,0
Y56,RPY,THE ROYAL MARSDEN NHS FOUNDATION TRUST,C_410,Rheumatology Service, -   , -   , -   ,-,-,0,0
Y56,RPY,THE ROYAL MARSDEN NHS FOUNDATION TRUST,C_430,Elderly Medicine Service, -   , -   , -   ,-,-,0,0
Y56,RPY,THE ROYAL MARSDEN NHS FOUNDATION TRUST,C_502,Gynaecology Service, -   , -   , -   ,-,-,0,0
Y56,RPY,THE ROYAL MARSDEN NHS FOUNDATION TRUST,X02,Other - Medical Services,265,232,87.50%,6,23.9,3,0
Y56,RPY,THE ROYAL MARSDEN NHS FOUNDATION TRUST,X03,Other - Mental Health Services, -   , -   , -   ,-,-,0,0
Y56,RPY,THE ROYAL MARSDEN NHS FOUNDATION TRUST,X04,Other - Paediatric Services,5,4,80.00%,-,-,0,0
Y56,RPY,THE ROYAL MARSDEN NHS FOUNDATION TRUST,X05,Other - Surgical Services,433,407,94.00%,2.4,15.8,8,0
Y56,RPY,THE ROYAL MARSDEN NHS FOUNDATION TRUST,X06,Other - Other Services,201,188,93.50%,4.1,17,0,0
Y56,RQM,CHELSEA AND WESTMINSTER HOSPITAL NHS FOUNDATION TRUST,C_100,General Surgery Service,"2,854","1,220",42.70%,21,46.2,105,1
Y56,RQM,CHELSEA AND WESTMINSTER HOSPITAL NHS FOUNDATION TRUST,C_101,Urology Service,"3,125","1,437",46.00%,20.8,47.7,178,4
Y56,RQM,CHELSEA AND WESTMINSTER HOSPITAL NHS FOUNDATION TRUST,C_110,Trauma and Orthopaedic Service,"4,148","2,101",50.70%,17.8,37.1,32,0
Y56,RQM,CHELSEA AND WESTMINSTER HOSPITAL NHS FOUNDATION TRUST,C_120,Ear Nose and Throat Service,"2,800","1,590",56.80%,15.6,38.3,63,0
Y56,RQM,CHELSEA AND WESTMINSTER HOSPITAL NHS FOUNDATION TRUST,C_130,Ophthalmology Service,"1,852","1,050",56.70%,16.1,34.6,17,0
Y56,RQM,CHELSEA AND WESTMINSTER HOSPITAL NHS FOUNDATION TRUST,C_140,Oral Surgery Service,"1,506",783,52.00%,17,40.3,3,0
Y56,RQM,CHELSEA AND WESTMINSTER HOSPITAL NHS FOUNDATION TRUST,C_150,Neurosurgical Service, -   , -   , -   ,-,-,0,0
Y56,RQM,CHELSEA AND WESTMINSTER HOSPITAL NHS FOUNDATION TRUST,C_160,Plastic Surgery Service,"1,824",885,48.50%,18.8,47.8,113,2
Y56,RQM,CHELSEA AND WESTMINSTER HOSPITAL NHS FOUNDATION TRUST,C_170,Cardiothoracic Surgery Service,5,5,100.00%,-,-,0,0
Y56,RQM,CHELSEA AND WESTMINSTER HOSPITAL NHS FOUNDATION TRUST,C_300,General Internal Medicine Service,202,178,88.10%,8.1,21.9,13,0
Y56,RQM,CHELSEA AND WESTMINSTER HOSPITAL NHS FOUNDATION TRUST,C_301,Gastroenterology Service,"3,252","2,883",88.70%,7.7,21.7,4,0
Y56,RQM,CHELSEA AND WESTMINSTER HOSPITAL NHS FOUNDATION TRUST,C_320,Cardiology Service,"2,289","1,878",82.00%,10.6,24.5,0,0
Y56,RQM,CHELSEA AND WESTMINSTER HOSPITAL NHS FOUNDATION TRUST,C_330,Dermatology Service,"3,176","1,776",55.90%,15.2,46.9,103,1
Y56,RQM,CHELSEA AND WESTMINSTER HOSPITAL NHS FOUNDATION TRUST,C_340,Respiratory Medicine Service,"1,415",798,56.40%,15.8,39.5,0,0
Y56,RQM,CHELSEA AND WESTMINSTER HOSPITAL NHS FOUNDATION TRUST,C_400,Neurology Service,"1,330",661,49.70%,18.1,32.7,0,0
Y56,RQM,CHELSEA AND WESTMINSTER HOSPITAL NHS FOUNDATION TRUST,C_410,Rheumatology Service,"1,027",706,68.70%,11.4,35.1,14,0
Y56,RQM,CHELSEA AND WESTMINSTER HOSPITAL NHS FOUNDATION TRUST,C_430,Elderly Medicine Service,324,317,97.80%,7.2,15.3,0,0
Y56,RQM,CHELSEA AND WESTMINSTER HOSPITAL NHS FOUNDATION TRUST,C_502,Gynaecology Service,"5,297","3,571",67.40%,13.4,31.1,7,0
Y56,RQM,CHELSEA AND WESTMINSTER HOSPITAL NHS FOUNDATION TRUST,X02,Other - Medical Services,997,837,84.00%,9.9,26.9,3,0
Y56,RQM,CHELSEA AND WESTMINSTER HOSPITAL NHS FOUNDATION TRUST,X03,Other - Mental Health Services,6,6,100.00%,-,-,0,0
Y56,RQM,CHELSEA AND WESTMINSTER HOSPITAL NHS FOUNDATION TRUST,X04,Other - Paediatric Services,"6,057","3,416",56.40%,15.5,41,73,4
Y56,RQM,CHELSEA AND WESTMINSTER HOSPITAL NHS FOUNDATION TRUST,X05,Other - Surgical Services,"3,439","1,972",57.30%,14.7,53.9,313,9
Y56,RQM,CHELSEA AND WESTMINSTER HOSPITAL NHS FOUNDATION TRUST,X06,Other - Other Services,"3,639","2,863",78.70%,10.6,28.4,5,1
Y56,RQX,HOMERTON HEALTHCARE NHS FOUNDATION TRUST,C_100,General Surgery Service,"2,580","2,267",87.90%,6.8,21.5,3,0
Y56,RQX,HOMERTON HEALTHCARE NHS FOUNDATION TRUST,C_101,Urology Service,"1,385","1,126",81.30%,8.2,23.6,6,0
Y56,RQX,HOMERTON HEALTHCARE NHS FOUNDATION TRUST,C_110,Trauma and Orthopaedic Service,"1,913","1,442",75.40%,11,29.9,4,0
Y56,RQX,HOMERTON HEALTHCARE NHS FOUNDATION TRUST,C_120,Ear Nose and Throat Service,"1,554","1,341",86.30%,8,23.3,3,0
Y56,RQX,HOMERTON HEALTHCARE NHS FOUNDATION TRUST,C_130,Ophthalmology Service,44,44,100.00%,2.3,11.5,0,0
Y56,RQX,HOMERTON HEALTHCARE NHS FOUNDATION TRUST,C_140,Oral Surgery Service,"2,563","1,860",72.60%,11.1,32.9,15,0
Y56,RQX,HOMERTON HEALTHCARE NHS FOUNDATION TRUST,C_150,Neurosurgical Service, -   , -   , -   ,-,-,0,0
Y56,RQX,HOMERTON HEALTHCARE NHS FOUNDATION TRUST,C_160,Plastic Surgery Service,255,175,68.60%,11.5,25.8,1,0
Y56,RQX,HOMERTON HEALTHCARE NHS FOUNDATION TRUST,C_170,Cardiothoracic Surgery Service, -   , -   , -   ,-,-,0,0
Y56,RQX,HOMERTON HEALTHCARE NHS FOUNDATION TRUST,C_300,General Internal Medicine Service,210,154,73.30%,9.4,27.7,0,0
Y56,RQX,HOMERTON HEALTHCARE NHS FOUNDATION TRUST,C_301,Gastroenterology Service,875,708,80.90%,8.6,24.9,0,0
Y56,RQX,HOMERTON HEALTHCARE NHS FOUNDATION TRUST,C_320,Cardiology Service,938,670,71.40%,11.2,35.2,7,0
Y56,RQX,HOMERTON HEALTHCARE NHS FOUNDATION TRUST,C_330,Dermatology Service,"1,076",930,86.40%,5.5,22.3,8,0
Y56,RQX,HOMERTON HEALTHCARE NHS FOUNDATION TRUST,C_340,Respiratory Medicine Service,534,510,95.50%,5.5,14.8,0,0
Y56,RQX,HOMERTON HEALTHCARE NHS FOUNDATION TRUST,C_400,Neurology Service,596,574,96.30%,4.8,13.4,0,0
Y56,RQX,HOMERTON HEALTHCARE NHS FOUNDATION TRUST,C_410,Rheumatology Service,521,419,80.40%,11.4,24.5,0,0
Y56,RQX,HOMERTON HEALTHCARE NHS FOUNDATION TRUST,C_430,Elderly Medicine Service,147,145,98.60%,5.7,13.4,0,0
Y56,RQX,HOMERTON HEALTHCARE NHS FOUNDATION TRUST,C_502,Gynaecology Service,"3,149","2,638",83.80%,7.8,25.2,4,1
Y56,RQX,HOMERTON HEALTHCARE NHS FOUNDATION TRUST,X02,Other - Medical Services,"3,200","2,629",82.20%,8.2,26.5,31,0
Y56,RQX,HOMERTON HEALTHCARE NHS FOUNDATION TRUST,X03,Other - Mental Health Services, -   , -   , -   ,-,-,0,0
Y56,RQX,HOMERTON HEALTHCARE NHS FOUNDATION TRUST,X04,Other - Paediatric Services,"2,877","2,135",74.20%,10.2,30,13,0
Y56,RQX,HOMERTON HEALTHCARE NHS FOUNDATION TRUST,X05,Other - Surgical Services,339,323,95.30%,2,13.9,0,0
Y56,RQX,HOMERTON HEALTHCARE NHS FOUNDATION TRUST,X06,Other - Other Services,230,200,87.00%,8.5,20.3,0,0
Y56,RQY,SOUTH WEST LONDON AND ST GEORGE'S MENTAL HEALTH NHS TRUST,C_100,General Surgery Service, -   , -   , -   ,-,-,0,0
Y56,RQY,SOUTH WEST LONDON AND ST GEORGE'S MENTAL HEALTH NHS TRUST,C_101,Urology Service, -   , -   , -   ,-,-,0,0
Y56,RQY,SOUTH WEST LONDON AND ST GEORGE'S MENTAL HEALTH NHS TRUST,C_110,Trauma and Orthopaedic Service, -   , -   , -   ,-,-,0,0
Y56,RQY,SOUTH WEST LONDON AND ST GEORGE'S MENTAL HEALTH NHS TRUST,C_120,Ear Nose and Throat Service, -   , -   , -   ,-,-,0,0
Y56,RQY,SOUTH WEST LONDON AND ST GEORGE'S MENTAL HEALTH NHS TRUST,C_130,Ophthalmology Service, -   , -   , -   ,-,-,0,0
Y56,RQY,SOUTH WEST LONDON AND ST GEORGE'S MENTAL HEALTH NHS TRUST,C_140,Oral Surgery Service, -   , -   , -   ,-,-,0,0
Y56,RQY,SOUTH WEST LONDON AND ST GEORGE'S MENTAL HEALTH NHS TRUST,C_150,Neurosurgical Service, -   , -   , -   ,-,-,0,0
Y56,RQY,SOUTH WEST LONDON AND ST GEORGE'S MENTAL HEALTH NHS TRUST,C_160,Plastic Surgery Service, -   , -   , -   ,-,-,0,0
Y56,RQY,SOUTH WEST LONDON AND ST GEORGE'S MENTAL HEALTH NHS TRUST,C_170,Cardiothoracic Surgery Service, -   , -   , -   ,-,-,0,0
Y56,RQY,SOUTH WEST LONDON AND ST GEORGE'S MENTAL HEALTH NHS TRUST,C_300,General Internal Medicine Service, -   , -   , -   ,-,-,0,0
Y56,RQY,SOUTH WEST LONDON AND ST GEORGE'S MENTAL HEALTH NHS TRUST,C_301,Gastroenterology Service, -   , -   , -   ,-,-,0,0
Y56,RQY,SOUTH WEST LONDON AND ST GEORGE'S MENTAL HEALTH NHS TRUST,C_320,Cardiology Service, -   , -   , -   ,-,-,0,0
Y56,RQY,SOUTH WEST LONDON AND ST GEORGE'S MENTAL HEALTH NHS TRUST,C_330,Dermatology Service, -   , -   , -   ,-,-,0,0
Y56,RQY,SOUTH WEST LONDON AND ST GEORGE'S MENTAL HEALTH NHS TRUST,C_340,Respiratory Medicine Service, -   , -   , -   ,-,-,0,0
Y56,RQY,SOUTH WEST LONDON AND ST GEORGE'S MENTAL HEALTH NHS TRUST,C_400,Neurology Service, -   , -   , -   ,-,-,0,0
Y56,RQY,SOUTH WEST LONDON AND ST GEORGE'S MENTAL HEALTH NHS TRUST,C_410,Rheumatology Service, -   , -   , -   ,-,-,0,0
Y56,RQY,SOUTH WEST LONDON AND ST GEORGE'S MENTAL HEALTH NHS TRUST,C_430,Elderly Medicine Service, -   , -   , -   ,-,-,0,0
Y56,RQY,SOUTH WEST LONDON AND ST GEORGE'S MENTAL HEALTH NHS TRUST,C_502,Gynaecology Service, -   , -   , -   ,-,-,0,0
Y56,RQY,SOUTH WEST LONDON AND ST GEORGE'S MENTAL HEALTH NHS TRUST,X02,Other - Medical Services, -   , -   , -   ,-,-,0,0
Y56,RQY,SOUTH WEST LONDON AND ST GEORGE'S MENTAL HEALTH NHS TRUST,X03,Other - Mental Health Services,"5,229","4,120",78.80%,7.5,29.1,0,0
Y56,RQY,SOUTH WEST LONDON AND ST GEORGE'S MENTAL HEALTH NHS TRUST,X04,Other - Paediatric Services, -   , -   , -   ,-,-,0,0
Y56,RQY,SOUTH WEST LONDON AND ST GEORGE'S MENTAL HEALTH NHS TRUST,X05,Other - Surgical Services, -   , -   , -   ,-,-,0,0
Y56,RQY,SOUTH WEST LONDON AND ST GEORGE'S MENTAL HEALTH NHS TRUST,X06,Other - Other Services, -   , -   , -   ,-,-,0,0
Y56,RRV,UNIVERSITY COLLEGE LONDON HOSPITALS NHS FOUNDATION TRUST,C_100,General Surgery Service,195,47,24.10%,35,65.4,38,1
Y56,RRV,UNIVERSITY COLLEGE LONDON HOSPITALS NHS FOUNDATION TRUST,C_101,Urology Service,"4,791","2,495",52.10%,16.8,47.7,280,30
Y56,RRV,UNIVERSITY COLLEGE LONDON HOSPITALS NHS FOUNDATION TRUST,C_110,Trauma and Orthopaedic Service,"4,637","2,863",61.70%,13.9,37.2,73,4
Y56,RRV,UNIVERSITY COLLEGE LONDON HOSPITALS NHS FOUNDATION TRUST,C_120,Ear Nose and Throat Service,"6,887","3,718",54.00%,16.5,42.1,254,11
Y56,RRV,UNIVERSITY COLLEGE LONDON HOSPITALS NHS FOUNDATION TRUST,C_130,Ophthalmology Service, -   , -   , -   ,-,-,0,0
Y56,RRV,UNIVERSITY COLLEGE LONDON HOSPITALS NHS FOUNDATION TRUST,C_140,Oral Surgery Service,"2,406","1,770",73.60%,11,29,8,0
Y56,RRV,UNIVERSITY COLLEGE LONDON HOSPITALS NHS FOUNDATION TRUST,C_150,Neurosurgical Service,"1,280","1,018",79.50%,8.9,26.4,1,0
Y56,RRV,UNIVERSITY COLLEGE LONDON HOSPITALS NHS FOUNDATION TRUST,C_160,Plastic Surgery Service, -   , -   , -   ,-,-,0,0
Y56,RRV,UNIVERSITY COLLEGE LONDON HOSPITALS NHS FOUNDATION TRUST,C_170,Cardiothoracic Surgery Service,60,59,98.30%,4.3,10.2,0,0
Y56,RRV,UNIVERSITY COLLEGE LONDON HOSPITALS NHS FOUNDATION TRUST,C_300,General Internal Medicine Service,"1,769","1,370",77.40%,9.4,25.7,1,0
Y56,RRV,UNIVERSITY COLLEGE LONDON HOSPITALS NHS FOUNDATION TRUST,C_301,Gastroenterology Service,"3,224","1,718",53.30%,16.1,41,29,2
Y56,RRV,UNIVERSITY COLLEGE LONDON HOSPITALS NHS FOUNDATION TRUST,C_320,Cardiology Service,734,638,86.90%,9.1,22.5,0,0
Y56,RRV,UNIVERSITY COLLEGE LONDON HOSPITALS NHS FOUNDATION TRUST,C_330,Dermatology Service,"3,120","1,613",51.70%,17.2,42.1,102,0
Y56,RRV,UNIVERSITY COLLEGE LONDON HOSPITALS NHS FOUNDATION TRUST,C_340,Respiratory Medicine Service,527,471,89.40%,8.3,20.8,0,0
Y56,RRV,UNIVERSITY COLLEGE LONDON HOSPITALS NHS FOUNDATION TRUST,C_400,Neurology Service,"5,996","4,612",76.90%,10.4,28.4,18,1
Y56,RRV,UNIVERSITY COLLEGE LONDON HOSPITALS NHS FOUNDATION TRUST,C_410,Rheumatology Service,"1,339",911,68.00%,12.2,28.1,2,0
Y56,RRV,UNIVERSITY COLLEGE LONDON HOSPITALS NHS FOUNDATION TRUST,C_430,Elderly Medicine Service,67,66,98.50%,5.6,13.6,0,0
Y56,RRV,UNIVERSITY COLLEGE LONDON HOSPITALS NHS FOUNDATION TRUST,C_502,Gynaecology Service,"4,216","2,709",64.30%,10.4,40.9,126,10
Y56,RRV,UNIVERSITY COLLEGE LONDON HOSPITALS NHS FOUNDATION TRUST,X02,Other - Medical Services,"6,982","4,052",58.00%,14.3,47.9,393,21
Y56,RRV,UNIVERSITY COLLEGE LONDON HOSPITALS NHS FOUNDATION TRUST,X03,Other - Mental Health Services,"9,682","6,438",66.50%,12.1,34.1,59,0
Y56,RRV,UNIVERSITY COLLEGE LONDON HOSPITALS NHS FOUNDATION TRUST,X04,Other - Paediatric Services,"5,599","2,774",49.50%,18.1,43.6,241,9
Y56,RRV,UNIVERSITY COLLEGE LONDON HOSPITALS NHS FOUNDATION TRUST,X05,Other - Surgical Services,283,171,60.40%,13.6,40.1,0,0
Y56,RRV,UNIVERSITY COLLEGE LONDON HOSPITALS NHS FOUNDATION TRUST,X06,Other - Other Services,"2,440","1,568",64.30%,13.2,33,70,4
Y56,RV3,CENTRAL AND NORTH WEST LONDON NHS FOUNDATION TRUST,C_100,General Surgery Service, -   , -   , -   ,-,-,0,0
Y56,RV3,CENTRAL AND NORTH WEST LONDON NHS FOUNDATION TRUST,C_101,Urology Service, -   , -   , -   ,-,-,0,0
Y56,RV3,CENTRAL AND NORTH WEST LONDON NHS FOUNDATION TRUST,C_110,Trauma and Orthopaedic Service, -   , -   , -   ,-,-,0,0
Y56,RV3,CENTRAL AND NORTH WEST LONDON NHS FOUNDATION TRUST,C_120,Ear Nose and Throat Service, -   , -   , -   ,-,-,0,0
Y56,RV3,CENTRAL AND NORTH WEST LONDON NHS FOUNDATION TRUST,C_130,Ophthalmology Service, -   , -   , -   ,-,-,0,0
Y56,RV3,CENTRAL AND NORTH WEST LONDON NHS FOUNDATION TRUST,C_140,Oral Surgery Service, -   , -   , -   ,-,-,0,0
Y56,RV3,CENTRAL AND NORTH WEST LONDON NHS FOUNDATION TRUST,C_150,Neurosurgical Service, -   , -   , -   ,-,-,0,0
Y56,RV3,CENTRAL AND NORTH WEST LONDON NHS FOUNDATION TRUST,C_160,Plastic Surgery Service, -   , -   , -   ,-,-,0,0
Y56,RV3,CENTRAL AND NORTH WEST LONDON NHS FOUNDATION TRUST,C_170,Cardiothoracic Surgery Service, -   , -   , -   ,-,-,0,0
Y56,RV3,CENTRAL AND NORTH WEST LONDON NHS FOUNDATION TRUST,C_300,General Internal Medicine Service, -   , -   , -   ,-,-,0,0
Y56,RV3,CENTRAL AND NORTH WEST LONDON NHS FOUNDATION TRUST,C_301,Gastroenterology Service, -   , -   , -   ,-,-,0,0
Y56,RV3,CENTRAL AND NORTH WEST LONDON NHS FOUNDATION TRUST,C_320,Cardiology Service, -   , -   , -   ,-,-,0,0
Y56,RV3,CENTRAL AND NORTH WEST LONDON NHS FOUNDATION TRUST,C_330,Dermatology Service, -   , -   , -   ,-,-,0,0
Y56,RV3,CENTRAL AND NORTH WEST LONDON NHS FOUNDATION TRUST,C_340,Respiratory Medicine Service, -   , -   , -   ,-,-,0,0
Y56,RV3,CENTRAL AND NORTH WEST LONDON NHS FOUNDATION TRUST,C_400,Neurology Service, -   , -   , -   ,-,-,0,0
Y56,RV3,CENTRAL AND NORTH WEST LONDON NHS FOUNDATION TRUST,C_410,Rheumatology Service, -   , -   , -   ,-,-,0,0
Y56,RV3,CENTRAL AND NORTH WEST LONDON NHS FOUNDATION TRUST,C_430,Elderly Medicine Service, -   , -   , -   ,-,-,0,0
Y56,RV3,CENTRAL AND NORTH WEST LONDON NHS FOUNDATION TRUST,C_502,Gynaecology Service, -   , -   , -   ,-,-,0,0
Y56,RV3,CENTRAL AND NORTH WEST LONDON NHS FOUNDATION TRUST,X02,Other - Medical Services, -   , -   , -   ,-,-,0,0
Y56,RV3,CENTRAL AND NORTH WEST LONDON NHS FOUNDATION TRUST,X03,Other - Mental Health Services, -   , -   , -   ,-,-,0,0
Y56,RV3,CENTRAL AND NORTH WEST LONDON NHS FOUNDATION TRUST,X04,Other - Paediatric Services,968,582,60.10%,13.4,37,1,1
Y56,RV3,CENTRAL AND NORTH WEST LONDON NHS FOUNDATION TRUST,X05,Other - Surgical Services, -   , -   , -   ,-,-,0,0
Y56,RV3,CENTRAL AND NORTH WEST LONDON NHS FOUNDATION TRUST,X06,Other - Other Services, -   , -   , -   ,-,-,0,0
Y56,RVR,EPSOM AND ST HELIER UNIVERSITY HOSPITALS NHS TRUST,C_100,General Surgery Service,"4,779","3,094",64.70%,13.4,31.6,22,0
Y56,RVR,EPSOM AND ST HELIER UNIVERSITY HOSPITALS NHS TRUST,C_101,Urology Service,"2,058","1,624",78.90%,9.4,28.4,11,0
Y56,RVR,EPSOM AND ST HELIER UNIVERSITY HOSPITALS NHS TRUST,C_110,Trauma and Orthopaedic Service,"5,403","4,025",74.50%,10,27.5,7,1
Y56,RVR,EPSOM AND ST HELIER UNIVERSITY HOSPITALS NHS TRUST,C_120,Ear Nose and Throat Service,"2,291","1,552",67.70%,12.6,31.9,9,0
Y56,RVR,EPSOM AND ST HELIER UNIVERSITY HOSPITALS NHS TRUST,C_130,Ophthalmology Service,"3,016","2,545",84.40%,8.4,23,0,0
Y56,RVR,EPSOM AND ST HELIER UNIVERSITY HOSPITALS NHS TRUST,C_140,Oral Surgery Service,"1,029",856,83.20%,8,23.9,2,0
Y56,RVR,EPSOM AND ST HELIER UNIVERSITY HOSPITALS NHS TRUST,C_150,Neurosurgical Service, -   , -   , -   ,-,-,0,0
Y56,RVR,EPSOM AND ST HELIER UNIVERSITY HOSPITALS NHS TRUST,C_160,Plastic Surgery Service,51,37,72.50%,8,32.9,1,0
Y56,RVR,EPSOM AND ST HELIER UNIVERSITY HOSPITALS NHS TRUST,C_170,Cardiothoracic Surgery Service, -   , -   , -   ,-,-,0,0
Y56,RVR,EPSOM AND ST HELIER UNIVERSITY HOSPITALS NHS TRUST,C_300,General Internal Medicine Service,165,126,76.40%,12.5,24.3,1,0
Y56,RVR,EPSOM AND ST HELIER UNIVERSITY HOSPITALS NHS TRUST,C_301,Gastroenterology Service,"3,630","2,206",60.80%,14.2,34.4,42,1
Y56,RVR,EPSOM AND ST HELIER UNIVERSITY HOSPITALS NHS TRUST,C_320,Cardiology Service,"2,482","1,545",62.20%,14.2,38.1,59,2
Y56,RVR,EPSOM AND ST HELIER UNIVERSITY HOSPITALS NHS TRUST,C_330,Dermatology Service,"4,452","2,936",65.90%,13.1,28.7,5,0
Y56,RVR,EPSOM AND ST HELIER UNIVERSITY HOSPITALS NHS TRUST,C_340,Respiratory Medicine Service,984,664,67.50%,10.2,42.5,39,0
Y56,RVR,EPSOM AND ST HELIER UNIVERSITY HOSPITALS NHS TRUST,C_400,Neurology Service,"1,393",918,65.90%,13.1,33.9,10,0
Y56,RVR,EPSOM AND ST HELIER UNIVERSITY HOSPITALS NHS TRUST,C_410,Rheumatology Service,686,463,67.50%,13.8,28.1,3,0
Y56,RVR,EPSOM AND ST HELIER UNIVERSITY HOSPITALS NHS TRUST,C_430,Elderly Medicine Service,119,85,71.40%,10.2,30.2,0,0
Y56,RVR,EPSOM AND ST HELIER UNIVERSITY HOSPITALS NHS TRUST,C_502,Gynaecology Service,"5,204","3,312",63.60%,13.5,30.8,22,0
Y56,RVR,EPSOM AND ST HELIER UNIVERSITY HOSPITALS NHS TRUST,X02,Other - Medical Services,"5,070","3,778",74.50%,9.7,31.9,29,0
Y56,RVR,EPSOM AND ST HELIER UNIVERSITY HOSPITALS NHS TRUST,X03,Other - Mental Health Services, -   , -   , -   ,-,-,0,0
Y56,RVR,EPSOM AND ST HELIER UNIVERSITY HOSPITALS NHS TRUST,X04,Other - Paediatric Services,"3,853","2,763",71.70%,10.6,30.3,12,0
Y56,RVR,EPSOM AND ST HELIER UNIVERSITY HOSPITALS NHS TRUST,X05,Other - Surgical Services,186,175,94.10%,3.8,16.1,1,0
Y56,RVR,EPSOM AND ST HELIER UNIVERSITY HOSPITALS NHS TRUST,X06,Other - Other Services,670,584,87.20%,6.4,21.8,0,0
Y56,RY9,HOUNSLOW AND RICHMOND COMMUNITY HEALTHCARE NHS TRUST,C_100,General Surgery Service, -   , -   , -   ,-,-,0,0
Y56,RY9,HOUNSLOW AND RICHMOND COMMUNITY HEALTHCARE NHS TRUST,C_101,Urology Service, -   , -   , -   ,-,-,0,0
Y56,RY9,HOUNSLOW AND RICHMOND COMMUNITY HEALTHCARE NHS TRUST,C_110,Trauma and Orthopaedic Service, -   , -   , -   ,-,-,0,0
Y56,RY9,HOUNSLOW AND RICHMOND COMMUNITY HEALTHCARE NHS TRUST,C_120,Ear Nose and Throat Service, -   , -   , -   ,-,-,0,0
Y56,RY9,HOUNSLOW AND RICHMOND COMMUNITY HEALTHCARE NHS TRUST,C_130,Ophthalmology Service, -   , -   , -   ,-,-,0,0
Y56,RY9,HOUNSLOW AND RICHMOND COMMUNITY HEALTHCARE NHS TRUST,C_140,Oral Surgery Service, -   , -   , -   ,-,-,0,0
Y56,RY9,HOUNSLOW AND RICHMOND COMMUNITY HEALTHCARE NHS TRUST,C_150,Neurosurgical Service, -   , -   , -   ,-,-,0,0
Y56,RY9,HOUNSLOW AND RICHMOND COMMUNITY HEALTHCARE NHS TRUST,C_160,Plastic Surgery Service, -   , -   , -   ,-,-,0,0
Y56,RY9,HOUNSLOW AND RICHMOND COMMUNITY HEALTHCARE NHS TRUST,C_170,Cardiothoracic Surgery Service, -   , -   , -   ,-,-,0,0
Y56,RY9,HOUNSLOW AND RICHMOND COMMUNITY HEALTHCARE NHS TRUST,C_300,General Internal Medicine Service, -   , -   , -   ,-,-,0,0
Y56,RY9,HOUNSLOW AND RICHMOND COMMUNITY HEALTHCARE NHS TRUST,C_301,Gastroenterology Service, -   , -   , -   ,-,-,0,0
Y56,RY9,HOUNSLOW AND RICHMOND COMMUNITY HEALTHCARE NHS TRUST,C_320,Cardiology Service, -   , -   , -   ,-,-,0,0
Y56,RY9,HOUNSLOW AND RICHMOND COMMUNITY HEALTHCARE NHS TRUST,C_330,Dermatology Service, -   , -   , -   ,-,-,0,0
Y56,RY9,HOUNSLOW AND RICHMOND COMMUNITY HEALTHCARE NHS TRUST,C_340,Respiratory Medicine Service, -   , -   , -   ,-,-,0,0
Y56,RY9,HOUNSLOW AND RICHMOND COMMUNITY HEALTHCARE NHS TRUST,C_400,Neurology Service, -   , -   , -   ,-,-,0,0
Y56,RY9,HOUNSLOW AND RICHMOND COMMUNITY HEALTHCARE NHS TRUST,C_410,Rheumatology Service, -   , -   , -   ,-,-,0,0
Y56,RY9,HOUNSLOW AND RICHMOND COMMUNITY HEALTHCARE NHS TRUST,C_430,Elderly Medicine Service, -   , -   , -   ,-,-,0,0
Y56,RY9,HOUNSLOW AND RICHMOND COMMUNITY HEALTHCARE NHS TRUST,C_502,Gynaecology Service, -   , -   , -   ,-,-,0,0
Y56,RY9,HOUNSLOW AND RICHMOND COMMUNITY HEALTHCARE NHS TRUST,X02,Other - Medical Services, -   , -   , -   ,-,-,0,0
Y56,RY9,HOUNSLOW AND RICHMOND COMMUNITY HEALTHCARE NHS TRUST,X03,Other - Mental Health Services, -   , -   , -   ,-,-,0,0
Y56,RY9,HOUNSLOW AND RICHMOND COMMUNITY HEALTHCARE NHS TRUST,X04,Other - Paediatric Services,476,408,85.70%,8.9,21.4,0,0
Y56,RY9,HOUNSLOW AND RICHMOND COMMUNITY HEALTHCARE NHS TRUST,X05,Other - Surgical Services, -   , -   , -   ,-,-,0,0
Y56,RY9,HOUNSLOW AND RICHMOND COMMUNITY HEALTHCARE NHS TRUST,X06,Other - Other Services, -   , -   , -   ,-,-,0,0
Y56,RYJ,IMPERIAL COLLEGE HEALTHCARE NHS TRUST,C_100,General Surgery Service,"4,001","1,727",43.20%,21.7,56,424,40
Y56,RYJ,IMPERIAL COLLEGE HEALTHCARE NHS TRUST,C_101,Urology Service,"4,001","2,239",56.00%,15.7,49.8,285,27
Y56,RYJ,IMPERIAL COLLEGE HEALTHCARE NHS TRUST,C_110,Trauma and Orthopaedic Service,"2,575","1,639",63.70%,12.8,39.6,40,0
Y56,RYJ,IMPERIAL COLLEGE HEALTHCARE NHS TRUST,C_120,Ear Nose and Throat Service,"5,888","4,122",70.00%,11.6,39.4,110,1
Y56,RYJ,IMPERIAL COLLEGE HEALTHCARE NHS TRUST,C_130,Ophthalmology Service,"7,798","4,851",62.20%,13.9,41.9,219,5
Y56,RYJ,IMPERIAL COLLEGE HEALTHCARE NHS TRUST,C_140,Oral Surgery Service,239,224,93.70%,6.6,17,0,0
Y56,RYJ,IMPERIAL COLLEGE HEALTHCARE NHS TRUST,C_150,Neurosurgical Service,"5,092","2,196",43.10%,21.5,54,457,19
Y56,RYJ,IMPERIAL COLLEGE HEALTHCARE NHS TRUST,C_160,Plastic Surgery Service,"1,330",855,64.30%,14.2,35.3,13,1
Y56,RYJ,IMPERIAL COLLEGE HEALTHCARE NHS TRUST,C_170,Cardiothoracic Surgery Service,308,230,74.70%,6.9,39.8,11,0
Y56,RYJ,IMPERIAL COLLEGE HEALTHCARE NHS TRUST,C_300,General Internal Medicine Service,51,37,72.50%,10,29.9,2,0
Y56,RYJ,IMPERIAL COLLEGE HEALTHCARE NHS TRUST,C_301,Gastroenterology Service,"3,108","2,426",78.10%,10.9,25.8,9,1
Y56,RYJ,IMPERIAL COLLEGE HEALTHCARE NHS TRUST,C_320,Cardiology Service,"7,336","5,397",73.60%,10.7,32.8,104,8
Y56,RYJ,IMPERIAL COLLEGE HEALTHCARE NHS TRUST,C_330,Dermatology Service,"4,400","2,645",60.10%,13.8,39.6,2,0
Y56,RYJ,IMPERIAL COLLEGE HEALTHCARE NHS TRUST,C_340,Respiratory Medicine Service,"2,992","2,226",74.40%,10.7,29.6,10,0
Y56,RYJ,IMPERIAL COLLEGE HEALTHCARE NHS TRUST,C_400,Neurology Service,"5,251","2,352",44.80%,20.4,45,190,3
Y56,RYJ,IMPERIAL COLLEGE HEALTHCARE NHS TRUST,C_410,Rheumatology Service,"1,210",721,59.60%,14.2,49.8,67,0
Y56,RYJ,IMPERIAL COLLEGE HEALTHCARE NHS TRUST,C_430,Elderly Medicine Service,216,153,70.80%,10.5,39.7,2,0
Y56,RYJ,IMPERIAL COLLEGE HEALTHCARE NHS TRUST,C_502,Gynaecology Service,"6,851","4,604",67.20%,11.6,33.1,27,0
Y56,RYJ,IMPERIAL COLLEGE HEALTHCARE NHS TRUST,X02,Other - Medical Services,"15,342","9,771",63.70%,12.7,43.1,567,2
Y56,RYJ,IMPERIAL COLLEGE HEALTHCARE NHS TRUST,X03,Other - Mental Health Services, -   , -   , -   ,-,-,0,0
Y56,RYJ,IMPERIAL COLLEGE HEALTHCARE NHS TRUST,X04,Other - Paediatric Services,"5,320","3,754",70.60%,12.1,31.7,48,0
Y56,RYJ,IMPERIAL COLLEGE HEALTHCARE NHS TRUST,X05,Other - Surgical Services,"7,899","4,892",61.90%,13.6,45.5,332,21
Y56,RYJ,IMPERIAL COLLEGE HEALTHCARE NHS TRUST,X06,Other - Other Services,230,219,95.20%,4.9,17.3,0,0
Y56,RYX,CENTRAL LONDON COMMUNITY HEALTHCARE NHS TRUST,C_100,General Surgery Service, -   , -   , -   ,-,-,0,0
Y56,RYX,CENTRAL LONDON COMMUNITY HEALTHCARE NHS TRUST,C_101,Urology Service, -   , -   , -   ,-,-,0,0
Y56,RYX,CENTRAL LONDON COMMUNITY HEALTHCARE NHS TRUST,C_110,Trauma and Orthopaedic Service, -   , -   , -   ,-,-,0,0
Y56,RYX,CENTRAL LONDON COMMUNITY HEALTHCARE NHS TRUST,C_120,Ear Nose and Throat Service, -   , -   , -   ,-,-,0,0
Y56,RYX,CENTRAL LONDON COMMUNITY HEALTHCARE NHS TRUST,C_130,Ophthalmology Service, -   , -   , -   ,-,-,0,0
Y56,RYX,CENTRAL LONDON COMMUNITY HEALTHCARE NHS TRUST,C_140,Oral Surgery Service, -   , -   , -   ,-,-,0,0
Y56,RYX,CENTRAL LONDON COMMUNITY HEALTHCARE NHS TRUST,C_150,Neurosurgical Service, -   , -   , -   ,-,-,0,0
Y56,RYX,CENTRAL LONDON COMMUNITY HEALTHCARE NHS TRUST,C_160,Plastic Surgery Service, -   , -   , -   ,-,-,0,0
Y56,RYX,CENTRAL LONDON COMMUNITY HEALTHCARE NHS TRUST,C_170,Cardiothoracic Surgery Service, -   , -   , -   ,-,-,0,0
Y56,RYX,CENTRAL LONDON COMMUNITY HEALTHCARE NHS TRUST,C_300,General Internal Medicine Service,93,92,98.90%,4.2,15.3,0,0
Y56,RYX,CENTRAL LONDON COMMUNITY HEALTHCARE NHS TRUST,C_301,Gastroenterology Service, -   , -   , -   ,-,-,0,0
Y56,RYX,CENTRAL LONDON COMMUNITY HEALTHCARE NHS TRUST,C_320,Cardiology Service, -   , -   , -   ,-,-,0,0
Y56,RYX,CENTRAL LONDON COMMUNITY HEALTHCARE NHS TRUST,C_330,Dermatology Service, -   , -   , -   ,-,-,0,0
Y56,RYX,CENTRAL LONDON COMMUNITY HEALTHCARE NHS TRUST,C_340,Respiratory Medicine Service,"1,416","1,155",81.60%,9.6,23.2,0,0
Y56,RYX,CENTRAL LONDON COMMUNITY HEALTHCARE NHS TRUST,C_400,Neurology Service, -   , -   , -   ,-,-,0,0
Y56,RYX,CENTRAL LONDON COMMUNITY HEALTHCARE NHS TRUST,C_410,Rheumatology Service, -   , -   , -   ,-,-,0,0
Y56,RYX,CENTRAL LONDON COMMUNITY HEALTHCARE NHS TRUST,C_430,Elderly Medicine Service, -   , -   , -   ,-,-,0,0
Y56,RYX,CENTRAL LONDON COMMUNITY HEALTHCARE NHS TRUST,C_502,Gynaecology Service, -   , -   , -   ,-,-,0,0
Y56,RYX,CENTRAL LONDON COMMUNITY HEALTHCARE NHS TRUST,X02,Other - Medical Services,7,7,100.00%,-,-,0,0
Y56,RYX,CENTRAL LONDON COMMUNITY HEALTHCARE NHS TRUST,X03,Other - Mental Health Services, -   , -   , -   ,-,-,0,0
Y56,RYX,CENTRAL LONDON COMMUNITY HEALTHCARE NHS TRUST,X04,Other - Paediatric Services,196,159,81.10%,9.4,26.3,0,0
Y56,RYX,CENTRAL LONDON COMMUNITY HEALTHCARE NHS TRUST,X05,Other - Surgical Services, -   , -   , -   ,-,-,0,0
Y56,RYX,CENTRAL LONDON COMMUNITY HEALTHCARE NHS TRUST,X06,Other - Other Services,"1,514","1,261",83.30%,7.1,23.6,14,2
Y58,R0D,UNIVERSITY HOSPITALS DORSET NHS FOUNDATION TRUST,C_100,General Surgery Service,"2,141","1,417",66.20%,13.1,40.8,91,29
Y58,R0D,UNIVERSITY HOSPITALS DORSET NHS FOUNDATION TRUST,C_101,Urology Service,"3,320","1,893",57.00%,15,40.8,166,37
Y58,R0D,UNIVERSITY HOSPITALS DORSET NHS FOUNDATION TRUST,C_110,Trauma and Orthopaedic Service,"8,025","4,672",58.20%,15.2,45,336,23
Y58,R0D,UNIVERSITY HOSPITALS DORSET NHS FOUNDATION TRUST,C_120,Ear Nose and Throat Service,"7,402","2,913",39.40%,23.8,58,829,43
Y58,R0D,UNIVERSITY HOSPITALS DORSET NHS FOUNDATION TRUST,C_130,Ophthalmology Service,"4,694","3,141",66.90%,12,32.8,20,1
Y58,R0D,UNIVERSITY HOSPITALS DORSET NHS FOUNDATION TRUST,C_140,Oral Surgery Service,"3,399","1,515",44.60%,20.8,56.2,333,110
Y58,R0D,UNIVERSITY HOSPITALS DORSET NHS FOUNDATION TRUST,C_150,Neurosurgical Service, -   , -   , -   ,-,-,0,0
Y58,R0D,UNIVERSITY HOSPITALS DORSET NHS FOUNDATION TRUST,C_160,Plastic Surgery Service, -   , -   , -   ,-,-,0,0
Y58,R0D,UNIVERSITY HOSPITALS DORSET NHS FOUNDATION TRUST,C_170,Cardiothoracic Surgery Service,26,5,19.20%,59.3,76.3,15,0
Y58,R0D,UNIVERSITY HOSPITALS DORSET NHS FOUNDATION TRUST,C_300,General Internal Medicine Service,992,483,48.70%,18.7,53,82,0
Y58,R0D,UNIVERSITY HOSPITALS DORSET NHS FOUNDATION TRUST,C_301,Gastroenterology Service,"5,393","3,002",55.70%,15.8,49,332,1
Y58,R0D,UNIVERSITY HOSPITALS DORSET NHS FOUNDATION TRUST,C_320,Cardiology Service,"3,759","2,406",64.00%,13.6,32.7,3,0
Y58,R0D,UNIVERSITY HOSPITALS DORSET NHS FOUNDATION TRUST,C_330,Dermatology Service,"4,139","2,369",57.20%,14.5,47,246,1
Y58,R0D,UNIVERSITY HOSPITALS DORSET NHS FOUNDATION TRUST,C_340,Respiratory Medicine Service,945,651,68.90%,10.6,37.4,9,1
Y58,R0D,UNIVERSITY HOSPITALS DORSET NHS FOUNDATION TRUST,C_400,Neurology Service,"2,549","1,259",49.40%,18.5,45.4,30,0
Y58,R0D,UNIVERSITY HOSPITALS DORSET NHS FOUNDATION TRUST,C_410,Rheumatology Service,"1,553","1,017",65.50%,14,37.3,16,0
Y58,R0D,UNIVERSITY HOSPITALS DORSET NHS FOUNDATION TRUST,C_430,Elderly Medicine Service,418,298,71.30%,13,29.2,1,0
Y58,R0D,UNIVERSITY HOSPITALS DORSET NHS FOUNDATION TRUST,C_502,Gynaecology Service,"7,805","3,352",42.90%,22.5,54.8,784,89
Y58,R0D,UNIVERSITY HOSPITALS DORSET NHS FOUNDATION TRUST,X02,Other - Medical Services,"4,011","3,185",79.40%,10,25.5,46,2
Y58,R0D,UNIVERSITY HOSPITALS DORSET NHS FOUNDATION TRUST,X03,Other - Mental Health Services, -   , -   , -   ,-,-,0,0
Y58,R0D,UNIVERSITY HOSPITALS DORSET NHS FOUNDATION TRUST,X04,Other - Paediatric Services,"5,575","3,670",65.80%,13.2,38.5,160,0
Y58,R0D,UNIVERSITY HOSPITALS DORSET NHS FOUNDATION TRUST,X05,Other - Surgical Services,"7,258","4,598",63.40%,12.8,49,495,165
Y58,R0D,UNIVERSITY HOSPITALS DORSET NHS FOUNDATION TRUST,X06,Other - Other Services,"1,616",991,61.30%,14.1,38,13,0
Y58,RA4,YEOVIL DISTRICT HOSPITAL NHS FOUNDATION TRUST,C_100,General Surgery Service,"1,268","1,044",82.30%,6.1,32.7,36,2
Y58,RA4,YEOVIL DISTRICT HOSPITAL NHS FOUNDATION TRUST,C_101,Urology Service,760,501,65.90%,11,50.5,57,6
Y58,RA4,YEOVIL DISTRICT HOSPITAL NHS FOUNDATION TRUST,C_110,Trauma and Orthopaedic Service,"1,275",493,38.70%,23.6,56.4,158,10
Y58,RA4,YEOVIL DISTRICT HOSPITAL NHS FOUNDATION TRUST,C_120,Ear Nose and Throat Service,"1,428",611,42.80%,22.9,71.3,297,56
Y58,RA4,YEOVIL DISTRICT HOSPITAL NHS FOUNDATION TRUST,C_130,Ophthalmology Service,"1,317","1,042",79.10%,9.2,28.8,17,0
Y58,RA4,YEOVIL DISTRICT HOSPITAL NHS FOUNDATION TRUST,C_140,Oral Surgery Service, -   , -   , -   ,-,-,0,0
Y58,RA4,YEOVIL DISTRICT HOSPITAL NHS FOUNDATION TRUST,C_150,Neurosurgical Service, -   , -   , -   ,-,-,0,0
Y58,RA4,YEOVIL DISTRICT HOSPITAL NHS FOUNDATION TRUST,C_160,Plastic Surgery Service,144,93,64.60%,12.5,42.2,2,0
Y58,RA4,YEOVIL DISTRICT HOSPITAL NHS FOUNDATION TRUST,C_170,Cardiothoracic Surgery Service, -   , -   , -   ,-,-,0,0
Y58,RA4,YEOVIL DISTRICT HOSPITAL NHS FOUNDATION TRUST,C_300,General Internal Medicine Service,16,11,68.80%,-,-,1,0
Y58,RA4,YEOVIL DISTRICT HOSPITAL NHS FOUNDATION TRUST,C_301,Gastroenterology Service,463,389,84.00%,8.5,21.9,1,0
Y58,RA4,YEOVIL DISTRICT HOSPITAL NHS FOUNDATION TRUST,C_320,Cardiology Service,543,450,82.90%,9.6,23.6,0,0
Y58,RA4,YEOVIL DISTRICT HOSPITAL NHS FOUNDATION TRUST,C_330,Dermatology Service,"1,401","1,002",71.50%,8.1,51.2,106,1
Y58,RA4,YEOVIL DISTRICT HOSPITAL NHS FOUNDATION TRUST,C_340,Respiratory Medicine Service,390,320,82.10%,8.8,24,0,0
Y58,RA4,YEOVIL DISTRICT HOSPITAL NHS FOUNDATION TRUST,C_400,Neurology Service,301,250,83.10%,9.9,25,10,0
Y58,RA4,YEOVIL DISTRICT HOSPITAL NHS FOUNDATION TRUST,C_410,Rheumatology Service,261,220,84.30%,9.1,20.6,1,0
Y58,RA4,YEOVIL DISTRICT HOSPITAL NHS FOUNDATION TRUST,C_430,Elderly Medicine Service,58,54,93.10%,4.8,17.4,0,0
Y58,RA4,YEOVIL DISTRICT HOSPITAL NHS FOUNDATION TRUST,C_502,Gynaecology Service,"1,034",653,63.20%,12.5,51.3,79,11
Y58,RA4,YEOVIL DISTRICT HOSPITAL NHS FOUNDATION TRUST,X02,Other - Medical Services,510,374,73.30%,9.1,40.6,3,0
Y58,RA4,YEOVIL DISTRICT HOSPITAL NHS FOUNDATION TRUST,X03,Other - Mental Health Services, -   , -   , -   ,-,-,0,0
Y58,RA4,YEOVIL DISTRICT HOSPITAL NHS FOUNDATION TRUST,X04,Other - Paediatric Services,518,413,79.70%,9,28.8,11,2
Y58,RA4,YEOVIL DISTRICT HOSPITAL NHS FOUNDATION TRUST,X05,Other - Surgical Services,696,548,78.70%,6.8,32.1,20,4
Y58,RA4,YEOVIL DISTRICT HOSPITAL NHS FOUNDATION TRUST,X06,Other - Other Services, -   , -   , -   ,-,-,0,0
Y58,RA7,UNIVERSITY HOSPITALS BRISTOL AND WESTON NHS FOUNDATION TRUST,C_100,General Surgery Service,191,100,52.40%,17.5,41.9,7,1
Y58,RA7,UNIVERSITY HOSPITALS BRISTOL AND WESTON NHS FOUNDATION TRUST,C_101,Urology Service, -   , -   , -   ,-,-,0,0
Y58,RA7,UNIVERSITY HOSPITALS BRISTOL AND WESTON NHS FOUNDATION TRUST,C_110,Trauma and Orthopaedic Service,"1,488",844,56.70%,15.2,59.2,166,39
Y58,RA7,UNIVERSITY HOSPITALS BRISTOL AND WESTON NHS FOUNDATION TRUST,C_120,Ear Nose and Throat Service,"6,159","2,689",43.70%,21.7,66.4,"1,172",101
Y58,RA7,UNIVERSITY HOSPITALS BRISTOL AND WESTON NHS FOUNDATION TRUST,C_130,Ophthalmology Service,"6,274","4,464",71.20%,9.9,43.2,305,16
Y58,RA7,UNIVERSITY HOSPITALS BRISTOL AND WESTON NHS FOUNDATION TRUST,C_140,Oral Surgery Service,"6,602","2,045",31.00%,28.4,58.4,"1,062",45
Y58,RA7,UNIVERSITY HOSPITALS BRISTOL AND WESTON NHS FOUNDATION TRUST,C_150,Neurosurgical Service, -   , -   , -   ,-,-,0,0
Y58,RA7,UNIVERSITY HOSPITALS BRISTOL AND WESTON NHS FOUNDATION TRUST,C_160,Plastic Surgery Service, -   , -   , -   ,-,-,0,0
Y58,RA7,UNIVERSITY HOSPITALS BRISTOL AND WESTON NHS FOUNDATION TRUST,C_170,Cardiothoracic Surgery Service,244,165,67.60%,10.9,42.5,14,2
Y58,RA7,UNIVERSITY HOSPITALS BRISTOL AND WESTON NHS FOUNDATION TRUST,C_300,General Internal Medicine Service,51,37,72.50%,10,30.6,1,0
Y58,RA7,UNIVERSITY HOSPITALS BRISTOL AND WESTON NHS FOUNDATION TRUST,C_301,Gastroenterology Service,"2,050","1,074",52.40%,17.4,56.5,206,47
Y58,RA7,UNIVERSITY HOSPITALS BRISTOL AND WESTON NHS FOUNDATION TRUST,C_320,Cardiology Service,"4,152","2,992",72.10%,11.7,38.3,112,2
Y58,RA7,UNIVERSITY HOSPITALS BRISTOL AND WESTON NHS FOUNDATION TRUST,C_330,Dermatology Service,"3,782","2,681",70.90%,10.7,32.3,44,2
Y58,RA7,UNIVERSITY HOSPITALS BRISTOL AND WESTON NHS FOUNDATION TRUST,C_340,Respiratory Medicine Service,"2,167","1,179",54.40%,15.9,59.5,235,26
Y58,RA7,UNIVERSITY HOSPITALS BRISTOL AND WESTON NHS FOUNDATION TRUST,C_400,Neurology Service,739,399,54.00%,14.8,60.7,125,2
Y58,RA7,UNIVERSITY HOSPITALS BRISTOL AND WESTON NHS FOUNDATION TRUST,C_410,Rheumatology Service,"1,055",476,45.10%,20.8,64.4,125,20
Y58,RA7,UNIVERSITY HOSPITALS BRISTOL AND WESTON NHS FOUNDATION TRUST,C_430,Elderly Medicine Service,166,147,88.60%,5.6,24.7,0,0
Y58,RA7,UNIVERSITY HOSPITALS BRISTOL AND WESTON NHS FOUNDATION TRUST,C_502,Gynaecology Service,"2,950","1,880",63.70%,12.8,36.7,41,0
Y58,RA7,UNIVERSITY HOSPITALS BRISTOL AND WESTON NHS FOUNDATION TRUST,X02,Other - Medical Services,"6,222","3,562",57.20%,14.7,46.2,286,14
Y58,RA7,UNIVERSITY HOSPITALS BRISTOL AND WESTON NHS FOUNDATION TRUST,X03,Other - Mental Health Services,86,77,89.50%,7.3,18.7,0,0
Y58,RA7,UNIVERSITY HOSPITALS BRISTOL AND WESTON NHS FOUNDATION TRUST,X04,Other - Paediatric Services,"9,471","4,516",47.70%,19.4,61.7,"1,375",211
Y58,RA7,UNIVERSITY HOSPITALS BRISTOL AND WESTON NHS FOUNDATION TRUST,X05,Other - Surgical Services,"6,407","3,511",54.80%,15.9,60,694,228
Y58,RA7,UNIVERSITY HOSPITALS BRISTOL AND WESTON NHS FOUNDATION TRUST,X06,Other - Other Services,"1,754","1,615",92.10%,4.5,17.9,0,0
Y58,RA9,TORBAY AND SOUTH DEVON NHS FOUNDATION TRUST,C_100,General Surgery Service, -   , -   , -   ,-,-,0,0
Y58,RA9,TORBAY AND SOUTH DEVON NHS FOUNDATION TRUST,C_101,Urology Service,"3,140","1,269",40.40%,25,71.9,637,161
Y58,RA9,TORBAY AND SOUTH DEVON NHS FOUNDATION TRUST,C_110,Trauma and Orthopaedic Service,"3,821","1,733",45.40%,21.3,74.3,713,242
Y58,RA9,TORBAY AND SOUTH DEVON NHS FOUNDATION TRUST,C_120,Ear Nose and Throat Service,"3,536","1,427",40.40%,24.2,61,539,26
Y58,RA9,TORBAY AND SOUTH DEVON NHS FOUNDATION TRUST,C_130,Ophthalmology Service,"4,717","2,530",53.60%,16.3,53.6,411,8
Y58,RA9,TORBAY AND SOUTH DEVON NHS FOUNDATION TRUST,C_140,Oral Surgery Service,"3,131","1,198",38.30%,23.4,51.2,228,12
Y58,RA9,TORBAY AND SOUTH DEVON NHS FOUNDATION TRUST,C_150,Neurosurgical Service, -   , -   , -   ,-,-,0,0
Y58,RA9,TORBAY AND SOUTH DEVON NHS FOUNDATION TRUST,C_160,Plastic Surgery Service,275,179,65.10%,12.7,39.3,3,1
Y58,RA9,TORBAY AND SOUTH DEVON NHS FOUNDATION TRUST,C_170,Cardiothoracic Surgery Service,20,8,40.00%,24.5,44.4,0,0
Y58,RA9,TORBAY AND SOUTH DEVON NHS FOUNDATION TRUST,C_300,General Internal Medicine Service,103,32,31.10%,27.3,50.8,5,1
Y58,RA9,TORBAY AND SOUTH DEVON NHS FOUNDATION TRUST,C_301,Gastroenterology Service,"2,847","1,685",59.20%,12.7,51.2,218,10
Y58,RA9,TORBAY AND SOUTH DEVON NHS FOUNDATION TRUST,C_320,Cardiology Service,"3,056","1,475",48.30%,18.8,52.4,250,5
Y58,RA9,TORBAY AND SOUTH DEVON NHS FOUNDATION TRUST,C_330,Dermatology Service,"2,173","1,431",65.90%,9,46.9,135,10
Y58,RA9,TORBAY AND SOUTH DEVON NHS FOUNDATION TRUST,C_340,Respiratory Medicine Service,"1,669",741,44.40%,21.6,54.5,173,2
Y58,RA9,TORBAY AND SOUTH DEVON NHS FOUNDATION TRUST,C_400,Neurology Service,"1,401",618,44.10%,22.4,62.5,222,5
Y58,RA9,TORBAY AND SOUTH DEVON NHS FOUNDATION TRUST,C_410,Rheumatology Service,390,304,77.90%,6.8,33.9,7,1
Y58,RA9,TORBAY AND SOUTH DEVON NHS FOUNDATION TRUST,C_430,Elderly Medicine Service,248,226,91.10%,8.6,18.4,1,1
Y58,RA9,TORBAY AND SOUTH DEVON NHS FOUNDATION TRUST,C_502,Gynaecology Service,"2,840","1,716",60.40%,14.4,43.5,137,8
Y58,RA9,TORBAY AND SOUTH DEVON NHS FOUNDATION TRUST,X02,Other - Medical Services,"2,233",988,44.20%,21.7,51.2,157,3
Y58,RA9,TORBAY AND SOUTH DEVON NHS FOUNDATION TRUST,X03,Other - Mental Health Services, -   , -   , -   ,-,-,0,0
Y58,RA9,TORBAY AND SOUTH DEVON NHS FOUNDATION TRUST,X04,Other - Paediatric Services,"2,248",810,36.00%,26.3,68.6,380,67
Y58,RA9,TORBAY AND SOUTH DEVON NHS FOUNDATION TRUST,X05,Other - Surgical Services,"4,558","2,095",46.00%,21.2,64.4,696,208
Y58,RA9,TORBAY AND SOUTH DEVON NHS FOUNDATION TRUST,X06,Other - Other Services,301,181,60.10%,13.3,47,11,2
Y58,RBD,DORSET COUNTY HOSPITAL NHS FOUNDATION TRUST,C_100,General Surgery Service,935,484,51.80%,16.7,47.9,40,1
Y58,RBD,DORSET COUNTY HOSPITAL NHS FOUNDATION TRUST,C_101,Urology Service,882,632,71.70%,10.1,46.8,53,4
Y58,RBD,DORSET COUNTY HOSPITAL NHS FOUNDATION TRUST,C_110,Trauma and Orthopaedic Service,"2,481","1,406",56.70%,15.4,54.3,211,29
Y58,RBD,DORSET COUNTY HOSPITAL NHS FOUNDATION TRUST,C_120,Ear Nose and Throat Service,"2,412","1,259",52.20%,17,44.5,105,3
Y58,RBD,DORSET COUNTY HOSPITAL NHS FOUNDATION TRUST,C_130,Ophthalmology Service,"2,513","1,208",48.10%,19.2,55.2,240,36
Y58,RBD,DORSET COUNTY HOSPITAL NHS FOUNDATION TRUST,C_140,Oral Surgery Service,"1,454",636,43.70%,21,70.1,269,76
Y58,RBD,DORSET COUNTY HOSPITAL NHS FOUNDATION TRUST,C_150,Neurosurgical Service, -   , -   , -   ,-,-,0,0
Y58,RBD,DORSET COUNTY HOSPITAL NHS FOUNDATION TRUST,C_160,Plastic Surgery Service, -   , -   , -   ,-,-,0,0
Y58,RBD,DORSET COUNTY HOSPITAL NHS FOUNDATION TRUST,C_170,Cardiothoracic Surgery Service, -   , -   , -   ,-,-,0,0
Y58,RBD,DORSET COUNTY HOSPITAL NHS FOUNDATION TRUST,C_300,General Internal Medicine Service, -   , -   , -   ,-,-,0,0
Y58,RBD,DORSET COUNTY HOSPITAL NHS FOUNDATION TRUST,C_301,Gastroenterology Service,999,347,34.70%,28.2,85.8,262,115
Y58,RBD,DORSET COUNTY HOSPITAL NHS FOUNDATION TRUST,C_320,Cardiology Service,708,587,82.90%,8.7,21,0,0
Y58,RBD,DORSET COUNTY HOSPITAL NHS FOUNDATION TRUST,C_330,Dermatology Service,"1,488",801,53.80%,15.5,42.2,30,2
Y58,RBD,DORSET COUNTY HOSPITAL NHS FOUNDATION TRUST,C_340,Respiratory Medicine Service,261,228,87.40%,8.9,22,0,0
Y58,RBD,DORSET COUNTY HOSPITAL NHS FOUNDATION TRUST,C_400,Neurology Service, -   , -   , -   ,-,-,0,0
Y58,RBD,DORSET COUNTY HOSPITAL NHS FOUNDATION TRUST,C_410,Rheumatology Service,216,155,71.80%,11.2,48.1,1,0
Y58,RBD,DORSET COUNTY HOSPITAL NHS FOUNDATION TRUST,C_430,Elderly Medicine Service,36,35,97.20%,4.9,13.6,0,0
Y58,RBD,DORSET COUNTY HOSPITAL NHS FOUNDATION TRUST,C_502,Gynaecology Service,"1,183",824,69.70%,9.2,41.9,28,0
Y58,RBD,DORSET COUNTY HOSPITAL NHS FOUNDATION TRUST,X02,Other - Medical Services,"1,300",931,71.60%,10.6,28.8,6,0
Y58,RBD,DORSET COUNTY HOSPITAL NHS FOUNDATION TRUST,X03,Other - Mental Health Services, -   , -   , -   ,-,-,0,0
Y58,RBD,DORSET COUNTY HOSPITAL NHS FOUNDATION TRUST,X04,Other - Paediatric Services,207,137,66.20%,13.2,37.7,8,0
Y58,RBD,DORSET COUNTY HOSPITAL NHS FOUNDATION TRUST,X05,Other - Surgical Services,"1,426","1,110",77.80%,6.7,41.3,52,1
Y58,RBD,DORSET COUNTY HOSPITAL NHS FOUNDATION TRUST,X06,Other - Other Services,9,8,88.90%,-,-,0,0
Y58,RD1,ROYAL UNITED HOSPITALS BATH NHS FOUNDATION TRUST,C_100,General Surgery Service,"3,710","2,218",59.80%,14.2,51.6,286,45
Y58,RD1,ROYAL UNITED HOSPITALS BATH NHS FOUNDATION TRUST,C_101,Urology Service,"1,765","1,087",61.60%,14.9,44.2,39,1
Y58,RD1,ROYAL UNITED HOSPITALS BATH NHS FOUNDATION TRUST,C_110,Trauma and Orthopaedic Service,"2,539","1,389",54.70%,16.1,48.5,147,13
Y58,RD1,ROYAL UNITED HOSPITALS BATH NHS FOUNDATION TRUST,C_120,Ear Nose and Throat Service,"3,097","1,632",52.70%,17.2,43.2,85,3
Y58,RD1,ROYAL UNITED HOSPITALS BATH NHS FOUNDATION TRUST,C_130,Ophthalmology Service,"3,363","2,321",69.00%,11.7,34.5,24,0
Y58,RD1,ROYAL UNITED HOSPITALS BATH NHS FOUNDATION TRUST,C_140,Oral Surgery Service,"3,292","1,675",50.90%,17.6,53.8,294,23
Y58,RD1,ROYAL UNITED HOSPITALS BATH NHS FOUNDATION TRUST,C_150,Neurosurgical Service, -   , -   , -   ,-,-,0,0
Y58,RD1,ROYAL UNITED HOSPITALS BATH NHS FOUNDATION TRUST,C_160,Plastic Surgery Service, -   , -   , -   ,-,-,0,0
Y58,RD1,ROYAL UNITED HOSPITALS BATH NHS FOUNDATION TRUST,C_170,Cardiothoracic Surgery Service, -   , -   , -   ,-,-,0,0
Y58,RD1,ROYAL UNITED HOSPITALS BATH NHS FOUNDATION TRUST,C_300,General Internal Medicine Service,102,102,100.00%,7.1,14.4,0,0
Y58,RD1,ROYAL UNITED HOSPITALS BATH NHS FOUNDATION TRUST,C_301,Gastroenterology Service,"2,833","1,547",54.60%,16.3,64.1,413,58
Y58,RD1,ROYAL UNITED HOSPITALS BATH NHS FOUNDATION TRUST,C_320,Cardiology Service,"3,730","1,678",45.00%,20.9,48.7,242,3
Y58,RD1,ROYAL UNITED HOSPITALS BATH NHS FOUNDATION TRUST,C_330,Dermatology Service,"1,412","1,317",93.30%,6,17,1,0
Y58,RD1,ROYAL UNITED HOSPITALS BATH NHS FOUNDATION TRUST,C_340,Respiratory Medicine Service,359,354,98.60%,4.4,14.6,0,0
Y58,RD1,ROYAL UNITED HOSPITALS BATH NHS FOUNDATION TRUST,C_400,Neurology Service,"1,421",739,52.00%,17.1,38.6,0,0
Y58,RD1,ROYAL UNITED HOSPITALS BATH NHS FOUNDATION TRUST,C_410,Rheumatology Service,"1,213",910,75.00%,11,22.3,0,0
Y58,RD1,ROYAL UNITED HOSPITALS BATH NHS FOUNDATION TRUST,C_430,Elderly Medicine Service,188,164,87.20%,8.3,19,0,0
Y58,RD1,ROYAL UNITED HOSPITALS BATH NHS FOUNDATION TRUST,C_502,Gynaecology Service,"3,370","2,014",59.80%,15.2,38.6,45,0
Y58,RD1,ROYAL UNITED HOSPITALS BATH NHS FOUNDATION TRUST,X02,Other - Medical Services,"2,810","2,155",76.70%,10.4,28,2,0
Y58,RD1,ROYAL UNITED HOSPITALS BATH NHS FOUNDATION TRUST,X03,Other - Mental Health Services, -   , -   , -   ,-,-,0,0
Y58,RD1,ROYAL UNITED HOSPITALS BATH NHS FOUNDATION TRUST,X04,Other - Paediatric Services,121,88,72.70%,9.7,31.7,1,0
Y58,RD1,ROYAL UNITED HOSPITALS BATH NHS FOUNDATION TRUST,X05,Other - Surgical Services,478,419,87.70%,4.4,23.8,12,0
Y58,RD1,ROYAL UNITED HOSPITALS BATH NHS FOUNDATION TRUST,X06,Other - Other Services,715,493,69.00%,10,30.6,0,0
Y58,REF,ROYAL CORNWALL HOSPITALS NHS TRUST,C_100,General Surgery Service,"2,353","1,403",59.60%,13.9,45.1,104,9
Y58,REF,ROYAL CORNWALL HOSPITALS NHS TRUST,C_101,Urology Service,"1,692",965,57.00%,15.2,42.6,69,9
Y58,REF,ROYAL CORNWALL HOSPITALS NHS TRUST,C_110,Trauma and Orthopaedic Service,"7,651","3,157",41.30%,22.7,60.5,987,158
Y58,REF,ROYAL CORNWALL HOSPITALS NHS TRUST,C_120,Ear Nose and Throat Service,"2,510","1,959",78.00%,10,33.6,45,1
Y58,REF,ROYAL CORNWALL HOSPITALS NHS TRUST,C_130,Ophthalmology Service,"4,021","3,258",81.00%,9,26.2,13,0
Y58,REF,ROYAL CORNWALL HOSPITALS NHS TRUST,C_140,Oral Surgery Service,"1,644","1,273",77.40%,8.3,31,19,4
Y58,REF,ROYAL CORNWALL HOSPITALS NHS TRUST,C_150,Neurosurgical Service, -   , -   , -   ,-,-,0,0
Y58,REF,ROYAL CORNWALL HOSPITALS NHS TRUST,C_160,Plastic Surgery Service, -   , -   , -   ,-,-,0,0
Y58,REF,ROYAL CORNWALL HOSPITALS NHS TRUST,C_170,Cardiothoracic Surgery Service, -   , -   , -   ,-,-,0,0
Y58,REF,ROYAL CORNWALL HOSPITALS NHS TRUST,C_300,General Internal Medicine Service, -   , -   , -   ,-,-,0,0
Y58,REF,ROYAL CORNWALL HOSPITALS NHS TRUST,C_301,Gastroenterology Service,"2,187","1,839",84.10%,6.7,24.2,1,1
Y58,REF,ROYAL CORNWALL HOSPITALS NHS TRUST,C_320,Cardiology Service,"3,618","1,471",40.70%,22.1,51.6,284,65
Y58,REF,ROYAL CORNWALL HOSPITALS NHS TRUST,C_330,Dermatology Service,"3,183","2,287",71.90%,9.4,33.5,2,0
Y58,REF,ROYAL CORNWALL HOSPITALS NHS TRUST,C_340,Respiratory Medicine Service,561,358,63.80%,12.6,30.5,3,0
Y58,REF,ROYAL CORNWALL HOSPITALS NHS TRUST,C_400,Neurology Service,"2,125",710,33.40%,30.7,68.7,560,6
Y58,REF,ROYAL CORNWALL HOSPITALS NHS TRUST,C_410,Rheumatology Service,495,461,93.10%,6.2,17.1,0,0
Y58,REF,ROYAL CORNWALL HOSPITALS NHS TRUST,C_430,Elderly Medicine Service,357,283,79.30%,8.7,26.1,0,0
Y58,REF,ROYAL CORNWALL HOSPITALS NHS TRUST,C_502,Gynaecology Service,"2,745","1,447",52.70%,16.7,50.4,209,31
Y58,REF,ROYAL CORNWALL HOSPITALS NHS TRUST,X02,Other - Medical Services,"4,750","3,555",74.80%,9.4,28.2,14,6
Y58,REF,ROYAL CORNWALL HOSPITALS NHS TRUST,X03,Other - Mental Health Services, -   , -   , -   ,-,-,0,0
Y58,REF,ROYAL CORNWALL HOSPITALS NHS TRUST,X04,Other - Paediatric Services,"1,195",637,53.30%,16.5,39.3,16,1
Y58,REF,ROYAL CORNWALL HOSPITALS NHS TRUST,X05,Other - Surgical Services,"2,276","1,477",64.90%,10,50.8,171,25
Y58,REF,ROYAL CORNWALL HOSPITALS NHS TRUST,X06,Other - Other Services,894,791,88.50%,4.4,24.7,9,0
Y58,RH5,SOMERSET NHS FOUNDATION TRUST,C_100,General Surgery Service,416,205,49.30%,18.4,67.9,57,14
Y58,RH5,SOMERSET NHS FOUNDATION TRUST,C_101,Urology Service,"1,761",933,53.00%,16.5,54.6,155,35
Y58,RH5,SOMERSET NHS FOUNDATION TRUST,C_110,Trauma and Orthopaedic Service,"5,251","3,579",68.20%,9.5,53.8,458,113
Y58,RH5,SOMERSET NHS FOUNDATION TRUST,C_120,Ear Nose and Throat Service,"2,773","1,779",64.20%,13.3,38,94,15
Y58,RH5,SOMERSET NHS FOUNDATION TRUST,C_130,Ophthalmology Service,"4,158","2,157",51.90%,16.9,46.4,184,19
Y58,RH5,SOMERSET NHS FOUNDATION TRUST,C_140,Oral Surgery Service,"2,426","1,464",60.30%,14.7,43.7,100,12
Y58,RH5,SOMERSET NHS FOUNDATION TRUST,C_150,Neurosurgical Service, -   , -   , -   ,-,-,0,0
Y58,RH5,SOMERSET NHS FOUNDATION TRUST,C_160,Plastic Surgery Service,7,7,100.00%,-,-,0,0
Y58,RH5,SOMERSET NHS FOUNDATION TRUST,C_170,Cardiothoracic Surgery Service,15,11,73.30%,-,-,0,0
Y58,RH5,SOMERSET NHS FOUNDATION TRUST,C_300,General Internal Medicine Service,5,2,40.00%,-,-,0,0
Y58,RH5,SOMERSET NHS FOUNDATION TRUST,C_301,Gastroenterology Service,"1,602","1,086",67.80%,11.8,32.1,8,1
Y58,RH5,SOMERSET NHS FOUNDATION TRUST,C_320,Cardiology Service,"2,307","1,469",63.70%,13.6,37,42,9
Y58,RH5,SOMERSET NHS FOUNDATION TRUST,C_330,Dermatology Service,171,127,74.30%,9.3,31.8,0,0
Y58,RH5,SOMERSET NHS FOUNDATION TRUST,C_340,Respiratory Medicine Service,"1,055",762,72.20%,10.8,26.7,0,0
Y58,RH5,SOMERSET NHS FOUNDATION TRUST,C_400,Neurology Service,871,552,63.40%,13.4,37.9,3,0
Y58,RH5,SOMERSET NHS FOUNDATION TRUST,C_410,Rheumatology Service,629,282,44.80%,21.2,47.6,25,2
Y58,RH5,SOMERSET NHS FOUNDATION TRUST,C_430,Elderly Medicine Service,408,359,88.00%,6.1,22.8,1,0
Y58,RH5,SOMERSET NHS FOUNDATION TRUST,C_502,Gynaecology Service,"2,045","1,350",66.00%,10.7,46.4,112,23
Y58,RH5,SOMERSET NHS FOUNDATION TRUST,X02,Other - Medical Services,"1,932","1,123",58.10%,14.6,52.7,162,0
Y58,RH5,SOMERSET NHS FOUNDATION TRUST,X03,Other - Mental Health Services, -   , -   , -   ,-,-,0,0
Y58,RH5,SOMERSET NHS FOUNDATION TRUST,X04,Other - Paediatric Services,867,575,66.30%,11.3,43.1,23,3
Y58,RH5,SOMERSET NHS FOUNDATION TRUST,X05,Other - Surgical Services,"5,276","3,154",59.80%,12.6,55.3,487,83
Y58,RH5,SOMERSET NHS FOUNDATION TRUST,X06,Other - Other Services,828,668,80.70%,8.2,28.1,2,0
Y58,RH8,ROYAL DEVON UNIVERSITY HEALTHCARE NHS FOUNDATION TRUST,C_100,General Surgery Service,"1,260",828,65.70%,10.6,67.3,170,53
Y58,RH8,ROYAL DEVON UNIVERSITY HEALTHCARE NHS FOUNDATION TRUST,C_101,Urology Service,"3,043","1,724",56.70%,15.5,61.4,378,77
Y58,RH8,ROYAL DEVON UNIVERSITY HEALTHCARE NHS FOUNDATION TRUST,C_110,Trauma and Orthopaedic Service,"10,631","4,276",40.20%,24.4,70.6,"1,960",605
Y58,RH8,ROYAL DEVON UNIVERSITY HEALTHCARE NHS FOUNDATION TRUST,C_120,Ear Nose and Throat Service,"3,558","2,084",58.60%,14.9,49.4,198,36
Y58,RH8,ROYAL DEVON UNIVERSITY HEALTHCARE NHS FOUNDATION TRUST,C_130,Ophthalmology Service,"10,130","4,543",44.80%,20.4,62.7,"1,511",147
Y58,RH8,ROYAL DEVON UNIVERSITY HEALTHCARE NHS FOUNDATION TRUST,C_140,Oral Surgery Service,"2,927","1,766",60.30%,14.2,49.2,145,11
Y58,RH8,ROYAL DEVON UNIVERSITY HEALTHCARE NHS FOUNDATION TRUST,C_150,Neurosurgical Service, -   , -   , -   ,-,-,0,0
Y58,RH8,ROYAL DEVON UNIVERSITY HEALTHCARE NHS FOUNDATION TRUST,C_160,Plastic Surgery Service,"1,253",676,54.00%,15.7,65.3,173,39
Y58,RH8,ROYAL DEVON UNIVERSITY HEALTHCARE NHS FOUNDATION TRUST,C_170,Cardiothoracic Surgery Service, -   , -   , -   ,-,-,0,0
Y58,RH8,ROYAL DEVON UNIVERSITY HEALTHCARE NHS FOUNDATION TRUST,C_300,General Internal Medicine Service,918,465,50.70%,17.5,43.1,3,0
Y58,RH8,ROYAL DEVON UNIVERSITY HEALTHCARE NHS FOUNDATION TRUST,C_301,Gastroenterology Service,"3,990","2,435",61.00%,13.1,48.9,184,14
Y58,RH8,ROYAL DEVON UNIVERSITY HEALTHCARE NHS FOUNDATION TRUST,C_320,Cardiology Service,"4,891","2,392",48.90%,18.5,60.5,586,130
Y58,RH8,ROYAL DEVON UNIVERSITY HEALTHCARE NHS FOUNDATION TRUST,C_330,Dermatology Service,"6,241","3,593",57.60%,14.6,51.4,447,83
Y58,RH8,ROYAL DEVON UNIVERSITY HEALTHCARE NHS FOUNDATION TRUST,C_340,Respiratory Medicine Service,"2,137","1,057",49.50%,18.4,56.1,228,28
Y58,RH8,ROYAL DEVON UNIVERSITY HEALTHCARE NHS FOUNDATION TRUST,C_400,Neurology Service,"2,181","1,021",46.80%,20.2,56.2,240,14
Y58,RH8,ROYAL DEVON UNIVERSITY HEALTHCARE NHS FOUNDATION TRUST,C_410,Rheumatology Service,654,535,81.80%,6.4,24,8,0
Y58,RH8,ROYAL DEVON UNIVERSITY HEALTHCARE NHS FOUNDATION TRUST,C_430,Elderly Medicine Service,961,718,74.70%,9,37.9,13,0
Y58,RH8,ROYAL DEVON UNIVERSITY HEALTHCARE NHS FOUNDATION TRUST,C_502,Gynaecology Service,"4,795","2,336",48.70%,18.7,53.6,430,55
Y58,RH8,ROYAL DEVON UNIVERSITY HEALTHCARE NHS FOUNDATION TRUST,X02,Other - Medical Services,"7,676","4,926",64.20%,12.3,48.7,392,15
Y58,RH8,ROYAL DEVON UNIVERSITY HEALTHCARE NHS FOUNDATION TRUST,X03,Other - Mental Health Services,7,5,71.40%,-,-,0,0
Y58,RH8,ROYAL DEVON UNIVERSITY HEALTHCARE NHS FOUNDATION TRUST,X04,Other - Paediatric Services,"1,881",816,43.40%,21.2,56.5,194,14
Y58,RH8,ROYAL DEVON UNIVERSITY HEALTHCARE NHS FOUNDATION TRUST,X05,Other - Surgical Services,"6,661","3,580",53.70%,16,62.3,841,185
Y58,RH8,ROYAL DEVON UNIVERSITY HEALTHCARE NHS FOUNDATION TRUST,X06,Other - Other Services,"5,533","4,042",73.10%,8.4,38.5,123,17
Y58,RJ8,CORNWALL PARTNERSHIP NHS FOUNDATION TRUST,C_100,General Surgery Service, -   , -   , -   ,-,-,0,0
Y58,RJ8,CORNWALL PARTNERSHIP NHS FOUNDATION TRUST,C_101,Urology Service, -   , -   , -   ,-,-,0,0
Y58,RJ8,CORNWALL PARTNERSHIP NHS FOUNDATION TRUST,C_110,Trauma and Orthopaedic Service, -   , -   , -   ,-,-,0,0
Y58,RJ8,CORNWALL PARTNERSHIP NHS FOUNDATION TRUST,C_120,Ear Nose and Throat Service, -   , -   , -   ,-,-,0,0
Y58,RJ8,CORNWALL PARTNERSHIP NHS FOUNDATION TRUST,C_130,Ophthalmology Service, -   , -   , -   ,-,-,0,0
Y58,RJ8,CORNWALL PARTNERSHIP NHS FOUNDATION TRUST,C_140,Oral Surgery Service, -   , -   , -   ,-,-,0,0
Y58,RJ8,CORNWALL PARTNERSHIP NHS FOUNDATION TRUST,C_150,Neurosurgical Service, -   , -   , -   ,-,-,0,0
Y58,RJ8,CORNWALL PARTNERSHIP NHS FOUNDATION TRUST,C_160,Plastic Surgery Service, -   , -   , -   ,-,-,0,0
Y58,RJ8,CORNWALL PARTNERSHIP NHS FOUNDATION TRUST,C_170,Cardiothoracic Surgery Service, -   , -   , -   ,-,-,0,0
Y58,RJ8,CORNWALL PARTNERSHIP NHS FOUNDATION TRUST,C_300,General Internal Medicine Service, -   , -   , -   ,-,-,0,0
Y58,RJ8,CORNWALL PARTNERSHIP NHS FOUNDATION TRUST,C_301,Gastroenterology Service, -   , -   , -   ,-,-,0,0
Y58,RJ8,CORNWALL PARTNERSHIP NHS FOUNDATION TRUST,C_320,Cardiology Service, -   , -   , -   ,-,-,0,0
Y58,RJ8,CORNWALL PARTNERSHIP NHS FOUNDATION TRUST,C_330,Dermatology Service, -   , -   , -   ,-,-,0,0
Y58,RJ8,CORNWALL PARTNERSHIP NHS FOUNDATION TRUST,C_340,Respiratory Medicine Service, -   , -   , -   ,-,-,0,0
Y58,RJ8,CORNWALL PARTNERSHIP NHS FOUNDATION TRUST,C_400,Neurology Service, -   , -   , -   ,-,-,0,0
Y58,RJ8,CORNWALL PARTNERSHIP NHS FOUNDATION TRUST,C_410,Rheumatology Service, -   , -   , -   ,-,-,0,0
Y58,RJ8,CORNWALL PARTNERSHIP NHS FOUNDATION TRUST,C_430,Elderly Medicine Service, -   , -   , -   ,-,-,0,0
Y58,RJ8,CORNWALL PARTNERSHIP NHS FOUNDATION TRUST,C_502,Gynaecology Service, -   , -   , -   ,-,-,0,0
Y58,RJ8,CORNWALL PARTNERSHIP NHS FOUNDATION TRUST,X02,Other - Medical Services, -   , -   , -   ,-,-,0,0
Y58,RJ8,CORNWALL PARTNERSHIP NHS FOUNDATION TRUST,X03,Other - Mental Health Services, -   , -   , -   ,-,-,0,0
Y58,RJ8,CORNWALL PARTNERSHIP NHS FOUNDATION TRUST,X04,Other - Paediatric Services, -   , -   , -   ,-,-,0,0
Y58,RJ8,CORNWALL PARTNERSHIP NHS FOUNDATION TRUST,X05,Other - Surgical Services, -   , -   , -   ,-,-,0,0
Y58,RJ8,CORNWALL PARTNERSHIP NHS FOUNDATION TRUST,X06,Other - Other Services,508,472,92.90%,7.2,17.3,0,0
Y58,RK9,UNIVERSITY HOSPITALS PLYMOUTH NHS TRUST,C_100,General Surgery Service,70,35,50.00%,18.5,45.4,3,0
Y58,RK9,UNIVERSITY HOSPITALS PLYMOUTH NHS TRUST,C_101,Urology Service,"2,423","1,515",62.50%,12.7,54.4,211,59
Y58,RK9,UNIVERSITY HOSPITALS PLYMOUTH NHS TRUST,C_110,Trauma and Orthopaedic Service,"3,744","1,541",41.20%,23.8,91.5,803,423
Y58,RK9,UNIVERSITY HOSPITALS PLYMOUTH NHS TRUST,C_120,Ear Nose and Throat Service,"3,774","2,232",59.10%,14.1,39.4,162,36
Y58,RK9,UNIVERSITY HOSPITALS PLYMOUTH NHS TRUST,C_130,Ophthalmology Service,"6,609","3,146",47.60%,19,43.3,206,48
Y58,RK9,UNIVERSITY HOSPITALS PLYMOUTH NHS TRUST,C_140,Oral Surgery Service, -   , -   , -   ,-,-,0,0
Y58,RK9,UNIVERSITY HOSPITALS PLYMOUTH NHS TRUST,C_150,Neurosurgical Service,"2,357",704,29.90%,33.4,87.7,707,327
Y58,RK9,UNIVERSITY HOSPITALS PLYMOUTH NHS TRUST,C_160,Plastic Surgery Service,"1,804","1,213",67.20%,10.3,41.8,65,16
Y58,RK9,UNIVERSITY HOSPITALS PLYMOUTH NHS TRUST,C_170,Cardiothoracic Surgery Service,441,207,46.90%,19.8,59.9,51,7
Y58,RK9,UNIVERSITY HOSPITALS PLYMOUTH NHS TRUST,C_300,General Internal Medicine Service,64,44,68.80%,8.5,29.9,0,0
Y58,RK9,UNIVERSITY HOSPITALS PLYMOUTH NHS TRUST,C_301,Gastroenterology Service,"1,895","1,380",72.80%,9.4,38.6,48,2
Y58,RK9,UNIVERSITY HOSPITALS PLYMOUTH NHS TRUST,C_320,Cardiology Service,"2,418","1,369",56.60%,15.2,43.5,86,4
Y58,RK9,UNIVERSITY HOSPITALS PLYMOUTH NHS TRUST,C_330,Dermatology Service,"2,967","1,594",53.70%,15.7,44.2,11,0
Y58,RK9,UNIVERSITY HOSPITALS PLYMOUTH NHS TRUST,C_340,Respiratory Medicine Service,"1,226",772,63.00%,13.4,40.9,46,1
Y58,RK9,UNIVERSITY HOSPITALS PLYMOUTH NHS TRUST,C_400,Neurology Service,"1,993","1,597",80.10%,8.7,25.4,5,2
Y58,RK9,UNIVERSITY HOSPITALS PLYMOUTH NHS TRUST,C_410,Rheumatology Service,577,294,51.00%,16.8,46.7,16,0
Y58,RK9,UNIVERSITY HOSPITALS PLYMOUTH NHS TRUST,C_430,Elderly Medicine Service,45,23,51.10%,16,41.4,0,0
Y58,RK9,UNIVERSITY HOSPITALS PLYMOUTH NHS TRUST,C_502,Gynaecology Service,"3,497","1,772",50.70%,17.7,46,186,23
Y58,RK9,UNIVERSITY HOSPITALS PLYMOUTH NHS TRUST,X02,Other - Medical Services,"4,312","3,194",74.10%,9.2,38.6,111,25
Y58,RK9,UNIVERSITY HOSPITALS PLYMOUTH NHS TRUST,X03,Other - Mental Health Services,103,101,98.10%,3.4,8.8,0,0
Y58,RK9,UNIVERSITY HOSPITALS PLYMOUTH NHS TRUST,X04,Other - Paediatric Services,"1,753","1,068",60.90%,14.1,38.6,4,0
Y58,RK9,UNIVERSITY HOSPITALS PLYMOUTH NHS TRUST,X05,Other - Surgical Services,"7,060","4,055",57.40%,14.1,46,401,75
Y58,RK9,UNIVERSITY HOSPITALS PLYMOUTH NHS TRUST,X06,Other - Other Services,539,423,78.50%,7.4,39.5,16,0
Y58,RN3,GREAT WESTERN HOSPITALS NHS FOUNDATION TRUST,C_100,General Surgery Service,"4,035","2,798",69.30%,11.3,42,115,1
Y58,RN3,GREAT WESTERN HOSPITALS NHS FOUNDATION TRUST,C_101,Urology Service,"1,890","1,046",55.30%,15.9,52.6,157,11
Y58,RN3,GREAT WESTERN HOSPITALS NHS FOUNDATION TRUST,C_110,Trauma and Orthopaedic Service,"3,245","1,732",53.40%,16.8,49.2,207,19
Y58,RN3,GREAT WESTERN HOSPITALS NHS FOUNDATION TRUST,C_120,Ear Nose and Throat Service,"3,041","1,588",52.20%,17,44.6,129,3
Y58,RN3,GREAT WESTERN HOSPITALS NHS FOUNDATION TRUST,C_130,Ophthalmology Service,"2,554","1,365",53.40%,16.5,43.2,60,0
Y58,RN3,GREAT WESTERN HOSPITALS NHS FOUNDATION TRUST,C_140,Oral Surgery Service,"2,328","1,209",51.90%,17.4,37.1,8,2
Y58,RN3,GREAT WESTERN HOSPITALS NHS FOUNDATION TRUST,C_150,Neurosurgical Service, -   , -   , -   ,-,-,0,0
Y58,RN3,GREAT WESTERN HOSPITALS NHS FOUNDATION TRUST,C_160,Plastic Surgery Service,594,359,60.40%,14.8,42.9,22,1
Y58,RN3,GREAT WESTERN HOSPITALS NHS FOUNDATION TRUST,C_170,Cardiothoracic Surgery Service, -   , -   , -   ,-,-,0,0
Y58,RN3,GREAT WESTERN HOSPITALS NHS FOUNDATION TRUST,C_300,General Internal Medicine Service,13,11,84.60%,-,-,0,0
Y58,RN3,GREAT WESTERN HOSPITALS NHS FOUNDATION TRUST,C_301,Gastroenterology Service,"2,830","1,631",57.60%,14.4,46.5,96,0
Y58,RN3,GREAT WESTERN HOSPITALS NHS FOUNDATION TRUST,C_320,Cardiology Service,"1,065",776,72.90%,10.6,28,1,0
Y58,RN3,GREAT WESTERN HOSPITALS NHS FOUNDATION TRUST,C_330,Dermatology Service,"3,245","1,804",55.60%,14.6,53.2,294,0
Y58,RN3,GREAT WESTERN HOSPITALS NHS FOUNDATION TRUST,C_340,Respiratory Medicine Service,"1,005",446,44.40%,20.9,52.2,82,0
Y58,RN3,GREAT WESTERN HOSPITALS NHS FOUNDATION TRUST,C_400,Neurology Service,"1,961",696,35.50%,27.3,55.8,281,0
Y58,RN3,GREAT WESTERN HOSPITALS NHS FOUNDATION TRUST,C_410,Rheumatology Service,444,321,72.30%,10.8,28.5,1,0
Y58,RN3,GREAT WESTERN HOSPITALS NHS FOUNDATION TRUST,C_430,Elderly Medicine Service,84,77,91.70%,4.7,18.1,0,0
Y58,RN3,GREAT WESTERN HOSPITALS NHS FOUNDATION TRUST,C_502,Gynaecology Service,"2,118","1,350",63.70%,13.2,39.4,56,1
Y58,RN3,GREAT WESTERN HOSPITALS NHS FOUNDATION TRUST,X02,Other - Medical Services,"1,398",851,60.90%,13.6,44,38,0
Y58,RN3,GREAT WESTERN HOSPITALS NHS FOUNDATION TRUST,X03,Other - Mental Health Services,4,3,75.00%,-,-,0,0
Y58,RN3,GREAT WESTERN HOSPITALS NHS FOUNDATION TRUST,X04,Other - Paediatric Services,"1,459",870,59.60%,14.9,32.2,2,0
Y58,RN3,GREAT WESTERN HOSPITALS NHS FOUNDATION TRUST,X05,Other - Surgical Services,381,341,89.50%,3,22.8,5,0
Y58,RN3,GREAT WESTERN HOSPITALS NHS FOUNDATION TRUST,X06,Other - Other Services,616,428,69.50%,10,38.8,14,1
Y58,RNZ,SALISBURY NHS FOUNDATION TRUST,C_100,General Surgery Service,867,596,68.70%,11.5,38.2,12,0
Y58,RNZ,SALISBURY NHS FOUNDATION TRUST,C_101,Urology Service,973,632,65.00%,13,44.1,47,3
Y58,RNZ,SALISBURY NHS FOUNDATION TRUST,C_110,Trauma and Orthopaedic Service,"1,759","1,364",77.50%,10.3,28.8,7,0
Y58,RNZ,SALISBURY NHS FOUNDATION TRUST,C_120,Ear Nose and Throat Service,"2,298","1,191",51.80%,17.1,42.6,6,0
Y58,RNZ,SALISBURY NHS FOUNDATION TRUST,C_130,Ophthalmology Service,"1,583","1,011",63.90%,14.3,33,3,0
Y58,RNZ,SALISBURY NHS FOUNDATION TRUST,C_140,Oral Surgery Service,"2,546","1,193",46.90%,19.2,42.6,41,0
Y58,RNZ,SALISBURY NHS FOUNDATION TRUST,C_150,Neurosurgical Service, -   , -   , -   ,-,-,0,0
Y58,RNZ,SALISBURY NHS FOUNDATION TRUST,C_160,Plastic Surgery Service,"1,836","1,088",59.30%,14.4,49,126,24
Y58,RNZ,SALISBURY NHS FOUNDATION TRUST,C_170,Cardiothoracic Surgery Service, -   , -   , -   ,-,-,0,0
Y58,RNZ,SALISBURY NHS FOUNDATION TRUST,C_300,General Internal Medicine Service,162,93,57.40%,16.1,43,6,2
Y58,RNZ,SALISBURY NHS FOUNDATION TRUST,C_301,Gastroenterology Service,"1,097",598,54.50%,15.8,41.3,0,0
Y58,RNZ,SALISBURY NHS FOUNDATION TRUST,C_320,Cardiology Service,"1,646","1,075",65.30%,12.4,37.6,1,0
Y58,RNZ,SALISBURY NHS FOUNDATION TRUST,C_330,Dermatology Service,929,381,41.00%,22.1,47.2,44,0
Y58,RNZ,SALISBURY NHS FOUNDATION TRUST,C_340,Respiratory Medicine Service,"1,184",834,70.40%,9.7,40.4,46,0
Y58,RNZ,SALISBURY NHS FOUNDATION TRUST,C_400,Neurology Service, -   , -   , -   ,-,-,0,0
Y58,RNZ,SALISBURY NHS FOUNDATION TRUST,C_410,Rheumatology Service,809,420,51.90%,17,40.7,28,1
Y58,RNZ,SALISBURY NHS FOUNDATION TRUST,C_430,Elderly Medicine Service,177,169,95.50%,8.8,17.2,0,0
Y58,RNZ,SALISBURY NHS FOUNDATION TRUST,C_502,Gynaecology Service,"2,076","1,155",55.60%,16.1,38.5,68,15
Y58,RNZ,SALISBURY NHS FOUNDATION TRUST,X02,Other - Medical Services,"2,208","1,672",75.70%,10.7,26.5,3,2
Y58,RNZ,SALISBURY NHS FOUNDATION TRUST,X03,Other - Mental Health Services,53,43,81.10%,9.5,24.8,0,0
Y58,RNZ,SALISBURY NHS FOUNDATION TRUST,X04,Other - Paediatric Services,141,83,58.90%,13,36.7,2,0
Y58,RNZ,SALISBURY NHS FOUNDATION TRUST,X05,Other - Surgical Services,"1,527","1,199",78.50%,8.8,27.5,11,1
Y58,RNZ,SALISBURY NHS FOUNDATION TRUST,X06,Other - Other Services,547,444,81.20%,8.8,22.9,1,0
Y58,RTE,GLOUCESTERSHIRE HOSPITALS NHS FOUNDATION TRUST,C_100,General Surgery Service,61,54,88.50%,8,34.1,0,0
Y58,RTE,GLOUCESTERSHIRE HOSPITALS NHS FOUNDATION TRUST,C_101,Urology Service,"3,041","2,572",84.60%,9.1,26,23,0
Y58,RTE,GLOUCESTERSHIRE HOSPITALS NHS FOUNDATION TRUST,C_110,Trauma and Orthopaedic Service,"5,536","3,670",66.30%,13.1,41.8,173,1
Y58,RTE,GLOUCESTERSHIRE HOSPITALS NHS FOUNDATION TRUST,C_120,Ear Nose and Throat Service,"6,563","3,431",52.30%,17,40.8,132,8
Y58,RTE,GLOUCESTERSHIRE HOSPITALS NHS FOUNDATION TRUST,C_130,Ophthalmology Service,"5,641","3,572",63.30%,13.7,41.7,140,1
Y58,RTE,GLOUCESTERSHIRE HOSPITALS NHS FOUNDATION TRUST,C_140,Oral Surgery Service,"5,159","2,348",45.50%,20.4,50.7,365,1
Y58,RTE,GLOUCESTERSHIRE HOSPITALS NHS FOUNDATION TRUST,C_150,Neurosurgical Service, -   , -   , -   ,-,-,0,0
Y58,RTE,GLOUCESTERSHIRE HOSPITALS NHS FOUNDATION TRUST,C_160,Plastic Surgery Service, -   , -   , -   ,-,-,0,0
Y58,RTE,GLOUCESTERSHIRE HOSPITALS NHS FOUNDATION TRUST,C_170,Cardiothoracic Surgery Service,47,46,97.90%,10.8,16.7,0,0
Y58,RTE,GLOUCESTERSHIRE HOSPITALS NHS FOUNDATION TRUST,C_300,General Internal Medicine Service,386,361,93.50%,7.5,17.7,0,0
Y58,RTE,GLOUCESTERSHIRE HOSPITALS NHS FOUNDATION TRUST,C_301,Gastroenterology Service,"3,745","2,856",76.30%,10.2,37.9,39,1
Y58,RTE,GLOUCESTERSHIRE HOSPITALS NHS FOUNDATION TRUST,C_320,Cardiology Service,"6,252","5,309",84.90%,9.9,28.1,27,0
Y58,RTE,GLOUCESTERSHIRE HOSPITALS NHS FOUNDATION TRUST,C_330,Dermatology Service,"2,899","2,472",85.30%,8.9,23.4,2,0
Y58,RTE,GLOUCESTERSHIRE HOSPITALS NHS FOUNDATION TRUST,C_340,Respiratory Medicine Service,"1,513","1,150",76.00%,11,27.5,3,0
Y58,RTE,GLOUCESTERSHIRE HOSPITALS NHS FOUNDATION TRUST,C_400,Neurology Service,"1,671","1,167",69.80%,11.6,32.2,6,0
Y58,RTE,GLOUCESTERSHIRE HOSPITALS NHS FOUNDATION TRUST,C_410,Rheumatology Service,"1,061",704,66.40%,13.5,35.4,12,1
Y58,RTE,GLOUCESTERSHIRE HOSPITALS NHS FOUNDATION TRUST,C_430,Elderly Medicine Service,220,202,91.80%,7.4,18.1,0,0
Y58,RTE,GLOUCESTERSHIRE HOSPITALS NHS FOUNDATION TRUST,C_502,Gynaecology Service,"2,733","2,249",82.30%,8.9,26.5,9,0
Y58,RTE,GLOUCESTERSHIRE HOSPITALS NHS FOUNDATION TRUST,X02,Other - Medical Services,"7,455","6,388",85.70%,8.3,26.5,119,28
Y58,RTE,GLOUCESTERSHIRE HOSPITALS NHS FOUNDATION TRUST,X03,Other - Mental Health Services, -   , -   , -   ,-,-,0,0
Y58,RTE,GLOUCESTERSHIRE HOSPITALS NHS FOUNDATION TRUST,X04,Other - Paediatric Services,"1,319",968,73.40%,11.1,32.8,33,2
Y58,RTE,GLOUCESTERSHIRE HOSPITALS NHS FOUNDATION TRUST,X05,Other - Surgical Services,"8,134","5,627",69.20%,11.4,43.3,295,8
Y58,RTE,GLOUCESTERSHIRE HOSPITALS NHS FOUNDATION TRUST,X06,Other - Other Services,958,926,96.70%,8.8,17,0,0
Y58,RVJ,NORTH BRISTOL NHS TRUST,C_100,General Surgery Service,"1,253",625,49.90%,18.1,71.4,256,63
Y58,RVJ,NORTH BRISTOL NHS TRUST,C_101,Urology Service,"6,567","4,633",70.50%,11.4,42.5,216,20
Y58,RVJ,NORTH BRISTOL NHS TRUST,C_110,Trauma and Orthopaedic Service,"5,903","2,943",49.90%,18.1,63.8,839,180
Y58,RVJ,NORTH BRISTOL NHS TRUST,C_120,Ear Nose and Throat Service, -   , -   , -   ,-,-,0,0
Y58,RVJ,NORTH BRISTOL NHS TRUST,C_130,Ophthalmology Service, -   , -   , -   ,-,-,0,0
Y58,RVJ,NORTH BRISTOL NHS TRUST,C_140,Oral Surgery Service, -   , -   , -   ,-,-,0,0
Y58,RVJ,NORTH BRISTOL NHS TRUST,C_150,Neurosurgical Service,"1,287",762,59.20%,13.8,52.5,104,12
Y58,RVJ,NORTH BRISTOL NHS TRUST,C_160,Plastic Surgery Service,"3,365","2,096",62.30%,11.4,50.8,246,50
Y58,RVJ,NORTH BRISTOL NHS TRUST,C_170,Cardiothoracic Surgery Service,37,36,97.30%,5.5,15,1,1
Y58,RVJ,NORTH BRISTOL NHS TRUST,C_300,General Internal Medicine Service,2,2,100.00%,-,-,0,0
Y58,RVJ,NORTH BRISTOL NHS TRUST,C_301,Gastroenterology Service,903,701,77.60%,9.8,27.7,14,1
Y58,RVJ,NORTH BRISTOL NHS TRUST,C_320,Cardiology Service,"2,518","1,879",74.60%,11.2,31.9,8,0
Y58,RVJ,NORTH BRISTOL NHS TRUST,C_330,Dermatology Service,"2,188","1,766",80.70%,7.6,29.7,33,1
Y58,RVJ,NORTH BRISTOL NHS TRUST,C_340,Respiratory Medicine Service,817,747,91.40%,9.1,18.9,0,0
Y58,RVJ,NORTH BRISTOL NHS TRUST,C_400,Neurology Service,"3,827","2,389",62.40%,13.9,42.1,84,3
Y58,RVJ,NORTH BRISTOL NHS TRUST,C_410,Rheumatology Service,881,780,88.50%,7,20.7,0,0
Y58,RVJ,NORTH BRISTOL NHS TRUST,C_430,Elderly Medicine Service,263,253,96.20%,6.6,16.2,0,0
Y58,RVJ,NORTH BRISTOL NHS TRUST,C_502,Gynaecology Service,"4,683","2,669",57.00%,14.8,50,329,41
Y58,RVJ,NORTH BRISTOL NHS TRUST,X02,Other - Medical Services,"6,788","4,574",67.40%,10,48.4,385,1
Y58,RVJ,NORTH BRISTOL NHS TRUST,X03,Other - Mental Health Services, -   , -   , -   ,-,-,0,0
Y58,RVJ,NORTH BRISTOL NHS TRUST,X04,Other - Paediatric Services,6,6,100.00%,-,-,0,0
Y58,RVJ,NORTH BRISTOL NHS TRUST,X05,Other - Surgical Services,"7,290","5,075",69.60%,9.8,53.3,615,68
Y58,RVJ,NORTH BRISTOL NHS TRUST,X06,Other - Other Services,188,164,87.20%,7.4,21,1,0
Y59,R1C,SOLENT NHS TRUST,C_100,General Surgery Service, -   , -   , -   ,-,-,0,0
Y59,R1C,SOLENT NHS TRUST,C_101,Urology Service, -   , -   , -   ,-,-,0,0
Y59,R1C,SOLENT NHS TRUST,C_110,Trauma and Orthopaedic Service, -   , -   , -   ,-,-,0,0
Y59,R1C,SOLENT NHS TRUST,C_120,Ear Nose and Throat Service, -   , -   , -   ,-,-,0,0
Y59,R1C,SOLENT NHS TRUST,C_130,Ophthalmology Service, -   , -   , -   ,-,-,0,0
Y59,R1C,SOLENT NHS TRUST,C_140,Oral Surgery Service, -   , -   , -   ,-,-,0,0
Y59,R1C,SOLENT NHS TRUST,C_150,Neurosurgical Service, -   , -   , -   ,-,-,0,0
Y59,R1C,SOLENT NHS TRUST,C_160,Plastic Surgery Service, -   , -   , -   ,-,-,0,0
Y59,R1C,SOLENT NHS TRUST,C_170,Cardiothoracic Surgery Service, -   , -   , -   ,-,-,0,0
Y59,R1C,SOLENT NHS TRUST,C_300,General Internal Medicine Service, -   , -   , -   ,-,-,0,0
Y59,R1C,SOLENT NHS TRUST,C_301,Gastroenterology Service, -   , -   , -   ,-,-,0,0
Y59,R1C,SOLENT NHS TRUST,C_320,Cardiology Service, -   , -   , -   ,-,-,0,0
Y59,R1C,SOLENT NHS TRUST,C_330,Dermatology Service, -   , -   , -   ,-,-,0,0
Y59,R1C,SOLENT NHS TRUST,C_340,Respiratory Medicine Service, -   , -   , -   ,-,-,0,0
Y59,R1C,SOLENT NHS TRUST,C_400,Neurology Service, -   , -   , -   ,-,-,0,0
Y59,R1C,SOLENT NHS TRUST,C_410,Rheumatology Service,2,2,100.00%,-,-,0,0
Y59,R1C,SOLENT NHS TRUST,C_430,Elderly Medicine Service, -   , -   , -   ,-,-,0,0
Y59,R1C,SOLENT NHS TRUST,C_502,Gynaecology Service, -   , -   , -   ,-,-,0,0
Y59,R1C,SOLENT NHS TRUST,X02,Other - Medical Services,262,261,99.60%,4.9,13.3,0,0
Y59,R1C,SOLENT NHS TRUST,X03,Other - Mental Health Services,230,228,99.10%,4.6,10.7,0,0
Y59,R1C,SOLENT NHS TRUST,X04,Other - Paediatric Services,563,463,82.20%,10.4,23,0,0
Y59,R1C,SOLENT NHS TRUST,X05,Other - Surgical Services, -   , -   , -   ,-,-,0,0
Y59,R1C,SOLENT NHS TRUST,X06,Other - Other Services,30,30,100.00%,2,11.6,0,0
Y59,R1F,ISLE OF WIGHT NHS TRUST,C_100,General Surgery Service,"1,099",548,49.90%,18.1,60.3,151,11
Y59,R1F,ISLE OF WIGHT NHS TRUST,C_101,Urology Service,707,510,72.10%,9.3,31.1,8,1
Y59,R1F,ISLE OF WIGHT NHS TRUST,C_110,Trauma and Orthopaedic Service,"1,777","1,027",57.80%,14.3,47.7,84,1
Y59,R1F,ISLE OF WIGHT NHS TRUST,C_120,Ear Nose and Throat Service,"1,043",849,81.40%,10.4,22,2,0
Y59,R1F,ISLE OF WIGHT NHS TRUST,C_130,Ophthalmology Service,"2,667","1,196",44.80%,20.8,44.9,25,0
Y59,R1F,ISLE OF WIGHT NHS TRUST,C_140,Oral Surgery Service,481,366,76.10%,8.9,29.8,4,0
Y59,R1F,ISLE OF WIGHT NHS TRUST,C_150,Neurosurgical Service, -   , -   , -   ,-,-,0,0
Y59,R1F,ISLE OF WIGHT NHS TRUST,C_160,Plastic Surgery Service, -   , -   , -   ,-,-,0,0
Y59,R1F,ISLE OF WIGHT NHS TRUST,C_170,Cardiothoracic Surgery Service, -   , -   , -   ,-,-,0,0
Y59,R1F,ISLE OF WIGHT NHS TRUST,C_300,General Internal Medicine Service,9,8,88.90%,-,-,0,0
Y59,R1F,ISLE OF WIGHT NHS TRUST,C_301,Gastroenterology Service,532,349,65.60%,12.9,37.2,14,0
Y59,R1F,ISLE OF WIGHT NHS TRUST,C_320,Cardiology Service,654,332,50.80%,17.7,37.1,3,0
Y59,R1F,ISLE OF WIGHT NHS TRUST,C_330,Dermatology Service,774,755,97.50%,5.4,13.7,0,0
Y59,R1F,ISLE OF WIGHT NHS TRUST,C_340,Respiratory Medicine Service,313,180,57.50%,15.7,30,0,0
Y59,R1F,ISLE OF WIGHT NHS TRUST,C_400,Neurology Service, -   , -   , -   ,-,-,0,0
Y59,R1F,ISLE OF WIGHT NHS TRUST,C_410,Rheumatology Service,357,298,83.50%,9.6,23.4,1,0
Y59,R1F,ISLE OF WIGHT NHS TRUST,C_430,Elderly Medicine Service,50,36,72.00%,9.4,28,0,0
Y59,R1F,ISLE OF WIGHT NHS TRUST,C_502,Gynaecology Service,853,558,65.40%,11.7,48,53,4
Y59,R1F,ISLE OF WIGHT NHS TRUST,X02,Other - Medical Services,576,512,88.90%,9.5,20.4,2,0
Y59,R1F,ISLE OF WIGHT NHS TRUST,X03,Other - Mental Health Services,527,233,44.20%,21,49.8,23,0
Y59,R1F,ISLE OF WIGHT NHS TRUST,X04,Other - Paediatric Services, -   , -   , -   ,-,-,0,0
Y59,R1F,ISLE OF WIGHT NHS TRUST,X05,Other - Surgical Services,853,711,83.40%,6.7,27.2,15,2
Y59,R1F,ISLE OF WIGHT NHS TRUST,X06,Other - Other Services,73,71,97.30%,4,13.6,1,0
Y59,RA2,ROYAL SURREY COUNTY HOSPITAL NHS FOUNDATION TRUST,C_100,General Surgery Service,"3,272","1,996",61.00%,14.6,40.9,92,5
Y59,RA2,ROYAL SURREY COUNTY HOSPITAL NHS FOUNDATION TRUST,C_101,Urology Service,"1,667",706,42.40%,20.7,60.9,179,55
Y59,RA2,ROYAL SURREY COUNTY HOSPITAL NHS FOUNDATION TRUST,C_110,Trauma and Orthopaedic Service,"4,914","2,183",44.40%,19.4,49.5,338,30
Y59,RA2,ROYAL SURREY COUNTY HOSPITAL NHS FOUNDATION TRUST,C_120,Ear Nose and Throat Service,"2,782","1,160",41.70%,21.4,57,331,22
Y59,RA2,ROYAL SURREY COUNTY HOSPITAL NHS FOUNDATION TRUST,C_130,Ophthalmology Service,"3,322","1,335",40.20%,23.2,58.2,419,18
Y59,RA2,ROYAL SURREY COUNTY HOSPITAL NHS FOUNDATION TRUST,C_140,Oral Surgery Service,"3,317","1,999",60.30%,14.6,37.8,100,6
Y59,RA2,ROYAL SURREY COUNTY HOSPITAL NHS FOUNDATION TRUST,C_150,Neurosurgical Service,1,1,100.00%,-,-,0,0
Y59,RA2,ROYAL SURREY COUNTY HOSPITAL NHS FOUNDATION TRUST,C_160,Plastic Surgery Service,359,254,70.80%,13.3,28.7,4,0
Y59,RA2,ROYAL SURREY COUNTY HOSPITAL NHS FOUNDATION TRUST,C_170,Cardiothoracic Surgery Service,33,23,69.70%,14.6,29.4,2,0
Y59,RA2,ROYAL SURREY COUNTY HOSPITAL NHS FOUNDATION TRUST,C_300,General Internal Medicine Service,10,8,80.00%,-,-,0,0
Y59,RA2,ROYAL SURREY COUNTY HOSPITAL NHS FOUNDATION TRUST,C_301,Gastroenterology Service,"1,059",526,49.70%,18.1,43.4,43,4
Y59,RA2,ROYAL SURREY COUNTY HOSPITAL NHS FOUNDATION TRUST,C_320,Cardiology Service,"1,403",414,29.50%,25.8,51.6,109,0
Y59,RA2,ROYAL SURREY COUNTY HOSPITAL NHS FOUNDATION TRUST,C_330,Dermatology Service,1, -   , -   ,-,-,0,0
Y59,RA2,ROYAL SURREY COUNTY HOSPITAL NHS FOUNDATION TRUST,C_340,Respiratory Medicine Service,"1,028",518,50.40%,17.9,43.3,35,0
Y59,RA2,ROYAL SURREY COUNTY HOSPITAL NHS FOUNDATION TRUST,C_400,Neurology Service,634,383,60.40%,16.4,31,1,0
Y59,RA2,ROYAL SURREY COUNTY HOSPITAL NHS FOUNDATION TRUST,C_410,Rheumatology Service,153,79,51.60%,17.8,32.8,2,0
Y59,RA2,ROYAL SURREY COUNTY HOSPITAL NHS FOUNDATION TRUST,C_430,Elderly Medicine Service,58,51,87.90%,8.1,25.4,0,0
Y59,RA2,ROYAL SURREY COUNTY HOSPITAL NHS FOUNDATION TRUST,C_502,Gynaecology Service,"2,192","1,363",62.20%,15.6,37.8,65,3
Y59,RA2,ROYAL SURREY COUNTY HOSPITAL NHS FOUNDATION TRUST,X02,Other - Medical Services,"3,542","1,849",52.20%,17.4,53.8,308,27
Y59,RA2,ROYAL SURREY COUNTY HOSPITAL NHS FOUNDATION TRUST,X03,Other - Mental Health Services,8,8,100.00%,-,-,0,0
Y59,RA2,ROYAL SURREY COUNTY HOSPITAL NHS FOUNDATION TRUST,X04,Other - Paediatric Services,555,359,64.70%,15.6,37.7,12,0
Y59,RA2,ROYAL SURREY COUNTY HOSPITAL NHS FOUNDATION TRUST,X05,Other - Surgical Services,"1,399","1,214",86.80%,8.4,21.2,7,1
Y59,RA2,ROYAL SURREY COUNTY HOSPITAL NHS FOUNDATION TRUST,X06,Other - Other Services,"1,063",784,73.80%,10.5,30.1,17,2
Y59,RDR,SUSSEX COMMUNITY NHS FOUNDATION TRUST,C_100,General Surgery Service, -   , -   , -   ,-,-,0,0
Y59,RDR,SUSSEX COMMUNITY NHS FOUNDATION TRUST,C_101,Urology Service, -   , -   , -   ,-,-,0,0
Y59,RDR,SUSSEX COMMUNITY NHS FOUNDATION TRUST,C_110,Trauma and Orthopaedic Service,"5,479","3,937",71.90%,10.2,27.7,0,0
Y59,RDR,SUSSEX COMMUNITY NHS FOUNDATION TRUST,C_120,Ear Nose and Throat Service, -   , -   , -   ,-,-,0,0
Y59,RDR,SUSSEX COMMUNITY NHS FOUNDATION TRUST,C_130,Ophthalmology Service, -   , -   , -   ,-,-,0,0
Y59,RDR,SUSSEX COMMUNITY NHS FOUNDATION TRUST,C_140,Oral Surgery Service, -   , -   , -   ,-,-,0,0
Y59,RDR,SUSSEX COMMUNITY NHS FOUNDATION TRUST,C_150,Neurosurgical Service, -   , -   , -   ,-,-,0,0
Y59,RDR,SUSSEX COMMUNITY NHS FOUNDATION TRUST,C_160,Plastic Surgery Service, -   , -   , -   ,-,-,0,0
Y59,RDR,SUSSEX COMMUNITY NHS FOUNDATION TRUST,C_170,Cardiothoracic Surgery Service, -   , -   , -   ,-,-,0,0
Y59,RDR,SUSSEX COMMUNITY NHS FOUNDATION TRUST,C_300,General Internal Medicine Service,272,266,97.80%,4.4,13.7,0,0
Y59,RDR,SUSSEX COMMUNITY NHS FOUNDATION TRUST,C_301,Gastroenterology Service, -   , -   , -   ,-,-,0,0
Y59,RDR,SUSSEX COMMUNITY NHS FOUNDATION TRUST,C_320,Cardiology Service, -   , -   , -   ,-,-,0,0
Y59,RDR,SUSSEX COMMUNITY NHS FOUNDATION TRUST,C_330,Dermatology Service, -   , -   , -   ,-,-,0,0
Y59,RDR,SUSSEX COMMUNITY NHS FOUNDATION TRUST,C_340,Respiratory Medicine Service, -   , -   , -   ,-,-,0,0
Y59,RDR,SUSSEX COMMUNITY NHS FOUNDATION TRUST,C_400,Neurology Service, -   , -   , -   ,-,-,0,0
Y59,RDR,SUSSEX COMMUNITY NHS FOUNDATION TRUST,C_410,Rheumatology Service,199,179,89.90%,10,19,0,0
Y59,RDR,SUSSEX COMMUNITY NHS FOUNDATION TRUST,C_430,Elderly Medicine Service, -   , -   , -   ,-,-,0,0
Y59,RDR,SUSSEX COMMUNITY NHS FOUNDATION TRUST,C_502,Gynaecology Service, -   , -   , -   ,-,-,0,0
Y59,RDR,SUSSEX COMMUNITY NHS FOUNDATION TRUST,X02,Other - Medical Services,56,54,96.40%,7.1,17.2,0,0
Y59,RDR,SUSSEX COMMUNITY NHS FOUNDATION TRUST,X03,Other - Mental Health Services, -   , -   , -   ,-,-,0,0
Y59,RDR,SUSSEX COMMUNITY NHS FOUNDATION TRUST,X04,Other - Paediatric Services,989,806,81.50%,10.1,23.6,0,0
Y59,RDR,SUSSEX COMMUNITY NHS FOUNDATION TRUST,X05,Other - Surgical Services,260,237,91.20%,6.7,20.1,0,0
Y59,RDR,SUSSEX COMMUNITY NHS FOUNDATION TRUST,X06,Other - Other Services, -   , -   , -   ,-,-,0,0
Y59,RHM,UNIVERSITY HOSPITAL SOUTHAMPTON NHS FOUNDATION TRUST,C_100,General Surgery Service,"1,070",448,41.90%,22.8,64.1,151,40
Y59,RHM,UNIVERSITY HOSPITAL SOUTHAMPTON NHS FOUNDATION TRUST,C_101,Urology Service,"2,582","1,487",57.60%,14,50.2,174,8
Y59,RHM,UNIVERSITY HOSPITAL SOUTHAMPTON NHS FOUNDATION TRUST,C_110,Trauma and Orthopaedic Service,"3,528","1,712",48.50%,18.7,58.2,398,41
Y59,RHM,UNIVERSITY HOSPITAL SOUTHAMPTON NHS FOUNDATION TRUST,C_120,Ear Nose and Throat Service,"1,625",775,47.70%,19.6,61.9,218,51
Y59,RHM,UNIVERSITY HOSPITAL SOUTHAMPTON NHS FOUNDATION TRUST,C_130,Ophthalmology Service,"6,091","4,264",70.00%,10.8,35,162,0
Y59,RHM,UNIVERSITY HOSPITAL SOUTHAMPTON NHS FOUNDATION TRUST,C_140,Oral Surgery Service,"1,802","1,082",60.00%,13.8,48.1,127,21
Y59,RHM,UNIVERSITY HOSPITAL SOUTHAMPTON NHS FOUNDATION TRUST,C_150,Neurosurgical Service,"1,113",609,54.70%,15.5,53.5,96,15
Y59,RHM,UNIVERSITY HOSPITAL SOUTHAMPTON NHS FOUNDATION TRUST,C_160,Plastic Surgery Service, -   , -   , -   ,-,-,0,0
Y59,RHM,UNIVERSITY HOSPITAL SOUTHAMPTON NHS FOUNDATION TRUST,C_170,Cardiothoracic Surgery Service,556,441,79.30%,8.2,31.3,9,0
Y59,RHM,UNIVERSITY HOSPITAL SOUTHAMPTON NHS FOUNDATION TRUST,C_300,General Internal Medicine Service,278,255,91.70%,11.1,18.8,0,0
Y59,RHM,UNIVERSITY HOSPITAL SOUTHAMPTON NHS FOUNDATION TRUST,C_301,Gastroenterology Service,"1,063",868,81.70%,8.2,29.4,5,0
Y59,RHM,UNIVERSITY HOSPITAL SOUTHAMPTON NHS FOUNDATION TRUST,C_320,Cardiology Service,"1,992","1,435",72.00%,11.6,29.8,9,0
Y59,RHM,UNIVERSITY HOSPITAL SOUTHAMPTON NHS FOUNDATION TRUST,C_330,Dermatology Service,"2,937","2,034",69.30%,10.4,37.6,42,1
Y59,RHM,UNIVERSITY HOSPITAL SOUTHAMPTON NHS FOUNDATION TRUST,C_340,Respiratory Medicine Service,"1,233",793,64.30%,13.5,36.6,6,0
Y59,RHM,UNIVERSITY HOSPITAL SOUTHAMPTON NHS FOUNDATION TRUST,C_400,Neurology Service,"3,276","2,527",77.10%,8.9,28.6,17,1
Y59,RHM,UNIVERSITY HOSPITAL SOUTHAMPTON NHS FOUNDATION TRUST,C_410,Rheumatology Service,776,633,81.60%,9.6,25.8,1,0
Y59,RHM,UNIVERSITY HOSPITAL SOUTHAMPTON NHS FOUNDATION TRUST,C_430,Elderly Medicine Service,142,135,95.10%,6.6,14.9,0,0
Y59,RHM,UNIVERSITY HOSPITAL SOUTHAMPTON NHS FOUNDATION TRUST,C_502,Gynaecology Service,"4,204","2,386",56.80%,14.9,55,382,42
Y59,RHM,UNIVERSITY HOSPITAL SOUTHAMPTON NHS FOUNDATION TRUST,X02,Other - Medical Services,"5,786","4,234",73.20%,10.6,32.5,82,15
Y59,RHM,UNIVERSITY HOSPITAL SOUTHAMPTON NHS FOUNDATION TRUST,X03,Other - Mental Health Services,31,10,32.30%,24,37.8,0,0
Y59,RHM,UNIVERSITY HOSPITAL SOUTHAMPTON NHS FOUNDATION TRUST,X04,Other - Paediatric Services,"6,628","4,222",63.70%,13.2,43.5,315,42
Y59,RHM,UNIVERSITY HOSPITAL SOUTHAMPTON NHS FOUNDATION TRUST,X05,Other - Surgical Services,"4,893","3,285",67.10%,9.9,44.8,257,46
Y59,RHM,UNIVERSITY HOSPITAL SOUTHAMPTON NHS FOUNDATION TRUST,X06,Other - Other Services,577,462,80.10%,7.5,29.8,18,1
Y59,RHU,PORTSMOUTH HOSPITALS UNIVERSITY NATIONAL HEALTH SERVICE TRUST,C_100,General Surgery Service,"6,425","3,848",59.90%,13.2,44.8,318,17
Y59,RHU,PORTSMOUTH HOSPITALS UNIVERSITY NATIONAL HEALTH SERVICE TRUST,C_101,Urology Service,"2,474","1,607",65.00%,12.7,32,33,1
Y59,RHU,PORTSMOUTH HOSPITALS UNIVERSITY NATIONAL HEALTH SERVICE TRUST,C_110,Trauma and Orthopaedic Service,"4,778","2,889",60.50%,14.1,41.5,146,10
Y59,RHU,PORTSMOUTH HOSPITALS UNIVERSITY NATIONAL HEALTH SERVICE TRUST,C_120,Ear Nose and Throat Service,"6,305","3,815",60.50%,14.6,36.1,161,17
Y59,RHU,PORTSMOUTH HOSPITALS UNIVERSITY NATIONAL HEALTH SERVICE TRUST,C_130,Ophthalmology Service,"6,850","3,714",54.20%,15.9,47.4,343,3
Y59,RHU,PORTSMOUTH HOSPITALS UNIVERSITY NATIONAL HEALTH SERVICE TRUST,C_140,Oral Surgery Service,"2,428","1,400",57.70%,15.1,44,107,6
Y59,RHU,PORTSMOUTH HOSPITALS UNIVERSITY NATIONAL HEALTH SERVICE TRUST,C_150,Neurosurgical Service, -   , -   , -   ,-,-,0,0
Y59,RHU,PORTSMOUTH HOSPITALS UNIVERSITY NATIONAL HEALTH SERVICE TRUST,C_160,Plastic Surgery Service,621,368,59.30%,15,40.5,13,0
Y59,RHU,PORTSMOUTH HOSPITALS UNIVERSITY NATIONAL HEALTH SERVICE TRUST,C_170,Cardiothoracic Surgery Service, -   , -   , -   ,-,-,0,0
Y59,RHU,PORTSMOUTH HOSPITALS UNIVERSITY NATIONAL HEALTH SERVICE TRUST,C_300,General Internal Medicine Service, -   , -   , -   ,-,-,0,0
Y59,RHU,PORTSMOUTH HOSPITALS UNIVERSITY NATIONAL HEALTH SERVICE TRUST,C_301,Gastroenterology Service,"3,106","2,033",65.50%,11.6,37.7,33,2
Y59,RHU,PORTSMOUTH HOSPITALS UNIVERSITY NATIONAL HEALTH SERVICE TRUST,C_320,Cardiology Service,"1,971","1,478",75.00%,10.4,25.8,1,0
Y59,RHU,PORTSMOUTH HOSPITALS UNIVERSITY NATIONAL HEALTH SERVICE TRUST,C_330,Dermatology Service,"2,297","1,861",81.00%,7.9,23.1,0,0
Y59,RHU,PORTSMOUTH HOSPITALS UNIVERSITY NATIONAL HEALTH SERVICE TRUST,C_340,Respiratory Medicine Service,443,416,93.90%,5.3,15.5,0,0
Y59,RHU,PORTSMOUTH HOSPITALS UNIVERSITY NATIONAL HEALTH SERVICE TRUST,C_400,Neurology Service, -   , -   , -   ,-,-,0,0
Y59,RHU,PORTSMOUTH HOSPITALS UNIVERSITY NATIONAL HEALTH SERVICE TRUST,C_410,Rheumatology Service,605,588,97.20%,5.8,14.1,0,0
Y59,RHU,PORTSMOUTH HOSPITALS UNIVERSITY NATIONAL HEALTH SERVICE TRUST,C_430,Elderly Medicine Service,116,91,78.40%,9.3,33.7,0,0
Y59,RHU,PORTSMOUTH HOSPITALS UNIVERSITY NATIONAL HEALTH SERVICE TRUST,C_502,Gynaecology Service,"3,817","2,163",56.70%,14.9,43.4,108,4
Y59,RHU,PORTSMOUTH HOSPITALS UNIVERSITY NATIONAL HEALTH SERVICE TRUST,X02,Other - Medical Services,"2,385","1,803",75.60%,9.6,30.3,7,0
Y59,RHU,PORTSMOUTH HOSPITALS UNIVERSITY NATIONAL HEALTH SERVICE TRUST,X03,Other - Mental Health Services, -   , -   , -   ,-,-,0,0
Y59,RHU,PORTSMOUTH HOSPITALS UNIVERSITY NATIONAL HEALTH SERVICE TRUST,X04,Other - Paediatric Services,571,533,93.30%,6.1,17,0,0
Y59,RHU,PORTSMOUTH HOSPITALS UNIVERSITY NATIONAL HEALTH SERVICE TRUST,X05,Other - Surgical Services,700,405,57.90%,14.5,30.5,1,0
Y59,RHU,PORTSMOUTH HOSPITALS UNIVERSITY NATIONAL HEALTH SERVICE TRUST,X06,Other - Other Services,"1,878","1,576",83.90%,8.3,23.8,3,0
Y59,RHW,ROYAL BERKSHIRE NHS FOUNDATION TRUST,C_100,General Surgery Service,"3,006","1,837",61.10%,12.7,39,118,0
Y59,RHW,ROYAL BERKSHIRE NHS FOUNDATION TRUST,C_101,Urology Service,"3,479","1,948",56.00%,14.6,48.4,192,5
Y59,RHW,ROYAL BERKSHIRE NHS FOUNDATION TRUST,C_110,Trauma and Orthopaedic Service,"4,373","2,799",64.00%,11.8,45.1,212,5
Y59,RHW,ROYAL BERKSHIRE NHS FOUNDATION TRUST,C_120,Ear Nose and Throat Service,"5,449","2,865",52.60%,16.5,44.6,264,1
Y59,RHW,ROYAL BERKSHIRE NHS FOUNDATION TRUST,C_130,Ophthalmology Service,"3,850","2,678",69.60%,9.9,35.9,51,2
Y59,RHW,ROYAL BERKSHIRE NHS FOUNDATION TRUST,C_140,Oral Surgery Service,"1,040",776,74.60%,10.1,35,11,0
Y59,RHW,ROYAL BERKSHIRE NHS FOUNDATION TRUST,C_150,Neurosurgical Service, -   , -   , -   ,-,-,0,0
Y59,RHW,ROYAL BERKSHIRE NHS FOUNDATION TRUST,C_160,Plastic Surgery Service,519,300,57.80%,14.2,50.4,32,2
Y59,RHW,ROYAL BERKSHIRE NHS FOUNDATION TRUST,C_170,Cardiothoracic Surgery Service, -   , -   , -   ,-,-,0,0
Y59,RHW,ROYAL BERKSHIRE NHS FOUNDATION TRUST,C_300,General Internal Medicine Service, -   , -   , -   ,-,-,0,0
Y59,RHW,ROYAL BERKSHIRE NHS FOUNDATION TRUST,C_301,Gastroenterology Service,"4,190","3,067",73.20%,10.5,37.6,69,0
Y59,RHW,ROYAL BERKSHIRE NHS FOUNDATION TRUST,C_320,Cardiology Service,"4,065","2,637",64.90%,13.3,31.3,0,0
Y59,RHW,ROYAL BERKSHIRE NHS FOUNDATION TRUST,C_330,Dermatology Service,"2,201","1,245",56.60%,14.8,42,2,0
Y59,RHW,ROYAL BERKSHIRE NHS FOUNDATION TRUST,C_340,Respiratory Medicine Service,"1,255",886,70.60%,12.2,28.9,0,0
Y59,RHW,ROYAL BERKSHIRE NHS FOUNDATION TRUST,C_400,Neurology Service,"1,414",906,64.10%,12.2,38.5,0,0
Y59,RHW,ROYAL BERKSHIRE NHS FOUNDATION TRUST,C_410,Rheumatology Service,232,181,78.00%,11.2,21.9,0,0
Y59,RHW,ROYAL BERKSHIRE NHS FOUNDATION TRUST,C_430,Elderly Medicine Service, -   , -   , -   ,-,-,0,0
Y59,RHW,ROYAL BERKSHIRE NHS FOUNDATION TRUST,C_502,Gynaecology Service,"2,752","1,744",63.40%,12.1,41,34,0
Y59,RHW,ROYAL BERKSHIRE NHS FOUNDATION TRUST,X02,Other - Medical Services,"1,292","1,061",82.10%,8.6,24.6,0,0
Y59,RHW,ROYAL BERKSHIRE NHS FOUNDATION TRUST,X03,Other - Mental Health Services, -   , -   , -   ,-,-,0,0
Y59,RHW,ROYAL BERKSHIRE NHS FOUNDATION TRUST,X04,Other - Paediatric Services,"2,917","2,240",76.80%,11.1,23.2,0,0
Y59,RHW,ROYAL BERKSHIRE NHS FOUNDATION TRUST,X05,Other - Surgical Services,41,32,78.00%,9.5,47.7,3,0
Y59,RHW,ROYAL BERKSHIRE NHS FOUNDATION TRUST,X06,Other - Other Services,570,383,67.20%,13,35.7,0,0
Y59,RN5,HAMPSHIRE HOSPITALS NHS FOUNDATION TRUST,C_100,General Surgery Service,"2,527","1,488",58.90%,15.2,49.5,165,13
Y59,RN5,HAMPSHIRE HOSPITALS NHS FOUNDATION TRUST,C_101,Urology Service,"3,851","1,799",46.70%,20.6,54.5,349,44
Y59,RN5,HAMPSHIRE HOSPITALS NHS FOUNDATION TRUST,C_110,Trauma and Orthopaedic Service,"6,295","3,073",48.80%,18.6,54.9,578,69
Y59,RN5,HAMPSHIRE HOSPITALS NHS FOUNDATION TRUST,C_120,Ear Nose and Throat Service,"3,126","1,959",62.70%,13.8,37.7,58,3
Y59,RN5,HAMPSHIRE HOSPITALS NHS FOUNDATION TRUST,C_130,Ophthalmology Service,"6,053","3,228",53.30%,16.6,52.9,508,14
Y59,RN5,HAMPSHIRE HOSPITALS NHS FOUNDATION TRUST,C_140,Oral Surgery Service,"1,593",998,62.60%,13.6,38.1,26,2
Y59,RN5,HAMPSHIRE HOSPITALS NHS FOUNDATION TRUST,C_150,Neurosurgical Service, -   , -   , -   ,-,-,0,0
Y59,RN5,HAMPSHIRE HOSPITALS NHS FOUNDATION TRUST,C_160,Plastic Surgery Service, -   , -   , -   ,-,-,0,0
Y59,RN5,HAMPSHIRE HOSPITALS NHS FOUNDATION TRUST,C_170,Cardiothoracic Surgery Service,3,1,33.30%,-,-,0,0
Y59,RN5,HAMPSHIRE HOSPITALS NHS FOUNDATION TRUST,C_300,General Internal Medicine Service,93,89,95.70%,3.8,13.9,0,0
Y59,RN5,HAMPSHIRE HOSPITALS NHS FOUNDATION TRUST,C_301,Gastroenterology Service,"4,387","2,697",61.50%,13.9,38.4,55,0
Y59,RN5,HAMPSHIRE HOSPITALS NHS FOUNDATION TRUST,C_320,Cardiology Service,"2,676","1,880",70.30%,11.6,29.9,6,0
Y59,RN5,HAMPSHIRE HOSPITALS NHS FOUNDATION TRUST,C_330,Dermatology Service,"3,852","2,054",53.30%,17,52.5,316,0
Y59,RN5,HAMPSHIRE HOSPITALS NHS FOUNDATION TRUST,C_340,Respiratory Medicine Service,"1,651",986,59.70%,14.7,36.2,4,0
Y59,RN5,HAMPSHIRE HOSPITALS NHS FOUNDATION TRUST,C_400,Neurology Service,"2,698","1,074",39.80%,24.6,55.8,304,4
Y59,RN5,HAMPSHIRE HOSPITALS NHS FOUNDATION TRUST,C_410,Rheumatology Service,"1,641",949,57.80%,15.4,37.4,20,0
Y59,RN5,HAMPSHIRE HOSPITALS NHS FOUNDATION TRUST,C_430,Elderly Medicine Service,164,149,90.90%,6.9,18.9,0,0
Y59,RN5,HAMPSHIRE HOSPITALS NHS FOUNDATION TRUST,C_502,Gynaecology Service,"4,056","2,745",67.70%,12.9,31.7,40,2
Y59,RN5,HAMPSHIRE HOSPITALS NHS FOUNDATION TRUST,X02,Other - Medical Services,"3,460","2,312",66.80%,11.6,43.3,128,10
Y59,RN5,HAMPSHIRE HOSPITALS NHS FOUNDATION TRUST,X03,Other - Mental Health Services, -   , -   , -   ,-,-,0,0
Y59,RN5,HAMPSHIRE HOSPITALS NHS FOUNDATION TRUST,X04,Other - Paediatric Services,"1,353","1,003",74.10%,11.2,29.7,9,1
Y59,RN5,HAMPSHIRE HOSPITALS NHS FOUNDATION TRUST,X05,Other - Surgical Services,"3,468","2,558",73.80%,8.9,34.9,91,8
Y59,RN5,HAMPSHIRE HOSPITALS NHS FOUNDATION TRUST,X06,Other - Other Services,73,48,65.80%,14.3,36.2,2,1
Y59,RN7,DARTFORD AND GRAVESHAM NHS TRUST,C_100,General Surgery Service,"5,782","3,904",67.50%,10.6,41.9,216,18
Y59,RN7,DARTFORD AND GRAVESHAM NHS TRUST,C_101,Urology Service,"2,104","1,510",71.80%,9.3,32.4,33,1
Y59,RN7,DARTFORD AND GRAVESHAM NHS TRUST,C_110,Trauma and Orthopaedic Service,"3,600","2,031",56.40%,14.6,47.6,201,14
Y59,RN7,DARTFORD AND GRAVESHAM NHS TRUST,C_120,Ear Nose and Throat Service, -   , -   , -   ,-,-,0,0
Y59,RN7,DARTFORD AND GRAVESHAM NHS TRUST,C_130,Ophthalmology Service, -   , -   , -   ,-,-,0,0
Y59,RN7,DARTFORD AND GRAVESHAM NHS TRUST,C_140,Oral Surgery Service, -   , -   , -   ,-,-,0,0
Y59,RN7,DARTFORD AND GRAVESHAM NHS TRUST,C_150,Neurosurgical Service, -   , -   , -   ,-,-,0,0
Y59,RN7,DARTFORD AND GRAVESHAM NHS TRUST,C_160,Plastic Surgery Service, -   , -   , -   ,-,-,0,0
Y59,RN7,DARTFORD AND GRAVESHAM NHS TRUST,C_170,Cardiothoracic Surgery Service, -   , -   , -   ,-,-,0,0
Y59,RN7,DARTFORD AND GRAVESHAM NHS TRUST,C_300,General Internal Medicine Service,476,383,80.50%,9,24.5,5,3
Y59,RN7,DARTFORD AND GRAVESHAM NHS TRUST,C_301,Gastroenterology Service,"3,686","2,443",66.30%,11.1,36.7,14,0
Y59,RN7,DARTFORD AND GRAVESHAM NHS TRUST,C_320,Cardiology Service,"1,473","1,210",82.10%,7.7,28,5,0
Y59,RN7,DARTFORD AND GRAVESHAM NHS TRUST,C_330,Dermatology Service, -   , -   , -   ,-,-,0,0
Y59,RN7,DARTFORD AND GRAVESHAM NHS TRUST,C_340,Respiratory Medicine Service,955,628,65.80%,10.3,34.8,11,1
Y59,RN7,DARTFORD AND GRAVESHAM NHS TRUST,C_400,Neurology Service,913,707,77.40%,8,28.1,7,0
Y59,RN7,DARTFORD AND GRAVESHAM NHS TRUST,C_410,Rheumatology Service, -   , -   , -   ,-,-,0,0
Y59,RN7,DARTFORD AND GRAVESHAM NHS TRUST,C_430,Elderly Medicine Service,338,256,75.70%,10.3,31.1,3,0
Y59,RN7,DARTFORD AND GRAVESHAM NHS TRUST,C_502,Gynaecology Service,"3,435","2,442",71.10%,10.4,36,71,4
Y59,RN7,DARTFORD AND GRAVESHAM NHS TRUST,X02,Other - Medical Services,351,261,74.40%,5.7,31.9,2,0
Y59,RN7,DARTFORD AND GRAVESHAM NHS TRUST,X03,Other - Mental Health Services, -   , -   , -   ,-,-,0,0
Y59,RN7,DARTFORD AND GRAVESHAM NHS TRUST,X04,Other - Paediatric Services,"1,003",940,93.70%,4.5,15.5,0,0
Y59,RN7,DARTFORD AND GRAVESHAM NHS TRUST,X05,Other - Surgical Services,875,646,73.80%,10.7,31.3,13,0
Y59,RN7,DARTFORD AND GRAVESHAM NHS TRUST,X06,Other - Other Services,70,61,87.10%,6.1,22.4,1,0
Y59,RPA,MEDWAY NHS FOUNDATION TRUST,C_100,General Surgery Service,858,500,58.30%,15.3,34.6,6,0
Y59,RPA,MEDWAY NHS FOUNDATION TRUST,C_101,Urology Service,"1,688","1,409",83.50%,8.1,21.9,0,0
Y59,RPA,MEDWAY NHS FOUNDATION TRUST,C_110,Trauma and Orthopaedic Service,"1,916","1,218",63.60%,13.6,32.2,2,0
Y59,RPA,MEDWAY NHS FOUNDATION TRUST,C_120,Ear Nose and Throat Service,"4,090","2,061",50.40%,17.8,44.7,144,3
Y59,RPA,MEDWAY NHS FOUNDATION TRUST,C_130,Ophthalmology Service, -   , -   , -   ,-,-,0,0
Y59,RPA,MEDWAY NHS FOUNDATION TRUST,C_140,Oral Surgery Service, -   , -   , -   ,-,-,0,0
Y59,RPA,MEDWAY NHS FOUNDATION TRUST,C_150,Neurosurgical Service, -   , -   , -   ,-,-,0,0
Y59,RPA,MEDWAY NHS FOUNDATION TRUST,C_160,Plastic Surgery Service, -   , -   , -   ,-,-,0,0
Y59,RPA,MEDWAY NHS FOUNDATION TRUST,C_170,Cardiothoracic Surgery Service, -   , -   , -   ,-,-,0,0
Y59,RPA,MEDWAY NHS FOUNDATION TRUST,C_300,General Internal Medicine Service,934,542,58.00%,14.8,32.8,0,0
Y59,RPA,MEDWAY NHS FOUNDATION TRUST,C_301,Gastroenterology Service,"3,565","1,883",52.80%,16.8,41.1,40,0
Y59,RPA,MEDWAY NHS FOUNDATION TRUST,C_320,Cardiology Service,"3,005","1,438",47.90%,18.9,47.6,91,0
Y59,RPA,MEDWAY NHS FOUNDATION TRUST,C_330,Dermatology Service, -   , -   , -   ,-,-,0,0
Y59,RPA,MEDWAY NHS FOUNDATION TRUST,C_340,Respiratory Medicine Service,232,165,71.10%,10.9,28.5,0,0
Y59,RPA,MEDWAY NHS FOUNDATION TRUST,C_400,Neurology Service,"1,086",323,29.70%,30.4,51.9,84,1
Y59,RPA,MEDWAY NHS FOUNDATION TRUST,C_410,Rheumatology Service,"2,128","1,319",62.00%,14.4,31.4,0,0
Y59,RPA,MEDWAY NHS FOUNDATION TRUST,C_430,Elderly Medicine Service,145,110,75.90%,7.6,26.6,0,0
Y59,RPA,MEDWAY NHS FOUNDATION TRUST,C_502,Gynaecology Service,"3,803","2,410",63.40%,13.5,32,0,0
Y59,RPA,MEDWAY NHS FOUNDATION TRUST,X02,Other - Medical Services,"3,839","3,040",79.20%,9,26.4,3,0
Y59,RPA,MEDWAY NHS FOUNDATION TRUST,X03,Other - Mental Health Services, -   , -   , -   ,-,-,0,0
Y59,RPA,MEDWAY NHS FOUNDATION TRUST,X04,Other - Paediatric Services,226,153,67.70%,13.1,24.7,0,0
Y59,RPA,MEDWAY NHS FOUNDATION TRUST,X05,Other - Surgical Services,"5,099","3,628",71.20%,10.7,31,12,0
Y59,RPA,MEDWAY NHS FOUNDATION TRUST,X06,Other - Other Services,462,277,60.00%,13.3,34.1,1,0
Y59,RPC,QUEEN VICTORIA HOSPITAL NHS FOUNDATION TRUST,C_100,General Surgery Service, -   , -   , -   ,-,-,0,0
Y59,RPC,QUEEN VICTORIA HOSPITAL NHS FOUNDATION TRUST,C_101,Urology Service, -   , -   , -   ,-,-,0,0
Y59,RPC,QUEEN VICTORIA HOSPITAL NHS FOUNDATION TRUST,C_110,Trauma and Orthopaedic Service, -   , -   , -   ,-,-,0,0
Y59,RPC,QUEEN VICTORIA HOSPITAL NHS FOUNDATION TRUST,C_120,Ear Nose and Throat Service,195,182,93.30%,3.3,16.5,0,0
Y59,RPC,QUEEN VICTORIA HOSPITAL NHS FOUNDATION TRUST,C_130,Ophthalmology Service,"2,320","1,622",69.90%,11.4,32.5,14,0
Y59,RPC,QUEEN VICTORIA HOSPITAL NHS FOUNDATION TRUST,C_140,Oral Surgery Service,"4,814","3,058",63.50%,13.4,37.5,79,2
Y59,RPC,QUEEN VICTORIA HOSPITAL NHS FOUNDATION TRUST,C_150,Neurosurgical Service, -   , -   , -   ,-,-,0,0
Y59,RPC,QUEEN VICTORIA HOSPITAL NHS FOUNDATION TRUST,C_160,Plastic Surgery Service,"4,973","3,182",64.00%,12.5,43.8,203,3
Y59,RPC,QUEEN VICTORIA HOSPITAL NHS FOUNDATION TRUST,C_170,Cardiothoracic Surgery Service, -   , -   , -   ,-,-,0,0
Y59,RPC,QUEEN VICTORIA HOSPITAL NHS FOUNDATION TRUST,C_300,General Internal Medicine Service, -   , -   , -   ,-,-,0,0
Y59,RPC,QUEEN VICTORIA HOSPITAL NHS FOUNDATION TRUST,C_301,Gastroenterology Service, -   , -   , -   ,-,-,0,0
Y59,RPC,QUEEN VICTORIA HOSPITAL NHS FOUNDATION TRUST,C_320,Cardiology Service,165,129,78.20%,9.3,23,0,0
Y59,RPC,QUEEN VICTORIA HOSPITAL NHS FOUNDATION TRUST,C_330,Dermatology Service, -   , -   , -   ,-,-,0,0
Y59,RPC,QUEEN VICTORIA HOSPITAL NHS FOUNDATION TRUST,C_340,Respiratory Medicine Service, -   , -   , -   ,-,-,0,0
Y59,RPC,QUEEN VICTORIA HOSPITAL NHS FOUNDATION TRUST,C_400,Neurology Service, -   , -   , -   ,-,-,0,0
Y59,RPC,QUEEN VICTORIA HOSPITAL NHS FOUNDATION TRUST,C_410,Rheumatology Service,51,34,66.70%,14.7,24.9,0,0
Y59,RPC,QUEEN VICTORIA HOSPITAL NHS FOUNDATION TRUST,C_430,Elderly Medicine Service, -   , -   , -   ,-,-,0,0
Y59,RPC,QUEEN VICTORIA HOSPITAL NHS FOUNDATION TRUST,C_502,Gynaecology Service, -   , -   , -   ,-,-,0,0
Y59,RPC,QUEEN VICTORIA HOSPITAL NHS FOUNDATION TRUST,X02,Other - Medical Services,22,20,90.90%,6.5,22.2,0,0
Y59,RPC,QUEEN VICTORIA HOSPITAL NHS FOUNDATION TRUST,X03,Other - Mental Health Services,57,49,86.00%,10,24.2,1,0
Y59,RPC,QUEEN VICTORIA HOSPITAL NHS FOUNDATION TRUST,X04,Other - Paediatric Services,19,16,84.20%,-,-,0,0
Y59,RPC,QUEEN VICTORIA HOSPITAL NHS FOUNDATION TRUST,X05,Other - Surgical Services, -   , -   , -   ,-,-,0,0
Y59,RPC,QUEEN VICTORIA HOSPITAL NHS FOUNDATION TRUST,X06,Other - Other Services,"3,083","1,805",58.50%,15.2,33,11,0
Y59,RTH,OXFORD UNIVERSITY HOSPITALS NHS FOUNDATION TRUST,C_100,General Surgery Service,"1,586","1,306",82.30%,7.3,24.7,6,0
Y59,RTH,OXFORD UNIVERSITY HOSPITALS NHS FOUNDATION TRUST,C_101,Urology Service,"3,970","2,473",62.30%,14.2,51.8,315,69
Y59,RTH,OXFORD UNIVERSITY HOSPITALS NHS FOUNDATION TRUST,C_110,Trauma and Orthopaedic Service,"7,452","3,762",50.50%,17.7,48.1,445,65
Y59,RTH,OXFORD UNIVERSITY HOSPITALS NHS FOUNDATION TRUST,C_120,Ear Nose and Throat Service,"4,283","2,667",62.30%,14,31.7,31,5
Y59,RTH,OXFORD UNIVERSITY HOSPITALS NHS FOUNDATION TRUST,C_130,Ophthalmology Service,"5,497","4,352",79.20%,9.7,26.7,57,7
Y59,RTH,OXFORD UNIVERSITY HOSPITALS NHS FOUNDATION TRUST,C_140,Oral Surgery Service,"1,601","1,031",64.40%,13,35.4,15,4
Y59,RTH,OXFORD UNIVERSITY HOSPITALS NHS FOUNDATION TRUST,C_150,Neurosurgical Service,"1,047",626,59.80%,13.6,42.6,46,4
Y59,RTH,OXFORD UNIVERSITY HOSPITALS NHS FOUNDATION TRUST,C_160,Plastic Surgery Service,"1,695",918,54.20%,16,51.2,127,27
Y59,RTH,OXFORD UNIVERSITY HOSPITALS NHS FOUNDATION TRUST,C_170,Cardiothoracic Surgery Service,180,158,87.80%,6.4,22.1,1,0
Y59,RTH,OXFORD UNIVERSITY HOSPITALS NHS FOUNDATION TRUST,C_300,General Internal Medicine Service,81,70,86.40%,8.2,24.5,1,1
Y59,RTH,OXFORD UNIVERSITY HOSPITALS NHS FOUNDATION TRUST,C_301,Gastroenterology Service,"3,153","1,839",58.30%,14.4,41.3,66,2
Y59,RTH,OXFORD UNIVERSITY HOSPITALS NHS FOUNDATION TRUST,C_320,Cardiology Service,"2,454","1,794",73.10%,10.1,31.8,21,0
Y59,RTH,OXFORD UNIVERSITY HOSPITALS NHS FOUNDATION TRUST,C_330,Dermatology Service,"4,375","3,091",70.70%,11.2,29.4,4,0
Y59,RTH,OXFORD UNIVERSITY HOSPITALS NHS FOUNDATION TRUST,C_340,Respiratory Medicine Service,"1,051",963,91.60%,6.7,18.3,0,0
Y59,RTH,OXFORD UNIVERSITY HOSPITALS NHS FOUNDATION TRUST,C_400,Neurology Service,"2,660","1,961",73.70%,10.6,28.1,11,0
Y59,RTH,OXFORD UNIVERSITY HOSPITALS NHS FOUNDATION TRUST,C_410,Rheumatology Service,"2,937","1,735",59.10%,14.7,39,42,2
Y59,RTH,OXFORD UNIVERSITY HOSPITALS NHS FOUNDATION TRUST,C_430,Elderly Medicine Service,173,161,93.10%,5.2,17.1,0,0
Y59,RTH,OXFORD UNIVERSITY HOSPITALS NHS FOUNDATION TRUST,C_502,Gynaecology Service,"4,171","2,960",71.00%,10.6,33.1,33,3
Y59,RTH,OXFORD UNIVERSITY HOSPITALS NHS FOUNDATION TRUST,X02,Other - Medical Services,"9,072","7,106",78.30%,9,28.3,26,0
Y59,RTH,OXFORD UNIVERSITY HOSPITALS NHS FOUNDATION TRUST,X03,Other - Mental Health Services,4,2,50.00%,-,-,0,0
Y59,RTH,OXFORD UNIVERSITY HOSPITALS NHS FOUNDATION TRUST,X04,Other - Paediatric Services,"5,478","3,585",65.40%,13.3,32.4,94,11
Y59,RTH,OXFORD UNIVERSITY HOSPITALS NHS FOUNDATION TRUST,X05,Other - Surgical Services,"3,889","2,789",71.70%,10,37.3,92,5
Y59,RTH,OXFORD UNIVERSITY HOSPITALS NHS FOUNDATION TRUST,X06,Other - Other Services,"1,165",805,69.10%,11.2,37.8,21,3
Y59,RTK,ASHFORD AND ST PETER'S HOSPITALS NHS FOUNDATION TRUST,C_100,General Surgery Service,721,501,69.50%,14,33.3,4,0
Y59,RTK,ASHFORD AND ST PETER'S HOSPITALS NHS FOUNDATION TRUST,C_101,Urology Service,"2,053","1,644",80.10%,10.2,25,4,0
Y59,RTK,ASHFORD AND ST PETER'S HOSPITALS NHS FOUNDATION TRUST,C_110,Trauma and Orthopaedic Service,"6,823","4,351",63.80%,14.3,31.4,33,0
Y59,RTK,ASHFORD AND ST PETER'S HOSPITALS NHS FOUNDATION TRUST,C_120,Ear Nose and Throat Service,"2,841","1,987",69.90%,11.6,29.4,0,0
Y59,RTK,ASHFORD AND ST PETER'S HOSPITALS NHS FOUNDATION TRUST,C_130,Ophthalmology Service,"3,599","2,806",78.00%,10.9,25.2,0,0
Y59,RTK,ASHFORD AND ST PETER'S HOSPITALS NHS FOUNDATION TRUST,C_140,Oral Surgery Service,"3,293","1,680",51.00%,17.5,39,44,0
Y59,RTK,ASHFORD AND ST PETER'S HOSPITALS NHS FOUNDATION TRUST,C_150,Neurosurgical Service,1,1,100.00%,-,-,0,0
Y59,RTK,ASHFORD AND ST PETER'S HOSPITALS NHS FOUNDATION TRUST,C_160,Plastic Surgery Service,49,46,93.90%,4.5,16.5,0,0
Y59,RTK,ASHFORD AND ST PETER'S HOSPITALS NHS FOUNDATION TRUST,C_170,Cardiothoracic Surgery Service,26,26,100.00%,5.5,15.5,0,0
Y59,RTK,ASHFORD AND ST PETER'S HOSPITALS NHS FOUNDATION TRUST,C_300,General Internal Medicine Service,102,82,80.40%,14.5,30.4,0,0
Y59,RTK,ASHFORD AND ST PETER'S HOSPITALS NHS FOUNDATION TRUST,C_301,Gastroenterology Service,"1,819",667,36.70%,22.8,49,114,10
Y59,RTK,ASHFORD AND ST PETER'S HOSPITALS NHS FOUNDATION TRUST,C_320,Cardiology Service,"2,458","1,772",72.10%,11.9,27,3,0
Y59,RTK,ASHFORD AND ST PETER'S HOSPITALS NHS FOUNDATION TRUST,C_330,Dermatology Service,"5,095","3,175",62.30%,14.4,38.3,39,0
Y59,RTK,ASHFORD AND ST PETER'S HOSPITALS NHS FOUNDATION TRUST,C_340,Respiratory Medicine Service,"1,138",632,55.50%,16.7,35.2,4,0
Y59,RTK,ASHFORD AND ST PETER'S HOSPITALS NHS FOUNDATION TRUST,C_400,Neurology Service,"1,702","1,011",59.40%,14.8,39.5,28,0
Y59,RTK,ASHFORD AND ST PETER'S HOSPITALS NHS FOUNDATION TRUST,C_410,Rheumatology Service,476,364,76.50%,13.5,23.5,0,0
Y59,RTK,ASHFORD AND ST PETER'S HOSPITALS NHS FOUNDATION TRUST,C_430,Elderly Medicine Service,169,144,85.20%,9.9,21.3,0,0
Y59,RTK,ASHFORD AND ST PETER'S HOSPITALS NHS FOUNDATION TRUST,C_502,Gynaecology Service,"4,228","2,416",57.10%,15.2,41.7,101,1
Y59,RTK,ASHFORD AND ST PETER'S HOSPITALS NHS FOUNDATION TRUST,X02,Other - Medical Services,"3,089","2,131",69.00%,13.3,26.8,9,0
Y59,RTK,ASHFORD AND ST PETER'S HOSPITALS NHS FOUNDATION TRUST,X03,Other - Mental Health Services,9,9,100.00%,-,-,0,0
Y59,RTK,ASHFORD AND ST PETER'S HOSPITALS NHS FOUNDATION TRUST,X04,Other - Paediatric Services,"2,907","2,373",81.60%,10.1,24.3,3,0
Y59,RTK,ASHFORD AND ST PETER'S HOSPITALS NHS FOUNDATION TRUST,X05,Other - Surgical Services,"7,775","5,424",69.80%,11.7,30.3,52,3
Y59,RTK,ASHFORD AND ST PETER'S HOSPITALS NHS FOUNDATION TRUST,X06,Other - Other Services,241,224,92.90%,6.3,17.2,0,0
Y59,RTP,SURREY AND SUSSEX HEALTHCARE NHS TRUST,C_100,General Surgery Service,"1,333",754,56.60%,15.4,43.7,33,1
Y59,RTP,SURREY AND SUSSEX HEALTHCARE NHS TRUST,C_101,Urology Service,"2,080","1,626",78.20%,8.4,31.7,6,0
Y59,RTP,SURREY AND SUSSEX HEALTHCARE NHS TRUST,C_110,Trauma and Orthopaedic Service,721,375,52.00%,16.9,42.6,20,0
Y59,RTP,SURREY AND SUSSEX HEALTHCARE NHS TRUST,C_120,Ear Nose and Throat Service,"4,598","2,848",61.90%,14.4,29.8,14,1
Y59,RTP,SURREY AND SUSSEX HEALTHCARE NHS TRUST,C_130,Ophthalmology Service,"3,568","2,191",61.40%,13.3,40.4,64,0
Y59,RTP,SURREY AND SUSSEX HEALTHCARE NHS TRUST,C_140,Oral Surgery Service,"1,891","1,010",53.40%,16.8,43.7,35,2
Y59,RTP,SURREY AND SUSSEX HEALTHCARE NHS TRUST,C_150,Neurosurgical Service, -   , -   , -   ,-,-,0,0
Y59,RTP,SURREY AND SUSSEX HEALTHCARE NHS TRUST,C_160,Plastic Surgery Service, -   , -   , -   ,-,-,0,0
Y59,RTP,SURREY AND SUSSEX HEALTHCARE NHS TRUST,C_170,Cardiothoracic Surgery Service, -   , -   , -   ,-,-,0,0
Y59,RTP,SURREY AND SUSSEX HEALTHCARE NHS TRUST,C_300,General Internal Medicine Service,66,53,80.30%,10.5,23.4,0,0
Y59,RTP,SURREY AND SUSSEX HEALTHCARE NHS TRUST,C_301,Gastroenterology Service,"3,605","2,025",56.20%,14.8,46.3,131,0
Y59,RTP,SURREY AND SUSSEX HEALTHCARE NHS TRUST,C_320,Cardiology Service,"2,759","1,896",68.70%,12.2,30,10,0
Y59,RTP,SURREY AND SUSSEX HEALTHCARE NHS TRUST,C_330,Dermatology Service,"2,129","1,563",73.40%,9.4,27.2,2,0
Y59,RTP,SURREY AND SUSSEX HEALTHCARE NHS TRUST,C_340,Respiratory Medicine Service,"1,165",688,59.10%,14.4,37.4,3,0
Y59,RTP,SURREY AND SUSSEX HEALTHCARE NHS TRUST,C_400,Neurology Service,"1,397",887,63.50%,14.2,30.2,3,0
Y59,RTP,SURREY AND SUSSEX HEALTHCARE NHS TRUST,C_410,Rheumatology Service,136,113,83.10%,9.3,24.1,0,0
Y59,RTP,SURREY AND SUSSEX HEALTHCARE NHS TRUST,C_430,Elderly Medicine Service,137,128,93.40%,6.2,16,0,0
Y59,RTP,SURREY AND SUSSEX HEALTHCARE NHS TRUST,C_502,Gynaecology Service,"3,720","2,301",61.90%,13.6,40,69,0
Y59,RTP,SURREY AND SUSSEX HEALTHCARE NHS TRUST,X02,Other - Medical Services,"3,177","1,869",58.80%,14.7,41.6,29,0
Y59,RTP,SURREY AND SUSSEX HEALTHCARE NHS TRUST,X03,Other - Mental Health Services, -   , -   , -   ,-,-,0,0
Y59,RTP,SURREY AND SUSSEX HEALTHCARE NHS TRUST,X04,Other - Paediatric Services,"2,404","1,489",61.90%,14.2,29.5,0,0
Y59,RTP,SURREY AND SUSSEX HEALTHCARE NHS TRUST,X05,Other - Surgical Services,"5,496","3,746",68.20%,9.6,40.3,95,1
Y59,RTP,SURREY AND SUSSEX HEALTHCARE NHS TRUST,X06,Other - Other Services,"1,131",790,69.80%,11,34.9,12,0
Y59,RVV,EAST KENT HOSPITALS UNIVERSITY NHS FOUNDATION TRUST,C_100,General Surgery Service,"10,365","5,584",53.90%,15.9,53.4,907,128
Y59,RVV,EAST KENT HOSPITALS UNIVERSITY NHS FOUNDATION TRUST,C_101,Urology Service,"4,558","2,447",53.70%,16.3,47.2,261,11
Y59,RVV,EAST KENT HOSPITALS UNIVERSITY NHS FOUNDATION TRUST,C_110,Trauma and Orthopaedic Service,"5,835","2,799",48.00%,19,57.7,623,94
Y59,RVV,EAST KENT HOSPITALS UNIVERSITY NHS FOUNDATION TRUST,C_120,Ear Nose and Throat Service,"8,426","3,800",45.10%,20.6,52.1,676,108
Y59,RVV,EAST KENT HOSPITALS UNIVERSITY NHS FOUNDATION TRUST,C_130,Ophthalmology Service,"5,715","3,604",63.10%,13.5,41.2,208,4
Y59,RVV,EAST KENT HOSPITALS UNIVERSITY NHS FOUNDATION TRUST,C_140,Oral Surgery Service,"3,808","2,236",58.70%,15,33.2,6,1
Y59,RVV,EAST KENT HOSPITALS UNIVERSITY NHS FOUNDATION TRUST,C_150,Neurosurgical Service, -   , -   , -   ,-,-,0,0
Y59,RVV,EAST KENT HOSPITALS UNIVERSITY NHS FOUNDATION TRUST,C_160,Plastic Surgery Service, -   , -   , -   ,-,-,0,0
Y59,RVV,EAST KENT HOSPITALS UNIVERSITY NHS FOUNDATION TRUST,C_170,Cardiothoracic Surgery Service,1, -   , -   ,-,-,0,0
Y59,RVV,EAST KENT HOSPITALS UNIVERSITY NHS FOUNDATION TRUST,C_300,General Internal Medicine Service,11,2,18.20%,-,-,0,0
Y59,RVV,EAST KENT HOSPITALS UNIVERSITY NHS FOUNDATION TRUST,C_301,Gastroenterology Service,"5,307","2,482",46.80%,19.6,45,137,4
Y59,RVV,EAST KENT HOSPITALS UNIVERSITY NHS FOUNDATION TRUST,C_320,Cardiology Service,"2,789","1,880",67.40%,12.2,38.4,45,1
Y59,RVV,EAST KENT HOSPITALS UNIVERSITY NHS FOUNDATION TRUST,C_330,Dermatology Service,"4,791","3,487",72.80%,10.7,32.9,28,0
Y59,RVV,EAST KENT HOSPITALS UNIVERSITY NHS FOUNDATION TRUST,C_340,Respiratory Medicine Service,"2,149","1,574",73.20%,11,26.4,3,0
Y59,RVV,EAST KENT HOSPITALS UNIVERSITY NHS FOUNDATION TRUST,C_400,Neurology Service,"1,685","1,218",72.30%,12,27.1,1,0
Y59,RVV,EAST KENT HOSPITALS UNIVERSITY NHS FOUNDATION TRUST,C_410,Rheumatology Service,"1,281","1,048",81.80%,10.7,25.3,6,0
Y59,RVV,EAST KENT HOSPITALS UNIVERSITY NHS FOUNDATION TRUST,C_430,Elderly Medicine Service,451,367,81.40%,9.4,23.9,0,0
Y59,RVV,EAST KENT HOSPITALS UNIVERSITY NHS FOUNDATION TRUST,C_502,Gynaecology Service,"6,255","3,578",57.20%,15.4,50.6,460,90
Y59,RVV,EAST KENT HOSPITALS UNIVERSITY NHS FOUNDATION TRUST,X02,Other - Medical Services,"2,429","2,110",86.90%,8.2,22,16,3
Y59,RVV,EAST KENT HOSPITALS UNIVERSITY NHS FOUNDATION TRUST,X03,Other - Mental Health Services, -   , -   , -   ,-,-,0,0
Y59,RVV,EAST KENT HOSPITALS UNIVERSITY NHS FOUNDATION TRUST,X04,Other - Paediatric Services,"1,471","1,305",88.70%,6.9,20.1,2,0
Y59,RVV,EAST KENT HOSPITALS UNIVERSITY NHS FOUNDATION TRUST,X05,Other - Surgical Services,"3,303","1,996",60.40%,14.2,40.4,73,3
Y59,RVV,EAST KENT HOSPITALS UNIVERSITY NHS FOUNDATION TRUST,X06,Other - Other Services,77,67,87.00%,4,22.8,1,1
Y59,RW1,SOUTHERN HEALTH NHS FOUNDATION TRUST,C_100,General Surgery Service,1, -   , -   ,-,-,0,0
Y59,RW1,SOUTHERN HEALTH NHS FOUNDATION TRUST,C_101,Urology Service, -   , -   , -   ,-,-,0,0
Y59,RW1,SOUTHERN HEALTH NHS FOUNDATION TRUST,C_110,Trauma and Orthopaedic Service,"3,204","2,788",87.00%,8.9,21.2,0,0
Y59,RW1,SOUTHERN HEALTH NHS FOUNDATION TRUST,C_120,Ear Nose and Throat Service,193,189,97.90%,4.5,12.3,0,0
Y59,RW1,SOUTHERN HEALTH NHS FOUNDATION TRUST,C_130,Ophthalmology Service, -   , -   , -   ,-,-,0,0
Y59,RW1,SOUTHERN HEALTH NHS FOUNDATION TRUST,C_140,Oral Surgery Service, -   , -   , -   ,-,-,0,0
Y59,RW1,SOUTHERN HEALTH NHS FOUNDATION TRUST,C_150,Neurosurgical Service, -   , -   , -   ,-,-,0,0
Y59,RW1,SOUTHERN HEALTH NHS FOUNDATION TRUST,C_160,Plastic Surgery Service, -   , -   , -   ,-,-,0,0
Y59,RW1,SOUTHERN HEALTH NHS FOUNDATION TRUST,C_170,Cardiothoracic Surgery Service, -   , -   , -   ,-,-,0,0
Y59,RW1,SOUTHERN HEALTH NHS FOUNDATION TRUST,C_300,General Internal Medicine Service,240,238,99.20%,5.2,11.3,0,0
Y59,RW1,SOUTHERN HEALTH NHS FOUNDATION TRUST,C_301,Gastroenterology Service,137,136,99.30%,1.9,8,0,0
Y59,RW1,SOUTHERN HEALTH NHS FOUNDATION TRUST,C_320,Cardiology Service,134,128,95.50%,6.5,16.1,0,0
Y59,RW1,SOUTHERN HEALTH NHS FOUNDATION TRUST,C_330,Dermatology Service, -   , -   , -   ,-,-,0,0
Y59,RW1,SOUTHERN HEALTH NHS FOUNDATION TRUST,C_340,Respiratory Medicine Service,93,93,100.00%,6.9,11.9,0,0
Y59,RW1,SOUTHERN HEALTH NHS FOUNDATION TRUST,C_400,Neurology Service, -   , -   , -   ,-,-,0,0
Y59,RW1,SOUTHERN HEALTH NHS FOUNDATION TRUST,C_410,Rheumatology Service,135,131,97.00%,7.3,14.4,0,0
Y59,RW1,SOUTHERN HEALTH NHS FOUNDATION TRUST,C_430,Elderly Medicine Service,28,28,100.00%,2.8,7.9,0,0
Y59,RW1,SOUTHERN HEALTH NHS FOUNDATION TRUST,C_502,Gynaecology Service, -   , -   , -   ,-,-,0,0
Y59,RW1,SOUTHERN HEALTH NHS FOUNDATION TRUST,X02,Other - Medical Services,323,315,97.50%,4.3,10.8,0,0
Y59,RW1,SOUTHERN HEALTH NHS FOUNDATION TRUST,X03,Other - Mental Health Services, -   , -   , -   ,-,-,0,0
Y59,RW1,SOUTHERN HEALTH NHS FOUNDATION TRUST,X04,Other - Paediatric Services,17,17,100.00%,-,-,0,0
Y59,RW1,SOUTHERN HEALTH NHS FOUNDATION TRUST,X05,Other - Surgical Services,221,214,96.80%,10,16.5,0,0
Y59,RW1,SOUTHERN HEALTH NHS FOUNDATION TRUST,X06,Other - Other Services, -   , -   , -   ,-,-,0,0
Y59,RWF,MAIDSTONE AND TUNBRIDGE WELLS NHS TRUST,C_100,General Surgery Service,"6,055","4,082",67.40%,12.1,30.3,0,0
Y59,RWF,MAIDSTONE AND TUNBRIDGE WELLS NHS TRUST,C_101,Urology Service,"3,524","2,282",64.80%,13.1,30.4,0,0
Y59,RWF,MAIDSTONE AND TUNBRIDGE WELLS NHS TRUST,C_110,Trauma and Orthopaedic Service,"3,907","3,038",77.80%,10,25.8,0,0
Y59,RWF,MAIDSTONE AND TUNBRIDGE WELLS NHS TRUST,C_120,Ear Nose and Throat Service,"4,716","3,107",65.90%,13.3,28.1,0,0
Y59,RWF,MAIDSTONE AND TUNBRIDGE WELLS NHS TRUST,C_130,Ophthalmology Service,"6,655","4,735",71.10%,10.9,28.8,0,0
Y59,RWF,MAIDSTONE AND TUNBRIDGE WELLS NHS TRUST,C_140,Oral Surgery Service, -   , -   , -   ,-,-,0,0
Y59,RWF,MAIDSTONE AND TUNBRIDGE WELLS NHS TRUST,C_150,Neurosurgical Service, -   , -   , -   ,-,-,0,0
Y59,RWF,MAIDSTONE AND TUNBRIDGE WELLS NHS TRUST,C_160,Plastic Surgery Service, -   , -   , -   ,-,-,0,0
Y59,RWF,MAIDSTONE AND TUNBRIDGE WELLS NHS TRUST,C_170,Cardiothoracic Surgery Service,29,28,96.60%,5.5,14.7,0,0
Y59,RWF,MAIDSTONE AND TUNBRIDGE WELLS NHS TRUST,C_300,General Internal Medicine Service,1,1,100.00%,-,-,0,0
Y59,RWF,MAIDSTONE AND TUNBRIDGE WELLS NHS TRUST,C_301,Gastroenterology Service,"2,243","1,440",64.20%,13.3,34.1,0,0
Y59,RWF,MAIDSTONE AND TUNBRIDGE WELLS NHS TRUST,C_320,Cardiology Service,"1,629","1,399",85.90%,9.3,21.8,0,0
Y59,RWF,MAIDSTONE AND TUNBRIDGE WELLS NHS TRUST,C_330,Dermatology Service, -   , -   , -   ,-,-,0,0
Y59,RWF,MAIDSTONE AND TUNBRIDGE WELLS NHS TRUST,C_340,Respiratory Medicine Service,657,650,98.90%,5.8,14.2,0,0
Y59,RWF,MAIDSTONE AND TUNBRIDGE WELLS NHS TRUST,C_400,Neurology Service,"1,736","1,247",71.80%,12.3,27.9,0,0
Y59,RWF,MAIDSTONE AND TUNBRIDGE WELLS NHS TRUST,C_410,Rheumatology Service,"1,020",832,81.60%,8.9,23.5,0,0
Y59,RWF,MAIDSTONE AND TUNBRIDGE WELLS NHS TRUST,C_430,Elderly Medicine Service,111,110,99.10%,5.2,13.7,0,0
Y59,RWF,MAIDSTONE AND TUNBRIDGE WELLS NHS TRUST,C_502,Gynaecology Service,"5,592","2,843",50.80%,17.6,41.1,0,0
Y59,RWF,MAIDSTONE AND TUNBRIDGE WELLS NHS TRUST,X02,Other - Medical Services,"4,744","3,845",81.00%,10.1,23.3,0,0
Y59,RWF,MAIDSTONE AND TUNBRIDGE WELLS NHS TRUST,X03,Other - Mental Health Services, -   , -   , -   ,-,-,0,0
Y59,RWF,MAIDSTONE AND TUNBRIDGE WELLS NHS TRUST,X04,Other - Paediatric Services,"1,087",792,72.90%,10.6,28.9,0,0
Y59,RWF,MAIDSTONE AND TUNBRIDGE WELLS NHS TRUST,X05,Other - Surgical Services,878,819,93.30%,3.9,16.8,0,0
Y59,RWF,MAIDSTONE AND TUNBRIDGE WELLS NHS TRUST,X06,Other - Other Services,2,2,100.00%,-,-,0,0
Y59,RWX,BERKSHIRE HEALTHCARE NHS FOUNDATION TRUST,C_100,General Surgery Service, -   , -   , -   ,-,-,0,0
Y59,RWX,BERKSHIRE HEALTHCARE NHS FOUNDATION TRUST,C_101,Urology Service, -   , -   , -   ,-,-,0,0
Y59,RWX,BERKSHIRE HEALTHCARE NHS FOUNDATION TRUST,C_110,Trauma and Orthopaedic Service, -   , -   , -   ,-,-,0,0
Y59,RWX,BERKSHIRE HEALTHCARE NHS FOUNDATION TRUST,C_120,Ear Nose and Throat Service, -   , -   , -   ,-,-,0,0
Y59,RWX,BERKSHIRE HEALTHCARE NHS FOUNDATION TRUST,C_130,Ophthalmology Service, -   , -   , -   ,-,-,0,0
Y59,RWX,BERKSHIRE HEALTHCARE NHS FOUNDATION TRUST,C_140,Oral Surgery Service, -   , -   , -   ,-,-,0,0
Y59,RWX,BERKSHIRE HEALTHCARE NHS FOUNDATION TRUST,C_150,Neurosurgical Service, -   , -   , -   ,-,-,0,0
Y59,RWX,BERKSHIRE HEALTHCARE NHS FOUNDATION TRUST,C_160,Plastic Surgery Service, -   , -   , -   ,-,-,0,0
Y59,RWX,BERKSHIRE HEALTHCARE NHS FOUNDATION TRUST,C_170,Cardiothoracic Surgery Service, -   , -   , -   ,-,-,0,0
Y59,RWX,BERKSHIRE HEALTHCARE NHS FOUNDATION TRUST,C_300,General Internal Medicine Service, -   , -   , -   ,-,-,0,0
Y59,RWX,BERKSHIRE HEALTHCARE NHS FOUNDATION TRUST,C_301,Gastroenterology Service, -   , -   , -   ,-,-,0,0
Y59,RWX,BERKSHIRE HEALTHCARE NHS FOUNDATION TRUST,C_320,Cardiology Service, -   , -   , -   ,-,-,0,0
Y59,RWX,BERKSHIRE HEALTHCARE NHS FOUNDATION TRUST,C_330,Dermatology Service, -   , -   , -   ,-,-,0,0
Y59,RWX,BERKSHIRE HEALTHCARE NHS FOUNDATION TRUST,C_340,Respiratory Medicine Service, -   , -   , -   ,-,-,0,0
Y59,RWX,BERKSHIRE HEALTHCARE NHS FOUNDATION TRUST,C_400,Neurology Service, -   , -   , -   ,-,-,0,0
Y59,RWX,BERKSHIRE HEALTHCARE NHS FOUNDATION TRUST,C_410,Rheumatology Service, -   , -   , -   ,-,-,0,0
Y59,RWX,BERKSHIRE HEALTHCARE NHS FOUNDATION TRUST,C_430,Elderly Medicine Service, -   , -   , -   ,-,-,0,0
Y59,RWX,BERKSHIRE HEALTHCARE NHS FOUNDATION TRUST,C_502,Gynaecology Service, -   , -   , -   ,-,-,0,0
Y59,RWX,BERKSHIRE HEALTHCARE NHS FOUNDATION TRUST,X02,Other - Medical Services,58,58,100.00%,3.4,9.7,0,0
Y59,RWX,BERKSHIRE HEALTHCARE NHS FOUNDATION TRUST,X03,Other - Mental Health Services, -   , -   , -   ,-,-,0,0
Y59,RWX,BERKSHIRE HEALTHCARE NHS FOUNDATION TRUST,X04,Other - Paediatric Services,279,276,98.90%,6.8,14.5,0,0
Y59,RWX,BERKSHIRE HEALTHCARE NHS FOUNDATION TRUST,X05,Other - Surgical Services, -   , -   , -   ,-,-,0,0
Y59,RWX,BERKSHIRE HEALTHCARE NHS FOUNDATION TRUST,X06,Other - Other Services, -   , -   , -   ,-,-,0,0
Y59,RXC,EAST SUSSEX HEALTHCARE NHS TRUST,C_100,General Surgery Service,"6,417","3,357",52.30%,16.9,40.4,101,0
Y59,RXC,EAST SUSSEX HEALTHCARE NHS TRUST,C_101,Urology Service,"4,023","2,027",50.40%,17.8,42.9,43,0
Y59,RXC,EAST SUSSEX HEALTHCARE NHS TRUST,C_110,Trauma and Orthopaedic Service,"2,174","1,322",60.80%,14.7,39.3,23,0
Y59,RXC,EAST SUSSEX HEALTHCARE NHS TRUST,C_120,Ear Nose and Throat Service,"6,617","3,152",47.60%,19.2,45.3,288,0
Y59,RXC,EAST SUSSEX HEALTHCARE NHS TRUST,C_130,Ophthalmology Service,"6,854","4,052",59.10%,15,34.1,1,0
Y59,RXC,EAST SUSSEX HEALTHCARE NHS TRUST,C_140,Oral Surgery Service,"1,379",959,69.50%,11.7,39.7,14,0
Y59,RXC,EAST SUSSEX HEALTHCARE NHS TRUST,C_150,Neurosurgical Service, -   , -   , -   ,-,-,0,0
Y59,RXC,EAST SUSSEX HEALTHCARE NHS TRUST,C_160,Plastic Surgery Service, -   , -   , -   ,-,-,0,0
Y59,RXC,EAST SUSSEX HEALTHCARE NHS TRUST,C_170,Cardiothoracic Surgery Service, -   , -   , -   ,-,-,0,0
Y59,RXC,EAST SUSSEX HEALTHCARE NHS TRUST,C_300,General Internal Medicine Service,8,8,100.00%,-,-,0,0
Y59,RXC,EAST SUSSEX HEALTHCARE NHS TRUST,C_301,Gastroenterology Service,"4,405","2,356",53.50%,16.4,41.3,23,0
Y59,RXC,EAST SUSSEX HEALTHCARE NHS TRUST,C_320,Cardiology Service,"2,155","1,614",74.90%,12.3,22.5,0,0
Y59,RXC,EAST SUSSEX HEALTHCARE NHS TRUST,C_330,Dermatology Service,"1,006",972,96.60%,3.2,13.3,0,0
Y59,RXC,EAST SUSSEX HEALTHCARE NHS TRUST,C_340,Respiratory Medicine Service,"1,773",754,42.50%,21.7,55.3,189,0
Y59,RXC,EAST SUSSEX HEALTHCARE NHS TRUST,C_400,Neurology Service,"1,776","1,346",75.80%,11.2,23.5,0,0
Y59,RXC,EAST SUSSEX HEALTHCARE NHS TRUST,C_410,Rheumatology Service,465,365,78.50%,10.7,22.5,0,0
Y59,RXC,EAST SUSSEX HEALTHCARE NHS TRUST,C_430,Elderly Medicine Service,134,132,98.50%,6.1,15.4,0,0
Y59,RXC,EAST SUSSEX HEALTHCARE NHS TRUST,C_502,Gynaecology Service,"5,058","2,721",53.80%,16.3,41.8,31,0
Y59,RXC,EAST SUSSEX HEALTHCARE NHS TRUST,X02,Other - Medical Services,"2,454","2,220",90.50%,8.2,18.9,4,0
Y59,RXC,EAST SUSSEX HEALTHCARE NHS TRUST,X03,Other - Mental Health Services, -   , -   , -   ,-,-,0,0
Y59,RXC,EAST SUSSEX HEALTHCARE NHS TRUST,X04,Other - Paediatric Services,263,239,90.90%,8.4,18.5,0,0
Y59,RXC,EAST SUSSEX HEALTHCARE NHS TRUST,X05,Other - Surgical Services,"3,262","1,996",61.20%,14.5,29.1,4,0
Y59,RXC,EAST SUSSEX HEALTHCARE NHS TRUST,X06,Other - Other Services,812,493,60.70%,13.9,32.1,1,0
Y59,RXQ,BUCKINGHAMSHIRE HEALTHCARE NHS TRUST,C_100,General Surgery Service,"2,567","1,101",42.90%,23.1,57.3,269,27
Y59,RXQ,BUCKINGHAMSHIRE HEALTHCARE NHS TRUST,C_101,Urology Service,"2,523",942,37.30%,27.8,67.3,470,71
Y59,RXQ,BUCKINGHAMSHIRE HEALTHCARE NHS TRUST,C_110,Trauma and Orthopaedic Service,"3,806","1,612",42.40%,24.1,60.6,495,30
Y59,RXQ,BUCKINGHAMSHIRE HEALTHCARE NHS TRUST,C_120,Ear Nose and Throat Service,"3,079",963,31.30%,29.9,61.9,456,45
Y59,RXQ,BUCKINGHAMSHIRE HEALTHCARE NHS TRUST,C_130,Ophthalmology Service,"5,183","2,487",48.00%,19.3,56.9,607,18
Y59,RXQ,BUCKINGHAMSHIRE HEALTHCARE NHS TRUST,C_140,Oral Surgery Service,637,430,67.50%,11.5,43.6,22,2
Y59,RXQ,BUCKINGHAMSHIRE HEALTHCARE NHS TRUST,C_150,Neurosurgical Service, -   , -   , -   ,-,-,0,0
Y59,RXQ,BUCKINGHAMSHIRE HEALTHCARE NHS TRUST,C_160,Plastic Surgery Service,"1,244",552,44.40%,21.5,58.6,143,14
Y59,RXQ,BUCKINGHAMSHIRE HEALTHCARE NHS TRUST,C_170,Cardiothoracic Surgery Service, -   , -   , -   ,-,-,0,0
Y59,RXQ,BUCKINGHAMSHIRE HEALTHCARE NHS TRUST,C_300,General Internal Medicine Service, -   , -   , -   ,-,-,0,0
Y59,RXQ,BUCKINGHAMSHIRE HEALTHCARE NHS TRUST,C_301,Gastroenterology Service,"2,083","1,195",57.40%,14.1,51.2,148,0
Y59,RXQ,BUCKINGHAMSHIRE HEALTHCARE NHS TRUST,C_320,Cardiology Service,"1,326","1,157",87.30%,8.3,21.6,0,0
Y59,RXQ,BUCKINGHAMSHIRE HEALTHCARE NHS TRUST,C_330,Dermatology Service,"1,580","1,113",70.40%,13.1,32.5,29,0
Y59,RXQ,BUCKINGHAMSHIRE HEALTHCARE NHS TRUST,C_340,Respiratory Medicine Service,606,211,34.80%,26.2,44,6,0
Y59,RXQ,BUCKINGHAMSHIRE HEALTHCARE NHS TRUST,C_400,Neurology Service,825,235,28.50%,26.7,38.3,1,0
Y59,RXQ,BUCKINGHAMSHIRE HEALTHCARE NHS TRUST,C_410,Rheumatology Service,446,323,72.40%,13.2,25.9,0,0
Y59,RXQ,BUCKINGHAMSHIRE HEALTHCARE NHS TRUST,C_430,Elderly Medicine Service,317,316,99.70%,4.2,11.3,0,0
Y59,RXQ,BUCKINGHAMSHIRE HEALTHCARE NHS TRUST,C_502,Gynaecology Service,"4,085","2,264",55.40%,15.8,55.8,402,19
Y59,RXQ,BUCKINGHAMSHIRE HEALTHCARE NHS TRUST,X02,Other - Medical Services,"4,259","2,181",51.20%,17.5,52.5,345,7
Y59,RXQ,BUCKINGHAMSHIRE HEALTHCARE NHS TRUST,X03,Other - Mental Health Services, -   , -   , -   ,-,-,0,0
Y59,RXQ,BUCKINGHAMSHIRE HEALTHCARE NHS TRUST,X04,Other - Paediatric Services,667,297,44.50%,23.7,59.5,105,0
Y59,RXQ,BUCKINGHAMSHIRE HEALTHCARE NHS TRUST,X05,Other - Surgical Services,"1,237",660,53.40%,16.3,61.2,210,9
Y59,RXQ,BUCKINGHAMSHIRE HEALTHCARE NHS TRUST,X06,Other - Other Services,294,242,82.30%,7.3,31.1,3,0
Y59,RYR,UNIVERSITY HOSPITALS SUSSEX NHS FOUNDATION TRUST,C_100,General Surgery Service,"1,665",978,58.70%,14.5,57,160,37
Y59,RYR,UNIVERSITY HOSPITALS SUSSEX NHS FOUNDATION TRUST,C_101,Urology Service,"7,352","3,876",52.70%,16.7,55,686,71
Y59,RYR,UNIVERSITY HOSPITALS SUSSEX NHS FOUNDATION TRUST,C_110,Trauma and Orthopaedic Service,"7,328","3,765",51.40%,16.9,59.3,816,154
Y59,RYR,UNIVERSITY HOSPITALS SUSSEX NHS FOUNDATION TRUST,C_120,Ear Nose and Throat Service,"7,454","4,377",58.70%,14.9,41.6,276,15
Y59,RYR,UNIVERSITY HOSPITALS SUSSEX NHS FOUNDATION TRUST,C_130,Ophthalmology Service,"12,835","8,086",63.00%,13,39.7,253,3
Y59,RYR,UNIVERSITY HOSPITALS SUSSEX NHS FOUNDATION TRUST,C_140,Oral Surgery Service,"5,750","2,668",46.40%,20.2,54.3,544,37
Y59,RYR,UNIVERSITY HOSPITALS SUSSEX NHS FOUNDATION TRUST,C_150,Neurosurgical Service,896,341,38.10%,25.4,72.3,178,49
Y59,RYR,UNIVERSITY HOSPITALS SUSSEX NHS FOUNDATION TRUST,C_160,Plastic Surgery Service,49,43,87.80%,4.9,26,0,0
Y59,RYR,UNIVERSITY HOSPITALS SUSSEX NHS FOUNDATION TRUST,C_170,Cardiothoracic Surgery Service,208,108,51.90%,16.5,45.4,9,1
Y59,RYR,UNIVERSITY HOSPITALS SUSSEX NHS FOUNDATION TRUST,C_300,General Internal Medicine Service,153,132,86.30%,3.4,22,0,0
Y59,RYR,UNIVERSITY HOSPITALS SUSSEX NHS FOUNDATION TRUST,C_301,Gastroenterology Service,"5,670","2,870",50.60%,17.5,63.6,912,154
Y59,RYR,UNIVERSITY HOSPITALS SUSSEX NHS FOUNDATION TRUST,C_320,Cardiology Service,"9,181","5,329",58.00%,15,40.3,126,9
Y59,RYR,UNIVERSITY HOSPITALS SUSSEX NHS FOUNDATION TRUST,C_330,Dermatology Service,"6,445","4,210",65.30%,11.8,36.6,17,1
Y59,RYR,UNIVERSITY HOSPITALS SUSSEX NHS FOUNDATION TRUST,C_340,Respiratory Medicine Service,"2,804","1,797",64.10%,12.6,39.4,65,2
Y59,RYR,UNIVERSITY HOSPITALS SUSSEX NHS FOUNDATION TRUST,C_400,Neurology Service,"4,979","2,259",45.40%,20.5,48.9,237,1
Y59,RYR,UNIVERSITY HOSPITALS SUSSEX NHS FOUNDATION TRUST,C_410,Rheumatology Service,"2,231","1,084",48.60%,19.4,47,93,1
Y59,RYR,UNIVERSITY HOSPITALS SUSSEX NHS FOUNDATION TRUST,C_430,Elderly Medicine Service,125,98,78.40%,6.6,36,2,0
Y59,RYR,UNIVERSITY HOSPITALS SUSSEX NHS FOUNDATION TRUST,C_502,Gynaecology Service,"11,433","5,341",46.70%,20.4,60.2,"1,452",174
Y59,RYR,UNIVERSITY HOSPITALS SUSSEX NHS FOUNDATION TRUST,X02,Other - Medical Services,"5,580","3,571",64.00%,12,43,122,5
Y59,RYR,UNIVERSITY HOSPITALS SUSSEX NHS FOUNDATION TRUST,X03,Other - Mental Health Services, -   , -   , -   ,-,-,0,0
Y59,RYR,UNIVERSITY HOSPITALS SUSSEX NHS FOUNDATION TRUST,X04,Other - Paediatric Services,"8,470","4,808",56.80%,15.4,40.9,219,3
Y59,RYR,UNIVERSITY HOSPITALS SUSSEX NHS FOUNDATION TRUST,X05,Other - Surgical Services,"14,773","8,421",57.00%,13.9,59.9,"1,728",359
Y59,RYR,UNIVERSITY HOSPITALS SUSSEX NHS FOUNDATION TRUST,X06,Other - Other Services,"2,354","1,309",55.60%,15.5,51.2,170,5
Y59,RYY,KENT COMMUNITY HEALTH NHS FOUNDATION TRUST,C_100,General Surgery Service, -   , -   , -   ,-,-,0,0
Y59,RYY,KENT COMMUNITY HEALTH NHS FOUNDATION TRUST,C_101,Urology Service, -   , -   , -   ,-,-,0,0
Y59,RYY,KENT COMMUNITY HEALTH NHS FOUNDATION TRUST,C_110,Trauma and Orthopaedic Service,"3,821","3,818",99.90%,7,13.7,0,0
Y59,RYY,KENT COMMUNITY HEALTH NHS FOUNDATION TRUST,C_120,Ear Nose and Throat Service, -   , -   , -   ,-,-,0,0
Y59,RYY,KENT COMMUNITY HEALTH NHS FOUNDATION TRUST,C_130,Ophthalmology Service, -   , -   , -   ,-,-,0,0
Y59,RYY,KENT COMMUNITY HEALTH NHS FOUNDATION TRUST,C_140,Oral Surgery Service, -   , -   , -   ,-,-,0,0
Y59,RYY,KENT COMMUNITY HEALTH NHS FOUNDATION TRUST,C_150,Neurosurgical Service, -   , -   , -   ,-,-,0,0
Y59,RYY,KENT COMMUNITY HEALTH NHS FOUNDATION TRUST,C_160,Plastic Surgery Service, -   , -   , -   ,-,-,0,0
Y59,RYY,KENT COMMUNITY HEALTH NHS FOUNDATION TRUST,C_170,Cardiothoracic Surgery Service, -   , -   , -   ,-,-,0,0
Y59,RYY,KENT COMMUNITY HEALTH NHS FOUNDATION TRUST,C_300,General Internal Medicine Service, -   , -   , -   ,-,-,0,0
Y59,RYY,KENT COMMUNITY HEALTH NHS FOUNDATION TRUST,C_301,Gastroenterology Service, -   , -   , -   ,-,-,0,0
Y59,RYY,KENT COMMUNITY HEALTH NHS FOUNDATION TRUST,C_320,Cardiology Service, -   , -   , -   ,-,-,0,0
Y59,RYY,KENT COMMUNITY HEALTH NHS FOUNDATION TRUST,C_330,Dermatology Service, -   , -   , -   ,-,-,0,0
Y59,RYY,KENT COMMUNITY HEALTH NHS FOUNDATION TRUST,C_340,Respiratory Medicine Service, -   , -   , -   ,-,-,0,0
Y59,RYY,KENT COMMUNITY HEALTH NHS FOUNDATION TRUST,C_400,Neurology Service, -   , -   , -   ,-,-,0,0
Y59,RYY,KENT COMMUNITY HEALTH NHS FOUNDATION TRUST,C_410,Rheumatology Service, -   , -   , -   ,-,-,0,0
Y59,RYY,KENT COMMUNITY HEALTH NHS FOUNDATION TRUST,C_430,Elderly Medicine Service, -   , -   , -   ,-,-,0,0
Y59,RYY,KENT COMMUNITY HEALTH NHS FOUNDATION TRUST,C_502,Gynaecology Service, -   , -   , -   ,-,-,0,0
Y59,RYY,KENT COMMUNITY HEALTH NHS FOUNDATION TRUST,X02,Other - Medical Services,372,372,100.00%,3.8,9,0,0
Y59,RYY,KENT COMMUNITY HEALTH NHS FOUNDATION TRUST,X03,Other - Mental Health Services, -   , -   , -   ,-,-,0,0
Y59,RYY,KENT COMMUNITY HEALTH NHS FOUNDATION TRUST,X04,Other - Paediatric Services, -   , -   , -   ,-,-,0,0
Y59,RYY,KENT COMMUNITY HEALTH NHS FOUNDATION TRUST,X05,Other - Surgical Services, -   , -   , -   ,-,-,0,0
Y59,RYY,KENT COMMUNITY HEALTH NHS FOUNDATION TRUST,X06,Other - Other Services, -   , -   , -   ,-,-,0,0
Y60,R1A,HEREFORDSHIRE AND WORCESTERSHIRE HEALTH AND CARE NHS TRUST,C_100,General Surgery Service, -   , -   , -   ,-,-,0,0
Y60,R1A,HEREFORDSHIRE AND WORCESTERSHIRE HEALTH AND CARE NHS TRUST,C_101,Urology Service, -   , -   , -   ,-,-,0,0
Y60,R1A,HEREFORDSHIRE AND WORCESTERSHIRE HEALTH AND CARE NHS TRUST,C_110,Trauma and Orthopaedic Service,132,132,100.00%,5.9,13.9,0,0
Y60,R1A,HEREFORDSHIRE AND WORCESTERSHIRE HEALTH AND CARE NHS TRUST,C_120,Ear Nose and Throat Service,60,60,100.00%,5.1,10.2,0,0
Y60,R1A,HEREFORDSHIRE AND WORCESTERSHIRE HEALTH AND CARE NHS TRUST,C_130,Ophthalmology Service, -   , -   , -   ,-,-,0,0
Y60,R1A,HEREFORDSHIRE AND WORCESTERSHIRE HEALTH AND CARE NHS TRUST,C_140,Oral Surgery Service, -   , -   , -   ,-,-,0,0
Y60,R1A,HEREFORDSHIRE AND WORCESTERSHIRE HEALTH AND CARE NHS TRUST,C_150,Neurosurgical Service, -   , -   , -   ,-,-,0,0
Y60,R1A,HEREFORDSHIRE AND WORCESTERSHIRE HEALTH AND CARE NHS TRUST,C_160,Plastic Surgery Service, -   , -   , -   ,-,-,0,0
Y60,R1A,HEREFORDSHIRE AND WORCESTERSHIRE HEALTH AND CARE NHS TRUST,C_170,Cardiothoracic Surgery Service, -   , -   , -   ,-,-,0,0
Y60,R1A,HEREFORDSHIRE AND WORCESTERSHIRE HEALTH AND CARE NHS TRUST,C_300,General Internal Medicine Service,2,2,100.00%,-,-,0,0
Y60,R1A,HEREFORDSHIRE AND WORCESTERSHIRE HEALTH AND CARE NHS TRUST,C_301,Gastroenterology Service, -   , -   , -   ,-,-,0,0
Y60,R1A,HEREFORDSHIRE AND WORCESTERSHIRE HEALTH AND CARE NHS TRUST,C_320,Cardiology Service, -   , -   , -   ,-,-,0,0
Y60,R1A,HEREFORDSHIRE AND WORCESTERSHIRE HEALTH AND CARE NHS TRUST,C_330,Dermatology Service, -   , -   , -   ,-,-,0,0
Y60,R1A,HEREFORDSHIRE AND WORCESTERSHIRE HEALTH AND CARE NHS TRUST,C_340,Respiratory Medicine Service, -   , -   , -   ,-,-,0,0
Y60,R1A,HEREFORDSHIRE AND WORCESTERSHIRE HEALTH AND CARE NHS TRUST,C_400,Neurology Service, -   , -   , -   ,-,-,0,0
Y60,R1A,HEREFORDSHIRE AND WORCESTERSHIRE HEALTH AND CARE NHS TRUST,C_410,Rheumatology Service, -   , -   , -   ,-,-,0,0
Y60,R1A,HEREFORDSHIRE AND WORCESTERSHIRE HEALTH AND CARE NHS TRUST,C_430,Elderly Medicine Service, -   , -   , -   ,-,-,0,0
Y60,R1A,HEREFORDSHIRE AND WORCESTERSHIRE HEALTH AND CARE NHS TRUST,C_502,Gynaecology Service,52,49,94.20%,7.3,14.8,0,0
Y60,R1A,HEREFORDSHIRE AND WORCESTERSHIRE HEALTH AND CARE NHS TRUST,X02,Other - Medical Services,18,15,83.30%,-,-,0,0
Y60,R1A,HEREFORDSHIRE AND WORCESTERSHIRE HEALTH AND CARE NHS TRUST,X03,Other - Mental Health Services, -   , -   , -   ,-,-,0,0
Y60,R1A,HEREFORDSHIRE AND WORCESTERSHIRE HEALTH AND CARE NHS TRUST,X04,Other - Paediatric Services,38,36,94.70%,8.4,16.5,0,0
Y60,R1A,HEREFORDSHIRE AND WORCESTERSHIRE HEALTH AND CARE NHS TRUST,X05,Other - Surgical Services, -   , -   , -   ,-,-,0,0
Y60,R1A,HEREFORDSHIRE AND WORCESTERSHIRE HEALTH AND CARE NHS TRUST,X06,Other - Other Services, -   , -   , -   ,-,-,0,0
Y60,R1D,SHROPSHIRE COMMUNITY HEALTH NHS TRUST,C_100,General Surgery Service,55,45,81.80%,6.5,45.8,2,0
Y60,R1D,SHROPSHIRE COMMUNITY HEALTH NHS TRUST,C_101,Urology Service, -   , -   , -   ,-,-,0,0
Y60,R1D,SHROPSHIRE COMMUNITY HEALTH NHS TRUST,C_110,Trauma and Orthopaedic Service,"3,671","2,873",78.30%,10,31,68,6
Y60,R1D,SHROPSHIRE COMMUNITY HEALTH NHS TRUST,C_120,Ear Nose and Throat Service,324,200,61.70%,13.3,40.2,0,0
Y60,R1D,SHROPSHIRE COMMUNITY HEALTH NHS TRUST,C_130,Ophthalmology Service, -   , -   , -   ,-,-,0,0
Y60,R1D,SHROPSHIRE COMMUNITY HEALTH NHS TRUST,C_140,Oral Surgery Service,145,116,80.00%,10.6,25.4,0,0
Y60,R1D,SHROPSHIRE COMMUNITY HEALTH NHS TRUST,C_150,Neurosurgical Service, -   , -   , -   ,-,-,0,0
Y60,R1D,SHROPSHIRE COMMUNITY HEALTH NHS TRUST,C_160,Plastic Surgery Service, -   , -   , -   ,-,-,0,0
Y60,R1D,SHROPSHIRE COMMUNITY HEALTH NHS TRUST,C_170,Cardiothoracic Surgery Service, -   , -   , -   ,-,-,0,0
Y60,R1D,SHROPSHIRE COMMUNITY HEALTH NHS TRUST,C_300,General Internal Medicine Service, -   , -   , -   ,-,-,0,0
Y60,R1D,SHROPSHIRE COMMUNITY HEALTH NHS TRUST,C_301,Gastroenterology Service,13,10,76.90%,-,-,1,0
Y60,R1D,SHROPSHIRE COMMUNITY HEALTH NHS TRUST,C_320,Cardiology Service,23,21,91.30%,5.3,20.2,0,0
Y60,R1D,SHROPSHIRE COMMUNITY HEALTH NHS TRUST,C_330,Dermatology Service, -   , -   , -   ,-,-,0,0
Y60,R1D,SHROPSHIRE COMMUNITY HEALTH NHS TRUST,C_340,Respiratory Medicine Service,3,3,100.00%,-,-,0,0
Y60,R1D,SHROPSHIRE COMMUNITY HEALTH NHS TRUST,C_400,Neurology Service, -   , -   , -   ,-,-,0,0
Y60,R1D,SHROPSHIRE COMMUNITY HEALTH NHS TRUST,C_410,Rheumatology Service,32,26,81.30%,7.5,20.8,0,0
Y60,R1D,SHROPSHIRE COMMUNITY HEALTH NHS TRUST,C_430,Elderly Medicine Service, -   , -   , -   ,-,-,0,0
Y60,R1D,SHROPSHIRE COMMUNITY HEALTH NHS TRUST,C_502,Gynaecology Service,66,46,69.70%,10.3,24.6,0,0
Y60,R1D,SHROPSHIRE COMMUNITY HEALTH NHS TRUST,X02,Other - Medical Services, -   , -   , -   ,-,-,0,0
Y60,R1D,SHROPSHIRE COMMUNITY HEALTH NHS TRUST,X03,Other - Mental Health Services, -   , -   , -   ,-,-,0,0
Y60,R1D,SHROPSHIRE COMMUNITY HEALTH NHS TRUST,X04,Other - Paediatric Services,323,309,95.70%,8.9,16.7,0,0
Y60,R1D,SHROPSHIRE COMMUNITY HEALTH NHS TRUST,X05,Other - Surgical Services, -   , -   , -   ,-,-,0,0
Y60,R1D,SHROPSHIRE COMMUNITY HEALTH NHS TRUST,X06,Other - Other Services, -   , -   , -   ,-,-,0,0
Y60,RBK,WALSALL HEALTHCARE NHS TRUST,C_100,General Surgery Service,"1,495",770,51.50%,17.2,60.8,163,62
Y60,RBK,WALSALL HEALTHCARE NHS TRUST,C_101,Urology Service,"2,271","1,072",47.20%,20.1,49.4,147,17
Y60,RBK,WALSALL HEALTHCARE NHS TRUST,C_110,Trauma and Orthopaedic Service,"4,432","2,184",49.30%,18.3,51.8,350,34
Y60,RBK,WALSALL HEALTHCARE NHS TRUST,C_120,Ear Nose and Throat Service,"2,411","1,399",58.00%,15,32.8,15,2
Y60,RBK,WALSALL HEALTHCARE NHS TRUST,C_130,Ophthalmology Service,"1,252",993,79.30%,9.6,28.2,4,0
Y60,RBK,WALSALL HEALTHCARE NHS TRUST,C_140,Oral Surgery Service,"3,245","1,554",47.90%,18.9,42.4,78,0
Y60,RBK,WALSALL HEALTHCARE NHS TRUST,C_150,Neurosurgical Service, -   , -   , -   ,-,-,0,0
Y60,RBK,WALSALL HEALTHCARE NHS TRUST,C_160,Plastic Surgery Service,197,108,54.80%,16.8,47.2,6,0
Y60,RBK,WALSALL HEALTHCARE NHS TRUST,C_170,Cardiothoracic Surgery Service,21,12,57.10%,15,33.3,0,0
Y60,RBK,WALSALL HEALTHCARE NHS TRUST,C_300,General Internal Medicine Service, -   , -   , -   ,-,-,0,0
Y60,RBK,WALSALL HEALTHCARE NHS TRUST,C_301,Gastroenterology Service,"1,421",945,66.50%,12.2,29.1,0,0
Y60,RBK,WALSALL HEALTHCARE NHS TRUST,C_320,Cardiology Service,"1,424","1,296",91.00%,7.9,18.4,0,0
Y60,RBK,WALSALL HEALTHCARE NHS TRUST,C_330,Dermatology Service,"2,081","1,023",49.20%,18.5,45,25,0
Y60,RBK,WALSALL HEALTHCARE NHS TRUST,C_340,Respiratory Medicine Service,741,681,91.90%,7.7,18.1,0,0
Y60,RBK,WALSALL HEALTHCARE NHS TRUST,C_400,Neurology Service,887,609,68.70%,11.5,30.9,0,0
Y60,RBK,WALSALL HEALTHCARE NHS TRUST,C_410,Rheumatology Service,845,525,62.10%,13.8,37.8,10,2
Y60,RBK,WALSALL HEALTHCARE NHS TRUST,C_430,Elderly Medicine Service,163,148,90.80%,10.1,18.3,0,0
Y60,RBK,WALSALL HEALTHCARE NHS TRUST,C_502,Gynaecology Service,"1,841","1,371",74.50%,9.9,31.8,22,0
Y60,RBK,WALSALL HEALTHCARE NHS TRUST,X02,Other - Medical Services,"2,312","1,261",54.50%,15.5,49.7,139,0
Y60,RBK,WALSALL HEALTHCARE NHS TRUST,X03,Other - Mental Health Services, -   , -   , -   ,-,-,0,0
Y60,RBK,WALSALL HEALTHCARE NHS TRUST,X04,Other - Paediatric Services,"2,553","1,855",72.70%,10.4,32,23,1
Y60,RBK,WALSALL HEALTHCARE NHS TRUST,X05,Other - Surgical Services,"3,612","2,274",63.00%,13,42.7,99,10
Y60,RBK,WALSALL HEALTHCARE NHS TRUST,X06,Other - Other Services,339,231,68.10%,14.1,23.9,1,0
Y60,RFS,CHESTERFIELD ROYAL HOSPITAL NHS FOUNDATION TRUST,C_100,General Surgery Service,"1,486",650,43.70%,22.4,65.6,291,42
Y60,RFS,CHESTERFIELD ROYAL HOSPITAL NHS FOUNDATION TRUST,C_101,Urology Service,"1,393",987,70.90%,10.3,41.1,56,1
Y60,RFS,CHESTERFIELD ROYAL HOSPITAL NHS FOUNDATION TRUST,C_110,Trauma and Orthopaedic Service,"2,614","1,235",47.20%,20,60.4,347,43
Y60,RFS,CHESTERFIELD ROYAL HOSPITAL NHS FOUNDATION TRUST,C_120,Ear Nose and Throat Service,"2,140","1,176",55.00%,15.9,42.1,86,19
Y60,RFS,CHESTERFIELD ROYAL HOSPITAL NHS FOUNDATION TRUST,C_130,Ophthalmology Service,"2,690","1,542",57.30%,15.4,47,155,15
Y60,RFS,CHESTERFIELD ROYAL HOSPITAL NHS FOUNDATION TRUST,C_140,Oral Surgery Service,"1,472",851,57.80%,15.5,51.7,116,7
Y60,RFS,CHESTERFIELD ROYAL HOSPITAL NHS FOUNDATION TRUST,C_150,Neurosurgical Service, -   , -   , -   ,-,-,0,0
Y60,RFS,CHESTERFIELD ROYAL HOSPITAL NHS FOUNDATION TRUST,C_160,Plastic Surgery Service, -   , -   , -   ,-,-,0,0
Y60,RFS,CHESTERFIELD ROYAL HOSPITAL NHS FOUNDATION TRUST,C_170,Cardiothoracic Surgery Service, -   , -   , -   ,-,-,0,0
Y60,RFS,CHESTERFIELD ROYAL HOSPITAL NHS FOUNDATION TRUST,C_300,General Internal Medicine Service,270,195,72.20%,10.5,30.1,1,0
Y60,RFS,CHESTERFIELD ROYAL HOSPITAL NHS FOUNDATION TRUST,C_301,Gastroenterology Service,"1,753","1,093",62.40%,13.2,34.8,13,0
Y60,RFS,CHESTERFIELD ROYAL HOSPITAL NHS FOUNDATION TRUST,C_320,Cardiology Service,870,544,62.50%,13.3,33.3,7,0
Y60,RFS,CHESTERFIELD ROYAL HOSPITAL NHS FOUNDATION TRUST,C_330,Dermatology Service,"1,960","1,413",72.10%,9.7,32,5,0
Y60,RFS,CHESTERFIELD ROYAL HOSPITAL NHS FOUNDATION TRUST,C_340,Respiratory Medicine Service,692,386,55.80%,15.6,37.5,8,0
Y60,RFS,CHESTERFIELD ROYAL HOSPITAL NHS FOUNDATION TRUST,C_400,Neurology Service, -   , -   , -   ,-,-,0,0
Y60,RFS,CHESTERFIELD ROYAL HOSPITAL NHS FOUNDATION TRUST,C_410,Rheumatology Service,571,453,79.30%,8.2,27.8,1,0
Y60,RFS,CHESTERFIELD ROYAL HOSPITAL NHS FOUNDATION TRUST,C_430,Elderly Medicine Service, -   , -   , -   ,-,-,0,0
Y60,RFS,CHESTERFIELD ROYAL HOSPITAL NHS FOUNDATION TRUST,C_502,Gynaecology Service,"1,722","1,191",69.20%,10.6,44,96,11
Y60,RFS,CHESTERFIELD ROYAL HOSPITAL NHS FOUNDATION TRUST,X02,Other - Medical Services,"1,106",778,70.30%,10.9,30.6,19,6
Y60,RFS,CHESTERFIELD ROYAL HOSPITAL NHS FOUNDATION TRUST,X03,Other - Mental Health Services, -   , -   , -   ,-,-,0,0
Y60,RFS,CHESTERFIELD ROYAL HOSPITAL NHS FOUNDATION TRUST,X04,Other - Paediatric Services,"1,550","1,044",67.40%,11.7,40,41,4
Y60,RFS,CHESTERFIELD ROYAL HOSPITAL NHS FOUNDATION TRUST,X05,Other - Surgical Services,"2,423","1,567",64.70%,13,38.9,88,15
Y60,RFS,CHESTERFIELD ROYAL HOSPITAL NHS FOUNDATION TRUST,X06,Other - Other Services, -   , -   , -   ,-,-,0,0
Y60,RJC,SOUTH WARWICKSHIRE NHS FOUNDATION TRUST,C_100,General Surgery Service,"1,393",832,59.70%,15.5,36.2,13,1
Y60,RJC,SOUTH WARWICKSHIRE NHS FOUNDATION TRUST,C_101,Urology Service,"1,925","1,400",72.70%,8.4,34.1,29,1
Y60,RJC,SOUTH WARWICKSHIRE NHS FOUNDATION TRUST,C_110,Trauma and Orthopaedic Service,"3,710","2,967",80.00%,9.8,24.6,0,0
Y60,RJC,SOUTH WARWICKSHIRE NHS FOUNDATION TRUST,C_120,Ear Nose and Throat Service,"2,520","1,878",74.50%,9.8,28.7,10,2
Y60,RJC,SOUTH WARWICKSHIRE NHS FOUNDATION TRUST,C_130,Ophthalmology Service,"2,187","1,446",66.10%,11.5,42.1,95,3
Y60,RJC,SOUTH WARWICKSHIRE NHS FOUNDATION TRUST,C_140,Oral Surgery Service,933,455,48.80%,18.6,39,9,1
Y60,RJC,SOUTH WARWICKSHIRE NHS FOUNDATION TRUST,C_150,Neurosurgical Service, -   , -   , -   ,-,-,0,0
Y60,RJC,SOUTH WARWICKSHIRE NHS FOUNDATION TRUST,C_160,Plastic Surgery Service,358,224,62.60%,12.9,45.1,14,0
Y60,RJC,SOUTH WARWICKSHIRE NHS FOUNDATION TRUST,C_170,Cardiothoracic Surgery Service, -   , -   , -   ,-,-,0,0
Y60,RJC,SOUTH WARWICKSHIRE NHS FOUNDATION TRUST,C_300,General Internal Medicine Service,329,130,39.50%,23.1,53.8,29,2
Y60,RJC,SOUTH WARWICKSHIRE NHS FOUNDATION TRUST,C_301,Gastroenterology Service,"1,443","1,053",73.00%,10.7,26,2,1
Y60,RJC,SOUTH WARWICKSHIRE NHS FOUNDATION TRUST,C_320,Cardiology Service,"1,180",825,69.90%,13.9,27.4,0,0
Y60,RJC,SOUTH WARWICKSHIRE NHS FOUNDATION TRUST,C_330,Dermatology Service,"2,068","1,802",87.10%,8.9,22.9,1,0
Y60,RJC,SOUTH WARWICKSHIRE NHS FOUNDATION TRUST,C_340,Respiratory Medicine Service,898,594,66.10%,12.7,38.3,5,0
Y60,RJC,SOUTH WARWICKSHIRE NHS FOUNDATION TRUST,C_400,Neurology Service, -   , -   , -   ,-,-,0,0
Y60,RJC,SOUTH WARWICKSHIRE NHS FOUNDATION TRUST,C_410,Rheumatology Service,"1,082",744,68.80%,11.3,28.8,0,0
Y60,RJC,SOUTH WARWICKSHIRE NHS FOUNDATION TRUST,C_430,Elderly Medicine Service,199,178,89.40%,9.5,18.6,0,0
Y60,RJC,SOUTH WARWICKSHIRE NHS FOUNDATION TRUST,C_502,Gynaecology Service,"2,303","1,763",76.60%,9.3,26.4,6,1
Y60,RJC,SOUTH WARWICKSHIRE NHS FOUNDATION TRUST,X02,Other - Medical Services,"2,629","1,848",70.30%,12.2,39.4,76,1
Y60,RJC,SOUTH WARWICKSHIRE NHS FOUNDATION TRUST,X03,Other - Mental Health Services, -   , -   , -   ,-,-,0,0
Y60,RJC,SOUTH WARWICKSHIRE NHS FOUNDATION TRUST,X04,Other - Paediatric Services,892,711,79.70%,9.7,25.3,0,0
Y60,RJC,SOUTH WARWICKSHIRE NHS FOUNDATION TRUST,X05,Other - Surgical Services,"2,893","1,991",68.80%,12,49.1,191,4
Y60,RJC,SOUTH WARWICKSHIRE NHS FOUNDATION TRUST,X06,Other - Other Services,799,766,95.90%,4.3,14.7,4,0
Y60,RJE,UNIVERSITY HOSPITALS OF NORTH MIDLANDS NHS TRUST,C_100,General Surgery Service,"11,756","6,076",51.70%,16.8,58.3,"1,370",187
Y60,RJE,UNIVERSITY HOSPITALS OF NORTH MIDLANDS NHS TRUST,C_101,Urology Service,"3,819","2,054",53.80%,16.5,39.2,79,3
Y60,RJE,UNIVERSITY HOSPITALS OF NORTH MIDLANDS NHS TRUST,C_110,Trauma and Orthopaedic Service,"8,972","2,852",31.80%,29.6,67.3,"1,742",415
Y60,RJE,UNIVERSITY HOSPITALS OF NORTH MIDLANDS NHS TRUST,C_120,Ear Nose and Throat Service,"4,106","1,967",47.90%,19,50.4,308,17
Y60,RJE,UNIVERSITY HOSPITALS OF NORTH MIDLANDS NHS TRUST,C_130,Ophthalmology Service,"4,025","1,964",48.80%,18.6,51.3,295,31
Y60,RJE,UNIVERSITY HOSPITALS OF NORTH MIDLANDS NHS TRUST,C_140,Oral Surgery Service,"2,673","1,661",62.10%,13.9,34.8,9,1
Y60,RJE,UNIVERSITY HOSPITALS OF NORTH MIDLANDS NHS TRUST,C_150,Neurosurgical Service,791,375,47.40%,19,61.2,97,16
Y60,RJE,UNIVERSITY HOSPITALS OF NORTH MIDLANDS NHS TRUST,C_160,Plastic Surgery Service,"2,503","1,806",72.20%,9.6,38.1,86,18
Y60,RJE,UNIVERSITY HOSPITALS OF NORTH MIDLANDS NHS TRUST,C_170,Cardiothoracic Surgery Service,303,157,51.80%,16.7,50.4,22,3
Y60,RJE,UNIVERSITY HOSPITALS OF NORTH MIDLANDS NHS TRUST,C_300,General Internal Medicine Service, -   , -   , -   ,-,-,0,0
Y60,RJE,UNIVERSITY HOSPITALS OF NORTH MIDLANDS NHS TRUST,C_301,Gastroenterology Service,"7,232","3,470",48.00%,19,40.7,68,0
Y60,RJE,UNIVERSITY HOSPITALS OF NORTH MIDLANDS NHS TRUST,C_320,Cardiology Service,"3,315","2,235",67.40%,11.6,32.8,18,3
Y60,RJE,UNIVERSITY HOSPITALS OF NORTH MIDLANDS NHS TRUST,C_330,Dermatology Service,"2,092","1,078",51.50%,16.9,46.1,14,0
Y60,RJE,UNIVERSITY HOSPITALS OF NORTH MIDLANDS NHS TRUST,C_340,Respiratory Medicine Service,"4,276","2,809",65.70%,11.8,32,0,0
Y60,RJE,UNIVERSITY HOSPITALS OF NORTH MIDLANDS NHS TRUST,C_400,Neurology Service,"4,942","2,272",46.00%,20.2,41.9,10,0
Y60,RJE,UNIVERSITY HOSPITALS OF NORTH MIDLANDS NHS TRUST,C_410,Rheumatology Service,28,17,60.70%,10.5,45.8,0,0
Y60,RJE,UNIVERSITY HOSPITALS OF NORTH MIDLANDS NHS TRUST,C_430,Elderly Medicine Service,32,32,100.00%,5.5,16.7,0,0
Y60,RJE,UNIVERSITY HOSPITALS OF NORTH MIDLANDS NHS TRUST,C_502,Gynaecology Service,"4,270","2,528",59.20%,14.4,39.3,75,7
Y60,RJE,UNIVERSITY HOSPITALS OF NORTH MIDLANDS NHS TRUST,X02,Other - Medical Services,"8,256","5,302",64.20%,13.4,30.7,26,2
Y60,RJE,UNIVERSITY HOSPITALS OF NORTH MIDLANDS NHS TRUST,X03,Other - Mental Health Services, -   , -   , -   ,-,-,0,0
Y60,RJE,UNIVERSITY HOSPITALS OF NORTH MIDLANDS NHS TRUST,X04,Other - Paediatric Services,"2,820","1,976",70.10%,9.7,46.3,154,22
Y60,RJE,UNIVERSITY HOSPITALS OF NORTH MIDLANDS NHS TRUST,X05,Other - Surgical Services, -   , -   , -   ,-,-,0,0
Y60,RJE,UNIVERSITY HOSPITALS OF NORTH MIDLANDS NHS TRUST,X06,Other - Other Services,486,412,84.80%,9.1,24.4,5,1
Y60,RK5,SHERWOOD FOREST HOSPITALS NHS FOUNDATION TRUST,C_100,General Surgery Service,"4,460","2,949",66.10%,11.6,38.5,121,14
Y60,RK5,SHERWOOD FOREST HOSPITALS NHS FOUNDATION TRUST,C_101,Urology Service,"2,263","1,746",77.20%,8.4,30.5,18,0
Y60,RK5,SHERWOOD FOREST HOSPITALS NHS FOUNDATION TRUST,C_110,Trauma and Orthopaedic Service,"3,921","2,594",66.20%,11.4,42.9,117,15
Y60,RK5,SHERWOOD FOREST HOSPITALS NHS FOUNDATION TRUST,C_120,Ear Nose and Throat Service,"4,348","3,266",75.10%,9.6,32.3,59,4
Y60,RK5,SHERWOOD FOREST HOSPITALS NHS FOUNDATION TRUST,C_130,Ophthalmology Service,"5,330","4,512",84.70%,7.7,24.1,19,2
Y60,RK5,SHERWOOD FOREST HOSPITALS NHS FOUNDATION TRUST,C_140,Oral Surgery Service,990,591,59.70%,14,44.8,43,3
Y60,RK5,SHERWOOD FOREST HOSPITALS NHS FOUNDATION TRUST,C_150,Neurosurgical Service, -   , -   , -   ,-,-,0,0
Y60,RK5,SHERWOOD FOREST HOSPITALS NHS FOUNDATION TRUST,C_160,Plastic Surgery Service,156,95,60.90%,12.9,42.4,1,0
Y60,RK5,SHERWOOD FOREST HOSPITALS NHS FOUNDATION TRUST,C_170,Cardiothoracic Surgery Service, -   , -   , -   ,-,-,0,0
Y60,RK5,SHERWOOD FOREST HOSPITALS NHS FOUNDATION TRUST,C_300,General Internal Medicine Service, -   , -   , -   ,-,-,0,0
Y60,RK5,SHERWOOD FOREST HOSPITALS NHS FOUNDATION TRUST,C_301,Gastroenterology Service,"4,935","3,553",72.00%,10.9,31.2,47,0
Y60,RK5,SHERWOOD FOREST HOSPITALS NHS FOUNDATION TRUST,C_320,Cardiology Service,"2,694","1,457",54.10%,16,45.5,102,5
Y60,RK5,SHERWOOD FOREST HOSPITALS NHS FOUNDATION TRUST,C_330,Dermatology Service,"2,658","1,817",68.40%,11.2,33.4,10,0
Y60,RK5,SHERWOOD FOREST HOSPITALS NHS FOUNDATION TRUST,C_340,Respiratory Medicine Service,"2,644","1,620",61.30%,13.8,36.5,25,0
Y60,RK5,SHERWOOD FOREST HOSPITALS NHS FOUNDATION TRUST,C_400,Neurology Service, -   , -   , -   ,-,-,0,0
Y60,RK5,SHERWOOD FOREST HOSPITALS NHS FOUNDATION TRUST,C_410,Rheumatology Service,"1,861","1,156",62.10%,14.1,40.5,19,0
Y60,RK5,SHERWOOD FOREST HOSPITALS NHS FOUNDATION TRUST,C_430,Elderly Medicine Service,226,185,81.90%,8.1,26.2,0,0
Y60,RK5,SHERWOOD FOREST HOSPITALS NHS FOUNDATION TRUST,C_502,Gynaecology Service,"2,185","1,282",58.70%,15.3,37.2,31,2
Y60,RK5,SHERWOOD FOREST HOSPITALS NHS FOUNDATION TRUST,X02,Other - Medical Services,"3,113","2,059",66.10%,12.5,32.2,25,1
Y60,RK5,SHERWOOD FOREST HOSPITALS NHS FOUNDATION TRUST,X03,Other - Mental Health Services, -   , -   , -   ,-,-,0,0
Y60,RK5,SHERWOOD FOREST HOSPITALS NHS FOUNDATION TRUST,X04,Other - Paediatric Services,"3,854","3,019",78.30%,9.8,27,10,0
Y60,RK5,SHERWOOD FOREST HOSPITALS NHS FOUNDATION TRUST,X05,Other - Surgical Services,249,246,98.80%,4.4,10.7,0,0
Y60,RK5,SHERWOOD FOREST HOSPITALS NHS FOUNDATION TRUST,X06,Other - Other Services, -   , -   , -   ,-,-,0,0
Y60,RKB,UNIVERSITY HOSPITALS COVENTRY AND WARWICKSHIRE NHS TRUST,C_100,General Surgery Service,"5,633","3,149",55.90%,14.8,52.8,479,25
Y60,RKB,UNIVERSITY HOSPITALS COVENTRY AND WARWICKSHIRE NHS TRUST,C_101,Urology Service,"3,248","1,659",51.10%,17.4,52,260,2
Y60,RKB,UNIVERSITY HOSPITALS COVENTRY AND WARWICKSHIRE NHS TRUST,C_110,Trauma and Orthopaedic Service,"6,055","3,499",57.80%,15.2,47.9,347,16
Y60,RKB,UNIVERSITY HOSPITALS COVENTRY AND WARWICKSHIRE NHS TRUST,C_120,Ear Nose and Throat Service,"7,210","2,375",32.90%,27.2,56.1,914,2
Y60,RKB,UNIVERSITY HOSPITALS COVENTRY AND WARWICKSHIRE NHS TRUST,C_130,Ophthalmology Service,"3,844","2,471",64.30%,12.9,42.5,135,0
Y60,RKB,UNIVERSITY HOSPITALS COVENTRY AND WARWICKSHIRE NHS TRUST,C_140,Oral Surgery Service,"3,006","1,790",59.50%,14.1,48.4,166,1
Y60,RKB,UNIVERSITY HOSPITALS COVENTRY AND WARWICKSHIRE NHS TRUST,C_150,Neurosurgical Service,"2,598","1,468",56.50%,15.6,40.4,62,2
Y60,RKB,UNIVERSITY HOSPITALS COVENTRY AND WARWICKSHIRE NHS TRUST,C_160,Plastic Surgery Service,857,411,48.00%,19.8,59.1,103,10
Y60,RKB,UNIVERSITY HOSPITALS COVENTRY AND WARWICKSHIRE NHS TRUST,C_170,Cardiothoracic Surgery Service,208,158,76.00%,9.1,37.8,3,0
Y60,RKB,UNIVERSITY HOSPITALS COVENTRY AND WARWICKSHIRE NHS TRUST,C_300,General Internal Medicine Service,468,361,77.10%,10.3,23.3,0,0
Y60,RKB,UNIVERSITY HOSPITALS COVENTRY AND WARWICKSHIRE NHS TRUST,C_301,Gastroenterology Service,"2,172","1,565",72.10%,10.1,30,13,1
Y60,RKB,UNIVERSITY HOSPITALS COVENTRY AND WARWICKSHIRE NHS TRUST,C_320,Cardiology Service,"2,083","1,532",73.50%,11.4,26.3,0,0
Y60,RKB,UNIVERSITY HOSPITALS COVENTRY AND WARWICKSHIRE NHS TRUST,C_330,Dermatology Service,"8,721","3,040",34.90%,28.2,61.8,"1,690",10
Y60,RKB,UNIVERSITY HOSPITALS COVENTRY AND WARWICKSHIRE NHS TRUST,C_340,Respiratory Medicine Service,"1,830","1,205",65.80%,12.6,35.8,18,0
Y60,RKB,UNIVERSITY HOSPITALS COVENTRY AND WARWICKSHIRE NHS TRUST,C_400,Neurology Service,"3,076","1,831",59.50%,14.4,41,65,0
Y60,RKB,UNIVERSITY HOSPITALS COVENTRY AND WARWICKSHIRE NHS TRUST,C_410,Rheumatology Service,801,590,73.70%,11.9,23.6,3,0
Y60,RKB,UNIVERSITY HOSPITALS COVENTRY AND WARWICKSHIRE NHS TRUST,C_430,Elderly Medicine Service,39,38,97.40%,2.9,13.9,0,0
Y60,RKB,UNIVERSITY HOSPITALS COVENTRY AND WARWICKSHIRE NHS TRUST,C_502,Gynaecology Service,"5,406","2,532",46.80%,20.3,56.7,623,21
Y60,RKB,UNIVERSITY HOSPITALS COVENTRY AND WARWICKSHIRE NHS TRUST,X02,Other - Medical Services,"5,346","3,706",69.30%,11.7,31.5,26,0
Y60,RKB,UNIVERSITY HOSPITALS COVENTRY AND WARWICKSHIRE NHS TRUST,X03,Other - Mental Health Services, -   , -   , -   ,-,-,0,0
Y60,RKB,UNIVERSITY HOSPITALS COVENTRY AND WARWICKSHIRE NHS TRUST,X04,Other - Paediatric Services,"1,119",739,66.00%,11.7,36.2,22,0
Y60,RKB,UNIVERSITY HOSPITALS COVENTRY AND WARWICKSHIRE NHS TRUST,X05,Other - Surgical Services, -   , -   , -   ,-,-,0,0
Y60,RKB,UNIVERSITY HOSPITALS COVENTRY AND WARWICKSHIRE NHS TRUST,X06,Other - Other Services,156,126,80.80%,7.1,36.2,3,2
Y60,RL1,THE ROBERT JONES AND AGNES HUNT ORTHOPAEDIC HOSPITAL NHS FOUNDATION TRUST,C_100,General Surgery Service, -   , -   , -   ,-,-,0,0
Y60,RL1,THE ROBERT JONES AND AGNES HUNT ORTHOPAEDIC HOSPITAL NHS FOUNDATION TRUST,C_101,Urology Service, -   , -   , -   ,-,-,0,0
Y60,RL1,THE ROBERT JONES AND AGNES HUNT ORTHOPAEDIC HOSPITAL NHS FOUNDATION TRUST,C_110,Trauma and Orthopaedic Service,"11,222","5,025",44.80%,20.8,67.6,"1,828",509
Y60,RL1,THE ROBERT JONES AND AGNES HUNT ORTHOPAEDIC HOSPITAL NHS FOUNDATION TRUST,C_120,Ear Nose and Throat Service, -   , -   , -   ,-,-,0,0
Y60,RL1,THE ROBERT JONES AND AGNES HUNT ORTHOPAEDIC HOSPITAL NHS FOUNDATION TRUST,C_130,Ophthalmology Service, -   , -   , -   ,-,-,0,0
Y60,RL1,THE ROBERT JONES AND AGNES HUNT ORTHOPAEDIC HOSPITAL NHS FOUNDATION TRUST,C_140,Oral Surgery Service, -   , -   , -   ,-,-,0,0
Y60,RL1,THE ROBERT JONES AND AGNES HUNT ORTHOPAEDIC HOSPITAL NHS FOUNDATION TRUST,C_150,Neurosurgical Service, -   , -   , -   ,-,-,0,0
Y60,RL1,THE ROBERT JONES AND AGNES HUNT ORTHOPAEDIC HOSPITAL NHS FOUNDATION TRUST,C_160,Plastic Surgery Service, -   , -   , -   ,-,-,0,0
Y60,RL1,THE ROBERT JONES AND AGNES HUNT ORTHOPAEDIC HOSPITAL NHS FOUNDATION TRUST,C_170,Cardiothoracic Surgery Service, -   , -   , -   ,-,-,0,0
Y60,RL1,THE ROBERT JONES AND AGNES HUNT ORTHOPAEDIC HOSPITAL NHS FOUNDATION TRUST,C_300,General Internal Medicine Service,"1,963","1,513",77.10%,10.6,22.7,8,1
Y60,RL1,THE ROBERT JONES AND AGNES HUNT ORTHOPAEDIC HOSPITAL NHS FOUNDATION TRUST,C_301,Gastroenterology Service, -   , -   , -   ,-,-,0,0
Y60,RL1,THE ROBERT JONES AND AGNES HUNT ORTHOPAEDIC HOSPITAL NHS FOUNDATION TRUST,C_320,Cardiology Service, -   , -   , -   ,-,-,0,0
Y60,RL1,THE ROBERT JONES AND AGNES HUNT ORTHOPAEDIC HOSPITAL NHS FOUNDATION TRUST,C_330,Dermatology Service, -   , -   , -   ,-,-,0,0
Y60,RL1,THE ROBERT JONES AND AGNES HUNT ORTHOPAEDIC HOSPITAL NHS FOUNDATION TRUST,C_340,Respiratory Medicine Service, -   , -   , -   ,-,-,0,0
Y60,RL1,THE ROBERT JONES AND AGNES HUNT ORTHOPAEDIC HOSPITAL NHS FOUNDATION TRUST,C_400,Neurology Service,191,86,45.00%,22,67.7,42,10
Y60,RL1,THE ROBERT JONES AND AGNES HUNT ORTHOPAEDIC HOSPITAL NHS FOUNDATION TRUST,C_410,Rheumatology Service,500,418,83.60%,10.1,24.2,2,1
Y60,RL1,THE ROBERT JONES AND AGNES HUNT ORTHOPAEDIC HOSPITAL NHS FOUNDATION TRUST,C_430,Elderly Medicine Service,28,25,89.30%,7.8,21.4,0,0
Y60,RL1,THE ROBERT JONES AND AGNES HUNT ORTHOPAEDIC HOSPITAL NHS FOUNDATION TRUST,C_502,Gynaecology Service,1,1,100.00%,-,-,0,0
Y60,RL1,THE ROBERT JONES AND AGNES HUNT ORTHOPAEDIC HOSPITAL NHS FOUNDATION TRUST,X02,Other - Medical Services,44,36,81.80%,8.9,32.7,1,0
Y60,RL1,THE ROBERT JONES AND AGNES HUNT ORTHOPAEDIC HOSPITAL NHS FOUNDATION TRUST,X03,Other - Mental Health Services, -   , -   , -   ,-,-,0,0
Y60,RL1,THE ROBERT JONES AND AGNES HUNT ORTHOPAEDIC HOSPITAL NHS FOUNDATION TRUST,X04,Other - Paediatric Services, -   , -   , -   ,-,-,0,0
Y60,RL1,THE ROBERT JONES AND AGNES HUNT ORTHOPAEDIC HOSPITAL NHS FOUNDATION TRUST,X05,Other - Surgical Services, -   , -   , -   ,-,-,0,0
Y60,RL1,THE ROBERT JONES AND AGNES HUNT ORTHOPAEDIC HOSPITAL NHS FOUNDATION TRUST,X06,Other - Other Services,58,55,94.80%,3.8,16.2,0,0
Y60,RL4,THE ROYAL WOLVERHAMPTON NHS TRUST,C_100,General Surgery Service,"6,998","4,054",57.90%,14.3,51,534,109
Y60,RL4,THE ROYAL WOLVERHAMPTON NHS TRUST,C_101,Urology Service,"4,528","2,226",49.20%,18.5,50.6,296,61
Y60,RL4,THE ROYAL WOLVERHAMPTON NHS TRUST,C_110,Trauma and Orthopaedic Service,"6,540","4,531",69.30%,11.4,36.2,138,18
Y60,RL4,THE ROYAL WOLVERHAMPTON NHS TRUST,C_120,Ear Nose and Throat Service,"5,398","3,033",56.20%,15.7,36.6,44,2
Y60,RL4,THE ROYAL WOLVERHAMPTON NHS TRUST,C_130,Ophthalmology Service,"9,004","6,937",77.00%,9.8,28.5,52,2
Y60,RL4,THE ROYAL WOLVERHAMPTON NHS TRUST,C_140,Oral Surgery Service,"3,076","1,591",51.70%,16.9,53.7,282,6
Y60,RL4,THE ROYAL WOLVERHAMPTON NHS TRUST,C_150,Neurosurgical Service, -   , -   , -   ,-,-,0,0
Y60,RL4,THE ROYAL WOLVERHAMPTON NHS TRUST,C_160,Plastic Surgery Service,203,144,70.90%,9.7,58.8,20,5
Y60,RL4,THE ROYAL WOLVERHAMPTON NHS TRUST,C_170,Cardiothoracic Surgery Service,260,215,82.70%,8.6,26.7,1,0
Y60,RL4,THE ROYAL WOLVERHAMPTON NHS TRUST,C_300,General Internal Medicine Service,318,309,97.20%,6.8,12.4,0,0
Y60,RL4,THE ROYAL WOLVERHAMPTON NHS TRUST,C_301,Gastroenterology Service,"3,034","2,103",69.30%,10.8,31.9,16,0
Y60,RL4,THE ROYAL WOLVERHAMPTON NHS TRUST,C_320,Cardiology Service,"6,148","3,444",56.00%,15.5,38.9,118,5
Y60,RL4,THE ROYAL WOLVERHAMPTON NHS TRUST,C_330,Dermatology Service,861,835,97.00%,3.7,14.1,2,1
Y60,RL4,THE ROYAL WOLVERHAMPTON NHS TRUST,C_340,Respiratory Medicine Service,"1,256","1,016",80.90%,9.6,23.2,2,0
Y60,RL4,THE ROYAL WOLVERHAMPTON NHS TRUST,C_400,Neurology Service,"4,148","2,069",49.90%,18.1,41,11,0
Y60,RL4,THE ROYAL WOLVERHAMPTON NHS TRUST,C_410,Rheumatology Service,"2,321","1,620",69.80%,11.8,31.4,0,0
Y60,RL4,THE ROYAL WOLVERHAMPTON NHS TRUST,C_430,Elderly Medicine Service,92,82,89.10%,5.7,21.3,0,0
Y60,RL4,THE ROYAL WOLVERHAMPTON NHS TRUST,C_502,Gynaecology Service,"6,405","2,714",42.40%,22.3,52.3,523,58
Y60,RL4,THE ROYAL WOLVERHAMPTON NHS TRUST,X02,Other - Medical Services,"7,643","5,460",71.40%,11.5,29.6,14,2
Y60,RL4,THE ROYAL WOLVERHAMPTON NHS TRUST,X03,Other - Mental Health Services, -   , -   , -   ,-,-,0,0
Y60,RL4,THE ROYAL WOLVERHAMPTON NHS TRUST,X04,Other - Paediatric Services,"1,439",594,41.30%,21.8,42.6,42,3
Y60,RL4,THE ROYAL WOLVERHAMPTON NHS TRUST,X05,Other - Surgical Services,241,158,65.60%,14.3,52.7,20,1
Y60,RL4,THE ROYAL WOLVERHAMPTON NHS TRUST,X06,Other - Other Services,5,3,60.00%,-,-,0,0
Y60,RLQ,WYE VALLEY NHS TRUST,C_100,General Surgery Service,794,393,49.50%,18.2,54.5,69,5
Y60,RLQ,WYE VALLEY NHS TRUST,C_101,Urology Service,990,733,74.00%,10.4,36.3,28,1
Y60,RLQ,WYE VALLEY NHS TRUST,C_110,Trauma and Orthopaedic Service,"2,465","1,178",47.80%,19,56,254,25
Y60,RLQ,WYE VALLEY NHS TRUST,C_120,Ear Nose and Throat Service,"1,360",889,65.40%,13.5,32.2,12,0
Y60,RLQ,WYE VALLEY NHS TRUST,C_130,Ophthalmology Service,"2,646","1,762",66.60%,12.7,36.6,37,0
Y60,RLQ,WYE VALLEY NHS TRUST,C_140,Oral Surgery Service,560,371,66.30%,13.2,33.4,2,0
Y60,RLQ,WYE VALLEY NHS TRUST,C_150,Neurosurgical Service, -   , -   , -   ,-,-,0,0
Y60,RLQ,WYE VALLEY NHS TRUST,C_160,Plastic Surgery Service,261,142,54.40%,15.8,50.1,17,1
Y60,RLQ,WYE VALLEY NHS TRUST,C_170,Cardiothoracic Surgery Service,20,18,90.00%,12.1,19.4,0,0
Y60,RLQ,WYE VALLEY NHS TRUST,C_300,General Internal Medicine Service,27,15,55.60%,15,53.8,3,0
Y60,RLQ,WYE VALLEY NHS TRUST,C_301,Gastroenterology Service,"1,354",862,63.70%,13.8,47.8,89,12
Y60,RLQ,WYE VALLEY NHS TRUST,C_320,Cardiology Service,"1,124",626,55.70%,15.5,58,127,10
Y60,RLQ,WYE VALLEY NHS TRUST,C_330,Dermatology Service,"1,108",646,58.30%,13.9,46.9,60,0
Y60,RLQ,WYE VALLEY NHS TRUST,C_340,Respiratory Medicine Service,868,521,60.00%,14,55.4,78,7
Y60,RLQ,WYE VALLEY NHS TRUST,C_400,Neurology Service,472,232,49.20%,18.4,41.8,13,1
Y60,RLQ,WYE VALLEY NHS TRUST,C_410,Rheumatology Service,304,218,71.70%,11.6,29.2,1,0
Y60,RLQ,WYE VALLEY NHS TRUST,C_430,Elderly Medicine Service,117,82,70.10%,13.8,25.9,1,0
Y60,RLQ,WYE VALLEY NHS TRUST,C_502,Gynaecology Service,"1,546",931,60.20%,14.6,45,57,3
Y60,RLQ,WYE VALLEY NHS TRUST,X02,Other - Medical Services,961,823,85.60%,8.4,27,6,0
Y60,RLQ,WYE VALLEY NHS TRUST,X03,Other - Mental Health Services, -   , -   , -   ,-,-,0,0
Y60,RLQ,WYE VALLEY NHS TRUST,X04,Other - Paediatric Services,653,326,49.90%,18.1,50.6,47,0
Y60,RLQ,WYE VALLEY NHS TRUST,X05,Other - Surgical Services,"2,035","1,253",61.60%,12.3,46.5,108,7
Y60,RLQ,WYE VALLEY NHS TRUST,X06,Other - Other Services, -   , -   , -   ,-,-,0,0
Y60,RLT,GEORGE ELIOT HOSPITAL NHS TRUST,C_100,General Surgery Service,"1,706","1,084",63.50%,13.9,38.7,7,0
Y60,RLT,GEORGE ELIOT HOSPITAL NHS TRUST,C_101,Urology Service,989,697,70.50%,11.9,30.6,1,0
Y60,RLT,GEORGE ELIOT HOSPITAL NHS TRUST,C_110,Trauma and Orthopaedic Service,"1,508",997,66.10%,12.5,35.8,4,0
Y60,RLT,GEORGE ELIOT HOSPITAL NHS TRUST,C_120,Ear Nose and Throat Service,362,184,50.80%,17.9,46.7,20,1
Y60,RLT,GEORGE ELIOT HOSPITAL NHS TRUST,C_130,Ophthalmology Service,322,129,40.10%,19.2,39.5,0,0
Y60,RLT,GEORGE ELIOT HOSPITAL NHS TRUST,C_140,Oral Surgery Service,692,411,59.40%,15.8,30.1,2,0
Y60,RLT,GEORGE ELIOT HOSPITAL NHS TRUST,C_150,Neurosurgical Service, -   , -   , -   ,-,-,0,0
Y60,RLT,GEORGE ELIOT HOSPITAL NHS TRUST,C_160,Plastic Surgery Service,298,224,75.20%,8.9,27.1,0,0
Y60,RLT,GEORGE ELIOT HOSPITAL NHS TRUST,C_170,Cardiothoracic Surgery Service, -   , -   , -   ,-,-,0,0
Y60,RLT,GEORGE ELIOT HOSPITAL NHS TRUST,C_300,General Internal Medicine Service,801,640,79.90%,9.4,28.2,0,0
Y60,RLT,GEORGE ELIOT HOSPITAL NHS TRUST,C_301,Gastroenterology Service,614,570,92.80%,7.7,17.5,0,0
Y60,RLT,GEORGE ELIOT HOSPITAL NHS TRUST,C_320,Cardiology Service,944,789,83.60%,9.3,21.4,0,0
Y60,RLT,GEORGE ELIOT HOSPITAL NHS TRUST,C_330,Dermatology Service, -   , -   , -   ,-,-,0,0
Y60,RLT,GEORGE ELIOT HOSPITAL NHS TRUST,C_340,Respiratory Medicine Service,560,510,91.10%,9,18.9,0,0
Y60,RLT,GEORGE ELIOT HOSPITAL NHS TRUST,C_400,Neurology Service, -   , -   , -   ,-,-,0,0
Y60,RLT,GEORGE ELIOT HOSPITAL NHS TRUST,C_410,Rheumatology Service,559,461,82.50%,8,28.9,3,0
Y60,RLT,GEORGE ELIOT HOSPITAL NHS TRUST,C_430,Elderly Medicine Service,53,52,98.10%,6.8,14.3,0,0
Y60,RLT,GEORGE ELIOT HOSPITAL NHS TRUST,C_502,Gynaecology Service,"1,783","1,115",62.50%,13.3,39.2,15,0
Y60,RLT,GEORGE ELIOT HOSPITAL NHS TRUST,X02,Other - Medical Services,781,742,95.00%,8.3,16.8,0,0
Y60,RLT,GEORGE ELIOT HOSPITAL NHS TRUST,X03,Other - Mental Health Services, -   , -   , -   ,-,-,0,0
Y60,RLT,GEORGE ELIOT HOSPITAL NHS TRUST,X04,Other - Paediatric Services,453,301,66.40%,11.4,38.1,8,0
Y60,RLT,GEORGE ELIOT HOSPITAL NHS TRUST,X05,Other - Surgical Services,777,618,79.50%,5.5,30.2,3,1
Y60,RLT,GEORGE ELIOT HOSPITAL NHS TRUST,X06,Other - Other Services,675,404,59.90%,14.3,41.4,7,0
Y60,RNA,THE DUDLEY GROUP NHS FOUNDATION TRUST,C_100,General Surgery Service,"2,482","1,359",54.80%,15.9,49.6,180,30
Y60,RNA,THE DUDLEY GROUP NHS FOUNDATION TRUST,C_101,Urology Service,"2,772","1,503",54.20%,16.4,46.6,134,6
Y60,RNA,THE DUDLEY GROUP NHS FOUNDATION TRUST,C_110,Trauma and Orthopaedic Service,"4,490","2,817",62.70%,13.7,44.4,196,3
Y60,RNA,THE DUDLEY GROUP NHS FOUNDATION TRUST,C_120,Ear Nose and Throat Service,"3,447","2,363",68.60%,12.4,37,87,6
Y60,RNA,THE DUDLEY GROUP NHS FOUNDATION TRUST,C_130,Ophthalmology Service,"2,850","2,157",75.70%,8.9,30.5,15,0
Y60,RNA,THE DUDLEY GROUP NHS FOUNDATION TRUST,C_140,Oral Surgery Service,"1,216",696,57.20%,15.4,34.7,4,0
Y60,RNA,THE DUDLEY GROUP NHS FOUNDATION TRUST,C_150,Neurosurgical Service, -   , -   , -   ,-,-,0,0
Y60,RNA,THE DUDLEY GROUP NHS FOUNDATION TRUST,C_160,Plastic Surgery Service,"1,956","1,236",63.20%,13.1,50.1,141,15
Y60,RNA,THE DUDLEY GROUP NHS FOUNDATION TRUST,C_170,Cardiothoracic Surgery Service, -   , -   , -   ,-,-,0,0
Y60,RNA,THE DUDLEY GROUP NHS FOUNDATION TRUST,C_300,General Internal Medicine Service,3,2,66.70%,-,-,0,0
Y60,RNA,THE DUDLEY GROUP NHS FOUNDATION TRUST,C_301,Gastroenterology Service,"3,067","2,033",66.30%,11.8,36,6,0
Y60,RNA,THE DUDLEY GROUP NHS FOUNDATION TRUST,C_320,Cardiology Service,"1,275","1,124",88.20%,7.2,21.5,4,0
Y60,RNA,THE DUDLEY GROUP NHS FOUNDATION TRUST,C_330,Dermatology Service,"1,933","1,486",76.90%,9.8,24.9,1,0
Y60,RNA,THE DUDLEY GROUP NHS FOUNDATION TRUST,C_340,Respiratory Medicine Service,981,843,85.90%,7.7,21.4,0,0
Y60,RNA,THE DUDLEY GROUP NHS FOUNDATION TRUST,C_400,Neurology Service,"1,330",816,61.40%,14.7,28.5,2,0
Y60,RNA,THE DUDLEY GROUP NHS FOUNDATION TRUST,C_410,Rheumatology Service,777,714,91.90%,7.3,18.1,1,0
Y60,RNA,THE DUDLEY GROUP NHS FOUNDATION TRUST,C_430,Elderly Medicine Service,103,99,96.10%,6.2,15.4,0,0
Y60,RNA,THE DUDLEY GROUP NHS FOUNDATION TRUST,C_502,Gynaecology Service,"3,441","2,003",58.20%,14.7,43.3,134,5
Y60,RNA,THE DUDLEY GROUP NHS FOUNDATION TRUST,X02,Other - Medical Services,"3,324","2,334",70.20%,11.4,28.9,21,1
Y60,RNA,THE DUDLEY GROUP NHS FOUNDATION TRUST,X03,Other - Mental Health Services, -   , -   , -   ,-,-,0,0
Y60,RNA,THE DUDLEY GROUP NHS FOUNDATION TRUST,X04,Other - Paediatric Services,"2,104","1,247",59.30%,14.5,40.7,60,8
Y60,RNA,THE DUDLEY GROUP NHS FOUNDATION TRUST,X05,Other - Surgical Services,"2,735","2,204",80.60%,8.8,27.7,27,1
Y60,RNA,THE DUDLEY GROUP NHS FOUNDATION TRUST,X06,Other - Other Services,"1,135","1,001",88.20%,10.8,19.2,3,0
Y60,RNQ,KETTERING GENERAL HOSPITAL NHS FOUNDATION TRUST,C_100,General Surgery Service,"1,491","1,024",68.70%,11.3,31.3,8,3
Y60,RNQ,KETTERING GENERAL HOSPITAL NHS FOUNDATION TRUST,C_101,Urology Service,"1,399","1,029",73.60%,9.3,36.3,10,3
Y60,RNQ,KETTERING GENERAL HOSPITAL NHS FOUNDATION TRUST,C_110,Trauma and Orthopaedic Service,"2,197","1,423",64.80%,12.4,37.2,12,1
Y60,RNQ,KETTERING GENERAL HOSPITAL NHS FOUNDATION TRUST,C_120,Ear Nose and Throat Service,"2,960","1,821",61.50%,14.8,33.7,15,2
Y60,RNQ,KETTERING GENERAL HOSPITAL NHS FOUNDATION TRUST,C_130,Ophthalmology Service,"2,352","1,583",67.30%,11.8,33.7,2,0
Y60,RNQ,KETTERING GENERAL HOSPITAL NHS FOUNDATION TRUST,C_140,Oral Surgery Service,"1,676",961,57.30%,15.5,39.6,24,1
Y60,RNQ,KETTERING GENERAL HOSPITAL NHS FOUNDATION TRUST,C_150,Neurosurgical Service, -   , -   , -   ,-,-,0,0
Y60,RNQ,KETTERING GENERAL HOSPITAL NHS FOUNDATION TRUST,C_160,Plastic Surgery Service,142,103,72.50%,11.8,31.6,1,0
Y60,RNQ,KETTERING GENERAL HOSPITAL NHS FOUNDATION TRUST,C_170,Cardiothoracic Surgery Service, -   , -   , -   ,-,-,0,0
Y60,RNQ,KETTERING GENERAL HOSPITAL NHS FOUNDATION TRUST,C_300,General Internal Medicine Service,3,3,100.00%,-,-,0,0
Y60,RNQ,KETTERING GENERAL HOSPITAL NHS FOUNDATION TRUST,C_301,Gastroenterology Service,"1,489","1,116",74.90%,10.4,31,0,0
Y60,RNQ,KETTERING GENERAL HOSPITAL NHS FOUNDATION TRUST,C_320,Cardiology Service,"1,783","1,308",73.40%,10.5,29.2,0,0
Y60,RNQ,KETTERING GENERAL HOSPITAL NHS FOUNDATION TRUST,C_330,Dermatology Service,"1,944","1,178",60.60%,14,32.7,0,0
Y60,RNQ,KETTERING GENERAL HOSPITAL NHS FOUNDATION TRUST,C_340,Respiratory Medicine Service,"1,461",741,50.70%,17.6,39.4,0,0
Y60,RNQ,KETTERING GENERAL HOSPITAL NHS FOUNDATION TRUST,C_400,Neurology Service,875,531,60.70%,14.9,35.6,0,0
Y60,RNQ,KETTERING GENERAL HOSPITAL NHS FOUNDATION TRUST,C_410,Rheumatology Service,761,609,80.00%,9.9,25.8,0,0
Y60,RNQ,KETTERING GENERAL HOSPITAL NHS FOUNDATION TRUST,C_430,Elderly Medicine Service,175,148,84.60%,9.6,24.5,0,0
Y60,RNQ,KETTERING GENERAL HOSPITAL NHS FOUNDATION TRUST,C_502,Gynaecology Service,"1,586","1,265",79.80%,8.9,25.3,0,0
Y60,RNQ,KETTERING GENERAL HOSPITAL NHS FOUNDATION TRUST,X02,Other - Medical Services,"3,043","2,041",67.10%,11.9,29.4,1,0
Y60,RNQ,KETTERING GENERAL HOSPITAL NHS FOUNDATION TRUST,X03,Other - Mental Health Services, -   , -   , -   ,-,-,0,0
Y60,RNQ,KETTERING GENERAL HOSPITAL NHS FOUNDATION TRUST,X04,Other - Paediatric Services,319,232,72.70%,10.5,34.5,0,0
Y60,RNQ,KETTERING GENERAL HOSPITAL NHS FOUNDATION TRUST,X05,Other - Surgical Services,"1,604","1,223",76.20%,10.2,30.5,3,0
Y60,RNQ,KETTERING GENERAL HOSPITAL NHS FOUNDATION TRUST,X06,Other - Other Services,38,35,92.10%,6.2,15,0,0
Y60,RNS,NORTHAMPTON GENERAL HOSPITAL NHS TRUST,C_100,General Surgery Service,"2,344","1,652",70.50%,12.5,31.9,17,13
Y60,RNS,NORTHAMPTON GENERAL HOSPITAL NHS TRUST,C_101,Urology Service,"1,344",884,65.80%,11.2,37.6,1,0
Y60,RNS,NORTHAMPTON GENERAL HOSPITAL NHS TRUST,C_110,Trauma and Orthopaedic Service,"2,874","1,574",54.80%,16.1,43.2,81,0
Y60,RNS,NORTHAMPTON GENERAL HOSPITAL NHS TRUST,C_120,Ear Nose and Throat Service,"3,615","1,930",53.40%,16.8,33.2,14,12
Y60,RNS,NORTHAMPTON GENERAL HOSPITAL NHS TRUST,C_130,Ophthalmology Service,"2,119","1,910",90.10%,6.6,19.5,0,0
Y60,RNS,NORTHAMPTON GENERAL HOSPITAL NHS TRUST,C_140,Oral Surgery Service,"1,604",973,60.70%,13.6,38.4,5,1
Y60,RNS,NORTHAMPTON GENERAL HOSPITAL NHS TRUST,C_150,Neurosurgical Service,85,65,76.50%,9,26.2,0,0
Y60,RNS,NORTHAMPTON GENERAL HOSPITAL NHS TRUST,C_160,Plastic Surgery Service,180,170,94.40%,5.8,17.3,0,0
Y60,RNS,NORTHAMPTON GENERAL HOSPITAL NHS TRUST,C_170,Cardiothoracic Surgery Service,21,20,95.20%,5.4,17.7,0,0
Y60,RNS,NORTHAMPTON GENERAL HOSPITAL NHS TRUST,C_300,General Internal Medicine Service,430,425,98.80%,4.4,11.2,0,0
Y60,RNS,NORTHAMPTON GENERAL HOSPITAL NHS TRUST,C_301,Gastroenterology Service,"2,626","1,832",69.80%,11.8,29,3,0
Y60,RNS,NORTHAMPTON GENERAL HOSPITAL NHS TRUST,C_320,Cardiology Service,"2,552","1,852",72.60%,11.6,29.3,11,0
Y60,RNS,NORTHAMPTON GENERAL HOSPITAL NHS TRUST,C_330,Dermatology Service,"2,845","2,331",81.90%,9.1,23,0,0
Y60,RNS,NORTHAMPTON GENERAL HOSPITAL NHS TRUST,C_340,Respiratory Medicine Service,"1,298","1,105",85.10%,8.7,23.1,0,0
Y60,RNS,NORTHAMPTON GENERAL HOSPITAL NHS TRUST,C_400,Neurology Service,707,656,92.80%,6.3,16.9,0,0
Y60,RNS,NORTHAMPTON GENERAL HOSPITAL NHS TRUST,C_410,Rheumatology Service,710,596,83.90%,9.9,21.5,0,0
Y60,RNS,NORTHAMPTON GENERAL HOSPITAL NHS TRUST,C_430,Elderly Medicine Service,141,105,74.50%,10.6,24.9,0,0
Y60,RNS,NORTHAMPTON GENERAL HOSPITAL NHS TRUST,C_502,Gynaecology Service,"2,342","1,785",76.20%,9.4,30.8,14,1
Y60,RNS,NORTHAMPTON GENERAL HOSPITAL NHS TRUST,X02,Other - Medical Services,"2,284","1,883",82.40%,9.1,23.5,0,0
Y60,RNS,NORTHAMPTON GENERAL HOSPITAL NHS TRUST,X03,Other - Mental Health Services, -   , -   , -   ,-,-,0,0
Y60,RNS,NORTHAMPTON GENERAL HOSPITAL NHS TRUST,X04,Other - Paediatric Services,472,293,62.10%,13.2,39.6,2,0
Y60,RNS,NORTHAMPTON GENERAL HOSPITAL NHS TRUST,X05,Other - Surgical Services,802,542,67.60%,14.1,31.3,7,2
Y60,RNS,NORTHAMPTON GENERAL HOSPITAL NHS TRUST,X06,Other - Other Services,428,421,98.40%,4.5,15.2,0,0
Y60,RP1,NORTHAMPTONSHIRE HEALTHCARE NHS FOUNDATION TRUST,C_100,General Surgery Service, -   , -   , -   ,-,-,0,0
Y60,RP1,NORTHAMPTONSHIRE HEALTHCARE NHS FOUNDATION TRUST,C_101,Urology Service, -   , -   , -   ,-,-,0,0
Y60,RP1,NORTHAMPTONSHIRE HEALTHCARE NHS FOUNDATION TRUST,C_110,Trauma and Orthopaedic Service, -   , -   , -   ,-,-,0,0
Y60,RP1,NORTHAMPTONSHIRE HEALTHCARE NHS FOUNDATION TRUST,C_120,Ear Nose and Throat Service, -   , -   , -   ,-,-,0,0
Y60,RP1,NORTHAMPTONSHIRE HEALTHCARE NHS FOUNDATION TRUST,C_130,Ophthalmology Service, -   , -   , -   ,-,-,0,0
Y60,RP1,NORTHAMPTONSHIRE HEALTHCARE NHS FOUNDATION TRUST,C_140,Oral Surgery Service, -   , -   , -   ,-,-,0,0
Y60,RP1,NORTHAMPTONSHIRE HEALTHCARE NHS FOUNDATION TRUST,C_150,Neurosurgical Service, -   , -   , -   ,-,-,0,0
Y60,RP1,NORTHAMPTONSHIRE HEALTHCARE NHS FOUNDATION TRUST,C_160,Plastic Surgery Service, -   , -   , -   ,-,-,0,0
Y60,RP1,NORTHAMPTONSHIRE HEALTHCARE NHS FOUNDATION TRUST,C_170,Cardiothoracic Surgery Service, -   , -   , -   ,-,-,0,0
Y60,RP1,NORTHAMPTONSHIRE HEALTHCARE NHS FOUNDATION TRUST,C_300,General Internal Medicine Service, -   , -   , -   ,-,-,0,0
Y60,RP1,NORTHAMPTONSHIRE HEALTHCARE NHS FOUNDATION TRUST,C_301,Gastroenterology Service, -   , -   , -   ,-,-,0,0
Y60,RP1,NORTHAMPTONSHIRE HEALTHCARE NHS FOUNDATION TRUST,C_320,Cardiology Service, -   , -   , -   ,-,-,0,0
Y60,RP1,NORTHAMPTONSHIRE HEALTHCARE NHS FOUNDATION TRUST,C_330,Dermatology Service, -   , -   , -   ,-,-,0,0
Y60,RP1,NORTHAMPTONSHIRE HEALTHCARE NHS FOUNDATION TRUST,C_340,Respiratory Medicine Service, -   , -   , -   ,-,-,0,0
Y60,RP1,NORTHAMPTONSHIRE HEALTHCARE NHS FOUNDATION TRUST,C_400,Neurology Service, -   , -   , -   ,-,-,0,0
Y60,RP1,NORTHAMPTONSHIRE HEALTHCARE NHS FOUNDATION TRUST,C_410,Rheumatology Service, -   , -   , -   ,-,-,0,0
Y60,RP1,NORTHAMPTONSHIRE HEALTHCARE NHS FOUNDATION TRUST,C_430,Elderly Medicine Service, -   , -   , -   ,-,-,0,0
Y60,RP1,NORTHAMPTONSHIRE HEALTHCARE NHS FOUNDATION TRUST,C_502,Gynaecology Service, -   , -   , -   ,-,-,0,0
Y60,RP1,NORTHAMPTONSHIRE HEALTHCARE NHS FOUNDATION TRUST,X02,Other - Medical Services, -   , -   , -   ,-,-,0,0
Y60,RP1,NORTHAMPTONSHIRE HEALTHCARE NHS FOUNDATION TRUST,X03,Other - Mental Health Services, -   , -   , -   ,-,-,0,0
Y60,RP1,NORTHAMPTONSHIRE HEALTHCARE NHS FOUNDATION TRUST,X04,Other - Paediatric Services,192,184,95.80%,9.3,16.3,0,0
Y60,RP1,NORTHAMPTONSHIRE HEALTHCARE NHS FOUNDATION TRUST,X05,Other - Surgical Services, -   , -   , -   ,-,-,0,0
Y60,RP1,NORTHAMPTONSHIRE HEALTHCARE NHS FOUNDATION TRUST,X06,Other - Other Services,6,6,100.00%,-,-,0,0
Y60,RP7,LINCOLNSHIRE PARTNERSHIP NHS FOUNDATION TRUST,C_100,General Surgery Service, -   , -   , -   ,-,-,0,0
Y60,RP7,LINCOLNSHIRE PARTNERSHIP NHS FOUNDATION TRUST,C_101,Urology Service, -   , -   , -   ,-,-,0,0
Y60,RP7,LINCOLNSHIRE PARTNERSHIP NHS FOUNDATION TRUST,C_110,Trauma and Orthopaedic Service, -   , -   , -   ,-,-,0,0
Y60,RP7,LINCOLNSHIRE PARTNERSHIP NHS FOUNDATION TRUST,C_120,Ear Nose and Throat Service, -   , -   , -   ,-,-,0,0
Y60,RP7,LINCOLNSHIRE PARTNERSHIP NHS FOUNDATION TRUST,C_130,Ophthalmology Service, -   , -   , -   ,-,-,0,0
Y60,RP7,LINCOLNSHIRE PARTNERSHIP NHS FOUNDATION TRUST,C_140,Oral Surgery Service, -   , -   , -   ,-,-,0,0
Y60,RP7,LINCOLNSHIRE PARTNERSHIP NHS FOUNDATION TRUST,C_150,Neurosurgical Service, -   , -   , -   ,-,-,0,0
Y60,RP7,LINCOLNSHIRE PARTNERSHIP NHS FOUNDATION TRUST,C_160,Plastic Surgery Service, -   , -   , -   ,-,-,0,0
Y60,RP7,LINCOLNSHIRE PARTNERSHIP NHS FOUNDATION TRUST,C_170,Cardiothoracic Surgery Service, -   , -   , -   ,-,-,0,0
Y60,RP7,LINCOLNSHIRE PARTNERSHIP NHS FOUNDATION TRUST,C_300,General Internal Medicine Service, -   , -   , -   ,-,-,0,0
Y60,RP7,LINCOLNSHIRE PARTNERSHIP NHS FOUNDATION TRUST,C_301,Gastroenterology Service, -   , -   , -   ,-,-,0,0
Y60,RP7,LINCOLNSHIRE PARTNERSHIP NHS FOUNDATION TRUST,C_320,Cardiology Service, -   , -   , -   ,-,-,0,0
Y60,RP7,LINCOLNSHIRE PARTNERSHIP NHS FOUNDATION TRUST,C_330,Dermatology Service, -   , -   , -   ,-,-,0,0
Y60,RP7,LINCOLNSHIRE PARTNERSHIP NHS FOUNDATION TRUST,C_340,Respiratory Medicine Service, -   , -   , -   ,-,-,0,0
Y60,RP7,LINCOLNSHIRE PARTNERSHIP NHS FOUNDATION TRUST,C_400,Neurology Service, -   , -   , -   ,-,-,0,0
Y60,RP7,LINCOLNSHIRE PARTNERSHIP NHS FOUNDATION TRUST,C_410,Rheumatology Service, -   , -   , -   ,-,-,0,0
Y60,RP7,LINCOLNSHIRE PARTNERSHIP NHS FOUNDATION TRUST,C_430,Elderly Medicine Service, -   , -   , -   ,-,-,0,0
Y60,RP7,LINCOLNSHIRE PARTNERSHIP NHS FOUNDATION TRUST,C_502,Gynaecology Service, -   , -   , -   ,-,-,0,0
Y60,RP7,LINCOLNSHIRE PARTNERSHIP NHS FOUNDATION TRUST,X02,Other - Medical Services, -   , -   , -   ,-,-,0,0
Y60,RP7,LINCOLNSHIRE PARTNERSHIP NHS FOUNDATION TRUST,X03,Other - Mental Health Services,256,235,91.80%,8.8,18.3,0,0
Y60,RP7,LINCOLNSHIRE PARTNERSHIP NHS FOUNDATION TRUST,X04,Other - Paediatric Services, -   , -   , -   ,-,-,0,0
Y60,RP7,LINCOLNSHIRE PARTNERSHIP NHS FOUNDATION TRUST,X05,Other - Surgical Services, -   , -   , -   ,-,-,0,0
Y60,RP7,LINCOLNSHIRE PARTNERSHIP NHS FOUNDATION TRUST,X06,Other - Other Services, -   , -   , -   ,-,-,0,0
Y60,RQ3,BIRMINGHAM WOMEN'S AND CHILDREN'S NHS FOUNDATION TRUST,C_100,General Surgery Service, -   , -   , -   ,-,-,0,0
Y60,RQ3,BIRMINGHAM WOMEN'S AND CHILDREN'S NHS FOUNDATION TRUST,C_101,Urology Service, -   , -   , -   ,-,-,0,0
Y60,RQ3,BIRMINGHAM WOMEN'S AND CHILDREN'S NHS FOUNDATION TRUST,C_110,Trauma and Orthopaedic Service, -   , -   , -   ,-,-,0,0
Y60,RQ3,BIRMINGHAM WOMEN'S AND CHILDREN'S NHS FOUNDATION TRUST,C_120,Ear Nose and Throat Service, -   , -   , -   ,-,-,0,0
Y60,RQ3,BIRMINGHAM WOMEN'S AND CHILDREN'S NHS FOUNDATION TRUST,C_130,Ophthalmology Service, -   , -   , -   ,-,-,0,0
Y60,RQ3,BIRMINGHAM WOMEN'S AND CHILDREN'S NHS FOUNDATION TRUST,C_140,Oral Surgery Service, -   , -   , -   ,-,-,0,0
Y60,RQ3,BIRMINGHAM WOMEN'S AND CHILDREN'S NHS FOUNDATION TRUST,C_150,Neurosurgical Service, -   , -   , -   ,-,-,0,0
Y60,RQ3,BIRMINGHAM WOMEN'S AND CHILDREN'S NHS FOUNDATION TRUST,C_160,Plastic Surgery Service, -   , -   , -   ,-,-,0,0
Y60,RQ3,BIRMINGHAM WOMEN'S AND CHILDREN'S NHS FOUNDATION TRUST,C_170,Cardiothoracic Surgery Service, -   , -   , -   ,-,-,0,0
Y60,RQ3,BIRMINGHAM WOMEN'S AND CHILDREN'S NHS FOUNDATION TRUST,C_300,General Internal Medicine Service, -   , -   , -   ,-,-,0,0
Y60,RQ3,BIRMINGHAM WOMEN'S AND CHILDREN'S NHS FOUNDATION TRUST,C_301,Gastroenterology Service, -   , -   , -   ,-,-,0,0
Y60,RQ3,BIRMINGHAM WOMEN'S AND CHILDREN'S NHS FOUNDATION TRUST,C_320,Cardiology Service, -   , -   , -   ,-,-,0,0
Y60,RQ3,BIRMINGHAM WOMEN'S AND CHILDREN'S NHS FOUNDATION TRUST,C_330,Dermatology Service, -   , -   , -   ,-,-,0,0
Y60,RQ3,BIRMINGHAM WOMEN'S AND CHILDREN'S NHS FOUNDATION TRUST,C_340,Respiratory Medicine Service, -   , -   , -   ,-,-,0,0
Y60,RQ3,BIRMINGHAM WOMEN'S AND CHILDREN'S NHS FOUNDATION TRUST,C_400,Neurology Service, -   , -   , -   ,-,-,0,0
Y60,RQ3,BIRMINGHAM WOMEN'S AND CHILDREN'S NHS FOUNDATION TRUST,C_410,Rheumatology Service, -   , -   , -   ,-,-,0,0
Y60,RQ3,BIRMINGHAM WOMEN'S AND CHILDREN'S NHS FOUNDATION TRUST,C_430,Elderly Medicine Service, -   , -   , -   ,-,-,0,0
Y60,RQ3,BIRMINGHAM WOMEN'S AND CHILDREN'S NHS FOUNDATION TRUST,C_502,Gynaecology Service,"9,241","6,558",71.00%,11.1,39.4,269,9
Y60,RQ3,BIRMINGHAM WOMEN'S AND CHILDREN'S NHS FOUNDATION TRUST,X02,Other - Medical Services, -   , -   , -   ,-,-,0,0
Y60,RQ3,BIRMINGHAM WOMEN'S AND CHILDREN'S NHS FOUNDATION TRUST,X03,Other - Mental Health Services, -   , -   , -   ,-,-,0,0
Y60,RQ3,BIRMINGHAM WOMEN'S AND CHILDREN'S NHS FOUNDATION TRUST,X04,Other - Paediatric Services,"13,730","9,072",66.10%,12.5,40.4,537,112
Y60,RQ3,BIRMINGHAM WOMEN'S AND CHILDREN'S NHS FOUNDATION TRUST,X05,Other - Surgical Services, -   , -   , -   ,-,-,0,0
Y60,RQ3,BIRMINGHAM WOMEN'S AND CHILDREN'S NHS FOUNDATION TRUST,X06,Other - Other Services,"3,066","2,835",92.50%,7.6,17.8,0,0
Y60,RRE,MIDLANDS PARTNERSHIP NHS FOUNDATION TRUST,C_100,General Surgery Service, -   , -   , -   ,-,-,0,0
Y60,RRE,MIDLANDS PARTNERSHIP NHS FOUNDATION TRUST,C_101,Urology Service, -   , -   , -   ,-,-,0,0
Y60,RRE,MIDLANDS PARTNERSHIP NHS FOUNDATION TRUST,C_110,Trauma and Orthopaedic Service, -   , -   , -   ,-,-,0,0
Y60,RRE,MIDLANDS PARTNERSHIP NHS FOUNDATION TRUST,C_120,Ear Nose and Throat Service, -   , -   , -   ,-,-,0,0
Y60,RRE,MIDLANDS PARTNERSHIP NHS FOUNDATION TRUST,C_130,Ophthalmology Service, -   , -   , -   ,-,-,0,0
Y60,RRE,MIDLANDS PARTNERSHIP NHS FOUNDATION TRUST,C_140,Oral Surgery Service, -   , -   , -   ,-,-,0,0
Y60,RRE,MIDLANDS PARTNERSHIP NHS FOUNDATION TRUST,C_150,Neurosurgical Service, -   , -   , -   ,-,-,0,0
Y60,RRE,MIDLANDS PARTNERSHIP NHS FOUNDATION TRUST,C_160,Plastic Surgery Service, -   , -   , -   ,-,-,0,0
Y60,RRE,MIDLANDS PARTNERSHIP NHS FOUNDATION TRUST,C_170,Cardiothoracic Surgery Service, -   , -   , -   ,-,-,0,0
Y60,RRE,MIDLANDS PARTNERSHIP NHS FOUNDATION TRUST,C_300,General Internal Medicine Service, -   , -   , -   ,-,-,0,0
Y60,RRE,MIDLANDS PARTNERSHIP NHS FOUNDATION TRUST,C_301,Gastroenterology Service, -   , -   , -   ,-,-,0,0
Y60,RRE,MIDLANDS PARTNERSHIP NHS FOUNDATION TRUST,C_320,Cardiology Service, -   , -   , -   ,-,-,0,0
Y60,RRE,MIDLANDS PARTNERSHIP NHS FOUNDATION TRUST,C_330,Dermatology Service, -   , -   , -   ,-,-,0,0
Y60,RRE,MIDLANDS PARTNERSHIP NHS FOUNDATION TRUST,C_340,Respiratory Medicine Service, -   , -   , -   ,-,-,0,0
Y60,RRE,MIDLANDS PARTNERSHIP NHS FOUNDATION TRUST,C_400,Neurology Service,78,61,78.20%,11.5,22.3,0,0
Y60,RRE,MIDLANDS PARTNERSHIP NHS FOUNDATION TRUST,C_410,Rheumatology Service,"6,465","4,739",73.30%,6.2,32.7,0,0
Y60,RRE,MIDLANDS PARTNERSHIP NHS FOUNDATION TRUST,C_430,Elderly Medicine Service,15,15,100.00%,-,-,0,0
Y60,RRE,MIDLANDS PARTNERSHIP NHS FOUNDATION TRUST,C_502,Gynaecology Service, -   , -   , -   ,-,-,0,0
Y60,RRE,MIDLANDS PARTNERSHIP NHS FOUNDATION TRUST,X02,Other - Medical Services,71,51,71.80%,10.2,31.1,0,0
Y60,RRE,MIDLANDS PARTNERSHIP NHS FOUNDATION TRUST,X03,Other - Mental Health Services, -   , -   , -   ,-,-,0,0
Y60,RRE,MIDLANDS PARTNERSHIP NHS FOUNDATION TRUST,X04,Other - Paediatric Services, -   , -   , -   ,-,-,0,0
Y60,RRE,MIDLANDS PARTNERSHIP NHS FOUNDATION TRUST,X05,Other - Surgical Services, -   , -   , -   ,-,-,0,0
Y60,RRE,MIDLANDS PARTNERSHIP NHS FOUNDATION TRUST,X06,Other - Other Services,"1,545","1,543",99.90%,3.5,9.5,0,0
Y60,RRJ,THE ROYAL ORTHOPAEDIC HOSPITAL NHS FOUNDATION TRUST,C_100,General Surgery Service, -   , -   , -   ,-,-,0,0
Y60,RRJ,THE ROYAL ORTHOPAEDIC HOSPITAL NHS FOUNDATION TRUST,C_101,Urology Service, -   , -   , -   ,-,-,0,0
Y60,RRJ,THE ROYAL ORTHOPAEDIC HOSPITAL NHS FOUNDATION TRUST,C_110,Trauma and Orthopaedic Service,"10,355","7,389",71.40%,11.2,30.6,6,0
Y60,RRJ,THE ROYAL ORTHOPAEDIC HOSPITAL NHS FOUNDATION TRUST,C_120,Ear Nose and Throat Service, -   , -   , -   ,-,-,0,0
Y60,RRJ,THE ROYAL ORTHOPAEDIC HOSPITAL NHS FOUNDATION TRUST,C_130,Ophthalmology Service, -   , -   , -   ,-,-,0,0
Y60,RRJ,THE ROYAL ORTHOPAEDIC HOSPITAL NHS FOUNDATION TRUST,C_140,Oral Surgery Service, -   , -   , -   ,-,-,0,0
Y60,RRJ,THE ROYAL ORTHOPAEDIC HOSPITAL NHS FOUNDATION TRUST,C_150,Neurosurgical Service, -   , -   , -   ,-,-,0,0
Y60,RRJ,THE ROYAL ORTHOPAEDIC HOSPITAL NHS FOUNDATION TRUST,C_160,Plastic Surgery Service, -   , -   , -   ,-,-,0,0
Y60,RRJ,THE ROYAL ORTHOPAEDIC HOSPITAL NHS FOUNDATION TRUST,C_170,Cardiothoracic Surgery Service, -   , -   , -   ,-,-,0,0
Y60,RRJ,THE ROYAL ORTHOPAEDIC HOSPITAL NHS FOUNDATION TRUST,C_300,General Internal Medicine Service,293,233,79.50%,11.9,27.3,0,0
Y60,RRJ,THE ROYAL ORTHOPAEDIC HOSPITAL NHS FOUNDATION TRUST,C_301,Gastroenterology Service, -   , -   , -   ,-,-,0,0
Y60,RRJ,THE ROYAL ORTHOPAEDIC HOSPITAL NHS FOUNDATION TRUST,C_320,Cardiology Service, -   , -   , -   ,-,-,0,0
Y60,RRJ,THE ROYAL ORTHOPAEDIC HOSPITAL NHS FOUNDATION TRUST,C_330,Dermatology Service, -   , -   , -   ,-,-,0,0
Y60,RRJ,THE ROYAL ORTHOPAEDIC HOSPITAL NHS FOUNDATION TRUST,C_340,Respiratory Medicine Service, -   , -   , -   ,-,-,0,0
Y60,RRJ,THE ROYAL ORTHOPAEDIC HOSPITAL NHS FOUNDATION TRUST,C_400,Neurology Service, -   , -   , -   ,-,-,0,0
Y60,RRJ,THE ROYAL ORTHOPAEDIC HOSPITAL NHS FOUNDATION TRUST,C_410,Rheumatology Service, -   , -   , -   ,-,-,0,0
Y60,RRJ,THE ROYAL ORTHOPAEDIC HOSPITAL NHS FOUNDATION TRUST,C_430,Elderly Medicine Service, -   , -   , -   ,-,-,0,0
Y60,RRJ,THE ROYAL ORTHOPAEDIC HOSPITAL NHS FOUNDATION TRUST,C_502,Gynaecology Service, -   , -   , -   ,-,-,0,0
Y60,RRJ,THE ROYAL ORTHOPAEDIC HOSPITAL NHS FOUNDATION TRUST,X02,Other - Medical Services,590,466,79.00%,10.5,24,0,0
Y60,RRJ,THE ROYAL ORTHOPAEDIC HOSPITAL NHS FOUNDATION TRUST,X03,Other - Mental Health Services, -   , -   , -   ,-,-,0,0
Y60,RRJ,THE ROYAL ORTHOPAEDIC HOSPITAL NHS FOUNDATION TRUST,X04,Other - Paediatric Services, -   , -   , -   ,-,-,0,0
Y60,RRJ,THE ROYAL ORTHOPAEDIC HOSPITAL NHS FOUNDATION TRUST,X05,Other - Surgical Services, -   , -   , -   ,-,-,0,0
Y60,RRJ,THE ROYAL ORTHOPAEDIC HOSPITAL NHS FOUNDATION TRUST,X06,Other - Other Services,234,205,87.60%,8.8,20.2,0,0
Y60,RRK,UNIVERSITY HOSPITALS BIRMINGHAM NHS FOUNDATION TRUST,C_100,General Surgery Service,"11,497","3,954",34.40%,26.9,71.9,"2,407",646
Y60,RRK,UNIVERSITY HOSPITALS BIRMINGHAM NHS FOUNDATION TRUST,C_101,Urology Service,"12,203","3,949",32.40%,31.1,78.8,"3,418","1,042"
Y60,RRK,UNIVERSITY HOSPITALS BIRMINGHAM NHS FOUNDATION TRUST,C_110,Trauma and Orthopaedic Service,"12,238","3,955",32.30%,31.9,74.7,"3,607",733
Y60,RRK,UNIVERSITY HOSPITALS BIRMINGHAM NHS FOUNDATION TRUST,C_120,Ear Nose and Throat Service,"21,494","6,317",29.40%,31.2,73.1,"5,594","1,262"
Y60,RRK,UNIVERSITY HOSPITALS BIRMINGHAM NHS FOUNDATION TRUST,C_130,Ophthalmology Service,"14,097","5,423",38.50%,25.3,72.5,"3,018",836
Y60,RRK,UNIVERSITY HOSPITALS BIRMINGHAM NHS FOUNDATION TRUST,C_140,Oral Surgery Service,"4,572","1,011",22.10%,45.2,84.6,"1,971",828
Y60,RRK,UNIVERSITY HOSPITALS BIRMINGHAM NHS FOUNDATION TRUST,C_150,Neurosurgical Service,"1,314",765,58.20%,14.1,52.8,109,28
Y60,RRK,UNIVERSITY HOSPITALS BIRMINGHAM NHS FOUNDATION TRUST,C_160,Plastic Surgery Service,"1,328",565,42.50%,23.9,80.9,337,120
Y60,RRK,UNIVERSITY HOSPITALS BIRMINGHAM NHS FOUNDATION TRUST,C_170,Cardiothoracic Surgery Service,200,115,57.50%,14,40,10,1
Y60,RRK,UNIVERSITY HOSPITALS BIRMINGHAM NHS FOUNDATION TRUST,C_300,General Internal Medicine Service,321,234,72.90%,10.1,26.1,1,0
Y60,RRK,UNIVERSITY HOSPITALS BIRMINGHAM NHS FOUNDATION TRUST,C_301,Gastroenterology Service,"12,204","5,437",44.60%,21.2,67,"1,837",484
Y60,RRK,UNIVERSITY HOSPITALS BIRMINGHAM NHS FOUNDATION TRUST,C_320,Cardiology Service,"6,863","4,477",65.20%,12.1,35,108,9
Y60,RRK,UNIVERSITY HOSPITALS BIRMINGHAM NHS FOUNDATION TRUST,C_330,Dermatology Service,"9,896","3,903",39.40%,24.4,70.6,"2,093",476
Y60,RRK,UNIVERSITY HOSPITALS BIRMINGHAM NHS FOUNDATION TRUST,C_340,Respiratory Medicine Service,"4,349","2,315",53.20%,16.6,44,137,3
Y60,RRK,UNIVERSITY HOSPITALS BIRMINGHAM NHS FOUNDATION TRUST,C_400,Neurology Service,"7,352","2,014",27.40%,31.6,79.7,"1,922",643
Y60,RRK,UNIVERSITY HOSPITALS BIRMINGHAM NHS FOUNDATION TRUST,C_410,Rheumatology Service,"1,904",863,45.30%,20.4,51.7,148,1
Y60,RRK,UNIVERSITY HOSPITALS BIRMINGHAM NHS FOUNDATION TRUST,C_430,Elderly Medicine Service,314,266,84.70%,7.3,23.4,0,0
Y60,RRK,UNIVERSITY HOSPITALS BIRMINGHAM NHS FOUNDATION TRUST,C_502,Gynaecology Service,"10,797","3,414",31.60%,29.4,74.9,"2,575",583
Y60,RRK,UNIVERSITY HOSPITALS BIRMINGHAM NHS FOUNDATION TRUST,X02,Other - Medical Services,"12,344","7,753",62.80%,13.1,49.7,897,37
Y60,RRK,UNIVERSITY HOSPITALS BIRMINGHAM NHS FOUNDATION TRUST,X03,Other - Mental Health Services,1, -   , -   ,-,-,0,0
Y60,RRK,UNIVERSITY HOSPITALS BIRMINGHAM NHS FOUNDATION TRUST,X04,Other - Paediatric Services,"3,648","1,691",46.40%,19.6,73.4,699,228
Y60,RRK,UNIVERSITY HOSPITALS BIRMINGHAM NHS FOUNDATION TRUST,X05,Other - Surgical Services,"9,228","3,993",43.30%,22.5,67.4,"1,688",371
Y60,RRK,UNIVERSITY HOSPITALS BIRMINGHAM NHS FOUNDATION TRUST,X06,Other - Other Services,"1,944","1,319",67.80%,10.2,39.1,69,26
Y60,RTG,UNIVERSITY HOSPITALS OF DERBY AND BURTON NHS FOUNDATION TRUST,C_100,General Surgery Service,"5,533","3,431",62.00%,13.8,52.7,453,100
Y60,RTG,UNIVERSITY HOSPITALS OF DERBY AND BURTON NHS FOUNDATION TRUST,C_101,Urology Service,"4,032","2,511",62.30%,13.2,41.8,156,12
Y60,RTG,UNIVERSITY HOSPITALS OF DERBY AND BURTON NHS FOUNDATION TRUST,C_110,Trauma and Orthopaedic Service,"15,981","8,113",50.80%,17.6,55.3,"1,532",274
Y60,RTG,UNIVERSITY HOSPITALS OF DERBY AND BURTON NHS FOUNDATION TRUST,C_120,Ear Nose and Throat Service,"8,345","4,633",55.50%,15.7,39.3,210,11
Y60,RTG,UNIVERSITY HOSPITALS OF DERBY AND BURTON NHS FOUNDATION TRUST,C_130,Ophthalmology Service,"14,024","6,217",44.30%,22.1,64.5,"2,293",224
Y60,RTG,UNIVERSITY HOSPITALS OF DERBY AND BURTON NHS FOUNDATION TRUST,C_140,Oral Surgery Service,"2,353","1,318",56.00%,15.4,44.6,114,10
Y60,RTG,UNIVERSITY HOSPITALS OF DERBY AND BURTON NHS FOUNDATION TRUST,C_150,Neurosurgical Service,142,95,66.90%,11.7,29.9,0,0
Y60,RTG,UNIVERSITY HOSPITALS OF DERBY AND BURTON NHS FOUNDATION TRUST,C_160,Plastic Surgery Service,328,245,74.70%,9.5,31.8,6,0
Y60,RTG,UNIVERSITY HOSPITALS OF DERBY AND BURTON NHS FOUNDATION TRUST,C_170,Cardiothoracic Surgery Service,8,7,87.50%,-,-,0,0
Y60,RTG,UNIVERSITY HOSPITALS OF DERBY AND BURTON NHS FOUNDATION TRUST,C_300,General Internal Medicine Service,37,30,81.10%,7.7,25,0,0
Y60,RTG,UNIVERSITY HOSPITALS OF DERBY AND BURTON NHS FOUNDATION TRUST,C_301,Gastroenterology Service,"4,543","2,821",62.10%,13.4,34.9,43,1
Y60,RTG,UNIVERSITY HOSPITALS OF DERBY AND BURTON NHS FOUNDATION TRUST,C_320,Cardiology Service,"3,418","2,192",64.10%,13.1,40.1,37,2
Y60,RTG,UNIVERSITY HOSPITALS OF DERBY AND BURTON NHS FOUNDATION TRUST,C_330,Dermatology Service,"7,659","3,839",50.10%,17.9,56,863,4
Y60,RTG,UNIVERSITY HOSPITALS OF DERBY AND BURTON NHS FOUNDATION TRUST,C_340,Respiratory Medicine Service,"1,298","1,115",85.90%,8.1,21.3,0,0
Y60,RTG,UNIVERSITY HOSPITALS OF DERBY AND BURTON NHS FOUNDATION TRUST,C_400,Neurology Service,"2,693","1,711",63.50%,13.7,30.9,10,2
Y60,RTG,UNIVERSITY HOSPITALS OF DERBY AND BURTON NHS FOUNDATION TRUST,C_410,Rheumatology Service,"2,351","1,479",62.90%,13.1,39.3,15,0
Y60,RTG,UNIVERSITY HOSPITALS OF DERBY AND BURTON NHS FOUNDATION TRUST,C_430,Elderly Medicine Service,377,308,81.70%,8.8,26.2,5,0
Y60,RTG,UNIVERSITY HOSPITALS OF DERBY AND BURTON NHS FOUNDATION TRUST,C_502,Gynaecology Service,"8,993","5,112",56.80%,15.5,45.8,458,57
Y60,RTG,UNIVERSITY HOSPITALS OF DERBY AND BURTON NHS FOUNDATION TRUST,X02,Other - Medical Services,"8,364","6,400",76.50%,10,28.3,103,10
Y60,RTG,UNIVERSITY HOSPITALS OF DERBY AND BURTON NHS FOUNDATION TRUST,X03,Other - Mental Health Services,18,16,88.90%,-,-,0,0
Y60,RTG,UNIVERSITY HOSPITALS OF DERBY AND BURTON NHS FOUNDATION TRUST,X04,Other - Paediatric Services,"4,163","2,366",56.80%,15.5,43.6,144,4
Y60,RTG,UNIVERSITY HOSPITALS OF DERBY AND BURTON NHS FOUNDATION TRUST,X05,Other - Surgical Services,"7,474","4,157",55.60%,15.3,54.5,676,110
Y60,RTG,UNIVERSITY HOSPITALS OF DERBY AND BURTON NHS FOUNDATION TRUST,X06,Other - Other Services,"1,510","1,064",70.50%,10.4,45.5,73,0
Y60,RWD,UNITED LINCOLNSHIRE HOSPITALS NHS TRUST,C_100,General Surgery Service,"5,104","2,694",52.80%,16.3,53.7,445,17
Y60,RWD,UNITED LINCOLNSHIRE HOSPITALS NHS TRUST,C_101,Urology Service,"2,504","1,849",73.80%,10.2,31,9,0
Y60,RWD,UNITED LINCOLNSHIRE HOSPITALS NHS TRUST,C_110,Trauma and Orthopaedic Service,"3,006","2,444",81.30%,8.7,26,6,4
Y60,RWD,UNITED LINCOLNSHIRE HOSPITALS NHS TRUST,C_120,Ear Nose and Throat Service,"9,001","2,977",33.10%,27,60.7,"1,247",29
Y60,RWD,UNITED LINCOLNSHIRE HOSPITALS NHS TRUST,C_130,Ophthalmology Service,"5,899","3,659",62.00%,14.4,39,119,2
Y60,RWD,UNITED LINCOLNSHIRE HOSPITALS NHS TRUST,C_140,Oral Surgery Service, -   , -   , -   ,-,-,0,0
Y60,RWD,UNITED LINCOLNSHIRE HOSPITALS NHS TRUST,C_150,Neurosurgical Service, -   , -   , -   ,-,-,0,0
Y60,RWD,UNITED LINCOLNSHIRE HOSPITALS NHS TRUST,C_160,Plastic Surgery Service, -   , -   , -   ,-,-,0,0
Y60,RWD,UNITED LINCOLNSHIRE HOSPITALS NHS TRUST,C_170,Cardiothoracic Surgery Service,28,16,57.10%,16.6,48.8,2,0
Y60,RWD,UNITED LINCOLNSHIRE HOSPITALS NHS TRUST,C_300,General Internal Medicine Service,327,140,42.80%,21.6,55.8,33,1
Y60,RWD,UNITED LINCOLNSHIRE HOSPITALS NHS TRUST,C_301,Gastroenterology Service,"5,928","1,799",30.30%,29.6,69.3,"1,420",138
Y60,RWD,UNITED LINCOLNSHIRE HOSPITALS NHS TRUST,C_320,Cardiology Service,"3,008","1,816",60.40%,14.4,36.3,3,0
Y60,RWD,UNITED LINCOLNSHIRE HOSPITALS NHS TRUST,C_330,Dermatology Service,"5,628","2,690",47.80%,19,59.7,853,134
Y60,RWD,UNITED LINCOLNSHIRE HOSPITALS NHS TRUST,C_340,Respiratory Medicine Service,"3,841","1,454",37.90%,26.9,65.7,761,16
Y60,RWD,UNITED LINCOLNSHIRE HOSPITALS NHS TRUST,C_400,Neurology Service,"2,909",841,28.90%,31.5,67.4,692,9
Y60,RWD,UNITED LINCOLNSHIRE HOSPITALS NHS TRUST,C_410,Rheumatology Service,"2,064",802,38.90%,24.7,68.2,419,22
Y60,RWD,UNITED LINCOLNSHIRE HOSPITALS NHS TRUST,C_430,Elderly Medicine Service,223,178,79.80%,7.3,27.8,2,0
Y60,RWD,UNITED LINCOLNSHIRE HOSPITALS NHS TRUST,C_502,Gynaecology Service,"5,275","2,709",51.40%,17.3,50.2,370,8
Y60,RWD,UNITED LINCOLNSHIRE HOSPITALS NHS TRUST,X02,Other - Medical Services,"5,437","3,304",60.80%,14.1,37.5,19,3
Y60,RWD,UNITED LINCOLNSHIRE HOSPITALS NHS TRUST,X03,Other - Mental Health Services, -   , -   , -   ,-,-,0,0
Y60,RWD,UNITED LINCOLNSHIRE HOSPITALS NHS TRUST,X04,Other - Paediatric Services,"2,659","1,560",58.70%,14.5,56.9,252,6
Y60,RWD,UNITED LINCOLNSHIRE HOSPITALS NHS TRUST,X05,Other - Surgical Services,"7,981","4,126",51.70%,16.9,49.5,513,10
Y60,RWD,UNITED LINCOLNSHIRE HOSPITALS NHS TRUST,X06,Other - Other Services,444,221,49.80%,18.3,37.3,1,0
Y60,RWE,UNIVERSITY HOSPITALS OF LEICESTER NHS TRUST,C_100,General Surgery Service,"8,512","3,691",43.40%,21.7,62.7,"1,233",350
Y60,RWE,UNIVERSITY HOSPITALS OF LEICESTER NHS TRUST,C_101,Urology Service,"7,168","3,446",48.10%,19,57.9,796,134
Y60,RWE,UNIVERSITY HOSPITALS OF LEICESTER NHS TRUST,C_110,Trauma and Orthopaedic Service,"8,761","4,209",48.00%,19.1,58.5,996,152
Y60,RWE,UNIVERSITY HOSPITALS OF LEICESTER NHS TRUST,C_120,Ear Nose and Throat Service,"8,726","2,632",30.20%,32.1,76.9,"2,603",637
Y60,RWE,UNIVERSITY HOSPITALS OF LEICESTER NHS TRUST,C_130,Ophthalmology Service,"16,938","7,199",42.50%,23.2,65.8,"3,076",395
Y60,RWE,UNIVERSITY HOSPITALS OF LEICESTER NHS TRUST,C_140,Oral Surgery Service,"6,583","2,378",36.10%,26.4,66.2,"1,349",118
Y60,RWE,UNIVERSITY HOSPITALS OF LEICESTER NHS TRUST,C_150,Neurosurgical Service,49,38,77.60%,13,20,0,0
Y60,RWE,UNIVERSITY HOSPITALS OF LEICESTER NHS TRUST,C_160,Plastic Surgery Service,"1,416",706,49.90%,18.1,71.6,290,77
Y60,RWE,UNIVERSITY HOSPITALS OF LEICESTER NHS TRUST,C_170,Cardiothoracic Surgery Service,544,381,70.00%,10.4,44.9,30,8
Y60,RWE,UNIVERSITY HOSPITALS OF LEICESTER NHS TRUST,C_300,General Internal Medicine Service,121,118,97.50%,5.5,13.8,0,0
Y60,RWE,UNIVERSITY HOSPITALS OF LEICESTER NHS TRUST,C_301,Gastroenterology Service,"12,660","5,097",40.30%,23.5,66.6,"1,908",479
Y60,RWE,UNIVERSITY HOSPITALS OF LEICESTER NHS TRUST,C_320,Cardiology Service,"7,096","3,646",51.40%,17.2,49.7,484,17
Y60,RWE,UNIVERSITY HOSPITALS OF LEICESTER NHS TRUST,C_330,Dermatology Service,"2,239","2,028",90.60%,5.2,20.1,4,2
Y60,RWE,UNIVERSITY HOSPITALS OF LEICESTER NHS TRUST,C_340,Respiratory Medicine Service,"1,602","1,343",83.80%,8.4,23,7,1
Y60,RWE,UNIVERSITY HOSPITALS OF LEICESTER NHS TRUST,C_400,Neurology Service,"2,039","1,691",82.90%,9.9,20.8,26,1
Y60,RWE,UNIVERSITY HOSPITALS OF LEICESTER NHS TRUST,C_410,Rheumatology Service,"2,133","1,738",81.50%,10.2,24,18,0
Y60,RWE,UNIVERSITY HOSPITALS OF LEICESTER NHS TRUST,C_430,Elderly Medicine Service,345,322,93.30%,5.7,16.9,0,0
Y60,RWE,UNIVERSITY HOSPITALS OF LEICESTER NHS TRUST,C_502,Gynaecology Service,"12,911","3,784",29.30%,29.7,68,"2,819",539
Y60,RWE,UNIVERSITY HOSPITALS OF LEICESTER NHS TRUST,X02,Other - Medical Services,"9,034","6,548",72.50%,11,30.6,226,86
Y60,RWE,UNIVERSITY HOSPITALS OF LEICESTER NHS TRUST,X03,Other - Mental Health Services,1, -   , -   ,-,-,0,0
Y60,RWE,UNIVERSITY HOSPITALS OF LEICESTER NHS TRUST,X04,Other - Paediatric Services,"10,878","5,322",48.90%,18.5,61.8,"1,310",225
Y60,RWE,UNIVERSITY HOSPITALS OF LEICESTER NHS TRUST,X05,Other - Surgical Services,"4,716","1,936",41.10%,25,72.6,"1,197",260
Y60,RWE,UNIVERSITY HOSPITALS OF LEICESTER NHS TRUST,X06,Other - Other Services,"3,120","1,855",59.50%,14.3,36.2,50,12
Y60,RWP,WORCESTERSHIRE ACUTE HOSPITALS NHS TRUST,C_100,General Surgery Service,"7,487","2,784",37.20%,25.7,78.1,"1,896",603
Y60,RWP,WORCESTERSHIRE ACUTE HOSPITALS NHS TRUST,C_101,Urology Service,"5,835","2,262",38.80%,26.2,67.8,"1,074",204
Y60,RWP,WORCESTERSHIRE ACUTE HOSPITALS NHS TRUST,C_110,Trauma and Orthopaedic Service,"3,726","1,876",50.30%,17.9,53.2,337,10
Y60,RWP,WORCESTERSHIRE ACUTE HOSPITALS NHS TRUST,C_120,Ear Nose and Throat Service,"7,506","2,242",29.90%,29.1,61.5,"1,283",49
Y60,RWP,WORCESTERSHIRE ACUTE HOSPITALS NHS TRUST,C_130,Ophthalmology Service,"7,021","4,155",59.20%,14.4,42.4,120,0
Y60,RWP,WORCESTERSHIRE ACUTE HOSPITALS NHS TRUST,C_140,Oral Surgery Service,"3,873","1,463",37.80%,24.9,60.7,494,67
Y60,RWP,WORCESTERSHIRE ACUTE HOSPITALS NHS TRUST,C_150,Neurosurgical Service, -   , -   , -   ,-,-,0,0
Y60,RWP,WORCESTERSHIRE ACUTE HOSPITALS NHS TRUST,C_160,Plastic Surgery Service,21,14,66.70%,9,38.3,1,1
Y60,RWP,WORCESTERSHIRE ACUTE HOSPITALS NHS TRUST,C_170,Cardiothoracic Surgery Service,7,4,57.10%,-,-,0,0
Y60,RWP,WORCESTERSHIRE ACUTE HOSPITALS NHS TRUST,C_300,General Internal Medicine Service,766,670,87.50%,9.8,23.9,1,0
Y60,RWP,WORCESTERSHIRE ACUTE HOSPITALS NHS TRUST,C_301,Gastroenterology Service,"3,186","1,742",54.70%,16.3,44.9,131,0
Y60,RWP,WORCESTERSHIRE ACUTE HOSPITALS NHS TRUST,C_320,Cardiology Service,"2,366","1,393",58.90%,14.8,35.5,5,0
Y60,RWP,WORCESTERSHIRE ACUTE HOSPITALS NHS TRUST,C_330,Dermatology Service,"3,110","1,955",62.90%,10.7,54.4,286,14
Y60,RWP,WORCESTERSHIRE ACUTE HOSPITALS NHS TRUST,C_340,Respiratory Medicine Service,"1,721","1,137",66.10%,12.8,41.1,49,0
Y60,RWP,WORCESTERSHIRE ACUTE HOSPITALS NHS TRUST,C_400,Neurology Service,"1,660",855,51.50%,17.5,37.7,8,0
Y60,RWP,WORCESTERSHIRE ACUTE HOSPITALS NHS TRUST,C_410,Rheumatology Service,"1,286",648,50.40%,17.8,56,118,3
Y60,RWP,WORCESTERSHIRE ACUTE HOSPITALS NHS TRUST,C_430,Elderly Medicine Service,15,2,13.30%,-,-,12,0
Y60,RWP,WORCESTERSHIRE ACUTE HOSPITALS NHS TRUST,C_502,Gynaecology Service,"6,165","2,115",34.30%,28.1,67,"1,372",82
Y60,RWP,WORCESTERSHIRE ACUTE HOSPITALS NHS TRUST,X02,Other - Medical Services,"4,259","3,108",73.00%,10.9,36.3,36,0
Y60,RWP,WORCESTERSHIRE ACUTE HOSPITALS NHS TRUST,X03,Other - Mental Health Services, -   , -   , -   ,-,-,0,0
Y60,RWP,WORCESTERSHIRE ACUTE HOSPITALS NHS TRUST,X04,Other - Paediatric Services,180,150,83.30%,9.6,21.9,0,0
Y60,RWP,WORCESTERSHIRE ACUTE HOSPITALS NHS TRUST,X05,Other - Surgical Services,"3,901","2,635",67.50%,10.5,56.9,379,56
Y60,RWP,WORCESTERSHIRE ACUTE HOSPITALS NHS TRUST,X06,Other - Other Services,"1,117",903,80.80%,9.2,31.1,21,3
Y60,RX1,NOTTINGHAM UNIVERSITY HOSPITALS NHS TRUST,C_100,General Surgery Service,"1,005",587,58.40%,13.6,55.1,93,19
Y60,RX1,NOTTINGHAM UNIVERSITY HOSPITALS NHS TRUST,C_101,Urology Service,"3,256","1,974",60.60%,13.4,49.6,240,59
Y60,RX1,NOTTINGHAM UNIVERSITY HOSPITALS NHS TRUST,C_110,Trauma and Orthopaedic Service,"6,792","3,417",50.30%,17.9,58.1,739,176
Y60,RX1,NOTTINGHAM UNIVERSITY HOSPITALS NHS TRUST,C_120,Ear Nose and Throat Service,"6,376","3,759",59.00%,14.8,58.8,667,149
Y60,RX1,NOTTINGHAM UNIVERSITY HOSPITALS NHS TRUST,C_130,Ophthalmology Service,"7,955","4,789",60.20%,14.2,40.5,241,32
Y60,RX1,NOTTINGHAM UNIVERSITY HOSPITALS NHS TRUST,C_140,Oral Surgery Service,"2,982",991,33.20%,26.1,52.6,255,22
Y60,RX1,NOTTINGHAM UNIVERSITY HOSPITALS NHS TRUST,C_150,Neurosurgical Service,624,425,68.10%,13.1,40.6,26,2
Y60,RX1,NOTTINGHAM UNIVERSITY HOSPITALS NHS TRUST,C_160,Plastic Surgery Service,"1,289",653,50.70%,17.7,51.3,98,17
Y60,RX1,NOTTINGHAM UNIVERSITY HOSPITALS NHS TRUST,C_170,Cardiothoracic Surgery Service,372,219,58.90%,12.2,72.6,59,25
Y60,RX1,NOTTINGHAM UNIVERSITY HOSPITALS NHS TRUST,C_300,General Internal Medicine Service,2,2,100.00%,-,-,0,0
Y60,RX1,NOTTINGHAM UNIVERSITY HOSPITALS NHS TRUST,C_301,Gastroenterology Service,"4,689","2,659",56.70%,14.8,48.1,296,9
Y60,RX1,NOTTINGHAM UNIVERSITY HOSPITALS NHS TRUST,C_320,Cardiology Service,"1,729","1,379",79.80%,8.6,36.5,31,0
Y60,RX1,NOTTINGHAM UNIVERSITY HOSPITALS NHS TRUST,C_330,Dermatology Service,"4,516","3,622",80.20%,9.4,23.6,8,0
Y60,RX1,NOTTINGHAM UNIVERSITY HOSPITALS NHS TRUST,C_340,Respiratory Medicine Service,"1,377","1,069",77.60%,8.9,27.6,7,1
Y60,RX1,NOTTINGHAM UNIVERSITY HOSPITALS NHS TRUST,C_400,Neurology Service,"1,309","1,115",85.20%,9.1,21.2,0,0
Y60,RX1,NOTTINGHAM UNIVERSITY HOSPITALS NHS TRUST,C_410,Rheumatology Service,"1,438",699,48.60%,18.6,39.4,0,0
Y60,RX1,NOTTINGHAM UNIVERSITY HOSPITALS NHS TRUST,C_430,Elderly Medicine Service,269,251,93.30%,7.6,17.5,0,0
Y60,RX1,NOTTINGHAM UNIVERSITY HOSPITALS NHS TRUST,C_502,Gynaecology Service,"3,501","2,286",65.30%,12.3,46.1,173,18
Y60,RX1,NOTTINGHAM UNIVERSITY HOSPITALS NHS TRUST,X02,Other - Medical Services,"8,977","6,049",67.40%,11.6,38.6,256,2
Y60,RX1,NOTTINGHAM UNIVERSITY HOSPITALS NHS TRUST,X03,Other - Mental Health Services, -   , -   , -   ,-,-,0,0
Y60,RX1,NOTTINGHAM UNIVERSITY HOSPITALS NHS TRUST,X04,Other - Paediatric Services,"4,128","3,010",72.90%,9.7,37.4,134,34
Y60,RX1,NOTTINGHAM UNIVERSITY HOSPITALS NHS TRUST,X05,Other - Surgical Services,"7,602","3,865",50.80%,17.5,63.4,971,251
Y60,RX1,NOTTINGHAM UNIVERSITY HOSPITALS NHS TRUST,X06,Other - Other Services,"1,330","1,226",92.20%,8.9,18,4,0
Y60,RXK,SANDWELL AND WEST BIRMINGHAM HOSPITALS NHS TRUST,C_100,General Surgery Service,"4,561","2,561",56.10%,15.2,45.4,171,1
Y60,RXK,SANDWELL AND WEST BIRMINGHAM HOSPITALS NHS TRUST,C_101,Urology Service,"5,262","2,310",43.90%,21.3,52.2,431,21
Y60,RXK,SANDWELL AND WEST BIRMINGHAM HOSPITALS NHS TRUST,C_110,Trauma and Orthopaedic Service,"5,850","3,345",57.20%,15,51.6,456,24
Y60,RXK,SANDWELL AND WEST BIRMINGHAM HOSPITALS NHS TRUST,C_120,Ear Nose and Throat Service,"6,825","3,216",47.10%,19.6,45,398,47
Y60,RXK,SANDWELL AND WEST BIRMINGHAM HOSPITALS NHS TRUST,C_130,Ophthalmology Service,"12,916","8,026",62.10%,13.6,33.9,219,24
Y60,RXK,SANDWELL AND WEST BIRMINGHAM HOSPITALS NHS TRUST,C_140,Oral Surgery Service,"2,029","1,254",61.80%,14.1,35.1,20,1
Y60,RXK,SANDWELL AND WEST BIRMINGHAM HOSPITALS NHS TRUST,C_150,Neurosurgical Service, -   , -   , -   ,-,-,0,0
Y60,RXK,SANDWELL AND WEST BIRMINGHAM HOSPITALS NHS TRUST,C_160,Plastic Surgery Service,293,179,61.10%,13.7,52.4,25,0
Y60,RXK,SANDWELL AND WEST BIRMINGHAM HOSPITALS NHS TRUST,C_170,Cardiothoracic Surgery Service,17,11,64.70%,-,-,0,0
Y60,RXK,SANDWELL AND WEST BIRMINGHAM HOSPITALS NHS TRUST,C_300,General Internal Medicine Service, -   , -   , -   ,-,-,0,0
Y60,RXK,SANDWELL AND WEST BIRMINGHAM HOSPITALS NHS TRUST,C_301,Gastroenterology Service,"2,917","1,593",54.60%,16.2,33.4,4,0
Y60,RXK,SANDWELL AND WEST BIRMINGHAM HOSPITALS NHS TRUST,C_320,Cardiology Service,"3,493","2,230",63.80%,13.9,30.6,6,3
Y60,RXK,SANDWELL AND WEST BIRMINGHAM HOSPITALS NHS TRUST,C_330,Dermatology Service,"3,707","2,289",61.70%,13.8,33.6,52,1
Y60,RXK,SANDWELL AND WEST BIRMINGHAM HOSPITALS NHS TRUST,C_340,Respiratory Medicine Service,"1,259","1,120",89.00%,9.2,20,1,0
Y60,RXK,SANDWELL AND WEST BIRMINGHAM HOSPITALS NHS TRUST,C_400,Neurology Service,945,717,75.90%,10.8,24.5,0,0
Y60,RXK,SANDWELL AND WEST BIRMINGHAM HOSPITALS NHS TRUST,C_410,Rheumatology Service,"1,844","1,280",69.40%,11.5,29.5,1,0
Y60,RXK,SANDWELL AND WEST BIRMINGHAM HOSPITALS NHS TRUST,C_430,Elderly Medicine Service,54,54,100.00%,3.9,8.2,0,0
Y60,RXK,SANDWELL AND WEST BIRMINGHAM HOSPITALS NHS TRUST,C_502,Gynaecology Service,"3,064","2,173",70.90%,11.4,32.3,33,1
Y60,RXK,SANDWELL AND WEST BIRMINGHAM HOSPITALS NHS TRUST,X02,Other - Medical Services,"2,840","2,510",88.40%,8.3,20.4,10,2
Y60,RXK,SANDWELL AND WEST BIRMINGHAM HOSPITALS NHS TRUST,X03,Other - Mental Health Services, -   , -   , -   ,-,-,0,0
Y60,RXK,SANDWELL AND WEST BIRMINGHAM HOSPITALS NHS TRUST,X04,Other - Paediatric Services,"5,496","3,936",71.60%,11.1,37.7,197,13
Y60,RXK,SANDWELL AND WEST BIRMINGHAM HOSPITALS NHS TRUST,X05,Other - Surgical Services,"2,711","2,282",84.20%,8.2,29,26,2
Y60,RXK,SANDWELL AND WEST BIRMINGHAM HOSPITALS NHS TRUST,X06,Other - Other Services,362,283,78.20%,8.6,38.5,8,0
Y60,RXM,DERBYSHIRE HEALTHCARE NHS FOUNDATION TRUST,C_100,General Surgery Service, -   , -   , -   ,-,-,0,0
Y60,RXM,DERBYSHIRE HEALTHCARE NHS FOUNDATION TRUST,C_101,Urology Service, -   , -   , -   ,-,-,0,0
Y60,RXM,DERBYSHIRE HEALTHCARE NHS FOUNDATION TRUST,C_110,Trauma and Orthopaedic Service, -   , -   , -   ,-,-,0,0
Y60,RXM,DERBYSHIRE HEALTHCARE NHS FOUNDATION TRUST,C_120,Ear Nose and Throat Service, -   , -   , -   ,-,-,0,0
Y60,RXM,DERBYSHIRE HEALTHCARE NHS FOUNDATION TRUST,C_130,Ophthalmology Service, -   , -   , -   ,-,-,0,0
Y60,RXM,DERBYSHIRE HEALTHCARE NHS FOUNDATION TRUST,C_140,Oral Surgery Service, -   , -   , -   ,-,-,0,0
Y60,RXM,DERBYSHIRE HEALTHCARE NHS FOUNDATION TRUST,C_150,Neurosurgical Service, -   , -   , -   ,-,-,0,0
Y60,RXM,DERBYSHIRE HEALTHCARE NHS FOUNDATION TRUST,C_160,Plastic Surgery Service, -   , -   , -   ,-,-,0,0
Y60,RXM,DERBYSHIRE HEALTHCARE NHS FOUNDATION TRUST,C_170,Cardiothoracic Surgery Service, -   , -   , -   ,-,-,0,0
Y60,RXM,DERBYSHIRE HEALTHCARE NHS FOUNDATION TRUST,C_300,General Internal Medicine Service, -   , -   , -   ,-,-,0,0
Y60,RXM,DERBYSHIRE HEALTHCARE NHS FOUNDATION TRUST,C_301,Gastroenterology Service, -   , -   , -   ,-,-,0,0
Y60,RXM,DERBYSHIRE HEALTHCARE NHS FOUNDATION TRUST,C_320,Cardiology Service, -   , -   , -   ,-,-,0,0
Y60,RXM,DERBYSHIRE HEALTHCARE NHS FOUNDATION TRUST,C_330,Dermatology Service, -   , -   , -   ,-,-,0,0
Y60,RXM,DERBYSHIRE HEALTHCARE NHS FOUNDATION TRUST,C_340,Respiratory Medicine Service, -   , -   , -   ,-,-,0,0
Y60,RXM,DERBYSHIRE HEALTHCARE NHS FOUNDATION TRUST,C_400,Neurology Service, -   , -   , -   ,-,-,0,0
Y60,RXM,DERBYSHIRE HEALTHCARE NHS FOUNDATION TRUST,C_410,Rheumatology Service, -   , -   , -   ,-,-,0,0
Y60,RXM,DERBYSHIRE HEALTHCARE NHS FOUNDATION TRUST,C_430,Elderly Medicine Service, -   , -   , -   ,-,-,0,0
Y60,RXM,DERBYSHIRE HEALTHCARE NHS FOUNDATION TRUST,C_502,Gynaecology Service, -   , -   , -   ,-,-,0,0
Y60,RXM,DERBYSHIRE HEALTHCARE NHS FOUNDATION TRUST,X02,Other - Medical Services, -   , -   , -   ,-,-,0,0
Y60,RXM,DERBYSHIRE HEALTHCARE NHS FOUNDATION TRUST,X03,Other - Mental Health Services,158,112,70.90%,10.9,25.3,0,0
Y60,RXM,DERBYSHIRE HEALTHCARE NHS FOUNDATION TRUST,X04,Other - Paediatric Services,449,125,27.80%,30.5,45.5,6,0
Y60,RXM,DERBYSHIRE HEALTHCARE NHS FOUNDATION TRUST,X05,Other - Surgical Services, -   , -   , -   ,-,-,0,0
Y60,RXM,DERBYSHIRE HEALTHCARE NHS FOUNDATION TRUST,X06,Other - Other Services, -   , -   , -   ,-,-,0,0
Y60,RXW,THE SHREWSBURY AND TELFORD HOSPITAL NHS TRUST,C_100,General Surgery Service,"6,110","3,776",61.80%,11.7,51,459,39
Y60,RXW,THE SHREWSBURY AND TELFORD HOSPITAL NHS TRUST,C_101,Urology Service,"4,287","1,752",40.90%,23.8,62.2,654,31
Y60,RXW,THE SHREWSBURY AND TELFORD HOSPITAL NHS TRUST,C_110,Trauma and Orthopaedic Service,"1,440",585,40.60%,24.5,63.8,224,39
Y60,RXW,THE SHREWSBURY AND TELFORD HOSPITAL NHS TRUST,C_120,Ear Nose and Throat Service,"3,992","2,042",51.20%,17.4,41.8,138,10
Y60,RXW,THE SHREWSBURY AND TELFORD HOSPITAL NHS TRUST,C_130,Ophthalmology Service,"3,994","2,148",53.80%,16.1,56.5,387,54
Y60,RXW,THE SHREWSBURY AND TELFORD HOSPITAL NHS TRUST,C_140,Oral Surgery Service,"1,931","1,158",60.00%,14.5,48.2,131,13
Y60,RXW,THE SHREWSBURY AND TELFORD HOSPITAL NHS TRUST,C_150,Neurosurgical Service, -   , -   , -   ,-,-,0,0
Y60,RXW,THE SHREWSBURY AND TELFORD HOSPITAL NHS TRUST,C_160,Plastic Surgery Service, -   , -   , -   ,-,-,0,0
Y60,RXW,THE SHREWSBURY AND TELFORD HOSPITAL NHS TRUST,C_170,Cardiothoracic Surgery Service,31,26,83.90%,7.3,23.5,0,0
Y60,RXW,THE SHREWSBURY AND TELFORD HOSPITAL NHS TRUST,C_300,General Internal Medicine Service,"1,579",912,57.80%,14.4,43.1,69,0
Y60,RXW,THE SHREWSBURY AND TELFORD HOSPITAL NHS TRUST,C_301,Gastroenterology Service,"2,042","1,354",66.30%,11.6,34.8,43,6
Y60,RXW,THE SHREWSBURY AND TELFORD HOSPITAL NHS TRUST,C_320,Cardiology Service,"2,540","1,187",46.70%,19.6,49.4,166,2
Y60,RXW,THE SHREWSBURY AND TELFORD HOSPITAL NHS TRUST,C_330,Dermatology Service,"1,122",947,84.40%,4.7,24.3,1,0
Y60,RXW,THE SHREWSBURY AND TELFORD HOSPITAL NHS TRUST,C_340,Respiratory Medicine Service,"1,993",845,42.40%,22.2,58.7,263,12
Y60,RXW,THE SHREWSBURY AND TELFORD HOSPITAL NHS TRUST,C_400,Neurology Service, -   , -   , -   ,-,-,0,0
Y60,RXW,THE SHREWSBURY AND TELFORD HOSPITAL NHS TRUST,C_410,Rheumatology Service, -   , -   , -   ,-,-,0,0
Y60,RXW,THE SHREWSBURY AND TELFORD HOSPITAL NHS TRUST,C_430,Elderly Medicine Service,165,141,85.50%,6.4,27.4,3,0
Y60,RXW,THE SHREWSBURY AND TELFORD HOSPITAL NHS TRUST,C_502,Gynaecology Service,"4,581","2,503",54.60%,15.7,53.2,381,62
Y60,RXW,THE SHREWSBURY AND TELFORD HOSPITAL NHS TRUST,X02,Other - Medical Services,16,14,87.50%,-,-,0,0
Y60,RXW,THE SHREWSBURY AND TELFORD HOSPITAL NHS TRUST,X03,Other - Mental Health Services, -   , -   , -   ,-,-,0,0
Y60,RXW,THE SHREWSBURY AND TELFORD HOSPITAL NHS TRUST,X04,Other - Paediatric Services,"1,434",830,57.90%,15,39.2,38,2
Y60,RXW,THE SHREWSBURY AND TELFORD HOSPITAL NHS TRUST,X05,Other - Surgical Services,271,187,69.00%,9.5,38.5,12,1
Y60,RXW,THE SHREWSBURY AND TELFORD HOSPITAL NHS TRUST,X06,Other - Other Services,373,159,42.60%,23.9,56.8,46,6
Y60,RYW,BIRMINGHAM COMMUNITY HEALTHCARE NHS FOUNDATION TRUST,C_100,General Surgery Service, -   , -   , -   ,-,-,0,0
Y60,RYW,BIRMINGHAM COMMUNITY HEALTHCARE NHS FOUNDATION TRUST,C_101,Urology Service, -   , -   , -   ,-,-,0,0
Y60,RYW,BIRMINGHAM COMMUNITY HEALTHCARE NHS FOUNDATION TRUST,C_110,Trauma and Orthopaedic Service,181,123,68.00%,12,24.5,0,0
Y60,RYW,BIRMINGHAM COMMUNITY HEALTHCARE NHS FOUNDATION TRUST,C_120,Ear Nose and Throat Service, -   , -   , -   ,-,-,0,0
Y60,RYW,BIRMINGHAM COMMUNITY HEALTHCARE NHS FOUNDATION TRUST,C_130,Ophthalmology Service, -   , -   , -   ,-,-,0,0
Y60,RYW,BIRMINGHAM COMMUNITY HEALTHCARE NHS FOUNDATION TRUST,C_140,Oral Surgery Service,"6,359","2,808",44.20%,20.5,44.2,260,4
Y60,RYW,BIRMINGHAM COMMUNITY HEALTHCARE NHS FOUNDATION TRUST,C_150,Neurosurgical Service, -   , -   , -   ,-,-,0,0
Y60,RYW,BIRMINGHAM COMMUNITY HEALTHCARE NHS FOUNDATION TRUST,C_160,Plastic Surgery Service, -   , -   , -   ,-,-,0,0
Y60,RYW,BIRMINGHAM COMMUNITY HEALTHCARE NHS FOUNDATION TRUST,C_170,Cardiothoracic Surgery Service, -   , -   , -   ,-,-,0,0
Y60,RYW,BIRMINGHAM COMMUNITY HEALTHCARE NHS FOUNDATION TRUST,C_300,General Internal Medicine Service, -   , -   , -   ,-,-,0,0
Y60,RYW,BIRMINGHAM COMMUNITY HEALTHCARE NHS FOUNDATION TRUST,C_301,Gastroenterology Service, -   , -   , -   ,-,-,0,0
Y60,RYW,BIRMINGHAM COMMUNITY HEALTHCARE NHS FOUNDATION TRUST,C_320,Cardiology Service, -   , -   , -   ,-,-,0,0
Y60,RYW,BIRMINGHAM COMMUNITY HEALTHCARE NHS FOUNDATION TRUST,C_330,Dermatology Service, -   , -   , -   ,-,-,0,0
Y60,RYW,BIRMINGHAM COMMUNITY HEALTHCARE NHS FOUNDATION TRUST,C_340,Respiratory Medicine Service, -   , -   , -   ,-,-,0,0
Y60,RYW,BIRMINGHAM COMMUNITY HEALTHCARE NHS FOUNDATION TRUST,C_400,Neurology Service, -   , -   , -   ,-,-,0,0
Y60,RYW,BIRMINGHAM COMMUNITY HEALTHCARE NHS FOUNDATION TRUST,C_410,Rheumatology Service, -   , -   , -   ,-,-,0,0
Y60,RYW,BIRMINGHAM COMMUNITY HEALTHCARE NHS FOUNDATION TRUST,C_430,Elderly Medicine Service, -   , -   , -   ,-,-,0,0
Y60,RYW,BIRMINGHAM COMMUNITY HEALTHCARE NHS FOUNDATION TRUST,C_502,Gynaecology Service, -   , -   , -   ,-,-,0,0
Y60,RYW,BIRMINGHAM COMMUNITY HEALTHCARE NHS FOUNDATION TRUST,X02,Other - Medical Services,"5,780","3,642",63.00%,13.5,31.2,15,0
Y60,RYW,BIRMINGHAM COMMUNITY HEALTHCARE NHS FOUNDATION TRUST,X03,Other - Mental Health Services,16,16,100.00%,-,-,0,0
Y60,RYW,BIRMINGHAM COMMUNITY HEALTHCARE NHS FOUNDATION TRUST,X04,Other - Paediatric Services,"2,989","1,903",63.70%,14.2,27.6,0,0
Y60,RYW,BIRMINGHAM COMMUNITY HEALTHCARE NHS FOUNDATION TRUST,X05,Other - Surgical Services,"5,916","3,781",63.90%,13.4,42.2,233,48
Y60,RYW,BIRMINGHAM COMMUNITY HEALTHCARE NHS FOUNDATION TRUST,X06,Other - Other Services, -   , -   , -   ,-,-,0,0
Y61,RAJ,MID AND SOUTH ESSEX NHS FOUNDATION TRUST,C_100,General Surgery Service,"10,600","5,515",52.00%,16.8,54.2,970,86
Y61,RAJ,MID AND SOUTH ESSEX NHS FOUNDATION TRUST,C_101,Urology Service,"8,095","4,117",50.90%,17.4,52.7,680,68
Y61,RAJ,MID AND SOUTH ESSEX NHS FOUNDATION TRUST,C_110,Trauma and Orthopaedic Service,"15,841","7,212",45.50%,20.7,57.2,"1,793",128
Y61,RAJ,MID AND SOUTH ESSEX NHS FOUNDATION TRUST,C_120,Ear Nose and Throat Service,"10,523","5,105",48.50%,18.7,58,"1,223",13
Y61,RAJ,MID AND SOUTH ESSEX NHS FOUNDATION TRUST,C_130,Ophthalmology Service,"14,205","7,438",52.40%,17,49.3,938,17
Y61,RAJ,MID AND SOUTH ESSEX NHS FOUNDATION TRUST,C_140,Oral Surgery Service,"4,855","2,043",42.10%,22.3,54.1,426,24
Y61,RAJ,MID AND SOUTH ESSEX NHS FOUNDATION TRUST,C_150,Neurosurgical Service,65,37,56.90%,14.5,38.9,1,0
Y61,RAJ,MID AND SOUTH ESSEX NHS FOUNDATION TRUST,C_160,Plastic Surgery Service,"3,837","2,072",54.00%,16,55.6,377,21
Y61,RAJ,MID AND SOUTH ESSEX NHS FOUNDATION TRUST,C_170,Cardiothoracic Surgery Service,468,165,35.30%,24.8,55.8,47,2
Y61,RAJ,MID AND SOUTH ESSEX NHS FOUNDATION TRUST,C_300,General Internal Medicine Service,"2,694","1,964",72.90%,10.1,33.6,35,1
Y61,RAJ,MID AND SOUTH ESSEX NHS FOUNDATION TRUST,C_301,Gastroenterology Service,"6,438","3,586",55.70%,14.6,47,270,1
Y61,RAJ,MID AND SOUTH ESSEX NHS FOUNDATION TRUST,C_320,Cardiology Service,"9,084","5,812",64.00%,13,36.9,132,1
Y61,RAJ,MID AND SOUTH ESSEX NHS FOUNDATION TRUST,C_330,Dermatology Service,"13,171","7,899",60.00%,13.1,51,986,3
Y61,RAJ,MID AND SOUTH ESSEX NHS FOUNDATION TRUST,C_340,Respiratory Medicine Service,"5,044","2,484",49.20%,18.3,46,200,1
Y61,RAJ,MID AND SOUTH ESSEX NHS FOUNDATION TRUST,C_400,Neurology Service,"3,736","2,031",54.40%,14.9,45,126,2
Y61,RAJ,MID AND SOUTH ESSEX NHS FOUNDATION TRUST,C_410,Rheumatology Service,"2,619","1,444",55.10%,15.8,37.8,18,0
Y61,RAJ,MID AND SOUTH ESSEX NHS FOUNDATION TRUST,C_430,Elderly Medicine Service,574,500,87.10%,6.7,23.7,1,1
Y61,RAJ,MID AND SOUTH ESSEX NHS FOUNDATION TRUST,C_502,Gynaecology Service,"11,327","6,012",53.10%,16.5,49.7,724,25
Y61,RAJ,MID AND SOUTH ESSEX NHS FOUNDATION TRUST,X02,Other - Medical Services,"15,818","9,803",62.00%,13.2,41.4,582,34
Y61,RAJ,MID AND SOUTH ESSEX NHS FOUNDATION TRUST,X03,Other - Mental Health Services, -   , -   , -   ,-,-,0,0
Y61,RAJ,MID AND SOUTH ESSEX NHS FOUNDATION TRUST,X04,Other - Paediatric Services,"4,005","1,700",42.40%,21.9,61.9,532,53
Y61,RAJ,MID AND SOUTH ESSEX NHS FOUNDATION TRUST,X05,Other - Surgical Services,"6,415","3,762",58.60%,14,46.3,337,49
Y61,RAJ,MID AND SOUTH ESSEX NHS FOUNDATION TRUST,X06,Other - Other Services,"4,129","3,326",80.60%,9.5,29.1,37,1
Y61,RC9,BEDFORDSHIRE HOSPITALS NHS FOUNDATION TRUST,C_100,General Surgery Service,"3,079","1,990",64.60%,13.1,41,75,5
Y61,RC9,BEDFORDSHIRE HOSPITALS NHS FOUNDATION TRUST,C_101,Urology Service,"4,780","2,696",56.40%,15.2,42.6,130,8
Y61,RC9,BEDFORDSHIRE HOSPITALS NHS FOUNDATION TRUST,C_110,Trauma and Orthopaedic Service,"3,772","2,054",54.50%,16.3,49.5,244,30
Y61,RC9,BEDFORDSHIRE HOSPITALS NHS FOUNDATION TRUST,C_120,Ear Nose and Throat Service,"8,549","3,656",42.80%,22,54,790,8
Y61,RC9,BEDFORDSHIRE HOSPITALS NHS FOUNDATION TRUST,C_130,Ophthalmology Service,"10,773","5,437",50.50%,17.8,61.3,"1,379",239
Y61,RC9,BEDFORDSHIRE HOSPITALS NHS FOUNDATION TRUST,C_140,Oral Surgery Service,"4,695","2,769",59.00%,15.5,43,162,14
Y61,RC9,BEDFORDSHIRE HOSPITALS NHS FOUNDATION TRUST,C_150,Neurosurgical Service, -   , -   , -   ,-,-,0,0
Y61,RC9,BEDFORDSHIRE HOSPITALS NHS FOUNDATION TRUST,C_160,Plastic Surgery Service,"1,469",913,62.20%,12.9,43.9,58,3
Y61,RC9,BEDFORDSHIRE HOSPITALS NHS FOUNDATION TRUST,C_170,Cardiothoracic Surgery Service, -   , -   , -   ,-,-,0,0
Y61,RC9,BEDFORDSHIRE HOSPITALS NHS FOUNDATION TRUST,C_300,General Internal Medicine Service,"1,304","1,155",88.60%,9.1,23.4,4,0
Y61,RC9,BEDFORDSHIRE HOSPITALS NHS FOUNDATION TRUST,C_301,Gastroenterology Service,"3,024","2,075",68.60%,11,32.6,21,0
Y61,RC9,BEDFORDSHIRE HOSPITALS NHS FOUNDATION TRUST,C_320,Cardiology Service,"6,278","3,497",55.70%,15.9,41.8,215,4
Y61,RC9,BEDFORDSHIRE HOSPITALS NHS FOUNDATION TRUST,C_330,Dermatology Service,"5,647","3,356",59.40%,14.6,45.7,257,0
Y61,RC9,BEDFORDSHIRE HOSPITALS NHS FOUNDATION TRUST,C_340,Respiratory Medicine Service,"2,893","1,850",63.90%,13.4,30.1,3,0
Y61,RC9,BEDFORDSHIRE HOSPITALS NHS FOUNDATION TRUST,C_400,Neurology Service,"2,742","1,760",64.20%,13.9,34.3,21,4
Y61,RC9,BEDFORDSHIRE HOSPITALS NHS FOUNDATION TRUST,C_410,Rheumatology Service,"1,189","1,041",87.60%,8.8,22.1,0,0
Y61,RC9,BEDFORDSHIRE HOSPITALS NHS FOUNDATION TRUST,C_430,Elderly Medicine Service,503,425,84.50%,9.1,22.5,1,0
Y61,RC9,BEDFORDSHIRE HOSPITALS NHS FOUNDATION TRUST,C_502,Gynaecology Service,"6,698","4,406",65.80%,12.7,37.3,111,1
Y61,RC9,BEDFORDSHIRE HOSPITALS NHS FOUNDATION TRUST,X02,Other - Medical Services,"3,156","2,443",77.40%,10,25.2,13,0
Y61,RC9,BEDFORDSHIRE HOSPITALS NHS FOUNDATION TRUST,X03,Other - Mental Health Services, -   , -   , -   ,-,-,0,0
Y61,RC9,BEDFORDSHIRE HOSPITALS NHS FOUNDATION TRUST,X04,Other - Paediatric Services,"4,443","2,785",62.70%,14.3,36.2,77,1
Y61,RC9,BEDFORDSHIRE HOSPITALS NHS FOUNDATION TRUST,X05,Other - Surgical Services,"6,822","4,167",61.10%,13.8,46.6,369,35
Y61,RC9,BEDFORDSHIRE HOSPITALS NHS FOUNDATION TRUST,X06,Other - Other Services,"1,244","1,017",81.80%,9.7,23.4,5,1
Y61,RCX,"THE QUEEN ELIZABETH HOSPITAL, KING'S LYNN, NHS FOUNDATION TRUST",C_100,General Surgery Service,"1,154",741,64.20%,12.9,43.6,50,2
Y61,RCX,"THE QUEEN ELIZABETH HOSPITAL, KING'S LYNN, NHS FOUNDATION TRUST",C_101,Urology Service, -   , -   , -   ,-,-,0,0
Y61,RCX,"THE QUEEN ELIZABETH HOSPITAL, KING'S LYNN, NHS FOUNDATION TRUST",C_110,Trauma and Orthopaedic Service,"2,630","1,455",55.30%,15.7,52.5,214,24
Y61,RCX,"THE QUEEN ELIZABETH HOSPITAL, KING'S LYNN, NHS FOUNDATION TRUST",C_120,Ear Nose and Throat Service,"2,433","1,300",53.40%,16.5,38,76,17
Y61,RCX,"THE QUEEN ELIZABETH HOSPITAL, KING'S LYNN, NHS FOUNDATION TRUST",C_130,Ophthalmology Service,"2,959","1,678",56.70%,15.2,42.5,84,0
Y61,RCX,"THE QUEEN ELIZABETH HOSPITAL, KING'S LYNN, NHS FOUNDATION TRUST",C_140,Oral Surgery Service,340,235,69.10%,10.2,33.8,6,1
Y61,RCX,"THE QUEEN ELIZABETH HOSPITAL, KING'S LYNN, NHS FOUNDATION TRUST",C_150,Neurosurgical Service, -   , -   , -   ,-,-,0,0
Y61,RCX,"THE QUEEN ELIZABETH HOSPITAL, KING'S LYNN, NHS FOUNDATION TRUST",C_160,Plastic Surgery Service,98,86,87.80%,9.2,20.2,0,0
Y61,RCX,"THE QUEEN ELIZABETH HOSPITAL, KING'S LYNN, NHS FOUNDATION TRUST",C_170,Cardiothoracic Surgery Service,2,2,100.00%,-,-,0,0
Y61,RCX,"THE QUEEN ELIZABETH HOSPITAL, KING'S LYNN, NHS FOUNDATION TRUST",C_300,General Internal Medicine Service,106,95,89.60%,3.2,21.5,0,0
Y61,RCX,"THE QUEEN ELIZABETH HOSPITAL, KING'S LYNN, NHS FOUNDATION TRUST",C_301,Gastroenterology Service,"1,260",763,60.60%,14.7,34.9,0,0
Y61,RCX,"THE QUEEN ELIZABETH HOSPITAL, KING'S LYNN, NHS FOUNDATION TRUST",C_320,Cardiology Service,"1,813","1,023",56.40%,15.4,41.5,78,1
Y61,RCX,"THE QUEEN ELIZABETH HOSPITAL, KING'S LYNN, NHS FOUNDATION TRUST",C_330,Dermatology Service,"1,567","1,280",81.70%,8.9,21.9,1,0
Y61,RCX,"THE QUEEN ELIZABETH HOSPITAL, KING'S LYNN, NHS FOUNDATION TRUST",C_340,Respiratory Medicine Service,566,348,61.50%,14.7,33.4,0,0
Y61,RCX,"THE QUEEN ELIZABETH HOSPITAL, KING'S LYNN, NHS FOUNDATION TRUST",C_400,Neurology Service,588,461,78.40%,10.3,23.4,0,0
Y61,RCX,"THE QUEEN ELIZABETH HOSPITAL, KING'S LYNN, NHS FOUNDATION TRUST",C_410,Rheumatology Service,925,510,55.10%,15.6,36.6,1,0
Y61,RCX,"THE QUEEN ELIZABETH HOSPITAL, KING'S LYNN, NHS FOUNDATION TRUST",C_430,Elderly Medicine Service,104,93,89.40%,7.4,18.9,0,0
Y61,RCX,"THE QUEEN ELIZABETH HOSPITAL, KING'S LYNN, NHS FOUNDATION TRUST",C_502,Gynaecology Service,"1,809",892,49.30%,18.3,55.9,171,67
Y61,RCX,"THE QUEEN ELIZABETH HOSPITAL, KING'S LYNN, NHS FOUNDATION TRUST",X02,Other - Medical Services,"1,631","1,241",76.10%,9.5,26.5,1,0
Y61,RCX,"THE QUEEN ELIZABETH HOSPITAL, KING'S LYNN, NHS FOUNDATION TRUST",X03,Other - Mental Health Services, -   , -   , -   ,-,-,0,0
Y61,RCX,"THE QUEEN ELIZABETH HOSPITAL, KING'S LYNN, NHS FOUNDATION TRUST",X04,Other - Paediatric Services,635,508,80.00%,9.4,25.8,6,0
Y61,RCX,"THE QUEEN ELIZABETH HOSPITAL, KING'S LYNN, NHS FOUNDATION TRUST",X05,Other - Surgical Services,"1,334",973,72.90%,8.2,34.5,26,5
Y61,RCX,"THE QUEEN ELIZABETH HOSPITAL, KING'S LYNN, NHS FOUNDATION TRUST",X06,Other - Other Services,70,63,90.00%,4.1,23.4,0,0
Y61,RD8,MILTON KEYNES UNIVERSITY HOSPITAL NHS FOUNDATION TRUST,C_100,General Surgery Service,"1,492",884,59.20%,13.6,43.3,34,1
Y61,RD8,MILTON KEYNES UNIVERSITY HOSPITAL NHS FOUNDATION TRUST,C_101,Urology Service,"2,673","1,444",54.00%,15.9,41.5,49,1
Y61,RD8,MILTON KEYNES UNIVERSITY HOSPITAL NHS FOUNDATION TRUST,C_110,Trauma and Orthopaedic Service,"3,489","1,460",41.80%,22.8,56.4,366,18
Y61,RD8,MILTON KEYNES UNIVERSITY HOSPITAL NHS FOUNDATION TRUST,C_120,Ear Nose and Throat Service,"3,669","1,861",50.70%,17.7,44.7,123,3
Y61,RD8,MILTON KEYNES UNIVERSITY HOSPITAL NHS FOUNDATION TRUST,C_130,Ophthalmology Service,"5,939","1,434",24.10%,33.8,65.5,"1,273",26
Y61,RD8,MILTON KEYNES UNIVERSITY HOSPITAL NHS FOUNDATION TRUST,C_140,Oral Surgery Service,"1,699",913,53.70%,16.3,43.9,44,0
Y61,RD8,MILTON KEYNES UNIVERSITY HOSPITAL NHS FOUNDATION TRUST,C_150,Neurosurgical Service, -   , -   , -   ,-,-,0,0
Y61,RD8,MILTON KEYNES UNIVERSITY HOSPITAL NHS FOUNDATION TRUST,C_160,Plastic Surgery Service, -   , -   , -   ,-,-,0,0
Y61,RD8,MILTON KEYNES UNIVERSITY HOSPITAL NHS FOUNDATION TRUST,C_170,Cardiothoracic Surgery Service,3,3,100.00%,-,-,0,0
Y61,RD8,MILTON KEYNES UNIVERSITY HOSPITAL NHS FOUNDATION TRUST,C_300,General Internal Medicine Service,359,224,62.40%,13.1,27.9,1,1
Y61,RD8,MILTON KEYNES UNIVERSITY HOSPITAL NHS FOUNDATION TRUST,C_301,Gastroenterology Service,"1,696","1,077",63.50%,13.2,33.6,2,0
Y61,RD8,MILTON KEYNES UNIVERSITY HOSPITAL NHS FOUNDATION TRUST,C_320,Cardiology Service,"1,506",892,59.20%,14.5,35.7,7,0
Y61,RD8,MILTON KEYNES UNIVERSITY HOSPITAL NHS FOUNDATION TRUST,C_330,Dermatology Service,"1,799","1,708",94.90%,6.6,15.4,1,1
Y61,RD8,MILTON KEYNES UNIVERSITY HOSPITAL NHS FOUNDATION TRUST,C_340,Respiratory Medicine Service,"1,041",726,69.70%,12.8,29.6,1,0
Y61,RD8,MILTON KEYNES UNIVERSITY HOSPITAL NHS FOUNDATION TRUST,C_400,Neurology Service,"1,214",807,66.50%,12,34.7,0,0
Y61,RD8,MILTON KEYNES UNIVERSITY HOSPITAL NHS FOUNDATION TRUST,C_410,Rheumatology Service,770,294,38.20%,21.2,40.1,9,0
Y61,RD8,MILTON KEYNES UNIVERSITY HOSPITAL NHS FOUNDATION TRUST,C_430,Elderly Medicine Service,21,20,95.20%,8,15.3,0,0
Y61,RD8,MILTON KEYNES UNIVERSITY HOSPITAL NHS FOUNDATION TRUST,C_502,Gynaecology Service,"2,146",557,26.00%,30,53.7,191,0
Y61,RD8,MILTON KEYNES UNIVERSITY HOSPITAL NHS FOUNDATION TRUST,X02,Other - Medical Services,"3,751","2,483",66.20%,12.8,32.8,18,0
Y61,RD8,MILTON KEYNES UNIVERSITY HOSPITAL NHS FOUNDATION TRUST,X03,Other - Mental Health Services,2,2,100.00%,-,-,0,0
Y61,RD8,MILTON KEYNES UNIVERSITY HOSPITAL NHS FOUNDATION TRUST,X04,Other - Paediatric Services,45,21,46.70%,18.7,27.5,0,0
Y61,RD8,MILTON KEYNES UNIVERSITY HOSPITAL NHS FOUNDATION TRUST,X05,Other - Surgical Services,"2,511","1,321",52.60%,16.6,43.1,80,1
Y61,RD8,MILTON KEYNES UNIVERSITY HOSPITAL NHS FOUNDATION TRUST,X06,Other - Other Services,372,361,97.00%,7.9,16.1,1,0
Y61,RDE,EAST SUFFOLK AND NORTH ESSEX NHS FOUNDATION TRUST,C_100,General Surgery Service,"11,632","6,265",53.90%,15.6,58.9,"1,421",135
Y61,RDE,EAST SUFFOLK AND NORTH ESSEX NHS FOUNDATION TRUST,C_101,Urology Service,"4,217","2,784",66.00%,11.5,36.5,50,6
Y61,RDE,EAST SUFFOLK AND NORTH ESSEX NHS FOUNDATION TRUST,C_110,Trauma and Orthopaedic Service,"10,261","5,399",52.60%,17,46.5,491,33
Y61,RDE,EAST SUFFOLK AND NORTH ESSEX NHS FOUNDATION TRUST,C_120,Ear Nose and Throat Service,"6,996","4,453",63.70%,13.3,40.8,123,1
Y61,RDE,EAST SUFFOLK AND NORTH ESSEX NHS FOUNDATION TRUST,C_130,Ophthalmology Service,"8,824","6,111",69.30%,11.9,30.9,14,0
Y61,RDE,EAST SUFFOLK AND NORTH ESSEX NHS FOUNDATION TRUST,C_140,Oral Surgery Service,"1,846","1,475",79.90%,9.7,28.4,17,5
Y61,RDE,EAST SUFFOLK AND NORTH ESSEX NHS FOUNDATION TRUST,C_150,Neurosurgical Service, -   , -   , -   ,-,-,0,0
Y61,RDE,EAST SUFFOLK AND NORTH ESSEX NHS FOUNDATION TRUST,C_160,Plastic Surgery Service,412,248,60.20%,14.7,41.7,1,0
Y61,RDE,EAST SUFFOLK AND NORTH ESSEX NHS FOUNDATION TRUST,C_170,Cardiothoracic Surgery Service,4,3,75.00%,-,-,0,0
Y61,RDE,EAST SUFFOLK AND NORTH ESSEX NHS FOUNDATION TRUST,C_300,General Internal Medicine Service,498,298,59.80%,14.3,32.9,0,0
Y61,RDE,EAST SUFFOLK AND NORTH ESSEX NHS FOUNDATION TRUST,C_301,Gastroenterology Service,"4,342","2,244",51.70%,16.9,51.3,320,45
Y61,RDE,EAST SUFFOLK AND NORTH ESSEX NHS FOUNDATION TRUST,C_320,Cardiology Service,"2,751","2,053",74.60%,10.9,26.7,0,0
Y61,RDE,EAST SUFFOLK AND NORTH ESSEX NHS FOUNDATION TRUST,C_330,Dermatology Service,"7,031","4,972",70.70%,9.7,41.5,273,3
Y61,RDE,EAST SUFFOLK AND NORTH ESSEX NHS FOUNDATION TRUST,C_340,Respiratory Medicine Service,"1,294",992,76.70%,8.9,25,4,0
Y61,RDE,EAST SUFFOLK AND NORTH ESSEX NHS FOUNDATION TRUST,C_400,Neurology Service,"1,747","1,486",85.10%,8.4,22.9,2,1
Y61,RDE,EAST SUFFOLK AND NORTH ESSEX NHS FOUNDATION TRUST,C_410,Rheumatology Service,880,796,90.50%,6.5,19.6,2,0
Y61,RDE,EAST SUFFOLK AND NORTH ESSEX NHS FOUNDATION TRUST,C_430,Elderly Medicine Service,90,90,100.00%,2.1,7,0,0
Y61,RDE,EAST SUFFOLK AND NORTH ESSEX NHS FOUNDATION TRUST,C_502,Gynaecology Service,"6,387","3,487",54.60%,15.8,47.4,370,28
Y61,RDE,EAST SUFFOLK AND NORTH ESSEX NHS FOUNDATION TRUST,X02,Other - Medical Services,"4,163","3,385",81.30%,8.1,25.5,18,4
Y61,RDE,EAST SUFFOLK AND NORTH ESSEX NHS FOUNDATION TRUST,X03,Other - Mental Health Services, -   , -   , -   ,-,-,0,0
Y61,RDE,EAST SUFFOLK AND NORTH ESSEX NHS FOUNDATION TRUST,X04,Other - Paediatric Services,"2,360","1,387",58.80%,15.1,30.7,1,0
Y61,RDE,EAST SUFFOLK AND NORTH ESSEX NHS FOUNDATION TRUST,X05,Other - Surgical Services,99,72,72.70%,6,44.5,2,0
Y61,RDE,EAST SUFFOLK AND NORTH ESSEX NHS FOUNDATION TRUST,X06,Other - Other Services,127,78,61.40%,11.3,60.8,15,6
Y61,RGM,ROYAL PAPWORTH HOSPITAL NHS FOUNDATION TRUST,C_100,General Surgery Service, -   , -   , -   ,-,-,0,0
Y61,RGM,ROYAL PAPWORTH HOSPITAL NHS FOUNDATION TRUST,C_101,Urology Service, -   , -   , -   ,-,-,0,0
Y61,RGM,ROYAL PAPWORTH HOSPITAL NHS FOUNDATION TRUST,C_110,Trauma and Orthopaedic Service, -   , -   , -   ,-,-,0,0
Y61,RGM,ROYAL PAPWORTH HOSPITAL NHS FOUNDATION TRUST,C_120,Ear Nose and Throat Service, -   , -   , -   ,-,-,0,0
Y61,RGM,ROYAL PAPWORTH HOSPITAL NHS FOUNDATION TRUST,C_130,Ophthalmology Service, -   , -   , -   ,-,-,0,0
Y61,RGM,ROYAL PAPWORTH HOSPITAL NHS FOUNDATION TRUST,C_140,Oral Surgery Service, -   , -   , -   ,-,-,0,0
Y61,RGM,ROYAL PAPWORTH HOSPITAL NHS FOUNDATION TRUST,C_150,Neurosurgical Service, -   , -   , -   ,-,-,0,0
Y61,RGM,ROYAL PAPWORTH HOSPITAL NHS FOUNDATION TRUST,C_160,Plastic Surgery Service, -   , -   , -   ,-,-,0,0
Y61,RGM,ROYAL PAPWORTH HOSPITAL NHS FOUNDATION TRUST,C_170,Cardiothoracic Surgery Service,593,414,69.80%,10.2,35.3,1,0
Y61,RGM,ROYAL PAPWORTH HOSPITAL NHS FOUNDATION TRUST,C_300,General Internal Medicine Service, -   , -   , -   ,-,-,0,0
Y61,RGM,ROYAL PAPWORTH HOSPITAL NHS FOUNDATION TRUST,C_301,Gastroenterology Service, -   , -   , -   ,-,-,0,0
Y61,RGM,ROYAL PAPWORTH HOSPITAL NHS FOUNDATION TRUST,C_320,Cardiology Service,"1,456","1,225",84.10%,9.8,23.8,1,1
Y61,RGM,ROYAL PAPWORTH HOSPITAL NHS FOUNDATION TRUST,C_330,Dermatology Service, -   , -   , -   ,-,-,0,0
Y61,RGM,ROYAL PAPWORTH HOSPITAL NHS FOUNDATION TRUST,C_340,Respiratory Medicine Service,"2,767","2,010",72.60%,11.9,26.1,0,0
Y61,RGM,ROYAL PAPWORTH HOSPITAL NHS FOUNDATION TRUST,C_400,Neurology Service, -   , -   , -   ,-,-,0,0
Y61,RGM,ROYAL PAPWORTH HOSPITAL NHS FOUNDATION TRUST,C_410,Rheumatology Service, -   , -   , -   ,-,-,0,0
Y61,RGM,ROYAL PAPWORTH HOSPITAL NHS FOUNDATION TRUST,C_430,Elderly Medicine Service, -   , -   , -   ,-,-,0,0
Y61,RGM,ROYAL PAPWORTH HOSPITAL NHS FOUNDATION TRUST,C_502,Gynaecology Service, -   , -   , -   ,-,-,0,0
Y61,RGM,ROYAL PAPWORTH HOSPITAL NHS FOUNDATION TRUST,X02,Other - Medical Services, -   , -   , -   ,-,-,0,0
Y61,RGM,ROYAL PAPWORTH HOSPITAL NHS FOUNDATION TRUST,X03,Other - Mental Health Services, -   , -   , -   ,-,-,0,0
Y61,RGM,ROYAL PAPWORTH HOSPITAL NHS FOUNDATION TRUST,X04,Other - Paediatric Services, -   , -   , -   ,-,-,0,0
Y61,RGM,ROYAL PAPWORTH HOSPITAL NHS FOUNDATION TRUST,X05,Other - Surgical Services, -   , -   , -   ,-,-,0,0
Y61,RGM,ROYAL PAPWORTH HOSPITAL NHS FOUNDATION TRUST,X06,Other - Other Services, -   , -   , -   ,-,-,0,0
Y61,RGN,NORTH WEST ANGLIA NHS FOUNDATION TRUST,C_100,General Surgery Service,"6,629","3,972",59.90%,13.9,44.2,228,2
Y61,RGN,NORTH WEST ANGLIA NHS FOUNDATION TRUST,C_101,Urology Service,"6,428","2,826",44.00%,21.8,58.7,768,132
Y61,RGN,NORTH WEST ANGLIA NHS FOUNDATION TRUST,C_110,Trauma and Orthopaedic Service,"5,930","3,291",55.50%,15.7,47.3,263,9
Y61,RGN,NORTH WEST ANGLIA NHS FOUNDATION TRUST,C_120,Ear Nose and Throat Service,"7,044","3,494",49.60%,18.2,57.9,743,145
Y61,RGN,NORTH WEST ANGLIA NHS FOUNDATION TRUST,C_130,Ophthalmology Service,"8,281","4,415",53.30%,16.2,59.3,965,130
Y61,RGN,NORTH WEST ANGLIA NHS FOUNDATION TRUST,C_140,Oral Surgery Service,"1,945","1,033",53.10%,16.6,36.4,19,2
Y61,RGN,NORTH WEST ANGLIA NHS FOUNDATION TRUST,C_150,Neurosurgical Service, -   , -   , -   ,-,-,0,0
Y61,RGN,NORTH WEST ANGLIA NHS FOUNDATION TRUST,C_160,Plastic Surgery Service,"1,649",943,57.20%,14.1,52.5,136,5
Y61,RGN,NORTH WEST ANGLIA NHS FOUNDATION TRUST,C_170,Cardiothoracic Surgery Service, -   , -   , -   ,-,-,0,0
Y61,RGN,NORTH WEST ANGLIA NHS FOUNDATION TRUST,C_300,General Internal Medicine Service,40,27,67.50%,13.3,23.4,0,0
Y61,RGN,NORTH WEST ANGLIA NHS FOUNDATION TRUST,C_301,Gastroenterology Service,"4,143","2,601",62.80%,13.9,39.4,165,4
Y61,RGN,NORTH WEST ANGLIA NHS FOUNDATION TRUST,C_320,Cardiology Service,"4,117","2,523",61.30%,14.6,33.6,11,1
Y61,RGN,NORTH WEST ANGLIA NHS FOUNDATION TRUST,C_330,Dermatology Service,"4,124","2,360",57.20%,15.1,38.5,27,0
Y61,RGN,NORTH WEST ANGLIA NHS FOUNDATION TRUST,C_340,Respiratory Medicine Service,"1,600","1,227",76.70%,10.6,26.2,1,0
Y61,RGN,NORTH WEST ANGLIA NHS FOUNDATION TRUST,C_400,Neurology Service,"1,181",817,69.20%,10.9,28,1,1
Y61,RGN,NORTH WEST ANGLIA NHS FOUNDATION TRUST,C_410,Rheumatology Service,"1,414",968,68.50%,11.5,32.9,11,1
Y61,RGN,NORTH WEST ANGLIA NHS FOUNDATION TRUST,C_430,Elderly Medicine Service,759,512,67.50%,11.6,34.9,10,0
Y61,RGN,NORTH WEST ANGLIA NHS FOUNDATION TRUST,C_502,Gynaecology Service,"4,492","3,281",73.00%,9.6,30.1,13,0
Y61,RGN,NORTH WEST ANGLIA NHS FOUNDATION TRUST,X02,Other - Medical Services,"6,244","4,294",68.80%,11.1,37.6,180,21
Y61,RGN,NORTH WEST ANGLIA NHS FOUNDATION TRUST,X03,Other - Mental Health Services,2, -   , -   ,-,-,0,0
Y61,RGN,NORTH WEST ANGLIA NHS FOUNDATION TRUST,X04,Other - Paediatric Services,"1,258",712,56.60%,14.7,39.6,22,0
Y61,RGN,NORTH WEST ANGLIA NHS FOUNDATION TRUST,X05,Other - Surgical Services,493,470,95.30%,1.9,13.3,1,0
Y61,RGN,NORTH WEST ANGLIA NHS FOUNDATION TRUST,X06,Other - Other Services,621,461,74.20%,8.5,31.3,11,0
Y61,RGP,JAMES PAGET UNIVERSITY HOSPITALS NHS FOUNDATION TRUST,C_100,General Surgery Service,"3,130","1,856",59.30%,14.3,38.6,70,8
Y61,RGP,JAMES PAGET UNIVERSITY HOSPITALS NHS FOUNDATION TRUST,C_101,Urology Service, -   , -   , -   ,-,-,0,0
Y61,RGP,JAMES PAGET UNIVERSITY HOSPITALS NHS FOUNDATION TRUST,C_110,Trauma and Orthopaedic Service,"3,140","1,459",46.50%,19.9,53.6,273,13
Y61,RGP,JAMES PAGET UNIVERSITY HOSPITALS NHS FOUNDATION TRUST,C_120,Ear Nose and Throat Service, -   , -   , -   ,-,-,0,0
Y61,RGP,JAMES PAGET UNIVERSITY HOSPITALS NHS FOUNDATION TRUST,C_130,Ophthalmology Service,"3,325","1,850",55.60%,16,45.9,149,3
Y61,RGP,JAMES PAGET UNIVERSITY HOSPITALS NHS FOUNDATION TRUST,C_140,Oral Surgery Service,727,384,52.80%,16.3,40.4,25,3
Y61,RGP,JAMES PAGET UNIVERSITY HOSPITALS NHS FOUNDATION TRUST,C_150,Neurosurgical Service, -   , -   , -   ,-,-,0,0
Y61,RGP,JAMES PAGET UNIVERSITY HOSPITALS NHS FOUNDATION TRUST,C_160,Plastic Surgery Service,167,107,64.10%,16.1,32.9,2,0
Y61,RGP,JAMES PAGET UNIVERSITY HOSPITALS NHS FOUNDATION TRUST,C_170,Cardiothoracic Surgery Service, -   , -   , -   ,-,-,0,0
Y61,RGP,JAMES PAGET UNIVERSITY HOSPITALS NHS FOUNDATION TRUST,C_300,General Internal Medicine Service,83,69,83.10%,7,22.4,0,0
Y61,RGP,JAMES PAGET UNIVERSITY HOSPITALS NHS FOUNDATION TRUST,C_301,Gastroenterology Service,"1,064",836,78.60%,10.4,25.5,2,1
Y61,RGP,JAMES PAGET UNIVERSITY HOSPITALS NHS FOUNDATION TRUST,C_320,Cardiology Service,706,499,70.70%,10.7,28.9,3,0
Y61,RGP,JAMES PAGET UNIVERSITY HOSPITALS NHS FOUNDATION TRUST,C_330,Dermatology Service,"1,147","1,001",87.30%,7.5,21.7,7,0
Y61,RGP,JAMES PAGET UNIVERSITY HOSPITALS NHS FOUNDATION TRUST,C_340,Respiratory Medicine Service,466,325,69.70%,14.2,24,1,0
Y61,RGP,JAMES PAGET UNIVERSITY HOSPITALS NHS FOUNDATION TRUST,C_400,Neurology Service,944,697,73.80%,12,28.5,2,0
Y61,RGP,JAMES PAGET UNIVERSITY HOSPITALS NHS FOUNDATION TRUST,C_410,Rheumatology Service,401,334,83.30%,11,21.4,1,0
Y61,RGP,JAMES PAGET UNIVERSITY HOSPITALS NHS FOUNDATION TRUST,C_430,Elderly Medicine Service,5,5,100.00%,-,-,0,0
Y61,RGP,JAMES PAGET UNIVERSITY HOSPITALS NHS FOUNDATION TRUST,C_502,Gynaecology Service,"3,771","1,222",32.40%,29.5,71.8,996,132
Y61,RGP,JAMES PAGET UNIVERSITY HOSPITALS NHS FOUNDATION TRUST,X02,Other - Medical Services,684,525,76.80%,10.3,31.7,0,0
Y61,RGP,JAMES PAGET UNIVERSITY HOSPITALS NHS FOUNDATION TRUST,X03,Other - Mental Health Services, -   , -   , -   ,-,-,0,0
Y61,RGP,JAMES PAGET UNIVERSITY HOSPITALS NHS FOUNDATION TRUST,X04,Other - Paediatric Services,"2,026","1,008",49.80%,18.1,45.9,78,1
Y61,RGP,JAMES PAGET UNIVERSITY HOSPITALS NHS FOUNDATION TRUST,X05,Other - Surgical Services,963,717,74.50%,8.5,38.6,19,2
Y61,RGP,JAMES PAGET UNIVERSITY HOSPITALS NHS FOUNDATION TRUST,X06,Other - Other Services, -   , -   , -   ,-,-,0,0
Y61,RGR,WEST SUFFOLK NHS FOUNDATION TRUST,C_100,General Surgery Service,"2,372","1,384",58.30%,15,43.9,121,39
Y61,RGR,WEST SUFFOLK NHS FOUNDATION TRUST,C_101,Urology Service,"1,815","1,014",55.90%,15.5,54.3,160,22
Y61,RGR,WEST SUFFOLK NHS FOUNDATION TRUST,C_110,Trauma and Orthopaedic Service,"4,537","2,327",51.30%,17.5,61.2,593,144
Y61,RGR,WEST SUFFOLK NHS FOUNDATION TRUST,C_120,Ear Nose and Throat Service,"3,096","1,839",59.40%,14.8,43.4,108,13
Y61,RGR,WEST SUFFOLK NHS FOUNDATION TRUST,C_130,Ophthalmology Service,"1,914","1,401",73.20%,10.7,28.5,44,11
Y61,RGR,WEST SUFFOLK NHS FOUNDATION TRUST,C_140,Oral Surgery Service, -   , -   , -   ,-,-,0,0
Y61,RGR,WEST SUFFOLK NHS FOUNDATION TRUST,C_150,Neurosurgical Service, -   , -   , -   ,-,-,0,0
Y61,RGR,WEST SUFFOLK NHS FOUNDATION TRUST,C_160,Plastic Surgery Service,938,433,46.20%,21.2,54.9,104,10
Y61,RGR,WEST SUFFOLK NHS FOUNDATION TRUST,C_170,Cardiothoracic Surgery Service, -   , -   , -   ,-,-,0,0
Y61,RGR,WEST SUFFOLK NHS FOUNDATION TRUST,C_300,General Internal Medicine Service,"1,054",680,64.50%,13.8,38.8,20,2
Y61,RGR,WEST SUFFOLK NHS FOUNDATION TRUST,C_301,Gastroenterology Service,"1,141",808,70.80%,10.6,35.4,15,1
Y61,RGR,WEST SUFFOLK NHS FOUNDATION TRUST,C_320,Cardiology Service,855,742,86.80%,7.9,22.2,0,0
Y61,RGR,WEST SUFFOLK NHS FOUNDATION TRUST,C_330,Dermatology Service,"2,229","1,861",83.50%,7.6,22.4,6,0
Y61,RGR,WEST SUFFOLK NHS FOUNDATION TRUST,C_340,Respiratory Medicine Service,797,501,62.90%,14.6,36,8,1
Y61,RGR,WEST SUFFOLK NHS FOUNDATION TRUST,C_400,Neurology Service,567,506,89.20%,7.2,21.1,1,1
Y61,RGR,WEST SUFFOLK NHS FOUNDATION TRUST,C_410,Rheumatology Service,245,222,90.60%,3.7,18.9,0,0
Y61,RGR,WEST SUFFOLK NHS FOUNDATION TRUST,C_430,Elderly Medicine Service,54,46,85.20%,6.9,19.7,0,0
Y61,RGR,WEST SUFFOLK NHS FOUNDATION TRUST,C_502,Gynaecology Service,"2,381","1,361",57.20%,14.9,63.7,255,84
Y61,RGR,WEST SUFFOLK NHS FOUNDATION TRUST,X02,Other - Medical Services,"1,818","1,220",67.10%,10.7,38.7,40,12
Y61,RGR,WEST SUFFOLK NHS FOUNDATION TRUST,X03,Other - Mental Health Services,37,26,70.30%,15.8,28,0,0
Y61,RGR,WEST SUFFOLK NHS FOUNDATION TRUST,X04,Other - Paediatric Services,"1,987","1,325",66.70%,12.1,34.3,22,2
Y61,RGR,WEST SUFFOLK NHS FOUNDATION TRUST,X05,Other - Surgical Services,"2,607","1,954",75.00%,8.6,41,111,20
Y61,RGR,WEST SUFFOLK NHS FOUNDATION TRUST,X06,Other - Other Services,297,158,53.20%,16.3,42.2,9,2
Y61,RGT,CAMBRIDGE UNIVERSITY HOSPITALS NHS FOUNDATION TRUST,C_100,General Surgery Service,"1,246",681,54.70%,15.9,54.4,121,19
Y61,RGT,CAMBRIDGE UNIVERSITY HOSPITALS NHS FOUNDATION TRUST,C_101,Urology Service,"3,012","1,635",54.30%,16,44,114,9
Y61,RGT,CAMBRIDGE UNIVERSITY HOSPITALS NHS FOUNDATION TRUST,C_110,Trauma and Orthopaedic Service,"4,251","2,200",51.80%,17.1,52.2,345,26
Y61,RGT,CAMBRIDGE UNIVERSITY HOSPITALS NHS FOUNDATION TRUST,C_120,Ear Nose and Throat Service,"4,382","2,015",46.00%,20.5,61,634,84
Y61,RGT,CAMBRIDGE UNIVERSITY HOSPITALS NHS FOUNDATION TRUST,C_130,Ophthalmology Service,"5,794","3,220",55.60%,15.9,47,259,3
Y61,RGT,CAMBRIDGE UNIVERSITY HOSPITALS NHS FOUNDATION TRUST,C_140,Oral Surgery Service,"4,033","1,373",34.00%,27.3,62.4,694,18
Y61,RGT,CAMBRIDGE UNIVERSITY HOSPITALS NHS FOUNDATION TRUST,C_150,Neurosurgical Service,"1,383",887,64.10%,11.3,49.4,92,19
Y61,RGT,CAMBRIDGE UNIVERSITY HOSPITALS NHS FOUNDATION TRUST,C_160,Plastic Surgery Service,"1,248",900,72.10%,9,49.2,89,13
Y61,RGT,CAMBRIDGE UNIVERSITY HOSPITALS NHS FOUNDATION TRUST,C_170,Cardiothoracic Surgery Service, -   , -   , -   ,-,-,0,0
Y61,RGT,CAMBRIDGE UNIVERSITY HOSPITALS NHS FOUNDATION TRUST,C_300,General Internal Medicine Service,395,280,70.90%,12,28,1,0
Y61,RGT,CAMBRIDGE UNIVERSITY HOSPITALS NHS FOUNDATION TRUST,C_301,Gastroenterology Service,"1,821","1,582",86.90%,6.9,24.7,10,0
Y61,RGT,CAMBRIDGE UNIVERSITY HOSPITALS NHS FOUNDATION TRUST,C_320,Cardiology Service,"2,697","1,097",40.70%,24.5,67.2,551,51
Y61,RGT,CAMBRIDGE UNIVERSITY HOSPITALS NHS FOUNDATION TRUST,C_330,Dermatology Service,"3,355","2,254",67.20%,11,53.1,275,35
Y61,RGT,CAMBRIDGE UNIVERSITY HOSPITALS NHS FOUNDATION TRUST,C_340,Respiratory Medicine Service,949,749,78.90%,10.6,24.3,0,0
Y61,RGT,CAMBRIDGE UNIVERSITY HOSPITALS NHS FOUNDATION TRUST,C_400,Neurology Service,942,826,87.70%,7.7,21.4,5,1
Y61,RGT,CAMBRIDGE UNIVERSITY HOSPITALS NHS FOUNDATION TRUST,C_410,Rheumatology Service,"2,999","1,284",42.80%,23.3,63.4,527,7
Y61,RGT,CAMBRIDGE UNIVERSITY HOSPITALS NHS FOUNDATION TRUST,C_430,Elderly Medicine Service,122,115,94.30%,6.8,16.6,1,0
Y61,RGT,CAMBRIDGE UNIVERSITY HOSPITALS NHS FOUNDATION TRUST,C_502,Gynaecology Service,"3,753","1,870",49.80%,18.1,48.1,228,23
Y61,RGT,CAMBRIDGE UNIVERSITY HOSPITALS NHS FOUNDATION TRUST,X02,Other - Medical Services,"7,025","6,007",85.50%,7.5,23.2,12,0
Y61,RGT,CAMBRIDGE UNIVERSITY HOSPITALS NHS FOUNDATION TRUST,X03,Other - Mental Health Services,30,20,66.70%,9.9,24.6,0,0
Y61,RGT,CAMBRIDGE UNIVERSITY HOSPITALS NHS FOUNDATION TRUST,X04,Other - Paediatric Services,"4,790","3,066",64.00%,13.5,44.5,224,24
Y61,RGT,CAMBRIDGE UNIVERSITY HOSPITALS NHS FOUNDATION TRUST,X05,Other - Surgical Services,"4,645","2,846",61.30%,11.8,54.6,415,41
Y61,RGT,CAMBRIDGE UNIVERSITY HOSPITALS NHS FOUNDATION TRUST,X06,Other - Other Services,876,699,79.80%,6.4,33,13,0
Y61,RM1,NORFOLK AND NORWICH UNIVERSITY HOSPITALS NHS FOUNDATION TRUST,C_100,General Surgery Service,"5,982","3,447",57.60%,13.3,59.8,685,113
Y61,RM1,NORFOLK AND NORWICH UNIVERSITY HOSPITALS NHS FOUNDATION TRUST,C_101,Urology Service,"7,049","3,754",53.30%,16.3,53.2,595,119
Y61,RM1,NORFOLK AND NORWICH UNIVERSITY HOSPITALS NHS FOUNDATION TRUST,C_110,Trauma and Orthopaedic Service,"10,885","3,788",34.80%,27.7,74.2,"2,494",700
Y61,RM1,NORFOLK AND NORWICH UNIVERSITY HOSPITALS NHS FOUNDATION TRUST,C_120,Ear Nose and Throat Service,"10,015","4,268",42.60%,22.1,64,"1,704",182
Y61,RM1,NORFOLK AND NORWICH UNIVERSITY HOSPITALS NHS FOUNDATION TRUST,C_130,Ophthalmology Service,"6,671","3,366",50.50%,17.7,54.5,619,78
Y61,RM1,NORFOLK AND NORWICH UNIVERSITY HOSPITALS NHS FOUNDATION TRUST,C_140,Oral Surgery Service,"2,401","1,320",55.00%,15.7,48.9,150,17
Y61,RM1,NORFOLK AND NORWICH UNIVERSITY HOSPITALS NHS FOUNDATION TRUST,C_150,Neurosurgical Service, -   , -   , -   ,-,-,0,0
Y61,RM1,NORFOLK AND NORWICH UNIVERSITY HOSPITALS NHS FOUNDATION TRUST,C_160,Plastic Surgery Service,"2,303",977,42.40%,23.1,59.4,306,55
Y61,RM1,NORFOLK AND NORWICH UNIVERSITY HOSPITALS NHS FOUNDATION TRUST,C_170,Cardiothoracic Surgery Service, -   , -   , -   ,-,-,0,0
Y61,RM1,NORFOLK AND NORWICH UNIVERSITY HOSPITALS NHS FOUNDATION TRUST,C_300,General Internal Medicine Service, -   , -   , -   ,-,-,0,0
Y61,RM1,NORFOLK AND NORWICH UNIVERSITY HOSPITALS NHS FOUNDATION TRUST,C_301,Gastroenterology Service,"2,925","2,053",70.20%,8.2,41.3,25,0
Y61,RM1,NORFOLK AND NORWICH UNIVERSITY HOSPITALS NHS FOUNDATION TRUST,C_320,Cardiology Service,"3,486","2,324",66.70%,12.2,37.8,61,2
Y61,RM1,NORFOLK AND NORWICH UNIVERSITY HOSPITALS NHS FOUNDATION TRUST,C_330,Dermatology Service,"9,133","3,683",40.30%,26,65.5,"2,039",159
Y61,RM1,NORFOLK AND NORWICH UNIVERSITY HOSPITALS NHS FOUNDATION TRUST,C_340,Respiratory Medicine Service,"1,551",895,57.70%,15.3,38.6,19,0
Y61,RM1,NORFOLK AND NORWICH UNIVERSITY HOSPITALS NHS FOUNDATION TRUST,C_400,Neurology Service,"2,483","1,653",66.60%,13.2,28.2,8,0
Y61,RM1,NORFOLK AND NORWICH UNIVERSITY HOSPITALS NHS FOUNDATION TRUST,C_410,Rheumatology Service,"1,080",976,90.40%,7.7,19.6,0,0
Y61,RM1,NORFOLK AND NORWICH UNIVERSITY HOSPITALS NHS FOUNDATION TRUST,C_430,Elderly Medicine Service,74,68,91.90%,6,18.1,0,0
Y61,RM1,NORFOLK AND NORWICH UNIVERSITY HOSPITALS NHS FOUNDATION TRUST,C_502,Gynaecology Service,"7,122","2,846",40.00%,26.7,70.8,"1,679",306
Y61,RM1,NORFOLK AND NORWICH UNIVERSITY HOSPITALS NHS FOUNDATION TRUST,X02,Other - Medical Services,"5,708","4,098",71.80%,10.6,32.9,144,24
Y61,RM1,NORFOLK AND NORWICH UNIVERSITY HOSPITALS NHS FOUNDATION TRUST,X03,Other - Mental Health Services,3,3,100.00%,-,-,0,0
Y61,RM1,NORFOLK AND NORWICH UNIVERSITY HOSPITALS NHS FOUNDATION TRUST,X04,Other - Paediatric Services,"6,002","3,011",50.20%,17.9,60.8,751,106
Y61,RM1,NORFOLK AND NORWICH UNIVERSITY HOSPITALS NHS FOUNDATION TRUST,X05,Other - Surgical Services,"1,203",765,63.60%,13.2,54,104,26
Y61,RM1,NORFOLK AND NORWICH UNIVERSITY HOSPITALS NHS FOUNDATION TRUST,X06,Other - Other Services,666,536,80.50%,7.2,37.4,42,12
Y61,RQW,THE PRINCESS ALEXANDRA HOSPITAL NHS TRUST,C_100,General Surgery Service,"3,608","1,937",53.70%,16,46.4,194,19
Y61,RQW,THE PRINCESS ALEXANDRA HOSPITAL NHS TRUST,C_101,Urology Service,"1,659",870,52.40%,15.9,54.2,157,14
Y61,RQW,THE PRINCESS ALEXANDRA HOSPITAL NHS TRUST,C_110,Trauma and Orthopaedic Service,"3,342","1,445",43.20%,21.8,62,415,92
Y61,RQW,THE PRINCESS ALEXANDRA HOSPITAL NHS TRUST,C_120,Ear Nose and Throat Service,"2,553","1,207",47.30%,18.8,48.5,168,48
Y61,RQW,THE PRINCESS ALEXANDRA HOSPITAL NHS TRUST,C_130,Ophthalmology Service,"1,889","1,005",53.20%,16.1,48.4,121,17
Y61,RQW,THE PRINCESS ALEXANDRA HOSPITAL NHS TRUST,C_140,Oral Surgery Service,"1,144",608,53.10%,16.7,51.1,86,8
Y61,RQW,THE PRINCESS ALEXANDRA HOSPITAL NHS TRUST,C_150,Neurosurgical Service, -   , -   , -   ,-,-,0,0
Y61,RQW,THE PRINCESS ALEXANDRA HOSPITAL NHS TRUST,C_160,Plastic Surgery Service,1, -   , -   ,-,-,0,0
Y61,RQW,THE PRINCESS ALEXANDRA HOSPITAL NHS TRUST,C_170,Cardiothoracic Surgery Service, -   , -   , -   ,-,-,0,0
Y61,RQW,THE PRINCESS ALEXANDRA HOSPITAL NHS TRUST,C_300,General Internal Medicine Service,445,237,53.30%,15.7,49.4,22,5
Y61,RQW,THE PRINCESS ALEXANDRA HOSPITAL NHS TRUST,C_301,Gastroenterology Service,"2,052",983,47.90%,18.9,50.6,143,3
Y61,RQW,THE PRINCESS ALEXANDRA HOSPITAL NHS TRUST,C_320,Cardiology Service,"2,419","1,107",45.80%,20.1,47.6,117,3
Y61,RQW,THE PRINCESS ALEXANDRA HOSPITAL NHS TRUST,C_330,Dermatology Service,"1,715","1,143",66.60%,10.2,41.5,57,0
Y61,RQW,THE PRINCESS ALEXANDRA HOSPITAL NHS TRUST,C_340,Respiratory Medicine Service,772,411,53.20%,15.9,32.5,0,0
Y61,RQW,THE PRINCESS ALEXANDRA HOSPITAL NHS TRUST,C_400,Neurology Service,495,336,67.90%,12.3,40.5,12,0
Y61,RQW,THE PRINCESS ALEXANDRA HOSPITAL NHS TRUST,C_410,Rheumatology Service,600,259,43.20%,21,52,48,10
Y61,RQW,THE PRINCESS ALEXANDRA HOSPITAL NHS TRUST,C_430,Elderly Medicine Service,21,13,61.90%,13,40.3,0,0
Y61,RQW,THE PRINCESS ALEXANDRA HOSPITAL NHS TRUST,C_502,Gynaecology Service,"1,804",947,52.50%,16.5,56.5,202,20
Y61,RQW,THE PRINCESS ALEXANDRA HOSPITAL NHS TRUST,X02,Other - Medical Services,521,214,41.10%,23.7,66.4,111,8
Y61,RQW,THE PRINCESS ALEXANDRA HOSPITAL NHS TRUST,X03,Other - Mental Health Services, -   , -   , -   ,-,-,0,0
Y61,RQW,THE PRINCESS ALEXANDRA HOSPITAL NHS TRUST,X04,Other - Paediatric Services,790,539,68.20%,10.5,38.8,9,0
Y61,RQW,THE PRINCESS ALEXANDRA HOSPITAL NHS TRUST,X05,Other - Surgical Services,32,18,56.30%,15.8,53.4,3,0
Y61,RQW,THE PRINCESS ALEXANDRA HOSPITAL NHS TRUST,X06,Other - Other Services,897,514,57.30%,14.3,43.7,44,1
Y61,RT1,CAMBRIDGESHIRE AND PETERBOROUGH NHS FOUNDATION TRUST,C_100,General Surgery Service, -   , -   , -   ,-,-,0,0
Y61,RT1,CAMBRIDGESHIRE AND PETERBOROUGH NHS FOUNDATION TRUST,C_101,Urology Service, -   , -   , -   ,-,-,0,0
Y61,RT1,CAMBRIDGESHIRE AND PETERBOROUGH NHS FOUNDATION TRUST,C_110,Trauma and Orthopaedic Service, -   , -   , -   ,-,-,0,0
Y61,RT1,CAMBRIDGESHIRE AND PETERBOROUGH NHS FOUNDATION TRUST,C_120,Ear Nose and Throat Service, -   , -   , -   ,-,-,0,0
Y61,RT1,CAMBRIDGESHIRE AND PETERBOROUGH NHS FOUNDATION TRUST,C_130,Ophthalmology Service, -   , -   , -   ,-,-,0,0
Y61,RT1,CAMBRIDGESHIRE AND PETERBOROUGH NHS FOUNDATION TRUST,C_140,Oral Surgery Service, -   , -   , -   ,-,-,0,0
Y61,RT1,CAMBRIDGESHIRE AND PETERBOROUGH NHS FOUNDATION TRUST,C_150,Neurosurgical Service, -   , -   , -   ,-,-,0,0
Y61,RT1,CAMBRIDGESHIRE AND PETERBOROUGH NHS FOUNDATION TRUST,C_160,Plastic Surgery Service, -   , -   , -   ,-,-,0,0
Y61,RT1,CAMBRIDGESHIRE AND PETERBOROUGH NHS FOUNDATION TRUST,C_170,Cardiothoracic Surgery Service, -   , -   , -   ,-,-,0,0
Y61,RT1,CAMBRIDGESHIRE AND PETERBOROUGH NHS FOUNDATION TRUST,C_300,General Internal Medicine Service, -   , -   , -   ,-,-,0,0
Y61,RT1,CAMBRIDGESHIRE AND PETERBOROUGH NHS FOUNDATION TRUST,C_301,Gastroenterology Service, -   , -   , -   ,-,-,0,0
Y61,RT1,CAMBRIDGESHIRE AND PETERBOROUGH NHS FOUNDATION TRUST,C_320,Cardiology Service, -   , -   , -   ,-,-,0,0
Y61,RT1,CAMBRIDGESHIRE AND PETERBOROUGH NHS FOUNDATION TRUST,C_330,Dermatology Service, -   , -   , -   ,-,-,0,0
Y61,RT1,CAMBRIDGESHIRE AND PETERBOROUGH NHS FOUNDATION TRUST,C_340,Respiratory Medicine Service, -   , -   , -   ,-,-,0,0
Y61,RT1,CAMBRIDGESHIRE AND PETERBOROUGH NHS FOUNDATION TRUST,C_400,Neurology Service, -   , -   , -   ,-,-,0,0
Y61,RT1,CAMBRIDGESHIRE AND PETERBOROUGH NHS FOUNDATION TRUST,C_410,Rheumatology Service, -   , -   , -   ,-,-,0,0
Y61,RT1,CAMBRIDGESHIRE AND PETERBOROUGH NHS FOUNDATION TRUST,C_430,Elderly Medicine Service, -   , -   , -   ,-,-,0,0
Y61,RT1,CAMBRIDGESHIRE AND PETERBOROUGH NHS FOUNDATION TRUST,C_502,Gynaecology Service, -   , -   , -   ,-,-,0,0
Y61,RT1,CAMBRIDGESHIRE AND PETERBOROUGH NHS FOUNDATION TRUST,X02,Other - Medical Services, -   , -   , -   ,-,-,0,0
Y61,RT1,CAMBRIDGESHIRE AND PETERBOROUGH NHS FOUNDATION TRUST,X03,Other - Mental Health Services, -   , -   , -   ,-,-,0,0
Y61,RT1,CAMBRIDGESHIRE AND PETERBOROUGH NHS FOUNDATION TRUST,X04,Other - Paediatric Services, -   , -   , -   ,-,-,0,0
Y61,RT1,CAMBRIDGESHIRE AND PETERBOROUGH NHS FOUNDATION TRUST,X05,Other - Surgical Services, -   , -   , -   ,-,-,0,0
Y61,RT1,CAMBRIDGESHIRE AND PETERBOROUGH NHS FOUNDATION TRUST,X06,Other - Other Services,31,21,67.70%,15.3,29.5,1,0
Y61,RWG,WEST HERTFORDSHIRE TEACHING HOSPITALS NHS TRUST,C_100,General Surgery Service,"5,153","2,148",41.70%,22,52.1,416,52
Y61,RWG,WEST HERTFORDSHIRE TEACHING HOSPITALS NHS TRUST,C_101,Urology Service,"3,380","1,533",45.40%,20.7,47.1,186,12
Y61,RWG,WEST HERTFORDSHIRE TEACHING HOSPITALS NHS TRUST,C_110,Trauma and Orthopaedic Service,"4,544","1,971",43.40%,22,54.6,417,51
Y61,RWG,WEST HERTFORDSHIRE TEACHING HOSPITALS NHS TRUST,C_120,Ear Nose and Throat Service,"3,359","1,828",54.40%,16.4,44.1,135,4
Y61,RWG,WEST HERTFORDSHIRE TEACHING HOSPITALS NHS TRUST,C_130,Ophthalmology Service,"3,786","2,152",56.80%,15,41.9,78,1
Y61,RWG,WEST HERTFORDSHIRE TEACHING HOSPITALS NHS TRUST,C_140,Oral Surgery Service,"1,713","1,082",63.20%,12.2,39.3,17,0
Y61,RWG,WEST HERTFORDSHIRE TEACHING HOSPITALS NHS TRUST,C_150,Neurosurgical Service, -   , -   , -   ,-,-,0,0
Y61,RWG,WEST HERTFORDSHIRE TEACHING HOSPITALS NHS TRUST,C_160,Plastic Surgery Service, -   , -   , -   ,-,-,0,0
Y61,RWG,WEST HERTFORDSHIRE TEACHING HOSPITALS NHS TRUST,C_170,Cardiothoracic Surgery Service, -   , -   , -   ,-,-,0,0
Y61,RWG,WEST HERTFORDSHIRE TEACHING HOSPITALS NHS TRUST,C_300,General Internal Medicine Service,327,171,52.30%,16.2,32,3,2
Y61,RWG,WEST HERTFORDSHIRE TEACHING HOSPITALS NHS TRUST,C_301,Gastroenterology Service,"6,752","3,537",52.40%,16.8,41,115,0
Y61,RWG,WEST HERTFORDSHIRE TEACHING HOSPITALS NHS TRUST,C_320,Cardiology Service,"6,277","2,621",41.80%,22.3,49,302,0
Y61,RWG,WEST HERTFORDSHIRE TEACHING HOSPITALS NHS TRUST,C_330,Dermatology Service,"5,930","2,893",48.80%,18.4,40.7,27,0
Y61,RWG,WEST HERTFORDSHIRE TEACHING HOSPITALS NHS TRUST,C_340,Respiratory Medicine Service,"2,227","1,176",52.80%,17.1,37.8,1,0
Y61,RWG,WEST HERTFORDSHIRE TEACHING HOSPITALS NHS TRUST,C_400,Neurology Service,"2,702","1,432",53.00%,16.6,41.3,8,0
Y61,RWG,WEST HERTFORDSHIRE TEACHING HOSPITALS NHS TRUST,C_410,Rheumatology Service,987,480,48.60%,18.7,46.5,48,0
Y61,RWG,WEST HERTFORDSHIRE TEACHING HOSPITALS NHS TRUST,C_430,Elderly Medicine Service,113,81,71.70%,12.5,29.7,0,0
Y61,RWG,WEST HERTFORDSHIRE TEACHING HOSPITALS NHS TRUST,C_502,Gynaecology Service,"2,070","1,092",52.80%,16.8,34.5,2,0
Y61,RWG,WEST HERTFORDSHIRE TEACHING HOSPITALS NHS TRUST,X02,Other - Medical Services,"5,095","3,269",64.20%,13.2,42.9,194,8
Y61,RWG,WEST HERTFORDSHIRE TEACHING HOSPITALS NHS TRUST,X03,Other - Mental Health Services,1,1,100.00%,-,-,0,0
Y61,RWG,WEST HERTFORDSHIRE TEACHING HOSPITALS NHS TRUST,X04,Other - Paediatric Services,929,383,41.20%,21.5,49.4,63,0
Y61,RWG,WEST HERTFORDSHIRE TEACHING HOSPITALS NHS TRUST,X05,Other - Surgical Services,"1,992","1,308",65.70%,10.4,40.4,58,5
Y61,RWG,WEST HERTFORDSHIRE TEACHING HOSPITALS NHS TRUST,X06,Other - Other Services,202,183,90.60%,5.5,18.9,0,0
Y61,RWH,EAST AND NORTH HERTFORDSHIRE NHS TRUST,C_100,General Surgery Service,"2,623","1,529",58.30%,13.6,46.2,136,7
Y61,RWH,EAST AND NORTH HERTFORDSHIRE NHS TRUST,C_101,Urology Service,"2,485","1,399",56.30%,14.1,46.6,143,7
Y61,RWH,EAST AND NORTH HERTFORDSHIRE NHS TRUST,C_110,Trauma and Orthopaedic Service,"3,944","1,676",42.50%,24.1,68.5,773,144
Y61,RWH,EAST AND NORTH HERTFORDSHIRE NHS TRUST,C_120,Ear Nose and Throat Service,"4,676","2,632",56.30%,15.1,45.6,255,26
Y61,RWH,EAST AND NORTH HERTFORDSHIRE NHS TRUST,C_130,Ophthalmology Service,"6,355","3,340",52.60%,16.7,46.1,166,0
Y61,RWH,EAST AND NORTH HERTFORDSHIRE NHS TRUST,C_140,Oral Surgery Service,"1,791",743,41.50%,27.3,66.9,390,38
Y61,RWH,EAST AND NORTH HERTFORDSHIRE NHS TRUST,C_150,Neurosurgical Service,1,1,100.00%,-,-,0,0
Y61,RWH,EAST AND NORTH HERTFORDSHIRE NHS TRUST,C_160,Plastic Surgery Service,"2,151","1,624",75.50%,9.2,30.9,25,2
Y61,RWH,EAST AND NORTH HERTFORDSHIRE NHS TRUST,C_170,Cardiothoracic Surgery Service,42,39,92.90%,4.4,17.6,0,0
Y61,RWH,EAST AND NORTH HERTFORDSHIRE NHS TRUST,C_300,General Internal Medicine Service,29,29,100.00%,0.8,2.2,0,0
Y61,RWH,EAST AND NORTH HERTFORDSHIRE NHS TRUST,C_301,Gastroenterology Service,"5,046","1,865",37.00%,25.7,70.7,"1,192",123
Y61,RWH,EAST AND NORTH HERTFORDSHIRE NHS TRUST,C_320,Cardiology Service,"2,848","2,339",82.10%,9.1,24.4,0,0
Y61,RWH,EAST AND NORTH HERTFORDSHIRE NHS TRUST,C_330,Dermatology Service,"1,603",908,56.60%,15,42.3,27,0
Y61,RWH,EAST AND NORTH HERTFORDSHIRE NHS TRUST,C_340,Respiratory Medicine Service,"1,183",764,64.60%,13.9,32.7,2,0
Y61,RWH,EAST AND NORTH HERTFORDSHIRE NHS TRUST,C_400,Neurology Service,624,541,86.70%,6.5,21.7,3,2
Y61,RWH,EAST AND NORTH HERTFORDSHIRE NHS TRUST,C_410,Rheumatology Service,888,473,53.30%,16.7,39.1,7,0
Y61,RWH,EAST AND NORTH HERTFORDSHIRE NHS TRUST,C_430,Elderly Medicine Service,266,196,73.70%,10.1,30.9,3,0
Y61,RWH,EAST AND NORTH HERTFORDSHIRE NHS TRUST,C_502,Gynaecology Service,"4,587","2,926",63.80%,12.2,40.8,112,1
Y61,RWH,EAST AND NORTH HERTFORDSHIRE NHS TRUST,X02,Other - Medical Services, -   , -   , -   ,-,-,0,0
Y61,RWH,EAST AND NORTH HERTFORDSHIRE NHS TRUST,X03,Other - Mental Health Services, -   , -   , -   ,-,-,0,0
Y61,RWH,EAST AND NORTH HERTFORDSHIRE NHS TRUST,X04,Other - Paediatric Services, -   , -   , -   ,-,-,0,0
Y61,RWH,EAST AND NORTH HERTFORDSHIRE NHS TRUST,X05,Other - Surgical Services, -   , -   , -   ,-,-,0,0
Y61,RWH,EAST AND NORTH HERTFORDSHIRE NHS TRUST,X06,Other - Other Services,"18,796","10,898",58.00%,14.6,50.6,"1,393",57
Y61,RY3,NORFOLK COMMUNITY HEALTH AND CARE NHS TRUST,C_100,General Surgery Service, -   , -   , -   ,-,-,0,0
Y61,RY3,NORFOLK COMMUNITY HEALTH AND CARE NHS TRUST,C_101,Urology Service, -   , -   , -   ,-,-,0,0
Y61,RY3,NORFOLK COMMUNITY HEALTH AND CARE NHS TRUST,C_110,Trauma and Orthopaedic Service,932,832,89.30%,4.5,20.5,0,0
Y61,RY3,NORFOLK COMMUNITY HEALTH AND CARE NHS TRUST,C_120,Ear Nose and Throat Service, -   , -   , -   ,-,-,0,0
Y61,RY3,NORFOLK COMMUNITY HEALTH AND CARE NHS TRUST,C_130,Ophthalmology Service, -   , -   , -   ,-,-,0,0
Y61,RY3,NORFOLK COMMUNITY HEALTH AND CARE NHS TRUST,C_140,Oral Surgery Service, -   , -   , -   ,-,-,0,0
Y61,RY3,NORFOLK COMMUNITY HEALTH AND CARE NHS TRUST,C_150,Neurosurgical Service, -   , -   , -   ,-,-,0,0
Y61,RY3,NORFOLK COMMUNITY HEALTH AND CARE NHS TRUST,C_160,Plastic Surgery Service, -   , -   , -   ,-,-,0,0
Y61,RY3,NORFOLK COMMUNITY HEALTH AND CARE NHS TRUST,C_170,Cardiothoracic Surgery Service, -   , -   , -   ,-,-,0,0
Y61,RY3,NORFOLK COMMUNITY HEALTH AND CARE NHS TRUST,C_300,General Internal Medicine Service, -   , -   , -   ,-,-,0,0
Y61,RY3,NORFOLK COMMUNITY HEALTH AND CARE NHS TRUST,C_301,Gastroenterology Service, -   , -   , -   ,-,-,0,0
Y61,RY3,NORFOLK COMMUNITY HEALTH AND CARE NHS TRUST,C_320,Cardiology Service, -   , -   , -   ,-,-,0,0
Y61,RY3,NORFOLK COMMUNITY HEALTH AND CARE NHS TRUST,C_330,Dermatology Service, -   , -   , -   ,-,-,0,0
Y61,RY3,NORFOLK COMMUNITY HEALTH AND CARE NHS TRUST,C_340,Respiratory Medicine Service, -   , -   , -   ,-,-,0,0
Y61,RY3,NORFOLK COMMUNITY HEALTH AND CARE NHS TRUST,C_400,Neurology Service, -   , -   , -   ,-,-,0,0
Y61,RY3,NORFOLK COMMUNITY HEALTH AND CARE NHS TRUST,C_410,Rheumatology Service, -   , -   , -   ,-,-,0,0
Y61,RY3,NORFOLK COMMUNITY HEALTH AND CARE NHS TRUST,C_430,Elderly Medicine Service, -   , -   , -   ,-,-,0,0
Y61,RY3,NORFOLK COMMUNITY HEALTH AND CARE NHS TRUST,C_502,Gynaecology Service, -   , -   , -   ,-,-,0,0
Y61,RY3,NORFOLK COMMUNITY HEALTH AND CARE NHS TRUST,X02,Other - Medical Services, -   , -   , -   ,-,-,0,0
Y61,RY3,NORFOLK COMMUNITY HEALTH AND CARE NHS TRUST,X03,Other - Mental Health Services, -   , -   , -   ,-,-,0,0
Y61,RY3,NORFOLK COMMUNITY HEALTH AND CARE NHS TRUST,X04,Other - Paediatric Services,373,353,94.60%,9.8,17.2,0,0
Y61,RY3,NORFOLK COMMUNITY HEALTH AND CARE NHS TRUST,X05,Other - Surgical Services, -   , -   , -   ,-,-,0,0
Y61,RY3,NORFOLK COMMUNITY HEALTH AND CARE NHS TRUST,X06,Other - Other Services,82,72,87.80%,6.9,21.8,0,0
Y61,RY4,HERTFORDSHIRE COMMUNITY NHS TRUST,C_100,General Surgery Service, -   , -   , -   ,-,-,0,0
Y61,RY4,HERTFORDSHIRE COMMUNITY NHS TRUST,C_101,Urology Service, -   , -   , -   ,-,-,0,0
Y61,RY4,HERTFORDSHIRE COMMUNITY NHS TRUST,C_110,Trauma and Orthopaedic Service, -   , -   , -   ,-,-,0,0
Y61,RY4,HERTFORDSHIRE COMMUNITY NHS TRUST,C_120,Ear Nose and Throat Service, -   , -   , -   ,-,-,0,0
Y61,RY4,HERTFORDSHIRE COMMUNITY NHS TRUST,C_130,Ophthalmology Service, -   , -   , -   ,-,-,0,0
Y61,RY4,HERTFORDSHIRE COMMUNITY NHS TRUST,C_140,Oral Surgery Service, -   , -   , -   ,-,-,0,0
Y61,RY4,HERTFORDSHIRE COMMUNITY NHS TRUST,C_150,Neurosurgical Service, -   , -   , -   ,-,-,0,0
Y61,RY4,HERTFORDSHIRE COMMUNITY NHS TRUST,C_160,Plastic Surgery Service, -   , -   , -   ,-,-,0,0
Y61,RY4,HERTFORDSHIRE COMMUNITY NHS TRUST,C_170,Cardiothoracic Surgery Service, -   , -   , -   ,-,-,0,0
Y61,RY4,HERTFORDSHIRE COMMUNITY NHS TRUST,C_300,General Internal Medicine Service, -   , -   , -   ,-,-,0,0
Y61,RY4,HERTFORDSHIRE COMMUNITY NHS TRUST,C_301,Gastroenterology Service, -   , -   , -   ,-,-,0,0
Y61,RY4,HERTFORDSHIRE COMMUNITY NHS TRUST,C_320,Cardiology Service, -   , -   , -   ,-,-,0,0
Y61,RY4,HERTFORDSHIRE COMMUNITY NHS TRUST,C_330,Dermatology Service, -   , -   , -   ,-,-,0,0
Y61,RY4,HERTFORDSHIRE COMMUNITY NHS TRUST,C_340,Respiratory Medicine Service, -   , -   , -   ,-,-,0,0
Y61,RY4,HERTFORDSHIRE COMMUNITY NHS TRUST,C_400,Neurology Service, -   , -   , -   ,-,-,0,0
Y61,RY4,HERTFORDSHIRE COMMUNITY NHS TRUST,C_410,Rheumatology Service, -   , -   , -   ,-,-,0,0
Y61,RY4,HERTFORDSHIRE COMMUNITY NHS TRUST,C_430,Elderly Medicine Service, -   , -   , -   ,-,-,0,0
Y61,RY4,HERTFORDSHIRE COMMUNITY NHS TRUST,C_502,Gynaecology Service, -   , -   , -   ,-,-,0,0
Y61,RY4,HERTFORDSHIRE COMMUNITY NHS TRUST,X02,Other - Medical Services,"1,584","1,572",99.20%,6.8,15,0,0
Y61,RY4,HERTFORDSHIRE COMMUNITY NHS TRUST,X03,Other - Mental Health Services, -   , -   , -   ,-,-,0,0
Y61,RY4,HERTFORDSHIRE COMMUNITY NHS TRUST,X04,Other - Paediatric Services,"3,049","1,700",55.80%,16.1,41.9,121,2
Y61,RY4,HERTFORDSHIRE COMMUNITY NHS TRUST,X05,Other - Surgical Services, -   , -   , -   ,-,-,0,0
Y61,RY4,HERTFORDSHIRE COMMUNITY NHS TRUST,X06,Other - Other Services, -   , -   , -   ,-,-,0,0
Y61,RYV,CAMBRIDGESHIRE COMMUNITY SERVICES NHS TRUST,C_100,General Surgery Service, -   , -   , -   ,-,-,0,0
Y61,RYV,CAMBRIDGESHIRE COMMUNITY SERVICES NHS TRUST,C_101,Urology Service, -   , -   , -   ,-,-,0,0
Y61,RYV,CAMBRIDGESHIRE COMMUNITY SERVICES NHS TRUST,C_110,Trauma and Orthopaedic Service, -   , -   , -   ,-,-,0,0
Y61,RYV,CAMBRIDGESHIRE COMMUNITY SERVICES NHS TRUST,C_120,Ear Nose and Throat Service, -   , -   , -   ,-,-,0,0
Y61,RYV,CAMBRIDGESHIRE COMMUNITY SERVICES NHS TRUST,C_130,Ophthalmology Service, -   , -   , -   ,-,-,0,0
Y61,RYV,CAMBRIDGESHIRE COMMUNITY SERVICES NHS TRUST,C_140,Oral Surgery Service,177,140,79.10%,8.4,25.3,0,0
Y61,RYV,CAMBRIDGESHIRE COMMUNITY SERVICES NHS TRUST,C_150,Neurosurgical Service, -   , -   , -   ,-,-,0,0
Y61,RYV,CAMBRIDGESHIRE COMMUNITY SERVICES NHS TRUST,C_160,Plastic Surgery Service, -   , -   , -   ,-,-,0,0
Y61,RYV,CAMBRIDGESHIRE COMMUNITY SERVICES NHS TRUST,C_170,Cardiothoracic Surgery Service, -   , -   , -   ,-,-,0,0
Y61,RYV,CAMBRIDGESHIRE COMMUNITY SERVICES NHS TRUST,C_300,General Internal Medicine Service, -   , -   , -   ,-,-,0,0
Y61,RYV,CAMBRIDGESHIRE COMMUNITY SERVICES NHS TRUST,C_301,Gastroenterology Service, -   , -   , -   ,-,-,0,0
Y61,RYV,CAMBRIDGESHIRE COMMUNITY SERVICES NHS TRUST,C_320,Cardiology Service, -   , -   , -   ,-,-,0,0
Y61,RYV,CAMBRIDGESHIRE COMMUNITY SERVICES NHS TRUST,C_330,Dermatology Service, -   , -   , -   ,-,-,0,0
Y61,RYV,CAMBRIDGESHIRE COMMUNITY SERVICES NHS TRUST,C_340,Respiratory Medicine Service, -   , -   , -   ,-,-,0,0
Y61,RYV,CAMBRIDGESHIRE COMMUNITY SERVICES NHS TRUST,C_400,Neurology Service, -   , -   , -   ,-,-,0,0
Y61,RYV,CAMBRIDGESHIRE COMMUNITY SERVICES NHS TRUST,C_410,Rheumatology Service, -   , -   , -   ,-,-,0,0
Y61,RYV,CAMBRIDGESHIRE COMMUNITY SERVICES NHS TRUST,C_430,Elderly Medicine Service, -   , -   , -   ,-,-,0,0
Y61,RYV,CAMBRIDGESHIRE COMMUNITY SERVICES NHS TRUST,C_502,Gynaecology Service, -   , -   , -   ,-,-,0,0
Y61,RYV,CAMBRIDGESHIRE COMMUNITY SERVICES NHS TRUST,X02,Other - Medical Services,"3,568","1,420",39.80%,24.3,61.2,552,0
Y61,RYV,CAMBRIDGESHIRE COMMUNITY SERVICES NHS TRUST,X03,Other - Mental Health Services, -   , -   , -   ,-,-,0,0
Y61,RYV,CAMBRIDGESHIRE COMMUNITY SERVICES NHS TRUST,X04,Other - Paediatric Services, -   , -   , -   ,-,-,0,0
Y61,RYV,CAMBRIDGESHIRE COMMUNITY SERVICES NHS TRUST,X05,Other - Surgical Services, -   , -   , -   ,-,-,0,0
Y61,RYV,CAMBRIDGESHIRE COMMUNITY SERVICES NHS TRUST,X06,Other - Other Services, -   , -   , -   ,-,-,0,0
Y62,R0A,MANCHESTER UNIVERSITY NHS FOUNDATION TRUST,C_100,General Surgery Service,"12,976","5,215",40.20%,23.8,67.3,"2,248",377
Y62,R0A,MANCHESTER UNIVERSITY NHS FOUNDATION TRUST,C_101,Urology Service,"8,871","3,534",39.80%,23.8,56.8,873,185
Y62,R0A,MANCHESTER UNIVERSITY NHS FOUNDATION TRUST,C_110,Trauma and Orthopaedic Service,"8,694","4,284",49.30%,18.4,55.8,830,143
Y62,R0A,MANCHESTER UNIVERSITY NHS FOUNDATION TRUST,C_120,Ear Nose and Throat Service,"12,504","3,202",25.60%,35.9,73.6,"3,555",696
Y62,R0A,MANCHESTER UNIVERSITY NHS FOUNDATION TRUST,C_130,Ophthalmology Service,"12,180","7,196",59.10%,14.3,42.5,411,57
Y62,R0A,MANCHESTER UNIVERSITY NHS FOUNDATION TRUST,C_140,Oral Surgery Service,"15,767","5,215",33.10%,27.5,67.1,"3,149",277
Y62,R0A,MANCHESTER UNIVERSITY NHS FOUNDATION TRUST,C_150,Neurosurgical Service,1,1,100.00%,-,-,0,0
Y62,R0A,MANCHESTER UNIVERSITY NHS FOUNDATION TRUST,C_160,Plastic Surgery Service,"4,506","1,682",37.30%,24.1,64.1,790,108
Y62,R0A,MANCHESTER UNIVERSITY NHS FOUNDATION TRUST,C_170,Cardiothoracic Surgery Service,728,427,58.70%,14.9,48.9,49,7
Y62,R0A,MANCHESTER UNIVERSITY NHS FOUNDATION TRUST,C_300,General Internal Medicine Service,819,417,50.90%,17.6,46.8,29,6
Y62,R0A,MANCHESTER UNIVERSITY NHS FOUNDATION TRUST,C_301,Gastroenterology Service,"9,261","4,757",51.40%,17.3,54.8,859,84
Y62,R0A,MANCHESTER UNIVERSITY NHS FOUNDATION TRUST,C_320,Cardiology Service,"7,117","3,825",53.70%,16.6,37.3,103,1
Y62,R0A,MANCHESTER UNIVERSITY NHS FOUNDATION TRUST,C_330,Dermatology Service,"4,754","1,859",39.10%,24.2,62.4,826,24
Y62,R0A,MANCHESTER UNIVERSITY NHS FOUNDATION TRUST,C_340,Respiratory Medicine Service,"3,409","2,325",68.20%,11.3,37.4,29,1
Y62,R0A,MANCHESTER UNIVERSITY NHS FOUNDATION TRUST,C_400,Neurology Service,26,13,50.00%,18.3,67.9,4,0
Y62,R0A,MANCHESTER UNIVERSITY NHS FOUNDATION TRUST,C_410,Rheumatology Service,"2,801",874,31.20%,28,57,364,7
Y62,R0A,MANCHESTER UNIVERSITY NHS FOUNDATION TRUST,C_430,Elderly Medicine Service,658,452,68.70%,13.3,35.1,4,0
Y62,R0A,MANCHESTER UNIVERSITY NHS FOUNDATION TRUST,C_502,Gynaecology Service,"15,723","5,563",35.40%,26.2,68.6,"2,895",742
Y62,R0A,MANCHESTER UNIVERSITY NHS FOUNDATION TRUST,X02,Other - Medical Services,"21,466","13,337",62.10%,13.8,38.3,447,30
Y62,R0A,MANCHESTER UNIVERSITY NHS FOUNDATION TRUST,X03,Other - Mental Health Services,18,1,5.60%,-,-,2,0
Y62,R0A,MANCHESTER UNIVERSITY NHS FOUNDATION TRUST,X04,Other - Paediatric Services,"21,625","10,346",47.80%,19,52.3,"1,764",214
Y62,R0A,MANCHESTER UNIVERSITY NHS FOUNDATION TRUST,X05,Other - Surgical Services,"13,877","7,116",51.30%,17.3,55,"1,326",154
Y62,R0A,MANCHESTER UNIVERSITY NHS FOUNDATION TRUST,X06,Other - Other Services,586,341,58.20%,14.5,55.4,61,15
Y62,RBL,WIRRAL UNIVERSITY TEACHING HOSPITAL NHS FOUNDATION TRUST,C_100,General Surgery Service,403,351,87.10%,9.3,20.3,6,1
Y62,RBL,WIRRAL UNIVERSITY TEACHING HOSPITAL NHS FOUNDATION TRUST,C_101,Urology Service,"2,484","1,393",56.10%,14.9,52.7,202,33
Y62,RBL,WIRRAL UNIVERSITY TEACHING HOSPITAL NHS FOUNDATION TRUST,C_110,Trauma and Orthopaedic Service,"2,161","1,371",63.40%,13.9,46.6,107,4
Y62,RBL,WIRRAL UNIVERSITY TEACHING HOSPITAL NHS FOUNDATION TRUST,C_120,Ear Nose and Throat Service,"1,529","1,078",70.50%,9.9,31.1,11,0
Y62,RBL,WIRRAL UNIVERSITY TEACHING HOSPITAL NHS FOUNDATION TRUST,C_130,Ophthalmology Service,"2,807","1,804",64.30%,12.6,38.2,30,2
Y62,RBL,WIRRAL UNIVERSITY TEACHING HOSPITAL NHS FOUNDATION TRUST,C_140,Oral Surgery Service,"1,388",920,66.30%,12.2,43,33,2
Y62,RBL,WIRRAL UNIVERSITY TEACHING HOSPITAL NHS FOUNDATION TRUST,C_150,Neurosurgical Service, -   , -   , -   ,-,-,0,0
Y62,RBL,WIRRAL UNIVERSITY TEACHING HOSPITAL NHS FOUNDATION TRUST,C_160,Plastic Surgery Service, -   , -   , -   ,-,-,0,0
Y62,RBL,WIRRAL UNIVERSITY TEACHING HOSPITAL NHS FOUNDATION TRUST,C_170,Cardiothoracic Surgery Service, -   , -   , -   ,-,-,0,0
Y62,RBL,WIRRAL UNIVERSITY TEACHING HOSPITAL NHS FOUNDATION TRUST,C_300,General Internal Medicine Service,3,1,33.30%,-,-,1,0
Y62,RBL,WIRRAL UNIVERSITY TEACHING HOSPITAL NHS FOUNDATION TRUST,C_301,Gastroenterology Service,"2,048","1,204",58.80%,14.7,39.5,24,2
Y62,RBL,WIRRAL UNIVERSITY TEACHING HOSPITAL NHS FOUNDATION TRUST,C_320,Cardiology Service,"1,265",912,72.10%,11.3,25.4,0,0
Y62,RBL,WIRRAL UNIVERSITY TEACHING HOSPITAL NHS FOUNDATION TRUST,C_330,Dermatology Service,"2,271","1,566",69.00%,11.2,28.2,1,0
Y62,RBL,WIRRAL UNIVERSITY TEACHING HOSPITAL NHS FOUNDATION TRUST,C_340,Respiratory Medicine Service,"2,329","1,431",61.40%,13.8,38.5,4,0
Y62,RBL,WIRRAL UNIVERSITY TEACHING HOSPITAL NHS FOUNDATION TRUST,C_400,Neurology Service, -   , -   , -   ,-,-,0,0
Y62,RBL,WIRRAL UNIVERSITY TEACHING HOSPITAL NHS FOUNDATION TRUST,C_410,Rheumatology Service,257,202,78.60%,6.9,26.3,0,0
Y62,RBL,WIRRAL UNIVERSITY TEACHING HOSPITAL NHS FOUNDATION TRUST,C_430,Elderly Medicine Service,162,158,97.50%,5,14,0,0
Y62,RBL,WIRRAL UNIVERSITY TEACHING HOSPITAL NHS FOUNDATION TRUST,C_502,Gynaecology Service,"3,514","1,679",47.80%,19.3,54.4,341,4
Y62,RBL,WIRRAL UNIVERSITY TEACHING HOSPITAL NHS FOUNDATION TRUST,X02,Other - Medical Services,"2,399","1,928",80.40%,8.7,25.4,3,1
Y62,RBL,WIRRAL UNIVERSITY TEACHING HOSPITAL NHS FOUNDATION TRUST,X03,Other - Mental Health Services, -   , -   , -   ,-,-,0,0
Y62,RBL,WIRRAL UNIVERSITY TEACHING HOSPITAL NHS FOUNDATION TRUST,X04,Other - Paediatric Services,"2,721","1,924",70.70%,12.3,32,7,0
Y62,RBL,WIRRAL UNIVERSITY TEACHING HOSPITAL NHS FOUNDATION TRUST,X05,Other - Surgical Services,"5,001","2,472",49.40%,18.3,50.6,349,13
Y62,RBL,WIRRAL UNIVERSITY TEACHING HOSPITAL NHS FOUNDATION TRUST,X06,Other - Other Services,"3,000","2,756",91.90%,5.7,18.1,3,0
Y62,RBN,ST HELENS AND KNOWSLEY TEACHING HOSPITALS NHS TRUST,C_100,General Surgery Service,"2,400","1,640",68.30%,11.1,41.2,88,10
Y62,RBN,ST HELENS AND KNOWSLEY TEACHING HOSPITALS NHS TRUST,C_101,Urology Service,"2,059","1,450",70.40%,8.7,49,143,27
Y62,RBN,ST HELENS AND KNOWSLEY TEACHING HOSPITALS NHS TRUST,C_110,Trauma and Orthopaedic Service,"3,117","1,611",51.70%,16.9,60.3,346,78
Y62,RBN,ST HELENS AND KNOWSLEY TEACHING HOSPITALS NHS TRUST,C_120,Ear Nose and Throat Service,"1,934","1,519",78.50%,8.2,34.8,70,18
Y62,RBN,ST HELENS AND KNOWSLEY TEACHING HOSPITALS NHS TRUST,C_130,Ophthalmology Service,"3,128","2,295",73.40%,9.4,32.8,50,1
Y62,RBN,ST HELENS AND KNOWSLEY TEACHING HOSPITALS NHS TRUST,C_140,Oral Surgery Service,730,542,74.20%,10.1,27.8,1,0
Y62,RBN,ST HELENS AND KNOWSLEY TEACHING HOSPITALS NHS TRUST,C_150,Neurosurgical Service,46,35,76.10%,13.5,29.3,0,0
Y62,RBN,ST HELENS AND KNOWSLEY TEACHING HOSPITALS NHS TRUST,C_160,Plastic Surgery Service,"6,017","2,670",44.40%,22.5,68.4,"1,161",223
Y62,RBN,ST HELENS AND KNOWSLEY TEACHING HOSPITALS NHS TRUST,C_170,Cardiothoracic Surgery Service, -   , -   , -   ,-,-,0,0
Y62,RBN,ST HELENS AND KNOWSLEY TEACHING HOSPITALS NHS TRUST,C_300,General Internal Medicine Service,68,62,91.20%,5.1,18.6,0,0
Y62,RBN,ST HELENS AND KNOWSLEY TEACHING HOSPITALS NHS TRUST,C_301,Gastroenterology Service,"2,763","2,433",88.10%,5.1,22.8,11,3
Y62,RBN,ST HELENS AND KNOWSLEY TEACHING HOSPITALS NHS TRUST,C_320,Cardiology Service,"1,408",927,65.80%,13,30.4,3,0
Y62,RBN,ST HELENS AND KNOWSLEY TEACHING HOSPITALS NHS TRUST,C_330,Dermatology Service,"4,547","2,862",62.90%,13,39.7,50,1
Y62,RBN,ST HELENS AND KNOWSLEY TEACHING HOSPITALS NHS TRUST,C_340,Respiratory Medicine Service,619,538,86.90%,6.9,21.6,0,0
Y62,RBN,ST HELENS AND KNOWSLEY TEACHING HOSPITALS NHS TRUST,C_400,Neurology Service, -   , -   , -   ,-,-,0,0
Y62,RBN,ST HELENS AND KNOWSLEY TEACHING HOSPITALS NHS TRUST,C_410,Rheumatology Service,498,430,86.30%,7.5,23.2,2,0
Y62,RBN,ST HELENS AND KNOWSLEY TEACHING HOSPITALS NHS TRUST,C_430,Elderly Medicine Service,113,106,93.80%,6.4,15,0,0
Y62,RBN,ST HELENS AND KNOWSLEY TEACHING HOSPITALS NHS TRUST,C_502,Gynaecology Service,"3,979","2,180",54.80%,16.3,44.1,157,12
Y62,RBN,ST HELENS AND KNOWSLEY TEACHING HOSPITALS NHS TRUST,X02,Other - Medical Services,"3,855","3,063",79.50%,7,28.8,14,1
Y62,RBN,ST HELENS AND KNOWSLEY TEACHING HOSPITALS NHS TRUST,X03,Other - Mental Health Services, -   , -   , -   ,-,-,0,0
Y62,RBN,ST HELENS AND KNOWSLEY TEACHING HOSPITALS NHS TRUST,X04,Other - Paediatric Services,"1,686","1,384",82.10%,9,24.9,2,0
Y62,RBN,ST HELENS AND KNOWSLEY TEACHING HOSPITALS NHS TRUST,X05,Other - Surgical Services,"1,000",680,68.00%,11.4,49,61,11
Y62,RBN,ST HELENS AND KNOWSLEY TEACHING HOSPITALS NHS TRUST,X06,Other - Other Services,19,6,31.60%,-,-,4,1
Y62,RBQ,LIVERPOOL HEART AND CHEST HOSPITAL NHS FOUNDATION TRUST,C_100,General Surgery Service, -   , -   , -   ,-,-,0,0
Y62,RBQ,LIVERPOOL HEART AND CHEST HOSPITAL NHS FOUNDATION TRUST,C_101,Urology Service, -   , -   , -   ,-,-,0,0
Y62,RBQ,LIVERPOOL HEART AND CHEST HOSPITAL NHS FOUNDATION TRUST,C_110,Trauma and Orthopaedic Service, -   , -   , -   ,-,-,0,0
Y62,RBQ,LIVERPOOL HEART AND CHEST HOSPITAL NHS FOUNDATION TRUST,C_120,Ear Nose and Throat Service, -   , -   , -   ,-,-,0,0
Y62,RBQ,LIVERPOOL HEART AND CHEST HOSPITAL NHS FOUNDATION TRUST,C_130,Ophthalmology Service, -   , -   , -   ,-,-,0,0
Y62,RBQ,LIVERPOOL HEART AND CHEST HOSPITAL NHS FOUNDATION TRUST,C_140,Oral Surgery Service, -   , -   , -   ,-,-,0,0
Y62,RBQ,LIVERPOOL HEART AND CHEST HOSPITAL NHS FOUNDATION TRUST,C_150,Neurosurgical Service, -   , -   , -   ,-,-,0,0
Y62,RBQ,LIVERPOOL HEART AND CHEST HOSPITAL NHS FOUNDATION TRUST,C_160,Plastic Surgery Service, -   , -   , -   ,-,-,0,0
Y62,RBQ,LIVERPOOL HEART AND CHEST HOSPITAL NHS FOUNDATION TRUST,C_170,Cardiothoracic Surgery Service,761,472,62.00%,13.8,51.1,59,14
Y62,RBQ,LIVERPOOL HEART AND CHEST HOSPITAL NHS FOUNDATION TRUST,C_300,General Internal Medicine Service, -   , -   , -   ,-,-,0,0
Y62,RBQ,LIVERPOOL HEART AND CHEST HOSPITAL NHS FOUNDATION TRUST,C_301,Gastroenterology Service, -   , -   , -   ,-,-,0,0
Y62,RBQ,LIVERPOOL HEART AND CHEST HOSPITAL NHS FOUNDATION TRUST,C_320,Cardiology Service,"2,735","2,184",79.90%,9.9,25.2,6,0
Y62,RBQ,LIVERPOOL HEART AND CHEST HOSPITAL NHS FOUNDATION TRUST,C_330,Dermatology Service, -   , -   , -   ,-,-,0,0
Y62,RBQ,LIVERPOOL HEART AND CHEST HOSPITAL NHS FOUNDATION TRUST,C_340,Respiratory Medicine Service,"1,332","1,063",79.80%,9.4,26.2,0,0
Y62,RBQ,LIVERPOOL HEART AND CHEST HOSPITAL NHS FOUNDATION TRUST,C_400,Neurology Service, -   , -   , -   ,-,-,0,0
Y62,RBQ,LIVERPOOL HEART AND CHEST HOSPITAL NHS FOUNDATION TRUST,C_410,Rheumatology Service, -   , -   , -   ,-,-,0,0
Y62,RBQ,LIVERPOOL HEART AND CHEST HOSPITAL NHS FOUNDATION TRUST,C_430,Elderly Medicine Service, -   , -   , -   ,-,-,0,0
Y62,RBQ,LIVERPOOL HEART AND CHEST HOSPITAL NHS FOUNDATION TRUST,C_502,Gynaecology Service, -   , -   , -   ,-,-,0,0
Y62,RBQ,LIVERPOOL HEART AND CHEST HOSPITAL NHS FOUNDATION TRUST,X02,Other - Medical Services, -   , -   , -   ,-,-,0,0
Y62,RBQ,LIVERPOOL HEART AND CHEST HOSPITAL NHS FOUNDATION TRUST,X03,Other - Mental Health Services, -   , -   , -   ,-,-,0,0
Y62,RBQ,LIVERPOOL HEART AND CHEST HOSPITAL NHS FOUNDATION TRUST,X04,Other - Paediatric Services, -   , -   , -   ,-,-,0,0
Y62,RBQ,LIVERPOOL HEART AND CHEST HOSPITAL NHS FOUNDATION TRUST,X05,Other - Surgical Services, -   , -   , -   ,-,-,0,0
Y62,RBQ,LIVERPOOL HEART AND CHEST HOSPITAL NHS FOUNDATION TRUST,X06,Other - Other Services, -   , -   , -   ,-,-,0,0
Y62,RBS,ALDER HEY CHILDREN'S NHS FOUNDATION TRUST,C_100,General Surgery Service, -   , -   , -   ,-,-,0,0
Y62,RBS,ALDER HEY CHILDREN'S NHS FOUNDATION TRUST,C_101,Urology Service, -   , -   , -   ,-,-,0,0
Y62,RBS,ALDER HEY CHILDREN'S NHS FOUNDATION TRUST,C_110,Trauma and Orthopaedic Service, -   , -   , -   ,-,-,0,0
Y62,RBS,ALDER HEY CHILDREN'S NHS FOUNDATION TRUST,C_120,Ear Nose and Throat Service, -   , -   , -   ,-,-,0,0
Y62,RBS,ALDER HEY CHILDREN'S NHS FOUNDATION TRUST,C_130,Ophthalmology Service, -   , -   , -   ,-,-,0,0
Y62,RBS,ALDER HEY CHILDREN'S NHS FOUNDATION TRUST,C_140,Oral Surgery Service, -   , -   , -   ,-,-,0,0
Y62,RBS,ALDER HEY CHILDREN'S NHS FOUNDATION TRUST,C_150,Neurosurgical Service, -   , -   , -   ,-,-,0,0
Y62,RBS,ALDER HEY CHILDREN'S NHS FOUNDATION TRUST,C_160,Plastic Surgery Service, -   , -   , -   ,-,-,0,0
Y62,RBS,ALDER HEY CHILDREN'S NHS FOUNDATION TRUST,C_170,Cardiothoracic Surgery Service, -   , -   , -   ,-,-,0,0
Y62,RBS,ALDER HEY CHILDREN'S NHS FOUNDATION TRUST,C_300,General Internal Medicine Service, -   , -   , -   ,-,-,0,0
Y62,RBS,ALDER HEY CHILDREN'S NHS FOUNDATION TRUST,C_301,Gastroenterology Service, -   , -   , -   ,-,-,0,0
Y62,RBS,ALDER HEY CHILDREN'S NHS FOUNDATION TRUST,C_320,Cardiology Service, -   , -   , -   ,-,-,0,0
Y62,RBS,ALDER HEY CHILDREN'S NHS FOUNDATION TRUST,C_330,Dermatology Service, -   , -   , -   ,-,-,0,0
Y62,RBS,ALDER HEY CHILDREN'S NHS FOUNDATION TRUST,C_340,Respiratory Medicine Service, -   , -   , -   ,-,-,0,0
Y62,RBS,ALDER HEY CHILDREN'S NHS FOUNDATION TRUST,C_400,Neurology Service, -   , -   , -   ,-,-,0,0
Y62,RBS,ALDER HEY CHILDREN'S NHS FOUNDATION TRUST,C_410,Rheumatology Service, -   , -   , -   ,-,-,0,0
Y62,RBS,ALDER HEY CHILDREN'S NHS FOUNDATION TRUST,C_430,Elderly Medicine Service, -   , -   , -   ,-,-,0,0
Y62,RBS,ALDER HEY CHILDREN'S NHS FOUNDATION TRUST,C_502,Gynaecology Service, -   , -   , -   ,-,-,0,0
Y62,RBS,ALDER HEY CHILDREN'S NHS FOUNDATION TRUST,X02,Other - Medical Services, -   , -   , -   ,-,-,0,0
Y62,RBS,ALDER HEY CHILDREN'S NHS FOUNDATION TRUST,X03,Other - Mental Health Services, -   , -   , -   ,-,-,0,0
Y62,RBS,ALDER HEY CHILDREN'S NHS FOUNDATION TRUST,X04,Other - Paediatric Services,"23,484","12,950",55.10%,16,39.8,390,7
Y62,RBS,ALDER HEY CHILDREN'S NHS FOUNDATION TRUST,X05,Other - Surgical Services, -   , -   , -   ,-,-,0,0
Y62,RBS,ALDER HEY CHILDREN'S NHS FOUNDATION TRUST,X06,Other - Other Services, -   , -   , -   ,-,-,0,0
Y62,RBT,MID CHESHIRE HOSPITALS NHS FOUNDATION TRUST,C_100,General Surgery Service,"6,060","2,938",48.50%,18.8,60.2,807,141
Y62,RBT,MID CHESHIRE HOSPITALS NHS FOUNDATION TRUST,C_101,Urology Service,"1,308","1,084",82.90%,7.1,26.3,11,0
Y62,RBT,MID CHESHIRE HOSPITALS NHS FOUNDATION TRUST,C_110,Trauma and Orthopaedic Service,"3,933","1,925",48.90%,18.3,47.2,188,4
Y62,RBT,MID CHESHIRE HOSPITALS NHS FOUNDATION TRUST,C_120,Ear Nose and Throat Service,"4,734","2,518",53.20%,16.5,40.3,67,0
Y62,RBT,MID CHESHIRE HOSPITALS NHS FOUNDATION TRUST,C_130,Ophthalmology Service,"3,552","2,597",73.10%,9.8,29.7,15,0
Y62,RBT,MID CHESHIRE HOSPITALS NHS FOUNDATION TRUST,C_140,Oral Surgery Service, -   , -   , -   ,-,-,0,0
Y62,RBT,MID CHESHIRE HOSPITALS NHS FOUNDATION TRUST,C_150,Neurosurgical Service, -   , -   , -   ,-,-,0,0
Y62,RBT,MID CHESHIRE HOSPITALS NHS FOUNDATION TRUST,C_160,Plastic Surgery Service, -   , -   , -   ,-,-,0,0
Y62,RBT,MID CHESHIRE HOSPITALS NHS FOUNDATION TRUST,C_170,Cardiothoracic Surgery Service, -   , -   , -   ,-,-,0,0
Y62,RBT,MID CHESHIRE HOSPITALS NHS FOUNDATION TRUST,C_300,General Internal Medicine Service,34,34,100.00%,6.1,8.8,0,0
Y62,RBT,MID CHESHIRE HOSPITALS NHS FOUNDATION TRUST,C_301,Gastroenterology Service,"1,909",755,39.50%,24.2,53,166,4
Y62,RBT,MID CHESHIRE HOSPITALS NHS FOUNDATION TRUST,C_320,Cardiology Service,"2,276","1,153",50.70%,17.6,44.7,67,0
Y62,RBT,MID CHESHIRE HOSPITALS NHS FOUNDATION TRUST,C_330,Dermatology Service,"2,988","1,722",57.60%,14.5,44.3,20,0
Y62,RBT,MID CHESHIRE HOSPITALS NHS FOUNDATION TRUST,C_340,Respiratory Medicine Service,421,293,69.60%,10.8,27.2,0,0
Y62,RBT,MID CHESHIRE HOSPITALS NHS FOUNDATION TRUST,C_400,Neurology Service, -   , -   , -   ,-,-,0,0
Y62,RBT,MID CHESHIRE HOSPITALS NHS FOUNDATION TRUST,C_410,Rheumatology Service,"1,056",535,50.70%,17.6,43,25,0
Y62,RBT,MID CHESHIRE HOSPITALS NHS FOUNDATION TRUST,C_430,Elderly Medicine Service,34,30,88.20%,8.3,29.3,0,0
Y62,RBT,MID CHESHIRE HOSPITALS NHS FOUNDATION TRUST,C_502,Gynaecology Service,"2,241","1,339",59.80%,13.6,41.6,83,5
Y62,RBT,MID CHESHIRE HOSPITALS NHS FOUNDATION TRUST,X02,Other - Medical Services,"1,817","1,533",84.40%,8.9,22.1,0,0
Y62,RBT,MID CHESHIRE HOSPITALS NHS FOUNDATION TRUST,X03,Other - Mental Health Services, -   , -   , -   ,-,-,0,0
Y62,RBT,MID CHESHIRE HOSPITALS NHS FOUNDATION TRUST,X04,Other - Paediatric Services,546,481,88.10%,7.6,20.7,1,0
Y62,RBT,MID CHESHIRE HOSPITALS NHS FOUNDATION TRUST,X05,Other - Surgical Services,310,294,94.80%,2.1,11.1,3,1
Y62,RBT,MID CHESHIRE HOSPITALS NHS FOUNDATION TRUST,X06,Other - Other Services,900,892,99.10%,5.3,10.9,0,0
Y62,RBV,THE CHRISTIE NHS FOUNDATION TRUST,C_100,General Surgery Service, -   , -   , -   ,-,-,0,0
Y62,RBV,THE CHRISTIE NHS FOUNDATION TRUST,C_101,Urology Service,142,130,91.50%,6.8,18.3,0,0
Y62,RBV,THE CHRISTIE NHS FOUNDATION TRUST,C_110,Trauma and Orthopaedic Service, -   , -   , -   ,-,-,0,0
Y62,RBV,THE CHRISTIE NHS FOUNDATION TRUST,C_120,Ear Nose and Throat Service,6,6,100.00%,-,-,0,0
Y62,RBV,THE CHRISTIE NHS FOUNDATION TRUST,C_130,Ophthalmology Service, -   , -   , -   ,-,-,0,0
Y62,RBV,THE CHRISTIE NHS FOUNDATION TRUST,C_140,Oral Surgery Service,5,5,100.00%,-,-,0,0
Y62,RBV,THE CHRISTIE NHS FOUNDATION TRUST,C_150,Neurosurgical Service, -   , -   , -   ,-,-,0,0
Y62,RBV,THE CHRISTIE NHS FOUNDATION TRUST,C_160,Plastic Surgery Service,226,217,96.00%,4.4,13.3,0,0
Y62,RBV,THE CHRISTIE NHS FOUNDATION TRUST,C_170,Cardiothoracic Surgery Service, -   , -   , -   ,-,-,0,0
Y62,RBV,THE CHRISTIE NHS FOUNDATION TRUST,C_300,General Internal Medicine Service, -   , -   , -   ,-,-,0,0
Y62,RBV,THE CHRISTIE NHS FOUNDATION TRUST,C_301,Gastroenterology Service, -   , -   , -   ,-,-,0,0
Y62,RBV,THE CHRISTIE NHS FOUNDATION TRUST,C_320,Cardiology Service, -   , -   , -   ,-,-,0,0
Y62,RBV,THE CHRISTIE NHS FOUNDATION TRUST,C_330,Dermatology Service, -   , -   , -   ,-,-,0,0
Y62,RBV,THE CHRISTIE NHS FOUNDATION TRUST,C_340,Respiratory Medicine Service, -   , -   , -   ,-,-,0,0
Y62,RBV,THE CHRISTIE NHS FOUNDATION TRUST,C_400,Neurology Service, -   , -   , -   ,-,-,0,0
Y62,RBV,THE CHRISTIE NHS FOUNDATION TRUST,C_410,Rheumatology Service, -   , -   , -   ,-,-,0,0
Y62,RBV,THE CHRISTIE NHS FOUNDATION TRUST,C_430,Elderly Medicine Service, -   , -   , -   ,-,-,0,0
Y62,RBV,THE CHRISTIE NHS FOUNDATION TRUST,C_502,Gynaecology Service,47,46,97.90%,4.3,10.7,0,0
Y62,RBV,THE CHRISTIE NHS FOUNDATION TRUST,X02,Other - Medical Services,"1,606","1,578",98.30%,2.8,10.4,0,0
Y62,RBV,THE CHRISTIE NHS FOUNDATION TRUST,X03,Other - Mental Health Services, -   , -   , -   ,-,-,0,0
Y62,RBV,THE CHRISTIE NHS FOUNDATION TRUST,X04,Other - Paediatric Services, -   , -   , -   ,-,-,0,0
Y62,RBV,THE CHRISTIE NHS FOUNDATION TRUST,X05,Other - Surgical Services,102,97,95.10%,4.6,15.8,0,0
Y62,RBV,THE CHRISTIE NHS FOUNDATION TRUST,X06,Other - Other Services, -   , -   , -   ,-,-,0,0
Y62,REM,LIVERPOOL UNIVERSITY HOSPITALS NHS FOUNDATION TRUST,C_100,General Surgery Service,"4,717","1,493",31.70%,30.5,73,"1,296",240
Y62,REM,LIVERPOOL UNIVERSITY HOSPITALS NHS FOUNDATION TRUST,C_101,Urology Service,"5,941","2,517",42.40%,22.8,59.3,913,12
Y62,REM,LIVERPOOL UNIVERSITY HOSPITALS NHS FOUNDATION TRUST,C_110,Trauma and Orthopaedic Service,"8,331","3,404",40.90%,23.2,63.1,"1,247",271
Y62,REM,LIVERPOOL UNIVERSITY HOSPITALS NHS FOUNDATION TRUST,C_120,Ear Nose and Throat Service,"10,162","2,791",27.50%,30.7,73.1,"2,530",538
Y62,REM,LIVERPOOL UNIVERSITY HOSPITALS NHS FOUNDATION TRUST,C_130,Ophthalmology Service,"9,296","5,125",55.10%,15.5,50.7,692,41
Y62,REM,LIVERPOOL UNIVERSITY HOSPITALS NHS FOUNDATION TRUST,C_140,Oral Surgery Service,"4,852","2,365",48.70%,18.5,65,635,127
Y62,REM,LIVERPOOL UNIVERSITY HOSPITALS NHS FOUNDATION TRUST,C_150,Neurosurgical Service, -   , -   , -   ,-,-,0,0
Y62,REM,LIVERPOOL UNIVERSITY HOSPITALS NHS FOUNDATION TRUST,C_160,Plastic Surgery Service,218,90,41.30%,21.5,39.3,3,0
Y62,REM,LIVERPOOL UNIVERSITY HOSPITALS NHS FOUNDATION TRUST,C_170,Cardiothoracic Surgery Service, -   , -   , -   ,-,-,0,0
Y62,REM,LIVERPOOL UNIVERSITY HOSPITALS NHS FOUNDATION TRUST,C_300,General Internal Medicine Service,526,214,40.70%,28.1,60.5,109,0
Y62,REM,LIVERPOOL UNIVERSITY HOSPITALS NHS FOUNDATION TRUST,C_301,Gastroenterology Service,"9,749","4,508",46.20%,20.4,56.5,999,23
Y62,REM,LIVERPOOL UNIVERSITY HOSPITALS NHS FOUNDATION TRUST,C_320,Cardiology Service,"4,282","2,318",54.10%,16.1,49.7,269,0
Y62,REM,LIVERPOOL UNIVERSITY HOSPITALS NHS FOUNDATION TRUST,C_330,Dermatology Service,"5,259","2,771",52.70%,16.4,50.7,368,16
Y62,REM,LIVERPOOL UNIVERSITY HOSPITALS NHS FOUNDATION TRUST,C_340,Respiratory Medicine Service,"2,345","1,374",58.60%,14.8,42.9,26,0
Y62,REM,LIVERPOOL UNIVERSITY HOSPITALS NHS FOUNDATION TRUST,C_400,Neurology Service, -   , -   , -   ,-,-,0,0
Y62,REM,LIVERPOOL UNIVERSITY HOSPITALS NHS FOUNDATION TRUST,C_410,Rheumatology Service,974,765,78.50%,10.6,22.9,0,0
Y62,REM,LIVERPOOL UNIVERSITY HOSPITALS NHS FOUNDATION TRUST,C_430,Elderly Medicine Service,"1,018",878,86.20%,8,21.2,0,0
Y62,REM,LIVERPOOL UNIVERSITY HOSPITALS NHS FOUNDATION TRUST,C_502,Gynaecology Service, -   , -   , -   ,-,-,0,0
Y62,REM,LIVERPOOL UNIVERSITY HOSPITALS NHS FOUNDATION TRUST,X02,Other - Medical Services,"5,706","3,860",67.60%,11.9,28.9,12,0
Y62,REM,LIVERPOOL UNIVERSITY HOSPITALS NHS FOUNDATION TRUST,X03,Other - Mental Health Services, -   , -   , -   ,-,-,0,0
Y62,REM,LIVERPOOL UNIVERSITY HOSPITALS NHS FOUNDATION TRUST,X04,Other - Paediatric Services,397,335,84.40%,9.6,22,0,0
Y62,REM,LIVERPOOL UNIVERSITY HOSPITALS NHS FOUNDATION TRUST,X05,Other - Surgical Services,"8,989","4,998",55.60%,14.8,59.2,"1,033",169
Y62,REM,LIVERPOOL UNIVERSITY HOSPITALS NHS FOUNDATION TRUST,X06,Other - Other Services,"2,838","1,839",64.80%,12.4,31.2,6,0
Y62,REN,THE CLATTERBRIDGE CANCER CENTRE NHS FOUNDATION TRUST,C_100,General Surgery Service, -   , -   , -   ,-,-,0,0
Y62,REN,THE CLATTERBRIDGE CANCER CENTRE NHS FOUNDATION TRUST,C_101,Urology Service, -   , -   , -   ,-,-,0,0
Y62,REN,THE CLATTERBRIDGE CANCER CENTRE NHS FOUNDATION TRUST,C_110,Trauma and Orthopaedic Service, -   , -   , -   ,-,-,0,0
Y62,REN,THE CLATTERBRIDGE CANCER CENTRE NHS FOUNDATION TRUST,C_120,Ear Nose and Throat Service, -   , -   , -   ,-,-,0,0
Y62,REN,THE CLATTERBRIDGE CANCER CENTRE NHS FOUNDATION TRUST,C_130,Ophthalmology Service, -   , -   , -   ,-,-,0,0
Y62,REN,THE CLATTERBRIDGE CANCER CENTRE NHS FOUNDATION TRUST,C_140,Oral Surgery Service, -   , -   , -   ,-,-,0,0
Y62,REN,THE CLATTERBRIDGE CANCER CENTRE NHS FOUNDATION TRUST,C_150,Neurosurgical Service, -   , -   , -   ,-,-,0,0
Y62,REN,THE CLATTERBRIDGE CANCER CENTRE NHS FOUNDATION TRUST,C_160,Plastic Surgery Service, -   , -   , -   ,-,-,0,0
Y62,REN,THE CLATTERBRIDGE CANCER CENTRE NHS FOUNDATION TRUST,C_170,Cardiothoracic Surgery Service, -   , -   , -   ,-,-,0,0
Y62,REN,THE CLATTERBRIDGE CANCER CENTRE NHS FOUNDATION TRUST,C_300,General Internal Medicine Service, -   , -   , -   ,-,-,0,0
Y62,REN,THE CLATTERBRIDGE CANCER CENTRE NHS FOUNDATION TRUST,C_301,Gastroenterology Service, -   , -   , -   ,-,-,0,0
Y62,REN,THE CLATTERBRIDGE CANCER CENTRE NHS FOUNDATION TRUST,C_320,Cardiology Service, -   , -   , -   ,-,-,0,0
Y62,REN,THE CLATTERBRIDGE CANCER CENTRE NHS FOUNDATION TRUST,C_330,Dermatology Service, -   , -   , -   ,-,-,0,0
Y62,REN,THE CLATTERBRIDGE CANCER CENTRE NHS FOUNDATION TRUST,C_340,Respiratory Medicine Service, -   , -   , -   ,-,-,0,0
Y62,REN,THE CLATTERBRIDGE CANCER CENTRE NHS FOUNDATION TRUST,C_400,Neurology Service, -   , -   , -   ,-,-,0,0
Y62,REN,THE CLATTERBRIDGE CANCER CENTRE NHS FOUNDATION TRUST,C_410,Rheumatology Service, -   , -   , -   ,-,-,0,0
Y62,REN,THE CLATTERBRIDGE CANCER CENTRE NHS FOUNDATION TRUST,C_430,Elderly Medicine Service, -   , -   , -   ,-,-,0,0
Y62,REN,THE CLATTERBRIDGE CANCER CENTRE NHS FOUNDATION TRUST,C_502,Gynaecology Service, -   , -   , -   ,-,-,0,0
Y62,REN,THE CLATTERBRIDGE CANCER CENTRE NHS FOUNDATION TRUST,X02,Other - Medical Services,439,429,97.70%,5.4,15.1,0,0
Y62,REN,THE CLATTERBRIDGE CANCER CENTRE NHS FOUNDATION TRUST,X03,Other - Mental Health Services, -   , -   , -   ,-,-,0,0
Y62,REN,THE CLATTERBRIDGE CANCER CENTRE NHS FOUNDATION TRUST,X04,Other - Paediatric Services, -   , -   , -   ,-,-,0,0
Y62,REN,THE CLATTERBRIDGE CANCER CENTRE NHS FOUNDATION TRUST,X05,Other - Surgical Services, -   , -   , -   ,-,-,0,0
Y62,REN,THE CLATTERBRIDGE CANCER CENTRE NHS FOUNDATION TRUST,X06,Other - Other Services,425,408,96.00%,7.2,16.5,0,0
Y62,REP,LIVERPOOL WOMEN'S NHS FOUNDATION TRUST,C_100,General Surgery Service, -   , -   , -   ,-,-,0,0
Y62,REP,LIVERPOOL WOMEN'S NHS FOUNDATION TRUST,C_101,Urology Service, -   , -   , -   ,-,-,0,0
Y62,REP,LIVERPOOL WOMEN'S NHS FOUNDATION TRUST,C_110,Trauma and Orthopaedic Service, -   , -   , -   ,-,-,0,0
Y62,REP,LIVERPOOL WOMEN'S NHS FOUNDATION TRUST,C_120,Ear Nose and Throat Service, -   , -   , -   ,-,-,0,0
Y62,REP,LIVERPOOL WOMEN'S NHS FOUNDATION TRUST,C_130,Ophthalmology Service, -   , -   , -   ,-,-,0,0
Y62,REP,LIVERPOOL WOMEN'S NHS FOUNDATION TRUST,C_140,Oral Surgery Service, -   , -   , -   ,-,-,0,0
Y62,REP,LIVERPOOL WOMEN'S NHS FOUNDATION TRUST,C_150,Neurosurgical Service, -   , -   , -   ,-,-,0,0
Y62,REP,LIVERPOOL WOMEN'S NHS FOUNDATION TRUST,C_160,Plastic Surgery Service, -   , -   , -   ,-,-,0,0
Y62,REP,LIVERPOOL WOMEN'S NHS FOUNDATION TRUST,C_170,Cardiothoracic Surgery Service, -   , -   , -   ,-,-,0,0
Y62,REP,LIVERPOOL WOMEN'S NHS FOUNDATION TRUST,C_300,General Internal Medicine Service, -   , -   , -   ,-,-,0,0
Y62,REP,LIVERPOOL WOMEN'S NHS FOUNDATION TRUST,C_301,Gastroenterology Service, -   , -   , -   ,-,-,0,0
Y62,REP,LIVERPOOL WOMEN'S NHS FOUNDATION TRUST,C_320,Cardiology Service, -   , -   , -   ,-,-,0,0
Y62,REP,LIVERPOOL WOMEN'S NHS FOUNDATION TRUST,C_330,Dermatology Service, -   , -   , -   ,-,-,0,0
Y62,REP,LIVERPOOL WOMEN'S NHS FOUNDATION TRUST,C_340,Respiratory Medicine Service, -   , -   , -   ,-,-,0,0
Y62,REP,LIVERPOOL WOMEN'S NHS FOUNDATION TRUST,C_400,Neurology Service, -   , -   , -   ,-,-,0,0
Y62,REP,LIVERPOOL WOMEN'S NHS FOUNDATION TRUST,C_410,Rheumatology Service, -   , -   , -   ,-,-,0,0
Y62,REP,LIVERPOOL WOMEN'S NHS FOUNDATION TRUST,C_430,Elderly Medicine Service, -   , -   , -   ,-,-,0,0
Y62,REP,LIVERPOOL WOMEN'S NHS FOUNDATION TRUST,C_502,Gynaecology Service,"15,941","6,947",43.60%,22.1,58.1,"2,095",40
Y62,REP,LIVERPOOL WOMEN'S NHS FOUNDATION TRUST,X02,Other - Medical Services, -   , -   , -   ,-,-,0,0
Y62,REP,LIVERPOOL WOMEN'S NHS FOUNDATION TRUST,X03,Other - Mental Health Services, -   , -   , -   ,-,-,0,0
Y62,REP,LIVERPOOL WOMEN'S NHS FOUNDATION TRUST,X04,Other - Paediatric Services, -   , -   , -   ,-,-,0,0
Y62,REP,LIVERPOOL WOMEN'S NHS FOUNDATION TRUST,X05,Other - Surgical Services, -   , -   , -   ,-,-,0,0
Y62,REP,LIVERPOOL WOMEN'S NHS FOUNDATION TRUST,X06,Other - Other Services,"1,027",907,88.30%,6.8,22.4,2,0
Y62,RET,THE WALTON CENTRE NHS FOUNDATION TRUST,C_100,General Surgery Service, -   , -   , -   ,-,-,0,0
Y62,RET,THE WALTON CENTRE NHS FOUNDATION TRUST,C_101,Urology Service, -   , -   , -   ,-,-,0,0
Y62,RET,THE WALTON CENTRE NHS FOUNDATION TRUST,C_110,Trauma and Orthopaedic Service, -   , -   , -   ,-,-,0,0
Y62,RET,THE WALTON CENTRE NHS FOUNDATION TRUST,C_120,Ear Nose and Throat Service, -   , -   , -   ,-,-,0,0
Y62,RET,THE WALTON CENTRE NHS FOUNDATION TRUST,C_130,Ophthalmology Service,27,18,66.70%,9,24.9,0,0
Y62,RET,THE WALTON CENTRE NHS FOUNDATION TRUST,C_140,Oral Surgery Service, -   , -   , -   ,-,-,0,0
Y62,RET,THE WALTON CENTRE NHS FOUNDATION TRUST,C_150,Neurosurgical Service,"3,339","2,393",71.70%,10.6,28.1,47,5
Y62,RET,THE WALTON CENTRE NHS FOUNDATION TRUST,C_160,Plastic Surgery Service, -   , -   , -   ,-,-,0,0
Y62,RET,THE WALTON CENTRE NHS FOUNDATION TRUST,C_170,Cardiothoracic Surgery Service, -   , -   , -   ,-,-,0,0
Y62,RET,THE WALTON CENTRE NHS FOUNDATION TRUST,C_300,General Internal Medicine Service, -   , -   , -   ,-,-,0,0
Y62,RET,THE WALTON CENTRE NHS FOUNDATION TRUST,C_301,Gastroenterology Service, -   , -   , -   ,-,-,0,0
Y62,RET,THE WALTON CENTRE NHS FOUNDATION TRUST,C_320,Cardiology Service, -   , -   , -   ,-,-,0,0
Y62,RET,THE WALTON CENTRE NHS FOUNDATION TRUST,C_330,Dermatology Service, -   , -   , -   ,-,-,0,0
Y62,RET,THE WALTON CENTRE NHS FOUNDATION TRUST,C_340,Respiratory Medicine Service, -   , -   , -   ,-,-,0,0
Y62,RET,THE WALTON CENTRE NHS FOUNDATION TRUST,C_400,Neurology Service,"6,137","5,591",91.10%,6.7,18.5,0,0
Y62,RET,THE WALTON CENTRE NHS FOUNDATION TRUST,C_410,Rheumatology Service, -   , -   , -   ,-,-,0,0
Y62,RET,THE WALTON CENTRE NHS FOUNDATION TRUST,C_430,Elderly Medicine Service, -   , -   , -   ,-,-,0,0
Y62,RET,THE WALTON CENTRE NHS FOUNDATION TRUST,C_502,Gynaecology Service, -   , -   , -   ,-,-,0,0
Y62,RET,THE WALTON CENTRE NHS FOUNDATION TRUST,X02,Other - Medical Services,"2,346","1,701",72.50%,10.9,33.5,65,0
Y62,RET,THE WALTON CENTRE NHS FOUNDATION TRUST,X03,Other - Mental Health Services,6,6,100.00%,-,-,0,0
Y62,RET,THE WALTON CENTRE NHS FOUNDATION TRUST,X04,Other - Paediatric Services, -   , -   , -   ,-,-,0,0
Y62,RET,THE WALTON CENTRE NHS FOUNDATION TRUST,X05,Other - Surgical Services,363,184,50.70%,17.7,53,30,3
Y62,RET,THE WALTON CENTRE NHS FOUNDATION TRUST,X06,Other - Other Services, -   , -   , -   ,-,-,0,0
Y62,RJN,EAST CHESHIRE NHS TRUST,C_100,General Surgery Service,"1,072",836,78.00%,9,37.5,26,0
Y62,RJN,EAST CHESHIRE NHS TRUST,C_101,Urology Service,299,256,85.60%,5.9,24.7,3,0
Y62,RJN,EAST CHESHIRE NHS TRUST,C_110,Trauma and Orthopaedic Service,"1,494",722,48.30%,18.7,55.1,143,38
Y62,RJN,EAST CHESHIRE NHS TRUST,C_120,Ear Nose and Throat Service,907,613,67.60%,11.7,27.9,7,0
Y62,RJN,EAST CHESHIRE NHS TRUST,C_130,Ophthalmology Service,"1,345","1,063",79.00%,10.8,25.2,8,1
Y62,RJN,EAST CHESHIRE NHS TRUST,C_140,Oral Surgery Service, -   , -   , -   ,-,-,0,0
Y62,RJN,EAST CHESHIRE NHS TRUST,C_150,Neurosurgical Service, -   , -   , -   ,-,-,0,0
Y62,RJN,EAST CHESHIRE NHS TRUST,C_160,Plastic Surgery Service,55,46,83.60%,6,26.6,0,0
Y62,RJN,EAST CHESHIRE NHS TRUST,C_170,Cardiothoracic Surgery Service, -   , -   , -   ,-,-,0,0
Y62,RJN,EAST CHESHIRE NHS TRUST,C_300,General Internal Medicine Service,2,2,100.00%,-,-,0,0
Y62,RJN,EAST CHESHIRE NHS TRUST,C_301,Gastroenterology Service,"1,212",716,59.10%,14,53.4,102,3
Y62,RJN,EAST CHESHIRE NHS TRUST,C_320,Cardiology Service,598,350,58.50%,14.9,37.9,4,0
Y62,RJN,EAST CHESHIRE NHS TRUST,C_330,Dermatology Service, -   , -   , -   ,-,-,0,0
Y62,RJN,EAST CHESHIRE NHS TRUST,C_340,Respiratory Medicine Service,223,174,78.00%,9.4,28.4,1,0
Y62,RJN,EAST CHESHIRE NHS TRUST,C_400,Neurology Service, -   , -   , -   ,-,-,0,0
Y62,RJN,EAST CHESHIRE NHS TRUST,C_410,Rheumatology Service, -   , -   , -   ,-,-,0,0
Y62,RJN,EAST CHESHIRE NHS TRUST,C_430,Elderly Medicine Service,52,48,92.30%,8.2,16.9,0,0
Y62,RJN,EAST CHESHIRE NHS TRUST,C_502,Gynaecology Service,926,747,80.70%,8.4,25.2,6,0
Y62,RJN,EAST CHESHIRE NHS TRUST,X02,Other - Medical Services,507,392,77.30%,10.7,28.3,2,0
Y62,RJN,EAST CHESHIRE NHS TRUST,X03,Other - Mental Health Services, -   , -   , -   ,-,-,0,0
Y62,RJN,EAST CHESHIRE NHS TRUST,X04,Other - Paediatric Services,38,35,92.10%,8.8,17,0,0
Y62,RJN,EAST CHESHIRE NHS TRUST,X05,Other - Surgical Services,608,375,61.70%,12,42.3,13,0
Y62,RJN,EAST CHESHIRE NHS TRUST,X06,Other - Other Services,402,402,100.00%,3.5,9.4,0,0
Y62,RJR,COUNTESS OF CHESTER HOSPITAL NHS FOUNDATION TRUST,C_100,General Surgery Service,"2,089",734,35.10%,31.5,66.1,591,16
Y62,RJR,COUNTESS OF CHESTER HOSPITAL NHS FOUNDATION TRUST,C_101,Urology Service,"1,973",750,38.00%,25.6,67.4,370,48
Y62,RJR,COUNTESS OF CHESTER HOSPITAL NHS FOUNDATION TRUST,C_110,Trauma and Orthopaedic Service,"2,513","1,014",40.40%,23.4,61.4,423,24
Y62,RJR,COUNTESS OF CHESTER HOSPITAL NHS FOUNDATION TRUST,C_120,Ear Nose and Throat Service,"5,141","1,769",34.40%,27.3,59.3,777,9
Y62,RJR,COUNTESS OF CHESTER HOSPITAL NHS FOUNDATION TRUST,C_130,Ophthalmology Service,"3,908","1,444",36.90%,25.7,60.7,537,40
Y62,RJR,COUNTESS OF CHESTER HOSPITAL NHS FOUNDATION TRUST,C_140,Oral Surgery Service,"2,219",668,30.10%,30.6,69.5,485,65
Y62,RJR,COUNTESS OF CHESTER HOSPITAL NHS FOUNDATION TRUST,C_150,Neurosurgical Service, -   , -   , -   ,-,-,0,0
Y62,RJR,COUNTESS OF CHESTER HOSPITAL NHS FOUNDATION TRUST,C_160,Plastic Surgery Service,"1,557",550,35.30%,26.8,59.4,214,5
Y62,RJR,COUNTESS OF CHESTER HOSPITAL NHS FOUNDATION TRUST,C_170,Cardiothoracic Surgery Service, -   , -   , -   ,-,-,0,0
Y62,RJR,COUNTESS OF CHESTER HOSPITAL NHS FOUNDATION TRUST,C_300,General Internal Medicine Service,131,45,34.40%,24,40.8,0,0
Y62,RJR,COUNTESS OF CHESTER HOSPITAL NHS FOUNDATION TRUST,C_301,Gastroenterology Service,"1,521",594,39.10%,25,53,139,1
Y62,RJR,COUNTESS OF CHESTER HOSPITAL NHS FOUNDATION TRUST,C_320,Cardiology Service,905,691,76.40%,11.3,25.5,2,0
Y62,RJR,COUNTESS OF CHESTER HOSPITAL NHS FOUNDATION TRUST,C_330,Dermatology Service,"2,321","1,286",55.40%,15.1,46.3,64,0
Y62,RJR,COUNTESS OF CHESTER HOSPITAL NHS FOUNDATION TRUST,C_340,Respiratory Medicine Service,"1,547",773,50.00%,18,45.3,39,1
Y62,RJR,COUNTESS OF CHESTER HOSPITAL NHS FOUNDATION TRUST,C_400,Neurology Service, -   , -   , -   ,-,-,0,0
Y62,RJR,COUNTESS OF CHESTER HOSPITAL NHS FOUNDATION TRUST,C_410,Rheumatology Service,930,404,43.40%,21.2,48.5,42,0
Y62,RJR,COUNTESS OF CHESTER HOSPITAL NHS FOUNDATION TRUST,C_430,Elderly Medicine Service,149,114,76.50%,7.9,33.5,2,0
Y62,RJR,COUNTESS OF CHESTER HOSPITAL NHS FOUNDATION TRUST,C_502,Gynaecology Service,"3,747","1,393",37.20%,27.8,69.3,853,86
Y62,RJR,COUNTESS OF CHESTER HOSPITAL NHS FOUNDATION TRUST,X02,Other - Medical Services,"3,118","1,717",55.10%,15.6,46.7,152,5
Y62,RJR,COUNTESS OF CHESTER HOSPITAL NHS FOUNDATION TRUST,X03,Other - Mental Health Services, -   , -   , -   ,-,-,0,0
Y62,RJR,COUNTESS OF CHESTER HOSPITAL NHS FOUNDATION TRUST,X04,Other - Paediatric Services,628,378,60.20%,14.8,36.3,2,0
Y62,RJR,COUNTESS OF CHESTER HOSPITAL NHS FOUNDATION TRUST,X05,Other - Surgical Services,"5,498","2,947",53.60%,16,49.2,335,14
Y62,RJR,COUNTESS OF CHESTER HOSPITAL NHS FOUNDATION TRUST,X06,Other - Other Services,329,219,66.60%,12.6,51.8,26,3
Y62,RM3,NORTHERN CARE ALLIANCE NHS FOUNDATION TRUST,C_100,General Surgery Service,"4,804","2,187",45.50%,20.7,56.4,504,84
Y62,RM3,NORTHERN CARE ALLIANCE NHS FOUNDATION TRUST,C_101,Urology Service,"7,344","3,608",49.10%,18.4,49.7,505,32
Y62,RM3,NORTHERN CARE ALLIANCE NHS FOUNDATION TRUST,C_110,Trauma and Orthopaedic Service,"18,435","8,539",46.30%,20.4,60.9,"2,397",318
Y62,RM3,NORTHERN CARE ALLIANCE NHS FOUNDATION TRUST,C_120,Ear Nose and Throat Service,"13,458","6,148",45.70%,20.3,54.9,"1,297",99
Y62,RM3,NORTHERN CARE ALLIANCE NHS FOUNDATION TRUST,C_130,Ophthalmology Service,"7,555","4,079",54.00%,16.2,39.6,53,1
Y62,RM3,NORTHERN CARE ALLIANCE NHS FOUNDATION TRUST,C_140,Oral Surgery Service,"2,416",926,38.30%,25.3,64.9,385,70
Y62,RM3,NORTHERN CARE ALLIANCE NHS FOUNDATION TRUST,C_150,Neurosurgical Service,"10,180","4,087",40.10%,21.4,48.3,610,94
Y62,RM3,NORTHERN CARE ALLIANCE NHS FOUNDATION TRUST,C_160,Plastic Surgery Service,399,253,63.40%,11.9,44.4,19,4
Y62,RM3,NORTHERN CARE ALLIANCE NHS FOUNDATION TRUST,C_170,Cardiothoracic Surgery Service,24,17,70.80%,6.5,49,0,0
Y62,RM3,NORTHERN CARE ALLIANCE NHS FOUNDATION TRUST,C_300,General Internal Medicine Service,589,496,84.20%,8,27.3,1,0
Y62,RM3,NORTHERN CARE ALLIANCE NHS FOUNDATION TRUST,C_301,Gastroenterology Service,"10,504","5,842",55.60%,15.7,43,378,8
Y62,RM3,NORTHERN CARE ALLIANCE NHS FOUNDATION TRUST,C_320,Cardiology Service,"5,251","3,081",58.70%,14.4,39.3,57,0
Y62,RM3,NORTHERN CARE ALLIANCE NHS FOUNDATION TRUST,C_330,Dermatology Service,"17,168","8,802",51.30%,17,68.5,"3,546",565
Y62,RM3,NORTHERN CARE ALLIANCE NHS FOUNDATION TRUST,C_340,Respiratory Medicine Service,"2,042","1,428",69.90%,11.5,28.8,4,2
Y62,RM3,NORTHERN CARE ALLIANCE NHS FOUNDATION TRUST,C_400,Neurology Service,"19,263","9,468",49.20%,18.4,57.8,"2,420",4
Y62,RM3,NORTHERN CARE ALLIANCE NHS FOUNDATION TRUST,C_410,Rheumatology Service,"2,703","1,727",63.90%,13.2,35.3,3,0
Y62,RM3,NORTHERN CARE ALLIANCE NHS FOUNDATION TRUST,C_430,Elderly Medicine Service,261,247,94.60%,8,16.6,0,0
Y62,RM3,NORTHERN CARE ALLIANCE NHS FOUNDATION TRUST,C_502,Gynaecology Service,"10,527","4,584",43.50%,22.2,60,"1,462",168
Y62,RM3,NORTHERN CARE ALLIANCE NHS FOUNDATION TRUST,X02,Other - Medical Services,"5,370","4,403",82.00%,8.8,25.2,9,0
Y62,RM3,NORTHERN CARE ALLIANCE NHS FOUNDATION TRUST,X03,Other - Mental Health Services, -   , -   , -   ,-,-,0,0
Y62,RM3,NORTHERN CARE ALLIANCE NHS FOUNDATION TRUST,X04,Other - Paediatric Services,"7,351","3,697",50.30%,17.8,64.1,"1,033",109
Y62,RM3,NORTHERN CARE ALLIANCE NHS FOUNDATION TRUST,X05,Other - Surgical Services,"11,148","6,579",59.00%,14.6,49.4,765,102
Y62,RM3,NORTHERN CARE ALLIANCE NHS FOUNDATION TRUST,X06,Other - Other Services,128,55,43.00%,20.6,46.4,7,1
Y62,RMC,BOLTON NHS FOUNDATION TRUST,C_100,General Surgery Service,"3,802","2,456",64.60%,10.8,52.3,308,39
Y62,RMC,BOLTON NHS FOUNDATION TRUST,C_101,Urology Service,"1,837","1,113",60.60%,13.7,45.8,114,7
Y62,RMC,BOLTON NHS FOUNDATION TRUST,C_110,Trauma and Orthopaedic Service,"4,114","2,649",64.40%,12.7,43.3,190,19
Y62,RMC,BOLTON NHS FOUNDATION TRUST,C_120,Ear Nose and Throat Service,"3,413","2,072",60.70%,14.6,48,222,23
Y62,RMC,BOLTON NHS FOUNDATION TRUST,C_130,Ophthalmology Service,"6,705","3,391",50.60%,17.7,56.9,743,1
Y62,RMC,BOLTON NHS FOUNDATION TRUST,C_140,Oral Surgery Service,"1,881","1,171",62.30%,12.4,49.6,135,22
Y62,RMC,BOLTON NHS FOUNDATION TRUST,C_150,Neurosurgical Service, -   , -   , -   ,-,-,0,0
Y62,RMC,BOLTON NHS FOUNDATION TRUST,C_160,Plastic Surgery Service,560,280,50.00%,18.1,61.7,75,2
Y62,RMC,BOLTON NHS FOUNDATION TRUST,C_170,Cardiothoracic Surgery Service,7,2,28.60%,-,-,0,0
Y62,RMC,BOLTON NHS FOUNDATION TRUST,C_300,General Internal Medicine Service, -   , -   , -   ,-,-,0,0
Y62,RMC,BOLTON NHS FOUNDATION TRUST,C_301,Gastroenterology Service,"1,972","1,309",66.40%,12,32.5,2,0
Y62,RMC,BOLTON NHS FOUNDATION TRUST,C_320,Cardiology Service,"2,464","1,503",61.00%,14.4,40.3,47,1
Y62,RMC,BOLTON NHS FOUNDATION TRUST,C_330,Dermatology Service,"2,112","1,618",76.60%,10.8,26.3,0,0
Y62,RMC,BOLTON NHS FOUNDATION TRUST,C_340,Respiratory Medicine Service,"1,079",788,73.00%,10.4,29.7,5,0
Y62,RMC,BOLTON NHS FOUNDATION TRUST,C_400,Neurology Service,50,46,92.00%,7.9,18,0,0
Y62,RMC,BOLTON NHS FOUNDATION TRUST,C_410,Rheumatology Service,"1,008",581,57.60%,14.9,37.5,8,0
Y62,RMC,BOLTON NHS FOUNDATION TRUST,C_430,Elderly Medicine Service,117,107,91.50%,5,18.2,0,0
Y62,RMC,BOLTON NHS FOUNDATION TRUST,C_502,Gynaecology Service,"2,094","1,290",61.60%,13.5,54.6,180,22
Y62,RMC,BOLTON NHS FOUNDATION TRUST,X02,Other - Medical Services,"3,841","2,376",61.90%,14,29.1,8,0
Y62,RMC,BOLTON NHS FOUNDATION TRUST,X03,Other - Mental Health Services, -   , -   , -   ,-,-,0,0
Y62,RMC,BOLTON NHS FOUNDATION TRUST,X04,Other - Paediatric Services,510,255,50.00%,18,58.7,55,8
Y62,RMC,BOLTON NHS FOUNDATION TRUST,X05,Other - Surgical Services,448,316,70.50%,11.3,31.6,12,0
Y62,RMC,BOLTON NHS FOUNDATION TRUST,X06,Other - Other Services,125,124,99.20%,5.2,13,0,0
Y62,RMP,TAMESIDE AND GLOSSOP INTEGRATED CARE NHS FOUNDATION TRUST,C_100,General Surgery Service,"1,719","1,152",67.00%,11.2,31.2,7,0
Y62,RMP,TAMESIDE AND GLOSSOP INTEGRATED CARE NHS FOUNDATION TRUST,C_101,Urology Service,"1,186",690,58.20%,14.1,37.4,4,0
Y62,RMP,TAMESIDE AND GLOSSOP INTEGRATED CARE NHS FOUNDATION TRUST,C_110,Trauma and Orthopaedic Service,"2,577","1,263",49.00%,18.9,56.3,287,49
Y62,RMP,TAMESIDE AND GLOSSOP INTEGRATED CARE NHS FOUNDATION TRUST,C_120,Ear Nose and Throat Service,"1,687","1,192",70.70%,11.6,26.4,7,0
Y62,RMP,TAMESIDE AND GLOSSOP INTEGRATED CARE NHS FOUNDATION TRUST,C_130,Ophthalmology Service,616,66,10.70%,41.6,56.8,135,2
Y62,RMP,TAMESIDE AND GLOSSOP INTEGRATED CARE NHS FOUNDATION TRUST,C_140,Oral Surgery Service,"1,192",747,62.70%,14.3,35.6,8,1
Y62,RMP,TAMESIDE AND GLOSSOP INTEGRATED CARE NHS FOUNDATION TRUST,C_150,Neurosurgical Service, -   , -   , -   ,-,-,0,0
Y62,RMP,TAMESIDE AND GLOSSOP INTEGRATED CARE NHS FOUNDATION TRUST,C_160,Plastic Surgery Service, -   , -   , -   ,-,-,0,0
Y62,RMP,TAMESIDE AND GLOSSOP INTEGRATED CARE NHS FOUNDATION TRUST,C_170,Cardiothoracic Surgery Service,11,5,45.50%,-,-,0,0
Y62,RMP,TAMESIDE AND GLOSSOP INTEGRATED CARE NHS FOUNDATION TRUST,C_300,General Internal Medicine Service,210,157,74.80%,7.7,31.6,1,0
Y62,RMP,TAMESIDE AND GLOSSOP INTEGRATED CARE NHS FOUNDATION TRUST,C_301,Gastroenterology Service,601,526,87.50%,3.8,24.4,4,0
Y62,RMP,TAMESIDE AND GLOSSOP INTEGRATED CARE NHS FOUNDATION TRUST,C_320,Cardiology Service,"1,170",982,83.90%,7.9,22.8,3,1
Y62,RMP,TAMESIDE AND GLOSSOP INTEGRATED CARE NHS FOUNDATION TRUST,C_330,Dermatology Service,"2,705","1,278",47.20%,20.1,55.4,299,0
Y62,RMP,TAMESIDE AND GLOSSOP INTEGRATED CARE NHS FOUNDATION TRUST,C_340,Respiratory Medicine Service,487,361,74.10%,8.3,32,4,0
Y62,RMP,TAMESIDE AND GLOSSOP INTEGRATED CARE NHS FOUNDATION TRUST,C_400,Neurology Service, -   , -   , -   ,-,-,0,0
Y62,RMP,TAMESIDE AND GLOSSOP INTEGRATED CARE NHS FOUNDATION TRUST,C_410,Rheumatology Service,117,102,87.20%,3.4,21.6,0,0
Y62,RMP,TAMESIDE AND GLOSSOP INTEGRATED CARE NHS FOUNDATION TRUST,C_430,Elderly Medicine Service,2,2,100.00%,-,-,0,0
Y62,RMP,TAMESIDE AND GLOSSOP INTEGRATED CARE NHS FOUNDATION TRUST,C_502,Gynaecology Service,"2,514","1,427",56.80%,14.9,45.1,130,8
Y62,RMP,TAMESIDE AND GLOSSOP INTEGRATED CARE NHS FOUNDATION TRUST,X02,Other - Medical Services,741,512,69.10%,11.8,28.5,8,0
Y62,RMP,TAMESIDE AND GLOSSOP INTEGRATED CARE NHS FOUNDATION TRUST,X03,Other - Mental Health Services, -   , -   , -   ,-,-,0,0
Y62,RMP,TAMESIDE AND GLOSSOP INTEGRATED CARE NHS FOUNDATION TRUST,X04,Other - Paediatric Services,"1,411","1,103",78.20%,9.5,26.4,3,2
Y62,RMP,TAMESIDE AND GLOSSOP INTEGRATED CARE NHS FOUNDATION TRUST,X05,Other - Surgical Services,729,606,83.10%,8.9,21.7,9,1
Y62,RMP,TAMESIDE AND GLOSSOP INTEGRATED CARE NHS FOUNDATION TRUST,X06,Other - Other Services, -   , -   , -   ,-,-,0,0
Y62,RRF,"WRIGHTINGTON, WIGAN AND LEIGH NHS FOUNDATION TRUST",C_100,General Surgery Service,"1,698",916,53.90%,15.9,53,140,28
Y62,RRF,"WRIGHTINGTON, WIGAN AND LEIGH NHS FOUNDATION TRUST",C_101,Urology Service,"2,830","1,739",61.40%,14.3,41.4,117,22
Y62,RRF,"WRIGHTINGTON, WIGAN AND LEIGH NHS FOUNDATION TRUST",C_110,Trauma and Orthopaedic Service,"7,478","4,240",56.70%,15.4,48.4,458,63
Y62,RRF,"WRIGHTINGTON, WIGAN AND LEIGH NHS FOUNDATION TRUST",C_120,Ear Nose and Throat Service,"3,606","2,016",55.90%,15.6,38.9,80,1
Y62,RRF,"WRIGHTINGTON, WIGAN AND LEIGH NHS FOUNDATION TRUST",C_130,Ophthalmology Service,"2,201","1,631",74.10%,9.4,39.4,80,12
Y62,RRF,"WRIGHTINGTON, WIGAN AND LEIGH NHS FOUNDATION TRUST",C_140,Oral Surgery Service,"1,127",883,78.30%,10,30.5,18,1
Y62,RRF,"WRIGHTINGTON, WIGAN AND LEIGH NHS FOUNDATION TRUST",C_150,Neurosurgical Service,23,11,47.80%,18.2,42.2,0,0
Y62,RRF,"WRIGHTINGTON, WIGAN AND LEIGH NHS FOUNDATION TRUST",C_160,Plastic Surgery Service,529,329,62.20%,14.2,32.4,2,0
Y62,RRF,"WRIGHTINGTON, WIGAN AND LEIGH NHS FOUNDATION TRUST",C_170,Cardiothoracic Surgery Service,56,26,46.40%,21.5,45.5,0,0
Y62,RRF,"WRIGHTINGTON, WIGAN AND LEIGH NHS FOUNDATION TRUST",C_300,General Internal Medicine Service,698,325,46.60%,19.9,46.5,15,0
Y62,RRF,"WRIGHTINGTON, WIGAN AND LEIGH NHS FOUNDATION TRUST",C_301,Gastroenterology Service,"4,084","2,365",57.90%,14.3,54.9,374,113
Y62,RRF,"WRIGHTINGTON, WIGAN AND LEIGH NHS FOUNDATION TRUST",C_320,Cardiology Service,"2,570","1,216",47.30%,19.5,48,78,0
Y62,RRF,"WRIGHTINGTON, WIGAN AND LEIGH NHS FOUNDATION TRUST",C_330,Dermatology Service,"1,284",765,59.60%,7.6,63.2,456,0
Y62,RRF,"WRIGHTINGTON, WIGAN AND LEIGH NHS FOUNDATION TRUST",C_340,Respiratory Medicine Service,"1,700",831,48.90%,18.5,43.4,48,0
Y62,RRF,"WRIGHTINGTON, WIGAN AND LEIGH NHS FOUNDATION TRUST",C_400,Neurology Service,1,1,100.00%,-,-,0,0
Y62,RRF,"WRIGHTINGTON, WIGAN AND LEIGH NHS FOUNDATION TRUST",C_410,Rheumatology Service,501,483,96.40%,7,15.3,0,0
Y62,RRF,"WRIGHTINGTON, WIGAN AND LEIGH NHS FOUNDATION TRUST",C_430,Elderly Medicine Service,334,218,65.30%,14.6,34.4,1,0
Y62,RRF,"WRIGHTINGTON, WIGAN AND LEIGH NHS FOUNDATION TRUST",C_502,Gynaecology Service,"4,109","1,975",48.10%,19.1,59.5,581,22
Y62,RRF,"WRIGHTINGTON, WIGAN AND LEIGH NHS FOUNDATION TRUST",X02,Other - Medical Services,"1,313",724,55.10%,15.2,44.6,36,0
Y62,RRF,"WRIGHTINGTON, WIGAN AND LEIGH NHS FOUNDATION TRUST",X03,Other - Mental Health Services, -   , -   , -   ,-,-,0,0
Y62,RRF,"WRIGHTINGTON, WIGAN AND LEIGH NHS FOUNDATION TRUST",X04,Other - Paediatric Services,"3,475","1,833",52.70%,17.1,39.9,65,1
Y62,RRF,"WRIGHTINGTON, WIGAN AND LEIGH NHS FOUNDATION TRUST",X05,Other - Surgical Services,"4,451","2,931",65.90%,11.8,37.7,94,8
Y62,RRF,"WRIGHTINGTON, WIGAN AND LEIGH NHS FOUNDATION TRUST",X06,Other - Other Services,57,47,82.50%,6.7,24.2,1,0
Y62,RTX,UNIVERSITY HOSPITALS OF MORECAMBE BAY NHS FOUNDATION TRUST,C_100,General Surgery Service,"1,990","1,208",60.70%,13.3,53.3,172,15
Y62,RTX,UNIVERSITY HOSPITALS OF MORECAMBE BAY NHS FOUNDATION TRUST,C_101,Urology Service,"1,997","1,162",58.20%,14,44.8,64,2
Y62,RTX,UNIVERSITY HOSPITALS OF MORECAMBE BAY NHS FOUNDATION TRUST,C_110,Trauma and Orthopaedic Service,"5,464","2,747",50.30%,17.9,52,438,57
Y62,RTX,UNIVERSITY HOSPITALS OF MORECAMBE BAY NHS FOUNDATION TRUST,C_120,Ear Nose and Throat Service,"2,193","1,689",77.00%,9.6,31.3,24,5
Y62,RTX,UNIVERSITY HOSPITALS OF MORECAMBE BAY NHS FOUNDATION TRUST,C_130,Ophthalmology Service,"1,932","1,814",93.90%,4.8,16.5,3,0
Y62,RTX,UNIVERSITY HOSPITALS OF MORECAMBE BAY NHS FOUNDATION TRUST,C_140,Oral Surgery Service,"1,262",947,75.00%,9.6,30.6,8,1
Y62,RTX,UNIVERSITY HOSPITALS OF MORECAMBE BAY NHS FOUNDATION TRUST,C_150,Neurosurgical Service, -   , -   , -   ,-,-,0,0
Y62,RTX,UNIVERSITY HOSPITALS OF MORECAMBE BAY NHS FOUNDATION TRUST,C_160,Plastic Surgery Service,145,131,90.30%,4.9,18.6,0,0
Y62,RTX,UNIVERSITY HOSPITALS OF MORECAMBE BAY NHS FOUNDATION TRUST,C_170,Cardiothoracic Surgery Service,10,10,100.00%,-,-,0,0
Y62,RTX,UNIVERSITY HOSPITALS OF MORECAMBE BAY NHS FOUNDATION TRUST,C_300,General Internal Medicine Service,30,29,96.70%,9.5,16.8,0,0
Y62,RTX,UNIVERSITY HOSPITALS OF MORECAMBE BAY NHS FOUNDATION TRUST,C_301,Gastroenterology Service,"1,920","1,256",65.40%,11.9,36.3,19,0
Y62,RTX,UNIVERSITY HOSPITALS OF MORECAMBE BAY NHS FOUNDATION TRUST,C_320,Cardiology Service,954,789,82.70%,8.6,23.4,0,0
Y62,RTX,UNIVERSITY HOSPITALS OF MORECAMBE BAY NHS FOUNDATION TRUST,C_330,Dermatology Service,"1,801","1,517",84.20%,6.3,23.9,0,0
Y62,RTX,UNIVERSITY HOSPITALS OF MORECAMBE BAY NHS FOUNDATION TRUST,C_340,Respiratory Medicine Service,419,331,79.00%,10,26.2,1,0
Y62,RTX,UNIVERSITY HOSPITALS OF MORECAMBE BAY NHS FOUNDATION TRUST,C_400,Neurology Service, -   , -   , -   ,-,-,0,0
Y62,RTX,UNIVERSITY HOSPITALS OF MORECAMBE BAY NHS FOUNDATION TRUST,C_410,Rheumatology Service,478,442,92.50%,5.1,17,1,0
Y62,RTX,UNIVERSITY HOSPITALS OF MORECAMBE BAY NHS FOUNDATION TRUST,C_430,Elderly Medicine Service,99,91,91.90%,4.4,19.1,0,0
Y62,RTX,UNIVERSITY HOSPITALS OF MORECAMBE BAY NHS FOUNDATION TRUST,C_502,Gynaecology Service,"2,039","1,349",66.20%,11.7,36.7,53,3
Y62,RTX,UNIVERSITY HOSPITALS OF MORECAMBE BAY NHS FOUNDATION TRUST,X02,Other - Medical Services,"2,154","1,574",73.10%,9.9,32.4,19,0
Y62,RTX,UNIVERSITY HOSPITALS OF MORECAMBE BAY NHS FOUNDATION TRUST,X03,Other - Mental Health Services, -   , -   , -   ,-,-,0,0
Y62,RTX,UNIVERSITY HOSPITALS OF MORECAMBE BAY NHS FOUNDATION TRUST,X04,Other - Paediatric Services,"1,512","1,219",80.60%,8.8,29.8,20,0
Y62,RTX,UNIVERSITY HOSPITALS OF MORECAMBE BAY NHS FOUNDATION TRUST,X05,Other - Surgical Services,"2,167","1,465",67.60%,10.4,42.2,83,6
Y62,RTX,UNIVERSITY HOSPITALS OF MORECAMBE BAY NHS FOUNDATION TRUST,X06,Other - Other Services,402,361,89.80%,3.6,25.9,3,0
Y62,RVY,SOUTHPORT AND ORMSKIRK HOSPITAL NHS TRUST,C_100,General Surgery Service,"2,043","1,495",73.20%,11.2,41,67,6
Y62,RVY,SOUTHPORT AND ORMSKIRK HOSPITAL NHS TRUST,C_101,Urology Service,509,408,80.20%,8.6,24.8,3,1
Y62,RVY,SOUTHPORT AND ORMSKIRK HOSPITAL NHS TRUST,C_110,Trauma and Orthopaedic Service,"2,432","2,134",87.70%,4.1,24.1,13,2
Y62,RVY,SOUTHPORT AND ORMSKIRK HOSPITAL NHS TRUST,C_120,Ear Nose and Throat Service,"1,368",855,62.50%,13.5,36.1,10,0
Y62,RVY,SOUTHPORT AND ORMSKIRK HOSPITAL NHS TRUST,C_130,Ophthalmology Service,432,331,76.60%,7.6,27.1,0,0
Y62,RVY,SOUTHPORT AND ORMSKIRK HOSPITAL NHS TRUST,C_140,Oral Surgery Service,656,586,89.30%,9.2,19.4,0,0
Y62,RVY,SOUTHPORT AND ORMSKIRK HOSPITAL NHS TRUST,C_150,Neurosurgical Service, -   , -   , -   ,-,-,0,0
Y62,RVY,SOUTHPORT AND ORMSKIRK HOSPITAL NHS TRUST,C_160,Plastic Surgery Service, -   , -   , -   ,-,-,0,0
Y62,RVY,SOUTHPORT AND ORMSKIRK HOSPITAL NHS TRUST,C_170,Cardiothoracic Surgery Service, -   , -   , -   ,-,-,0,0
Y62,RVY,SOUTHPORT AND ORMSKIRK HOSPITAL NHS TRUST,C_300,General Internal Medicine Service,369,273,74.00%,10.8,28.1,6,1
Y62,RVY,SOUTHPORT AND ORMSKIRK HOSPITAL NHS TRUST,C_301,Gastroenterology Service,417,294,70.50%,10.9,27.2,2,0
Y62,RVY,SOUTHPORT AND ORMSKIRK HOSPITAL NHS TRUST,C_320,Cardiology Service,779,508,65.20%,13.8,30.7,1,0
Y62,RVY,SOUTHPORT AND ORMSKIRK HOSPITAL NHS TRUST,C_330,Dermatology Service,"1,007",815,80.90%,5.5,26.5,0,0
Y62,RVY,SOUTHPORT AND ORMSKIRK HOSPITAL NHS TRUST,C_340,Respiratory Medicine Service,241,183,75.90%,8.8,30.2,0,0
Y62,RVY,SOUTHPORT AND ORMSKIRK HOSPITAL NHS TRUST,C_400,Neurology Service, -   , -   , -   ,-,-,0,0
Y62,RVY,SOUTHPORT AND ORMSKIRK HOSPITAL NHS TRUST,C_410,Rheumatology Service,542,336,62.00%,14.1,29.8,2,0
Y62,RVY,SOUTHPORT AND ORMSKIRK HOSPITAL NHS TRUST,C_430,Elderly Medicine Service,50,34,68.00%,12.5,27,0,0
Y62,RVY,SOUTHPORT AND ORMSKIRK HOSPITAL NHS TRUST,C_502,Gynaecology Service,"2,250","1,246",55.40%,16.1,36.9,29,2
Y62,RVY,SOUTHPORT AND ORMSKIRK HOSPITAL NHS TRUST,X02,Other - Medical Services,838,693,82.70%,10.3,21.7,0,0
Y62,RVY,SOUTHPORT AND ORMSKIRK HOSPITAL NHS TRUST,X03,Other - Mental Health Services, -   , -   , -   ,-,-,0,0
Y62,RVY,SOUTHPORT AND ORMSKIRK HOSPITAL NHS TRUST,X04,Other - Paediatric Services,426,270,63.40%,13,34.5,0,0
Y62,RVY,SOUTHPORT AND ORMSKIRK HOSPITAL NHS TRUST,X05,Other - Surgical Services,375,132,35.20%,24.7,64.8,67,9
Y62,RVY,SOUTHPORT AND ORMSKIRK HOSPITAL NHS TRUST,X06,Other - Other Services,68,64,94.10%,5.4,17.3,0,0
Y62,RW4,MERSEY CARE NHS FOUNDATION TRUST,C_100,General Surgery Service, -   , -   , -   ,-,-,0,0
Y62,RW4,MERSEY CARE NHS FOUNDATION TRUST,C_101,Urology Service, -   , -   , -   ,-,-,0,0
Y62,RW4,MERSEY CARE NHS FOUNDATION TRUST,C_110,Trauma and Orthopaedic Service, -   , -   , -   ,-,-,0,0
Y62,RW4,MERSEY CARE NHS FOUNDATION TRUST,C_120,Ear Nose and Throat Service, -   , -   , -   ,-,-,0,0
Y62,RW4,MERSEY CARE NHS FOUNDATION TRUST,C_130,Ophthalmology Service, -   , -   , -   ,-,-,0,0
Y62,RW4,MERSEY CARE NHS FOUNDATION TRUST,C_140,Oral Surgery Service, -   , -   , -   ,-,-,0,0
Y62,RW4,MERSEY CARE NHS FOUNDATION TRUST,C_150,Neurosurgical Service, -   , -   , -   ,-,-,0,0
Y62,RW4,MERSEY CARE NHS FOUNDATION TRUST,C_160,Plastic Surgery Service, -   , -   , -   ,-,-,0,0
Y62,RW4,MERSEY CARE NHS FOUNDATION TRUST,C_170,Cardiothoracic Surgery Service, -   , -   , -   ,-,-,0,0
Y62,RW4,MERSEY CARE NHS FOUNDATION TRUST,C_300,General Internal Medicine Service, -   , -   , -   ,-,-,0,0
Y62,RW4,MERSEY CARE NHS FOUNDATION TRUST,C_301,Gastroenterology Service, -   , -   , -   ,-,-,0,0
Y62,RW4,MERSEY CARE NHS FOUNDATION TRUST,C_320,Cardiology Service, -   , -   , -   ,-,-,0,0
Y62,RW4,MERSEY CARE NHS FOUNDATION TRUST,C_330,Dermatology Service, -   , -   , -   ,-,-,0,0
Y62,RW4,MERSEY CARE NHS FOUNDATION TRUST,C_340,Respiratory Medicine Service, -   , -   , -   ,-,-,0,0
Y62,RW4,MERSEY CARE NHS FOUNDATION TRUST,C_400,Neurology Service, -   , -   , -   ,-,-,0,0
Y62,RW4,MERSEY CARE NHS FOUNDATION TRUST,C_410,Rheumatology Service, -   , -   , -   ,-,-,0,0
Y62,RW4,MERSEY CARE NHS FOUNDATION TRUST,C_430,Elderly Medicine Service, -   , -   , -   ,-,-,0,0
Y62,RW4,MERSEY CARE NHS FOUNDATION TRUST,C_502,Gynaecology Service, -   , -   , -   ,-,-,0,0
Y62,RW4,MERSEY CARE NHS FOUNDATION TRUST,X02,Other - Medical Services, -   , -   , -   ,-,-,0,0
Y62,RW4,MERSEY CARE NHS FOUNDATION TRUST,X03,Other - Mental Health Services,57,57,100.00%,2.8,10.5,0,0
Y62,RW4,MERSEY CARE NHS FOUNDATION TRUST,X04,Other - Paediatric Services, -   , -   , -   ,-,-,0,0
Y62,RW4,MERSEY CARE NHS FOUNDATION TRUST,X05,Other - Surgical Services, -   , -   , -   ,-,-,0,0
Y62,RW4,MERSEY CARE NHS FOUNDATION TRUST,X06,Other - Other Services, -   , -   , -   ,-,-,0,0
Y62,RW5,LANCASHIRE & SOUTH CUMBRIA NHS FOUNDATION TRUST,C_100,General Surgery Service, -   , -   , -   ,-,-,0,0
Y62,RW5,LANCASHIRE & SOUTH CUMBRIA NHS FOUNDATION TRUST,C_101,Urology Service, -   , -   , -   ,-,-,0,0
Y62,RW5,LANCASHIRE & SOUTH CUMBRIA NHS FOUNDATION TRUST,C_110,Trauma and Orthopaedic Service,"2,434","2,082",85.50%,6.1,24.1,0,0
Y62,RW5,LANCASHIRE & SOUTH CUMBRIA NHS FOUNDATION TRUST,C_120,Ear Nose and Throat Service, -   , -   , -   ,-,-,0,0
Y62,RW5,LANCASHIRE & SOUTH CUMBRIA NHS FOUNDATION TRUST,C_130,Ophthalmology Service, -   , -   , -   ,-,-,0,0
Y62,RW5,LANCASHIRE & SOUTH CUMBRIA NHS FOUNDATION TRUST,C_140,Oral Surgery Service, -   , -   , -   ,-,-,0,0
Y62,RW5,LANCASHIRE & SOUTH CUMBRIA NHS FOUNDATION TRUST,C_150,Neurosurgical Service, -   , -   , -   ,-,-,0,0
Y62,RW5,LANCASHIRE & SOUTH CUMBRIA NHS FOUNDATION TRUST,C_160,Plastic Surgery Service, -   , -   , -   ,-,-,0,0
Y62,RW5,LANCASHIRE & SOUTH CUMBRIA NHS FOUNDATION TRUST,C_170,Cardiothoracic Surgery Service, -   , -   , -   ,-,-,0,0
Y62,RW5,LANCASHIRE & SOUTH CUMBRIA NHS FOUNDATION TRUST,C_300,General Internal Medicine Service, -   , -   , -   ,-,-,0,0
Y62,RW5,LANCASHIRE & SOUTH CUMBRIA NHS FOUNDATION TRUST,C_301,Gastroenterology Service, -   , -   , -   ,-,-,0,0
Y62,RW5,LANCASHIRE & SOUTH CUMBRIA NHS FOUNDATION TRUST,C_320,Cardiology Service, -   , -   , -   ,-,-,0,0
Y62,RW5,LANCASHIRE & SOUTH CUMBRIA NHS FOUNDATION TRUST,C_330,Dermatology Service, -   , -   , -   ,-,-,0,0
Y62,RW5,LANCASHIRE & SOUTH CUMBRIA NHS FOUNDATION TRUST,C_340,Respiratory Medicine Service, -   , -   , -   ,-,-,0,0
Y62,RW5,LANCASHIRE & SOUTH CUMBRIA NHS FOUNDATION TRUST,C_400,Neurology Service, -   , -   , -   ,-,-,0,0
Y62,RW5,LANCASHIRE & SOUTH CUMBRIA NHS FOUNDATION TRUST,C_410,Rheumatology Service,379,344,90.80%,7.9,18.6,0,0
Y62,RW5,LANCASHIRE & SOUTH CUMBRIA NHS FOUNDATION TRUST,C_430,Elderly Medicine Service, -   , -   , -   ,-,-,0,0
Y62,RW5,LANCASHIRE & SOUTH CUMBRIA NHS FOUNDATION TRUST,C_502,Gynaecology Service, -   , -   , -   ,-,-,0,0
Y62,RW5,LANCASHIRE & SOUTH CUMBRIA NHS FOUNDATION TRUST,X02,Other - Medical Services, -   , -   , -   ,-,-,0,0
Y62,RW5,LANCASHIRE & SOUTH CUMBRIA NHS FOUNDATION TRUST,X03,Other - Mental Health Services, -   , -   , -   ,-,-,0,0
Y62,RW5,LANCASHIRE & SOUTH CUMBRIA NHS FOUNDATION TRUST,X04,Other - Paediatric Services, -   , -   , -   ,-,-,0,0
Y62,RW5,LANCASHIRE & SOUTH CUMBRIA NHS FOUNDATION TRUST,X05,Other - Surgical Services, -   , -   , -   ,-,-,0,0
Y62,RW5,LANCASHIRE & SOUTH CUMBRIA NHS FOUNDATION TRUST,X06,Other - Other Services, -   , -   , -   ,-,-,0,0
Y62,RWJ,STOCKPORT NHS FOUNDATION TRUST,C_100,General Surgery Service,"5,731","2,955",51.60%,17.3,60.3,709,97
Y62,RWJ,STOCKPORT NHS FOUNDATION TRUST,C_101,Urology Service,"3,361","1,417",42.20%,23,62,451,96
Y62,RWJ,STOCKPORT NHS FOUNDATION TRUST,C_110,Trauma and Orthopaedic Service,"4,688","2,949",62.90%,13.3,46.5,269,41
Y62,RWJ,STOCKPORT NHS FOUNDATION TRUST,C_120,Ear Nose and Throat Service,"4,244","2,058",48.50%,18.7,69.8,706,221
Y62,RWJ,STOCKPORT NHS FOUNDATION TRUST,C_130,Ophthalmology Service,"4,983","2,510",50.40%,17.8,51.2,354,10
Y62,RWJ,STOCKPORT NHS FOUNDATION TRUST,C_140,Oral Surgery Service,"2,692","1,186",44.10%,21,59.2,289,56
Y62,RWJ,STOCKPORT NHS FOUNDATION TRUST,C_150,Neurosurgical Service, -   , -   , -   ,-,-,0,0
Y62,RWJ,STOCKPORT NHS FOUNDATION TRUST,C_160,Plastic Surgery Service, -   , -   , -   ,-,-,0,0
Y62,RWJ,STOCKPORT NHS FOUNDATION TRUST,C_170,Cardiothoracic Surgery Service,6,5,83.30%,-,-,0,0
Y62,RWJ,STOCKPORT NHS FOUNDATION TRUST,C_300,General Internal Medicine Service,1, -   , -   ,-,-,0,0
Y62,RWJ,STOCKPORT NHS FOUNDATION TRUST,C_301,Gastroenterology Service,"3,941","1,775",45.00%,21.2,57.2,406,75
Y62,RWJ,STOCKPORT NHS FOUNDATION TRUST,C_320,Cardiology Service,"3,336","1,908",57.20%,15.6,31.8,2,0
Y62,RWJ,STOCKPORT NHS FOUNDATION TRUST,C_330,Dermatology Service, -   , -   , -   ,-,-,0,0
Y62,RWJ,STOCKPORT NHS FOUNDATION TRUST,C_340,Respiratory Medicine Service,"1,450",826,57.00%,15.7,33.4,0,0
Y62,RWJ,STOCKPORT NHS FOUNDATION TRUST,C_400,Neurology Service, -   , -   , -   ,-,-,0,0
Y62,RWJ,STOCKPORT NHS FOUNDATION TRUST,C_410,Rheumatology Service,"1,356",644,47.50%,19.3,45.2,24,0
Y62,RWJ,STOCKPORT NHS FOUNDATION TRUST,C_430,Elderly Medicine Service,217,179,82.50%,7.2,23.9,0,0
Y62,RWJ,STOCKPORT NHS FOUNDATION TRUST,C_502,Gynaecology Service,"5,023","2,230",44.40%,21.3,62,680,139
Y62,RWJ,STOCKPORT NHS FOUNDATION TRUST,X02,Other - Medical Services,"3,189","2,121",66.50%,12.8,47,209,46
Y62,RWJ,STOCKPORT NHS FOUNDATION TRUST,X03,Other - Mental Health Services, -   , -   , -   ,-,-,0,0
Y62,RWJ,STOCKPORT NHS FOUNDATION TRUST,X04,Other - Paediatric Services,189,158,83.60%,7.4,26.9,0,0
Y62,RWJ,STOCKPORT NHS FOUNDATION TRUST,X05,Other - Surgical Services, -   , -   , -   ,-,-,0,0
Y62,RWJ,STOCKPORT NHS FOUNDATION TRUST,X06,Other - Other Services,363,140,38.60%,25.1,49.3,22,0
Y62,RWW,WARRINGTON AND HALTON TEACHING HOSPITALS NHS FOUNDATION TRUST,C_100,General Surgery Service,623,273,43.80%,22.4,72.2,119,33
Y62,RWW,WARRINGTON AND HALTON TEACHING HOSPITALS NHS FOUNDATION TRUST,C_101,Urology Service,"1,860","1,101",59.20%,14.5,62.2,233,61
Y62,RWW,WARRINGTON AND HALTON TEACHING HOSPITALS NHS FOUNDATION TRUST,C_110,Trauma and Orthopaedic Service,"2,776","1,520",54.80%,16.5,53.5,237,29
Y62,RWW,WARRINGTON AND HALTON TEACHING HOSPITALS NHS FOUNDATION TRUST,C_120,Ear Nose and Throat Service,"2,491",948,38.10%,22.7,50.2,165,15
Y62,RWW,WARRINGTON AND HALTON TEACHING HOSPITALS NHS FOUNDATION TRUST,C_130,Ophthalmology Service,"2,114","1,822",86.20%,8.8,22.7,6,1
Y62,RWW,WARRINGTON AND HALTON TEACHING HOSPITALS NHS FOUNDATION TRUST,C_140,Oral Surgery Service, -   , -   , -   ,-,-,0,0
Y62,RWW,WARRINGTON AND HALTON TEACHING HOSPITALS NHS FOUNDATION TRUST,C_150,Neurosurgical Service, -   , -   , -   ,-,-,0,0
Y62,RWW,WARRINGTON AND HALTON TEACHING HOSPITALS NHS FOUNDATION TRUST,C_160,Plastic Surgery Service, -   , -   , -   ,-,-,0,0
Y62,RWW,WARRINGTON AND HALTON TEACHING HOSPITALS NHS FOUNDATION TRUST,C_170,Cardiothoracic Surgery Service, -   , -   , -   ,-,-,0,0
Y62,RWW,WARRINGTON AND HALTON TEACHING HOSPITALS NHS FOUNDATION TRUST,C_300,General Internal Medicine Service,64,64,100.00%,8.3,15.4,0,0
Y62,RWW,WARRINGTON AND HALTON TEACHING HOSPITALS NHS FOUNDATION TRUST,C_301,Gastroenterology Service,"1,724","1,088",63.10%,14.5,31.3,8,0
Y62,RWW,WARRINGTON AND HALTON TEACHING HOSPITALS NHS FOUNDATION TRUST,C_320,Cardiology Service,"1,811","1,438",79.40%,10.4,24.8,0,0
Y62,RWW,WARRINGTON AND HALTON TEACHING HOSPITALS NHS FOUNDATION TRUST,C_330,Dermatology Service, -   , -   , -   ,-,-,0,0
Y62,RWW,WARRINGTON AND HALTON TEACHING HOSPITALS NHS FOUNDATION TRUST,C_340,Respiratory Medicine Service,"1,608",814,50.60%,17.7,45.1,22,0
Y62,RWW,WARRINGTON AND HALTON TEACHING HOSPITALS NHS FOUNDATION TRUST,C_400,Neurology Service, -   , -   , -   ,-,-,0,0
Y62,RWW,WARRINGTON AND HALTON TEACHING HOSPITALS NHS FOUNDATION TRUST,C_410,Rheumatology Service,405,304,75.10%,13.2,28.9,2,0
Y62,RWW,WARRINGTON AND HALTON TEACHING HOSPITALS NHS FOUNDATION TRUST,C_430,Elderly Medicine Service,7,7,100.00%,-,-,0,0
Y62,RWW,WARRINGTON AND HALTON TEACHING HOSPITALS NHS FOUNDATION TRUST,C_502,Gynaecology Service,"2,446","1,219",49.80%,18.1,62.1,337,48
Y62,RWW,WARRINGTON AND HALTON TEACHING HOSPITALS NHS FOUNDATION TRUST,X02,Other - Medical Services,"1,986","1,467",73.90%,11.5,28.1,3,0
Y62,RWW,WARRINGTON AND HALTON TEACHING HOSPITALS NHS FOUNDATION TRUST,X03,Other - Mental Health Services, -   , -   , -   ,-,-,0,0
Y62,RWW,WARRINGTON AND HALTON TEACHING HOSPITALS NHS FOUNDATION TRUST,X04,Other - Paediatric Services,"1,104",952,86.20%,8.6,23.5,7,2
Y62,RWW,WARRINGTON AND HALTON TEACHING HOSPITALS NHS FOUNDATION TRUST,X05,Other - Surgical Services,"5,514","3,402",61.70%,14.5,46.9,306,37
Y62,RWW,WARRINGTON AND HALTON TEACHING HOSPITALS NHS FOUNDATION TRUST,X06,Other - Other Services,416,410,98.60%,5.1,15.4,1,0
Y62,RXL,BLACKPOOL TEACHING HOSPITALS NHS FOUNDATION TRUST,C_100,General Surgery Service,"1,379",721,52.30%,16.9,54.9,133,22
Y62,RXL,BLACKPOOL TEACHING HOSPITALS NHS FOUNDATION TRUST,C_101,Urology Service,"1,560","1,191",76.30%,9.3,32.3,23,2
Y62,RXL,BLACKPOOL TEACHING HOSPITALS NHS FOUNDATION TRUST,C_110,Trauma and Orthopaedic Service,"1,871","1,208",64.60%,12.8,33.9,16,1
Y62,RXL,BLACKPOOL TEACHING HOSPITALS NHS FOUNDATION TRUST,C_120,Ear Nose and Throat Service,"1,941","1,616",83.30%,7.9,24.2,4,0
Y62,RXL,BLACKPOOL TEACHING HOSPITALS NHS FOUNDATION TRUST,C_130,Ophthalmology Service,"2,435","1,841",75.60%,10.1,28.5,14,0
Y62,RXL,BLACKPOOL TEACHING HOSPITALS NHS FOUNDATION TRUST,C_140,Oral Surgery Service,"1,351",916,67.80%,12.3,31.4,8,0
Y62,RXL,BLACKPOOL TEACHING HOSPITALS NHS FOUNDATION TRUST,C_150,Neurosurgical Service, -   , -   , -   ,-,-,0,0
Y62,RXL,BLACKPOOL TEACHING HOSPITALS NHS FOUNDATION TRUST,C_160,Plastic Surgery Service,45,44,97.80%,3.4,10.4,0,0
Y62,RXL,BLACKPOOL TEACHING HOSPITALS NHS FOUNDATION TRUST,C_170,Cardiothoracic Surgery Service,559,337,60.30%,13.5,43.1,17,0
Y62,RXL,BLACKPOOL TEACHING HOSPITALS NHS FOUNDATION TRUST,C_300,General Internal Medicine Service,18,16,88.90%,-,-,0,0
Y62,RXL,BLACKPOOL TEACHING HOSPITALS NHS FOUNDATION TRUST,C_301,Gastroenterology Service,"3,493","1,836",52.60%,16.9,56.2,365,49
Y62,RXL,BLACKPOOL TEACHING HOSPITALS NHS FOUNDATION TRUST,C_320,Cardiology Service,"3,474","2,225",64.00%,13.4,41.5,189,42
Y62,RXL,BLACKPOOL TEACHING HOSPITALS NHS FOUNDATION TRUST,C_330,Dermatology Service,"1,364","1,320",96.80%,4.9,14.1,1,0
Y62,RXL,BLACKPOOL TEACHING HOSPITALS NHS FOUNDATION TRUST,C_340,Respiratory Medicine Service,987,474,48.00%,19,41.6,3,0
Y62,RXL,BLACKPOOL TEACHING HOSPITALS NHS FOUNDATION TRUST,C_400,Neurology Service, -   , -   , -   ,-,-,0,0
Y62,RXL,BLACKPOOL TEACHING HOSPITALS NHS FOUNDATION TRUST,C_410,Rheumatology Service,969,433,44.70%,20.8,49.4,47,1
Y62,RXL,BLACKPOOL TEACHING HOSPITALS NHS FOUNDATION TRUST,C_430,Elderly Medicine Service,27,26,96.30%,8,15.9,0,0
Y62,RXL,BLACKPOOL TEACHING HOSPITALS NHS FOUNDATION TRUST,C_502,Gynaecology Service,"2,472","1,506",60.90%,13.8,43.9,101,1
Y62,RXL,BLACKPOOL TEACHING HOSPITALS NHS FOUNDATION TRUST,X02,Other - Medical Services,"1,796","1,337",74.40%,9.4,30.6,0,0
Y62,RXL,BLACKPOOL TEACHING HOSPITALS NHS FOUNDATION TRUST,X03,Other - Mental Health Services,91,76,83.50%,0.9,20.8,0,0
Y62,RXL,BLACKPOOL TEACHING HOSPITALS NHS FOUNDATION TRUST,X04,Other - Paediatric Services,"1,077",635,59.00%,15.2,36.1,5,1
Y62,RXL,BLACKPOOL TEACHING HOSPITALS NHS FOUNDATION TRUST,X05,Other - Surgical Services,"2,386","1,701",71.30%,9.7,43.4,131,9
Y62,RXL,BLACKPOOL TEACHING HOSPITALS NHS FOUNDATION TRUST,X06,Other - Other Services, -   , -   , -   ,-,-,0,0
Y62,RXN,LANCASHIRE TEACHING HOSPITALS NHS FOUNDATION TRUST,C_100,General Surgery Service,591,324,54.80%,15.7,62.7,74,20
Y62,RXN,LANCASHIRE TEACHING HOSPITALS NHS FOUNDATION TRUST,C_101,Urology Service,"2,776","1,390",50.10%,18,62.2,419,92
Y62,RXN,LANCASHIRE TEACHING HOSPITALS NHS FOUNDATION TRUST,C_110,Trauma and Orthopaedic Service,"3,529","2,164",61.30%,13.6,53.8,303,86
Y62,RXN,LANCASHIRE TEACHING HOSPITALS NHS FOUNDATION TRUST,C_120,Ear Nose and Throat Service,"3,518","1,719",48.90%,18.7,60.5,432,108
Y62,RXN,LANCASHIRE TEACHING HOSPITALS NHS FOUNDATION TRUST,C_130,Ophthalmology Service,"3,785","2,697",71.30%,10.7,42.3,150,20
Y62,RXN,LANCASHIRE TEACHING HOSPITALS NHS FOUNDATION TRUST,C_140,Oral Surgery Service,"5,049","1,456",28.80%,33.1,77.6,"1,543",386
Y62,RXN,LANCASHIRE TEACHING HOSPITALS NHS FOUNDATION TRUST,C_150,Neurosurgical Service,"4,915","2,038",41.50%,23.7,64.4,711,148
Y62,RXN,LANCASHIRE TEACHING HOSPITALS NHS FOUNDATION TRUST,C_160,Plastic Surgery Service,"3,226","1,845",57.20%,14.9,58.9,357,94
Y62,RXN,LANCASHIRE TEACHING HOSPITALS NHS FOUNDATION TRUST,C_170,Cardiothoracic Surgery Service, -   , -   , -   ,-,-,0,0
Y62,RXN,LANCASHIRE TEACHING HOSPITALS NHS FOUNDATION TRUST,C_300,General Internal Medicine Service,"2,737","1,348",49.30%,18.3,52,219,32
Y62,RXN,LANCASHIRE TEACHING HOSPITALS NHS FOUNDATION TRUST,C_301,Gastroenterology Service,"1,989",984,49.50%,18.3,54.1,197,5
Y62,RXN,LANCASHIRE TEACHING HOSPITALS NHS FOUNDATION TRUST,C_320,Cardiology Service,"2,646","1,577",59.60%,14.1,55.1,251,9
Y62,RXN,LANCASHIRE TEACHING HOSPITALS NHS FOUNDATION TRUST,C_330,Dermatology Service,"1,712","1,248",72.90%,9.9,31.8,6,0
Y62,RXN,LANCASHIRE TEACHING HOSPITALS NHS FOUNDATION TRUST,C_340,Respiratory Medicine Service, -   , -   , -   ,-,-,0,0
Y62,RXN,LANCASHIRE TEACHING HOSPITALS NHS FOUNDATION TRUST,C_400,Neurology Service,"9,325","3,550",38.10%,25.3,60.3,"1,438",76
Y62,RXN,LANCASHIRE TEACHING HOSPITALS NHS FOUNDATION TRUST,C_410,Rheumatology Service, -   , -   , -   ,-,-,0,0
Y62,RXN,LANCASHIRE TEACHING HOSPITALS NHS FOUNDATION TRUST,C_430,Elderly Medicine Service,176,149,84.70%,7.5,29.9,2,1
Y62,RXN,LANCASHIRE TEACHING HOSPITALS NHS FOUNDATION TRUST,C_502,Gynaecology Service,"1,541",227,14.70%,34,70.7,336,72
Y62,RXN,LANCASHIRE TEACHING HOSPITALS NHS FOUNDATION TRUST,X02,Other - Medical Services,"4,366","2,692",61.70%,12.7,42.8,144,9
Y62,RXN,LANCASHIRE TEACHING HOSPITALS NHS FOUNDATION TRUST,X03,Other - Mental Health Services, -   , -   , -   ,-,-,0,0
Y62,RXN,LANCASHIRE TEACHING HOSPITALS NHS FOUNDATION TRUST,X04,Other - Paediatric Services,"1,909","1,284",67.30%,13.5,29.5,0,0
Y62,RXN,LANCASHIRE TEACHING HOSPITALS NHS FOUNDATION TRUST,X05,Other - Surgical Services,"7,833","4,005",51.10%,17.5,64.7,"1,172",262
Y62,RXN,LANCASHIRE TEACHING HOSPITALS NHS FOUNDATION TRUST,X06,Other - Other Services,691,574,83.10%,6.7,30.3,11,0
Y62,RXR,EAST LANCASHIRE HOSPITALS NHS TRUST,C_100,General Surgery Service,"4,192","2,557",61.00%,13.2,42.9,134,2
Y62,RXR,EAST LANCASHIRE HOSPITALS NHS TRUST,C_101,Urology Service,"2,216","1,524",68.80%,11.9,30.1,17,4
Y62,RXR,EAST LANCASHIRE HOSPITALS NHS TRUST,C_110,Trauma and Orthopaedic Service,"4,441","2,600",58.50%,14.8,43.6,155,4
Y62,RXR,EAST LANCASHIRE HOSPITALS NHS TRUST,C_120,Ear Nose and Throat Service,"3,648","2,746",75.30%,12.5,28.3,4,2
Y62,RXR,EAST LANCASHIRE HOSPITALS NHS TRUST,C_130,Ophthalmology Service,"3,957","2,319",58.60%,15,36.9,82,0
Y62,RXR,EAST LANCASHIRE HOSPITALS NHS TRUST,C_140,Oral Surgery Service,"3,399","1,938",57.00%,14.7,43.7,115,2
Y62,RXR,EAST LANCASHIRE HOSPITALS NHS TRUST,C_150,Neurosurgical Service, -   , -   , -   ,-,-,0,0
Y62,RXR,EAST LANCASHIRE HOSPITALS NHS TRUST,C_160,Plastic Surgery Service, -   , -   , -   ,-,-,0,0
Y62,RXR,EAST LANCASHIRE HOSPITALS NHS TRUST,C_170,Cardiothoracic Surgery Service,19,19,100.00%,-,-,0,0
Y62,RXR,EAST LANCASHIRE HOSPITALS NHS TRUST,C_300,General Internal Medicine Service, -   , -   , -   ,-,-,0,0
Y62,RXR,EAST LANCASHIRE HOSPITALS NHS TRUST,C_301,Gastroenterology Service,"3,228","1,562",48.40%,18.8,43.9,22,0
Y62,RXR,EAST LANCASHIRE HOSPITALS NHS TRUST,C_320,Cardiology Service,"3,020","2,100",69.50%,12.7,27.2,0,0
Y62,RXR,EAST LANCASHIRE HOSPITALS NHS TRUST,C_330,Dermatology Service,"1,591","1,108",69.60%,10.4,28.2,0,0
Y62,RXR,EAST LANCASHIRE HOSPITALS NHS TRUST,C_340,Respiratory Medicine Service,563,498,88.50%,7.3,19.1,0,0
Y62,RXR,EAST LANCASHIRE HOSPITALS NHS TRUST,C_400,Neurology Service, -   , -   , -   ,-,-,0,0
Y62,RXR,EAST LANCASHIRE HOSPITALS NHS TRUST,C_410,Rheumatology Service,"1,583",792,50.00%,18,42.2,17,0
Y62,RXR,EAST LANCASHIRE HOSPITALS NHS TRUST,C_430,Elderly Medicine Service,76,76,100.00%,4.4,13.5,0,0
Y62,RXR,EAST LANCASHIRE HOSPITALS NHS TRUST,C_502,Gynaecology Service,"4,499","3,113",69.20%,11.9,30.1,35,0
Y62,RXR,EAST LANCASHIRE HOSPITALS NHS TRUST,X02,Other - Medical Services,"1,909","1,494",78.30%,10.3,28.3,3,0
Y62,RXR,EAST LANCASHIRE HOSPITALS NHS TRUST,X03,Other - Mental Health Services, -   , -   , -   ,-,-,0,0
Y62,RXR,EAST LANCASHIRE HOSPITALS NHS TRUST,X04,Other - Paediatric Services,"2,473","1,880",76.00%,10.9,23.5,2,0
Y62,RXR,EAST LANCASHIRE HOSPITALS NHS TRUST,X05,Other - Surgical Services,"7,195","6,224",86.50%,8.8,20.3,5,0
Y62,RXR,EAST LANCASHIRE HOSPITALS NHS TRUST,X06,Other - Other Services,27,24,88.90%,6,23.8,0,0
Y62,RY2,BRIDGEWATER COMMUNITY HEALTHCARE NHS FOUNDATION TRUST,C_100,General Surgery Service, -   , -   , -   ,-,-,0,0
Y62,RY2,BRIDGEWATER COMMUNITY HEALTHCARE NHS FOUNDATION TRUST,C_101,Urology Service, -   , -   , -   ,-,-,0,0
Y62,RY2,BRIDGEWATER COMMUNITY HEALTHCARE NHS FOUNDATION TRUST,C_110,Trauma and Orthopaedic Service, -   , -   , -   ,-,-,0,0
Y62,RY2,BRIDGEWATER COMMUNITY HEALTHCARE NHS FOUNDATION TRUST,C_120,Ear Nose and Throat Service, -   , -   , -   ,-,-,0,0
Y62,RY2,BRIDGEWATER COMMUNITY HEALTHCARE NHS FOUNDATION TRUST,C_130,Ophthalmology Service, -   , -   , -   ,-,-,0,0
Y62,RY2,BRIDGEWATER COMMUNITY HEALTHCARE NHS FOUNDATION TRUST,C_140,Oral Surgery Service, -   , -   , -   ,-,-,0,0
Y62,RY2,BRIDGEWATER COMMUNITY HEALTHCARE NHS FOUNDATION TRUST,C_150,Neurosurgical Service, -   , -   , -   ,-,-,0,0
Y62,RY2,BRIDGEWATER COMMUNITY HEALTHCARE NHS FOUNDATION TRUST,C_160,Plastic Surgery Service, -   , -   , -   ,-,-,0,0
Y62,RY2,BRIDGEWATER COMMUNITY HEALTHCARE NHS FOUNDATION TRUST,C_170,Cardiothoracic Surgery Service, -   , -   , -   ,-,-,0,0
Y62,RY2,BRIDGEWATER COMMUNITY HEALTHCARE NHS FOUNDATION TRUST,C_300,General Internal Medicine Service, -   , -   , -   ,-,-,0,0
Y62,RY2,BRIDGEWATER COMMUNITY HEALTHCARE NHS FOUNDATION TRUST,C_301,Gastroenterology Service, -   , -   , -   ,-,-,0,0
Y62,RY2,BRIDGEWATER COMMUNITY HEALTHCARE NHS FOUNDATION TRUST,C_320,Cardiology Service, -   , -   , -   ,-,-,0,0
Y62,RY2,BRIDGEWATER COMMUNITY HEALTHCARE NHS FOUNDATION TRUST,C_330,Dermatology Service,"1,631",899,55.10%,16.6,30.2,5,0
Y62,RY2,BRIDGEWATER COMMUNITY HEALTHCARE NHS FOUNDATION TRUST,C_340,Respiratory Medicine Service, -   , -   , -   ,-,-,0,0
Y62,RY2,BRIDGEWATER COMMUNITY HEALTHCARE NHS FOUNDATION TRUST,C_400,Neurology Service, -   , -   , -   ,-,-,0,0
Y62,RY2,BRIDGEWATER COMMUNITY HEALTHCARE NHS FOUNDATION TRUST,C_410,Rheumatology Service, -   , -   , -   ,-,-,0,0
Y62,RY2,BRIDGEWATER COMMUNITY HEALTHCARE NHS FOUNDATION TRUST,C_430,Elderly Medicine Service, -   , -   , -   ,-,-,0,0
Y62,RY2,BRIDGEWATER COMMUNITY HEALTHCARE NHS FOUNDATION TRUST,C_502,Gynaecology Service, -   , -   , -   ,-,-,0,0
Y62,RY2,BRIDGEWATER COMMUNITY HEALTHCARE NHS FOUNDATION TRUST,X02,Other - Medical Services, -   , -   , -   ,-,-,0,0
Y62,RY2,BRIDGEWATER COMMUNITY HEALTHCARE NHS FOUNDATION TRUST,X03,Other - Mental Health Services, -   , -   , -   ,-,-,0,0
Y62,RY2,BRIDGEWATER COMMUNITY HEALTHCARE NHS FOUNDATION TRUST,X04,Other - Paediatric Services,"1,133",523,46.20%,20.1,39.8,6,0
Y62,RY2,BRIDGEWATER COMMUNITY HEALTHCARE NHS FOUNDATION TRUST,X05,Other - Surgical Services, -   , -   , -   ,-,-,0,0
Y62,RY2,BRIDGEWATER COMMUNITY HEALTHCARE NHS FOUNDATION TRUST,X06,Other - Other Services,112,112,100.00%,3.7,5.2,0,0
Y62,RY7,WIRRAL COMMUNITY HEALTH AND CARE NHS FOUNDATION TRUST,C_100,General Surgery Service, -   , -   , -   ,-,-,0,0
Y62,RY7,WIRRAL COMMUNITY HEALTH AND CARE NHS FOUNDATION TRUST,C_101,Urology Service, -   , -   , -   ,-,-,0,0
Y62,RY7,WIRRAL COMMUNITY HEALTH AND CARE NHS FOUNDATION TRUST,C_110,Trauma and Orthopaedic Service, -   , -   , -   ,-,-,0,0
Y62,RY7,WIRRAL COMMUNITY HEALTH AND CARE NHS FOUNDATION TRUST,C_120,Ear Nose and Throat Service, -   , -   , -   ,-,-,0,0
Y62,RY7,WIRRAL COMMUNITY HEALTH AND CARE NHS FOUNDATION TRUST,C_130,Ophthalmology Service,112,96,85.70%,9.7,22,4,0
Y62,RY7,WIRRAL COMMUNITY HEALTH AND CARE NHS FOUNDATION TRUST,C_140,Oral Surgery Service, -   , -   , -   ,-,-,0,0
Y62,RY7,WIRRAL COMMUNITY HEALTH AND CARE NHS FOUNDATION TRUST,C_150,Neurosurgical Service, -   , -   , -   ,-,-,0,0
Y62,RY7,WIRRAL COMMUNITY HEALTH AND CARE NHS FOUNDATION TRUST,C_160,Plastic Surgery Service, -   , -   , -   ,-,-,0,0
Y62,RY7,WIRRAL COMMUNITY HEALTH AND CARE NHS FOUNDATION TRUST,C_170,Cardiothoracic Surgery Service, -   , -   , -   ,-,-,0,0
Y62,RY7,WIRRAL COMMUNITY HEALTH AND CARE NHS FOUNDATION TRUST,C_300,General Internal Medicine Service, -   , -   , -   ,-,-,0,0
Y62,RY7,WIRRAL COMMUNITY HEALTH AND CARE NHS FOUNDATION TRUST,C_301,Gastroenterology Service, -   , -   , -   ,-,-,0,0
Y62,RY7,WIRRAL COMMUNITY HEALTH AND CARE NHS FOUNDATION TRUST,C_320,Cardiology Service, -   , -   , -   ,-,-,0,0
Y62,RY7,WIRRAL COMMUNITY HEALTH AND CARE NHS FOUNDATION TRUST,C_330,Dermatology Service, -   , -   , -   ,-,-,0,0
Y62,RY7,WIRRAL COMMUNITY HEALTH AND CARE NHS FOUNDATION TRUST,C_340,Respiratory Medicine Service, -   , -   , -   ,-,-,0,0
Y62,RY7,WIRRAL COMMUNITY HEALTH AND CARE NHS FOUNDATION TRUST,C_400,Neurology Service, -   , -   , -   ,-,-,0,0
Y62,RY7,WIRRAL COMMUNITY HEALTH AND CARE NHS FOUNDATION TRUST,C_410,Rheumatology Service, -   , -   , -   ,-,-,0,0
Y62,RY7,WIRRAL COMMUNITY HEALTH AND CARE NHS FOUNDATION TRUST,C_430,Elderly Medicine Service, -   , -   , -   ,-,-,0,0
Y62,RY7,WIRRAL COMMUNITY HEALTH AND CARE NHS FOUNDATION TRUST,C_502,Gynaecology Service, -   , -   , -   ,-,-,0,0
Y62,RY7,WIRRAL COMMUNITY HEALTH AND CARE NHS FOUNDATION TRUST,X02,Other - Medical Services, -   , -   , -   ,-,-,0,0
Y62,RY7,WIRRAL COMMUNITY HEALTH AND CARE NHS FOUNDATION TRUST,X03,Other - Mental Health Services, -   , -   , -   ,-,-,0,0
Y62,RY7,WIRRAL COMMUNITY HEALTH AND CARE NHS FOUNDATION TRUST,X04,Other - Paediatric Services, -   , -   , -   ,-,-,0,0
Y62,RY7,WIRRAL COMMUNITY HEALTH AND CARE NHS FOUNDATION TRUST,X05,Other - Surgical Services, -   , -   , -   ,-,-,0,0
Y62,RY7,WIRRAL COMMUNITY HEALTH AND CARE NHS FOUNDATION TRUST,X06,Other - Other Services, -   , -   , -   ,-,-,0,0
Y63,R0B,SOUTH TYNESIDE AND SUNDERLAND NHS FOUNDATION TRUST,C_100,General Surgery Service,"4,406","3,662",83.10%,7.7,24.9,2,0
Y63,R0B,SOUTH TYNESIDE AND SUNDERLAND NHS FOUNDATION TRUST,C_101,Urology Service,"4,725","3,623",76.70%,9.8,28.7,0,0
Y63,R0B,SOUTH TYNESIDE AND SUNDERLAND NHS FOUNDATION TRUST,C_110,Trauma and Orthopaedic Service,"6,957","4,360",62.70%,13.1,40.6,114,0
Y63,R0B,SOUTH TYNESIDE AND SUNDERLAND NHS FOUNDATION TRUST,C_120,Ear Nose and Throat Service,"6,421","4,521",70.40%,11.3,28.9,0,0
Y63,R0B,SOUTH TYNESIDE AND SUNDERLAND NHS FOUNDATION TRUST,C_130,Ophthalmology Service,"8,222","6,317",76.80%,9.9,24.5,0,0
Y63,R0B,SOUTH TYNESIDE AND SUNDERLAND NHS FOUNDATION TRUST,C_140,Oral Surgery Service,"2,852","1,969",69.00%,11.3,28.2,0,0
Y63,R0B,SOUTH TYNESIDE AND SUNDERLAND NHS FOUNDATION TRUST,C_150,Neurosurgical Service, -   , -   , -   ,-,-,0,0
Y63,R0B,SOUTH TYNESIDE AND SUNDERLAND NHS FOUNDATION TRUST,C_160,Plastic Surgery Service, -   , -   , -   ,-,-,0,0
Y63,R0B,SOUTH TYNESIDE AND SUNDERLAND NHS FOUNDATION TRUST,C_170,Cardiothoracic Surgery Service, -   , -   , -   ,-,-,0,0
Y63,R0B,SOUTH TYNESIDE AND SUNDERLAND NHS FOUNDATION TRUST,C_300,General Internal Medicine Service, -   , -   , -   ,-,-,0,0
Y63,R0B,SOUTH TYNESIDE AND SUNDERLAND NHS FOUNDATION TRUST,C_301,Gastroenterology Service,"1,672","1,430",85.50%,7.9,21.9,0,0
Y63,R0B,SOUTH TYNESIDE AND SUNDERLAND NHS FOUNDATION TRUST,C_320,Cardiology Service,"1,850","1,564",84.50%,7.4,23.5,0,0
Y63,R0B,SOUTH TYNESIDE AND SUNDERLAND NHS FOUNDATION TRUST,C_330,Dermatology Service,903,827,91.60%,6.4,18.8,0,0
Y63,R0B,SOUTH TYNESIDE AND SUNDERLAND NHS FOUNDATION TRUST,C_340,Respiratory Medicine Service,"2,035","1,574",77.30%,9.6,27.8,0,0
Y63,R0B,SOUTH TYNESIDE AND SUNDERLAND NHS FOUNDATION TRUST,C_400,Neurology Service,"1,131","1,059",93.60%,6.7,17,0,0
Y63,R0B,SOUTH TYNESIDE AND SUNDERLAND NHS FOUNDATION TRUST,C_410,Rheumatology Service,"1,381","1,055",76.40%,11,24.4,0,0
Y63,R0B,SOUTH TYNESIDE AND SUNDERLAND NHS FOUNDATION TRUST,C_430,Elderly Medicine Service,822,681,82.80%,7.3,24.1,0,0
Y63,R0B,SOUTH TYNESIDE AND SUNDERLAND NHS FOUNDATION TRUST,C_502,Gynaecology Service,"2,805","2,400",85.60%,7.7,22.6,0,0
Y63,R0B,SOUTH TYNESIDE AND SUNDERLAND NHS FOUNDATION TRUST,X02,Other - Medical Services,"1,407","1,263",89.80%,6.3,20.5,1,0
Y63,R0B,SOUTH TYNESIDE AND SUNDERLAND NHS FOUNDATION TRUST,X03,Other - Mental Health Services, -   , -   , -   ,-,-,0,0
Y63,R0B,SOUTH TYNESIDE AND SUNDERLAND NHS FOUNDATION TRUST,X04,Other - Paediatric Services,"2,621","1,972",75.20%,10.7,25.9,0,0
Y63,R0B,SOUTH TYNESIDE AND SUNDERLAND NHS FOUNDATION TRUST,X05,Other - Surgical Services,111,82,73.90%,8.4,31.6,0,0
Y63,R0B,SOUTH TYNESIDE AND SUNDERLAND NHS FOUNDATION TRUST,X06,Other - Other Services,"5,662","5,469",96.60%,7,15.9,0,0
Y63,RAE,BRADFORD TEACHING HOSPITALS NHS FOUNDATION TRUST,C_100,General Surgery Service,"1,160",751,64.70%,10.7,46.9,70,11
Y63,RAE,BRADFORD TEACHING HOSPITALS NHS FOUNDATION TRUST,C_101,Urology Service,"1,951","1,490",76.40%,10.2,32.4,5,0
Y63,RAE,BRADFORD TEACHING HOSPITALS NHS FOUNDATION TRUST,C_110,Trauma and Orthopaedic Service,"1,755",985,56.10%,16,53.6,150,14
Y63,RAE,BRADFORD TEACHING HOSPITALS NHS FOUNDATION TRUST,C_120,Ear Nose and Throat Service,"3,439","2,405",69.90%,11.9,39.7,120,8
Y63,RAE,BRADFORD TEACHING HOSPITALS NHS FOUNDATION TRUST,C_130,Ophthalmology Service,"2,864","2,198",76.70%,10.6,31,25,0
Y63,RAE,BRADFORD TEACHING HOSPITALS NHS FOUNDATION TRUST,C_140,Oral Surgery Service,"1,722","1,094",63.50%,12.6,33.8,25,2
Y63,RAE,BRADFORD TEACHING HOSPITALS NHS FOUNDATION TRUST,C_150,Neurosurgical Service, -   , -   , -   ,-,-,0,0
Y63,RAE,BRADFORD TEACHING HOSPITALS NHS FOUNDATION TRUST,C_160,Plastic Surgery Service,828,549,66.30%,11.7,45.1,38,6
Y63,RAE,BRADFORD TEACHING HOSPITALS NHS FOUNDATION TRUST,C_170,Cardiothoracic Surgery Service, -   , -   , -   ,-,-,0,0
Y63,RAE,BRADFORD TEACHING HOSPITALS NHS FOUNDATION TRUST,C_300,General Internal Medicine Service,89,87,97.80%,5.6,16.3,0,0
Y63,RAE,BRADFORD TEACHING HOSPITALS NHS FOUNDATION TRUST,C_301,Gastroenterology Service,"1,380","1,121",81.20%,9.3,30.7,23,2
Y63,RAE,BRADFORD TEACHING HOSPITALS NHS FOUNDATION TRUST,C_320,Cardiology Service,"1,473","1,181",80.20%,9.3,28.2,3,0
Y63,RAE,BRADFORD TEACHING HOSPITALS NHS FOUNDATION TRUST,C_330,Dermatology Service,"1,358","1,116",82.20%,6.8,26.6,10,0
Y63,RAE,BRADFORD TEACHING HOSPITALS NHS FOUNDATION TRUST,C_340,Respiratory Medicine Service,787,658,83.60%,8.9,25.6,5,0
Y63,RAE,BRADFORD TEACHING HOSPITALS NHS FOUNDATION TRUST,C_400,Neurology Service,"1,211",605,50.00%,18,47.6,61,0
Y63,RAE,BRADFORD TEACHING HOSPITALS NHS FOUNDATION TRUST,C_410,Rheumatology Service,702,585,83.30%,8,24,1,0
Y63,RAE,BRADFORD TEACHING HOSPITALS NHS FOUNDATION TRUST,C_430,Elderly Medicine Service,91,89,97.80%,5.8,16,0,0
Y63,RAE,BRADFORD TEACHING HOSPITALS NHS FOUNDATION TRUST,C_502,Gynaecology Service,"3,422","2,264",66.20%,12.2,38.8,73,4
Y63,RAE,BRADFORD TEACHING HOSPITALS NHS FOUNDATION TRUST,X02,Other - Medical Services,"3,286","2,881",87.70%,7.7,21.8,7,1
Y63,RAE,BRADFORD TEACHING HOSPITALS NHS FOUNDATION TRUST,X03,Other - Mental Health Services, -   , -   , -   ,-,-,0,0
Y63,RAE,BRADFORD TEACHING HOSPITALS NHS FOUNDATION TRUST,X04,Other - Paediatric Services,"2,429","1,515",62.40%,14.1,39.1,35,0
Y63,RAE,BRADFORD TEACHING HOSPITALS NHS FOUNDATION TRUST,X05,Other - Surgical Services,"3,779","2,616",69.20%,11.5,41.1,130,23
Y63,RAE,BRADFORD TEACHING HOSPITALS NHS FOUNDATION TRUST,X06,Other - Other Services,677,646,95.40%,6.6,16.3,1,0
Y63,RCB,YORK AND SCARBOROUGH TEACHING HOSPITALS NHS FOUNDATION TRUST,C_100,General Surgery Service,"7,012","4,245",60.50%,13.3,52.7,573,89
Y63,RCB,YORK AND SCARBOROUGH TEACHING HOSPITALS NHS FOUNDATION TRUST,C_101,Urology Service,"2,582","1,488",57.60%,14.5,58.9,257,60
Y63,RCB,YORK AND SCARBOROUGH TEACHING HOSPITALS NHS FOUNDATION TRUST,C_110,Trauma and Orthopaedic Service,"3,595","2,010",55.90%,15.6,54.9,345,37
Y63,RCB,YORK AND SCARBOROUGH TEACHING HOSPITALS NHS FOUNDATION TRUST,C_120,Ear Nose and Throat Service,"6,765","2,966",43.80%,21.6,58.8,818,43
Y63,RCB,YORK AND SCARBOROUGH TEACHING HOSPITALS NHS FOUNDATION TRUST,C_130,Ophthalmology Service,"5,615","3,800",67.70%,12.2,36.5,53,6
Y63,RCB,YORK AND SCARBOROUGH TEACHING HOSPITALS NHS FOUNDATION TRUST,C_140,Oral Surgery Service,"4,846","1,700",35.10%,28,70.3,"1,114",127
Y63,RCB,YORK AND SCARBOROUGH TEACHING HOSPITALS NHS FOUNDATION TRUST,C_150,Neurosurgical Service, -   , -   , -   ,-,-,0,0
Y63,RCB,YORK AND SCARBOROUGH TEACHING HOSPITALS NHS FOUNDATION TRUST,C_160,Plastic Surgery Service,222,129,58.10%,15.3,41.6,8,1
Y63,RCB,YORK AND SCARBOROUGH TEACHING HOSPITALS NHS FOUNDATION TRUST,C_170,Cardiothoracic Surgery Service, -   , -   , -   ,-,-,0,0
Y63,RCB,YORK AND SCARBOROUGH TEACHING HOSPITALS NHS FOUNDATION TRUST,C_300,General Internal Medicine Service,1,1,100.00%,-,-,0,0
Y63,RCB,YORK AND SCARBOROUGH TEACHING HOSPITALS NHS FOUNDATION TRUST,C_301,Gastroenterology Service,"1,687","1,100",65.20%,11.9,36.5,5,0
Y63,RCB,YORK AND SCARBOROUGH TEACHING HOSPITALS NHS FOUNDATION TRUST,C_320,Cardiology Service,"1,700","1,172",68.90%,11.2,30.7,11,0
Y63,RCB,YORK AND SCARBOROUGH TEACHING HOSPITALS NHS FOUNDATION TRUST,C_330,Dermatology Service,"1,702","1,037",60.90%,14.5,40.8,80,0
Y63,RCB,YORK AND SCARBOROUGH TEACHING HOSPITALS NHS FOUNDATION TRUST,C_340,Respiratory Medicine Service,"1,659","1,040",62.70%,13.4,36.3,12,0
Y63,RCB,YORK AND SCARBOROUGH TEACHING HOSPITALS NHS FOUNDATION TRUST,C_400,Neurology Service,"1,160",648,55.90%,15.7,42.7,36,1
Y63,RCB,YORK AND SCARBOROUGH TEACHING HOSPITALS NHS FOUNDATION TRUST,C_410,Rheumatology Service,788,535,67.90%,12.4,34.1,8,0
Y63,RCB,YORK AND SCARBOROUGH TEACHING HOSPITALS NHS FOUNDATION TRUST,C_430,Elderly Medicine Service,258,240,93.00%,5.2,17.3,0,0
Y63,RCB,YORK AND SCARBOROUGH TEACHING HOSPITALS NHS FOUNDATION TRUST,C_502,Gynaecology Service,"3,210","1,646",51.30%,17.1,55,331,18
Y63,RCB,YORK AND SCARBOROUGH TEACHING HOSPITALS NHS FOUNDATION TRUST,X02,Other - Medical Services,"2,513","1,348",53.60%,15.7,48.2,125,3
Y63,RCB,YORK AND SCARBOROUGH TEACHING HOSPITALS NHS FOUNDATION TRUST,X03,Other - Mental Health Services, -   , -   , -   ,-,-,0,0
Y63,RCB,YORK AND SCARBOROUGH TEACHING HOSPITALS NHS FOUNDATION TRUST,X04,Other - Paediatric Services,"1,219",970,79.60%,9.3,24.8,3,0
Y63,RCB,YORK AND SCARBOROUGH TEACHING HOSPITALS NHS FOUNDATION TRUST,X05,Other - Surgical Services,288,201,69.80%,8.9,48,16,0
Y63,RCB,YORK AND SCARBOROUGH TEACHING HOSPITALS NHS FOUNDATION TRUST,X06,Other - Other Services,70,51,72.90%,9.9,29.4,0,0
Y63,RCD,HARROGATE AND DISTRICT NHS FOUNDATION TRUST,C_100,General Surgery Service,"2,515","1,641",65.20%,12.6,47.9,158,31
Y63,RCD,HARROGATE AND DISTRICT NHS FOUNDATION TRUST,C_101,Urology Service,"1,126",687,61.00%,12.9,61,130,31
Y63,RCD,HARROGATE AND DISTRICT NHS FOUNDATION TRUST,C_110,Trauma and Orthopaedic Service,"3,726","2,034",54.60%,16,57.6,399,48
Y63,RCD,HARROGATE AND DISTRICT NHS FOUNDATION TRUST,C_120,Ear Nose and Throat Service,"1,930","1,388",71.90%,12,30.4,9,0
Y63,RCD,HARROGATE AND DISTRICT NHS FOUNDATION TRUST,C_130,Ophthalmology Service,"2,024","1,355",66.90%,11.7,37,26,0
Y63,RCD,HARROGATE AND DISTRICT NHS FOUNDATION TRUST,C_140,Oral Surgery Service,620,378,61.00%,12.9,54.1,53,0
Y63,RCD,HARROGATE AND DISTRICT NHS FOUNDATION TRUST,C_150,Neurosurgical Service, -   , -   , -   ,-,-,0,0
Y63,RCD,HARROGATE AND DISTRICT NHS FOUNDATION TRUST,C_160,Plastic Surgery Service, -   , -   , -   ,-,-,0,0
Y63,RCD,HARROGATE AND DISTRICT NHS FOUNDATION TRUST,C_170,Cardiothoracic Surgery Service, -   , -   , -   ,-,-,0,0
Y63,RCD,HARROGATE AND DISTRICT NHS FOUNDATION TRUST,C_300,General Internal Medicine Service,23,23,100.00%,5.3,8.6,0,0
Y63,RCD,HARROGATE AND DISTRICT NHS FOUNDATION TRUST,C_301,Gastroenterology Service,"1,223",627,51.30%,17.6,44.4,31,0
Y63,RCD,HARROGATE AND DISTRICT NHS FOUNDATION TRUST,C_320,Cardiology Service,932,845,90.70%,7.4,19.4,1,0
Y63,RCD,HARROGATE AND DISTRICT NHS FOUNDATION TRUST,C_330,Dermatology Service,"1,841","1,738",94.40%,6.4,16.7,0,0
Y63,RCD,HARROGATE AND DISTRICT NHS FOUNDATION TRUST,C_340,Respiratory Medicine Service,530,385,72.60%,11.5,27.1,1,0
Y63,RCD,HARROGATE AND DISTRICT NHS FOUNDATION TRUST,C_400,Neurology Service,"1,014",538,53.10%,16.3,39.4,2,0
Y63,RCD,HARROGATE AND DISTRICT NHS FOUNDATION TRUST,C_410,Rheumatology Service,486,401,82.50%,9.4,22,0,0
Y63,RCD,HARROGATE AND DISTRICT NHS FOUNDATION TRUST,C_430,Elderly Medicine Service,48,43,89.60%,7.5,21.2,0,0
Y63,RCD,HARROGATE AND DISTRICT NHS FOUNDATION TRUST,C_502,Gynaecology Service,"1,718","1,232",71.70%,10.4,44.3,86,10
Y63,RCD,HARROGATE AND DISTRICT NHS FOUNDATION TRUST,X02,Other - Medical Services,733,615,83.90%,7.6,28.3,0,0
Y63,RCD,HARROGATE AND DISTRICT NHS FOUNDATION TRUST,X03,Other - Mental Health Services, -   , -   , -   ,-,-,0,0
Y63,RCD,HARROGATE AND DISTRICT NHS FOUNDATION TRUST,X04,Other - Paediatric Services,851,705,82.80%,8.9,22.7,3,0
Y63,RCD,HARROGATE AND DISTRICT NHS FOUNDATION TRUST,X05,Other - Surgical Services,630,501,79.50%,7.2,32.2,19,4
Y63,RCD,HARROGATE AND DISTRICT NHS FOUNDATION TRUST,X06,Other - Other Services,"3,521","1,829",51.90%,16.6,56.4,376,20
Y63,RCF,AIREDALE NHS FOUNDATION TRUST,C_100,General Surgery Service,"1,826","1,291",70.70%,8.7,42.7,90,18
Y63,RCF,AIREDALE NHS FOUNDATION TRUST,C_101,Urology Service,"1,162",820,70.60%,9.3,50.1,83,25
Y63,RCF,AIREDALE NHS FOUNDATION TRUST,C_110,Trauma and Orthopaedic Service,"1,428",811,56.80%,15.5,61,178,26
Y63,RCF,AIREDALE NHS FOUNDATION TRUST,C_120,Ear Nose and Throat Service,753,621,82.50%,7,26.3,6,0
Y63,RCF,AIREDALE NHS FOUNDATION TRUST,C_130,Ophthalmology Service,813,628,77.20%,7.9,40,4,0
Y63,RCF,AIREDALE NHS FOUNDATION TRUST,C_140,Oral Surgery Service,315,274,87.00%,6.9,23.4,0,0
Y63,RCF,AIREDALE NHS FOUNDATION TRUST,C_150,Neurosurgical Service, -   , -   , -   ,-,-,0,0
Y63,RCF,AIREDALE NHS FOUNDATION TRUST,C_160,Plastic Surgery Service,152,75,49.30%,20.3,56,20,0
Y63,RCF,AIREDALE NHS FOUNDATION TRUST,C_170,Cardiothoracic Surgery Service, -   , -   , -   ,-,-,0,0
Y63,RCF,AIREDALE NHS FOUNDATION TRUST,C_300,General Internal Medicine Service,3,3,100.00%,-,-,0,0
Y63,RCF,AIREDALE NHS FOUNDATION TRUST,C_301,Gastroenterology Service,558,431,77.20%,7.7,28.8,0,0
Y63,RCF,AIREDALE NHS FOUNDATION TRUST,C_320,Cardiology Service,680,561,82.50%,7.5,31.3,6,0
Y63,RCF,AIREDALE NHS FOUNDATION TRUST,C_330,Dermatology Service,84,82,97.60%,7.9,16.6,0,0
Y63,RCF,AIREDALE NHS FOUNDATION TRUST,C_340,Respiratory Medicine Service,455,410,90.10%,6.2,18.7,2,0
Y63,RCF,AIREDALE NHS FOUNDATION TRUST,C_400,Neurology Service,912,607,66.60%,13.7,33.8,13,2
Y63,RCF,AIREDALE NHS FOUNDATION TRUST,C_410,Rheumatology Service,232,229,98.70%,4,11,0,0
Y63,RCF,AIREDALE NHS FOUNDATION TRUST,C_430,Elderly Medicine Service,72,67,93.10%,7.5,16.2,0,0
Y63,RCF,AIREDALE NHS FOUNDATION TRUST,C_502,Gynaecology Service,"1,654",946,57.20%,14.6,45.5,94,28
Y63,RCF,AIREDALE NHS FOUNDATION TRUST,X02,Other - Medical Services,471,441,93.60%,4.8,16.6,0,0
Y63,RCF,AIREDALE NHS FOUNDATION TRUST,X03,Other - Mental Health Services, -   , -   , -   ,-,-,0,0
Y63,RCF,AIREDALE NHS FOUNDATION TRUST,X04,Other - Paediatric Services,"1,083",630,58.20%,14.6,36.7,2,0
Y63,RCF,AIREDALE NHS FOUNDATION TRUST,X05,Other - Surgical Services,39,35,89.70%,8,18.4,0,0
Y63,RCF,AIREDALE NHS FOUNDATION TRUST,X06,Other - Other Services,8, -   , -   ,-,-,0,0
Y63,RCU,SHEFFIELD CHILDREN'S NHS FOUNDATION TRUST,C_100,General Surgery Service, -   , -   , -   ,-,-,0,0
Y63,RCU,SHEFFIELD CHILDREN'S NHS FOUNDATION TRUST,C_101,Urology Service, -   , -   , -   ,-,-,0,0
Y63,RCU,SHEFFIELD CHILDREN'S NHS FOUNDATION TRUST,C_110,Trauma and Orthopaedic Service, -   , -   , -   ,-,-,0,0
Y63,RCU,SHEFFIELD CHILDREN'S NHS FOUNDATION TRUST,C_120,Ear Nose and Throat Service, -   , -   , -   ,-,-,0,0
Y63,RCU,SHEFFIELD CHILDREN'S NHS FOUNDATION TRUST,C_130,Ophthalmology Service, -   , -   , -   ,-,-,0,0
Y63,RCU,SHEFFIELD CHILDREN'S NHS FOUNDATION TRUST,C_140,Oral Surgery Service,197,60,30.50%,34,72.2,46,8
Y63,RCU,SHEFFIELD CHILDREN'S NHS FOUNDATION TRUST,C_150,Neurosurgical Service, -   , -   , -   ,-,-,0,0
Y63,RCU,SHEFFIELD CHILDREN'S NHS FOUNDATION TRUST,C_160,Plastic Surgery Service, -   , -   , -   ,-,-,0,0
Y63,RCU,SHEFFIELD CHILDREN'S NHS FOUNDATION TRUST,C_170,Cardiothoracic Surgery Service, -   , -   , -   ,-,-,0,0
Y63,RCU,SHEFFIELD CHILDREN'S NHS FOUNDATION TRUST,C_300,General Internal Medicine Service, -   , -   , -   ,-,-,0,0
Y63,RCU,SHEFFIELD CHILDREN'S NHS FOUNDATION TRUST,C_301,Gastroenterology Service, -   , -   , -   ,-,-,0,0
Y63,RCU,SHEFFIELD CHILDREN'S NHS FOUNDATION TRUST,C_320,Cardiology Service, -   , -   , -   ,-,-,0,0
Y63,RCU,SHEFFIELD CHILDREN'S NHS FOUNDATION TRUST,C_330,Dermatology Service, -   , -   , -   ,-,-,0,0
Y63,RCU,SHEFFIELD CHILDREN'S NHS FOUNDATION TRUST,C_340,Respiratory Medicine Service, -   , -   , -   ,-,-,0,0
Y63,RCU,SHEFFIELD CHILDREN'S NHS FOUNDATION TRUST,C_400,Neurology Service, -   , -   , -   ,-,-,0,0
Y63,RCU,SHEFFIELD CHILDREN'S NHS FOUNDATION TRUST,C_410,Rheumatology Service, -   , -   , -   ,-,-,0,0
Y63,RCU,SHEFFIELD CHILDREN'S NHS FOUNDATION TRUST,C_430,Elderly Medicine Service, -   , -   , -   ,-,-,0,0
Y63,RCU,SHEFFIELD CHILDREN'S NHS FOUNDATION TRUST,C_502,Gynaecology Service, -   , -   , -   ,-,-,0,0
Y63,RCU,SHEFFIELD CHILDREN'S NHS FOUNDATION TRUST,X02,Other - Medical Services, -   , -   , -   ,-,-,0,0
Y63,RCU,SHEFFIELD CHILDREN'S NHS FOUNDATION TRUST,X03,Other - Mental Health Services, -   , -   , -   ,-,-,0,0
Y63,RCU,SHEFFIELD CHILDREN'S NHS FOUNDATION TRUST,X04,Other - Paediatric Services,"16,534","9,845",59.50%,14.1,44.1,624,61
Y63,RCU,SHEFFIELD CHILDREN'S NHS FOUNDATION TRUST,X05,Other - Surgical Services, -   , -   , -   ,-,-,0,0
Y63,RCU,SHEFFIELD CHILDREN'S NHS FOUNDATION TRUST,X06,Other - Other Services, -   , -   , -   ,-,-,0,0
Y63,RFF,BARNSLEY HOSPITAL NHS FOUNDATION TRUST,C_100,General Surgery Service,"2,076","1,693",81.60%,7.7,27.6,13,1
Y63,RFF,BARNSLEY HOSPITAL NHS FOUNDATION TRUST,C_101,Urology Service,"1,013",789,77.90%,9.3,30.2,5,0
Y63,RFF,BARNSLEY HOSPITAL NHS FOUNDATION TRUST,C_110,Trauma and Orthopaedic Service,"2,015","1,322",65.60%,12.8,38.1,23,1
Y63,RFF,BARNSLEY HOSPITAL NHS FOUNDATION TRUST,C_120,Ear Nose and Throat Service,"2,221","1,850",83.30%,9.9,21.7,1,0
Y63,RFF,BARNSLEY HOSPITAL NHS FOUNDATION TRUST,C_130,Ophthalmology Service,"2,142","1,922",89.70%,7.1,19.8,3,0
Y63,RFF,BARNSLEY HOSPITAL NHS FOUNDATION TRUST,C_140,Oral Surgery Service,"1,927","1,153",59.80%,13.8,39.6,8,0
Y63,RFF,BARNSLEY HOSPITAL NHS FOUNDATION TRUST,C_150,Neurosurgical Service, -   , -   , -   ,-,-,0,0
Y63,RFF,BARNSLEY HOSPITAL NHS FOUNDATION TRUST,C_160,Plastic Surgery Service,56,39,69.60%,14.3,25.5,0,0
Y63,RFF,BARNSLEY HOSPITAL NHS FOUNDATION TRUST,C_170,Cardiothoracic Surgery Service, -   , -   , -   ,-,-,0,0
Y63,RFF,BARNSLEY HOSPITAL NHS FOUNDATION TRUST,C_300,General Internal Medicine Service,10,10,100.00%,-,-,0,0
Y63,RFF,BARNSLEY HOSPITAL NHS FOUNDATION TRUST,C_301,Gastroenterology Service,"1,073","1,020",95.10%,5.5,14.7,0,0
Y63,RFF,BARNSLEY HOSPITAL NHS FOUNDATION TRUST,C_320,Cardiology Service,660,635,96.20%,7,15,0,0
Y63,RFF,BARNSLEY HOSPITAL NHS FOUNDATION TRUST,C_330,Dermatology Service,"2,190","1,507",68.80%,12,29,1,0
Y63,RFF,BARNSLEY HOSPITAL NHS FOUNDATION TRUST,C_340,Respiratory Medicine Service,442,418,94.60%,6.3,15.7,0,0
Y63,RFF,BARNSLEY HOSPITAL NHS FOUNDATION TRUST,C_400,Neurology Service, -   , -   , -   ,-,-,0,0
Y63,RFF,BARNSLEY HOSPITAL NHS FOUNDATION TRUST,C_410,Rheumatology Service,137,130,94.90%,5.1,16,0,0
Y63,RFF,BARNSLEY HOSPITAL NHS FOUNDATION TRUST,C_430,Elderly Medicine Service,163,154,94.50%,6.8,16.4,0,0
Y63,RFF,BARNSLEY HOSPITAL NHS FOUNDATION TRUST,C_502,Gynaecology Service,"1,238","1,124",90.80%,5.9,20.1,1,0
Y63,RFF,BARNSLEY HOSPITAL NHS FOUNDATION TRUST,X02,Other - Medical Services,379,354,93.40%,5.9,17.1,0,0
Y63,RFF,BARNSLEY HOSPITAL NHS FOUNDATION TRUST,X03,Other - Mental Health Services, -   , -   , -   ,-,-,0,0
Y63,RFF,BARNSLEY HOSPITAL NHS FOUNDATION TRUST,X04,Other - Paediatric Services,764,729,95.40%,8.3,16.9,0,0
Y63,RFF,BARNSLEY HOSPITAL NHS FOUNDATION TRUST,X05,Other - Surgical Services, -   , -   , -   ,-,-,0,0
Y63,RFF,BARNSLEY HOSPITAL NHS FOUNDATION TRUST,X06,Other - Other Services,162,52,32.10%,28.3,51.6,11,0
Y63,RFR,THE ROTHERHAM NHS FOUNDATION TRUST,C_100,General Surgery Service,"1,270",877,69.10%,12.2,40.3,18,0
Y63,RFR,THE ROTHERHAM NHS FOUNDATION TRUST,C_101,Urology Service,"1,369","1,046",76.40%,9.6,31.9,23,2
Y63,RFR,THE ROTHERHAM NHS FOUNDATION TRUST,C_110,Trauma and Orthopaedic Service,"3,145","1,987",63.20%,13.3,41.6,51,0
Y63,RFR,THE ROTHERHAM NHS FOUNDATION TRUST,C_120,Ear Nose and Throat Service,"1,580","1,331",84.20%,7.6,22,5,1
Y63,RFR,THE ROTHERHAM NHS FOUNDATION TRUST,C_130,Ophthalmology Service,"2,815","1,797",63.80%,13,34.4,5,1
Y63,RFR,THE ROTHERHAM NHS FOUNDATION TRUST,C_140,Oral Surgery Service,"2,583","1,570",60.80%,14.1,36.8,8,0
Y63,RFR,THE ROTHERHAM NHS FOUNDATION TRUST,C_150,Neurosurgical Service, -   , -   , -   ,-,-,0,0
Y63,RFR,THE ROTHERHAM NHS FOUNDATION TRUST,C_160,Plastic Surgery Service, -   , -   , -   ,-,-,0,0
Y63,RFR,THE ROTHERHAM NHS FOUNDATION TRUST,C_170,Cardiothoracic Surgery Service, -   , -   , -   ,-,-,0,0
Y63,RFR,THE ROTHERHAM NHS FOUNDATION TRUST,C_300,General Internal Medicine Service,91,91,100.00%,6.6,10.4,0,0
Y63,RFR,THE ROTHERHAM NHS FOUNDATION TRUST,C_301,Gastroenterology Service,"1,084",692,63.80%,12.1,36.8,9,0
Y63,RFR,THE ROTHERHAM NHS FOUNDATION TRUST,C_320,Cardiology Service,"1,432","1,082",75.60%,10.7,26.6,0,0
Y63,RFR,THE ROTHERHAM NHS FOUNDATION TRUST,C_330,Dermatology Service,"2,506","1,679",67.00%,12.2,30.7,0,0
Y63,RFR,THE ROTHERHAM NHS FOUNDATION TRUST,C_340,Respiratory Medicine Service,"1,137",938,82.50%,8.8,24.3,2,0
Y63,RFR,THE ROTHERHAM NHS FOUNDATION TRUST,C_400,Neurology Service, -   , -   , -   ,-,-,0,0
Y63,RFR,THE ROTHERHAM NHS FOUNDATION TRUST,C_410,Rheumatology Service,679,605,89.10%,8.5,20.5,3,0
Y63,RFR,THE ROTHERHAM NHS FOUNDATION TRUST,C_430,Elderly Medicine Service,60,60,100.00%,6.1,16.1,0,0
Y63,RFR,THE ROTHERHAM NHS FOUNDATION TRUST,C_502,Gynaecology Service,"2,152","1,343",62.40%,14.1,39.5,53,0
Y63,RFR,THE ROTHERHAM NHS FOUNDATION TRUST,X02,Other - Medical Services,574,461,80.30%,8.9,23.8,0,0
Y63,RFR,THE ROTHERHAM NHS FOUNDATION TRUST,X03,Other - Mental Health Services, -   , -   , -   ,-,-,0,0
Y63,RFR,THE ROTHERHAM NHS FOUNDATION TRUST,X04,Other - Paediatric Services,820,584,71.20%,11.3,24.1,0,0
Y63,RFR,THE ROTHERHAM NHS FOUNDATION TRUST,X05,Other - Surgical Services,"2,070","1,630",78.70%,8.8,25.6,6,0
Y63,RFR,THE ROTHERHAM NHS FOUNDATION TRUST,X06,Other - Other Services, -   , -   , -   ,-,-,0,0
Y63,RHQ,SHEFFIELD TEACHING HOSPITALS NHS FOUNDATION TRUST,C_100,General Surgery Service,"1,216",614,50.50%,17.7,66.5,198,47
Y63,RHQ,SHEFFIELD TEACHING HOSPITALS NHS FOUNDATION TRUST,C_101,Urology Service,"3,529","2,332",66.10%,11.3,36.8,55,1
Y63,RHQ,SHEFFIELD TEACHING HOSPITALS NHS FOUNDATION TRUST,C_110,Trauma and Orthopaedic Service,"6,594","3,500",53.10%,16.6,59.5,688,212
Y63,RHQ,SHEFFIELD TEACHING HOSPITALS NHS FOUNDATION TRUST,C_120,Ear Nose and Throat Service,"4,386","2,620",59.70%,14.1,40.5,52,3
Y63,RHQ,SHEFFIELD TEACHING HOSPITALS NHS FOUNDATION TRUST,C_130,Ophthalmology Service,"4,966","4,314",86.90%,7.3,22.4,7,0
Y63,RHQ,SHEFFIELD TEACHING HOSPITALS NHS FOUNDATION TRUST,C_140,Oral Surgery Service,"4,832","2,585",53.50%,16.4,42.9,158,2
Y63,RHQ,SHEFFIELD TEACHING HOSPITALS NHS FOUNDATION TRUST,C_150,Neurosurgical Service,"2,178","1,235",56.70%,15,49.1,155,33
Y63,RHQ,SHEFFIELD TEACHING HOSPITALS NHS FOUNDATION TRUST,C_160,Plastic Surgery Service,"2,112","1,512",71.60%,10.1,39.3,95,19
Y63,RHQ,SHEFFIELD TEACHING HOSPITALS NHS FOUNDATION TRUST,C_170,Cardiothoracic Surgery Service,521,382,73.30%,10.4,30.9,5,0
Y63,RHQ,SHEFFIELD TEACHING HOSPITALS NHS FOUNDATION TRUST,C_300,General Internal Medicine Service,8,8,100.00%,-,-,0,0
Y63,RHQ,SHEFFIELD TEACHING HOSPITALS NHS FOUNDATION TRUST,C_301,Gastroenterology Service,"4,521","3,510",77.60%,9.4,26.7,5,0
Y63,RHQ,SHEFFIELD TEACHING HOSPITALS NHS FOUNDATION TRUST,C_320,Cardiology Service,"4,803","3,323",69.20%,11.2,39.9,191,35
Y63,RHQ,SHEFFIELD TEACHING HOSPITALS NHS FOUNDATION TRUST,C_330,Dermatology Service,"5,414","3,187",58.90%,14.3,53.7,496,0
Y63,RHQ,SHEFFIELD TEACHING HOSPITALS NHS FOUNDATION TRUST,C_340,Respiratory Medicine Service,"1,542","1,271",82.40%,7.8,24,1,0
Y63,RHQ,SHEFFIELD TEACHING HOSPITALS NHS FOUNDATION TRUST,C_400,Neurology Service,"7,250","4,777",65.90%,11.4,35.8,61,1
Y63,RHQ,SHEFFIELD TEACHING HOSPITALS NHS FOUNDATION TRUST,C_410,Rheumatology Service,940,881,93.70%,5.9,16.5,2,1
Y63,RHQ,SHEFFIELD TEACHING HOSPITALS NHS FOUNDATION TRUST,C_430,Elderly Medicine Service,126,125,99.20%,5.9,12.3,0,0
Y63,RHQ,SHEFFIELD TEACHING HOSPITALS NHS FOUNDATION TRUST,C_502,Gynaecology Service,"4,724","3,107",65.80%,11.8,36.6,90,8
Y63,RHQ,SHEFFIELD TEACHING HOSPITALS NHS FOUNDATION TRUST,X02,Other - Medical Services,"8,488","7,022",82.70%,7.7,27,28,1
Y63,RHQ,SHEFFIELD TEACHING HOSPITALS NHS FOUNDATION TRUST,X03,Other - Mental Health Services, -   , -   , -   ,-,-,0,0
Y63,RHQ,SHEFFIELD TEACHING HOSPITALS NHS FOUNDATION TRUST,X04,Other - Paediatric Services, -   , -   , -   ,-,-,0,0
Y63,RHQ,SHEFFIELD TEACHING HOSPITALS NHS FOUNDATION TRUST,X05,Other - Surgical Services,"9,212","6,140",66.70%,10.8,47.8,622,156
Y63,RHQ,SHEFFIELD TEACHING HOSPITALS NHS FOUNDATION TRUST,X06,Other - Other Services,"2,342","2,170",92.70%,7.5,17.6,3,1
Y63,RJL,NORTHERN LINCOLNSHIRE AND GOOLE NHS FOUNDATION TRUST,C_100,General Surgery Service,"4,762","3,328",69.90%,9.8,32.2,27,0
Y63,RJL,NORTHERN LINCOLNSHIRE AND GOOLE NHS FOUNDATION TRUST,C_101,Urology Service,"2,834","1,789",63.10%,12.6,34.7,26,6
Y63,RJL,NORTHERN LINCOLNSHIRE AND GOOLE NHS FOUNDATION TRUST,C_110,Trauma and Orthopaedic Service,"3,260","1,853",56.80%,15.5,41.6,86,14
Y63,RJL,NORTHERN LINCOLNSHIRE AND GOOLE NHS FOUNDATION TRUST,C_120,Ear Nose and Throat Service,"4,356","2,818",64.70%,13.1,34.4,11,0
Y63,RJL,NORTHERN LINCOLNSHIRE AND GOOLE NHS FOUNDATION TRUST,C_130,Ophthalmology Service,"2,785","2,228",80.00%,6.8,27.9,18,0
Y63,RJL,NORTHERN LINCOLNSHIRE AND GOOLE NHS FOUNDATION TRUST,C_140,Oral Surgery Service,"1,895","1,286",67.90%,11.9,32.2,5,2
Y63,RJL,NORTHERN LINCOLNSHIRE AND GOOLE NHS FOUNDATION TRUST,C_150,Neurosurgical Service, -   , -   , -   ,-,-,0,0
Y63,RJL,NORTHERN LINCOLNSHIRE AND GOOLE NHS FOUNDATION TRUST,C_160,Plastic Surgery Service, -   , -   , -   ,-,-,0,0
Y63,RJL,NORTHERN LINCOLNSHIRE AND GOOLE NHS FOUNDATION TRUST,C_170,Cardiothoracic Surgery Service, -   , -   , -   ,-,-,0,0
Y63,RJL,NORTHERN LINCOLNSHIRE AND GOOLE NHS FOUNDATION TRUST,C_300,General Internal Medicine Service,"4,386","2,711",61.80%,13.5,36.9,34,0
Y63,RJL,NORTHERN LINCOLNSHIRE AND GOOLE NHS FOUNDATION TRUST,C_301,Gastroenterology Service, -   , -   , -   ,-,-,0,0
Y63,RJL,NORTHERN LINCOLNSHIRE AND GOOLE NHS FOUNDATION TRUST,C_320,Cardiology Service,"2,733","1,971",72.10%,11.9,28.8,6,0
Y63,RJL,NORTHERN LINCOLNSHIRE AND GOOLE NHS FOUNDATION TRUST,C_330,Dermatology Service,630,476,75.60%,10.2,24.3,0,0
Y63,RJL,NORTHERN LINCOLNSHIRE AND GOOLE NHS FOUNDATION TRUST,C_340,Respiratory Medicine Service,"1,678","1,002",59.70%,14,36.1,27,0
Y63,RJL,NORTHERN LINCOLNSHIRE AND GOOLE NHS FOUNDATION TRUST,C_400,Neurology Service, -   , -   , -   ,-,-,0,0
Y63,RJL,NORTHERN LINCOLNSHIRE AND GOOLE NHS FOUNDATION TRUST,C_410,Rheumatology Service,453,398,87.90%,7.1,21.9,1,0
Y63,RJL,NORTHERN LINCOLNSHIRE AND GOOLE NHS FOUNDATION TRUST,C_430,Elderly Medicine Service,197,194,98.50%,5.3,14.4,0,0
Y63,RJL,NORTHERN LINCOLNSHIRE AND GOOLE NHS FOUNDATION TRUST,C_502,Gynaecology Service,"3,855","2,627",68.10%,10.7,33.3,29,2
Y63,RJL,NORTHERN LINCOLNSHIRE AND GOOLE NHS FOUNDATION TRUST,X02,Other - Medical Services,250,225,90.00%,6.1,18.8,0,0
Y63,RJL,NORTHERN LINCOLNSHIRE AND GOOLE NHS FOUNDATION TRUST,X03,Other - Mental Health Services, -   , -   , -   ,-,-,0,0
Y63,RJL,NORTHERN LINCOLNSHIRE AND GOOLE NHS FOUNDATION TRUST,X04,Other - Paediatric Services,2,2,100.00%,-,-,0,0
Y63,RJL,NORTHERN LINCOLNSHIRE AND GOOLE NHS FOUNDATION TRUST,X05,Other - Surgical Services,"2,081","1,484",71.30%,11.7,29.3,3,1
Y63,RJL,NORTHERN LINCOLNSHIRE AND GOOLE NHS FOUNDATION TRUST,X06,Other - Other Services,810,368,45.40%,20.1,58.3,105,12
Y63,RNN,NORTH CUMBRIA INTEGRATED CARE NHS FOUNDATION TRUST,C_100,General Surgery Service,913,478,52.40%,16.7,47.5,48,0
Y63,RNN,NORTH CUMBRIA INTEGRATED CARE NHS FOUNDATION TRUST,C_101,Urology Service,"2,134","1,132",53.00%,16.6,37.3,57,13
Y63,RNN,NORTH CUMBRIA INTEGRATED CARE NHS FOUNDATION TRUST,C_110,Trauma and Orthopaedic Service,"2,006","1,222",60.90%,14,44.9,82,3
Y63,RNN,NORTH CUMBRIA INTEGRATED CARE NHS FOUNDATION TRUST,C_120,Ear Nose and Throat Service,"3,743","2,106",56.30%,15.9,33.8,61,1
Y63,RNN,NORTH CUMBRIA INTEGRATED CARE NHS FOUNDATION TRUST,C_130,Ophthalmology Service,"3,886","2,023",52.10%,17.1,38,25,0
Y63,RNN,NORTH CUMBRIA INTEGRATED CARE NHS FOUNDATION TRUST,C_140,Oral Surgery Service,"2,025",876,43.30%,21.5,43.5,25,0
Y63,RNN,NORTH CUMBRIA INTEGRATED CARE NHS FOUNDATION TRUST,C_150,Neurosurgical Service, -   , -   , -   ,-,-,0,0
Y63,RNN,NORTH CUMBRIA INTEGRATED CARE NHS FOUNDATION TRUST,C_160,Plastic Surgery Service, -   , -   , -   ,-,-,0,0
Y63,RNN,NORTH CUMBRIA INTEGRATED CARE NHS FOUNDATION TRUST,C_170,Cardiothoracic Surgery Service, -   , -   , -   ,-,-,0,0
Y63,RNN,NORTH CUMBRIA INTEGRATED CARE NHS FOUNDATION TRUST,C_300,General Internal Medicine Service,69,58,84.10%,12,22.5,0,0
Y63,RNN,NORTH CUMBRIA INTEGRATED CARE NHS FOUNDATION TRUST,C_301,Gastroenterology Service,"2,342","1,327",56.70%,16,42.6,59,1
Y63,RNN,NORTH CUMBRIA INTEGRATED CARE NHS FOUNDATION TRUST,C_320,Cardiology Service,"2,716","1,387",51.10%,17.4,39.9,52,1
Y63,RNN,NORTH CUMBRIA INTEGRATED CARE NHS FOUNDATION TRUST,C_330,Dermatology Service,"1,749","1,212",69.30%,10.8,47,83,1
Y63,RNN,NORTH CUMBRIA INTEGRATED CARE NHS FOUNDATION TRUST,C_340,Respiratory Medicine Service,694,468,67.40%,11.8,27.1,1,0
Y63,RNN,NORTH CUMBRIA INTEGRATED CARE NHS FOUNDATION TRUST,C_400,Neurology Service,"1,587","1,044",65.80%,13.5,44.6,49,6
Y63,RNN,NORTH CUMBRIA INTEGRATED CARE NHS FOUNDATION TRUST,C_410,Rheumatology Service,643,468,72.80%,10.3,31.6,7,0
Y63,RNN,NORTH CUMBRIA INTEGRATED CARE NHS FOUNDATION TRUST,C_430,Elderly Medicine Service,154,124,80.50%,7.8,25.8,1,0
Y63,RNN,NORTH CUMBRIA INTEGRATED CARE NHS FOUNDATION TRUST,C_502,Gynaecology Service,"2,582","1,853",71.80%,11.3,37.5,70,0
Y63,RNN,NORTH CUMBRIA INTEGRATED CARE NHS FOUNDATION TRUST,X02,Other - Medical Services,"1,299",901,69.40%,11.4,30.4,12,0
Y63,RNN,NORTH CUMBRIA INTEGRATED CARE NHS FOUNDATION TRUST,X03,Other - Mental Health Services, -   , -   , -   ,-,-,0,0
Y63,RNN,NORTH CUMBRIA INTEGRATED CARE NHS FOUNDATION TRUST,X04,Other - Paediatric Services,"1,506","1,140",75.70%,11.5,27.6,8,0
Y63,RNN,NORTH CUMBRIA INTEGRATED CARE NHS FOUNDATION TRUST,X05,Other - Surgical Services,"4,655","3,162",67.90%,10.9,33.6,92,4
Y63,RNN,NORTH CUMBRIA INTEGRATED CARE NHS FOUNDATION TRUST,X06,Other - Other Services,"1,675","1,346",80.40%,7.3,26.9,22,1
Y63,RP5,DONCASTER AND BASSETLAW TEACHING HOSPITALS NHS FOUNDATION TRUST,C_100,General Surgery Service,"3,405","2,553",75.00%,9.9,29.5,2,0
Y63,RP5,DONCASTER AND BASSETLAW TEACHING HOSPITALS NHS FOUNDATION TRUST,C_101,Urology Service,"2,644","1,504",56.90%,14.6,47.7,95,0
Y63,RP5,DONCASTER AND BASSETLAW TEACHING HOSPITALS NHS FOUNDATION TRUST,C_110,Trauma and Orthopaedic Service,"9,087","4,932",54.30%,16.1,53.7,809,44
Y63,RP5,DONCASTER AND BASSETLAW TEACHING HOSPITALS NHS FOUNDATION TRUST,C_120,Ear Nose and Throat Service,"4,754","2,713",57.10%,15.4,37.1,127,10
Y63,RP5,DONCASTER AND BASSETLAW TEACHING HOSPITALS NHS FOUNDATION TRUST,C_130,Ophthalmology Service,"4,262","2,600",61.00%,14.4,37.2,110,12
Y63,RP5,DONCASTER AND BASSETLAW TEACHING HOSPITALS NHS FOUNDATION TRUST,C_140,Oral Surgery Service,"2,901","1,955",67.40%,13.3,27.1,15,3
Y63,RP5,DONCASTER AND BASSETLAW TEACHING HOSPITALS NHS FOUNDATION TRUST,C_150,Neurosurgical Service, -   , -   , -   ,-,-,0,0
Y63,RP5,DONCASTER AND BASSETLAW TEACHING HOSPITALS NHS FOUNDATION TRUST,C_160,Plastic Surgery Service, -   , -   , -   ,-,-,0,0
Y63,RP5,DONCASTER AND BASSETLAW TEACHING HOSPITALS NHS FOUNDATION TRUST,C_170,Cardiothoracic Surgery Service, -   , -   , -   ,-,-,0,0
Y63,RP5,DONCASTER AND BASSETLAW TEACHING HOSPITALS NHS FOUNDATION TRUST,C_300,General Internal Medicine Service,"1,533","1,028",67.10%,12.3,33.6,0,0
Y63,RP5,DONCASTER AND BASSETLAW TEACHING HOSPITALS NHS FOUNDATION TRUST,C_301,Gastroenterology Service,"1,569","1,318",84.00%,8,22.5,1,0
Y63,RP5,DONCASTER AND BASSETLAW TEACHING HOSPITALS NHS FOUNDATION TRUST,C_320,Cardiology Service,"3,109","2,239",72.00%,11.2,30.9,15,0
Y63,RP5,DONCASTER AND BASSETLAW TEACHING HOSPITALS NHS FOUNDATION TRUST,C_330,Dermatology Service,"3,750","2,684",71.60%,10.6,27.4,0,0
Y63,RP5,DONCASTER AND BASSETLAW TEACHING HOSPITALS NHS FOUNDATION TRUST,C_340,Respiratory Medicine Service,"1,656","1,182",71.40%,11.5,30.8,2,0
Y63,RP5,DONCASTER AND BASSETLAW TEACHING HOSPITALS NHS FOUNDATION TRUST,C_400,Neurology Service, -   , -   , -   ,-,-,0,0
Y63,RP5,DONCASTER AND BASSETLAW TEACHING HOSPITALS NHS FOUNDATION TRUST,C_410,Rheumatology Service,"1,067",766,71.80%,12.8,27.3,0,0
Y63,RP5,DONCASTER AND BASSETLAW TEACHING HOSPITALS NHS FOUNDATION TRUST,C_430,Elderly Medicine Service,190,177,93.20%,6.4,17,0,0
Y63,RP5,DONCASTER AND BASSETLAW TEACHING HOSPITALS NHS FOUNDATION TRUST,C_502,Gynaecology Service,"3,964","2,608",65.80%,11.1,45.4,167,3
Y63,RP5,DONCASTER AND BASSETLAW TEACHING HOSPITALS NHS FOUNDATION TRUST,X02,Other - Medical Services,"4,019","3,318",82.60%,8.8,23.9,2,0
Y63,RP5,DONCASTER AND BASSETLAW TEACHING HOSPITALS NHS FOUNDATION TRUST,X03,Other - Mental Health Services,6,1,16.70%,-,-,1,0
Y63,RP5,DONCASTER AND BASSETLAW TEACHING HOSPITALS NHS FOUNDATION TRUST,X04,Other - Paediatric Services,267,216,80.90%,9.3,23.4,0,0
Y63,RP5,DONCASTER AND BASSETLAW TEACHING HOSPITALS NHS FOUNDATION TRUST,X05,Other - Surgical Services,"1,865","1,385",74.30%,9.1,36.9,19,1
Y63,RP5,DONCASTER AND BASSETLAW TEACHING HOSPITALS NHS FOUNDATION TRUST,X06,Other - Other Services,553,335,60.60%,14.3,40.4,17,0
Y63,RR7,GATESHEAD HEALTH NHS FOUNDATION TRUST,C_100,General Surgery Service,"2,183","1,702",78.00%,8.5,29.8,10,1
Y63,RR7,GATESHEAD HEALTH NHS FOUNDATION TRUST,C_101,Urology Service,710,536,75.50%,9.9,28.9,1,0
Y63,RR7,GATESHEAD HEALTH NHS FOUNDATION TRUST,C_110,Trauma and Orthopaedic Service,"1,589","1,018",64.10%,14.2,38.2,28,0
Y63,RR7,GATESHEAD HEALTH NHS FOUNDATION TRUST,C_120,Ear Nose and Throat Service, -   , -   , -   ,-,-,0,0
Y63,RR7,GATESHEAD HEALTH NHS FOUNDATION TRUST,C_130,Ophthalmology Service, -   , -   , -   ,-,-,0,0
Y63,RR7,GATESHEAD HEALTH NHS FOUNDATION TRUST,C_140,Oral Surgery Service, -   , -   , -   ,-,-,0,0
Y63,RR7,GATESHEAD HEALTH NHS FOUNDATION TRUST,C_150,Neurosurgical Service, -   , -   , -   ,-,-,0,0
Y63,RR7,GATESHEAD HEALTH NHS FOUNDATION TRUST,C_160,Plastic Surgery Service, -   , -   , -   ,-,-,0,0
Y63,RR7,GATESHEAD HEALTH NHS FOUNDATION TRUST,C_170,Cardiothoracic Surgery Service, -   , -   , -   ,-,-,0,0
Y63,RR7,GATESHEAD HEALTH NHS FOUNDATION TRUST,C_300,General Internal Medicine Service,20,19,95.00%,10.8,17.4,0,0
Y63,RR7,GATESHEAD HEALTH NHS FOUNDATION TRUST,C_301,Gastroenterology Service,"1,429","1,263",88.40%,9.5,21.3,4,0
Y63,RR7,GATESHEAD HEALTH NHS FOUNDATION TRUST,C_320,Cardiology Service,785,565,72.00%,11.1,32.8,5,0
Y63,RR7,GATESHEAD HEALTH NHS FOUNDATION TRUST,C_330,Dermatology Service, -   , -   , -   ,-,-,0,0
Y63,RR7,GATESHEAD HEALTH NHS FOUNDATION TRUST,C_340,Respiratory Medicine Service,752,510,67.80%,12.4,38.6,3,0
Y63,RR7,GATESHEAD HEALTH NHS FOUNDATION TRUST,C_400,Neurology Service, -   , -   , -   ,-,-,0,0
Y63,RR7,GATESHEAD HEALTH NHS FOUNDATION TRUST,C_410,Rheumatology Service,335,280,83.60%,8.8,23.5,0,0
Y63,RR7,GATESHEAD HEALTH NHS FOUNDATION TRUST,C_430,Elderly Medicine Service,289,256,88.60%,6.6,22.3,0,0
Y63,RR7,GATESHEAD HEALTH NHS FOUNDATION TRUST,C_502,Gynaecology Service,"1,578","1,231",78.00%,10,27.3,1,0
Y63,RR7,GATESHEAD HEALTH NHS FOUNDATION TRUST,X02,Other - Medical Services,"1,202",895,74.50%,9.7,38.8,22,0
Y63,RR7,GATESHEAD HEALTH NHS FOUNDATION TRUST,X03,Other - Mental Health Services,447,222,49.70%,18.3,44.1,0,0
Y63,RR7,GATESHEAD HEALTH NHS FOUNDATION TRUST,X04,Other - Paediatric Services, -   , -   , -   ,-,-,0,0
Y63,RR7,GATESHEAD HEALTH NHS FOUNDATION TRUST,X05,Other - Surgical Services,12,11,91.70%,-,-,0,0
Y63,RR7,GATESHEAD HEALTH NHS FOUNDATION TRUST,X06,Other - Other Services,911,688,75.50%,8.6,32.4,7,0
Y63,RR8,LEEDS TEACHING HOSPITALS NHS TRUST,C_100,General Surgery Service,"1,798","1,239",68.90%,11.6,50.5,132,19
Y63,RR8,LEEDS TEACHING HOSPITALS NHS TRUST,C_101,Urology Service,"3,350","2,235",66.70%,10.8,41.5,116,14
Y63,RR8,LEEDS TEACHING HOSPITALS NHS TRUST,C_110,Trauma and Orthopaedic Service,"6,239","3,394",54.40%,16.2,47.5,365,69
Y63,RR8,LEEDS TEACHING HOSPITALS NHS TRUST,C_120,Ear Nose and Throat Service,"2,491","1,596",64.10%,10.2,46.5,130,27
Y63,RR8,LEEDS TEACHING HOSPITALS NHS TRUST,C_130,Ophthalmology Service,"5,450","3,841",70.50%,10.8,35.6,18,0
Y63,RR8,LEEDS TEACHING HOSPITALS NHS TRUST,C_140,Oral Surgery Service,"2,459","1,489",60.60%,14,37.9,40,7
Y63,RR8,LEEDS TEACHING HOSPITALS NHS TRUST,C_150,Neurosurgical Service,418,273,65.30%,13.1,46.6,25,5
Y63,RR8,LEEDS TEACHING HOSPITALS NHS TRUST,C_160,Plastic Surgery Service,"2,812","1,323",47.00%,20,51.7,218,1
Y63,RR8,LEEDS TEACHING HOSPITALS NHS TRUST,C_170,Cardiothoracic Surgery Service,535,414,77.40%,8.7,29.6,9,0
Y63,RR8,LEEDS TEACHING HOSPITALS NHS TRUST,C_300,General Internal Medicine Service,10,5,50.00%,-,-,1,0
Y63,RR8,LEEDS TEACHING HOSPITALS NHS TRUST,C_301,Gastroenterology Service,"2,383","2,143",89.90%,6.1,21.2,22,11
Y63,RR8,LEEDS TEACHING HOSPITALS NHS TRUST,C_320,Cardiology Service,"3,240","3,051",94.20%,6.1,16.3,0,0
Y63,RR8,LEEDS TEACHING HOSPITALS NHS TRUST,C_330,Dermatology Service,"6,326","4,401",69.60%,10.2,34.2,40,0
Y63,RR8,LEEDS TEACHING HOSPITALS NHS TRUST,C_340,Respiratory Medicine Service,882,793,89.90%,6.7,20.5,0,0
Y63,RR8,LEEDS TEACHING HOSPITALS NHS TRUST,C_400,Neurology Service,"2,145","1,788",83.40%,9.4,21.9,1,0
Y63,RR8,LEEDS TEACHING HOSPITALS NHS TRUST,C_410,Rheumatology Service,"3,120","2,149",68.90%,12.2,31.3,0,0
Y63,RR8,LEEDS TEACHING HOSPITALS NHS TRUST,C_430,Elderly Medicine Service,77,76,98.70%,4.6,14.2,0,0
Y63,RR8,LEEDS TEACHING HOSPITALS NHS TRUST,C_502,Gynaecology Service,"9,940","5,888",59.20%,14.7,41.6,209,15
Y63,RR8,LEEDS TEACHING HOSPITALS NHS TRUST,X02,Other - Medical Services,"12,811","8,874",69.30%,10.5,33.9,113,2
Y63,RR8,LEEDS TEACHING HOSPITALS NHS TRUST,X03,Other - Mental Health Services, -   , -   , -   ,-,-,0,0
Y63,RR8,LEEDS TEACHING HOSPITALS NHS TRUST,X04,Other - Paediatric Services,"10,773","5,830",54.10%,16,45.5,574,85
Y63,RR8,LEEDS TEACHING HOSPITALS NHS TRUST,X05,Other - Surgical Services,"11,209","5,914",52.80%,16.6,59.4,"1,271",154
Y63,RR8,LEEDS TEACHING HOSPITALS NHS TRUST,X06,Other - Other Services,865,767,88.70%,4.4,36.8,55,22
Y63,RTD,THE NEWCASTLE UPON TYNE HOSPITALS NHS FOUNDATION TRUST,C_100,General Surgery Service,804,733,91.20%,7.7,19.5,0,0
Y63,RTD,THE NEWCASTLE UPON TYNE HOSPITALS NHS FOUNDATION TRUST,C_101,Urology Service,"3,859","2,558",66.30%,12.2,55.5,345,111
Y63,RTD,THE NEWCASTLE UPON TYNE HOSPITALS NHS FOUNDATION TRUST,C_110,Trauma and Orthopaedic Service,"8,850","5,350",60.50%,13.7,55.5,831,176
Y63,RTD,THE NEWCASTLE UPON TYNE HOSPITALS NHS FOUNDATION TRUST,C_120,Ear Nose and Throat Service,"9,044","5,960",65.90%,13.1,32.9,53,2
Y63,RTD,THE NEWCASTLE UPON TYNE HOSPITALS NHS FOUNDATION TRUST,C_130,Ophthalmology Service,"11,944","6,830",57.20%,14.8,54.8,"1,163",79
Y63,RTD,THE NEWCASTLE UPON TYNE HOSPITALS NHS FOUNDATION TRUST,C_140,Oral Surgery Service,"2,179","1,867",85.70%,8.7,21.4,0,0
Y63,RTD,THE NEWCASTLE UPON TYNE HOSPITALS NHS FOUNDATION TRUST,C_150,Neurosurgical Service,882,746,84.60%,9.3,29,8,2
Y63,RTD,THE NEWCASTLE UPON TYNE HOSPITALS NHS FOUNDATION TRUST,C_160,Plastic Surgery Service,"1,899","1,156",60.90%,13.7,49.6,135,19
Y63,RTD,THE NEWCASTLE UPON TYNE HOSPITALS NHS FOUNDATION TRUST,C_170,Cardiothoracic Surgery Service,142,127,89.40%,9.4,20.9,1,0
Y63,RTD,THE NEWCASTLE UPON TYNE HOSPITALS NHS FOUNDATION TRUST,C_300,General Internal Medicine Service,"1,387","1,056",76.10%,11.2,26,2,0
Y63,RTD,THE NEWCASTLE UPON TYNE HOSPITALS NHS FOUNDATION TRUST,C_301,Gastroenterology Service,"1,399","1,125",80.40%,9,24.4,3,0
Y63,RTD,THE NEWCASTLE UPON TYNE HOSPITALS NHS FOUNDATION TRUST,C_320,Cardiology Service,"4,159","3,963",95.30%,7.4,16.6,1,0
Y63,RTD,THE NEWCASTLE UPON TYNE HOSPITALS NHS FOUNDATION TRUST,C_330,Dermatology Service,"11,137","5,713",51.30%,17,61.3,"1,508",182
Y63,RTD,THE NEWCASTLE UPON TYNE HOSPITALS NHS FOUNDATION TRUST,C_340,Respiratory Medicine Service,"1,768","1,366",77.30%,10,41.9,68,7
Y63,RTD,THE NEWCASTLE UPON TYNE HOSPITALS NHS FOUNDATION TRUST,C_400,Neurology Service,"2,323","1,945",83.70%,9.3,26.1,4,0
Y63,RTD,THE NEWCASTLE UPON TYNE HOSPITALS NHS FOUNDATION TRUST,C_410,Rheumatology Service,"1,751","1,178",67.30%,12,43,32,0
Y63,RTD,THE NEWCASTLE UPON TYNE HOSPITALS NHS FOUNDATION TRUST,C_430,Elderly Medicine Service,565,435,77.00%,9.3,24.8,5,0
Y63,RTD,THE NEWCASTLE UPON TYNE HOSPITALS NHS FOUNDATION TRUST,C_502,Gynaecology Service,"5,940","3,556",59.90%,14.5,39.2,191,28
Y63,RTD,THE NEWCASTLE UPON TYNE HOSPITALS NHS FOUNDATION TRUST,X02,Other - Medical Services,"9,813","8,355",85.10%,7.7,24.3,9,0
Y63,RTD,THE NEWCASTLE UPON TYNE HOSPITALS NHS FOUNDATION TRUST,X03,Other - Mental Health Services,429,429,100.00%,6.6,15.6,0,0
Y63,RTD,THE NEWCASTLE UPON TYNE HOSPITALS NHS FOUNDATION TRUST,X04,Other - Paediatric Services,"7,281","6,092",83.70%,8.6,25.8,87,7
Y63,RTD,THE NEWCASTLE UPON TYNE HOSPITALS NHS FOUNDATION TRUST,X05,Other - Surgical Services,"8,032","5,904",73.50%,10.2,35,191,16
Y63,RTD,THE NEWCASTLE UPON TYNE HOSPITALS NHS FOUNDATION TRUST,X06,Other - Other Services,"4,168","3,584",86.00%,7.9,22.5,15,2
Y63,RTF,NORTHUMBRIA HEALTHCARE NHS FOUNDATION TRUST,C_100,General Surgery Service,"6,798","5,929",87.20%,9.2,22.5,0,0
Y63,RTF,NORTHUMBRIA HEALTHCARE NHS FOUNDATION TRUST,C_101,Urology Service,"3,320","2,341",70.50%,11.7,36.4,5,0
Y63,RTF,NORTHUMBRIA HEALTHCARE NHS FOUNDATION TRUST,C_110,Trauma and Orthopaedic Service,"7,811","5,980",76.60%,10.6,29.4,2,0
Y63,RTF,NORTHUMBRIA HEALTHCARE NHS FOUNDATION TRUST,C_120,Ear Nose and Throat Service, -   , -   , -   ,-,-,0,0
Y63,RTF,NORTHUMBRIA HEALTHCARE NHS FOUNDATION TRUST,C_130,Ophthalmology Service, -   , -   , -   ,-,-,0,0
Y63,RTF,NORTHUMBRIA HEALTHCARE NHS FOUNDATION TRUST,C_140,Oral Surgery Service,808,655,81.10%,9.9,27.1,0,0
Y63,RTF,NORTHUMBRIA HEALTHCARE NHS FOUNDATION TRUST,C_150,Neurosurgical Service, -   , -   , -   ,-,-,0,0
Y63,RTF,NORTHUMBRIA HEALTHCARE NHS FOUNDATION TRUST,C_160,Plastic Surgery Service,"1,386",938,67.70%,12,40.4,0,0
Y63,RTF,NORTHUMBRIA HEALTHCARE NHS FOUNDATION TRUST,C_170,Cardiothoracic Surgery Service, -   , -   , -   ,-,-,0,0
Y63,RTF,NORTHUMBRIA HEALTHCARE NHS FOUNDATION TRUST,C_300,General Internal Medicine Service,"1,153","1,105",95.80%,6.7,16.8,0,0
Y63,RTF,NORTHUMBRIA HEALTHCARE NHS FOUNDATION TRUST,C_301,Gastroenterology Service,"1,375","1,315",95.60%,8.5,16.8,0,0
Y63,RTF,NORTHUMBRIA HEALTHCARE NHS FOUNDATION TRUST,C_320,Cardiology Service,"1,791","1,638",91.50%,8.5,18.3,0,0
Y63,RTF,NORTHUMBRIA HEALTHCARE NHS FOUNDATION TRUST,C_330,Dermatology Service, -   , -   , -   ,-,-,0,0
Y63,RTF,NORTHUMBRIA HEALTHCARE NHS FOUNDATION TRUST,C_340,Respiratory Medicine Service,"1,890","1,684",89.10%,9.1,20.7,0,0
Y63,RTF,NORTHUMBRIA HEALTHCARE NHS FOUNDATION TRUST,C_400,Neurology Service, -   , -   , -   ,-,-,0,0
Y63,RTF,NORTHUMBRIA HEALTHCARE NHS FOUNDATION TRUST,C_410,Rheumatology Service,930,781,84.00%,9.5,23.7,0,0
Y63,RTF,NORTHUMBRIA HEALTHCARE NHS FOUNDATION TRUST,C_430,Elderly Medicine Service,941,925,98.30%,5.9,15.9,0,0
Y63,RTF,NORTHUMBRIA HEALTHCARE NHS FOUNDATION TRUST,C_502,Gynaecology Service,"2,734","2,447",89.50%,8,20.5,0,0
Y63,RTF,NORTHUMBRIA HEALTHCARE NHS FOUNDATION TRUST,X02,Other - Medical Services, -   , -   , -   ,-,-,0,0
Y63,RTF,NORTHUMBRIA HEALTHCARE NHS FOUNDATION TRUST,X03,Other - Mental Health Services, -   , -   , -   ,-,-,0,0
Y63,RTF,NORTHUMBRIA HEALTHCARE NHS FOUNDATION TRUST,X04,Other - Paediatric Services, -   , -   , -   ,-,-,0,0
Y63,RTF,NORTHUMBRIA HEALTHCARE NHS FOUNDATION TRUST,X05,Other - Surgical Services, -   , -   , -   ,-,-,0,0
Y63,RTF,NORTHUMBRIA HEALTHCARE NHS FOUNDATION TRUST,X06,Other - Other Services,"2,336","2,241",95.90%,8,16.7,0,0
Y63,RTR,SOUTH TEES HOSPITALS NHS FOUNDATION TRUST,C_100,General Surgery Service,"1,860","1,128",60.60%,14.3,50.1,127,16
Y63,RTR,SOUTH TEES HOSPITALS NHS FOUNDATION TRUST,C_101,Urology Service,"3,560","2,085",58.60%,14.6,47.1,205,27
Y63,RTR,SOUTH TEES HOSPITALS NHS FOUNDATION TRUST,C_110,Trauma and Orthopaedic Service,"5,111","3,201",62.60%,14.3,45.4,256,24
Y63,RTR,SOUTH TEES HOSPITALS NHS FOUNDATION TRUST,C_120,Ear Nose and Throat Service,"4,970","2,774",55.80%,15.8,39.2,145,12
Y63,RTR,SOUTH TEES HOSPITALS NHS FOUNDATION TRUST,C_130,Ophthalmology Service,"3,984","2,628",66.00%,11.9,37.7,72,3
Y63,RTR,SOUTH TEES HOSPITALS NHS FOUNDATION TRUST,C_140,Oral Surgery Service,"1,784","1,153",64.60%,13.9,36.7,34,1
Y63,RTR,SOUTH TEES HOSPITALS NHS FOUNDATION TRUST,C_150,Neurosurgical Service,866,745,86.00%,8.2,24.5,3,1
Y63,RTR,SOUTH TEES HOSPITALS NHS FOUNDATION TRUST,C_160,Plastic Surgery Service,"1,979","1,358",68.60%,10.4,38.7,18,0
Y63,RTR,SOUTH TEES HOSPITALS NHS FOUNDATION TRUST,C_170,Cardiothoracic Surgery Service,205,166,81.00%,8.8,30.3,2,0
Y63,RTR,SOUTH TEES HOSPITALS NHS FOUNDATION TRUST,C_300,General Internal Medicine Service,86,86,100.00%,4.1,11.1,0,0
Y63,RTR,SOUTH TEES HOSPITALS NHS FOUNDATION TRUST,C_301,Gastroenterology Service,"1,729","1,106",64.00%,14.1,30.6,3,0
Y63,RTR,SOUTH TEES HOSPITALS NHS FOUNDATION TRUST,C_320,Cardiology Service,"1,484","1,059",71.40%,9.7,33,7,0
Y63,RTR,SOUTH TEES HOSPITALS NHS FOUNDATION TRUST,C_330,Dermatology Service,"2,554","1,916",75.00%,9.5,27.9,18,0
Y63,RTR,SOUTH TEES HOSPITALS NHS FOUNDATION TRUST,C_340,Respiratory Medicine Service,785,748,95.30%,8.1,16.4,0,0
Y63,RTR,SOUTH TEES HOSPITALS NHS FOUNDATION TRUST,C_400,Neurology Service,"2,983","1,615",54.10%,16.4,47,163,3
Y63,RTR,SOUTH TEES HOSPITALS NHS FOUNDATION TRUST,C_410,Rheumatology Service,898,811,90.30%,8.3,18.8,0,0
Y63,RTR,SOUTH TEES HOSPITALS NHS FOUNDATION TRUST,C_430,Elderly Medicine Service,22,19,86.40%,5.8,18.6,0,0
Y63,RTR,SOUTH TEES HOSPITALS NHS FOUNDATION TRUST,C_502,Gynaecology Service,"2,386","1,658",69.50%,11.5,32.8,34,1
Y63,RTR,SOUTH TEES HOSPITALS NHS FOUNDATION TRUST,X02,Other - Medical Services,"4,358","2,791",64.00%,12.1,46.9,202,3
Y63,RTR,SOUTH TEES HOSPITALS NHS FOUNDATION TRUST,X03,Other - Mental Health Services, -   , -   , -   ,-,-,0,0
Y63,RTR,SOUTH TEES HOSPITALS NHS FOUNDATION TRUST,X04,Other - Paediatric Services,"1,629","1,057",64.90%,13.5,39.8,44,0
Y63,RTR,SOUTH TEES HOSPITALS NHS FOUNDATION TRUST,X05,Other - Surgical Services,"2,783","1,993",71.60%,10.6,37.4,95,11
Y63,RTR,SOUTH TEES HOSPITALS NHS FOUNDATION TRUST,X06,Other - Other Services,800,488,61.00%,12.7,44,29,0
Y63,RVW,NORTH TEES AND HARTLEPOOL NHS FOUNDATION TRUST,C_100,General Surgery Service,"1,819","1,385",76.10%,9.2,27.9,8,0
Y63,RVW,NORTH TEES AND HARTLEPOOL NHS FOUNDATION TRUST,C_101,Urology Service,"1,661","1,301",78.30%,10.2,28.6,3,0
Y63,RVW,NORTH TEES AND HARTLEPOOL NHS FOUNDATION TRUST,C_110,Trauma and Orthopaedic Service,"5,885","5,286",89.80%,8.2,19.7,4,0
Y63,RVW,NORTH TEES AND HARTLEPOOL NHS FOUNDATION TRUST,C_120,Ear Nose and Throat Service, -   , -   , -   ,-,-,0,0
Y63,RVW,NORTH TEES AND HARTLEPOOL NHS FOUNDATION TRUST,C_130,Ophthalmology Service, -   , -   , -   ,-,-,0,0
Y63,RVW,NORTH TEES AND HARTLEPOOL NHS FOUNDATION TRUST,C_140,Oral Surgery Service,85,85,100.00%,7,15.2,0,0
Y63,RVW,NORTH TEES AND HARTLEPOOL NHS FOUNDATION TRUST,C_150,Neurosurgical Service, -   , -   , -   ,-,-,0,0
Y63,RVW,NORTH TEES AND HARTLEPOOL NHS FOUNDATION TRUST,C_160,Plastic Surgery Service, -   , -   , -   ,-,-,0,0
Y63,RVW,NORTH TEES AND HARTLEPOOL NHS FOUNDATION TRUST,C_170,Cardiothoracic Surgery Service, -   , -   , -   ,-,-,0,0
Y63,RVW,NORTH TEES AND HARTLEPOOL NHS FOUNDATION TRUST,C_300,General Internal Medicine Service,269,254,94.40%,6.4,15.5,1,0
Y63,RVW,NORTH TEES AND HARTLEPOOL NHS FOUNDATION TRUST,C_301,Gastroenterology Service,920,844,91.70%,6.8,18.2,0,0
Y63,RVW,NORTH TEES AND HARTLEPOOL NHS FOUNDATION TRUST,C_320,Cardiology Service,621,540,87.00%,6.8,21.3,1,0
Y63,RVW,NORTH TEES AND HARTLEPOOL NHS FOUNDATION TRUST,C_330,Dermatology Service, -   , -   , -   ,-,-,0,0
Y63,RVW,NORTH TEES AND HARTLEPOOL NHS FOUNDATION TRUST,C_340,Respiratory Medicine Service,587,446,76.00%,9.4,27.8,0,0
Y63,RVW,NORTH TEES AND HARTLEPOOL NHS FOUNDATION TRUST,C_400,Neurology Service, -   , -   , -   ,-,-,0,0
Y63,RVW,NORTH TEES AND HARTLEPOOL NHS FOUNDATION TRUST,C_410,Rheumatology Service,561,405,72.20%,11.1,26.1,0,0
Y63,RVW,NORTH TEES AND HARTLEPOOL NHS FOUNDATION TRUST,C_430,Elderly Medicine Service,77,77,100.00%,4,8.7,0,0
Y63,RVW,NORTH TEES AND HARTLEPOOL NHS FOUNDATION TRUST,C_502,Gynaecology Service,"2,138","1,552",72.60%,9.9,31.1,10,0
Y63,RVW,NORTH TEES AND HARTLEPOOL NHS FOUNDATION TRUST,X02,Other - Medical Services, -   , -   , -   ,-,-,0,0
Y63,RVW,NORTH TEES AND HARTLEPOOL NHS FOUNDATION TRUST,X03,Other - Mental Health Services, -   , -   , -   ,-,-,0,0
Y63,RVW,NORTH TEES AND HARTLEPOOL NHS FOUNDATION TRUST,X04,Other - Paediatric Services,"1,589",887,55.80%,15.5,38.5,3,0
Y63,RVW,NORTH TEES AND HARTLEPOOL NHS FOUNDATION TRUST,X05,Other - Surgical Services,"2,240","1,816",81.10%,5.9,27.4,10,0
Y63,RVW,NORTH TEES AND HARTLEPOOL NHS FOUNDATION TRUST,X06,Other - Other Services,"1,565","1,176",75.10%,9.9,30,9,0
Y63,RWA,HULL UNIVERSITY TEACHING HOSPITALS NHS TRUST,C_100,General Surgery Service,"7,705","4,618",59.90%,13.6,55.9,747,139
Y63,RWA,HULL UNIVERSITY TEACHING HOSPITALS NHS TRUST,C_101,Urology Service,"3,349","2,129",63.60%,12.2,48,216,29
Y63,RWA,HULL UNIVERSITY TEACHING HOSPITALS NHS TRUST,C_110,Trauma and Orthopaedic Service,"3,116","2,022",64.90%,11.4,48.7,209,40
Y63,RWA,HULL UNIVERSITY TEACHING HOSPITALS NHS TRUST,C_120,Ear Nose and Throat Service,"6,122","3,112",50.80%,17.5,53.3,523,38
Y63,RWA,HULL UNIVERSITY TEACHING HOSPITALS NHS TRUST,C_130,Ophthalmology Service,"7,358","4,386",59.60%,13.9,45.6,321,4
Y63,RWA,HULL UNIVERSITY TEACHING HOSPITALS NHS TRUST,C_140,Oral Surgery Service,"3,798","1,793",47.20%,19.5,58.6,454,21
Y63,RWA,HULL UNIVERSITY TEACHING HOSPITALS NHS TRUST,C_150,Neurosurgical Service,"2,468","1,452",58.80%,14.6,48,157,28
Y63,RWA,HULL UNIVERSITY TEACHING HOSPITALS NHS TRUST,C_160,Plastic Surgery Service,"2,824","1,569",55.60%,15.2,62.8,374,84
Y63,RWA,HULL UNIVERSITY TEACHING HOSPITALS NHS TRUST,C_170,Cardiothoracic Surgery Service,393,198,50.40%,17.9,56.3,37,8
Y63,RWA,HULL UNIVERSITY TEACHING HOSPITALS NHS TRUST,C_300,General Internal Medicine Service,195,171,87.70%,6.2,20.5,0,0
Y63,RWA,HULL UNIVERSITY TEACHING HOSPITALS NHS TRUST,C_301,Gastroenterology Service,"3,023","1,919",63.50%,13,40.8,102,9
Y63,RWA,HULL UNIVERSITY TEACHING HOSPITALS NHS TRUST,C_320,Cardiology Service,"4,250","2,455",57.80%,15,41.1,93,2
Y63,RWA,HULL UNIVERSITY TEACHING HOSPITALS NHS TRUST,C_330,Dermatology Service,"3,509","2,136",60.90%,13.5,56,339,53
Y63,RWA,HULL UNIVERSITY TEACHING HOSPITALS NHS TRUST,C_340,Respiratory Medicine Service,"2,162","1,498",69.30%,11.4,36.5,16,0
Y63,RWA,HULL UNIVERSITY TEACHING HOSPITALS NHS TRUST,C_400,Neurology Service,"3,480","2,354",67.60%,12,32.5,13,0
Y63,RWA,HULL UNIVERSITY TEACHING HOSPITALS NHS TRUST,C_410,Rheumatology Service,"1,480",891,60.20%,14.5,32.2,15,1
Y63,RWA,HULL UNIVERSITY TEACHING HOSPITALS NHS TRUST,C_430,Elderly Medicine Service,84,65,77.40%,9.8,27.1,0,0
Y63,RWA,HULL UNIVERSITY TEACHING HOSPITALS NHS TRUST,C_502,Gynaecology Service,"7,352","3,167",43.10%,23.3,61.5,"1,213",104
Y63,RWA,HULL UNIVERSITY TEACHING HOSPITALS NHS TRUST,X02,Other - Medical Services,"4,648","3,352",72.10%,10.4,30.6,54,2
Y63,RWA,HULL UNIVERSITY TEACHING HOSPITALS NHS TRUST,X03,Other - Mental Health Services,13,11,84.60%,-,-,0,0
Y63,RWA,HULL UNIVERSITY TEACHING HOSPITALS NHS TRUST,X04,Other - Paediatric Services,"1,351",965,71.40%,9.4,33.2,12,0
Y63,RWA,HULL UNIVERSITY TEACHING HOSPITALS NHS TRUST,X05,Other - Surgical Services,"1,491",575,38.60%,30.3,74.3,430,86
Y63,RWA,HULL UNIVERSITY TEACHING HOSPITALS NHS TRUST,X06,Other - Other Services,"1,683","1,360",80.80%,7.5,34.5,51,4
Y63,RWY,CALDERDALE AND HUDDERSFIELD NHS FOUNDATION TRUST,C_100,General Surgery Service,"5,599","3,336",59.60%,12.9,51.2,423,44
Y63,RWY,CALDERDALE AND HUDDERSFIELD NHS FOUNDATION TRUST,C_101,Urology Service,"1,718","1,077",62.70%,13.5,39.9,60,6
Y63,RWY,CALDERDALE AND HUDDERSFIELD NHS FOUNDATION TRUST,C_110,Trauma and Orthopaedic Service,"3,327","2,239",67.30%,11,43.7,140,3
Y63,RWY,CALDERDALE AND HUDDERSFIELD NHS FOUNDATION TRUST,C_120,Ear Nose and Throat Service,"3,232","2,185",67.60%,10.5,55,306,30
Y63,RWY,CALDERDALE AND HUDDERSFIELD NHS FOUNDATION TRUST,C_130,Ophthalmology Service,"2,066","1,370",66.30%,11.6,33.7,37,5
Y63,RWY,CALDERDALE AND HUDDERSFIELD NHS FOUNDATION TRUST,C_140,Oral Surgery Service,"2,211",854,38.60%,24.7,65.3,352,60
Y63,RWY,CALDERDALE AND HUDDERSFIELD NHS FOUNDATION TRUST,C_150,Neurosurgical Service, -   , -   , -   ,-,-,0,0
Y63,RWY,CALDERDALE AND HUDDERSFIELD NHS FOUNDATION TRUST,C_160,Plastic Surgery Service,575,332,57.70%,13.5,55.3,56,4
Y63,RWY,CALDERDALE AND HUDDERSFIELD NHS FOUNDATION TRUST,C_170,Cardiothoracic Surgery Service, -   , -   , -   ,-,-,0,0
Y63,RWY,CALDERDALE AND HUDDERSFIELD NHS FOUNDATION TRUST,C_300,General Internal Medicine Service,216,148,68.50%,10.1,30.1,0,0
Y63,RWY,CALDERDALE AND HUDDERSFIELD NHS FOUNDATION TRUST,C_301,Gastroenterology Service,"2,063","1,336",64.80%,11.4,43.5,80,1
Y63,RWY,CALDERDALE AND HUDDERSFIELD NHS FOUNDATION TRUST,C_320,Cardiology Service,"1,681","1,073",63.80%,12.7,39.4,40,1
Y63,RWY,CALDERDALE AND HUDDERSFIELD NHS FOUNDATION TRUST,C_330,Dermatology Service,756,636,84.10%,4.9,25.2,8,2
Y63,RWY,CALDERDALE AND HUDDERSFIELD NHS FOUNDATION TRUST,C_340,Respiratory Medicine Service,"1,109",694,62.60%,12.2,42.7,28,2
Y63,RWY,CALDERDALE AND HUDDERSFIELD NHS FOUNDATION TRUST,C_400,Neurology Service,"1,866",998,53.50%,16.5,54.2,165,14
Y63,RWY,CALDERDALE AND HUDDERSFIELD NHS FOUNDATION TRUST,C_410,Rheumatology Service,745,566,76.00%,8.1,35.2,27,0
Y63,RWY,CALDERDALE AND HUDDERSFIELD NHS FOUNDATION TRUST,C_430,Elderly Medicine Service,204,122,59.80%,12.6,43.3,1,0
Y63,RWY,CALDERDALE AND HUDDERSFIELD NHS FOUNDATION TRUST,C_502,Gynaecology Service,"2,794","1,529",54.70%,15.9,45.5,156,12
Y63,RWY,CALDERDALE AND HUDDERSFIELD NHS FOUNDATION TRUST,X02,Other - Medical Services,"1,513","1,076",71.10%,9.2,36.7,39,4
Y63,RWY,CALDERDALE AND HUDDERSFIELD NHS FOUNDATION TRUST,X03,Other - Mental Health Services, -   , -   , -   ,-,-,0,0
Y63,RWY,CALDERDALE AND HUDDERSFIELD NHS FOUNDATION TRUST,X04,Other - Paediatric Services,"1,098",925,84.20%,7.9,22.3,1,0
Y63,RWY,CALDERDALE AND HUDDERSFIELD NHS FOUNDATION TRUST,X05,Other - Surgical Services,124,79,63.70%,15.5,29,1,0
Y63,RWY,CALDERDALE AND HUDDERSFIELD NHS FOUNDATION TRUST,X06,Other - Other Services,48,40,83.30%,3.5,30.2,0,0
Y63,RX4,"CUMBRIA, NORTHUMBERLAND, TYNE AND WEAR NHS FOUNDATION TRUST",C_100,General Surgery Service, -   , -   , -   ,-,-,0,0
Y63,RX4,"CUMBRIA, NORTHUMBERLAND, TYNE AND WEAR NHS FOUNDATION TRUST",C_101,Urology Service, -   , -   , -   ,-,-,0,0
Y63,RX4,"CUMBRIA, NORTHUMBERLAND, TYNE AND WEAR NHS FOUNDATION TRUST",C_110,Trauma and Orthopaedic Service, -   , -   , -   ,-,-,0,0
Y63,RX4,"CUMBRIA, NORTHUMBERLAND, TYNE AND WEAR NHS FOUNDATION TRUST",C_120,Ear Nose and Throat Service, -   , -   , -   ,-,-,0,0
Y63,RX4,"CUMBRIA, NORTHUMBERLAND, TYNE AND WEAR NHS FOUNDATION TRUST",C_130,Ophthalmology Service, -   , -   , -   ,-,-,0,0
Y63,RX4,"CUMBRIA, NORTHUMBERLAND, TYNE AND WEAR NHS FOUNDATION TRUST",C_140,Oral Surgery Service, -   , -   , -   ,-,-,0,0
Y63,RX4,"CUMBRIA, NORTHUMBERLAND, TYNE AND WEAR NHS FOUNDATION TRUST",C_150,Neurosurgical Service, -   , -   , -   ,-,-,0,0
Y63,RX4,"CUMBRIA, NORTHUMBERLAND, TYNE AND WEAR NHS FOUNDATION TRUST",C_160,Plastic Surgery Service, -   , -   , -   ,-,-,0,0
Y63,RX4,"CUMBRIA, NORTHUMBERLAND, TYNE AND WEAR NHS FOUNDATION TRUST",C_170,Cardiothoracic Surgery Service, -   , -   , -   ,-,-,0,0
Y63,RX4,"CUMBRIA, NORTHUMBERLAND, TYNE AND WEAR NHS FOUNDATION TRUST",C_300,General Internal Medicine Service, -   , -   , -   ,-,-,0,0
Y63,RX4,"CUMBRIA, NORTHUMBERLAND, TYNE AND WEAR NHS FOUNDATION TRUST",C_301,Gastroenterology Service, -   , -   , -   ,-,-,0,0
Y63,RX4,"CUMBRIA, NORTHUMBERLAND, TYNE AND WEAR NHS FOUNDATION TRUST",C_320,Cardiology Service, -   , -   , -   ,-,-,0,0
Y63,RX4,"CUMBRIA, NORTHUMBERLAND, TYNE AND WEAR NHS FOUNDATION TRUST",C_330,Dermatology Service, -   , -   , -   ,-,-,0,0
Y63,RX4,"CUMBRIA, NORTHUMBERLAND, TYNE AND WEAR NHS FOUNDATION TRUST",C_340,Respiratory Medicine Service, -   , -   , -   ,-,-,0,0
Y63,RX4,"CUMBRIA, NORTHUMBERLAND, TYNE AND WEAR NHS FOUNDATION TRUST",C_400,Neurology Service, -   , -   , -   ,-,-,0,0
Y63,RX4,"CUMBRIA, NORTHUMBERLAND, TYNE AND WEAR NHS FOUNDATION TRUST",C_410,Rheumatology Service, -   , -   , -   ,-,-,0,0
Y63,RX4,"CUMBRIA, NORTHUMBERLAND, TYNE AND WEAR NHS FOUNDATION TRUST",C_430,Elderly Medicine Service, -   , -   , -   ,-,-,0,0
Y63,RX4,"CUMBRIA, NORTHUMBERLAND, TYNE AND WEAR NHS FOUNDATION TRUST",C_502,Gynaecology Service, -   , -   , -   ,-,-,0,0
Y63,RX4,"CUMBRIA, NORTHUMBERLAND, TYNE AND WEAR NHS FOUNDATION TRUST",X02,Other - Medical Services, -   , -   , -   ,-,-,0,0
Y63,RX4,"CUMBRIA, NORTHUMBERLAND, TYNE AND WEAR NHS FOUNDATION TRUST",X03,Other - Mental Health Services, -   , -   , -   ,-,-,0,0
Y63,RX4,"CUMBRIA, NORTHUMBERLAND, TYNE AND WEAR NHS FOUNDATION TRUST",X04,Other - Paediatric Services, -   , -   , -   ,-,-,0,0
Y63,RX4,"CUMBRIA, NORTHUMBERLAND, TYNE AND WEAR NHS FOUNDATION TRUST",X05,Other - Surgical Services, -   , -   , -   ,-,-,0,0
Y63,RX4,"CUMBRIA, NORTHUMBERLAND, TYNE AND WEAR NHS FOUNDATION TRUST",X06,Other - Other Services,216,216,100.00%,5.8,12.3,0,0
Y63,RXF,MID YORKSHIRE HOSPITALS NHS TRUST,C_100,General Surgery Service,"1,336",828,62.00%,13.3,50.6,95,3
Y63,RXF,MID YORKSHIRE HOSPITALS NHS TRUST,C_101,Urology Service,"2,649","1,876",70.80%,9.4,39.7,97,6
Y63,RXF,MID YORKSHIRE HOSPITALS NHS TRUST,C_110,Trauma and Orthopaedic Service,"3,647","2,514",68.90%,11.3,33.6,29,1
Y63,RXF,MID YORKSHIRE HOSPITALS NHS TRUST,C_120,Ear Nose and Throat Service,"4,239","2,521",59.50%,13.2,51.7,331,10
Y63,RXF,MID YORKSHIRE HOSPITALS NHS TRUST,C_130,Ophthalmology Service,"4,645","3,536",76.10%,10.1,26.9,16,0
Y63,RXF,MID YORKSHIRE HOSPITALS NHS TRUST,C_140,Oral Surgery Service,"2,844","1,700",59.80%,14,40.8,56,0
Y63,RXF,MID YORKSHIRE HOSPITALS NHS TRUST,C_150,Neurosurgical Service, -   , -   , -   ,-,-,0,0
Y63,RXF,MID YORKSHIRE HOSPITALS NHS TRUST,C_160,Plastic Surgery Service,"1,819","1,103",60.60%,13.6,48.3,104,5
Y63,RXF,MID YORKSHIRE HOSPITALS NHS TRUST,C_170,Cardiothoracic Surgery Service, -   , -   , -   ,-,-,0,0
Y63,RXF,MID YORKSHIRE HOSPITALS NHS TRUST,C_300,General Internal Medicine Service,35,33,94.30%,3.7,15.2,0,0
Y63,RXF,MID YORKSHIRE HOSPITALS NHS TRUST,C_301,Gastroenterology Service,"3,290","2,427",73.80%,8.5,32.9,8,0
Y63,RXF,MID YORKSHIRE HOSPITALS NHS TRUST,C_320,Cardiology Service,"1,177",861,73.20%,10.7,28,0,0
Y63,RXF,MID YORKSHIRE HOSPITALS NHS TRUST,C_330,Dermatology Service,"1,363",993,72.90%,7.5,32.3,0,0
Y63,RXF,MID YORKSHIRE HOSPITALS NHS TRUST,C_340,Respiratory Medicine Service,"1,380",906,65.70%,13.4,34.1,1,0
Y63,RXF,MID YORKSHIRE HOSPITALS NHS TRUST,C_400,Neurology Service,"1,480",842,56.90%,15.8,29.7,4,1
Y63,RXF,MID YORKSHIRE HOSPITALS NHS TRUST,C_410,Rheumatology Service,647,503,77.70%,9.1,25.6,0,0
Y63,RXF,MID YORKSHIRE HOSPITALS NHS TRUST,C_430,Elderly Medicine Service,120,100,83.30%,7.1,26.2,0,0
Y63,RXF,MID YORKSHIRE HOSPITALS NHS TRUST,C_502,Gynaecology Service,"3,613","2,553",70.70%,10,40.2,119,15
Y63,RXF,MID YORKSHIRE HOSPITALS NHS TRUST,X02,Other - Medical Services,"5,216","3,744",71.80%,10.1,33.1,6,0
Y63,RXF,MID YORKSHIRE HOSPITALS NHS TRUST,X03,Other - Mental Health Services, -   , -   , -   ,-,-,0,0
Y63,RXF,MID YORKSHIRE HOSPITALS NHS TRUST,X04,Other - Paediatric Services,"2,088","1,387",66.40%,13.4,28.9,18,1
Y63,RXF,MID YORKSHIRE HOSPITALS NHS TRUST,X05,Other - Surgical Services,"3,684","2,624",71.20%,8.8,40.3,119,5
Y63,RXF,MID YORKSHIRE HOSPITALS NHS TRUST,X06,Other - Other Services,334,254,76.00%,9.7,26.8,2,0
Y63,RXG,SOUTH WEST YORKSHIRE PARTNERSHIP NHS FOUNDATION TRUST,C_100,General Surgery Service, -   , -   , -   ,-,-,0,0
Y63,RXG,SOUTH WEST YORKSHIRE PARTNERSHIP NHS FOUNDATION TRUST,C_101,Urology Service, -   , -   , -   ,-,-,0,0
Y63,RXG,SOUTH WEST YORKSHIRE PARTNERSHIP NHS FOUNDATION TRUST,C_110,Trauma and Orthopaedic Service, -   , -   , -   ,-,-,0,0
Y63,RXG,SOUTH WEST YORKSHIRE PARTNERSHIP NHS FOUNDATION TRUST,C_120,Ear Nose and Throat Service, -   , -   , -   ,-,-,0,0
Y63,RXG,SOUTH WEST YORKSHIRE PARTNERSHIP NHS FOUNDATION TRUST,C_130,Ophthalmology Service, -   , -   , -   ,-,-,0,0
Y63,RXG,SOUTH WEST YORKSHIRE PARTNERSHIP NHS FOUNDATION TRUST,C_140,Oral Surgery Service, -   , -   , -   ,-,-,0,0
Y63,RXG,SOUTH WEST YORKSHIRE PARTNERSHIP NHS FOUNDATION TRUST,C_150,Neurosurgical Service, -   , -   , -   ,-,-,0,0
Y63,RXG,SOUTH WEST YORKSHIRE PARTNERSHIP NHS FOUNDATION TRUST,C_160,Plastic Surgery Service, -   , -   , -   ,-,-,0,0
Y63,RXG,SOUTH WEST YORKSHIRE PARTNERSHIP NHS FOUNDATION TRUST,C_170,Cardiothoracic Surgery Service, -   , -   , -   ,-,-,0,0
Y63,RXG,SOUTH WEST YORKSHIRE PARTNERSHIP NHS FOUNDATION TRUST,C_300,General Internal Medicine Service, -   , -   , -   ,-,-,0,0
Y63,RXG,SOUTH WEST YORKSHIRE PARTNERSHIP NHS FOUNDATION TRUST,C_301,Gastroenterology Service, -   , -   , -   ,-,-,0,0
Y63,RXG,SOUTH WEST YORKSHIRE PARTNERSHIP NHS FOUNDATION TRUST,C_320,Cardiology Service, -   , -   , -   ,-,-,0,0
Y63,RXG,SOUTH WEST YORKSHIRE PARTNERSHIP NHS FOUNDATION TRUST,C_330,Dermatology Service, -   , -   , -   ,-,-,0,0
Y63,RXG,SOUTH WEST YORKSHIRE PARTNERSHIP NHS FOUNDATION TRUST,C_340,Respiratory Medicine Service, -   , -   , -   ,-,-,0,0
Y63,RXG,SOUTH WEST YORKSHIRE PARTNERSHIP NHS FOUNDATION TRUST,C_400,Neurology Service, -   , -   , -   ,-,-,0,0
Y63,RXG,SOUTH WEST YORKSHIRE PARTNERSHIP NHS FOUNDATION TRUST,C_410,Rheumatology Service, -   , -   , -   ,-,-,0,0
Y63,RXG,SOUTH WEST YORKSHIRE PARTNERSHIP NHS FOUNDATION TRUST,C_430,Elderly Medicine Service, -   , -   , -   ,-,-,0,0
Y63,RXG,SOUTH WEST YORKSHIRE PARTNERSHIP NHS FOUNDATION TRUST,C_502,Gynaecology Service, -   , -   , -   ,-,-,0,0
Y63,RXG,SOUTH WEST YORKSHIRE PARTNERSHIP NHS FOUNDATION TRUST,X02,Other - Medical Services, -   , -   , -   ,-,-,0,0
Y63,RXG,SOUTH WEST YORKSHIRE PARTNERSHIP NHS FOUNDATION TRUST,X03,Other - Mental Health Services, -   , -   , -   ,-,-,0,0
Y63,RXG,SOUTH WEST YORKSHIRE PARTNERSHIP NHS FOUNDATION TRUST,X04,Other - Paediatric Services, -   , -   , -   ,-,-,0,0
Y63,RXG,SOUTH WEST YORKSHIRE PARTNERSHIP NHS FOUNDATION TRUST,X05,Other - Surgical Services, -   , -   , -   ,-,-,0,0
Y63,RXG,SOUTH WEST YORKSHIRE PARTNERSHIP NHS FOUNDATION TRUST,X06,Other - Other Services,"3,363","3,231",96.10%,8.7,16.7,0,0
Y63,RXP,COUNTY DURHAM AND DARLINGTON NHS FOUNDATION TRUST,C_100,General Surgery Service,"3,984","2,165",54.30%,15.7,57,426,35
Y63,RXP,COUNTY DURHAM AND DARLINGTON NHS FOUNDATION TRUST,C_101,Urology Service, -   , -   , -   ,-,-,0,0
Y63,RXP,COUNTY DURHAM AND DARLINGTON NHS FOUNDATION TRUST,C_110,Trauma and Orthopaedic Service,"8,223","7,138",86.80%,7.6,26.4,96,14
Y63,RXP,COUNTY DURHAM AND DARLINGTON NHS FOUNDATION TRUST,C_120,Ear Nose and Throat Service,"3,229","2,138",66.20%,13.8,39.3,81,3
Y63,RXP,COUNTY DURHAM AND DARLINGTON NHS FOUNDATION TRUST,C_130,Ophthalmology Service,"2,914","1,824",62.60%,13.5,40.6,53,0
Y63,RXP,COUNTY DURHAM AND DARLINGTON NHS FOUNDATION TRUST,C_140,Oral Surgery Service,738,316,42.80%,21.7,49.3,39,0
Y63,RXP,COUNTY DURHAM AND DARLINGTON NHS FOUNDATION TRUST,C_150,Neurosurgical Service, -   , -   , -   ,-,-,0,0
Y63,RXP,COUNTY DURHAM AND DARLINGTON NHS FOUNDATION TRUST,C_160,Plastic Surgery Service,"1,807","1,119",61.90%,13.3,45.7,83,10
Y63,RXP,COUNTY DURHAM AND DARLINGTON NHS FOUNDATION TRUST,C_170,Cardiothoracic Surgery Service,4,1,25.00%,-,-,0,0
Y63,RXP,COUNTY DURHAM AND DARLINGTON NHS FOUNDATION TRUST,C_300,General Internal Medicine Service,978,579,59.20%,13.9,49.2,59,1
Y63,RXP,COUNTY DURHAM AND DARLINGTON NHS FOUNDATION TRUST,C_301,Gastroenterology Service,"2,884","2,311",80.10%,7.8,24.9,17,0
Y63,RXP,COUNTY DURHAM AND DARLINGTON NHS FOUNDATION TRUST,C_320,Cardiology Service,"1,627","1,348",82.90%,8.8,25.1,2,0
Y63,RXP,COUNTY DURHAM AND DARLINGTON NHS FOUNDATION TRUST,C_330,Dermatology Service,"3,433","1,819",53.00%,16.6,45.1,104,3
Y63,RXP,COUNTY DURHAM AND DARLINGTON NHS FOUNDATION TRUST,C_340,Respiratory Medicine Service,"1,115",641,57.50%,14.2,55.7,114,2
Y63,RXP,COUNTY DURHAM AND DARLINGTON NHS FOUNDATION TRUST,C_400,Neurology Service,129,86,66.70%,11.9,57.7,12,1
Y63,RXP,COUNTY DURHAM AND DARLINGTON NHS FOUNDATION TRUST,C_410,Rheumatology Service,687,495,72.10%,11.7,36,30,0
Y63,RXP,COUNTY DURHAM AND DARLINGTON NHS FOUNDATION TRUST,C_430,Elderly Medicine Service,251,239,95.20%,5.4,16,2,0
Y63,RXP,COUNTY DURHAM AND DARLINGTON NHS FOUNDATION TRUST,C_502,Gynaecology Service,"3,410","2,478",72.70%,9.7,41.5,129,5
Y63,RXP,COUNTY DURHAM AND DARLINGTON NHS FOUNDATION TRUST,X02,Other - Medical Services,339,239,70.50%,7.3,37.4,3,0
Y63,RXP,COUNTY DURHAM AND DARLINGTON NHS FOUNDATION TRUST,X03,Other - Mental Health Services,643,543,84.40%,7,24.9,0,0
Y63,RXP,COUNTY DURHAM AND DARLINGTON NHS FOUNDATION TRUST,X04,Other - Paediatric Services,"3,164","2,046",64.70%,13.1,44.5,179,10
Y63,RXP,COUNTY DURHAM AND DARLINGTON NHS FOUNDATION TRUST,X05,Other - Surgical Services, -   , -   , -   ,-,-,0,0
Y63,RXP,COUNTY DURHAM AND DARLINGTON NHS FOUNDATION TRUST,X06,Other - Other Services, -   , -   , -   ,-,-,0,0
Y63,RY6,LEEDS COMMUNITY HEALTHCARE NHS TRUST,C_100,General Surgery Service, -   , -   , -   ,-,-,0,0
Y63,RY6,LEEDS COMMUNITY HEALTHCARE NHS TRUST,C_101,Urology Service, -   , -   , -   ,-,-,0,0
Y63,RY6,LEEDS COMMUNITY HEALTHCARE NHS TRUST,C_110,Trauma and Orthopaedic Service, -   , -   , -   ,-,-,0,0
Y63,RY6,LEEDS COMMUNITY HEALTHCARE NHS TRUST,C_120,Ear Nose and Throat Service, -   , -   , -   ,-,-,0,0
Y63,RY6,LEEDS COMMUNITY HEALTHCARE NHS TRUST,C_130,Ophthalmology Service, -   , -   , -   ,-,-,0,0
Y63,RY6,LEEDS COMMUNITY HEALTHCARE NHS TRUST,C_140,Oral Surgery Service, -   , -   , -   ,-,-,0,0
Y63,RY6,LEEDS COMMUNITY HEALTHCARE NHS TRUST,C_150,Neurosurgical Service, -   , -   , -   ,-,-,0,0
Y63,RY6,LEEDS COMMUNITY HEALTHCARE NHS TRUST,C_160,Plastic Surgery Service, -   , -   , -   ,-,-,0,0
Y63,RY6,LEEDS COMMUNITY HEALTHCARE NHS TRUST,C_170,Cardiothoracic Surgery Service, -   , -   , -   ,-,-,0,0
Y63,RY6,LEEDS COMMUNITY HEALTHCARE NHS TRUST,C_300,General Internal Medicine Service, -   , -   , -   ,-,-,0,0
Y63,RY6,LEEDS COMMUNITY HEALTHCARE NHS TRUST,C_301,Gastroenterology Service, -   , -   , -   ,-,-,0,0
Y63,RY6,LEEDS COMMUNITY HEALTHCARE NHS TRUST,C_320,Cardiology Service, -   , -   , -   ,-,-,0,0
Y63,RY6,LEEDS COMMUNITY HEALTHCARE NHS TRUST,C_330,Dermatology Service, -   , -   , -   ,-,-,0,0
Y63,RY6,LEEDS COMMUNITY HEALTHCARE NHS TRUST,C_340,Respiratory Medicine Service, -   , -   , -   ,-,-,0,0
Y63,RY6,LEEDS COMMUNITY HEALTHCARE NHS TRUST,C_400,Neurology Service, -   , -   , -   ,-,-,0,0
Y63,RY6,LEEDS COMMUNITY HEALTHCARE NHS TRUST,C_410,Rheumatology Service, -   , -   , -   ,-,-,0,0
Y63,RY6,LEEDS COMMUNITY HEALTHCARE NHS TRUST,C_430,Elderly Medicine Service, -   , -   , -   ,-,-,0,0
Y63,RY6,LEEDS COMMUNITY HEALTHCARE NHS TRUST,C_502,Gynaecology Service,115,17,14.80%,26,50.2,1,0
Y63,RY6,LEEDS COMMUNITY HEALTHCARE NHS TRUST,X02,Other - Medical Services, -   , -   , -   ,-,-,0,0
Y63,RY6,LEEDS COMMUNITY HEALTHCARE NHS TRUST,X03,Other - Mental Health Services, -   , -   , -   ,-,-,0,0
Y63,RY6,LEEDS COMMUNITY HEALTHCARE NHS TRUST,X04,Other - Paediatric Services,"1,792","1,451",81.00%,9.2,24.6,3,1
Y63,RY6,LEEDS COMMUNITY HEALTHCARE NHS TRUST,X05,Other - Surgical Services, -   , -   , -   ,-,-,0,0
Y63,RY6,LEEDS COMMUNITY HEALTHCARE NHS TRUST,X06,Other - Other Services, -   , -   , -   ,-,-,0,0
Y63,TAD,BRADFORD DISTRICT CARE NHS FOUNDATION TRUST,C_100,General Surgery Service, -   , -   , -   ,-,-,0,0
Y63,TAD,BRADFORD DISTRICT CARE NHS FOUNDATION TRUST,C_101,Urology Service, -   , -   , -   ,-,-,0,0
Y63,TAD,BRADFORD DISTRICT CARE NHS FOUNDATION TRUST,C_110,Trauma and Orthopaedic Service, -   , -   , -   ,-,-,0,0
Y63,TAD,BRADFORD DISTRICT CARE NHS FOUNDATION TRUST,C_120,Ear Nose and Throat Service, -   , -   , -   ,-,-,0,0
Y63,TAD,BRADFORD DISTRICT CARE NHS FOUNDATION TRUST,C_130,Ophthalmology Service, -   , -   , -   ,-,-,0,0
Y63,TAD,BRADFORD DISTRICT CARE NHS FOUNDATION TRUST,C_140,Oral Surgery Service, -   , -   , -   ,-,-,0,0
Y63,TAD,BRADFORD DISTRICT CARE NHS FOUNDATION TRUST,C_150,Neurosurgical Service, -   , -   , -   ,-,-,0,0
Y63,TAD,BRADFORD DISTRICT CARE NHS FOUNDATION TRUST,C_160,Plastic Surgery Service, -   , -   , -   ,-,-,0,0
Y63,TAD,BRADFORD DISTRICT CARE NHS FOUNDATION TRUST,C_170,Cardiothoracic Surgery Service, -   , -   , -   ,-,-,0,0
Y63,TAD,BRADFORD DISTRICT CARE NHS FOUNDATION TRUST,C_300,General Internal Medicine Service, -   , -   , -   ,-,-,0,0
Y63,TAD,BRADFORD DISTRICT CARE NHS FOUNDATION TRUST,C_301,Gastroenterology Service, -   , -   , -   ,-,-,0,0
Y63,TAD,BRADFORD DISTRICT CARE NHS FOUNDATION TRUST,C_320,Cardiology Service, -   , -   , -   ,-,-,0,0
Y63,TAD,BRADFORD DISTRICT CARE NHS FOUNDATION TRUST,C_330,Dermatology Service, -   , -   , -   ,-,-,0,0
Y63,TAD,BRADFORD DISTRICT CARE NHS FOUNDATION TRUST,C_340,Respiratory Medicine Service, -   , -   , -   ,-,-,0,0
Y63,TAD,BRADFORD DISTRICT CARE NHS FOUNDATION TRUST,C_400,Neurology Service, -   , -   , -   ,-,-,0,0
Y63,TAD,BRADFORD DISTRICT CARE NHS FOUNDATION TRUST,C_410,Rheumatology Service, -   , -   , -   ,-,-,0,0
Y63,TAD,BRADFORD DISTRICT CARE NHS FOUNDATION TRUST,C_430,Elderly Medicine Service, -   , -   , -   ,-,-,0,0
Y63,TAD,BRADFORD DISTRICT CARE NHS FOUNDATION TRUST,C_502,Gynaecology Service, -   , -   , -   ,-,-,0,0
Y63,TAD,BRADFORD DISTRICT CARE NHS FOUNDATION TRUST,X02,Other - Medical Services,225,180,80.00%,8.9,23.8,0,0
Y63,TAD,BRADFORD DISTRICT CARE NHS FOUNDATION TRUST,X03,Other - Mental Health Services, -   , -   , -   ,-,-,0,0
Y63,TAD,BRADFORD DISTRICT CARE NHS FOUNDATION TRUST,X04,Other - Paediatric Services, -   , -   , -   ,-,-,0,0
Y63,TAD,BRADFORD DISTRICT CARE NHS FOUNDATION TRUST,X05,Other - Surgical Services, -   , -   , -   ,-,-,0,0
Y63,TAD,BRADFORD DISTRICT CARE NHS FOUNDATION TRUST,X06,Other - Other Services, -   , -   , -   ,-,-,0,0
