Region Code,Provider Code,Provider Name,Treatment Function Code,Treatment Function,Total number of incomplete pathways,Total within 18 weeks,% within 18 weeks,Average (median) waiting time (in weeks),92nd percentile waiting time (in weeks)
Y56,R1H,BARTS HEALTH NHS TRUST,C_100,General Surgery,"2,642",,,8.6,
Y56,R1H,BARTS HEALTH NHS TRUST,C_101,Urology,"4,176",,,9.6,
Y56,R1H,BARTS HEALTH NHS TRUST,C_110,Trauma & Orthopaedics,"6,983",,,8.9,
Y56,R1H,BARTS HEALTH NHS TRUST,C_120,"Ear, Nose & Throat (ENT)","5,231",,,8.9,
Y56,R1H,BARTS HEALTH NHS TRUST,C_130,Ophthalmology,"4,876",,,8.3,
Y56,R1H,BARTS HEALTH NHS TRUST,C_140,Oral Surgery,"3,028",,,12.8,
Y56,R1H,BARTS HEALTH NHS TRUST,C_150,Neurosurgery,"1,166",,,11,
Y56,R1H,BARTS HEALTH NHS TRUST,C_160,Plastic Surgery,"1,042",,,11.6,
Y56,R1H,BARTS HEALTH NHS TRUST,C_170,Cardiothoracic Surgery,506,,,4.7,
Y56,R1H,BARTS HEALTH NHS TRUST,C_300,General Medicine,151,,,12.3,
Y56,R1H,BARTS HEALTH NHS TRUST,C_301,Gastroenterology,"3,583",,,8,
Y56,R1H,BARTS HEALTH NHS TRUST,C_320,Cardiology,"6,565",,,7.2,
Y56,R1H,BARTS HEALTH NHS TRUST,C_330,Dermatology,"3,263",,,8.7,
Y56,R1H,BARTS HEALTH NHS TRUST,C_340,Thoracic Medicine,"3,259",,,9.6,
Y56,R1H,BARTS HEALTH NHS TRUST,C_400,Neurology,"2,217",,,9.3,
Y56,R1H,BARTS HEALTH NHS TRUST,C_410,Rheumatology,"1,620",,,7,
Y56,R1H,BARTS HEALTH NHS TRUST,C_430,Geriatric Medicine,101,,,2.9,
Y56,R1H,BARTS HEALTH NHS TRUST,C_502,Gynaecology,"5,294",,,7.6,
Y56,R1H,BARTS HEALTH NHS TRUST,X01,Other,"29,544",,,8.6,
Y56,R1K,LONDON NORTH WEST UNIVERSITY HEALTHCARE NHS TRUST,C_100,General Surgery,"8,492","7,061",83.10%,8.7,24.2
Y56,R1K,LONDON NORTH WEST UNIVERSITY HEALTHCARE NHS TRUST,C_101,Urology,"3,168","2,823",89.10%,8.5,20.4
Y56,R1K,LONDON NORTH WEST UNIVERSITY HEALTHCARE NHS TRUST,C_110,Trauma & Orthopaedics,"3,341","2,985",89.30%,8.1,19.5
Y56,R1K,LONDON NORTH WEST UNIVERSITY HEALTHCARE NHS TRUST,C_120,"Ear, Nose & Throat (ENT)","6,021","4,209",69.90%,11.6,30.2
Y56,R1K,LONDON NORTH WEST UNIVERSITY HEALTHCARE NHS TRUST,C_130,Ophthalmology,"1,009",907,89.90%,7.3,19
Y56,R1K,LONDON NORTH WEST UNIVERSITY HEALTHCARE NHS TRUST,C_140,Oral Surgery,"5,396","4,292",79.50%,9.5,25.8
Y56,R1K,LONDON NORTH WEST UNIVERSITY HEALTHCARE NHS TRUST,C_150,Neurosurgery, -   , -   , -   ,-,-
Y56,R1K,LONDON NORTH WEST UNIVERSITY HEALTHCARE NHS TRUST,C_160,Plastic Surgery,4,4,100.00%,-,-
Y56,R1K,LONDON NORTH WEST UNIVERSITY HEALTHCARE NHS TRUST,C_170,Cardiothoracic Surgery, -   , -   , -   ,-,-
Y56,R1K,LONDON NORTH WEST UNIVERSITY HEALTHCARE NHS TRUST,C_300,General Medicine,18,18,100.00%,-,-
Y56,R1K,LONDON NORTH WEST UNIVERSITY HEALTHCARE NHS TRUST,C_301,Gastroenterology,"2,582","2,294",88.80%,8.2,19.6
Y56,R1K,LONDON NORTH WEST UNIVERSITY HEALTHCARE NHS TRUST,C_320,Cardiology,"2,463","2,343",95.10%,7.2,16.5
Y56,R1K,LONDON NORTH WEST UNIVERSITY HEALTHCARE NHS TRUST,C_330,Dermatology,"3,724","3,330",89.40%,7.7,19.6
Y56,R1K,LONDON NORTH WEST UNIVERSITY HEALTHCARE NHS TRUST,C_340,Thoracic Medicine,"1,197","1,077",90.00%,8,20.3
Y56,R1K,LONDON NORTH WEST UNIVERSITY HEALTHCARE NHS TRUST,C_400,Neurology,"2,209","1,907",86.30%,9.5,21.1
Y56,R1K,LONDON NORTH WEST UNIVERSITY HEALTHCARE NHS TRUST,C_410,Rheumatology,"1,034","1,025",99.10%,7,13.5
Y56,R1K,LONDON NORTH WEST UNIVERSITY HEALTHCARE NHS TRUST,C_430,Geriatric Medicine,161,161,100.00%,4.8,12.9
Y56,R1K,LONDON NORTH WEST UNIVERSITY HEALTHCARE NHS TRUST,C_502,Gynaecology,"4,186","3,142",75.10%,10.1,33.5
Y56,R1K,LONDON NORTH WEST UNIVERSITY HEALTHCARE NHS TRUST,X01,Other,"7,366","6,661",90.40%,7.2,19.1
Y56,RAN,ROYAL NATIONAL ORTHOPAEDIC HOSPITAL NHS TRUST,C_100,General Surgery, -   , -   , -   ,-,-
Y56,RAN,ROYAL NATIONAL ORTHOPAEDIC HOSPITAL NHS TRUST,C_101,Urology,74,74,100.00%,3.6,12.1
Y56,RAN,ROYAL NATIONAL ORTHOPAEDIC HOSPITAL NHS TRUST,C_110,Trauma & Orthopaedics,"4,583","4,021",87.70%,6.5,21.8
Y56,RAN,ROYAL NATIONAL ORTHOPAEDIC HOSPITAL NHS TRUST,C_120,"Ear, Nose & Throat (ENT)", -   , -   , -   ,-,-
Y56,RAN,ROYAL NATIONAL ORTHOPAEDIC HOSPITAL NHS TRUST,C_130,Ophthalmology, -   , -   , -   ,-,-
Y56,RAN,ROYAL NATIONAL ORTHOPAEDIC HOSPITAL NHS TRUST,C_140,Oral Surgery, -   , -   , -   ,-,-
Y56,RAN,ROYAL NATIONAL ORTHOPAEDIC HOSPITAL NHS TRUST,C_150,Neurosurgery,56,45,80.40%,8.1,27.5
Y56,RAN,ROYAL NATIONAL ORTHOPAEDIC HOSPITAL NHS TRUST,C_160,Plastic Surgery,3,3,100.00%,-,-
Y56,RAN,ROYAL NATIONAL ORTHOPAEDIC HOSPITAL NHS TRUST,C_170,Cardiothoracic Surgery, -   , -   , -   ,-,-
Y56,RAN,ROYAL NATIONAL ORTHOPAEDIC HOSPITAL NHS TRUST,C_300,General Medicine, -   , -   , -   ,-,-
Y56,RAN,ROYAL NATIONAL ORTHOPAEDIC HOSPITAL NHS TRUST,C_301,Gastroenterology,15,15,100.00%,-,-
Y56,RAN,ROYAL NATIONAL ORTHOPAEDIC HOSPITAL NHS TRUST,C_320,Cardiology, -   , -   , -   ,-,-
Y56,RAN,ROYAL NATIONAL ORTHOPAEDIC HOSPITAL NHS TRUST,C_330,Dermatology, -   , -   , -   ,-,-
Y56,RAN,ROYAL NATIONAL ORTHOPAEDIC HOSPITAL NHS TRUST,C_340,Thoracic Medicine, -   , -   , -   ,-,-
Y56,RAN,ROYAL NATIONAL ORTHOPAEDIC HOSPITAL NHS TRUST,C_400,Neurology,6,6,100.00%,-,-
Y56,RAN,ROYAL NATIONAL ORTHOPAEDIC HOSPITAL NHS TRUST,C_410,Rheumatology,85,71,83.50%,9.4,21.6
Y56,RAN,ROYAL NATIONAL ORTHOPAEDIC HOSPITAL NHS TRUST,C_430,Geriatric Medicine, -   , -   , -   ,-,-
Y56,RAN,ROYAL NATIONAL ORTHOPAEDIC HOSPITAL NHS TRUST,C_502,Gynaecology, -   , -   , -   ,-,-
Y56,RAN,ROYAL NATIONAL ORTHOPAEDIC HOSPITAL NHS TRUST,X01,Other,"1,260","1,090",86.50%,7.8,21.2
Y56,RAP,NORTH MIDDLESEX UNIVERSITY HOSPITAL NHS TRUST,C_100,General Surgery,"1,606","1,527",95.10%,5.5,15.6
Y56,RAP,NORTH MIDDLESEX UNIVERSITY HOSPITAL NHS TRUST,C_101,Urology,871,829,95.20%,5.4,15.1
Y56,RAP,NORTH MIDDLESEX UNIVERSITY HOSPITAL NHS TRUST,C_110,Trauma & Orthopaedics,842,674,80.00%,6.4,24.2
Y56,RAP,NORTH MIDDLESEX UNIVERSITY HOSPITAL NHS TRUST,C_120,"Ear, Nose & Throat (ENT)", -   , -   , -   ,-,-
Y56,RAP,NORTH MIDDLESEX UNIVERSITY HOSPITAL NHS TRUST,C_130,Ophthalmology,946,933,98.60%,3.8,12.8
Y56,RAP,NORTH MIDDLESEX UNIVERSITY HOSPITAL NHS TRUST,C_140,Oral Surgery, -   , -   , -   ,-,-
Y56,RAP,NORTH MIDDLESEX UNIVERSITY HOSPITAL NHS TRUST,C_150,Neurosurgery, -   , -   , -   ,-,-
Y56,RAP,NORTH MIDDLESEX UNIVERSITY HOSPITAL NHS TRUST,C_160,Plastic Surgery, -   , -   , -   ,-,-
Y56,RAP,NORTH MIDDLESEX UNIVERSITY HOSPITAL NHS TRUST,C_170,Cardiothoracic Surgery, -   , -   , -   ,-,-
Y56,RAP,NORTH MIDDLESEX UNIVERSITY HOSPITAL NHS TRUST,C_300,General Medicine,400,383,95.80%,5.8,14.9
Y56,RAP,NORTH MIDDLESEX UNIVERSITY HOSPITAL NHS TRUST,C_301,Gastroenterology,878,788,89.70%,6,19
Y56,RAP,NORTH MIDDLESEX UNIVERSITY HOSPITAL NHS TRUST,C_320,Cardiology,"1,113","1,070",96.10%,5.8,14
Y56,RAP,NORTH MIDDLESEX UNIVERSITY HOSPITAL NHS TRUST,C_330,Dermatology,"1,426","1,411",98.90%,5.7,14.7
Y56,RAP,NORTH MIDDLESEX UNIVERSITY HOSPITAL NHS TRUST,C_340,Thoracic Medicine,656,640,97.60%,5.3,12.8
Y56,RAP,NORTH MIDDLESEX UNIVERSITY HOSPITAL NHS TRUST,C_400,Neurology,761,544,71.50%,11.8,24.4
Y56,RAP,NORTH MIDDLESEX UNIVERSITY HOSPITAL NHS TRUST,C_410,Rheumatology,323,316,97.80%,5.1,12.4
Y56,RAP,NORTH MIDDLESEX UNIVERSITY HOSPITAL NHS TRUST,C_430,Geriatric Medicine,150,149,99.30%,4.5,12
Y56,RAP,NORTH MIDDLESEX UNIVERSITY HOSPITAL NHS TRUST,C_502,Gynaecology,692,661,95.50%,3.1,14.2
Y56,RAP,NORTH MIDDLESEX UNIVERSITY HOSPITAL NHS TRUST,X01,Other,"1,524","1,403",92.10%,5.5,17.9
Y56,RAS,THE HILLINGDON HOSPITALS NHS FOUNDATION TRUST,C_100,General Surgery,"2,582","2,067",80.10%,7.8,28.4
Y56,RAS,THE HILLINGDON HOSPITALS NHS FOUNDATION TRUST,C_101,Urology,"1,109",885,79.80%,7.3,25.4
Y56,RAS,THE HILLINGDON HOSPITALS NHS FOUNDATION TRUST,C_110,Trauma & Orthopaedics,"4,940","3,683",74.60%,10.5,28.8
Y56,RAS,THE HILLINGDON HOSPITALS NHS FOUNDATION TRUST,C_120,"Ear, Nose & Throat (ENT)","1,618","1,415",87.50%,6.8,21.8
Y56,RAS,THE HILLINGDON HOSPITALS NHS FOUNDATION TRUST,C_130,Ophthalmology,"3,072","2,726",88.70%,7.5,20.1
Y56,RAS,THE HILLINGDON HOSPITALS NHS FOUNDATION TRUST,C_140,Oral Surgery,"1,142","1,015",88.90%,8.9,19.4
Y56,RAS,THE HILLINGDON HOSPITALS NHS FOUNDATION TRUST,C_150,Neurosurgery, -   , -   , -   ,-,-
Y56,RAS,THE HILLINGDON HOSPITALS NHS FOUNDATION TRUST,C_160,Plastic Surgery,38,34,89.50%,3.6,19
Y56,RAS,THE HILLINGDON HOSPITALS NHS FOUNDATION TRUST,C_170,Cardiothoracic Surgery, -   , -   , -   ,-,-
Y56,RAS,THE HILLINGDON HOSPITALS NHS FOUNDATION TRUST,C_300,General Medicine,49,46,93.90%,4,17.1
Y56,RAS,THE HILLINGDON HOSPITALS NHS FOUNDATION TRUST,C_301,Gastroenterology,"2,007","1,494",74.40%,9.7,28.9
Y56,RAS,THE HILLINGDON HOSPITALS NHS FOUNDATION TRUST,C_320,Cardiology,652,595,91.30%,7.2,18.4
Y56,RAS,THE HILLINGDON HOSPITALS NHS FOUNDATION TRUST,C_330,Dermatology,"1,405","1,126",80.10%,7.1,31.4
Y56,RAS,THE HILLINGDON HOSPITALS NHS FOUNDATION TRUST,C_340,Thoracic Medicine,396,372,93.90%,6.5,15.8
Y56,RAS,THE HILLINGDON HOSPITALS NHS FOUNDATION TRUST,C_400,Neurology,"1,293","1,059",81.90%,9.5,24.8
Y56,RAS,THE HILLINGDON HOSPITALS NHS FOUNDATION TRUST,C_410,Rheumatology,838,625,74.60%,11.1,28.6
Y56,RAS,THE HILLINGDON HOSPITALS NHS FOUNDATION TRUST,C_430,Geriatric Medicine,110,103,93.60%,6.1,15.4
Y56,RAS,THE HILLINGDON HOSPITALS NHS FOUNDATION TRUST,C_502,Gynaecology,"1,254","1,093",87.20%,7,20.9
Y56,RAS,THE HILLINGDON HOSPITALS NHS FOUNDATION TRUST,X01,Other,"6,500","4,913",75.60%,10,30.6
Y56,RAT,NORTH EAST LONDON NHS FOUNDATION TRUST,C_100,General Surgery, -   , -   , -   ,-,-
Y56,RAT,NORTH EAST LONDON NHS FOUNDATION TRUST,C_101,Urology, -   , -   , -   ,-,-
Y56,RAT,NORTH EAST LONDON NHS FOUNDATION TRUST,C_110,Trauma & Orthopaedics, -   , -   , -   ,-,-
Y56,RAT,NORTH EAST LONDON NHS FOUNDATION TRUST,C_120,"Ear, Nose & Throat (ENT)", -   , -   , -   ,-,-
Y56,RAT,NORTH EAST LONDON NHS FOUNDATION TRUST,C_130,Ophthalmology, -   , -   , -   ,-,-
Y56,RAT,NORTH EAST LONDON NHS FOUNDATION TRUST,C_140,Oral Surgery, -   , -   , -   ,-,-
Y56,RAT,NORTH EAST LONDON NHS FOUNDATION TRUST,C_150,Neurosurgery, -   , -   , -   ,-,-
Y56,RAT,NORTH EAST LONDON NHS FOUNDATION TRUST,C_160,Plastic Surgery, -   , -   , -   ,-,-
Y56,RAT,NORTH EAST LONDON NHS FOUNDATION TRUST,C_170,Cardiothoracic Surgery, -   , -   , -   ,-,-
Y56,RAT,NORTH EAST LONDON NHS FOUNDATION TRUST,C_300,General Medicine, -   , -   , -   ,-,-
Y56,RAT,NORTH EAST LONDON NHS FOUNDATION TRUST,C_301,Gastroenterology, -   , -   , -   ,-,-
Y56,RAT,NORTH EAST LONDON NHS FOUNDATION TRUST,C_320,Cardiology, -   , -   , -   ,-,-
Y56,RAT,NORTH EAST LONDON NHS FOUNDATION TRUST,C_330,Dermatology, -   , -   , -   ,-,-
Y56,RAT,NORTH EAST LONDON NHS FOUNDATION TRUST,C_340,Thoracic Medicine, -   , -   , -   ,-,-
Y56,RAT,NORTH EAST LONDON NHS FOUNDATION TRUST,C_400,Neurology, -   , -   , -   ,-,-
Y56,RAT,NORTH EAST LONDON NHS FOUNDATION TRUST,C_410,Rheumatology, -   , -   , -   ,-,-
Y56,RAT,NORTH EAST LONDON NHS FOUNDATION TRUST,C_430,Geriatric Medicine,20,20,100.00%,1.5,6.2
Y56,RAT,NORTH EAST LONDON NHS FOUNDATION TRUST,C_502,Gynaecology, -   , -   , -   ,-,-
Y56,RAT,NORTH EAST LONDON NHS FOUNDATION TRUST,X01,Other,653,650,99.50%,7.3,13.6
Y56,RAX,KINGSTON HOSPITAL NHS FOUNDATION TRUST,C_100,General Surgery,578,536,92.70%,6.7,17.5
Y56,RAX,KINGSTON HOSPITAL NHS FOUNDATION TRUST,C_101,Urology,"1,386","1,288",92.90%,7,17.1
Y56,RAX,KINGSTON HOSPITAL NHS FOUNDATION TRUST,C_110,Trauma & Orthopaedics,"1,951","1,728",88.60%,7.7,20
Y56,RAX,KINGSTON HOSPITAL NHS FOUNDATION TRUST,C_120,"Ear, Nose & Throat (ENT)","1,793","1,665",92.90%,6.6,17.2
Y56,RAX,KINGSTON HOSPITAL NHS FOUNDATION TRUST,C_130,Ophthalmology,"2,986","2,595",86.90%,7.4,21.4
Y56,RAX,KINGSTON HOSPITAL NHS FOUNDATION TRUST,C_140,Oral Surgery,"1,319","1,220",92.50%,6.1,17.6
Y56,RAX,KINGSTON HOSPITAL NHS FOUNDATION TRUST,C_150,Neurosurgery, -   , -   , -   ,-,-
Y56,RAX,KINGSTON HOSPITAL NHS FOUNDATION TRUST,C_160,Plastic Surgery,377,358,95.00%,7.3,16.4
Y56,RAX,KINGSTON HOSPITAL NHS FOUNDATION TRUST,C_170,Cardiothoracic Surgery, -   , -   , -   ,-,-
Y56,RAX,KINGSTON HOSPITAL NHS FOUNDATION TRUST,C_300,General Medicine,114,102,89.50%,7.6,19.9
Y56,RAX,KINGSTON HOSPITAL NHS FOUNDATION TRUST,C_301,Gastroenterology,"1,204","1,152",95.70%,7.7,16.6
Y56,RAX,KINGSTON HOSPITAL NHS FOUNDATION TRUST,C_320,Cardiology,768,722,94.00%,8.6,16.9
Y56,RAX,KINGSTON HOSPITAL NHS FOUNDATION TRUST,C_330,Dermatology,"1,369","1,337",97.70%,6.7,15.4
Y56,RAX,KINGSTON HOSPITAL NHS FOUNDATION TRUST,C_340,Thoracic Medicine,463,439,94.80%,6.9,16.9
Y56,RAX,KINGSTON HOSPITAL NHS FOUNDATION TRUST,C_400,Neurology,679,647,95.30%,7.7,16
Y56,RAX,KINGSTON HOSPITAL NHS FOUNDATION TRUST,C_410,Rheumatology,674,631,93.60%,8.8,17.1
Y56,RAX,KINGSTON HOSPITAL NHS FOUNDATION TRUST,C_430,Geriatric Medicine,53,53,100.00%,3.9,8.7
Y56,RAX,KINGSTON HOSPITAL NHS FOUNDATION TRUST,C_502,Gynaecology,"1,665","1,496",89.80%,7.1,19.8
Y56,RAX,KINGSTON HOSPITAL NHS FOUNDATION TRUST,X01,Other,"5,148","4,795",93.10%,6.3,17.3
Y56,RF4,"BARKING, HAVERING AND REDBRIDGE UNIVERSITY HOSPITALS NHS TRUST",C_100,General Surgery,"3,825","2,857",74.70%,10.2,30.8
Y56,RF4,"BARKING, HAVERING AND REDBRIDGE UNIVERSITY HOSPITALS NHS TRUST",C_101,Urology,"3,459","2,749",79.50%,9.3,25.6
Y56,RF4,"BARKING, HAVERING AND REDBRIDGE UNIVERSITY HOSPITALS NHS TRUST",C_110,Trauma & Orthopaedics,"4,126","2,546",61.70%,14.6,31.3
Y56,RF4,"BARKING, HAVERING AND REDBRIDGE UNIVERSITY HOSPITALS NHS TRUST",C_120,"Ear, Nose & Throat (ENT)","2,593","2,107",81.30%,8.2,26.8
Y56,RF4,"BARKING, HAVERING AND REDBRIDGE UNIVERSITY HOSPITALS NHS TRUST",C_130,Ophthalmology,"3,879","3,063",79.00%,8.9,24.2
Y56,RF4,"BARKING, HAVERING AND REDBRIDGE UNIVERSITY HOSPITALS NHS TRUST",C_140,Oral Surgery, -   , -   , -   ,-,-
Y56,RF4,"BARKING, HAVERING AND REDBRIDGE UNIVERSITY HOSPITALS NHS TRUST",C_150,Neurosurgery,"1,661","1,228",73.90%,9.7,31.2
Y56,RF4,"BARKING, HAVERING AND REDBRIDGE UNIVERSITY HOSPITALS NHS TRUST",C_160,Plastic Surgery, -   , -   , -   ,-,-
Y56,RF4,"BARKING, HAVERING AND REDBRIDGE UNIVERSITY HOSPITALS NHS TRUST",C_170,Cardiothoracic Surgery, -   , -   , -   ,-,-
Y56,RF4,"BARKING, HAVERING AND REDBRIDGE UNIVERSITY HOSPITALS NHS TRUST",C_300,General Medicine,130,121,93.10%,6,16.9
Y56,RF4,"BARKING, HAVERING AND REDBRIDGE UNIVERSITY HOSPITALS NHS TRUST",C_301,Gastroenterology,956,852,89.10%,7.4,21.3
Y56,RF4,"BARKING, HAVERING AND REDBRIDGE UNIVERSITY HOSPITALS NHS TRUST",C_320,Cardiology,"2,189","1,942",88.70%,7,20.3
Y56,RF4,"BARKING, HAVERING AND REDBRIDGE UNIVERSITY HOSPITALS NHS TRUST",C_330,Dermatology,"1,994","1,412",70.80%,11.3,27.6
Y56,RF4,"BARKING, HAVERING AND REDBRIDGE UNIVERSITY HOSPITALS NHS TRUST",C_340,Thoracic Medicine,"1,304","1,150",88.20%,7.6,21.2
Y56,RF4,"BARKING, HAVERING AND REDBRIDGE UNIVERSITY HOSPITALS NHS TRUST",C_400,Neurology,"1,989","1,559",78.40%,10.2,26.3
Y56,RF4,"BARKING, HAVERING AND REDBRIDGE UNIVERSITY HOSPITALS NHS TRUST",C_410,Rheumatology,"1,553","1,119",72.10%,11,28.2
Y56,RF4,"BARKING, HAVERING AND REDBRIDGE UNIVERSITY HOSPITALS NHS TRUST",C_430,Geriatric Medicine,205,195,95.10%,6.9,15
Y56,RF4,"BARKING, HAVERING AND REDBRIDGE UNIVERSITY HOSPITALS NHS TRUST",C_502,Gynaecology,"3,003","2,191",73.00%,10.7,28.8
Y56,RF4,"BARKING, HAVERING AND REDBRIDGE UNIVERSITY HOSPITALS NHS TRUST",X01,Other,"8,468","6,479",76.50%,9.4,30
Y56,RJ1,GUY'S AND ST THOMAS' NHS FOUNDATION TRUST,C_100,General Surgery,845,535,63.30%,12.3,41.9
Y56,RJ1,GUY'S AND ST THOMAS' NHS FOUNDATION TRUST,C_101,Urology,"3,414","3,030",88.80%,8.1,19.9
Y56,RJ1,GUY'S AND ST THOMAS' NHS FOUNDATION TRUST,C_110,Trauma & Orthopaedics,"3,256","2,731",83.90%,8.7,22.9
Y56,RJ1,GUY'S AND ST THOMAS' NHS FOUNDATION TRUST,C_120,"Ear, Nose & Throat (ENT)","5,773","4,536",78.60%,10,26.1
Y56,RJ1,GUY'S AND ST THOMAS' NHS FOUNDATION TRUST,C_130,Ophthalmology,"3,184","3,034",95.30%,6.5,15.9
Y56,RJ1,GUY'S AND ST THOMAS' NHS FOUNDATION TRUST,C_140,Oral Surgery,"4,759","4,269",89.70%,6.8,19.8
Y56,RJ1,GUY'S AND ST THOMAS' NHS FOUNDATION TRUST,C_150,Neurosurgery, -   , -   , -   ,-,-
Y56,RJ1,GUY'S AND ST THOMAS' NHS FOUNDATION TRUST,C_160,Plastic Surgery,"1,559","1,125",72.20%,9.3,33.8
Y56,RJ1,GUY'S AND ST THOMAS' NHS FOUNDATION TRUST,C_170,Cardiothoracic Surgery, -   , -   , -   ,-,-
Y56,RJ1,GUY'S AND ST THOMAS' NHS FOUNDATION TRUST,C_300,General Medicine,307,302,98.40%,5.7,12.5
Y56,RJ1,GUY'S AND ST THOMAS' NHS FOUNDATION TRUST,C_301,Gastroenterology,"3,638","2,672",73.40%,9.7,32.1
Y56,RJ1,GUY'S AND ST THOMAS' NHS FOUNDATION TRUST,C_320,Cardiology,"4,148","3,282",79.10%,9.9,27.7
Y56,RJ1,GUY'S AND ST THOMAS' NHS FOUNDATION TRUST,C_330,Dermatology,"3,807","3,689",96.90%,6.8,15.7
Y56,RJ1,GUY'S AND ST THOMAS' NHS FOUNDATION TRUST,C_340,Thoracic Medicine,"1,170","1,098",93.80%,5.6,16.6
Y56,RJ1,GUY'S AND ST THOMAS' NHS FOUNDATION TRUST,C_400,Neurology,"1,863","1,619",86.90%,8.5,20.4
Y56,RJ1,GUY'S AND ST THOMAS' NHS FOUNDATION TRUST,C_410,Rheumatology,889,863,97.10%,5.9,14
Y56,RJ1,GUY'S AND ST THOMAS' NHS FOUNDATION TRUST,C_430,Geriatric Medicine,567,558,98.40%,4.1,12
Y56,RJ1,GUY'S AND ST THOMAS' NHS FOUNDATION TRUST,C_502,Gynaecology,"5,529","4,159",75.20%,9.5,28.7
Y56,RJ1,GUY'S AND ST THOMAS' NHS FOUNDATION TRUST,X01,Other,"34,550","29,578",85.60%,7.6,23.3
Y56,RJ2,LEWISHAM AND GREENWICH NHS TRUST,C_100,General Surgery,"5,623","4,518",80.30%,8.2,28.3
Y56,RJ2,LEWISHAM AND GREENWICH NHS TRUST,C_101,Urology,"1,227","1,069",87.10%,8.2,23
Y56,RJ2,LEWISHAM AND GREENWICH NHS TRUST,C_110,Trauma & Orthopaedics,"3,940","3,079",78.10%,9,28.8
Y56,RJ2,LEWISHAM AND GREENWICH NHS TRUST,C_120,"Ear, Nose & Throat (ENT)","7,273","5,512",75.80%,11.4,28.2
Y56,RJ2,LEWISHAM AND GREENWICH NHS TRUST,C_130,Ophthalmology,336,219,65.20%,13.3,29.7
Y56,RJ2,LEWISHAM AND GREENWICH NHS TRUST,C_140,Oral Surgery, -   , -   , -   ,-,-
Y56,RJ2,LEWISHAM AND GREENWICH NHS TRUST,C_150,Neurosurgery, -   , -   , -   ,-,-
Y56,RJ2,LEWISHAM AND GREENWICH NHS TRUST,C_160,Plastic Surgery,16,13,81.30%,-,-
Y56,RJ2,LEWISHAM AND GREENWICH NHS TRUST,C_170,Cardiothoracic Surgery, -   , -   , -   ,-,-
Y56,RJ2,LEWISHAM AND GREENWICH NHS TRUST,C_300,General Medicine,297,289,97.30%,7,14.7
Y56,RJ2,LEWISHAM AND GREENWICH NHS TRUST,C_301,Gastroenterology,"2,472","2,068",83.70%,9.5,26
Y56,RJ2,LEWISHAM AND GREENWICH NHS TRUST,C_320,Cardiology,"2,388","1,996",83.60%,10,23.6
Y56,RJ2,LEWISHAM AND GREENWICH NHS TRUST,C_330,Dermatology,"2,778","2,347",84.50%,9.1,23.8
Y56,RJ2,LEWISHAM AND GREENWICH NHS TRUST,C_340,Thoracic Medicine,"1,482","1,399",94.40%,7.8,17
Y56,RJ2,LEWISHAM AND GREENWICH NHS TRUST,C_400,Neurology,"2,038","1,585",77.80%,10.9,26.6
Y56,RJ2,LEWISHAM AND GREENWICH NHS TRUST,C_410,Rheumatology,"2,938","2,452",83.50%,9.8,22.6
Y56,RJ2,LEWISHAM AND GREENWICH NHS TRUST,C_430,Geriatric Medicine,292,268,91.80%,6.8,18.1
Y56,RJ2,LEWISHAM AND GREENWICH NHS TRUST,C_502,Gynaecology,"3,749","2,987",79.70%,9.2,30.7
Y56,RJ2,LEWISHAM AND GREENWICH NHS TRUST,X01,Other,"4,983","4,549",91.30%,7.7,18.6
Y56,RJ6,CROYDON HEALTH SERVICES NHS TRUST,C_100,General Surgery,895,716,80.00%,10.1,25.2
Y56,RJ6,CROYDON HEALTH SERVICES NHS TRUST,C_101,Urology,"1,362","1,310",96.20%,6.9,15.6
Y56,RJ6,CROYDON HEALTH SERVICES NHS TRUST,C_110,Trauma & Orthopaedics,"1,885","1,590",84.40%,9.7,24.3
Y56,RJ6,CROYDON HEALTH SERVICES NHS TRUST,C_120,"Ear, Nose & Throat (ENT)","1,214","1,136",93.60%,5.8,17
Y56,RJ6,CROYDON HEALTH SERVICES NHS TRUST,C_130,Ophthalmology, -   , -   , -   ,-,-
Y56,RJ6,CROYDON HEALTH SERVICES NHS TRUST,C_140,Oral Surgery,10,7,70.00%,-,-
Y56,RJ6,CROYDON HEALTH SERVICES NHS TRUST,C_150,Neurosurgery, -   , -   , -   ,-,-
Y56,RJ6,CROYDON HEALTH SERVICES NHS TRUST,C_160,Plastic Surgery,63,55,87.30%,7.6,22
Y56,RJ6,CROYDON HEALTH SERVICES NHS TRUST,C_170,Cardiothoracic Surgery, -   , -   , -   ,-,-
Y56,RJ6,CROYDON HEALTH SERVICES NHS TRUST,C_300,General Medicine,55,55,100.00%,5.8,14.7
Y56,RJ6,CROYDON HEALTH SERVICES NHS TRUST,C_301,Gastroenterology,"1,931","1,758",91.00%,9.4,18.7
Y56,RJ6,CROYDON HEALTH SERVICES NHS TRUST,C_320,Cardiology,"1,180","1,143",96.90%,7.7,16.4
Y56,RJ6,CROYDON HEALTH SERVICES NHS TRUST,C_330,Dermatology,"2,574","2,434",94.60%,8,17.2
Y56,RJ6,CROYDON HEALTH SERVICES NHS TRUST,C_340,Thoracic Medicine,634,624,98.40%,6.8,16
Y56,RJ6,CROYDON HEALTH SERVICES NHS TRUST,C_400,Neurology,683,682,99.90%,6.6,13.5
Y56,RJ6,CROYDON HEALTH SERVICES NHS TRUST,C_410,Rheumatology,558,552,98.90%,5.5,12.6
Y56,RJ6,CROYDON HEALTH SERVICES NHS TRUST,C_430,Geriatric Medicine,155,155,100.00%,5.3,12.5
Y56,RJ6,CROYDON HEALTH SERVICES NHS TRUST,C_502,Gynaecology,"1,962","1,894",96.50%,7,16.2
Y56,RJ6,CROYDON HEALTH SERVICES NHS TRUST,X01,Other,"7,717","6,833",88.50%,8.1,21
Y56,RJ7,ST GEORGE'S UNIVERSITY HOSPITALS NHS FOUNDATION TRUST,C_100,General Surgery,"1,294",982,75.90%,10.5,36.1
Y56,RJ7,ST GEORGE'S UNIVERSITY HOSPITALS NHS FOUNDATION TRUST,C_101,Urology,"1,867","1,593",85.30%,6.9,23.6
Y56,RJ7,ST GEORGE'S UNIVERSITY HOSPITALS NHS FOUNDATION TRUST,C_110,Trauma & Orthopaedics,"2,582","2,224",86.10%,7.8,21.8
Y56,RJ7,ST GEORGE'S UNIVERSITY HOSPITALS NHS FOUNDATION TRUST,C_120,"Ear, Nose & Throat (ENT)","3,007","2,404",79.90%,8.3,27.3
Y56,RJ7,ST GEORGE'S UNIVERSITY HOSPITALS NHS FOUNDATION TRUST,C_130,Ophthalmology,363,353,97.20%,4.4,14.2
Y56,RJ7,ST GEORGE'S UNIVERSITY HOSPITALS NHS FOUNDATION TRUST,C_140,Oral Surgery,577,543,94.10%,7.6,17
Y56,RJ7,ST GEORGE'S UNIVERSITY HOSPITALS NHS FOUNDATION TRUST,C_150,Neurosurgery,"2,240","1,781",79.50%,10.2,26.7
Y56,RJ7,ST GEORGE'S UNIVERSITY HOSPITALS NHS FOUNDATION TRUST,C_160,Plastic Surgery,"1,625","1,263",77.70%,8.6,28.8
Y56,RJ7,ST GEORGE'S UNIVERSITY HOSPITALS NHS FOUNDATION TRUST,C_170,Cardiothoracic Surgery, -   , -   , -   ,-,-
Y56,RJ7,ST GEORGE'S UNIVERSITY HOSPITALS NHS FOUNDATION TRUST,C_300,General Medicine,44,43,97.70%,7.7,15.8
Y56,RJ7,ST GEORGE'S UNIVERSITY HOSPITALS NHS FOUNDATION TRUST,C_301,Gastroenterology,"2,791","2,527",90.50%,6.6,19.2
Y56,RJ7,ST GEORGE'S UNIVERSITY HOSPITALS NHS FOUNDATION TRUST,C_320,Cardiology,"3,975","3,277",82.40%,9.3,23.6
Y56,RJ7,ST GEORGE'S UNIVERSITY HOSPITALS NHS FOUNDATION TRUST,C_330,Dermatology,"3,494","3,214",92.00%,7.3,18
Y56,RJ7,ST GEORGE'S UNIVERSITY HOSPITALS NHS FOUNDATION TRUST,C_340,Thoracic Medicine,"1,885","1,667",88.40%,9.1,20.3
Y56,RJ7,ST GEORGE'S UNIVERSITY HOSPITALS NHS FOUNDATION TRUST,C_400,Neurology,"2,865","2,604",90.90%,8.2,18.9
Y56,RJ7,ST GEORGE'S UNIVERSITY HOSPITALS NHS FOUNDATION TRUST,C_410,Rheumatology,"1,141",968,84.80%,9.3,22.2
Y56,RJ7,ST GEORGE'S UNIVERSITY HOSPITALS NHS FOUNDATION TRUST,C_430,Geriatric Medicine,108,107,99.10%,6.6,13.7
Y56,RJ7,ST GEORGE'S UNIVERSITY HOSPITALS NHS FOUNDATION TRUST,C_502,Gynaecology,"2,853","2,548",89.30%,7.4,20
Y56,RJ7,ST GEORGE'S UNIVERSITY HOSPITALS NHS FOUNDATION TRUST,X01,Other,"14,978","12,945",86.40%,8.1,22.1
Y56,RJZ,KING'S COLLEGE HOSPITAL NHS FOUNDATION TRUST,C_100,General Surgery,"5,050","3,431",67.90%,12.1,36.7
Y56,RJZ,KING'S COLLEGE HOSPITAL NHS FOUNDATION TRUST,C_101,Urology,"2,481","2,024",81.60%,8.9,25.5
Y56,RJZ,KING'S COLLEGE HOSPITAL NHS FOUNDATION TRUST,C_110,Trauma & Orthopaedics,"6,464","4,189",64.80%,12.9,40.7
Y56,RJZ,KING'S COLLEGE HOSPITAL NHS FOUNDATION TRUST,C_120,"Ear, Nose & Throat (ENT)","2,814","2,098",74.60%,11.3,32
Y56,RJZ,KING'S COLLEGE HOSPITAL NHS FOUNDATION TRUST,C_130,Ophthalmology,"10,414","7,377",70.80%,11.1,32.3
Y56,RJZ,KING'S COLLEGE HOSPITAL NHS FOUNDATION TRUST,C_140,Oral Surgery,"5,159","3,743",72.60%,11.2,30.5
Y56,RJZ,KING'S COLLEGE HOSPITAL NHS FOUNDATION TRUST,C_150,Neurosurgery,"1,603","1,321",82.40%,9.7,26.9
Y56,RJZ,KING'S COLLEGE HOSPITAL NHS FOUNDATION TRUST,C_160,Plastic Surgery,67,45,67.20%,13,44.8
Y56,RJZ,KING'S COLLEGE HOSPITAL NHS FOUNDATION TRUST,C_170,Cardiothoracic Surgery,197,172,87.30%,8.3,21.7
Y56,RJZ,KING'S COLLEGE HOSPITAL NHS FOUNDATION TRUST,C_300,General Medicine,"1,188","1,131",95.20%,7.4,16.8
Y56,RJZ,KING'S COLLEGE HOSPITAL NHS FOUNDATION TRUST,C_301,Gastroenterology,"1,594","1,432",89.80%,7.8,19.6
Y56,RJZ,KING'S COLLEGE HOSPITAL NHS FOUNDATION TRUST,C_320,Cardiology,"2,494","2,287",91.70%,8.6,18.3
Y56,RJZ,KING'S COLLEGE HOSPITAL NHS FOUNDATION TRUST,C_330,Dermatology,"3,438","2,816",81.90%,9,24.8
Y56,RJZ,KING'S COLLEGE HOSPITAL NHS FOUNDATION TRUST,C_340,Thoracic Medicine,"2,495","2,327",93.30%,7,17.3
Y56,RJZ,KING'S COLLEGE HOSPITAL NHS FOUNDATION TRUST,C_400,Neurology,"2,415","1,985",82.20%,9.6,24.3
Y56,RJZ,KING'S COLLEGE HOSPITAL NHS FOUNDATION TRUST,C_410,Rheumatology,"1,450","1,334",92.00%,7.3,18
Y56,RJZ,KING'S COLLEGE HOSPITAL NHS FOUNDATION TRUST,C_430,Geriatric Medicine,372,362,97.30%,5.9,15.7
Y56,RJZ,KING'S COLLEGE HOSPITAL NHS FOUNDATION TRUST,C_502,Gynaecology,"3,861","3,257",84.40%,7.9,25
Y56,RJZ,KING'S COLLEGE HOSPITAL NHS FOUNDATION TRUST,X01,Other,"20,631","17,083",82.80%,8.7,25.2
Y56,RKE,WHITTINGTON HEALTH NHS TRUST,C_100,General Surgery,"2,739","2,473",90.30%,7.7,19.4
Y56,RKE,WHITTINGTON HEALTH NHS TRUST,C_101,Urology,"1,060","1,028",97.00%,5.2,15.9
Y56,RKE,WHITTINGTON HEALTH NHS TRUST,C_110,Trauma & Orthopaedics,"2,145","1,764",82.20%,9.5,26.2
Y56,RKE,WHITTINGTON HEALTH NHS TRUST,C_120,"Ear, Nose & Throat (ENT)",975,906,92.90%,8,17.5
Y56,RKE,WHITTINGTON HEALTH NHS TRUST,C_130,Ophthalmology,482,473,98.10%,3.7,12.9
Y56,RKE,WHITTINGTON HEALTH NHS TRUST,C_140,Oral Surgery, -   , -   , -   ,-,-
Y56,RKE,WHITTINGTON HEALTH NHS TRUST,C_150,Neurosurgery, -   , -   , -   ,-,-
Y56,RKE,WHITTINGTON HEALTH NHS TRUST,C_160,Plastic Surgery,36,36,100.00%,7.5,12.6
Y56,RKE,WHITTINGTON HEALTH NHS TRUST,C_170,Cardiothoracic Surgery, -   , -   , -   ,-,-
Y56,RKE,WHITTINGTON HEALTH NHS TRUST,C_300,General Medicine,179,153,85.50%,8.2,27.7
Y56,RKE,WHITTINGTON HEALTH NHS TRUST,C_301,Gastroenterology,"2,049","1,998",97.50%,7.8,16.2
Y56,RKE,WHITTINGTON HEALTH NHS TRUST,C_320,Cardiology,504,487,96.60%,7.5,16.8
Y56,RKE,WHITTINGTON HEALTH NHS TRUST,C_330,Dermatology,"1,152","1,099",95.40%,7.3,15.5
Y56,RKE,WHITTINGTON HEALTH NHS TRUST,C_340,Thoracic Medicine,709,683,96.30%,7.9,16.7
Y56,RKE,WHITTINGTON HEALTH NHS TRUST,C_400,Neurology,438,319,72.80%,9.9,25.8
Y56,RKE,WHITTINGTON HEALTH NHS TRUST,C_410,Rheumatology,301,265,88.00%,7.9,19.4
Y56,RKE,WHITTINGTON HEALTH NHS TRUST,C_430,Geriatric Medicine,101,98,97.00%,5.8,14.5
Y56,RKE,WHITTINGTON HEALTH NHS TRUST,C_502,Gynaecology,"1,928","1,760",91.30%,6.4,19.1
Y56,RKE,WHITTINGTON HEALTH NHS TRUST,X01,Other,"3,006","2,847",94.70%,3.4,15.6
Y56,RP4,GREAT ORMOND STREET HOSPITAL FOR CHILDREN NHS FOUNDATION TRUST,C_100,General Surgery, -   ,,,-,
Y56,RP4,GREAT ORMOND STREET HOSPITAL FOR CHILDREN NHS FOUNDATION TRUST,C_101,Urology, -   ,,,-,
Y56,RP4,GREAT ORMOND STREET HOSPITAL FOR CHILDREN NHS FOUNDATION TRUST,C_110,Trauma & Orthopaedics, -   ,,,-,
Y56,RP4,GREAT ORMOND STREET HOSPITAL FOR CHILDREN NHS FOUNDATION TRUST,C_120,"Ear, Nose & Throat (ENT)", -   ,,,-,
Y56,RP4,GREAT ORMOND STREET HOSPITAL FOR CHILDREN NHS FOUNDATION TRUST,C_130,Ophthalmology, -   ,,,-,
Y56,RP4,GREAT ORMOND STREET HOSPITAL FOR CHILDREN NHS FOUNDATION TRUST,C_140,Oral Surgery, -   ,,,-,
Y56,RP4,GREAT ORMOND STREET HOSPITAL FOR CHILDREN NHS FOUNDATION TRUST,C_150,Neurosurgery, -   ,,,-,
Y56,RP4,GREAT ORMOND STREET HOSPITAL FOR CHILDREN NHS FOUNDATION TRUST,C_160,Plastic Surgery, -   ,,,-,
Y56,RP4,GREAT ORMOND STREET HOSPITAL FOR CHILDREN NHS FOUNDATION TRUST,C_170,Cardiothoracic Surgery, -   ,,,-,
Y56,RP4,GREAT ORMOND STREET HOSPITAL FOR CHILDREN NHS FOUNDATION TRUST,C_300,General Medicine, -   ,,,-,
Y56,RP4,GREAT ORMOND STREET HOSPITAL FOR CHILDREN NHS FOUNDATION TRUST,C_301,Gastroenterology, -   ,,,-,
Y56,RP4,GREAT ORMOND STREET HOSPITAL FOR CHILDREN NHS FOUNDATION TRUST,C_320,Cardiology, -   ,,,-,
Y56,RP4,GREAT ORMOND STREET HOSPITAL FOR CHILDREN NHS FOUNDATION TRUST,C_330,Dermatology, -   ,,,-,
Y56,RP4,GREAT ORMOND STREET HOSPITAL FOR CHILDREN NHS FOUNDATION TRUST,C_340,Thoracic Medicine, -   ,,,-,
Y56,RP4,GREAT ORMOND STREET HOSPITAL FOR CHILDREN NHS FOUNDATION TRUST,C_400,Neurology, -   ,,,-,
Y56,RP4,GREAT ORMOND STREET HOSPITAL FOR CHILDREN NHS FOUNDATION TRUST,C_410,Rheumatology, -   ,,,-,
Y56,RP4,GREAT ORMOND STREET HOSPITAL FOR CHILDREN NHS FOUNDATION TRUST,C_430,Geriatric Medicine, -   ,,,-,
Y56,RP4,GREAT ORMOND STREET HOSPITAL FOR CHILDREN NHS FOUNDATION TRUST,C_502,Gynaecology, -   ,,,-,
Y56,RP4,GREAT ORMOND STREET HOSPITAL FOR CHILDREN NHS FOUNDATION TRUST,X01,Other,"5,745",,,7.9,
Y56,RP6,MOORFIELDS EYE HOSPITAL NHS FOUNDATION TRUST,C_100,General Surgery, -   , -   , -   ,-,-
Y56,RP6,MOORFIELDS EYE HOSPITAL NHS FOUNDATION TRUST,C_101,Urology, -   , -   , -   ,-,-
Y56,RP6,MOORFIELDS EYE HOSPITAL NHS FOUNDATION TRUST,C_110,Trauma & Orthopaedics, -   , -   , -   ,-,-
Y56,RP6,MOORFIELDS EYE HOSPITAL NHS FOUNDATION TRUST,C_120,"Ear, Nose & Throat (ENT)", -   , -   , -   ,-,-
Y56,RP6,MOORFIELDS EYE HOSPITAL NHS FOUNDATION TRUST,C_130,Ophthalmology,"28,543","26,980",94.50%,6.1,16.3
Y56,RP6,MOORFIELDS EYE HOSPITAL NHS FOUNDATION TRUST,C_140,Oral Surgery, -   , -   , -   ,-,-
Y56,RP6,MOORFIELDS EYE HOSPITAL NHS FOUNDATION TRUST,C_150,Neurosurgery, -   , -   , -   ,-,-
Y56,RP6,MOORFIELDS EYE HOSPITAL NHS FOUNDATION TRUST,C_160,Plastic Surgery, -   , -   , -   ,-,-
Y56,RP6,MOORFIELDS EYE HOSPITAL NHS FOUNDATION TRUST,C_170,Cardiothoracic Surgery, -   , -   , -   ,-,-
Y56,RP6,MOORFIELDS EYE HOSPITAL NHS FOUNDATION TRUST,C_300,General Medicine, -   , -   , -   ,-,-
Y56,RP6,MOORFIELDS EYE HOSPITAL NHS FOUNDATION TRUST,C_301,Gastroenterology, -   , -   , -   ,-,-
Y56,RP6,MOORFIELDS EYE HOSPITAL NHS FOUNDATION TRUST,C_320,Cardiology, -   , -   , -   ,-,-
Y56,RP6,MOORFIELDS EYE HOSPITAL NHS FOUNDATION TRUST,C_330,Dermatology, -   , -   , -   ,-,-
Y56,RP6,MOORFIELDS EYE HOSPITAL NHS FOUNDATION TRUST,C_340,Thoracic Medicine, -   , -   , -   ,-,-
Y56,RP6,MOORFIELDS EYE HOSPITAL NHS FOUNDATION TRUST,C_400,Neurology, -   , -   , -   ,-,-
Y56,RP6,MOORFIELDS EYE HOSPITAL NHS FOUNDATION TRUST,C_410,Rheumatology, -   , -   , -   ,-,-
Y56,RP6,MOORFIELDS EYE HOSPITAL NHS FOUNDATION TRUST,C_430,Geriatric Medicine, -   , -   , -   ,-,-
Y56,RP6,MOORFIELDS EYE HOSPITAL NHS FOUNDATION TRUST,C_502,Gynaecology, -   , -   , -   ,-,-
Y56,RP6,MOORFIELDS EYE HOSPITAL NHS FOUNDATION TRUST,X01,Other, -   , -   , -   ,-,-
Y56,RPG,OXLEAS NHS FOUNDATION TRUST,C_100,General Surgery, -   , -   , -   ,-,-
Y56,RPG,OXLEAS NHS FOUNDATION TRUST,C_101,Urology, -   , -   , -   ,-,-
Y56,RPG,OXLEAS NHS FOUNDATION TRUST,C_110,Trauma & Orthopaedics, -   , -   , -   ,-,-
Y56,RPG,OXLEAS NHS FOUNDATION TRUST,C_120,"Ear, Nose & Throat (ENT)", -   , -   , -   ,-,-
Y56,RPG,OXLEAS NHS FOUNDATION TRUST,C_130,Ophthalmology, -   , -   , -   ,-,-
Y56,RPG,OXLEAS NHS FOUNDATION TRUST,C_140,Oral Surgery, -   , -   , -   ,-,-
Y56,RPG,OXLEAS NHS FOUNDATION TRUST,C_150,Neurosurgery, -   , -   , -   ,-,-
Y56,RPG,OXLEAS NHS FOUNDATION TRUST,C_160,Plastic Surgery, -   , -   , -   ,-,-
Y56,RPG,OXLEAS NHS FOUNDATION TRUST,C_170,Cardiothoracic Surgery, -   , -   , -   ,-,-
Y56,RPG,OXLEAS NHS FOUNDATION TRUST,C_300,General Medicine, -   , -   , -   ,-,-
Y56,RPG,OXLEAS NHS FOUNDATION TRUST,C_301,Gastroenterology, -   , -   , -   ,-,-
Y56,RPG,OXLEAS NHS FOUNDATION TRUST,C_320,Cardiology, -   , -   , -   ,-,-
Y56,RPG,OXLEAS NHS FOUNDATION TRUST,C_330,Dermatology, -   , -   , -   ,-,-
Y56,RPG,OXLEAS NHS FOUNDATION TRUST,C_340,Thoracic Medicine, -   , -   , -   ,-,-
Y56,RPG,OXLEAS NHS FOUNDATION TRUST,C_400,Neurology, -   , -   , -   ,-,-
Y56,RPG,OXLEAS NHS FOUNDATION TRUST,C_410,Rheumatology, -   , -   , -   ,-,-
Y56,RPG,OXLEAS NHS FOUNDATION TRUST,C_430,Geriatric Medicine, -   , -   , -   ,-,-
Y56,RPG,OXLEAS NHS FOUNDATION TRUST,C_502,Gynaecology, -   , -   , -   ,-,-
Y56,RPG,OXLEAS NHS FOUNDATION TRUST,X01,Other,627,609,97.10%,6.2,14.1
Y56,RPY,THE ROYAL MARSDEN NHS FOUNDATION TRUST,C_100,General Surgery,244,226,92.60%,5.8,16.9
Y56,RPY,THE ROYAL MARSDEN NHS FOUNDATION TRUST,C_101,Urology,61,57,93.40%,7,16.1
Y56,RPY,THE ROYAL MARSDEN NHS FOUNDATION TRUST,C_110,Trauma & Orthopaedics, -   , -   , -   ,-,-
Y56,RPY,THE ROYAL MARSDEN NHS FOUNDATION TRUST,C_120,"Ear, Nose & Throat (ENT)",19,18,94.70%,-,-
Y56,RPY,THE ROYAL MARSDEN NHS FOUNDATION TRUST,C_130,Ophthalmology, -   , -   , -   ,-,-
Y56,RPY,THE ROYAL MARSDEN NHS FOUNDATION TRUST,C_140,Oral Surgery,10,10,100.00%,-,-
Y56,RPY,THE ROYAL MARSDEN NHS FOUNDATION TRUST,C_150,Neurosurgery, -   , -   , -   ,-,-
Y56,RPY,THE ROYAL MARSDEN NHS FOUNDATION TRUST,C_160,Plastic Surgery,18,17,94.40%,-,-
Y56,RPY,THE ROYAL MARSDEN NHS FOUNDATION TRUST,C_170,Cardiothoracic Surgery, -   , -   , -   ,-,-
Y56,RPY,THE ROYAL MARSDEN NHS FOUNDATION TRUST,C_300,General Medicine, -   , -   , -   ,-,-
Y56,RPY,THE ROYAL MARSDEN NHS FOUNDATION TRUST,C_301,Gastroenterology,19,19,100.00%,-,-
Y56,RPY,THE ROYAL MARSDEN NHS FOUNDATION TRUST,C_320,Cardiology, -   , -   , -   ,-,-
Y56,RPY,THE ROYAL MARSDEN NHS FOUNDATION TRUST,C_330,Dermatology,61,58,95.10%,5.6,14.6
Y56,RPY,THE ROYAL MARSDEN NHS FOUNDATION TRUST,C_340,Thoracic Medicine, -   , -   , -   ,-,-
Y56,RPY,THE ROYAL MARSDEN NHS FOUNDATION TRUST,C_400,Neurology, -   , -   , -   ,-,-
Y56,RPY,THE ROYAL MARSDEN NHS FOUNDATION TRUST,C_410,Rheumatology, -   , -   , -   ,-,-
Y56,RPY,THE ROYAL MARSDEN NHS FOUNDATION TRUST,C_430,Geriatric Medicine, -   , -   , -   ,-,-
Y56,RPY,THE ROYAL MARSDEN NHS FOUNDATION TRUST,C_502,Gynaecology, -   , -   , -   ,-,-
Y56,RPY,THE ROYAL MARSDEN NHS FOUNDATION TRUST,X01,Other,847,825,97.40%,3.9,13.7
Y56,RQM,CHELSEA AND WESTMINSTER HOSPITAL NHS FOUNDATION TRUST,C_100,General Surgery,"1,984","1,771",89.30%,8.7,20.1
Y56,RQM,CHELSEA AND WESTMINSTER HOSPITAL NHS FOUNDATION TRUST,C_101,Urology,"2,491","2,297",92.20%,7.8,17.9
Y56,RQM,CHELSEA AND WESTMINSTER HOSPITAL NHS FOUNDATION TRUST,C_110,Trauma & Orthopaedics,"3,081","2,719",88.30%,8.8,21.2
Y56,RQM,CHELSEA AND WESTMINSTER HOSPITAL NHS FOUNDATION TRUST,C_120,"Ear, Nose & Throat (ENT)","1,918","1,726",90.00%,8.2,19.4
Y56,RQM,CHELSEA AND WESTMINSTER HOSPITAL NHS FOUNDATION TRUST,C_130,Ophthalmology,891,834,93.60%,6.7,16.9
Y56,RQM,CHELSEA AND WESTMINSTER HOSPITAL NHS FOUNDATION TRUST,C_140,Oral Surgery,416,384,92.30%,6.4,17.9
Y56,RQM,CHELSEA AND WESTMINSTER HOSPITAL NHS FOUNDATION TRUST,C_150,Neurosurgery, -   , -   , -   ,-,-
Y56,RQM,CHELSEA AND WESTMINSTER HOSPITAL NHS FOUNDATION TRUST,C_160,Plastic Surgery,"1,778","1,546",87.00%,9.5,21.4
Y56,RQM,CHELSEA AND WESTMINSTER HOSPITAL NHS FOUNDATION TRUST,C_170,Cardiothoracic Surgery,18,18,100.00%,-,-
Y56,RQM,CHELSEA AND WESTMINSTER HOSPITAL NHS FOUNDATION TRUST,C_300,General Medicine,170,169,99.40%,4.9,13.9
Y56,RQM,CHELSEA AND WESTMINSTER HOSPITAL NHS FOUNDATION TRUST,C_301,Gastroenterology,"1,865","1,790",96.00%,6.6,16.3
Y56,RQM,CHELSEA AND WESTMINSTER HOSPITAL NHS FOUNDATION TRUST,C_320,Cardiology,"1,249","1,189",95.20%,7.3,16.8
Y56,RQM,CHELSEA AND WESTMINSTER HOSPITAL NHS FOUNDATION TRUST,C_330,Dermatology,"2,299","2,187",95.10%,7,16.5
Y56,RQM,CHELSEA AND WESTMINSTER HOSPITAL NHS FOUNDATION TRUST,C_340,Thoracic Medicine,"1,025",950,92.70%,7.6,17.7
Y56,RQM,CHELSEA AND WESTMINSTER HOSPITAL NHS FOUNDATION TRUST,C_400,Neurology,"1,425","1,290",90.50%,8.5,19.5
Y56,RQM,CHELSEA AND WESTMINSTER HOSPITAL NHS FOUNDATION TRUST,C_410,Rheumatology,"1,043",964,92.40%,8.4,17.8
Y56,RQM,CHELSEA AND WESTMINSTER HOSPITAL NHS FOUNDATION TRUST,C_430,Geriatric Medicine,361,351,97.20%,6.6,16.1
Y56,RQM,CHELSEA AND WESTMINSTER HOSPITAL NHS FOUNDATION TRUST,C_502,Gynaecology,"3,545","3,322",93.70%,7.1,17.2
Y56,RQM,CHELSEA AND WESTMINSTER HOSPITAL NHS FOUNDATION TRUST,X01,Other,"11,965","11,067",92.50%,7.2,17.8
Y56,RQX,HOMERTON UNIVERSITY HOSPITAL NHS FOUNDATION TRUST,C_100,General Surgery,"1,860","1,707",91.80%,6.4,18.2
Y56,RQX,HOMERTON UNIVERSITY HOSPITAL NHS FOUNDATION TRUST,C_101,Urology,980,923,94.20%,5.9,16
Y56,RQX,HOMERTON UNIVERSITY HOSPITAL NHS FOUNDATION TRUST,C_110,Trauma & Orthopaedics,"1,215","1,072",88.20%,6.9,20.5
Y56,RQX,HOMERTON UNIVERSITY HOSPITAL NHS FOUNDATION TRUST,C_120,"Ear, Nose & Throat (ENT)",887,862,97.20%,4.9,14.4
Y56,RQX,HOMERTON UNIVERSITY HOSPITAL NHS FOUNDATION TRUST,C_130,Ophthalmology,174,173,99.40%,3.8,8
Y56,RQX,HOMERTON UNIVERSITY HOSPITAL NHS FOUNDATION TRUST,C_140,Oral Surgery, -   , -   , -   ,-,-
Y56,RQX,HOMERTON UNIVERSITY HOSPITAL NHS FOUNDATION TRUST,C_150,Neurosurgery, -   , -   , -   ,-,-
Y56,RQX,HOMERTON UNIVERSITY HOSPITAL NHS FOUNDATION TRUST,C_160,Plastic Surgery,92,85,92.40%,6.5,17.8
Y56,RQX,HOMERTON UNIVERSITY HOSPITAL NHS FOUNDATION TRUST,C_170,Cardiothoracic Surgery, -   , -   , -   ,-,-
Y56,RQX,HOMERTON UNIVERSITY HOSPITAL NHS FOUNDATION TRUST,C_300,General Medicine,68,65,95.60%,5.9,15.4
Y56,RQX,HOMERTON UNIVERSITY HOSPITAL NHS FOUNDATION TRUST,C_301,Gastroenterology,859,814,94.80%,6.2,15.7
Y56,RQX,HOMERTON UNIVERSITY HOSPITAL NHS FOUNDATION TRUST,C_320,Cardiology,764,714,93.50%,5.8,16.9
Y56,RQX,HOMERTON UNIVERSITY HOSPITAL NHS FOUNDATION TRUST,C_330,Dermatology,"1,299","1,230",94.70%,6.1,15.2
Y56,RQX,HOMERTON UNIVERSITY HOSPITAL NHS FOUNDATION TRUST,C_340,Thoracic Medicine,460,446,97.00%,3.3,13
Y56,RQX,HOMERTON UNIVERSITY HOSPITAL NHS FOUNDATION TRUST,C_400,Neurology,726,703,96.80%,5.2,12.9
Y56,RQX,HOMERTON UNIVERSITY HOSPITAL NHS FOUNDATION TRUST,C_410,Rheumatology,381,366,96.10%,5.7,14.6
Y56,RQX,HOMERTON UNIVERSITY HOSPITAL NHS FOUNDATION TRUST,C_430,Geriatric Medicine,102,102,100.00%,4.3,10
Y56,RQX,HOMERTON UNIVERSITY HOSPITAL NHS FOUNDATION TRUST,C_502,Gynaecology,"2,179","2,108",96.70%,4.3,14.1
Y56,RQX,HOMERTON UNIVERSITY HOSPITAL NHS FOUNDATION TRUST,X01,Other,"7,463","7,241",97.00%,3.9,14.1
Y56,RQY,SOUTH WEST LONDON AND ST GEORGE'S MENTAL HEALTH NHS TRUST,C_100,General Surgery, -   , -   , -   ,-,-
Y56,RQY,SOUTH WEST LONDON AND ST GEORGE'S MENTAL HEALTH NHS TRUST,C_101,Urology, -   , -   , -   ,-,-
Y56,RQY,SOUTH WEST LONDON AND ST GEORGE'S MENTAL HEALTH NHS TRUST,C_110,Trauma & Orthopaedics, -   , -   , -   ,-,-
Y56,RQY,SOUTH WEST LONDON AND ST GEORGE'S MENTAL HEALTH NHS TRUST,C_120,"Ear, Nose & Throat (ENT)", -   , -   , -   ,-,-
Y56,RQY,SOUTH WEST LONDON AND ST GEORGE'S MENTAL HEALTH NHS TRUST,C_130,Ophthalmology, -   , -   , -   ,-,-
Y56,RQY,SOUTH WEST LONDON AND ST GEORGE'S MENTAL HEALTH NHS TRUST,C_140,Oral Surgery, -   , -   , -   ,-,-
Y56,RQY,SOUTH WEST LONDON AND ST GEORGE'S MENTAL HEALTH NHS TRUST,C_150,Neurosurgery, -   , -   , -   ,-,-
Y56,RQY,SOUTH WEST LONDON AND ST GEORGE'S MENTAL HEALTH NHS TRUST,C_160,Plastic Surgery, -   , -   , -   ,-,-
Y56,RQY,SOUTH WEST LONDON AND ST GEORGE'S MENTAL HEALTH NHS TRUST,C_170,Cardiothoracic Surgery, -   , -   , -   ,-,-
Y56,RQY,SOUTH WEST LONDON AND ST GEORGE'S MENTAL HEALTH NHS TRUST,C_300,General Medicine, -   , -   , -   ,-,-
Y56,RQY,SOUTH WEST LONDON AND ST GEORGE'S MENTAL HEALTH NHS TRUST,C_301,Gastroenterology, -   , -   , -   ,-,-
Y56,RQY,SOUTH WEST LONDON AND ST GEORGE'S MENTAL HEALTH NHS TRUST,C_320,Cardiology, -   , -   , -   ,-,-
Y56,RQY,SOUTH WEST LONDON AND ST GEORGE'S MENTAL HEALTH NHS TRUST,C_330,Dermatology, -   , -   , -   ,-,-
Y56,RQY,SOUTH WEST LONDON AND ST GEORGE'S MENTAL HEALTH NHS TRUST,C_340,Thoracic Medicine, -   , -   , -   ,-,-
Y56,RQY,SOUTH WEST LONDON AND ST GEORGE'S MENTAL HEALTH NHS TRUST,C_400,Neurology, -   , -   , -   ,-,-
Y56,RQY,SOUTH WEST LONDON AND ST GEORGE'S MENTAL HEALTH NHS TRUST,C_410,Rheumatology, -   , -   , -   ,-,-
Y56,RQY,SOUTH WEST LONDON AND ST GEORGE'S MENTAL HEALTH NHS TRUST,C_430,Geriatric Medicine, -   , -   , -   ,-,-
Y56,RQY,SOUTH WEST LONDON AND ST GEORGE'S MENTAL HEALTH NHS TRUST,C_502,Gynaecology, -   , -   , -   ,-,-
Y56,RQY,SOUTH WEST LONDON AND ST GEORGE'S MENTAL HEALTH NHS TRUST,X01,Other,"3,516","3,268",92.90%,4,16.6
Y56,RRV,UNIVERSITY COLLEGE LONDON HOSPITALS NHS FOUNDATION TRUST,C_100,General Surgery,"1,003",711,70.90%,10.2,31.4
Y56,RRV,UNIVERSITY COLLEGE LONDON HOSPITALS NHS FOUNDATION TRUST,C_101,Urology,"2,950","1,931",65.50%,12.4,31.5
Y56,RRV,UNIVERSITY COLLEGE LONDON HOSPITALS NHS FOUNDATION TRUST,C_110,Trauma & Orthopaedics,"2,003","1,575",78.60%,8.8,28.3
Y56,RRV,UNIVERSITY COLLEGE LONDON HOSPITALS NHS FOUNDATION TRUST,C_120,"Ear, Nose & Throat (ENT)","5,900","4,048",68.60%,10.3,30.8
Y56,RRV,UNIVERSITY COLLEGE LONDON HOSPITALS NHS FOUNDATION TRUST,C_130,Ophthalmology, -   , -   , -   ,-,-
Y56,RRV,UNIVERSITY COLLEGE LONDON HOSPITALS NHS FOUNDATION TRUST,C_140,Oral Surgery,"3,192","2,085",65.30%,12.6,28.9
Y56,RRV,UNIVERSITY COLLEGE LONDON HOSPITALS NHS FOUNDATION TRUST,C_150,Neurosurgery,"1,134",915,80.70%,8.4,27.3
Y56,RRV,UNIVERSITY COLLEGE LONDON HOSPITALS NHS FOUNDATION TRUST,C_160,Plastic Surgery, -   , -   , -   ,-,-
Y56,RRV,UNIVERSITY COLLEGE LONDON HOSPITALS NHS FOUNDATION TRUST,C_170,Cardiothoracic Surgery,50,46,92.00%,2.3,17
Y56,RRV,UNIVERSITY COLLEGE LONDON HOSPITALS NHS FOUNDATION TRUST,C_300,General Medicine,"1,243","1,028",82.70%,11.1,25
Y56,RRV,UNIVERSITY COLLEGE LONDON HOSPITALS NHS FOUNDATION TRUST,C_301,Gastroenterology,"1,272",984,77.40%,10.2,25.2
Y56,RRV,UNIVERSITY COLLEGE LONDON HOSPITALS NHS FOUNDATION TRUST,C_320,Cardiology,545,489,89.70%,5.2,21.1
Y56,RRV,UNIVERSITY COLLEGE LONDON HOSPITALS NHS FOUNDATION TRUST,C_330,Dermatology,"1,610","1,261",78.30%,9.3,28.2
Y56,RRV,UNIVERSITY COLLEGE LONDON HOSPITALS NHS FOUNDATION TRUST,C_340,Thoracic Medicine,319,295,92.50%,7,17.6
Y56,RRV,UNIVERSITY COLLEGE LONDON HOSPITALS NHS FOUNDATION TRUST,C_400,Neurology,"4,727","4,251",89.90%,7.5,19.4
Y56,RRV,UNIVERSITY COLLEGE LONDON HOSPITALS NHS FOUNDATION TRUST,C_410,Rheumatology,"1,039",725,69.80%,10.9,31.7
Y56,RRV,UNIVERSITY COLLEGE LONDON HOSPITALS NHS FOUNDATION TRUST,C_430,Geriatric Medicine,36,33,91.70%,5.3,18.1
Y56,RRV,UNIVERSITY COLLEGE LONDON HOSPITALS NHS FOUNDATION TRUST,C_502,Gynaecology,"3,557","2,523",70.90%,12.6,32.1
Y56,RRV,UNIVERSITY COLLEGE LONDON HOSPITALS NHS FOUNDATION TRUST,X01,Other,"19,977","14,591",73.00%,10.5,30
Y56,RT3,ROYAL BROMPTON & HAREFIELD NHS FOUNDATION TRUST,C_100,General Surgery, -   , -   , -   ,-,-
Y56,RT3,ROYAL BROMPTON & HAREFIELD NHS FOUNDATION TRUST,C_101,Urology, -   , -   , -   ,-,-
Y56,RT3,ROYAL BROMPTON & HAREFIELD NHS FOUNDATION TRUST,C_110,Trauma & Orthopaedics, -   , -   , -   ,-,-
Y56,RT3,ROYAL BROMPTON & HAREFIELD NHS FOUNDATION TRUST,C_120,"Ear, Nose & Throat (ENT)", -   , -   , -   ,-,-
Y56,RT3,ROYAL BROMPTON & HAREFIELD NHS FOUNDATION TRUST,C_130,Ophthalmology, -   , -   , -   ,-,-
Y56,RT3,ROYAL BROMPTON & HAREFIELD NHS FOUNDATION TRUST,C_140,Oral Surgery, -   , -   , -   ,-,-
Y56,RT3,ROYAL BROMPTON & HAREFIELD NHS FOUNDATION TRUST,C_150,Neurosurgery, -   , -   , -   ,-,-
Y56,RT3,ROYAL BROMPTON & HAREFIELD NHS FOUNDATION TRUST,C_160,Plastic Surgery, -   , -   , -   ,-,-
Y56,RT3,ROYAL BROMPTON & HAREFIELD NHS FOUNDATION TRUST,C_170,Cardiothoracic Surgery,684,597,87.30%,7.9,21.9
Y56,RT3,ROYAL BROMPTON & HAREFIELD NHS FOUNDATION TRUST,C_300,General Medicine, -   , -   , -   ,-,-
Y56,RT3,ROYAL BROMPTON & HAREFIELD NHS FOUNDATION TRUST,C_301,Gastroenterology, -   , -   , -   ,-,-
Y56,RT3,ROYAL BROMPTON & HAREFIELD NHS FOUNDATION TRUST,C_320,Cardiology,"1,702","1,576",92.60%,6.7,17.5
Y56,RT3,ROYAL BROMPTON & HAREFIELD NHS FOUNDATION TRUST,C_330,Dermatology, -   , -   , -   ,-,-
Y56,RT3,ROYAL BROMPTON & HAREFIELD NHS FOUNDATION TRUST,C_340,Thoracic Medicine,"2,472","2,347",94.90%,7.9,16.9
Y56,RT3,ROYAL BROMPTON & HAREFIELD NHS FOUNDATION TRUST,C_400,Neurology, -   , -   , -   ,-,-
Y56,RT3,ROYAL BROMPTON & HAREFIELD NHS FOUNDATION TRUST,C_410,Rheumatology, -   , -   , -   ,-,-
Y56,RT3,ROYAL BROMPTON & HAREFIELD NHS FOUNDATION TRUST,C_430,Geriatric Medicine, -   , -   , -   ,-,-
Y56,RT3,ROYAL BROMPTON & HAREFIELD NHS FOUNDATION TRUST,C_502,Gynaecology, -   , -   , -   ,-,-
Y56,RT3,ROYAL BROMPTON & HAREFIELD NHS FOUNDATION TRUST,X01,Other,815,791,97.10%,7.6,15.7
Y56,RV3,CENTRAL AND NORTH WEST LONDON NHS FOUNDATION TRUST,C_100,General Surgery, -   , -   , -   ,-,-
Y56,RV3,CENTRAL AND NORTH WEST LONDON NHS FOUNDATION TRUST,C_101,Urology, -   , -   , -   ,-,-
Y56,RV3,CENTRAL AND NORTH WEST LONDON NHS FOUNDATION TRUST,C_110,Trauma & Orthopaedics, -   , -   , -   ,-,-
Y56,RV3,CENTRAL AND NORTH WEST LONDON NHS FOUNDATION TRUST,C_120,"Ear, Nose & Throat (ENT)", -   , -   , -   ,-,-
Y56,RV3,CENTRAL AND NORTH WEST LONDON NHS FOUNDATION TRUST,C_130,Ophthalmology, -   , -   , -   ,-,-
Y56,RV3,CENTRAL AND NORTH WEST LONDON NHS FOUNDATION TRUST,C_140,Oral Surgery, -   , -   , -   ,-,-
Y56,RV3,CENTRAL AND NORTH WEST LONDON NHS FOUNDATION TRUST,C_150,Neurosurgery, -   , -   , -   ,-,-
Y56,RV3,CENTRAL AND NORTH WEST LONDON NHS FOUNDATION TRUST,C_160,Plastic Surgery, -   , -   , -   ,-,-
Y56,RV3,CENTRAL AND NORTH WEST LONDON NHS FOUNDATION TRUST,C_170,Cardiothoracic Surgery, -   , -   , -   ,-,-
Y56,RV3,CENTRAL AND NORTH WEST LONDON NHS FOUNDATION TRUST,C_300,General Medicine, -   , -   , -   ,-,-
Y56,RV3,CENTRAL AND NORTH WEST LONDON NHS FOUNDATION TRUST,C_301,Gastroenterology, -   , -   , -   ,-,-
Y56,RV3,CENTRAL AND NORTH WEST LONDON NHS FOUNDATION TRUST,C_320,Cardiology, -   , -   , -   ,-,-
Y56,RV3,CENTRAL AND NORTH WEST LONDON NHS FOUNDATION TRUST,C_330,Dermatology, -   , -   , -   ,-,-
Y56,RV3,CENTRAL AND NORTH WEST LONDON NHS FOUNDATION TRUST,C_340,Thoracic Medicine, -   , -   , -   ,-,-
Y56,RV3,CENTRAL AND NORTH WEST LONDON NHS FOUNDATION TRUST,C_400,Neurology, -   , -   , -   ,-,-
Y56,RV3,CENTRAL AND NORTH WEST LONDON NHS FOUNDATION TRUST,C_410,Rheumatology, -   , -   , -   ,-,-
Y56,RV3,CENTRAL AND NORTH WEST LONDON NHS FOUNDATION TRUST,C_430,Geriatric Medicine, -   , -   , -   ,-,-
Y56,RV3,CENTRAL AND NORTH WEST LONDON NHS FOUNDATION TRUST,C_502,Gynaecology, -   , -   , -   ,-,-
Y56,RV3,CENTRAL AND NORTH WEST LONDON NHS FOUNDATION TRUST,X01,Other,432,432,100.00%,8.6,13.2
Y56,RVR,EPSOM AND ST HELIER UNIVERSITY HOSPITALS NHS TRUST,C_100,General Surgery,"3,334","2,858",85.70%,8.1,22.2
Y56,RVR,EPSOM AND ST HELIER UNIVERSITY HOSPITALS NHS TRUST,C_101,Urology,"1,721","1,477",85.80%,7.2,24.2
Y56,RVR,EPSOM AND ST HELIER UNIVERSITY HOSPITALS NHS TRUST,C_110,Trauma & Orthopaedics,"4,407","3,748",85.00%,8.6,21.5
Y56,RVR,EPSOM AND ST HELIER UNIVERSITY HOSPITALS NHS TRUST,C_120,"Ear, Nose & Throat (ENT)","1,501","1,315",87.60%,6.9,21.6
Y56,RVR,EPSOM AND ST HELIER UNIVERSITY HOSPITALS NHS TRUST,C_130,Ophthalmology,"2,156","2,125",98.60%,5.8,14.8
Y56,RVR,EPSOM AND ST HELIER UNIVERSITY HOSPITALS NHS TRUST,C_140,Oral Surgery,"1,022",930,91.00%,7.2,19
Y56,RVR,EPSOM AND ST HELIER UNIVERSITY HOSPITALS NHS TRUST,C_150,Neurosurgery, -   , -   , -   ,-,-
Y56,RVR,EPSOM AND ST HELIER UNIVERSITY HOSPITALS NHS TRUST,C_160,Plastic Surgery,164,135,82.30%,9.6,24.2
Y56,RVR,EPSOM AND ST HELIER UNIVERSITY HOSPITALS NHS TRUST,C_170,Cardiothoracic Surgery, -   , -   , -   ,-,-
Y56,RVR,EPSOM AND ST HELIER UNIVERSITY HOSPITALS NHS TRUST,C_300,General Medicine,141,125,88.70%,6.8,20.2
Y56,RVR,EPSOM AND ST HELIER UNIVERSITY HOSPITALS NHS TRUST,C_301,Gastroenterology,"2,050","1,628",79.40%,8.7,26.5
Y56,RVR,EPSOM AND ST HELIER UNIVERSITY HOSPITALS NHS TRUST,C_320,Cardiology,"1,767","1,261",71.40%,10.7,30.4
Y56,RVR,EPSOM AND ST HELIER UNIVERSITY HOSPITALS NHS TRUST,C_330,Dermatology,"2,282","2,045",89.60%,8.9,19.3
Y56,RVR,EPSOM AND ST HELIER UNIVERSITY HOSPITALS NHS TRUST,C_340,Thoracic Medicine,618,495,80.10%,9.3,26.1
Y56,RVR,EPSOM AND ST HELIER UNIVERSITY HOSPITALS NHS TRUST,C_400,Neurology,"1,118",892,79.80%,10.3,26.2
Y56,RVR,EPSOM AND ST HELIER UNIVERSITY HOSPITALS NHS TRUST,C_410,Rheumatology,607,507,83.50%,8.7,21.4
Y56,RVR,EPSOM AND ST HELIER UNIVERSITY HOSPITALS NHS TRUST,C_430,Geriatric Medicine,86,77,89.50%,7.2,22.1
Y56,RVR,EPSOM AND ST HELIER UNIVERSITY HOSPITALS NHS TRUST,C_502,Gynaecology,"2,514","2,193",87.20%,7.6,21.9
Y56,RVR,EPSOM AND ST HELIER UNIVERSITY HOSPITALS NHS TRUST,X01,Other,"5,526","5,032",91.10%,7.3,19
Y56,RY9,HOUNSLOW AND RICHMOND COMMUNITY HEALTHCARE NHS TRUST,C_100,General Surgery, -   , -   , -   ,-,-
Y56,RY9,HOUNSLOW AND RICHMOND COMMUNITY HEALTHCARE NHS TRUST,C_101,Urology, -   , -   , -   ,-,-
Y56,RY9,HOUNSLOW AND RICHMOND COMMUNITY HEALTHCARE NHS TRUST,C_110,Trauma & Orthopaedics, -   , -   , -   ,-,-
Y56,RY9,HOUNSLOW AND RICHMOND COMMUNITY HEALTHCARE NHS TRUST,C_120,"Ear, Nose & Throat (ENT)", -   , -   , -   ,-,-
Y56,RY9,HOUNSLOW AND RICHMOND COMMUNITY HEALTHCARE NHS TRUST,C_130,Ophthalmology, -   , -   , -   ,-,-
Y56,RY9,HOUNSLOW AND RICHMOND COMMUNITY HEALTHCARE NHS TRUST,C_140,Oral Surgery, -   , -   , -   ,-,-
Y56,RY9,HOUNSLOW AND RICHMOND COMMUNITY HEALTHCARE NHS TRUST,C_150,Neurosurgery, -   , -   , -   ,-,-
Y56,RY9,HOUNSLOW AND RICHMOND COMMUNITY HEALTHCARE NHS TRUST,C_160,Plastic Surgery, -   , -   , -   ,-,-
Y56,RY9,HOUNSLOW AND RICHMOND COMMUNITY HEALTHCARE NHS TRUST,C_170,Cardiothoracic Surgery, -   , -   , -   ,-,-
Y56,RY9,HOUNSLOW AND RICHMOND COMMUNITY HEALTHCARE NHS TRUST,C_300,General Medicine, -   , -   , -   ,-,-
Y56,RY9,HOUNSLOW AND RICHMOND COMMUNITY HEALTHCARE NHS TRUST,C_301,Gastroenterology, -   , -   , -   ,-,-
Y56,RY9,HOUNSLOW AND RICHMOND COMMUNITY HEALTHCARE NHS TRUST,C_320,Cardiology, -   , -   , -   ,-,-
Y56,RY9,HOUNSLOW AND RICHMOND COMMUNITY HEALTHCARE NHS TRUST,C_330,Dermatology, -   , -   , -   ,-,-
Y56,RY9,HOUNSLOW AND RICHMOND COMMUNITY HEALTHCARE NHS TRUST,C_340,Thoracic Medicine, -   , -   , -   ,-,-
Y56,RY9,HOUNSLOW AND RICHMOND COMMUNITY HEALTHCARE NHS TRUST,C_400,Neurology, -   , -   , -   ,-,-
Y56,RY9,HOUNSLOW AND RICHMOND COMMUNITY HEALTHCARE NHS TRUST,C_410,Rheumatology, -   , -   , -   ,-,-
Y56,RY9,HOUNSLOW AND RICHMOND COMMUNITY HEALTHCARE NHS TRUST,C_430,Geriatric Medicine, -   , -   , -   ,-,-
Y56,RY9,HOUNSLOW AND RICHMOND COMMUNITY HEALTHCARE NHS TRUST,C_502,Gynaecology, -   , -   , -   ,-,-
Y56,RY9,HOUNSLOW AND RICHMOND COMMUNITY HEALTHCARE NHS TRUST,X01,Other,174,174,100.00%,3,7.7
Y56,RYJ,IMPERIAL COLLEGE HEALTHCARE NHS TRUST,C_100,General Surgery,"2,379","1,596",67.10%,13,31.8
Y56,RYJ,IMPERIAL COLLEGE HEALTHCARE NHS TRUST,C_101,Urology,"3,291","2,410",73.20%,10.5,29.8
Y56,RYJ,IMPERIAL COLLEGE HEALTHCARE NHS TRUST,C_110,Trauma & Orthopaedics,"3,451","2,610",75.60%,10.4,29.1
Y56,RYJ,IMPERIAL COLLEGE HEALTHCARE NHS TRUST,C_120,"Ear, Nose & Throat (ENT)","4,123","3,483",84.50%,9.3,23.6
Y56,RYJ,IMPERIAL COLLEGE HEALTHCARE NHS TRUST,C_130,Ophthalmology,"5,028","4,344",86.40%,8.6,22.5
Y56,RYJ,IMPERIAL COLLEGE HEALTHCARE NHS TRUST,C_140,Oral Surgery,435,412,94.70%,7.3,15.9
Y56,RYJ,IMPERIAL COLLEGE HEALTHCARE NHS TRUST,C_150,Neurosurgery,"1,766","1,534",86.90%,8.7,21.9
Y56,RYJ,IMPERIAL COLLEGE HEALTHCARE NHS TRUST,C_160,Plastic Surgery,781,664,85.00%,8,23.1
Y56,RYJ,IMPERIAL COLLEGE HEALTHCARE NHS TRUST,C_170,Cardiothoracic Surgery,220,186,84.50%,7.1,25.2
Y56,RYJ,IMPERIAL COLLEGE HEALTHCARE NHS TRUST,C_300,General Medicine,287,229,79.80%,10.5,26
Y56,RYJ,IMPERIAL COLLEGE HEALTHCARE NHS TRUST,C_301,Gastroenterology,"4,003","3,253",81.30%,8.5,25.7
Y56,RYJ,IMPERIAL COLLEGE HEALTHCARE NHS TRUST,C_320,Cardiology,"5,618","4,945",88.00%,7.2,21.9
Y56,RYJ,IMPERIAL COLLEGE HEALTHCARE NHS TRUST,C_330,Dermatology,"2,741","2,208",80.60%,9.6,26.2
Y56,RYJ,IMPERIAL COLLEGE HEALTHCARE NHS TRUST,C_340,Thoracic Medicine,"1,575","1,379",87.60%,6.3,21.4
Y56,RYJ,IMPERIAL COLLEGE HEALTHCARE NHS TRUST,C_400,Neurology,"2,424","2,011",83.00%,11.3,21.2
Y56,RYJ,IMPERIAL COLLEGE HEALTHCARE NHS TRUST,C_410,Rheumatology,"1,294","1,095",84.60%,9,23.3
Y56,RYJ,IMPERIAL COLLEGE HEALTHCARE NHS TRUST,C_430,Geriatric Medicine,190,179,94.20%,4.5,16.3
Y56,RYJ,IMPERIAL COLLEGE HEALTHCARE NHS TRUST,C_502,Gynaecology,"5,384","4,954",92.00%,7.1,18
Y56,RYJ,IMPERIAL COLLEGE HEALTHCARE NHS TRUST,X01,Other,"17,550","14,794",84.30%,8.9,23.4
Y56,RYX,CENTRAL LONDON COMMUNITY HEALTHCARE NHS TRUST,C_100,General Surgery, -   , -   , -   ,-,-
Y56,RYX,CENTRAL LONDON COMMUNITY HEALTHCARE NHS TRUST,C_101,Urology, -   , -   , -   ,-,-
Y56,RYX,CENTRAL LONDON COMMUNITY HEALTHCARE NHS TRUST,C_110,Trauma & Orthopaedics,14,13,92.90%,-,-
Y56,RYX,CENTRAL LONDON COMMUNITY HEALTHCARE NHS TRUST,C_120,"Ear, Nose & Throat (ENT)", -   , -   , -   ,-,-
Y56,RYX,CENTRAL LONDON COMMUNITY HEALTHCARE NHS TRUST,C_130,Ophthalmology, -   , -   , -   ,-,-
Y56,RYX,CENTRAL LONDON COMMUNITY HEALTHCARE NHS TRUST,C_140,Oral Surgery, -   , -   , -   ,-,-
Y56,RYX,CENTRAL LONDON COMMUNITY HEALTHCARE NHS TRUST,C_150,Neurosurgery, -   , -   , -   ,-,-
Y56,RYX,CENTRAL LONDON COMMUNITY HEALTHCARE NHS TRUST,C_160,Plastic Surgery, -   , -   , -   ,-,-
Y56,RYX,CENTRAL LONDON COMMUNITY HEALTHCARE NHS TRUST,C_170,Cardiothoracic Surgery, -   , -   , -   ,-,-
Y56,RYX,CENTRAL LONDON COMMUNITY HEALTHCARE NHS TRUST,C_300,General Medicine, -   , -   , -   ,-,-
Y56,RYX,CENTRAL LONDON COMMUNITY HEALTHCARE NHS TRUST,C_301,Gastroenterology, -   , -   , -   ,-,-
Y56,RYX,CENTRAL LONDON COMMUNITY HEALTHCARE NHS TRUST,C_320,Cardiology, -   , -   , -   ,-,-
Y56,RYX,CENTRAL LONDON COMMUNITY HEALTHCARE NHS TRUST,C_330,Dermatology, -   , -   , -   ,-,-
Y56,RYX,CENTRAL LONDON COMMUNITY HEALTHCARE NHS TRUST,C_340,Thoracic Medicine, -   , -   , -   ,-,-
Y56,RYX,CENTRAL LONDON COMMUNITY HEALTHCARE NHS TRUST,C_400,Neurology, -   , -   , -   ,-,-
Y56,RYX,CENTRAL LONDON COMMUNITY HEALTHCARE NHS TRUST,C_410,Rheumatology, -   , -   , -   ,-,-
Y56,RYX,CENTRAL LONDON COMMUNITY HEALTHCARE NHS TRUST,C_430,Geriatric Medicine, -   , -   , -   ,-,-
Y56,RYX,CENTRAL LONDON COMMUNITY HEALTHCARE NHS TRUST,C_502,Gynaecology, -   , -   , -   ,-,-
Y56,RYX,CENTRAL LONDON COMMUNITY HEALTHCARE NHS TRUST,X01,Other,"3,078","2,945",95.70%,4.4,14.8
Y58,RA3,WESTON AREA HEALTH NHS TRUST,C_100,General Surgery,166,148,89.20%,8.8,19.7
Y58,RA3,WESTON AREA HEALTH NHS TRUST,C_101,Urology,412,370,89.80%,6.6,19
Y58,RA3,WESTON AREA HEALTH NHS TRUST,C_110,Trauma & Orthopaedics,813,637,78.40%,11.6,30.5
Y58,RA3,WESTON AREA HEALTH NHS TRUST,C_120,"Ear, Nose & Throat (ENT)",401,373,93.00%,8.5,17.4
Y58,RA3,WESTON AREA HEALTH NHS TRUST,C_130,Ophthalmology,317,293,92.40%,8.5,17.8
Y58,RA3,WESTON AREA HEALTH NHS TRUST,C_140,Oral Surgery, -   , -   , -   ,-,-
Y58,RA3,WESTON AREA HEALTH NHS TRUST,C_150,Neurosurgery, -   , -   , -   ,-,-
Y58,RA3,WESTON AREA HEALTH NHS TRUST,C_160,Plastic Surgery, -   , -   , -   ,-,-
Y58,RA3,WESTON AREA HEALTH NHS TRUST,C_170,Cardiothoracic Surgery,2,2,100.00%,-,-
Y58,RA3,WESTON AREA HEALTH NHS TRUST,C_300,General Medicine,199,192,96.50%,2.9,15.4
Y58,RA3,WESTON AREA HEALTH NHS TRUST,C_301,Gastroenterology,425,389,91.50%,6.5,18.3
Y58,RA3,WESTON AREA HEALTH NHS TRUST,C_320,Cardiology,461,336,72.90%,12.6,31.3
Y58,RA3,WESTON AREA HEALTH NHS TRUST,C_330,Dermatology, -   , -   , -   ,-,-
Y58,RA3,WESTON AREA HEALTH NHS TRUST,C_340,Thoracic Medicine,230,154,67.00%,14,37.8
Y58,RA3,WESTON AREA HEALTH NHS TRUST,C_400,Neurology, -   , -   , -   ,-,-
Y58,RA3,WESTON AREA HEALTH NHS TRUST,C_410,Rheumatology,382,352,92.10%,6.3,17.8
Y58,RA3,WESTON AREA HEALTH NHS TRUST,C_430,Geriatric Medicine,35,33,94.30%,9,17.2
Y58,RA3,WESTON AREA HEALTH NHS TRUST,C_502,Gynaecology,414,387,93.50%,7.3,17.4
Y58,RA3,WESTON AREA HEALTH NHS TRUST,X01,Other,"1,943","1,650",84.90%,7.8,23.4
Y58,RA4,YEOVIL DISTRICT HOSPITAL NHS FOUNDATION TRUST,C_100,General Surgery,"2,168","1,917",88.40%,7.9,21
Y58,RA4,YEOVIL DISTRICT HOSPITAL NHS FOUNDATION TRUST,C_101,Urology,585,551,94.20%,5.3,16.7
Y58,RA4,YEOVIL DISTRICT HOSPITAL NHS FOUNDATION TRUST,C_110,Trauma & Orthopaedics,879,744,84.60%,11.2,21.6
Y58,RA4,YEOVIL DISTRICT HOSPITAL NHS FOUNDATION TRUST,C_120,"Ear, Nose & Throat (ENT)",743,672,90.40%,9.3,18.6
Y58,RA4,YEOVIL DISTRICT HOSPITAL NHS FOUNDATION TRUST,C_130,Ophthalmology,"1,012",936,92.50%,7.4,17.7
Y58,RA4,YEOVIL DISTRICT HOSPITAL NHS FOUNDATION TRUST,C_140,Oral Surgery, -   , -   , -   ,-,-
Y58,RA4,YEOVIL DISTRICT HOSPITAL NHS FOUNDATION TRUST,C_150,Neurosurgery, -   , -   , -   ,-,-
Y58,RA4,YEOVIL DISTRICT HOSPITAL NHS FOUNDATION TRUST,C_160,Plastic Surgery,113,91,80.50%,10.3,23.5
Y58,RA4,YEOVIL DISTRICT HOSPITAL NHS FOUNDATION TRUST,C_170,Cardiothoracic Surgery, -   , -   , -   ,-,-
Y58,RA4,YEOVIL DISTRICT HOSPITAL NHS FOUNDATION TRUST,C_300,General Medicine,239,230,96.20%,7.9,14.8
Y58,RA4,YEOVIL DISTRICT HOSPITAL NHS FOUNDATION TRUST,C_301,Gastroenterology,443,408,92.10%,8,18
Y58,RA4,YEOVIL DISTRICT HOSPITAL NHS FOUNDATION TRUST,C_320,Cardiology,857,804,93.80%,9.7,17
Y58,RA4,YEOVIL DISTRICT HOSPITAL NHS FOUNDATION TRUST,C_330,Dermatology,903,777,86.00%,7.3,23.7
Y58,RA4,YEOVIL DISTRICT HOSPITAL NHS FOUNDATION TRUST,C_340,Thoracic Medicine,281,267,95.00%,6.5,16.4
Y58,RA4,YEOVIL DISTRICT HOSPITAL NHS FOUNDATION TRUST,C_400,Neurology,251,234,93.20%,7,17.7
Y58,RA4,YEOVIL DISTRICT HOSPITAL NHS FOUNDATION TRUST,C_410,Rheumatology,221,180,81.40%,10,24.3
Y58,RA4,YEOVIL DISTRICT HOSPITAL NHS FOUNDATION TRUST,C_430,Geriatric Medicine,136,133,97.80%,8.7,16.8
Y58,RA4,YEOVIL DISTRICT HOSPITAL NHS FOUNDATION TRUST,C_502,Gynaecology,963,850,88.30%,9.2,21.3
Y58,RA4,YEOVIL DISTRICT HOSPITAL NHS FOUNDATION TRUST,X01,Other,416,343,82.50%,9.1,28.2
Y58,RA7,UNIVERSITY HOSPITALS BRISTOL NHS FOUNDATION TRUST,C_100,General Surgery, -   ,,,-,
Y58,RA7,UNIVERSITY HOSPITALS BRISTOL NHS FOUNDATION TRUST,C_101,Urology, -   ,,,-,
Y58,RA7,UNIVERSITY HOSPITALS BRISTOL NHS FOUNDATION TRUST,C_110,Trauma & Orthopaedics,586,,,9.1,
Y58,RA7,UNIVERSITY HOSPITALS BRISTOL NHS FOUNDATION TRUST,C_120,"Ear, Nose & Throat (ENT)","2,101",,,5.9,
Y58,RA7,UNIVERSITY HOSPITALS BRISTOL NHS FOUNDATION TRUST,C_130,Ophthalmology,"4,061",,,6.1,
Y58,RA7,UNIVERSITY HOSPITALS BRISTOL NHS FOUNDATION TRUST,C_140,Oral Surgery,"3,705",,,11.4,
Y58,RA7,UNIVERSITY HOSPITALS BRISTOL NHS FOUNDATION TRUST,C_150,Neurosurgery, -   ,,,-,
Y58,RA7,UNIVERSITY HOSPITALS BRISTOL NHS FOUNDATION TRUST,C_160,Plastic Surgery, -   ,,,-,
Y58,RA7,UNIVERSITY HOSPITALS BRISTOL NHS FOUNDATION TRUST,C_170,Cardiothoracic Surgery,317,,,11.1,
Y58,RA7,UNIVERSITY HOSPITALS BRISTOL NHS FOUNDATION TRUST,C_300,General Medicine,6,,,-,
Y58,RA7,UNIVERSITY HOSPITALS BRISTOL NHS FOUNDATION TRUST,C_301,Gastroenterology,"1,105",,,4.3,
Y58,RA7,UNIVERSITY HOSPITALS BRISTOL NHS FOUNDATION TRUST,C_320,Cardiology,"2,550",,,9.7,
Y58,RA7,UNIVERSITY HOSPITALS BRISTOL NHS FOUNDATION TRUST,C_330,Dermatology,"2,911",,,7.3,
Y58,RA7,UNIVERSITY HOSPITALS BRISTOL NHS FOUNDATION TRUST,C_340,Thoracic Medicine,670,,,7.5,
Y58,RA7,UNIVERSITY HOSPITALS BRISTOL NHS FOUNDATION TRUST,C_400,Neurology,260,,,7.4,
Y58,RA7,UNIVERSITY HOSPITALS BRISTOL NHS FOUNDATION TRUST,C_410,Rheumatology,627,,,9,
Y58,RA7,UNIVERSITY HOSPITALS BRISTOL NHS FOUNDATION TRUST,C_430,Geriatric Medicine,89,,,6,
Y58,RA7,UNIVERSITY HOSPITALS BRISTOL NHS FOUNDATION TRUST,C_502,Gynaecology,"1,446",,,9.6,
Y58,RA7,UNIVERSITY HOSPITALS BRISTOL NHS FOUNDATION TRUST,X01,Other,"13,478",,,8.5,
Y58,RA9,TORBAY AND SOUTH DEVON NHS FOUNDATION TRUST,C_100,General Surgery, -   , -   , -   ,-,-
Y58,RA9,TORBAY AND SOUTH DEVON NHS FOUNDATION TRUST,C_101,Urology,"1,366","1,029",75.30%,9.5,30.1
Y58,RA9,TORBAY AND SOUTH DEVON NHS FOUNDATION TRUST,C_110,Trauma & Orthopaedics,"2,341","1,674",71.50%,10,35.3
Y58,RA9,TORBAY AND SOUTH DEVON NHS FOUNDATION TRUST,C_120,"Ear, Nose & Throat (ENT)","1,251","1,161",92.80%,7.8,17.4
Y58,RA9,TORBAY AND SOUTH DEVON NHS FOUNDATION TRUST,C_130,Ophthalmology,"2,379","1,652",69.40%,10.3,33.9
Y58,RA9,TORBAY AND SOUTH DEVON NHS FOUNDATION TRUST,C_140,Oral Surgery,"1,182",964,81.60%,8.2,24.6
Y58,RA9,TORBAY AND SOUTH DEVON NHS FOUNDATION TRUST,C_150,Neurosurgery, -   , -   , -   ,-,-
Y58,RA9,TORBAY AND SOUTH DEVON NHS FOUNDATION TRUST,C_160,Plastic Surgery,282,221,78.40%,10.6,25.2
Y58,RA9,TORBAY AND SOUTH DEVON NHS FOUNDATION TRUST,C_170,Cardiothoracic Surgery,9,9,100.00%,-,-
Y58,RA9,TORBAY AND SOUTH DEVON NHS FOUNDATION TRUST,C_300,General Medicine,75,62,82.70%,6.3,26
Y58,RA9,TORBAY AND SOUTH DEVON NHS FOUNDATION TRUST,C_301,Gastroenterology,"1,519","1,344",88.50%,7.1,21
Y58,RA9,TORBAY AND SOUTH DEVON NHS FOUNDATION TRUST,C_320,Cardiology,"1,481","1,183",79.90%,8.7,24.7
Y58,RA9,TORBAY AND SOUTH DEVON NHS FOUNDATION TRUST,C_330,Dermatology,"1,169","1,008",86.20%,6.2,21.2
Y58,RA9,TORBAY AND SOUTH DEVON NHS FOUNDATION TRUST,C_340,Thoracic Medicine,681,637,93.50%,6.5,17.3
Y58,RA9,TORBAY AND SOUTH DEVON NHS FOUNDATION TRUST,C_400,Neurology,554,439,79.20%,9.8,25.2
Y58,RA9,TORBAY AND SOUTH DEVON NHS FOUNDATION TRUST,C_410,Rheumatology,340,338,99.40%,3.3,10.9
Y58,RA9,TORBAY AND SOUTH DEVON NHS FOUNDATION TRUST,C_430,Geriatric Medicine,118,115,97.50%,3.8,11.6
Y58,RA9,TORBAY AND SOUTH DEVON NHS FOUNDATION TRUST,C_502,Gynaecology,891,842,94.50%,4.6,16.6
Y58,RA9,TORBAY AND SOUTH DEVON NHS FOUNDATION TRUST,X01,Other,"4,643","3,620",78.00%,9.2,32.9
Y58,RBA,TAUNTON AND SOMERSET NHS FOUNDATION TRUST,C_100,General Surgery,"3,280",,,9.3,
Y58,RBA,TAUNTON AND SOMERSET NHS FOUNDATION TRUST,C_101,Urology,"1,397",,,10,
Y58,RBA,TAUNTON AND SOMERSET NHS FOUNDATION TRUST,C_110,Trauma & Orthopaedics,"2,008",,,11.2,
Y58,RBA,TAUNTON AND SOMERSET NHS FOUNDATION TRUST,C_120,"Ear, Nose & Throat (ENT)","2,607",,,12.3,
Y58,RBA,TAUNTON AND SOMERSET NHS FOUNDATION TRUST,C_130,Ophthalmology,"3,235",,,12.6,
Y58,RBA,TAUNTON AND SOMERSET NHS FOUNDATION TRUST,C_140,Oral Surgery,1,,,-,
Y58,RBA,TAUNTON AND SOMERSET NHS FOUNDATION TRUST,C_150,Neurosurgery, -   ,,,-,
Y58,RBA,TAUNTON AND SOMERSET NHS FOUNDATION TRUST,C_160,Plastic Surgery,8,,,-,
Y58,RBA,TAUNTON AND SOMERSET NHS FOUNDATION TRUST,C_170,Cardiothoracic Surgery,18,,,-,
Y58,RBA,TAUNTON AND SOMERSET NHS FOUNDATION TRUST,C_300,General Medicine,5,,,-,
Y58,RBA,TAUNTON AND SOMERSET NHS FOUNDATION TRUST,C_301,Gastroenterology,"1,666",,,10.3,
Y58,RBA,TAUNTON AND SOMERSET NHS FOUNDATION TRUST,C_320,Cardiology,"1,378",,,9.5,
Y58,RBA,TAUNTON AND SOMERSET NHS FOUNDATION TRUST,C_330,Dermatology,70,,,4.4,
Y58,RBA,TAUNTON AND SOMERSET NHS FOUNDATION TRUST,C_340,Thoracic Medicine,762,,,9,
Y58,RBA,TAUNTON AND SOMERSET NHS FOUNDATION TRUST,C_400,Neurology,703,,,9,
Y58,RBA,TAUNTON AND SOMERSET NHS FOUNDATION TRUST,C_410,Rheumatology,662,,,10.5,
Y58,RBA,TAUNTON AND SOMERSET NHS FOUNDATION TRUST,C_430,Geriatric Medicine,331,,,8.7,
Y58,RBA,TAUNTON AND SOMERSET NHS FOUNDATION TRUST,C_502,Gynaecology,"1,325",,,6,
Y58,RBA,TAUNTON AND SOMERSET NHS FOUNDATION TRUST,X01,Other,"6,101",,,14.2,
Y58,RBD,DORSET COUNTY HOSPITAL NHS FOUNDATION TRUST,C_100,General Surgery,441,325,73.70%,11.3,25.7
Y58,RBD,DORSET COUNTY HOSPITAL NHS FOUNDATION TRUST,C_101,Urology,854,781,91.50%,7.1,18.4
Y58,RBD,DORSET COUNTY HOSPITAL NHS FOUNDATION TRUST,C_110,Trauma & Orthopaedics,"2,748","1,675",61.00%,14.2,35.3
Y58,RBD,DORSET COUNTY HOSPITAL NHS FOUNDATION TRUST,C_120,"Ear, Nose & Throat (ENT)","1,579","1,158",73.30%,11.6,27.1
Y58,RBD,DORSET COUNTY HOSPITAL NHS FOUNDATION TRUST,C_130,Ophthalmology,"2,536","1,633",64.40%,13,32.5
Y58,RBD,DORSET COUNTY HOSPITAL NHS FOUNDATION TRUST,C_140,Oral Surgery, -   , -   , -   ,-,-
Y58,RBD,DORSET COUNTY HOSPITAL NHS FOUNDATION TRUST,C_150,Neurosurgery, -   , -   , -   ,-,-
Y58,RBD,DORSET COUNTY HOSPITAL NHS FOUNDATION TRUST,C_160,Plastic Surgery, -   , -   , -   ,-,-
Y58,RBD,DORSET COUNTY HOSPITAL NHS FOUNDATION TRUST,C_170,Cardiothoracic Surgery, -   , -   , -   ,-,-
Y58,RBD,DORSET COUNTY HOSPITAL NHS FOUNDATION TRUST,C_300,General Medicine,29,29,100.00%,6,15.7
Y58,RBD,DORSET COUNTY HOSPITAL NHS FOUNDATION TRUST,C_301,Gastroenterology,600,443,73.80%,10,28.3
Y58,RBD,DORSET COUNTY HOSPITAL NHS FOUNDATION TRUST,C_320,Cardiology,432,425,98.40%,5.4,14
Y58,RBD,DORSET COUNTY HOSPITAL NHS FOUNDATION TRUST,C_330,Dermatology,"1,255",750,59.80%,13.6,39
Y58,RBD,DORSET COUNTY HOSPITAL NHS FOUNDATION TRUST,C_340,Thoracic Medicine,256,245,95.70%,6.6,16.8
Y58,RBD,DORSET COUNTY HOSPITAL NHS FOUNDATION TRUST,C_400,Neurology, -   , -   , -   ,-,-
Y58,RBD,DORSET COUNTY HOSPITAL NHS FOUNDATION TRUST,C_410,Rheumatology,243,231,95.10%,8.3,16.3
Y58,RBD,DORSET COUNTY HOSPITAL NHS FOUNDATION TRUST,C_430,Geriatric Medicine,42,42,100.00%,5.6,10.6
Y58,RBD,DORSET COUNTY HOSPITAL NHS FOUNDATION TRUST,C_502,Gynaecology,"1,110",791,71.30%,10.6,33.1
Y58,RBD,DORSET COUNTY HOSPITAL NHS FOUNDATION TRUST,X01,Other,"4,118","3,085",74.90%,9.7,28.1
Y58,RBZ,NORTHERN DEVON HEALTHCARE NHS TRUST,C_100,General Surgery,399,293,73.40%,12.4,30.5
Y58,RBZ,NORTHERN DEVON HEALTHCARE NHS TRUST,C_101,Urology,840,696,82.90%,9.2,27.9
Y58,RBZ,NORTHERN DEVON HEALTHCARE NHS TRUST,C_110,Trauma & Orthopaedics,"2,144","1,566",73.00%,11,31.1
Y58,RBZ,NORTHERN DEVON HEALTHCARE NHS TRUST,C_120,"Ear, Nose & Throat (ENT)", -   , -   , -   ,-,-
Y58,RBZ,NORTHERN DEVON HEALTHCARE NHS TRUST,C_130,Ophthalmology,"2,172","1,414",65.10%,12.6,33.1
Y58,RBZ,NORTHERN DEVON HEALTHCARE NHS TRUST,C_140,Oral Surgery,417,359,86.10%,9.1,21.7
Y58,RBZ,NORTHERN DEVON HEALTHCARE NHS TRUST,C_150,Neurosurgery, -   , -   , -   ,-,-
Y58,RBZ,NORTHERN DEVON HEALTHCARE NHS TRUST,C_160,Plastic Surgery,59,53,89.80%,7.8,24.3
Y58,RBZ,NORTHERN DEVON HEALTHCARE NHS TRUST,C_170,Cardiothoracic Surgery, -   , -   , -   ,-,-
Y58,RBZ,NORTHERN DEVON HEALTHCARE NHS TRUST,C_300,General Medicine,1,1,100.00%,-,-
Y58,RBZ,NORTHERN DEVON HEALTHCARE NHS TRUST,C_301,Gastroenterology,695,620,89.20%,8.5,22.1
Y58,RBZ,NORTHERN DEVON HEALTHCARE NHS TRUST,C_320,Cardiology,816,592,72.50%,10.9,27.4
Y58,RBZ,NORTHERN DEVON HEALTHCARE NHS TRUST,C_330,Dermatology,"1,019",917,90.00%,7.7,20.4
Y58,RBZ,NORTHERN DEVON HEALTHCARE NHS TRUST,C_340,Thoracic Medicine,198,167,84.30%,9.2,23.1
Y58,RBZ,NORTHERN DEVON HEALTHCARE NHS TRUST,C_400,Neurology,289,237,82.00%,9,25.4
Y58,RBZ,NORTHERN DEVON HEALTHCARE NHS TRUST,C_410,Rheumatology,108,104,96.30%,6.3,14.1
Y58,RBZ,NORTHERN DEVON HEALTHCARE NHS TRUST,C_430,Geriatric Medicine,19,19,100.00%,-,-
Y58,RBZ,NORTHERN DEVON HEALTHCARE NHS TRUST,C_502,Gynaecology,645,537,83.30%,8.3,25.9
Y58,RBZ,NORTHERN DEVON HEALTHCARE NHS TRUST,X01,Other,"2,015","1,755",87.10%,8,21.9
Y58,RD1,ROYAL UNITED HOSPITALS BATH NHS FOUNDATION TRUST,C_100,General Surgery,"2,662","2,330",87.50%,8.7,23.9
Y58,RD1,ROYAL UNITED HOSPITALS BATH NHS FOUNDATION TRUST,C_101,Urology,851,767,90.10%,6.3,20.3
Y58,RD1,ROYAL UNITED HOSPITALS BATH NHS FOUNDATION TRUST,C_110,Trauma & Orthopaedics,"2,043","1,627",79.60%,9.9,25.6
Y58,RD1,ROYAL UNITED HOSPITALS BATH NHS FOUNDATION TRUST,C_120,"Ear, Nose & Throat (ENT)","2,194","1,680",76.60%,10.7,27.1
Y58,RD1,ROYAL UNITED HOSPITALS BATH NHS FOUNDATION TRUST,C_130,Ophthalmology,"1,986","1,894",95.40%,5.8,16.4
Y58,RD1,ROYAL UNITED HOSPITALS BATH NHS FOUNDATION TRUST,C_140,Oral Surgery,"2,317","1,789",77.20%,10,25.4
Y58,RD1,ROYAL UNITED HOSPITALS BATH NHS FOUNDATION TRUST,C_150,Neurosurgery, -   , -   , -   ,-,-
Y58,RD1,ROYAL UNITED HOSPITALS BATH NHS FOUNDATION TRUST,C_160,Plastic Surgery, -   , -   , -   ,-,-
Y58,RD1,ROYAL UNITED HOSPITALS BATH NHS FOUNDATION TRUST,C_170,Cardiothoracic Surgery, -   , -   , -   ,-,-
Y58,RD1,ROYAL UNITED HOSPITALS BATH NHS FOUNDATION TRUST,C_300,General Medicine,119,119,100.00%,8,16.7
Y58,RD1,ROYAL UNITED HOSPITALS BATH NHS FOUNDATION TRUST,C_301,Gastroenterology,"2,323","1,828",78.70%,10,30
Y58,RD1,ROYAL UNITED HOSPITALS BATH NHS FOUNDATION TRUST,C_320,Cardiology,"1,968","1,651",83.90%,9,23.6
Y58,RD1,ROYAL UNITED HOSPITALS BATH NHS FOUNDATION TRUST,C_330,Dermatology,"1,377","1,031",74.90%,10.2,29.2
Y58,RD1,ROYAL UNITED HOSPITALS BATH NHS FOUNDATION TRUST,C_340,Thoracic Medicine,340,339,99.70%,3.8,13.7
Y58,RD1,ROYAL UNITED HOSPITALS BATH NHS FOUNDATION TRUST,C_400,Neurology,828,774,93.50%,8.8,17.7
Y58,RD1,ROYAL UNITED HOSPITALS BATH NHS FOUNDATION TRUST,C_410,Rheumatology,"1,185","1,141",96.30%,8.5,16.8
Y58,RD1,ROYAL UNITED HOSPITALS BATH NHS FOUNDATION TRUST,C_430,Geriatric Medicine,153,146,95.40%,6.6,17
Y58,RD1,ROYAL UNITED HOSPITALS BATH NHS FOUNDATION TRUST,C_502,Gynaecology,"1,646","1,515",92.00%,7,18
Y58,RD1,ROYAL UNITED HOSPITALS BATH NHS FOUNDATION TRUST,X01,Other,"1,967","1,877",95.40%,6.8,16.5
Y58,RD3,POOLE HOSPITAL NHS FOUNDATION TRUST,C_100,General Surgery,"1,579","1,084",68.70%,10.8,38.5
Y58,RD3,POOLE HOSPITAL NHS FOUNDATION TRUST,C_101,Urology,203,121,59.60%,16.4,33.6
Y58,RD3,POOLE HOSPITAL NHS FOUNDATION TRUST,C_110,Trauma & Orthopaedics,815,740,90.80%,8.3,19.7
Y58,RD3,POOLE HOSPITAL NHS FOUNDATION TRUST,C_120,"Ear, Nose & Throat (ENT)","2,117","1,467",69.30%,10.9,35.6
Y58,RD3,POOLE HOSPITAL NHS FOUNDATION TRUST,C_130,Ophthalmology,363,332,91.50%,9.8,18.7
Y58,RD3,POOLE HOSPITAL NHS FOUNDATION TRUST,C_140,Oral Surgery,"1,983","1,458",73.50%,11.1,32.5
Y58,RD3,POOLE HOSPITAL NHS FOUNDATION TRUST,C_150,Neurosurgery, -   , -   , -   ,-,-
Y58,RD3,POOLE HOSPITAL NHS FOUNDATION TRUST,C_160,Plastic Surgery, -   , -   , -   ,-,-
Y58,RD3,POOLE HOSPITAL NHS FOUNDATION TRUST,C_170,Cardiothoracic Surgery, -   , -   , -   ,-,-
Y58,RD3,POOLE HOSPITAL NHS FOUNDATION TRUST,C_300,General Medicine,446,440,98.70%,6.8,14.7
Y58,RD3,POOLE HOSPITAL NHS FOUNDATION TRUST,C_301,Gastroenterology,581,519,89.30%,7.6,19.6
Y58,RD3,POOLE HOSPITAL NHS FOUNDATION TRUST,C_320,Cardiology,725,713,98.30%,7,15.8
Y58,RD3,POOLE HOSPITAL NHS FOUNDATION TRUST,C_330,Dermatology,970,931,96.00%,4.8,14.8
Y58,RD3,POOLE HOSPITAL NHS FOUNDATION TRUST,C_340,Thoracic Medicine, -   , -   , -   ,-,-
Y58,RD3,POOLE HOSPITAL NHS FOUNDATION TRUST,C_400,Neurology,"1,135",952,83.90%,9.8,22.2
Y58,RD3,POOLE HOSPITAL NHS FOUNDATION TRUST,C_410,Rheumatology,628,588,93.60%,4.7,17.1
Y58,RD3,POOLE HOSPITAL NHS FOUNDATION TRUST,C_430,Geriatric Medicine,45,43,95.60%,4.8,17.2
Y58,RD3,POOLE HOSPITAL NHS FOUNDATION TRUST,C_502,Gynaecology,"1,866","1,411",75.60%,10.3,34.5
Y58,RD3,POOLE HOSPITAL NHS FOUNDATION TRUST,X01,Other,"1,646","1,580",96.00%,5.5,15.7
Y58,RDY,DORSET HEALTHCARE UNIVERSITY NHS FOUNDATION TRUST,C_100,General Surgery,129,116,89.90%,6.8,19.7
Y58,RDY,DORSET HEALTHCARE UNIVERSITY NHS FOUNDATION TRUST,C_101,Urology,28,17,60.70%,17.2,20.9
Y58,RDY,DORSET HEALTHCARE UNIVERSITY NHS FOUNDATION TRUST,C_110,Trauma & Orthopaedics,270,262,97.00%,5.4,15.1
Y58,RDY,DORSET HEALTHCARE UNIVERSITY NHS FOUNDATION TRUST,C_120,"Ear, Nose & Throat (ENT)",186,177,95.20%,6.4,17.3
Y58,RDY,DORSET HEALTHCARE UNIVERSITY NHS FOUNDATION TRUST,C_130,Ophthalmology,65,52,80.00%,14.3,21.6
Y58,RDY,DORSET HEALTHCARE UNIVERSITY NHS FOUNDATION TRUST,C_140,Oral Surgery,27,27,100.00%,7.7,15.4
Y58,RDY,DORSET HEALTHCARE UNIVERSITY NHS FOUNDATION TRUST,C_150,Neurosurgery, -   , -   , -   ,-,-
Y58,RDY,DORSET HEALTHCARE UNIVERSITY NHS FOUNDATION TRUST,C_160,Plastic Surgery, -   , -   , -   ,-,-
Y58,RDY,DORSET HEALTHCARE UNIVERSITY NHS FOUNDATION TRUST,C_170,Cardiothoracic Surgery, -   , -   , -   ,-,-
Y58,RDY,DORSET HEALTHCARE UNIVERSITY NHS FOUNDATION TRUST,C_300,General Medicine,35,35,100.00%,4.3,11.2
Y58,RDY,DORSET HEALTHCARE UNIVERSITY NHS FOUNDATION TRUST,C_301,Gastroenterology,3,3,100.00%,-,-
Y58,RDY,DORSET HEALTHCARE UNIVERSITY NHS FOUNDATION TRUST,C_320,Cardiology,68,67,98.50%,5.6,12.6
Y58,RDY,DORSET HEALTHCARE UNIVERSITY NHS FOUNDATION TRUST,C_330,Dermatology, -   , -   , -   ,-,-
Y58,RDY,DORSET HEALTHCARE UNIVERSITY NHS FOUNDATION TRUST,C_340,Thoracic Medicine, -   , -   , -   ,-,-
Y58,RDY,DORSET HEALTHCARE UNIVERSITY NHS FOUNDATION TRUST,C_400,Neurology, -   , -   , -   ,-,-
Y58,RDY,DORSET HEALTHCARE UNIVERSITY NHS FOUNDATION TRUST,C_410,Rheumatology,26,26,100.00%,2.1,5.9
Y58,RDY,DORSET HEALTHCARE UNIVERSITY NHS FOUNDATION TRUST,C_430,Geriatric Medicine,5,5,100.00%,-,-
Y58,RDY,DORSET HEALTHCARE UNIVERSITY NHS FOUNDATION TRUST,C_502,Gynaecology,139,131,94.20%,5.3,16.9
Y58,RDY,DORSET HEALTHCARE UNIVERSITY NHS FOUNDATION TRUST,X01,Other,5,4,80.00%,-,-
Y58,RDZ,THE ROYAL BOURNEMOUTH AND CHRISTCHURCH HOSPITALS NHS FOUNDATION TRUST,C_100,General Surgery,"5,165","4,276",82.80%,8.9,28.5
Y58,RDZ,THE ROYAL BOURNEMOUTH AND CHRISTCHURCH HOSPITALS NHS FOUNDATION TRUST,C_101,Urology,"2,034","1,492",73.40%,11,33.3
Y58,RDZ,THE ROYAL BOURNEMOUTH AND CHRISTCHURCH HOSPITALS NHS FOUNDATION TRUST,C_110,Trauma & Orthopaedics,"4,007","3,172",79.20%,11.5,24.2
Y58,RDZ,THE ROYAL BOURNEMOUTH AND CHRISTCHURCH HOSPITALS NHS FOUNDATION TRUST,C_120,"Ear, Nose & Throat (ENT)","1,023",786,76.80%,11.5,24.3
Y58,RDZ,THE ROYAL BOURNEMOUTH AND CHRISTCHURCH HOSPITALS NHS FOUNDATION TRUST,C_130,Ophthalmology,"5,855","4,290",73.30%,11.8,28.5
Y58,RDZ,THE ROYAL BOURNEMOUTH AND CHRISTCHURCH HOSPITALS NHS FOUNDATION TRUST,C_140,Oral Surgery,675,469,69.50%,12.6,29.5
Y58,RDZ,THE ROYAL BOURNEMOUTH AND CHRISTCHURCH HOSPITALS NHS FOUNDATION TRUST,C_150,Neurosurgery, -   , -   , -   ,-,-
Y58,RDZ,THE ROYAL BOURNEMOUTH AND CHRISTCHURCH HOSPITALS NHS FOUNDATION TRUST,C_160,Plastic Surgery, -   , -   , -   ,-,-
Y58,RDZ,THE ROYAL BOURNEMOUTH AND CHRISTCHURCH HOSPITALS NHS FOUNDATION TRUST,C_170,Cardiothoracic Surgery,3,3,100.00%,-,-
Y58,RDZ,THE ROYAL BOURNEMOUTH AND CHRISTCHURCH HOSPITALS NHS FOUNDATION TRUST,C_300,General Medicine,"2,324","2,136",91.90%,7.8,18.1
Y58,RDZ,THE ROYAL BOURNEMOUTH AND CHRISTCHURCH HOSPITALS NHS FOUNDATION TRUST,C_301,Gastroenterology, -   , -   , -   ,-,-
Y58,RDZ,THE ROYAL BOURNEMOUTH AND CHRISTCHURCH HOSPITALS NHS FOUNDATION TRUST,C_320,Cardiology,"2,010","1,743",86.70%,9.4,21.5
Y58,RDZ,THE ROYAL BOURNEMOUTH AND CHRISTCHURCH HOSPITALS NHS FOUNDATION TRUST,C_330,Dermatology,390,363,93.10%,6.8,17.2
Y58,RDZ,THE ROYAL BOURNEMOUTH AND CHRISTCHURCH HOSPITALS NHS FOUNDATION TRUST,C_340,Thoracic Medicine,518,455,87.80%,9.7,22.4
Y58,RDZ,THE ROYAL BOURNEMOUTH AND CHRISTCHURCH HOSPITALS NHS FOUNDATION TRUST,C_400,Neurology,440,360,81.80%,9.7,22.6
Y58,RDZ,THE ROYAL BOURNEMOUTH AND CHRISTCHURCH HOSPITALS NHS FOUNDATION TRUST,C_410,Rheumatology,813,776,95.40%,8.5,17.4
Y58,RDZ,THE ROYAL BOURNEMOUTH AND CHRISTCHURCH HOSPITALS NHS FOUNDATION TRUST,C_430,Geriatric Medicine,176,160,90.90%,6.8,19.5
Y58,RDZ,THE ROYAL BOURNEMOUTH AND CHRISTCHURCH HOSPITALS NHS FOUNDATION TRUST,C_502,Gynaecology,"1,536","1,205",78.50%,10.9,28.5
Y58,RDZ,THE ROYAL BOURNEMOUTH AND CHRISTCHURCH HOSPITALS NHS FOUNDATION TRUST,X01,Other,"1,896","1,688",89.00%,8.5,21.3
Y58,REF,ROYAL CORNWALL HOSPITALS NHS TRUST,C_100,General Surgery,"1,462","1,297",88.70%,5.8,21.1
Y58,REF,ROYAL CORNWALL HOSPITALS NHS TRUST,C_101,Urology,"1,478","1,292",87.40%,6.6,21.7
Y58,REF,ROYAL CORNWALL HOSPITALS NHS TRUST,C_110,Trauma & Orthopaedics,"3,034","2,237",73.70%,10,29.8
Y58,REF,ROYAL CORNWALL HOSPITALS NHS TRUST,C_120,"Ear, Nose & Throat (ENT)","1,974","1,687",85.50%,7.3,22.1
Y58,REF,ROYAL CORNWALL HOSPITALS NHS TRUST,C_130,Ophthalmology,"2,957","2,607",88.20%,6.7,20.3
Y58,REF,ROYAL CORNWALL HOSPITALS NHS TRUST,C_140,Oral Surgery,"2,081","1,755",84.30%,8.6,21.3
Y58,REF,ROYAL CORNWALL HOSPITALS NHS TRUST,C_150,Neurosurgery, -   , -   , -   ,-,-
Y58,REF,ROYAL CORNWALL HOSPITALS NHS TRUST,C_160,Plastic Surgery, -   , -   , -   ,-,-
Y58,REF,ROYAL CORNWALL HOSPITALS NHS TRUST,C_170,Cardiothoracic Surgery, -   , -   , -   ,-,-
Y58,REF,ROYAL CORNWALL HOSPITALS NHS TRUST,C_300,General Medicine, -   , -   , -   ,-,-
Y58,REF,ROYAL CORNWALL HOSPITALS NHS TRUST,C_301,Gastroenterology,"1,752","1,380",78.80%,8.5,23.5
Y58,REF,ROYAL CORNWALL HOSPITALS NHS TRUST,C_320,Cardiology,"1,129",890,78.80%,9,26.6
Y58,REF,ROYAL CORNWALL HOSPITALS NHS TRUST,C_330,Dermatology,"2,025","1,839",90.80%,6.2,18.7
Y58,REF,ROYAL CORNWALL HOSPITALS NHS TRUST,C_340,Thoracic Medicine,529,444,83.90%,8,21.8
Y58,REF,ROYAL CORNWALL HOSPITALS NHS TRUST,C_400,Neurology,455,427,93.80%,5.5,16.1
Y58,REF,ROYAL CORNWALL HOSPITALS NHS TRUST,C_410,Rheumatology,268,241,89.90%,3.7,18.7
Y58,REF,ROYAL CORNWALL HOSPITALS NHS TRUST,C_430,Geriatric Medicine,212,208,98.10%,5.2,12.6
Y58,REF,ROYAL CORNWALL HOSPITALS NHS TRUST,C_502,Gynaecology,"1,134","1,085",95.70%,5.6,14.8
Y58,REF,ROYAL CORNWALL HOSPITALS NHS TRUST,X01,Other,"3,886","3,528",90.80%,5.9,19.1
Y58,RH5,SOMERSET PARTNERSHIP NHS FOUNDATION TRUST,C_100,General Surgery, -   , -   , -   ,-,-
Y58,RH5,SOMERSET PARTNERSHIP NHS FOUNDATION TRUST,C_101,Urology, -   , -   , -   ,-,-
Y58,RH5,SOMERSET PARTNERSHIP NHS FOUNDATION TRUST,C_110,Trauma & Orthopaedics,"1,618","1,617",99.90%,2.8,8.6
Y58,RH5,SOMERSET PARTNERSHIP NHS FOUNDATION TRUST,C_120,"Ear, Nose & Throat (ENT)", -   , -   , -   ,-,-
Y58,RH5,SOMERSET PARTNERSHIP NHS FOUNDATION TRUST,C_130,Ophthalmology, -   , -   , -   ,-,-
Y58,RH5,SOMERSET PARTNERSHIP NHS FOUNDATION TRUST,C_140,Oral Surgery, -   , -   , -   ,-,-
Y58,RH5,SOMERSET PARTNERSHIP NHS FOUNDATION TRUST,C_150,Neurosurgery, -   , -   , -   ,-,-
Y58,RH5,SOMERSET PARTNERSHIP NHS FOUNDATION TRUST,C_160,Plastic Surgery, -   , -   , -   ,-,-
Y58,RH5,SOMERSET PARTNERSHIP NHS FOUNDATION TRUST,C_170,Cardiothoracic Surgery, -   , -   , -   ,-,-
Y58,RH5,SOMERSET PARTNERSHIP NHS FOUNDATION TRUST,C_300,General Medicine, -   , -   , -   ,-,-
Y58,RH5,SOMERSET PARTNERSHIP NHS FOUNDATION TRUST,C_301,Gastroenterology, -   , -   , -   ,-,-
Y58,RH5,SOMERSET PARTNERSHIP NHS FOUNDATION TRUST,C_320,Cardiology, -   , -   , -   ,-,-
Y58,RH5,SOMERSET PARTNERSHIP NHS FOUNDATION TRUST,C_330,Dermatology, -   , -   , -   ,-,-
Y58,RH5,SOMERSET PARTNERSHIP NHS FOUNDATION TRUST,C_340,Thoracic Medicine, -   , -   , -   ,-,-
Y58,RH5,SOMERSET PARTNERSHIP NHS FOUNDATION TRUST,C_400,Neurology, -   , -   , -   ,-,-
Y58,RH5,SOMERSET PARTNERSHIP NHS FOUNDATION TRUST,C_410,Rheumatology, -   , -   , -   ,-,-
Y58,RH5,SOMERSET PARTNERSHIP NHS FOUNDATION TRUST,C_430,Geriatric Medicine, -   , -   , -   ,-,-
Y58,RH5,SOMERSET PARTNERSHIP NHS FOUNDATION TRUST,C_502,Gynaecology, -   , -   , -   ,-,-
Y58,RH5,SOMERSET PARTNERSHIP NHS FOUNDATION TRUST,X01,Other,53,52,98.10%,7.5,13
Y58,RH8,ROYAL DEVON AND EXETER NHS FOUNDATION TRUST,C_100,General Surgery,"3,141","2,319",73.80%,9.7,32.7
Y58,RH8,ROYAL DEVON AND EXETER NHS FOUNDATION TRUST,C_101,Urology,"2,167","1,587",73.20%,10.1,30.7
Y58,RH8,ROYAL DEVON AND EXETER NHS FOUNDATION TRUST,C_110,Trauma & Orthopaedics,"5,353","3,665",68.50%,11.4,35
Y58,RH8,ROYAL DEVON AND EXETER NHS FOUNDATION TRUST,C_120,"Ear, Nose & Throat (ENT)","2,936","2,387",81.30%,9.4,24
Y58,RH8,ROYAL DEVON AND EXETER NHS FOUNDATION TRUST,C_130,Ophthalmology,"4,461","3,600",80.70%,9.3,23.1
Y58,RH8,ROYAL DEVON AND EXETER NHS FOUNDATION TRUST,C_140,Oral Surgery,"1,787","1,515",84.80%,8.5,21.2
Y58,RH8,ROYAL DEVON AND EXETER NHS FOUNDATION TRUST,C_150,Neurosurgery, -   , -   , -   ,-,-
Y58,RH8,ROYAL DEVON AND EXETER NHS FOUNDATION TRUST,C_160,Plastic Surgery,"1,082",811,75.00%,9,29.2
Y58,RH8,ROYAL DEVON AND EXETER NHS FOUNDATION TRUST,C_170,Cardiothoracic Surgery, -   , -   , -   ,-,-
Y58,RH8,ROYAL DEVON AND EXETER NHS FOUNDATION TRUST,C_300,General Medicine,315,297,94.30%,5.5,16.4
Y58,RH8,ROYAL DEVON AND EXETER NHS FOUNDATION TRUST,C_301,Gastroenterology,"1,810","1,487",82.20%,7.8,24.7
Y58,RH8,ROYAL DEVON AND EXETER NHS FOUNDATION TRUST,C_320,Cardiology,"3,223","2,059",63.90%,12.7,38.2
Y58,RH8,ROYAL DEVON AND EXETER NHS FOUNDATION TRUST,C_330,Dermatology,"2,208","1,991",90.20%,5.7,19.5
Y58,RH8,ROYAL DEVON AND EXETER NHS FOUNDATION TRUST,C_340,Thoracic Medicine,617,519,84.10%,8,21.5
Y58,RH8,ROYAL DEVON AND EXETER NHS FOUNDATION TRUST,C_400,Neurology,836,620,74.20%,10.2,26.8
Y58,RH8,ROYAL DEVON AND EXETER NHS FOUNDATION TRUST,C_410,Rheumatology,270,261,96.70%,3.8,11.5
Y58,RH8,ROYAL DEVON AND EXETER NHS FOUNDATION TRUST,C_430,Geriatric Medicine,306,300,98.00%,5.2,12.6
Y58,RH8,ROYAL DEVON AND EXETER NHS FOUNDATION TRUST,C_502,Gynaecology,"1,522","1,321",86.80%,6.9,21
Y58,RH8,ROYAL DEVON AND EXETER NHS FOUNDATION TRUST,X01,Other,"3,867","3,354",86.70%,6.7,21.8
Y58,RJ8,CORNWALL PARTNERSHIP NHS FOUNDATION TRUST,C_100,General Surgery, -   , -   , -   ,-,-
Y58,RJ8,CORNWALL PARTNERSHIP NHS FOUNDATION TRUST,C_101,Urology, -   , -   , -   ,-,-
Y58,RJ8,CORNWALL PARTNERSHIP NHS FOUNDATION TRUST,C_110,Trauma & Orthopaedics, -   , -   , -   ,-,-
Y58,RJ8,CORNWALL PARTNERSHIP NHS FOUNDATION TRUST,C_120,"Ear, Nose & Throat (ENT)", -   , -   , -   ,-,-
Y58,RJ8,CORNWALL PARTNERSHIP NHS FOUNDATION TRUST,C_130,Ophthalmology, -   , -   , -   ,-,-
Y58,RJ8,CORNWALL PARTNERSHIP NHS FOUNDATION TRUST,C_140,Oral Surgery, -   , -   , -   ,-,-
Y58,RJ8,CORNWALL PARTNERSHIP NHS FOUNDATION TRUST,C_150,Neurosurgery, -   , -   , -   ,-,-
Y58,RJ8,CORNWALL PARTNERSHIP NHS FOUNDATION TRUST,C_160,Plastic Surgery, -   , -   , -   ,-,-
Y58,RJ8,CORNWALL PARTNERSHIP NHS FOUNDATION TRUST,C_170,Cardiothoracic Surgery, -   , -   , -   ,-,-
Y58,RJ8,CORNWALL PARTNERSHIP NHS FOUNDATION TRUST,C_300,General Medicine, -   , -   , -   ,-,-
Y58,RJ8,CORNWALL PARTNERSHIP NHS FOUNDATION TRUST,C_301,Gastroenterology, -   , -   , -   ,-,-
Y58,RJ8,CORNWALL PARTNERSHIP NHS FOUNDATION TRUST,C_320,Cardiology, -   , -   , -   ,-,-
Y58,RJ8,CORNWALL PARTNERSHIP NHS FOUNDATION TRUST,C_330,Dermatology, -   , -   , -   ,-,-
Y58,RJ8,CORNWALL PARTNERSHIP NHS FOUNDATION TRUST,C_340,Thoracic Medicine, -   , -   , -   ,-,-
Y58,RJ8,CORNWALL PARTNERSHIP NHS FOUNDATION TRUST,C_400,Neurology, -   , -   , -   ,-,-
Y58,RJ8,CORNWALL PARTNERSHIP NHS FOUNDATION TRUST,C_410,Rheumatology, -   , -   , -   ,-,-
Y58,RJ8,CORNWALL PARTNERSHIP NHS FOUNDATION TRUST,C_430,Geriatric Medicine, -   , -   , -   ,-,-
Y58,RJ8,CORNWALL PARTNERSHIP NHS FOUNDATION TRUST,C_502,Gynaecology, -   , -   , -   ,-,-
Y58,RJ8,CORNWALL PARTNERSHIP NHS FOUNDATION TRUST,X01,Other,417,405,97.10%,2.6,15.5
Y58,RK9,UNIVERSITY HOSPITALS PLYMOUTH NHS TRUST,C_100,General Surgery,271,199,73.40%,10.5,31.7
Y58,RK9,UNIVERSITY HOSPITALS PLYMOUTH NHS TRUST,C_101,Urology,"1,722","1,295",75.20%,8.8,32.3
Y58,RK9,UNIVERSITY HOSPITALS PLYMOUTH NHS TRUST,C_110,Trauma & Orthopaedics,"3,539","2,272",64.20%,12.9,38.5
Y58,RK9,UNIVERSITY HOSPITALS PLYMOUTH NHS TRUST,C_120,"Ear, Nose & Throat (ENT)","1,726","1,302",75.40%,8.8,31.7
Y58,RK9,UNIVERSITY HOSPITALS PLYMOUTH NHS TRUST,C_130,Ophthalmology,"2,840","2,450",86.30%,7.5,21.8
Y58,RK9,UNIVERSITY HOSPITALS PLYMOUTH NHS TRUST,C_140,Oral Surgery, -   , -   , -   ,-,-
Y58,RK9,UNIVERSITY HOSPITALS PLYMOUTH NHS TRUST,C_150,Neurosurgery,"1,286",659,51.20%,17.3,45
Y58,RK9,UNIVERSITY HOSPITALS PLYMOUTH NHS TRUST,C_160,Plastic Surgery,813,646,79.50%,7,31.3
Y58,RK9,UNIVERSITY HOSPITALS PLYMOUTH NHS TRUST,C_170,Cardiothoracic Surgery,395,238,60.30%,13.8,38.4
Y58,RK9,UNIVERSITY HOSPITALS PLYMOUTH NHS TRUST,C_300,General Medicine,20,20,100.00%,4.8,12.2
Y58,RK9,UNIVERSITY HOSPITALS PLYMOUTH NHS TRUST,C_301,Gastroenterology,"1,129",844,74.80%,8.3,29.1
Y58,RK9,UNIVERSITY HOSPITALS PLYMOUTH NHS TRUST,C_320,Cardiology,"1,708","1,184",69.30%,11.8,32.2
Y58,RK9,UNIVERSITY HOSPITALS PLYMOUTH NHS TRUST,C_330,Dermatology,"1,578","1,493",94.60%,4.5,15.7
Y58,RK9,UNIVERSITY HOSPITALS PLYMOUTH NHS TRUST,C_340,Thoracic Medicine,981,604,61.60%,13,35.4
Y58,RK9,UNIVERSITY HOSPITALS PLYMOUTH NHS TRUST,C_400,Neurology,"1,539","1,263",82.10%,8.5,25.9
Y58,RK9,UNIVERSITY HOSPITALS PLYMOUTH NHS TRUST,C_410,Rheumatology,358,288,80.40%,8.6,25.6
Y58,RK9,UNIVERSITY HOSPITALS PLYMOUTH NHS TRUST,C_430,Geriatric Medicine,14,14,100.00%,-,-
Y58,RK9,UNIVERSITY HOSPITALS PLYMOUTH NHS TRUST,C_502,Gynaecology,"1,525","1,105",72.50%,8.9,33.1
Y58,RK9,UNIVERSITY HOSPITALS PLYMOUTH NHS TRUST,X01,Other,"8,174","6,689",81.80%,7.5,25.6
Y58,RN3,GREAT WESTERN HOSPITALS NHS FOUNDATION TRUST,C_100,General Surgery,"2,421","2,094",86.50%,7.2,23.5
Y58,RN3,GREAT WESTERN HOSPITALS NHS FOUNDATION TRUST,C_101,Urology,"1,442","1,064",73.80%,9.6,35
Y58,RN3,GREAT WESTERN HOSPITALS NHS FOUNDATION TRUST,C_110,Trauma & Orthopaedics,"4,023","2,922",72.60%,10.2,33.8
Y58,RN3,GREAT WESTERN HOSPITALS NHS FOUNDATION TRUST,C_120,"Ear, Nose & Throat (ENT)","2,245","1,723",76.70%,9,27.4
Y58,RN3,GREAT WESTERN HOSPITALS NHS FOUNDATION TRUST,C_130,Ophthalmology,"2,002","1,801",90.00%,7.1,19.5
Y58,RN3,GREAT WESTERN HOSPITALS NHS FOUNDATION TRUST,C_140,Oral Surgery,"1,681","1,255",74.70%,11.2,27.1
Y58,RN3,GREAT WESTERN HOSPITALS NHS FOUNDATION TRUST,C_150,Neurosurgery, -   , -   , -   ,-,-
Y58,RN3,GREAT WESTERN HOSPITALS NHS FOUNDATION TRUST,C_160,Plastic Surgery,186,179,96.20%,9.1,16.4
Y58,RN3,GREAT WESTERN HOSPITALS NHS FOUNDATION TRUST,C_170,Cardiothoracic Surgery, -   , -   , -   ,-,-
Y58,RN3,GREAT WESTERN HOSPITALS NHS FOUNDATION TRUST,C_300,General Medicine,1,1,100.00%,-,-
Y58,RN3,GREAT WESTERN HOSPITALS NHS FOUNDATION TRUST,C_301,Gastroenterology,"1,368","1,114",81.40%,9.4,24.5
Y58,RN3,GREAT WESTERN HOSPITALS NHS FOUNDATION TRUST,C_320,Cardiology,643,583,90.70%,6.6,19.4
Y58,RN3,GREAT WESTERN HOSPITALS NHS FOUNDATION TRUST,C_330,Dermatology,"1,813","1,467",80.90%,8.5,26.1
Y58,RN3,GREAT WESTERN HOSPITALS NHS FOUNDATION TRUST,C_340,Thoracic Medicine,579,407,70.30%,13.1,28.9
Y58,RN3,GREAT WESTERN HOSPITALS NHS FOUNDATION TRUST,C_400,Neurology,733,607,82.80%,9.7,21.6
Y58,RN3,GREAT WESTERN HOSPITALS NHS FOUNDATION TRUST,C_410,Rheumatology,564,514,91.10%,8.4,19
Y58,RN3,GREAT WESTERN HOSPITALS NHS FOUNDATION TRUST,C_430,Geriatric Medicine,72,72,100.00%,2.9,7.9
Y58,RN3,GREAT WESTERN HOSPITALS NHS FOUNDATION TRUST,C_502,Gynaecology,"1,757","1,324",75.40%,10.1,30.1
Y58,RN3,GREAT WESTERN HOSPITALS NHS FOUNDATION TRUST,X01,Other,"1,860","1,554",83.50%,8.1,24.1
Y58,RNZ,SALISBURY NHS FOUNDATION TRUST,C_100,General Surgery,749,694,92.70%,9.2,17.9
Y58,RNZ,SALISBURY NHS FOUNDATION TRUST,C_101,Urology,"1,193","1,030",86.30%,8.3,25.5
Y58,RNZ,SALISBURY NHS FOUNDATION TRUST,C_110,Trauma & Orthopaedics,"1,676","1,511",90.20%,8.7,19.6
Y58,RNZ,SALISBURY NHS FOUNDATION TRUST,C_120,"Ear, Nose & Throat (ENT)","1,190","1,106",92.90%,8.4,17.7
Y58,RNZ,SALISBURY NHS FOUNDATION TRUST,C_130,Ophthalmology,"1,516","1,410",93.00%,7.4,17.7
Y58,RNZ,SALISBURY NHS FOUNDATION TRUST,C_140,Oral Surgery,"1,591","1,467",92.20%,9.9,17.9
Y58,RNZ,SALISBURY NHS FOUNDATION TRUST,C_150,Neurosurgery, -   , -   , -   ,-,-
Y58,RNZ,SALISBURY NHS FOUNDATION TRUST,C_160,Plastic Surgery,"1,536","1,328",86.50%,7.9,23.3
Y58,RNZ,SALISBURY NHS FOUNDATION TRUST,C_170,Cardiothoracic Surgery, -   , -   , -   ,-,-
Y58,RNZ,SALISBURY NHS FOUNDATION TRUST,C_300,General Medicine,145,144,99.30%,15.3,17.6
Y58,RNZ,SALISBURY NHS FOUNDATION TRUST,C_301,Gastroenterology,835,791,94.70%,8.4,17
Y58,RNZ,SALISBURY NHS FOUNDATION TRUST,C_320,Cardiology,928,924,99.60%,4.9,14.4
Y58,RNZ,SALISBURY NHS FOUNDATION TRUST,C_330,Dermatology,659,384,58.30%,15.3,30.9
Y58,RNZ,SALISBURY NHS FOUNDATION TRUST,C_340,Thoracic Medicine,421,376,89.30%,8.2,19.7
Y58,RNZ,SALISBURY NHS FOUNDATION TRUST,C_400,Neurology, -   , -   , -   ,-,-
Y58,RNZ,SALISBURY NHS FOUNDATION TRUST,C_410,Rheumatology,441,438,99.30%,5.9,14.6
Y58,RNZ,SALISBURY NHS FOUNDATION TRUST,C_430,Geriatric Medicine,179,177,98.90%,7.2,15.8
Y58,RNZ,SALISBURY NHS FOUNDATION TRUST,C_502,Gynaecology,"1,203","1,169",97.20%,7.3,16.2
Y58,RNZ,SALISBURY NHS FOUNDATION TRUST,X01,Other,"4,018","3,896",97.00%,7.9,16.6
Y58,RTE,GLOUCESTERSHIRE HOSPITALS NHS FOUNDATION TRUST,C_100,General Surgery,193,171,88.60%,10.6,22.5
Y58,RTE,GLOUCESTERSHIRE HOSPITALS NHS FOUNDATION TRUST,C_101,Urology,"2,566","2,233",87.00%,9.8,22
Y58,RTE,GLOUCESTERSHIRE HOSPITALS NHS FOUNDATION TRUST,C_110,Trauma & Orthopaedics,"5,539","4,183",75.50%,10.9,29.6
Y58,RTE,GLOUCESTERSHIRE HOSPITALS NHS FOUNDATION TRUST,C_120,"Ear, Nose & Throat (ENT)","4,358","3,299",75.70%,11.4,33.1
Y58,RTE,GLOUCESTERSHIRE HOSPITALS NHS FOUNDATION TRUST,C_130,Ophthalmology,"4,876","4,087",83.80%,9.8,24.8
Y58,RTE,GLOUCESTERSHIRE HOSPITALS NHS FOUNDATION TRUST,C_140,Oral Surgery,"3,876","2,722",70.20%,12.3,29.3
Y58,RTE,GLOUCESTERSHIRE HOSPITALS NHS FOUNDATION TRUST,C_150,Neurosurgery, -   , -   , -   ,-,-
Y58,RTE,GLOUCESTERSHIRE HOSPITALS NHS FOUNDATION TRUST,C_160,Plastic Surgery, -   , -   , -   ,-,-
Y58,RTE,GLOUCESTERSHIRE HOSPITALS NHS FOUNDATION TRUST,C_170,Cardiothoracic Surgery,156,99,63.50%,14.6,35.6
Y58,RTE,GLOUCESTERSHIRE HOSPITALS NHS FOUNDATION TRUST,C_300,General Medicine,293,281,95.90%,6.5,15.9
Y58,RTE,GLOUCESTERSHIRE HOSPITALS NHS FOUNDATION TRUST,C_301,Gastroenterology,"3,184","2,636",82.80%,9.4,25.3
Y58,RTE,GLOUCESTERSHIRE HOSPITALS NHS FOUNDATION TRUST,C_320,Cardiology,"4,127","3,650",88.40%,9.7,21
Y58,RTE,GLOUCESTERSHIRE HOSPITALS NHS FOUNDATION TRUST,C_330,Dermatology,"3,825","2,950",77.10%,11,26
Y58,RTE,GLOUCESTERSHIRE HOSPITALS NHS FOUNDATION TRUST,C_340,Thoracic Medicine,779,733,94.10%,7.9,17.4
Y58,RTE,GLOUCESTERSHIRE HOSPITALS NHS FOUNDATION TRUST,C_400,Neurology,"2,029","1,654",81.50%,10.3,22.2
Y58,RTE,GLOUCESTERSHIRE HOSPITALS NHS FOUNDATION TRUST,C_410,Rheumatology,"1,436",879,61.20%,14.6,32.8
Y58,RTE,GLOUCESTERSHIRE HOSPITALS NHS FOUNDATION TRUST,C_430,Geriatric Medicine, -   , -   , -   ,-,-
Y58,RTE,GLOUCESTERSHIRE HOSPITALS NHS FOUNDATION TRUST,C_502,Gynaecology,"4,596","3,614",78.60%,11.2,28.2
Y58,RTE,GLOUCESTERSHIRE HOSPITALS NHS FOUNDATION TRUST,X01,Other,"15,851","13,775",86.90%,8.4,24
Y58,RVJ,NORTH BRISTOL NHS TRUST,C_100,General Surgery,931,813,87.30%,9.2,21.8
Y58,RVJ,NORTH BRISTOL NHS TRUST,C_101,Urology,"4,029","3,724",92.40%,7.8,17.8
Y58,RVJ,NORTH BRISTOL NHS TRUST,C_110,Trauma & Orthopaedics,"4,188","2,684",64.10%,13.1,35.2
Y58,RVJ,NORTH BRISTOL NHS TRUST,C_120,"Ear, Nose & Throat (ENT)", -   , -   , -   ,-,-
Y58,RVJ,NORTH BRISTOL NHS TRUST,C_130,Ophthalmology, -   , -   , -   ,-,-
Y58,RVJ,NORTH BRISTOL NHS TRUST,C_140,Oral Surgery, -   , -   , -   ,-,-
Y58,RVJ,NORTH BRISTOL NHS TRUST,C_150,Neurosurgery,999,739,74.00%,9.9,29.3
Y58,RVJ,NORTH BRISTOL NHS TRUST,C_160,Plastic Surgery,"1,636","1,360",83.10%,7.1,26.3
Y58,RVJ,NORTH BRISTOL NHS TRUST,C_170,Cardiothoracic Surgery,23,23,100.00%,5.5,13.6
Y58,RVJ,NORTH BRISTOL NHS TRUST,C_300,General Medicine, -   , -   , -   ,-,-
Y58,RVJ,NORTH BRISTOL NHS TRUST,C_301,Gastroenterology,"1,872","1,741",93.00%,8.4,17.3
Y58,RVJ,NORTH BRISTOL NHS TRUST,C_320,Cardiology,"1,476","1,373",93.00%,7.2,17.2
Y58,RVJ,NORTH BRISTOL NHS TRUST,C_330,Dermatology,"1,526","1,440",94.40%,5.6,16.4
Y58,RVJ,NORTH BRISTOL NHS TRUST,C_340,Thoracic Medicine,412,312,75.70%,7.6,28.4
Y58,RVJ,NORTH BRISTOL NHS TRUST,C_400,Neurology,"2,508","1,865",74.40%,10.7,27
Y58,RVJ,NORTH BRISTOL NHS TRUST,C_410,Rheumatology,700,523,74.70%,10.5,25.2
Y58,RVJ,NORTH BRISTOL NHS TRUST,C_430,Geriatric Medicine,128,125,97.70%,4.9,15
Y58,RVJ,NORTH BRISTOL NHS TRUST,C_502,Gynaecology,"2,791","2,142",76.70%,9.5,29.4
Y58,RVJ,NORTH BRISTOL NHS TRUST,X01,Other,"6,094","5,525",90.70%,7.2,19.2
Y59,R1C,SOLENT NHS TRUST,C_100,General Surgery, -   , -   , -   ,-,-
Y59,R1C,SOLENT NHS TRUST,C_101,Urology, -   , -   , -   ,-,-
Y59,R1C,SOLENT NHS TRUST,C_110,Trauma & Orthopaedics, -   , -   , -   ,-,-
Y59,R1C,SOLENT NHS TRUST,C_120,"Ear, Nose & Throat (ENT)", -   , -   , -   ,-,-
Y59,R1C,SOLENT NHS TRUST,C_130,Ophthalmology, -   , -   , -   ,-,-
Y59,R1C,SOLENT NHS TRUST,C_140,Oral Surgery, -   , -   , -   ,-,-
Y59,R1C,SOLENT NHS TRUST,C_150,Neurosurgery, -   , -   , -   ,-,-
Y59,R1C,SOLENT NHS TRUST,C_160,Plastic Surgery, -   , -   , -   ,-,-
Y59,R1C,SOLENT NHS TRUST,C_170,Cardiothoracic Surgery, -   , -   , -   ,-,-
Y59,R1C,SOLENT NHS TRUST,C_300,General Medicine, -   , -   , -   ,-,-
Y59,R1C,SOLENT NHS TRUST,C_301,Gastroenterology, -   , -   , -   ,-,-
Y59,R1C,SOLENT NHS TRUST,C_320,Cardiology, -   , -   , -   ,-,-
Y59,R1C,SOLENT NHS TRUST,C_330,Dermatology, -   , -   , -   ,-,-
Y59,R1C,SOLENT NHS TRUST,C_340,Thoracic Medicine, -   , -   , -   ,-,-
Y59,R1C,SOLENT NHS TRUST,C_400,Neurology, -   , -   , -   ,-,-
Y59,R1C,SOLENT NHS TRUST,C_410,Rheumatology,6,6,100.00%,-,-
Y59,R1C,SOLENT NHS TRUST,C_430,Geriatric Medicine, -   , -   , -   ,-,-
Y59,R1C,SOLENT NHS TRUST,C_502,Gynaecology, -   , -   , -   ,-,-
Y59,R1C,SOLENT NHS TRUST,X01,Other,885,866,97.90%,4.8,14.7
Y59,R1F,ISLE OF WIGHT NHS TRUST,C_100,General Surgery,"1,366","1,145",83.80%,8.4,25.9
Y59,R1F,ISLE OF WIGHT NHS TRUST,C_101,Urology,906,637,70.30%,11.3,41.5
Y59,R1F,ISLE OF WIGHT NHS TRUST,C_110,Trauma & Orthopaedics,"1,364",819,60.00%,13.2,41.2
Y59,R1F,ISLE OF WIGHT NHS TRUST,C_120,"Ear, Nose & Throat (ENT)","1,017",670,65.90%,13.3,26.5
Y59,R1F,ISLE OF WIGHT NHS TRUST,C_130,Ophthalmology,"1,903","1,117",58.70%,15.1,31.1
Y59,R1F,ISLE OF WIGHT NHS TRUST,C_140,Oral Surgery,423,393,92.90%,7.7,17.5
Y59,R1F,ISLE OF WIGHT NHS TRUST,C_150,Neurosurgery, -   , -   , -   ,-,-
Y59,R1F,ISLE OF WIGHT NHS TRUST,C_160,Plastic Surgery, -   , -   , -   ,-,-
Y59,R1F,ISLE OF WIGHT NHS TRUST,C_170,Cardiothoracic Surgery, -   , -   , -   ,-,-
Y59,R1F,ISLE OF WIGHT NHS TRUST,C_300,General Medicine,1,1,100.00%,-,-
Y59,R1F,ISLE OF WIGHT NHS TRUST,C_301,Gastroenterology,256,173,67.60%,11.9,27.9
Y59,R1F,ISLE OF WIGHT NHS TRUST,C_320,Cardiology,678,331,48.80%,19.1,37.4
Y59,R1F,ISLE OF WIGHT NHS TRUST,C_330,Dermatology,587,587,100.00%,3.7,11
Y59,R1F,ISLE OF WIGHT NHS TRUST,C_340,Thoracic Medicine,114,79,69.30%,11.4,29.9
Y59,R1F,ISLE OF WIGHT NHS TRUST,C_400,Neurology, -   , -   , -   ,-,-
Y59,R1F,ISLE OF WIGHT NHS TRUST,C_410,Rheumatology,217,211,97.20%,5.7,13.4
Y59,R1F,ISLE OF WIGHT NHS TRUST,C_430,Geriatric Medicine,81,76,93.80%,8.1,17.5
Y59,R1F,ISLE OF WIGHT NHS TRUST,C_502,Gynaecology,800,550,68.80%,12.1,31.5
Y59,R1F,ISLE OF WIGHT NHS TRUST,X01,Other,"1,277",971,76.00%,10.8,27.2
Y59,RA2,ROYAL SURREY COUNTY HOSPITAL NHS FOUNDATION TRUST,C_100,General Surgery,"2,587","2,347",90.70%,6.6,19.3
Y59,RA2,ROYAL SURREY COUNTY HOSPITAL NHS FOUNDATION TRUST,C_101,Urology,"1,032",928,89.90%,5.9,19.4
Y59,RA2,ROYAL SURREY COUNTY HOSPITAL NHS FOUNDATION TRUST,C_110,Trauma & Orthopaedics,"3,650","3,213",88.00%,7.3,20.7
Y59,RA2,ROYAL SURREY COUNTY HOSPITAL NHS FOUNDATION TRUST,C_120,"Ear, Nose & Throat (ENT)","1,736","1,427",82.20%,9,23.5
Y59,RA2,ROYAL SURREY COUNTY HOSPITAL NHS FOUNDATION TRUST,C_130,Ophthalmology,"2,617","2,123",81.10%,10,21.9
Y59,RA2,ROYAL SURREY COUNTY HOSPITAL NHS FOUNDATION TRUST,C_140,Oral Surgery,"3,024","2,536",83.90%,10.2,20.7
Y59,RA2,ROYAL SURREY COUNTY HOSPITAL NHS FOUNDATION TRUST,C_150,Neurosurgery, -   , -   , -   ,-,-
Y59,RA2,ROYAL SURREY COUNTY HOSPITAL NHS FOUNDATION TRUST,C_160,Plastic Surgery,217,199,91.70%,7,18.2
Y59,RA2,ROYAL SURREY COUNTY HOSPITAL NHS FOUNDATION TRUST,C_170,Cardiothoracic Surgery,9,9,100.00%,-,-
Y59,RA2,ROYAL SURREY COUNTY HOSPITAL NHS FOUNDATION TRUST,C_300,General Medicine,353,311,88.10%,8,21.8
Y59,RA2,ROYAL SURREY COUNTY HOSPITAL NHS FOUNDATION TRUST,C_301,Gastroenterology,"1,023",870,85.00%,8.1,24
Y59,RA2,ROYAL SURREY COUNTY HOSPITAL NHS FOUNDATION TRUST,C_320,Cardiology,"1,264","1,026",81.20%,9.9,25.5
Y59,RA2,ROYAL SURREY COUNTY HOSPITAL NHS FOUNDATION TRUST,C_330,Dermatology, -   , -   , -   ,-,-
Y59,RA2,ROYAL SURREY COUNTY HOSPITAL NHS FOUNDATION TRUST,C_340,Thoracic Medicine,899,801,89.10%,8.5,20.7
Y59,RA2,ROYAL SURREY COUNTY HOSPITAL NHS FOUNDATION TRUST,C_400,Neurology,444,402,90.50%,5.9,18.6
Y59,RA2,ROYAL SURREY COUNTY HOSPITAL NHS FOUNDATION TRUST,C_410,Rheumatology,367,312,85.00%,9.8,21.5
Y59,RA2,ROYAL SURREY COUNTY HOSPITAL NHS FOUNDATION TRUST,C_430,Geriatric Medicine,179,159,88.80%,9.2,19.9
Y59,RA2,ROYAL SURREY COUNTY HOSPITAL NHS FOUNDATION TRUST,C_502,Gynaecology,"1,467","1,261",86.00%,7.6,23.2
Y59,RA2,ROYAL SURREY COUNTY HOSPITAL NHS FOUNDATION TRUST,X01,Other,"3,474","2,837",81.70%,9,25.4
Y59,RDR,SUSSEX COMMUNITY NHS FOUNDATION TRUST,C_100,General Surgery, -   , -   , -   ,-,-
Y59,RDR,SUSSEX COMMUNITY NHS FOUNDATION TRUST,C_101,Urology, -   , -   , -   ,-,-
Y59,RDR,SUSSEX COMMUNITY NHS FOUNDATION TRUST,C_110,Trauma & Orthopaedics,"4,121","4,005",97.20%,6.4,14.7
Y59,RDR,SUSSEX COMMUNITY NHS FOUNDATION TRUST,C_120,"Ear, Nose & Throat (ENT)", -   , -   , -   ,-,-
Y59,RDR,SUSSEX COMMUNITY NHS FOUNDATION TRUST,C_130,Ophthalmology, -   , -   , -   ,-,-
Y59,RDR,SUSSEX COMMUNITY NHS FOUNDATION TRUST,C_140,Oral Surgery, -   , -   , -   ,-,-
Y59,RDR,SUSSEX COMMUNITY NHS FOUNDATION TRUST,C_150,Neurosurgery, -   , -   , -   ,-,-
Y59,RDR,SUSSEX COMMUNITY NHS FOUNDATION TRUST,C_160,Plastic Surgery, -   , -   , -   ,-,-
Y59,RDR,SUSSEX COMMUNITY NHS FOUNDATION TRUST,C_170,Cardiothoracic Surgery, -   , -   , -   ,-,-
Y59,RDR,SUSSEX COMMUNITY NHS FOUNDATION TRUST,C_300,General Medicine,274,272,99.30%,3.5,11.8
Y59,RDR,SUSSEX COMMUNITY NHS FOUNDATION TRUST,C_301,Gastroenterology, -   , -   , -   ,-,-
Y59,RDR,SUSSEX COMMUNITY NHS FOUNDATION TRUST,C_320,Cardiology, -   , -   , -   ,-,-
Y59,RDR,SUSSEX COMMUNITY NHS FOUNDATION TRUST,C_330,Dermatology, -   , -   , -   ,-,-
Y59,RDR,SUSSEX COMMUNITY NHS FOUNDATION TRUST,C_340,Thoracic Medicine, -   , -   , -   ,-,-
Y59,RDR,SUSSEX COMMUNITY NHS FOUNDATION TRUST,C_400,Neurology, -   , -   , -   ,-,-
Y59,RDR,SUSSEX COMMUNITY NHS FOUNDATION TRUST,C_410,Rheumatology,125,125,100.00%,4.5,12.2
Y59,RDR,SUSSEX COMMUNITY NHS FOUNDATION TRUST,C_430,Geriatric Medicine, -   , -   , -   ,-,-
Y59,RDR,SUSSEX COMMUNITY NHS FOUNDATION TRUST,C_502,Gynaecology, -   , -   , -   ,-,-
Y59,RDR,SUSSEX COMMUNITY NHS FOUNDATION TRUST,X01,Other,894,882,98.70%,7.2,14.8
Y59,RDU,FRIMLEY HEALTH NHS FOUNDATION TRUST,C_100,General Surgery,"2,979","2,764",92.80%,6,17.6
Y59,RDU,FRIMLEY HEALTH NHS FOUNDATION TRUST,C_101,Urology,"2,658","2,271",85.40%,7.8,22.4
Y59,RDU,FRIMLEY HEALTH NHS FOUNDATION TRUST,C_110,Trauma & Orthopaedics,"6,081","4,962",81.60%,9,24.5
Y59,RDU,FRIMLEY HEALTH NHS FOUNDATION TRUST,C_120,"Ear, Nose & Throat (ENT)","3,120","2,811",90.10%,7.6,19.4
Y59,RDU,FRIMLEY HEALTH NHS FOUNDATION TRUST,C_130,Ophthalmology,"2,788","2,490",89.30%,7.8,19.3
Y59,RDU,FRIMLEY HEALTH NHS FOUNDATION TRUST,C_140,Oral Surgery,3,1,33.30%,-,-
Y59,RDU,FRIMLEY HEALTH NHS FOUNDATION TRUST,C_150,Neurosurgery, -   , -   , -   ,-,-
Y59,RDU,FRIMLEY HEALTH NHS FOUNDATION TRUST,C_160,Plastic Surgery,856,733,85.60%,6.9,21.5
Y59,RDU,FRIMLEY HEALTH NHS FOUNDATION TRUST,C_170,Cardiothoracic Surgery, -   , -   , -   ,-,-
Y59,RDU,FRIMLEY HEALTH NHS FOUNDATION TRUST,C_300,General Medicine,670,647,96.60%,5.9,15.1
Y59,RDU,FRIMLEY HEALTH NHS FOUNDATION TRUST,C_301,Gastroenterology,"1,125","1,060",94.20%,6,15.8
Y59,RDU,FRIMLEY HEALTH NHS FOUNDATION TRUST,C_320,Cardiology,"2,115","1,968",93.00%,6.3,17
Y59,RDU,FRIMLEY HEALTH NHS FOUNDATION TRUST,C_330,Dermatology,"3,832","3,193",83.30%,9.2,22.5
Y59,RDU,FRIMLEY HEALTH NHS FOUNDATION TRUST,C_340,Thoracic Medicine,888,826,93.00%,7.5,17.5
Y59,RDU,FRIMLEY HEALTH NHS FOUNDATION TRUST,C_400,Neurology,"1,427","1,328",93.10%,7.6,17.2
Y59,RDU,FRIMLEY HEALTH NHS FOUNDATION TRUST,C_410,Rheumatology,904,864,95.60%,7.5,16.2
Y59,RDU,FRIMLEY HEALTH NHS FOUNDATION TRUST,C_430,Geriatric Medicine,53,51,96.20%,5.2,13.9
Y59,RDU,FRIMLEY HEALTH NHS FOUNDATION TRUST,C_502,Gynaecology,"2,435","2,227",91.50%,5.8,18.4
Y59,RDU,FRIMLEY HEALTH NHS FOUNDATION TRUST,X01,Other,"5,563","5,129",92.20%,6.1,17.9
Y59,RHM,UNIVERSITY HOSPITAL SOUTHAMPTON NHS FOUNDATION TRUST,C_100,General Surgery,450,386,85.80%,8.7,24.3
Y59,RHM,UNIVERSITY HOSPITAL SOUTHAMPTON NHS FOUNDATION TRUST,C_101,Urology,"1,416","1,122",79.20%,9.5,28.8
Y59,RHM,UNIVERSITY HOSPITAL SOUTHAMPTON NHS FOUNDATION TRUST,C_110,Trauma & Orthopaedics,"2,422","1,702",70.30%,11.4,31.5
Y59,RHM,UNIVERSITY HOSPITAL SOUTHAMPTON NHS FOUNDATION TRUST,C_120,"Ear, Nose & Throat (ENT)","1,325",866,65.40%,12.6,35.2
Y59,RHM,UNIVERSITY HOSPITAL SOUTHAMPTON NHS FOUNDATION TRUST,C_130,Ophthalmology,"4,706","3,833",81.40%,9.7,23.6
Y59,RHM,UNIVERSITY HOSPITAL SOUTHAMPTON NHS FOUNDATION TRUST,C_140,Oral Surgery,"1,063",816,76.80%,10.6,30.4
Y59,RHM,UNIVERSITY HOSPITAL SOUTHAMPTON NHS FOUNDATION TRUST,C_150,Neurosurgery,752,561,74.60%,9.9,32.2
Y59,RHM,UNIVERSITY HOSPITAL SOUTHAMPTON NHS FOUNDATION TRUST,C_160,Plastic Surgery, -   , -   , -   ,-,-
Y59,RHM,UNIVERSITY HOSPITAL SOUTHAMPTON NHS FOUNDATION TRUST,C_170,Cardiothoracic Surgery,473,447,94.50%,5.6,15
Y59,RHM,UNIVERSITY HOSPITAL SOUTHAMPTON NHS FOUNDATION TRUST,C_300,General Medicine,148,135,91.20%,7.9,19.1
Y59,RHM,UNIVERSITY HOSPITAL SOUTHAMPTON NHS FOUNDATION TRUST,C_301,Gastroenterology,"1,129",854,75.60%,11,26.5
Y59,RHM,UNIVERSITY HOSPITAL SOUTHAMPTON NHS FOUNDATION TRUST,C_320,Cardiology,"1,081","1,007",93.20%,6.9,16.8
Y59,RHM,UNIVERSITY HOSPITAL SOUTHAMPTON NHS FOUNDATION TRUST,C_330,Dermatology,"1,593","1,472",92.40%,7.1,17.8
Y59,RHM,UNIVERSITY HOSPITAL SOUTHAMPTON NHS FOUNDATION TRUST,C_340,Thoracic Medicine,789,725,91.90%,7.7,18.1
Y59,RHM,UNIVERSITY HOSPITAL SOUTHAMPTON NHS FOUNDATION TRUST,C_400,Neurology,"3,627","2,536",69.90%,11.7,29.8
Y59,RHM,UNIVERSITY HOSPITAL SOUTHAMPTON NHS FOUNDATION TRUST,C_410,Rheumatology,528,477,90.30%,8.3,18.7
Y59,RHM,UNIVERSITY HOSPITAL SOUTHAMPTON NHS FOUNDATION TRUST,C_430,Geriatric Medicine,88,88,100.00%,4.6,10.5
Y59,RHM,UNIVERSITY HOSPITAL SOUTHAMPTON NHS FOUNDATION TRUST,C_502,Gynaecology,"2,289","1,938",84.70%,7.6,24.4
Y59,RHM,UNIVERSITY HOSPITAL SOUTHAMPTON NHS FOUNDATION TRUST,X01,Other,"10,278","9,126",88.80%,7.6,20.5
Y59,RHU,PORTSMOUTH HOSPITALS NHS TRUST,C_100,General Surgery,"3,916","3,230",82.50%,7.4,25.5
Y59,RHU,PORTSMOUTH HOSPITALS NHS TRUST,C_101,Urology,"1,873","1,402",74.90%,8.8,30.6
Y59,RHU,PORTSMOUTH HOSPITALS NHS TRUST,C_110,Trauma & Orthopaedics,"4,033","3,017",74.80%,10.2,28.5
Y59,RHU,PORTSMOUTH HOSPITALS NHS TRUST,C_120,"Ear, Nose & Throat (ENT)","4,479","3,595",80.30%,9.4,23
Y59,RHU,PORTSMOUTH HOSPITALS NHS TRUST,C_130,Ophthalmology,"3,514","3,074",87.50%,6.8,21.6
Y59,RHU,PORTSMOUTH HOSPITALS NHS TRUST,C_140,Oral Surgery,"1,318","1,155",87.60%,8.4,20
Y59,RHU,PORTSMOUTH HOSPITALS NHS TRUST,C_150,Neurosurgery, -   , -   , -   ,-,-
Y59,RHU,PORTSMOUTH HOSPITALS NHS TRUST,C_160,Plastic Surgery,264,210,79.50%,8,26.9
Y59,RHU,PORTSMOUTH HOSPITALS NHS TRUST,C_170,Cardiothoracic Surgery, -   , -   , -   ,-,-
Y59,RHU,PORTSMOUTH HOSPITALS NHS TRUST,C_300,General Medicine,19,18,94.70%,-,-
Y59,RHU,PORTSMOUTH HOSPITALS NHS TRUST,C_301,Gastroenterology,"3,257","2,084",64.00%,12.7,35.4
Y59,RHU,PORTSMOUTH HOSPITALS NHS TRUST,C_320,Cardiology,"1,285","1,193",92.80%,6.5,17.5
Y59,RHU,PORTSMOUTH HOSPITALS NHS TRUST,C_330,Dermatology,"2,944","2,746",93.30%,5.8,17.4
Y59,RHU,PORTSMOUTH HOSPITALS NHS TRUST,C_340,Thoracic Medicine,540,535,99.10%,5.2,12.2
Y59,RHU,PORTSMOUTH HOSPITALS NHS TRUST,C_400,Neurology, -   , -   , -   ,-,-
Y59,RHU,PORTSMOUTH HOSPITALS NHS TRUST,C_410,Rheumatology,494,493,99.80%,3,9.1
Y59,RHU,PORTSMOUTH HOSPITALS NHS TRUST,C_430,Geriatric Medicine,54,54,100.00%,4.4,9.2
Y59,RHU,PORTSMOUTH HOSPITALS NHS TRUST,C_502,Gynaecology,"2,988","2,283",76.40%,10.6,25
Y59,RHU,PORTSMOUTH HOSPITALS NHS TRUST,X01,Other,"4,652","4,000",86.00%,7.7,22.3
Y59,RHW,ROYAL BERKSHIRE NHS FOUNDATION TRUST,C_100,General Surgery,"3,051","2,817",92.30%,7.5,17.9
Y59,RHW,ROYAL BERKSHIRE NHS FOUNDATION TRUST,C_101,Urology,"1,895","1,829",96.50%,6.8,16.2
Y59,RHW,ROYAL BERKSHIRE NHS FOUNDATION TRUST,C_110,Trauma & Orthopaedics,"3,433","3,166",92.20%,7.8,17.9
Y59,RHW,ROYAL BERKSHIRE NHS FOUNDATION TRUST,C_120,"Ear, Nose & Throat (ENT)","2,474","1,853",74.90%,11.2,26.9
Y59,RHW,ROYAL BERKSHIRE NHS FOUNDATION TRUST,C_130,Ophthalmology,"6,823","6,061",88.80%,9.2,20.4
Y59,RHW,ROYAL BERKSHIRE NHS FOUNDATION TRUST,C_140,Oral Surgery,573,531,92.70%,13.4,17.9
Y59,RHW,ROYAL BERKSHIRE NHS FOUNDATION TRUST,C_150,Neurosurgery, -   , -   , -   ,-,-
Y59,RHW,ROYAL BERKSHIRE NHS FOUNDATION TRUST,C_160,Plastic Surgery,353,248,70.30%,10.5,35
Y59,RHW,ROYAL BERKSHIRE NHS FOUNDATION TRUST,C_170,Cardiothoracic Surgery, -   , -   , -   ,-,-
Y59,RHW,ROYAL BERKSHIRE NHS FOUNDATION TRUST,C_300,General Medicine,328,328,100.00%,8.8,16.8
Y59,RHW,ROYAL BERKSHIRE NHS FOUNDATION TRUST,C_301,Gastroenterology,"2,202","2,165",98.30%,8,15.7
Y59,RHW,ROYAL BERKSHIRE NHS FOUNDATION TRUST,C_320,Cardiology,"1,870","1,822",97.40%,6,13.5
Y59,RHW,ROYAL BERKSHIRE NHS FOUNDATION TRUST,C_330,Dermatology,840,758,90.20%,4.1,19.1
Y59,RHW,ROYAL BERKSHIRE NHS FOUNDATION TRUST,C_340,Thoracic Medicine,527,517,98.10%,7.2,13.7
Y59,RHW,ROYAL BERKSHIRE NHS FOUNDATION TRUST,C_400,Neurology,997,997,100.00%,8,15.9
Y59,RHW,ROYAL BERKSHIRE NHS FOUNDATION TRUST,C_410,Rheumatology,924,924,100.00%,8.5,16.1
Y59,RHW,ROYAL BERKSHIRE NHS FOUNDATION TRUST,C_430,Geriatric Medicine,61,61,100.00%,6.7,15.1
Y59,RHW,ROYAL BERKSHIRE NHS FOUNDATION TRUST,C_502,Gynaecology,"1,152","1,089",94.50%,6.5,17.1
Y59,RHW,ROYAL BERKSHIRE NHS FOUNDATION TRUST,X01,Other,"2,958","2,912",98.40%,7,15.8
Y59,RN5,HAMPSHIRE HOSPITALS NHS FOUNDATION TRUST,C_100,General Surgery,"4,040","3,631",89.90%,7,19.7
Y59,RN5,HAMPSHIRE HOSPITALS NHS FOUNDATION TRUST,C_101,Urology,"3,245","2,230",68.70%,11.5,35.6
Y59,RN5,HAMPSHIRE HOSPITALS NHS FOUNDATION TRUST,C_110,Trauma & Orthopaedics,"4,052","3,319",81.90%,8.5,24.6
Y59,RN5,HAMPSHIRE HOSPITALS NHS FOUNDATION TRUST,C_120,"Ear, Nose & Throat (ENT)","2,298","1,953",85.00%,8.5,24
Y59,RN5,HAMPSHIRE HOSPITALS NHS FOUNDATION TRUST,C_130,Ophthalmology,"4,371","3,479",79.60%,9.2,25.5
Y59,RN5,HAMPSHIRE HOSPITALS NHS FOUNDATION TRUST,C_140,Oral Surgery, -   , -   , -   ,-,-
Y59,RN5,HAMPSHIRE HOSPITALS NHS FOUNDATION TRUST,C_150,Neurosurgery, -   , -   , -   ,-,-
Y59,RN5,HAMPSHIRE HOSPITALS NHS FOUNDATION TRUST,C_160,Plastic Surgery, -   , -   , -   ,-,-
Y59,RN5,HAMPSHIRE HOSPITALS NHS FOUNDATION TRUST,C_170,Cardiothoracic Surgery, -   , -   , -   ,-,-
Y59,RN5,HAMPSHIRE HOSPITALS NHS FOUNDATION TRUST,C_300,General Medicine,143,137,95.80%,5.9,13.9
Y59,RN5,HAMPSHIRE HOSPITALS NHS FOUNDATION TRUST,C_301,Gastroenterology,"2,548","2,336",91.70%,8.1,18.5
Y59,RN5,HAMPSHIRE HOSPITALS NHS FOUNDATION TRUST,C_320,Cardiology,"2,316","1,910",82.50%,9.4,25.1
Y59,RN5,HAMPSHIRE HOSPITALS NHS FOUNDATION TRUST,C_330,Dermatology,"4,170","3,638",87.20%,8,21.6
Y59,RN5,HAMPSHIRE HOSPITALS NHS FOUNDATION TRUST,C_340,Thoracic Medicine,"1,032",884,85.70%,8.7,21
Y59,RN5,HAMPSHIRE HOSPITALS NHS FOUNDATION TRUST,C_400,Neurology,"1,033",847,82.00%,9.1,22.7
Y59,RN5,HAMPSHIRE HOSPITALS NHS FOUNDATION TRUST,C_410,Rheumatology,968,883,91.20%,7.8,19.3
Y59,RN5,HAMPSHIRE HOSPITALS NHS FOUNDATION TRUST,C_430,Geriatric Medicine,252,235,93.30%,6.6,16.6
Y59,RN5,HAMPSHIRE HOSPITALS NHS FOUNDATION TRUST,C_502,Gynaecology,"3,085","2,840",92.10%,8.1,18
Y59,RN5,HAMPSHIRE HOSPITALS NHS FOUNDATION TRUST,X01,Other,"5,732","4,847",84.60%,8.4,23.7
Y59,RN7,DARTFORD AND GRAVESHAM NHS TRUST,C_100,General Surgery,"3,478","3,217",92.50%,5.9,17.6
Y59,RN7,DARTFORD AND GRAVESHAM NHS TRUST,C_101,Urology,"1,815","1,511",83.30%,6.9,26.3
Y59,RN7,DARTFORD AND GRAVESHAM NHS TRUST,C_110,Trauma & Orthopaedics,"2,310","2,047",88.60%,6.7,20.4
Y59,RN7,DARTFORD AND GRAVESHAM NHS TRUST,C_120,"Ear, Nose & Throat (ENT)", -   , -   , -   ,-,-
Y59,RN7,DARTFORD AND GRAVESHAM NHS TRUST,C_130,Ophthalmology, -   , -   , -   ,-,-
Y59,RN7,DARTFORD AND GRAVESHAM NHS TRUST,C_140,Oral Surgery, -   , -   , -   ,-,-
Y59,RN7,DARTFORD AND GRAVESHAM NHS TRUST,C_150,Neurosurgery, -   , -   , -   ,-,-
Y59,RN7,DARTFORD AND GRAVESHAM NHS TRUST,C_160,Plastic Surgery, -   , -   , -   ,-,-
Y59,RN7,DARTFORD AND GRAVESHAM NHS TRUST,C_170,Cardiothoracic Surgery, -   , -   , -   ,-,-
Y59,RN7,DARTFORD AND GRAVESHAM NHS TRUST,C_300,General Medicine,237,222,93.70%,6.7,13.9
Y59,RN7,DARTFORD AND GRAVESHAM NHS TRUST,C_301,Gastroenterology,"1,410","1,348",95.60%,4.6,15.5
Y59,RN7,DARTFORD AND GRAVESHAM NHS TRUST,C_320,Cardiology,711,687,96.60%,7.5,15.2
Y59,RN7,DARTFORD AND GRAVESHAM NHS TRUST,C_330,Dermatology, -   , -   , -   ,-,-
Y59,RN7,DARTFORD AND GRAVESHAM NHS TRUST,C_340,Thoracic Medicine,417,401,96.20%,7.8,16.1
Y59,RN7,DARTFORD AND GRAVESHAM NHS TRUST,C_400,Neurology,547,403,73.70%,11,30.4
Y59,RN7,DARTFORD AND GRAVESHAM NHS TRUST,C_410,Rheumatology, -   , -   , -   ,-,-
Y59,RN7,DARTFORD AND GRAVESHAM NHS TRUST,C_430,Geriatric Medicine,224,211,94.20%,5.9,16.7
Y59,RN7,DARTFORD AND GRAVESHAM NHS TRUST,C_502,Gynaecology,"1,975","1,804",91.30%,5.9,18.4
Y59,RN7,DARTFORD AND GRAVESHAM NHS TRUST,X01,Other,"2,324","2,185",94.00%,5.3,15.9
Y59,RPA,MEDWAY NHS FOUNDATION TRUST,C_100,General Surgery,367,274,74.70%,11,32.2
Y59,RPA,MEDWAY NHS FOUNDATION TRUST,C_101,Urology,"1,473","1,118",75.90%,8.9,25.1
Y59,RPA,MEDWAY NHS FOUNDATION TRUST,C_110,Trauma & Orthopaedics,"1,254","1,012",80.70%,9.4,26.3
Y59,RPA,MEDWAY NHS FOUNDATION TRUST,C_120,"Ear, Nose & Throat (ENT)","2,777","2,221",80.00%,9.5,25.2
Y59,RPA,MEDWAY NHS FOUNDATION TRUST,C_130,Ophthalmology, -   , -   , -   ,-,-
Y59,RPA,MEDWAY NHS FOUNDATION TRUST,C_140,Oral Surgery, -   , -   , -   ,-,-
Y59,RPA,MEDWAY NHS FOUNDATION TRUST,C_150,Neurosurgery, -   , -   , -   ,-,-
Y59,RPA,MEDWAY NHS FOUNDATION TRUST,C_160,Plastic Surgery, -   , -   , -   ,-,-
Y59,RPA,MEDWAY NHS FOUNDATION TRUST,C_170,Cardiothoracic Surgery, -   , -   , -   ,-,-
Y59,RPA,MEDWAY NHS FOUNDATION TRUST,C_300,General Medicine,105,87,82.90%,9.4,24.6
Y59,RPA,MEDWAY NHS FOUNDATION TRUST,C_301,Gastroenterology,"1,814","1,347",74.30%,11,24.5
Y59,RPA,MEDWAY NHS FOUNDATION TRUST,C_320,Cardiology,"1,295","1,084",83.70%,8.2,21.8
Y59,RPA,MEDWAY NHS FOUNDATION TRUST,C_330,Dermatology, -   , -   , -   ,-,-
Y59,RPA,MEDWAY NHS FOUNDATION TRUST,C_340,Thoracic Medicine,566,487,86.00%,8.7,23.6
Y59,RPA,MEDWAY NHS FOUNDATION TRUST,C_400,Neurology,"1,569",796,50.70%,17.7,37
Y59,RPA,MEDWAY NHS FOUNDATION TRUST,C_410,Rheumatology,"1,011",905,89.50%,7.9,19.1
Y59,RPA,MEDWAY NHS FOUNDATION TRUST,C_430,Geriatric Medicine,206,201,97.60%,7.3,16.1
Y59,RPA,MEDWAY NHS FOUNDATION TRUST,C_502,Gynaecology,"1,901","1,676",88.20%,7.4,20.5
Y59,RPA,MEDWAY NHS FOUNDATION TRUST,X01,Other,"7,264","6,388",87.90%,7.6,21.2
Y59,RPC,QUEEN VICTORIA HOSPITAL NHS FOUNDATION TRUST,C_100,General Surgery, -   , -   , -   ,-,-
Y59,RPC,QUEEN VICTORIA HOSPITAL NHS FOUNDATION TRUST,C_101,Urology, -   , -   , -   ,-,-
Y59,RPC,QUEEN VICTORIA HOSPITAL NHS FOUNDATION TRUST,C_110,Trauma & Orthopaedics,1,1,100.00%,-,-
Y59,RPC,QUEEN VICTORIA HOSPITAL NHS FOUNDATION TRUST,C_120,"Ear, Nose & Throat (ENT)",166,162,97.60%,2.7,13.2
Y59,RPC,QUEEN VICTORIA HOSPITAL NHS FOUNDATION TRUST,C_130,Ophthalmology,"2,502","1,874",74.90%,11.1,30.9
Y59,RPC,QUEEN VICTORIA HOSPITAL NHS FOUNDATION TRUST,C_140,Oral Surgery,"2,602","2,012",77.30%,8.9,29
Y59,RPC,QUEEN VICTORIA HOSPITAL NHS FOUNDATION TRUST,C_150,Neurosurgery, -   , -   , -   ,-,-
Y59,RPC,QUEEN VICTORIA HOSPITAL NHS FOUNDATION TRUST,C_160,Plastic Surgery,"3,425","2,801",81.80%,8.5,27.3
Y59,RPC,QUEEN VICTORIA HOSPITAL NHS FOUNDATION TRUST,C_170,Cardiothoracic Surgery, -   , -   , -   ,-,-
Y59,RPC,QUEEN VICTORIA HOSPITAL NHS FOUNDATION TRUST,C_300,General Medicine, -   , -   , -   ,-,-
Y59,RPC,QUEEN VICTORIA HOSPITAL NHS FOUNDATION TRUST,C_301,Gastroenterology, -   , -   , -   ,-,-
Y59,RPC,QUEEN VICTORIA HOSPITAL NHS FOUNDATION TRUST,C_320,Cardiology,59,54,91.50%,5.8,18.1
Y59,RPC,QUEEN VICTORIA HOSPITAL NHS FOUNDATION TRUST,C_330,Dermatology, -   , -   , -   ,-,-
Y59,RPC,QUEEN VICTORIA HOSPITAL NHS FOUNDATION TRUST,C_340,Thoracic Medicine, -   , -   , -   ,-,-
Y59,RPC,QUEEN VICTORIA HOSPITAL NHS FOUNDATION TRUST,C_400,Neurology, -   , -   , -   ,-,-
Y59,RPC,QUEEN VICTORIA HOSPITAL NHS FOUNDATION TRUST,C_410,Rheumatology,15,15,100.00%,-,-
Y59,RPC,QUEEN VICTORIA HOSPITAL NHS FOUNDATION TRUST,C_430,Geriatric Medicine, -   , -   , -   ,-,-
Y59,RPC,QUEEN VICTORIA HOSPITAL NHS FOUNDATION TRUST,C_502,Gynaecology, -   , -   , -   ,-,-
Y59,RPC,QUEEN VICTORIA HOSPITAL NHS FOUNDATION TRUST,X01,Other,"1,732","1,653",95.40%,6.1,15.3
Y59,RTH,OXFORD UNIVERSITY HOSPITALS NHS FOUNDATION TRUST,C_100,General Surgery,"1,306","1,224",93.70%,6.2,17.2
Y59,RTH,OXFORD UNIVERSITY HOSPITALS NHS FOUNDATION TRUST,C_101,Urology,"2,220","1,658",74.70%,10.1,30
Y59,RTH,OXFORD UNIVERSITY HOSPITALS NHS FOUNDATION TRUST,C_110,Trauma & Orthopaedics,"4,744","3,836",80.90%,9.3,26.4
Y59,RTH,OXFORD UNIVERSITY HOSPITALS NHS FOUNDATION TRUST,C_120,"Ear, Nose & Throat (ENT)","3,669","2,269",61.80%,14,33.9
Y59,RTH,OXFORD UNIVERSITY HOSPITALS NHS FOUNDATION TRUST,C_130,Ophthalmology,"6,216","4,411",71.00%,11.4,30.3
Y59,RTH,OXFORD UNIVERSITY HOSPITALS NHS FOUNDATION TRUST,C_140,Oral Surgery, -   , -   , -   ,-,-
Y59,RTH,OXFORD UNIVERSITY HOSPITALS NHS FOUNDATION TRUST,C_150,Neurosurgery,730,600,82.20%,8.6,24.5
Y59,RTH,OXFORD UNIVERSITY HOSPITALS NHS FOUNDATION TRUST,C_160,Plastic Surgery,"1,171",825,70.50%,11.7,30.7
Y59,RTH,OXFORD UNIVERSITY HOSPITALS NHS FOUNDATION TRUST,C_170,Cardiothoracic Surgery,177,163,92.10%,6.2,17.8
Y59,RTH,OXFORD UNIVERSITY HOSPITALS NHS FOUNDATION TRUST,C_300,General Medicine,31,29,93.50%,6,16.5
Y59,RTH,OXFORD UNIVERSITY HOSPITALS NHS FOUNDATION TRUST,C_301,Gastroenterology,"2,036","1,790",87.90%,7.3,21.7
Y59,RTH,OXFORD UNIVERSITY HOSPITALS NHS FOUNDATION TRUST,C_320,Cardiology,"1,875","1,815",96.80%,5.5,15.5
Y59,RTH,OXFORD UNIVERSITY HOSPITALS NHS FOUNDATION TRUST,C_330,Dermatology,"3,925","3,164",80.60%,9.9,25
Y59,RTH,OXFORD UNIVERSITY HOSPITALS NHS FOUNDATION TRUST,C_340,Thoracic Medicine,913,852,93.30%,6.2,16.9
Y59,RTH,OXFORD UNIVERSITY HOSPITALS NHS FOUNDATION TRUST,C_400,Neurology,"1,552","1,438",92.70%,7,17.3
Y59,RTH,OXFORD UNIVERSITY HOSPITALS NHS FOUNDATION TRUST,C_410,Rheumatology,"1,080",999,92.50%,7,17.8
Y59,RTH,OXFORD UNIVERSITY HOSPITALS NHS FOUNDATION TRUST,C_430,Geriatric Medicine,198,192,97.00%,4,13.8
Y59,RTH,OXFORD UNIVERSITY HOSPITALS NHS FOUNDATION TRUST,C_502,Gynaecology,"2,306","1,870",81.10%,7.3,30.6
Y59,RTH,OXFORD UNIVERSITY HOSPITALS NHS FOUNDATION TRUST,X01,Other,"18,318","15,175",82.80%,8.5,24.9
Y59,RTK,ASHFORD AND ST PETER'S HOSPITALS NHS FOUNDATION TRUST,C_100,General Surgery,"4,054","3,652",90.10%,6.9,19.4
Y59,RTK,ASHFORD AND ST PETER'S HOSPITALS NHS FOUNDATION TRUST,C_101,Urology,"1,213","1,081",89.10%,6.9,19.9
Y59,RTK,ASHFORD AND ST PETER'S HOSPITALS NHS FOUNDATION TRUST,C_110,Trauma & Orthopaedics,"4,465","4,121",92.30%,6.8,17.8
Y59,RTK,ASHFORD AND ST PETER'S HOSPITALS NHS FOUNDATION TRUST,C_120,"Ear, Nose & Throat (ENT)","1,597","1,497",93.70%,6.1,16.5
Y59,RTK,ASHFORD AND ST PETER'S HOSPITALS NHS FOUNDATION TRUST,C_130,Ophthalmology,"3,327","3,080",92.60%,6.8,17.7
Y59,RTK,ASHFORD AND ST PETER'S HOSPITALS NHS FOUNDATION TRUST,C_140,Oral Surgery,"1,796","1,652",92.00%,6.8,18
Y59,RTK,ASHFORD AND ST PETER'S HOSPITALS NHS FOUNDATION TRUST,C_150,Neurosurgery, -   , -   , -   ,-,-
Y59,RTK,ASHFORD AND ST PETER'S HOSPITALS NHS FOUNDATION TRUST,C_160,Plastic Surgery,20,18,90.00%,14.4,20.4
Y59,RTK,ASHFORD AND ST PETER'S HOSPITALS NHS FOUNDATION TRUST,C_170,Cardiothoracic Surgery, -   , -   , -   ,-,-
Y59,RTK,ASHFORD AND ST PETER'S HOSPITALS NHS FOUNDATION TRUST,C_300,General Medicine,"1,254","1,143",91.10%,6,18.9
Y59,RTK,ASHFORD AND ST PETER'S HOSPITALS NHS FOUNDATION TRUST,C_301,Gastroenterology,"1,478","1,362",92.20%,7.3,17.9
Y59,RTK,ASHFORD AND ST PETER'S HOSPITALS NHS FOUNDATION TRUST,C_320,Cardiology,"1,437","1,340",93.20%,5.5,17.2
Y59,RTK,ASHFORD AND ST PETER'S HOSPITALS NHS FOUNDATION TRUST,C_330,Dermatology,"2,191","2,147",98.00%,4.6,13
Y59,RTK,ASHFORD AND ST PETER'S HOSPITALS NHS FOUNDATION TRUST,C_340,Thoracic Medicine, -   , -   , -   ,-,-
Y59,RTK,ASHFORD AND ST PETER'S HOSPITALS NHS FOUNDATION TRUST,C_400,Neurology,883,823,93.20%,7.6,17.4
Y59,RTK,ASHFORD AND ST PETER'S HOSPITALS NHS FOUNDATION TRUST,C_410,Rheumatology,366,362,98.90%,7.9,14
Y59,RTK,ASHFORD AND ST PETER'S HOSPITALS NHS FOUNDATION TRUST,C_430,Geriatric Medicine,116,113,97.40%,7.8,13.8
Y59,RTK,ASHFORD AND ST PETER'S HOSPITALS NHS FOUNDATION TRUST,C_502,Gynaecology,"1,426","1,297",91.00%,6,18.6
Y59,RTK,ASHFORD AND ST PETER'S HOSPITALS NHS FOUNDATION TRUST,X01,Other,"1,444","1,392",96.40%,6.4,15
Y59,RTP,SURREY AND SUSSEX HEALTHCARE NHS TRUST,C_100,General Surgery,"3,540",,,6.5,
Y59,RTP,SURREY AND SUSSEX HEALTHCARE NHS TRUST,C_101,Urology,"1,766",,,6.6,
Y59,RTP,SURREY AND SUSSEX HEALTHCARE NHS TRUST,C_110,Trauma & Orthopaedics,"1,025",,,5.2,
Y59,RTP,SURREY AND SUSSEX HEALTHCARE NHS TRUST,C_120,"Ear, Nose & Throat (ENT)","2,783",,,7.7,
Y59,RTP,SURREY AND SUSSEX HEALTHCARE NHS TRUST,C_130,Ophthalmology,"2,567",,,6.9,
Y59,RTP,SURREY AND SUSSEX HEALTHCARE NHS TRUST,C_140,Oral Surgery,"1,263",,,8.9,
Y59,RTP,SURREY AND SUSSEX HEALTHCARE NHS TRUST,C_150,Neurosurgery, -   ,,,-,
Y59,RTP,SURREY AND SUSSEX HEALTHCARE NHS TRUST,C_160,Plastic Surgery, -   ,,,-,
Y59,RTP,SURREY AND SUSSEX HEALTHCARE NHS TRUST,C_170,Cardiothoracic Surgery, -   ,,,-,
Y59,RTP,SURREY AND SUSSEX HEALTHCARE NHS TRUST,C_300,General Medicine,5,,,-,
Y59,RTP,SURREY AND SUSSEX HEALTHCARE NHS TRUST,C_301,Gastroenterology,"2,234",,,6.6,
Y59,RTP,SURREY AND SUSSEX HEALTHCARE NHS TRUST,C_320,Cardiology,"1,719",,,10.6,
Y59,RTP,SURREY AND SUSSEX HEALTHCARE NHS TRUST,C_330,Dermatology,"1,701",,,6.4,
Y59,RTP,SURREY AND SUSSEX HEALTHCARE NHS TRUST,C_340,Thoracic Medicine,709,,,8.2,
Y59,RTP,SURREY AND SUSSEX HEALTHCARE NHS TRUST,C_400,Neurology,916,,,9.4,
Y59,RTP,SURREY AND SUSSEX HEALTHCARE NHS TRUST,C_410,Rheumatology,277,,,4.8,
Y59,RTP,SURREY AND SUSSEX HEALTHCARE NHS TRUST,C_430,Geriatric Medicine,170,,,6.2,
Y59,RTP,SURREY AND SUSSEX HEALTHCARE NHS TRUST,C_502,Gynaecology,"1,643",,,5.9,
Y59,RTP,SURREY AND SUSSEX HEALTHCARE NHS TRUST,X01,Other,"3,386",,,7.2,
Y59,RVV,EAST KENT HOSPITALS UNIVERSITY NHS FOUNDATION TRUST,C_100,General Surgery,"6,076","4,817",79.30%,8.2,28
Y59,RVV,EAST KENT HOSPITALS UNIVERSITY NHS FOUNDATION TRUST,C_101,Urology,"2,072","1,867",90.10%,7.3,19.3
Y59,RVV,EAST KENT HOSPITALS UNIVERSITY NHS FOUNDATION TRUST,C_110,Trauma & Orthopaedics,"5,006","3,739",74.70%,10,29.5
Y59,RVV,EAST KENT HOSPITALS UNIVERSITY NHS FOUNDATION TRUST,C_120,"Ear, Nose & Throat (ENT)","4,523","3,150",69.60%,10.9,32.6
Y59,RVV,EAST KENT HOSPITALS UNIVERSITY NHS FOUNDATION TRUST,C_130,Ophthalmology,"3,239","2,852",88.10%,7.1,21.5
Y59,RVV,EAST KENT HOSPITALS UNIVERSITY NHS FOUNDATION TRUST,C_140,Oral Surgery,"2,288","1,857",81.20%,8.3,25.1
Y59,RVV,EAST KENT HOSPITALS UNIVERSITY NHS FOUNDATION TRUST,C_150,Neurosurgery, -   , -   , -   ,-,-
Y59,RVV,EAST KENT HOSPITALS UNIVERSITY NHS FOUNDATION TRUST,C_160,Plastic Surgery, -   , -   , -   ,-,-
Y59,RVV,EAST KENT HOSPITALS UNIVERSITY NHS FOUNDATION TRUST,C_170,Cardiothoracic Surgery,23,23,100.00%,11,15.8
Y59,RVV,EAST KENT HOSPITALS UNIVERSITY NHS FOUNDATION TRUST,C_300,General Medicine,4,4,100.00%,-,-
Y59,RVV,EAST KENT HOSPITALS UNIVERSITY NHS FOUNDATION TRUST,C_301,Gastroenterology,"3,573","2,703",75.70%,10.3,29.3
Y59,RVV,EAST KENT HOSPITALS UNIVERSITY NHS FOUNDATION TRUST,C_320,Cardiology,"1,503","1,397",92.90%,7.5,17.3
Y59,RVV,EAST KENT HOSPITALS UNIVERSITY NHS FOUNDATION TRUST,C_330,Dermatology,"3,939","3,377",85.70%,7.6,24.7
Y59,RVV,EAST KENT HOSPITALS UNIVERSITY NHS FOUNDATION TRUST,C_340,Thoracic Medicine,"1,302","1,264",97.10%,7.3,15.2
Y59,RVV,EAST KENT HOSPITALS UNIVERSITY NHS FOUNDATION TRUST,C_400,Neurology,"1,671","1,501",89.80%,8.1,20.1
Y59,RVV,EAST KENT HOSPITALS UNIVERSITY NHS FOUNDATION TRUST,C_410,Rheumatology,"1,424","1,218",85.50%,9.3,20
Y59,RVV,EAST KENT HOSPITALS UNIVERSITY NHS FOUNDATION TRUST,C_430,Geriatric Medicine,287,271,94.40%,5.7,16
Y59,RVV,EAST KENT HOSPITALS UNIVERSITY NHS FOUNDATION TRUST,C_502,Gynaecology,"3,614","2,590",71.70%,10.3,30.3
Y59,RVV,EAST KENT HOSPITALS UNIVERSITY NHS FOUNDATION TRUST,X01,Other,"5,993","5,354",89.30%,7.6,19.6
Y59,RW1,SOUTHERN HEALTH NHS FOUNDATION TRUST,C_100,General Surgery,7,7,100.00%,-,-
Y59,RW1,SOUTHERN HEALTH NHS FOUNDATION TRUST,C_101,Urology, -   , -   , -   ,-,-
Y59,RW1,SOUTHERN HEALTH NHS FOUNDATION TRUST,C_110,Trauma & Orthopaedics,"3,463","3,269",94.40%,5.7,16.2
Y59,RW1,SOUTHERN HEALTH NHS FOUNDATION TRUST,C_120,"Ear, Nose & Throat (ENT)",305,297,97.40%,3.2,12.7
Y59,RW1,SOUTHERN HEALTH NHS FOUNDATION TRUST,C_130,Ophthalmology, -   , -   , -   ,-,-
Y59,RW1,SOUTHERN HEALTH NHS FOUNDATION TRUST,C_140,Oral Surgery, -   , -   , -   ,-,-
Y59,RW1,SOUTHERN HEALTH NHS FOUNDATION TRUST,C_150,Neurosurgery, -   , -   , -   ,-,-
Y59,RW1,SOUTHERN HEALTH NHS FOUNDATION TRUST,C_160,Plastic Surgery, -   , -   , -   ,-,-
Y59,RW1,SOUTHERN HEALTH NHS FOUNDATION TRUST,C_170,Cardiothoracic Surgery, -   , -   , -   ,-,-
Y59,RW1,SOUTHERN HEALTH NHS FOUNDATION TRUST,C_300,General Medicine,33,33,100.00%,1.6,12.4
Y59,RW1,SOUTHERN HEALTH NHS FOUNDATION TRUST,C_301,Gastroenterology,206,198,96.10%,2.5,11.5
Y59,RW1,SOUTHERN HEALTH NHS FOUNDATION TRUST,C_320,Cardiology,128,128,100.00%,5.7,14.3
Y59,RW1,SOUTHERN HEALTH NHS FOUNDATION TRUST,C_330,Dermatology, -   , -   , -   ,-,-
Y59,RW1,SOUTHERN HEALTH NHS FOUNDATION TRUST,C_340,Thoracic Medicine,105,104,99.00%,8.4,13
Y59,RW1,SOUTHERN HEALTH NHS FOUNDATION TRUST,C_400,Neurology, -   , -   , -   ,-,-
Y59,RW1,SOUTHERN HEALTH NHS FOUNDATION TRUST,C_410,Rheumatology,130,127,97.70%,6.2,12.8
Y59,RW1,SOUTHERN HEALTH NHS FOUNDATION TRUST,C_430,Geriatric Medicine,1,1,100.00%,-,-
Y59,RW1,SOUTHERN HEALTH NHS FOUNDATION TRUST,C_502,Gynaecology, -   , -   , -   ,-,-
Y59,RW1,SOUTHERN HEALTH NHS FOUNDATION TRUST,X01,Other,536,373,69.60%,10.3,30.8
Y59,RWF,MAIDSTONE AND TUNBRIDGE WELLS NHS TRUST,C_100,General Surgery,"2,790","2,471",88.60%,6.8,21.4
Y59,RWF,MAIDSTONE AND TUNBRIDGE WELLS NHS TRUST,C_101,Urology,"1,760","1,413",80.30%,9.2,28.2
Y59,RWF,MAIDSTONE AND TUNBRIDGE WELLS NHS TRUST,C_110,Trauma & Orthopaedics,"3,129","2,606",83.30%,9.3,24.8
Y59,RWF,MAIDSTONE AND TUNBRIDGE WELLS NHS TRUST,C_120,"Ear, Nose & Throat (ENT)","3,705","2,973",80.20%,10.5,26.7
Y59,RWF,MAIDSTONE AND TUNBRIDGE WELLS NHS TRUST,C_130,Ophthalmology,"7,794","6,635",85.10%,9.4,22.4
Y59,RWF,MAIDSTONE AND TUNBRIDGE WELLS NHS TRUST,C_140,Oral Surgery, -   , -   , -   ,-,-
Y59,RWF,MAIDSTONE AND TUNBRIDGE WELLS NHS TRUST,C_150,Neurosurgery, -   , -   , -   ,-,-
Y59,RWF,MAIDSTONE AND TUNBRIDGE WELLS NHS TRUST,C_160,Plastic Surgery, -   , -   , -   ,-,-
Y59,RWF,MAIDSTONE AND TUNBRIDGE WELLS NHS TRUST,C_170,Cardiothoracic Surgery, -   , -   , -   ,-,-
Y59,RWF,MAIDSTONE AND TUNBRIDGE WELLS NHS TRUST,C_300,General Medicine,59,59,100.00%,2.6,13.1
Y59,RWF,MAIDSTONE AND TUNBRIDGE WELLS NHS TRUST,C_301,Gastroenterology,"1,419","1,206",85.00%,10.2,23.1
Y59,RWF,MAIDSTONE AND TUNBRIDGE WELLS NHS TRUST,C_320,Cardiology,"1,155",988,85.50%,10.2,21.3
Y59,RWF,MAIDSTONE AND TUNBRIDGE WELLS NHS TRUST,C_330,Dermatology, -   , -   , -   ,-,-
Y59,RWF,MAIDSTONE AND TUNBRIDGE WELLS NHS TRUST,C_340,Thoracic Medicine,827,781,94.40%,7.7,16.9
Y59,RWF,MAIDSTONE AND TUNBRIDGE WELLS NHS TRUST,C_400,Neurology,"1,328","1,000",75.30%,10.7,26.9
Y59,RWF,MAIDSTONE AND TUNBRIDGE WELLS NHS TRUST,C_410,Rheumatology,996,883,88.70%,8.7,22.7
Y59,RWF,MAIDSTONE AND TUNBRIDGE WELLS NHS TRUST,C_430,Geriatric Medicine,103,100,97.10%,3.1,10.2
Y59,RWF,MAIDSTONE AND TUNBRIDGE WELLS NHS TRUST,C_502,Gynaecology,"1,942","1,533",78.90%,11.5,26.8
Y59,RWF,MAIDSTONE AND TUNBRIDGE WELLS NHS TRUST,X01,Other,"4,332","3,783",87.30%,7.8,22.1
Y59,RWX,BERKSHIRE HEALTHCARE NHS FOUNDATION TRUST,C_100,General Surgery, -   , -   , -   ,-,-
Y59,RWX,BERKSHIRE HEALTHCARE NHS FOUNDATION TRUST,C_101,Urology, -   , -   , -   ,-,-
Y59,RWX,BERKSHIRE HEALTHCARE NHS FOUNDATION TRUST,C_110,Trauma & Orthopaedics, -   , -   , -   ,-,-
Y59,RWX,BERKSHIRE HEALTHCARE NHS FOUNDATION TRUST,C_120,"Ear, Nose & Throat (ENT)", -   , -   , -   ,-,-
Y59,RWX,BERKSHIRE HEALTHCARE NHS FOUNDATION TRUST,C_130,Ophthalmology, -   , -   , -   ,-,-
Y59,RWX,BERKSHIRE HEALTHCARE NHS FOUNDATION TRUST,C_140,Oral Surgery, -   , -   , -   ,-,-
Y59,RWX,BERKSHIRE HEALTHCARE NHS FOUNDATION TRUST,C_150,Neurosurgery, -   , -   , -   ,-,-
Y59,RWX,BERKSHIRE HEALTHCARE NHS FOUNDATION TRUST,C_160,Plastic Surgery, -   , -   , -   ,-,-
Y59,RWX,BERKSHIRE HEALTHCARE NHS FOUNDATION TRUST,C_170,Cardiothoracic Surgery, -   , -   , -   ,-,-
Y59,RWX,BERKSHIRE HEALTHCARE NHS FOUNDATION TRUST,C_300,General Medicine, -   , -   , -   ,-,-
Y59,RWX,BERKSHIRE HEALTHCARE NHS FOUNDATION TRUST,C_301,Gastroenterology, -   , -   , -   ,-,-
Y59,RWX,BERKSHIRE HEALTHCARE NHS FOUNDATION TRUST,C_320,Cardiology, -   , -   , -   ,-,-
Y59,RWX,BERKSHIRE HEALTHCARE NHS FOUNDATION TRUST,C_330,Dermatology, -   , -   , -   ,-,-
Y59,RWX,BERKSHIRE HEALTHCARE NHS FOUNDATION TRUST,C_340,Thoracic Medicine, -   , -   , -   ,-,-
Y59,RWX,BERKSHIRE HEALTHCARE NHS FOUNDATION TRUST,C_400,Neurology, -   , -   , -   ,-,-
Y59,RWX,BERKSHIRE HEALTHCARE NHS FOUNDATION TRUST,C_410,Rheumatology, -   , -   , -   ,-,-
Y59,RWX,BERKSHIRE HEALTHCARE NHS FOUNDATION TRUST,C_430,Geriatric Medicine, -   , -   , -   ,-,-
Y59,RWX,BERKSHIRE HEALTHCARE NHS FOUNDATION TRUST,C_502,Gynaecology, -   , -   , -   ,-,-
Y59,RWX,BERKSHIRE HEALTHCARE NHS FOUNDATION TRUST,X01,Other,185,185,100.00%,6.2,12.3
Y59,RXC,EAST SUSSEX HEALTHCARE NHS TRUST,C_100,General Surgery,"4,965","4,565",91.90%,8.8,18.1
Y59,RXC,EAST SUSSEX HEALTHCARE NHS TRUST,C_101,Urology,"2,252","1,949",86.50%,6.9,23.2
Y59,RXC,EAST SUSSEX HEALTHCARE NHS TRUST,C_110,Trauma & Orthopaedics,"1,263","1,091",86.40%,8.2,22.5
Y59,RXC,EAST SUSSEX HEALTHCARE NHS TRUST,C_120,"Ear, Nose & Throat (ENT)","2,889","2,415",83.60%,8.8,25.3
Y59,RXC,EAST SUSSEX HEALTHCARE NHS TRUST,C_130,Ophthalmology,"3,672","3,280",89.30%,6.6,20.8
Y59,RXC,EAST SUSSEX HEALTHCARE NHS TRUST,C_140,Oral Surgery,"1,594","1,455",91.30%,9.3,18.5
Y59,RXC,EAST SUSSEX HEALTHCARE NHS TRUST,C_150,Neurosurgery, -   , -   , -   ,-,-
Y59,RXC,EAST SUSSEX HEALTHCARE NHS TRUST,C_160,Plastic Surgery, -   , -   , -   ,-,-
Y59,RXC,EAST SUSSEX HEALTHCARE NHS TRUST,C_170,Cardiothoracic Surgery, -   , -   , -   ,-,-
Y59,RXC,EAST SUSSEX HEALTHCARE NHS TRUST,C_300,General Medicine, -   , -   , -   ,-,-
Y59,RXC,EAST SUSSEX HEALTHCARE NHS TRUST,C_301,Gastroenterology,"2,220","2,005",90.30%,8,19.3
Y59,RXC,EAST SUSSEX HEALTHCARE NHS TRUST,C_320,Cardiology,"1,441","1,416",98.30%,8.6,16.6
Y59,RXC,EAST SUSSEX HEALTHCARE NHS TRUST,C_330,Dermatology,"1,085","1,075",99.10%,6.5,15.5
Y59,RXC,EAST SUSSEX HEALTHCARE NHS TRUST,C_340,Thoracic Medicine,645,621,96.30%,6.7,16
Y59,RXC,EAST SUSSEX HEALTHCARE NHS TRUST,C_400,Neurology,"1,377","1,302",94.60%,8.3,16.5
Y59,RXC,EAST SUSSEX HEALTHCARE NHS TRUST,C_410,Rheumatology,363,363,100.00%,3.9,14.4
Y59,RXC,EAST SUSSEX HEALTHCARE NHS TRUST,C_430,Geriatric Medicine,225,215,95.60%,8.3,16.8
Y59,RXC,EAST SUSSEX HEALTHCARE NHS TRUST,C_502,Gynaecology,"2,468","1,960",79.40%,10.1,26.6
Y59,RXC,EAST SUSSEX HEALTHCARE NHS TRUST,X01,Other,"1,885","1,792",95.10%,7.3,16.9
Y59,RXH,BRIGHTON AND SUSSEX UNIVERSITY HOSPITALS NHS TRUST,C_100,General Surgery,"6,350","3,920",61.70%,12.8,39.7
Y59,RXH,BRIGHTON AND SUSSEX UNIVERSITY HOSPITALS NHS TRUST,C_101,Urology,"3,081","1,614",52.40%,16.6,43.1
Y59,RXH,BRIGHTON AND SUSSEX UNIVERSITY HOSPITALS NHS TRUST,C_110,Trauma & Orthopaedics,"1,403",949,67.60%,11.1,35.1
Y59,RXH,BRIGHTON AND SUSSEX UNIVERSITY HOSPITALS NHS TRUST,C_120,"Ear, Nose & Throat (ENT)","5,348","2,426",45.40%,20,40.5
Y59,RXH,BRIGHTON AND SUSSEX UNIVERSITY HOSPITALS NHS TRUST,C_130,Ophthalmology,"5,535","3,589",64.80%,12.5,30.1
Y59,RXH,BRIGHTON AND SUSSEX UNIVERSITY HOSPITALS NHS TRUST,C_140,Oral Surgery,"1,756","1,256",71.50%,10.5,30.3
Y59,RXH,BRIGHTON AND SUSSEX UNIVERSITY HOSPITALS NHS TRUST,C_150,Neurosurgery,"1,037",501,48.30%,18.8,42.8
Y59,RXH,BRIGHTON AND SUSSEX UNIVERSITY HOSPITALS NHS TRUST,C_160,Plastic Surgery, -   , -   , -   ,-,-
Y59,RXH,BRIGHTON AND SUSSEX UNIVERSITY HOSPITALS NHS TRUST,C_170,Cardiothoracic Surgery,171,137,80.10%,7.7,24.3
Y59,RXH,BRIGHTON AND SUSSEX UNIVERSITY HOSPITALS NHS TRUST,C_300,General Medicine, -   , -   , -   ,-,-
Y59,RXH,BRIGHTON AND SUSSEX UNIVERSITY HOSPITALS NHS TRUST,C_301,Gastroenterology,"2,659","1,608",60.50%,13.4,39.6
Y59,RXH,BRIGHTON AND SUSSEX UNIVERSITY HOSPITALS NHS TRUST,C_320,Cardiology,"2,662","2,157",81.00%,9.5,24.7
Y59,RXH,BRIGHTON AND SUSSEX UNIVERSITY HOSPITALS NHS TRUST,C_330,Dermatology,"2,764","2,617",94.70%,6.9,16.1
Y59,RXH,BRIGHTON AND SUSSEX UNIVERSITY HOSPITALS NHS TRUST,C_340,Thoracic Medicine,541,427,78.90%,8.5,36
Y59,RXH,BRIGHTON AND SUSSEX UNIVERSITY HOSPITALS NHS TRUST,C_400,Neurology,"1,872",944,50.40%,17.7,44.6
Y59,RXH,BRIGHTON AND SUSSEX UNIVERSITY HOSPITALS NHS TRUST,C_410,Rheumatology,327,124,37.90%,25,35.6
Y59,RXH,BRIGHTON AND SUSSEX UNIVERSITY HOSPITALS NHS TRUST,C_430,Geriatric Medicine,134,128,95.50%,4.8,14.6
Y59,RXH,BRIGHTON AND SUSSEX UNIVERSITY HOSPITALS NHS TRUST,C_502,Gynaecology,"2,490","2,059",82.70%,7.4,25.6
Y59,RXH,BRIGHTON AND SUSSEX UNIVERSITY HOSPITALS NHS TRUST,X01,Other,"7,078","5,267",74.40%,10.2,29.8
Y59,RXQ,BUCKINGHAMSHIRE HEALTHCARE NHS TRUST,C_100,General Surgery,"1,364","1,224",89.70%,7.1,20
Y59,RXQ,BUCKINGHAMSHIRE HEALTHCARE NHS TRUST,C_101,Urology,"1,511","1,413",93.50%,7.5,17.6
Y59,RXQ,BUCKINGHAMSHIRE HEALTHCARE NHS TRUST,C_110,Trauma & Orthopaedics,"3,657","2,554",69.80%,12.3,31.8
Y59,RXQ,BUCKINGHAMSHIRE HEALTHCARE NHS TRUST,C_120,"Ear, Nose & Throat (ENT)","2,606","2,161",82.90%,10.4,25.7
Y59,RXQ,BUCKINGHAMSHIRE HEALTHCARE NHS TRUST,C_130,Ophthalmology,"5,732","4,127",72.00%,11.5,29.5
Y59,RXQ,BUCKINGHAMSHIRE HEALTHCARE NHS TRUST,C_140,Oral Surgery,"1,674","1,435",85.70%,7.7,22.2
Y59,RXQ,BUCKINGHAMSHIRE HEALTHCARE NHS TRUST,C_150,Neurosurgery, -   , -   , -   ,-,-
Y59,RXQ,BUCKINGHAMSHIRE HEALTHCARE NHS TRUST,C_160,Plastic Surgery,941,817,86.80%,8.3,22.2
Y59,RXQ,BUCKINGHAMSHIRE HEALTHCARE NHS TRUST,C_170,Cardiothoracic Surgery, -   , -   , -   ,-,-
Y59,RXQ,BUCKINGHAMSHIRE HEALTHCARE NHS TRUST,C_300,General Medicine, -   , -   , -   ,-,-
Y59,RXQ,BUCKINGHAMSHIRE HEALTHCARE NHS TRUST,C_301,Gastroenterology,"1,846","1,728",93.60%,7,17.4
Y59,RXQ,BUCKINGHAMSHIRE HEALTHCARE NHS TRUST,C_320,Cardiology,"1,192","1,163",97.60%,7.8,15.9
Y59,RXQ,BUCKINGHAMSHIRE HEALTHCARE NHS TRUST,C_330,Dermatology,"1,956","1,780",91.00%,7.4,19
Y59,RXQ,BUCKINGHAMSHIRE HEALTHCARE NHS TRUST,C_340,Thoracic Medicine,509,474,93.10%,8.2,17.5
Y59,RXQ,BUCKINGHAMSHIRE HEALTHCARE NHS TRUST,C_400,Neurology,964,903,93.70%,7.5,16.9
Y59,RXQ,BUCKINGHAMSHIRE HEALTHCARE NHS TRUST,C_410,Rheumatology,555,517,93.20%,7.9,17.6
Y59,RXQ,BUCKINGHAMSHIRE HEALTHCARE NHS TRUST,C_430,Geriatric Medicine,135,135,100.00%,2.5,8.9
Y59,RXQ,BUCKINGHAMSHIRE HEALTHCARE NHS TRUST,C_502,Gynaecology,"1,540","1,427",92.70%,7.9,17.6
Y59,RXQ,BUCKINGHAMSHIRE HEALTHCARE NHS TRUST,X01,Other,"4,447","3,983",89.60%,7.5,19.8
Y59,RYR,WESTERN SUSSEX HOSPITALS NHS FOUNDATION TRUST,C_100,General Surgery,"4,384","3,812",87.00%,7.7,20.7
Y59,RYR,WESTERN SUSSEX HOSPITALS NHS FOUNDATION TRUST,C_101,Urology,"2,600","2,183",84.00%,7.9,23.6
Y59,RYR,WESTERN SUSSEX HOSPITALS NHS FOUNDATION TRUST,C_110,Trauma & Orthopaedics,"4,425","3,205",72.40%,11,30.9
Y59,RYR,WESTERN SUSSEX HOSPITALS NHS FOUNDATION TRUST,C_120,"Ear, Nose & Throat (ENT)","1,886","1,649",87.40%,9.2,22.3
Y59,RYR,WESTERN SUSSEX HOSPITALS NHS FOUNDATION TRUST,C_130,Ophthalmology,"5,850","4,474",76.50%,9.3,28.5
Y59,RYR,WESTERN SUSSEX HOSPITALS NHS FOUNDATION TRUST,C_140,Oral Surgery,"2,870","1,868",65.10%,12.7,31
Y59,RYR,WESTERN SUSSEX HOSPITALS NHS FOUNDATION TRUST,C_150,Neurosurgery, -   , -   , -   ,-,-
Y59,RYR,WESTERN SUSSEX HOSPITALS NHS FOUNDATION TRUST,C_160,Plastic Surgery, -   , -   , -   ,-,-
Y59,RYR,WESTERN SUSSEX HOSPITALS NHS FOUNDATION TRUST,C_170,Cardiothoracic Surgery, -   , -   , -   ,-,-
Y59,RYR,WESTERN SUSSEX HOSPITALS NHS FOUNDATION TRUST,C_300,General Medicine,"1,103",982,89.00%,8.9,19.5
Y59,RYR,WESTERN SUSSEX HOSPITALS NHS FOUNDATION TRUST,C_301,Gastroenterology,"2,495","1,964",78.70%,7.7,27.8
Y59,RYR,WESTERN SUSSEX HOSPITALS NHS FOUNDATION TRUST,C_320,Cardiology,"2,675","2,377",88.90%,8.5,19.8
Y59,RYR,WESTERN SUSSEX HOSPITALS NHS FOUNDATION TRUST,C_330,Dermatology,"1,100","1,063",96.60%,3.9,13.9
Y59,RYR,WESTERN SUSSEX HOSPITALS NHS FOUNDATION TRUST,C_340,Thoracic Medicine,"1,182","1,127",95.30%,8.2,16.8
Y59,RYR,WESTERN SUSSEX HOSPITALS NHS FOUNDATION TRUST,C_400,Neurology,"1,053",996,94.60%,7.4,16.6
Y59,RYR,WESTERN SUSSEX HOSPITALS NHS FOUNDATION TRUST,C_410,Rheumatology,828,702,84.80%,9.9,21
Y59,RYR,WESTERN SUSSEX HOSPITALS NHS FOUNDATION TRUST,C_430,Geriatric Medicine,99,98,99.00%,5.1,12.5
Y59,RYR,WESTERN SUSSEX HOSPITALS NHS FOUNDATION TRUST,C_502,Gynaecology,"2,031","1,792",88.20%,7,20.4
Y59,RYR,WESTERN SUSSEX HOSPITALS NHS FOUNDATION TRUST,X01,Other,"2,812","2,559",91.00%,6,18.6
Y59,RYY,KENT COMMUNITY HEALTH NHS FOUNDATION TRUST,C_100,General Surgery, -   , -   , -   ,-,-
Y59,RYY,KENT COMMUNITY HEALTH NHS FOUNDATION TRUST,C_101,Urology, -   , -   , -   ,-,-
Y59,RYY,KENT COMMUNITY HEALTH NHS FOUNDATION TRUST,C_110,Trauma & Orthopaedics,"5,059","4,194",82.90%,9.3,22.1
Y59,RYY,KENT COMMUNITY HEALTH NHS FOUNDATION TRUST,C_120,"Ear, Nose & Throat (ENT)", -   , -   , -   ,-,-
Y59,RYY,KENT COMMUNITY HEALTH NHS FOUNDATION TRUST,C_130,Ophthalmology, -   , -   , -   ,-,-
Y59,RYY,KENT COMMUNITY HEALTH NHS FOUNDATION TRUST,C_140,Oral Surgery, -   , -   , -   ,-,-
Y59,RYY,KENT COMMUNITY HEALTH NHS FOUNDATION TRUST,C_150,Neurosurgery, -   , -   , -   ,-,-
Y59,RYY,KENT COMMUNITY HEALTH NHS FOUNDATION TRUST,C_160,Plastic Surgery, -   , -   , -   ,-,-
Y59,RYY,KENT COMMUNITY HEALTH NHS FOUNDATION TRUST,C_170,Cardiothoracic Surgery, -   , -   , -   ,-,-
Y59,RYY,KENT COMMUNITY HEALTH NHS FOUNDATION TRUST,C_300,General Medicine, -   , -   , -   ,-,-
Y59,RYY,KENT COMMUNITY HEALTH NHS FOUNDATION TRUST,C_301,Gastroenterology, -   , -   , -   ,-,-
Y59,RYY,KENT COMMUNITY HEALTH NHS FOUNDATION TRUST,C_320,Cardiology, -   , -   , -   ,-,-
Y59,RYY,KENT COMMUNITY HEALTH NHS FOUNDATION TRUST,C_330,Dermatology, -   , -   , -   ,-,-
Y59,RYY,KENT COMMUNITY HEALTH NHS FOUNDATION TRUST,C_340,Thoracic Medicine, -   , -   , -   ,-,-
Y59,RYY,KENT COMMUNITY HEALTH NHS FOUNDATION TRUST,C_400,Neurology, -   , -   , -   ,-,-
Y59,RYY,KENT COMMUNITY HEALTH NHS FOUNDATION TRUST,C_410,Rheumatology, -   , -   , -   ,-,-
Y59,RYY,KENT COMMUNITY HEALTH NHS FOUNDATION TRUST,C_430,Geriatric Medicine, -   , -   , -   ,-,-
Y59,RYY,KENT COMMUNITY HEALTH NHS FOUNDATION TRUST,C_502,Gynaecology, -   , -   , -   ,-,-
Y59,RYY,KENT COMMUNITY HEALTH NHS FOUNDATION TRUST,X01,Other,"1,834","1,798",98.00%,5.5,14.5
Y60,R1A,WORCESTERSHIRE HEALTH AND CARE NHS TRUST,C_100,General Surgery,27,27,100.00%,4.8,12.8
Y60,R1A,WORCESTERSHIRE HEALTH AND CARE NHS TRUST,C_101,Urology,72,69,95.80%,4.9,15.2
Y60,R1A,WORCESTERSHIRE HEALTH AND CARE NHS TRUST,C_110,Trauma & Orthopaedics,91,91,100.00%,4.7,12.8
Y60,R1A,WORCESTERSHIRE HEALTH AND CARE NHS TRUST,C_120,"Ear, Nose & Throat (ENT)",124,123,99.20%,3,6.9
Y60,R1A,WORCESTERSHIRE HEALTH AND CARE NHS TRUST,C_130,Ophthalmology,4,4,100.00%,-,-
Y60,R1A,WORCESTERSHIRE HEALTH AND CARE NHS TRUST,C_140,Oral Surgery, -   , -   , -   ,-,-
Y60,R1A,WORCESTERSHIRE HEALTH AND CARE NHS TRUST,C_150,Neurosurgery, -   , -   , -   ,-,-
Y60,R1A,WORCESTERSHIRE HEALTH AND CARE NHS TRUST,C_160,Plastic Surgery, -   , -   , -   ,-,-
Y60,R1A,WORCESTERSHIRE HEALTH AND CARE NHS TRUST,C_170,Cardiothoracic Surgery, -   , -   , -   ,-,-
Y60,R1A,WORCESTERSHIRE HEALTH AND CARE NHS TRUST,C_300,General Medicine,9,9,100.00%,-,-
Y60,R1A,WORCESTERSHIRE HEALTH AND CARE NHS TRUST,C_301,Gastroenterology, -   , -   , -   ,-,-
Y60,R1A,WORCESTERSHIRE HEALTH AND CARE NHS TRUST,C_320,Cardiology, -   , -   , -   ,-,-
Y60,R1A,WORCESTERSHIRE HEALTH AND CARE NHS TRUST,C_330,Dermatology, -   , -   , -   ,-,-
Y60,R1A,WORCESTERSHIRE HEALTH AND CARE NHS TRUST,C_340,Thoracic Medicine, -   , -   , -   ,-,-
Y60,R1A,WORCESTERSHIRE HEALTH AND CARE NHS TRUST,C_400,Neurology, -   , -   , -   ,-,-
Y60,R1A,WORCESTERSHIRE HEALTH AND CARE NHS TRUST,C_410,Rheumatology, -   , -   , -   ,-,-
Y60,R1A,WORCESTERSHIRE HEALTH AND CARE NHS TRUST,C_430,Geriatric Medicine, -   , -   , -   ,-,-
Y60,R1A,WORCESTERSHIRE HEALTH AND CARE NHS TRUST,C_502,Gynaecology,129,123,95.30%,7.3,16.6
Y60,R1A,WORCESTERSHIRE HEALTH AND CARE NHS TRUST,X01,Other,91,91,100.00%,3.8,13.1
Y60,R1D,SHROPSHIRE COMMUNITY HEALTH NHS TRUST,C_100,General Surgery,18,18,100.00%,-,-
Y60,R1D,SHROPSHIRE COMMUNITY HEALTH NHS TRUST,C_101,Urology,16,16,100.00%,-,-
Y60,R1D,SHROPSHIRE COMMUNITY HEALTH NHS TRUST,C_110,Trauma & Orthopaedics,"4,019","3,792",94.40%,6.7,16.2
Y60,R1D,SHROPSHIRE COMMUNITY HEALTH NHS TRUST,C_120,"Ear, Nose & Throat (ENT)",111,106,95.50%,4,14.7
Y60,R1D,SHROPSHIRE COMMUNITY HEALTH NHS TRUST,C_130,Ophthalmology, -   , -   , -   ,-,-
Y60,R1D,SHROPSHIRE COMMUNITY HEALTH NHS TRUST,C_140,Oral Surgery,165,163,98.80%,3.3,10.8
Y60,R1D,SHROPSHIRE COMMUNITY HEALTH NHS TRUST,C_150,Neurosurgery, -   , -   , -   ,-,-
Y60,R1D,SHROPSHIRE COMMUNITY HEALTH NHS TRUST,C_160,Plastic Surgery, -   , -   , -   ,-,-
Y60,R1D,SHROPSHIRE COMMUNITY HEALTH NHS TRUST,C_170,Cardiothoracic Surgery, -   , -   , -   ,-,-
Y60,R1D,SHROPSHIRE COMMUNITY HEALTH NHS TRUST,C_300,General Medicine, -   , -   , -   ,-,-
Y60,R1D,SHROPSHIRE COMMUNITY HEALTH NHS TRUST,C_301,Gastroenterology,59,55,93.20%,10.2,17.3
Y60,R1D,SHROPSHIRE COMMUNITY HEALTH NHS TRUST,C_320,Cardiology,52,51,98.10%,7.9,13.9
Y60,R1D,SHROPSHIRE COMMUNITY HEALTH NHS TRUST,C_330,Dermatology, -   , -   , -   ,-,-
Y60,R1D,SHROPSHIRE COMMUNITY HEALTH NHS TRUST,C_340,Thoracic Medicine,152,144,94.70%,7.7,16.6
Y60,R1D,SHROPSHIRE COMMUNITY HEALTH NHS TRUST,C_400,Neurology, -   , -   , -   ,-,-
Y60,R1D,SHROPSHIRE COMMUNITY HEALTH NHS TRUST,C_410,Rheumatology,23,21,91.30%,9,20.2
Y60,R1D,SHROPSHIRE COMMUNITY HEALTH NHS TRUST,C_430,Geriatric Medicine, -   , -   , -   ,-,-
Y60,R1D,SHROPSHIRE COMMUNITY HEALTH NHS TRUST,C_502,Gynaecology,69,68,98.60%,6.5,13.3
Y60,R1D,SHROPSHIRE COMMUNITY HEALTH NHS TRUST,X01,Other,198,198,100.00%,5.3,11.3
Y60,RBK,WALSALL HEALTHCARE NHS TRUST,C_100,General Surgery,"1,116",984,88.20%,6.9,20.7
Y60,RBK,WALSALL HEALTHCARE NHS TRUST,C_101,Urology,788,662,84.00%,7.6,21.9
Y60,RBK,WALSALL HEALTHCARE NHS TRUST,C_110,Trauma & Orthopaedics,"1,778","1,582",89.00%,5.6,19.8
Y60,RBK,WALSALL HEALTHCARE NHS TRUST,C_120,"Ear, Nose & Throat (ENT)","1,427","1,161",81.40%,8.6,23.8
Y60,RBK,WALSALL HEALTHCARE NHS TRUST,C_130,Ophthalmology,"1,033",859,83.20%,6.5,24.1
Y60,RBK,WALSALL HEALTHCARE NHS TRUST,C_140,Oral Surgery,870,685,78.70%,8.6,26.7
Y60,RBK,WALSALL HEALTHCARE NHS TRUST,C_150,Neurosurgery, -   , -   , -   ,-,-
Y60,RBK,WALSALL HEALTHCARE NHS TRUST,C_160,Plastic Surgery,59,52,88.10%,6.5,22.1
Y60,RBK,WALSALL HEALTHCARE NHS TRUST,C_170,Cardiothoracic Surgery,8,8,100.00%,-,-
Y60,RBK,WALSALL HEALTHCARE NHS TRUST,C_300,General Medicine,234,221,94.40%,5,15.9
Y60,RBK,WALSALL HEALTHCARE NHS TRUST,C_301,Gastroenterology,534,495,92.70%,6.6,17.4
Y60,RBK,WALSALL HEALTHCARE NHS TRUST,C_320,Cardiology,976,900,92.20%,6.5,17.9
Y60,RBK,WALSALL HEALTHCARE NHS TRUST,C_330,Dermatology,"1,407","1,211",86.10%,8.5,21.2
Y60,RBK,WALSALL HEALTHCARE NHS TRUST,C_340,Thoracic Medicine,780,561,71.90%,11.8,29.7
Y60,RBK,WALSALL HEALTHCARE NHS TRUST,C_400,Neurology,690,635,92.00%,8.3,18
Y60,RBK,WALSALL HEALTHCARE NHS TRUST,C_410,Rheumatology,426,380,89.20%,9.8,19.7
Y60,RBK,WALSALL HEALTHCARE NHS TRUST,C_430,Geriatric Medicine,67,67,100.00%,5,12.7
Y60,RBK,WALSALL HEALTHCARE NHS TRUST,C_502,Gynaecology,819,799,97.60%,5.3,12.9
Y60,RBK,WALSALL HEALTHCARE NHS TRUST,X01,Other,"3,080","2,716",88.20%,5.2,22.7
Y60,RFS,CHESTERFIELD ROYAL HOSPITAL NHS FOUNDATION TRUST,C_100,General Surgery,"2,508","2,239",89.30%,8.1,19.7
Y60,RFS,CHESTERFIELD ROYAL HOSPITAL NHS FOUNDATION TRUST,C_101,Urology,"1,232","1,055",85.60%,8.6,22.6
Y60,RFS,CHESTERFIELD ROYAL HOSPITAL NHS FOUNDATION TRUST,C_110,Trauma & Orthopaedics,"1,049",994,94.80%,6.9,16.7
Y60,RFS,CHESTERFIELD ROYAL HOSPITAL NHS FOUNDATION TRUST,C_120,"Ear, Nose & Throat (ENT)","1,327","1,209",91.10%,6.1,18.7
Y60,RFS,CHESTERFIELD ROYAL HOSPITAL NHS FOUNDATION TRUST,C_130,Ophthalmology,"1,627","1,520",93.40%,6.2,17.3
Y60,RFS,CHESTERFIELD ROYAL HOSPITAL NHS FOUNDATION TRUST,C_140,Oral Surgery,870,691,79.40%,9.4,25.1
Y60,RFS,CHESTERFIELD ROYAL HOSPITAL NHS FOUNDATION TRUST,C_150,Neurosurgery, -   , -   , -   ,-,-
Y60,RFS,CHESTERFIELD ROYAL HOSPITAL NHS FOUNDATION TRUST,C_160,Plastic Surgery, -   , -   , -   ,-,-
Y60,RFS,CHESTERFIELD ROYAL HOSPITAL NHS FOUNDATION TRUST,C_170,Cardiothoracic Surgery, -   , -   , -   ,-,-
Y60,RFS,CHESTERFIELD ROYAL HOSPITAL NHS FOUNDATION TRUST,C_300,General Medicine,673,601,89.30%,7.2,19.9
Y60,RFS,CHESTERFIELD ROYAL HOSPITAL NHS FOUNDATION TRUST,C_301,Gastroenterology,958,807,84.20%,8.6,23.3
Y60,RFS,CHESTERFIELD ROYAL HOSPITAL NHS FOUNDATION TRUST,C_320,Cardiology,629,536,85.20%,7.7,22.1
Y60,RFS,CHESTERFIELD ROYAL HOSPITAL NHS FOUNDATION TRUST,C_330,Dermatology,"1,361","1,284",94.30%,6.7,16.5
Y60,RFS,CHESTERFIELD ROYAL HOSPITAL NHS FOUNDATION TRUST,C_340,Thoracic Medicine,492,436,88.60%,9.1,19.3
Y60,RFS,CHESTERFIELD ROYAL HOSPITAL NHS FOUNDATION TRUST,C_400,Neurology, -   , -   , -   ,-,-
Y60,RFS,CHESTERFIELD ROYAL HOSPITAL NHS FOUNDATION TRUST,C_410,Rheumatology,435,392,90.10%,8.6,20
Y60,RFS,CHESTERFIELD ROYAL HOSPITAL NHS FOUNDATION TRUST,C_430,Geriatric Medicine, -   , -   , -   ,-,-
Y60,RFS,CHESTERFIELD ROYAL HOSPITAL NHS FOUNDATION TRUST,C_502,Gynaecology,"1,080",951,88.10%,6.4,21.5
Y60,RFS,CHESTERFIELD ROYAL HOSPITAL NHS FOUNDATION TRUST,X01,Other,"1,850","1,576",85.20%,8,23.9
Y60,RJC,SOUTH WARWICKSHIRE NHS FOUNDATION TRUST,C_100,General Surgery,854,795,93.10%,6.8,17.7
Y60,RJC,SOUTH WARWICKSHIRE NHS FOUNDATION TRUST,C_101,Urology,"1,171","1,035",88.40%,9,21.3
Y60,RJC,SOUTH WARWICKSHIRE NHS FOUNDATION TRUST,C_110,Trauma & Orthopaedics,"2,222","2,184",98.30%,6.4,15.2
Y60,RJC,SOUTH WARWICKSHIRE NHS FOUNDATION TRUST,C_120,"Ear, Nose & Throat (ENT)","1,601","1,524",95.20%,6.5,16.6
Y60,RJC,SOUTH WARWICKSHIRE NHS FOUNDATION TRUST,C_130,Ophthalmology,"2,155","1,934",89.70%,7.4,19.3
Y60,RJC,SOUTH WARWICKSHIRE NHS FOUNDATION TRUST,C_140,Oral Surgery,646,547,84.70%,8.5,21.7
Y60,RJC,SOUTH WARWICKSHIRE NHS FOUNDATION TRUST,C_150,Neurosurgery, -   , -   , -   ,-,-
Y60,RJC,SOUTH WARWICKSHIRE NHS FOUNDATION TRUST,C_160,Plastic Surgery,184,165,89.70%,7.8,18.9
Y60,RJC,SOUTH WARWICKSHIRE NHS FOUNDATION TRUST,C_170,Cardiothoracic Surgery, -   , -   , -   ,-,-
Y60,RJC,SOUTH WARWICKSHIRE NHS FOUNDATION TRUST,C_300,General Medicine,75,71,94.70%,10.8,17.7
Y60,RJC,SOUTH WARWICKSHIRE NHS FOUNDATION TRUST,C_301,Gastroenterology,707,670,94.80%,7.1,16.8
Y60,RJC,SOUTH WARWICKSHIRE NHS FOUNDATION TRUST,C_320,Cardiology,817,793,97.10%,7.3,16.9
Y60,RJC,SOUTH WARWICKSHIRE NHS FOUNDATION TRUST,C_330,Dermatology,"1,779","1,678",94.30%,7.5,17.1
Y60,RJC,SOUTH WARWICKSHIRE NHS FOUNDATION TRUST,C_340,Thoracic Medicine,360,337,93.60%,7.7,17.6
Y60,RJC,SOUTH WARWICKSHIRE NHS FOUNDATION TRUST,C_400,Neurology, -   , -   , -   ,-,-
Y60,RJC,SOUTH WARWICKSHIRE NHS FOUNDATION TRUST,C_410,Rheumatology,627,589,93.90%,8.3,17.2
Y60,RJC,SOUTH WARWICKSHIRE NHS FOUNDATION TRUST,C_430,Geriatric Medicine,166,164,98.80%,7.4,16.3
Y60,RJC,SOUTH WARWICKSHIRE NHS FOUNDATION TRUST,C_502,Gynaecology,"1,304","1,164",89.30%,8.8,19.6
Y60,RJC,SOUTH WARWICKSHIRE NHS FOUNDATION TRUST,X01,Other,"4,489","4,011",89.40%,6.6,21.1
Y60,RJE,UNIVERSITY HOSPITALS OF NORTH MIDLANDS NHS TRUST,C_100,General Surgery,"5,526","4,279",77.40%,8.9,28.7
Y60,RJE,UNIVERSITY HOSPITALS OF NORTH MIDLANDS NHS TRUST,C_101,Urology,"3,175","2,380",75.00%,10.3,28.7
Y60,RJE,UNIVERSITY HOSPITALS OF NORTH MIDLANDS NHS TRUST,C_110,Trauma & Orthopaedics,"4,080","3,088",75.70%,10.1,28.7
Y60,RJE,UNIVERSITY HOSPITALS OF NORTH MIDLANDS NHS TRUST,C_120,"Ear, Nose & Throat (ENT)","2,278","1,842",80.90%,8.7,24.4
Y60,RJE,UNIVERSITY HOSPITALS OF NORTH MIDLANDS NHS TRUST,C_130,Ophthalmology,"2,578","2,266",87.90%,8.2,20.4
Y60,RJE,UNIVERSITY HOSPITALS OF NORTH MIDLANDS NHS TRUST,C_140,Oral Surgery,"1,713","1,277",74.50%,10.1,28.4
Y60,RJE,UNIVERSITY HOSPITALS OF NORTH MIDLANDS NHS TRUST,C_150,Neurosurgery,332,300,90.40%,7.6,18.9
Y60,RJE,UNIVERSITY HOSPITALS OF NORTH MIDLANDS NHS TRUST,C_160,Plastic Surgery,968,879,90.80%,6.7,19.9
Y60,RJE,UNIVERSITY HOSPITALS OF NORTH MIDLANDS NHS TRUST,C_170,Cardiothoracic Surgery,102,95,93.10%,5.9,16.4
Y60,RJE,UNIVERSITY HOSPITALS OF NORTH MIDLANDS NHS TRUST,C_300,General Medicine, -   , -   , -   ,-,-
Y60,RJE,UNIVERSITY HOSPITALS OF NORTH MIDLANDS NHS TRUST,C_301,Gastroenterology,"3,053","2,526",82.70%,7.9,25.8
Y60,RJE,UNIVERSITY HOSPITALS OF NORTH MIDLANDS NHS TRUST,C_320,Cardiology,"3,142","2,732",87.00%,7.6,21.1
Y60,RJE,UNIVERSITY HOSPITALS OF NORTH MIDLANDS NHS TRUST,C_330,Dermatology,710,702,98.90%,3.9,11
Y60,RJE,UNIVERSITY HOSPITALS OF NORTH MIDLANDS NHS TRUST,C_340,Thoracic Medicine,"4,052","2,755",68.00%,11.7,32.6
Y60,RJE,UNIVERSITY HOSPITALS OF NORTH MIDLANDS NHS TRUST,C_400,Neurology,"3,377","2,609",77.30%,11,24.9
Y60,RJE,UNIVERSITY HOSPITALS OF NORTH MIDLANDS NHS TRUST,C_410,Rheumatology,769,562,73.10%,10.2,26.9
Y60,RJE,UNIVERSITY HOSPITALS OF NORTH MIDLANDS NHS TRUST,C_430,Geriatric Medicine,89,89,100.00%,4.8,11.6
Y60,RJE,UNIVERSITY HOSPITALS OF NORTH MIDLANDS NHS TRUST,C_502,Gynaecology,"2,523","2,015",79.90%,9.3,25.2
Y60,RJE,UNIVERSITY HOSPITALS OF NORTH MIDLANDS NHS TRUST,X01,Other,"9,805","8,645",88.20%,7.9,20.5
Y60,RK5,SHERWOOD FOREST HOSPITALS NHS FOUNDATION TRUST,C_100,General Surgery,"2,245","1,992",88.70%,6.5,20.8
Y60,RK5,SHERWOOD FOREST HOSPITALS NHS FOUNDATION TRUST,C_101,Urology,"2,124","1,860",87.60%,7.7,20.3
Y60,RK5,SHERWOOD FOREST HOSPITALS NHS FOUNDATION TRUST,C_110,Trauma & Orthopaedics,"2,636","2,374",90.10%,6.8,19.5
Y60,RK5,SHERWOOD FOREST HOSPITALS NHS FOUNDATION TRUST,C_120,"Ear, Nose & Throat (ENT)","3,538","3,105",87.80%,7.6,20.9
Y60,RK5,SHERWOOD FOREST HOSPITALS NHS FOUNDATION TRUST,C_130,Ophthalmology,"5,404","4,409",81.60%,8.1,22.9
Y60,RK5,SHERWOOD FOREST HOSPITALS NHS FOUNDATION TRUST,C_140,Oral Surgery,601,538,89.50%,9,20.1
Y60,RK5,SHERWOOD FOREST HOSPITALS NHS FOUNDATION TRUST,C_150,Neurosurgery, -   , -   , -   ,-,-
Y60,RK5,SHERWOOD FOREST HOSPITALS NHS FOUNDATION TRUST,C_160,Plastic Surgery,85,75,88.20%,3.6,21.2
Y60,RK5,SHERWOOD FOREST HOSPITALS NHS FOUNDATION TRUST,C_170,Cardiothoracic Surgery, -   , -   , -   ,-,-
Y60,RK5,SHERWOOD FOREST HOSPITALS NHS FOUNDATION TRUST,C_300,General Medicine, -   , -   , -   ,-,-
Y60,RK5,SHERWOOD FOREST HOSPITALS NHS FOUNDATION TRUST,C_301,Gastroenterology,"2,356","2,206",93.60%,6.5,16.9
Y60,RK5,SHERWOOD FOREST HOSPITALS NHS FOUNDATION TRUST,C_320,Cardiology,"2,245","1,475",65.70%,12.5,29.1
Y60,RK5,SHERWOOD FOREST HOSPITALS NHS FOUNDATION TRUST,C_330,Dermatology,"1,371","1,257",91.70%,5.7,18.2
Y60,RK5,SHERWOOD FOREST HOSPITALS NHS FOUNDATION TRUST,C_340,Thoracic Medicine,914,828,90.60%,7.2,19.1
Y60,RK5,SHERWOOD FOREST HOSPITALS NHS FOUNDATION TRUST,C_400,Neurology, -   , -   , -   ,-,-
Y60,RK5,SHERWOOD FOREST HOSPITALS NHS FOUNDATION TRUST,C_410,Rheumatology,589,556,94.40%,6.7,15.7
Y60,RK5,SHERWOOD FOREST HOSPITALS NHS FOUNDATION TRUST,C_430,Geriatric Medicine,428,401,93.70%,2.9,16.2
Y60,RK5,SHERWOOD FOREST HOSPITALS NHS FOUNDATION TRUST,C_502,Gynaecology,"1,403","1,334",95.10%,5.6,15.8
Y60,RK5,SHERWOOD FOREST HOSPITALS NHS FOUNDATION TRUST,X01,Other,"3,354","3,092",92.20%,5.9,17.9
Y60,RKB,UNIVERSITY HOSPITALS COVENTRY AND WARWICKSHIRE NHS TRUST,C_100,General Surgery,"3,081",,,8.2,
Y60,RKB,UNIVERSITY HOSPITALS COVENTRY AND WARWICKSHIRE NHS TRUST,C_101,Urology,"1,822",,,9.3,
Y60,RKB,UNIVERSITY HOSPITALS COVENTRY AND WARWICKSHIRE NHS TRUST,C_110,Trauma & Orthopaedics,"4,147",,,9.4,
Y60,RKB,UNIVERSITY HOSPITALS COVENTRY AND WARWICKSHIRE NHS TRUST,C_120,"Ear, Nose & Throat (ENT)","2,033",,,9.1,
Y60,RKB,UNIVERSITY HOSPITALS COVENTRY AND WARWICKSHIRE NHS TRUST,C_130,Ophthalmology,"3,584",,,9,
Y60,RKB,UNIVERSITY HOSPITALS COVENTRY AND WARWICKSHIRE NHS TRUST,C_140,Oral Surgery,"1,507",,,7.5,
Y60,RKB,UNIVERSITY HOSPITALS COVENTRY AND WARWICKSHIRE NHS TRUST,C_150,Neurosurgery,"1,508",,,9.9,
Y60,RKB,UNIVERSITY HOSPITALS COVENTRY AND WARWICKSHIRE NHS TRUST,C_160,Plastic Surgery,613,,,10.9,
Y60,RKB,UNIVERSITY HOSPITALS COVENTRY AND WARWICKSHIRE NHS TRUST,C_170,Cardiothoracic Surgery,190,,,6.3,
Y60,RKB,UNIVERSITY HOSPITALS COVENTRY AND WARWICKSHIRE NHS TRUST,C_300,General Medicine,171,,,6.1,
Y60,RKB,UNIVERSITY HOSPITALS COVENTRY AND WARWICKSHIRE NHS TRUST,C_301,Gastroenterology,"1,579",,,6.2,
Y60,RKB,UNIVERSITY HOSPITALS COVENTRY AND WARWICKSHIRE NHS TRUST,C_320,Cardiology,"1,204",,,7.4,
Y60,RKB,UNIVERSITY HOSPITALS COVENTRY AND WARWICKSHIRE NHS TRUST,C_330,Dermatology,"3,680",,,8.2,
Y60,RKB,UNIVERSITY HOSPITALS COVENTRY AND WARWICKSHIRE NHS TRUST,C_340,Thoracic Medicine,"1,016",,,9.3,
Y60,RKB,UNIVERSITY HOSPITALS COVENTRY AND WARWICKSHIRE NHS TRUST,C_400,Neurology,"2,220",,,7.6,
Y60,RKB,UNIVERSITY HOSPITALS COVENTRY AND WARWICKSHIRE NHS TRUST,C_410,Rheumatology,689,,,7.2,
Y60,RKB,UNIVERSITY HOSPITALS COVENTRY AND WARWICKSHIRE NHS TRUST,C_430,Geriatric Medicine,69,,,4.3,
Y60,RKB,UNIVERSITY HOSPITALS COVENTRY AND WARWICKSHIRE NHS TRUST,C_502,Gynaecology,"1,980",,,7.7,
Y60,RKB,UNIVERSITY HOSPITALS COVENTRY AND WARWICKSHIRE NHS TRUST,X01,Other,"3,159",,,7.1,
Y60,RL1,THE ROBERT JONES AND AGNES HUNT ORTHOPAEDIC HOSPITAL NHS FOUNDATION TRUST,C_100,General Surgery, -   , -   , -   ,-,-
Y60,RL1,THE ROBERT JONES AND AGNES HUNT ORTHOPAEDIC HOSPITAL NHS FOUNDATION TRUST,C_101,Urology, -   , -   , -   ,-,-
Y60,RL1,THE ROBERT JONES AND AGNES HUNT ORTHOPAEDIC HOSPITAL NHS FOUNDATION TRUST,C_110,Trauma & Orthopaedics,"5,718","4,897",85.60%,7.7,22.9
Y60,RL1,THE ROBERT JONES AND AGNES HUNT ORTHOPAEDIC HOSPITAL NHS FOUNDATION TRUST,C_120,"Ear, Nose & Throat (ENT)", -   , -   , -   ,-,-
Y60,RL1,THE ROBERT JONES AND AGNES HUNT ORTHOPAEDIC HOSPITAL NHS FOUNDATION TRUST,C_130,Ophthalmology, -   , -   , -   ,-,-
Y60,RL1,THE ROBERT JONES AND AGNES HUNT ORTHOPAEDIC HOSPITAL NHS FOUNDATION TRUST,C_140,Oral Surgery, -   , -   , -   ,-,-
Y60,RL1,THE ROBERT JONES AND AGNES HUNT ORTHOPAEDIC HOSPITAL NHS FOUNDATION TRUST,C_150,Neurosurgery, -   , -   , -   ,-,-
Y60,RL1,THE ROBERT JONES AND AGNES HUNT ORTHOPAEDIC HOSPITAL NHS FOUNDATION TRUST,C_160,Plastic Surgery, -   , -   , -   ,-,-
Y60,RL1,THE ROBERT JONES AND AGNES HUNT ORTHOPAEDIC HOSPITAL NHS FOUNDATION TRUST,C_170,Cardiothoracic Surgery, -   , -   , -   ,-,-
Y60,RL1,THE ROBERT JONES AND AGNES HUNT ORTHOPAEDIC HOSPITAL NHS FOUNDATION TRUST,C_300,General Medicine,994,992,99.80%,5.4,11.3
Y60,RL1,THE ROBERT JONES AND AGNES HUNT ORTHOPAEDIC HOSPITAL NHS FOUNDATION TRUST,C_301,Gastroenterology, -   , -   , -   ,-,-
Y60,RL1,THE ROBERT JONES AND AGNES HUNT ORTHOPAEDIC HOSPITAL NHS FOUNDATION TRUST,C_320,Cardiology, -   , -   , -   ,-,-
Y60,RL1,THE ROBERT JONES AND AGNES HUNT ORTHOPAEDIC HOSPITAL NHS FOUNDATION TRUST,C_330,Dermatology, -   , -   , -   ,-,-
Y60,RL1,THE ROBERT JONES AND AGNES HUNT ORTHOPAEDIC HOSPITAL NHS FOUNDATION TRUST,C_340,Thoracic Medicine, -   , -   , -   ,-,-
Y60,RL1,THE ROBERT JONES AND AGNES HUNT ORTHOPAEDIC HOSPITAL NHS FOUNDATION TRUST,C_400,Neurology,105,92,87.60%,7,19.7
Y60,RL1,THE ROBERT JONES AND AGNES HUNT ORTHOPAEDIC HOSPITAL NHS FOUNDATION TRUST,C_410,Rheumatology,499,488,97.80%,6.8,14.2
Y60,RL1,THE ROBERT JONES AND AGNES HUNT ORTHOPAEDIC HOSPITAL NHS FOUNDATION TRUST,C_430,Geriatric Medicine,23,23,100.00%,7.8,12.2
Y60,RL1,THE ROBERT JONES AND AGNES HUNT ORTHOPAEDIC HOSPITAL NHS FOUNDATION TRUST,C_502,Gynaecology, -   , -   , -   ,-,-
Y60,RL1,THE ROBERT JONES AND AGNES HUNT ORTHOPAEDIC HOSPITAL NHS FOUNDATION TRUST,X01,Other,69,67,97.10%,4,13.5
Y60,RL4,THE ROYAL WOLVERHAMPTON NHS TRUST,C_100,General Surgery,"3,630","2,972",81.90%,8,25.1
Y60,RL4,THE ROYAL WOLVERHAMPTON NHS TRUST,C_101,Urology,"2,474","2,001",80.90%,9.4,23.2
Y60,RL4,THE ROYAL WOLVERHAMPTON NHS TRUST,C_110,Trauma & Orthopaedics,"3,529","3,192",90.50%,6.7,19.1
Y60,RL4,THE ROYAL WOLVERHAMPTON NHS TRUST,C_120,"Ear, Nose & Throat (ENT)","3,468","2,904",83.70%,8.4,23.6
Y60,RL4,THE ROYAL WOLVERHAMPTON NHS TRUST,C_130,Ophthalmology,"5,687","4,080",71.70%,10.5,29.4
Y60,RL4,THE ROYAL WOLVERHAMPTON NHS TRUST,C_140,Oral Surgery,"2,460","1,841",74.80%,10.8,26.5
Y60,RL4,THE ROYAL WOLVERHAMPTON NHS TRUST,C_150,Neurosurgery, -   , -   , -   ,-,-
Y60,RL4,THE ROYAL WOLVERHAMPTON NHS TRUST,C_160,Plastic Surgery,110,102,92.70%,4.6,17.2
Y60,RL4,THE ROYAL WOLVERHAMPTON NHS TRUST,C_170,Cardiothoracic Surgery,197,190,96.40%,4.5,14.8
Y60,RL4,THE ROYAL WOLVERHAMPTON NHS TRUST,C_300,General Medicine,369,366,99.20%,8.6,15.3
Y60,RL4,THE ROYAL WOLVERHAMPTON NHS TRUST,C_301,Gastroenterology,"2,187","1,964",89.80%,7.2,19.6
Y60,RL4,THE ROYAL WOLVERHAMPTON NHS TRUST,C_320,Cardiology,"3,262","2,873",88.10%,8,19.9
Y60,RL4,THE ROYAL WOLVERHAMPTON NHS TRUST,C_330,Dermatology,"2,895","1,846",63.80%,13,31.2
Y60,RL4,THE ROYAL WOLVERHAMPTON NHS TRUST,C_340,Thoracic Medicine,"1,221","1,100",90.10%,8,19.1
Y60,RL4,THE ROYAL WOLVERHAMPTON NHS TRUST,C_400,Neurology,"2,113","1,924",91.10%,8.1,18.5
Y60,RL4,THE ROYAL WOLVERHAMPTON NHS TRUST,C_410,Rheumatology,"1,333","1,285",96.40%,7.1,15
Y60,RL4,THE ROYAL WOLVERHAMPTON NHS TRUST,C_430,Geriatric Medicine,273,264,96.70%,6.6,15.3
Y60,RL4,THE ROYAL WOLVERHAMPTON NHS TRUST,C_502,Gynaecology,"2,501","2,244",89.70%,8.2,19.6
Y60,RL4,THE ROYAL WOLVERHAMPTON NHS TRUST,X01,Other,"4,026","3,494",86.80%,7.2,20.7
Y60,RLQ,WYE VALLEY NHS TRUST,C_100,General Surgery,791,491,62.10%,13.6,36.1
Y60,RLQ,WYE VALLEY NHS TRUST,C_101,Urology,951,663,69.70%,11.8,33.5
Y60,RLQ,WYE VALLEY NHS TRUST,C_110,Trauma & Orthopaedics,"1,631","1,315",80.60%,9.7,24.9
Y60,RLQ,WYE VALLEY NHS TRUST,C_120,"Ear, Nose & Throat (ENT)","1,153",880,76.30%,10.1,27.6
Y60,RLQ,WYE VALLEY NHS TRUST,C_130,Ophthalmology,"2,423","1,960",80.90%,9.2,25.5
Y60,RLQ,WYE VALLEY NHS TRUST,C_140,Oral Surgery,232,193,83.20%,7.9,27.4
Y60,RLQ,WYE VALLEY NHS TRUST,C_150,Neurosurgery, -   , -   , -   ,-,-
Y60,RLQ,WYE VALLEY NHS TRUST,C_160,Plastic Surgery,188,122,64.90%,11.6,29.7
Y60,RLQ,WYE VALLEY NHS TRUST,C_170,Cardiothoracic Surgery, -   , -   , -   ,-,-
Y60,RLQ,WYE VALLEY NHS TRUST,C_300,General Medicine,47,44,93.60%,6.5,17.6
Y60,RLQ,WYE VALLEY NHS TRUST,C_301,Gastroenterology,798,618,77.40%,10.5,26.1
Y60,RLQ,WYE VALLEY NHS TRUST,C_320,Cardiology,646,511,79.10%,10.1,27.3
Y60,RLQ,WYE VALLEY NHS TRUST,C_330,Dermatology,"1,103",966,87.60%,8.3,20.4
Y60,RLQ,WYE VALLEY NHS TRUST,C_340,Thoracic Medicine,584,496,84.90%,9.4,21.9
Y60,RLQ,WYE VALLEY NHS TRUST,C_400,Neurology,344,256,74.40%,10.8,28.3
Y60,RLQ,WYE VALLEY NHS TRUST,C_410,Rheumatology,320,270,84.40%,8.8,21.1
Y60,RLQ,WYE VALLEY NHS TRUST,C_430,Geriatric Medicine,89,81,91.00%,7.8,19.3
Y60,RLQ,WYE VALLEY NHS TRUST,C_502,Gynaecology,"1,050",846,80.60%,9,27.6
Y60,RLQ,WYE VALLEY NHS TRUST,X01,Other,"2,977","2,516",84.50%,7.8,25.1
Y60,RLT,GEORGE ELIOT HOSPITAL NHS TRUST,C_100,General Surgery,604,452,74.80%,9.3,29.9
Y60,RLT,GEORGE ELIOT HOSPITAL NHS TRUST,C_101,Urology,773,604,78.10%,9.9,27.5
Y60,RLT,GEORGE ELIOT HOSPITAL NHS TRUST,C_110,Trauma & Orthopaedics,"1,576","1,152",73.10%,10,29.4
Y60,RLT,GEORGE ELIOT HOSPITAL NHS TRUST,C_120,"Ear, Nose & Throat (ENT)",553,454,82.10%,9.3,22.3
Y60,RLT,GEORGE ELIOT HOSPITAL NHS TRUST,C_130,Ophthalmology,"1,244",993,79.80%,8.2,21.9
Y60,RLT,GEORGE ELIOT HOSPITAL NHS TRUST,C_140,Oral Surgery,"1,016",628,61.80%,14.2,33.2
Y60,RLT,GEORGE ELIOT HOSPITAL NHS TRUST,C_150,Neurosurgery, -   , -   , -   ,-,-
Y60,RLT,GEORGE ELIOT HOSPITAL NHS TRUST,C_160,Plastic Surgery,282,233,82.60%,7.8,25.3
Y60,RLT,GEORGE ELIOT HOSPITAL NHS TRUST,C_170,Cardiothoracic Surgery, -   , -   , -   ,-,-
Y60,RLT,GEORGE ELIOT HOSPITAL NHS TRUST,C_300,General Medicine,236,164,69.50%,11,29.2
Y60,RLT,GEORGE ELIOT HOSPITAL NHS TRUST,C_301,Gastroenterology,606,555,91.60%,6.9,18.3
Y60,RLT,GEORGE ELIOT HOSPITAL NHS TRUST,C_320,Cardiology,562,533,94.80%,6.1,15.8
Y60,RLT,GEORGE ELIOT HOSPITAL NHS TRUST,C_330,Dermatology, -   , -   , -   ,-,-
Y60,RLT,GEORGE ELIOT HOSPITAL NHS TRUST,C_340,Thoracic Medicine,281,271,96.40%,7.7,14.8
Y60,RLT,GEORGE ELIOT HOSPITAL NHS TRUST,C_400,Neurology, -   , -   , -   ,-,-
Y60,RLT,GEORGE ELIOT HOSPITAL NHS TRUST,C_410,Rheumatology,339,324,95.60%,6.2,13.8
Y60,RLT,GEORGE ELIOT HOSPITAL NHS TRUST,C_430,Geriatric Medicine,44,44,100.00%,7.2,15.5
Y60,RLT,GEORGE ELIOT HOSPITAL NHS TRUST,C_502,Gynaecology,"1,581","1,063",67.20%,12,33.1
Y60,RLT,GEORGE ELIOT HOSPITAL NHS TRUST,X01,Other,"2,072","1,775",85.70%,7,23.7
Y60,RNA,THE DUDLEY GROUP NHS FOUNDATION TRUST,C_100,General Surgery,998,909,91.10%,7,19.1
Y60,RNA,THE DUDLEY GROUP NHS FOUNDATION TRUST,C_101,Urology,"1,362","1,225",89.90%,6.9,19.8
Y60,RNA,THE DUDLEY GROUP NHS FOUNDATION TRUST,C_110,Trauma & Orthopaedics,"1,775","1,668",94.00%,5.9,16.7
Y60,RNA,THE DUDLEY GROUP NHS FOUNDATION TRUST,C_120,"Ear, Nose & Throat (ENT)","1,294","1,245",96.20%,5.5,15.5
Y60,RNA,THE DUDLEY GROUP NHS FOUNDATION TRUST,C_130,Ophthalmology,"1,985","1,770",89.20%,7.1,19.7
Y60,RNA,THE DUDLEY GROUP NHS FOUNDATION TRUST,C_140,Oral Surgery,750,692,92.30%,7.3,17.9
Y60,RNA,THE DUDLEY GROUP NHS FOUNDATION TRUST,C_150,Neurosurgery, -   , -   , -   ,-,-
Y60,RNA,THE DUDLEY GROUP NHS FOUNDATION TRUST,C_160,Plastic Surgery,"1,050",952,90.70%,7,18.6
Y60,RNA,THE DUDLEY GROUP NHS FOUNDATION TRUST,C_170,Cardiothoracic Surgery, -   , -   , -   ,-,-
Y60,RNA,THE DUDLEY GROUP NHS FOUNDATION TRUST,C_300,General Medicine, -   , -   , -   ,-,-
Y60,RNA,THE DUDLEY GROUP NHS FOUNDATION TRUST,C_301,Gastroenterology,"1,459","1,366",93.60%,5.9,16.9
Y60,RNA,THE DUDLEY GROUP NHS FOUNDATION TRUST,C_320,Cardiology,692,672,97.10%,5.4,14.2
Y60,RNA,THE DUDLEY GROUP NHS FOUNDATION TRUST,C_330,Dermatology,"1,287","1,232",95.70%,7.6,16.1
Y60,RNA,THE DUDLEY GROUP NHS FOUNDATION TRUST,C_340,Thoracic Medicine,414,407,98.30%,5.7,12.8
Y60,RNA,THE DUDLEY GROUP NHS FOUNDATION TRUST,C_400,Neurology,612,563,92.00%,8.1,18
Y60,RNA,THE DUDLEY GROUP NHS FOUNDATION TRUST,C_410,Rheumatology,675,585,86.70%,7.8,20.3
Y60,RNA,THE DUDLEY GROUP NHS FOUNDATION TRUST,C_430,Geriatric Medicine,103,103,100.00%,5,14
Y60,RNA,THE DUDLEY GROUP NHS FOUNDATION TRUST,C_502,Gynaecology,"1,087","1,025",94.30%,6.3,16.8
Y60,RNA,THE DUDLEY GROUP NHS FOUNDATION TRUST,X01,Other,"4,326","4,188",96.80%,6,15.3
Y60,RNQ,KETTERING GENERAL HOSPITAL NHS FOUNDATION TRUST,C_100,General Surgery,"1,255","1,081",86.10%,7.5,21.5
Y60,RNQ,KETTERING GENERAL HOSPITAL NHS FOUNDATION TRUST,C_101,Urology,"1,399","1,059",75.70%,9.5,29.9
Y60,RNQ,KETTERING GENERAL HOSPITAL NHS FOUNDATION TRUST,C_110,Trauma & Orthopaedics,"1,547","1,407",91.00%,6.5,18.7
Y60,RNQ,KETTERING GENERAL HOSPITAL NHS FOUNDATION TRUST,C_120,"Ear, Nose & Throat (ENT)","1,474","1,327",90.00%,6.9,19.8
Y60,RNQ,KETTERING GENERAL HOSPITAL NHS FOUNDATION TRUST,C_130,Ophthalmology,"2,563","2,056",80.20%,9.9,23.8
Y60,RNQ,KETTERING GENERAL HOSPITAL NHS FOUNDATION TRUST,C_140,Oral Surgery,902,719,79.70%,8.7,25.4
Y60,RNQ,KETTERING GENERAL HOSPITAL NHS FOUNDATION TRUST,C_150,Neurosurgery, -   , -   , -   ,-,-
Y60,RNQ,KETTERING GENERAL HOSPITAL NHS FOUNDATION TRUST,C_160,Plastic Surgery,99,84,84.80%,7.9,21.4
Y60,RNQ,KETTERING GENERAL HOSPITAL NHS FOUNDATION TRUST,C_170,Cardiothoracic Surgery, -   , -   , -   ,-,-
Y60,RNQ,KETTERING GENERAL HOSPITAL NHS FOUNDATION TRUST,C_300,General Medicine, -   , -   , -   ,-,-
Y60,RNQ,KETTERING GENERAL HOSPITAL NHS FOUNDATION TRUST,C_301,Gastroenterology,"1,234","1,154",93.50%,8.1,16.9
Y60,RNQ,KETTERING GENERAL HOSPITAL NHS FOUNDATION TRUST,C_320,Cardiology,"2,042","1,870",91.60%,6.4,18.3
Y60,RNQ,KETTERING GENERAL HOSPITAL NHS FOUNDATION TRUST,C_330,Dermatology,"1,114","1,062",95.30%,5.7,15.2
Y60,RNQ,KETTERING GENERAL HOSPITAL NHS FOUNDATION TRUST,C_340,Thoracic Medicine,542,532,98.20%,6.8,14.5
Y60,RNQ,KETTERING GENERAL HOSPITAL NHS FOUNDATION TRUST,C_400,Neurology,834,765,91.70%,7.3,18.2
Y60,RNQ,KETTERING GENERAL HOSPITAL NHS FOUNDATION TRUST,C_410,Rheumatology,638,619,97.00%,7.2,14
Y60,RNQ,KETTERING GENERAL HOSPITAL NHS FOUNDATION TRUST,C_430,Geriatric Medicine,179,164,91.60%,8.3,18.1
Y60,RNQ,KETTERING GENERAL HOSPITAL NHS FOUNDATION TRUST,C_502,Gynaecology,"1,449","1,330",91.80%,7.3,18.2
Y60,RNQ,KETTERING GENERAL HOSPITAL NHS FOUNDATION TRUST,X01,Other,"3,681","3,231",87.80%,7.3,22
Y60,RNS,NORTHAMPTON GENERAL HOSPITAL NHS TRUST,C_100,General Surgery,"2,489",,,10,
Y60,RNS,NORTHAMPTON GENERAL HOSPITAL NHS TRUST,C_101,Urology,"1,281",,,11.3,
Y60,RNS,NORTHAMPTON GENERAL HOSPITAL NHS TRUST,C_110,Trauma & Orthopaedics,"1,051",,,5.2,
Y60,RNS,NORTHAMPTON GENERAL HOSPITAL NHS TRUST,C_120,"Ear, Nose & Throat (ENT)","2,014",,,14.8,
Y60,RNS,NORTHAMPTON GENERAL HOSPITAL NHS TRUST,C_130,Ophthalmology,"2,726",,,7.7,
Y60,RNS,NORTHAMPTON GENERAL HOSPITAL NHS TRUST,C_140,Oral Surgery,"1,528",,,10.5,
Y60,RNS,NORTHAMPTON GENERAL HOSPITAL NHS TRUST,C_150,Neurosurgery,103,,,15.2,
Y60,RNS,NORTHAMPTON GENERAL HOSPITAL NHS TRUST,C_160,Plastic Surgery,225,,,6.3,
Y60,RNS,NORTHAMPTON GENERAL HOSPITAL NHS TRUST,C_170,Cardiothoracic Surgery,5,,,-,
Y60,RNS,NORTHAMPTON GENERAL HOSPITAL NHS TRUST,C_300,General Medicine,"1,433",,,8.7,
Y60,RNS,NORTHAMPTON GENERAL HOSPITAL NHS TRUST,C_301,Gastroenterology,"1,166",,,8,
Y60,RNS,NORTHAMPTON GENERAL HOSPITAL NHS TRUST,C_320,Cardiology,"2,832",,,12.2,
Y60,RNS,NORTHAMPTON GENERAL HOSPITAL NHS TRUST,C_330,Dermatology,"1,615",,,7.2,
Y60,RNS,NORTHAMPTON GENERAL HOSPITAL NHS TRUST,C_340,Thoracic Medicine,944,,,11.3,
Y60,RNS,NORTHAMPTON GENERAL HOSPITAL NHS TRUST,C_400,Neurology,817,,,6.3,
Y60,RNS,NORTHAMPTON GENERAL HOSPITAL NHS TRUST,C_410,Rheumatology,695,,,9.1,
Y60,RNS,NORTHAMPTON GENERAL HOSPITAL NHS TRUST,C_430,Geriatric Medicine,74,,,6.6,
Y60,RNS,NORTHAMPTON GENERAL HOSPITAL NHS TRUST,C_502,Gynaecology,"1,498",,,6.6,
Y60,RNS,NORTHAMPTON GENERAL HOSPITAL NHS TRUST,X01,Other,"3,532",,,6.9,
Y60,RP1,NORTHAMPTONSHIRE HEALTHCARE NHS FOUNDATION TRUST,C_100,General Surgery, -   , -   , -   ,-,-
Y60,RP1,NORTHAMPTONSHIRE HEALTHCARE NHS FOUNDATION TRUST,C_101,Urology, -   , -   , -   ,-,-
Y60,RP1,NORTHAMPTONSHIRE HEALTHCARE NHS FOUNDATION TRUST,C_110,Trauma & Orthopaedics, -   , -   , -   ,-,-
Y60,RP1,NORTHAMPTONSHIRE HEALTHCARE NHS FOUNDATION TRUST,C_120,"Ear, Nose & Throat (ENT)", -   , -   , -   ,-,-
Y60,RP1,NORTHAMPTONSHIRE HEALTHCARE NHS FOUNDATION TRUST,C_130,Ophthalmology, -   , -   , -   ,-,-
Y60,RP1,NORTHAMPTONSHIRE HEALTHCARE NHS FOUNDATION TRUST,C_140,Oral Surgery, -   , -   , -   ,-,-
Y60,RP1,NORTHAMPTONSHIRE HEALTHCARE NHS FOUNDATION TRUST,C_150,Neurosurgery, -   , -   , -   ,-,-
Y60,RP1,NORTHAMPTONSHIRE HEALTHCARE NHS FOUNDATION TRUST,C_160,Plastic Surgery, -   , -   , -   ,-,-
Y60,RP1,NORTHAMPTONSHIRE HEALTHCARE NHS FOUNDATION TRUST,C_170,Cardiothoracic Surgery, -   , -   , -   ,-,-
Y60,RP1,NORTHAMPTONSHIRE HEALTHCARE NHS FOUNDATION TRUST,C_300,General Medicine, -   , -   , -   ,-,-
Y60,RP1,NORTHAMPTONSHIRE HEALTHCARE NHS FOUNDATION TRUST,C_301,Gastroenterology, -   , -   , -   ,-,-
Y60,RP1,NORTHAMPTONSHIRE HEALTHCARE NHS FOUNDATION TRUST,C_320,Cardiology, -   , -   , -   ,-,-
Y60,RP1,NORTHAMPTONSHIRE HEALTHCARE NHS FOUNDATION TRUST,C_330,Dermatology, -   , -   , -   ,-,-
Y60,RP1,NORTHAMPTONSHIRE HEALTHCARE NHS FOUNDATION TRUST,C_340,Thoracic Medicine, -   , -   , -   ,-,-
Y60,RP1,NORTHAMPTONSHIRE HEALTHCARE NHS FOUNDATION TRUST,C_400,Neurology, -   , -   , -   ,-,-
Y60,RP1,NORTHAMPTONSHIRE HEALTHCARE NHS FOUNDATION TRUST,C_410,Rheumatology, -   , -   , -   ,-,-
Y60,RP1,NORTHAMPTONSHIRE HEALTHCARE NHS FOUNDATION TRUST,C_430,Geriatric Medicine, -   , -   , -   ,-,-
Y60,RP1,NORTHAMPTONSHIRE HEALTHCARE NHS FOUNDATION TRUST,C_502,Gynaecology, -   , -   , -   ,-,-
Y60,RP1,NORTHAMPTONSHIRE HEALTHCARE NHS FOUNDATION TRUST,X01,Other,421,291,69.10%,12.5,26
Y60,RP7,LINCOLNSHIRE PARTNERSHIP NHS FOUNDATION TRUST,C_100,General Surgery, -   , -   , -   ,-,-
Y60,RP7,LINCOLNSHIRE PARTNERSHIP NHS FOUNDATION TRUST,C_101,Urology, -   , -   , -   ,-,-
Y60,RP7,LINCOLNSHIRE PARTNERSHIP NHS FOUNDATION TRUST,C_110,Trauma & Orthopaedics, -   , -   , -   ,-,-
Y60,RP7,LINCOLNSHIRE PARTNERSHIP NHS FOUNDATION TRUST,C_120,"Ear, Nose & Throat (ENT)", -   , -   , -   ,-,-
Y60,RP7,LINCOLNSHIRE PARTNERSHIP NHS FOUNDATION TRUST,C_130,Ophthalmology, -   , -   , -   ,-,-
Y60,RP7,LINCOLNSHIRE PARTNERSHIP NHS FOUNDATION TRUST,C_140,Oral Surgery, -   , -   , -   ,-,-
Y60,RP7,LINCOLNSHIRE PARTNERSHIP NHS FOUNDATION TRUST,C_150,Neurosurgery, -   , -   , -   ,-,-
Y60,RP7,LINCOLNSHIRE PARTNERSHIP NHS FOUNDATION TRUST,C_160,Plastic Surgery, -   , -   , -   ,-,-
Y60,RP7,LINCOLNSHIRE PARTNERSHIP NHS FOUNDATION TRUST,C_170,Cardiothoracic Surgery, -   , -   , -   ,-,-
Y60,RP7,LINCOLNSHIRE PARTNERSHIP NHS FOUNDATION TRUST,C_300,General Medicine, -   , -   , -   ,-,-
Y60,RP7,LINCOLNSHIRE PARTNERSHIP NHS FOUNDATION TRUST,C_301,Gastroenterology, -   , -   , -   ,-,-
Y60,RP7,LINCOLNSHIRE PARTNERSHIP NHS FOUNDATION TRUST,C_320,Cardiology, -   , -   , -   ,-,-
Y60,RP7,LINCOLNSHIRE PARTNERSHIP NHS FOUNDATION TRUST,C_330,Dermatology, -   , -   , -   ,-,-
Y60,RP7,LINCOLNSHIRE PARTNERSHIP NHS FOUNDATION TRUST,C_340,Thoracic Medicine, -   , -   , -   ,-,-
Y60,RP7,LINCOLNSHIRE PARTNERSHIP NHS FOUNDATION TRUST,C_400,Neurology, -   , -   , -   ,-,-
Y60,RP7,LINCOLNSHIRE PARTNERSHIP NHS FOUNDATION TRUST,C_410,Rheumatology, -   , -   , -   ,-,-
Y60,RP7,LINCOLNSHIRE PARTNERSHIP NHS FOUNDATION TRUST,C_430,Geriatric Medicine, -   , -   , -   ,-,-
Y60,RP7,LINCOLNSHIRE PARTNERSHIP NHS FOUNDATION TRUST,C_502,Gynaecology, -   , -   , -   ,-,-
Y60,RP7,LINCOLNSHIRE PARTNERSHIP NHS FOUNDATION TRUST,X01,Other,132,128,97.00%,3.8,11.8
Y60,RQ3,BIRMINGHAM WOMEN'S AND CHILDREN'S NHS FOUNDATION TRUST,C_100,General Surgery, -   , -   , -   ,-,-
Y60,RQ3,BIRMINGHAM WOMEN'S AND CHILDREN'S NHS FOUNDATION TRUST,C_101,Urology, -   , -   , -   ,-,-
Y60,RQ3,BIRMINGHAM WOMEN'S AND CHILDREN'S NHS FOUNDATION TRUST,C_110,Trauma & Orthopaedics, -   , -   , -   ,-,-
Y60,RQ3,BIRMINGHAM WOMEN'S AND CHILDREN'S NHS FOUNDATION TRUST,C_120,"Ear, Nose & Throat (ENT)", -   , -   , -   ,-,-
Y60,RQ3,BIRMINGHAM WOMEN'S AND CHILDREN'S NHS FOUNDATION TRUST,C_130,Ophthalmology, -   , -   , -   ,-,-
Y60,RQ3,BIRMINGHAM WOMEN'S AND CHILDREN'S NHS FOUNDATION TRUST,C_140,Oral Surgery, -   , -   , -   ,-,-
Y60,RQ3,BIRMINGHAM WOMEN'S AND CHILDREN'S NHS FOUNDATION TRUST,C_150,Neurosurgery, -   , -   , -   ,-,-
Y60,RQ3,BIRMINGHAM WOMEN'S AND CHILDREN'S NHS FOUNDATION TRUST,C_160,Plastic Surgery, -   , -   , -   ,-,-
Y60,RQ3,BIRMINGHAM WOMEN'S AND CHILDREN'S NHS FOUNDATION TRUST,C_170,Cardiothoracic Surgery, -   , -   , -   ,-,-
Y60,RQ3,BIRMINGHAM WOMEN'S AND CHILDREN'S NHS FOUNDATION TRUST,C_300,General Medicine, -   , -   , -   ,-,-
Y60,RQ3,BIRMINGHAM WOMEN'S AND CHILDREN'S NHS FOUNDATION TRUST,C_301,Gastroenterology, -   , -   , -   ,-,-
Y60,RQ3,BIRMINGHAM WOMEN'S AND CHILDREN'S NHS FOUNDATION TRUST,C_320,Cardiology, -   , -   , -   ,-,-
Y60,RQ3,BIRMINGHAM WOMEN'S AND CHILDREN'S NHS FOUNDATION TRUST,C_330,Dermatology, -   , -   , -   ,-,-
Y60,RQ3,BIRMINGHAM WOMEN'S AND CHILDREN'S NHS FOUNDATION TRUST,C_340,Thoracic Medicine, -   , -   , -   ,-,-
Y60,RQ3,BIRMINGHAM WOMEN'S AND CHILDREN'S NHS FOUNDATION TRUST,C_400,Neurology, -   , -   , -   ,-,-
Y60,RQ3,BIRMINGHAM WOMEN'S AND CHILDREN'S NHS FOUNDATION TRUST,C_410,Rheumatology, -   , -   , -   ,-,-
Y60,RQ3,BIRMINGHAM WOMEN'S AND CHILDREN'S NHS FOUNDATION TRUST,C_430,Geriatric Medicine, -   , -   , -   ,-,-
Y60,RQ3,BIRMINGHAM WOMEN'S AND CHILDREN'S NHS FOUNDATION TRUST,C_502,Gynaecology,"5,588","5,256",94.10%,6.4,16.8
Y60,RQ3,BIRMINGHAM WOMEN'S AND CHILDREN'S NHS FOUNDATION TRUST,X01,Other,"11,827","10,785",91.20%,8.2,19
Y60,RRE,MIDLANDS PARTNERSHIP NHS FOUNDATION TRUST,C_100,General Surgery, -   , -   , -   ,-,-
Y60,RRE,MIDLANDS PARTNERSHIP NHS FOUNDATION TRUST,C_101,Urology, -   , -   , -   ,-,-
Y60,RRE,MIDLANDS PARTNERSHIP NHS FOUNDATION TRUST,C_110,Trauma & Orthopaedics, -   , -   , -   ,-,-
Y60,RRE,MIDLANDS PARTNERSHIP NHS FOUNDATION TRUST,C_120,"Ear, Nose & Throat (ENT)", -   , -   , -   ,-,-
Y60,RRE,MIDLANDS PARTNERSHIP NHS FOUNDATION TRUST,C_130,Ophthalmology, -   , -   , -   ,-,-
Y60,RRE,MIDLANDS PARTNERSHIP NHS FOUNDATION TRUST,C_140,Oral Surgery, -   , -   , -   ,-,-
Y60,RRE,MIDLANDS PARTNERSHIP NHS FOUNDATION TRUST,C_150,Neurosurgery, -   , -   , -   ,-,-
Y60,RRE,MIDLANDS PARTNERSHIP NHS FOUNDATION TRUST,C_160,Plastic Surgery, -   , -   , -   ,-,-
Y60,RRE,MIDLANDS PARTNERSHIP NHS FOUNDATION TRUST,C_170,Cardiothoracic Surgery, -   , -   , -   ,-,-
Y60,RRE,MIDLANDS PARTNERSHIP NHS FOUNDATION TRUST,C_300,General Medicine, -   , -   , -   ,-,-
Y60,RRE,MIDLANDS PARTNERSHIP NHS FOUNDATION TRUST,C_301,Gastroenterology, -   , -   , -   ,-,-
Y60,RRE,MIDLANDS PARTNERSHIP NHS FOUNDATION TRUST,C_320,Cardiology, -   , -   , -   ,-,-
Y60,RRE,MIDLANDS PARTNERSHIP NHS FOUNDATION TRUST,C_330,Dermatology, -   , -   , -   ,-,-
Y60,RRE,MIDLANDS PARTNERSHIP NHS FOUNDATION TRUST,C_340,Thoracic Medicine, -   , -   , -   ,-,-
Y60,RRE,MIDLANDS PARTNERSHIP NHS FOUNDATION TRUST,C_400,Neurology,41,39,95.10%,10,17.7
Y60,RRE,MIDLANDS PARTNERSHIP NHS FOUNDATION TRUST,C_410,Rheumatology,"3,565","3,465",97.20%,3.8,13.4
Y60,RRE,MIDLANDS PARTNERSHIP NHS FOUNDATION TRUST,C_430,Geriatric Medicine,24,24,100.00%,5.3,11
Y60,RRE,MIDLANDS PARTNERSHIP NHS FOUNDATION TRUST,C_502,Gynaecology, -   , -   , -   ,-,-
Y60,RRE,MIDLANDS PARTNERSHIP NHS FOUNDATION TRUST,X01,Other,"3,144","3,140",99.90%,4.8,9.6
Y60,RRJ,THE ROYAL ORTHOPAEDIC HOSPITAL NHS FOUNDATION TRUST,C_100,General Surgery, -   , -   , -   ,-,-
Y60,RRJ,THE ROYAL ORTHOPAEDIC HOSPITAL NHS FOUNDATION TRUST,C_101,Urology, -   , -   , -   ,-,-
Y60,RRJ,THE ROYAL ORTHOPAEDIC HOSPITAL NHS FOUNDATION TRUST,C_110,Trauma & Orthopaedics,"7,864","6,518",82.90%,9.5,23.4
Y60,RRJ,THE ROYAL ORTHOPAEDIC HOSPITAL NHS FOUNDATION TRUST,C_120,"Ear, Nose & Throat (ENT)", -   , -   , -   ,-,-
Y60,RRJ,THE ROYAL ORTHOPAEDIC HOSPITAL NHS FOUNDATION TRUST,C_130,Ophthalmology, -   , -   , -   ,-,-
Y60,RRJ,THE ROYAL ORTHOPAEDIC HOSPITAL NHS FOUNDATION TRUST,C_140,Oral Surgery, -   , -   , -   ,-,-
Y60,RRJ,THE ROYAL ORTHOPAEDIC HOSPITAL NHS FOUNDATION TRUST,C_150,Neurosurgery, -   , -   , -   ,-,-
Y60,RRJ,THE ROYAL ORTHOPAEDIC HOSPITAL NHS FOUNDATION TRUST,C_160,Plastic Surgery, -   , -   , -   ,-,-
Y60,RRJ,THE ROYAL ORTHOPAEDIC HOSPITAL NHS FOUNDATION TRUST,C_170,Cardiothoracic Surgery, -   , -   , -   ,-,-
Y60,RRJ,THE ROYAL ORTHOPAEDIC HOSPITAL NHS FOUNDATION TRUST,C_300,General Medicine,399,379,95.00%,7,16.6
Y60,RRJ,THE ROYAL ORTHOPAEDIC HOSPITAL NHS FOUNDATION TRUST,C_301,Gastroenterology, -   , -   , -   ,-,-
Y60,RRJ,THE ROYAL ORTHOPAEDIC HOSPITAL NHS FOUNDATION TRUST,C_320,Cardiology, -   , -   , -   ,-,-
Y60,RRJ,THE ROYAL ORTHOPAEDIC HOSPITAL NHS FOUNDATION TRUST,C_330,Dermatology, -   , -   , -   ,-,-
Y60,RRJ,THE ROYAL ORTHOPAEDIC HOSPITAL NHS FOUNDATION TRUST,C_340,Thoracic Medicine, -   , -   , -   ,-,-
Y60,RRJ,THE ROYAL ORTHOPAEDIC HOSPITAL NHS FOUNDATION TRUST,C_400,Neurology, -   , -   , -   ,-,-
Y60,RRJ,THE ROYAL ORTHOPAEDIC HOSPITAL NHS FOUNDATION TRUST,C_410,Rheumatology, -   , -   , -   ,-,-
Y60,RRJ,THE ROYAL ORTHOPAEDIC HOSPITAL NHS FOUNDATION TRUST,C_430,Geriatric Medicine, -   , -   , -   ,-,-
Y60,RRJ,THE ROYAL ORTHOPAEDIC HOSPITAL NHS FOUNDATION TRUST,C_502,Gynaecology, -   , -   , -   ,-,-
Y60,RRJ,THE ROYAL ORTHOPAEDIC HOSPITAL NHS FOUNDATION TRUST,X01,Other,609,559,91.80%,8.4,18.1
Y60,RRK,UNIVERSITY HOSPITALS BIRMINGHAM NHS FOUNDATION TRUST,C_100,General Surgery,"5,344","4,396",82.30%,8.4,23.7
Y60,RRK,UNIVERSITY HOSPITALS BIRMINGHAM NHS FOUNDATION TRUST,C_101,Urology,"6,169","4,652",75.40%,10.9,28.2
Y60,RRK,UNIVERSITY HOSPITALS BIRMINGHAM NHS FOUNDATION TRUST,C_110,Trauma & Orthopaedics,"5,092","4,298",84.40%,7.8,23.9
Y60,RRK,UNIVERSITY HOSPITALS BIRMINGHAM NHS FOUNDATION TRUST,C_120,"Ear, Nose & Throat (ENT)","8,178","6,693",81.80%,9.9,24.5
Y60,RRK,UNIVERSITY HOSPITALS BIRMINGHAM NHS FOUNDATION TRUST,C_130,Ophthalmology,"8,531","7,201",84.40%,8.3,22.6
Y60,RRK,UNIVERSITY HOSPITALS BIRMINGHAM NHS FOUNDATION TRUST,C_140,Oral Surgery,46,32,69.60%,11.8,28.2
Y60,RRK,UNIVERSITY HOSPITALS BIRMINGHAM NHS FOUNDATION TRUST,C_150,Neurosurgery,"2,686","1,504",56.00%,16.4,33.5
Y60,RRK,UNIVERSITY HOSPITALS BIRMINGHAM NHS FOUNDATION TRUST,C_160,Plastic Surgery,995,871,87.50%,8.4,21.6
Y60,RRK,UNIVERSITY HOSPITALS BIRMINGHAM NHS FOUNDATION TRUST,C_170,Cardiothoracic Surgery,166,157,94.60%,6.6,16.4
Y60,RRK,UNIVERSITY HOSPITALS BIRMINGHAM NHS FOUNDATION TRUST,C_300,General Medicine,291,289,99.30%,7.7,15.6
Y60,RRK,UNIVERSITY HOSPITALS BIRMINGHAM NHS FOUNDATION TRUST,C_301,Gastroenterology,"6,211","5,705",91.90%,8.2,18.2
Y60,RRK,UNIVERSITY HOSPITALS BIRMINGHAM NHS FOUNDATION TRUST,C_320,Cardiology,"5,936","5,306",89.40%,7.8,19.5
Y60,RRK,UNIVERSITY HOSPITALS BIRMINGHAM NHS FOUNDATION TRUST,C_330,Dermatology,"6,405","5,648",88.20%,7.7,20
Y60,RRK,UNIVERSITY HOSPITALS BIRMINGHAM NHS FOUNDATION TRUST,C_340,Thoracic Medicine,"3,090","2,853",92.30%,7.4,17.8
Y60,RRK,UNIVERSITY HOSPITALS BIRMINGHAM NHS FOUNDATION TRUST,C_400,Neurology,"5,582","3,453",61.90%,13.9,32.6
Y60,RRK,UNIVERSITY HOSPITALS BIRMINGHAM NHS FOUNDATION TRUST,C_410,Rheumatology,"1,675","1,409",84.10%,8.9,21.9
Y60,RRK,UNIVERSITY HOSPITALS BIRMINGHAM NHS FOUNDATION TRUST,C_430,Geriatric Medicine,488,471,96.50%,5.4,14.7
Y60,RRK,UNIVERSITY HOSPITALS BIRMINGHAM NHS FOUNDATION TRUST,C_502,Gynaecology,"3,816","3,173",83.10%,7.9,25.5
Y60,RRK,UNIVERSITY HOSPITALS BIRMINGHAM NHS FOUNDATION TRUST,X01,Other,"20,118","17,837",88.70%,7.6,20.8
Y60,RT5,LEICESTERSHIRE PARTNERSHIP NHS TRUST,C_100,General Surgery, -   , -   , -   ,-,-
Y60,RT5,LEICESTERSHIRE PARTNERSHIP NHS TRUST,C_101,Urology, -   , -   , -   ,-,-
Y60,RT5,LEICESTERSHIRE PARTNERSHIP NHS TRUST,C_110,Trauma & Orthopaedics, -   , -   , -   ,-,-
Y60,RT5,LEICESTERSHIRE PARTNERSHIP NHS TRUST,C_120,"Ear, Nose & Throat (ENT)", -   , -   , -   ,-,-
Y60,RT5,LEICESTERSHIRE PARTNERSHIP NHS TRUST,C_130,Ophthalmology, -   , -   , -   ,-,-
Y60,RT5,LEICESTERSHIRE PARTNERSHIP NHS TRUST,C_140,Oral Surgery, -   , -   , -   ,-,-
Y60,RT5,LEICESTERSHIRE PARTNERSHIP NHS TRUST,C_150,Neurosurgery, -   , -   , -   ,-,-
Y60,RT5,LEICESTERSHIRE PARTNERSHIP NHS TRUST,C_160,Plastic Surgery, -   , -   , -   ,-,-
Y60,RT5,LEICESTERSHIRE PARTNERSHIP NHS TRUST,C_170,Cardiothoracic Surgery, -   , -   , -   ,-,-
Y60,RT5,LEICESTERSHIRE PARTNERSHIP NHS TRUST,C_300,General Medicine, -   , -   , -   ,-,-
Y60,RT5,LEICESTERSHIRE PARTNERSHIP NHS TRUST,C_301,Gastroenterology, -   , -   , -   ,-,-
Y60,RT5,LEICESTERSHIRE PARTNERSHIP NHS TRUST,C_320,Cardiology, -   , -   , -   ,-,-
Y60,RT5,LEICESTERSHIRE PARTNERSHIP NHS TRUST,C_330,Dermatology, -   , -   , -   ,-,-
Y60,RT5,LEICESTERSHIRE PARTNERSHIP NHS TRUST,C_340,Thoracic Medicine, -   , -   , -   ,-,-
Y60,RT5,LEICESTERSHIRE PARTNERSHIP NHS TRUST,C_400,Neurology, -   , -   , -   ,-,-
Y60,RT5,LEICESTERSHIRE PARTNERSHIP NHS TRUST,C_410,Rheumatology, -   , -   , -   ,-,-
Y60,RT5,LEICESTERSHIRE PARTNERSHIP NHS TRUST,C_430,Geriatric Medicine, -   , -   , -   ,-,-
Y60,RT5,LEICESTERSHIRE PARTNERSHIP NHS TRUST,C_502,Gynaecology, -   , -   , -   ,-,-
Y60,RT5,LEICESTERSHIRE PARTNERSHIP NHS TRUST,X01,Other,460,426,92.60%,9.7,17.7
Y60,RTG,UNIVERSITY HOSPITALS OF DERBY AND BURTON NHS FOUNDATION TRUST,C_100,General Surgery,"3,089","2,639",85.40%,8.2,23.9
Y60,RTG,UNIVERSITY HOSPITALS OF DERBY AND BURTON NHS FOUNDATION TRUST,C_101,Urology,"2,191","1,966",89.70%,6.6,19.8
Y60,RTG,UNIVERSITY HOSPITALS OF DERBY AND BURTON NHS FOUNDATION TRUST,C_110,Trauma & Orthopaedics,"8,639","7,088",82.00%,8.2,24.9
Y60,RTG,UNIVERSITY HOSPITALS OF DERBY AND BURTON NHS FOUNDATION TRUST,C_120,"Ear, Nose & Throat (ENT)","3,535","3,166",89.60%,6.9,19.7
Y60,RTG,UNIVERSITY HOSPITALS OF DERBY AND BURTON NHS FOUNDATION TRUST,C_130,Ophthalmology,"5,788","4,934",85.20%,7.7,21.8
Y60,RTG,UNIVERSITY HOSPITALS OF DERBY AND BURTON NHS FOUNDATION TRUST,C_140,Oral Surgery,735,654,89.00%,7.6,19.5
Y60,RTG,UNIVERSITY HOSPITALS OF DERBY AND BURTON NHS FOUNDATION TRUST,C_150,Neurosurgery,69,43,62.30%,12.5,25.4
Y60,RTG,UNIVERSITY HOSPITALS OF DERBY AND BURTON NHS FOUNDATION TRUST,C_160,Plastic Surgery,273,209,76.60%,10.7,26.4
Y60,RTG,UNIVERSITY HOSPITALS OF DERBY AND BURTON NHS FOUNDATION TRUST,C_170,Cardiothoracic Surgery,5,4,80.00%,-,-
Y60,RTG,UNIVERSITY HOSPITALS OF DERBY AND BURTON NHS FOUNDATION TRUST,C_300,General Medicine,190,187,98.40%,4.8,12.5
Y60,RTG,UNIVERSITY HOSPITALS OF DERBY AND BURTON NHS FOUNDATION TRUST,C_301,Gastroenterology,"2,227","2,128",95.60%,5,14.9
Y60,RTG,UNIVERSITY HOSPITALS OF DERBY AND BURTON NHS FOUNDATION TRUST,C_320,Cardiology,"2,496","2,314",92.70%,7.5,17.3
Y60,RTG,UNIVERSITY HOSPITALS OF DERBY AND BURTON NHS FOUNDATION TRUST,C_330,Dermatology,"3,199","2,962",92.60%,7.6,17.7
Y60,RTG,UNIVERSITY HOSPITALS OF DERBY AND BURTON NHS FOUNDATION TRUST,C_340,Thoracic Medicine,550,519,94.40%,7.3,16.4
Y60,RTG,UNIVERSITY HOSPITALS OF DERBY AND BURTON NHS FOUNDATION TRUST,C_400,Neurology,951,901,94.70%,8.2,16.4
Y60,RTG,UNIVERSITY HOSPITALS OF DERBY AND BURTON NHS FOUNDATION TRUST,C_410,Rheumatology,"1,448","1,148",79.30%,9.2,27.6
Y60,RTG,UNIVERSITY HOSPITALS OF DERBY AND BURTON NHS FOUNDATION TRUST,C_430,Geriatric Medicine,164,161,98.20%,3.3,11.7
Y60,RTG,UNIVERSITY HOSPITALS OF DERBY AND BURTON NHS FOUNDATION TRUST,C_502,Gynaecology,"3,289","3,025",92.00%,6.6,18
Y60,RTG,UNIVERSITY HOSPITALS OF DERBY AND BURTON NHS FOUNDATION TRUST,X01,Other,"12,262","10,701",87.30%,7,21.8
Y60,RWD,UNITED LINCOLNSHIRE HOSPITALS NHS TRUST,C_100,General Surgery,"3,332","2,512",75.40%,9.3,27.4
Y60,RWD,UNITED LINCOLNSHIRE HOSPITALS NHS TRUST,C_101,Urology,"2,405","2,037",84.70%,7.9,24
Y60,RWD,UNITED LINCOLNSHIRE HOSPITALS NHS TRUST,C_110,Trauma & Orthopaedics,"2,876","2,598",90.30%,6.8,18.8
Y60,RWD,UNITED LINCOLNSHIRE HOSPITALS NHS TRUST,C_120,"Ear, Nose & Throat (ENT)","4,031","3,254",80.70%,8.8,25
Y60,RWD,UNITED LINCOLNSHIRE HOSPITALS NHS TRUST,C_130,Ophthalmology,"4,499","4,015",89.20%,7.5,19.2
Y60,RWD,UNITED LINCOLNSHIRE HOSPITALS NHS TRUST,C_140,Oral Surgery, -   , -   , -   ,-,-
Y60,RWD,UNITED LINCOLNSHIRE HOSPITALS NHS TRUST,C_150,Neurosurgery, -   , -   , -   ,-,-
Y60,RWD,UNITED LINCOLNSHIRE HOSPITALS NHS TRUST,C_160,Plastic Surgery, -   , -   , -   ,-,-
Y60,RWD,UNITED LINCOLNSHIRE HOSPITALS NHS TRUST,C_170,Cardiothoracic Surgery,8,7,87.50%,-,-
Y60,RWD,UNITED LINCOLNSHIRE HOSPITALS NHS TRUST,C_300,General Medicine,159,114,71.70%,11.2,29.6
Y60,RWD,UNITED LINCOLNSHIRE HOSPITALS NHS TRUST,C_301,Gastroenterology,"2,670","2,092",78.40%,9.6,26.2
Y60,RWD,UNITED LINCOLNSHIRE HOSPITALS NHS TRUST,C_320,Cardiology,"1,835","1,539",83.90%,8.8,23.8
Y60,RWD,UNITED LINCOLNSHIRE HOSPITALS NHS TRUST,C_330,Dermatology,"2,698","2,308",85.50%,8.1,21.2
Y60,RWD,UNITED LINCOLNSHIRE HOSPITALS NHS TRUST,C_340,Thoracic Medicine,842,684,81.20%,9.1,26.4
Y60,RWD,UNITED LINCOLNSHIRE HOSPITALS NHS TRUST,C_400,Neurology,"1,328",754,56.80%,16,30.6
Y60,RWD,UNITED LINCOLNSHIRE HOSPITALS NHS TRUST,C_410,Rheumatology,"1,038",860,82.90%,9.1,24.2
Y60,RWD,UNITED LINCOLNSHIRE HOSPITALS NHS TRUST,C_430,Geriatric Medicine,245,217,88.60%,7.9,20.1
Y60,RWD,UNITED LINCOLNSHIRE HOSPITALS NHS TRUST,C_502,Gynaecology,"2,703","2,392",88.50%,7.5,20.3
Y60,RWD,UNITED LINCOLNSHIRE HOSPITALS NHS TRUST,X01,Other,"10,028","8,097",80.70%,8.9,24.5
Y60,RWE,UNIVERSITY HOSPITALS OF LEICESTER NHS TRUST,C_100,General Surgery,"4,003","2,834",70.80%,11.4,30.1
Y60,RWE,UNIVERSITY HOSPITALS OF LEICESTER NHS TRUST,C_101,Urology,"3,894","2,885",74.10%,9.7,31.7
Y60,RWE,UNIVERSITY HOSPITALS OF LEICESTER NHS TRUST,C_110,Trauma & Orthopaedics,"7,068","5,331",75.40%,10.1,28.6
Y60,RWE,UNIVERSITY HOSPITALS OF LEICESTER NHS TRUST,C_120,"Ear, Nose & Throat (ENT)","4,297","3,063",71.30%,10.8,31.3
Y60,RWE,UNIVERSITY HOSPITALS OF LEICESTER NHS TRUST,C_130,Ophthalmology,"7,640","6,851",89.70%,6.9,19.8
Y60,RWE,UNIVERSITY HOSPITALS OF LEICESTER NHS TRUST,C_140,Oral Surgery, -   , -   , -   ,-,-
Y60,RWE,UNIVERSITY HOSPITALS OF LEICESTER NHS TRUST,C_150,Neurosurgery,70,59,84.30%,12.3,28.4
Y60,RWE,UNIVERSITY HOSPITALS OF LEICESTER NHS TRUST,C_160,Plastic Surgery,935,797,85.20%,7.6,23.2
Y60,RWE,UNIVERSITY HOSPITALS OF LEICESTER NHS TRUST,C_170,Cardiothoracic Surgery,321,274,85.40%,7.3,22.7
Y60,RWE,UNIVERSITY HOSPITALS OF LEICESTER NHS TRUST,C_300,General Medicine,165,134,81.20%,8.4,34.2
Y60,RWE,UNIVERSITY HOSPITALS OF LEICESTER NHS TRUST,C_301,Gastroenterology,"3,676","3,283",89.30%,6.8,20.1
Y60,RWE,UNIVERSITY HOSPITALS OF LEICESTER NHS TRUST,C_320,Cardiology,"3,371","2,926",86.80%,7.7,21.7
Y60,RWE,UNIVERSITY HOSPITALS OF LEICESTER NHS TRUST,C_330,Dermatology,"2,764","2,585",93.50%,6,16.8
Y60,RWE,UNIVERSITY HOSPITALS OF LEICESTER NHS TRUST,C_340,Thoracic Medicine,"1,238","1,156",93.40%,6.3,17.3
Y60,RWE,UNIVERSITY HOSPITALS OF LEICESTER NHS TRUST,C_400,Neurology,"2,491","1,583",63.50%,14,30.3
Y60,RWE,UNIVERSITY HOSPITALS OF LEICESTER NHS TRUST,C_410,Rheumatology,"1,242","1,196",96.30%,8.1,15.7
Y60,RWE,UNIVERSITY HOSPITALS OF LEICESTER NHS TRUST,C_430,Geriatric Medicine,324,321,99.10%,4.1,11.4
Y60,RWE,UNIVERSITY HOSPITALS OF LEICESTER NHS TRUST,C_502,Gynaecology,"4,391","3,741",85.20%,7.7,22.6
Y60,RWE,UNIVERSITY HOSPITALS OF LEICESTER NHS TRUST,X01,Other,"18,734","15,635",83.50%,7.9,25.7
Y60,RWP,WORCESTERSHIRE ACUTE HOSPITALS NHS TRUST,C_100,General Surgery,"2,560","2,174",84.90%,9.1,21.9
Y60,RWP,WORCESTERSHIRE ACUTE HOSPITALS NHS TRUST,C_101,Urology,"2,628","2,200",83.70%,9.2,24.4
Y60,RWP,WORCESTERSHIRE ACUTE HOSPITALS NHS TRUST,C_110,Trauma & Orthopaedics,"3,290","2,647",80.50%,9.8,25.6
Y60,RWP,WORCESTERSHIRE ACUTE HOSPITALS NHS TRUST,C_120,"Ear, Nose & Throat (ENT)","2,480","2,241",90.40%,7.6,19.5
Y60,RWP,WORCESTERSHIRE ACUTE HOSPITALS NHS TRUST,C_130,Ophthalmology,"5,881","4,443",75.50%,10.7,27
Y60,RWP,WORCESTERSHIRE ACUTE HOSPITALS NHS TRUST,C_140,Oral Surgery,"2,509","1,337",53.30%,16.9,34.6
Y60,RWP,WORCESTERSHIRE ACUTE HOSPITALS NHS TRUST,C_150,Neurosurgery,10,9,90.00%,-,-
Y60,RWP,WORCESTERSHIRE ACUTE HOSPITALS NHS TRUST,C_160,Plastic Surgery,70,57,81.40%,8.6,20.9
Y60,RWP,WORCESTERSHIRE ACUTE HOSPITALS NHS TRUST,C_170,Cardiothoracic Surgery, -   , -   , -   ,-,-
Y60,RWP,WORCESTERSHIRE ACUTE HOSPITALS NHS TRUST,C_300,General Medicine,494,490,99.20%,8.7,16.3
Y60,RWP,WORCESTERSHIRE ACUTE HOSPITALS NHS TRUST,C_301,Gastroenterology,"2,057","1,889",91.80%,8.7,18.1
Y60,RWP,WORCESTERSHIRE ACUTE HOSPITALS NHS TRUST,C_320,Cardiology,"1,272","1,187",93.30%,6.8,17.4
Y60,RWP,WORCESTERSHIRE ACUTE HOSPITALS NHS TRUST,C_330,Dermatology,"1,840","1,518",82.50%,9.1,25.3
Y60,RWP,WORCESTERSHIRE ACUTE HOSPITALS NHS TRUST,C_340,Thoracic Medicine,"1,048",921,87.90%,8.5,20.7
Y60,RWP,WORCESTERSHIRE ACUTE HOSPITALS NHS TRUST,C_400,Neurology,740,663,89.60%,9.3,19.6
Y60,RWP,WORCESTERSHIRE ACUTE HOSPITALS NHS TRUST,C_410,Rheumatology,884,747,84.50%,9.8,20.6
Y60,RWP,WORCESTERSHIRE ACUTE HOSPITALS NHS TRUST,C_430,Geriatric Medicine,86,82,95.30%,8.1,16.6
Y60,RWP,WORCESTERSHIRE ACUTE HOSPITALS NHS TRUST,C_502,Gynaecology,"2,598","1,974",76.00%,10.5,27.5
Y60,RWP,WORCESTERSHIRE ACUTE HOSPITALS NHS TRUST,X01,Other,"6,487","5,618",86.60%,7.5,23.2
Y60,RX1,NOTTINGHAM UNIVERSITY HOSPITALS NHS TRUST,C_100,General Surgery,438,406,92.70%,6.8,17
Y60,RX1,NOTTINGHAM UNIVERSITY HOSPITALS NHS TRUST,C_101,Urology,"1,334","1,194",89.50%,5.3,21.3
Y60,RX1,NOTTINGHAM UNIVERSITY HOSPITALS NHS TRUST,C_110,Trauma & Orthopaedics,"3,513","3,026",86.10%,7.7,22.2
Y60,RX1,NOTTINGHAM UNIVERSITY HOSPITALS NHS TRUST,C_120,"Ear, Nose & Throat (ENT)","2,800","2,527",90.30%,7.2,19.6
Y60,RX1,NOTTINGHAM UNIVERSITY HOSPITALS NHS TRUST,C_130,Ophthalmology,"5,560","5,143",92.50%,6.9,17.7
Y60,RX1,NOTTINGHAM UNIVERSITY HOSPITALS NHS TRUST,C_140,Oral Surgery,"1,481","1,372",92.60%,8,17.5
Y60,RX1,NOTTINGHAM UNIVERSITY HOSPITALS NHS TRUST,C_150,Neurosurgery,565,520,92.00%,6.7,18
Y60,RX1,NOTTINGHAM UNIVERSITY HOSPITALS NHS TRUST,C_160,Plastic Surgery,420,401,95.50%,5.3,14.3
Y60,RX1,NOTTINGHAM UNIVERSITY HOSPITALS NHS TRUST,C_170,Cardiothoracic Surgery,167,155,92.80%,6.4,17.3
Y60,RX1,NOTTINGHAM UNIVERSITY HOSPITALS NHS TRUST,C_300,General Medicine, -   , -   , -   ,-,-
Y60,RX1,NOTTINGHAM UNIVERSITY HOSPITALS NHS TRUST,C_301,Gastroenterology,"1,466","1,239",84.50%,8.8,24.2
Y60,RX1,NOTTINGHAM UNIVERSITY HOSPITALS NHS TRUST,C_320,Cardiology,"1,651","1,545",93.60%,8.8,16.8
Y60,RX1,NOTTINGHAM UNIVERSITY HOSPITALS NHS TRUST,C_330,Dermatology, -   , -   , -   ,-,-
Y60,RX1,NOTTINGHAM UNIVERSITY HOSPITALS NHS TRUST,C_340,Thoracic Medicine,"1,083","1,059",97.80%,6.7,14.8
Y60,RX1,NOTTINGHAM UNIVERSITY HOSPITALS NHS TRUST,C_400,Neurology,"2,229","2,159",96.90%,6.7,14.9
Y60,RX1,NOTTINGHAM UNIVERSITY HOSPITALS NHS TRUST,C_410,Rheumatology, -   , -   , -   ,-,-
Y60,RX1,NOTTINGHAM UNIVERSITY HOSPITALS NHS TRUST,C_430,Geriatric Medicine,198,187,94.40%,6.1,17
Y60,RX1,NOTTINGHAM UNIVERSITY HOSPITALS NHS TRUST,C_502,Gynaecology,"1,053","1,025",97.30%,5.4,14.1
Y60,RX1,NOTTINGHAM UNIVERSITY HOSPITALS NHS TRUST,X01,Other,"9,196","8,557",93.10%,5.6,17
Y60,RXK,SANDWELL AND WEST BIRMINGHAM HOSPITALS NHS TRUST,C_100,General Surgery,"2,387","2,275",95.30%,4.8,15.5
Y60,RXK,SANDWELL AND WEST BIRMINGHAM HOSPITALS NHS TRUST,C_101,Urology,"1,623","1,531",94.30%,6.3,16.9
Y60,RXK,SANDWELL AND WEST BIRMINGHAM HOSPITALS NHS TRUST,C_110,Trauma & Orthopaedics,"3,209","2,970",92.60%,5.9,17.7
Y60,RXK,SANDWELL AND WEST BIRMINGHAM HOSPITALS NHS TRUST,C_120,"Ear, Nose & Throat (ENT)","3,014","2,819",93.50%,8.1,17.5
Y60,RXK,SANDWELL AND WEST BIRMINGHAM HOSPITALS NHS TRUST,C_130,Ophthalmology,"6,448","5,751",89.20%,6,20.6
Y60,RXK,SANDWELL AND WEST BIRMINGHAM HOSPITALS NHS TRUST,C_140,Oral Surgery,"1,427","1,094",76.70%,9.3,26.5
Y60,RXK,SANDWELL AND WEST BIRMINGHAM HOSPITALS NHS TRUST,C_150,Neurosurgery, -   , -   , -   ,-,-
Y60,RXK,SANDWELL AND WEST BIRMINGHAM HOSPITALS NHS TRUST,C_160,Plastic Surgery, -   , -   , -   ,-,-
Y60,RXK,SANDWELL AND WEST BIRMINGHAM HOSPITALS NHS TRUST,C_170,Cardiothoracic Surgery,13,13,100.00%,-,-
Y60,RXK,SANDWELL AND WEST BIRMINGHAM HOSPITALS NHS TRUST,C_300,General Medicine, -   , -   , -   ,-,-
Y60,RXK,SANDWELL AND WEST BIRMINGHAM HOSPITALS NHS TRUST,C_301,Gastroenterology,"1,976","1,807",91.40%,8.2,18.4
Y60,RXK,SANDWELL AND WEST BIRMINGHAM HOSPITALS NHS TRUST,C_320,Cardiology,"2,694","2,376",88.20%,8.9,20.1
Y60,RXK,SANDWELL AND WEST BIRMINGHAM HOSPITALS NHS TRUST,C_330,Dermatology,"2,376","2,206",92.80%,7.3,17.8
Y60,RXK,SANDWELL AND WEST BIRMINGHAM HOSPITALS NHS TRUST,C_340,Thoracic Medicine,"1,169","1,141",97.60%,7.1,14.6
Y60,RXK,SANDWELL AND WEST BIRMINGHAM HOSPITALS NHS TRUST,C_400,Neurology,"1,242","1,232",99.20%,7.4,15.8
Y60,RXK,SANDWELL AND WEST BIRMINGHAM HOSPITALS NHS TRUST,C_410,Rheumatology,"1,005",953,94.80%,6.9,17.2
Y60,RXK,SANDWELL AND WEST BIRMINGHAM HOSPITALS NHS TRUST,C_430,Geriatric Medicine,66,66,100.00%,4.5,10.7
Y60,RXK,SANDWELL AND WEST BIRMINGHAM HOSPITALS NHS TRUST,C_502,Gynaecology,"2,049","1,908",93.10%,6.8,17.4
Y60,RXK,SANDWELL AND WEST BIRMINGHAM HOSPITALS NHS TRUST,X01,Other,"8,936","8,324",93.20%,6.7,17.5
Y60,RXM,DERBYSHIRE HEALTHCARE NHS FOUNDATION TRUST,C_100,General Surgery, -   , -   , -   ,-,-
Y60,RXM,DERBYSHIRE HEALTHCARE NHS FOUNDATION TRUST,C_101,Urology, -   , -   , -   ,-,-
Y60,RXM,DERBYSHIRE HEALTHCARE NHS FOUNDATION TRUST,C_110,Trauma & Orthopaedics, -   , -   , -   ,-,-
Y60,RXM,DERBYSHIRE HEALTHCARE NHS FOUNDATION TRUST,C_120,"Ear, Nose & Throat (ENT)", -   , -   , -   ,-,-
Y60,RXM,DERBYSHIRE HEALTHCARE NHS FOUNDATION TRUST,C_130,Ophthalmology, -   , -   , -   ,-,-
Y60,RXM,DERBYSHIRE HEALTHCARE NHS FOUNDATION TRUST,C_140,Oral Surgery, -   , -   , -   ,-,-
Y60,RXM,DERBYSHIRE HEALTHCARE NHS FOUNDATION TRUST,C_150,Neurosurgery, -   , -   , -   ,-,-
Y60,RXM,DERBYSHIRE HEALTHCARE NHS FOUNDATION TRUST,C_160,Plastic Surgery, -   , -   , -   ,-,-
Y60,RXM,DERBYSHIRE HEALTHCARE NHS FOUNDATION TRUST,C_170,Cardiothoracic Surgery, -   , -   , -   ,-,-
Y60,RXM,DERBYSHIRE HEALTHCARE NHS FOUNDATION TRUST,C_300,General Medicine, -   , -   , -   ,-,-
Y60,RXM,DERBYSHIRE HEALTHCARE NHS FOUNDATION TRUST,C_301,Gastroenterology, -   , -   , -   ,-,-
Y60,RXM,DERBYSHIRE HEALTHCARE NHS FOUNDATION TRUST,C_320,Cardiology, -   , -   , -   ,-,-
Y60,RXM,DERBYSHIRE HEALTHCARE NHS FOUNDATION TRUST,C_330,Dermatology, -   , -   , -   ,-,-
Y60,RXM,DERBYSHIRE HEALTHCARE NHS FOUNDATION TRUST,C_340,Thoracic Medicine, -   , -   , -   ,-,-
Y60,RXM,DERBYSHIRE HEALTHCARE NHS FOUNDATION TRUST,C_400,Neurology, -   , -   , -   ,-,-
Y60,RXM,DERBYSHIRE HEALTHCARE NHS FOUNDATION TRUST,C_410,Rheumatology, -   , -   , -   ,-,-
Y60,RXM,DERBYSHIRE HEALTHCARE NHS FOUNDATION TRUST,C_430,Geriatric Medicine, -   , -   , -   ,-,-
Y60,RXM,DERBYSHIRE HEALTHCARE NHS FOUNDATION TRUST,C_502,Gynaecology, -   , -   , -   ,-,-
Y60,RXM,DERBYSHIRE HEALTHCARE NHS FOUNDATION TRUST,X01,Other,336,310,92.30%,6.5,17.1
Y60,RXW,SHREWSBURY AND TELFORD HOSPITAL NHS TRUST,C_100,General Surgery,"2,767","2,460",88.90%,5.8,20.4
Y60,RXW,SHREWSBURY AND TELFORD HOSPITAL NHS TRUST,C_101,Urology,"1,735","1,379",79.50%,8.2,28.6
Y60,RXW,SHREWSBURY AND TELFORD HOSPITAL NHS TRUST,C_110,Trauma & Orthopaedics,508,402,79.10%,9.2,23.6
Y60,RXW,SHREWSBURY AND TELFORD HOSPITAL NHS TRUST,C_120,"Ear, Nose & Throat (ENT)","2,583","2,277",88.20%,8.5,20.4
Y60,RXW,SHREWSBURY AND TELFORD HOSPITAL NHS TRUST,C_130,Ophthalmology,"2,530","2,341",92.50%,6.6,17.7
Y60,RXW,SHREWSBURY AND TELFORD HOSPITAL NHS TRUST,C_140,Oral Surgery,"1,771","1,147",64.80%,13.1,29.5
Y60,RXW,SHREWSBURY AND TELFORD HOSPITAL NHS TRUST,C_150,Neurosurgery, -   , -   , -   ,-,-
Y60,RXW,SHREWSBURY AND TELFORD HOSPITAL NHS TRUST,C_160,Plastic Surgery, -   , -   , -   ,-,-
Y60,RXW,SHREWSBURY AND TELFORD HOSPITAL NHS TRUST,C_170,Cardiothoracic Surgery,29,27,93.10%,4,14.7
Y60,RXW,SHREWSBURY AND TELFORD HOSPITAL NHS TRUST,C_300,General Medicine,695,644,92.70%,4.9,17.6
Y60,RXW,SHREWSBURY AND TELFORD HOSPITAL NHS TRUST,C_301,Gastroenterology,"1,303","1,237",94.90%,5.9,15.5
Y60,RXW,SHREWSBURY AND TELFORD HOSPITAL NHS TRUST,C_320,Cardiology,873,721,82.60%,7.3,23.5
Y60,RXW,SHREWSBURY AND TELFORD HOSPITAL NHS TRUST,C_330,Dermatology,859,787,91.60%,3.7,18.2
Y60,RXW,SHREWSBURY AND TELFORD HOSPITAL NHS TRUST,C_340,Thoracic Medicine,736,570,77.40%,10.9,25.3
Y60,RXW,SHREWSBURY AND TELFORD HOSPITAL NHS TRUST,C_400,Neurology,3,3,100.00%,-,-
Y60,RXW,SHREWSBURY AND TELFORD HOSPITAL NHS TRUST,C_410,Rheumatology, -   , -   , -   ,-,-
Y60,RXW,SHREWSBURY AND TELFORD HOSPITAL NHS TRUST,C_430,Geriatric Medicine,295,275,93.20%,6.8,17.1
Y60,RXW,SHREWSBURY AND TELFORD HOSPITAL NHS TRUST,C_502,Gynaecology,"1,487","1,337",89.90%,6.5,19.5
Y60,RXW,SHREWSBURY AND TELFORD HOSPITAL NHS TRUST,X01,Other,"1,022",930,91.00%,7.7,18.5
Y60,RY8,DERBYSHIRE COMMUNITY HEALTH SERVICES NHS FOUNDATION TRUST,C_100,General Surgery,305,293,96.10%,7.2,16.3
Y60,RY8,DERBYSHIRE COMMUNITY HEALTH SERVICES NHS FOUNDATION TRUST,C_101,Urology,82,71,86.60%,10.4,20.2
Y60,RY8,DERBYSHIRE COMMUNITY HEALTH SERVICES NHS FOUNDATION TRUST,C_110,Trauma & Orthopaedics,407,377,92.60%,7.8,17.6
Y60,RY8,DERBYSHIRE COMMUNITY HEALTH SERVICES NHS FOUNDATION TRUST,C_120,"Ear, Nose & Throat (ENT)",328,305,93.00%,7.3,17.2
Y60,RY8,DERBYSHIRE COMMUNITY HEALTH SERVICES NHS FOUNDATION TRUST,C_130,Ophthalmology,528,507,96.00%,7.6,16.2
Y60,RY8,DERBYSHIRE COMMUNITY HEALTH SERVICES NHS FOUNDATION TRUST,C_140,Oral Surgery, -   , -   , -   ,-,-
Y60,RY8,DERBYSHIRE COMMUNITY HEALTH SERVICES NHS FOUNDATION TRUST,C_150,Neurosurgery, -   , -   , -   ,-,-
Y60,RY8,DERBYSHIRE COMMUNITY HEALTH SERVICES NHS FOUNDATION TRUST,C_160,Plastic Surgery, -   , -   , -   ,-,-
Y60,RY8,DERBYSHIRE COMMUNITY HEALTH SERVICES NHS FOUNDATION TRUST,C_170,Cardiothoracic Surgery, -   , -   , -   ,-,-
Y60,RY8,DERBYSHIRE COMMUNITY HEALTH SERVICES NHS FOUNDATION TRUST,C_300,General Medicine, -   , -   , -   ,-,-
Y60,RY8,DERBYSHIRE COMMUNITY HEALTH SERVICES NHS FOUNDATION TRUST,C_301,Gastroenterology,89,82,92.10%,10,17.9
Y60,RY8,DERBYSHIRE COMMUNITY HEALTH SERVICES NHS FOUNDATION TRUST,C_320,Cardiology,128,107,83.60%,8.8,24.9
Y60,RY8,DERBYSHIRE COMMUNITY HEALTH SERVICES NHS FOUNDATION TRUST,C_330,Dermatology,272,263,96.70%,10.2,14.8
Y60,RY8,DERBYSHIRE COMMUNITY HEALTH SERVICES NHS FOUNDATION TRUST,C_340,Thoracic Medicine, -   , -   , -   ,-,-
Y60,RY8,DERBYSHIRE COMMUNITY HEALTH SERVICES NHS FOUNDATION TRUST,C_400,Neurology, -   , -   , -   ,-,-
Y60,RY8,DERBYSHIRE COMMUNITY HEALTH SERVICES NHS FOUNDATION TRUST,C_410,Rheumatology,64,46,71.90%,12.9,29.9
Y60,RY8,DERBYSHIRE COMMUNITY HEALTH SERVICES NHS FOUNDATION TRUST,C_430,Geriatric Medicine,43,43,100.00%,8.8,12.9
Y60,RY8,DERBYSHIRE COMMUNITY HEALTH SERVICES NHS FOUNDATION TRUST,C_502,Gynaecology,168,161,95.80%,6.8,15.5
Y60,RY8,DERBYSHIRE COMMUNITY HEALTH SERVICES NHS FOUNDATION TRUST,X01,Other,443,433,97.70%,7.9,15.7
Y60,RYG,COVENTRY AND WARWICKSHIRE PARTNERSHIP NHS TRUST,C_100,General Surgery,21,20,95.20%,2.8,15.3
Y60,RYG,COVENTRY AND WARWICKSHIRE PARTNERSHIP NHS TRUST,C_101,Urology, -   , -   , -   ,-,-
Y60,RYG,COVENTRY AND WARWICKSHIRE PARTNERSHIP NHS TRUST,C_110,Trauma & Orthopaedics, -   , -   , -   ,-,-
Y60,RYG,COVENTRY AND WARWICKSHIRE PARTNERSHIP NHS TRUST,C_120,"Ear, Nose & Throat (ENT)",159,157,98.70%,4,9.8
Y60,RYG,COVENTRY AND WARWICKSHIRE PARTNERSHIP NHS TRUST,C_130,Ophthalmology, -   , -   , -   ,-,-
Y60,RYG,COVENTRY AND WARWICKSHIRE PARTNERSHIP NHS TRUST,C_140,Oral Surgery, -   , -   , -   ,-,-
Y60,RYG,COVENTRY AND WARWICKSHIRE PARTNERSHIP NHS TRUST,C_150,Neurosurgery, -   , -   , -   ,-,-
Y60,RYG,COVENTRY AND WARWICKSHIRE PARTNERSHIP NHS TRUST,C_160,Plastic Surgery, -   , -   , -   ,-,-
Y60,RYG,COVENTRY AND WARWICKSHIRE PARTNERSHIP NHS TRUST,C_170,Cardiothoracic Surgery, -   , -   , -   ,-,-
Y60,RYG,COVENTRY AND WARWICKSHIRE PARTNERSHIP NHS TRUST,C_300,General Medicine, -   , -   , -   ,-,-
Y60,RYG,COVENTRY AND WARWICKSHIRE PARTNERSHIP NHS TRUST,C_301,Gastroenterology, -   , -   , -   ,-,-
Y60,RYG,COVENTRY AND WARWICKSHIRE PARTNERSHIP NHS TRUST,C_320,Cardiology, -   , -   , -   ,-,-
Y60,RYG,COVENTRY AND WARWICKSHIRE PARTNERSHIP NHS TRUST,C_330,Dermatology, -   , -   , -   ,-,-
Y60,RYG,COVENTRY AND WARWICKSHIRE PARTNERSHIP NHS TRUST,C_340,Thoracic Medicine, -   , -   , -   ,-,-
Y60,RYG,COVENTRY AND WARWICKSHIRE PARTNERSHIP NHS TRUST,C_400,Neurology, -   , -   , -   ,-,-
Y60,RYG,COVENTRY AND WARWICKSHIRE PARTNERSHIP NHS TRUST,C_410,Rheumatology, -   , -   , -   ,-,-
Y60,RYG,COVENTRY AND WARWICKSHIRE PARTNERSHIP NHS TRUST,C_430,Geriatric Medicine, -   , -   , -   ,-,-
Y60,RYG,COVENTRY AND WARWICKSHIRE PARTNERSHIP NHS TRUST,C_502,Gynaecology,178,174,97.80%,6.1,13.4
Y60,RYG,COVENTRY AND WARWICKSHIRE PARTNERSHIP NHS TRUST,X01,Other,286,283,99.00%,7.8,16.4
Y60,RYW,BIRMINGHAM COMMUNITY HEALTHCARE NHS FOUNDATION TRUST,C_100,General Surgery, -   , -   , -   ,-,-
Y60,RYW,BIRMINGHAM COMMUNITY HEALTHCARE NHS FOUNDATION TRUST,C_101,Urology, -   , -   , -   ,-,-
Y60,RYW,BIRMINGHAM COMMUNITY HEALTHCARE NHS FOUNDATION TRUST,C_110,Trauma & Orthopaedics,759,759,100.00%,1.7,5.6
Y60,RYW,BIRMINGHAM COMMUNITY HEALTHCARE NHS FOUNDATION TRUST,C_120,"Ear, Nose & Throat (ENT)", -   , -   , -   ,-,-
Y60,RYW,BIRMINGHAM COMMUNITY HEALTHCARE NHS FOUNDATION TRUST,C_130,Ophthalmology, -   , -   , -   ,-,-
Y60,RYW,BIRMINGHAM COMMUNITY HEALTHCARE NHS FOUNDATION TRUST,C_140,Oral Surgery,"4,883","4,604",94.30%,7.9,16.9
Y60,RYW,BIRMINGHAM COMMUNITY HEALTHCARE NHS FOUNDATION TRUST,C_150,Neurosurgery, -   , -   , -   ,-,-
Y60,RYW,BIRMINGHAM COMMUNITY HEALTHCARE NHS FOUNDATION TRUST,C_160,Plastic Surgery, -   , -   , -   ,-,-
Y60,RYW,BIRMINGHAM COMMUNITY HEALTHCARE NHS FOUNDATION TRUST,C_170,Cardiothoracic Surgery, -   , -   , -   ,-,-
Y60,RYW,BIRMINGHAM COMMUNITY HEALTHCARE NHS FOUNDATION TRUST,C_300,General Medicine, -   , -   , -   ,-,-
Y60,RYW,BIRMINGHAM COMMUNITY HEALTHCARE NHS FOUNDATION TRUST,C_301,Gastroenterology, -   , -   , -   ,-,-
Y60,RYW,BIRMINGHAM COMMUNITY HEALTHCARE NHS FOUNDATION TRUST,C_320,Cardiology, -   , -   , -   ,-,-
Y60,RYW,BIRMINGHAM COMMUNITY HEALTHCARE NHS FOUNDATION TRUST,C_330,Dermatology, -   , -   , -   ,-,-
Y60,RYW,BIRMINGHAM COMMUNITY HEALTHCARE NHS FOUNDATION TRUST,C_340,Thoracic Medicine, -   , -   , -   ,-,-
Y60,RYW,BIRMINGHAM COMMUNITY HEALTHCARE NHS FOUNDATION TRUST,C_400,Neurology, -   , -   , -   ,-,-
Y60,RYW,BIRMINGHAM COMMUNITY HEALTHCARE NHS FOUNDATION TRUST,C_410,Rheumatology, -   , -   , -   ,-,-
Y60,RYW,BIRMINGHAM COMMUNITY HEALTHCARE NHS FOUNDATION TRUST,C_430,Geriatric Medicine, -   , -   , -   ,-,-
Y60,RYW,BIRMINGHAM COMMUNITY HEALTHCARE NHS FOUNDATION TRUST,C_502,Gynaecology, -   , -   , -   ,-,-
Y60,RYW,BIRMINGHAM COMMUNITY HEALTHCARE NHS FOUNDATION TRUST,X01,Other,"5,926","5,364",90.50%,8,18.9
Y60,TAJ,BLACK COUNTRY PARTNERSHIP NHS FOUNDATION TRUST,C_100,General Surgery, -   , -   , -   ,-,-
Y60,TAJ,BLACK COUNTRY PARTNERSHIP NHS FOUNDATION TRUST,C_101,Urology, -   , -   , -   ,-,-
Y60,TAJ,BLACK COUNTRY PARTNERSHIP NHS FOUNDATION TRUST,C_110,Trauma & Orthopaedics, -   , -   , -   ,-,-
Y60,TAJ,BLACK COUNTRY PARTNERSHIP NHS FOUNDATION TRUST,C_120,"Ear, Nose & Throat (ENT)", -   , -   , -   ,-,-
Y60,TAJ,BLACK COUNTRY PARTNERSHIP NHS FOUNDATION TRUST,C_130,Ophthalmology, -   , -   , -   ,-,-
Y60,TAJ,BLACK COUNTRY PARTNERSHIP NHS FOUNDATION TRUST,C_140,Oral Surgery, -   , -   , -   ,-,-
Y60,TAJ,BLACK COUNTRY PARTNERSHIP NHS FOUNDATION TRUST,C_150,Neurosurgery, -   , -   , -   ,-,-
Y60,TAJ,BLACK COUNTRY PARTNERSHIP NHS FOUNDATION TRUST,C_160,Plastic Surgery, -   , -   , -   ,-,-
Y60,TAJ,BLACK COUNTRY PARTNERSHIP NHS FOUNDATION TRUST,C_170,Cardiothoracic Surgery, -   , -   , -   ,-,-
Y60,TAJ,BLACK COUNTRY PARTNERSHIP NHS FOUNDATION TRUST,C_300,General Medicine, -   , -   , -   ,-,-
Y60,TAJ,BLACK COUNTRY PARTNERSHIP NHS FOUNDATION TRUST,C_301,Gastroenterology, -   , -   , -   ,-,-
Y60,TAJ,BLACK COUNTRY PARTNERSHIP NHS FOUNDATION TRUST,C_320,Cardiology, -   , -   , -   ,-,-
Y60,TAJ,BLACK COUNTRY PARTNERSHIP NHS FOUNDATION TRUST,C_330,Dermatology, -   , -   , -   ,-,-
Y60,TAJ,BLACK COUNTRY PARTNERSHIP NHS FOUNDATION TRUST,C_340,Thoracic Medicine, -   , -   , -   ,-,-
Y60,TAJ,BLACK COUNTRY PARTNERSHIP NHS FOUNDATION TRUST,C_400,Neurology, -   , -   , -   ,-,-
Y60,TAJ,BLACK COUNTRY PARTNERSHIP NHS FOUNDATION TRUST,C_410,Rheumatology, -   , -   , -   ,-,-
Y60,TAJ,BLACK COUNTRY PARTNERSHIP NHS FOUNDATION TRUST,C_430,Geriatric Medicine, -   , -   , -   ,-,-
Y60,TAJ,BLACK COUNTRY PARTNERSHIP NHS FOUNDATION TRUST,C_502,Gynaecology, -   , -   , -   ,-,-
Y60,TAJ,BLACK COUNTRY PARTNERSHIP NHS FOUNDATION TRUST,X01,Other,64,61,95.30%,4.4,15.3
Y61,RAJ,SOUTHEND UNIVERSITY HOSPITAL NHS FOUNDATION TRUST,C_100,General Surgery,"2,332","1,478",63.40%,13.4,38.8
Y61,RAJ,SOUTHEND UNIVERSITY HOSPITAL NHS FOUNDATION TRUST,C_101,Urology,"2,278","1,336",58.60%,15,42
Y61,RAJ,SOUTHEND UNIVERSITY HOSPITAL NHS FOUNDATION TRUST,C_110,Trauma & Orthopaedics,"5,689","3,983",70.00%,10,35.9
Y61,RAJ,SOUTHEND UNIVERSITY HOSPITAL NHS FOUNDATION TRUST,C_120,"Ear, Nose & Throat (ENT)","2,824","2,184",77.30%,10.3,27.2
Y61,RAJ,SOUTHEND UNIVERSITY HOSPITAL NHS FOUNDATION TRUST,C_130,Ophthalmology,"5,986","4,703",78.60%,9.5,25.3
Y61,RAJ,SOUTHEND UNIVERSITY HOSPITAL NHS FOUNDATION TRUST,C_140,Oral Surgery,"1,118",799,71.50%,11.4,28.5
Y61,RAJ,SOUTHEND UNIVERSITY HOSPITAL NHS FOUNDATION TRUST,C_150,Neurosurgery,7,5,71.40%,-,-
Y61,RAJ,SOUTHEND UNIVERSITY HOSPITAL NHS FOUNDATION TRUST,C_160,Plastic Surgery, -   , -   , -   ,-,-
Y61,RAJ,SOUTHEND UNIVERSITY HOSPITAL NHS FOUNDATION TRUST,C_170,Cardiothoracic Surgery, -   , -   , -   ,-,-
Y61,RAJ,SOUTHEND UNIVERSITY HOSPITAL NHS FOUNDATION TRUST,C_300,General Medicine,"1,157",995,86.00%,8.1,22.5
Y61,RAJ,SOUTHEND UNIVERSITY HOSPITAL NHS FOUNDATION TRUST,C_301,Gastroenterology,952,824,86.60%,9.2,22.9
Y61,RAJ,SOUTHEND UNIVERSITY HOSPITAL NHS FOUNDATION TRUST,C_320,Cardiology,"1,888","1,713",90.70%,6.9,19
Y61,RAJ,SOUTHEND UNIVERSITY HOSPITAL NHS FOUNDATION TRUST,C_330,Dermatology, -   , -   , -   ,-,-
Y61,RAJ,SOUTHEND UNIVERSITY HOSPITAL NHS FOUNDATION TRUST,C_340,Thoracic Medicine,705,704,99.90%,5.4,13.3
Y61,RAJ,SOUTHEND UNIVERSITY HOSPITAL NHS FOUNDATION TRUST,C_400,Neurology,327,327,100.00%,4.1,9.9
Y61,RAJ,SOUTHEND UNIVERSITY HOSPITAL NHS FOUNDATION TRUST,C_410,Rheumatology,572,525,91.80%,8.1,18.2
Y61,RAJ,SOUTHEND UNIVERSITY HOSPITAL NHS FOUNDATION TRUST,C_430,Geriatric Medicine,94,88,93.60%,4.2,17.2
Y61,RAJ,SOUTHEND UNIVERSITY HOSPITAL NHS FOUNDATION TRUST,C_502,Gynaecology,"1,661","1,328",80.00%,8.9,24.4
Y61,RAJ,SOUTHEND UNIVERSITY HOSPITAL NHS FOUNDATION TRUST,X01,Other,"6,132","5,284",86.20%,6.7,22.8
Y61,RC1,BEDFORD HOSPITAL NHS TRUST,C_100,General Surgery,385,341,88.60%,7.1,19.8
Y61,RC1,BEDFORD HOSPITAL NHS TRUST,C_101,Urology,762,704,92.40%,5.2,17.6
Y61,RC1,BEDFORD HOSPITAL NHS TRUST,C_110,Trauma & Orthopaedics,"1,277",824,64.50%,12.6,33.1
Y61,RC1,BEDFORD HOSPITAL NHS TRUST,C_120,"Ear, Nose & Throat (ENT)","1,150","1,080",93.90%,7.3,16.2
Y61,RC1,BEDFORD HOSPITAL NHS TRUST,C_130,Ophthalmology,"2,096","2,001",95.50%,6.8,15.7
Y61,RC1,BEDFORD HOSPITAL NHS TRUST,C_140,Oral Surgery,"1,188",980,82.50%,8.5,26.1
Y61,RC1,BEDFORD HOSPITAL NHS TRUST,C_150,Neurosurgery, -   , -   , -   ,-,-
Y61,RC1,BEDFORD HOSPITAL NHS TRUST,C_160,Plastic Surgery,533,369,69.20%,8.9,31.3
Y61,RC1,BEDFORD HOSPITAL NHS TRUST,C_170,Cardiothoracic Surgery, -   , -   , -   ,-,-
Y61,RC1,BEDFORD HOSPITAL NHS TRUST,C_300,General Medicine,54,49,90.70%,4.5,20.7
Y61,RC1,BEDFORD HOSPITAL NHS TRUST,C_301,Gastroenterology,893,872,97.60%,4.6,13
Y61,RC1,BEDFORD HOSPITAL NHS TRUST,C_320,Cardiology,926,918,99.10%,4.9,11.9
Y61,RC1,BEDFORD HOSPITAL NHS TRUST,C_330,Dermatology,"2,025","1,531",75.60%,11.6,25.1
Y61,RC1,BEDFORD HOSPITAL NHS TRUST,C_340,Thoracic Medicine,291,285,97.90%,3.9,13.6
Y61,RC1,BEDFORD HOSPITAL NHS TRUST,C_400,Neurology,511,435,85.10%,8.2,23.7
Y61,RC1,BEDFORD HOSPITAL NHS TRUST,C_410,Rheumatology,284,278,97.90%,4.7,14.2
Y61,RC1,BEDFORD HOSPITAL NHS TRUST,C_430,Geriatric Medicine,112,107,95.50%,4.1,13.7
Y61,RC1,BEDFORD HOSPITAL NHS TRUST,C_502,Gynaecology,"1,063",970,91.30%,6.5,18.6
Y61,RC1,BEDFORD HOSPITAL NHS TRUST,X01,Other,"2,466","2,247",91.10%,5.3,18.9
Y61,RC9,LUTON AND DUNSTABLE UNIVERSITY HOSPITAL NHS FOUNDATION TRUST,C_100,General Surgery,"1,530","1,317",86.10%,7.5,22.3
Y61,RC9,LUTON AND DUNSTABLE UNIVERSITY HOSPITAL NHS FOUNDATION TRUST,C_101,Urology,"1,606","1,394",86.80%,8.5,21.3
Y61,RC9,LUTON AND DUNSTABLE UNIVERSITY HOSPITAL NHS FOUNDATION TRUST,C_110,Trauma & Orthopaedics,"1,418","1,298",91.50%,7.5,18.3
Y61,RC9,LUTON AND DUNSTABLE UNIVERSITY HOSPITAL NHS FOUNDATION TRUST,C_120,"Ear, Nose & Throat (ENT)","2,082","1,888",90.70%,6.6,19.2
Y61,RC9,LUTON AND DUNSTABLE UNIVERSITY HOSPITAL NHS FOUNDATION TRUST,C_130,Ophthalmology,"3,648","3,197",87.60%,8.5,19.9
Y61,RC9,LUTON AND DUNSTABLE UNIVERSITY HOSPITAL NHS FOUNDATION TRUST,C_140,Oral Surgery,"1,870","1,378",73.70%,11.7,28.5
Y61,RC9,LUTON AND DUNSTABLE UNIVERSITY HOSPITAL NHS FOUNDATION TRUST,C_150,Neurosurgery, -   , -   , -   ,-,-
Y61,RC9,LUTON AND DUNSTABLE UNIVERSITY HOSPITAL NHS FOUNDATION TRUST,C_160,Plastic Surgery,177,168,94.90%,6.4,16.5
Y61,RC9,LUTON AND DUNSTABLE UNIVERSITY HOSPITAL NHS FOUNDATION TRUST,C_170,Cardiothoracic Surgery, -   , -   , -   ,-,-
Y61,RC9,LUTON AND DUNSTABLE UNIVERSITY HOSPITAL NHS FOUNDATION TRUST,C_300,General Medicine,628,607,96.70%,5.6,15
Y61,RC9,LUTON AND DUNSTABLE UNIVERSITY HOSPITAL NHS FOUNDATION TRUST,C_301,Gastroenterology,920,898,97.60%,4.5,14.7
Y61,RC9,LUTON AND DUNSTABLE UNIVERSITY HOSPITAL NHS FOUNDATION TRUST,C_320,Cardiology,"1,730","1,490",86.10%,8.9,21.3
Y61,RC9,LUTON AND DUNSTABLE UNIVERSITY HOSPITAL NHS FOUNDATION TRUST,C_330,Dermatology,"1,595","1,509",94.60%,6.2,16.4
Y61,RC9,LUTON AND DUNSTABLE UNIVERSITY HOSPITAL NHS FOUNDATION TRUST,C_340,Thoracic Medicine,"1,156","1,019",88.10%,7.4,22
Y61,RC9,LUTON AND DUNSTABLE UNIVERSITY HOSPITAL NHS FOUNDATION TRUST,C_400,Neurology,901,744,82.60%,7.9,23.5
Y61,RC9,LUTON AND DUNSTABLE UNIVERSITY HOSPITAL NHS FOUNDATION TRUST,C_410,Rheumatology,456,456,100.00%,5.6,14
Y61,RC9,LUTON AND DUNSTABLE UNIVERSITY HOSPITAL NHS FOUNDATION TRUST,C_430,Geriatric Medicine,188,186,98.90%,7.6,16.2
Y61,RC9,LUTON AND DUNSTABLE UNIVERSITY HOSPITAL NHS FOUNDATION TRUST,C_502,Gynaecology,"2,240","2,103",93.90%,7.2,17.1
Y61,RC9,LUTON AND DUNSTABLE UNIVERSITY HOSPITAL NHS FOUNDATION TRUST,X01,Other,"5,945","5,493",92.40%,7.2,17.8
Y61,RCX,"THE QUEEN ELIZABETH HOSPITAL, KING'S LYNN, NHS FOUNDATION TRUST",C_100,General Surgery,810,700,86.40%,5,24.9
Y61,RCX,"THE QUEEN ELIZABETH HOSPITAL, KING'S LYNN, NHS FOUNDATION TRUST",C_101,Urology,"1,054",697,66.10%,12.3,32.4
Y61,RCX,"THE QUEEN ELIZABETH HOSPITAL, KING'S LYNN, NHS FOUNDATION TRUST",C_110,Trauma & Orthopaedics,"1,674","1,264",75.50%,9.7,27.3
Y61,RCX,"THE QUEEN ELIZABETH HOSPITAL, KING'S LYNN, NHS FOUNDATION TRUST",C_120,"Ear, Nose & Throat (ENT)","1,027",847,82.50%,8.6,23.8
Y61,RCX,"THE QUEEN ELIZABETH HOSPITAL, KING'S LYNN, NHS FOUNDATION TRUST",C_130,Ophthalmology,"1,692","1,276",75.40%,10.4,28.3
Y61,RCX,"THE QUEEN ELIZABETH HOSPITAL, KING'S LYNN, NHS FOUNDATION TRUST",C_140,Oral Surgery,847,588,69.40%,12.2,30.8
Y61,RCX,"THE QUEEN ELIZABETH HOSPITAL, KING'S LYNN, NHS FOUNDATION TRUST",C_150,Neurosurgery, -   , -   , -   ,-,-
Y61,RCX,"THE QUEEN ELIZABETH HOSPITAL, KING'S LYNN, NHS FOUNDATION TRUST",C_160,Plastic Surgery,109,97,89.00%,5.8,20.1
Y61,RCX,"THE QUEEN ELIZABETH HOSPITAL, KING'S LYNN, NHS FOUNDATION TRUST",C_170,Cardiothoracic Surgery,6,5,83.30%,-,-
Y61,RCX,"THE QUEEN ELIZABETH HOSPITAL, KING'S LYNN, NHS FOUNDATION TRUST",C_300,General Medicine,127,123,96.90%,2.2,12.9
Y61,RCX,"THE QUEEN ELIZABETH HOSPITAL, KING'S LYNN, NHS FOUNDATION TRUST",C_301,Gastroenterology,821,580,70.60%,12,26.3
Y61,RCX,"THE QUEEN ELIZABETH HOSPITAL, KING'S LYNN, NHS FOUNDATION TRUST",C_320,Cardiology,652,630,96.60%,8.1,16.6
Y61,RCX,"THE QUEEN ELIZABETH HOSPITAL, KING'S LYNN, NHS FOUNDATION TRUST",C_330,Dermatology,"1,083","1,062",98.10%,7,15.2
Y61,RCX,"THE QUEEN ELIZABETH HOSPITAL, KING'S LYNN, NHS FOUNDATION TRUST",C_340,Thoracic Medicine, -   , -   , -   ,-,-
Y61,RCX,"THE QUEEN ELIZABETH HOSPITAL, KING'S LYNN, NHS FOUNDATION TRUST",C_400,Neurology,484,430,88.80%,8.6,19.8
Y61,RCX,"THE QUEEN ELIZABETH HOSPITAL, KING'S LYNN, NHS FOUNDATION TRUST",C_410,Rheumatology,170,166,97.60%,6.9,14.4
Y61,RCX,"THE QUEEN ELIZABETH HOSPITAL, KING'S LYNN, NHS FOUNDATION TRUST",C_430,Geriatric Medicine,54,53,98.10%,4.6,14.8
Y61,RCX,"THE QUEEN ELIZABETH HOSPITAL, KING'S LYNN, NHS FOUNDATION TRUST",C_502,Gynaecology,"1,099",787,71.60%,10.6,29.1
Y61,RCX,"THE QUEEN ELIZABETH HOSPITAL, KING'S LYNN, NHS FOUNDATION TRUST",X01,Other,"2,366","1,902",80.40%,7.6,24.9
Y61,RD8,MILTON KEYNES UNIVERSITY HOSPITAL NHS FOUNDATION TRUST,C_100,General Surgery,"1,360",,,4.6,
Y61,RD8,MILTON KEYNES UNIVERSITY HOSPITAL NHS FOUNDATION TRUST,C_101,Urology,"1,217",,,8.6,
Y61,RD8,MILTON KEYNES UNIVERSITY HOSPITAL NHS FOUNDATION TRUST,C_110,Trauma & Orthopaedics,"1,585",,,9.8,
Y61,RD8,MILTON KEYNES UNIVERSITY HOSPITAL NHS FOUNDATION TRUST,C_120,"Ear, Nose & Throat (ENT)","1,087",,,12.5,
Y61,RD8,MILTON KEYNES UNIVERSITY HOSPITAL NHS FOUNDATION TRUST,C_130,Ophthalmology,"1,921",,,9,
Y61,RD8,MILTON KEYNES UNIVERSITY HOSPITAL NHS FOUNDATION TRUST,C_140,Oral Surgery,822,,,8.6,
Y61,RD8,MILTON KEYNES UNIVERSITY HOSPITAL NHS FOUNDATION TRUST,C_150,Neurosurgery, -   ,,,-,
Y61,RD8,MILTON KEYNES UNIVERSITY HOSPITAL NHS FOUNDATION TRUST,C_160,Plastic Surgery, -   ,,,-,
Y61,RD8,MILTON KEYNES UNIVERSITY HOSPITAL NHS FOUNDATION TRUST,C_170,Cardiothoracic Surgery, -   ,,,-,
Y61,RD8,MILTON KEYNES UNIVERSITY HOSPITAL NHS FOUNDATION TRUST,C_300,General Medicine,682,,,9.6,
Y61,RD8,MILTON KEYNES UNIVERSITY HOSPITAL NHS FOUNDATION TRUST,C_301,Gastroenterology,849,,,8.5,
Y61,RD8,MILTON KEYNES UNIVERSITY HOSPITAL NHS FOUNDATION TRUST,C_320,Cardiology,393,,,8.8,
Y61,RD8,MILTON KEYNES UNIVERSITY HOSPITAL NHS FOUNDATION TRUST,C_330,Dermatology,"1,106",,,4.9,
Y61,RD8,MILTON KEYNES UNIVERSITY HOSPITAL NHS FOUNDATION TRUST,C_340,Thoracic Medicine,491,,,9.3,
Y61,RD8,MILTON KEYNES UNIVERSITY HOSPITAL NHS FOUNDATION TRUST,C_400,Neurology,791,,,7.8,
Y61,RD8,MILTON KEYNES UNIVERSITY HOSPITAL NHS FOUNDATION TRUST,C_410,Rheumatology,306,,,8.5,
Y61,RD8,MILTON KEYNES UNIVERSITY HOSPITAL NHS FOUNDATION TRUST,C_430,Geriatric Medicine, -   ,,,-,
Y61,RD8,MILTON KEYNES UNIVERSITY HOSPITAL NHS FOUNDATION TRUST,C_502,Gynaecology,"1,050",,,9.9,
Y61,RD8,MILTON KEYNES UNIVERSITY HOSPITAL NHS FOUNDATION TRUST,X01,Other,886,,,8.3,
Y61,RDD,BASILDON AND THURROCK UNIVERSITY HOSPITALS NHS FOUNDATION TRUST,C_100,General Surgery,"2,820","2,038",72.30%,9.7,31.9
Y61,RDD,BASILDON AND THURROCK UNIVERSITY HOSPITALS NHS FOUNDATION TRUST,C_101,Urology,"1,578","1,055",66.90%,12.2,34
Y61,RDD,BASILDON AND THURROCK UNIVERSITY HOSPITALS NHS FOUNDATION TRUST,C_110,Trauma & Orthopaedics,"2,403","1,430",59.50%,14.8,36.9
Y61,RDD,BASILDON AND THURROCK UNIVERSITY HOSPITALS NHS FOUNDATION TRUST,C_120,"Ear, Nose & Throat (ENT)","3,305","2,153",65.10%,13.1,32.8
Y61,RDD,BASILDON AND THURROCK UNIVERSITY HOSPITALS NHS FOUNDATION TRUST,C_130,Ophthalmology, -   , -   , -   ,-,-
Y61,RDD,BASILDON AND THURROCK UNIVERSITY HOSPITALS NHS FOUNDATION TRUST,C_140,Oral Surgery,"1,152",804,69.80%,11.9,35.7
Y61,RDD,BASILDON AND THURROCK UNIVERSITY HOSPITALS NHS FOUNDATION TRUST,C_150,Neurosurgery, -   , -   , -   ,-,-
Y61,RDD,BASILDON AND THURROCK UNIVERSITY HOSPITALS NHS FOUNDATION TRUST,C_160,Plastic Surgery, -   , -   , -   ,-,-
Y61,RDD,BASILDON AND THURROCK UNIVERSITY HOSPITALS NHS FOUNDATION TRUST,C_170,Cardiothoracic Surgery,262,197,75.20%,9.5,27.5
Y61,RDD,BASILDON AND THURROCK UNIVERSITY HOSPITALS NHS FOUNDATION TRUST,C_300,General Medicine,319,173,54.20%,16.9,29.9
Y61,RDD,BASILDON AND THURROCK UNIVERSITY HOSPITALS NHS FOUNDATION TRUST,C_301,Gastroenterology,"1,777","1,172",66.00%,12.7,31
Y61,RDD,BASILDON AND THURROCK UNIVERSITY HOSPITALS NHS FOUNDATION TRUST,C_320,Cardiology,"2,906","2,299",79.10%,10.4,23.8
Y61,RDD,BASILDON AND THURROCK UNIVERSITY HOSPITALS NHS FOUNDATION TRUST,C_330,Dermatology,"6,155","3,668",59.60%,14.5,35.2
Y61,RDD,BASILDON AND THURROCK UNIVERSITY HOSPITALS NHS FOUNDATION TRUST,C_340,Thoracic Medicine,"1,847","1,209",65.50%,13.8,30.2
Y61,RDD,BASILDON AND THURROCK UNIVERSITY HOSPITALS NHS FOUNDATION TRUST,C_400,Neurology,"1,897","1,081",57.00%,15.6,35
Y61,RDD,BASILDON AND THURROCK UNIVERSITY HOSPITALS NHS FOUNDATION TRUST,C_410,Rheumatology,"1,172",769,65.60%,12.7,30.9
Y61,RDD,BASILDON AND THURROCK UNIVERSITY HOSPITALS NHS FOUNDATION TRUST,C_430,Geriatric Medicine,405,318,78.50%,9.5,23.7
Y61,RDD,BASILDON AND THURROCK UNIVERSITY HOSPITALS NHS FOUNDATION TRUST,C_502,Gynaecology,"2,485","1,861",74.90%,11,28.3
Y61,RDD,BASILDON AND THURROCK UNIVERSITY HOSPITALS NHS FOUNDATION TRUST,X01,Other,"3,339","2,425",72.60%,10.4,27.7
Y61,RDE,EAST SUFFOLK AND NORTH ESSEX NHS FOUNDATION TRUST,C_100,General Surgery,"5,789","4,828",83.40%,8.6,24.2
Y61,RDE,EAST SUFFOLK AND NORTH ESSEX NHS FOUNDATION TRUST,C_101,Urology,"5,063","3,246",64.10%,13.2,33.3
Y61,RDE,EAST SUFFOLK AND NORTH ESSEX NHS FOUNDATION TRUST,C_110,Trauma & Orthopaedics,"7,322","5,529",75.50%,10.5,28.5
Y61,RDE,EAST SUFFOLK AND NORTH ESSEX NHS FOUNDATION TRUST,C_120,"Ear, Nose & Throat (ENT)","3,793","3,531",93.10%,7,17.3
Y61,RDE,EAST SUFFOLK AND NORTH ESSEX NHS FOUNDATION TRUST,C_130,Ophthalmology,"5,909","5,076",85.90%,8,21.3
Y61,RDE,EAST SUFFOLK AND NORTH ESSEX NHS FOUNDATION TRUST,C_140,Oral Surgery,"2,169","1,783",82.20%,9.8,23.5
Y61,RDE,EAST SUFFOLK AND NORTH ESSEX NHS FOUNDATION TRUST,C_150,Neurosurgery, -   , -   , -   ,-,-
Y61,RDE,EAST SUFFOLK AND NORTH ESSEX NHS FOUNDATION TRUST,C_160,Plastic Surgery,308,249,80.80%,8.8,23.3
Y61,RDE,EAST SUFFOLK AND NORTH ESSEX NHS FOUNDATION TRUST,C_170,Cardiothoracic Surgery, -   , -   , -   ,-,-
Y61,RDE,EAST SUFFOLK AND NORTH ESSEX NHS FOUNDATION TRUST,C_300,General Medicine,263,233,88.60%,7.4,19.2
Y61,RDE,EAST SUFFOLK AND NORTH ESSEX NHS FOUNDATION TRUST,C_301,Gastroenterology,"2,687","2,466",91.80%,7.7,18.3
Y61,RDE,EAST SUFFOLK AND NORTH ESSEX NHS FOUNDATION TRUST,C_320,Cardiology,"2,363","2,107",89.20%,7.9,19.7
Y61,RDE,EAST SUFFOLK AND NORTH ESSEX NHS FOUNDATION TRUST,C_330,Dermatology,"7,161","5,741",80.20%,9.5,25.4
Y61,RDE,EAST SUFFOLK AND NORTH ESSEX NHS FOUNDATION TRUST,C_340,Thoracic Medicine,"1,126","1,004",89.20%,7.5,19
Y61,RDE,EAST SUFFOLK AND NORTH ESSEX NHS FOUNDATION TRUST,C_400,Neurology,"2,357","1,617",68.60%,12,27.1
Y61,RDE,EAST SUFFOLK AND NORTH ESSEX NHS FOUNDATION TRUST,C_410,Rheumatology,"1,538","1,192",77.50%,10,24.5
Y61,RDE,EAST SUFFOLK AND NORTH ESSEX NHS FOUNDATION TRUST,C_430,Geriatric Medicine,154,152,98.70%,3.6,13.8
Y61,RDE,EAST SUFFOLK AND NORTH ESSEX NHS FOUNDATION TRUST,C_502,Gynaecology,"3,594","3,027",84.20%,8.1,24.3
Y61,RDE,EAST SUFFOLK AND NORTH ESSEX NHS FOUNDATION TRUST,X01,Other,"4,877","4,625",94.80%,6.2,16.2
Y61,RGM,ROYAL PAPWORTH HOSPITAL NHS FOUNDATION TRUST,C_100,General Surgery, -   , -   , -   ,-,-
Y61,RGM,ROYAL PAPWORTH HOSPITAL NHS FOUNDATION TRUST,C_101,Urology, -   , -   , -   ,-,-
Y61,RGM,ROYAL PAPWORTH HOSPITAL NHS FOUNDATION TRUST,C_110,Trauma & Orthopaedics, -   , -   , -   ,-,-
Y61,RGM,ROYAL PAPWORTH HOSPITAL NHS FOUNDATION TRUST,C_120,"Ear, Nose & Throat (ENT)", -   , -   , -   ,-,-
Y61,RGM,ROYAL PAPWORTH HOSPITAL NHS FOUNDATION TRUST,C_130,Ophthalmology, -   , -   , -   ,-,-
Y61,RGM,ROYAL PAPWORTH HOSPITAL NHS FOUNDATION TRUST,C_140,Oral Surgery, -   , -   , -   ,-,-
Y61,RGM,ROYAL PAPWORTH HOSPITAL NHS FOUNDATION TRUST,C_150,Neurosurgery, -   , -   , -   ,-,-
Y61,RGM,ROYAL PAPWORTH HOSPITAL NHS FOUNDATION TRUST,C_160,Plastic Surgery, -   , -   , -   ,-,-
Y61,RGM,ROYAL PAPWORTH HOSPITAL NHS FOUNDATION TRUST,C_170,Cardiothoracic Surgery,609,475,78.00%,10.8,25.9
Y61,RGM,ROYAL PAPWORTH HOSPITAL NHS FOUNDATION TRUST,C_300,General Medicine, -   , -   , -   ,-,-
Y61,RGM,ROYAL PAPWORTH HOSPITAL NHS FOUNDATION TRUST,C_301,Gastroenterology, -   , -   , -   ,-,-
Y61,RGM,ROYAL PAPWORTH HOSPITAL NHS FOUNDATION TRUST,C_320,Cardiology,"1,095","1,055",96.30%,6.1,15.7
Y61,RGM,ROYAL PAPWORTH HOSPITAL NHS FOUNDATION TRUST,C_330,Dermatology, -   , -   , -   ,-,-
Y61,RGM,ROYAL PAPWORTH HOSPITAL NHS FOUNDATION TRUST,C_340,Thoracic Medicine,"1,945","1,779",91.50%,7.6,18.5
Y61,RGM,ROYAL PAPWORTH HOSPITAL NHS FOUNDATION TRUST,C_400,Neurology, -   , -   , -   ,-,-
Y61,RGM,ROYAL PAPWORTH HOSPITAL NHS FOUNDATION TRUST,C_410,Rheumatology, -   , -   , -   ,-,-
Y61,RGM,ROYAL PAPWORTH HOSPITAL NHS FOUNDATION TRUST,C_430,Geriatric Medicine, -   , -   , -   ,-,-
Y61,RGM,ROYAL PAPWORTH HOSPITAL NHS FOUNDATION TRUST,C_502,Gynaecology, -   , -   , -   ,-,-
Y61,RGM,ROYAL PAPWORTH HOSPITAL NHS FOUNDATION TRUST,X01,Other, -   , -   , -   ,-,-
Y61,RGP,JAMES PAGET UNIVERSITY HOSPITALS NHS FOUNDATION TRUST,C_100,General Surgery,"1,928","1,502",77.90%,9.5,26.9
Y61,RGP,JAMES PAGET UNIVERSITY HOSPITALS NHS FOUNDATION TRUST,C_101,Urology,962,797,82.80%,8.2,23.3
Y61,RGP,JAMES PAGET UNIVERSITY HOSPITALS NHS FOUNDATION TRUST,C_110,Trauma & Orthopaedics,"1,482","1,057",71.30%,12,28.2
Y61,RGP,JAMES PAGET UNIVERSITY HOSPITALS NHS FOUNDATION TRUST,C_120,"Ear, Nose & Throat (ENT)","1,243","1,027",82.60%,8.3,25.6
Y61,RGP,JAMES PAGET UNIVERSITY HOSPITALS NHS FOUNDATION TRUST,C_130,Ophthalmology,"2,637","1,829",69.40%,10.2,31.2
Y61,RGP,JAMES PAGET UNIVERSITY HOSPITALS NHS FOUNDATION TRUST,C_140,Oral Surgery,428,393,91.80%,6.1,18.2
Y61,RGP,JAMES PAGET UNIVERSITY HOSPITALS NHS FOUNDATION TRUST,C_150,Neurosurgery, -   , -   , -   ,-,-
Y61,RGP,JAMES PAGET UNIVERSITY HOSPITALS NHS FOUNDATION TRUST,C_160,Plastic Surgery,122,82,67.20%,12.2,30.1
Y61,RGP,JAMES PAGET UNIVERSITY HOSPITALS NHS FOUNDATION TRUST,C_170,Cardiothoracic Surgery, -   , -   , -   ,-,-
Y61,RGP,JAMES PAGET UNIVERSITY HOSPITALS NHS FOUNDATION TRUST,C_300,General Medicine,551,544,98.70%,4.8,12.5
Y61,RGP,JAMES PAGET UNIVERSITY HOSPITALS NHS FOUNDATION TRUST,C_301,Gastroenterology,132,125,94.70%,7,16.2
Y61,RGP,JAMES PAGET UNIVERSITY HOSPITALS NHS FOUNDATION TRUST,C_320,Cardiology,221,208,94.10%,7,16.5
Y61,RGP,JAMES PAGET UNIVERSITY HOSPITALS NHS FOUNDATION TRUST,C_330,Dermatology,"1,930","1,393",72.20%,11.3,27.6
Y61,RGP,JAMES PAGET UNIVERSITY HOSPITALS NHS FOUNDATION TRUST,C_340,Thoracic Medicine,256,255,99.60%,6.3,13.6
Y61,RGP,JAMES PAGET UNIVERSITY HOSPITALS NHS FOUNDATION TRUST,C_400,Neurology,558,485,86.90%,9,19.8
Y61,RGP,JAMES PAGET UNIVERSITY HOSPITALS NHS FOUNDATION TRUST,C_410,Rheumatology,299,293,98.00%,9.5,16.4
Y61,RGP,JAMES PAGET UNIVERSITY HOSPITALS NHS FOUNDATION TRUST,C_430,Geriatric Medicine, -   , -   , -   ,-,-
Y61,RGP,JAMES PAGET UNIVERSITY HOSPITALS NHS FOUNDATION TRUST,C_502,Gynaecology,"1,493","1,204",80.60%,9.2,25.7
Y61,RGP,JAMES PAGET UNIVERSITY HOSPITALS NHS FOUNDATION TRUST,X01,Other,"2,430","2,211",91.00%,5.7,19.2
Y61,RGR,WEST SUFFOLK NHS FOUNDATION TRUST,C_100,General Surgery,"3,541","2,805",79.20%,9,26.6
Y61,RGR,WEST SUFFOLK NHS FOUNDATION TRUST,C_101,Urology,"1,208","1,041",86.20%,7.6,21.8
Y61,RGR,WEST SUFFOLK NHS FOUNDATION TRUST,C_110,Trauma & Orthopaedics,"2,833","1,945",68.70%,11.6,32.2
Y61,RGR,WEST SUFFOLK NHS FOUNDATION TRUST,C_120,"Ear, Nose & Throat (ENT)","2,065","1,843",89.20%,7.1,19.6
Y61,RGR,WEST SUFFOLK NHS FOUNDATION TRUST,C_130,Ophthalmology,"2,321","1,732",74.60%,10.3,29.7
Y61,RGR,WEST SUFFOLK NHS FOUNDATION TRUST,C_140,Oral Surgery, -   , -   , -   ,-,-
Y61,RGR,WEST SUFFOLK NHS FOUNDATION TRUST,C_150,Neurosurgery, -   , -   , -   ,-,-
Y61,RGR,WEST SUFFOLK NHS FOUNDATION TRUST,C_160,Plastic Surgery,400,364,91.00%,8.3,19
Y61,RGR,WEST SUFFOLK NHS FOUNDATION TRUST,C_170,Cardiothoracic Surgery, -   , -   , -   ,-,-
Y61,RGR,WEST SUFFOLK NHS FOUNDATION TRUST,C_300,General Medicine,456,443,97.10%,5,14.4
Y61,RGR,WEST SUFFOLK NHS FOUNDATION TRUST,C_301,Gastroenterology,"1,266","1,075",84.90%,8.4,22.4
Y61,RGR,WEST SUFFOLK NHS FOUNDATION TRUST,C_320,Cardiology,758,671,88.50%,6.1,23.3
Y61,RGR,WEST SUFFOLK NHS FOUNDATION TRUST,C_330,Dermatology,"1,501","1,467",97.70%,5.5,13.9
Y61,RGR,WEST SUFFOLK NHS FOUNDATION TRUST,C_340,Thoracic Medicine,484,427,88.20%,6.9,20.3
Y61,RGR,WEST SUFFOLK NHS FOUNDATION TRUST,C_400,Neurology,553,530,95.80%,6.5,15.5
Y61,RGR,WEST SUFFOLK NHS FOUNDATION TRUST,C_410,Rheumatology,238,232,97.50%,2.6,13.5
Y61,RGR,WEST SUFFOLK NHS FOUNDATION TRUST,C_430,Geriatric Medicine,44,42,95.50%,6.5,15.5
Y61,RGR,WEST SUFFOLK NHS FOUNDATION TRUST,C_502,Gynaecology,"2,217","1,623",73.20%,10.6,31.1
Y61,RGR,WEST SUFFOLK NHS FOUNDATION TRUST,X01,Other,946,832,87.90%,8.4,20.8
Y61,RGT,CAMBRIDGE UNIVERSITY HOSPITALS NHS FOUNDATION TRUST,C_100,General Surgery,632,539,85.30%,7.3,22.5
Y61,RGT,CAMBRIDGE UNIVERSITY HOSPITALS NHS FOUNDATION TRUST,C_101,Urology,"1,524","1,249",82.00%,7.5,24.8
Y61,RGT,CAMBRIDGE UNIVERSITY HOSPITALS NHS FOUNDATION TRUST,C_110,Trauma & Orthopaedics,"2,307","1,789",77.50%,9.6,24.4
Y61,RGT,CAMBRIDGE UNIVERSITY HOSPITALS NHS FOUNDATION TRUST,C_120,"Ear, Nose & Throat (ENT)","2,066","1,530",74.10%,10,28.3
Y61,RGT,CAMBRIDGE UNIVERSITY HOSPITALS NHS FOUNDATION TRUST,C_130,Ophthalmology,"3,678","2,819",76.60%,10.6,25
Y61,RGT,CAMBRIDGE UNIVERSITY HOSPITALS NHS FOUNDATION TRUST,C_140,Oral Surgery,"1,170",926,79.10%,10.1,24.7
Y61,RGT,CAMBRIDGE UNIVERSITY HOSPITALS NHS FOUNDATION TRUST,C_150,Neurosurgery,"1,000",914,91.40%,6.3,18.5
Y61,RGT,CAMBRIDGE UNIVERSITY HOSPITALS NHS FOUNDATION TRUST,C_160,Plastic Surgery,912,768,84.20%,6.9,22.7
Y61,RGT,CAMBRIDGE UNIVERSITY HOSPITALS NHS FOUNDATION TRUST,C_170,Cardiothoracic Surgery, -   , -   , -   ,-,-
Y61,RGT,CAMBRIDGE UNIVERSITY HOSPITALS NHS FOUNDATION TRUST,C_300,General Medicine,104,103,99.00%,6.6,12.4
Y61,RGT,CAMBRIDGE UNIVERSITY HOSPITALS NHS FOUNDATION TRUST,C_301,Gastroenterology,"1,456","1,379",94.70%,6.1,15.9
Y61,RGT,CAMBRIDGE UNIVERSITY HOSPITALS NHS FOUNDATION TRUST,C_320,Cardiology,906,844,93.20%,7.7,17.3
Y61,RGT,CAMBRIDGE UNIVERSITY HOSPITALS NHS FOUNDATION TRUST,C_330,Dermatology,"2,630","2,251",85.60%,9,20.9
Y61,RGT,CAMBRIDGE UNIVERSITY HOSPITALS NHS FOUNDATION TRUST,C_340,Thoracic Medicine,426,408,95.80%,5.7,15.2
Y61,RGT,CAMBRIDGE UNIVERSITY HOSPITALS NHS FOUNDATION TRUST,C_400,Neurology,"1,070","1,025",95.80%,6.6,14.8
Y61,RGT,CAMBRIDGE UNIVERSITY HOSPITALS NHS FOUNDATION TRUST,C_410,Rheumatology,950,891,93.80%,6.2,16.8
Y61,RGT,CAMBRIDGE UNIVERSITY HOSPITALS NHS FOUNDATION TRUST,C_430,Geriatric Medicine,70,69,98.60%,4.5,10.4
Y61,RGT,CAMBRIDGE UNIVERSITY HOSPITALS NHS FOUNDATION TRUST,C_502,Gynaecology,"1,089","1,016",93.30%,5.7,17
Y61,RGT,CAMBRIDGE UNIVERSITY HOSPITALS NHS FOUNDATION TRUST,X01,Other,"11,654","10,331",88.60%,6.6,20.3
Y61,RM1,NORFOLK AND NORWICH UNIVERSITY HOSPITALS NHS FOUNDATION TRUST,C_100,General Surgery,"3,406","2,768",81.30%,6.8,28.2
Y61,RM1,NORFOLK AND NORWICH UNIVERSITY HOSPITALS NHS FOUNDATION TRUST,C_101,Urology,"2,377","1,889",79.50%,7.4,27.6
Y61,RM1,NORFOLK AND NORWICH UNIVERSITY HOSPITALS NHS FOUNDATION TRUST,C_110,Trauma & Orthopaedics,"5,912","3,909",66.10%,12.6,34.4
Y61,RM1,NORFOLK AND NORWICH UNIVERSITY HOSPITALS NHS FOUNDATION TRUST,C_120,"Ear, Nose & Throat (ENT)","3,026","2,649",87.50%,7.8,22.1
Y61,RM1,NORFOLK AND NORWICH UNIVERSITY HOSPITALS NHS FOUNDATION TRUST,C_130,Ophthalmology,"4,276","3,566",83.40%,7.3,23
Y61,RM1,NORFOLK AND NORWICH UNIVERSITY HOSPITALS NHS FOUNDATION TRUST,C_140,Oral Surgery,"1,330","1,114",83.80%,6.8,26.4
Y61,RM1,NORFOLK AND NORWICH UNIVERSITY HOSPITALS NHS FOUNDATION TRUST,C_150,Neurosurgery, -   , -   , -   ,-,-
Y61,RM1,NORFOLK AND NORWICH UNIVERSITY HOSPITALS NHS FOUNDATION TRUST,C_160,Plastic Surgery,"1,353",940,69.50%,11.8,31.6
Y61,RM1,NORFOLK AND NORWICH UNIVERSITY HOSPITALS NHS FOUNDATION TRUST,C_170,Cardiothoracic Surgery, -   , -   , -   ,-,-
Y61,RM1,NORFOLK AND NORWICH UNIVERSITY HOSPITALS NHS FOUNDATION TRUST,C_300,General Medicine, -   , -   , -   ,-,-
Y61,RM1,NORFOLK AND NORWICH UNIVERSITY HOSPITALS NHS FOUNDATION TRUST,C_301,Gastroenterology,"2,254","2,049",90.90%,4.9,18.6
Y61,RM1,NORFOLK AND NORWICH UNIVERSITY HOSPITALS NHS FOUNDATION TRUST,C_320,Cardiology,"2,012","1,748",86.90%,8,22
Y61,RM1,NORFOLK AND NORWICH UNIVERSITY HOSPITALS NHS FOUNDATION TRUST,C_330,Dermatology,"4,246","3,729",87.80%,8.6,20.8
Y61,RM1,NORFOLK AND NORWICH UNIVERSITY HOSPITALS NHS FOUNDATION TRUST,C_340,Thoracic Medicine,789,747,94.70%,8.1,16.5
Y61,RM1,NORFOLK AND NORWICH UNIVERSITY HOSPITALS NHS FOUNDATION TRUST,C_400,Neurology,"1,311","1,271",96.90%,5.7,13.4
Y61,RM1,NORFOLK AND NORWICH UNIVERSITY HOSPITALS NHS FOUNDATION TRUST,C_410,Rheumatology,966,932,96.50%,5.5,14.4
Y61,RM1,NORFOLK AND NORWICH UNIVERSITY HOSPITALS NHS FOUNDATION TRUST,C_430,Geriatric Medicine,56,55,98.20%,3.5,10.5
Y61,RM1,NORFOLK AND NORWICH UNIVERSITY HOSPITALS NHS FOUNDATION TRUST,C_502,Gynaecology,"3,397","2,418",71.20%,9.5,34.9
Y61,RM1,NORFOLK AND NORWICH UNIVERSITY HOSPITALS NHS FOUNDATION TRUST,X01,Other,"8,901","7,224",81.20%,8.6,24.8
Y61,RQW,THE PRINCESS ALEXANDRA HOSPITAL NHS TRUST,C_100,General Surgery,"2,130","1,944",91.30%,7.9,18.8
Y61,RQW,THE PRINCESS ALEXANDRA HOSPITAL NHS TRUST,C_101,Urology,940,911,96.90%,6.4,16.2
Y61,RQW,THE PRINCESS ALEXANDRA HOSPITAL NHS TRUST,C_110,Trauma & Orthopaedics,"2,476","1,965",79.40%,10.3,27.6
Y61,RQW,THE PRINCESS ALEXANDRA HOSPITAL NHS TRUST,C_120,"Ear, Nose & Throat (ENT)","1,364","1,249",91.60%,7.2,18.5
Y61,RQW,THE PRINCESS ALEXANDRA HOSPITAL NHS TRUST,C_130,Ophthalmology,"1,232","1,138",92.40%,6.5,17.8
Y61,RQW,THE PRINCESS ALEXANDRA HOSPITAL NHS TRUST,C_140,Oral Surgery,542,523,96.50%,6.1,15.8
Y61,RQW,THE PRINCESS ALEXANDRA HOSPITAL NHS TRUST,C_150,Neurosurgery, -   , -   , -   ,-,-
Y61,RQW,THE PRINCESS ALEXANDRA HOSPITAL NHS TRUST,C_160,Plastic Surgery, -   , -   , -   ,-,-
Y61,RQW,THE PRINCESS ALEXANDRA HOSPITAL NHS TRUST,C_170,Cardiothoracic Surgery, -   , -   , -   ,-,-
Y61,RQW,THE PRINCESS ALEXANDRA HOSPITAL NHS TRUST,C_300,General Medicine,222,194,87.40%,10.7,20.4
Y61,RQW,THE PRINCESS ALEXANDRA HOSPITAL NHS TRUST,C_301,Gastroenterology,"1,006",887,88.20%,10.5,20
Y61,RQW,THE PRINCESS ALEXANDRA HOSPITAL NHS TRUST,C_320,Cardiology,"1,315","1,223",93.00%,7.6,17.6
Y61,RQW,THE PRINCESS ALEXANDRA HOSPITAL NHS TRUST,C_330,Dermatology,"1,418","1,282",90.40%,8.5,19.2
Y61,RQW,THE PRINCESS ALEXANDRA HOSPITAL NHS TRUST,C_340,Thoracic Medicine,291,290,99.70%,4.2,14.1
Y61,RQW,THE PRINCESS ALEXANDRA HOSPITAL NHS TRUST,C_400,Neurology,317,290,91.50%,9.4,18.3
Y61,RQW,THE PRINCESS ALEXANDRA HOSPITAL NHS TRUST,C_410,Rheumatology,445,414,93.00%,6.1,16.8
Y61,RQW,THE PRINCESS ALEXANDRA HOSPITAL NHS TRUST,C_430,Geriatric Medicine,21,21,100.00%,4,17.4
Y61,RQW,THE PRINCESS ALEXANDRA HOSPITAL NHS TRUST,C_502,Gynaecology,"1,044",982,94.10%,5.7,17.3
Y61,RQW,THE PRINCESS ALEXANDRA HOSPITAL NHS TRUST,X01,Other,"1,773","1,745",98.40%,5.6,15.4
Y61,RT1,CAMBRIDGESHIRE AND PETERBOROUGH NHS FOUNDATION TRUST,C_100,General Surgery, -   , -   , -   ,-,-
Y61,RT1,CAMBRIDGESHIRE AND PETERBOROUGH NHS FOUNDATION TRUST,C_101,Urology, -   , -   , -   ,-,-
Y61,RT1,CAMBRIDGESHIRE AND PETERBOROUGH NHS FOUNDATION TRUST,C_110,Trauma & Orthopaedics, -   , -   , -   ,-,-
Y61,RT1,CAMBRIDGESHIRE AND PETERBOROUGH NHS FOUNDATION TRUST,C_120,"Ear, Nose & Throat (ENT)", -   , -   , -   ,-,-
Y61,RT1,CAMBRIDGESHIRE AND PETERBOROUGH NHS FOUNDATION TRUST,C_130,Ophthalmology, -   , -   , -   ,-,-
Y61,RT1,CAMBRIDGESHIRE AND PETERBOROUGH NHS FOUNDATION TRUST,C_140,Oral Surgery, -   , -   , -   ,-,-
Y61,RT1,CAMBRIDGESHIRE AND PETERBOROUGH NHS FOUNDATION TRUST,C_150,Neurosurgery, -   , -   , -   ,-,-
Y61,RT1,CAMBRIDGESHIRE AND PETERBOROUGH NHS FOUNDATION TRUST,C_160,Plastic Surgery, -   , -   , -   ,-,-
Y61,RT1,CAMBRIDGESHIRE AND PETERBOROUGH NHS FOUNDATION TRUST,C_170,Cardiothoracic Surgery, -   , -   , -   ,-,-
Y61,RT1,CAMBRIDGESHIRE AND PETERBOROUGH NHS FOUNDATION TRUST,C_300,General Medicine, -   , -   , -   ,-,-
Y61,RT1,CAMBRIDGESHIRE AND PETERBOROUGH NHS FOUNDATION TRUST,C_301,Gastroenterology, -   , -   , -   ,-,-
Y61,RT1,CAMBRIDGESHIRE AND PETERBOROUGH NHS FOUNDATION TRUST,C_320,Cardiology, -   , -   , -   ,-,-
Y61,RT1,CAMBRIDGESHIRE AND PETERBOROUGH NHS FOUNDATION TRUST,C_330,Dermatology, -   , -   , -   ,-,-
Y61,RT1,CAMBRIDGESHIRE AND PETERBOROUGH NHS FOUNDATION TRUST,C_340,Thoracic Medicine, -   , -   , -   ,-,-
Y61,RT1,CAMBRIDGESHIRE AND PETERBOROUGH NHS FOUNDATION TRUST,C_400,Neurology, -   , -   , -   ,-,-
Y61,RT1,CAMBRIDGESHIRE AND PETERBOROUGH NHS FOUNDATION TRUST,C_410,Rheumatology, -   , -   , -   ,-,-
Y61,RT1,CAMBRIDGESHIRE AND PETERBOROUGH NHS FOUNDATION TRUST,C_430,Geriatric Medicine, -   , -   , -   ,-,-
Y61,RT1,CAMBRIDGESHIRE AND PETERBOROUGH NHS FOUNDATION TRUST,C_502,Gynaecology, -   , -   , -   ,-,-
Y61,RT1,CAMBRIDGESHIRE AND PETERBOROUGH NHS FOUNDATION TRUST,X01,Other,20,20,100.00%,11.2,15.4
Y61,RWG,WEST HERTFORDSHIRE HOSPITALS NHS TRUST,C_100,General Surgery,"1,640","1,392",84.90%,7.7,24.6
Y61,RWG,WEST HERTFORDSHIRE HOSPITALS NHS TRUST,C_101,Urology,"1,885","1,387",73.60%,10.4,31.7
Y61,RWG,WEST HERTFORDSHIRE HOSPITALS NHS TRUST,C_110,Trauma & Orthopaedics,"2,158","1,754",81.30%,7.5,24.4
Y61,RWG,WEST HERTFORDSHIRE HOSPITALS NHS TRUST,C_120,"Ear, Nose & Throat (ENT)","1,885","1,428",75.80%,9.5,30.5
Y61,RWG,WEST HERTFORDSHIRE HOSPITALS NHS TRUST,C_130,Ophthalmology,"1,635","1,324",81.00%,6.6,27.3
Y61,RWG,WEST HERTFORDSHIRE HOSPITALS NHS TRUST,C_140,Oral Surgery,"1,427","1,065",74.60%,8.6,33.3
Y61,RWG,WEST HERTFORDSHIRE HOSPITALS NHS TRUST,C_150,Neurosurgery, -   , -   , -   ,-,-
Y61,RWG,WEST HERTFORDSHIRE HOSPITALS NHS TRUST,C_160,Plastic Surgery, -   , -   , -   ,-,-
Y61,RWG,WEST HERTFORDSHIRE HOSPITALS NHS TRUST,C_170,Cardiothoracic Surgery, -   , -   , -   ,-,-
Y61,RWG,WEST HERTFORDSHIRE HOSPITALS NHS TRUST,C_300,General Medicine,7,7,100.00%,-,-
Y61,RWG,WEST HERTFORDSHIRE HOSPITALS NHS TRUST,C_301,Gastroenterology,"1,646","1,539",93.50%,7.2,16.8
Y61,RWG,WEST HERTFORDSHIRE HOSPITALS NHS TRUST,C_320,Cardiology,"1,411","1,339",94.90%,5.8,16.3
Y61,RWG,WEST HERTFORDSHIRE HOSPITALS NHS TRUST,C_330,Dermatology,"1,866","1,809",96.90%,6.6,15.4
Y61,RWG,WEST HERTFORDSHIRE HOSPITALS NHS TRUST,C_340,Thoracic Medicine,429,412,96.00%,2.9,13.5
Y61,RWG,WEST HERTFORDSHIRE HOSPITALS NHS TRUST,C_400,Neurology,"1,115","1,027",92.10%,7.5,17.9
Y61,RWG,WEST HERTFORDSHIRE HOSPITALS NHS TRUST,C_410,Rheumatology,497,459,92.40%,6.1,17.6
Y61,RWG,WEST HERTFORDSHIRE HOSPITALS NHS TRUST,C_430,Geriatric Medicine,108,100,92.60%,6.4,16.8
Y61,RWG,WEST HERTFORDSHIRE HOSPITALS NHS TRUST,C_502,Gynaecology,864,844,97.70%,4.6,13.5
Y61,RWG,WEST HERTFORDSHIRE HOSPITALS NHS TRUST,X01,Other,"4,165","3,633",87.20%,6.9,21.7
Y61,RWH,EAST AND NORTH HERTFORDSHIRE NHS TRUST,C_100,General Surgery,"2,794","2,452",87.80%,8,21.6
Y61,RWH,EAST AND NORTH HERTFORDSHIRE NHS TRUST,C_101,Urology,"2,130","1,891",88.80%,7.9,21.2
Y61,RWH,EAST AND NORTH HERTFORDSHIRE NHS TRUST,C_110,Trauma & Orthopaedics,"3,316","2,640",79.60%,10.3,29.6
Y61,RWH,EAST AND NORTH HERTFORDSHIRE NHS TRUST,C_120,"Ear, Nose & Throat (ENT)","2,833","2,589",91.40%,8.6,18.6
Y61,RWH,EAST AND NORTH HERTFORDSHIRE NHS TRUST,C_130,Ophthalmology,"4,028","3,705",92.00%,8.2,18
Y61,RWH,EAST AND NORTH HERTFORDSHIRE NHS TRUST,C_140,Oral Surgery,"2,578","1,766",68.50%,12.7,28.6
Y61,RWH,EAST AND NORTH HERTFORDSHIRE NHS TRUST,C_150,Neurosurgery, -   , -   , -   ,-,-
Y61,RWH,EAST AND NORTH HERTFORDSHIRE NHS TRUST,C_160,Plastic Surgery,"1,678","1,596",95.10%,6,15.7
Y61,RWH,EAST AND NORTH HERTFORDSHIRE NHS TRUST,C_170,Cardiothoracic Surgery,32,31,96.90%,6.4,15.4
Y61,RWH,EAST AND NORTH HERTFORDSHIRE NHS TRUST,C_300,General Medicine,"1,161","1,158",99.70%,7.3,14
Y61,RWH,EAST AND NORTH HERTFORDSHIRE NHS TRUST,C_301,Gastroenterology,"3,285","2,549",77.60%,10.4,27.7
Y61,RWH,EAST AND NORTH HERTFORDSHIRE NHS TRUST,C_320,Cardiology,"2,701","2,145",79.40%,10.8,23.1
Y61,RWH,EAST AND NORTH HERTFORDSHIRE NHS TRUST,C_330,Dermatology,"1,137",977,85.90%,7.8,23.3
Y61,RWH,EAST AND NORTH HERTFORDSHIRE NHS TRUST,C_340,Thoracic Medicine,"1,285","1,135",88.30%,7.8,21.6
Y61,RWH,EAST AND NORTH HERTFORDSHIRE NHS TRUST,C_400,Neurology,"1,387","1,281",92.40%,7.5,17.9
Y61,RWH,EAST AND NORTH HERTFORDSHIRE NHS TRUST,C_410,Rheumatology,"1,123",890,79.30%,10.9,26.1
Y61,RWH,EAST AND NORTH HERTFORDSHIRE NHS TRUST,C_430,Geriatric Medicine,131,129,98.50%,5.6,13.8
Y61,RWH,EAST AND NORTH HERTFORDSHIRE NHS TRUST,C_502,Gynaecology,"2,985","2,672",89.50%,7.7,20.8
Y61,RWH,EAST AND NORTH HERTFORDSHIRE NHS TRUST,X01,Other,"9,758","7,888",80.80%,9.4,28
Y61,RY3,NORFOLK COMMUNITY HEALTH AND CARE NHS TRUST,C_100,General Surgery, -   , -   , -   ,-,-
Y61,RY3,NORFOLK COMMUNITY HEALTH AND CARE NHS TRUST,C_101,Urology, -   , -   , -   ,-,-
Y61,RY3,NORFOLK COMMUNITY HEALTH AND CARE NHS TRUST,C_110,Trauma & Orthopaedics,560,547,97.70%,2.6,10.6
Y61,RY3,NORFOLK COMMUNITY HEALTH AND CARE NHS TRUST,C_120,"Ear, Nose & Throat (ENT)", -   , -   , -   ,-,-
Y61,RY3,NORFOLK COMMUNITY HEALTH AND CARE NHS TRUST,C_130,Ophthalmology, -   , -   , -   ,-,-
Y61,RY3,NORFOLK COMMUNITY HEALTH AND CARE NHS TRUST,C_140,Oral Surgery, -   , -   , -   ,-,-
Y61,RY3,NORFOLK COMMUNITY HEALTH AND CARE NHS TRUST,C_150,Neurosurgery, -   , -   , -   ,-,-
Y61,RY3,NORFOLK COMMUNITY HEALTH AND CARE NHS TRUST,C_160,Plastic Surgery, -   , -   , -   ,-,-
Y61,RY3,NORFOLK COMMUNITY HEALTH AND CARE NHS TRUST,C_170,Cardiothoracic Surgery, -   , -   , -   ,-,-
Y61,RY3,NORFOLK COMMUNITY HEALTH AND CARE NHS TRUST,C_300,General Medicine, -   , -   , -   ,-,-
Y61,RY3,NORFOLK COMMUNITY HEALTH AND CARE NHS TRUST,C_301,Gastroenterology, -   , -   , -   ,-,-
Y61,RY3,NORFOLK COMMUNITY HEALTH AND CARE NHS TRUST,C_320,Cardiology, -   , -   , -   ,-,-
Y61,RY3,NORFOLK COMMUNITY HEALTH AND CARE NHS TRUST,C_330,Dermatology, -   , -   , -   ,-,-
Y61,RY3,NORFOLK COMMUNITY HEALTH AND CARE NHS TRUST,C_340,Thoracic Medicine, -   , -   , -   ,-,-
Y61,RY3,NORFOLK COMMUNITY HEALTH AND CARE NHS TRUST,C_400,Neurology, -   , -   , -   ,-,-
Y61,RY3,NORFOLK COMMUNITY HEALTH AND CARE NHS TRUST,C_410,Rheumatology, -   , -   , -   ,-,-
Y61,RY3,NORFOLK COMMUNITY HEALTH AND CARE NHS TRUST,C_430,Geriatric Medicine, -   , -   , -   ,-,-
Y61,RY3,NORFOLK COMMUNITY HEALTH AND CARE NHS TRUST,C_502,Gynaecology, -   , -   , -   ,-,-
Y61,RY3,NORFOLK COMMUNITY HEALTH AND CARE NHS TRUST,X01,Other,226,224,99.10%,8.9,14.8
Y61,RY4,HERTFORDSHIRE COMMUNITY NHS TRUST,C_100,General Surgery, -   , -   , -   ,-,-
Y61,RY4,HERTFORDSHIRE COMMUNITY NHS TRUST,C_101,Urology, -   , -   , -   ,-,-
Y61,RY4,HERTFORDSHIRE COMMUNITY NHS TRUST,C_110,Trauma & Orthopaedics, -   , -   , -   ,-,-
Y61,RY4,HERTFORDSHIRE COMMUNITY NHS TRUST,C_120,"Ear, Nose & Throat (ENT)", -   , -   , -   ,-,-
Y61,RY4,HERTFORDSHIRE COMMUNITY NHS TRUST,C_130,Ophthalmology, -   , -   , -   ,-,-
Y61,RY4,HERTFORDSHIRE COMMUNITY NHS TRUST,C_140,Oral Surgery, -   , -   , -   ,-,-
Y61,RY4,HERTFORDSHIRE COMMUNITY NHS TRUST,C_150,Neurosurgery, -   , -   , -   ,-,-
Y61,RY4,HERTFORDSHIRE COMMUNITY NHS TRUST,C_160,Plastic Surgery, -   , -   , -   ,-,-
Y61,RY4,HERTFORDSHIRE COMMUNITY NHS TRUST,C_170,Cardiothoracic Surgery, -   , -   , -   ,-,-
Y61,RY4,HERTFORDSHIRE COMMUNITY NHS TRUST,C_300,General Medicine, -   , -   , -   ,-,-
Y61,RY4,HERTFORDSHIRE COMMUNITY NHS TRUST,C_301,Gastroenterology, -   , -   , -   ,-,-
Y61,RY4,HERTFORDSHIRE COMMUNITY NHS TRUST,C_320,Cardiology, -   , -   , -   ,-,-
Y61,RY4,HERTFORDSHIRE COMMUNITY NHS TRUST,C_330,Dermatology, -   , -   , -   ,-,-
Y61,RY4,HERTFORDSHIRE COMMUNITY NHS TRUST,C_340,Thoracic Medicine, -   , -   , -   ,-,-
Y61,RY4,HERTFORDSHIRE COMMUNITY NHS TRUST,C_400,Neurology, -   , -   , -   ,-,-
Y61,RY4,HERTFORDSHIRE COMMUNITY NHS TRUST,C_410,Rheumatology, -   , -   , -   ,-,-
Y61,RY4,HERTFORDSHIRE COMMUNITY NHS TRUST,C_430,Geriatric Medicine, -   , -   , -   ,-,-
Y61,RY4,HERTFORDSHIRE COMMUNITY NHS TRUST,C_502,Gynaecology, -   , -   , -   ,-,-
Y61,RY4,HERTFORDSHIRE COMMUNITY NHS TRUST,X01,Other,"2,587","2,380",92.00%,8.1,18
Y61,RYV,CAMBRIDGESHIRE COMMUNITY SERVICES NHS TRUST,C_100,General Surgery, -   , -   , -   ,-,-
Y61,RYV,CAMBRIDGESHIRE COMMUNITY SERVICES NHS TRUST,C_101,Urology, -   , -   , -   ,-,-
Y61,RYV,CAMBRIDGESHIRE COMMUNITY SERVICES NHS TRUST,C_110,Trauma & Orthopaedics, -   , -   , -   ,-,-
Y61,RYV,CAMBRIDGESHIRE COMMUNITY SERVICES NHS TRUST,C_120,"Ear, Nose & Throat (ENT)", -   , -   , -   ,-,-
Y61,RYV,CAMBRIDGESHIRE COMMUNITY SERVICES NHS TRUST,C_130,Ophthalmology, -   , -   , -   ,-,-
Y61,RYV,CAMBRIDGESHIRE COMMUNITY SERVICES NHS TRUST,C_140,Oral Surgery,744,743,99.90%,3.3,11
Y61,RYV,CAMBRIDGESHIRE COMMUNITY SERVICES NHS TRUST,C_150,Neurosurgery, -   , -   , -   ,-,-
Y61,RYV,CAMBRIDGESHIRE COMMUNITY SERVICES NHS TRUST,C_160,Plastic Surgery, -   , -   , -   ,-,-
Y61,RYV,CAMBRIDGESHIRE COMMUNITY SERVICES NHS TRUST,C_170,Cardiothoracic Surgery, -   , -   , -   ,-,-
Y61,RYV,CAMBRIDGESHIRE COMMUNITY SERVICES NHS TRUST,C_300,General Medicine, -   , -   , -   ,-,-
Y61,RYV,CAMBRIDGESHIRE COMMUNITY SERVICES NHS TRUST,C_301,Gastroenterology, -   , -   , -   ,-,-
Y61,RYV,CAMBRIDGESHIRE COMMUNITY SERVICES NHS TRUST,C_320,Cardiology, -   , -   , -   ,-,-
Y61,RYV,CAMBRIDGESHIRE COMMUNITY SERVICES NHS TRUST,C_330,Dermatology, -   , -   , -   ,-,-
Y61,RYV,CAMBRIDGESHIRE COMMUNITY SERVICES NHS TRUST,C_340,Thoracic Medicine, -   , -   , -   ,-,-
Y61,RYV,CAMBRIDGESHIRE COMMUNITY SERVICES NHS TRUST,C_400,Neurology, -   , -   , -   ,-,-
Y61,RYV,CAMBRIDGESHIRE COMMUNITY SERVICES NHS TRUST,C_410,Rheumatology, -   , -   , -   ,-,-
Y61,RYV,CAMBRIDGESHIRE COMMUNITY SERVICES NHS TRUST,C_430,Geriatric Medicine, -   , -   , -   ,-,-
Y61,RYV,CAMBRIDGESHIRE COMMUNITY SERVICES NHS TRUST,C_502,Gynaecology, -   , -   , -   ,-,-
Y61,RYV,CAMBRIDGESHIRE COMMUNITY SERVICES NHS TRUST,X01,Other,723,664,91.80%,9.3,18.1
Y62,R0A,MANCHESTER UNIVERSITY NHS FOUNDATION TRUST,C_100,General Surgery,"4,882","3,830",78.50%,8.2,28.5
Y62,R0A,MANCHESTER UNIVERSITY NHS FOUNDATION TRUST,C_101,Urology,"4,145","3,121",75.30%,10.7,28.3
Y62,R0A,MANCHESTER UNIVERSITY NHS FOUNDATION TRUST,C_110,Trauma & Orthopaedics,"4,279","3,530",82.50%,8.2,24.6
Y62,R0A,MANCHESTER UNIVERSITY NHS FOUNDATION TRUST,C_120,"Ear, Nose & Throat (ENT)","5,214","3,655",70.10%,11.7,31.9
Y62,R0A,MANCHESTER UNIVERSITY NHS FOUNDATION TRUST,C_130,Ophthalmology,"8,121","6,944",85.50%,6.3,24.9
Y62,R0A,MANCHESTER UNIVERSITY NHS FOUNDATION TRUST,C_140,Oral Surgery,"3,251","2,520",77.50%,10,26.9
Y62,R0A,MANCHESTER UNIVERSITY NHS FOUNDATION TRUST,C_150,Neurosurgery,6,6,100.00%,-,-
Y62,R0A,MANCHESTER UNIVERSITY NHS FOUNDATION TRUST,C_160,Plastic Surgery,"2,279","1,530",67.10%,12.3,29.7
Y62,R0A,MANCHESTER UNIVERSITY NHS FOUNDATION TRUST,C_170,Cardiothoracic Surgery,646,490,75.90%,10.1,28.9
Y62,R0A,MANCHESTER UNIVERSITY NHS FOUNDATION TRUST,C_300,General Medicine,748,693,92.60%,7.4,17.5
Y62,R0A,MANCHESTER UNIVERSITY NHS FOUNDATION TRUST,C_301,Gastroenterology,"6,595","5,723",86.80%,7.8,21.7
Y62,R0A,MANCHESTER UNIVERSITY NHS FOUNDATION TRUST,C_320,Cardiology,"5,132","4,372",85.20%,8.9,21.6
Y62,R0A,MANCHESTER UNIVERSITY NHS FOUNDATION TRUST,C_330,Dermatology,"1,845","1,450",78.60%,9.8,23.7
Y62,R0A,MANCHESTER UNIVERSITY NHS FOUNDATION TRUST,C_340,Thoracic Medicine,"2,314","2,116",91.40%,6.7,18.3
Y62,R0A,MANCHESTER UNIVERSITY NHS FOUNDATION TRUST,C_400,Neurology,6,5,83.30%,-,-
Y62,R0A,MANCHESTER UNIVERSITY NHS FOUNDATION TRUST,C_410,Rheumatology,"2,118","1,665",78.60%,10.6,24.5
Y62,R0A,MANCHESTER UNIVERSITY NHS FOUNDATION TRUST,C_430,Geriatric Medicine,590,532,90.20%,7.2,18.7
Y62,R0A,MANCHESTER UNIVERSITY NHS FOUNDATION TRUST,C_502,Gynaecology,"7,532","5,829",77.40%,9.3,28.4
Y62,R0A,MANCHESTER UNIVERSITY NHS FOUNDATION TRUST,X01,Other,"32,061","25,881",80.70%,8.2,26
Y62,RBL,WIRRAL UNIVERSITY TEACHING HOSPITAL NHS FOUNDATION TRUST,C_100,General Surgery,"2,800","2,312",82.60%,8.2,26
Y62,RBL,WIRRAL UNIVERSITY TEACHING HOSPITAL NHS FOUNDATION TRUST,C_101,Urology,"1,880","1,348",71.70%,11.2,33.2
Y62,RBL,WIRRAL UNIVERSITY TEACHING HOSPITAL NHS FOUNDATION TRUST,C_110,Trauma & Orthopaedics,"1,841","1,187",64.50%,13.5,30.8
Y62,RBL,WIRRAL UNIVERSITY TEACHING HOSPITAL NHS FOUNDATION TRUST,C_120,"Ear, Nose & Throat (ENT)","1,141",947,83.00%,5.9,26.2
Y62,RBL,WIRRAL UNIVERSITY TEACHING HOSPITAL NHS FOUNDATION TRUST,C_130,Ophthalmology,"2,087","1,725",82.70%,8.6,25.5
Y62,RBL,WIRRAL UNIVERSITY TEACHING HOSPITAL NHS FOUNDATION TRUST,C_140,Oral Surgery,"1,272",923,72.60%,10.5,30.7
Y62,RBL,WIRRAL UNIVERSITY TEACHING HOSPITAL NHS FOUNDATION TRUST,C_150,Neurosurgery, -   , -   , -   ,-,-
Y62,RBL,WIRRAL UNIVERSITY TEACHING HOSPITAL NHS FOUNDATION TRUST,C_160,Plastic Surgery, -   , -   , -   ,-,-
Y62,RBL,WIRRAL UNIVERSITY TEACHING HOSPITAL NHS FOUNDATION TRUST,C_170,Cardiothoracic Surgery, -   , -   , -   ,-,-
Y62,RBL,WIRRAL UNIVERSITY TEACHING HOSPITAL NHS FOUNDATION TRUST,C_300,General Medicine, -   , -   , -   ,-,-
Y62,RBL,WIRRAL UNIVERSITY TEACHING HOSPITAL NHS FOUNDATION TRUST,C_301,Gastroenterology,"1,209","1,054",87.20%,8,20.1
Y62,RBL,WIRRAL UNIVERSITY TEACHING HOSPITAL NHS FOUNDATION TRUST,C_320,Cardiology,802,718,89.50%,7.2,19.6
Y62,RBL,WIRRAL UNIVERSITY TEACHING HOSPITAL NHS FOUNDATION TRUST,C_330,Dermatology,"1,960","1,488",75.90%,10.1,26
Y62,RBL,WIRRAL UNIVERSITY TEACHING HOSPITAL NHS FOUNDATION TRUST,C_340,Thoracic Medicine,"1,100",924,84.00%,8.5,22.8
Y62,RBL,WIRRAL UNIVERSITY TEACHING HOSPITAL NHS FOUNDATION TRUST,C_400,Neurology, -   , -   , -   ,-,-
Y62,RBL,WIRRAL UNIVERSITY TEACHING HOSPITAL NHS FOUNDATION TRUST,C_410,Rheumatology,732,454,62.00%,13.9,29.5
Y62,RBL,WIRRAL UNIVERSITY TEACHING HOSPITAL NHS FOUNDATION TRUST,C_430,Geriatric Medicine,79,74,93.70%,3.1,15.7
Y62,RBL,WIRRAL UNIVERSITY TEACHING HOSPITAL NHS FOUNDATION TRUST,C_502,Gynaecology,"1,572","1,284",81.70%,8.1,27.2
Y62,RBL,WIRRAL UNIVERSITY TEACHING HOSPITAL NHS FOUNDATION TRUST,X01,Other,"6,246","5,237",83.80%,7.5,25
Y62,RBN,ST HELENS AND KNOWSLEY TEACHING HOSPITALS NHS TRUST,C_100,General Surgery,"1,415","1,224",86.50%,6.9,23.1
Y62,RBN,ST HELENS AND KNOWSLEY TEACHING HOSPITALS NHS TRUST,C_101,Urology,"1,395","1,249",89.50%,6.4,20.1
Y62,RBN,ST HELENS AND KNOWSLEY TEACHING HOSPITALS NHS TRUST,C_110,Trauma & Orthopaedics,"1,612","1,296",80.40%,9.4,27.3
Y62,RBN,ST HELENS AND KNOWSLEY TEACHING HOSPITALS NHS TRUST,C_120,"Ear, Nose & Throat (ENT)","1,322","1,221",92.40%,6.1,17.6
Y62,RBN,ST HELENS AND KNOWSLEY TEACHING HOSPITALS NHS TRUST,C_130,Ophthalmology,"1,686","1,630",96.70%,5.5,14.5
Y62,RBN,ST HELENS AND KNOWSLEY TEACHING HOSPITALS NHS TRUST,C_140,Oral Surgery,327,318,97.20%,4.7,13.4
Y62,RBN,ST HELENS AND KNOWSLEY TEACHING HOSPITALS NHS TRUST,C_150,Neurosurgery,26,25,96.20%,9.3,13.9
Y62,RBN,ST HELENS AND KNOWSLEY TEACHING HOSPITALS NHS TRUST,C_160,Plastic Surgery,"2,234","1,992",89.20%,6.2,20.7
Y62,RBN,ST HELENS AND KNOWSLEY TEACHING HOSPITALS NHS TRUST,C_170,Cardiothoracic Surgery, -   , -   , -   ,-,-
Y62,RBN,ST HELENS AND KNOWSLEY TEACHING HOSPITALS NHS TRUST,C_300,General Medicine,135,133,98.50%,2,5.2
Y62,RBN,ST HELENS AND KNOWSLEY TEACHING HOSPITALS NHS TRUST,C_301,Gastroenterology,"1,688","1,613",95.60%,5.2,14.6
Y62,RBN,ST HELENS AND KNOWSLEY TEACHING HOSPITALS NHS TRUST,C_320,Cardiology,856,815,95.20%,7,15.8
Y62,RBN,ST HELENS AND KNOWSLEY TEACHING HOSPITALS NHS TRUST,C_330,Dermatology,"2,786","2,657",95.40%,6.3,15.4
Y62,RBN,ST HELENS AND KNOWSLEY TEACHING HOSPITALS NHS TRUST,C_340,Thoracic Medicine,337,322,95.50%,6.2,13.7
Y62,RBN,ST HELENS AND KNOWSLEY TEACHING HOSPITALS NHS TRUST,C_400,Neurology, -   , -   , -   ,-,-
Y62,RBN,ST HELENS AND KNOWSLEY TEACHING HOSPITALS NHS TRUST,C_410,Rheumatology,553,523,94.60%,7.9,16.3
Y62,RBN,ST HELENS AND KNOWSLEY TEACHING HOSPITALS NHS TRUST,C_430,Geriatric Medicine,83,82,98.80%,3.2,10.5
Y62,RBN,ST HELENS AND KNOWSLEY TEACHING HOSPITALS NHS TRUST,C_502,Gynaecology,"1,330","1,220",91.70%,6,18.4
Y62,RBN,ST HELENS AND KNOWSLEY TEACHING HOSPITALS NHS TRUST,X01,Other,"3,234","3,072",95.00%,5.2,15.4
Y62,RBQ,LIVERPOOL HEART AND CHEST HOSPITAL NHS FOUNDATION TRUST,C_100,General Surgery, -   , -   , -   ,-,-
Y62,RBQ,LIVERPOOL HEART AND CHEST HOSPITAL NHS FOUNDATION TRUST,C_101,Urology, -   , -   , -   ,-,-
Y62,RBQ,LIVERPOOL HEART AND CHEST HOSPITAL NHS FOUNDATION TRUST,C_110,Trauma & Orthopaedics, -   , -   , -   ,-,-
Y62,RBQ,LIVERPOOL HEART AND CHEST HOSPITAL NHS FOUNDATION TRUST,C_120,"Ear, Nose & Throat (ENT)", -   , -   , -   ,-,-
Y62,RBQ,LIVERPOOL HEART AND CHEST HOSPITAL NHS FOUNDATION TRUST,C_130,Ophthalmology, -   , -   , -   ,-,-
Y62,RBQ,LIVERPOOL HEART AND CHEST HOSPITAL NHS FOUNDATION TRUST,C_140,Oral Surgery, -   , -   , -   ,-,-
Y62,RBQ,LIVERPOOL HEART AND CHEST HOSPITAL NHS FOUNDATION TRUST,C_150,Neurosurgery, -   , -   , -   ,-,-
Y62,RBQ,LIVERPOOL HEART AND CHEST HOSPITAL NHS FOUNDATION TRUST,C_160,Plastic Surgery, -   , -   , -   ,-,-
Y62,RBQ,LIVERPOOL HEART AND CHEST HOSPITAL NHS FOUNDATION TRUST,C_170,Cardiothoracic Surgery,420,335,79.80%,9.8,27.7
Y62,RBQ,LIVERPOOL HEART AND CHEST HOSPITAL NHS FOUNDATION TRUST,C_300,General Medicine, -   , -   , -   ,-,-
Y62,RBQ,LIVERPOOL HEART AND CHEST HOSPITAL NHS FOUNDATION TRUST,C_301,Gastroenterology, -   , -   , -   ,-,-
Y62,RBQ,LIVERPOOL HEART AND CHEST HOSPITAL NHS FOUNDATION TRUST,C_320,Cardiology,"2,274","2,114",93.00%,7.4,17.5
Y62,RBQ,LIVERPOOL HEART AND CHEST HOSPITAL NHS FOUNDATION TRUST,C_330,Dermatology, -   , -   , -   ,-,-
Y62,RBQ,LIVERPOOL HEART AND CHEST HOSPITAL NHS FOUNDATION TRUST,C_340,Thoracic Medicine,574,573,99.80%,4.7,11.8
Y62,RBQ,LIVERPOOL HEART AND CHEST HOSPITAL NHS FOUNDATION TRUST,C_400,Neurology, -   , -   , -   ,-,-
Y62,RBQ,LIVERPOOL HEART AND CHEST HOSPITAL NHS FOUNDATION TRUST,C_410,Rheumatology, -   , -   , -   ,-,-
Y62,RBQ,LIVERPOOL HEART AND CHEST HOSPITAL NHS FOUNDATION TRUST,C_430,Geriatric Medicine, -   , -   , -   ,-,-
Y62,RBQ,LIVERPOOL HEART AND CHEST HOSPITAL NHS FOUNDATION TRUST,C_502,Gynaecology, -   , -   , -   ,-,-
Y62,RBQ,LIVERPOOL HEART AND CHEST HOSPITAL NHS FOUNDATION TRUST,X01,Other, -   , -   , -   ,-,-
Y62,RBS,ALDER HEY CHILDREN'S NHS FOUNDATION TRUST,C_100,General Surgery, -   , -   , -   ,-,-
Y62,RBS,ALDER HEY CHILDREN'S NHS FOUNDATION TRUST,C_101,Urology, -   , -   , -   ,-,-
Y62,RBS,ALDER HEY CHILDREN'S NHS FOUNDATION TRUST,C_110,Trauma & Orthopaedics, -   , -   , -   ,-,-
Y62,RBS,ALDER HEY CHILDREN'S NHS FOUNDATION TRUST,C_120,"Ear, Nose & Throat (ENT)", -   , -   , -   ,-,-
Y62,RBS,ALDER HEY CHILDREN'S NHS FOUNDATION TRUST,C_130,Ophthalmology, -   , -   , -   ,-,-
Y62,RBS,ALDER HEY CHILDREN'S NHS FOUNDATION TRUST,C_140,Oral Surgery, -   , -   , -   ,-,-
Y62,RBS,ALDER HEY CHILDREN'S NHS FOUNDATION TRUST,C_150,Neurosurgery, -   , -   , -   ,-,-
Y62,RBS,ALDER HEY CHILDREN'S NHS FOUNDATION TRUST,C_160,Plastic Surgery, -   , -   , -   ,-,-
Y62,RBS,ALDER HEY CHILDREN'S NHS FOUNDATION TRUST,C_170,Cardiothoracic Surgery, -   , -   , -   ,-,-
Y62,RBS,ALDER HEY CHILDREN'S NHS FOUNDATION TRUST,C_300,General Medicine, -   , -   , -   ,-,-
Y62,RBS,ALDER HEY CHILDREN'S NHS FOUNDATION TRUST,C_301,Gastroenterology, -   , -   , -   ,-,-
Y62,RBS,ALDER HEY CHILDREN'S NHS FOUNDATION TRUST,C_320,Cardiology, -   , -   , -   ,-,-
Y62,RBS,ALDER HEY CHILDREN'S NHS FOUNDATION TRUST,C_330,Dermatology, -   , -   , -   ,-,-
Y62,RBS,ALDER HEY CHILDREN'S NHS FOUNDATION TRUST,C_340,Thoracic Medicine, -   , -   , -   ,-,-
Y62,RBS,ALDER HEY CHILDREN'S NHS FOUNDATION TRUST,C_400,Neurology, -   , -   , -   ,-,-
Y62,RBS,ALDER HEY CHILDREN'S NHS FOUNDATION TRUST,C_410,Rheumatology, -   , -   , -   ,-,-
Y62,RBS,ALDER HEY CHILDREN'S NHS FOUNDATION TRUST,C_430,Geriatric Medicine, -   , -   , -   ,-,-
Y62,RBS,ALDER HEY CHILDREN'S NHS FOUNDATION TRUST,C_502,Gynaecology, -   , -   , -   ,-,-
Y62,RBS,ALDER HEY CHILDREN'S NHS FOUNDATION TRUST,X01,Other,"12,826","11,804",92.00%,8.6,18
Y62,RBT,MID CHESHIRE HOSPITALS NHS FOUNDATION TRUST,C_100,General Surgery,"2,192","1,993",90.90%,6,18.8
Y62,RBT,MID CHESHIRE HOSPITALS NHS FOUNDATION TRUST,C_101,Urology,"1,016",907,89.30%,5.5,20.9
Y62,RBT,MID CHESHIRE HOSPITALS NHS FOUNDATION TRUST,C_110,Trauma & Orthopaedics,"1,965","1,704",86.70%,7.6,20.5
Y62,RBT,MID CHESHIRE HOSPITALS NHS FOUNDATION TRUST,C_120,"Ear, Nose & Throat (ENT)","1,513","1,404",92.80%,4.8,16.8
Y62,RBT,MID CHESHIRE HOSPITALS NHS FOUNDATION TRUST,C_130,Ophthalmology,"1,825","1,775",97.30%,4.7,13
Y62,RBT,MID CHESHIRE HOSPITALS NHS FOUNDATION TRUST,C_140,Oral Surgery, -   , -   , -   ,-,-
Y62,RBT,MID CHESHIRE HOSPITALS NHS FOUNDATION TRUST,C_150,Neurosurgery, -   , -   , -   ,-,-
Y62,RBT,MID CHESHIRE HOSPITALS NHS FOUNDATION TRUST,C_160,Plastic Surgery, -   , -   , -   ,-,-
Y62,RBT,MID CHESHIRE HOSPITALS NHS FOUNDATION TRUST,C_170,Cardiothoracic Surgery, -   , -   , -   ,-,-
Y62,RBT,MID CHESHIRE HOSPITALS NHS FOUNDATION TRUST,C_300,General Medicine,5,5,100.00%,-,-
Y62,RBT,MID CHESHIRE HOSPITALS NHS FOUNDATION TRUST,C_301,Gastroenterology,630,515,81.70%,9.1,24.1
Y62,RBT,MID CHESHIRE HOSPITALS NHS FOUNDATION TRUST,C_320,Cardiology,628,568,90.40%,6.5,19.5
Y62,RBT,MID CHESHIRE HOSPITALS NHS FOUNDATION TRUST,C_330,Dermatology,"1,421","1,351",95.10%,6.5,16.3
Y62,RBT,MID CHESHIRE HOSPITALS NHS FOUNDATION TRUST,C_340,Thoracic Medicine,267,248,92.90%,5.1,17.5
Y62,RBT,MID CHESHIRE HOSPITALS NHS FOUNDATION TRUST,C_400,Neurology, -   , -   , -   ,-,-
Y62,RBT,MID CHESHIRE HOSPITALS NHS FOUNDATION TRUST,C_410,Rheumatology,279,266,95.30%,4.5,14.4
Y62,RBT,MID CHESHIRE HOSPITALS NHS FOUNDATION TRUST,C_430,Geriatric Medicine,58,57,98.30%,5.1,11.4
Y62,RBT,MID CHESHIRE HOSPITALS NHS FOUNDATION TRUST,C_502,Gynaecology,"1,046",942,90.10%,5.1,19.7
Y62,RBT,MID CHESHIRE HOSPITALS NHS FOUNDATION TRUST,X01,Other,"2,309","2,273",98.40%,4.9,13.9
Y62,RBV,THE CHRISTIE NHS FOUNDATION TRUST,C_100,General Surgery,60,57,95.00%,4.6,16.1
Y62,RBV,THE CHRISTIE NHS FOUNDATION TRUST,C_101,Urology,80,76,95.00%,5.2,16.6
Y62,RBV,THE CHRISTIE NHS FOUNDATION TRUST,C_110,Trauma & Orthopaedics, -   , -   , -   ,-,-
Y62,RBV,THE CHRISTIE NHS FOUNDATION TRUST,C_120,"Ear, Nose & Throat (ENT)",6,6,100.00%,-,-
Y62,RBV,THE CHRISTIE NHS FOUNDATION TRUST,C_130,Ophthalmology, -   , -   , -   ,-,-
Y62,RBV,THE CHRISTIE NHS FOUNDATION TRUST,C_140,Oral Surgery, -   , -   , -   ,-,-
Y62,RBV,THE CHRISTIE NHS FOUNDATION TRUST,C_150,Neurosurgery, -   , -   , -   ,-,-
Y62,RBV,THE CHRISTIE NHS FOUNDATION TRUST,C_160,Plastic Surgery,174,173,99.40%,4.3,10.9
Y62,RBV,THE CHRISTIE NHS FOUNDATION TRUST,C_170,Cardiothoracic Surgery, -   , -   , -   ,-,-
Y62,RBV,THE CHRISTIE NHS FOUNDATION TRUST,C_300,General Medicine, -   , -   , -   ,-,-
Y62,RBV,THE CHRISTIE NHS FOUNDATION TRUST,C_301,Gastroenterology, -   , -   , -   ,-,-
Y62,RBV,THE CHRISTIE NHS FOUNDATION TRUST,C_320,Cardiology, -   , -   , -   ,-,-
Y62,RBV,THE CHRISTIE NHS FOUNDATION TRUST,C_330,Dermatology, -   , -   , -   ,-,-
Y62,RBV,THE CHRISTIE NHS FOUNDATION TRUST,C_340,Thoracic Medicine, -   , -   , -   ,-,-
Y62,RBV,THE CHRISTIE NHS FOUNDATION TRUST,C_400,Neurology, -   , -   , -   ,-,-
Y62,RBV,THE CHRISTIE NHS FOUNDATION TRUST,C_410,Rheumatology, -   , -   , -   ,-,-
Y62,RBV,THE CHRISTIE NHS FOUNDATION TRUST,C_430,Geriatric Medicine, -   , -   , -   ,-,-
Y62,RBV,THE CHRISTIE NHS FOUNDATION TRUST,C_502,Gynaecology,47,47,100.00%,6.5,12.1
Y62,RBV,THE CHRISTIE NHS FOUNDATION TRUST,X01,Other,"1,138","1,118",98.20%,2.9,11.8
Y62,REM,AINTREE UNIVERSITY HOSPITAL NHS FOUNDATION TRUST,C_100,General Surgery,"2,679","2,123",79.20%,8.3,27.4
Y62,REM,AINTREE UNIVERSITY HOSPITAL NHS FOUNDATION TRUST,C_101,Urology,"1,203",994,82.60%,9.5,21.9
Y62,REM,AINTREE UNIVERSITY HOSPITAL NHS FOUNDATION TRUST,C_110,Trauma & Orthopaedics,"1,534","1,337",87.20%,8.3,21.4
Y62,REM,AINTREE UNIVERSITY HOSPITAL NHS FOUNDATION TRUST,C_120,"Ear, Nose & Throat (ENT)","1,821","1,738",95.40%,7.3,15.9
Y62,REM,AINTREE UNIVERSITY HOSPITAL NHS FOUNDATION TRUST,C_130,Ophthalmology,"3,199","2,460",76.90%,9.8,27.2
Y62,REM,AINTREE UNIVERSITY HOSPITAL NHS FOUNDATION TRUST,C_140,Oral Surgery,"1,861","1,529",82.20%,8.4,26
Y62,REM,AINTREE UNIVERSITY HOSPITAL NHS FOUNDATION TRUST,C_150,Neurosurgery, -   , -   , -   ,-,-
Y62,REM,AINTREE UNIVERSITY HOSPITAL NHS FOUNDATION TRUST,C_160,Plastic Surgery, -   , -   , -   ,-,-
Y62,REM,AINTREE UNIVERSITY HOSPITAL NHS FOUNDATION TRUST,C_170,Cardiothoracic Surgery,13,12,92.30%,-,-
Y62,REM,AINTREE UNIVERSITY HOSPITAL NHS FOUNDATION TRUST,C_300,General Medicine,36,35,97.20%,3.3,11.1
Y62,REM,AINTREE UNIVERSITY HOSPITAL NHS FOUNDATION TRUST,C_301,Gastroenterology,"2,147","1,756",81.80%,10.6,26.9
Y62,REM,AINTREE UNIVERSITY HOSPITAL NHS FOUNDATION TRUST,C_320,Cardiology,552,552,100.00%,3.1,8.4
Y62,REM,AINTREE UNIVERSITY HOSPITAL NHS FOUNDATION TRUST,C_330,Dermatology,308,305,99.00%,6.6,12.7
Y62,REM,AINTREE UNIVERSITY HOSPITAL NHS FOUNDATION TRUST,C_340,Thoracic Medicine,"1,618","1,377",85.10%,8.2,21.4
Y62,REM,AINTREE UNIVERSITY HOSPITAL NHS FOUNDATION TRUST,C_400,Neurology, -   , -   , -   ,-,-
Y62,REM,AINTREE UNIVERSITY HOSPITAL NHS FOUNDATION TRUST,C_410,Rheumatology,556,544,97.80%,7.9,16.1
Y62,REM,AINTREE UNIVERSITY HOSPITAL NHS FOUNDATION TRUST,C_430,Geriatric Medicine,166,164,98.80%,4,11.7
Y62,REM,AINTREE UNIVERSITY HOSPITAL NHS FOUNDATION TRUST,C_502,Gynaecology, -   , -   , -   ,-,-
Y62,REM,AINTREE UNIVERSITY HOSPITAL NHS FOUNDATION TRUST,X01,Other,"2,878","2,850",99.00%,4.5,12
Y62,REN,THE CLATTERBRIDGE CANCER CENTRE NHS FOUNDATION TRUST,C_100,General Surgery, -   , -   , -   ,-,-
Y62,REN,THE CLATTERBRIDGE CANCER CENTRE NHS FOUNDATION TRUST,C_101,Urology, -   , -   , -   ,-,-
Y62,REN,THE CLATTERBRIDGE CANCER CENTRE NHS FOUNDATION TRUST,C_110,Trauma & Orthopaedics, -   , -   , -   ,-,-
Y62,REN,THE CLATTERBRIDGE CANCER CENTRE NHS FOUNDATION TRUST,C_120,"Ear, Nose & Throat (ENT)", -   , -   , -   ,-,-
Y62,REN,THE CLATTERBRIDGE CANCER CENTRE NHS FOUNDATION TRUST,C_130,Ophthalmology, -   , -   , -   ,-,-
Y62,REN,THE CLATTERBRIDGE CANCER CENTRE NHS FOUNDATION TRUST,C_140,Oral Surgery, -   , -   , -   ,-,-
Y62,REN,THE CLATTERBRIDGE CANCER CENTRE NHS FOUNDATION TRUST,C_150,Neurosurgery, -   , -   , -   ,-,-
Y62,REN,THE CLATTERBRIDGE CANCER CENTRE NHS FOUNDATION TRUST,C_160,Plastic Surgery, -   , -   , -   ,-,-
Y62,REN,THE CLATTERBRIDGE CANCER CENTRE NHS FOUNDATION TRUST,C_170,Cardiothoracic Surgery, -   , -   , -   ,-,-
Y62,REN,THE CLATTERBRIDGE CANCER CENTRE NHS FOUNDATION TRUST,C_300,General Medicine, -   , -   , -   ,-,-
Y62,REN,THE CLATTERBRIDGE CANCER CENTRE NHS FOUNDATION TRUST,C_301,Gastroenterology, -   , -   , -   ,-,-
Y62,REN,THE CLATTERBRIDGE CANCER CENTRE NHS FOUNDATION TRUST,C_320,Cardiology, -   , -   , -   ,-,-
Y62,REN,THE CLATTERBRIDGE CANCER CENTRE NHS FOUNDATION TRUST,C_330,Dermatology, -   , -   , -   ,-,-
Y62,REN,THE CLATTERBRIDGE CANCER CENTRE NHS FOUNDATION TRUST,C_340,Thoracic Medicine, -   , -   , -   ,-,-
Y62,REN,THE CLATTERBRIDGE CANCER CENTRE NHS FOUNDATION TRUST,C_400,Neurology, -   , -   , -   ,-,-
Y62,REN,THE CLATTERBRIDGE CANCER CENTRE NHS FOUNDATION TRUST,C_410,Rheumatology, -   , -   , -   ,-,-
Y62,REN,THE CLATTERBRIDGE CANCER CENTRE NHS FOUNDATION TRUST,C_430,Geriatric Medicine, -   , -   , -   ,-,-
Y62,REN,THE CLATTERBRIDGE CANCER CENTRE NHS FOUNDATION TRUST,C_502,Gynaecology, -   , -   , -   ,-,-
Y62,REN,THE CLATTERBRIDGE CANCER CENTRE NHS FOUNDATION TRUST,X01,Other,437,431,98.60%,5.5,12.6
Y62,REP,LIVERPOOL WOMEN'S NHS FOUNDATION TRUST,C_100,General Surgery, -   , -   , -   ,-,-
Y62,REP,LIVERPOOL WOMEN'S NHS FOUNDATION TRUST,C_101,Urology, -   , -   , -   ,-,-
Y62,REP,LIVERPOOL WOMEN'S NHS FOUNDATION TRUST,C_110,Trauma & Orthopaedics, -   , -   , -   ,-,-
Y62,REP,LIVERPOOL WOMEN'S NHS FOUNDATION TRUST,C_120,"Ear, Nose & Throat (ENT)", -   , -   , -   ,-,-
Y62,REP,LIVERPOOL WOMEN'S NHS FOUNDATION TRUST,C_130,Ophthalmology, -   , -   , -   ,-,-
Y62,REP,LIVERPOOL WOMEN'S NHS FOUNDATION TRUST,C_140,Oral Surgery, -   , -   , -   ,-,-
Y62,REP,LIVERPOOL WOMEN'S NHS FOUNDATION TRUST,C_150,Neurosurgery, -   , -   , -   ,-,-
Y62,REP,LIVERPOOL WOMEN'S NHS FOUNDATION TRUST,C_160,Plastic Surgery, -   , -   , -   ,-,-
Y62,REP,LIVERPOOL WOMEN'S NHS FOUNDATION TRUST,C_170,Cardiothoracic Surgery, -   , -   , -   ,-,-
Y62,REP,LIVERPOOL WOMEN'S NHS FOUNDATION TRUST,C_300,General Medicine, -   , -   , -   ,-,-
Y62,REP,LIVERPOOL WOMEN'S NHS FOUNDATION TRUST,C_301,Gastroenterology, -   , -   , -   ,-,-
Y62,REP,LIVERPOOL WOMEN'S NHS FOUNDATION TRUST,C_320,Cardiology, -   , -   , -   ,-,-
Y62,REP,LIVERPOOL WOMEN'S NHS FOUNDATION TRUST,C_330,Dermatology, -   , -   , -   ,-,-
Y62,REP,LIVERPOOL WOMEN'S NHS FOUNDATION TRUST,C_340,Thoracic Medicine, -   , -   , -   ,-,-
Y62,REP,LIVERPOOL WOMEN'S NHS FOUNDATION TRUST,C_400,Neurology, -   , -   , -   ,-,-
Y62,REP,LIVERPOOL WOMEN'S NHS FOUNDATION TRUST,C_410,Rheumatology, -   , -   , -   ,-,-
Y62,REP,LIVERPOOL WOMEN'S NHS FOUNDATION TRUST,C_430,Geriatric Medicine, -   , -   , -   ,-,-
Y62,REP,LIVERPOOL WOMEN'S NHS FOUNDATION TRUST,C_502,Gynaecology,"5,865","4,813",82.10%,8.3,26.5
Y62,REP,LIVERPOOL WOMEN'S NHS FOUNDATION TRUST,X01,Other,512,497,97.10%,5.9,14
Y62,RET,THE WALTON CENTRE NHS FOUNDATION TRUST,C_100,General Surgery, -   ,,,-,
Y62,RET,THE WALTON CENTRE NHS FOUNDATION TRUST,C_101,Urology, -   ,,,-,
Y62,RET,THE WALTON CENTRE NHS FOUNDATION TRUST,C_110,Trauma & Orthopaedics, -   ,,,-,
Y62,RET,THE WALTON CENTRE NHS FOUNDATION TRUST,C_120,"Ear, Nose & Throat (ENT)", -   ,,,-,
Y62,RET,THE WALTON CENTRE NHS FOUNDATION TRUST,C_130,Ophthalmology, -   ,,,-,
Y62,RET,THE WALTON CENTRE NHS FOUNDATION TRUST,C_140,Oral Surgery, -   ,,,-,
Y62,RET,THE WALTON CENTRE NHS FOUNDATION TRUST,C_150,Neurosurgery,"1,862",,,6.5,
Y62,RET,THE WALTON CENTRE NHS FOUNDATION TRUST,C_160,Plastic Surgery, -   ,,,-,
Y62,RET,THE WALTON CENTRE NHS FOUNDATION TRUST,C_170,Cardiothoracic Surgery, -   ,,,-,
Y62,RET,THE WALTON CENTRE NHS FOUNDATION TRUST,C_300,General Medicine, -   ,,,-,
Y62,RET,THE WALTON CENTRE NHS FOUNDATION TRUST,C_301,Gastroenterology, -   ,,,-,
Y62,RET,THE WALTON CENTRE NHS FOUNDATION TRUST,C_320,Cardiology, -   ,,,-,
Y62,RET,THE WALTON CENTRE NHS FOUNDATION TRUST,C_330,Dermatology, -   ,,,-,
Y62,RET,THE WALTON CENTRE NHS FOUNDATION TRUST,C_340,Thoracic Medicine, -   ,,,-,
Y62,RET,THE WALTON CENTRE NHS FOUNDATION TRUST,C_400,Neurology,"5,878",,,7.3,
Y62,RET,THE WALTON CENTRE NHS FOUNDATION TRUST,C_410,Rheumatology, -   ,,,-,
Y62,RET,THE WALTON CENTRE NHS FOUNDATION TRUST,C_430,Geriatric Medicine, -   ,,,-,
Y62,RET,THE WALTON CENTRE NHS FOUNDATION TRUST,C_502,Gynaecology, -   ,,,-,
Y62,RET,THE WALTON CENTRE NHS FOUNDATION TRUST,X01,Other,"2,637",,,10.9,
Y62,RJN,EAST CHESHIRE NHS TRUST,C_100,General Surgery,814,707,86.90%,7.1,21.4
Y62,RJN,EAST CHESHIRE NHS TRUST,C_101,Urology,302,295,97.70%,4.4,13
Y62,RJN,EAST CHESHIRE NHS TRUST,C_110,Trauma & Orthopaedics,"1,205",827,68.60%,11.3,32.1
Y62,RJN,EAST CHESHIRE NHS TRUST,C_120,"Ear, Nose & Throat (ENT)",545,468,85.90%,7.9,24.5
Y62,RJN,EAST CHESHIRE NHS TRUST,C_130,Ophthalmology,"1,478","1,334",90.30%,7.5,19.2
Y62,RJN,EAST CHESHIRE NHS TRUST,C_140,Oral Surgery,6,6,100.00%,-,-
Y62,RJN,EAST CHESHIRE NHS TRUST,C_150,Neurosurgery, -   , -   , -   ,-,-
Y62,RJN,EAST CHESHIRE NHS TRUST,C_160,Plastic Surgery,107,67,62.60%,14.3,29.4
Y62,RJN,EAST CHESHIRE NHS TRUST,C_170,Cardiothoracic Surgery, -   , -   , -   ,-,-
Y62,RJN,EAST CHESHIRE NHS TRUST,C_300,General Medicine, -   , -   , -   ,-,-
Y62,RJN,EAST CHESHIRE NHS TRUST,C_301,Gastroenterology,583,537,92.10%,6.3,17.9
Y62,RJN,EAST CHESHIRE NHS TRUST,C_320,Cardiology,227,205,90.30%,7.5,19
Y62,RJN,EAST CHESHIRE NHS TRUST,C_330,Dermatology, -   , -   , -   ,-,-
Y62,RJN,EAST CHESHIRE NHS TRUST,C_340,Thoracic Medicine,295,222,75.30%,9.8,24.3
Y62,RJN,EAST CHESHIRE NHS TRUST,C_400,Neurology, -   , -   , -   ,-,-
Y62,RJN,EAST CHESHIRE NHS TRUST,C_410,Rheumatology,38,3,7.90%,37.5,47.2
Y62,RJN,EAST CHESHIRE NHS TRUST,C_430,Geriatric Medicine,7,7,100.00%,-,-
Y62,RJN,EAST CHESHIRE NHS TRUST,C_502,Gynaecology,638,580,90.90%,5.5,19
Y62,RJN,EAST CHESHIRE NHS TRUST,X01,Other,765,737,96.30%,3.6,14.9
Y62,RJR,COUNTESS OF CHESTER HOSPITAL NHS FOUNDATION TRUST,C_100,General Surgery,"3,849","3,214",83.50%,8.6,25
Y62,RJR,COUNTESS OF CHESTER HOSPITAL NHS FOUNDATION TRUST,C_101,Urology,"1,628","1,203",73.90%,9.8,28.9
Y62,RJR,COUNTESS OF CHESTER HOSPITAL NHS FOUNDATION TRUST,C_110,Trauma & Orthopaedics,"1,276",965,75.60%,11.3,26.6
Y62,RJR,COUNTESS OF CHESTER HOSPITAL NHS FOUNDATION TRUST,C_120,"Ear, Nose & Throat (ENT)","1,834","1,696",92.50%,9,17.6
Y62,RJR,COUNTESS OF CHESTER HOSPITAL NHS FOUNDATION TRUST,C_130,Ophthalmology,"2,288","1,893",82.70%,9.5,21.7
Y62,RJR,COUNTESS OF CHESTER HOSPITAL NHS FOUNDATION TRUST,C_140,Oral Surgery,"1,104",712,64.50%,11.2,37.4
Y62,RJR,COUNTESS OF CHESTER HOSPITAL NHS FOUNDATION TRUST,C_150,Neurosurgery, -   , -   , -   ,-,-
Y62,RJR,COUNTESS OF CHESTER HOSPITAL NHS FOUNDATION TRUST,C_160,Plastic Surgery,"1,082",837,77.40%,9.3,28.2
Y62,RJR,COUNTESS OF CHESTER HOSPITAL NHS FOUNDATION TRUST,C_170,Cardiothoracic Surgery, -   , -   , -   ,-,-
Y62,RJR,COUNTESS OF CHESTER HOSPITAL NHS FOUNDATION TRUST,C_300,General Medicine,620,599,96.60%,6.9,15.4
Y62,RJR,COUNTESS OF CHESTER HOSPITAL NHS FOUNDATION TRUST,C_301,Gastroenterology,"1,042",930,89.30%,7.9,22.2
Y62,RJR,COUNTESS OF CHESTER HOSPITAL NHS FOUNDATION TRUST,C_320,Cardiology,723,659,91.10%,7.6,19
Y62,RJR,COUNTESS OF CHESTER HOSPITAL NHS FOUNDATION TRUST,C_330,Dermatology,982,915,93.20%,8.4,17.7
Y62,RJR,COUNTESS OF CHESTER HOSPITAL NHS FOUNDATION TRUST,C_340,Thoracic Medicine,723,594,82.20%,7.8,25
Y62,RJR,COUNTESS OF CHESTER HOSPITAL NHS FOUNDATION TRUST,C_400,Neurology, -   , -   , -   ,-,-
Y62,RJR,COUNTESS OF CHESTER HOSPITAL NHS FOUNDATION TRUST,C_410,Rheumatology,367,327,89.10%,8.8,19.1
Y62,RJR,COUNTESS OF CHESTER HOSPITAL NHS FOUNDATION TRUST,C_430,Geriatric Medicine,182,179,98.40%,3.4,13.5
Y62,RJR,COUNTESS OF CHESTER HOSPITAL NHS FOUNDATION TRUST,C_502,Gynaecology,"1,765","1,367",77.50%,9.4,25.6
Y62,RJR,COUNTESS OF CHESTER HOSPITAL NHS FOUNDATION TRUST,X01,Other,"1,185","1,026",86.60%,9.3,20.1
Y62,RM3,SALFORD ROYAL NHS FOUNDATION TRUST,C_100,General Surgery,"1,410","1,039",73.70%,12.1,32.8
Y62,RM3,SALFORD ROYAL NHS FOUNDATION TRUST,C_101,Urology,"2,010","1,657",82.40%,9.9,24.3
Y62,RM3,SALFORD ROYAL NHS FOUNDATION TRUST,C_110,Trauma & Orthopaedics,"6,789","5,308",78.20%,10,27.1
Y62,RM3,SALFORD ROYAL NHS FOUNDATION TRUST,C_120,"Ear, Nose & Throat (ENT)","1,865","1,748",93.70%,6.8,17.3
Y62,RM3,SALFORD ROYAL NHS FOUNDATION TRUST,C_130,Ophthalmology, -   , -   , -   ,-,-
Y62,RM3,SALFORD ROYAL NHS FOUNDATION TRUST,C_140,Oral Surgery,"1,205","1,024",85.00%,9.9,23.9
Y62,RM3,SALFORD ROYAL NHS FOUNDATION TRUST,C_150,Neurosurgery,"5,034","4,265",84.70%,9.6,23.5
Y62,RM3,SALFORD ROYAL NHS FOUNDATION TRUST,C_160,Plastic Surgery, -   , -   , -   ,-,-
Y62,RM3,SALFORD ROYAL NHS FOUNDATION TRUST,C_170,Cardiothoracic Surgery, -   , -   , -   ,-,-
Y62,RM3,SALFORD ROYAL NHS FOUNDATION TRUST,C_300,General Medicine,2,2,100.00%,-,-
Y62,RM3,SALFORD ROYAL NHS FOUNDATION TRUST,C_301,Gastroenterology,"1,836","1,596",86.90%,7.9,21
Y62,RM3,SALFORD ROYAL NHS FOUNDATION TRUST,C_320,Cardiology,"1,560","1,222",78.30%,9.4,23.9
Y62,RM3,SALFORD ROYAL NHS FOUNDATION TRUST,C_330,Dermatology,"9,950","8,381",84.20%,9.4,22.7
Y62,RM3,SALFORD ROYAL NHS FOUNDATION TRUST,C_340,Thoracic Medicine,566,559,98.80%,5.7,13.1
Y62,RM3,SALFORD ROYAL NHS FOUNDATION TRUST,C_400,Neurology,"9,067","8,151",89.90%,7.4,19.4
Y62,RM3,SALFORD ROYAL NHS FOUNDATION TRUST,C_410,Rheumatology,986,917,93.00%,8,17.5
Y62,RM3,SALFORD ROYAL NHS FOUNDATION TRUST,C_430,Geriatric Medicine,56,56,100.00%,3.2,11.6
Y62,RM3,SALFORD ROYAL NHS FOUNDATION TRUST,C_502,Gynaecology,"1,368","1,186",86.70%,8.1,24.7
Y62,RM3,SALFORD ROYAL NHS FOUNDATION TRUST,X01,Other,"7,745","7,174",92.60%,8.2,17.7
Y62,RMC,BOLTON NHS FOUNDATION TRUST,C_100,General Surgery,"3,327","2,888",86.80%,8.1,22.7
Y62,RMC,BOLTON NHS FOUNDATION TRUST,C_101,Urology,"1,079",855,79.20%,10.3,29
Y62,RMC,BOLTON NHS FOUNDATION TRUST,C_110,Trauma & Orthopaedics,"3,608","3,031",84.00%,9.7,22.7
Y62,RMC,BOLTON NHS FOUNDATION TRUST,C_120,"Ear, Nose & Throat (ENT)","2,267","1,852",81.70%,7.7,24.9
Y62,RMC,BOLTON NHS FOUNDATION TRUST,C_130,Ophthalmology,"4,279","3,343",78.10%,9.4,25.4
Y62,RMC,BOLTON NHS FOUNDATION TRUST,C_140,Oral Surgery,"1,401","1,071",76.40%,10.4,26.9
Y62,RMC,BOLTON NHS FOUNDATION TRUST,C_150,Neurosurgery, -   , -   , -   ,-,-
Y62,RMC,BOLTON NHS FOUNDATION TRUST,C_160,Plastic Surgery,346,248,71.70%,9.8,31.6
Y62,RMC,BOLTON NHS FOUNDATION TRUST,C_170,Cardiothoracic Surgery,20,20,100.00%,3.9,16.2
Y62,RMC,BOLTON NHS FOUNDATION TRUST,C_300,General Medicine,413,379,91.80%,6.9,18.1
Y62,RMC,BOLTON NHS FOUNDATION TRUST,C_301,Gastroenterology,"1,449","1,345",92.80%,7.3,17.5
Y62,RMC,BOLTON NHS FOUNDATION TRUST,C_320,Cardiology,"1,300","1,150",88.50%,7.5,21.6
Y62,RMC,BOLTON NHS FOUNDATION TRUST,C_330,Dermatology,"1,553","1,419",91.40%,6.6,18.4
Y62,RMC,BOLTON NHS FOUNDATION TRUST,C_340,Thoracic Medicine,725,694,95.70%,6.9,16.2
Y62,RMC,BOLTON NHS FOUNDATION TRUST,C_400,Neurology,65,65,100.00%,4,14.9
Y62,RMC,BOLTON NHS FOUNDATION TRUST,C_410,Rheumatology,461,430,93.30%,7.3,16.9
Y62,RMC,BOLTON NHS FOUNDATION TRUST,C_430,Geriatric Medicine,141,139,98.60%,4.8,12.6
Y62,RMC,BOLTON NHS FOUNDATION TRUST,C_502,Gynaecology,"1,620","1,386",85.60%,7.6,25.3
Y62,RMC,BOLTON NHS FOUNDATION TRUST,X01,Other,"2,651","2,322",87.60%,7.4,21.5
Y62,RMP,TAMESIDE AND GLOSSOP INTEGRATED CARE NHS FOUNDATION TRUST,C_100,General Surgery,"2,692","2,492",92.60%,6.4,17.7
Y62,RMP,TAMESIDE AND GLOSSOP INTEGRATED CARE NHS FOUNDATION TRUST,C_101,Urology,725,701,96.70%,7.3,16.3
Y62,RMP,TAMESIDE AND GLOSSOP INTEGRATED CARE NHS FOUNDATION TRUST,C_110,Trauma & Orthopaedics,"2,186","1,804",82.50%,9.2,24.4
Y62,RMP,TAMESIDE AND GLOSSOP INTEGRATED CARE NHS FOUNDATION TRUST,C_120,"Ear, Nose & Throat (ENT)","1,400","1,274",91.00%,8.8,18.9
Y62,RMP,TAMESIDE AND GLOSSOP INTEGRATED CARE NHS FOUNDATION TRUST,C_130,Ophthalmology,684,662,96.80%,6.5,16
Y62,RMP,TAMESIDE AND GLOSSOP INTEGRATED CARE NHS FOUNDATION TRUST,C_140,Oral Surgery,606,541,89.30%,9.1,19.6
Y62,RMP,TAMESIDE AND GLOSSOP INTEGRATED CARE NHS FOUNDATION TRUST,C_150,Neurosurgery, -   , -   , -   ,-,-
Y62,RMP,TAMESIDE AND GLOSSOP INTEGRATED CARE NHS FOUNDATION TRUST,C_160,Plastic Surgery,103,97,94.20%,8.3,17.6
Y62,RMP,TAMESIDE AND GLOSSOP INTEGRATED CARE NHS FOUNDATION TRUST,C_170,Cardiothoracic Surgery,21,21,100.00%,8,17.6
Y62,RMP,TAMESIDE AND GLOSSOP INTEGRATED CARE NHS FOUNDATION TRUST,C_300,General Medicine,246,211,85.80%,8.2,19.9
Y62,RMP,TAMESIDE AND GLOSSOP INTEGRATED CARE NHS FOUNDATION TRUST,C_301,Gastroenterology,784,736,93.90%,6.8,16.7
Y62,RMP,TAMESIDE AND GLOSSOP INTEGRATED CARE NHS FOUNDATION TRUST,C_320,Cardiology,753,721,95.80%,6.8,16.4
Y62,RMP,TAMESIDE AND GLOSSOP INTEGRATED CARE NHS FOUNDATION TRUST,C_330,Dermatology,"1,108","1,095",98.80%,6,14.5
Y62,RMP,TAMESIDE AND GLOSSOP INTEGRATED CARE NHS FOUNDATION TRUST,C_340,Thoracic Medicine,558,532,95.30%,7.3,16.5
Y62,RMP,TAMESIDE AND GLOSSOP INTEGRATED CARE NHS FOUNDATION TRUST,C_400,Neurology, -   , -   , -   ,-,-
Y62,RMP,TAMESIDE AND GLOSSOP INTEGRATED CARE NHS FOUNDATION TRUST,C_410,Rheumatology,348,332,95.40%,8.7,16.7
Y62,RMP,TAMESIDE AND GLOSSOP INTEGRATED CARE NHS FOUNDATION TRUST,C_430,Geriatric Medicine,34,34,100.00%,2.4,8.3
Y62,RMP,TAMESIDE AND GLOSSOP INTEGRATED CARE NHS FOUNDATION TRUST,C_502,Gynaecology,"1,486","1,375",92.50%,7.8,17.8
Y62,RMP,TAMESIDE AND GLOSSOP INTEGRATED CARE NHS FOUNDATION TRUST,X01,Other,"1,207","1,184",98.10%,5.4,15.1
Y62,RQ6,ROYAL LIVERPOOL AND BROADGREEN UNIVERSITY HOSPITALS NHS TRUST,C_100,General Surgery,"3,160","2,590",82.00%,7.5,26.4
Y62,RQ6,ROYAL LIVERPOOL AND BROADGREEN UNIVERSITY HOSPITALS NHS TRUST,C_101,Urology,"1,262","1,025",81.20%,7.9,28.2
Y62,RQ6,ROYAL LIVERPOOL AND BROADGREEN UNIVERSITY HOSPITALS NHS TRUST,C_110,Trauma & Orthopaedics,"2,974","2,375",79.90%,8.6,26.7
Y62,RQ6,ROYAL LIVERPOOL AND BROADGREEN UNIVERSITY HOSPITALS NHS TRUST,C_120,"Ear, Nose & Throat (ENT)","1,680","1,571",93.50%,6.9,17.2
Y62,RQ6,ROYAL LIVERPOOL AND BROADGREEN UNIVERSITY HOSPITALS NHS TRUST,C_130,Ophthalmology,"3,109","2,888",92.90%,6.6,17.4
Y62,RQ6,ROYAL LIVERPOOL AND BROADGREEN UNIVERSITY HOSPITALS NHS TRUST,C_140,Oral Surgery,"1,250","1,140",91.20%,6.4,18.7
Y62,RQ6,ROYAL LIVERPOOL AND BROADGREEN UNIVERSITY HOSPITALS NHS TRUST,C_150,Neurosurgery, -   , -   , -   ,-,-
Y62,RQ6,ROYAL LIVERPOOL AND BROADGREEN UNIVERSITY HOSPITALS NHS TRUST,C_160,Plastic Surgery,194,182,93.80%,8.1,17.3
Y62,RQ6,ROYAL LIVERPOOL AND BROADGREEN UNIVERSITY HOSPITALS NHS TRUST,C_170,Cardiothoracic Surgery, -   , -   , -   ,-,-
Y62,RQ6,ROYAL LIVERPOOL AND BROADGREEN UNIVERSITY HOSPITALS NHS TRUST,C_300,General Medicine, -   , -   , -   ,-,-
Y62,RQ6,ROYAL LIVERPOOL AND BROADGREEN UNIVERSITY HOSPITALS NHS TRUST,C_301,Gastroenterology,"2,055","1,736",84.50%,8,24.2
Y62,RQ6,ROYAL LIVERPOOL AND BROADGREEN UNIVERSITY HOSPITALS NHS TRUST,C_320,Cardiology,"1,174",954,81.30%,8.8,23.5
Y62,RQ6,ROYAL LIVERPOOL AND BROADGREEN UNIVERSITY HOSPITALS NHS TRUST,C_330,Dermatology,"4,134","3,465",83.80%,9.6,22.1
Y62,RQ6,ROYAL LIVERPOOL AND BROADGREEN UNIVERSITY HOSPITALS NHS TRUST,C_340,Thoracic Medicine, -   , -   , -   ,-,-
Y62,RQ6,ROYAL LIVERPOOL AND BROADGREEN UNIVERSITY HOSPITALS NHS TRUST,C_400,Neurology, -   , -   , -   ,-,-
Y62,RQ6,ROYAL LIVERPOOL AND BROADGREEN UNIVERSITY HOSPITALS NHS TRUST,C_410,Rheumatology,461,442,95.90%,5.5,13.7
Y62,RQ6,ROYAL LIVERPOOL AND BROADGREEN UNIVERSITY HOSPITALS NHS TRUST,C_430,Geriatric Medicine,84,84,100.00%,3.6,8.5
Y62,RQ6,ROYAL LIVERPOOL AND BROADGREEN UNIVERSITY HOSPITALS NHS TRUST,C_502,Gynaecology, -   , -   , -   ,-,-
Y62,RQ6,ROYAL LIVERPOOL AND BROADGREEN UNIVERSITY HOSPITALS NHS TRUST,X01,Other,"6,793","5,577",82.10%,8.3,26.4
Y62,RRF,"WRIGHTINGTON, WIGAN AND LEIGH NHS FOUNDATION TRUST",C_100,General Surgery,912,721,79.10%,9.6,24.5
Y62,RRF,"WRIGHTINGTON, WIGAN AND LEIGH NHS FOUNDATION TRUST",C_101,Urology,"1,026",933,90.90%,6.3,19.7
Y62,RRF,"WRIGHTINGTON, WIGAN AND LEIGH NHS FOUNDATION TRUST",C_110,Trauma & Orthopaedics,"4,694","4,307",91.80%,6,18.2
Y62,RRF,"WRIGHTINGTON, WIGAN AND LEIGH NHS FOUNDATION TRUST",C_120,"Ear, Nose & Throat (ENT)","2,106","1,962",93.20%,8,17.2
Y62,RRF,"WRIGHTINGTON, WIGAN AND LEIGH NHS FOUNDATION TRUST",C_130,Ophthalmology,"1,432","1,329",92.80%,5.9,17.2
Y62,RRF,"WRIGHTINGTON, WIGAN AND LEIGH NHS FOUNDATION TRUST",C_140,Oral Surgery,"1,156","1,021",88.30%,7.2,19.8
Y62,RRF,"WRIGHTINGTON, WIGAN AND LEIGH NHS FOUNDATION TRUST",C_150,Neurosurgery,10,9,90.00%,-,-
Y62,RRF,"WRIGHTINGTON, WIGAN AND LEIGH NHS FOUNDATION TRUST",C_160,Plastic Surgery,203,200,98.50%,5.5,12.8
Y62,RRF,"WRIGHTINGTON, WIGAN AND LEIGH NHS FOUNDATION TRUST",C_170,Cardiothoracic Surgery,22,21,95.50%,10.2,15.7
Y62,RRF,"WRIGHTINGTON, WIGAN AND LEIGH NHS FOUNDATION TRUST",C_300,General Medicine,232,230,99.10%,5.9,12.1
Y62,RRF,"WRIGHTINGTON, WIGAN AND LEIGH NHS FOUNDATION TRUST",C_301,Gastroenterology,"1,803","1,717",95.20%,5,15.5
Y62,RRF,"WRIGHTINGTON, WIGAN AND LEIGH NHS FOUNDATION TRUST",C_320,Cardiology,"1,351","1,211",89.60%,7.9,18.6
Y62,RRF,"WRIGHTINGTON, WIGAN AND LEIGH NHS FOUNDATION TRUST",C_330,Dermatology,"1,280","1,278",99.80%,4.9,11.4
Y62,RRF,"WRIGHTINGTON, WIGAN AND LEIGH NHS FOUNDATION TRUST",C_340,Thoracic Medicine,964,855,88.70%,8.5,19.7
Y62,RRF,"WRIGHTINGTON, WIGAN AND LEIGH NHS FOUNDATION TRUST",C_400,Neurology, -   , -   , -   ,-,-
Y62,RRF,"WRIGHTINGTON, WIGAN AND LEIGH NHS FOUNDATION TRUST",C_410,Rheumatology,554,506,91.30%,4.9,18.5
Y62,RRF,"WRIGHTINGTON, WIGAN AND LEIGH NHS FOUNDATION TRUST",C_430,Geriatric Medicine,117,114,97.40%,4.5,11.9
Y62,RRF,"WRIGHTINGTON, WIGAN AND LEIGH NHS FOUNDATION TRUST",C_502,Gynaecology,"1,273","1,144",89.90%,6.7,19
Y62,RRF,"WRIGHTINGTON, WIGAN AND LEIGH NHS FOUNDATION TRUST",X01,Other,"5,110","4,474",87.60%,7.2,20.9
Y62,RT2,PENNINE CARE NHS FOUNDATION TRUST,C_100,General Surgery, -   , -   , -   ,-,-
Y62,RT2,PENNINE CARE NHS FOUNDATION TRUST,C_101,Urology, -   , -   , -   ,-,-
Y62,RT2,PENNINE CARE NHS FOUNDATION TRUST,C_110,Trauma & Orthopaedics, -   , -   , -   ,-,-
Y62,RT2,PENNINE CARE NHS FOUNDATION TRUST,C_120,"Ear, Nose & Throat (ENT)", -   , -   , -   ,-,-
Y62,RT2,PENNINE CARE NHS FOUNDATION TRUST,C_130,Ophthalmology, -   , -   , -   ,-,-
Y62,RT2,PENNINE CARE NHS FOUNDATION TRUST,C_140,Oral Surgery, -   , -   , -   ,-,-
Y62,RT2,PENNINE CARE NHS FOUNDATION TRUST,C_150,Neurosurgery, -   , -   , -   ,-,-
Y62,RT2,PENNINE CARE NHS FOUNDATION TRUST,C_160,Plastic Surgery, -   , -   , -   ,-,-
Y62,RT2,PENNINE CARE NHS FOUNDATION TRUST,C_170,Cardiothoracic Surgery, -   , -   , -   ,-,-
Y62,RT2,PENNINE CARE NHS FOUNDATION TRUST,C_300,General Medicine, -   , -   , -   ,-,-
Y62,RT2,PENNINE CARE NHS FOUNDATION TRUST,C_301,Gastroenterology, -   , -   , -   ,-,-
Y62,RT2,PENNINE CARE NHS FOUNDATION TRUST,C_320,Cardiology, -   , -   , -   ,-,-
Y62,RT2,PENNINE CARE NHS FOUNDATION TRUST,C_330,Dermatology, -   , -   , -   ,-,-
Y62,RT2,PENNINE CARE NHS FOUNDATION TRUST,C_340,Thoracic Medicine, -   , -   , -   ,-,-
Y62,RT2,PENNINE CARE NHS FOUNDATION TRUST,C_400,Neurology, -   , -   , -   ,-,-
Y62,RT2,PENNINE CARE NHS FOUNDATION TRUST,C_410,Rheumatology, -   , -   , -   ,-,-
Y62,RT2,PENNINE CARE NHS FOUNDATION TRUST,C_430,Geriatric Medicine, -   , -   , -   ,-,-
Y62,RT2,PENNINE CARE NHS FOUNDATION TRUST,C_502,Gynaecology, -   , -   , -   ,-,-
Y62,RT2,PENNINE CARE NHS FOUNDATION TRUST,X01,Other, -   , -   , -   ,-,-
Y62,RTX,UNIVERSITY HOSPITALS OF MORECAMBE BAY NHS FOUNDATION TRUST,C_100,General Surgery,"2,460","1,950",79.30%,7.9,29.2
Y62,RTX,UNIVERSITY HOSPITALS OF MORECAMBE BAY NHS FOUNDATION TRUST,C_101,Urology,"1,397","1,126",80.60%,8.3,27.2
Y62,RTX,UNIVERSITY HOSPITALS OF MORECAMBE BAY NHS FOUNDATION TRUST,C_110,Trauma & Orthopaedics,"3,288","2,388",72.60%,11.3,29.5
Y62,RTX,UNIVERSITY HOSPITALS OF MORECAMBE BAY NHS FOUNDATION TRUST,C_120,"Ear, Nose & Throat (ENT)","2,586","1,920",74.20%,9.5,29.7
Y62,RTX,UNIVERSITY HOSPITALS OF MORECAMBE BAY NHS FOUNDATION TRUST,C_130,Ophthalmology,"3,486","2,477",71.10%,10.1,31
Y62,RTX,UNIVERSITY HOSPITALS OF MORECAMBE BAY NHS FOUNDATION TRUST,C_140,Oral Surgery,988,775,78.40%,8.4,27.7
Y62,RTX,UNIVERSITY HOSPITALS OF MORECAMBE BAY NHS FOUNDATION TRUST,C_150,Neurosurgery, -   , -   , -   ,-,-
Y62,RTX,UNIVERSITY HOSPITALS OF MORECAMBE BAY NHS FOUNDATION TRUST,C_160,Plastic Surgery,56,53,94.60%,2.6,15.5
Y62,RTX,UNIVERSITY HOSPITALS OF MORECAMBE BAY NHS FOUNDATION TRUST,C_170,Cardiothoracic Surgery,7,7,100.00%,-,-
Y62,RTX,UNIVERSITY HOSPITALS OF MORECAMBE BAY NHS FOUNDATION TRUST,C_300,General Medicine, -   , -   , -   ,-,-
Y62,RTX,UNIVERSITY HOSPITALS OF MORECAMBE BAY NHS FOUNDATION TRUST,C_301,Gastroenterology,710,688,96.90%,5.7,14.9
Y62,RTX,UNIVERSITY HOSPITALS OF MORECAMBE BAY NHS FOUNDATION TRUST,C_320,Cardiology,488,477,97.70%,4.5,12
Y62,RTX,UNIVERSITY HOSPITALS OF MORECAMBE BAY NHS FOUNDATION TRUST,C_330,Dermatology,"1,373","1,273",92.70%,4.8,17.4
Y62,RTX,UNIVERSITY HOSPITALS OF MORECAMBE BAY NHS FOUNDATION TRUST,C_340,Thoracic Medicine,308,287,93.20%,4.8,17.1
Y62,RTX,UNIVERSITY HOSPITALS OF MORECAMBE BAY NHS FOUNDATION TRUST,C_400,Neurology, -   , -   , -   ,-,-
Y62,RTX,UNIVERSITY HOSPITALS OF MORECAMBE BAY NHS FOUNDATION TRUST,C_410,Rheumatology,477,461,96.60%,5.4,14.2
Y62,RTX,UNIVERSITY HOSPITALS OF MORECAMBE BAY NHS FOUNDATION TRUST,C_430,Geriatric Medicine,147,139,94.60%,5.8,14.3
Y62,RTX,UNIVERSITY HOSPITALS OF MORECAMBE BAY NHS FOUNDATION TRUST,C_502,Gynaecology,"1,016",937,92.20%,5,17.9
Y62,RTX,UNIVERSITY HOSPITALS OF MORECAMBE BAY NHS FOUNDATION TRUST,X01,Other,"2,088","1,594",76.30%,7.9,32.3
Y62,RVY,SOUTHPORT AND ORMSKIRK HOSPITAL NHS TRUST,C_100,General Surgery,"1,215","1,105",90.90%,7.7,19.1
Y62,RVY,SOUTHPORT AND ORMSKIRK HOSPITAL NHS TRUST,C_101,Urology,505,460,91.10%,5.1,19.5
Y62,RVY,SOUTHPORT AND ORMSKIRK HOSPITAL NHS TRUST,C_110,Trauma & Orthopaedics,"2,548","2,504",98.30%,2.9,9.5
Y62,RVY,SOUTHPORT AND ORMSKIRK HOSPITAL NHS TRUST,C_120,"Ear, Nose & Throat (ENT)",997,906,90.90%,7.2,18.9
Y62,RVY,SOUTHPORT AND ORMSKIRK HOSPITAL NHS TRUST,C_130,Ophthalmology,990,934,94.30%,5.8,15.1
Y62,RVY,SOUTHPORT AND ORMSKIRK HOSPITAL NHS TRUST,C_140,Oral Surgery,57,32,56.10%,14,35.4
Y62,RVY,SOUTHPORT AND ORMSKIRK HOSPITAL NHS TRUST,C_150,Neurosurgery, -   , -   , -   ,-,-
Y62,RVY,SOUTHPORT AND ORMSKIRK HOSPITAL NHS TRUST,C_160,Plastic Surgery, -   , -   , -   ,-,-
Y62,RVY,SOUTHPORT AND ORMSKIRK HOSPITAL NHS TRUST,C_170,Cardiothoracic Surgery, -   , -   , -   ,-,-
Y62,RVY,SOUTHPORT AND ORMSKIRK HOSPITAL NHS TRUST,C_300,General Medicine,202,197,97.50%,5.1,11.4
Y62,RVY,SOUTHPORT AND ORMSKIRK HOSPITAL NHS TRUST,C_301,Gastroenterology,364,349,95.90%,6.6,14.7
Y62,RVY,SOUTHPORT AND ORMSKIRK HOSPITAL NHS TRUST,C_320,Cardiology,419,412,98.30%,4.9,12.9
Y62,RVY,SOUTHPORT AND ORMSKIRK HOSPITAL NHS TRUST,C_330,Dermatology,762,756,99.20%,4.8,12
Y62,RVY,SOUTHPORT AND ORMSKIRK HOSPITAL NHS TRUST,C_340,Thoracic Medicine, -   , -   , -   ,-,-
Y62,RVY,SOUTHPORT AND ORMSKIRK HOSPITAL NHS TRUST,C_400,Neurology, -   , -   , -   ,-,-
Y62,RVY,SOUTHPORT AND ORMSKIRK HOSPITAL NHS TRUST,C_410,Rheumatology,249,226,90.80%,7,18.8
Y62,RVY,SOUTHPORT AND ORMSKIRK HOSPITAL NHS TRUST,C_430,Geriatric Medicine,19,19,100.00%,-,-
Y62,RVY,SOUTHPORT AND ORMSKIRK HOSPITAL NHS TRUST,C_502,Gynaecology,"1,034",908,87.80%,7.7,20.3
Y62,RVY,SOUTHPORT AND ORMSKIRK HOSPITAL NHS TRUST,X01,Other,"1,757","1,579",89.90%,6.6,20
Y62,RW5,LANCASHIRE CARE NHS FOUNDATION TRUST,C_100,General Surgery, -   , -   , -   ,-,-
Y62,RW5,LANCASHIRE CARE NHS FOUNDATION TRUST,C_101,Urology, -   , -   , -   ,-,-
Y62,RW5,LANCASHIRE CARE NHS FOUNDATION TRUST,C_110,Trauma & Orthopaedics,"4,057","3,967",97.80%,3.7,11.6
Y62,RW5,LANCASHIRE CARE NHS FOUNDATION TRUST,C_120,"Ear, Nose & Throat (ENT)", -   , -   , -   ,-,-
Y62,RW5,LANCASHIRE CARE NHS FOUNDATION TRUST,C_130,Ophthalmology, -   , -   , -   ,-,-
Y62,RW5,LANCASHIRE CARE NHS FOUNDATION TRUST,C_140,Oral Surgery, -   , -   , -   ,-,-
Y62,RW5,LANCASHIRE CARE NHS FOUNDATION TRUST,C_150,Neurosurgery, -   , -   , -   ,-,-
Y62,RW5,LANCASHIRE CARE NHS FOUNDATION TRUST,C_160,Plastic Surgery, -   , -   , -   ,-,-
Y62,RW5,LANCASHIRE CARE NHS FOUNDATION TRUST,C_170,Cardiothoracic Surgery, -   , -   , -   ,-,-
Y62,RW5,LANCASHIRE CARE NHS FOUNDATION TRUST,C_300,General Medicine, -   , -   , -   ,-,-
Y62,RW5,LANCASHIRE CARE NHS FOUNDATION TRUST,C_301,Gastroenterology, -   , -   , -   ,-,-
Y62,RW5,LANCASHIRE CARE NHS FOUNDATION TRUST,C_320,Cardiology, -   , -   , -   ,-,-
Y62,RW5,LANCASHIRE CARE NHS FOUNDATION TRUST,C_330,Dermatology, -   , -   , -   ,-,-
Y62,RW5,LANCASHIRE CARE NHS FOUNDATION TRUST,C_340,Thoracic Medicine, -   , -   , -   ,-,-
Y62,RW5,LANCASHIRE CARE NHS FOUNDATION TRUST,C_400,Neurology, -   , -   , -   ,-,-
Y62,RW5,LANCASHIRE CARE NHS FOUNDATION TRUST,C_410,Rheumatology,344,341,99.10%,6.4,13
Y62,RW5,LANCASHIRE CARE NHS FOUNDATION TRUST,C_430,Geriatric Medicine, -   , -   , -   ,-,-
Y62,RW5,LANCASHIRE CARE NHS FOUNDATION TRUST,C_502,Gynaecology, -   , -   , -   ,-,-
Y62,RW5,LANCASHIRE CARE NHS FOUNDATION TRUST,X01,Other, -   , -   , -   ,-,-
Y62,RW6,PENNINE ACUTE HOSPITALS NHS TRUST,C_100,General Surgery,"2,335","1,713",73.40%,10.4,32.2
Y62,RW6,PENNINE ACUTE HOSPITALS NHS TRUST,C_101,Urology,"3,216","2,959",92.00%,8.7,18
Y62,RW6,PENNINE ACUTE HOSPITALS NHS TRUST,C_110,Trauma & Orthopaedics,"3,548","2,898",81.70%,9.3,24.5
Y62,RW6,PENNINE ACUTE HOSPITALS NHS TRUST,C_120,"Ear, Nose & Throat (ENT)","2,884","2,483",86.10%,8.3,22.8
Y62,RW6,PENNINE ACUTE HOSPITALS NHS TRUST,C_130,Ophthalmology,"4,950","4,192",84.70%,9,22
Y62,RW6,PENNINE ACUTE HOSPITALS NHS TRUST,C_140,Oral Surgery,"3,084","2,248",72.90%,12,28.5
Y62,RW6,PENNINE ACUTE HOSPITALS NHS TRUST,C_150,Neurosurgery, -   , -   , -   ,-,-
Y62,RW6,PENNINE ACUTE HOSPITALS NHS TRUST,C_160,Plastic Surgery,339,190,56.00%,15.6,42.1
Y62,RW6,PENNINE ACUTE HOSPITALS NHS TRUST,C_170,Cardiothoracic Surgery,20,19,95.00%,3.9,9.4
Y62,RW6,PENNINE ACUTE HOSPITALS NHS TRUST,C_300,General Medicine,316,301,95.30%,3.9,14.9
Y62,RW6,PENNINE ACUTE HOSPITALS NHS TRUST,C_301,Gastroenterology,"3,399","3,027",89.10%,5.6,19.6
Y62,RW6,PENNINE ACUTE HOSPITALS NHS TRUST,C_320,Cardiology,"2,302","2,138",92.90%,6.2,17.5
Y62,RW6,PENNINE ACUTE HOSPITALS NHS TRUST,C_330,Dermatology, -   , -   , -   ,-,-
Y62,RW6,PENNINE ACUTE HOSPITALS NHS TRUST,C_340,Thoracic Medicine,"1,607","1,500",93.30%,7,17.2
Y62,RW6,PENNINE ACUTE HOSPITALS NHS TRUST,C_400,Neurology, -   , -   , -   ,-,-
Y62,RW6,PENNINE ACUTE HOSPITALS NHS TRUST,C_410,Rheumatology,414,391,94.40%,7.1,15.6
Y62,RW6,PENNINE ACUTE HOSPITALS NHS TRUST,C_430,Geriatric Medicine,179,174,97.20%,6.1,13.6
Y62,RW6,PENNINE ACUTE HOSPITALS NHS TRUST,C_502,Gynaecology,"3,559","2,929",82.30%,8.9,26.3
Y62,RW6,PENNINE ACUTE HOSPITALS NHS TRUST,X01,Other,"11,038","9,204",83.40%,8.3,24.1
Y62,RWJ,STOCKPORT NHS FOUNDATION TRUST,C_100,General Surgery,"2,698","2,325",86.20%,8.4,22.6
Y62,RWJ,STOCKPORT NHS FOUNDATION TRUST,C_101,Urology,"2,273","1,831",80.60%,9,24.5
Y62,RWJ,STOCKPORT NHS FOUNDATION TRUST,C_110,Trauma & Orthopaedics,"2,782","2,592",93.20%,6.3,16.9
Y62,RWJ,STOCKPORT NHS FOUNDATION TRUST,C_120,"Ear, Nose & Throat (ENT)","2,544","1,913",75.20%,10.8,25.4
Y62,RWJ,STOCKPORT NHS FOUNDATION TRUST,C_130,Ophthalmology,"2,222","2,019",90.90%,7.5,18.6
Y62,RWJ,STOCKPORT NHS FOUNDATION TRUST,C_140,Oral Surgery,"1,729","1,150",66.50%,13.4,28.2
Y62,RWJ,STOCKPORT NHS FOUNDATION TRUST,C_150,Neurosurgery, -   , -   , -   ,-,-
Y62,RWJ,STOCKPORT NHS FOUNDATION TRUST,C_160,Plastic Surgery, -   , -   , -   ,-,-
Y62,RWJ,STOCKPORT NHS FOUNDATION TRUST,C_170,Cardiothoracic Surgery,11,10,90.90%,-,-
Y62,RWJ,STOCKPORT NHS FOUNDATION TRUST,C_300,General Medicine,"4,920","3,957",80.40%,10.2,26
Y62,RWJ,STOCKPORT NHS FOUNDATION TRUST,C_301,Gastroenterology, -   , -   , -   ,-,-
Y62,RWJ,STOCKPORT NHS FOUNDATION TRUST,C_320,Cardiology, -   , -   , -   ,-,-
Y62,RWJ,STOCKPORT NHS FOUNDATION TRUST,C_330,Dermatology, -   , -   , -   ,-,-
Y62,RWJ,STOCKPORT NHS FOUNDATION TRUST,C_340,Thoracic Medicine, -   , -   , -   ,-,-
Y62,RWJ,STOCKPORT NHS FOUNDATION TRUST,C_400,Neurology, -   , -   , -   ,-,-
Y62,RWJ,STOCKPORT NHS FOUNDATION TRUST,C_410,Rheumatology,883,578,65.50%,13.3,28.9
Y62,RWJ,STOCKPORT NHS FOUNDATION TRUST,C_430,Geriatric Medicine,242,242,100.00%,2.1,9.6
Y62,RWJ,STOCKPORT NHS FOUNDATION TRUST,C_502,Gynaecology,"1,964","1,650",84.00%,8.5,23.2
Y62,RWJ,STOCKPORT NHS FOUNDATION TRUST,X01,Other,"2,176","1,655",76.10%,10.1,32.3
Y62,RWW,WARRINGTON AND HALTON HOSPITALS NHS FOUNDATION TRUST,C_100,General Surgery,471,426,90.40%,7.3,19.1
Y62,RWW,WARRINGTON AND HALTON HOSPITALS NHS FOUNDATION TRUST,C_101,Urology,"1,623","1,513",93.20%,8.5,17.7
Y62,RWW,WARRINGTON AND HALTON HOSPITALS NHS FOUNDATION TRUST,C_110,Trauma & Orthopaedics,"1,730","1,448",83.70%,9,24
Y62,RWW,WARRINGTON AND HALTON HOSPITALS NHS FOUNDATION TRUST,C_120,"Ear, Nose & Throat (ENT)","1,940","1,722",88.80%,8.6,20.5
Y62,RWW,WARRINGTON AND HALTON HOSPITALS NHS FOUNDATION TRUST,C_130,Ophthalmology,"2,275","2,019",88.70%,7.3,20.6
Y62,RWW,WARRINGTON AND HALTON HOSPITALS NHS FOUNDATION TRUST,C_140,Oral Surgery, -   , -   , -   ,-,-
Y62,RWW,WARRINGTON AND HALTON HOSPITALS NHS FOUNDATION TRUST,C_150,Neurosurgery, -   , -   , -   ,-,-
Y62,RWW,WARRINGTON AND HALTON HOSPITALS NHS FOUNDATION TRUST,C_160,Plastic Surgery, -   , -   , -   ,-,-
Y62,RWW,WARRINGTON AND HALTON HOSPITALS NHS FOUNDATION TRUST,C_170,Cardiothoracic Surgery, -   , -   , -   ,-,-
Y62,RWW,WARRINGTON AND HALTON HOSPITALS NHS FOUNDATION TRUST,C_300,General Medicine,144,142,98.60%,6.8,17
Y62,RWW,WARRINGTON AND HALTON HOSPITALS NHS FOUNDATION TRUST,C_301,Gastroenterology,"1,095","1,019",93.10%,7.4,17.7
Y62,RWW,WARRINGTON AND HALTON HOSPITALS NHS FOUNDATION TRUST,C_320,Cardiology,"1,304","1,262",96.80%,7.3,16.4
Y62,RWW,WARRINGTON AND HALTON HOSPITALS NHS FOUNDATION TRUST,C_330,Dermatology, -   , -   , -   ,-,-
Y62,RWW,WARRINGTON AND HALTON HOSPITALS NHS FOUNDATION TRUST,C_340,Thoracic Medicine,532,519,97.60%,5.6,15.8
Y62,RWW,WARRINGTON AND HALTON HOSPITALS NHS FOUNDATION TRUST,C_400,Neurology, -   , -   , -   ,-,-
Y62,RWW,WARRINGTON AND HALTON HOSPITALS NHS FOUNDATION TRUST,C_410,Rheumatology,498,489,98.20%,6.1,14.6
Y62,RWW,WARRINGTON AND HALTON HOSPITALS NHS FOUNDATION TRUST,C_430,Geriatric Medicine,16,16,100.00%,-,-
Y62,RWW,WARRINGTON AND HALTON HOSPITALS NHS FOUNDATION TRUST,C_502,Gynaecology,"1,840","1,741",94.60%,7.1,17.1
Y62,RWW,WARRINGTON AND HALTON HOSPITALS NHS FOUNDATION TRUST,X01,Other,"6,428","6,015",93.60%,7.3,17.5
Y62,RXL,BLACKPOOL TEACHING HOSPITALS NHS FOUNDATION TRUST,C_100,General Surgery,"1,525","1,313",86.10%,5,24.5
Y62,RXL,BLACKPOOL TEACHING HOSPITALS NHS FOUNDATION TRUST,C_101,Urology,962,897,93.20%,5.2,16.7
Y62,RXL,BLACKPOOL TEACHING HOSPITALS NHS FOUNDATION TRUST,C_110,Trauma & Orthopaedics,"1,652","1,055",63.90%,13.1,35.7
Y62,RXL,BLACKPOOL TEACHING HOSPITALS NHS FOUNDATION TRUST,C_120,"Ear, Nose & Throat (ENT)","1,402","1,171",83.50%,5.7,28.8
Y62,RXL,BLACKPOOL TEACHING HOSPITALS NHS FOUNDATION TRUST,C_130,Ophthalmology,"2,666","1,988",74.60%,9.3,29.8
Y62,RXL,BLACKPOOL TEACHING HOSPITALS NHS FOUNDATION TRUST,C_140,Oral Surgery,"1,127",893,79.20%,8.8,24.2
Y62,RXL,BLACKPOOL TEACHING HOSPITALS NHS FOUNDATION TRUST,C_150,Neurosurgery, -   , -   , -   ,-,-
Y62,RXL,BLACKPOOL TEACHING HOSPITALS NHS FOUNDATION TRUST,C_160,Plastic Surgery,59,58,98.30%,5.3,11.1
Y62,RXL,BLACKPOOL TEACHING HOSPITALS NHS FOUNDATION TRUST,C_170,Cardiothoracic Surgery,455,318,69.90%,11.8,31.8
Y62,RXL,BLACKPOOL TEACHING HOSPITALS NHS FOUNDATION TRUST,C_300,General Medicine,25,25,100.00%,3.3,9
Y62,RXL,BLACKPOOL TEACHING HOSPITALS NHS FOUNDATION TRUST,C_301,Gastroenterology,"1,004",913,90.90%,7.2,19.1
Y62,RXL,BLACKPOOL TEACHING HOSPITALS NHS FOUNDATION TRUST,C_320,Cardiology,"1,794","1,591",88.70%,7.6,20.9
Y62,RXL,BLACKPOOL TEACHING HOSPITALS NHS FOUNDATION TRUST,C_330,Dermatology,"1,299","1,214",93.50%,7.4,17.6
Y62,RXL,BLACKPOOL TEACHING HOSPITALS NHS FOUNDATION TRUST,C_340,Thoracic Medicine,330,292,88.50%,8.8,20.3
Y62,RXL,BLACKPOOL TEACHING HOSPITALS NHS FOUNDATION TRUST,C_400,Neurology, -   , -   , -   ,-,-
Y62,RXL,BLACKPOOL TEACHING HOSPITALS NHS FOUNDATION TRUST,C_410,Rheumatology,330,318,96.40%,4.8,15.6
Y62,RXL,BLACKPOOL TEACHING HOSPITALS NHS FOUNDATION TRUST,C_430,Geriatric Medicine,28,26,92.90%,9.4,16.8
Y62,RXL,BLACKPOOL TEACHING HOSPITALS NHS FOUNDATION TRUST,C_502,Gynaecology,"1,212",965,79.60%,8.3,29.8
Y62,RXL,BLACKPOOL TEACHING HOSPITALS NHS FOUNDATION TRUST,X01,Other,"2,265","1,961",86.60%,6.7,22.4
Y62,RXN,LANCASHIRE TEACHING HOSPITALS NHS FOUNDATION TRUST,C_100,General Surgery,"4,330","3,665",84.60%,9.1,24.8
Y62,RXN,LANCASHIRE TEACHING HOSPITALS NHS FOUNDATION TRUST,C_101,Urology,"1,487","1,206",81.10%,8.6,26.6
Y62,RXN,LANCASHIRE TEACHING HOSPITALS NHS FOUNDATION TRUST,C_110,Trauma & Orthopaedics,"2,095","1,756",83.80%,7.5,26.8
Y62,RXN,LANCASHIRE TEACHING HOSPITALS NHS FOUNDATION TRUST,C_120,"Ear, Nose & Throat (ENT)","2,006","1,494",74.50%,10.4,29.6
Y62,RXN,LANCASHIRE TEACHING HOSPITALS NHS FOUNDATION TRUST,C_130,Ophthalmology,"3,099","2,235",72.10%,11,30.6
Y62,RXN,LANCASHIRE TEACHING HOSPITALS NHS FOUNDATION TRUST,C_140,Oral Surgery,"3,308","2,065",62.40%,13.9,34.7
Y62,RXN,LANCASHIRE TEACHING HOSPITALS NHS FOUNDATION TRUST,C_150,Neurosurgery,"1,906","1,497",78.50%,9.5,29.8
Y62,RXN,LANCASHIRE TEACHING HOSPITALS NHS FOUNDATION TRUST,C_160,Plastic Surgery,"1,834","1,459",79.60%,7.3,29.7
Y62,RXN,LANCASHIRE TEACHING HOSPITALS NHS FOUNDATION TRUST,C_170,Cardiothoracic Surgery, -   , -   , -   ,-,-
Y62,RXN,LANCASHIRE TEACHING HOSPITALS NHS FOUNDATION TRUST,C_300,General Medicine,"2,398","2,035",84.90%,8.8,25.3
Y62,RXN,LANCASHIRE TEACHING HOSPITALS NHS FOUNDATION TRUST,C_301,Gastroenterology,"1,058",904,85.40%,8.4,22.6
Y62,RXN,LANCASHIRE TEACHING HOSPITALS NHS FOUNDATION TRUST,C_320,Cardiology,"1,736","1,560",89.90%,7.8,20
Y62,RXN,LANCASHIRE TEACHING HOSPITALS NHS FOUNDATION TRUST,C_330,Dermatology,"1,128","1,000",88.70%,8.6,20.2
Y62,RXN,LANCASHIRE TEACHING HOSPITALS NHS FOUNDATION TRUST,C_340,Thoracic Medicine, -   , -   , -   ,-,-
Y62,RXN,LANCASHIRE TEACHING HOSPITALS NHS FOUNDATION TRUST,C_400,Neurology,"4,558","3,110",68.20%,12.8,29.3
Y62,RXN,LANCASHIRE TEACHING HOSPITALS NHS FOUNDATION TRUST,C_410,Rheumatology, -   , -   , -   ,-,-
Y62,RXN,LANCASHIRE TEACHING HOSPITALS NHS FOUNDATION TRUST,C_430,Geriatric Medicine,267,246,92.10%,5.5,17.8
Y62,RXN,LANCASHIRE TEACHING HOSPITALS NHS FOUNDATION TRUST,C_502,Gynaecology,"1,529","1,159",75.80%,8.8,30.8
Y62,RXN,LANCASHIRE TEACHING HOSPITALS NHS FOUNDATION TRUST,X01,Other,"3,461","3,035",87.70%,8.2,22
Y62,RXR,EAST LANCASHIRE HOSPITALS NHS TRUST,C_100,General Surgery,"3,427",,,8.2,
Y62,RXR,EAST LANCASHIRE HOSPITALS NHS TRUST,C_101,Urology,"1,316",,,5.7,
Y62,RXR,EAST LANCASHIRE HOSPITALS NHS TRUST,C_110,Trauma & Orthopaedics,"6,857",,,7,
Y62,RXR,EAST LANCASHIRE HOSPITALS NHS TRUST,C_120,"Ear, Nose & Throat (ENT)","2,186",,,8.3,
Y62,RXR,EAST LANCASHIRE HOSPITALS NHS TRUST,C_130,Ophthalmology,"3,891",,,9.2,
Y62,RXR,EAST LANCASHIRE HOSPITALS NHS TRUST,C_140,Oral Surgery,"3,083",,,11.3,
Y62,RXR,EAST LANCASHIRE HOSPITALS NHS TRUST,C_150,Neurosurgery, -   ,,,-,
Y62,RXR,EAST LANCASHIRE HOSPITALS NHS TRUST,C_160,Plastic Surgery, -   ,,,-,
Y62,RXR,EAST LANCASHIRE HOSPITALS NHS TRUST,C_170,Cardiothoracic Surgery,24,,,3.5,
Y62,RXR,EAST LANCASHIRE HOSPITALS NHS TRUST,C_300,General Medicine,517,,,7.9,
Y62,RXR,EAST LANCASHIRE HOSPITALS NHS TRUST,C_301,Gastroenterology,"2,032",,,10.4,
Y62,RXR,EAST LANCASHIRE HOSPITALS NHS TRUST,C_320,Cardiology,"1,813",,,7.6,
Y62,RXR,EAST LANCASHIRE HOSPITALS NHS TRUST,C_330,Dermatology,"1,537",,,9.8,
Y62,RXR,EAST LANCASHIRE HOSPITALS NHS TRUST,C_340,Thoracic Medicine,647,,,10,
Y62,RXR,EAST LANCASHIRE HOSPITALS NHS TRUST,C_400,Neurology, -   ,,,-,
Y62,RXR,EAST LANCASHIRE HOSPITALS NHS TRUST,C_410,Rheumatology,350,,,5.9,
Y62,RXR,EAST LANCASHIRE HOSPITALS NHS TRUST,C_430,Geriatric Medicine,86,,,4.3,
Y62,RXR,EAST LANCASHIRE HOSPITALS NHS TRUST,C_502,Gynaecology,"2,226",,,6,
Y62,RXR,EAST LANCASHIRE HOSPITALS NHS TRUST,X01,Other,"2,686",,,9,
Y62,RY2,BRIDGEWATER COMMUNITY HEALTHCARE NHS FOUNDATION TRUST,C_100,General Surgery, -   , -   , -   ,-,-
Y62,RY2,BRIDGEWATER COMMUNITY HEALTHCARE NHS FOUNDATION TRUST,C_101,Urology, -   , -   , -   ,-,-
Y62,RY2,BRIDGEWATER COMMUNITY HEALTHCARE NHS FOUNDATION TRUST,C_110,Trauma & Orthopaedics, -   , -   , -   ,-,-
Y62,RY2,BRIDGEWATER COMMUNITY HEALTHCARE NHS FOUNDATION TRUST,C_120,"Ear, Nose & Throat (ENT)", -   , -   , -   ,-,-
Y62,RY2,BRIDGEWATER COMMUNITY HEALTHCARE NHS FOUNDATION TRUST,C_130,Ophthalmology, -   , -   , -   ,-,-
Y62,RY2,BRIDGEWATER COMMUNITY HEALTHCARE NHS FOUNDATION TRUST,C_140,Oral Surgery, -   , -   , -   ,-,-
Y62,RY2,BRIDGEWATER COMMUNITY HEALTHCARE NHS FOUNDATION TRUST,C_150,Neurosurgery, -   , -   , -   ,-,-
Y62,RY2,BRIDGEWATER COMMUNITY HEALTHCARE NHS FOUNDATION TRUST,C_160,Plastic Surgery, -   , -   , -   ,-,-
Y62,RY2,BRIDGEWATER COMMUNITY HEALTHCARE NHS FOUNDATION TRUST,C_170,Cardiothoracic Surgery, -   , -   , -   ,-,-
Y62,RY2,BRIDGEWATER COMMUNITY HEALTHCARE NHS FOUNDATION TRUST,C_300,General Medicine, -   , -   , -   ,-,-
Y62,RY2,BRIDGEWATER COMMUNITY HEALTHCARE NHS FOUNDATION TRUST,C_301,Gastroenterology, -   , -   , -   ,-,-
Y62,RY2,BRIDGEWATER COMMUNITY HEALTHCARE NHS FOUNDATION TRUST,C_320,Cardiology, -   , -   , -   ,-,-
Y62,RY2,BRIDGEWATER COMMUNITY HEALTHCARE NHS FOUNDATION TRUST,C_330,Dermatology,540,537,99.40%,3.8,13.2
Y62,RY2,BRIDGEWATER COMMUNITY HEALTHCARE NHS FOUNDATION TRUST,C_340,Thoracic Medicine, -   , -   , -   ,-,-
Y62,RY2,BRIDGEWATER COMMUNITY HEALTHCARE NHS FOUNDATION TRUST,C_400,Neurology, -   , -   , -   ,-,-
Y62,RY2,BRIDGEWATER COMMUNITY HEALTHCARE NHS FOUNDATION TRUST,C_410,Rheumatology, -   , -   , -   ,-,-
Y62,RY2,BRIDGEWATER COMMUNITY HEALTHCARE NHS FOUNDATION TRUST,C_430,Geriatric Medicine, -   , -   , -   ,-,-
Y62,RY2,BRIDGEWATER COMMUNITY HEALTHCARE NHS FOUNDATION TRUST,C_502,Gynaecology, -   , -   , -   ,-,-
Y62,RY2,BRIDGEWATER COMMUNITY HEALTHCARE NHS FOUNDATION TRUST,X01,Other,444,443,99.80%,5.6,12.6
Y62,RY7,WIRRAL COMMUNITY HEALTH AND CARE NHS FOUNDATION TRUST,C_100,General Surgery, -   , -   , -   ,-,-
Y62,RY7,WIRRAL COMMUNITY HEALTH AND CARE NHS FOUNDATION TRUST,C_101,Urology, -   , -   , -   ,-,-
Y62,RY7,WIRRAL COMMUNITY HEALTH AND CARE NHS FOUNDATION TRUST,C_110,Trauma & Orthopaedics, -   , -   , -   ,-,-
Y62,RY7,WIRRAL COMMUNITY HEALTH AND CARE NHS FOUNDATION TRUST,C_120,"Ear, Nose & Throat (ENT)", -   , -   , -   ,-,-
Y62,RY7,WIRRAL COMMUNITY HEALTH AND CARE NHS FOUNDATION TRUST,C_130,Ophthalmology,97,97,100.00%,1.8,5.4
Y62,RY7,WIRRAL COMMUNITY HEALTH AND CARE NHS FOUNDATION TRUST,C_140,Oral Surgery, -   , -   , -   ,-,-
Y62,RY7,WIRRAL COMMUNITY HEALTH AND CARE NHS FOUNDATION TRUST,C_150,Neurosurgery, -   , -   , -   ,-,-
Y62,RY7,WIRRAL COMMUNITY HEALTH AND CARE NHS FOUNDATION TRUST,C_160,Plastic Surgery, -   , -   , -   ,-,-
Y62,RY7,WIRRAL COMMUNITY HEALTH AND CARE NHS FOUNDATION TRUST,C_170,Cardiothoracic Surgery, -   , -   , -   ,-,-
Y62,RY7,WIRRAL COMMUNITY HEALTH AND CARE NHS FOUNDATION TRUST,C_300,General Medicine, -   , -   , -   ,-,-
Y62,RY7,WIRRAL COMMUNITY HEALTH AND CARE NHS FOUNDATION TRUST,C_301,Gastroenterology, -   , -   , -   ,-,-
Y62,RY7,WIRRAL COMMUNITY HEALTH AND CARE NHS FOUNDATION TRUST,C_320,Cardiology, -   , -   , -   ,-,-
Y62,RY7,WIRRAL COMMUNITY HEALTH AND CARE NHS FOUNDATION TRUST,C_330,Dermatology, -   , -   , -   ,-,-
Y62,RY7,WIRRAL COMMUNITY HEALTH AND CARE NHS FOUNDATION TRUST,C_340,Thoracic Medicine, -   , -   , -   ,-,-
Y62,RY7,WIRRAL COMMUNITY HEALTH AND CARE NHS FOUNDATION TRUST,C_400,Neurology, -   , -   , -   ,-,-
Y62,RY7,WIRRAL COMMUNITY HEALTH AND CARE NHS FOUNDATION TRUST,C_410,Rheumatology, -   , -   , -   ,-,-
Y62,RY7,WIRRAL COMMUNITY HEALTH AND CARE NHS FOUNDATION TRUST,C_430,Geriatric Medicine, -   , -   , -   ,-,-
Y62,RY7,WIRRAL COMMUNITY HEALTH AND CARE NHS FOUNDATION TRUST,C_502,Gynaecology, -   , -   , -   ,-,-
Y62,RY7,WIRRAL COMMUNITY HEALTH AND CARE NHS FOUNDATION TRUST,X01,Other, -   , -   , -   ,-,-
Y63,R0B,SOUTH TYNESIDE AND SUNDERLAND NHS FOUNDATION TRUST,C_100,General Surgery,"3,123","2,814",90.10%,6.1,19.1
Y63,R0B,SOUTH TYNESIDE AND SUNDERLAND NHS FOUNDATION TRUST,C_101,Urology,"3,347","2,978",89.00%,7.2,19.8
Y63,R0B,SOUTH TYNESIDE AND SUNDERLAND NHS FOUNDATION TRUST,C_110,Trauma & Orthopaedics,"3,894","3,095",79.50%,8.8,25.6
Y63,R0B,SOUTH TYNESIDE AND SUNDERLAND NHS FOUNDATION TRUST,C_120,"Ear, Nose & Throat (ENT)","3,342","3,179",95.10%,5.6,15.8
Y63,R0B,SOUTH TYNESIDE AND SUNDERLAND NHS FOUNDATION TRUST,C_130,Ophthalmology,"5,476","5,264",96.10%,5.8,15.1
Y63,R0B,SOUTH TYNESIDE AND SUNDERLAND NHS FOUNDATION TRUST,C_140,Oral Surgery,"2,240","1,984",88.60%,7.2,20.1
Y63,R0B,SOUTH TYNESIDE AND SUNDERLAND NHS FOUNDATION TRUST,C_150,Neurosurgery, -   , -   , -   ,-,-
Y63,R0B,SOUTH TYNESIDE AND SUNDERLAND NHS FOUNDATION TRUST,C_160,Plastic Surgery,19,19,100.00%,-,-
Y63,R0B,SOUTH TYNESIDE AND SUNDERLAND NHS FOUNDATION TRUST,C_170,Cardiothoracic Surgery, -   , -   , -   ,-,-
Y63,R0B,SOUTH TYNESIDE AND SUNDERLAND NHS FOUNDATION TRUST,C_300,General Medicine, -   , -   , -   ,-,-
Y63,R0B,SOUTH TYNESIDE AND SUNDERLAND NHS FOUNDATION TRUST,C_301,Gastroenterology,"1,190","1,168",98.20%,5.2,13.8
Y63,R0B,SOUTH TYNESIDE AND SUNDERLAND NHS FOUNDATION TRUST,C_320,Cardiology,"1,090","1,034",94.90%,5.8,15.2
Y63,R0B,SOUTH TYNESIDE AND SUNDERLAND NHS FOUNDATION TRUST,C_330,Dermatology,311,307,98.70%,4,8.6
Y63,R0B,SOUTH TYNESIDE AND SUNDERLAND NHS FOUNDATION TRUST,C_340,Thoracic Medicine,926,876,94.60%,7,16.3
Y63,R0B,SOUTH TYNESIDE AND SUNDERLAND NHS FOUNDATION TRUST,C_400,Neurology,"1,102","1,005",91.20%,7.2,18.4
Y63,R0B,SOUTH TYNESIDE AND SUNDERLAND NHS FOUNDATION TRUST,C_410,Rheumatology,776,753,97.00%,5.2,13.9
Y63,R0B,SOUTH TYNESIDE AND SUNDERLAND NHS FOUNDATION TRUST,C_430,Geriatric Medicine,653,617,94.50%,4.9,15.8
Y63,R0B,SOUTH TYNESIDE AND SUNDERLAND NHS FOUNDATION TRUST,C_502,Gynaecology,"1,610","1,564",97.10%,5.2,14.1
Y63,R0B,SOUTH TYNESIDE AND SUNDERLAND NHS FOUNDATION TRUST,X01,Other,"5,815","5,514",94.80%,5.2,15.7
Y63,RAE,BRADFORD TEACHING HOSPITALS NHS FOUNDATION TRUST,C_100,General Surgery,657,412,62.70%,13.5,35.6
Y63,RAE,BRADFORD TEACHING HOSPITALS NHS FOUNDATION TRUST,C_101,Urology,"1,412","1,221",86.50%,7.1,24.6
Y63,RAE,BRADFORD TEACHING HOSPITALS NHS FOUNDATION TRUST,C_110,Trauma & Orthopaedics,"1,367","1,144",83.70%,7.9,24.5
Y63,RAE,BRADFORD TEACHING HOSPITALS NHS FOUNDATION TRUST,C_120,"Ear, Nose & Throat (ENT)","2,291","1,844",80.50%,9.5,25.9
Y63,RAE,BRADFORD TEACHING HOSPITALS NHS FOUNDATION TRUST,C_130,Ophthalmology,"2,096","1,833",87.50%,8.1,22.1
Y63,RAE,BRADFORD TEACHING HOSPITALS NHS FOUNDATION TRUST,C_140,Oral Surgery,692,542,78.30%,10.2,24.9
Y63,RAE,BRADFORD TEACHING HOSPITALS NHS FOUNDATION TRUST,C_150,Neurosurgery, -   , -   , -   ,-,-
Y63,RAE,BRADFORD TEACHING HOSPITALS NHS FOUNDATION TRUST,C_160,Plastic Surgery,416,376,90.40%,7.3,19.5
Y63,RAE,BRADFORD TEACHING HOSPITALS NHS FOUNDATION TRUST,C_170,Cardiothoracic Surgery, -   , -   , -   ,-,-
Y63,RAE,BRADFORD TEACHING HOSPITALS NHS FOUNDATION TRUST,C_300,General Medicine,77,70,90.90%,5.3,20.8
Y63,RAE,BRADFORD TEACHING HOSPITALS NHS FOUNDATION TRUST,C_301,Gastroenterology,"1,673","1,487",88.90%,7.5,20.7
Y63,RAE,BRADFORD TEACHING HOSPITALS NHS FOUNDATION TRUST,C_320,Cardiology,"1,225","1,054",86.00%,8.4,22.2
Y63,RAE,BRADFORD TEACHING HOSPITALS NHS FOUNDATION TRUST,C_330,Dermatology,"1,074",996,92.70%,4.3,17.5
Y63,RAE,BRADFORD TEACHING HOSPITALS NHS FOUNDATION TRUST,C_340,Thoracic Medicine,633,435,68.70%,11.3,31.5
Y63,RAE,BRADFORD TEACHING HOSPITALS NHS FOUNDATION TRUST,C_400,Neurology,777,618,79.50%,9.6,27
Y63,RAE,BRADFORD TEACHING HOSPITALS NHS FOUNDATION TRUST,C_410,Rheumatology,630,394,62.50%,13.4,29.3
Y63,RAE,BRADFORD TEACHING HOSPITALS NHS FOUNDATION TRUST,C_430,Geriatric Medicine,73,73,100.00%,3.6,12.7
Y63,RAE,BRADFORD TEACHING HOSPITALS NHS FOUNDATION TRUST,C_502,Gynaecology,"1,636","1,448",88.50%,7.2,20.7
Y63,RAE,BRADFORD TEACHING HOSPITALS NHS FOUNDATION TRUST,X01,Other,"7,281","6,413",88.10%,7.3,20.8
Y63,RCB,YORK TEACHING HOSPITAL NHS FOUNDATION TRUST,C_100,General Surgery,"4,273","3,156",73.90%,9.1,32
Y63,RCB,YORK TEACHING HOSPITAL NHS FOUNDATION TRUST,C_101,Urology,"1,325","1,036",78.20%,6.5,31.8
Y63,RCB,YORK TEACHING HOSPITAL NHS FOUNDATION TRUST,C_110,Trauma & Orthopaedics,"2,523","1,993",79.00%,9.1,26.2
Y63,RCB,YORK TEACHING HOSPITAL NHS FOUNDATION TRUST,C_120,"Ear, Nose & Throat (ENT)","2,513","2,014",80.10%,8.8,29.5
Y63,RCB,YORK TEACHING HOSPITAL NHS FOUNDATION TRUST,C_130,Ophthalmology,"4,832","3,313",68.60%,10.6,33
Y63,RCB,YORK TEACHING HOSPITAL NHS FOUNDATION TRUST,C_140,Oral Surgery,"2,587","1,497",57.90%,14.9,35.7
Y63,RCB,YORK TEACHING HOSPITAL NHS FOUNDATION TRUST,C_150,Neurosurgery, -   , -   , -   ,-,-
Y63,RCB,YORK TEACHING HOSPITAL NHS FOUNDATION TRUST,C_160,Plastic Surgery,153,122,79.70%,7,27.9
Y63,RCB,YORK TEACHING HOSPITAL NHS FOUNDATION TRUST,C_170,Cardiothoracic Surgery, -   , -   , -   ,-,-
Y63,RCB,YORK TEACHING HOSPITAL NHS FOUNDATION TRUST,C_300,General Medicine,387,371,95.90%,5.4,14.7
Y63,RCB,YORK TEACHING HOSPITAL NHS FOUNDATION TRUST,C_301,Gastroenterology,"1,809","1,369",75.70%,9.8,27.6
Y63,RCB,YORK TEACHING HOSPITAL NHS FOUNDATION TRUST,C_320,Cardiology,"1,533","1,214",79.20%,9.9,25
Y63,RCB,YORK TEACHING HOSPITAL NHS FOUNDATION TRUST,C_330,Dermatology,"1,566","1,312",83.80%,8.3,24
Y63,RCB,YORK TEACHING HOSPITAL NHS FOUNDATION TRUST,C_340,Thoracic Medicine,966,665,68.80%,11.5,30.7
Y63,RCB,YORK TEACHING HOSPITAL NHS FOUNDATION TRUST,C_400,Neurology,864,785,90.90%,8.3,18.5
Y63,RCB,YORK TEACHING HOSPITAL NHS FOUNDATION TRUST,C_410,Rheumatology,788,592,75.10%,10.9,24.4
Y63,RCB,YORK TEACHING HOSPITAL NHS FOUNDATION TRUST,C_430,Geriatric Medicine,197,191,97.00%,4.5,14.7
Y63,RCB,YORK TEACHING HOSPITAL NHS FOUNDATION TRUST,C_502,Gynaecology,"1,437","1,211",84.30%,6.9,23.1
Y63,RCB,YORK TEACHING HOSPITAL NHS FOUNDATION TRUST,X01,Other,"1,990","1,772",89.00%,6.6,20.4
Y63,RCD,HARROGATE AND DISTRICT NHS FOUNDATION TRUST,C_100,General Surgery,"1,437",,,6.9,
Y63,RCD,HARROGATE AND DISTRICT NHS FOUNDATION TRUST,C_101,Urology,900,,,6,
Y63,RCD,HARROGATE AND DISTRICT NHS FOUNDATION TRUST,C_110,Trauma & Orthopaedics,"2,663",,,10.4,
Y63,RCD,HARROGATE AND DISTRICT NHS FOUNDATION TRUST,C_120,"Ear, Nose & Throat (ENT)","1,194",,,5.2,
Y63,RCD,HARROGATE AND DISTRICT NHS FOUNDATION TRUST,C_130,Ophthalmology,"1,447",,,7.2,
Y63,RCD,HARROGATE AND DISTRICT NHS FOUNDATION TRUST,C_140,Oral Surgery, -   ,,,-,
Y63,RCD,HARROGATE AND DISTRICT NHS FOUNDATION TRUST,C_150,Neurosurgery, -   ,,,-,
Y63,RCD,HARROGATE AND DISTRICT NHS FOUNDATION TRUST,C_160,Plastic Surgery, -   ,,,-,
Y63,RCD,HARROGATE AND DISTRICT NHS FOUNDATION TRUST,C_170,Cardiothoracic Surgery, -   ,,,-,
Y63,RCD,HARROGATE AND DISTRICT NHS FOUNDATION TRUST,C_300,General Medicine,8,,,-,
Y63,RCD,HARROGATE AND DISTRICT NHS FOUNDATION TRUST,C_301,Gastroenterology,520,,,5.4,
Y63,RCD,HARROGATE AND DISTRICT NHS FOUNDATION TRUST,C_320,Cardiology,598,,,5.1,
Y63,RCD,HARROGATE AND DISTRICT NHS FOUNDATION TRUST,C_330,Dermatology,"1,337",,,5.7,
Y63,RCD,HARROGATE AND DISTRICT NHS FOUNDATION TRUST,C_340,Thoracic Medicine,276,,,7.3,
Y63,RCD,HARROGATE AND DISTRICT NHS FOUNDATION TRUST,C_400,Neurology,601,,,9.4,
Y63,RCD,HARROGATE AND DISTRICT NHS FOUNDATION TRUST,C_410,Rheumatology,390,,,7.1,
Y63,RCD,HARROGATE AND DISTRICT NHS FOUNDATION TRUST,C_430,Geriatric Medicine,68,,,6.8,
Y63,RCD,HARROGATE AND DISTRICT NHS FOUNDATION TRUST,C_502,Gynaecology,"1,116",,,6.1,
Y63,RCD,HARROGATE AND DISTRICT NHS FOUNDATION TRUST,X01,Other,"2,793",,,5.9,
Y63,RCF,AIREDALE NHS FOUNDATION TRUST,C_100,General Surgery,"1,320","1,173",88.90%,6,21.1
Y63,RCF,AIREDALE NHS FOUNDATION TRUST,C_101,Urology,605,573,94.70%,4.7,16
Y63,RCF,AIREDALE NHS FOUNDATION TRUST,C_110,Trauma & Orthopaedics,847,729,86.10%,8.1,21.2
Y63,RCF,AIREDALE NHS FOUNDATION TRUST,C_120,"Ear, Nose & Throat (ENT)",673,611,90.80%,6.4,19.4
Y63,RCF,AIREDALE NHS FOUNDATION TRUST,C_130,Ophthalmology,944,887,94.00%,6.5,17
Y63,RCF,AIREDALE NHS FOUNDATION TRUST,C_140,Oral Surgery,253,247,97.60%,5.1,16.1
Y63,RCF,AIREDALE NHS FOUNDATION TRUST,C_150,Neurosurgery, -   , -   , -   ,-,-
Y63,RCF,AIREDALE NHS FOUNDATION TRUST,C_160,Plastic Surgery,46,42,91.30%,5.1,21.2
Y63,RCF,AIREDALE NHS FOUNDATION TRUST,C_170,Cardiothoracic Surgery, -   , -   , -   ,-,-
Y63,RCF,AIREDALE NHS FOUNDATION TRUST,C_300,General Medicine,20,20,100.00%,4.3,17.2
Y63,RCF,AIREDALE NHS FOUNDATION TRUST,C_301,Gastroenterology,731,669,91.50%,7.3,18.9
Y63,RCF,AIREDALE NHS FOUNDATION TRUST,C_320,Cardiology,597,530,88.80%,7.2,21.6
Y63,RCF,AIREDALE NHS FOUNDATION TRUST,C_330,Dermatology, -   , -   , -   ,-,-
Y63,RCF,AIREDALE NHS FOUNDATION TRUST,C_340,Thoracic Medicine,364,329,90.40%,7,19.3
Y63,RCF,AIREDALE NHS FOUNDATION TRUST,C_400,Neurology,555,393,70.80%,11.9,27.8
Y63,RCF,AIREDALE NHS FOUNDATION TRUST,C_410,Rheumatology,163,161,98.80%,6.3,15
Y63,RCF,AIREDALE NHS FOUNDATION TRUST,C_430,Geriatric Medicine,76,74,97.40%,5.4,15
Y63,RCF,AIREDALE NHS FOUNDATION TRUST,C_502,Gynaecology,785,734,93.50%,5.1,16.8
Y63,RCF,AIREDALE NHS FOUNDATION TRUST,X01,Other,985,945,95.90%,6.1,15.9
Y63,RCU,SHEFFIELD CHILDREN'S NHS FOUNDATION TRUST,C_100,General Surgery, -   , -   , -   ,-,-
Y63,RCU,SHEFFIELD CHILDREN'S NHS FOUNDATION TRUST,C_101,Urology, -   , -   , -   ,-,-
Y63,RCU,SHEFFIELD CHILDREN'S NHS FOUNDATION TRUST,C_110,Trauma & Orthopaedics, -   , -   , -   ,-,-
Y63,RCU,SHEFFIELD CHILDREN'S NHS FOUNDATION TRUST,C_120,"Ear, Nose & Throat (ENT)", -   , -   , -   ,-,-
Y63,RCU,SHEFFIELD CHILDREN'S NHS FOUNDATION TRUST,C_130,Ophthalmology, -   , -   , -   ,-,-
Y63,RCU,SHEFFIELD CHILDREN'S NHS FOUNDATION TRUST,C_140,Oral Surgery,75,43,57.30%,15.8,29
Y63,RCU,SHEFFIELD CHILDREN'S NHS FOUNDATION TRUST,C_150,Neurosurgery, -   , -   , -   ,-,-
Y63,RCU,SHEFFIELD CHILDREN'S NHS FOUNDATION TRUST,C_160,Plastic Surgery, -   , -   , -   ,-,-
Y63,RCU,SHEFFIELD CHILDREN'S NHS FOUNDATION TRUST,C_170,Cardiothoracic Surgery, -   , -   , -   ,-,-
Y63,RCU,SHEFFIELD CHILDREN'S NHS FOUNDATION TRUST,C_300,General Medicine, -   , -   , -   ,-,-
Y63,RCU,SHEFFIELD CHILDREN'S NHS FOUNDATION TRUST,C_301,Gastroenterology, -   , -   , -   ,-,-
Y63,RCU,SHEFFIELD CHILDREN'S NHS FOUNDATION TRUST,C_320,Cardiology, -   , -   , -   ,-,-
Y63,RCU,SHEFFIELD CHILDREN'S NHS FOUNDATION TRUST,C_330,Dermatology, -   , -   , -   ,-,-
Y63,RCU,SHEFFIELD CHILDREN'S NHS FOUNDATION TRUST,C_340,Thoracic Medicine, -   , -   , -   ,-,-
Y63,RCU,SHEFFIELD CHILDREN'S NHS FOUNDATION TRUST,C_400,Neurology, -   , -   , -   ,-,-
Y63,RCU,SHEFFIELD CHILDREN'S NHS FOUNDATION TRUST,C_410,Rheumatology, -   , -   , -   ,-,-
Y63,RCU,SHEFFIELD CHILDREN'S NHS FOUNDATION TRUST,C_430,Geriatric Medicine, -   , -   , -   ,-,-
Y63,RCU,SHEFFIELD CHILDREN'S NHS FOUNDATION TRUST,C_502,Gynaecology, -   , -   , -   ,-,-
Y63,RCU,SHEFFIELD CHILDREN'S NHS FOUNDATION TRUST,X01,Other,"8,956","7,921",88.40%,6.5,20.2
Y63,RFF,BARNSLEY HOSPITAL NHS FOUNDATION TRUST,C_100,General Surgery,"1,918","1,735",90.50%,7.2,20.2
Y63,RFF,BARNSLEY HOSPITAL NHS FOUNDATION TRUST,C_101,Urology,844,778,92.20%,7.2,17.9
Y63,RFF,BARNSLEY HOSPITAL NHS FOUNDATION TRUST,C_110,Trauma & Orthopaedics,"1,250","1,156",92.50%,7.5,17.8
Y63,RFF,BARNSLEY HOSPITAL NHS FOUNDATION TRUST,C_120,"Ear, Nose & Throat (ENT)","1,366","1,297",94.90%,4.9,15.8
Y63,RFF,BARNSLEY HOSPITAL NHS FOUNDATION TRUST,C_130,Ophthalmology,"1,331","1,288",96.80%,4.2,14.1
Y63,RFF,BARNSLEY HOSPITAL NHS FOUNDATION TRUST,C_140,Oral Surgery,"1,336","1,151",86.20%,8.6,22.7
Y63,RFF,BARNSLEY HOSPITAL NHS FOUNDATION TRUST,C_150,Neurosurgery, -   , -   , -   ,-,-
Y63,RFF,BARNSLEY HOSPITAL NHS FOUNDATION TRUST,C_160,Plastic Surgery, -   , -   , -   ,-,-
Y63,RFF,BARNSLEY HOSPITAL NHS FOUNDATION TRUST,C_170,Cardiothoracic Surgery, -   , -   , -   ,-,-
Y63,RFF,BARNSLEY HOSPITAL NHS FOUNDATION TRUST,C_300,General Medicine,141,141,100.00%,6.7,12.1
Y63,RFF,BARNSLEY HOSPITAL NHS FOUNDATION TRUST,C_301,Gastroenterology,"1,013","1,002",98.90%,5.5,12.2
Y63,RFF,BARNSLEY HOSPITAL NHS FOUNDATION TRUST,C_320,Cardiology,555,550,99.10%,5.6,13.5
Y63,RFF,BARNSLEY HOSPITAL NHS FOUNDATION TRUST,C_330,Dermatology,"1,172","1,091",93.10%,7.8,17.2
Y63,RFF,BARNSLEY HOSPITAL NHS FOUNDATION TRUST,C_340,Thoracic Medicine,256,254,99.20%,4.6,12.9
Y63,RFF,BARNSLEY HOSPITAL NHS FOUNDATION TRUST,C_400,Neurology, -   , -   , -   ,-,-
Y63,RFF,BARNSLEY HOSPITAL NHS FOUNDATION TRUST,C_410,Rheumatology,341,333,97.70%,6.7,15.1
Y63,RFF,BARNSLEY HOSPITAL NHS FOUNDATION TRUST,C_430,Geriatric Medicine,154,154,100.00%,4.5,10.8
Y63,RFF,BARNSLEY HOSPITAL NHS FOUNDATION TRUST,C_502,Gynaecology,972,939,96.60%,5.9,16.5
Y63,RFF,BARNSLEY HOSPITAL NHS FOUNDATION TRUST,X01,Other,926,865,93.40%,5,16.9
Y63,RFR,THE ROTHERHAM NHS FOUNDATION TRUST,C_100,General Surgery,"1,680","1,569",93.40%,6.9,17.3
Y63,RFR,THE ROTHERHAM NHS FOUNDATION TRUST,C_101,Urology,796,742,93.20%,8.1,16.9
Y63,RFR,THE ROTHERHAM NHS FOUNDATION TRUST,C_110,Trauma & Orthopaedics,"1,678","1,573",93.70%,6.8,17.1
Y63,RFR,THE ROTHERHAM NHS FOUNDATION TRUST,C_120,"Ear, Nose & Throat (ENT)","1,288","1,190",92.40%,4.8,17.7
Y63,RFR,THE ROTHERHAM NHS FOUNDATION TRUST,C_130,Ophthalmology,"1,541","1,441",93.50%,7.8,17
Y63,RFR,THE ROTHERHAM NHS FOUNDATION TRUST,C_140,Oral Surgery,387,206,53.20%,15.2,29.3
Y63,RFR,THE ROTHERHAM NHS FOUNDATION TRUST,C_150,Neurosurgery, -   , -   , -   ,-,-
Y63,RFR,THE ROTHERHAM NHS FOUNDATION TRUST,C_160,Plastic Surgery, -   , -   , -   ,-,-
Y63,RFR,THE ROTHERHAM NHS FOUNDATION TRUST,C_170,Cardiothoracic Surgery, -   , -   , -   ,-,-
Y63,RFR,THE ROTHERHAM NHS FOUNDATION TRUST,C_300,General Medicine,122,114,93.40%,4.5,15.6
Y63,RFR,THE ROTHERHAM NHS FOUNDATION TRUST,C_301,Gastroenterology,785,735,93.60%,10.2,17.6
Y63,RFR,THE ROTHERHAM NHS FOUNDATION TRUST,C_320,Cardiology,985,948,96.20%,9.1,17.1
Y63,RFR,THE ROTHERHAM NHS FOUNDATION TRUST,C_330,Dermatology,"1,104","1,068",96.70%,7,15.8
Y63,RFR,THE ROTHERHAM NHS FOUNDATION TRUST,C_340,Thoracic Medicine,813,690,84.90%,10.7,20.6
Y63,RFR,THE ROTHERHAM NHS FOUNDATION TRUST,C_400,Neurology, -   , -   , -   ,-,-
Y63,RFR,THE ROTHERHAM NHS FOUNDATION TRUST,C_410,Rheumatology,476,451,94.70%,8.3,17.6
Y63,RFR,THE ROTHERHAM NHS FOUNDATION TRUST,C_430,Geriatric Medicine,276,262,94.90%,6,13.8
Y63,RFR,THE ROTHERHAM NHS FOUNDATION TRUST,C_502,Gynaecology,"1,333","1,161",87.10%,7.2,22.1
Y63,RFR,THE ROTHERHAM NHS FOUNDATION TRUST,X01,Other,"1,466","1,426",97.30%,6.2,15.4
Y63,RHQ,SHEFFIELD TEACHING HOSPITALS NHS FOUNDATION TRUST,C_100,General Surgery,722,669,92.70%,6.9,17.7
Y63,RHQ,SHEFFIELD TEACHING HOSPITALS NHS FOUNDATION TRUST,C_101,Urology,"1,854","1,783",96.20%,5.2,15
Y63,RHQ,SHEFFIELD TEACHING HOSPITALS NHS FOUNDATION TRUST,C_110,Trauma & Orthopaedics,"4,257","3,803",89.30%,7.3,19.7
Y63,RHQ,SHEFFIELD TEACHING HOSPITALS NHS FOUNDATION TRUST,C_120,"Ear, Nose & Throat (ENT)","1,759","1,662",94.50%,5.4,15.5
Y63,RHQ,SHEFFIELD TEACHING HOSPITALS NHS FOUNDATION TRUST,C_130,Ophthalmology,"4,687","4,410",94.10%,6.5,16.8
Y63,RHQ,SHEFFIELD TEACHING HOSPITALS NHS FOUNDATION TRUST,C_140,Oral Surgery,"2,156","1,924",89.20%,7.2,20
Y63,RHQ,SHEFFIELD TEACHING HOSPITALS NHS FOUNDATION TRUST,C_150,Neurosurgery,"1,129","1,041",92.20%,5.7,17.7
Y63,RHQ,SHEFFIELD TEACHING HOSPITALS NHS FOUNDATION TRUST,C_160,Plastic Surgery,"1,680","1,525",90.80%,6.8,19
Y63,RHQ,SHEFFIELD TEACHING HOSPITALS NHS FOUNDATION TRUST,C_170,Cardiothoracic Surgery,368,358,97.30%,5.7,14.4
Y63,RHQ,SHEFFIELD TEACHING HOSPITALS NHS FOUNDATION TRUST,C_300,General Medicine,1,1,100.00%,-,-
Y63,RHQ,SHEFFIELD TEACHING HOSPITALS NHS FOUNDATION TRUST,C_301,Gastroenterology,"1,917","1,869",97.50%,5.3,13.2
Y63,RHQ,SHEFFIELD TEACHING HOSPITALS NHS FOUNDATION TRUST,C_320,Cardiology,"2,371","2,227",93.90%,6.3,16.5
Y63,RHQ,SHEFFIELD TEACHING HOSPITALS NHS FOUNDATION TRUST,C_330,Dermatology,"2,606","2,458",94.30%,5.9,16
Y63,RHQ,SHEFFIELD TEACHING HOSPITALS NHS FOUNDATION TRUST,C_340,Thoracic Medicine,992,984,99.20%,4.2,12.9
Y63,RHQ,SHEFFIELD TEACHING HOSPITALS NHS FOUNDATION TRUST,C_400,Neurology,"4,166","3,643",87.40%,8,20
Y63,RHQ,SHEFFIELD TEACHING HOSPITALS NHS FOUNDATION TRUST,C_410,Rheumatology,855,816,95.40%,6,15
Y63,RHQ,SHEFFIELD TEACHING HOSPITALS NHS FOUNDATION TRUST,C_430,Geriatric Medicine,103,102,99.00%,3.6,10.3
Y63,RHQ,SHEFFIELD TEACHING HOSPITALS NHS FOUNDATION TRUST,C_502,Gynaecology,"2,148","1,959",91.20%,4.8,18.5
Y63,RHQ,SHEFFIELD TEACHING HOSPITALS NHS FOUNDATION TRUST,X01,Other,"14,347","13,430",93.60%,6.1,16.7
Y63,RJL,NORTHERN LINCOLNSHIRE AND GOOLE NHS FOUNDATION TRUST,C_100,General Surgery,"4,279","3,110",72.70%,9.5,31.1
Y63,RJL,NORTHERN LINCOLNSHIRE AND GOOLE NHS FOUNDATION TRUST,C_101,Urology,"2,031","1,728",85.10%,7.5,23.5
Y63,RJL,NORTHERN LINCOLNSHIRE AND GOOLE NHS FOUNDATION TRUST,C_110,Trauma & Orthopaedics,"1,976","1,701",86.10%,7.5,22.9
Y63,RJL,NORTHERN LINCOLNSHIRE AND GOOLE NHS FOUNDATION TRUST,C_120,"Ear, Nose & Throat (ENT)","1,932","1,318",68.20%,11.3,31.1
Y63,RJL,NORTHERN LINCOLNSHIRE AND GOOLE NHS FOUNDATION TRUST,C_130,Ophthalmology,"3,103","2,333",75.20%,8.8,30.9
Y63,RJL,NORTHERN LINCOLNSHIRE AND GOOLE NHS FOUNDATION TRUST,C_140,Oral Surgery,"1,092",963,88.20%,7.4,21.6
Y63,RJL,NORTHERN LINCOLNSHIRE AND GOOLE NHS FOUNDATION TRUST,C_150,Neurosurgery, -   , -   , -   ,-,-
Y63,RJL,NORTHERN LINCOLNSHIRE AND GOOLE NHS FOUNDATION TRUST,C_160,Plastic Surgery, -   , -   , -   ,-,-
Y63,RJL,NORTHERN LINCOLNSHIRE AND GOOLE NHS FOUNDATION TRUST,C_170,Cardiothoracic Surgery, -   , -   , -   ,-,-
Y63,RJL,NORTHERN LINCOLNSHIRE AND GOOLE NHS FOUNDATION TRUST,C_300,General Medicine,822,737,89.70%,7.1,18.9
Y63,RJL,NORTHERN LINCOLNSHIRE AND GOOLE NHS FOUNDATION TRUST,C_301,Gastroenterology,"1,931","1,368",70.80%,9.8,31.9
Y63,RJL,NORTHERN LINCOLNSHIRE AND GOOLE NHS FOUNDATION TRUST,C_320,Cardiology,"1,653","1,303",78.80%,8.3,27.8
Y63,RJL,NORTHERN LINCOLNSHIRE AND GOOLE NHS FOUNDATION TRUST,C_330,Dermatology,310,301,97.10%,4.6,14.4
Y63,RJL,NORTHERN LINCOLNSHIRE AND GOOLE NHS FOUNDATION TRUST,C_340,Thoracic Medicine,897,624,69.60%,10.9,32.1
Y63,RJL,NORTHERN LINCOLNSHIRE AND GOOLE NHS FOUNDATION TRUST,C_400,Neurology,540,447,82.80%,9.8,24.6
Y63,RJL,NORTHERN LINCOLNSHIRE AND GOOLE NHS FOUNDATION TRUST,C_410,Rheumatology,717,583,81.30%,8.7,25.1
Y63,RJL,NORTHERN LINCOLNSHIRE AND GOOLE NHS FOUNDATION TRUST,C_430,Geriatric Medicine,200,194,97.00%,3.7,12.5
Y63,RJL,NORTHERN LINCOLNSHIRE AND GOOLE NHS FOUNDATION TRUST,C_502,Gynaecology,"1,715","1,586",92.50%,5.9,17.6
Y63,RJL,NORTHERN LINCOLNSHIRE AND GOOLE NHS FOUNDATION TRUST,X01,Other,"1,606","1,302",81.10%,7.4,27.1
Y63,RNL,NORTH CUMBRIA UNIVERSITY HOSPITALS NHS TRUST,C_100,General Surgery,919,511,55.60%,15.8,37.2
Y63,RNL,NORTH CUMBRIA UNIVERSITY HOSPITALS NHS TRUST,C_101,Urology,"1,593","1,044",65.50%,13.1,32.4
Y63,RNL,NORTH CUMBRIA UNIVERSITY HOSPITALS NHS TRUST,C_110,Trauma & Orthopaedics,"3,090","1,720",55.70%,15.9,39.1
Y63,RNL,NORTH CUMBRIA UNIVERSITY HOSPITALS NHS TRUST,C_120,"Ear, Nose & Throat (ENT)","3,438","2,647",77.00%,11.6,24.5
Y63,RNL,NORTH CUMBRIA UNIVERSITY HOSPITALS NHS TRUST,C_130,Ophthalmology,"4,125","2,578",62.50%,12.4,42.1
Y63,RNL,NORTH CUMBRIA UNIVERSITY HOSPITALS NHS TRUST,C_140,Oral Surgery,767,724,94.40%,6.6,15.7
Y63,RNL,NORTH CUMBRIA UNIVERSITY HOSPITALS NHS TRUST,C_150,Neurosurgery, -   , -   , -   ,-,-
Y63,RNL,NORTH CUMBRIA UNIVERSITY HOSPITALS NHS TRUST,C_160,Plastic Surgery,3,3,100.00%,-,-
Y63,RNL,NORTH CUMBRIA UNIVERSITY HOSPITALS NHS TRUST,C_170,Cardiothoracic Surgery, -   , -   , -   ,-,-
Y63,RNL,NORTH CUMBRIA UNIVERSITY HOSPITALS NHS TRUST,C_300,General Medicine,93,67,72.00%,13.5,27.6
Y63,RNL,NORTH CUMBRIA UNIVERSITY HOSPITALS NHS TRUST,C_301,Gastroenterology,977,539,55.20%,16.4,35.8
Y63,RNL,NORTH CUMBRIA UNIVERSITY HOSPITALS NHS TRUST,C_320,Cardiology,"1,300","1,076",82.80%,10.6,24.6
Y63,RNL,NORTH CUMBRIA UNIVERSITY HOSPITALS NHS TRUST,C_330,Dermatology,"1,627","1,338",82.20%,9.2,25.3
Y63,RNL,NORTH CUMBRIA UNIVERSITY HOSPITALS NHS TRUST,C_340,Thoracic Medicine,508,472,92.90%,7.9,16.5
Y63,RNL,NORTH CUMBRIA UNIVERSITY HOSPITALS NHS TRUST,C_400,Neurology, -   , -   , -   ,-,-
Y63,RNL,NORTH CUMBRIA UNIVERSITY HOSPITALS NHS TRUST,C_410,Rheumatology,434,395,91.00%,8,18.7
Y63,RNL,NORTH CUMBRIA UNIVERSITY HOSPITALS NHS TRUST,C_430,Geriatric Medicine,71,67,94.40%,3.7,14.7
Y63,RNL,NORTH CUMBRIA UNIVERSITY HOSPITALS NHS TRUST,C_502,Gynaecology,"2,166","1,737",80.20%,9.8,29.3
Y63,RNL,NORTH CUMBRIA UNIVERSITY HOSPITALS NHS TRUST,X01,Other,"5,159","3,984",77.20%,9.4,28.6
Y63,RNN,CUMBRIA PARTNERSHIP NHS FOUNDATION TRUST,C_100,General Surgery, -   , -   , -   ,-,-
Y63,RNN,CUMBRIA PARTNERSHIP NHS FOUNDATION TRUST,C_101,Urology, -   , -   , -   ,-,-
Y63,RNN,CUMBRIA PARTNERSHIP NHS FOUNDATION TRUST,C_110,Trauma & Orthopaedics, -   , -   , -   ,-,-
Y63,RNN,CUMBRIA PARTNERSHIP NHS FOUNDATION TRUST,C_120,"Ear, Nose & Throat (ENT)", -   , -   , -   ,-,-
Y63,RNN,CUMBRIA PARTNERSHIP NHS FOUNDATION TRUST,C_130,Ophthalmology, -   , -   , -   ,-,-
Y63,RNN,CUMBRIA PARTNERSHIP NHS FOUNDATION TRUST,C_140,Oral Surgery, -   , -   , -   ,-,-
Y63,RNN,CUMBRIA PARTNERSHIP NHS FOUNDATION TRUST,C_150,Neurosurgery, -   , -   , -   ,-,-
Y63,RNN,CUMBRIA PARTNERSHIP NHS FOUNDATION TRUST,C_160,Plastic Surgery, -   , -   , -   ,-,-
Y63,RNN,CUMBRIA PARTNERSHIP NHS FOUNDATION TRUST,C_170,Cardiothoracic Surgery, -   , -   , -   ,-,-
Y63,RNN,CUMBRIA PARTNERSHIP NHS FOUNDATION TRUST,C_300,General Medicine, -   , -   , -   ,-,-
Y63,RNN,CUMBRIA PARTNERSHIP NHS FOUNDATION TRUST,C_301,Gastroenterology, -   , -   , -   ,-,-
Y63,RNN,CUMBRIA PARTNERSHIP NHS FOUNDATION TRUST,C_320,Cardiology, -   , -   , -   ,-,-
Y63,RNN,CUMBRIA PARTNERSHIP NHS FOUNDATION TRUST,C_330,Dermatology, -   , -   , -   ,-,-
Y63,RNN,CUMBRIA PARTNERSHIP NHS FOUNDATION TRUST,C_340,Thoracic Medicine, -   , -   , -   ,-,-
Y63,RNN,CUMBRIA PARTNERSHIP NHS FOUNDATION TRUST,C_400,Neurology,948,798,84.20%,8.9,20.9
Y63,RNN,CUMBRIA PARTNERSHIP NHS FOUNDATION TRUST,C_410,Rheumatology, -   , -   , -   ,-,-
Y63,RNN,CUMBRIA PARTNERSHIP NHS FOUNDATION TRUST,C_430,Geriatric Medicine, -   , -   , -   ,-,-
Y63,RNN,CUMBRIA PARTNERSHIP NHS FOUNDATION TRUST,C_502,Gynaecology, -   , -   , -   ,-,-
Y63,RNN,CUMBRIA PARTNERSHIP NHS FOUNDATION TRUST,X01,Other,"2,108","2,055",97.50%,4.9,13.9
Y63,RP5,DONCASTER AND BASSETLAW TEACHING HOSPITALS NHS FOUNDATION TRUST,C_100,General Surgery,"2,741","2,345",85.60%,6.7,23.4
Y63,RP5,DONCASTER AND BASSETLAW TEACHING HOSPITALS NHS FOUNDATION TRUST,C_101,Urology,"1,688","1,413",83.70%,7.3,25.6
Y63,RP5,DONCASTER AND BASSETLAW TEACHING HOSPITALS NHS FOUNDATION TRUST,C_110,Trauma & Orthopaedics,"6,438","5,411",84.00%,7.5,23.3
Y63,RP5,DONCASTER AND BASSETLAW TEACHING HOSPITALS NHS FOUNDATION TRUST,C_120,"Ear, Nose & Throat (ENT)","3,116","2,576",82.70%,7.9,25
Y63,RP5,DONCASTER AND BASSETLAW TEACHING HOSPITALS NHS FOUNDATION TRUST,C_130,Ophthalmology,"3,022","2,560",84.70%,7.3,22
Y63,RP5,DONCASTER AND BASSETLAW TEACHING HOSPITALS NHS FOUNDATION TRUST,C_140,Oral Surgery,"1,714","1,529",89.20%,7.8,20.5
Y63,RP5,DONCASTER AND BASSETLAW TEACHING HOSPITALS NHS FOUNDATION TRUST,C_150,Neurosurgery, -   , -   , -   ,-,-
Y63,RP5,DONCASTER AND BASSETLAW TEACHING HOSPITALS NHS FOUNDATION TRUST,C_160,Plastic Surgery, -   , -   , -   ,-,-
Y63,RP5,DONCASTER AND BASSETLAW TEACHING HOSPITALS NHS FOUNDATION TRUST,C_170,Cardiothoracic Surgery, -   , -   , -   ,-,-
Y63,RP5,DONCASTER AND BASSETLAW TEACHING HOSPITALS NHS FOUNDATION TRUST,C_300,General Medicine,"2,144","1,693",79.00%,8.6,27.9
Y63,RP5,DONCASTER AND BASSETLAW TEACHING HOSPITALS NHS FOUNDATION TRUST,C_301,Gastroenterology, -   , -   , -   ,-,-
Y63,RP5,DONCASTER AND BASSETLAW TEACHING HOSPITALS NHS FOUNDATION TRUST,C_320,Cardiology,"2,058","1,796",87.30%,7.7,21.1
Y63,RP5,DONCASTER AND BASSETLAW TEACHING HOSPITALS NHS FOUNDATION TRUST,C_330,Dermatology,"2,094","1,953",93.30%,4.7,16.5
Y63,RP5,DONCASTER AND BASSETLAW TEACHING HOSPITALS NHS FOUNDATION TRUST,C_340,Thoracic Medicine,997,896,89.90%,6.8,19.4
Y63,RP5,DONCASTER AND BASSETLAW TEACHING HOSPITALS NHS FOUNDATION TRUST,C_400,Neurology, -   , -   , -   ,-,-
Y63,RP5,DONCASTER AND BASSETLAW TEACHING HOSPITALS NHS FOUNDATION TRUST,C_410,Rheumatology,969,774,79.90%,10.3,25.2
Y63,RP5,DONCASTER AND BASSETLAW TEACHING HOSPITALS NHS FOUNDATION TRUST,C_430,Geriatric Medicine,229,210,91.70%,7.6,18.2
Y63,RP5,DONCASTER AND BASSETLAW TEACHING HOSPITALS NHS FOUNDATION TRUST,C_502,Gynaecology,"1,592","1,536",96.50%,4.9,14.2
Y63,RP5,DONCASTER AND BASSETLAW TEACHING HOSPITALS NHS FOUNDATION TRUST,X01,Other,"3,557","3,261",91.70%,5.3,18.4
Y63,RR7,GATESHEAD HEALTH NHS FOUNDATION TRUST,C_100,General Surgery,"1,762","1,608",91.30%,6.4,18.5
Y63,RR7,GATESHEAD HEALTH NHS FOUNDATION TRUST,C_101,Urology,461,440,95.40%,6.9,16.7
Y63,RR7,GATESHEAD HEALTH NHS FOUNDATION TRUST,C_110,Trauma & Orthopaedics,"1,461","1,251",85.60%,8.8,22.8
Y63,RR7,GATESHEAD HEALTH NHS FOUNDATION TRUST,C_120,"Ear, Nose & Throat (ENT)", -   , -   , -   ,-,-
Y63,RR7,GATESHEAD HEALTH NHS FOUNDATION TRUST,C_130,Ophthalmology, -   , -   , -   ,-,-
Y63,RR7,GATESHEAD HEALTH NHS FOUNDATION TRUST,C_140,Oral Surgery, -   , -   , -   ,-,-
Y63,RR7,GATESHEAD HEALTH NHS FOUNDATION TRUST,C_150,Neurosurgery, -   , -   , -   ,-,-
Y63,RR7,GATESHEAD HEALTH NHS FOUNDATION TRUST,C_160,Plastic Surgery, -   , -   , -   ,-,-
Y63,RR7,GATESHEAD HEALTH NHS FOUNDATION TRUST,C_170,Cardiothoracic Surgery, -   , -   , -   ,-,-
Y63,RR7,GATESHEAD HEALTH NHS FOUNDATION TRUST,C_300,General Medicine,42,39,92.90%,9.3,17.8
Y63,RR7,GATESHEAD HEALTH NHS FOUNDATION TRUST,C_301,Gastroenterology,"1,422","1,330",93.50%,8.3,17.5
Y63,RR7,GATESHEAD HEALTH NHS FOUNDATION TRUST,C_320,Cardiology,572,528,92.30%,6,17.8
Y63,RR7,GATESHEAD HEALTH NHS FOUNDATION TRUST,C_330,Dermatology, -   , -   , -   ,-,-
Y63,RR7,GATESHEAD HEALTH NHS FOUNDATION TRUST,C_340,Thoracic Medicine,267,254,95.10%,6.6,16.5
Y63,RR7,GATESHEAD HEALTH NHS FOUNDATION TRUST,C_400,Neurology, -   , -   , -   ,-,-
Y63,RR7,GATESHEAD HEALTH NHS FOUNDATION TRUST,C_410,Rheumatology,386,364,94.30%,7.8,16.2
Y63,RR7,GATESHEAD HEALTH NHS FOUNDATION TRUST,C_430,Geriatric Medicine,271,264,97.40%,7,15.7
Y63,RR7,GATESHEAD HEALTH NHS FOUNDATION TRUST,C_502,Gynaecology,821,781,95.10%,6.4,15.9
Y63,RR7,GATESHEAD HEALTH NHS FOUNDATION TRUST,X01,Other,"1,503","1,412",93.90%,5.4,16.8
Y63,RR8,LEEDS TEACHING HOSPITALS NHS TRUST,C_100,General Surgery,"1,143",932,81.50%,10.2,23.4
Y63,RR8,LEEDS TEACHING HOSPITALS NHS TRUST,C_101,Urology,"3,286","2,238",68.10%,12.5,26.9
Y63,RR8,LEEDS TEACHING HOSPITALS NHS TRUST,C_110,Trauma & Orthopaedics,"5,673","3,536",62.30%,13.7,37.2
Y63,RR8,LEEDS TEACHING HOSPITALS NHS TRUST,C_120,"Ear, Nose & Throat (ENT)","1,670","1,321",79.10%,9.4,25.3
Y63,RR8,LEEDS TEACHING HOSPITALS NHS TRUST,C_130,Ophthalmology,"3,878","3,675",94.80%,5.1,15.8
Y63,RR8,LEEDS TEACHING HOSPITALS NHS TRUST,C_140,Oral Surgery,"1,526","1,378",90.30%,7.1,19.1
Y63,RR8,LEEDS TEACHING HOSPITALS NHS TRUST,C_150,Neurosurgery,306,259,84.60%,7.8,24.4
Y63,RR8,LEEDS TEACHING HOSPITALS NHS TRUST,C_160,Plastic Surgery,"2,025","1,576",77.80%,9.5,29.6
Y63,RR8,LEEDS TEACHING HOSPITALS NHS TRUST,C_170,Cardiothoracic Surgery,298,282,94.60%,5.6,16.5
Y63,RR8,LEEDS TEACHING HOSPITALS NHS TRUST,C_300,General Medicine, -   , -   , -   ,-,-
Y63,RR8,LEEDS TEACHING HOSPITALS NHS TRUST,C_301,Gastroenterology,"1,125","1,084",96.40%,4.7,14.9
Y63,RR8,LEEDS TEACHING HOSPITALS NHS TRUST,C_320,Cardiology,"2,699","2,688",99.60%,5,12
Y63,RR8,LEEDS TEACHING HOSPITALS NHS TRUST,C_330,Dermatology,"3,767","3,323",88.20%,7.6,19.7
Y63,RR8,LEEDS TEACHING HOSPITALS NHS TRUST,C_340,Thoracic Medicine,"1,170","1,066",91.10%,8,18.4
Y63,RR8,LEEDS TEACHING HOSPITALS NHS TRUST,C_400,Neurology,"1,727","1,726",99.90%,5.4,13.3
Y63,RR8,LEEDS TEACHING HOSPITALS NHS TRUST,C_410,Rheumatology,"2,278","2,120",93.10%,7.7,17.2
Y63,RR8,LEEDS TEACHING HOSPITALS NHS TRUST,C_430,Geriatric Medicine,149,149,100.00%,3.8,9.6
Y63,RR8,LEEDS TEACHING HOSPITALS NHS TRUST,C_502,Gynaecology,"4,270","3,817",89.40%,6.6,19.5
Y63,RR8,LEEDS TEACHING HOSPITALS NHS TRUST,X01,Other,"25,007","20,665",82.60%,8.3,24.5
Y63,RTD,THE NEWCASTLE UPON TYNE HOSPITALS NHS FOUNDATION TRUST,C_100,General Surgery,812,748,92.10%,7.8,18
Y63,RTD,THE NEWCASTLE UPON TYNE HOSPITALS NHS FOUNDATION TRUST,C_101,Urology,"3,130","2,792",89.20%,7.8,21.2
Y63,RTD,THE NEWCASTLE UPON TYNE HOSPITALS NHS FOUNDATION TRUST,C_110,Trauma & Orthopaedics,"8,621","7,373",85.50%,8,23.3
Y63,RTD,THE NEWCASTLE UPON TYNE HOSPITALS NHS FOUNDATION TRUST,C_120,"Ear, Nose & Throat (ENT)","7,452","6,395",85.80%,9.6,21.7
Y63,RTD,THE NEWCASTLE UPON TYNE HOSPITALS NHS FOUNDATION TRUST,C_130,Ophthalmology,"10,118","8,266",81.70%,9.6,23.9
Y63,RTD,THE NEWCASTLE UPON TYNE HOSPITALS NHS FOUNDATION TRUST,C_140,Oral Surgery,"2,016","1,961",97.30%,7.3,14.9
Y63,RTD,THE NEWCASTLE UPON TYNE HOSPITALS NHS FOUNDATION TRUST,C_150,Neurosurgery,653,613,93.90%,6.7,16.4
Y63,RTD,THE NEWCASTLE UPON TYNE HOSPITALS NHS FOUNDATION TRUST,C_160,Plastic Surgery,"1,170","1,085",92.70%,6.5,17.6
Y63,RTD,THE NEWCASTLE UPON TYNE HOSPITALS NHS FOUNDATION TRUST,C_170,Cardiothoracic Surgery,64,63,98.40%,5.6,14.9
Y63,RTD,THE NEWCASTLE UPON TYNE HOSPITALS NHS FOUNDATION TRUST,C_300,General Medicine,"1,019",956,93.80%,8.4,17.6
Y63,RTD,THE NEWCASTLE UPON TYNE HOSPITALS NHS FOUNDATION TRUST,C_301,Gastroenterology,"1,028",986,95.90%,7.9,16.5
Y63,RTD,THE NEWCASTLE UPON TYNE HOSPITALS NHS FOUNDATION TRUST,C_320,Cardiology,"4,091","3,834",93.70%,8.8,17.5
Y63,RTD,THE NEWCASTLE UPON TYNE HOSPITALS NHS FOUNDATION TRUST,C_330,Dermatology,"4,991","4,420",88.60%,7.5,19.4
Y63,RTD,THE NEWCASTLE UPON TYNE HOSPITALS NHS FOUNDATION TRUST,C_340,Thoracic Medicine,"1,075","1,062",98.80%,7.3,15.6
Y63,RTD,THE NEWCASTLE UPON TYNE HOSPITALS NHS FOUNDATION TRUST,C_400,Neurology,"2,303","2,169",94.20%,7.8,16.9
Y63,RTD,THE NEWCASTLE UPON TYNE HOSPITALS NHS FOUNDATION TRUST,C_410,Rheumatology,"1,250","1,223",97.80%,5.7,15.3
Y63,RTD,THE NEWCASTLE UPON TYNE HOSPITALS NHS FOUNDATION TRUST,C_430,Geriatric Medicine,419,416,99.30%,6.1,13.8
Y63,RTD,THE NEWCASTLE UPON TYNE HOSPITALS NHS FOUNDATION TRUST,C_502,Gynaecology,"3,349","3,169",94.60%,7.5,17.1
Y63,RTD,THE NEWCASTLE UPON TYNE HOSPITALS NHS FOUNDATION TRUST,X01,Other,"24,160","22,655",93.80%,7.2,17
Y63,RTF,NORTHUMBRIA HEALTHCARE NHS FOUNDATION TRUST,C_100,General Surgery,"4,925","4,728",96.00%,7,16.5
Y63,RTF,NORTHUMBRIA HEALTHCARE NHS FOUNDATION TRUST,C_101,Urology,"1,759","1,695",96.40%,6.5,16.3
Y63,RTF,NORTHUMBRIA HEALTHCARE NHS FOUNDATION TRUST,C_110,Trauma & Orthopaedics,"5,537","4,738",85.60%,8.9,23.3
Y63,RTF,NORTHUMBRIA HEALTHCARE NHS FOUNDATION TRUST,C_120,"Ear, Nose & Throat (ENT)", -   , -   , -   ,-,-
Y63,RTF,NORTHUMBRIA HEALTHCARE NHS FOUNDATION TRUST,C_130,Ophthalmology, -   , -   , -   ,-,-
Y63,RTF,NORTHUMBRIA HEALTHCARE NHS FOUNDATION TRUST,C_140,Oral Surgery,303,297,98.00%,6,14.6
Y63,RTF,NORTHUMBRIA HEALTHCARE NHS FOUNDATION TRUST,C_150,Neurosurgery, -   , -   , -   ,-,-
Y63,RTF,NORTHUMBRIA HEALTHCARE NHS FOUNDATION TRUST,C_160,Plastic Surgery,553,526,95.10%,6.7,15.6
Y63,RTF,NORTHUMBRIA HEALTHCARE NHS FOUNDATION TRUST,C_170,Cardiothoracic Surgery, -   , -   , -   ,-,-
Y63,RTF,NORTHUMBRIA HEALTHCARE NHS FOUNDATION TRUST,C_300,General Medicine,873,866,99.20%,5.7,13.8
Y63,RTF,NORTHUMBRIA HEALTHCARE NHS FOUNDATION TRUST,C_301,Gastroenterology,"1,346","1,295",96.20%,7.1,16.1
Y63,RTF,NORTHUMBRIA HEALTHCARE NHS FOUNDATION TRUST,C_320,Cardiology,"1,735","1,676",96.60%,6.4,15.9
Y63,RTF,NORTHUMBRIA HEALTHCARE NHS FOUNDATION TRUST,C_330,Dermatology, -   , -   , -   ,-,-
Y63,RTF,NORTHUMBRIA HEALTHCARE NHS FOUNDATION TRUST,C_340,Thoracic Medicine,"1,640","1,469",89.60%,8.2,19.8
Y63,RTF,NORTHUMBRIA HEALTHCARE NHS FOUNDATION TRUST,C_400,Neurology,9,9,100.00%,-,-
Y63,RTF,NORTHUMBRIA HEALTHCARE NHS FOUNDATION TRUST,C_410,Rheumatology,"1,290",989,76.70%,9.8,32.2
Y63,RTF,NORTHUMBRIA HEALTHCARE NHS FOUNDATION TRUST,C_430,Geriatric Medicine,975,912,93.50%,7.8,16.8
Y63,RTF,NORTHUMBRIA HEALTHCARE NHS FOUNDATION TRUST,C_502,Gynaecology,"2,460","2,343",95.20%,6.5,15.8
Y63,RTF,NORTHUMBRIA HEALTHCARE NHS FOUNDATION TRUST,X01,Other,"1,936","1,810",93.50%,6.1,16.6
Y63,RTR,SOUTH TEES HOSPITALS NHS FOUNDATION TRUST,C_100,General Surgery,"1,220","1,077",88.30%,7.6,21.2
Y63,RTR,SOUTH TEES HOSPITALS NHS FOUNDATION TRUST,C_101,Urology,"2,085","1,786",85.70%,9.3,23.9
Y63,RTR,SOUTH TEES HOSPITALS NHS FOUNDATION TRUST,C_110,Trauma & Orthopaedics,"4,419","2,972",67.30%,12.7,32.5
Y63,RTR,SOUTH TEES HOSPITALS NHS FOUNDATION TRUST,C_120,"Ear, Nose & Throat (ENT)","2,676","2,474",92.50%,7,17.6
Y63,RTR,SOUTH TEES HOSPITALS NHS FOUNDATION TRUST,C_130,Ophthalmology,"4,508","3,141",69.70%,11.5,29.7
Y63,RTR,SOUTH TEES HOSPITALS NHS FOUNDATION TRUST,C_140,Oral Surgery,"1,631","1,288",79.00%,10.7,23.2
Y63,RTR,SOUTH TEES HOSPITALS NHS FOUNDATION TRUST,C_150,Neurosurgery,590,534,90.50%,6.1,20.5
Y63,RTR,SOUTH TEES HOSPITALS NHS FOUNDATION TRUST,C_160,Plastic Surgery,"1,642","1,402",85.40%,7,22
Y63,RTR,SOUTH TEES HOSPITALS NHS FOUNDATION TRUST,C_170,Cardiothoracic Surgery,118,114,96.60%,6.8,16.5
Y63,RTR,SOUTH TEES HOSPITALS NHS FOUNDATION TRUST,C_300,General Medicine,4,4,100.00%,-,-
Y63,RTR,SOUTH TEES HOSPITALS NHS FOUNDATION TRUST,C_301,Gastroenterology,787,742,94.30%,7.1,16.2
Y63,RTR,SOUTH TEES HOSPITALS NHS FOUNDATION TRUST,C_320,Cardiology,"1,503","1,463",97.30%,5.8,15.5
Y63,RTR,SOUTH TEES HOSPITALS NHS FOUNDATION TRUST,C_330,Dermatology,"1,196","1,151",96.20%,6.6,15.1
Y63,RTR,SOUTH TEES HOSPITALS NHS FOUNDATION TRUST,C_340,Thoracic Medicine,521,518,99.40%,5.1,11.9
Y63,RTR,SOUTH TEES HOSPITALS NHS FOUNDATION TRUST,C_400,Neurology,"1,951","1,491",76.40%,11.2,25.8
Y63,RTR,SOUTH TEES HOSPITALS NHS FOUNDATION TRUST,C_410,Rheumatology,704,670,95.20%,7.1,15.1
Y63,RTR,SOUTH TEES HOSPITALS NHS FOUNDATION TRUST,C_430,Geriatric Medicine,45,45,100.00%,3,13.2
Y63,RTR,SOUTH TEES HOSPITALS NHS FOUNDATION TRUST,C_502,Gynaecology,"1,579","1,439",91.10%,6.8,18.7
Y63,RTR,SOUTH TEES HOSPITALS NHS FOUNDATION TRUST,X01,Other,"5,946","5,321",89.50%,7.5,19.4
Y63,RV9,HUMBER TEACHING NHS FOUNDATION TRUST,C_100,General Surgery, -   , -   , -   ,-,-
Y63,RV9,HUMBER TEACHING NHS FOUNDATION TRUST,C_101,Urology, -   , -   , -   ,-,-
Y63,RV9,HUMBER TEACHING NHS FOUNDATION TRUST,C_110,Trauma & Orthopaedics,46,45,97.80%,2.4,9.2
Y63,RV9,HUMBER TEACHING NHS FOUNDATION TRUST,C_120,"Ear, Nose & Throat (ENT)",105,98,93.30%,6.8,15.8
Y63,RV9,HUMBER TEACHING NHS FOUNDATION TRUST,C_130,Ophthalmology, -   , -   , -   ,-,-
Y63,RV9,HUMBER TEACHING NHS FOUNDATION TRUST,C_140,Oral Surgery, -   , -   , -   ,-,-
Y63,RV9,HUMBER TEACHING NHS FOUNDATION TRUST,C_150,Neurosurgery, -   , -   , -   ,-,-
Y63,RV9,HUMBER TEACHING NHS FOUNDATION TRUST,C_160,Plastic Surgery, -   , -   , -   ,-,-
Y63,RV9,HUMBER TEACHING NHS FOUNDATION TRUST,C_170,Cardiothoracic Surgery, -   , -   , -   ,-,-
Y63,RV9,HUMBER TEACHING NHS FOUNDATION TRUST,C_300,General Medicine, -   , -   , -   ,-,-
Y63,RV9,HUMBER TEACHING NHS FOUNDATION TRUST,C_301,Gastroenterology, -   , -   , -   ,-,-
Y63,RV9,HUMBER TEACHING NHS FOUNDATION TRUST,C_320,Cardiology,23,18,78.30%,13.8,20.6
Y63,RV9,HUMBER TEACHING NHS FOUNDATION TRUST,C_330,Dermatology, -   , -   , -   ,-,-
Y63,RV9,HUMBER TEACHING NHS FOUNDATION TRUST,C_340,Thoracic Medicine,8,8,100.00%,-,-
Y63,RV9,HUMBER TEACHING NHS FOUNDATION TRUST,C_400,Neurology, -   , -   , -   ,-,-
Y63,RV9,HUMBER TEACHING NHS FOUNDATION TRUST,C_410,Rheumatology, -   , -   , -   ,-,-
Y63,RV9,HUMBER TEACHING NHS FOUNDATION TRUST,C_430,Geriatric Medicine, -   , -   , -   ,-,-
Y63,RV9,HUMBER TEACHING NHS FOUNDATION TRUST,C_502,Gynaecology,50,50,100.00%,4.1,10
Y63,RV9,HUMBER TEACHING NHS FOUNDATION TRUST,X01,Other,106,104,98.10%,6.5,15.3
Y63,RVW,NORTH TEES AND HARTLEPOOL NHS FOUNDATION TRUST,C_100,General Surgery,"1,500","1,352",90.10%,5.2,19.1
Y63,RVW,NORTH TEES AND HARTLEPOOL NHS FOUNDATION TRUST,C_101,Urology,"1,069",924,86.40%,7.2,21.8
Y63,RVW,NORTH TEES AND HARTLEPOOL NHS FOUNDATION TRUST,C_110,Trauma & Orthopaedics,"3,594","3,377",94.00%,4.8,16.5
Y63,RVW,NORTH TEES AND HARTLEPOOL NHS FOUNDATION TRUST,C_120,"Ear, Nose & Throat (ENT)", -   , -   , -   ,-,-
Y63,RVW,NORTH TEES AND HARTLEPOOL NHS FOUNDATION TRUST,C_130,Ophthalmology, -   , -   , -   ,-,-
Y63,RVW,NORTH TEES AND HARTLEPOOL NHS FOUNDATION TRUST,C_140,Oral Surgery,71,71,100.00%,3.8,8.4
Y63,RVW,NORTH TEES AND HARTLEPOOL NHS FOUNDATION TRUST,C_150,Neurosurgery, -   , -   , -   ,-,-
Y63,RVW,NORTH TEES AND HARTLEPOOL NHS FOUNDATION TRUST,C_160,Plastic Surgery, -   , -   , -   ,-,-
Y63,RVW,NORTH TEES AND HARTLEPOOL NHS FOUNDATION TRUST,C_170,Cardiothoracic Surgery, -   , -   , -   ,-,-
Y63,RVW,NORTH TEES AND HARTLEPOOL NHS FOUNDATION TRUST,C_300,General Medicine,428,396,92.50%,6.9,17.4
Y63,RVW,NORTH TEES AND HARTLEPOOL NHS FOUNDATION TRUST,C_301,Gastroenterology,863,796,92.20%,5.9,17.8
Y63,RVW,NORTH TEES AND HARTLEPOOL NHS FOUNDATION TRUST,C_320,Cardiology,460,433,94.10%,4.6,16.2
Y63,RVW,NORTH TEES AND HARTLEPOOL NHS FOUNDATION TRUST,C_330,Dermatology, -   , -   , -   ,-,-
Y63,RVW,NORTH TEES AND HARTLEPOOL NHS FOUNDATION TRUST,C_340,Thoracic Medicine,485,460,94.80%,6,14.9
Y63,RVW,NORTH TEES AND HARTLEPOOL NHS FOUNDATION TRUST,C_400,Neurology, -   , -   , -   ,-,-
Y63,RVW,NORTH TEES AND HARTLEPOOL NHS FOUNDATION TRUST,C_410,Rheumatology,318,311,97.80%,5.6,12.1
Y63,RVW,NORTH TEES AND HARTLEPOOL NHS FOUNDATION TRUST,C_430,Geriatric Medicine,129,126,97.70%,3.2,11.9
Y63,RVW,NORTH TEES AND HARTLEPOOL NHS FOUNDATION TRUST,C_502,Gynaecology,"1,004",901,89.70%,5.2,20.5
Y63,RVW,NORTH TEES AND HARTLEPOOL NHS FOUNDATION TRUST,X01,Other,"1,186","1,113",93.80%,6.1,16.6
Y63,RWA,HULL UNIVERSITY TEACHING HOSPITALS NHS TRUST,C_100,General Surgery,"5,338","4,225",79.10%,8.5,25.8
Y63,RWA,HULL UNIVERSITY TEACHING HOSPITALS NHS TRUST,C_101,Urology,"2,424","1,942",80.10%,7.7,29.4
Y63,RWA,HULL UNIVERSITY TEACHING HOSPITALS NHS TRUST,C_110,Trauma & Orthopaedics,"2,463","1,895",76.90%,9.3,27.4
Y63,RWA,HULL UNIVERSITY TEACHING HOSPITALS NHS TRUST,C_120,"Ear, Nose & Throat (ENT)","6,562","3,396",51.80%,17,37.4
Y63,RWA,HULL UNIVERSITY TEACHING HOSPITALS NHS TRUST,C_130,Ophthalmology,"4,972","3,855",77.50%,8.6,30.7
Y63,RWA,HULL UNIVERSITY TEACHING HOSPITALS NHS TRUST,C_140,Oral Surgery,"2,341","1,773",75.70%,11,24.2
Y63,RWA,HULL UNIVERSITY TEACHING HOSPITALS NHS TRUST,C_150,Neurosurgery,"1,251","1,030",82.30%,8.2,25.2
Y63,RWA,HULL UNIVERSITY TEACHING HOSPITALS NHS TRUST,C_160,Plastic Surgery,"3,325","2,057",61.90%,13.2,37.7
Y63,RWA,HULL UNIVERSITY TEACHING HOSPITALS NHS TRUST,C_170,Cardiothoracic Surgery,322,209,64.90%,12.9,32.6
Y63,RWA,HULL UNIVERSITY TEACHING HOSPITALS NHS TRUST,C_300,General Medicine,300,288,96.00%,4.9,15.4
Y63,RWA,HULL UNIVERSITY TEACHING HOSPITALS NHS TRUST,C_301,Gastroenterology,"1,871","1,560",83.40%,8.8,23.3
Y63,RWA,HULL UNIVERSITY TEACHING HOSPITALS NHS TRUST,C_320,Cardiology,"4,570","2,984",65.30%,13.2,30.6
Y63,RWA,HULL UNIVERSITY TEACHING HOSPITALS NHS TRUST,C_330,Dermatology,"2,936","2,254",76.80%,9.8,28.7
Y63,RWA,HULL UNIVERSITY TEACHING HOSPITALS NHS TRUST,C_340,Thoracic Medicine,"1,425","1,052",73.80%,9.2,29.9
Y63,RWA,HULL UNIVERSITY TEACHING HOSPITALS NHS TRUST,C_400,Neurology,"2,155","1,703",79.00%,9.2,24
Y63,RWA,HULL UNIVERSITY TEACHING HOSPITALS NHS TRUST,C_410,Rheumatology,774,573,74.00%,11.7,26.9
Y63,RWA,HULL UNIVERSITY TEACHING HOSPITALS NHS TRUST,C_430,Geriatric Medicine,160,147,91.90%,5.2,18
Y63,RWA,HULL UNIVERSITY TEACHING HOSPITALS NHS TRUST,C_502,Gynaecology,"3,400","2,264",66.60%,11.1,39.5
Y63,RWA,HULL UNIVERSITY TEACHING HOSPITALS NHS TRUST,X01,Other,"7,188","5,581",77.60%,8.7,28.4
Y63,RWY,CALDERDALE AND HUDDERSFIELD NHS FOUNDATION TRUST,C_100,General Surgery,"3,711",,,7.1,
Y63,RWY,CALDERDALE AND HUDDERSFIELD NHS FOUNDATION TRUST,C_101,Urology,"1,738",,,8.8,
Y63,RWY,CALDERDALE AND HUDDERSFIELD NHS FOUNDATION TRUST,C_110,Trauma & Orthopaedics,"4,001",,,6.6,
Y63,RWY,CALDERDALE AND HUDDERSFIELD NHS FOUNDATION TRUST,C_120,"Ear, Nose & Throat (ENT)","2,951",,,6.3,
Y63,RWY,CALDERDALE AND HUDDERSFIELD NHS FOUNDATION TRUST,C_130,Ophthalmology,"3,140",,,8.1,
Y63,RWY,CALDERDALE AND HUDDERSFIELD NHS FOUNDATION TRUST,C_140,Oral Surgery,"1,219",,,7.5,
Y63,RWY,CALDERDALE AND HUDDERSFIELD NHS FOUNDATION TRUST,C_150,Neurosurgery, -   ,,,-,
Y63,RWY,CALDERDALE AND HUDDERSFIELD NHS FOUNDATION TRUST,C_160,Plastic Surgery,476,,,12.9,
Y63,RWY,CALDERDALE AND HUDDERSFIELD NHS FOUNDATION TRUST,C_170,Cardiothoracic Surgery, -   ,,,-,
Y63,RWY,CALDERDALE AND HUDDERSFIELD NHS FOUNDATION TRUST,C_300,General Medicine,220,,,5.6,
Y63,RWY,CALDERDALE AND HUDDERSFIELD NHS FOUNDATION TRUST,C_301,Gastroenterology,"1,865",,,6.6,
Y63,RWY,CALDERDALE AND HUDDERSFIELD NHS FOUNDATION TRUST,C_320,Cardiology,"1,414",,,8.4,
Y63,RWY,CALDERDALE AND HUDDERSFIELD NHS FOUNDATION TRUST,C_330,Dermatology,604,,,5.7,
Y63,RWY,CALDERDALE AND HUDDERSFIELD NHS FOUNDATION TRUST,C_340,Thoracic Medicine,484,,,7.5,
Y63,RWY,CALDERDALE AND HUDDERSFIELD NHS FOUNDATION TRUST,C_400,Neurology,"1,335",,,10.6,
Y63,RWY,CALDERDALE AND HUDDERSFIELD NHS FOUNDATION TRUST,C_410,Rheumatology,702,,,5.9,
Y63,RWY,CALDERDALE AND HUDDERSFIELD NHS FOUNDATION TRUST,C_430,Geriatric Medicine,127,,,7.7,
Y63,RWY,CALDERDALE AND HUDDERSFIELD NHS FOUNDATION TRUST,C_502,Gynaecology,"1,780",,,6.8,
Y63,RWY,CALDERDALE AND HUDDERSFIELD NHS FOUNDATION TRUST,X01,Other,"2,693",,,6.5,
Y63,RX4,"NORTHUMBERLAND, TYNE AND WEAR NHS FOUNDATION TRUST",C_100,General Surgery, -   , -   , -   ,-,-
Y63,RX4,"NORTHUMBERLAND, TYNE AND WEAR NHS FOUNDATION TRUST",C_101,Urology, -   , -   , -   ,-,-
Y63,RX4,"NORTHUMBERLAND, TYNE AND WEAR NHS FOUNDATION TRUST",C_110,Trauma & Orthopaedics, -   , -   , -   ,-,-
Y63,RX4,"NORTHUMBERLAND, TYNE AND WEAR NHS FOUNDATION TRUST",C_120,"Ear, Nose & Throat (ENT)", -   , -   , -   ,-,-
Y63,RX4,"NORTHUMBERLAND, TYNE AND WEAR NHS FOUNDATION TRUST",C_130,Ophthalmology, -   , -   , -   ,-,-
Y63,RX4,"NORTHUMBERLAND, TYNE AND WEAR NHS FOUNDATION TRUST",C_140,Oral Surgery, -   , -   , -   ,-,-
Y63,RX4,"NORTHUMBERLAND, TYNE AND WEAR NHS FOUNDATION TRUST",C_150,Neurosurgery, -   , -   , -   ,-,-
Y63,RX4,"NORTHUMBERLAND, TYNE AND WEAR NHS FOUNDATION TRUST",C_160,Plastic Surgery, -   , -   , -   ,-,-
Y63,RX4,"NORTHUMBERLAND, TYNE AND WEAR NHS FOUNDATION TRUST",C_170,Cardiothoracic Surgery, -   , -   , -   ,-,-
Y63,RX4,"NORTHUMBERLAND, TYNE AND WEAR NHS FOUNDATION TRUST",C_300,General Medicine, -   , -   , -   ,-,-
Y63,RX4,"NORTHUMBERLAND, TYNE AND WEAR NHS FOUNDATION TRUST",C_301,Gastroenterology, -   , -   , -   ,-,-
Y63,RX4,"NORTHUMBERLAND, TYNE AND WEAR NHS FOUNDATION TRUST",C_320,Cardiology, -   , -   , -   ,-,-
Y63,RX4,"NORTHUMBERLAND, TYNE AND WEAR NHS FOUNDATION TRUST",C_330,Dermatology, -   , -   , -   ,-,-
Y63,RX4,"NORTHUMBERLAND, TYNE AND WEAR NHS FOUNDATION TRUST",C_340,Thoracic Medicine, -   , -   , -   ,-,-
Y63,RX4,"NORTHUMBERLAND, TYNE AND WEAR NHS FOUNDATION TRUST",C_400,Neurology, -   , -   , -   ,-,-
Y63,RX4,"NORTHUMBERLAND, TYNE AND WEAR NHS FOUNDATION TRUST",C_410,Rheumatology, -   , -   , -   ,-,-
Y63,RX4,"NORTHUMBERLAND, TYNE AND WEAR NHS FOUNDATION TRUST",C_430,Geriatric Medicine, -   , -   , -   ,-,-
Y63,RX4,"NORTHUMBERLAND, TYNE AND WEAR NHS FOUNDATION TRUST",C_502,Gynaecology, -   , -   , -   ,-,-
Y63,RX4,"NORTHUMBERLAND, TYNE AND WEAR NHS FOUNDATION TRUST",X01,Other,194,194,100.00%,4,11.3
Y63,RXF,MID YORKSHIRE HOSPITALS NHS TRUST,C_100,General Surgery,656,586,89.30%,7,20.7
Y63,RXF,MID YORKSHIRE HOSPITALS NHS TRUST,C_101,Urology,"2,479","2,010",81.10%,8.5,25.4
Y63,RXF,MID YORKSHIRE HOSPITALS NHS TRUST,C_110,Trauma & Orthopaedics,"2,652","2,220",83.70%,9.2,21.7
Y63,RXF,MID YORKSHIRE HOSPITALS NHS TRUST,C_120,"Ear, Nose & Throat (ENT)","3,971","2,567",64.60%,13.5,28.5
Y63,RXF,MID YORKSHIRE HOSPITALS NHS TRUST,C_130,Ophthalmology,"3,216","2,899",90.10%,7.8,18.8
Y63,RXF,MID YORKSHIRE HOSPITALS NHS TRUST,C_140,Oral Surgery,"1,646","1,392",84.60%,9,21.8
Y63,RXF,MID YORKSHIRE HOSPITALS NHS TRUST,C_150,Neurosurgery, -   , -   , -   ,-,-
Y63,RXF,MID YORKSHIRE HOSPITALS NHS TRUST,C_160,Plastic Surgery,"1,508","1,294",85.80%,7.9,21.5
Y63,RXF,MID YORKSHIRE HOSPITALS NHS TRUST,C_170,Cardiothoracic Surgery, -   , -   , -   ,-,-
Y63,RXF,MID YORKSHIRE HOSPITALS NHS TRUST,C_300,General Medicine,11,11,100.00%,-,-
Y63,RXF,MID YORKSHIRE HOSPITALS NHS TRUST,C_301,Gastroenterology,"2,136","1,878",87.90%,6.3,21.5
Y63,RXF,MID YORKSHIRE HOSPITALS NHS TRUST,C_320,Cardiology,978,861,88.00%,7.9,20.5
Y63,RXF,MID YORKSHIRE HOSPITALS NHS TRUST,C_330,Dermatology,"1,412","1,215",86.00%,7.3,20.6
Y63,RXF,MID YORKSHIRE HOSPITALS NHS TRUST,C_340,Thoracic Medicine,721,663,92.00%,6.8,18
Y63,RXF,MID YORKSHIRE HOSPITALS NHS TRUST,C_400,Neurology,834,816,97.80%,5.6,14
Y63,RXF,MID YORKSHIRE HOSPITALS NHS TRUST,C_410,Rheumatology,829,640,77.20%,10.4,23.4
Y63,RXF,MID YORKSHIRE HOSPITALS NHS TRUST,C_430,Geriatric Medicine,105,97,92.40%,6.4,14.9
Y63,RXF,MID YORKSHIRE HOSPITALS NHS TRUST,C_502,Gynaecology,"2,581","1,980",76.70%,8.8,29
Y63,RXF,MID YORKSHIRE HOSPITALS NHS TRUST,X01,Other,"7,448","6,909",92.80%,6.6,17.5
Y63,RXG,SOUTH WEST YORKSHIRE PARTNERSHIP NHS FOUNDATION TRUST,C_100,General Surgery, -   , -   , -   ,-,-
Y63,RXG,SOUTH WEST YORKSHIRE PARTNERSHIP NHS FOUNDATION TRUST,C_101,Urology, -   , -   , -   ,-,-
Y63,RXG,SOUTH WEST YORKSHIRE PARTNERSHIP NHS FOUNDATION TRUST,C_110,Trauma & Orthopaedics, -   , -   , -   ,-,-
Y63,RXG,SOUTH WEST YORKSHIRE PARTNERSHIP NHS FOUNDATION TRUST,C_120,"Ear, Nose & Throat (ENT)", -   , -   , -   ,-,-
Y63,RXG,SOUTH WEST YORKSHIRE PARTNERSHIP NHS FOUNDATION TRUST,C_130,Ophthalmology, -   , -   , -   ,-,-
Y63,RXG,SOUTH WEST YORKSHIRE PARTNERSHIP NHS FOUNDATION TRUST,C_140,Oral Surgery, -   , -   , -   ,-,-
Y63,RXG,SOUTH WEST YORKSHIRE PARTNERSHIP NHS FOUNDATION TRUST,C_150,Neurosurgery, -   , -   , -   ,-,-
Y63,RXG,SOUTH WEST YORKSHIRE PARTNERSHIP NHS FOUNDATION TRUST,C_160,Plastic Surgery, -   , -   , -   ,-,-
Y63,RXG,SOUTH WEST YORKSHIRE PARTNERSHIP NHS FOUNDATION TRUST,C_170,Cardiothoracic Surgery, -   , -   , -   ,-,-
Y63,RXG,SOUTH WEST YORKSHIRE PARTNERSHIP NHS FOUNDATION TRUST,C_300,General Medicine, -   , -   , -   ,-,-
Y63,RXG,SOUTH WEST YORKSHIRE PARTNERSHIP NHS FOUNDATION TRUST,C_301,Gastroenterology, -   , -   , -   ,-,-
Y63,RXG,SOUTH WEST YORKSHIRE PARTNERSHIP NHS FOUNDATION TRUST,C_320,Cardiology, -   , -   , -   ,-,-
Y63,RXG,SOUTH WEST YORKSHIRE PARTNERSHIP NHS FOUNDATION TRUST,C_330,Dermatology, -   , -   , -   ,-,-
Y63,RXG,SOUTH WEST YORKSHIRE PARTNERSHIP NHS FOUNDATION TRUST,C_340,Thoracic Medicine, -   , -   , -   ,-,-
Y63,RXG,SOUTH WEST YORKSHIRE PARTNERSHIP NHS FOUNDATION TRUST,C_400,Neurology, -   , -   , -   ,-,-
Y63,RXG,SOUTH WEST YORKSHIRE PARTNERSHIP NHS FOUNDATION TRUST,C_410,Rheumatology, -   , -   , -   ,-,-
Y63,RXG,SOUTH WEST YORKSHIRE PARTNERSHIP NHS FOUNDATION TRUST,C_430,Geriatric Medicine, -   , -   , -   ,-,-
Y63,RXG,SOUTH WEST YORKSHIRE PARTNERSHIP NHS FOUNDATION TRUST,C_502,Gynaecology, -   , -   , -   ,-,-
Y63,RXG,SOUTH WEST YORKSHIRE PARTNERSHIP NHS FOUNDATION TRUST,X01,Other,"2,080","2,043",98.20%,3.2,11.2
Y63,RXP,COUNTY DURHAM AND DARLINGTON NHS FOUNDATION TRUST,C_100,General Surgery,"2,527","2,240",88.60%,6.2,21
Y63,RXP,COUNTY DURHAM AND DARLINGTON NHS FOUNDATION TRUST,C_101,Urology, -   , -   , -   ,-,-
Y63,RXP,COUNTY DURHAM AND DARLINGTON NHS FOUNDATION TRUST,C_110,Trauma & Orthopaedics,"5,100","4,602",90.20%,6.8,20
Y63,RXP,COUNTY DURHAM AND DARLINGTON NHS FOUNDATION TRUST,C_120,"Ear, Nose & Throat (ENT)","1,631","1,503",92.20%,4.1,17.9
Y63,RXP,COUNTY DURHAM AND DARLINGTON NHS FOUNDATION TRUST,C_130,Ophthalmology,"2,194","1,807",82.40%,8.6,22
Y63,RXP,COUNTY DURHAM AND DARLINGTON NHS FOUNDATION TRUST,C_140,Oral Surgery,280,275,98.20%,4.9,13.8
Y63,RXP,COUNTY DURHAM AND DARLINGTON NHS FOUNDATION TRUST,C_150,Neurosurgery, -   , -   , -   ,-,-
Y63,RXP,COUNTY DURHAM AND DARLINGTON NHS FOUNDATION TRUST,C_160,Plastic Surgery,"1,321","1,052",79.60%,8.6,26.1
Y63,RXP,COUNTY DURHAM AND DARLINGTON NHS FOUNDATION TRUST,C_170,Cardiothoracic Surgery,3,1,33.30%,-,-
Y63,RXP,COUNTY DURHAM AND DARLINGTON NHS FOUNDATION TRUST,C_300,General Medicine,567,449,79.20%,7.5,27.6
Y63,RXP,COUNTY DURHAM AND DARLINGTON NHS FOUNDATION TRUST,C_301,Gastroenterology,"1,775","1,731",97.50%,4,13.4
Y63,RXP,COUNTY DURHAM AND DARLINGTON NHS FOUNDATION TRUST,C_320,Cardiology,"1,325","1,225",92.50%,6.3,17.7
Y63,RXP,COUNTY DURHAM AND DARLINGTON NHS FOUNDATION TRUST,C_330,Dermatology,"2,119","1,931",91.10%,6.1,18.8
Y63,RXP,COUNTY DURHAM AND DARLINGTON NHS FOUNDATION TRUST,C_340,Thoracic Medicine,601,543,90.30%,7.1,19.2
Y63,RXP,COUNTY DURHAM AND DARLINGTON NHS FOUNDATION TRUST,C_400,Neurology,106,86,81.10%,5.2,25.5
Y63,RXP,COUNTY DURHAM AND DARLINGTON NHS FOUNDATION TRUST,C_410,Rheumatology,498,480,96.40%,7,14.2
Y63,RXP,COUNTY DURHAM AND DARLINGTON NHS FOUNDATION TRUST,C_430,Geriatric Medicine,277,273,98.60%,4.8,12.6
Y63,RXP,COUNTY DURHAM AND DARLINGTON NHS FOUNDATION TRUST,C_502,Gynaecology,"1,581","1,500",94.90%,4.1,15.5
Y63,RXP,COUNTY DURHAM AND DARLINGTON NHS FOUNDATION TRUST,X01,Other,"2,176","1,957",89.90%,5.9,21.3
Y63,RY6,LEEDS COMMUNITY HEALTHCARE NHS TRUST,C_100,General Surgery, -   , -   , -   ,-,-
Y63,RY6,LEEDS COMMUNITY HEALTHCARE NHS TRUST,C_101,Urology, -   , -   , -   ,-,-
Y63,RY6,LEEDS COMMUNITY HEALTHCARE NHS TRUST,C_110,Trauma & Orthopaedics,146,146,100.00%,2.7,7.7
Y63,RY6,LEEDS COMMUNITY HEALTHCARE NHS TRUST,C_120,"Ear, Nose & Throat (ENT)", -   , -   , -   ,-,-
Y63,RY6,LEEDS COMMUNITY HEALTHCARE NHS TRUST,C_130,Ophthalmology, -   , -   , -   ,-,-
Y63,RY6,LEEDS COMMUNITY HEALTHCARE NHS TRUST,C_140,Oral Surgery, -   , -   , -   ,-,-
Y63,RY6,LEEDS COMMUNITY HEALTHCARE NHS TRUST,C_150,Neurosurgery, -   , -   , -   ,-,-
Y63,RY6,LEEDS COMMUNITY HEALTHCARE NHS TRUST,C_160,Plastic Surgery, -   , -   , -   ,-,-
Y63,RY6,LEEDS COMMUNITY HEALTHCARE NHS TRUST,C_170,Cardiothoracic Surgery, -   , -   , -   ,-,-
Y63,RY6,LEEDS COMMUNITY HEALTHCARE NHS TRUST,C_300,General Medicine, -   , -   , -   ,-,-
Y63,RY6,LEEDS COMMUNITY HEALTHCARE NHS TRUST,C_301,Gastroenterology, -   , -   , -   ,-,-
Y63,RY6,LEEDS COMMUNITY HEALTHCARE NHS TRUST,C_320,Cardiology, -   , -   , -   ,-,-
Y63,RY6,LEEDS COMMUNITY HEALTHCARE NHS TRUST,C_330,Dermatology, -   , -   , -   ,-,-
Y63,RY6,LEEDS COMMUNITY HEALTHCARE NHS TRUST,C_340,Thoracic Medicine, -   , -   , -   ,-,-
Y63,RY6,LEEDS COMMUNITY HEALTHCARE NHS TRUST,C_400,Neurology, -   , -   , -   ,-,-
Y63,RY6,LEEDS COMMUNITY HEALTHCARE NHS TRUST,C_410,Rheumatology, -   , -   , -   ,-,-
Y63,RY6,LEEDS COMMUNITY HEALTHCARE NHS TRUST,C_430,Geriatric Medicine, -   , -   , -   ,-,-
Y63,RY6,LEEDS COMMUNITY HEALTHCARE NHS TRUST,C_502,Gynaecology,122,119,97.50%,12.5,15.6
Y63,RY6,LEEDS COMMUNITY HEALTHCARE NHS TRUST,X01,Other,872,779,89.30%,6.9,20.2
Y63,TAD,BRADFORD DISTRICT CARE NHS FOUNDATION TRUST,C_100,General Surgery, -   , -   , -   ,-,-
Y63,TAD,BRADFORD DISTRICT CARE NHS FOUNDATION TRUST,C_101,Urology, -   , -   , -   ,-,-
Y63,TAD,BRADFORD DISTRICT CARE NHS FOUNDATION TRUST,C_110,Trauma & Orthopaedics, -   , -   , -   ,-,-
Y63,TAD,BRADFORD DISTRICT CARE NHS FOUNDATION TRUST,C_120,"Ear, Nose & Throat (ENT)", -   , -   , -   ,-,-
Y63,TAD,BRADFORD DISTRICT CARE NHS FOUNDATION TRUST,C_130,Ophthalmology, -   , -   , -   ,-,-
Y63,TAD,BRADFORD DISTRICT CARE NHS FOUNDATION TRUST,C_140,Oral Surgery,469,406,86.60%,7.5,21.9
Y63,TAD,BRADFORD DISTRICT CARE NHS FOUNDATION TRUST,C_150,Neurosurgery, -   , -   , -   ,-,-
Y63,TAD,BRADFORD DISTRICT CARE NHS FOUNDATION TRUST,C_160,Plastic Surgery, -   , -   , -   ,-,-
Y63,TAD,BRADFORD DISTRICT CARE NHS FOUNDATION TRUST,C_170,Cardiothoracic Surgery, -   , -   , -   ,-,-
Y63,TAD,BRADFORD DISTRICT CARE NHS FOUNDATION TRUST,C_300,General Medicine, -   , -   , -   ,-,-
Y63,TAD,BRADFORD DISTRICT CARE NHS FOUNDATION TRUST,C_301,Gastroenterology, -   , -   , -   ,-,-
Y63,TAD,BRADFORD DISTRICT CARE NHS FOUNDATION TRUST,C_320,Cardiology, -   , -   , -   ,-,-
Y63,TAD,BRADFORD DISTRICT CARE NHS FOUNDATION TRUST,C_330,Dermatology, -   , -   , -   ,-,-
Y63,TAD,BRADFORD DISTRICT CARE NHS FOUNDATION TRUST,C_340,Thoracic Medicine, -   , -   , -   ,-,-
Y63,TAD,BRADFORD DISTRICT CARE NHS FOUNDATION TRUST,C_400,Neurology, -   , -   , -   ,-,-
Y63,TAD,BRADFORD DISTRICT CARE NHS FOUNDATION TRUST,C_410,Rheumatology, -   , -   , -   ,-,-
Y63,TAD,BRADFORD DISTRICT CARE NHS FOUNDATION TRUST,C_430,Geriatric Medicine, -   , -   , -   ,-,-
Y63,TAD,BRADFORD DISTRICT CARE NHS FOUNDATION TRUST,C_502,Gynaecology, -   , -   , -   ,-,-
Y63,TAD,BRADFORD DISTRICT CARE NHS FOUNDATION TRUST,X01,Other, -   , -   , -   ,-,-
