Region Code,Provider Code,Provider Name,Treatment Function Code,Treatment Function,Total number of incomplete pathways,Total within 18 weeks,% within 18 weeks,Average (median) waiting time (in weeks),92nd percentile waiting time (in weeks),Total 52 plus weeks,Total 78 plus weeks,Total 65 plus weeks
Y56,R1H,BARTS HEALTH NHS TRUST,C_100,General Surgery Service,"3,266","1,763",54.00%,15.4,50.2,224,5,69
Y56,R1H,BARTS HEALTH NHS TRUST,C_101,Urology Service,"5,964","2,877",48.20%,19,48.5,343,6,101
Y56,R1H,BARTS HEALTH NHS TRUST,C_110,Trauma and Orthopaedic Service,"7,754","4,268",55.00%,15.3,46.7,379,3,115
Y56,R1H,BARTS HEALTH NHS TRUST,C_120,Ear Nose and Throat Service,"7,124","3,519",49.40%,18.2,53,609,31,247
Y56,R1H,BARTS HEALTH NHS TRUST,C_130,Ophthalmology Service,"4,899","3,112",63.50%,13.2,37,33,-,3
Y56,R1H,BARTS HEALTH NHS TRUST,C_140,Oral Surgery Service,"6,906","3,066",44.40%,21.1,55,703,33,227
Y56,R1H,BARTS HEALTH NHS TRUST,C_150,Neurosurgical Service,"1,250",615,49.20%,18.4,50.3,91,1,26
Y56,R1H,BARTS HEALTH NHS TRUST,C_160,Plastic Surgery Service,"1,178",550,46.70%,19.9,51.1,86,1,19
Y56,R1H,BARTS HEALTH NHS TRUST,C_170,Cardiothoracic Surgery Service,5,5,100.00%,-,-,-,-,-
Y56,R1H,BARTS HEALTH NHS TRUST,C_300,General Internal Medicine Service,22,19,86.40%,4.5,34.2,-,-,-
Y56,R1H,BARTS HEALTH NHS TRUST,C_301,Gastroenterology Service,"8,922","4,388",49.20%,18.3,46.6,296,-,49
Y56,R1H,BARTS HEALTH NHS TRUST,C_320,Cardiology Service,"9,316","6,044",64.90%,12.9,33.9,30,-,2
Y56,R1H,BARTS HEALTH NHS TRUST,C_330,Dermatology Service,"6,519","3,183",48.80%,18.6,49.5,342,-,11
Y56,R1H,BARTS HEALTH NHS TRUST,C_340,Respiratory Medicine Service,"5,742","3,284",57.20%,15.1,41.3,204,1,37
Y56,R1H,BARTS HEALTH NHS TRUST,C_400,Neurology Service,"2,337","1,176",50.30%,17.9,43.3,53,-,9
Y56,R1H,BARTS HEALTH NHS TRUST,C_410,Rheumatology Service,"1,037",877,84.60%,7.1,25.6,2,-,-
Y56,R1H,BARTS HEALTH NHS TRUST,C_430,Elderly Medicine Service,361,307,85.00%,5.8,33.3,-,-,-
Y56,R1H,BARTS HEALTH NHS TRUST,C_502,Gynaecology Service,"11,023","5,850",53.10%,16.5,49.1,661,4,182
Y56,R1H,BARTS HEALTH NHS TRUST,X02,Other - Medical Services,"18,596","11,038",59.40%,13.9,42.3,327,2,45
Y56,R1H,BARTS HEALTH NHS TRUST,X03,Other - Mental Health Services,-,-,-,-,-,-,-,-
Y56,R1H,BARTS HEALTH NHS TRUST,X04,Other - Paediatric Services,"9,377","5,163",55.10%,15.4,53,804,19,243
Y56,R1H,BARTS HEALTH NHS TRUST,X05,Other - Surgical Services,"13,292","7,770",58.50%,14.2,46.9,661,20,177
Y56,R1H,BARTS HEALTH NHS TRUST,X06,Other - Other Services,783,562,71.80%,8.4,42.2,14,-,2
Y56,R1K,LONDON NORTH WEST UNIVERSITY HEALTHCARE NHS TRUST,C_100,General Surgery Service,"2,837","1,496",52.70%,16.2,48.8,169,5,41
Y56,R1K,LONDON NORTH WEST UNIVERSITY HEALTHCARE NHS TRUST,C_101,Urology Service,"4,157","1,879",45.20%,19.9,45.7,126,-,6
Y56,R1K,LONDON NORTH WEST UNIVERSITY HEALTHCARE NHS TRUST,C_110,Trauma and Orthopaedic Service,"8,664","3,267",37.70%,24.1,53,749,5,163
Y56,R1K,LONDON NORTH WEST UNIVERSITY HEALTHCARE NHS TRUST,C_120,Ear Nose and Throat Service,"9,987","4,422",44.30%,21,56.3,"1,126",19,360
Y56,R1K,LONDON NORTH WEST UNIVERSITY HEALTHCARE NHS TRUST,C_130,Ophthalmology Service,"2,383","1,284",53.90%,16.7,39.1,18,-,-
Y56,R1K,LONDON NORTH WEST UNIVERSITY HEALTHCARE NHS TRUST,C_140,Oral Surgery Service,"9,209","3,894",42.30%,21.7,52.2,750,11,260
Y56,R1K,LONDON NORTH WEST UNIVERSITY HEALTHCARE NHS TRUST,C_150,Neurosurgical Service,-,-,-,-,-,-,-,-
Y56,R1K,LONDON NORTH WEST UNIVERSITY HEALTHCARE NHS TRUST,C_160,Plastic Surgery Service,52,27,51.90%,16,42.8,1,-,-
Y56,R1K,LONDON NORTH WEST UNIVERSITY HEALTHCARE NHS TRUST,C_170,Cardiothoracic Surgery Service,-,-,-,-,-,-,-,-
Y56,R1K,LONDON NORTH WEST UNIVERSITY HEALTHCARE NHS TRUST,C_300,General Internal Medicine Service,20,14,70.00%,5,32.4,-,-,-
Y56,R1K,LONDON NORTH WEST UNIVERSITY HEALTHCARE NHS TRUST,C_301,Gastroenterology Service,"10,178","5,044",49.60%,18.2,42.9,207,-,13
Y56,R1K,LONDON NORTH WEST UNIVERSITY HEALTHCARE NHS TRUST,C_320,Cardiology Service,"11,158","5,553",49.80%,18.1,44,262,-,-
Y56,R1K,LONDON NORTH WEST UNIVERSITY HEALTHCARE NHS TRUST,C_330,Dermatology Service,"7,130","3,144",44.10%,21.3,48.2,306,-,15
Y56,R1K,LONDON NORTH WEST UNIVERSITY HEALTHCARE NHS TRUST,C_340,Respiratory Medicine Service,"3,801","2,084",54.80%,16.4,40.8,44,-,2
Y56,R1K,LONDON NORTH WEST UNIVERSITY HEALTHCARE NHS TRUST,C_400,Neurology Service,"3,842","1,337",34.80%,25.1,46.4,13,-,-
Y56,R1K,LONDON NORTH WEST UNIVERSITY HEALTHCARE NHS TRUST,C_410,Rheumatology Service,827,684,82.70%,6.9,24.9,-,-,-
Y56,R1K,LONDON NORTH WEST UNIVERSITY HEALTHCARE NHS TRUST,C_430,Elderly Medicine Service,51,51,100.00%,1.8,8,-,-,-
Y56,R1K,LONDON NORTH WEST UNIVERSITY HEALTHCARE NHS TRUST,C_502,Gynaecology Service,"6,770","3,103",45.80%,19.6,45.6,293,5,85
Y56,R1K,LONDON NORTH WEST UNIVERSITY HEALTHCARE NHS TRUST,X02,Other - Medical Services,"12,663","7,301",57.70%,15.2,41.3,184,1,13
Y56,R1K,LONDON NORTH WEST UNIVERSITY HEALTHCARE NHS TRUST,X03,Other - Mental Health Services,39,34,87.20%,9.3,20.9,-,-,-
Y56,R1K,LONDON NORTH WEST UNIVERSITY HEALTHCARE NHS TRUST,X04,Other - Paediatric Services,"3,446","1,964",57.00%,15.7,38.3,27,-,1
Y56,R1K,LONDON NORTH WEST UNIVERSITY HEALTHCARE NHS TRUST,X05,Other - Surgical Services,"9,526","4,833",50.70%,17.7,45.5,325,5,70
Y56,R1K,LONDON NORTH WEST UNIVERSITY HEALTHCARE NHS TRUST,X06,Other - Other Services,"1,107",955,86.30%,3.9,24.6,-,-,-
Y56,RAL,ROYAL FREE LONDON NHS FOUNDATION TRUST,C_100,General Surgery Service,"1,902",723,38.00%,22.9,56.7,209,1,81
Y56,RAL,ROYAL FREE LONDON NHS FOUNDATION TRUST,C_101,Urology Service,"8,190","3,251",39.70%,24.2,63.3,"1,476",16,554
Y56,RAL,ROYAL FREE LONDON NHS FOUNDATION TRUST,C_110,Trauma and Orthopaedic Service,"5,753","3,302",57.40%,15.4,43.8,215,1,60
Y56,RAL,ROYAL FREE LONDON NHS FOUNDATION TRUST,C_120,Ear Nose and Throat Service,"11,221","6,180",55.10%,15.8,54.3,"1,029",3,399
Y56,RAL,ROYAL FREE LONDON NHS FOUNDATION TRUST,C_130,Ophthalmology Service,"5,303","3,787",71.40%,10.4,34.7,60,-,7
Y56,RAL,ROYAL FREE LONDON NHS FOUNDATION TRUST,C_140,Oral Surgery Service,4,4,100.00%,-,-,-,-,-
Y56,RAL,ROYAL FREE LONDON NHS FOUNDATION TRUST,C_150,Neurosurgical Service,1,1,100.00%,-,-,-,-,-
Y56,RAL,ROYAL FREE LONDON NHS FOUNDATION TRUST,C_160,Plastic Surgery Service,"3,389","1,594",47.00%,19.4,56.7,374,23,136
Y56,RAL,ROYAL FREE LONDON NHS FOUNDATION TRUST,C_170,Cardiothoracic Surgery Service,13,13,100.00%,-,-,-,-,-
Y56,RAL,ROYAL FREE LONDON NHS FOUNDATION TRUST,C_300,General Internal Medicine Service,92,63,68.50%,4.8,44.3,-,-,-
Y56,RAL,ROYAL FREE LONDON NHS FOUNDATION TRUST,C_301,Gastroenterology Service,"4,082","2,729",66.90%,11.5,37.9,52,1,6
Y56,RAL,ROYAL FREE LONDON NHS FOUNDATION TRUST,C_320,Cardiology Service,"5,344","3,651",68.30%,12.2,33.6,53,-,1
Y56,RAL,ROYAL FREE LONDON NHS FOUNDATION TRUST,C_330,Dermatology Service,"9,368","5,686",60.70%,13.8,36.7,36,-,2
Y56,RAL,ROYAL FREE LONDON NHS FOUNDATION TRUST,C_340,Respiratory Medicine Service,"4,360","2,779",63.70%,13.2,40.3,74,-,4
Y56,RAL,ROYAL FREE LONDON NHS FOUNDATION TRUST,C_400,Neurology Service,"4,110","2,151",52.30%,17.2,38.3,5,-,3
Y56,RAL,ROYAL FREE LONDON NHS FOUNDATION TRUST,C_410,Rheumatology Service,"2,382","1,457",61.20%,14,39.4,10,1,1
Y56,RAL,ROYAL FREE LONDON NHS FOUNDATION TRUST,C_430,Elderly Medicine Service,104,54,51.90%,16.3,43.8,-,-,-
Y56,RAL,ROYAL FREE LONDON NHS FOUNDATION TRUST,C_502,Gynaecology Service,"6,961","3,682",52.90%,16.7,46.5,344,12,92
Y56,RAL,ROYAL FREE LONDON NHS FOUNDATION TRUST,X02,Other - Medical Services,"12,912","8,550",66.20%,11.9,36.8,146,-,19
Y56,RAL,ROYAL FREE LONDON NHS FOUNDATION TRUST,X03,Other - Mental Health Services,1,1,100.00%,-,-,-,-,-
Y56,RAL,ROYAL FREE LONDON NHS FOUNDATION TRUST,X04,Other - Paediatric Services,"5,067","2,856",56.40%,15.3,55.3,478,1,166
Y56,RAL,ROYAL FREE LONDON NHS FOUNDATION TRUST,X05,Other - Surgical Services,"16,679","9,220",55.30%,15.7,46.8,701,9,106
Y56,RAL,ROYAL FREE LONDON NHS FOUNDATION TRUST,X06,Other - Other Services,"2,081","1,052",50.60%,17.8,49.9,137,1,55
Y56,RAN,ROYAL NATIONAL ORTHOPAEDIC HOSPITAL NHS TRUST,C_100,General Surgery Service,-,-,-,-,-,-,-,-
Y56,RAN,ROYAL NATIONAL ORTHOPAEDIC HOSPITAL NHS TRUST,C_101,Urology Service,74,40,54.10%,16.5,36,-,-,-
Y56,RAN,ROYAL NATIONAL ORTHOPAEDIC HOSPITAL NHS TRUST,C_110,Trauma and Orthopaedic Service,"5,646","3,901",69.10%,10.5,36.2,93,3,11
Y56,RAN,ROYAL NATIONAL ORTHOPAEDIC HOSPITAL NHS TRUST,C_120,Ear Nose and Throat Service,-,-,-,-,-,-,-,-
Y56,RAN,ROYAL NATIONAL ORTHOPAEDIC HOSPITAL NHS TRUST,C_130,Ophthalmology Service,-,-,-,-,-,-,-,-
Y56,RAN,ROYAL NATIONAL ORTHOPAEDIC HOSPITAL NHS TRUST,C_140,Oral Surgery Service,-,-,-,-,-,-,-,-
Y56,RAN,ROYAL NATIONAL ORTHOPAEDIC HOSPITAL NHS TRUST,C_150,Neurosurgical Service,-,-,-,-,-,-,-,-
Y56,RAN,ROYAL NATIONAL ORTHOPAEDIC HOSPITAL NHS TRUST,C_160,Plastic Surgery Service,4,2,50.00%,-,-,-,-,-
Y56,RAN,ROYAL NATIONAL ORTHOPAEDIC HOSPITAL NHS TRUST,C_170,Cardiothoracic Surgery Service,-,-,-,-,-,-,-,-
Y56,RAN,ROYAL NATIONAL ORTHOPAEDIC HOSPITAL NHS TRUST,C_300,General Internal Medicine Service,-,-,-,-,-,-,-,-
Y56,RAN,ROYAL NATIONAL ORTHOPAEDIC HOSPITAL NHS TRUST,C_301,Gastroenterology Service,18,17,94.40%,-,-,-,-,-
Y56,RAN,ROYAL NATIONAL ORTHOPAEDIC HOSPITAL NHS TRUST,C_320,Cardiology Service,-,-,-,-,-,-,-,-
Y56,RAN,ROYAL NATIONAL ORTHOPAEDIC HOSPITAL NHS TRUST,C_330,Dermatology Service,-,-,-,-,-,-,-,-
Y56,RAN,ROYAL NATIONAL ORTHOPAEDIC HOSPITAL NHS TRUST,C_340,Respiratory Medicine Service,-,-,-,-,-,-,-,-
Y56,RAN,ROYAL NATIONAL ORTHOPAEDIC HOSPITAL NHS TRUST,C_400,Neurology Service,-,-,-,-,-,-,-,-
Y56,RAN,ROYAL NATIONAL ORTHOPAEDIC HOSPITAL NHS TRUST,C_410,Rheumatology Service,144,116,80.60%,9.9,25.7,-,-,-
Y56,RAN,ROYAL NATIONAL ORTHOPAEDIC HOSPITAL NHS TRUST,C_430,Elderly Medicine Service,-,-,-,-,-,-,-,-
Y56,RAN,ROYAL NATIONAL ORTHOPAEDIC HOSPITAL NHS TRUST,C_502,Gynaecology Service,-,-,-,-,-,-,-,-
Y56,RAN,ROYAL NATIONAL ORTHOPAEDIC HOSPITAL NHS TRUST,X02,Other - Medical Services,"1,351",734,54.30%,16.4,44.5,28,-,-
Y56,RAN,ROYAL NATIONAL ORTHOPAEDIC HOSPITAL NHS TRUST,X03,Other - Mental Health Services,20,20,100.00%,6.5,10.6,-,-,-
Y56,RAN,ROYAL NATIONAL ORTHOPAEDIC HOSPITAL NHS TRUST,X04,Other - Paediatric Services,607,434,71.50%,10.6,32.8,5,-,-
Y56,RAN,ROYAL NATIONAL ORTHOPAEDIC HOSPITAL NHS TRUST,X05,Other - Surgical Services,-,-,-,-,-,-,-,-
Y56,RAN,ROYAL NATIONAL ORTHOPAEDIC HOSPITAL NHS TRUST,X06,Other - Other Services,54,47,87.00%,14.2,21.7,-,-,-
Y56,RAP,NORTH MIDDLESEX UNIVERSITY HOSPITAL NHS TRUST,C_100,General Surgery Service,"1,263",506,40.10%,23.1,50.6,84,8,21
Y56,RAP,NORTH MIDDLESEX UNIVERSITY HOSPITAL NHS TRUST,C_101,Urology Service,"1,803","1,414",78.40%,8.9,25.5,6,-,1
Y56,RAP,NORTH MIDDLESEX UNIVERSITY HOSPITAL NHS TRUST,C_110,Trauma and Orthopaedic Service,"1,701","1,314",77.20%,8.6,30.6,14,-,-
Y56,RAP,NORTH MIDDLESEX UNIVERSITY HOSPITAL NHS TRUST,C_120,Ear Nose and Throat Service,-,-,-,-,-,-,-,-
Y56,RAP,NORTH MIDDLESEX UNIVERSITY HOSPITAL NHS TRUST,C_130,Ophthalmology Service,"1,015",927,91.30%,5.8,18.4,2,-,-
Y56,RAP,NORTH MIDDLESEX UNIVERSITY HOSPITAL NHS TRUST,C_140,Oral Surgery Service,-,-,-,-,-,-,-,-
Y56,RAP,NORTH MIDDLESEX UNIVERSITY HOSPITAL NHS TRUST,C_150,Neurosurgical Service,-,-,-,-,-,-,-,-
Y56,RAP,NORTH MIDDLESEX UNIVERSITY HOSPITAL NHS TRUST,C_160,Plastic Surgery Service,-,-,-,-,-,-,-,-
Y56,RAP,NORTH MIDDLESEX UNIVERSITY HOSPITAL NHS TRUST,C_170,Cardiothoracic Surgery Service,-,-,-,-,-,-,-,-
Y56,RAP,NORTH MIDDLESEX UNIVERSITY HOSPITAL NHS TRUST,C_300,General Internal Medicine Service,120,117,97.50%,4.2,14.7,-,-,-
Y56,RAP,NORTH MIDDLESEX UNIVERSITY HOSPITAL NHS TRUST,C_301,Gastroenterology Service,"2,591","1,386",53.50%,16.6,41.8,33,-,3
Y56,RAP,NORTH MIDDLESEX UNIVERSITY HOSPITAL NHS TRUST,C_320,Cardiology Service,"1,360","1,146",84.30%,8.8,21.2,3,-,-
Y56,RAP,NORTH MIDDLESEX UNIVERSITY HOSPITAL NHS TRUST,C_330,Dermatology Service,"1,334","1,218",91.30%,4.2,18.8,3,-,1
Y56,RAP,NORTH MIDDLESEX UNIVERSITY HOSPITAL NHS TRUST,C_340,Respiratory Medicine Service,"1,662","1,002",60.30%,14.3,34.5,4,-,1
Y56,RAP,NORTH MIDDLESEX UNIVERSITY HOSPITAL NHS TRUST,C_400,Neurology Service,"1,107",597,53.90%,16.6,35.4,3,-,2
Y56,RAP,NORTH MIDDLESEX UNIVERSITY HOSPITAL NHS TRUST,C_410,Rheumatology Service,524,398,76.00%,11.6,24.8,-,-,-
Y56,RAP,NORTH MIDDLESEX UNIVERSITY HOSPITAL NHS TRUST,C_430,Elderly Medicine Service,38,38,100.00%,2.3,8,-,-,-
Y56,RAP,NORTH MIDDLESEX UNIVERSITY HOSPITAL NHS TRUST,C_502,Gynaecology Service,"2,064","1,341",65.00%,12.4,37.5,33,1,7
Y56,RAP,NORTH MIDDLESEX UNIVERSITY HOSPITAL NHS TRUST,X02,Other - Medical Services,"5,324","3,772",70.80%,11,32.9,46,-,-
Y56,RAP,NORTH MIDDLESEX UNIVERSITY HOSPITAL NHS TRUST,X03,Other - Mental Health Services,-,-,-,-,-,-,-,-
Y56,RAP,NORTH MIDDLESEX UNIVERSITY HOSPITAL NHS TRUST,X04,Other - Paediatric Services,615,531,86.30%,7.7,22.2,1,-,-
Y56,RAP,NORTH MIDDLESEX UNIVERSITY HOSPITAL NHS TRUST,X05,Other - Surgical Services,"2,058","1,280",62.20%,11.2,41.4,29,2,13
Y56,RAP,NORTH MIDDLESEX UNIVERSITY HOSPITAL NHS TRUST,X06,Other - Other Services,226,208,92.00%,5.2,18,1,-,-
Y56,RAS,THE HILLINGDON HOSPITALS NHS FOUNDATION TRUST,C_100,General Surgery Service,"1,233",582,47.20%,18.8,47.9,65,-,1
Y56,RAS,THE HILLINGDON HOSPITALS NHS FOUNDATION TRUST,C_101,Urology Service,"1,612",702,43.50%,21.5,46.4,60,-,-
Y56,RAS,THE HILLINGDON HOSPITALS NHS FOUNDATION TRUST,C_110,Trauma and Orthopaedic Service,"4,455","1,690",37.90%,22.3,47,164,-,10
Y56,RAS,THE HILLINGDON HOSPITALS NHS FOUNDATION TRUST,C_120,Ear Nose and Throat Service,"1,810",680,37.60%,23.4,41.8,31,-,-
Y56,RAS,THE HILLINGDON HOSPITALS NHS FOUNDATION TRUST,C_130,Ophthalmology Service,"2,421","1,620",66.90%,11.5,32.8,12,-,-
Y56,RAS,THE HILLINGDON HOSPITALS NHS FOUNDATION TRUST,C_140,Oral Surgery Service,"1,847","1,152",62.40%,15.2,32.9,6,-,-
Y56,RAS,THE HILLINGDON HOSPITALS NHS FOUNDATION TRUST,C_150,Neurosurgical Service,-,-,-,-,-,-,-,-
Y56,RAS,THE HILLINGDON HOSPITALS NHS FOUNDATION TRUST,C_160,Plastic Surgery Service,13,5,38.50%,-,-,2,-,-
Y56,RAS,THE HILLINGDON HOSPITALS NHS FOUNDATION TRUST,C_170,Cardiothoracic Surgery Service,-,-,-,-,-,-,-,-
Y56,RAS,THE HILLINGDON HOSPITALS NHS FOUNDATION TRUST,C_300,General Internal Medicine Service,40,31,77.50%,10,22.8,1,-,-
Y56,RAS,THE HILLINGDON HOSPITALS NHS FOUNDATION TRUST,C_301,Gastroenterology Service,931,557,59.80%,14.1,37.4,9,-,-
Y56,RAS,THE HILLINGDON HOSPITALS NHS FOUNDATION TRUST,C_320,Cardiology Service,"1,267",763,60.20%,15.9,36.7,3,-,-
Y56,RAS,THE HILLINGDON HOSPITALS NHS FOUNDATION TRUST,C_330,Dermatology Service,"1,447","1,153",79.70%,7.7,26.9,-,-,-
Y56,RAS,THE HILLINGDON HOSPITALS NHS FOUNDATION TRUST,C_340,Respiratory Medicine Service,"1,594",984,61.70%,13.7,36.7,14,-,-
Y56,RAS,THE HILLINGDON HOSPITALS NHS FOUNDATION TRUST,C_400,Neurology Service,591,190,32.10%,27.3,45.7,16,-,1
Y56,RAS,THE HILLINGDON HOSPITALS NHS FOUNDATION TRUST,C_410,Rheumatology Service,869,190,21.90%,30.6,48.6,35,-,-
Y56,RAS,THE HILLINGDON HOSPITALS NHS FOUNDATION TRUST,C_430,Elderly Medicine Service,363,272,74.90%,9.2,35,2,-,-
Y56,RAS,THE HILLINGDON HOSPITALS NHS FOUNDATION TRUST,C_502,Gynaecology Service,"1,691","1,190",70.40%,10.9,31.9,1,-,-
Y56,RAS,THE HILLINGDON HOSPITALS NHS FOUNDATION TRUST,X02,Other - Medical Services,"3,245","2,027",62.50%,12.8,37.5,54,-,-
Y56,RAS,THE HILLINGDON HOSPITALS NHS FOUNDATION TRUST,X03,Other - Mental Health Services,-,-,-,-,-,-,-,-
Y56,RAS,THE HILLINGDON HOSPITALS NHS FOUNDATION TRUST,X04,Other - Paediatric Services,956,674,70.50%,10.4,34.3,2,-,-
Y56,RAS,THE HILLINGDON HOSPITALS NHS FOUNDATION TRUST,X05,Other - Surgical Services,"2,313","1,339",57.90%,15.5,40,46,-,1
Y56,RAS,THE HILLINGDON HOSPITALS NHS FOUNDATION TRUST,X06,Other - Other Services,"1,038",659,63.50%,11.2,44.6,32,-,1
Y56,RAX,KINGSTON HOSPITAL NHS FOUNDATION TRUST,C_100,General Surgery Service,957,530,55.40%,16.5,37.6,3,-,-
Y56,RAX,KINGSTON HOSPITAL NHS FOUNDATION TRUST,C_101,Urology Service,"1,684","1,314",78.00%,8.6,29.1,2,1,1
Y56,RAX,KINGSTON HOSPITAL NHS FOUNDATION TRUST,C_110,Trauma and Orthopaedic Service,"3,217","1,759",54.70%,16.3,37.7,5,-,-
Y56,RAX,KINGSTON HOSPITAL NHS FOUNDATION TRUST,C_120,Ear Nose and Throat Service,"4,700","3,067",65.30%,13.4,34.4,4,-,-
Y56,RAX,KINGSTON HOSPITAL NHS FOUNDATION TRUST,C_130,Ophthalmology Service,"4,347","3,237",74.50%,10.1,31.7,1,-,-
Y56,RAX,KINGSTON HOSPITAL NHS FOUNDATION TRUST,C_140,Oral Surgery Service,"1,108",826,74.50%,8.8,35.6,-,-,-
Y56,RAX,KINGSTON HOSPITAL NHS FOUNDATION TRUST,C_150,Neurosurgical Service,-,-,-,-,-,-,-,-
Y56,RAX,KINGSTON HOSPITAL NHS FOUNDATION TRUST,C_160,Plastic Surgery Service,225,171,76.00%,6.5,38,6,-,-
Y56,RAX,KINGSTON HOSPITAL NHS FOUNDATION TRUST,C_170,Cardiothoracic Surgery Service,-,-,-,-,-,-,-,-
Y56,RAX,KINGSTON HOSPITAL NHS FOUNDATION TRUST,C_300,General Internal Medicine Service,592,117,19.80%,32.3,55.1,62,-,-
Y56,RAX,KINGSTON HOSPITAL NHS FOUNDATION TRUST,C_301,Gastroenterology Service,"2,755","1,548",56.20%,15.5,38.5,-,-,-
Y56,RAX,KINGSTON HOSPITAL NHS FOUNDATION TRUST,C_320,Cardiology Service,"1,733","1,208",69.70%,12.1,29.6,1,-,-
Y56,RAX,KINGSTON HOSPITAL NHS FOUNDATION TRUST,C_330,Dermatology Service,"3,385","1,656",48.90%,18.4,37.2,7,-,-
Y56,RAX,KINGSTON HOSPITAL NHS FOUNDATION TRUST,C_340,Respiratory Medicine Service,"1,455",754,51.80%,17.3,41.6,-,-,-
Y56,RAX,KINGSTON HOSPITAL NHS FOUNDATION TRUST,C_400,Neurology Service,930,609,65.50%,13.9,35.1,-,-,-
Y56,RAX,KINGSTON HOSPITAL NHS FOUNDATION TRUST,C_410,Rheumatology Service,561,486,86.60%,10.3,19.9,-,-,-
Y56,RAX,KINGSTON HOSPITAL NHS FOUNDATION TRUST,C_430,Elderly Medicine Service,24,24,100.00%,3.5,9.1,-,-,-
Y56,RAX,KINGSTON HOSPITAL NHS FOUNDATION TRUST,C_502,Gynaecology Service,"3,540","2,131",60.20%,14.5,38.9,20,-,-
Y56,RAX,KINGSTON HOSPITAL NHS FOUNDATION TRUST,X02,Other - Medical Services,712,662,93.00%,5.4,17.5,-,-,-
Y56,RAX,KINGSTON HOSPITAL NHS FOUNDATION TRUST,X03,Other - Mental Health Services,-,-,-,-,-,-,-,-
Y56,RAX,KINGSTON HOSPITAL NHS FOUNDATION TRUST,X04,Other - Paediatric Services,"1,833",902,49.20%,18.4,55.2,208,-,-
Y56,RAX,KINGSTON HOSPITAL NHS FOUNDATION TRUST,X05,Other - Surgical Services,"6,004","3,897",64.90%,12.1,34.7,7,-,-
Y56,RAX,KINGSTON HOSPITAL NHS FOUNDATION TRUST,X06,Other - Other Services,56,33,58.90%,14.3,39.5,-,-,-
Y56,RF4,"BARKING, HAVERING AND REDBRIDGE UNIVERSITY HOSPITALS NHS TRUST",C_100,General Surgery Service,"4,394","2,666",60.70%,13.4,39.6,104,-,11
Y56,RF4,"BARKING, HAVERING AND REDBRIDGE UNIVERSITY HOSPITALS NHS TRUST",C_101,Urology Service,"4,194","2,711",64.60%,12.7,34,23,-,1
Y56,RF4,"BARKING, HAVERING AND REDBRIDGE UNIVERSITY HOSPITALS NHS TRUST",C_110,Trauma and Orthopaedic Service,"4,628","2,905",62.80%,13.6,39.4,120,3,27
Y56,RF4,"BARKING, HAVERING AND REDBRIDGE UNIVERSITY HOSPITALS NHS TRUST",C_120,Ear Nose and Throat Service,"5,303","3,802",71.70%,10.9,31.2,12,-,-
Y56,RF4,"BARKING, HAVERING AND REDBRIDGE UNIVERSITY HOSPITALS NHS TRUST",C_130,Ophthalmology Service,"3,851","3,037",78.90%,9.5,24.9,1,-,-
Y56,RF4,"BARKING, HAVERING AND REDBRIDGE UNIVERSITY HOSPITALS NHS TRUST",C_140,Oral Surgery Service,"1,621","1,069",65.90%,11.4,38.4,19,1,2
Y56,RF4,"BARKING, HAVERING AND REDBRIDGE UNIVERSITY HOSPITALS NHS TRUST",C_150,Neurosurgical Service,"4,036","1,953",48.40%,18.6,43.4,114,-,15
Y56,RF4,"BARKING, HAVERING AND REDBRIDGE UNIVERSITY HOSPITALS NHS TRUST",C_160,Plastic Surgery Service,-,-,-,-,-,-,-,-
Y56,RF4,"BARKING, HAVERING AND REDBRIDGE UNIVERSITY HOSPITALS NHS TRUST",C_170,Cardiothoracic Surgery Service,-,-,-,-,-,-,-,-
Y56,RF4,"BARKING, HAVERING AND REDBRIDGE UNIVERSITY HOSPITALS NHS TRUST",C_300,General Internal Medicine Service,5,4,80.00%,-,-,-,-,-
Y56,RF4,"BARKING, HAVERING AND REDBRIDGE UNIVERSITY HOSPITALS NHS TRUST",C_301,Gastroenterology Service,"1,173","1,069",91.10%,7.1,18.9,1,-,-
Y56,RF4,"BARKING, HAVERING AND REDBRIDGE UNIVERSITY HOSPITALS NHS TRUST",C_320,Cardiology Service,"2,583","2,207",85.40%,7.8,23.7,12,-,-
Y56,RF4,"BARKING, HAVERING AND REDBRIDGE UNIVERSITY HOSPITALS NHS TRUST",C_330,Dermatology Service,"4,394","2,604",59.30%,14.6,40.3,89,1,23
Y56,RF4,"BARKING, HAVERING AND REDBRIDGE UNIVERSITY HOSPITALS NHS TRUST",C_340,Respiratory Medicine Service,"3,193","2,029",63.50%,11,47.2,121,2,9
Y56,RF4,"BARKING, HAVERING AND REDBRIDGE UNIVERSITY HOSPITALS NHS TRUST",C_400,Neurology Service,"4,060","1,816",44.70%,20.5,43.9,62,-,2
Y56,RF4,"BARKING, HAVERING AND REDBRIDGE UNIVERSITY HOSPITALS NHS TRUST",C_410,Rheumatology Service,"1,053",772,73.30%,11.1,30,18,-,6
Y56,RF4,"BARKING, HAVERING AND REDBRIDGE UNIVERSITY HOSPITALS NHS TRUST",C_430,Elderly Medicine Service,91,83,91.20%,6.4,18.2,-,-,-
Y56,RF4,"BARKING, HAVERING AND REDBRIDGE UNIVERSITY HOSPITALS NHS TRUST",C_502,Gynaecology Service,"7,715","3,182",41.20%,22.7,53.2,712,13,160
Y56,RF4,"BARKING, HAVERING AND REDBRIDGE UNIVERSITY HOSPITALS NHS TRUST",X02,Other - Medical Services,"8,863","5,746",64.80%,12.8,39.5,237,1,47
Y56,RF4,"BARKING, HAVERING AND REDBRIDGE UNIVERSITY HOSPITALS NHS TRUST",X03,Other - Mental Health Services,-,-,-,-,-,-,-,-
Y56,RF4,"BARKING, HAVERING AND REDBRIDGE UNIVERSITY HOSPITALS NHS TRUST",X04,Other - Paediatric Services,262,169,64.50%,7.5,29.6,-,-,-
Y56,RF4,"BARKING, HAVERING AND REDBRIDGE UNIVERSITY HOSPITALS NHS TRUST",X05,Other - Surgical Services,"3,334","2,267",68.00%,11.4,40.5,38,-,2
Y56,RF4,"BARKING, HAVERING AND REDBRIDGE UNIVERSITY HOSPITALS NHS TRUST",X06,Other - Other Services,"1,056",713,67.50%,11.6,57.7,118,2,50
Y56,RJ1,GUY'S AND ST THOMAS' NHS FOUNDATION TRUST,C_100,General Surgery Service,"1,316",646,49.10%,18.4,45.8,58,-,9
Y56,RJ1,GUY'S AND ST THOMAS' NHS FOUNDATION TRUST,C_101,Urology Service,"6,769","3,041",44.90%,20.4,53,574,3,183
Y56,RJ1,GUY'S AND ST THOMAS' NHS FOUNDATION TRUST,C_110,Trauma and Orthopaedic Service,"5,110","2,840",55.60%,15.9,49,322,-,88
Y56,RJ1,GUY'S AND ST THOMAS' NHS FOUNDATION TRUST,C_120,Ear Nose and Throat Service,"13,620","5,509",40.40%,23.2,58.6,"2,145",5,408
Y56,RJ1,GUY'S AND ST THOMAS' NHS FOUNDATION TRUST,C_130,Ophthalmology Service,"4,541","2,878",63.40%,12.8,40.3,33,-,-
Y56,RJ1,GUY'S AND ST THOMAS' NHS FOUNDATION TRUST,C_140,Oral Surgery Service,"7,689","5,223",67.90%,12.8,34.7,54,-,3
Y56,RJ1,GUY'S AND ST THOMAS' NHS FOUNDATION TRUST,C_150,Neurosurgical Service,20,11,55.00%,17,36.4,-,-,-
Y56,RJ1,GUY'S AND ST THOMAS' NHS FOUNDATION TRUST,C_160,Plastic Surgery Service,"3,799","1,651",43.50%,21.8,55.4,397,5,128
Y56,RJ1,GUY'S AND ST THOMAS' NHS FOUNDATION TRUST,C_170,Cardiothoracic Surgery Service,154,91,59.10%,13.3,51.7,12,-,2
Y56,RJ1,GUY'S AND ST THOMAS' NHS FOUNDATION TRUST,C_300,General Internal Medicine Service,630,309,49.00%,18.7,45.9,43,-,1
Y56,RJ1,GUY'S AND ST THOMAS' NHS FOUNDATION TRUST,C_301,Gastroenterology Service,"3,486","2,650",76.00%,10.1,27,-,-,-
Y56,RJ1,GUY'S AND ST THOMAS' NHS FOUNDATION TRUST,C_320,Cardiology Service,"11,168","6,485",58.10%,14.9,39.2,188,-,34
Y56,RJ1,GUY'S AND ST THOMAS' NHS FOUNDATION TRUST,C_330,Dermatology Service,"11,529","6,594",57.20%,15.5,42.9,342,-,24
Y56,RJ1,GUY'S AND ST THOMAS' NHS FOUNDATION TRUST,C_340,Respiratory Medicine Service,"9,950","6,510",65.40%,11.9,37.5,196,1,56
Y56,RJ1,GUY'S AND ST THOMAS' NHS FOUNDATION TRUST,C_400,Neurology Service,"3,026","1,508",49.80%,18.1,46.9,112,-,2
Y56,RJ1,GUY'S AND ST THOMAS' NHS FOUNDATION TRUST,C_410,Rheumatology Service,894,718,80.30%,7.6,29,-,-,-
Y56,RJ1,GUY'S AND ST THOMAS' NHS FOUNDATION TRUST,C_430,Elderly Medicine Service,"1,108",686,61.90%,9.7,41.4,1,-,-
Y56,RJ1,GUY'S AND ST THOMAS' NHS FOUNDATION TRUST,C_502,Gynaecology Service,"6,120","3,031",49.50%,18.3,48.1,329,2,76
Y56,RJ1,GUY'S AND ST THOMAS' NHS FOUNDATION TRUST,X02,Other - Medical Services,"20,708","12,805",61.80%,13.5,42.3,677,1,83
Y56,RJ1,GUY'S AND ST THOMAS' NHS FOUNDATION TRUST,X03,Other - Mental Health Services,21,12,57.10%,16.3,34.7,-,-,-
Y56,RJ1,GUY'S AND ST THOMAS' NHS FOUNDATION TRUST,X04,Other - Paediatric Services,"14,964","8,555",57.20%,15.2,47.8,845,6,182
Y56,RJ1,GUY'S AND ST THOMAS' NHS FOUNDATION TRUST,X05,Other - Surgical Services,"13,198","7,273",55.10%,15.7,47.5,696,14,203
Y56,RJ1,GUY'S AND ST THOMAS' NHS FOUNDATION TRUST,X06,Other - Other Services,"2,250",725,32.20%,35.7,51,139,-,8
Y56,RJ2,LEWISHAM AND GREENWICH NHS TRUST,C_100,General Surgery Service,"8,709","4,417",50.70%,17.6,51.6,669,5,186
Y56,RJ2,LEWISHAM AND GREENWICH NHS TRUST,C_101,Urology Service,"2,602","1,624",62.40%,13.5,36.1,16,-,2
Y56,RJ2,LEWISHAM AND GREENWICH NHS TRUST,C_110,Trauma and Orthopaedic Service,"6,253","3,265",52.20%,17,51.2,477,10,147
Y56,RJ2,LEWISHAM AND GREENWICH NHS TRUST,C_120,Ear Nose and Throat Service,"14,960","7,432",49.70%,18.1,49.8,"1,029",22,276
Y56,RJ2,LEWISHAM AND GREENWICH NHS TRUST,C_130,Ophthalmology Service,-,-,-,-,-,-,-,-
Y56,RJ2,LEWISHAM AND GREENWICH NHS TRUST,C_140,Oral Surgery Service,-,-,-,-,-,-,-,-
Y56,RJ2,LEWISHAM AND GREENWICH NHS TRUST,C_150,Neurosurgical Service,-,-,-,-,-,-,-,-
Y56,RJ2,LEWISHAM AND GREENWICH NHS TRUST,C_160,Plastic Surgery Service,16,9,56.30%,-,-,-,-,-
Y56,RJ2,LEWISHAM AND GREENWICH NHS TRUST,C_170,Cardiothoracic Surgery Service,-,-,-,-,-,-,-,-
Y56,RJ2,LEWISHAM AND GREENWICH NHS TRUST,C_300,General Internal Medicine Service,590,424,71.90%,6.6,36.2,-,-,-
Y56,RJ2,LEWISHAM AND GREENWICH NHS TRUST,C_301,Gastroenterology Service,"5,764","3,181",55.20%,15.3,47.1,300,-,74
Y56,RJ2,LEWISHAM AND GREENWICH NHS TRUST,C_320,Cardiology Service,"3,787","2,083",55.00%,16,44.2,81,-,13
Y56,RJ2,LEWISHAM AND GREENWICH NHS TRUST,C_330,Dermatology Service,"3,997","2,842",71.10%,10,40.3,107,-,3
Y56,RJ2,LEWISHAM AND GREENWICH NHS TRUST,C_340,Respiratory Medicine Service,"2,221","1,423",64.10%,12.1,45.5,93,-,13
Y56,RJ2,LEWISHAM AND GREENWICH NHS TRUST,C_400,Neurology Service,"4,058","1,737",42.80%,20.9,47.5,193,1,14
Y56,RJ2,LEWISHAM AND GREENWICH NHS TRUST,C_410,Rheumatology Service,781,564,72.20%,8.5,33.8,13,-,-
Y56,RJ2,LEWISHAM AND GREENWICH NHS TRUST,C_430,Elderly Medicine Service,211,201,95.30%,6.6,16.7,-,-,-
Y56,RJ2,LEWISHAM AND GREENWICH NHS TRUST,C_502,Gynaecology Service,"7,982","4,329",54.20%,16.1,48.2,495,-,140
Y56,RJ2,LEWISHAM AND GREENWICH NHS TRUST,X02,Other - Medical Services,"2,465","1,958",79.40%,8.5,32.5,21,-,3
Y56,RJ2,LEWISHAM AND GREENWICH NHS TRUST,X03,Other - Mental Health Services,-,-,-,-,-,-,-,-
Y56,RJ2,LEWISHAM AND GREENWICH NHS TRUST,X04,Other - Paediatric Services,"3,252","2,492",76.60%,10,30.1,9,-,1
Y56,RJ2,LEWISHAM AND GREENWICH NHS TRUST,X05,Other - Surgical Services,"1,960",946,48.30%,18.8,45.3,62,-,4
Y56,RJ2,LEWISHAM AND GREENWICH NHS TRUST,X06,Other - Other Services,12,6,50.00%,-,-,-,-,-
Y56,RJ6,CROYDON HEALTH SERVICES NHS TRUST,C_100,General Surgery Service,"2,351","1,684",71.60%,11.5,35.4,8,-,-
Y56,RJ6,CROYDON HEALTH SERVICES NHS TRUST,C_101,Urology Service,"1,961","1,659",84.60%,9.2,22.8,1,-,-
Y56,RJ6,CROYDON HEALTH SERVICES NHS TRUST,C_110,Trauma and Orthopaedic Service,"6,818","4,328",63.50%,13.3,42.8,203,-,11
Y56,RJ6,CROYDON HEALTH SERVICES NHS TRUST,C_120,Ear Nose and Throat Service,"2,965","1,727",58.20%,14.6,45,117,1,24
Y56,RJ6,CROYDON HEALTH SERVICES NHS TRUST,C_130,Ophthalmology Service,-,-,-,-,-,-,-,-
Y56,RJ6,CROYDON HEALTH SERVICES NHS TRUST,C_140,Oral Surgery Service,"1,926","1,161",60.30%,13.7,40.3,23,-,3
Y56,RJ6,CROYDON HEALTH SERVICES NHS TRUST,C_150,Neurosurgical Service,-,-,-,-,-,-,-,-
Y56,RJ6,CROYDON HEALTH SERVICES NHS TRUST,C_160,Plastic Surgery Service,54,47,87.00%,4,22.7,-,-,-
Y56,RJ6,CROYDON HEALTH SERVICES NHS TRUST,C_170,Cardiothoracic Surgery Service,-,-,-,-,-,-,-,-
Y56,RJ6,CROYDON HEALTH SERVICES NHS TRUST,C_300,General Internal Medicine Service,32,31,96.90%,5.8,14.4,-,-,-
Y56,RJ6,CROYDON HEALTH SERVICES NHS TRUST,C_301,Gastroenterology Service,"2,234","1,795",80.30%,10.6,26.4,11,-,1
Y56,RJ6,CROYDON HEALTH SERVICES NHS TRUST,C_320,Cardiology Service,685,605,88.30%,7.8,19.6,-,-,-
Y56,RJ6,CROYDON HEALTH SERVICES NHS TRUST,C_330,Dermatology Service,"2,612","1,683",64.40%,13.8,33.4,2,-,-
Y56,RJ6,CROYDON HEALTH SERVICES NHS TRUST,C_340,Respiratory Medicine Service,821,819,99.80%,5.4,12.7,-,-,-
Y56,RJ6,CROYDON HEALTH SERVICES NHS TRUST,C_400,Neurology Service,723,646,89.30%,8.3,19.6,1,-,1
Y56,RJ6,CROYDON HEALTH SERVICES NHS TRUST,C_410,Rheumatology Service,833,677,81.30%,10.4,21.9,-,-,-
Y56,RJ6,CROYDON HEALTH SERVICES NHS TRUST,C_430,Elderly Medicine Service,167,160,95.80%,6.2,16.6,-,-,-
Y56,RJ6,CROYDON HEALTH SERVICES NHS TRUST,C_502,Gynaecology Service,"3,637","2,467",67.80%,12.2,37.3,51,-,8
Y56,RJ6,CROYDON HEALTH SERVICES NHS TRUST,X02,Other - Medical Services,"3,503","2,755",78.60%,8.7,37.6,46,-,1
Y56,RJ6,CROYDON HEALTH SERVICES NHS TRUST,X03,Other - Mental Health Services,-,-,-,-,-,-,-,-
Y56,RJ6,CROYDON HEALTH SERVICES NHS TRUST,X04,Other - Paediatric Services,279,256,91.80%,4.8,18.2,1,-,-
Y56,RJ6,CROYDON HEALTH SERVICES NHS TRUST,X05,Other - Surgical Services,"4,006","3,382",84.40%,8.5,24.8,16,-,2
Y56,RJ6,CROYDON HEALTH SERVICES NHS TRUST,X06,Other - Other Services,1,1,100.00%,-,-,-,-,-
Y56,RJ7,ST GEORGE'S UNIVERSITY HOSPITALS NHS FOUNDATION TRUST,C_100,General Surgery Service,"1,117",534,47.80%,19,48.6,49,-,-
Y56,RJ7,ST GEORGE'S UNIVERSITY HOSPITALS NHS FOUNDATION TRUST,C_101,Urology Service,"2,973","1,979",66.60%,11.6,34.6,26,-,2
Y56,RJ7,ST GEORGE'S UNIVERSITY HOSPITALS NHS FOUNDATION TRUST,C_110,Trauma and Orthopaedic Service,"3,776","2,508",66.40%,12.2,32.5,9,-,-
Y56,RJ7,ST GEORGE'S UNIVERSITY HOSPITALS NHS FOUNDATION TRUST,C_120,Ear Nose and Throat Service,"4,265","2,518",59.00%,14.2,37.1,37,-,1
Y56,RJ7,ST GEORGE'S UNIVERSITY HOSPITALS NHS FOUNDATION TRUST,C_130,Ophthalmology Service,189,50,26.50%,24,43.6,2,-,-
Y56,RJ7,ST GEORGE'S UNIVERSITY HOSPITALS NHS FOUNDATION TRUST,C_140,Oral Surgery Service,"1,674",959,57.30%,14.9,40.1,34,-,2
Y56,RJ7,ST GEORGE'S UNIVERSITY HOSPITALS NHS FOUNDATION TRUST,C_150,Neurosurgical Service,"3,626","1,757",48.50%,18.8,48,179,-,15
Y56,RJ7,ST GEORGE'S UNIVERSITY HOSPITALS NHS FOUNDATION TRUST,C_160,Plastic Surgery Service,"1,783","1,162",65.20%,12.4,35.9,27,4,8
Y56,RJ7,ST GEORGE'S UNIVERSITY HOSPITALS NHS FOUNDATION TRUST,C_170,Cardiothoracic Surgery Service,269,254,94.40%,5.8,16.2,-,-,-
Y56,RJ7,ST GEORGE'S UNIVERSITY HOSPITALS NHS FOUNDATION TRUST,C_300,General Internal Medicine Service,133,99,74.40%,6.8,27.6,-,-,-
Y56,RJ7,ST GEORGE'S UNIVERSITY HOSPITALS NHS FOUNDATION TRUST,C_301,Gastroenterology Service,"2,735","1,822",66.60%,11,34.4,28,-,3
Y56,RJ7,ST GEORGE'S UNIVERSITY HOSPITALS NHS FOUNDATION TRUST,C_320,Cardiology Service,"5,040","3,461",68.70%,11.3,35.7,20,-,2
Y56,RJ7,ST GEORGE'S UNIVERSITY HOSPITALS NHS FOUNDATION TRUST,C_330,Dermatology Service,"5,029","3,653",72.60%,9.9,31.8,35,-,2
Y56,RJ7,ST GEORGE'S UNIVERSITY HOSPITALS NHS FOUNDATION TRUST,C_340,Respiratory Medicine Service,"2,583","1,813",70.20%,10.9,30.2,-,-,-
Y56,RJ7,ST GEORGE'S UNIVERSITY HOSPITALS NHS FOUNDATION TRUST,C_400,Neurology Service,"3,523","2,472",70.20%,10.7,33.1,5,-,-
Y56,RJ7,ST GEORGE'S UNIVERSITY HOSPITALS NHS FOUNDATION TRUST,C_410,Rheumatology Service,"1,035",864,83.50%,7.4,27.9,7,-,1
Y56,RJ7,ST GEORGE'S UNIVERSITY HOSPITALS NHS FOUNDATION TRUST,C_430,Elderly Medicine Service,39,34,87.20%,2.9,18.9,-,-,-
Y56,RJ7,ST GEORGE'S UNIVERSITY HOSPITALS NHS FOUNDATION TRUST,C_502,Gynaecology Service,"3,540","2,274",64.20%,12.4,39.5,82,-,5
Y56,RJ7,ST GEORGE'S UNIVERSITY HOSPITALS NHS FOUNDATION TRUST,X02,Other - Medical Services,"9,571","7,175",75.00%,9.9,31.2,43,2,3
Y56,RJ7,ST GEORGE'S UNIVERSITY HOSPITALS NHS FOUNDATION TRUST,X03,Other - Mental Health Services,-,-,-,-,-,-,-,-
Y56,RJ7,ST GEORGE'S UNIVERSITY HOSPITALS NHS FOUNDATION TRUST,X04,Other - Paediatric Services,"2,529","1,851",73.20%,10.5,29,6,-,-
Y56,RJ7,ST GEORGE'S UNIVERSITY HOSPITALS NHS FOUNDATION TRUST,X05,Other - Surgical Services,"6,170","3,780",61.30%,13.4,41.4,121,-,2
Y56,RJ7,ST GEORGE'S UNIVERSITY HOSPITALS NHS FOUNDATION TRUST,X06,Other - Other Services,"3,041","1,746",57.40%,15.4,36.3,3,-,2
Y56,RJZ,KING'S COLLEGE HOSPITAL NHS FOUNDATION TRUST,C_100,General Surgery Service,"3,936","1,677",42.60%,22,55.6,443,15,121
Y56,RJZ,KING'S COLLEGE HOSPITAL NHS FOUNDATION TRUST,C_101,Urology Service,"4,063","2,169",53.40%,16.8,44.8,141,-,23
Y56,RJZ,KING'S COLLEGE HOSPITAL NHS FOUNDATION TRUST,C_110,Trauma and Orthopaedic Service,"4,857","2,577",53.10%,16.6,47.8,254,11,58
Y56,RJZ,KING'S COLLEGE HOSPITAL NHS FOUNDATION TRUST,C_120,Ear Nose and Throat Service,583,432,74.10%,8.6,36.5,8,-,2
Y56,RJZ,KING'S COLLEGE HOSPITAL NHS FOUNDATION TRUST,C_130,Ophthalmology Service,"12,668","6,874",54.30%,16,48.7,677,9,98
Y56,RJZ,KING'S COLLEGE HOSPITAL NHS FOUNDATION TRUST,C_140,Oral Surgery Service,"11,330","5,838",51.50%,17.6,45.6,478,1,126
Y56,RJZ,KING'S COLLEGE HOSPITAL NHS FOUNDATION TRUST,C_150,Neurosurgical Service,"3,685","2,112",57.30%,15.3,49.5,253,6,53
Y56,RJZ,KING'S COLLEGE HOSPITAL NHS FOUNDATION TRUST,C_160,Plastic Surgery Service,45,24,53.30%,14.8,51.4,3,1,3
Y56,RJZ,KING'S COLLEGE HOSPITAL NHS FOUNDATION TRUST,C_170,Cardiothoracic Surgery Service,139,61,43.90%,20.5,49.8,7,-,1
Y56,RJZ,KING'S COLLEGE HOSPITAL NHS FOUNDATION TRUST,C_300,General Internal Medicine Service,413,288,69.70%,10.4,39.5,2,-,-
Y56,RJZ,KING'S COLLEGE HOSPITAL NHS FOUNDATION TRUST,C_301,Gastroenterology Service,"3,209","1,733",54.00%,15.9,49.9,190,-,55
Y56,RJZ,KING'S COLLEGE HOSPITAL NHS FOUNDATION TRUST,C_320,Cardiology Service,"5,239","3,226",61.60%,13.9,45.1,174,-,12
Y56,RJZ,KING'S COLLEGE HOSPITAL NHS FOUNDATION TRUST,C_330,Dermatology Service,"3,352","2,253",67.20%,10.4,43.9,142,2,18
Y56,RJZ,KING'S COLLEGE HOSPITAL NHS FOUNDATION TRUST,C_340,Respiratory Medicine Service,"3,589","2,238",62.40%,13.6,43.1,166,-,52
Y56,RJZ,KING'S COLLEGE HOSPITAL NHS FOUNDATION TRUST,C_400,Neurology Service,"3,371","2,220",65.90%,12.2,42.5,84,-,20
Y56,RJZ,KING'S COLLEGE HOSPITAL NHS FOUNDATION TRUST,C_410,Rheumatology Service,"1,364","1,134",83.10%,8,31.6,16,-,1
Y56,RJZ,KING'S COLLEGE HOSPITAL NHS FOUNDATION TRUST,C_430,Elderly Medicine Service,410,305,74.40%,8.1,44.2,16,-,-
Y56,RJZ,KING'S COLLEGE HOSPITAL NHS FOUNDATION TRUST,C_502,Gynaecology Service,"9,444","4,961",52.50%,16.9,44.3,286,2,35
Y56,RJZ,KING'S COLLEGE HOSPITAL NHS FOUNDATION TRUST,X02,Other - Medical Services,"9,802","7,442",75.90%,9.7,35.6,231,2,55
Y56,RJZ,KING'S COLLEGE HOSPITAL NHS FOUNDATION TRUST,X03,Other - Mental Health Services,13,9,69.20%,-,-,1,-,1
Y56,RJZ,KING'S COLLEGE HOSPITAL NHS FOUNDATION TRUST,X04,Other - Paediatric Services,"5,590","4,558",81.50%,9.4,31.4,78,-,10
Y56,RJZ,KING'S COLLEGE HOSPITAL NHS FOUNDATION TRUST,X05,Other - Surgical Services,"12,364","6,735",54.50%,16.4,50.9,903,23,220
Y56,RJZ,KING'S COLLEGE HOSPITAL NHS FOUNDATION TRUST,X06,Other - Other Services,281,170,60.50%,14.6,44.8,17,-,3
Y56,RKE,WHITTINGTON HEALTH NHS TRUST,C_100,General Surgery Service,"3,091","1,889",61.10%,12.6,51.7,241,-,28
Y56,RKE,WHITTINGTON HEALTH NHS TRUST,C_101,Urology Service,"1,178",648,55.00%,14.7,37.5,16,-,1
Y56,RKE,WHITTINGTON HEALTH NHS TRUST,C_110,Trauma and Orthopaedic Service,"2,706","1,625",60.10%,13.8,44.3,110,-,26
Y56,RKE,WHITTINGTON HEALTH NHS TRUST,C_120,Ear Nose and Throat Service,910,546,60.00%,13.8,33,7,-,1
Y56,RKE,WHITTINGTON HEALTH NHS TRUST,C_130,Ophthalmology Service,"1,174",997,84.90%,8.4,30.5,14,-,3
Y56,RKE,WHITTINGTON HEALTH NHS TRUST,C_140,Oral Surgery Service,259,55,21.20%,32.4,51.8,19,-,2
Y56,RKE,WHITTINGTON HEALTH NHS TRUST,C_150,Neurosurgical Service,-,-,-,-,-,-,-,-
Y56,RKE,WHITTINGTON HEALTH NHS TRUST,C_160,Plastic Surgery Service,32,32,100.00%,13,16.2,-,-,-
Y56,RKE,WHITTINGTON HEALTH NHS TRUST,C_170,Cardiothoracic Surgery Service,-,-,-,-,-,-,-,-
Y56,RKE,WHITTINGTON HEALTH NHS TRUST,C_300,General Internal Medicine Service,246,93,37.80%,26.3,65.3,61,-,25
Y56,RKE,WHITTINGTON HEALTH NHS TRUST,C_301,Gastroenterology Service,"1,086","1,016",93.60%,7.6,17.5,-,-,-
Y56,RKE,WHITTINGTON HEALTH NHS TRUST,C_320,Cardiology Service,"1,286",849,66.00%,11.8,31.6,-,-,-
Y56,RKE,WHITTINGTON HEALTH NHS TRUST,C_330,Dermatology Service,536,436,81.30%,4.7,21.5,2,-,-
Y56,RKE,WHITTINGTON HEALTH NHS TRUST,C_340,Respiratory Medicine Service,958,741,77.30%,8.7,30.5,-,-,-
Y56,RKE,WHITTINGTON HEALTH NHS TRUST,C_400,Neurology Service,680,328,48.20%,18.4,36.1,-,-,-
Y56,RKE,WHITTINGTON HEALTH NHS TRUST,C_410,Rheumatology Service,608,436,71.70%,10.4,35.2,3,-,-
Y56,RKE,WHITTINGTON HEALTH NHS TRUST,C_430,Elderly Medicine Service,134,126,94.00%,7.4,16.8,-,-,-
Y56,RKE,WHITTINGTON HEALTH NHS TRUST,C_502,Gynaecology Service,"2,224","1,688",75.90%,8.4,36,38,-,3
Y56,RKE,WHITTINGTON HEALTH NHS TRUST,X02,Other - Medical Services,"2,082","1,739",83.50%,6.4,26,-,-,-
Y56,RKE,WHITTINGTON HEALTH NHS TRUST,X03,Other - Mental Health Services,-,-,-,-,-,-,-,-
Y56,RKE,WHITTINGTON HEALTH NHS TRUST,X04,Other - Paediatric Services,-,-,-,-,-,-,-,-
Y56,RKE,WHITTINGTON HEALTH NHS TRUST,X05,Other - Surgical Services,-,-,-,-,-,-,-,-
Y56,RKE,WHITTINGTON HEALTH NHS TRUST,X06,Other - Other Services,-,-,-,-,-,-,-,-
Y56,RP4,GREAT ORMOND STREET HOSPITAL FOR CHILDREN NHS FOUNDATION TRUST,C_100,General Surgery Service,-,-,-,-,-,-,-,-
Y56,RP4,GREAT ORMOND STREET HOSPITAL FOR CHILDREN NHS FOUNDATION TRUST,C_101,Urology Service,-,-,-,-,-,-,-,-
Y56,RP4,GREAT ORMOND STREET HOSPITAL FOR CHILDREN NHS FOUNDATION TRUST,C_110,Trauma and Orthopaedic Service,-,-,-,-,-,-,-,-
Y56,RP4,GREAT ORMOND STREET HOSPITAL FOR CHILDREN NHS FOUNDATION TRUST,C_120,Ear Nose and Throat Service,-,-,-,-,-,-,-,-
Y56,RP4,GREAT ORMOND STREET HOSPITAL FOR CHILDREN NHS FOUNDATION TRUST,C_130,Ophthalmology Service,-,-,-,-,-,-,-,-
Y56,RP4,GREAT ORMOND STREET HOSPITAL FOR CHILDREN NHS FOUNDATION TRUST,C_140,Oral Surgery Service,-,-,-,-,-,-,-,-
Y56,RP4,GREAT ORMOND STREET HOSPITAL FOR CHILDREN NHS FOUNDATION TRUST,C_150,Neurosurgical Service,-,-,-,-,-,-,-,-
Y56,RP4,GREAT ORMOND STREET HOSPITAL FOR CHILDREN NHS FOUNDATION TRUST,C_160,Plastic Surgery Service,-,-,-,-,-,-,-,-
Y56,RP4,GREAT ORMOND STREET HOSPITAL FOR CHILDREN NHS FOUNDATION TRUST,C_170,Cardiothoracic Surgery Service,-,-,-,-,-,-,-,-
Y56,RP4,GREAT ORMOND STREET HOSPITAL FOR CHILDREN NHS FOUNDATION TRUST,C_300,General Internal Medicine Service,-,-,-,-,-,-,-,-
Y56,RP4,GREAT ORMOND STREET HOSPITAL FOR CHILDREN NHS FOUNDATION TRUST,C_301,Gastroenterology Service,-,-,-,-,-,-,-,-
Y56,RP4,GREAT ORMOND STREET HOSPITAL FOR CHILDREN NHS FOUNDATION TRUST,C_320,Cardiology Service,-,-,-,-,-,-,-,-
Y56,RP4,GREAT ORMOND STREET HOSPITAL FOR CHILDREN NHS FOUNDATION TRUST,C_330,Dermatology Service,-,-,-,-,-,-,-,-
Y56,RP4,GREAT ORMOND STREET HOSPITAL FOR CHILDREN NHS FOUNDATION TRUST,C_340,Respiratory Medicine Service,-,-,-,-,-,-,-,-
Y56,RP4,GREAT ORMOND STREET HOSPITAL FOR CHILDREN NHS FOUNDATION TRUST,C_400,Neurology Service,-,-,-,-,-,-,-,-
Y56,RP4,GREAT ORMOND STREET HOSPITAL FOR CHILDREN NHS FOUNDATION TRUST,C_410,Rheumatology Service,-,-,-,-,-,-,-,-
Y56,RP4,GREAT ORMOND STREET HOSPITAL FOR CHILDREN NHS FOUNDATION TRUST,C_430,Elderly Medicine Service,-,-,-,-,-,-,-,-
Y56,RP4,GREAT ORMOND STREET HOSPITAL FOR CHILDREN NHS FOUNDATION TRUST,C_502,Gynaecology Service,-,-,-,-,-,-,-,-
Y56,RP4,GREAT ORMOND STREET HOSPITAL FOR CHILDREN NHS FOUNDATION TRUST,X02,Other - Medical Services,"1,574","1,244",79.00%,9,29.9,8,-,2
Y56,RP4,GREAT ORMOND STREET HOSPITAL FOR CHILDREN NHS FOUNDATION TRUST,X03,Other - Mental Health Services,162,90,55.60%,16.5,37,3,-,-
Y56,RP4,GREAT ORMOND STREET HOSPITAL FOR CHILDREN NHS FOUNDATION TRUST,X04,Other - Paediatric Services,"6,276","4,243",67.60%,11,42.9,284,32,103
Y56,RP4,GREAT ORMOND STREET HOSPITAL FOR CHILDREN NHS FOUNDATION TRUST,X05,Other - Surgical Services,32,22,68.80%,10,33.4,-,-,-
Y56,RP4,GREAT ORMOND STREET HOSPITAL FOR CHILDREN NHS FOUNDATION TRUST,X06,Other - Other Services,78,62,79.50%,8.6,40.8,3,-,-
Y56,RP6,MOORFIELDS EYE HOSPITAL NHS FOUNDATION TRUST,C_100,General Surgery Service,-,-,-,-,-,-,-,-
Y56,RP6,MOORFIELDS EYE HOSPITAL NHS FOUNDATION TRUST,C_101,Urology Service,-,-,-,-,-,-,-,-
Y56,RP6,MOORFIELDS EYE HOSPITAL NHS FOUNDATION TRUST,C_110,Trauma and Orthopaedic Service,-,-,-,-,-,-,-,-
Y56,RP6,MOORFIELDS EYE HOSPITAL NHS FOUNDATION TRUST,C_120,Ear Nose and Throat Service,-,-,-,-,-,-,-,-
Y56,RP6,MOORFIELDS EYE HOSPITAL NHS FOUNDATION TRUST,C_130,Ophthalmology Service,"34,201","28,824",84.30%,8,22.9,7,1,3
Y56,RP6,MOORFIELDS EYE HOSPITAL NHS FOUNDATION TRUST,C_140,Oral Surgery Service,-,-,-,-,-,-,-,-
Y56,RP6,MOORFIELDS EYE HOSPITAL NHS FOUNDATION TRUST,C_150,Neurosurgical Service,-,-,-,-,-,-,-,-
Y56,RP6,MOORFIELDS EYE HOSPITAL NHS FOUNDATION TRUST,C_160,Plastic Surgery Service,-,-,-,-,-,-,-,-
Y56,RP6,MOORFIELDS EYE HOSPITAL NHS FOUNDATION TRUST,C_170,Cardiothoracic Surgery Service,-,-,-,-,-,-,-,-
Y56,RP6,MOORFIELDS EYE HOSPITAL NHS FOUNDATION TRUST,C_300,General Internal Medicine Service,-,-,-,-,-,-,-,-
Y56,RP6,MOORFIELDS EYE HOSPITAL NHS FOUNDATION TRUST,C_301,Gastroenterology Service,-,-,-,-,-,-,-,-
Y56,RP6,MOORFIELDS EYE HOSPITAL NHS FOUNDATION TRUST,C_320,Cardiology Service,-,-,-,-,-,-,-,-
Y56,RP6,MOORFIELDS EYE HOSPITAL NHS FOUNDATION TRUST,C_330,Dermatology Service,-,-,-,-,-,-,-,-
Y56,RP6,MOORFIELDS EYE HOSPITAL NHS FOUNDATION TRUST,C_340,Respiratory Medicine Service,-,-,-,-,-,-,-,-
Y56,RP6,MOORFIELDS EYE HOSPITAL NHS FOUNDATION TRUST,C_400,Neurology Service,-,-,-,-,-,-,-,-
Y56,RP6,MOORFIELDS EYE HOSPITAL NHS FOUNDATION TRUST,C_410,Rheumatology Service,-,-,-,-,-,-,-,-
Y56,RP6,MOORFIELDS EYE HOSPITAL NHS FOUNDATION TRUST,C_430,Elderly Medicine Service,-,-,-,-,-,-,-,-
Y56,RP6,MOORFIELDS EYE HOSPITAL NHS FOUNDATION TRUST,C_502,Gynaecology Service,-,-,-,-,-,-,-,-
Y56,RP6,MOORFIELDS EYE HOSPITAL NHS FOUNDATION TRUST,X02,Other - Medical Services,-,-,-,-,-,-,-,-
Y56,RP6,MOORFIELDS EYE HOSPITAL NHS FOUNDATION TRUST,X03,Other - Mental Health Services,-,-,-,-,-,-,-,-
Y56,RP6,MOORFIELDS EYE HOSPITAL NHS FOUNDATION TRUST,X04,Other - Paediatric Services,-,-,-,-,-,-,-,-
Y56,RP6,MOORFIELDS EYE HOSPITAL NHS FOUNDATION TRUST,X05,Other - Surgical Services,-,-,-,-,-,-,-,-
Y56,RP6,MOORFIELDS EYE HOSPITAL NHS FOUNDATION TRUST,X06,Other - Other Services,-,-,-,-,-,-,-,-
Y56,RPG,OXLEAS NHS FOUNDATION TRUST,C_100,General Surgery Service,-,-,-,-,-,-,-,-
Y56,RPG,OXLEAS NHS FOUNDATION TRUST,C_101,Urology Service,-,-,-,-,-,-,-,-
Y56,RPG,OXLEAS NHS FOUNDATION TRUST,C_110,Trauma and Orthopaedic Service,-,-,-,-,-,-,-,-
Y56,RPG,OXLEAS NHS FOUNDATION TRUST,C_120,Ear Nose and Throat Service,-,-,-,-,-,-,-,-
Y56,RPG,OXLEAS NHS FOUNDATION TRUST,C_130,Ophthalmology Service,-,-,-,-,-,-,-,-
Y56,RPG,OXLEAS NHS FOUNDATION TRUST,C_140,Oral Surgery Service,-,-,-,-,-,-,-,-
Y56,RPG,OXLEAS NHS FOUNDATION TRUST,C_150,Neurosurgical Service,-,-,-,-,-,-,-,-
Y56,RPG,OXLEAS NHS FOUNDATION TRUST,C_160,Plastic Surgery Service,-,-,-,-,-,-,-,-
Y56,RPG,OXLEAS NHS FOUNDATION TRUST,C_170,Cardiothoracic Surgery Service,-,-,-,-,-,-,-,-
Y56,RPG,OXLEAS NHS FOUNDATION TRUST,C_300,General Internal Medicine Service,-,-,-,-,-,-,-,-
Y56,RPG,OXLEAS NHS FOUNDATION TRUST,C_301,Gastroenterology Service,-,-,-,-,-,-,-,-
Y56,RPG,OXLEAS NHS FOUNDATION TRUST,C_320,Cardiology Service,-,-,-,-,-,-,-,-
Y56,RPG,OXLEAS NHS FOUNDATION TRUST,C_330,Dermatology Service,-,-,-,-,-,-,-,-
Y56,RPG,OXLEAS NHS FOUNDATION TRUST,C_340,Respiratory Medicine Service,-,-,-,-,-,-,-,-
Y56,RPG,OXLEAS NHS FOUNDATION TRUST,C_400,Neurology Service,-,-,-,-,-,-,-,-
Y56,RPG,OXLEAS NHS FOUNDATION TRUST,C_410,Rheumatology Service,-,-,-,-,-,-,-,-
Y56,RPG,OXLEAS NHS FOUNDATION TRUST,C_430,Elderly Medicine Service,-,-,-,-,-,-,-,-
Y56,RPG,OXLEAS NHS FOUNDATION TRUST,C_502,Gynaecology Service,-,-,-,-,-,-,-,-
Y56,RPG,OXLEAS NHS FOUNDATION TRUST,X02,Other - Medical Services,-,-,-,-,-,-,-,-
Y56,RPG,OXLEAS NHS FOUNDATION TRUST,X03,Other - Mental Health Services,-,-,-,-,-,-,-,-
Y56,RPG,OXLEAS NHS FOUNDATION TRUST,X04,Other - Paediatric Services,-,-,-,-,-,-,-,-
Y56,RPG,OXLEAS NHS FOUNDATION TRUST,X05,Other - Surgical Services,-,-,-,-,-,-,-,-
Y56,RPG,OXLEAS NHS FOUNDATION TRUST,X06,Other - Other Services,"2,187","1,350",61.70%,13.4,48.3,60,-,-
Y56,RPY,THE ROYAL MARSDEN NHS FOUNDATION TRUST,C_100,General Surgery Service,103,94,91.30%,5.7,19.4,-,-,-
Y56,RPY,THE ROYAL MARSDEN NHS FOUNDATION TRUST,C_101,Urology Service,60,58,96.70%,5.3,14.6,-,-,-
Y56,RPY,THE ROYAL MARSDEN NHS FOUNDATION TRUST,C_110,Trauma and Orthopaedic Service,-,-,-,-,-,-,-,-
Y56,RPY,THE ROYAL MARSDEN NHS FOUNDATION TRUST,C_120,Ear Nose and Throat Service,-,-,-,-,-,-,-,-
Y56,RPY,THE ROYAL MARSDEN NHS FOUNDATION TRUST,C_130,Ophthalmology Service,-,-,-,-,-,-,-,-
Y56,RPY,THE ROYAL MARSDEN NHS FOUNDATION TRUST,C_140,Oral Surgery Service,134,127,94.80%,3.8,17.3,-,-,-
Y56,RPY,THE ROYAL MARSDEN NHS FOUNDATION TRUST,C_150,Neurosurgical Service,-,-,-,-,-,-,-,-
Y56,RPY,THE ROYAL MARSDEN NHS FOUNDATION TRUST,C_160,Plastic Surgery Service,40,29,72.50%,8.5,36.8,1,1,1
Y56,RPY,THE ROYAL MARSDEN NHS FOUNDATION TRUST,C_170,Cardiothoracic Surgery Service,-,-,-,-,-,-,-,-
Y56,RPY,THE ROYAL MARSDEN NHS FOUNDATION TRUST,C_300,General Internal Medicine Service,-,-,-,-,-,-,-,-
Y56,RPY,THE ROYAL MARSDEN NHS FOUNDATION TRUST,C_301,Gastroenterology Service,32,30,93.80%,5,11.7,-,-,-
Y56,RPY,THE ROYAL MARSDEN NHS FOUNDATION TRUST,C_320,Cardiology Service,1,1,100.00%,-,-,-,-,-
Y56,RPY,THE ROYAL MARSDEN NHS FOUNDATION TRUST,C_330,Dermatology Service,16,16,100.00%,-,-,-,-,-
Y56,RPY,THE ROYAL MARSDEN NHS FOUNDATION TRUST,C_340,Respiratory Medicine Service,1,1,100.00%,-,-,-,-,-
Y56,RPY,THE ROYAL MARSDEN NHS FOUNDATION TRUST,C_400,Neurology Service,-,-,-,-,-,-,-,-
Y56,RPY,THE ROYAL MARSDEN NHS FOUNDATION TRUST,C_410,Rheumatology Service,-,-,-,-,-,-,-,-
Y56,RPY,THE ROYAL MARSDEN NHS FOUNDATION TRUST,C_430,Elderly Medicine Service,-,-,-,-,-,-,-,-
Y56,RPY,THE ROYAL MARSDEN NHS FOUNDATION TRUST,C_502,Gynaecology Service,-,-,-,-,-,-,-,-
Y56,RPY,THE ROYAL MARSDEN NHS FOUNDATION TRUST,X02,Other - Medical Services,678,651,96.00%,5.7,13.8,1,1,1
Y56,RPY,THE ROYAL MARSDEN NHS FOUNDATION TRUST,X03,Other - Mental Health Services,-,-,-,-,-,-,-,-
Y56,RPY,THE ROYAL MARSDEN NHS FOUNDATION TRUST,X04,Other - Paediatric Services,6,5,83.30%,-,-,-,-,-
Y56,RPY,THE ROYAL MARSDEN NHS FOUNDATION TRUST,X05,Other - Surgical Services,510,489,95.90%,1.8,14,1,-,-
Y56,RPY,THE ROYAL MARSDEN NHS FOUNDATION TRUST,X06,Other - Other Services,316,293,92.70%,5.1,17.7,-,-,-
Y56,RQM,CHELSEA AND WESTMINSTER HOSPITAL NHS FOUNDATION TRUST,C_100,General Surgery Service,"3,832","2,054",53.60%,16.5,46.9,201,8,62
Y56,RQM,CHELSEA AND WESTMINSTER HOSPITAL NHS FOUNDATION TRUST,C_101,Urology Service,"5,313","3,615",68.00%,11.7,33.9,52,-,1
Y56,RQM,CHELSEA AND WESTMINSTER HOSPITAL NHS FOUNDATION TRUST,C_110,Trauma and Orthopaedic Service,"4,680","2,415",51.60%,17.3,50.5,331,5,105
Y56,RQM,CHELSEA AND WESTMINSTER HOSPITAL NHS FOUNDATION TRUST,C_120,Ear Nose and Throat Service,"4,565","2,617",57.30%,15.6,39.7,69,-,6
Y56,RQM,CHELSEA AND WESTMINSTER HOSPITAL NHS FOUNDATION TRUST,C_130,Ophthalmology Service,"1,557","1,041",66.90%,11.6,36.6,13,-,-
Y56,RQM,CHELSEA AND WESTMINSTER HOSPITAL NHS FOUNDATION TRUST,C_140,Oral Surgery Service,911,730,80.10%,10.1,28.8,1,-,-
Y56,RQM,CHELSEA AND WESTMINSTER HOSPITAL NHS FOUNDATION TRUST,C_150,Neurosurgical Service,-,-,-,-,-,-,-,-
Y56,RQM,CHELSEA AND WESTMINSTER HOSPITAL NHS FOUNDATION TRUST,C_160,Plastic Surgery Service,"2,392","1,043",43.60%,21.3,54.8,252,2,68
Y56,RQM,CHELSEA AND WESTMINSTER HOSPITAL NHS FOUNDATION TRUST,C_170,Cardiothoracic Surgery Service,-,-,-,-,-,-,-,-
Y56,RQM,CHELSEA AND WESTMINSTER HOSPITAL NHS FOUNDATION TRUST,C_300,General Internal Medicine Service,20,16,80.00%,5,30.4,-,-,-
Y56,RQM,CHELSEA AND WESTMINSTER HOSPITAL NHS FOUNDATION TRUST,C_301,Gastroenterology Service,"1,484","1,153",77.70%,9.2,28.6,-,-,-
Y56,RQM,CHELSEA AND WESTMINSTER HOSPITAL NHS FOUNDATION TRUST,C_320,Cardiology Service,"1,199","1,036",86.40%,6.2,20.5,-,-,-
Y56,RQM,CHELSEA AND WESTMINSTER HOSPITAL NHS FOUNDATION TRUST,C_330,Dermatology Service,"4,884","3,883",79.50%,8.5,32.1,19,-,-
Y56,RQM,CHELSEA AND WESTMINSTER HOSPITAL NHS FOUNDATION TRUST,C_340,Respiratory Medicine Service,"1,777","1,156",65.10%,12.9,35.9,4,-,-
Y56,RQM,CHELSEA AND WESTMINSTER HOSPITAL NHS FOUNDATION TRUST,C_400,Neurology Service,"2,903","1,627",56.00%,16,39.7,1,-,-
Y56,RQM,CHELSEA AND WESTMINSTER HOSPITAL NHS FOUNDATION TRUST,C_410,Rheumatology Service,"1,348",765,56.80%,15.5,49.9,73,-,-
Y56,RQM,CHELSEA AND WESTMINSTER HOSPITAL NHS FOUNDATION TRUST,C_430,Elderly Medicine Service,222,152,68.50%,10,36.2,-,-,-
Y56,RQM,CHELSEA AND WESTMINSTER HOSPITAL NHS FOUNDATION TRUST,C_502,Gynaecology Service,"5,383","4,229",78.60%,8.6,27.1,5,-,-
Y56,RQM,CHELSEA AND WESTMINSTER HOSPITAL NHS FOUNDATION TRUST,X02,Other - Medical Services,"1,101",858,77.90%,9.8,28,5,-,1
Y56,RQM,CHELSEA AND WESTMINSTER HOSPITAL NHS FOUNDATION TRUST,X03,Other - Mental Health Services,1,1,100.00%,-,-,-,-,-
Y56,RQM,CHELSEA AND WESTMINSTER HOSPITAL NHS FOUNDATION TRUST,X04,Other - Paediatric Services,"7,472","4,548",60.90%,14.1,41.1,122,-,11
Y56,RQM,CHELSEA AND WESTMINSTER HOSPITAL NHS FOUNDATION TRUST,X05,Other - Surgical Services,"5,596","3,396",60.70%,13.7,43.4,202,1,47
Y56,RQM,CHELSEA AND WESTMINSTER HOSPITAL NHS FOUNDATION TRUST,X06,Other - Other Services,"5,773","3,819",66.20%,12.9,39.3,109,-,2
Y56,RQX,HOMERTON HEALTHCARE NHS FOUNDATION TRUST,C_100,General Surgery Service,"5,434","3,183",58.60%,14.4,38.6,27,-,3
Y56,RQX,HOMERTON HEALTHCARE NHS FOUNDATION TRUST,C_101,Urology Service,"2,606","1,731",66.40%,12.1,34.2,12,-,1
Y56,RQX,HOMERTON HEALTHCARE NHS FOUNDATION TRUST,C_110,Trauma and Orthopaedic Service,"2,571","1,733",67.40%,11.8,35.1,15,-,3
Y56,RQX,HOMERTON HEALTHCARE NHS FOUNDATION TRUST,C_120,Ear Nose and Throat Service,"2,272","1,596",70.20%,9.5,38.4,54,2,22
Y56,RQX,HOMERTON HEALTHCARE NHS FOUNDATION TRUST,C_130,Ophthalmology Service,40,39,97.50%,1.6,6.4,-,-,-
Y56,RQX,HOMERTON HEALTHCARE NHS FOUNDATION TRUST,C_140,Oral Surgery Service,"2,856","2,239",78.40%,10,29.1,18,2,8
Y56,RQX,HOMERTON HEALTHCARE NHS FOUNDATION TRUST,C_150,Neurosurgical Service,-,-,-,-,-,-,-,-
Y56,RQX,HOMERTON HEALTHCARE NHS FOUNDATION TRUST,C_160,Plastic Surgery Service,572,289,50.50%,17.8,46.2,16,-,2
Y56,RQX,HOMERTON HEALTHCARE NHS FOUNDATION TRUST,C_170,Cardiothoracic Surgery Service,-,-,-,-,-,-,-,-
Y56,RQX,HOMERTON HEALTHCARE NHS FOUNDATION TRUST,C_300,General Internal Medicine Service,434,324,74.70%,10.9,24,-,-,-
Y56,RQX,HOMERTON HEALTHCARE NHS FOUNDATION TRUST,C_301,Gastroenterology Service,"1,275",976,76.50%,9.3,28.4,1,-,-
Y56,RQX,HOMERTON HEALTHCARE NHS FOUNDATION TRUST,C_320,Cardiology Service,"1,146",931,81.20%,8.3,27.5,1,-,-
Y56,RQX,HOMERTON HEALTHCARE NHS FOUNDATION TRUST,C_330,Dermatology Service,"2,163","1,381",63.80%,11.2,37.7,-,-,-
Y56,RQX,HOMERTON HEALTHCARE NHS FOUNDATION TRUST,C_340,Respiratory Medicine Service,"1,226","1,028",83.80%,6.9,22,-,-,-
Y56,RQX,HOMERTON HEALTHCARE NHS FOUNDATION TRUST,C_400,Neurology Service,957,789,82.40%,8.2,23,-,-,-
Y56,RQX,HOMERTON HEALTHCARE NHS FOUNDATION TRUST,C_410,Rheumatology Service,165,160,97.00%,3.7,12.2,-,-,-
Y56,RQX,HOMERTON HEALTHCARE NHS FOUNDATION TRUST,C_430,Elderly Medicine Service,231,191,82.70%,7.2,20.9,-,-,-
Y56,RQX,HOMERTON HEALTHCARE NHS FOUNDATION TRUST,C_502,Gynaecology Service,"3,057","1,898",62.10%,11.7,37.3,42,-,5
Y56,RQX,HOMERTON HEALTHCARE NHS FOUNDATION TRUST,X02,Other - Medical Services,"3,448","2,511",72.80%,8.6,30.8,1,-,-
Y56,RQX,HOMERTON HEALTHCARE NHS FOUNDATION TRUST,X03,Other - Mental Health Services,-,-,-,-,-,-,-,-
Y56,RQX,HOMERTON HEALTHCARE NHS FOUNDATION TRUST,X04,Other - Paediatric Services,"2,792","1,989",71.20%,9.6,34.9,19,-,1
Y56,RQX,HOMERTON HEALTHCARE NHS FOUNDATION TRUST,X05,Other - Surgical Services,296,287,97.00%,2.2,9.6,-,-,-
Y56,RQX,HOMERTON HEALTHCARE NHS FOUNDATION TRUST,X06,Other - Other Services,224,146,65.20%,8.2,33.5,-,-,-
Y56,RRV,UNIVERSITY COLLEGE LONDON HOSPITALS NHS FOUNDATION TRUST,C_100,General Surgery Service,92,67,72.80%,13.6,38.6,1,-,-
Y56,RRV,UNIVERSITY COLLEGE LONDON HOSPITALS NHS FOUNDATION TRUST,C_101,Urology Service,"5,282","2,615",49.50%,18.2,44.4,120,-,3
Y56,RRV,UNIVERSITY COLLEGE LONDON HOSPITALS NHS FOUNDATION TRUST,C_110,Trauma and Orthopaedic Service,"4,207","2,742",65.20%,12.2,35.9,42,-,1
Y56,RRV,UNIVERSITY COLLEGE LONDON HOSPITALS NHS FOUNDATION TRUST,C_120,Ear Nose and Throat Service,"8,351","3,625",43.40%,21.1,46.8,222,-,1
Y56,RRV,UNIVERSITY COLLEGE LONDON HOSPITALS NHS FOUNDATION TRUST,C_130,Ophthalmology Service,-,-,-,-,-,-,-,-
Y56,RRV,UNIVERSITY COLLEGE LONDON HOSPITALS NHS FOUNDATION TRUST,C_140,Oral Surgery Service,"3,431","2,502",72.90%,10.5,33.6,22,1,1
Y56,RRV,UNIVERSITY COLLEGE LONDON HOSPITALS NHS FOUNDATION TRUST,C_150,Neurosurgical Service,"3,661","2,099",57.30%,15.2,46.6,187,-,44
Y56,RRV,UNIVERSITY COLLEGE LONDON HOSPITALS NHS FOUNDATION TRUST,C_160,Plastic Surgery Service,-,-,-,-,-,-,-,-
Y56,RRV,UNIVERSITY COLLEGE LONDON HOSPITALS NHS FOUNDATION TRUST,C_170,Cardiothoracic Surgery Service,62,62,100.00%,2.6,9,-,-,-
Y56,RRV,UNIVERSITY COLLEGE LONDON HOSPITALS NHS FOUNDATION TRUST,C_300,General Internal Medicine Service,"2,866","2,316",80.80%,9.3,22.9,-,-,-
Y56,RRV,UNIVERSITY COLLEGE LONDON HOSPITALS NHS FOUNDATION TRUST,C_301,Gastroenterology Service,"2,721","2,262",83.10%,8.8,25.1,2,-,-
Y56,RRV,UNIVERSITY COLLEGE LONDON HOSPITALS NHS FOUNDATION TRUST,C_320,Cardiology Service,"1,124",747,66.50%,12.3,30.4,2,-,-
Y56,RRV,UNIVERSITY COLLEGE LONDON HOSPITALS NHS FOUNDATION TRUST,C_330,Dermatology Service,"2,753","1,482",53.80%,16.3,48.2,147,-,13
Y56,RRV,UNIVERSITY COLLEGE LONDON HOSPITALS NHS FOUNDATION TRUST,C_340,Respiratory Medicine Service,836,647,77.40%,9.5,29.7,8,-,-
Y56,RRV,UNIVERSITY COLLEGE LONDON HOSPITALS NHS FOUNDATION TRUST,C_400,Neurology Service,"5,336","3,524",66.00%,12.3,35.7,43,-,2
Y56,RRV,UNIVERSITY COLLEGE LONDON HOSPITALS NHS FOUNDATION TRUST,C_410,Rheumatology Service,"1,471",927,63.00%,13.9,41.9,39,-,1
Y56,RRV,UNIVERSITY COLLEGE LONDON HOSPITALS NHS FOUNDATION TRUST,C_430,Elderly Medicine Service,72,67,93.10%,5.4,17.2,-,-,-
Y56,RRV,UNIVERSITY COLLEGE LONDON HOSPITALS NHS FOUNDATION TRUST,C_502,Gynaecology Service,"5,810","3,018",51.90%,17,53.1,499,1,52
Y56,RRV,UNIVERSITY COLLEGE LONDON HOSPITALS NHS FOUNDATION TRUST,X02,Other - Medical Services,"11,008","6,687",60.70%,13.6,39.3,176,-,1
Y56,RRV,UNIVERSITY COLLEGE LONDON HOSPITALS NHS FOUNDATION TRUST,X03,Other - Mental Health Services,610,420,68.90%,12,29.9,2,-,-
Y56,RRV,UNIVERSITY COLLEGE LONDON HOSPITALS NHS FOUNDATION TRUST,X04,Other - Paediatric Services,"5,974","3,388",56.70%,15.5,43.6,197,1,5
Y56,RRV,UNIVERSITY COLLEGE LONDON HOSPITALS NHS FOUNDATION TRUST,X05,Other - Surgical Services,"8,123","5,357",65.90%,11.9,36.5,69,1,3
Y56,RRV,UNIVERSITY COLLEGE LONDON HOSPITALS NHS FOUNDATION TRUST,X06,Other - Other Services,"1,168",904,77.40%,9.6,30.9,10,-,-
Y56,RV3,CENTRAL AND NORTH WEST LONDON NHS FOUNDATION TRUST,C_100,General Surgery Service,-,-,-,-,-,-,-,-
Y56,RV3,CENTRAL AND NORTH WEST LONDON NHS FOUNDATION TRUST,C_101,Urology Service,-,-,-,-,-,-,-,-
Y56,RV3,CENTRAL AND NORTH WEST LONDON NHS FOUNDATION TRUST,C_110,Trauma and Orthopaedic Service,-,-,-,-,-,-,-,-
Y56,RV3,CENTRAL AND NORTH WEST LONDON NHS FOUNDATION TRUST,C_120,Ear Nose and Throat Service,-,-,-,-,-,-,-,-
Y56,RV3,CENTRAL AND NORTH WEST LONDON NHS FOUNDATION TRUST,C_130,Ophthalmology Service,-,-,-,-,-,-,-,-
Y56,RV3,CENTRAL AND NORTH WEST LONDON NHS FOUNDATION TRUST,C_140,Oral Surgery Service,-,-,-,-,-,-,-,-
Y56,RV3,CENTRAL AND NORTH WEST LONDON NHS FOUNDATION TRUST,C_150,Neurosurgical Service,-,-,-,-,-,-,-,-
Y56,RV3,CENTRAL AND NORTH WEST LONDON NHS FOUNDATION TRUST,C_160,Plastic Surgery Service,-,-,-,-,-,-,-,-
Y56,RV3,CENTRAL AND NORTH WEST LONDON NHS FOUNDATION TRUST,C_170,Cardiothoracic Surgery Service,-,-,-,-,-,-,-,-
Y56,RV3,CENTRAL AND NORTH WEST LONDON NHS FOUNDATION TRUST,C_300,General Internal Medicine Service,-,-,-,-,-,-,-,-
Y56,RV3,CENTRAL AND NORTH WEST LONDON NHS FOUNDATION TRUST,C_301,Gastroenterology Service,-,-,-,-,-,-,-,-
Y56,RV3,CENTRAL AND NORTH WEST LONDON NHS FOUNDATION TRUST,C_320,Cardiology Service,-,-,-,-,-,-,-,-
Y56,RV3,CENTRAL AND NORTH WEST LONDON NHS FOUNDATION TRUST,C_330,Dermatology Service,-,-,-,-,-,-,-,-
Y56,RV3,CENTRAL AND NORTH WEST LONDON NHS FOUNDATION TRUST,C_340,Respiratory Medicine Service,-,-,-,-,-,-,-,-
Y56,RV3,CENTRAL AND NORTH WEST LONDON NHS FOUNDATION TRUST,C_400,Neurology Service,-,-,-,-,-,-,-,-
Y56,RV3,CENTRAL AND NORTH WEST LONDON NHS FOUNDATION TRUST,C_410,Rheumatology Service,-,-,-,-,-,-,-,-
Y56,RV3,CENTRAL AND NORTH WEST LONDON NHS FOUNDATION TRUST,C_430,Elderly Medicine Service,-,-,-,-,-,-,-,-
Y56,RV3,CENTRAL AND NORTH WEST LONDON NHS FOUNDATION TRUST,C_502,Gynaecology Service,-,-,-,-,-,-,-,-
Y56,RV3,CENTRAL AND NORTH WEST LONDON NHS FOUNDATION TRUST,X02,Other - Medical Services,-,-,-,-,-,-,-,-
Y56,RV3,CENTRAL AND NORTH WEST LONDON NHS FOUNDATION TRUST,X03,Other - Mental Health Services,-,-,-,-,-,-,-,-
Y56,RV3,CENTRAL AND NORTH WEST LONDON NHS FOUNDATION TRUST,X04,Other - Paediatric Services,"1,843",992,53.80%,14.9,51.5,139,-,1
Y56,RV3,CENTRAL AND NORTH WEST LONDON NHS FOUNDATION TRUST,X05,Other - Surgical Services,-,-,-,-,-,-,-,-
Y56,RV3,CENTRAL AND NORTH WEST LONDON NHS FOUNDATION TRUST,X06,Other - Other Services,-,-,-,-,-,-,-,-
Y56,RVR,EPSOM AND ST HELIER UNIVERSITY HOSPITALS NHS TRUST,C_100,General Surgery Service,"4,153","2,632",63.40%,12.7,33.9,18,1,4
Y56,RVR,EPSOM AND ST HELIER UNIVERSITY HOSPITALS NHS TRUST,C_101,Urology Service,"2,201","1,545",70.20%,11.3,28.5,7,-,2
Y56,RVR,EPSOM AND ST HELIER UNIVERSITY HOSPITALS NHS TRUST,C_110,Trauma and Orthopaedic Service,"6,471","4,104",63.40%,12,38.7,94,-,2
Y56,RVR,EPSOM AND ST HELIER UNIVERSITY HOSPITALS NHS TRUST,C_120,Ear Nose and Throat Service,"2,465","1,775",72.00%,11,29.4,6,-,-
Y56,RVR,EPSOM AND ST HELIER UNIVERSITY HOSPITALS NHS TRUST,C_130,Ophthalmology Service,"2,860","2,572",89.90%,7.3,19.3,1,-,-
Y56,RVR,EPSOM AND ST HELIER UNIVERSITY HOSPITALS NHS TRUST,C_140,Oral Surgery Service,"1,446","1,180",81.60%,8.9,27.6,1,-,-
Y56,RVR,EPSOM AND ST HELIER UNIVERSITY HOSPITALS NHS TRUST,C_150,Neurosurgical Service,-,-,-,-,-,-,-,-
Y56,RVR,EPSOM AND ST HELIER UNIVERSITY HOSPITALS NHS TRUST,C_160,Plastic Surgery Service,136,64,47.10%,19.1,43,1,-,-
Y56,RVR,EPSOM AND ST HELIER UNIVERSITY HOSPITALS NHS TRUST,C_170,Cardiothoracic Surgery Service,-,-,-,-,-,-,-,-
Y56,RVR,EPSOM AND ST HELIER UNIVERSITY HOSPITALS NHS TRUST,C_300,General Internal Medicine Service,215,137,63.70%,10.1,34.4,4,-,-
Y56,RVR,EPSOM AND ST HELIER UNIVERSITY HOSPITALS NHS TRUST,C_301,Gastroenterology Service,"2,867","1,735",60.50%,13.1,35.6,42,1,8
Y56,RVR,EPSOM AND ST HELIER UNIVERSITY HOSPITALS NHS TRUST,C_320,Cardiology Service,"2,790","1,722",61.70%,13.9,40.5,90,2,8
Y56,RVR,EPSOM AND ST HELIER UNIVERSITY HOSPITALS NHS TRUST,C_330,Dermatology Service,"3,669","2,266",61.80%,13.6,36.4,66,-,9
Y56,RVR,EPSOM AND ST HELIER UNIVERSITY HOSPITALS NHS TRUST,C_340,Respiratory Medicine Service,"1,189",786,66.10%,12,45.4,45,-,1
Y56,RVR,EPSOM AND ST HELIER UNIVERSITY HOSPITALS NHS TRUST,C_400,Neurology Service,"1,288",948,73.60%,11.2,30.9,11,-,1
Y56,RVR,EPSOM AND ST HELIER UNIVERSITY HOSPITALS NHS TRUST,C_410,Rheumatology Service,495,372,75.20%,10.3,31.9,3,-,1
Y56,RVR,EPSOM AND ST HELIER UNIVERSITY HOSPITALS NHS TRUST,C_430,Elderly Medicine Service,138,75,54.30%,14.3,38.7,-,-,-
Y56,RVR,EPSOM AND ST HELIER UNIVERSITY HOSPITALS NHS TRUST,C_502,Gynaecology Service,"5,624","3,329",59.20%,14.5,49.7,382,7,106
Y56,RVR,EPSOM AND ST HELIER UNIVERSITY HOSPITALS NHS TRUST,X02,Other - Medical Services,"5,118","3,904",76.30%,9.7,30.1,48,1,8
Y56,RVR,EPSOM AND ST HELIER UNIVERSITY HOSPITALS NHS TRUST,X03,Other - Mental Health Services,-,-,-,-,-,-,-,-
Y56,RVR,EPSOM AND ST HELIER UNIVERSITY HOSPITALS NHS TRUST,X04,Other - Paediatric Services,"5,304","3,381",63.70%,12.2,39.6,98,-,2
Y56,RVR,EPSOM AND ST HELIER UNIVERSITY HOSPITALS NHS TRUST,X05,Other - Surgical Services,915,476,52.00%,16.8,42.1,5,-,-
Y56,RVR,EPSOM AND ST HELIER UNIVERSITY HOSPITALS NHS TRUST,X06,Other - Other Services,888,792,89.20%,6.6,20.1,-,-,-
Y56,RYJ,IMPERIAL COLLEGE HEALTHCARE NHS TRUST,C_100,General Surgery Service,"3,057","1,246",40.80%,23.2,59.5,472,3,113
Y56,RYJ,IMPERIAL COLLEGE HEALTHCARE NHS TRUST,C_101,Urology Service,"2,767","1,567",56.60%,15.5,41,87,1,20
Y56,RYJ,IMPERIAL COLLEGE HEALTHCARE NHS TRUST,C_110,Trauma and Orthopaedic Service,"3,441","1,777",51.60%,17.2,48,178,2,27
Y56,RYJ,IMPERIAL COLLEGE HEALTHCARE NHS TRUST,C_120,Ear Nose and Throat Service,"6,356","3,734",58.70%,14.3,53.7,571,3,174
Y56,RYJ,IMPERIAL COLLEGE HEALTHCARE NHS TRUST,C_130,Ophthalmology Service,"6,503","3,853",59.20%,14.1,40.2,106,-,12
Y56,RYJ,IMPERIAL COLLEGE HEALTHCARE NHS TRUST,C_140,Oral Surgery Service,239,224,93.70%,6.9,16.8,-,-,-
Y56,RYJ,IMPERIAL COLLEGE HEALTHCARE NHS TRUST,C_150,Neurosurgical Service,"5,927","2,297",38.80%,24.8,54.8,658,6,168
Y56,RYJ,IMPERIAL COLLEGE HEALTHCARE NHS TRUST,C_160,Plastic Surgery Service,"1,856",860,46.30%,19.5,46.2,65,-,3
Y56,RYJ,IMPERIAL COLLEGE HEALTHCARE NHS TRUST,C_170,Cardiothoracic Surgery Service,380,272,71.60%,9.9,34.5,7,-,-
Y56,RYJ,IMPERIAL COLLEGE HEALTHCARE NHS TRUST,C_300,General Internal Medicine Service,148,110,74.30%,8.8,35.1,-,-,-
Y56,RYJ,IMPERIAL COLLEGE HEALTHCARE NHS TRUST,C_301,Gastroenterology Service,"3,316","2,464",74.30%,11,28.8,4,-,1
Y56,RYJ,IMPERIAL COLLEGE HEALTHCARE NHS TRUST,C_320,Cardiology Service,"6,831","4,491",65.70%,12.3,36.4,89,-,11
Y56,RYJ,IMPERIAL COLLEGE HEALTHCARE NHS TRUST,C_330,Dermatology Service,"3,598","2,536",70.50%,9.9,35.8,13,-,-
Y56,RYJ,IMPERIAL COLLEGE HEALTHCARE NHS TRUST,C_340,Respiratory Medicine Service,"2,642","1,889",71.50%,9.5,32.7,23,-,-
Y56,RYJ,IMPERIAL COLLEGE HEALTHCARE NHS TRUST,C_400,Neurology Service,"6,002","2,619",43.60%,21.1,50.5,372,-,4
Y56,RYJ,IMPERIAL COLLEGE HEALTHCARE NHS TRUST,C_410,Rheumatology Service,"1,184",800,67.60%,12.3,32.5,4,-,1
Y56,RYJ,IMPERIAL COLLEGE HEALTHCARE NHS TRUST,C_430,Elderly Medicine Service,331,256,77.30%,8.3,25.5,-,-,-
Y56,RYJ,IMPERIAL COLLEGE HEALTHCARE NHS TRUST,C_502,Gynaecology Service,"9,241","4,982",53.90%,16.4,42.7,127,-,3
Y56,RYJ,IMPERIAL COLLEGE HEALTHCARE NHS TRUST,X02,Other - Medical Services,"18,961","11,405",60.10%,14.4,39.9,197,-,6
Y56,RYJ,IMPERIAL COLLEGE HEALTHCARE NHS TRUST,X03,Other - Mental Health Services,-,-,-,-,-,-,-,-
Y56,RYJ,IMPERIAL COLLEGE HEALTHCARE NHS TRUST,X04,Other - Paediatric Services,"5,348","3,874",72.40%,10.2,32.6,103,-,4
Y56,RYJ,IMPERIAL COLLEGE HEALTHCARE NHS TRUST,X05,Other - Surgical Services,"9,647","4,864",50.40%,17.8,51.2,701,2,110
Y56,RYJ,IMPERIAL COLLEGE HEALTHCARE NHS TRUST,X06,Other - Other Services,321,298,92.80%,9.6,17.8,-,-,-
Y58,R0D,UNIVERSITY HOSPITALS DORSET NHS FOUNDATION TRUST,C_100,General Surgery Service,"1,089",909,83.50%,7.8,25.9,20,-,4
Y58,R0D,UNIVERSITY HOSPITALS DORSET NHS FOUNDATION TRUST,C_101,Urology Service,"3,425","2,110",61.60%,14.3,36.9,103,-,23
Y58,R0D,UNIVERSITY HOSPITALS DORSET NHS FOUNDATION TRUST,C_110,Trauma and Orthopaedic Service,"7,129","3,541",49.70%,18.1,46.9,325,-,36
Y58,R0D,UNIVERSITY HOSPITALS DORSET NHS FOUNDATION TRUST,C_120,Ear Nose and Throat Service,"6,122","3,243",53.00%,17.1,46.4,333,-,68
Y58,R0D,UNIVERSITY HOSPITALS DORSET NHS FOUNDATION TRUST,C_130,Ophthalmology Service,"3,838","3,037",79.10%,8.8,29.3,20,-,-
Y58,R0D,UNIVERSITY HOSPITALS DORSET NHS FOUNDATION TRUST,C_140,Oral Surgery Service,"3,642","2,030",55.70%,16.6,45,163,-,25
Y58,R0D,UNIVERSITY HOSPITALS DORSET NHS FOUNDATION TRUST,C_150,Neurosurgical Service,1,1,100.00%,-,-,-,-,-
Y58,R0D,UNIVERSITY HOSPITALS DORSET NHS FOUNDATION TRUST,C_160,Plastic Surgery Service,-,-,-,-,-,-,-,-
Y58,R0D,UNIVERSITY HOSPITALS DORSET NHS FOUNDATION TRUST,C_170,Cardiothoracic Surgery Service,-,-,-,-,-,-,-,-
Y58,R0D,UNIVERSITY HOSPITALS DORSET NHS FOUNDATION TRUST,C_300,General Internal Medicine Service,406,365,89.90%,10,19.1,-,-,-
Y58,R0D,UNIVERSITY HOSPITALS DORSET NHS FOUNDATION TRUST,C_301,Gastroenterology Service,"4,670","3,359",71.90%,9.8,34,73,-,2
Y58,R0D,UNIVERSITY HOSPITALS DORSET NHS FOUNDATION TRUST,C_320,Cardiology Service,"3,977","2,721",68.40%,11.7,35,53,-,1
Y58,R0D,UNIVERSITY HOSPITALS DORSET NHS FOUNDATION TRUST,C_330,Dermatology Service,"3,764","2,624",69.70%,9.1,36.5,78,-,2
Y58,R0D,UNIVERSITY HOSPITALS DORSET NHS FOUNDATION TRUST,C_340,Respiratory Medicine Service,"1,514",946,62.50%,14.2,39.9,19,-,3
Y58,R0D,UNIVERSITY HOSPITALS DORSET NHS FOUNDATION TRUST,C_400,Neurology Service,"2,503","1,218",48.70%,18.8,49.8,161,-,12
Y58,R0D,UNIVERSITY HOSPITALS DORSET NHS FOUNDATION TRUST,C_410,Rheumatology Service,"1,056",914,86.60%,8.3,20.5,1,-,-
Y58,R0D,UNIVERSITY HOSPITALS DORSET NHS FOUNDATION TRUST,C_430,Elderly Medicine Service,360,238,66.10%,11.8,36.8,1,-,-
Y58,R0D,UNIVERSITY HOSPITALS DORSET NHS FOUNDATION TRUST,C_502,Gynaecology Service,"7,644","3,274",42.80%,21.9,57.3,"1,012",-,207
Y58,R0D,UNIVERSITY HOSPITALS DORSET NHS FOUNDATION TRUST,X02,Other - Medical Services,"4,173","3,156",75.60%,10.3,31.9,38,-,2
Y58,R0D,UNIVERSITY HOSPITALS DORSET NHS FOUNDATION TRUST,X03,Other - Mental Health Services,-,-,-,-,-,-,-,-
Y58,R0D,UNIVERSITY HOSPITALS DORSET NHS FOUNDATION TRUST,X04,Other - Paediatric Services,"2,398","1,580",65.90%,13.1,38.8,64,-,1
Y58,R0D,UNIVERSITY HOSPITALS DORSET NHS FOUNDATION TRUST,X05,Other - Surgical Services,"9,067","5,147",56.80%,15.4,48.2,530,-,86
Y58,R0D,UNIVERSITY HOSPITALS DORSET NHS FOUNDATION TRUST,X06,Other - Other Services,"1,177","1,110",94.30%,8.7,17.6,4,-,-
Y58,RA7,UNIVERSITY HOSPITALS BRISTOL AND WESTON NHS FOUNDATION TRUST,C_100,General Surgery Service,117,86,73.50%,8.5,31.6,1,-,-
Y58,RA7,UNIVERSITY HOSPITALS BRISTOL AND WESTON NHS FOUNDATION TRUST,C_101,Urology Service,-,-,-,-,-,-,-,-
Y58,RA7,UNIVERSITY HOSPITALS BRISTOL AND WESTON NHS FOUNDATION TRUST,C_110,Trauma and Orthopaedic Service,"1,842","1,186",64.40%,13.1,40,37,-,-
Y58,RA7,UNIVERSITY HOSPITALS BRISTOL AND WESTON NHS FOUNDATION TRUST,C_120,Ear Nose and Throat Service,"5,512","3,471",63.00%,13.1,43,206,-,-
Y58,RA7,UNIVERSITY HOSPITALS BRISTOL AND WESTON NHS FOUNDATION TRUST,C_130,Ophthalmology Service,"6,783","5,104",75.20%,8.3,34.8,129,22,56
Y58,RA7,UNIVERSITY HOSPITALS BRISTOL AND WESTON NHS FOUNDATION TRUST,C_140,Oral Surgery Service,"3,902","1,400",35.90%,27.9,54.5,440,-,50
Y58,RA7,UNIVERSITY HOSPITALS BRISTOL AND WESTON NHS FOUNDATION TRUST,C_150,Neurosurgical Service,-,-,-,-,-,-,-,-
Y58,RA7,UNIVERSITY HOSPITALS BRISTOL AND WESTON NHS FOUNDATION TRUST,C_160,Plastic Surgery Service,-,-,-,-,-,-,-,-
Y58,RA7,UNIVERSITY HOSPITALS BRISTOL AND WESTON NHS FOUNDATION TRUST,C_170,Cardiothoracic Surgery Service,317,243,76.70%,8.5,32.2,5,-,-
Y58,RA7,UNIVERSITY HOSPITALS BRISTOL AND WESTON NHS FOUNDATION TRUST,C_300,General Internal Medicine Service,46,44,95.70%,6.8,16.3,-,-,-
Y58,RA7,UNIVERSITY HOSPITALS BRISTOL AND WESTON NHS FOUNDATION TRUST,C_301,Gastroenterology Service,"1,773","1,110",62.60%,12.9,37.4,20,-,1
Y58,RA7,UNIVERSITY HOSPITALS BRISTOL AND WESTON NHS FOUNDATION TRUST,C_320,Cardiology Service,"4,579","2,525",55.10%,15.8,46.7,171,-,2
Y58,RA7,UNIVERSITY HOSPITALS BRISTOL AND WESTON NHS FOUNDATION TRUST,C_330,Dermatology Service,"3,183","2,000",62.80%,10,43.3,47,-,-
Y58,RA7,UNIVERSITY HOSPITALS BRISTOL AND WESTON NHS FOUNDATION TRUST,C_340,Respiratory Medicine Service,"1,925","1,185",61.60%,12.5,49.3,113,-,1
Y58,RA7,UNIVERSITY HOSPITALS BRISTOL AND WESTON NHS FOUNDATION TRUST,C_400,Neurology Service,617,328,53.20%,15.7,44.7,15,-,-
Y58,RA7,UNIVERSITY HOSPITALS BRISTOL AND WESTON NHS FOUNDATION TRUST,C_410,Rheumatology Service,967,654,67.60%,10.7,37.6,1,-,-
Y58,RA7,UNIVERSITY HOSPITALS BRISTOL AND WESTON NHS FOUNDATION TRUST,C_430,Elderly Medicine Service,180,148,82.20%,8.3,24.2,-,-,-
Y58,RA7,UNIVERSITY HOSPITALS BRISTOL AND WESTON NHS FOUNDATION TRUST,C_502,Gynaecology Service,"3,928","2,427",61.80%,13.1,46.8,195,-,6
Y58,RA7,UNIVERSITY HOSPITALS BRISTOL AND WESTON NHS FOUNDATION TRUST,X02,Other - Medical Services,"6,121","3,904",63.80%,12.7,43.5,199,-,8
Y58,RA7,UNIVERSITY HOSPITALS BRISTOL AND WESTON NHS FOUNDATION TRUST,X03,Other - Mental Health Services,37,37,100.00%,2.7,14,-,-,-
Y58,RA7,UNIVERSITY HOSPITALS BRISTOL AND WESTON NHS FOUNDATION TRUST,X04,Other - Paediatric Services,"9,754","5,538",56.80%,15.3,46.2,476,-,75
Y58,RA7,UNIVERSITY HOSPITALS BRISTOL AND WESTON NHS FOUNDATION TRUST,X05,Other - Surgical Services,"6,605","3,625",54.90%,16.1,46.5,288,-,38
Y58,RA7,UNIVERSITY HOSPITALS BRISTOL AND WESTON NHS FOUNDATION TRUST,X06,Other - Other Services,"1,491","1,050",70.40%,9.8,31.6,22,-,-
Y58,RA9,TORBAY AND SOUTH DEVON NHS FOUNDATION TRUST,C_100,General Surgery Service,-,-,-,-,-,-,-,-
Y58,RA9,TORBAY AND SOUTH DEVON NHS FOUNDATION TRUST,C_101,Urology Service,"1,814","1,208",66.60%,11.3,41.5,45,-,9
Y58,RA9,TORBAY AND SOUTH DEVON NHS FOUNDATION TRUST,C_110,Trauma and Orthopaedic Service,"2,944","1,326",45.00%,20.2,55.2,301,6,104
Y58,RA9,TORBAY AND SOUTH DEVON NHS FOUNDATION TRUST,C_120,Ear Nose and Throat Service,"3,423","1,689",49.30%,18.3,51.8,266,-,54
Y58,RA9,TORBAY AND SOUTH DEVON NHS FOUNDATION TRUST,C_130,Ophthalmology Service,"3,838","3,172",82.60%,6.8,25,15,-,1
Y58,RA9,TORBAY AND SOUTH DEVON NHS FOUNDATION TRUST,C_140,Oral Surgery Service,"2,749","1,098",39.90%,23.1,56.5,315,-,60
Y58,RA9,TORBAY AND SOUTH DEVON NHS FOUNDATION TRUST,C_150,Neurosurgical Service,-,-,-,-,-,-,-,-
Y58,RA9,TORBAY AND SOUTH DEVON NHS FOUNDATION TRUST,C_160,Plastic Surgery Service,254,165,65.00%,11.4,39.9,3,-,-
Y58,RA9,TORBAY AND SOUTH DEVON NHS FOUNDATION TRUST,C_170,Cardiothoracic Surgery Service,11,11,100.00%,-,-,-,-,-
Y58,RA9,TORBAY AND SOUTH DEVON NHS FOUNDATION TRUST,C_300,General Internal Medicine Service,65,51,78.50%,6.7,30.8,1,-,1
Y58,RA9,TORBAY AND SOUTH DEVON NHS FOUNDATION TRUST,C_301,Gastroenterology Service,"1,590","1,340",84.30%,5.5,28.6,37,-,22
Y58,RA9,TORBAY AND SOUTH DEVON NHS FOUNDATION TRUST,C_320,Cardiology Service,"2,996","1,648",55.00%,15.8,44.3,84,-,14
Y58,RA9,TORBAY AND SOUTH DEVON NHS FOUNDATION TRUST,C_330,Dermatology Service,"2,157","1,556",72.10%,7.6,36.2,8,-,1
Y58,RA9,TORBAY AND SOUTH DEVON NHS FOUNDATION TRUST,C_340,Respiratory Medicine Service,666,568,85.30%,8,21.3,1,1,1
Y58,RA9,TORBAY AND SOUTH DEVON NHS FOUNDATION TRUST,C_400,Neurology Service,904,580,64.20%,11.6,34.8,7,-,1
Y58,RA9,TORBAY AND SOUTH DEVON NHS FOUNDATION TRUST,C_410,Rheumatology Service,563,510,90.60%,5.8,19.9,1,-,-
Y58,RA9,TORBAY AND SOUTH DEVON NHS FOUNDATION TRUST,C_430,Elderly Medicine Service,318,237,74.50%,9,28.1,-,-,-
Y58,RA9,TORBAY AND SOUTH DEVON NHS FOUNDATION TRUST,C_502,Gynaecology Service,"3,223","1,599",49.60%,18.2,49.2,180,7,56
Y58,RA9,TORBAY AND SOUTH DEVON NHS FOUNDATION TRUST,X02,Other - Medical Services,"2,515","1,501",59.70%,13.2,49,162,1,22
Y58,RA9,TORBAY AND SOUTH DEVON NHS FOUNDATION TRUST,X03,Other - Mental Health Services,-,-,-,-,-,-,-,-
Y58,RA9,TORBAY AND SOUTH DEVON NHS FOUNDATION TRUST,X04,Other - Paediatric Services,891,525,58.90%,14,45.5,29,-,1
Y58,RA9,TORBAY AND SOUTH DEVON NHS FOUNDATION TRUST,X05,Other - Surgical Services,"3,053","1,880",61.60%,12.3,44.5,102,1,13
Y58,RA9,TORBAY AND SOUTH DEVON NHS FOUNDATION TRUST,X06,Other - Other Services,198,153,77.30%,6.9,32.4,2,-,1
Y58,RBD,DORSET COUNTY HOSPITAL NHS FOUNDATION TRUST,C_100,General Surgery Service,"1,299",453,34.90%,26.9,58.8,171,-,53
Y58,RBD,DORSET COUNTY HOSPITAL NHS FOUNDATION TRUST,C_101,Urology Service,874,424,48.50%,18.7,40.7,10,-,1
Y58,RBD,DORSET COUNTY HOSPITAL NHS FOUNDATION TRUST,C_110,Trauma and Orthopaedic Service,"3,644","1,477",40.50%,22.6,53.7,356,1,62
Y58,RBD,DORSET COUNTY HOSPITAL NHS FOUNDATION TRUST,C_120,Ear Nose and Throat Service,"4,058","1,519",37.40%,25.6,59.8,595,-,152
Y58,RBD,DORSET COUNTY HOSPITAL NHS FOUNDATION TRUST,C_130,Ophthalmology Service,"3,150","1,660",52.70%,16.6,52.6,262,-,21
Y58,RBD,DORSET COUNTY HOSPITAL NHS FOUNDATION TRUST,C_140,Oral Surgery Service,"1,417",828,58.40%,14.4,42.3,54,-,11
Y58,RBD,DORSET COUNTY HOSPITAL NHS FOUNDATION TRUST,C_150,Neurosurgical Service,-,-,-,-,-,-,-,-
Y58,RBD,DORSET COUNTY HOSPITAL NHS FOUNDATION TRUST,C_160,Plastic Surgery Service,-,-,-,-,-,-,-,-
Y58,RBD,DORSET COUNTY HOSPITAL NHS FOUNDATION TRUST,C_170,Cardiothoracic Surgery Service,-,-,-,-,-,-,-,-
Y58,RBD,DORSET COUNTY HOSPITAL NHS FOUNDATION TRUST,C_300,General Internal Medicine Service,2,2,100.00%,-,-,-,-,-
Y58,RBD,DORSET COUNTY HOSPITAL NHS FOUNDATION TRUST,C_301,Gastroenterology Service,757,555,73.30%,10.4,31.2,1,-,-
Y58,RBD,DORSET COUNTY HOSPITAL NHS FOUNDATION TRUST,C_320,Cardiology Service,973,610,62.70%,12.4,36.2,10,-,1
Y58,RBD,DORSET COUNTY HOSPITAL NHS FOUNDATION TRUST,C_330,Dermatology Service,"1,487",821,55.20%,15.3,52.9,131,-,8
Y58,RBD,DORSET COUNTY HOSPITAL NHS FOUNDATION TRUST,C_340,Respiratory Medicine Service,543,441,81.20%,8.5,25.1,-,-,-
Y58,RBD,DORSET COUNTY HOSPITAL NHS FOUNDATION TRUST,C_400,Neurology Service,-,-,-,-,-,-,-,-
Y58,RBD,DORSET COUNTY HOSPITAL NHS FOUNDATION TRUST,C_410,Rheumatology Service,6,6,100.00%,-,-,-,-,-
Y58,RBD,DORSET COUNTY HOSPITAL NHS FOUNDATION TRUST,C_430,Elderly Medicine Service,59,52,88.10%,6.2,20.6,-,-,-
Y58,RBD,DORSET COUNTY HOSPITAL NHS FOUNDATION TRUST,C_502,Gynaecology Service,"1,995",964,48.30%,18.9,50.5,129,1,36
Y58,RBD,DORSET COUNTY HOSPITAL NHS FOUNDATION TRUST,X02,Other - Medical Services,998,824,82.60%,7.3,30.4,12,-,3
Y58,RBD,DORSET COUNTY HOSPITAL NHS FOUNDATION TRUST,X03,Other - Mental Health Services,-,-,-,-,-,-,-,-
Y58,RBD,DORSET COUNTY HOSPITAL NHS FOUNDATION TRUST,X04,Other - Paediatric Services,262,103,39.30%,28,58.5,44,-,12
Y58,RBD,DORSET COUNTY HOSPITAL NHS FOUNDATION TRUST,X05,Other - Surgical Services,"1,084",870,80.30%,6.9,32.9,22,-,8
Y58,RBD,DORSET COUNTY HOSPITAL NHS FOUNDATION TRUST,X06,Other - Other Services,8,7,87.50%,-,-,1,-,-
Y58,RD1,ROYAL UNITED HOSPITALS BATH NHS FOUNDATION TRUST,C_100,General Surgery Service,"3,618","2,608",72.10%,9.8,36.5,53,-,8
Y58,RD1,ROYAL UNITED HOSPITALS BATH NHS FOUNDATION TRUST,C_101,Urology Service,"2,124","1,193",56.20%,15.4,41.6,26,-,-
Y58,RD1,ROYAL UNITED HOSPITALS BATH NHS FOUNDATION TRUST,C_110,Trauma and Orthopaedic Service,"2,344","1,138",48.50%,18.7,49.9,154,-,24
Y58,RD1,ROYAL UNITED HOSPITALS BATH NHS FOUNDATION TRUST,C_120,Ear Nose and Throat Service,"3,687","1,864",50.60%,17.6,50.1,220,-,2
Y58,RD1,ROYAL UNITED HOSPITALS BATH NHS FOUNDATION TRUST,C_130,Ophthalmology Service,"2,723","2,168",79.60%,8.4,30.8,31,1,6
Y58,RD1,ROYAL UNITED HOSPITALS BATH NHS FOUNDATION TRUST,C_140,Oral Surgery Service,"3,177","2,133",67.10%,12.1,30.9,12,-,-
Y58,RD1,ROYAL UNITED HOSPITALS BATH NHS FOUNDATION TRUST,C_150,Neurosurgical Service,-,-,-,-,-,-,-,-
Y58,RD1,ROYAL UNITED HOSPITALS BATH NHS FOUNDATION TRUST,C_160,Plastic Surgery Service,-,-,-,-,-,-,-,-
Y58,RD1,ROYAL UNITED HOSPITALS BATH NHS FOUNDATION TRUST,C_170,Cardiothoracic Surgery Service,-,-,-,-,-,-,-,-
Y58,RD1,ROYAL UNITED HOSPITALS BATH NHS FOUNDATION TRUST,C_300,General Internal Medicine Service,74,74,100.00%,5.5,9.9,-,-,-
Y58,RD1,ROYAL UNITED HOSPITALS BATH NHS FOUNDATION TRUST,C_301,Gastroenterology Service,"3,268","1,956",59.90%,12.8,48.9,170,-,11
Y58,RD1,ROYAL UNITED HOSPITALS BATH NHS FOUNDATION TRUST,C_320,Cardiology Service,"3,705","2,239",60.40%,13.9,35,22,-,-
Y58,RD1,ROYAL UNITED HOSPITALS BATH NHS FOUNDATION TRUST,C_330,Dermatology Service,"2,323","1,608",69.20%,8.6,36.7,7,-,-
Y58,RD1,ROYAL UNITED HOSPITALS BATH NHS FOUNDATION TRUST,C_340,Respiratory Medicine Service,622,577,92.80%,7.1,17.8,-,-,-
Y58,RD1,ROYAL UNITED HOSPITALS BATH NHS FOUNDATION TRUST,C_400,Neurology Service,910,797,87.60%,8.7,20.9,-,-,-
Y58,RD1,ROYAL UNITED HOSPITALS BATH NHS FOUNDATION TRUST,C_410,Rheumatology Service,"1,290",994,77.10%,9.7,24.2,-,-,-
Y58,RD1,ROYAL UNITED HOSPITALS BATH NHS FOUNDATION TRUST,C_430,Elderly Medicine Service,172,152,88.40%,6.9,21.6,-,-,-
Y58,RD1,ROYAL UNITED HOSPITALS BATH NHS FOUNDATION TRUST,C_502,Gynaecology Service,"2,566","1,627",63.40%,13.8,38.7,23,-,-
Y58,RD1,ROYAL UNITED HOSPITALS BATH NHS FOUNDATION TRUST,X02,Other - Medical Services,704,525,74.60%,9.8,31.1,6,-,-
Y58,RD1,ROYAL UNITED HOSPITALS BATH NHS FOUNDATION TRUST,X03,Other - Mental Health Services,-,-,-,-,-,-,-,-
Y58,RD1,ROYAL UNITED HOSPITALS BATH NHS FOUNDATION TRUST,X04,Other - Paediatric Services,"1,196",912,76.30%,9,34.1,32,-,5
Y58,RD1,ROYAL UNITED HOSPITALS BATH NHS FOUNDATION TRUST,X05,Other - Surgical Services,"1,408",986,70.00%,10.2,30.6,3,-,-
Y58,RD1,ROYAL UNITED HOSPITALS BATH NHS FOUNDATION TRUST,X06,Other - Other Services,684,664,97.10%,5.2,13.4,-,-,-
Y58,REF,ROYAL CORNWALL HOSPITALS NHS TRUST,C_100,General Surgery Service,"2,309","1,322",57.30%,14.3,43.5,59,1,8
Y58,REF,ROYAL CORNWALL HOSPITALS NHS TRUST,C_101,Urology Service,"1,585","1,140",71.90%,10.6,30,3,-,-
Y58,REF,ROYAL CORNWALL HOSPITALS NHS TRUST,C_110,Trauma and Orthopaedic Service,"6,694","2,379",35.50%,29.3,60.3,"1,071",21,326
Y58,REF,ROYAL CORNWALL HOSPITALS NHS TRUST,C_120,Ear Nose and Throat Service,"2,874","2,099",73.00%,9.2,33.9,46,-,1
Y58,REF,ROYAL CORNWALL HOSPITALS NHS TRUST,C_130,Ophthalmology Service,"5,370","3,935",73.30%,10.5,33.9,70,1,4
Y58,REF,ROYAL CORNWALL HOSPITALS NHS TRUST,C_140,Oral Surgery Service,"2,481","1,796",72.40%,10.6,33.1,19,-,1
Y58,REF,ROYAL CORNWALL HOSPITALS NHS TRUST,C_150,Neurosurgical Service,-,-,-,-,-,-,-,-
Y58,REF,ROYAL CORNWALL HOSPITALS NHS TRUST,C_160,Plastic Surgery Service,-,-,-,-,-,-,-,-
Y58,REF,ROYAL CORNWALL HOSPITALS NHS TRUST,C_170,Cardiothoracic Surgery Service,-,-,-,-,-,-,-,-
Y58,REF,ROYAL CORNWALL HOSPITALS NHS TRUST,C_300,General Internal Medicine Service,-,-,-,-,-,-,-,-
Y58,REF,ROYAL CORNWALL HOSPITALS NHS TRUST,C_301,Gastroenterology Service,"1,270","1,162",91.50%,5.1,18.4,-,-,-
Y58,REF,ROYAL CORNWALL HOSPITALS NHS TRUST,C_320,Cardiology Service,"2,340","1,799",76.90%,9.5,29.4,18,-,-
Y58,REF,ROYAL CORNWALL HOSPITALS NHS TRUST,C_330,Dermatology Service,"3,179","2,496",78.50%,8,30.6,1,-,-
Y58,REF,ROYAL CORNWALL HOSPITALS NHS TRUST,C_340,Respiratory Medicine Service,559,461,82.50%,8.2,25.6,4,-,-
Y58,REF,ROYAL CORNWALL HOSPITALS NHS TRUST,C_400,Neurology Service,"1,436",929,64.70%,13,32.2,17,-,-
Y58,REF,ROYAL CORNWALL HOSPITALS NHS TRUST,C_410,Rheumatology Service,400,366,91.50%,4.9,18.5,2,-,-
Y58,REF,ROYAL CORNWALL HOSPITALS NHS TRUST,C_430,Elderly Medicine Service,524,375,71.60%,10.6,28,1,-,-
Y58,REF,ROYAL CORNWALL HOSPITALS NHS TRUST,C_502,Gynaecology Service,"2,511","1,696",67.50%,10.9,33.6,16,-,1
Y58,REF,ROYAL CORNWALL HOSPITALS NHS TRUST,X02,Other - Medical Services,"5,692","4,474",78.60%,8.4,27.6,10,1,1
Y58,REF,ROYAL CORNWALL HOSPITALS NHS TRUST,X03,Other - Mental Health Services,-,-,-,-,-,-,-,-
Y58,REF,ROYAL CORNWALL HOSPITALS NHS TRUST,X04,Other - Paediatric Services,598,495,82.80%,8.9,25.3,4,-,-
Y58,REF,ROYAL CORNWALL HOSPITALS NHS TRUST,X05,Other - Surgical Services,"2,373","1,557",65.60%,10.9,40.2,53,2,9
Y58,REF,ROYAL CORNWALL HOSPITALS NHS TRUST,X06,Other - Other Services,890,772,86.70%,4.3,23.7,-,-,-
Y58,RH5,SOMERSET NHS FOUNDATION TRUST,C_100,General Surgery Service,"2,394","1,679",70.10%,11.6,33.6,62,-,11
Y58,RH5,SOMERSET NHS FOUNDATION TRUST,C_101,Urology Service,"3,310","1,875",56.60%,14.8,48.7,205,2,54
Y58,RH5,SOMERSET NHS FOUNDATION TRUST,C_110,Trauma and Orthopaedic Service,"7,898","4,616",58.40%,13.1,50.4,547,7,177
Y58,RH5,SOMERSET NHS FOUNDATION TRUST,C_120,Ear Nose and Throat Service,"5,176","2,969",57.40%,15.1,44.8,276,3,75
Y58,RH5,SOMERSET NHS FOUNDATION TRUST,C_130,Ophthalmology Service,"5,306","3,365",63.40%,12.8,40.2,87,-,8
Y58,RH5,SOMERSET NHS FOUNDATION TRUST,C_140,Oral Surgery Service,"2,241","1,430",63.80%,12.6,38.8,40,-,6
Y58,RH5,SOMERSET NHS FOUNDATION TRUST,C_150,Neurosurgical Service,-,-,-,-,-,-,-,-
Y58,RH5,SOMERSET NHS FOUNDATION TRUST,C_160,Plastic Surgery Service,189,132,69.80%,11.5,32.9,2,-,1
Y58,RH5,SOMERSET NHS FOUNDATION TRUST,C_170,Cardiothoracic Surgery Service,36,27,75.00%,12,34.1,-,-,-
Y58,RH5,SOMERSET NHS FOUNDATION TRUST,C_300,General Internal Medicine Service,28,13,46.40%,18.3,28.4,-,-,-
Y58,RH5,SOMERSET NHS FOUNDATION TRUST,C_301,Gastroenterology Service,"2,454","1,580",64.40%,12.7,40.1,71,-,13
Y58,RH5,SOMERSET NHS FOUNDATION TRUST,C_320,Cardiology Service,"3,622","2,891",79.80%,8.9,28.2,6,-,3
Y58,RH5,SOMERSET NHS FOUNDATION TRUST,C_330,Dermatology Service,"3,196","2,737",85.60%,7.7,21.6,10,-,3
Y58,RH5,SOMERSET NHS FOUNDATION TRUST,C_340,Respiratory Medicine Service,"2,307","1,525",66.10%,12.5,32.8,10,-,-
Y58,RH5,SOMERSET NHS FOUNDATION TRUST,C_400,Neurology Service,"2,040","1,194",58.50%,15.3,40.2,40,-,6
Y58,RH5,SOMERSET NHS FOUNDATION TRUST,C_410,Rheumatology Service,932,633,67.90%,12.3,34.1,9,-,-
Y58,RH5,SOMERSET NHS FOUNDATION TRUST,C_430,Elderly Medicine Service,596,445,74.70%,8.7,32.9,2,-,-
Y58,RH5,SOMERSET NHS FOUNDATION TRUST,C_502,Gynaecology Service,"3,896","2,621",67.30%,11.3,38.8,94,-,17
Y58,RH5,SOMERSET NHS FOUNDATION TRUST,X02,Other - Medical Services,"2,689","1,920",71.40%,10.2,32.7,33,-,10
Y58,RH5,SOMERSET NHS FOUNDATION TRUST,X03,Other - Mental Health Services,-,-,-,-,-,-,-,-
Y58,RH5,SOMERSET NHS FOUNDATION TRUST,X04,Other - Paediatric Services,"1,489","1,103",74.10%,9.6,31.6,8,-,4
Y58,RH5,SOMERSET NHS FOUNDATION TRUST,X05,Other - Surgical Services,"5,736","3,593",62.60%,12.7,48.7,359,3,102
Y58,RH5,SOMERSET NHS FOUNDATION TRUST,X06,Other - Other Services,"1,039",783,75.40%,9.7,31.7,11,-,3
Y58,RH8,ROYAL DEVON UNIVERSITY HEALTHCARE NHS FOUNDATION TRUST,C_100,General Surgery Service,"1,412",707,50.10%,18,51.7,111,1,33
Y58,RH8,ROYAL DEVON UNIVERSITY HEALTHCARE NHS FOUNDATION TRUST,C_101,Urology Service,"3,720","2,024",54.40%,16,46.2,189,9,66
Y58,RH8,ROYAL DEVON UNIVERSITY HEALTHCARE NHS FOUNDATION TRUST,C_110,Trauma and Orthopaedic Service,"10,113","4,602",45.50%,20.2,50.9,745,19,221
Y58,RH8,ROYAL DEVON UNIVERSITY HEALTHCARE NHS FOUNDATION TRUST,C_120,Ear Nose and Throat Service,"5,049","2,462",48.80%,18.5,45.3,183,-,23
Y58,RH8,ROYAL DEVON UNIVERSITY HEALTHCARE NHS FOUNDATION TRUST,C_130,Ophthalmology Service,"8,293","5,365",64.70%,12.4,39.9,208,5,57
Y58,RH8,ROYAL DEVON UNIVERSITY HEALTHCARE NHS FOUNDATION TRUST,C_140,Oral Surgery Service,"3,022","1,677",55.50%,16.2,45.2,130,1,25
Y58,RH8,ROYAL DEVON UNIVERSITY HEALTHCARE NHS FOUNDATION TRUST,C_150,Neurosurgical Service,-,-,-,-,-,-,-,-
Y58,RH8,ROYAL DEVON UNIVERSITY HEALTHCARE NHS FOUNDATION TRUST,C_160,Plastic Surgery Service,"1,366",894,65.40%,12.3,35.9,31,1,9
Y58,RH8,ROYAL DEVON UNIVERSITY HEALTHCARE NHS FOUNDATION TRUST,C_170,Cardiothoracic Surgery Service,2,1,50.00%,-,-,-,-,-
Y58,RH8,ROYAL DEVON UNIVERSITY HEALTHCARE NHS FOUNDATION TRUST,C_300,General Internal Medicine Service,333,171,51.40%,17.1,40.1,4,-,2
Y58,RH8,ROYAL DEVON UNIVERSITY HEALTHCARE NHS FOUNDATION TRUST,C_301,Gastroenterology Service,"3,300","2,242",67.90%,12.6,35.9,49,1,9
Y58,RH8,ROYAL DEVON UNIVERSITY HEALTHCARE NHS FOUNDATION TRUST,C_320,Cardiology Service,"5,710","3,066",53.70%,16.3,49.2,382,8,108
Y58,RH8,ROYAL DEVON UNIVERSITY HEALTHCARE NHS FOUNDATION TRUST,C_330,Dermatology Service,"6,504","3,984",61.30%,12.7,45.1,327,4,102
Y58,RH8,ROYAL DEVON UNIVERSITY HEALTHCARE NHS FOUNDATION TRUST,C_340,Respiratory Medicine Service,"2,416","1,293",53.50%,16.5,42.3,63,1,9
Y58,RH8,ROYAL DEVON UNIVERSITY HEALTHCARE NHS FOUNDATION TRUST,C_400,Neurology Service,"1,937","1,103",56.90%,15.3,39.7,39,-,7
Y58,RH8,ROYAL DEVON UNIVERSITY HEALTHCARE NHS FOUNDATION TRUST,C_410,Rheumatology Service,786,662,84.20%,8.9,23.7,4,1,1
Y58,RH8,ROYAL DEVON UNIVERSITY HEALTHCARE NHS FOUNDATION TRUST,C_430,Elderly Medicine Service,311,273,87.80%,6.4,25,3,-,-
Y58,RH8,ROYAL DEVON UNIVERSITY HEALTHCARE NHS FOUNDATION TRUST,C_502,Gynaecology Service,"4,931","2,457",49.80%,18.1,53,423,1,78
Y58,RH8,ROYAL DEVON UNIVERSITY HEALTHCARE NHS FOUNDATION TRUST,X02,Other - Medical Services,"6,930","4,524",65.30%,12.1,37.7,115,1,11
Y58,RH8,ROYAL DEVON UNIVERSITY HEALTHCARE NHS FOUNDATION TRUST,X03,Other - Mental Health Services,-,-,-,-,-,-,-,-
Y58,RH8,ROYAL DEVON UNIVERSITY HEALTHCARE NHS FOUNDATION TRUST,X04,Other - Paediatric Services,"1,519",843,55.50%,15.9,44.6,52,1,10
Y58,RH8,ROYAL DEVON UNIVERSITY HEALTHCARE NHS FOUNDATION TRUST,X05,Other - Surgical Services,"7,317","4,087",55.90%,15.4,44.9,307,7,79
Y58,RH8,ROYAL DEVON UNIVERSITY HEALTHCARE NHS FOUNDATION TRUST,X06,Other - Other Services,213,173,81.20%,9.8,22,1,-,1
Y58,RJ8,CORNWALL PARTNERSHIP NHS FOUNDATION TRUST,C_100,General Surgery Service,-,-,-,-,-,-,-,-
Y58,RJ8,CORNWALL PARTNERSHIP NHS FOUNDATION TRUST,C_101,Urology Service,-,-,-,-,-,-,-,-
Y58,RJ8,CORNWALL PARTNERSHIP NHS FOUNDATION TRUST,C_110,Trauma and Orthopaedic Service,133,129,97.00%,6.5,14.3,-,-,-
Y58,RJ8,CORNWALL PARTNERSHIP NHS FOUNDATION TRUST,C_120,Ear Nose and Throat Service,-,-,-,-,-,-,-,-
Y58,RJ8,CORNWALL PARTNERSHIP NHS FOUNDATION TRUST,C_130,Ophthalmology Service,-,-,-,-,-,-,-,-
Y58,RJ8,CORNWALL PARTNERSHIP NHS FOUNDATION TRUST,C_140,Oral Surgery Service,-,-,-,-,-,-,-,-
Y58,RJ8,CORNWALL PARTNERSHIP NHS FOUNDATION TRUST,C_150,Neurosurgical Service,-,-,-,-,-,-,-,-
Y58,RJ8,CORNWALL PARTNERSHIP NHS FOUNDATION TRUST,C_160,Plastic Surgery Service,-,-,-,-,-,-,-,-
Y58,RJ8,CORNWALL PARTNERSHIP NHS FOUNDATION TRUST,C_170,Cardiothoracic Surgery Service,-,-,-,-,-,-,-,-
Y58,RJ8,CORNWALL PARTNERSHIP NHS FOUNDATION TRUST,C_300,General Internal Medicine Service,-,-,-,-,-,-,-,-
Y58,RJ8,CORNWALL PARTNERSHIP NHS FOUNDATION TRUST,C_301,Gastroenterology Service,-,-,-,-,-,-,-,-
Y58,RJ8,CORNWALL PARTNERSHIP NHS FOUNDATION TRUST,C_320,Cardiology Service,-,-,-,-,-,-,-,-
Y58,RJ8,CORNWALL PARTNERSHIP NHS FOUNDATION TRUST,C_330,Dermatology Service,-,-,-,-,-,-,-,-
Y58,RJ8,CORNWALL PARTNERSHIP NHS FOUNDATION TRUST,C_340,Respiratory Medicine Service,-,-,-,-,-,-,-,-
Y58,RJ8,CORNWALL PARTNERSHIP NHS FOUNDATION TRUST,C_400,Neurology Service,-,-,-,-,-,-,-,-
Y58,RJ8,CORNWALL PARTNERSHIP NHS FOUNDATION TRUST,C_410,Rheumatology Service,-,-,-,-,-,-,-,-
Y58,RJ8,CORNWALL PARTNERSHIP NHS FOUNDATION TRUST,C_430,Elderly Medicine Service,-,-,-,-,-,-,-,-
Y58,RJ8,CORNWALL PARTNERSHIP NHS FOUNDATION TRUST,C_502,Gynaecology Service,-,-,-,-,-,-,-,-
Y58,RJ8,CORNWALL PARTNERSHIP NHS FOUNDATION TRUST,X02,Other - Medical Services,813,604,74.30%,15,21.4,-,-,-
Y58,RJ8,CORNWALL PARTNERSHIP NHS FOUNDATION TRUST,X03,Other - Mental Health Services,-,-,-,-,-,-,-,-
Y58,RJ8,CORNWALL PARTNERSHIP NHS FOUNDATION TRUST,X04,Other - Paediatric Services,-,-,-,-,-,-,-,-
Y58,RJ8,CORNWALL PARTNERSHIP NHS FOUNDATION TRUST,X05,Other - Surgical Services,-,-,-,-,-,-,-,-
Y58,RJ8,CORNWALL PARTNERSHIP NHS FOUNDATION TRUST,X06,Other - Other Services,-,-,-,-,-,-,-,-
Y58,RK9,UNIVERSITY HOSPITALS PLYMOUTH NHS TRUST,C_100,General Surgery Service,35,29,82.90%,8.5,29.2,-,-,-
Y58,RK9,UNIVERSITY HOSPITALS PLYMOUTH NHS TRUST,C_101,Urology Service,"2,711","1,760",64.90%,11,42.7,96,-,26
Y58,RK9,UNIVERSITY HOSPITALS PLYMOUTH NHS TRUST,C_110,Trauma and Orthopaedic Service,"3,542","1,450",40.90%,23,61.1,538,50,216
Y58,RK9,UNIVERSITY HOSPITALS PLYMOUTH NHS TRUST,C_120,Ear Nose and Throat Service,"4,579","2,752",60.10%,14.5,40.9,107,1,13
Y58,RK9,UNIVERSITY HOSPITALS PLYMOUTH NHS TRUST,C_130,Ophthalmology Service,"6,192","3,540",57.20%,14.4,48.9,391,1,89
Y58,RK9,UNIVERSITY HOSPITALS PLYMOUTH NHS TRUST,C_140,Oral Surgery Service,-,-,-,-,-,-,-,-
Y58,RK9,UNIVERSITY HOSPITALS PLYMOUTH NHS TRUST,C_150,Neurosurgical Service,"1,461",832,56.90%,15.1,43.1,49,1,11
Y58,RK9,UNIVERSITY HOSPITALS PLYMOUTH NHS TRUST,C_160,Plastic Surgery Service,"1,396","1,203",86.20%,5,25.4,20,-,4
Y58,RK9,UNIVERSITY HOSPITALS PLYMOUTH NHS TRUST,C_170,Cardiothoracic Surgery Service,593,237,40.00%,23.1,61.1,91,5,34
Y58,RK9,UNIVERSITY HOSPITALS PLYMOUTH NHS TRUST,C_300,General Internal Medicine Service,39,30,76.90%,4.5,32.9,-,-,-
Y58,RK9,UNIVERSITY HOSPITALS PLYMOUTH NHS TRUST,C_301,Gastroenterology Service,"1,427",946,66.30%,11.8,40.2,47,-,12
Y58,RK9,UNIVERSITY HOSPITALS PLYMOUTH NHS TRUST,C_320,Cardiology Service,"2,947","1,608",54.60%,16,45.9,78,-,15
Y58,RK9,UNIVERSITY HOSPITALS PLYMOUTH NHS TRUST,C_330,Dermatology Service,"1,647","1,371",83.20%,5.3,27.7,8,-,2
Y58,RK9,UNIVERSITY HOSPITALS PLYMOUTH NHS TRUST,C_340,Respiratory Medicine Service,"1,947","1,153",59.20%,10.9,45.8,74,1,14
Y58,RK9,UNIVERSITY HOSPITALS PLYMOUTH NHS TRUST,C_400,Neurology Service,"3,381","1,623",48.00%,18.7,57.9,483,-,65
Y58,RK9,UNIVERSITY HOSPITALS PLYMOUTH NHS TRUST,C_410,Rheumatology Service,456,326,71.50%,8.3,48.2,32,-,9
Y58,RK9,UNIVERSITY HOSPITALS PLYMOUTH NHS TRUST,C_430,Elderly Medicine Service,61,36,59.00%,12.6,56.1,6,-,2
Y58,RK9,UNIVERSITY HOSPITALS PLYMOUTH NHS TRUST,C_502,Gynaecology Service,"3,519","1,921",54.60%,16.3,43.5,104,2,21
Y58,RK9,UNIVERSITY HOSPITALS PLYMOUTH NHS TRUST,X02,Other - Medical Services,"4,584","2,943",64.20%,10.4,41.5,52,-,4
Y58,RK9,UNIVERSITY HOSPITALS PLYMOUTH NHS TRUST,X03,Other - Mental Health Services,-,-,-,-,-,-,-,-
Y58,RK9,UNIVERSITY HOSPITALS PLYMOUTH NHS TRUST,X04,Other - Paediatric Services,"1,434",846,59.00%,13.9,38.6,4,-,2
Y58,RK9,UNIVERSITY HOSPITALS PLYMOUTH NHS TRUST,X05,Other - Surgical Services,"6,160","3,603",58.50%,14.2,47.3,329,2,84
Y58,RK9,UNIVERSITY HOSPITALS PLYMOUTH NHS TRUST,X06,Other - Other Services,563,488,86.70%,7.7,25,-,-,-
Y58,RN3,GREAT WESTERN HOSPITALS NHS FOUNDATION TRUST,C_100,General Surgery Service,"5,240","2,810",53.60%,16.8,46.3,247,1,44
Y58,RN3,GREAT WESTERN HOSPITALS NHS FOUNDATION TRUST,C_101,Urology Service,"2,705","1,287",47.60%,19.1,47.8,150,-,23
Y58,RN3,GREAT WESTERN HOSPITALS NHS FOUNDATION TRUST,C_110,Trauma and Orthopaedic Service,"4,233","2,182",51.50%,17.3,46.8,192,-,19
Y58,RN3,GREAT WESTERN HOSPITALS NHS FOUNDATION TRUST,C_120,Ear Nose and Throat Service,"3,519","1,911",54.30%,16.6,42.5,113,-,11
Y58,RN3,GREAT WESTERN HOSPITALS NHS FOUNDATION TRUST,C_130,Ophthalmology Service,"2,164","1,402",64.80%,11.7,39,10,-,-
Y58,RN3,GREAT WESTERN HOSPITALS NHS FOUNDATION TRUST,C_140,Oral Surgery Service,"2,564","1,313",51.20%,17.4,43.3,90,-,9
Y58,RN3,GREAT WESTERN HOSPITALS NHS FOUNDATION TRUST,C_150,Neurosurgical Service,-,-,-,-,-,-,-,-
Y58,RN3,GREAT WESTERN HOSPITALS NHS FOUNDATION TRUST,C_160,Plastic Surgery Service,348,167,48.00%,18.8,46,17,-,3
Y58,RN3,GREAT WESTERN HOSPITALS NHS FOUNDATION TRUST,C_170,Cardiothoracic Surgery Service,-,-,-,-,-,-,-,-
Y58,RN3,GREAT WESTERN HOSPITALS NHS FOUNDATION TRUST,C_300,General Internal Medicine Service,1,-,-,-,-,-,-,-
Y58,RN3,GREAT WESTERN HOSPITALS NHS FOUNDATION TRUST,C_301,Gastroenterology Service,"4,339","1,959",45.10%,20.8,51.9,345,2,85
Y58,RN3,GREAT WESTERN HOSPITALS NHS FOUNDATION TRUST,C_320,Cardiology Service,"1,718",794,46.20%,19.9,49,98,-,13
Y58,RN3,GREAT WESTERN HOSPITALS NHS FOUNDATION TRUST,C_330,Dermatology Service,"3,470","2,042",58.80%,14.2,42.4,78,-,2
Y58,RN3,GREAT WESTERN HOSPITALS NHS FOUNDATION TRUST,C_340,Respiratory Medicine Service,980,402,41.00%,22.3,59.3,141,-,29
Y58,RN3,GREAT WESTERN HOSPITALS NHS FOUNDATION TRUST,C_400,Neurology Service,"1,922",735,38.20%,23.6,51.5,138,-,3
Y58,RN3,GREAT WESTERN HOSPITALS NHS FOUNDATION TRUST,C_410,Rheumatology Service,373,349,93.60%,5.5,15.4,-,-,-
Y58,RN3,GREAT WESTERN HOSPITALS NHS FOUNDATION TRUST,C_430,Elderly Medicine Service,160,117,73.10%,9.6,28.1,-,-,-
Y58,RN3,GREAT WESTERN HOSPITALS NHS FOUNDATION TRUST,C_502,Gynaecology Service,"3,393","1,777",52.40%,17,44.8,117,-,21
Y58,RN3,GREAT WESTERN HOSPITALS NHS FOUNDATION TRUST,X02,Other - Medical Services,"1,626",838,51.50%,17.3,41.2,45,-,6
Y58,RN3,GREAT WESTERN HOSPITALS NHS FOUNDATION TRUST,X03,Other - Mental Health Services,-,-,-,-,-,-,-,-
Y58,RN3,GREAT WESTERN HOSPITALS NHS FOUNDATION TRUST,X04,Other - Paediatric Services,"1,602",649,40.50%,21.2,49.7,88,-,12
Y58,RN3,GREAT WESTERN HOSPITALS NHS FOUNDATION TRUST,X05,Other - Surgical Services,800,666,83.30%,4.3,22.8,7,-,-
Y58,RN3,GREAT WESTERN HOSPITALS NHS FOUNDATION TRUST,X06,Other - Other Services,661,532,80.50%,6.6,25.8,7,-,1
Y58,RNZ,SALISBURY NHS FOUNDATION TRUST,C_100,General Surgery Service,"1,158",493,42.60%,21.1,48.8,50,-,2
Y58,RNZ,SALISBURY NHS FOUNDATION TRUST,C_101,Urology Service,"2,199","1,111",50.50%,17.8,53.4,197,-,30
Y58,RNZ,SALISBURY NHS FOUNDATION TRUST,C_110,Trauma and Orthopaedic Service,"2,496","1,385",55.50%,15.5,44,77,-,-
Y58,RNZ,SALISBURY NHS FOUNDATION TRUST,C_120,Ear Nose and Throat Service,"2,316","1,254",54.10%,16.8,42.1,62,-,6
Y58,RNZ,SALISBURY NHS FOUNDATION TRUST,C_130,Ophthalmology Service,"1,880","1,176",62.60%,13.9,34.1,3,-,-
Y58,RNZ,SALISBURY NHS FOUNDATION TRUST,C_140,Oral Surgery Service,"2,701",984,36.40%,24.1,51.4,196,-,11
Y58,RNZ,SALISBURY NHS FOUNDATION TRUST,C_150,Neurosurgical Service,-,-,-,-,-,-,-,-
Y58,RNZ,SALISBURY NHS FOUNDATION TRUST,C_160,Plastic Surgery Service,"1,902",993,52.20%,17.4,50.6,139,-,24
Y58,RNZ,SALISBURY NHS FOUNDATION TRUST,C_170,Cardiothoracic Surgery Service,-,-,-,-,-,-,-,-
Y58,RNZ,SALISBURY NHS FOUNDATION TRUST,C_300,General Internal Medicine Service,21,13,61.90%,12.8,45.3,1,-,1
Y58,RNZ,SALISBURY NHS FOUNDATION TRUST,C_301,Gastroenterology Service,"1,079",700,64.90%,14.1,27.8,3,-,-
Y58,RNZ,SALISBURY NHS FOUNDATION TRUST,C_320,Cardiology Service,"1,770","1,117",63.10%,14,32.8,14,-,-
Y58,RNZ,SALISBURY NHS FOUNDATION TRUST,C_330,Dermatology Service,861,270,31.40%,24.8,44.9,21,-,-
Y58,RNZ,SALISBURY NHS FOUNDATION TRUST,C_340,Respiratory Medicine Service,"1,014",629,62.00%,14.2,41.2,10,-,-
Y58,RNZ,SALISBURY NHS FOUNDATION TRUST,C_400,Neurology Service,-,-,-,-,-,-,-,-
Y58,RNZ,SALISBURY NHS FOUNDATION TRUST,C_410,Rheumatology Service,589,481,81.70%,10.2,22.7,2,-,-
Y58,RNZ,SALISBURY NHS FOUNDATION TRUST,C_430,Elderly Medicine Service,154,118,76.60%,10.4,22.6,-,-,-
Y58,RNZ,SALISBURY NHS FOUNDATION TRUST,C_502,Gynaecology Service,"2,317","1,288",55.60%,16.1,45.3,65,-,5
Y58,RNZ,SALISBURY NHS FOUNDATION TRUST,X02,Other - Medical Services,"2,589","1,639",63.30%,13.6,32,21,-,1
Y58,RNZ,SALISBURY NHS FOUNDATION TRUST,X03,Other - Mental Health Services,55,37,67.30%,15.3,21.2,-,-,-
Y58,RNZ,SALISBURY NHS FOUNDATION TRUST,X04,Other - Paediatric Services,245,154,62.90%,13.1,31.6,2,-,1
Y58,RNZ,SALISBURY NHS FOUNDATION TRUST,X05,Other - Surgical Services,"1,411",923,65.40%,12,37.7,21,-,4
Y58,RNZ,SALISBURY NHS FOUNDATION TRUST,X06,Other - Other Services,541,374,69.10%,10.8,50.2,38,-,11
Y58,RTE,GLOUCESTERSHIRE HOSPITALS NHS FOUNDATION TRUST,C_100,General Surgery Service,56,36,64.30%,11.3,37.5,1,-,-
Y58,RTE,GLOUCESTERSHIRE HOSPITALS NHS FOUNDATION TRUST,C_101,Urology Service,"3,709","2,866",77.30%,8.5,37.5,92,-,2
Y58,RTE,GLOUCESTERSHIRE HOSPITALS NHS FOUNDATION TRUST,C_110,Trauma and Orthopaedic Service,"8,412","4,688",55.70%,15.6,46.2,378,-,38
Y58,RTE,GLOUCESTERSHIRE HOSPITALS NHS FOUNDATION TRUST,C_120,Ear Nose and Throat Service,"8,454","3,407",40.30%,22.8,58.8,"1,173",-,326
Y58,RTE,GLOUCESTERSHIRE HOSPITALS NHS FOUNDATION TRUST,C_130,Ophthalmology Service,"4,368","2,884",66.00%,11.7,35.8,32,-,1
Y58,RTE,GLOUCESTERSHIRE HOSPITALS NHS FOUNDATION TRUST,C_140,Oral Surgery Service,"4,641","1,681",36.20%,27.6,58.5,701,-,139
Y58,RTE,GLOUCESTERSHIRE HOSPITALS NHS FOUNDATION TRUST,C_150,Neurosurgical Service,-,-,-,-,-,-,-,-
Y58,RTE,GLOUCESTERSHIRE HOSPITALS NHS FOUNDATION TRUST,C_160,Plastic Surgery Service,-,-,-,-,-,-,-,-
Y58,RTE,GLOUCESTERSHIRE HOSPITALS NHS FOUNDATION TRUST,C_170,Cardiothoracic Surgery Service,12,12,100.00%,-,-,-,-,-
Y58,RTE,GLOUCESTERSHIRE HOSPITALS NHS FOUNDATION TRUST,C_300,General Internal Medicine Service,315,271,86.00%,8.1,21.9,-,-,-
Y58,RTE,GLOUCESTERSHIRE HOSPITALS NHS FOUNDATION TRUST,C_301,Gastroenterology Service,"4,271","3,610",84.50%,7.5,25.8,34,-,3
Y58,RTE,GLOUCESTERSHIRE HOSPITALS NHS FOUNDATION TRUST,C_320,Cardiology Service,"7,163","5,201",72.60%,9.5,37,139,-,26
Y58,RTE,GLOUCESTERSHIRE HOSPITALS NHS FOUNDATION TRUST,C_330,Dermatology Service,"4,841","3,180",65.70%,11.3,32.1,2,-,-
Y58,RTE,GLOUCESTERSHIRE HOSPITALS NHS FOUNDATION TRUST,C_340,Respiratory Medicine Service,"1,253","1,055",84.20%,9.4,22.9,3,-,-
Y58,RTE,GLOUCESTERSHIRE HOSPITALS NHS FOUNDATION TRUST,C_400,Neurology Service,"2,399","1,416",59.00%,13.7,40.4,31,-,1
Y58,RTE,GLOUCESTERSHIRE HOSPITALS NHS FOUNDATION TRUST,C_410,Rheumatology Service,"1,129",729,64.60%,11.9,38.2,13,-,-
Y58,RTE,GLOUCESTERSHIRE HOSPITALS NHS FOUNDATION TRUST,C_430,Elderly Medicine Service,259,214,82.60%,9.6,25.6,-,-,-
Y58,RTE,GLOUCESTERSHIRE HOSPITALS NHS FOUNDATION TRUST,C_502,Gynaecology Service,"3,326","2,431",73.10%,9.4,31.8,5,-,-
Y58,RTE,GLOUCESTERSHIRE HOSPITALS NHS FOUNDATION TRUST,X02,Other - Medical Services,"8,813","7,593",86.20%,6.8,24.1,25,-,3
Y58,RTE,GLOUCESTERSHIRE HOSPITALS NHS FOUNDATION TRUST,X03,Other - Mental Health Services,-,-,-,-,-,-,-,-
Y58,RTE,GLOUCESTERSHIRE HOSPITALS NHS FOUNDATION TRUST,X04,Other - Paediatric Services,"1,301",857,65.90%,12.7,34,13,-,2
Y58,RTE,GLOUCESTERSHIRE HOSPITALS NHS FOUNDATION TRUST,X05,Other - Surgical Services,"7,248","5,074",70.00%,10.1,39.8,145,-,13
Y58,RTE,GLOUCESTERSHIRE HOSPITALS NHS FOUNDATION TRUST,X06,Other - Other Services,729,690,94.70%,6.1,15.2,-,-,-
Y58,RVJ,NORTH BRISTOL NHS TRUST,C_100,General Surgery Service,"1,052",481,45.70%,20.1,53.4,101,-,8
Y58,RVJ,NORTH BRISTOL NHS TRUST,C_101,Urology Service,"7,337","4,296",58.60%,15.3,46.4,356,-,49
Y58,RVJ,NORTH BRISTOL NHS TRUST,C_110,Trauma and Orthopaedic Service,"5,671","3,231",57.00%,15,47.2,303,-,42
Y58,RVJ,NORTH BRISTOL NHS TRUST,C_120,Ear Nose and Throat Service,-,-,-,-,-,-,-,-
Y58,RVJ,NORTH BRISTOL NHS TRUST,C_130,Ophthalmology Service,-,-,-,-,-,-,-,-
Y58,RVJ,NORTH BRISTOL NHS TRUST,C_140,Oral Surgery Service,-,-,-,-,-,-,-,-
Y58,RVJ,NORTH BRISTOL NHS TRUST,C_150,Neurosurgical Service,"1,279",907,70.90%,9.9,35.4,10,-,-
Y58,RVJ,NORTH BRISTOL NHS TRUST,C_160,Plastic Surgery Service,"2,988","1,950",65.30%,10.3,50.5,217,6,63
Y58,RVJ,NORTH BRISTOL NHS TRUST,C_170,Cardiothoracic Surgery Service,7,7,100.00%,-,-,-,-,-
Y58,RVJ,NORTH BRISTOL NHS TRUST,C_300,General Internal Medicine Service,-,-,-,-,-,-,-,-
Y58,RVJ,NORTH BRISTOL NHS TRUST,C_301,Gastroenterology Service,"1,062",597,56.20%,14.9,35.4,2,-,-
Y58,RVJ,NORTH BRISTOL NHS TRUST,C_320,Cardiology Service,"1,871","1,293",69.10%,10.3,39.6,41,-,-
Y58,RVJ,NORTH BRISTOL NHS TRUST,C_330,Dermatology Service,"2,585","1,344",52.00%,15.8,49.2,138,-,7
Y58,RVJ,NORTH BRISTOL NHS TRUST,C_340,Respiratory Medicine Service,677,652,96.30%,4.8,13.8,-,-,-
Y58,RVJ,NORTH BRISTOL NHS TRUST,C_400,Neurology Service,"4,083","2,353",57.60%,14.6,37.6,10,-,-
Y58,RVJ,NORTH BRISTOL NHS TRUST,C_410,Rheumatology Service,618,585,94.70%,5.8,15.4,-,-,-
Y58,RVJ,NORTH BRISTOL NHS TRUST,C_430,Elderly Medicine Service,180,129,71.70%,8.2,34.8,-,-,-
Y58,RVJ,NORTH BRISTOL NHS TRUST,C_502,Gynaecology Service,"5,836","3,172",54.40%,16.1,48.7,317,-,28
Y58,RVJ,NORTH BRISTOL NHS TRUST,X02,Other - Medical Services,"5,896","3,934",66.70%,11.9,33.6,33,-,3
Y58,RVJ,NORTH BRISTOL NHS TRUST,X03,Other - Mental Health Services,-,-,-,-,-,-,-,-
Y58,RVJ,NORTH BRISTOL NHS TRUST,X04,Other - Paediatric Services,30,30,100.00%,1.7,3.7,-,-,-
Y58,RVJ,NORTH BRISTOL NHS TRUST,X05,Other - Surgical Services,"4,924","3,561",72.30%,9.1,36.9,121,-,18
Y58,RVJ,NORTH BRISTOL NHS TRUST,X06,Other - Other Services,156,141,90.40%,4.3,18.8,-,-,-
Y59,R1C,SOLENT NHS TRUST,C_100,General Surgery Service,-,-,-,-,-,-,-,-
Y59,R1C,SOLENT NHS TRUST,C_101,Urology Service,-,-,-,-,-,-,-,-
Y59,R1C,SOLENT NHS TRUST,C_110,Trauma and Orthopaedic Service,-,-,-,-,-,-,-,-
Y59,R1C,SOLENT NHS TRUST,C_120,Ear Nose and Throat Service,-,-,-,-,-,-,-,-
Y59,R1C,SOLENT NHS TRUST,C_130,Ophthalmology Service,-,-,-,-,-,-,-,-
Y59,R1C,SOLENT NHS TRUST,C_140,Oral Surgery Service,-,-,-,-,-,-,-,-
Y59,R1C,SOLENT NHS TRUST,C_150,Neurosurgical Service,-,-,-,-,-,-,-,-
Y59,R1C,SOLENT NHS TRUST,C_160,Plastic Surgery Service,-,-,-,-,-,-,-,-
Y59,R1C,SOLENT NHS TRUST,C_170,Cardiothoracic Surgery Service,-,-,-,-,-,-,-,-
Y59,R1C,SOLENT NHS TRUST,C_300,General Internal Medicine Service,-,-,-,-,-,-,-,-
Y59,R1C,SOLENT NHS TRUST,C_301,Gastroenterology Service,-,-,-,-,-,-,-,-
Y59,R1C,SOLENT NHS TRUST,C_320,Cardiology Service,-,-,-,-,-,-,-,-
Y59,R1C,SOLENT NHS TRUST,C_330,Dermatology Service,-,-,-,-,-,-,-,-
Y59,R1C,SOLENT NHS TRUST,C_340,Respiratory Medicine Service,-,-,-,-,-,-,-,-
Y59,R1C,SOLENT NHS TRUST,C_400,Neurology Service,-,-,-,-,-,-,-,-
Y59,R1C,SOLENT NHS TRUST,C_410,Rheumatology Service,-,-,-,-,-,-,-,-
Y59,R1C,SOLENT NHS TRUST,C_430,Elderly Medicine Service,-,-,-,-,-,-,-,-
Y59,R1C,SOLENT NHS TRUST,C_502,Gynaecology Service,-,-,-,-,-,-,-,-
Y59,R1C,SOLENT NHS TRUST,X02,Other - Medical Services,-,-,-,-,-,-,-,-
Y59,R1C,SOLENT NHS TRUST,X03,Other - Mental Health Services,221,221,100.00%,3,15.1,-,-,-
Y59,R1C,SOLENT NHS TRUST,X04,Other - Paediatric Services,-,-,-,-,-,-,-,-
Y59,R1C,SOLENT NHS TRUST,X05,Other - Surgical Services,-,-,-,-,-,-,-,-
Y59,R1C,SOLENT NHS TRUST,X06,Other - Other Services,-,-,-,-,-,-,-,-
Y59,R1F,ISLE OF WIGHT NHS TRUST,C_100,General Surgery Service,968,474,49.00%,18.7,48.4,46,-,1
Y59,R1F,ISLE OF WIGHT NHS TRUST,C_101,Urology Service,"1,044",677,64.80%,11.4,35.4,1,-,-
Y59,R1F,ISLE OF WIGHT NHS TRUST,C_110,Trauma and Orthopaedic Service,"2,313","1,233",53.30%,16.5,45.4,90,-,8
Y59,R1F,ISLE OF WIGHT NHS TRUST,C_120,Ear Nose and Throat Service,"1,368",459,33.60%,22.7,40.5,9,-,-
Y59,R1F,ISLE OF WIGHT NHS TRUST,C_130,Ophthalmology Service,"2,418","1,523",63.00%,12.3,40.2,44,-,2
Y59,R1F,ISLE OF WIGHT NHS TRUST,C_140,Oral Surgery Service,423,235,55.60%,17.1,41.2,4,-,-
Y59,R1F,ISLE OF WIGHT NHS TRUST,C_150,Neurosurgical Service,-,-,-,-,-,-,-,-
Y59,R1F,ISLE OF WIGHT NHS TRUST,C_160,Plastic Surgery Service,-,-,-,-,-,-,-,-
Y59,R1F,ISLE OF WIGHT NHS TRUST,C_170,Cardiothoracic Surgery Service,-,-,-,-,-,-,-,-
Y59,R1F,ISLE OF WIGHT NHS TRUST,C_300,General Internal Medicine Service,1,1,100.00%,-,-,-,-,-
Y59,R1F,ISLE OF WIGHT NHS TRUST,C_301,Gastroenterology Service,433,172,39.70%,23.3,39.7,1,-,-
Y59,R1F,ISLE OF WIGHT NHS TRUST,C_320,Cardiology Service,"1,179",434,36.80%,23.5,46.3,42,-,6
Y59,R1F,ISLE OF WIGHT NHS TRUST,C_330,Dermatology Service,-,-,-,-,-,-,-,-
Y59,R1F,ISLE OF WIGHT NHS TRUST,C_340,Respiratory Medicine Service,302,81,26.80%,36.4,62.6,60,-,18
Y59,R1F,ISLE OF WIGHT NHS TRUST,C_400,Neurology Service,1,1,100.00%,-,-,-,-,-
Y59,R1F,ISLE OF WIGHT NHS TRUST,C_410,Rheumatology Service,235,218,92.80%,6.7,17.1,-,-,-
Y59,R1F,ISLE OF WIGHT NHS TRUST,C_430,Elderly Medicine Service,86,68,79.10%,6.6,27.1,-,-,-
Y59,R1F,ISLE OF WIGHT NHS TRUST,C_502,Gynaecology Service,"1,417",718,50.70%,17.8,45.2,55,-,-
Y59,R1F,ISLE OF WIGHT NHS TRUST,X02,Other - Medical Services,577,237,41.10%,21.6,43.7,11,-,-
Y59,R1F,ISLE OF WIGHT NHS TRUST,X03,Other - Mental Health Services,-,-,-,-,-,-,-,-
Y59,R1F,ISLE OF WIGHT NHS TRUST,X04,Other - Paediatric Services,-,-,-,-,-,-,-,-
Y59,R1F,ISLE OF WIGHT NHS TRUST,X05,Other - Surgical Services,"1,063",670,63.00%,12.5,34.7,3,-,-
Y59,R1F,ISLE OF WIGHT NHS TRUST,X06,Other - Other Services,70,43,61.40%,11.5,40.4,-,-,-
Y59,RA2,ROYAL SURREY COUNTY HOSPITAL NHS FOUNDATION TRUST,C_100,General Surgery Service,"4,095","2,440",59.60%,14.4,40.3,140,5,61
Y59,RA2,ROYAL SURREY COUNTY HOSPITAL NHS FOUNDATION TRUST,C_101,Urology Service,"1,911","1,223",64.00%,12.4,35.6,23,-,4
Y59,RA2,ROYAL SURREY COUNTY HOSPITAL NHS FOUNDATION TRUST,C_110,Trauma and Orthopaedic Service,"6,469","3,078",47.60%,18.9,51.7,505,18,144
Y59,RA2,ROYAL SURREY COUNTY HOSPITAL NHS FOUNDATION TRUST,C_120,Ear Nose and Throat Service,"4,022","2,045",50.80%,17.7,46.8,168,4,27
Y59,RA2,ROYAL SURREY COUNTY HOSPITAL NHS FOUNDATION TRUST,C_130,Ophthalmology Service,"2,424","1,734",71.50%,11.4,28.2,16,1,2
Y59,RA2,ROYAL SURREY COUNTY HOSPITAL NHS FOUNDATION TRUST,C_140,Oral Surgery Service,"4,808","1,988",41.30%,22.8,50.5,319,10,73
Y59,RA2,ROYAL SURREY COUNTY HOSPITAL NHS FOUNDATION TRUST,C_150,Neurosurgical Service,-,-,-,-,-,-,-,-
Y59,RA2,ROYAL SURREY COUNTY HOSPITAL NHS FOUNDATION TRUST,C_160,Plastic Surgery Service,147,136,92.50%,6.5,17.6,-,-,-
Y59,RA2,ROYAL SURREY COUNTY HOSPITAL NHS FOUNDATION TRUST,C_170,Cardiothoracic Surgery Service,1,1,100.00%,-,-,-,-,-
Y59,RA2,ROYAL SURREY COUNTY HOSPITAL NHS FOUNDATION TRUST,C_300,General Internal Medicine Service,1,1,100.00%,-,-,-,-,-
Y59,RA2,ROYAL SURREY COUNTY HOSPITAL NHS FOUNDATION TRUST,C_301,Gastroenterology Service,"1,140",742,65.10%,13.2,34.9,16,-,4
Y59,RA2,ROYAL SURREY COUNTY HOSPITAL NHS FOUNDATION TRUST,C_320,Cardiology Service,"2,129","1,057",49.60%,18.1,46.9,105,1,29
Y59,RA2,ROYAL SURREY COUNTY HOSPITAL NHS FOUNDATION TRUST,C_330,Dermatology Service,-,-,-,-,-,-,-,-
Y59,RA2,ROYAL SURREY COUNTY HOSPITAL NHS FOUNDATION TRUST,C_340,Respiratory Medicine Service,"1,269",594,46.80%,19.4,45.5,47,-,-
Y59,RA2,ROYAL SURREY COUNTY HOSPITAL NHS FOUNDATION TRUST,C_400,Neurology Service,"1,250",593,47.40%,18.9,39.8,18,1,8
Y59,RA2,ROYAL SURREY COUNTY HOSPITAL NHS FOUNDATION TRUST,C_410,Rheumatology Service,174,141,81.00%,5.7,26.1,1,-,-
Y59,RA2,ROYAL SURREY COUNTY HOSPITAL NHS FOUNDATION TRUST,C_430,Elderly Medicine Service,20,17,85.00%,7,46.2,-,-,-
Y59,RA2,ROYAL SURREY COUNTY HOSPITAL NHS FOUNDATION TRUST,C_502,Gynaecology Service,"2,245","1,422",63.30%,13,38.8,63,2,16
Y59,RA2,ROYAL SURREY COUNTY HOSPITAL NHS FOUNDATION TRUST,X02,Other - Medical Services,"3,884","2,526",65.00%,12.5,31.1,51,3,20
Y59,RA2,ROYAL SURREY COUNTY HOSPITAL NHS FOUNDATION TRUST,X03,Other - Mental Health Services,-,-,-,-,-,-,-,-
Y59,RA2,ROYAL SURREY COUNTY HOSPITAL NHS FOUNDATION TRUST,X04,Other - Paediatric Services,665,558,83.90%,8.8,23,2,-,1
Y59,RA2,ROYAL SURREY COUNTY HOSPITAL NHS FOUNDATION TRUST,X05,Other - Surgical Services,"1,327",852,64.20%,13.2,35.9,38,-,15
Y59,RA2,ROYAL SURREY COUNTY HOSPITAL NHS FOUNDATION TRUST,X06,Other - Other Services,"1,320",994,75.30%,10.4,23.6,7,1,3
Y59,RDR,SUSSEX COMMUNITY NHS FOUNDATION TRUST,C_100,General Surgery Service,-,-,-,-,-,-,-,-
Y59,RDR,SUSSEX COMMUNITY NHS FOUNDATION TRUST,C_101,Urology Service,-,-,-,-,-,-,-,-
Y59,RDR,SUSSEX COMMUNITY NHS FOUNDATION TRUST,C_110,Trauma and Orthopaedic Service,"5,362","3,572",66.60%,10.9,33.8,13,-,-
Y59,RDR,SUSSEX COMMUNITY NHS FOUNDATION TRUST,C_120,Ear Nose and Throat Service,-,-,-,-,-,-,-,-
Y59,RDR,SUSSEX COMMUNITY NHS FOUNDATION TRUST,C_130,Ophthalmology Service,-,-,-,-,-,-,-,-
Y59,RDR,SUSSEX COMMUNITY NHS FOUNDATION TRUST,C_140,Oral Surgery Service,-,-,-,-,-,-,-,-
Y59,RDR,SUSSEX COMMUNITY NHS FOUNDATION TRUST,C_150,Neurosurgical Service,-,-,-,-,-,-,-,-
Y59,RDR,SUSSEX COMMUNITY NHS FOUNDATION TRUST,C_160,Plastic Surgery Service,-,-,-,-,-,-,-,-
Y59,RDR,SUSSEX COMMUNITY NHS FOUNDATION TRUST,C_170,Cardiothoracic Surgery Service,-,-,-,-,-,-,-,-
Y59,RDR,SUSSEX COMMUNITY NHS FOUNDATION TRUST,C_300,General Internal Medicine Service,-,-,-,-,-,-,-,-
Y59,RDR,SUSSEX COMMUNITY NHS FOUNDATION TRUST,C_301,Gastroenterology Service,-,-,-,-,-,-,-,-
Y59,RDR,SUSSEX COMMUNITY NHS FOUNDATION TRUST,C_320,Cardiology Service,-,-,-,-,-,-,-,-
Y59,RDR,SUSSEX COMMUNITY NHS FOUNDATION TRUST,C_330,Dermatology Service,-,-,-,-,-,-,-,-
Y59,RDR,SUSSEX COMMUNITY NHS FOUNDATION TRUST,C_340,Respiratory Medicine Service,-,-,-,-,-,-,-,-
Y59,RDR,SUSSEX COMMUNITY NHS FOUNDATION TRUST,C_400,Neurology Service,-,-,-,-,-,-,-,-
Y59,RDR,SUSSEX COMMUNITY NHS FOUNDATION TRUST,C_410,Rheumatology Service,120,107,89.20%,8.3,18.7,-,-,-
Y59,RDR,SUSSEX COMMUNITY NHS FOUNDATION TRUST,C_430,Elderly Medicine Service,-,-,-,-,-,-,-,-
Y59,RDR,SUSSEX COMMUNITY NHS FOUNDATION TRUST,C_502,Gynaecology Service,-,-,-,-,-,-,-,-
Y59,RDR,SUSSEX COMMUNITY NHS FOUNDATION TRUST,X02,Other - Medical Services,-,-,-,-,-,-,-,-
Y59,RDR,SUSSEX COMMUNITY NHS FOUNDATION TRUST,X03,Other - Mental Health Services,-,-,-,-,-,-,-,-
Y59,RDR,SUSSEX COMMUNITY NHS FOUNDATION TRUST,X04,Other - Paediatric Services,-,-,-,-,-,-,-,-
Y59,RDR,SUSSEX COMMUNITY NHS FOUNDATION TRUST,X05,Other - Surgical Services,185,165,89.20%,7.4,21.2,1,-,-
Y59,RDR,SUSSEX COMMUNITY NHS FOUNDATION TRUST,X06,Other - Other Services,-,-,-,-,-,-,-,-
Y59,RDU,FRIMLEY HEALTH NHS FOUNDATION TRUST,C_100,General Surgery Service,"2,434","1,572",64.60%,12.3,46.4,107,-,8
Y59,RDU,FRIMLEY HEALTH NHS FOUNDATION TRUST,C_101,Urology Service,"5,961","2,756",46.20%,19.6,48.2,275,-,22
Y59,RDU,FRIMLEY HEALTH NHS FOUNDATION TRUST,C_110,Trauma and Orthopaedic Service,"13,567","6,454",47.60%,19.3,49.5,820,1,61
Y59,RDU,FRIMLEY HEALTH NHS FOUNDATION TRUST,C_120,Ear Nose and Throat Service,"9,534","4,122",43.20%,21.4,53.6,902,-,118
Y59,RDU,FRIMLEY HEALTH NHS FOUNDATION TRUST,C_130,Ophthalmology Service,"5,151","3,428",66.60%,11.4,42.5,140,1,28
Y59,RDU,FRIMLEY HEALTH NHS FOUNDATION TRUST,C_140,Oral Surgery Service,"4,254","1,487",35.00%,28.2,57.5,616,1,103
Y59,RDU,FRIMLEY HEALTH NHS FOUNDATION TRUST,C_150,Neurosurgical Service,-,-,-,-,-,-,-,-
Y59,RDU,FRIMLEY HEALTH NHS FOUNDATION TRUST,C_160,Plastic Surgery Service,"2,248","1,057",47.00%,19.8,54,242,-,29
Y59,RDU,FRIMLEY HEALTH NHS FOUNDATION TRUST,C_170,Cardiothoracic Surgery Service,-,-,-,-,-,-,-,-
Y59,RDU,FRIMLEY HEALTH NHS FOUNDATION TRUST,C_300,General Internal Medicine Service,37,35,94.60%,7.1,17.5,-,-,-
Y59,RDU,FRIMLEY HEALTH NHS FOUNDATION TRUST,C_301,Gastroenterology Service,"2,418","1,420",58.70%,13.2,45.9,71,-,-
Y59,RDU,FRIMLEY HEALTH NHS FOUNDATION TRUST,C_320,Cardiology Service,"5,391","2,997",55.60%,15.6,45.1,153,-,3
Y59,RDU,FRIMLEY HEALTH NHS FOUNDATION TRUST,C_330,Dermatology Service,"5,946","3,137",52.80%,16.8,41.7,56,-,-
Y59,RDU,FRIMLEY HEALTH NHS FOUNDATION TRUST,C_340,Respiratory Medicine Service,"2,936","1,661",56.60%,15,43.8,64,-,-
Y59,RDU,FRIMLEY HEALTH NHS FOUNDATION TRUST,C_400,Neurology Service,"3,828","1,787",46.70%,19.8,43.1,57,-,4
Y59,RDU,FRIMLEY HEALTH NHS FOUNDATION TRUST,C_410,Rheumatology Service,921,747,81.10%,8,24.7,3,-,-
Y59,RDU,FRIMLEY HEALTH NHS FOUNDATION TRUST,C_430,Elderly Medicine Service,30,30,100.00%,7.5,12.3,-,-,-
Y59,RDU,FRIMLEY HEALTH NHS FOUNDATION TRUST,C_502,Gynaecology Service,"6,138","2,805",45.70%,20.3,49.9,400,-,87
Y59,RDU,FRIMLEY HEALTH NHS FOUNDATION TRUST,X02,Other - Medical Services,"7,288","3,881",53.30%,16.3,49.4,463,-,29
Y59,RDU,FRIMLEY HEALTH NHS FOUNDATION TRUST,X03,Other - Mental Health Services,3,2,66.70%,-,-,-,-,-
Y59,RDU,FRIMLEY HEALTH NHS FOUNDATION TRUST,X04,Other - Paediatric Services,402,51,12.70%,35.5,53.8,43,-,2
Y59,RDU,FRIMLEY HEALTH NHS FOUNDATION TRUST,X05,Other - Surgical Services,"7,795","4,209",54.00%,15.9,47.2,341,2,45
Y59,RDU,FRIMLEY HEALTH NHS FOUNDATION TRUST,X06,Other - Other Services,988,421,42.60%,21.7,65.8,194,-,89
Y59,RHM,UNIVERSITY HOSPITAL SOUTHAMPTON NHS FOUNDATION TRUST,C_100,General Surgery Service,"1,079",534,49.50%,18.4,52.5,93,-,-
Y59,RHM,UNIVERSITY HOSPITAL SOUTHAMPTON NHS FOUNDATION TRUST,C_101,Urology Service,"2,561","1,444",56.40%,15.8,43.7,92,-,-
Y59,RHM,UNIVERSITY HOSPITAL SOUTHAMPTON NHS FOUNDATION TRUST,C_110,Trauma and Orthopaedic Service,"3,912","2,210",56.50%,15.4,44.1,120,-,-
Y59,RHM,UNIVERSITY HOSPITAL SOUTHAMPTON NHS FOUNDATION TRUST,C_120,Ear Nose and Throat Service,"1,960","1,062",54.20%,16,48.2,105,-,-
Y59,RHM,UNIVERSITY HOSPITAL SOUTHAMPTON NHS FOUNDATION TRUST,C_130,Ophthalmology Service,"6,186","4,406",71.20%,10.2,38.3,143,17,42
Y59,RHM,UNIVERSITY HOSPITAL SOUTHAMPTON NHS FOUNDATION TRUST,C_140,Oral Surgery Service,"2,652","1,377",51.90%,17.2,45.5,113,-,-
Y59,RHM,UNIVERSITY HOSPITAL SOUTHAMPTON NHS FOUNDATION TRUST,C_150,Neurosurgical Service,964,676,70.10%,10.2,41.1,22,-,-
Y59,RHM,UNIVERSITY HOSPITAL SOUTHAMPTON NHS FOUNDATION TRUST,C_160,Plastic Surgery Service,-,-,-,-,-,-,-,-
Y59,RHM,UNIVERSITY HOSPITAL SOUTHAMPTON NHS FOUNDATION TRUST,C_170,Cardiothoracic Surgery Service,763,546,71.60%,11,33.7,6,-,1
Y59,RHM,UNIVERSITY HOSPITAL SOUTHAMPTON NHS FOUNDATION TRUST,C_300,General Internal Medicine Service,52,37,71.20%,8,44.8,-,-,-
Y59,RHM,UNIVERSITY HOSPITAL SOUTHAMPTON NHS FOUNDATION TRUST,C_301,Gastroenterology Service,"1,336","1,043",78.10%,9.5,28.1,2,-,-
Y59,RHM,UNIVERSITY HOSPITAL SOUTHAMPTON NHS FOUNDATION TRUST,C_320,Cardiology Service,"2,668","1,872",70.20%,11.3,35.5,25,-,-
Y59,RHM,UNIVERSITY HOSPITAL SOUTHAMPTON NHS FOUNDATION TRUST,C_330,Dermatology Service,"3,867","2,736",70.80%,8.9,33,26,-,2
Y59,RHM,UNIVERSITY HOSPITAL SOUTHAMPTON NHS FOUNDATION TRUST,C_340,Respiratory Medicine Service,"1,092",839,76.80%,10,28.1,2,-,-
Y59,RHM,UNIVERSITY HOSPITAL SOUTHAMPTON NHS FOUNDATION TRUST,C_400,Neurology Service,"5,242","2,959",56.40%,14.9,44.8,177,-,-
Y59,RHM,UNIVERSITY HOSPITAL SOUTHAMPTON NHS FOUNDATION TRUST,C_410,Rheumatology Service,657,564,85.80%,7.9,21.6,1,-,-
Y59,RHM,UNIVERSITY HOSPITAL SOUTHAMPTON NHS FOUNDATION TRUST,C_430,Elderly Medicine Service,214,174,81.30%,8.3,22.5,-,-,-
Y59,RHM,UNIVERSITY HOSPITAL SOUTHAMPTON NHS FOUNDATION TRUST,C_502,Gynaecology Service,"4,793","2,405",50.20%,17.9,48.7,276,-,21
Y59,RHM,UNIVERSITY HOSPITAL SOUTHAMPTON NHS FOUNDATION TRUST,X02,Other - Medical Services,"7,872","5,772",73.30%,10.6,29.5,17,-,-
Y59,RHM,UNIVERSITY HOSPITAL SOUTHAMPTON NHS FOUNDATION TRUST,X03,Other - Mental Health Services,-,-,-,-,-,-,-,-
Y59,RHM,UNIVERSITY HOSPITAL SOUTHAMPTON NHS FOUNDATION TRUST,X04,Other - Paediatric Services,"7,387","4,837",65.50%,11.8,40.8,167,-,2
Y59,RHM,UNIVERSITY HOSPITAL SOUTHAMPTON NHS FOUNDATION TRUST,X05,Other - Surgical Services,"4,768","3,056",64.10%,11.1,41.2,109,-,-
Y59,RHM,UNIVERSITY HOSPITAL SOUTHAMPTON NHS FOUNDATION TRUST,X06,Other - Other Services,546,477,87.40%,6.1,22.9,1,-,-
Y59,RHU,PORTSMOUTH HOSPITALS UNIVERSITY NATIONAL HEALTH SERVICE TRUST,C_100,General Surgery Service,"6,202","3,427",55.30%,14.8,57.7,643,51,312
Y59,RHU,PORTSMOUTH HOSPITALS UNIVERSITY NATIONAL HEALTH SERVICE TRUST,C_101,Urology Service,"3,183","1,941",61.00%,14.7,33.8,45,2,14
Y59,RHU,PORTSMOUTH HOSPITALS UNIVERSITY NATIONAL HEALTH SERVICE TRUST,C_110,Trauma and Orthopaedic Service,"5,719","3,021",52.80%,16.8,48.4,335,9,82
Y59,RHU,PORTSMOUTH HOSPITALS UNIVERSITY NATIONAL HEALTH SERVICE TRUST,C_120,Ear Nose and Throat Service,"9,730","3,957",40.70%,22.9,59.6,"1,396",33,461
Y59,RHU,PORTSMOUTH HOSPITALS UNIVERSITY NATIONAL HEALTH SERVICE TRUST,C_130,Ophthalmology Service,"5,384","3,398",63.10%,12.5,37.6,129,8,19
Y59,RHU,PORTSMOUTH HOSPITALS UNIVERSITY NATIONAL HEALTH SERVICE TRUST,C_140,Oral Surgery Service,"3,833","1,730",45.10%,20.3,57.6,446,6,159
Y59,RHU,PORTSMOUTH HOSPITALS UNIVERSITY NATIONAL HEALTH SERVICE TRUST,C_150,Neurosurgical Service,-,-,-,-,-,-,-,-
Y59,RHU,PORTSMOUTH HOSPITALS UNIVERSITY NATIONAL HEALTH SERVICE TRUST,C_160,Plastic Surgery Service,733,345,47.10%,19,57.3,88,20,38
Y59,RHU,PORTSMOUTH HOSPITALS UNIVERSITY NATIONAL HEALTH SERVICE TRUST,C_170,Cardiothoracic Surgery Service,-,-,-,-,-,-,-,-
Y59,RHU,PORTSMOUTH HOSPITALS UNIVERSITY NATIONAL HEALTH SERVICE TRUST,C_300,General Internal Medicine Service,-,-,-,-,-,-,-,-
Y59,RHU,PORTSMOUTH HOSPITALS UNIVERSITY NATIONAL HEALTH SERVICE TRUST,C_301,Gastroenterology Service,"7,465","3,661",49.00%,18.8,45.4,186,2,28
Y59,RHU,PORTSMOUTH HOSPITALS UNIVERSITY NATIONAL HEALTH SERVICE TRUST,C_320,Cardiology Service,"3,741","2,510",67.10%,12.3,32,3,1,1
Y59,RHU,PORTSMOUTH HOSPITALS UNIVERSITY NATIONAL HEALTH SERVICE TRUST,C_330,Dermatology Service,"3,366","2,810",83.50%,8.2,24.4,-,-,-
Y59,RHU,PORTSMOUTH HOSPITALS UNIVERSITY NATIONAL HEALTH SERVICE TRUST,C_340,Respiratory Medicine Service,739,693,93.80%,6.3,17.2,-,-,-
Y59,RHU,PORTSMOUTH HOSPITALS UNIVERSITY NATIONAL HEALTH SERVICE TRUST,C_400,Neurology Service,-,-,-,-,-,-,-,-
Y59,RHU,PORTSMOUTH HOSPITALS UNIVERSITY NATIONAL HEALTH SERVICE TRUST,C_410,Rheumatology Service,484,482,99.60%,4.3,11.5,-,-,-
Y59,RHU,PORTSMOUTH HOSPITALS UNIVERSITY NATIONAL HEALTH SERVICE TRUST,C_430,Elderly Medicine Service,60,55,91.70%,4.7,18.2,-,-,-
Y59,RHU,PORTSMOUTH HOSPITALS UNIVERSITY NATIONAL HEALTH SERVICE TRUST,C_502,Gynaecology Service,"4,989","2,585",51.80%,16.9,45.6,207,11,36
Y59,RHU,PORTSMOUTH HOSPITALS UNIVERSITY NATIONAL HEALTH SERVICE TRUST,X02,Other - Medical Services,"2,966","1,840",62.00%,12.4,44.4,96,-,3
Y59,RHU,PORTSMOUTH HOSPITALS UNIVERSITY NATIONAL HEALTH SERVICE TRUST,X03,Other - Mental Health Services,-,-,-,-,-,-,-,-
Y59,RHU,PORTSMOUTH HOSPITALS UNIVERSITY NATIONAL HEALTH SERVICE TRUST,X04,Other - Paediatric Services,597,575,96.30%,4.8,14.1,-,-,-
Y59,RHU,PORTSMOUTH HOSPITALS UNIVERSITY NATIONAL HEALTH SERVICE TRUST,X05,Other - Surgical Services,994,308,31.00%,31,49.6,49,-,6
Y59,RHU,PORTSMOUTH HOSPITALS UNIVERSITY NATIONAL HEALTH SERVICE TRUST,X06,Other - Other Services,"3,368","1,606",47.70%,19.1,53.8,323,1,12
Y59,RHW,ROYAL BERKSHIRE NHS FOUNDATION TRUST,C_100,General Surgery Service,"2,231","1,860",83.40%,9.6,23.8,2,-,-
Y59,RHW,ROYAL BERKSHIRE NHS FOUNDATION TRUST,C_101,Urology Service,"2,138","1,752",81.90%,9.3,24.2,2,-,-
Y59,RHW,ROYAL BERKSHIRE NHS FOUNDATION TRUST,C_110,Trauma and Orthopaedic Service,"2,753","2,373",86.20%,8.8,21.8,2,-,-
Y59,RHW,ROYAL BERKSHIRE NHS FOUNDATION TRUST,C_120,Ear Nose and Throat Service,"3,051","2,444",80.10%,9.5,25.4,9,-,-
Y59,RHW,ROYAL BERKSHIRE NHS FOUNDATION TRUST,C_130,Ophthalmology Service,"4,804","4,074",84.80%,9.3,22.7,3,-,-
Y59,RHW,ROYAL BERKSHIRE NHS FOUNDATION TRUST,C_140,Oral Surgery Service,395,342,86.60%,9.1,21.9,-,-,-
Y59,RHW,ROYAL BERKSHIRE NHS FOUNDATION TRUST,C_150,Neurosurgical Service,-,-,-,-,-,-,-,-
Y59,RHW,ROYAL BERKSHIRE NHS FOUNDATION TRUST,C_160,Plastic Surgery Service,290,236,81.40%,10.2,24.2,-,-,-
Y59,RHW,ROYAL BERKSHIRE NHS FOUNDATION TRUST,C_170,Cardiothoracic Surgery Service,-,-,-,-,-,-,-,-
Y59,RHW,ROYAL BERKSHIRE NHS FOUNDATION TRUST,C_300,General Internal Medicine Service,1,1,100.00%,-,-,-,-,-
Y59,RHW,ROYAL BERKSHIRE NHS FOUNDATION TRUST,C_301,Gastroenterology Service,"3,726","2,993",80.30%,9.7,25.3,2,-,1
Y59,RHW,ROYAL BERKSHIRE NHS FOUNDATION TRUST,C_320,Cardiology Service,"2,984","2,388",80.00%,9.9,25.8,2,-,1
Y59,RHW,ROYAL BERKSHIRE NHS FOUNDATION TRUST,C_330,Dermatology Service,"2,139","1,630",76.20%,9.5,28.3,-,-,-
Y59,RHW,ROYAL BERKSHIRE NHS FOUNDATION TRUST,C_340,Respiratory Medicine Service,"1,607","1,393",86.70%,8.9,21.7,-,-,-
Y59,RHW,ROYAL BERKSHIRE NHS FOUNDATION TRUST,C_400,Neurology Service,906,723,79.80%,9.6,25,2,-,-
Y59,RHW,ROYAL BERKSHIRE NHS FOUNDATION TRUST,C_410,Rheumatology Service,143,123,86.00%,7.4,22.9,-,-,-
Y59,RHW,ROYAL BERKSHIRE NHS FOUNDATION TRUST,C_430,Elderly Medicine Service,-,-,-,-,-,-,-,-
Y59,RHW,ROYAL BERKSHIRE NHS FOUNDATION TRUST,C_502,Gynaecology Service,"2,864","2,449",85.50%,8,22.6,1,-,-
Y59,RHW,ROYAL BERKSHIRE NHS FOUNDATION TRUST,X02,Other - Medical Services,"1,251","1,081",86.40%,8.9,23,-,-,-
Y59,RHW,ROYAL BERKSHIRE NHS FOUNDATION TRUST,X03,Other - Mental Health Services,-,-,-,-,-,-,-,-
Y59,RHW,ROYAL BERKSHIRE NHS FOUNDATION TRUST,X04,Other - Paediatric Services,"1,803","1,596",88.50%,8.1,20.8,-,-,-
Y59,RHW,ROYAL BERKSHIRE NHS FOUNDATION TRUST,X05,Other - Surgical Services,28,23,82.10%,9,34.8,-,-,-
Y59,RHW,ROYAL BERKSHIRE NHS FOUNDATION TRUST,X06,Other - Other Services,519,447,86.10%,9.8,23.4,1,-,-
Y59,RN5,HAMPSHIRE HOSPITALS NHS FOUNDATION TRUST,C_100,General Surgery Service,"2,627","1,217",46.30%,20.4,52.5,222,3,28
Y59,RN5,HAMPSHIRE HOSPITALS NHS FOUNDATION TRUST,C_101,Urology Service,"3,072","1,838",59.80%,15.2,42.3,137,7,23
Y59,RN5,HAMPSHIRE HOSPITALS NHS FOUNDATION TRUST,C_110,Trauma and Orthopaedic Service,"5,825","3,111",53.40%,16.6,48.3,331,2,46
Y59,RN5,HAMPSHIRE HOSPITALS NHS FOUNDATION TRUST,C_120,Ear Nose and Throat Service,"4,364","2,119",48.60%,18.6,46,223,-,53
Y59,RN5,HAMPSHIRE HOSPITALS NHS FOUNDATION TRUST,C_130,Ophthalmology Service,"3,584","2,078",58.00%,14.3,42.7,122,-,13
Y59,RN5,HAMPSHIRE HOSPITALS NHS FOUNDATION TRUST,C_140,Oral Surgery Service,"2,405","1,021",42.50%,21.5,45.3,70,-,5
Y59,RN5,HAMPSHIRE HOSPITALS NHS FOUNDATION TRUST,C_150,Neurosurgical Service,-,-,-,-,-,-,-,-
Y59,RN5,HAMPSHIRE HOSPITALS NHS FOUNDATION TRUST,C_160,Plastic Surgery Service,-,-,-,-,-,-,-,-
Y59,RN5,HAMPSHIRE HOSPITALS NHS FOUNDATION TRUST,C_170,Cardiothoracic Surgery Service,2,-,-,-,-,-,-,-
Y59,RN5,HAMPSHIRE HOSPITALS NHS FOUNDATION TRUST,C_300,General Internal Medicine Service,146,145,99.30%,2.1,7.2,1,-,-
Y59,RN5,HAMPSHIRE HOSPITALS NHS FOUNDATION TRUST,C_301,Gastroenterology Service,"4,588","2,522",55.00%,16,43.1,156,1,56
Y59,RN5,HAMPSHIRE HOSPITALS NHS FOUNDATION TRUST,C_320,Cardiology Service,"3,032","1,910",63.00%,13.1,35.7,28,-,5
Y59,RN5,HAMPSHIRE HOSPITALS NHS FOUNDATION TRUST,C_330,Dermatology Service,"2,738","1,665",60.80%,11.6,42.1,37,-,10
Y59,RN5,HAMPSHIRE HOSPITALS NHS FOUNDATION TRUST,C_340,Respiratory Medicine Service,"1,846","1,091",59.10%,13.6,50.6,133,-,14
Y59,RN5,HAMPSHIRE HOSPITALS NHS FOUNDATION TRUST,C_400,Neurology Service,"1,666","1,022",61.30%,14.3,46.9,81,12,18
Y59,RN5,HAMPSHIRE HOSPITALS NHS FOUNDATION TRUST,C_410,Rheumatology Service,"1,752",995,56.80%,15.7,39.3,11,-,-
Y59,RN5,HAMPSHIRE HOSPITALS NHS FOUNDATION TRUST,C_430,Elderly Medicine Service,147,139,94.60%,3.7,15.1,-,-,-
Y59,RN5,HAMPSHIRE HOSPITALS NHS FOUNDATION TRUST,C_502,Gynaecology Service,"4,332","2,695",62.20%,13.8,35.3,61,1,12
Y59,RN5,HAMPSHIRE HOSPITALS NHS FOUNDATION TRUST,X02,Other - Medical Services,"4,029","2,516",62.40%,12,42.4,108,7,27
Y59,RN5,HAMPSHIRE HOSPITALS NHS FOUNDATION TRUST,X03,Other - Mental Health Services,-,-,-,-,-,-,-,-
Y59,RN5,HAMPSHIRE HOSPITALS NHS FOUNDATION TRUST,X04,Other - Paediatric Services,"1,741","1,109",63.70%,12,40.8,59,-,7
Y59,RN5,HAMPSHIRE HOSPITALS NHS FOUNDATION TRUST,X05,Other - Surgical Services,"4,447","2,949",66.30%,11,44.4,169,-,38
Y59,RN5,HAMPSHIRE HOSPITALS NHS FOUNDATION TRUST,X06,Other - Other Services,32,22,68.80%,10,20.9,1,-,-
Y59,RN7,DARTFORD AND GRAVESHAM NHS TRUST,C_100,General Surgery Service,"6,362","4,241",66.70%,11.7,39,119,-,15
Y59,RN7,DARTFORD AND GRAVESHAM NHS TRUST,C_101,Urology Service,"2,772","2,037",73.50%,9.7,31.6,16,-,2
Y59,RN7,DARTFORD AND GRAVESHAM NHS TRUST,C_110,Trauma and Orthopaedic Service,"3,696","2,318",62.70%,12.7,39.2,39,-,-
Y59,RN7,DARTFORD AND GRAVESHAM NHS TRUST,C_120,Ear Nose and Throat Service,-,-,-,-,-,-,-,-
Y59,RN7,DARTFORD AND GRAVESHAM NHS TRUST,C_130,Ophthalmology Service,-,-,-,-,-,-,-,-
Y59,RN7,DARTFORD AND GRAVESHAM NHS TRUST,C_140,Oral Surgery Service,-,-,-,-,-,-,-,-
Y59,RN7,DARTFORD AND GRAVESHAM NHS TRUST,C_150,Neurosurgical Service,-,-,-,-,-,-,-,-
Y59,RN7,DARTFORD AND GRAVESHAM NHS TRUST,C_160,Plastic Surgery Service,-,-,-,-,-,-,-,-
Y59,RN7,DARTFORD AND GRAVESHAM NHS TRUST,C_170,Cardiothoracic Surgery Service,-,-,-,-,-,-,-,-
Y59,RN7,DARTFORD AND GRAVESHAM NHS TRUST,C_300,General Internal Medicine Service,"1,324",931,70.30%,11.2,43.9,49,1,18
Y59,RN7,DARTFORD AND GRAVESHAM NHS TRUST,C_301,Gastroenterology Service,"4,581","2,658",58.00%,14.8,45.9,212,1,50
Y59,RN7,DARTFORD AND GRAVESHAM NHS TRUST,C_320,Cardiology Service,"2,210","1,633",73.90%,9,36.7,35,-,6
Y59,RN7,DARTFORD AND GRAVESHAM NHS TRUST,C_330,Dermatology Service,-,-,-,-,-,-,-,-
Y59,RN7,DARTFORD AND GRAVESHAM NHS TRUST,C_340,Respiratory Medicine Service,"1,427",990,69.40%,12,38,42,-,10
Y59,RN7,DARTFORD AND GRAVESHAM NHS TRUST,C_400,Neurology Service,"1,104",504,45.70%,19.3,50.3,72,-,17
Y59,RN7,DARTFORD AND GRAVESHAM NHS TRUST,C_410,Rheumatology Service,-,-,-,-,-,-,-,-
Y59,RN7,DARTFORD AND GRAVESHAM NHS TRUST,C_430,Elderly Medicine Service,490,364,74.30%,9.6,33.9,9,-,1
Y59,RN7,DARTFORD AND GRAVESHAM NHS TRUST,C_502,Gynaecology Service,"4,194","3,177",75.80%,11,33.2,44,-,2
Y59,RN7,DARTFORD AND GRAVESHAM NHS TRUST,X02,Other - Medical Services,439,370,84.30%,7.3,26.5,1,-,1
Y59,RN7,DARTFORD AND GRAVESHAM NHS TRUST,X03,Other - Mental Health Services,-,-,-,-,-,-,-,-
Y59,RN7,DARTFORD AND GRAVESHAM NHS TRUST,X04,Other - Paediatric Services,904,842,93.10%,5.2,17.3,-,-,-
Y59,RN7,DARTFORD AND GRAVESHAM NHS TRUST,X05,Other - Surgical Services,"1,030",750,72.80%,10.7,36.4,10,-,1
Y59,RN7,DARTFORD AND GRAVESHAM NHS TRUST,X06,Other - Other Services,75,69,92.00%,4.4,18,-,-,-
Y59,RPA,MEDWAY NHS FOUNDATION TRUST,C_100,General Surgery Service,"1,183",712,60.20%,14.6,36.7,35,2,13
Y59,RPA,MEDWAY NHS FOUNDATION TRUST,C_101,Urology Service,"2,661","1,828",68.70%,11,30.8,-,-,-
Y59,RPA,MEDWAY NHS FOUNDATION TRUST,C_110,Trauma and Orthopaedic Service,"2,203","1,377",62.50%,13.4,37.9,12,-,1
Y59,RPA,MEDWAY NHS FOUNDATION TRUST,C_120,Ear Nose and Throat Service,"6,969","2,860",41.00%,23,55.7,880,3,82
Y59,RPA,MEDWAY NHS FOUNDATION TRUST,C_130,Ophthalmology Service,-,-,-,-,-,-,-,-
Y59,RPA,MEDWAY NHS FOUNDATION TRUST,C_140,Oral Surgery Service,-,-,-,-,-,-,-,-
Y59,RPA,MEDWAY NHS FOUNDATION TRUST,C_150,Neurosurgical Service,-,-,-,-,-,-,-,-
Y59,RPA,MEDWAY NHS FOUNDATION TRUST,C_160,Plastic Surgery Service,-,-,-,-,-,-,-,-
Y59,RPA,MEDWAY NHS FOUNDATION TRUST,C_170,Cardiothoracic Surgery Service,-,-,-,-,-,-,-,-
Y59,RPA,MEDWAY NHS FOUNDATION TRUST,C_300,General Internal Medicine Service,277,141,50.90%,17.5,60.4,30,1,8
Y59,RPA,MEDWAY NHS FOUNDATION TRUST,C_301,Gastroenterology Service,"3,857","1,868",48.40%,18.8,52.5,318,2,97
Y59,RPA,MEDWAY NHS FOUNDATION TRUST,C_320,Cardiology Service,"3,866","1,504",38.90%,24.5,57.3,512,-,59
Y59,RPA,MEDWAY NHS FOUNDATION TRUST,C_330,Dermatology Service,-,-,-,-,-,-,-,-
Y59,RPA,MEDWAY NHS FOUNDATION TRUST,C_340,Respiratory Medicine Service,"1,053",592,56.20%,15.8,35.1,-,-,-
Y59,RPA,MEDWAY NHS FOUNDATION TRUST,C_400,Neurology Service,"1,661",755,45.50%,19.7,40.6,6,-,-
Y59,RPA,MEDWAY NHS FOUNDATION TRUST,C_410,Rheumatology Service,"3,221","1,147",35.60%,25.7,47.8,162,-,-
Y59,RPA,MEDWAY NHS FOUNDATION TRUST,C_430,Elderly Medicine Service,138,121,87.70%,6.3,22,-,-,-
Y59,RPA,MEDWAY NHS FOUNDATION TRUST,C_502,Gynaecology Service,"3,980","2,547",64.00%,13.3,31.8,-,-,-
Y59,RPA,MEDWAY NHS FOUNDATION TRUST,X02,Other - Medical Services,"6,491","3,909",60.20%,14.4,39.2,112,1,16
Y59,RPA,MEDWAY NHS FOUNDATION TRUST,X03,Other - Mental Health Services,-,-,-,-,-,-,-,-
Y59,RPA,MEDWAY NHS FOUNDATION TRUST,X04,Other - Paediatric Services,14,13,92.90%,-,-,-,-,-
Y59,RPA,MEDWAY NHS FOUNDATION TRUST,X05,Other - Surgical Services,"5,291","2,918",55.20%,15.4,54.5,480,7,179
Y59,RPA,MEDWAY NHS FOUNDATION TRUST,X06,Other - Other Services,955,403,42.20%,22.6,66.1,196,-,90
Y59,RPC,QUEEN VICTORIA HOSPITAL NHS FOUNDATION TRUST,C_100,General Surgery Service,-,-,-,-,-,-,-,-
Y59,RPC,QUEEN VICTORIA HOSPITAL NHS FOUNDATION TRUST,C_101,Urology Service,-,-,-,-,-,-,-,-
Y59,RPC,QUEEN VICTORIA HOSPITAL NHS FOUNDATION TRUST,C_110,Trauma and Orthopaedic Service,-,-,-,-,-,-,-,-
Y59,RPC,QUEEN VICTORIA HOSPITAL NHS FOUNDATION TRUST,C_120,Ear Nose and Throat Service,131,106,80.90%,8.5,34.3,3,-,1
Y59,RPC,QUEEN VICTORIA HOSPITAL NHS FOUNDATION TRUST,C_130,Ophthalmology Service,"2,179","1,391",63.80%,12.6,39.1,32,-,8
Y59,RPC,QUEEN VICTORIA HOSPITAL NHS FOUNDATION TRUST,C_140,Oral Surgery Service,"7,097","4,093",57.70%,15.3,40.2,122,-,27
Y59,RPC,QUEEN VICTORIA HOSPITAL NHS FOUNDATION TRUST,C_150,Neurosurgical Service,-,-,-,-,-,-,-,-
Y59,RPC,QUEEN VICTORIA HOSPITAL NHS FOUNDATION TRUST,C_160,Plastic Surgery Service,"5,860","3,379",57.70%,14.7,46.9,273,1,33
Y59,RPC,QUEEN VICTORIA HOSPITAL NHS FOUNDATION TRUST,C_170,Cardiothoracic Surgery Service,-,-,-,-,-,-,-,-
Y59,RPC,QUEEN VICTORIA HOSPITAL NHS FOUNDATION TRUST,C_300,General Internal Medicine Service,-,-,-,-,-,-,-,-
Y59,RPC,QUEEN VICTORIA HOSPITAL NHS FOUNDATION TRUST,C_301,Gastroenterology Service,-,-,-,-,-,-,-,-
Y59,RPC,QUEEN VICTORIA HOSPITAL NHS FOUNDATION TRUST,C_320,Cardiology Service,157,109,69.40%,11.4,28.4,1,-,-
Y59,RPC,QUEEN VICTORIA HOSPITAL NHS FOUNDATION TRUST,C_330,Dermatology Service,-,-,-,-,-,-,-,-
Y59,RPC,QUEEN VICTORIA HOSPITAL NHS FOUNDATION TRUST,C_340,Respiratory Medicine Service,-,-,-,-,-,-,-,-
Y59,RPC,QUEEN VICTORIA HOSPITAL NHS FOUNDATION TRUST,C_400,Neurology Service,-,-,-,-,-,-,-,-
Y59,RPC,QUEEN VICTORIA HOSPITAL NHS FOUNDATION TRUST,C_410,Rheumatology Service,52,39,75.00%,10,33.9,-,-,-
Y59,RPC,QUEEN VICTORIA HOSPITAL NHS FOUNDATION TRUST,C_430,Elderly Medicine Service,-,-,-,-,-,-,-,-
Y59,RPC,QUEEN VICTORIA HOSPITAL NHS FOUNDATION TRUST,C_502,Gynaecology Service,-,-,-,-,-,-,-,-
Y59,RPC,QUEEN VICTORIA HOSPITAL NHS FOUNDATION TRUST,X02,Other - Medical Services,31,25,80.60%,9.8,27.5,-,-,-
Y59,RPC,QUEEN VICTORIA HOSPITAL NHS FOUNDATION TRUST,X03,Other - Mental Health Services,64,24,37.50%,22.3,39.9,-,-,-
Y59,RPC,QUEEN VICTORIA HOSPITAL NHS FOUNDATION TRUST,X04,Other - Paediatric Services,87,51,58.60%,11.8,45.7,1,-,-
Y59,RPC,QUEEN VICTORIA HOSPITAL NHS FOUNDATION TRUST,X05,Other - Surgical Services,1,1,100.00%,-,-,-,-,-
Y59,RPC,QUEEN VICTORIA HOSPITAL NHS FOUNDATION TRUST,X06,Other - Other Services,"3,256","2,496",76.70%,10.8,24.8,1,-,-
Y59,RTH,OXFORD UNIVERSITY HOSPITALS NHS FOUNDATION TRUST,C_100,General Surgery Service,"2,015","1,247",61.90%,12.6,42.7,33,-,2
Y59,RTH,OXFORD UNIVERSITY HOSPITALS NHS FOUNDATION TRUST,C_101,Urology Service,"5,121","2,527",49.30%,18.3,55.7,538,7,174
Y59,RTH,OXFORD UNIVERSITY HOSPITALS NHS FOUNDATION TRUST,C_110,Trauma and Orthopaedic Service,"7,873","3,144",39.90%,23,58.9,"1,109",8,326
Y59,RTH,OXFORD UNIVERSITY HOSPITALS NHS FOUNDATION TRUST,C_120,Ear Nose and Throat Service,"5,686","2,862",50.30%,17.8,51.5,442,4,164
Y59,RTH,OXFORD UNIVERSITY HOSPITALS NHS FOUNDATION TRUST,C_130,Ophthalmology Service,"6,303","3,552",56.40%,15.6,44,278,5,77
Y59,RTH,OXFORD UNIVERSITY HOSPITALS NHS FOUNDATION TRUST,C_140,Oral Surgery Service,"2,290",718,31.40%,24.5,49.7,153,2,34
Y59,RTH,OXFORD UNIVERSITY HOSPITALS NHS FOUNDATION TRUST,C_150,Neurosurgical Service,"1,157",728,62.90%,11.8,40.5,34,-,9
Y59,RTH,OXFORD UNIVERSITY HOSPITALS NHS FOUNDATION TRUST,C_160,Plastic Surgery Service,"2,326","1,099",47.20%,19.6,55.4,266,13,74
Y59,RTH,OXFORD UNIVERSITY HOSPITALS NHS FOUNDATION TRUST,C_170,Cardiothoracic Surgery Service,323,272,84.20%,7.2,24.7,-,-,-
Y59,RTH,OXFORD UNIVERSITY HOSPITALS NHS FOUNDATION TRUST,C_300,General Internal Medicine Service,69,50,72.50%,7.7,47.2,3,-,3
Y59,RTH,OXFORD UNIVERSITY HOSPITALS NHS FOUNDATION TRUST,C_301,Gastroenterology Service,"2,253","1,509",67.00%,11.3,35.2,24,1,4
Y59,RTH,OXFORD UNIVERSITY HOSPITALS NHS FOUNDATION TRUST,C_320,Cardiology Service,"3,217","2,367",73.60%,10.2,31,8,-,-
Y59,RTH,OXFORD UNIVERSITY HOSPITALS NHS FOUNDATION TRUST,C_330,Dermatology Service,"6,355","3,592",56.50%,15.6,44.6,227,-,3
Y59,RTH,OXFORD UNIVERSITY HOSPITALS NHS FOUNDATION TRUST,C_340,Respiratory Medicine Service,"1,270","1,076",84.70%,7.2,21.6,-,-,-
Y59,RTH,OXFORD UNIVERSITY HOSPITALS NHS FOUNDATION TRUST,C_400,Neurology Service,"3,397","1,889",55.60%,15.8,41.5,71,-,11
Y59,RTH,OXFORD UNIVERSITY HOSPITALS NHS FOUNDATION TRUST,C_410,Rheumatology Service,"2,102","1,398",66.50%,13.3,32.7,18,-,3
Y59,RTH,OXFORD UNIVERSITY HOSPITALS NHS FOUNDATION TRUST,C_430,Elderly Medicine Service,269,245,91.10%,6.4,18.4,-,-,-
Y59,RTH,OXFORD UNIVERSITY HOSPITALS NHS FOUNDATION TRUST,C_502,Gynaecology Service,"5,296","3,085",58.30%,14.5,47.4,282,2,64
Y59,RTH,OXFORD UNIVERSITY HOSPITALS NHS FOUNDATION TRUST,X02,Other - Medical Services,"13,211","9,153",69.30%,11.1,35.5,124,1,13
Y59,RTH,OXFORD UNIVERSITY HOSPITALS NHS FOUNDATION TRUST,X03,Other - Mental Health Services,11,8,72.70%,-,-,-,-,-
Y59,RTH,OXFORD UNIVERSITY HOSPITALS NHS FOUNDATION TRUST,X04,Other - Paediatric Services,"7,365","4,351",59.10%,14.7,44.9,324,8,123
Y59,RTH,OXFORD UNIVERSITY HOSPITALS NHS FOUNDATION TRUST,X05,Other - Surgical Services,"4,505","2,783",61.80%,12.9,45.7,191,1,32
Y59,RTH,OXFORD UNIVERSITY HOSPITALS NHS FOUNDATION TRUST,X06,Other - Other Services,"1,873","1,178",62.90%,13.6,42.5,55,-,18
Y59,RTK,ASHFORD AND ST PETER'S HOSPITALS NHS FOUNDATION TRUST,C_100,General Surgery Service,769,431,56.00%,15.4,46.2,24,-,4
Y59,RTK,ASHFORD AND ST PETER'S HOSPITALS NHS FOUNDATION TRUST,C_101,Urology Service,"1,436",737,51.30%,17.5,35.6,6,-,-
Y59,RTK,ASHFORD AND ST PETER'S HOSPITALS NHS FOUNDATION TRUST,C_110,Trauma and Orthopaedic Service,"6,440","4,786",74.30%,9.3,34.1,112,-,13
Y59,RTK,ASHFORD AND ST PETER'S HOSPITALS NHS FOUNDATION TRUST,C_120,Ear Nose and Throat Service,"4,347","2,370",54.50%,15.7,41.6,89,2,12
Y59,RTK,ASHFORD AND ST PETER'S HOSPITALS NHS FOUNDATION TRUST,C_130,Ophthalmology Service,"5,787","3,954",68.30%,12,41.1,56,-,-
Y59,RTK,ASHFORD AND ST PETER'S HOSPITALS NHS FOUNDATION TRUST,C_140,Oral Surgery Service,"2,508","1,318",52.60%,17.3,43,74,1,9
Y59,RTK,ASHFORD AND ST PETER'S HOSPITALS NHS FOUNDATION TRUST,C_150,Neurosurgical Service,-,-,-,-,-,-,-,-
Y59,RTK,ASHFORD AND ST PETER'S HOSPITALS NHS FOUNDATION TRUST,C_160,Plastic Surgery Service,21,17,81.00%,5.5,52.3,2,-,-
Y59,RTK,ASHFORD AND ST PETER'S HOSPITALS NHS FOUNDATION TRUST,C_170,Cardiothoracic Surgery Service,22,17,77.30%,12,23.4,-,-,-
Y59,RTK,ASHFORD AND ST PETER'S HOSPITALS NHS FOUNDATION TRUST,C_300,General Internal Medicine Service,194,107,55.20%,15.9,44.7,5,-,-
Y59,RTK,ASHFORD AND ST PETER'S HOSPITALS NHS FOUNDATION TRUST,C_301,Gastroenterology Service,"4,698","2,399",51.10%,17.6,44.4,124,2,15
Y59,RTK,ASHFORD AND ST PETER'S HOSPITALS NHS FOUNDATION TRUST,C_320,Cardiology Service,"2,351","1,489",63.30%,13.1,33.6,11,-,1
Y59,RTK,ASHFORD AND ST PETER'S HOSPITALS NHS FOUNDATION TRUST,C_330,Dermatology Service,"4,716","2,666",56.50%,14.8,39.1,11,-,2
Y59,RTK,ASHFORD AND ST PETER'S HOSPITALS NHS FOUNDATION TRUST,C_340,Respiratory Medicine Service,"2,002","1,271",63.50%,13.6,44,96,-,10
Y59,RTK,ASHFORD AND ST PETER'S HOSPITALS NHS FOUNDATION TRUST,C_400,Neurology Service,318,108,34.00%,31.1,43.2,2,-,-
Y59,RTK,ASHFORD AND ST PETER'S HOSPITALS NHS FOUNDATION TRUST,C_410,Rheumatology Service,232,209,90.10%,3.8,20.2,-,-,-
Y59,RTK,ASHFORD AND ST PETER'S HOSPITALS NHS FOUNDATION TRUST,C_430,Elderly Medicine Service,207,139,67.10%,11.4,29.5,-,-,-
Y59,RTK,ASHFORD AND ST PETER'S HOSPITALS NHS FOUNDATION TRUST,C_502,Gynaecology Service,"2,854","1,415",49.60%,18.2,41.6,84,6,24
Y59,RTK,ASHFORD AND ST PETER'S HOSPITALS NHS FOUNDATION TRUST,X02,Other - Medical Services,"3,235","1,582",48.90%,18.3,45.8,84,2,8
Y59,RTK,ASHFORD AND ST PETER'S HOSPITALS NHS FOUNDATION TRUST,X03,Other - Mental Health Services,3,3,100.00%,-,-,-,-,-
Y59,RTK,ASHFORD AND ST PETER'S HOSPITALS NHS FOUNDATION TRUST,X04,Other - Paediatric Services,"2,597","1,594",61.40%,14.8,33.9,29,-,1
Y59,RTK,ASHFORD AND ST PETER'S HOSPITALS NHS FOUNDATION TRUST,X05,Other - Surgical Services,"7,797","3,646",46.80%,19.4,43.5,109,2,12
Y59,RTK,ASHFORD AND ST PETER'S HOSPITALS NHS FOUNDATION TRUST,X06,Other - Other Services,"3,612","3,310",91.60%,5.7,18.5,2,-,-
Y59,RTP,SURREY AND SUSSEX HEALTHCARE NHS TRUST,C_100,General Surgery Service,"1,523",613,40.20%,21.9,58,195,6,70
Y59,RTP,SURREY AND SUSSEX HEALTHCARE NHS TRUST,C_101,Urology Service,"2,202","1,419",64.40%,11.1,37,7,-,2
Y59,RTP,SURREY AND SUSSEX HEALTHCARE NHS TRUST,C_110,Trauma and Orthopaedic Service,"2,064","1,054",51.10%,17.3,47.1,107,1,14
Y59,RTP,SURREY AND SUSSEX HEALTHCARE NHS TRUST,C_120,Ear Nose and Throat Service,"6,493","3,576",55.10%,16.4,44,304,-,68
Y59,RTP,SURREY AND SUSSEX HEALTHCARE NHS TRUST,C_130,Ophthalmology Service,"3,981","2,791",70.10%,11.5,32.7,5,-,-
Y59,RTP,SURREY AND SUSSEX HEALTHCARE NHS TRUST,C_140,Oral Surgery Service,"1,497",932,62.30%,13.8,34.8,16,-,1
Y59,RTP,SURREY AND SUSSEX HEALTHCARE NHS TRUST,C_150,Neurosurgical Service,-,-,-,-,-,-,-,-
Y59,RTP,SURREY AND SUSSEX HEALTHCARE NHS TRUST,C_160,Plastic Surgery Service,-,-,-,-,-,-,-,-
Y59,RTP,SURREY AND SUSSEX HEALTHCARE NHS TRUST,C_170,Cardiothoracic Surgery Service,-,-,-,-,-,-,-,-
Y59,RTP,SURREY AND SUSSEX HEALTHCARE NHS TRUST,C_300,General Internal Medicine Service,41,38,92.70%,5.2,16.7,-,-,-
Y59,RTP,SURREY AND SUSSEX HEALTHCARE NHS TRUST,C_301,Gastroenterology Service,"2,784","1,675",60.20%,14,37,38,-,10
Y59,RTP,SURREY AND SUSSEX HEALTHCARE NHS TRUST,C_320,Cardiology Service,"3,780","2,402",63.50%,12.1,39.1,25,1,1
Y59,RTP,SURREY AND SUSSEX HEALTHCARE NHS TRUST,C_330,Dermatology Service,"3,351","1,799",53.70%,16,42.6,7,-,-
Y59,RTP,SURREY AND SUSSEX HEALTHCARE NHS TRUST,C_340,Respiratory Medicine Service,"1,092",780,71.40%,9.2,34.5,10,-,-
Y59,RTP,SURREY AND SUSSEX HEALTHCARE NHS TRUST,C_400,Neurology Service,"1,564",868,55.50%,16.4,34.6,3,-,-
Y59,RTP,SURREY AND SUSSEX HEALTHCARE NHS TRUST,C_410,Rheumatology Service,512,337,65.80%,10.8,38,-,-,-
Y59,RTP,SURREY AND SUSSEX HEALTHCARE NHS TRUST,C_430,Elderly Medicine Service,209,149,71.30%,9.5,25.6,-,-,-
Y59,RTP,SURREY AND SUSSEX HEALTHCARE NHS TRUST,C_502,Gynaecology Service,"3,631","2,329",64.10%,13.3,30,15,-,-
Y59,RTP,SURREY AND SUSSEX HEALTHCARE NHS TRUST,X02,Other - Medical Services,"3,183","1,917",60.20%,14.7,37.4,13,-,2
Y59,RTP,SURREY AND SUSSEX HEALTHCARE NHS TRUST,X03,Other - Mental Health Services,-,-,-,-,-,-,-,-
Y59,RTP,SURREY AND SUSSEX HEALTHCARE NHS TRUST,X04,Other - Paediatric Services,"2,426","1,534",63.20%,14.2,30,-,-,-
Y59,RTP,SURREY AND SUSSEX HEALTHCARE NHS TRUST,X05,Other - Surgical Services,"5,530","3,423",61.90%,13.1,45,284,5,72
Y59,RTP,SURREY AND SUSSEX HEALTHCARE NHS TRUST,X06,Other - Other Services,"1,775",641,36.10%,22.7,42.6,1,-,-
Y59,RVV,EAST KENT HOSPITALS UNIVERSITY NHS FOUNDATION TRUST,C_100,General Surgery Service,"10,312","5,386",52.20%,16.8,52.9,884,20,338
Y59,RVV,EAST KENT HOSPITALS UNIVERSITY NHS FOUNDATION TRUST,C_101,Urology Service,"4,608","3,052",66.20%,11.7,35.1,80,-,8
Y59,RVV,EAST KENT HOSPITALS UNIVERSITY NHS FOUNDATION TRUST,C_110,Trauma and Orthopaedic Service,"5,929","3,123",52.70%,16.8,42.4,159,-,20
Y59,RVV,EAST KENT HOSPITALS UNIVERSITY NHS FOUNDATION TRUST,C_120,Ear Nose and Throat Service,"9,772","4,287",43.90%,20.5,56.7,"1,050",22,435
Y59,RVV,EAST KENT HOSPITALS UNIVERSITY NHS FOUNDATION TRUST,C_130,Ophthalmology Service,"7,249","3,590",49.50%,18.2,51,513,2,208
Y59,RVV,EAST KENT HOSPITALS UNIVERSITY NHS FOUNDATION TRUST,C_140,Oral Surgery Service,"5,537","2,163",39.10%,22.5,49.9,361,2,67
Y59,RVV,EAST KENT HOSPITALS UNIVERSITY NHS FOUNDATION TRUST,C_150,Neurosurgical Service,-,-,-,-,-,-,-,-
Y59,RVV,EAST KENT HOSPITALS UNIVERSITY NHS FOUNDATION TRUST,C_160,Plastic Surgery Service,-,-,-,-,-,-,-,-
Y59,RVV,EAST KENT HOSPITALS UNIVERSITY NHS FOUNDATION TRUST,C_170,Cardiothoracic Surgery Service,26,22,84.60%,6,22.9,-,-,-
Y59,RVV,EAST KENT HOSPITALS UNIVERSITY NHS FOUNDATION TRUST,C_300,General Internal Medicine Service,21,12,57.10%,17.3,33.7,-,-,-
Y59,RVV,EAST KENT HOSPITALS UNIVERSITY NHS FOUNDATION TRUST,C_301,Gastroenterology Service,"7,124","2,826",39.70%,23.2,59.8,926,36,373
Y59,RVV,EAST KENT HOSPITALS UNIVERSITY NHS FOUNDATION TRUST,C_320,Cardiology Service,"5,332","2,648",49.70%,18.2,55.1,545,-,132
Y59,RVV,EAST KENT HOSPITALS UNIVERSITY NHS FOUNDATION TRUST,C_330,Dermatology Service,"5,478","3,679",67.20%,11.2,38.6,76,-,11
Y59,RVV,EAST KENT HOSPITALS UNIVERSITY NHS FOUNDATION TRUST,C_340,Respiratory Medicine Service,"4,241","2,206",52.00%,17.1,41.4,32,-,1
Y59,RVV,EAST KENT HOSPITALS UNIVERSITY NHS FOUNDATION TRUST,C_400,Neurology Service,"2,508","1,388",55.30%,16.2,37.2,5,-,-
Y59,RVV,EAST KENT HOSPITALS UNIVERSITY NHS FOUNDATION TRUST,C_410,Rheumatology Service,"2,921","1,248",42.70%,21.2,42.3,7,-,-
Y59,RVV,EAST KENT HOSPITALS UNIVERSITY NHS FOUNDATION TRUST,C_430,Elderly Medicine Service,205,192,93.70%,6.1,16.2,-,-,-
Y59,RVV,EAST KENT HOSPITALS UNIVERSITY NHS FOUNDATION TRUST,C_502,Gynaecology Service,"6,078","3,237",53.30%,16.6,43.3,126,-,7
Y59,RVV,EAST KENT HOSPITALS UNIVERSITY NHS FOUNDATION TRUST,X02,Other - Medical Services,"2,650","1,568",59.20%,13.7,37.6,7,-,-
Y59,RVV,EAST KENT HOSPITALS UNIVERSITY NHS FOUNDATION TRUST,X03,Other - Mental Health Services,-,-,-,-,-,-,-,-
Y59,RVV,EAST KENT HOSPITALS UNIVERSITY NHS FOUNDATION TRUST,X04,Other - Paediatric Services,909,894,98.30%,5,10.9,-,-,-
Y59,RVV,EAST KENT HOSPITALS UNIVERSITY NHS FOUNDATION TRUST,X05,Other - Surgical Services,"4,479","1,840",41.10%,23.2,53.1,410,-,56
Y59,RVV,EAST KENT HOSPITALS UNIVERSITY NHS FOUNDATION TRUST,X06,Other - Other Services,399,369,92.50%,5.5,17.7,4,-,-
Y59,RW1,SOUTHERN HEALTH NHS FOUNDATION TRUST,C_100,General Surgery Service,-,-,-,-,-,-,-,-
Y59,RW1,SOUTHERN HEALTH NHS FOUNDATION TRUST,C_101,Urology Service,1,1,100.00%,-,-,-,-,-
Y59,RW1,SOUTHERN HEALTH NHS FOUNDATION TRUST,C_110,Trauma and Orthopaedic Service,"2,390","2,290",95.80%,6.6,15.5,-,-,-
Y59,RW1,SOUTHERN HEALTH NHS FOUNDATION TRUST,C_120,Ear Nose and Throat Service,150,147,98.00%,2.9,10,-,-,-
Y59,RW1,SOUTHERN HEALTH NHS FOUNDATION TRUST,C_130,Ophthalmology Service,-,-,-,-,-,-,-,-
Y59,RW1,SOUTHERN HEALTH NHS FOUNDATION TRUST,C_140,Oral Surgery Service,-,-,-,-,-,-,-,-
Y59,RW1,SOUTHERN HEALTH NHS FOUNDATION TRUST,C_150,Neurosurgical Service,-,-,-,-,-,-,-,-
Y59,RW1,SOUTHERN HEALTH NHS FOUNDATION TRUST,C_160,Plastic Surgery Service,-,-,-,-,-,-,-,-
Y59,RW1,SOUTHERN HEALTH NHS FOUNDATION TRUST,C_170,Cardiothoracic Surgery Service,-,-,-,-,-,-,-,-
Y59,RW1,SOUTHERN HEALTH NHS FOUNDATION TRUST,C_300,General Internal Medicine Service,419,405,96.70%,10.1,16.7,-,-,-
Y59,RW1,SOUTHERN HEALTH NHS FOUNDATION TRUST,C_301,Gastroenterology Service,143,135,94.40%,1.7,14.6,-,-,-
Y59,RW1,SOUTHERN HEALTH NHS FOUNDATION TRUST,C_320,Cardiology Service,169,159,94.10%,6.3,16.6,-,-,-
Y59,RW1,SOUTHERN HEALTH NHS FOUNDATION TRUST,C_330,Dermatology Service,-,-,-,-,-,-,-,-
Y59,RW1,SOUTHERN HEALTH NHS FOUNDATION TRUST,C_340,Respiratory Medicine Service,25,25,100.00%,3.3,7,-,-,-
Y59,RW1,SOUTHERN HEALTH NHS FOUNDATION TRUST,C_400,Neurology Service,-,-,-,-,-,-,-,-
Y59,RW1,SOUTHERN HEALTH NHS FOUNDATION TRUST,C_410,Rheumatology Service,117,117,100.00%,8,16.1,-,-,-
Y59,RW1,SOUTHERN HEALTH NHS FOUNDATION TRUST,C_430,Elderly Medicine Service,30,28,93.30%,6.3,14.6,-,-,-
Y59,RW1,SOUTHERN HEALTH NHS FOUNDATION TRUST,C_502,Gynaecology Service,-,-,-,-,-,-,-,-
Y59,RW1,SOUTHERN HEALTH NHS FOUNDATION TRUST,X02,Other - Medical Services,324,314,96.90%,5.2,14.7,-,-,-
Y59,RW1,SOUTHERN HEALTH NHS FOUNDATION TRUST,X03,Other - Mental Health Services,-,-,-,-,-,-,-,-
Y59,RW1,SOUTHERN HEALTH NHS FOUNDATION TRUST,X04,Other - Paediatric Services,11,11,100.00%,-,-,-,-,-
Y59,RW1,SOUTHERN HEALTH NHS FOUNDATION TRUST,X05,Other - Surgical Services,148,140,94.60%,9.9,17.6,-,-,-
Y59,RW1,SOUTHERN HEALTH NHS FOUNDATION TRUST,X06,Other - Other Services,-,-,-,-,-,-,-,-
Y59,RWF,MAIDSTONE AND TUNBRIDGE WELLS NHS TRUST,C_100,General Surgery Service,"5,938","4,032",67.90%,10.9,31.8,-,-,-
Y59,RWF,MAIDSTONE AND TUNBRIDGE WELLS NHS TRUST,C_101,Urology Service,"2,874","2,392",83.20%,8.6,24.4,-,-,-
Y59,RWF,MAIDSTONE AND TUNBRIDGE WELLS NHS TRUST,C_110,Trauma and Orthopaedic Service,"3,976","2,993",75.30%,9.5,29.4,-,-,-
Y59,RWF,MAIDSTONE AND TUNBRIDGE WELLS NHS TRUST,C_120,Ear Nose and Throat Service,"4,790","3,282",68.50%,11.5,30.5,92,48,89
Y59,RWF,MAIDSTONE AND TUNBRIDGE WELLS NHS TRUST,C_130,Ophthalmology Service,"6,074","4,841",79.70%,9.3,23.4,-,-,-
Y59,RWF,MAIDSTONE AND TUNBRIDGE WELLS NHS TRUST,C_140,Oral Surgery Service,-,-,-,-,-,-,-,-
Y59,RWF,MAIDSTONE AND TUNBRIDGE WELLS NHS TRUST,C_150,Neurosurgical Service,-,-,-,-,-,-,-,-
Y59,RWF,MAIDSTONE AND TUNBRIDGE WELLS NHS TRUST,C_160,Plastic Surgery Service,-,-,-,-,-,-,-,-
Y59,RWF,MAIDSTONE AND TUNBRIDGE WELLS NHS TRUST,C_170,Cardiothoracic Surgery Service,29,29,100.00%,5.8,10.8,-,-,-
Y59,RWF,MAIDSTONE AND TUNBRIDGE WELLS NHS TRUST,C_300,General Internal Medicine Service,29,29,100.00%,2.8,9.2,-,-,-
Y59,RWF,MAIDSTONE AND TUNBRIDGE WELLS NHS TRUST,C_301,Gastroenterology Service,"2,898","1,601",55.20%,15.8,64.6,426,74,227
Y59,RWF,MAIDSTONE AND TUNBRIDGE WELLS NHS TRUST,C_320,Cardiology Service,"3,008","1,768",58.80%,14.8,37.1,-,-,-
Y59,RWF,MAIDSTONE AND TUNBRIDGE WELLS NHS TRUST,C_330,Dermatology Service,-,-,-,-,-,-,-,-
Y59,RWF,MAIDSTONE AND TUNBRIDGE WELLS NHS TRUST,C_340,Respiratory Medicine Service,826,786,95.20%,5.5,15.7,-,-,-
Y59,RWF,MAIDSTONE AND TUNBRIDGE WELLS NHS TRUST,C_400,Neurology Service,"1,127",858,76.10%,10.5,24.4,-,-,-
Y59,RWF,MAIDSTONE AND TUNBRIDGE WELLS NHS TRUST,C_410,Rheumatology Service,894,689,77.10%,9.4,25.8,-,-,-
Y59,RWF,MAIDSTONE AND TUNBRIDGE WELLS NHS TRUST,C_430,Elderly Medicine Service,122,120,98.40%,5.5,15.3,-,-,-
Y59,RWF,MAIDSTONE AND TUNBRIDGE WELLS NHS TRUST,C_502,Gynaecology Service,"4,198","2,782",66.30%,10.9,35.1,-,-,-
Y59,RWF,MAIDSTONE AND TUNBRIDGE WELLS NHS TRUST,X02,Other - Medical Services,"3,934","3,378",85.90%,7,22.1,12,-,-
Y59,RWF,MAIDSTONE AND TUNBRIDGE WELLS NHS TRUST,X03,Other - Mental Health Services,-,-,-,-,-,-,-,-
Y59,RWF,MAIDSTONE AND TUNBRIDGE WELLS NHS TRUST,X04,Other - Paediatric Services,"3,041","2,063",67.80%,12.4,31.2,-,-,-
Y59,RWF,MAIDSTONE AND TUNBRIDGE WELLS NHS TRUST,X05,Other - Surgical Services,"1,003",921,91.80%,4.4,18.1,-,-,-
Y59,RWF,MAIDSTONE AND TUNBRIDGE WELLS NHS TRUST,X06,Other - Other Services,-,-,-,-,-,-,-,-
Y59,RWX,BERKSHIRE HEALTHCARE NHS FOUNDATION TRUST,C_100,General Surgery Service,-,-,-,-,-,-,-,-
Y59,RWX,BERKSHIRE HEALTHCARE NHS FOUNDATION TRUST,C_101,Urology Service,-,-,-,-,-,-,-,-
Y59,RWX,BERKSHIRE HEALTHCARE NHS FOUNDATION TRUST,C_110,Trauma and Orthopaedic Service,-,-,-,-,-,-,-,-
Y59,RWX,BERKSHIRE HEALTHCARE NHS FOUNDATION TRUST,C_120,Ear Nose and Throat Service,-,-,-,-,-,-,-,-
Y59,RWX,BERKSHIRE HEALTHCARE NHS FOUNDATION TRUST,C_130,Ophthalmology Service,-,-,-,-,-,-,-,-
Y59,RWX,BERKSHIRE HEALTHCARE NHS FOUNDATION TRUST,C_140,Oral Surgery Service,-,-,-,-,-,-,-,-
Y59,RWX,BERKSHIRE HEALTHCARE NHS FOUNDATION TRUST,C_150,Neurosurgical Service,-,-,-,-,-,-,-,-
Y59,RWX,BERKSHIRE HEALTHCARE NHS FOUNDATION TRUST,C_160,Plastic Surgery Service,-,-,-,-,-,-,-,-
Y59,RWX,BERKSHIRE HEALTHCARE NHS FOUNDATION TRUST,C_170,Cardiothoracic Surgery Service,-,-,-,-,-,-,-,-
Y59,RWX,BERKSHIRE HEALTHCARE NHS FOUNDATION TRUST,C_300,General Internal Medicine Service,-,-,-,-,-,-,-,-
Y59,RWX,BERKSHIRE HEALTHCARE NHS FOUNDATION TRUST,C_301,Gastroenterology Service,-,-,-,-,-,-,-,-
Y59,RWX,BERKSHIRE HEALTHCARE NHS FOUNDATION TRUST,C_320,Cardiology Service,-,-,-,-,-,-,-,-
Y59,RWX,BERKSHIRE HEALTHCARE NHS FOUNDATION TRUST,C_330,Dermatology Service,-,-,-,-,-,-,-,-
Y59,RWX,BERKSHIRE HEALTHCARE NHS FOUNDATION TRUST,C_340,Respiratory Medicine Service,-,-,-,-,-,-,-,-
Y59,RWX,BERKSHIRE HEALTHCARE NHS FOUNDATION TRUST,C_400,Neurology Service,-,-,-,-,-,-,-,-
Y59,RWX,BERKSHIRE HEALTHCARE NHS FOUNDATION TRUST,C_410,Rheumatology Service,-,-,-,-,-,-,-,-
Y59,RWX,BERKSHIRE HEALTHCARE NHS FOUNDATION TRUST,C_430,Elderly Medicine Service,-,-,-,-,-,-,-,-
Y59,RWX,BERKSHIRE HEALTHCARE NHS FOUNDATION TRUST,C_502,Gynaecology Service,-,-,-,-,-,-,-,-
Y59,RWX,BERKSHIRE HEALTHCARE NHS FOUNDATION TRUST,X02,Other - Medical Services,-,-,-,-,-,-,-,-
Y59,RWX,BERKSHIRE HEALTHCARE NHS FOUNDATION TRUST,X03,Other - Mental Health Services,-,-,-,-,-,-,-,-
Y59,RWX,BERKSHIRE HEALTHCARE NHS FOUNDATION TRUST,X04,Other - Paediatric Services,171,170,99.40%,7,14.1,-,-,-
Y59,RWX,BERKSHIRE HEALTHCARE NHS FOUNDATION TRUST,X05,Other - Surgical Services,-,-,-,-,-,-,-,-
Y59,RWX,BERKSHIRE HEALTHCARE NHS FOUNDATION TRUST,X06,Other - Other Services,-,-,-,-,-,-,-,-
Y59,RXC,EAST SUSSEX HEALTHCARE NHS TRUST,C_100,General Surgery Service,"4,360","2,467",56.60%,15.2,36.9,33,-,-
Y59,RXC,EAST SUSSEX HEALTHCARE NHS TRUST,C_101,Urology Service,"4,449","2,300",51.70%,17.2,41.4,82,-,4
Y59,RXC,EAST SUSSEX HEALTHCARE NHS TRUST,C_110,Trauma and Orthopaedic Service,"1,836","1,087",59.20%,14.5,39,18,-,-
Y59,RXC,EAST SUSSEX HEALTHCARE NHS TRUST,C_120,Ear Nose and Throat Service,"8,548","3,764",44.00%,20.6,46.7,372,-,26
Y59,RXC,EAST SUSSEX HEALTHCARE NHS TRUST,C_130,Ophthalmology Service,"4,579","3,085",67.40%,10.8,32.5,10,-,-
Y59,RXC,EAST SUSSEX HEALTHCARE NHS TRUST,C_140,Oral Surgery Service,"1,820","1,091",59.90%,14.6,31.8,2,-,-
Y59,RXC,EAST SUSSEX HEALTHCARE NHS TRUST,C_150,Neurosurgical Service,-,-,-,-,-,-,-,-
Y59,RXC,EAST SUSSEX HEALTHCARE NHS TRUST,C_160,Plastic Surgery Service,-,-,-,-,-,-,-,-
Y59,RXC,EAST SUSSEX HEALTHCARE NHS TRUST,C_170,Cardiothoracic Surgery Service,-,-,-,-,-,-,-,-
Y59,RXC,EAST SUSSEX HEALTHCARE NHS TRUST,C_300,General Internal Medicine Service,38,33,86.80%,2.5,20,-,-,-
Y59,RXC,EAST SUSSEX HEALTHCARE NHS TRUST,C_301,Gastroenterology Service,"4,179","2,155",51.60%,17.4,50.7,286,-,7
Y59,RXC,EAST SUSSEX HEALTHCARE NHS TRUST,C_320,Cardiology Service,"3,380","2,283",67.50%,12.7,29.3,6,-,-
Y59,RXC,EAST SUSSEX HEALTHCARE NHS TRUST,C_330,Dermatology Service,"1,441","1,362",94.50%,5.1,16,-,-,-
Y59,RXC,EAST SUSSEX HEALTHCARE NHS TRUST,C_340,Respiratory Medicine Service,"1,719","1,044",60.70%,14.5,38.8,8,-,-
Y59,RXC,EAST SUSSEX HEALTHCARE NHS TRUST,C_400,Neurology Service,"2,279","1,265",55.50%,15.9,36.8,23,-,1
Y59,RXC,EAST SUSSEX HEALTHCARE NHS TRUST,C_410,Rheumatology Service,441,342,77.60%,10.4,27.7,-,-,-
Y59,RXC,EAST SUSSEX HEALTHCARE NHS TRUST,C_430,Elderly Medicine Service,144,143,99.30%,5.2,15.7,-,-,-
Y59,RXC,EAST SUSSEX HEALTHCARE NHS TRUST,C_502,Gynaecology Service,"4,765","2,495",52.40%,16.8,42.7,63,1,6
Y59,RXC,EAST SUSSEX HEALTHCARE NHS TRUST,X02,Other - Medical Services,"4,271","2,993",70.10%,10.8,36.1,26,-,3
Y59,RXC,EAST SUSSEX HEALTHCARE NHS TRUST,X03,Other - Mental Health Services,-,-,-,-,-,-,-,-
Y59,RXC,EAST SUSSEX HEALTHCARE NHS TRUST,X04,Other - Paediatric Services,281,216,76.90%,10,29.1,1,-,-
Y59,RXC,EAST SUSSEX HEALTHCARE NHS TRUST,X05,Other - Surgical Services,"4,309","2,323",53.90%,16.4,41.2,98,-,2
Y59,RXC,EAST SUSSEX HEALTHCARE NHS TRUST,X06,Other - Other Services,"1,546",763,49.40%,18.2,56.7,202,-,-
Y59,RXQ,BUCKINGHAMSHIRE HEALTHCARE NHS TRUST,C_100,General Surgery Service,"2,394","1,438",60.10%,14,44.8,97,-,1
Y59,RXQ,BUCKINGHAMSHIRE HEALTHCARE NHS TRUST,C_101,Urology Service,"2,948","1,685",57.20%,16,45.9,101,-,1
Y59,RXQ,BUCKINGHAMSHIRE HEALTHCARE NHS TRUST,C_110,Trauma and Orthopaedic Service,"4,608","1,998",43.40%,21,50.1,262,-,6
Y59,RXQ,BUCKINGHAMSHIRE HEALTHCARE NHS TRUST,C_120,Ear Nose and Throat Service,"4,966","2,635",53.10%,17,43.6,207,-,27
Y59,RXQ,BUCKINGHAMSHIRE HEALTHCARE NHS TRUST,C_130,Ophthalmology Service,"6,468","3,726",57.60%,15.3,43.4,181,-,1
Y59,RXQ,BUCKINGHAMSHIRE HEALTHCARE NHS TRUST,C_140,Oral Surgery Service,"1,010",747,74.00%,9.5,32.1,2,-,-
Y59,RXQ,BUCKINGHAMSHIRE HEALTHCARE NHS TRUST,C_150,Neurosurgical Service,-,-,-,-,-,-,-,-
Y59,RXQ,BUCKINGHAMSHIRE HEALTHCARE NHS TRUST,C_160,Plastic Surgery Service,"1,214",638,52.60%,16.9,46.5,38,-,-
Y59,RXQ,BUCKINGHAMSHIRE HEALTHCARE NHS TRUST,C_170,Cardiothoracic Surgery Service,-,-,-,-,-,-,-,-
Y59,RXQ,BUCKINGHAMSHIRE HEALTHCARE NHS TRUST,C_300,General Internal Medicine Service,-,-,-,-,-,-,-,-
Y59,RXQ,BUCKINGHAMSHIRE HEALTHCARE NHS TRUST,C_301,Gastroenterology Service,"3,103","2,008",64.70%,14.1,46,135,-,-
Y59,RXQ,BUCKINGHAMSHIRE HEALTHCARE NHS TRUST,C_320,Cardiology Service,"1,525",462,30.30%,26.7,46.9,65,-,-
Y59,RXQ,BUCKINGHAMSHIRE HEALTHCARE NHS TRUST,C_330,Dermatology Service,"3,738","1,803",48.20%,18.8,40.8,36,-,2
Y59,RXQ,BUCKINGHAMSHIRE HEALTHCARE NHS TRUST,C_340,Respiratory Medicine Service,"1,272",843,66.30%,12.4,37.4,2,-,-
Y59,RXQ,BUCKINGHAMSHIRE HEALTHCARE NHS TRUST,C_400,Neurology Service,"2,596","1,040",40.10%,22.2,49.7,139,-,-
Y59,RXQ,BUCKINGHAMSHIRE HEALTHCARE NHS TRUST,C_410,Rheumatology Service,"1,092",567,51.90%,17.1,47.1,21,-,-
Y59,RXQ,BUCKINGHAMSHIRE HEALTHCARE NHS TRUST,C_430,Elderly Medicine Service,222,220,99.10%,3.7,13.1,-,-,-
Y59,RXQ,BUCKINGHAMSHIRE HEALTHCARE NHS TRUST,C_502,Gynaecology Service,"3,284","2,200",67.00%,11.8,39.8,86,-,1
Y59,RXQ,BUCKINGHAMSHIRE HEALTHCARE NHS TRUST,X02,Other - Medical Services,"5,637","2,717",48.20%,19.1,49.8,321,-,4
Y59,RXQ,BUCKINGHAMSHIRE HEALTHCARE NHS TRUST,X03,Other - Mental Health Services,-,-,-,-,-,-,-,-
Y59,RXQ,BUCKINGHAMSHIRE HEALTHCARE NHS TRUST,X04,Other - Paediatric Services,969,577,59.50%,14.7,44.3,25,-,1
Y59,RXQ,BUCKINGHAMSHIRE HEALTHCARE NHS TRUST,X05,Other - Surgical Services,"1,696","1,047",61.70%,12.3,56.7,192,-,48
Y59,RXQ,BUCKINGHAMSHIRE HEALTHCARE NHS TRUST,X06,Other - Other Services,"1,346","1,278",94.90%,9.4,17.1,5,-,-
Y59,RYR,UNIVERSITY HOSPITALS SUSSEX NHS FOUNDATION TRUST,C_100,General Surgery Service,"3,170","1,222",38.50%,23.6,66,557,15,278
Y59,RYR,UNIVERSITY HOSPITALS SUSSEX NHS FOUNDATION TRUST,C_101,Urology Service,"7,184","3,345",46.60%,19.7,56.1,786,8,255
Y59,RYR,UNIVERSITY HOSPITALS SUSSEX NHS FOUNDATION TRUST,C_110,Trauma and Orthopaedic Service,"6,354","2,186",34.40%,25.2,64.6,"1,218",58,483
Y59,RYR,UNIVERSITY HOSPITALS SUSSEX NHS FOUNDATION TRUST,C_120,Ear Nose and Throat Service,"15,418","4,452",28.90%,31.8,66.6,"3,717",29,"1,536"
Y59,RYR,UNIVERSITY HOSPITALS SUSSEX NHS FOUNDATION TRUST,C_130,Ophthalmology Service,"14,640","7,371",50.30%,17.8,51.3,"1,097",15,318
Y59,RYR,UNIVERSITY HOSPITALS SUSSEX NHS FOUNDATION TRUST,C_140,Oral Surgery Service,"6,812","2,528",37.10%,24.4,59.7,936,24,336
Y59,RYR,UNIVERSITY HOSPITALS SUSSEX NHS FOUNDATION TRUST,C_150,Neurosurgical Service,587,262,44.60%,21.2,59,71,-,27
Y59,RYR,UNIVERSITY HOSPITALS SUSSEX NHS FOUNDATION TRUST,C_160,Plastic Surgery Service,15,1,6.70%,-,-,8,-,3
Y59,RYR,UNIVERSITY HOSPITALS SUSSEX NHS FOUNDATION TRUST,C_170,Cardiothoracic Surgery Service,163,126,77.30%,6.3,22.6,2,1,1
Y59,RYR,UNIVERSITY HOSPITALS SUSSEX NHS FOUNDATION TRUST,C_300,General Internal Medicine Service,16,15,93.80%,-,-,-,-,-
Y59,RYR,UNIVERSITY HOSPITALS SUSSEX NHS FOUNDATION TRUST,C_301,Gastroenterology Service,"6,432","3,102",48.20%,18.9,52.2,521,12,141
Y59,RYR,UNIVERSITY HOSPITALS SUSSEX NHS FOUNDATION TRUST,C_320,Cardiology Service,"10,072","4,785",47.50%,18.9,50.8,735,2,180
Y59,RYR,UNIVERSITY HOSPITALS SUSSEX NHS FOUNDATION TRUST,C_330,Dermatology Service,"9,590","4,259",44.40%,21,53.7,915,-,182
Y59,RYR,UNIVERSITY HOSPITALS SUSSEX NHS FOUNDATION TRUST,C_340,Respiratory Medicine Service,"2,991","1,425",47.60%,18.8,43.3,62,-,3
Y59,RYR,UNIVERSITY HOSPITALS SUSSEX NHS FOUNDATION TRUST,C_400,Neurology Service,"4,818","1,711",35.50%,26.2,59.6,670,-,237
Y59,RYR,UNIVERSITY HOSPITALS SUSSEX NHS FOUNDATION TRUST,C_410,Rheumatology Service,"2,294","1,120",48.80%,18.8,49.3,139,-,21
Y59,RYR,UNIVERSITY HOSPITALS SUSSEX NHS FOUNDATION TRUST,C_430,Elderly Medicine Service,176,143,81.30%,9,25.9,-,-,-
Y59,RYR,UNIVERSITY HOSPITALS SUSSEX NHS FOUNDATION TRUST,C_502,Gynaecology Service,"9,977","4,767",47.80%,19.1,53.4,891,2,240
Y59,RYR,UNIVERSITY HOSPITALS SUSSEX NHS FOUNDATION TRUST,X02,Other - Medical Services,"6,678","3,684",55.20%,15.5,48.4,336,5,120
Y59,RYR,UNIVERSITY HOSPITALS SUSSEX NHS FOUNDATION TRUST,X03,Other - Mental Health Services,-,-,-,-,-,-,-,-
Y59,RYR,UNIVERSITY HOSPITALS SUSSEX NHS FOUNDATION TRUST,X04,Other - Paediatric Services,"9,187","4,554",49.60%,18.2,49.2,565,2,73
Y59,RYR,UNIVERSITY HOSPITALS SUSSEX NHS FOUNDATION TRUST,X05,Other - Surgical Services,"18,330","8,225",44.90%,21.1,62.2,"2,845",119,"1,136"
Y59,RYR,UNIVERSITY HOSPITALS SUSSEX NHS FOUNDATION TRUST,X06,Other - Other Services,"1,490",695,46.60%,19.3,45.6,82,4,22
Y59,RYY,KENT COMMUNITY HEALTH NHS FOUNDATION TRUST,C_100,General Surgery Service,-,-,-,-,-,-,-,-
Y59,RYY,KENT COMMUNITY HEALTH NHS FOUNDATION TRUST,C_101,Urology Service,-,-,-,-,-,-,-,-
Y59,RYY,KENT COMMUNITY HEALTH NHS FOUNDATION TRUST,C_110,Trauma and Orthopaedic Service,"2,254","2,252",99.90%,5.4,11.3,-,-,-
Y59,RYY,KENT COMMUNITY HEALTH NHS FOUNDATION TRUST,C_120,Ear Nose and Throat Service,-,-,-,-,-,-,-,-
Y59,RYY,KENT COMMUNITY HEALTH NHS FOUNDATION TRUST,C_130,Ophthalmology Service,-,-,-,-,-,-,-,-
Y59,RYY,KENT COMMUNITY HEALTH NHS FOUNDATION TRUST,C_140,Oral Surgery Service,-,-,-,-,-,-,-,-
Y59,RYY,KENT COMMUNITY HEALTH NHS FOUNDATION TRUST,C_150,Neurosurgical Service,-,-,-,-,-,-,-,-
Y59,RYY,KENT COMMUNITY HEALTH NHS FOUNDATION TRUST,C_160,Plastic Surgery Service,-,-,-,-,-,-,-,-
Y59,RYY,KENT COMMUNITY HEALTH NHS FOUNDATION TRUST,C_170,Cardiothoracic Surgery Service,-,-,-,-,-,-,-,-
Y59,RYY,KENT COMMUNITY HEALTH NHS FOUNDATION TRUST,C_300,General Internal Medicine Service,-,-,-,-,-,-,-,-
Y59,RYY,KENT COMMUNITY HEALTH NHS FOUNDATION TRUST,C_301,Gastroenterology Service,-,-,-,-,-,-,-,-
Y59,RYY,KENT COMMUNITY HEALTH NHS FOUNDATION TRUST,C_320,Cardiology Service,-,-,-,-,-,-,-,-
Y59,RYY,KENT COMMUNITY HEALTH NHS FOUNDATION TRUST,C_330,Dermatology Service,-,-,-,-,-,-,-,-
Y59,RYY,KENT COMMUNITY HEALTH NHS FOUNDATION TRUST,C_340,Respiratory Medicine Service,-,-,-,-,-,-,-,-
Y59,RYY,KENT COMMUNITY HEALTH NHS FOUNDATION TRUST,C_400,Neurology Service,-,-,-,-,-,-,-,-
Y59,RYY,KENT COMMUNITY HEALTH NHS FOUNDATION TRUST,C_410,Rheumatology Service,-,-,-,-,-,-,-,-
Y59,RYY,KENT COMMUNITY HEALTH NHS FOUNDATION TRUST,C_430,Elderly Medicine Service,-,-,-,-,-,-,-,-
Y59,RYY,KENT COMMUNITY HEALTH NHS FOUNDATION TRUST,C_502,Gynaecology Service,-,-,-,-,-,-,-,-
Y59,RYY,KENT COMMUNITY HEALTH NHS FOUNDATION TRUST,X02,Other - Medical Services,516,513,99.40%,3.1,7.7,-,-,-
Y59,RYY,KENT COMMUNITY HEALTH NHS FOUNDATION TRUST,X03,Other - Mental Health Services,-,-,-,-,-,-,-,-
Y59,RYY,KENT COMMUNITY HEALTH NHS FOUNDATION TRUST,X04,Other - Paediatric Services,-,-,-,-,-,-,-,-
Y59,RYY,KENT COMMUNITY HEALTH NHS FOUNDATION TRUST,X05,Other - Surgical Services,-,-,-,-,-,-,-,-
Y59,RYY,KENT COMMUNITY HEALTH NHS FOUNDATION TRUST,X06,Other - Other Services,-,-,-,-,-,-,-,-
Y60,R1A,HEREFORDSHIRE AND WORCESTERSHIRE HEALTH AND CARE NHS TRUST,C_100,General Surgery Service,-,-,-,-,-,-,-,-
Y60,R1A,HEREFORDSHIRE AND WORCESTERSHIRE HEALTH AND CARE NHS TRUST,C_101,Urology Service,-,-,-,-,-,-,-,-
Y60,R1A,HEREFORDSHIRE AND WORCESTERSHIRE HEALTH AND CARE NHS TRUST,C_110,Trauma and Orthopaedic Service,62,61,98.40%,5.8,9.8,-,-,-
Y60,R1A,HEREFORDSHIRE AND WORCESTERSHIRE HEALTH AND CARE NHS TRUST,C_120,Ear Nose and Throat Service,-,-,-,-,-,-,-,-
Y60,R1A,HEREFORDSHIRE AND WORCESTERSHIRE HEALTH AND CARE NHS TRUST,C_130,Ophthalmology Service,-,-,-,-,-,-,-,-
Y60,R1A,HEREFORDSHIRE AND WORCESTERSHIRE HEALTH AND CARE NHS TRUST,C_140,Oral Surgery Service,-,-,-,-,-,-,-,-
Y60,R1A,HEREFORDSHIRE AND WORCESTERSHIRE HEALTH AND CARE NHS TRUST,C_150,Neurosurgical Service,-,-,-,-,-,-,-,-
Y60,R1A,HEREFORDSHIRE AND WORCESTERSHIRE HEALTH AND CARE NHS TRUST,C_160,Plastic Surgery Service,-,-,-,-,-,-,-,-
Y60,R1A,HEREFORDSHIRE AND WORCESTERSHIRE HEALTH AND CARE NHS TRUST,C_170,Cardiothoracic Surgery Service,-,-,-,-,-,-,-,-
Y60,R1A,HEREFORDSHIRE AND WORCESTERSHIRE HEALTH AND CARE NHS TRUST,C_300,General Internal Medicine Service,-,-,-,-,-,-,-,-
Y60,R1A,HEREFORDSHIRE AND WORCESTERSHIRE HEALTH AND CARE NHS TRUST,C_301,Gastroenterology Service,-,-,-,-,-,-,-,-
Y60,R1A,HEREFORDSHIRE AND WORCESTERSHIRE HEALTH AND CARE NHS TRUST,C_320,Cardiology Service,-,-,-,-,-,-,-,-
Y60,R1A,HEREFORDSHIRE AND WORCESTERSHIRE HEALTH AND CARE NHS TRUST,C_330,Dermatology Service,-,-,-,-,-,-,-,-
Y60,R1A,HEREFORDSHIRE AND WORCESTERSHIRE HEALTH AND CARE NHS TRUST,C_340,Respiratory Medicine Service,-,-,-,-,-,-,-,-
Y60,R1A,HEREFORDSHIRE AND WORCESTERSHIRE HEALTH AND CARE NHS TRUST,C_400,Neurology Service,-,-,-,-,-,-,-,-
Y60,R1A,HEREFORDSHIRE AND WORCESTERSHIRE HEALTH AND CARE NHS TRUST,C_410,Rheumatology Service,-,-,-,-,-,-,-,-
Y60,R1A,HEREFORDSHIRE AND WORCESTERSHIRE HEALTH AND CARE NHS TRUST,C_430,Elderly Medicine Service,-,-,-,-,-,-,-,-
Y60,R1A,HEREFORDSHIRE AND WORCESTERSHIRE HEALTH AND CARE NHS TRUST,C_502,Gynaecology Service,-,-,-,-,-,-,-,-
Y60,R1A,HEREFORDSHIRE AND WORCESTERSHIRE HEALTH AND CARE NHS TRUST,X02,Other - Medical Services,-,-,-,-,-,-,-,-
Y60,R1A,HEREFORDSHIRE AND WORCESTERSHIRE HEALTH AND CARE NHS TRUST,X03,Other - Mental Health Services,-,-,-,-,-,-,-,-
Y60,R1A,HEREFORDSHIRE AND WORCESTERSHIRE HEALTH AND CARE NHS TRUST,X04,Other - Paediatric Services,-,-,-,-,-,-,-,-
Y60,R1A,HEREFORDSHIRE AND WORCESTERSHIRE HEALTH AND CARE NHS TRUST,X05,Other - Surgical Services,-,-,-,-,-,-,-,-
Y60,R1A,HEREFORDSHIRE AND WORCESTERSHIRE HEALTH AND CARE NHS TRUST,X06,Other - Other Services,-,-,-,-,-,-,-,-
Y60,R1D,SHROPSHIRE COMMUNITY HEALTH NHS TRUST,C_100,General Surgery Service,40,29,72.50%,5.2,48.9,1,-,-
Y60,R1D,SHROPSHIRE COMMUNITY HEALTH NHS TRUST,C_101,Urology Service,-,-,-,-,-,-,-,-
Y60,R1D,SHROPSHIRE COMMUNITY HEALTH NHS TRUST,C_110,Trauma and Orthopaedic Service,"11,218","5,821",51.90%,17.2,46.8,497,-,-
Y60,R1D,SHROPSHIRE COMMUNITY HEALTH NHS TRUST,C_120,Ear Nose and Throat Service,848,327,38.60%,22.9,42.7,11,-,-
Y60,R1D,SHROPSHIRE COMMUNITY HEALTH NHS TRUST,C_130,Ophthalmology Service,-,-,-,-,-,-,-,-
Y60,R1D,SHROPSHIRE COMMUNITY HEALTH NHS TRUST,C_140,Oral Surgery Service,216,176,81.50%,9.1,22.9,-,-,-
Y60,R1D,SHROPSHIRE COMMUNITY HEALTH NHS TRUST,C_150,Neurosurgical Service,-,-,-,-,-,-,-,-
Y60,R1D,SHROPSHIRE COMMUNITY HEALTH NHS TRUST,C_160,Plastic Surgery Service,-,-,-,-,-,-,-,-
Y60,R1D,SHROPSHIRE COMMUNITY HEALTH NHS TRUST,C_170,Cardiothoracic Surgery Service,-,-,-,-,-,-,-,-
Y60,R1D,SHROPSHIRE COMMUNITY HEALTH NHS TRUST,C_300,General Internal Medicine Service,-,-,-,-,-,-,-,-
Y60,R1D,SHROPSHIRE COMMUNITY HEALTH NHS TRUST,C_301,Gastroenterology Service,-,-,-,-,-,-,-,-
Y60,R1D,SHROPSHIRE COMMUNITY HEALTH NHS TRUST,C_320,Cardiology Service,77,61,79.20%,8.7,21.9,-,-,-
Y60,R1D,SHROPSHIRE COMMUNITY HEALTH NHS TRUST,C_330,Dermatology Service,-,-,-,-,-,-,-,-
Y60,R1D,SHROPSHIRE COMMUNITY HEALTH NHS TRUST,C_340,Respiratory Medicine Service,84,41,48.80%,19,46.6,1,-,-
Y60,R1D,SHROPSHIRE COMMUNITY HEALTH NHS TRUST,C_400,Neurology Service,-,-,-,-,-,-,-,-
Y60,R1D,SHROPSHIRE COMMUNITY HEALTH NHS TRUST,C_410,Rheumatology Service,16,15,93.80%,-,-,-,-,-
Y60,R1D,SHROPSHIRE COMMUNITY HEALTH NHS TRUST,C_430,Elderly Medicine Service,-,-,-,-,-,-,-,-
Y60,R1D,SHROPSHIRE COMMUNITY HEALTH NHS TRUST,C_502,Gynaecology Service,77,60,77.90%,10.2,27.4,-,-,-
Y60,R1D,SHROPSHIRE COMMUNITY HEALTH NHS TRUST,X02,Other - Medical Services,-,-,-,-,-,-,-,-
Y60,R1D,SHROPSHIRE COMMUNITY HEALTH NHS TRUST,X03,Other - Mental Health Services,-,-,-,-,-,-,-,-
Y60,R1D,SHROPSHIRE COMMUNITY HEALTH NHS TRUST,X04,Other - Paediatric Services,28,26,92.90%,2.8,14.8,-,-,-
Y60,R1D,SHROPSHIRE COMMUNITY HEALTH NHS TRUST,X05,Other - Surgical Services,-,-,-,-,-,-,-,-
Y60,R1D,SHROPSHIRE COMMUNITY HEALTH NHS TRUST,X06,Other - Other Services,-,-,-,-,-,-,-,-
Y60,RBK,WALSALL HEALTHCARE NHS TRUST,C_100,General Surgery Service,"1,142",693,60.70%,13.3,45.3,46,-,-
Y60,RBK,WALSALL HEALTHCARE NHS TRUST,C_101,Urology Service,-,-,-,-,-,-,-,-
Y60,RBK,WALSALL HEALTHCARE NHS TRUST,C_110,Trauma and Orthopaedic Service,"3,008","1,916",63.70%,11.1,41.6,42,-,-
Y60,RBK,WALSALL HEALTHCARE NHS TRUST,C_120,Ear Nose and Throat Service,"3,543","1,688",47.60%,18.8,42.3,49,-,-
Y60,RBK,WALSALL HEALTHCARE NHS TRUST,C_130,Ophthalmology Service,"1,363","1,085",79.60%,8.8,28,2,-,-
Y60,RBK,WALSALL HEALTHCARE NHS TRUST,C_140,Oral Surgery Service,"1,697",784,46.20%,19.5,50.5,110,-,-
Y60,RBK,WALSALL HEALTHCARE NHS TRUST,C_150,Neurosurgical Service,-,-,-,-,-,-,-,-
Y60,RBK,WALSALL HEALTHCARE NHS TRUST,C_160,Plastic Surgery Service,168,73,43.50%,20.6,46.8,4,-,-
Y60,RBK,WALSALL HEALTHCARE NHS TRUST,C_170,Cardiothoracic Surgery Service,-,-,-,-,-,-,-,-
Y60,RBK,WALSALL HEALTHCARE NHS TRUST,C_300,General Internal Medicine Service,-,-,-,-,-,-,-,-
Y60,RBK,WALSALL HEALTHCARE NHS TRUST,C_301,Gastroenterology Service,"2,227","1,587",71.30%,10,34.6,1,-,-
Y60,RBK,WALSALL HEALTHCARE NHS TRUST,C_320,Cardiology Service,"1,303","1,199",92.00%,8.1,18,-,-,-
Y60,RBK,WALSALL HEALTHCARE NHS TRUST,C_330,Dermatology Service,"2,004",888,44.30%,21.7,53.6,197,-,-
Y60,RBK,WALSALL HEALTHCARE NHS TRUST,C_340,Respiratory Medicine Service,815,749,91.90%,9.1,18,-,-,-
Y60,RBK,WALSALL HEALTHCARE NHS TRUST,C_400,Neurology Service,658,630,95.70%,7.2,16.2,-,-,-
Y60,RBK,WALSALL HEALTHCARE NHS TRUST,C_410,Rheumatology Service,"1,000",585,58.50%,15.2,34.1,3,-,-
Y60,RBK,WALSALL HEALTHCARE NHS TRUST,C_430,Elderly Medicine Service,159,159,100.00%,4.9,13.8,-,-,-
Y60,RBK,WALSALL HEALTHCARE NHS TRUST,C_502,Gynaecology Service,"2,111","1,561",73.90%,9.8,36.4,22,-,1
Y60,RBK,WALSALL HEALTHCARE NHS TRUST,X02,Other - Medical Services,"2,531","1,611",63.70%,13.1,36.5,5,-,-
Y60,RBK,WALSALL HEALTHCARE NHS TRUST,X03,Other - Mental Health Services,-,-,-,-,-,-,-,-
Y60,RBK,WALSALL HEALTHCARE NHS TRUST,X04,Other - Paediatric Services,"3,196","2,293",71.70%,9.4,39.7,30,-,-
Y60,RBK,WALSALL HEALTHCARE NHS TRUST,X05,Other - Surgical Services,"2,638","1,689",64.00%,11.4,39,41,-,-
Y60,RBK,WALSALL HEALTHCARE NHS TRUST,X06,Other - Other Services,293,252,86.00%,9.9,20.3,-,-,-
Y60,RFS,CHESTERFIELD ROYAL HOSPITAL NHS FOUNDATION TRUST,C_100,General Surgery Service,"1,500",734,48.90%,19.1,65,308,1,120
Y60,RFS,CHESTERFIELD ROYAL HOSPITAL NHS FOUNDATION TRUST,C_101,Urology Service,"1,682","1,018",60.50%,14.5,41.9,58,-,18
Y60,RFS,CHESTERFIELD ROYAL HOSPITAL NHS FOUNDATION TRUST,C_110,Trauma and Orthopaedic Service,"2,701","1,257",46.50%,19.9,50.9,195,-,38
Y60,RFS,CHESTERFIELD ROYAL HOSPITAL NHS FOUNDATION TRUST,C_120,Ear Nose and Throat Service,"1,845","1,300",70.50%,10.3,42.2,61,2,7
Y60,RFS,CHESTERFIELD ROYAL HOSPITAL NHS FOUNDATION TRUST,C_130,Ophthalmology Service,"2,800","1,510",53.90%,16.7,39.6,34,-,3
Y60,RFS,CHESTERFIELD ROYAL HOSPITAL NHS FOUNDATION TRUST,C_140,Oral Surgery Service,"1,854",908,49.00%,18.4,40.6,21,-,1
Y60,RFS,CHESTERFIELD ROYAL HOSPITAL NHS FOUNDATION TRUST,C_150,Neurosurgical Service,-,-,-,-,-,-,-,-
Y60,RFS,CHESTERFIELD ROYAL HOSPITAL NHS FOUNDATION TRUST,C_160,Plastic Surgery Service,-,-,-,-,-,-,-,-
Y60,RFS,CHESTERFIELD ROYAL HOSPITAL NHS FOUNDATION TRUST,C_170,Cardiothoracic Surgery Service,-,-,-,-,-,-,-,-
Y60,RFS,CHESTERFIELD ROYAL HOSPITAL NHS FOUNDATION TRUST,C_300,General Internal Medicine Service,264,161,61.00%,12.6,33,-,-,-
Y60,RFS,CHESTERFIELD ROYAL HOSPITAL NHS FOUNDATION TRUST,C_301,Gastroenterology Service,"1,783","1,066",59.80%,13.2,46.1,72,-,10
Y60,RFS,CHESTERFIELD ROYAL HOSPITAL NHS FOUNDATION TRUST,C_320,Cardiology Service,"1,130",517,45.80%,20.8,44.9,16,-,2
Y60,RFS,CHESTERFIELD ROYAL HOSPITAL NHS FOUNDATION TRUST,C_330,Dermatology Service,"3,015","1,469",48.70%,18.9,51.1,205,-,-
Y60,RFS,CHESTERFIELD ROYAL HOSPITAL NHS FOUNDATION TRUST,C_340,Respiratory Medicine Service,563,315,56.00%,15.1,39,4,-,-
Y60,RFS,CHESTERFIELD ROYAL HOSPITAL NHS FOUNDATION TRUST,C_400,Neurology Service,-,-,-,-,-,-,-,-
Y60,RFS,CHESTERFIELD ROYAL HOSPITAL NHS FOUNDATION TRUST,C_410,Rheumatology Service,901,448,49.70%,18.1,39.5,6,-,-
Y60,RFS,CHESTERFIELD ROYAL HOSPITAL NHS FOUNDATION TRUST,C_430,Elderly Medicine Service,-,-,-,-,-,-,-,-
Y60,RFS,CHESTERFIELD ROYAL HOSPITAL NHS FOUNDATION TRUST,C_502,Gynaecology Service,"2,681","1,441",53.70%,16.3,46.9,136,-,14
Y60,RFS,CHESTERFIELD ROYAL HOSPITAL NHS FOUNDATION TRUST,X02,Other - Medical Services,"1,282",829,64.70%,10.9,42.8,14,-,5
Y60,RFS,CHESTERFIELD ROYAL HOSPITAL NHS FOUNDATION TRUST,X03,Other - Mental Health Services,-,-,-,-,-,-,-,-
Y60,RFS,CHESTERFIELD ROYAL HOSPITAL NHS FOUNDATION TRUST,X04,Other - Paediatric Services,"1,975","1,147",58.10%,15.3,41.2,27,-,-
Y60,RFS,CHESTERFIELD ROYAL HOSPITAL NHS FOUNDATION TRUST,X05,Other - Surgical Services,"3,195","1,523",47.70%,19.3,50.5,217,-,41
Y60,RFS,CHESTERFIELD ROYAL HOSPITAL NHS FOUNDATION TRUST,X06,Other - Other Services,1,1,100.00%,-,-,-,-,-
Y60,RJC,SOUTH WARWICKSHIRE UNIVERSITY NHS FOUNDATION TRUST,C_100,General Surgery Service,"1,324",754,56.90%,15.4,47.5,56,-,-
Y60,RJC,SOUTH WARWICKSHIRE UNIVERSITY NHS FOUNDATION TRUST,C_101,Urology Service,"2,295","1,442",62.80%,13.2,40.6,52,-,-
Y60,RJC,SOUTH WARWICKSHIRE UNIVERSITY NHS FOUNDATION TRUST,C_110,Trauma and Orthopaedic Service,"3,939","3,156",80.10%,8.8,25.5,1,-,-
Y60,RJC,SOUTH WARWICKSHIRE UNIVERSITY NHS FOUNDATION TRUST,C_120,Ear Nose and Throat Service,"5,148","2,321",45.10%,19.8,46.5,243,-,1
Y60,RJC,SOUTH WARWICKSHIRE UNIVERSITY NHS FOUNDATION TRUST,C_130,Ophthalmology Service,"1,888","1,709",90.50%,5.7,19.3,1,-,-
Y60,RJC,SOUTH WARWICKSHIRE UNIVERSITY NHS FOUNDATION TRUST,C_140,Oral Surgery Service,"1,200",428,35.70%,28.3,54.5,149,-,-
Y60,RJC,SOUTH WARWICKSHIRE UNIVERSITY NHS FOUNDATION TRUST,C_150,Neurosurgical Service,-,-,-,-,-,-,-,-
Y60,RJC,SOUTH WARWICKSHIRE UNIVERSITY NHS FOUNDATION TRUST,C_160,Plastic Surgery Service,220,156,70.90%,8.3,37.7,1,-,-
Y60,RJC,SOUTH WARWICKSHIRE UNIVERSITY NHS FOUNDATION TRUST,C_170,Cardiothoracic Surgery Service,-,-,-,-,-,-,-,-
Y60,RJC,SOUTH WARWICKSHIRE UNIVERSITY NHS FOUNDATION TRUST,C_300,General Internal Medicine Service,36,32,88.90%,2.8,41.1,-,-,-
Y60,RJC,SOUTH WARWICKSHIRE UNIVERSITY NHS FOUNDATION TRUST,C_301,Gastroenterology Service,"1,585","1,141",72.00%,11.8,32.8,10,-,-
Y60,RJC,SOUTH WARWICKSHIRE UNIVERSITY NHS FOUNDATION TRUST,C_320,Cardiology Service,981,485,49.40%,18.2,39.9,6,-,-
Y60,RJC,SOUTH WARWICKSHIRE UNIVERSITY NHS FOUNDATION TRUST,C_330,Dermatology Service,"3,297","2,054",62.30%,12.3,39.3,14,-,-
Y60,RJC,SOUTH WARWICKSHIRE UNIVERSITY NHS FOUNDATION TRUST,C_340,Respiratory Medicine Service,928,627,67.60%,13.3,36.1,3,-,-
Y60,RJC,SOUTH WARWICKSHIRE UNIVERSITY NHS FOUNDATION TRUST,C_400,Neurology Service,-,-,-,-,-,-,-,-
Y60,RJC,SOUTH WARWICKSHIRE UNIVERSITY NHS FOUNDATION TRUST,C_410,Rheumatology Service,816,603,73.90%,10.7,32.3,-,-,-
Y60,RJC,SOUTH WARWICKSHIRE UNIVERSITY NHS FOUNDATION TRUST,C_430,Elderly Medicine Service,74,72,97.30%,5,16,-,-,-
Y60,RJC,SOUTH WARWICKSHIRE UNIVERSITY NHS FOUNDATION TRUST,C_502,Gynaecology Service,"3,589","2,060",57.40%,15.4,41.6,78,-,-
Y60,RJC,SOUTH WARWICKSHIRE UNIVERSITY NHS FOUNDATION TRUST,X02,Other - Medical Services,"2,039","1,541",75.60%,10.3,31.5,23,-,1
Y60,RJC,SOUTH WARWICKSHIRE UNIVERSITY NHS FOUNDATION TRUST,X03,Other - Mental Health Services,-,-,-,-,-,-,-,-
Y60,RJC,SOUTH WARWICKSHIRE UNIVERSITY NHS FOUNDATION TRUST,X04,Other - Paediatric Services,405,210,51.90%,17.3,56.3,47,-,1
Y60,RJC,SOUTH WARWICKSHIRE UNIVERSITY NHS FOUNDATION TRUST,X05,Other - Surgical Services,"3,082","2,106",68.30%,11.4,46.1,165,9,55
Y60,RJC,SOUTH WARWICKSHIRE UNIVERSITY NHS FOUNDATION TRUST,X06,Other - Other Services,590,577,97.80%,2.7,10.9,-,-,-
Y60,RJE,UNIVERSITY HOSPITALS OF NORTH MIDLANDS NHS TRUST,C_100,General Surgery Service,"8,724","4,698",53.90%,16,48.5,522,3,159
Y60,RJE,UNIVERSITY HOSPITALS OF NORTH MIDLANDS NHS TRUST,C_101,Urology Service,"3,955","2,247",56.80%,15.7,37.1,6,-,-
Y60,RJE,UNIVERSITY HOSPITALS OF NORTH MIDLANDS NHS TRUST,C_110,Trauma and Orthopaedic Service,"5,880","2,819",47.90%,19.2,49,355,2,108
Y60,RJE,UNIVERSITY HOSPITALS OF NORTH MIDLANDS NHS TRUST,C_120,Ear Nose and Throat Service,"4,878","2,523",51.70%,17.1,57.1,546,2,169
Y60,RJE,UNIVERSITY HOSPITALS OF NORTH MIDLANDS NHS TRUST,C_130,Ophthalmology Service,"5,116","2,657",51.90%,17.1,47.4,233,4,35
Y60,RJE,UNIVERSITY HOSPITALS OF NORTH MIDLANDS NHS TRUST,C_140,Oral Surgery Service,"3,650","1,717",47.00%,19.4,49.2,209,-,19
Y60,RJE,UNIVERSITY HOSPITALS OF NORTH MIDLANDS NHS TRUST,C_150,Neurosurgical Service,730,362,49.60%,18.2,46.4,35,-,4
Y60,RJE,UNIVERSITY HOSPITALS OF NORTH MIDLANDS NHS TRUST,C_160,Plastic Surgery Service,"1,660","1,089",65.60%,9,45.2,42,-,4
Y60,RJE,UNIVERSITY HOSPITALS OF NORTH MIDLANDS NHS TRUST,C_170,Cardiothoracic Surgery Service,166,151,91.00%,6.1,20.4,-,-,-
Y60,RJE,UNIVERSITY HOSPITALS OF NORTH MIDLANDS NHS TRUST,C_300,General Internal Medicine Service,-,-,-,-,-,-,-,-
Y60,RJE,UNIVERSITY HOSPITALS OF NORTH MIDLANDS NHS TRUST,C_301,Gastroenterology Service,"5,168","2,431",47.00%,20.2,60.7,805,-,252
Y60,RJE,UNIVERSITY HOSPITALS OF NORTH MIDLANDS NHS TRUST,C_320,Cardiology Service,"4,450","2,940",66.10%,11,38.8,73,-,9
Y60,RJE,UNIVERSITY HOSPITALS OF NORTH MIDLANDS NHS TRUST,C_330,Dermatology Service,"2,168","1,545",71.30%,8.6,34.1,4,-,1
Y60,RJE,UNIVERSITY HOSPITALS OF NORTH MIDLANDS NHS TRUST,C_340,Respiratory Medicine Service,"10,014","4,538",45.30%,20.5,59.7,"1,380",1,459
Y60,RJE,UNIVERSITY HOSPITALS OF NORTH MIDLANDS NHS TRUST,C_400,Neurology Service,"4,715","2,471",52.40%,17.1,42.3,99,-,22
Y60,RJE,UNIVERSITY HOSPITALS OF NORTH MIDLANDS NHS TRUST,C_410,Rheumatology Service,2,2,100.00%,-,-,-,-,-
Y60,RJE,UNIVERSITY HOSPITALS OF NORTH MIDLANDS NHS TRUST,C_430,Elderly Medicine Service,48,46,95.80%,7,16.1,-,-,-
Y60,RJE,UNIVERSITY HOSPITALS OF NORTH MIDLANDS NHS TRUST,C_502,Gynaecology Service,"5,157","2,469",47.90%,19.1,50.4,347,-,9
Y60,RJE,UNIVERSITY HOSPITALS OF NORTH MIDLANDS NHS TRUST,X02,Other - Medical Services,"9,034","5,784",64.00%,12.5,40.7,236,-,14
Y60,RJE,UNIVERSITY HOSPITALS OF NORTH MIDLANDS NHS TRUST,X03,Other - Mental Health Services,-,-,-,-,-,-,-,-
Y60,RJE,UNIVERSITY HOSPITALS OF NORTH MIDLANDS NHS TRUST,X04,Other - Paediatric Services,"1,807","1,454",80.50%,7.7,30.8,11,-,4
Y60,RJE,UNIVERSITY HOSPITALS OF NORTH MIDLANDS NHS TRUST,X05,Other - Surgical Services,13,13,100.00%,-,-,-,-,-
Y60,RJE,UNIVERSITY HOSPITALS OF NORTH MIDLANDS NHS TRUST,X06,Other - Other Services,403,313,77.70%,6.8,28.7,3,-,-
Y60,RK5,SHERWOOD FOREST HOSPITALS NHS FOUNDATION TRUST,C_100,General Surgery Service,"4,395","2,665",60.60%,13,45.7,185,-,22
Y60,RK5,SHERWOOD FOREST HOSPITALS NHS FOUNDATION TRUST,C_101,Urology Service,"2,368","1,662",70.20%,10.9,39,76,-,10
Y60,RK5,SHERWOOD FOREST HOSPITALS NHS FOUNDATION TRUST,C_110,Trauma and Orthopaedic Service,"3,184","1,740",54.60%,16.2,42.4,95,-,3
Y60,RK5,SHERWOOD FOREST HOSPITALS NHS FOUNDATION TRUST,C_120,Ear Nose and Throat Service,"4,293","2,128",49.60%,18.2,49.8,287,-,35
Y60,RK5,SHERWOOD FOREST HOSPITALS NHS FOUNDATION TRUST,C_130,Ophthalmology Service,"3,026","2,341",77.40%,9.5,29.6,10,-,1
Y60,RK5,SHERWOOD FOREST HOSPITALS NHS FOUNDATION TRUST,C_140,Oral Surgery Service,"1,031",450,43.60%,20.5,42.2,26,-,-
Y60,RK5,SHERWOOD FOREST HOSPITALS NHS FOUNDATION TRUST,C_150,Neurosurgical Service,-,-,-,-,-,-,-,-
Y60,RK5,SHERWOOD FOREST HOSPITALS NHS FOUNDATION TRUST,C_160,Plastic Surgery Service,172,51,29.70%,34.5,50.6,10,-,-
Y60,RK5,SHERWOOD FOREST HOSPITALS NHS FOUNDATION TRUST,C_170,Cardiothoracic Surgery Service,-,-,-,-,-,-,-,-
Y60,RK5,SHERWOOD FOREST HOSPITALS NHS FOUNDATION TRUST,C_300,General Internal Medicine Service,-,-,-,-,-,-,-,-
Y60,RK5,SHERWOOD FOREST HOSPITALS NHS FOUNDATION TRUST,C_301,Gastroenterology Service,"3,966","2,364",59.60%,14,42.4,108,-,8
Y60,RK5,SHERWOOD FOREST HOSPITALS NHS FOUNDATION TRUST,C_320,Cardiology Service,"2,509","1,206",48.10%,19.3,48.6,132,-,22
Y60,RK5,SHERWOOD FOREST HOSPITALS NHS FOUNDATION TRUST,C_330,Dermatology Service,"2,005","1,309",65.30%,10.6,42.6,62,-,-
Y60,RK5,SHERWOOD FOREST HOSPITALS NHS FOUNDATION TRUST,C_340,Respiratory Medicine Service,"2,072","1,540",74.30%,10.3,27.4,9,-,1
Y60,RK5,SHERWOOD FOREST HOSPITALS NHS FOUNDATION TRUST,C_400,Neurology Service,-,-,-,-,-,-,-,-
Y60,RK5,SHERWOOD FOREST HOSPITALS NHS FOUNDATION TRUST,C_410,Rheumatology Service,427,341,79.90%,8.1,25.6,-,-,-
Y60,RK5,SHERWOOD FOREST HOSPITALS NHS FOUNDATION TRUST,C_430,Elderly Medicine Service,111,103,92.80%,3.8,17.7,-,-,-
Y60,RK5,SHERWOOD FOREST HOSPITALS NHS FOUNDATION TRUST,C_502,Gynaecology Service,"2,462","1,601",65.00%,12.1,36.8,20,-,2
Y60,RK5,SHERWOOD FOREST HOSPITALS NHS FOUNDATION TRUST,X02,Other - Medical Services,"2,431","1,276",52.50%,17.1,50.2,157,-,5
Y60,RK5,SHERWOOD FOREST HOSPITALS NHS FOUNDATION TRUST,X03,Other - Mental Health Services,-,-,-,-,-,-,-,-
Y60,RK5,SHERWOOD FOREST HOSPITALS NHS FOUNDATION TRUST,X04,Other - Paediatric Services,"1,135",801,70.60%,11.1,33.2,-,-,-
Y60,RK5,SHERWOOD FOREST HOSPITALS NHS FOUNDATION TRUST,X05,Other - Surgical Services,130,95,73.10%,9,31.8,-,-,-
Y60,RK5,SHERWOOD FOREST HOSPITALS NHS FOUNDATION TRUST,X06,Other - Other Services,-,-,-,-,-,-,-,-
Y60,RKB,UNIVERSITY HOSPITALS COVENTRY AND WARWICKSHIRE NHS TRUST,C_100,General Surgery Service,"8,891","3,943",44.30%,20.8,50,571,-,105
Y60,RKB,UNIVERSITY HOSPITALS COVENTRY AND WARWICKSHIRE NHS TRUST,C_101,Urology Service,"3,997","1,673",41.90%,21.9,51,285,-,76
Y60,RKB,UNIVERSITY HOSPITALS COVENTRY AND WARWICKSHIRE NHS TRUST,C_110,Trauma and Orthopaedic Service,"8,120","4,316",53.20%,16.7,45.6,350,-,40
Y60,RKB,UNIVERSITY HOSPITALS COVENTRY AND WARWICKSHIRE NHS TRUST,C_120,Ear Nose and Throat Service,"5,630","2,535",45.00%,20.6,52.5,471,-,130
Y60,RKB,UNIVERSITY HOSPITALS COVENTRY AND WARWICKSHIRE NHS TRUST,C_130,Ophthalmology Service,"4,593","2,730",59.40%,14.2,45.6,212,-,20
Y60,RKB,UNIVERSITY HOSPITALS COVENTRY AND WARWICKSHIRE NHS TRUST,C_140,Oral Surgery Service,"3,807","2,202",57.80%,14.8,48,224,-,66
Y60,RKB,UNIVERSITY HOSPITALS COVENTRY AND WARWICKSHIRE NHS TRUST,C_150,Neurosurgical Service,"3,654","1,623",44.40%,20.4,50,242,-,43
Y60,RKB,UNIVERSITY HOSPITALS COVENTRY AND WARWICKSHIRE NHS TRUST,C_160,Plastic Surgery Service,763,368,48.20%,18.8,53.7,75,-,13
Y60,RKB,UNIVERSITY HOSPITALS COVENTRY AND WARWICKSHIRE NHS TRUST,C_170,Cardiothoracic Surgery Service,328,195,59.50%,14.2,44.9,13,-,3
Y60,RKB,UNIVERSITY HOSPITALS COVENTRY AND WARWICKSHIRE NHS TRUST,C_300,General Internal Medicine Service,640,340,53.10%,16.8,41,-,-,-
Y60,RKB,UNIVERSITY HOSPITALS COVENTRY AND WARWICKSHIRE NHS TRUST,C_301,Gastroenterology Service,"2,454","1,737",70.80%,10.2,28.7,11,-,1
Y60,RKB,UNIVERSITY HOSPITALS COVENTRY AND WARWICKSHIRE NHS TRUST,C_320,Cardiology Service,"2,679","2,058",76.80%,9.5,29.6,-,-,-
Y60,RKB,UNIVERSITY HOSPITALS COVENTRY AND WARWICKSHIRE NHS TRUST,C_330,Dermatology Service,"6,960","3,872",55.60%,15.2,42.8,88,-,2
Y60,RKB,UNIVERSITY HOSPITALS COVENTRY AND WARWICKSHIRE NHS TRUST,C_340,Respiratory Medicine Service,"1,999","1,466",73.30%,10.2,30.1,4,-,1
Y60,RKB,UNIVERSITY HOSPITALS COVENTRY AND WARWICKSHIRE NHS TRUST,C_400,Neurology Service,"3,882","2,151",55.40%,15.4,46.3,106,-,8
Y60,RKB,UNIVERSITY HOSPITALS COVENTRY AND WARWICKSHIRE NHS TRUST,C_410,Rheumatology Service,641,613,95.60%,5.3,15.6,-,-,-
Y60,RKB,UNIVERSITY HOSPITALS COVENTRY AND WARWICKSHIRE NHS TRUST,C_430,Elderly Medicine Service,76,76,100.00%,4.8,9.4,-,-,-
Y60,RKB,UNIVERSITY HOSPITALS COVENTRY AND WARWICKSHIRE NHS TRUST,C_502,Gynaecology Service,"5,442","2,907",53.40%,16.5,47.2,244,-,22
Y60,RKB,UNIVERSITY HOSPITALS COVENTRY AND WARWICKSHIRE NHS TRUST,X02,Other - Medical Services,"8,513","4,880",57.30%,15.3,43,66,-,4
Y60,RKB,UNIVERSITY HOSPITALS COVENTRY AND WARWICKSHIRE NHS TRUST,X03,Other - Mental Health Services,-,-,-,-,-,-,-,-
Y60,RKB,UNIVERSITY HOSPITALS COVENTRY AND WARWICKSHIRE NHS TRUST,X04,Other - Paediatric Services,"1,511",812,53.70%,15.8,47,46,-,1
Y60,RKB,UNIVERSITY HOSPITALS COVENTRY AND WARWICKSHIRE NHS TRUST,X05,Other - Surgical Services,-,-,-,-,-,-,-,-
Y60,RKB,UNIVERSITY HOSPITALS COVENTRY AND WARWICKSHIRE NHS TRUST,X06,Other - Other Services,190,157,82.60%,4.8,30.6,3,-,2
Y60,RL1,THE ROBERT JONES AND AGNES HUNT ORTHOPAEDIC HOSPITAL NHS FOUNDATION TRUST,C_100,General Surgery Service,-,-,-,-,-,-,-,-
Y60,RL1,THE ROBERT JONES AND AGNES HUNT ORTHOPAEDIC HOSPITAL NHS FOUNDATION TRUST,C_101,Urology Service,-,-,-,-,-,-,-,-
Y60,RL1,THE ROBERT JONES AND AGNES HUNT ORTHOPAEDIC HOSPITAL NHS FOUNDATION TRUST,C_110,Trauma and Orthopaedic Service,"10,537","4,556",43.20%,21.6,55.5,"1,157",5,276
Y60,RL1,THE ROBERT JONES AND AGNES HUNT ORTHOPAEDIC HOSPITAL NHS FOUNDATION TRUST,C_120,Ear Nose and Throat Service,-,-,-,-,-,-,-,-
Y60,RL1,THE ROBERT JONES AND AGNES HUNT ORTHOPAEDIC HOSPITAL NHS FOUNDATION TRUST,C_130,Ophthalmology Service,-,-,-,-,-,-,-,-
Y60,RL1,THE ROBERT JONES AND AGNES HUNT ORTHOPAEDIC HOSPITAL NHS FOUNDATION TRUST,C_140,Oral Surgery Service,-,-,-,-,-,-,-,-
Y60,RL1,THE ROBERT JONES AND AGNES HUNT ORTHOPAEDIC HOSPITAL NHS FOUNDATION TRUST,C_150,Neurosurgical Service,-,-,-,-,-,-,-,-
Y60,RL1,THE ROBERT JONES AND AGNES HUNT ORTHOPAEDIC HOSPITAL NHS FOUNDATION TRUST,C_160,Plastic Surgery Service,-,-,-,-,-,-,-,-
Y60,RL1,THE ROBERT JONES AND AGNES HUNT ORTHOPAEDIC HOSPITAL NHS FOUNDATION TRUST,C_170,Cardiothoracic Surgery Service,-,-,-,-,-,-,-,-
Y60,RL1,THE ROBERT JONES AND AGNES HUNT ORTHOPAEDIC HOSPITAL NHS FOUNDATION TRUST,C_300,General Internal Medicine Service,"2,918","1,953",66.90%,12.1,27.6,9,-,1
Y60,RL1,THE ROBERT JONES AND AGNES HUNT ORTHOPAEDIC HOSPITAL NHS FOUNDATION TRUST,C_301,Gastroenterology Service,-,-,-,-,-,-,-,-
Y60,RL1,THE ROBERT JONES AND AGNES HUNT ORTHOPAEDIC HOSPITAL NHS FOUNDATION TRUST,C_320,Cardiology Service,-,-,-,-,-,-,-,-
Y60,RL1,THE ROBERT JONES AND AGNES HUNT ORTHOPAEDIC HOSPITAL NHS FOUNDATION TRUST,C_330,Dermatology Service,-,-,-,-,-,-,-,-
Y60,RL1,THE ROBERT JONES AND AGNES HUNT ORTHOPAEDIC HOSPITAL NHS FOUNDATION TRUST,C_340,Respiratory Medicine Service,-,-,-,-,-,-,-,-
Y60,RL1,THE ROBERT JONES AND AGNES HUNT ORTHOPAEDIC HOSPITAL NHS FOUNDATION TRUST,C_400,Neurology Service,230,190,82.60%,7,30.4,5,-,2
Y60,RL1,THE ROBERT JONES AND AGNES HUNT ORTHOPAEDIC HOSPITAL NHS FOUNDATION TRUST,C_410,Rheumatology Service,"1,592",676,42.50%,22.2,52.1,130,-,16
Y60,RL1,THE ROBERT JONES AND AGNES HUNT ORTHOPAEDIC HOSPITAL NHS FOUNDATION TRUST,C_430,Elderly Medicine Service,23,22,95.70%,5.3,11.6,-,-,-
Y60,RL1,THE ROBERT JONES AND AGNES HUNT ORTHOPAEDIC HOSPITAL NHS FOUNDATION TRUST,C_502,Gynaecology Service,-,-,-,-,-,-,-,-
Y60,RL1,THE ROBERT JONES AND AGNES HUNT ORTHOPAEDIC HOSPITAL NHS FOUNDATION TRUST,X02,Other - Medical Services,27,21,77.80%,5.5,31.9,1,-,1
Y60,RL1,THE ROBERT JONES AND AGNES HUNT ORTHOPAEDIC HOSPITAL NHS FOUNDATION TRUST,X03,Other - Mental Health Services,-,-,-,-,-,-,-,-
Y60,RL1,THE ROBERT JONES AND AGNES HUNT ORTHOPAEDIC HOSPITAL NHS FOUNDATION TRUST,X04,Other - Paediatric Services,-,-,-,-,-,-,-,-
Y60,RL1,THE ROBERT JONES AND AGNES HUNT ORTHOPAEDIC HOSPITAL NHS FOUNDATION TRUST,X05,Other - Surgical Services,-,-,-,-,-,-,-,-
Y60,RL1,THE ROBERT JONES AND AGNES HUNT ORTHOPAEDIC HOSPITAL NHS FOUNDATION TRUST,X06,Other - Other Services,381,237,62.20%,12.4,41.1,9,-,1
Y60,RL4,THE ROYAL WOLVERHAMPTON NHS TRUST,C_100,General Surgery Service,"9,229","4,510",48.90%,18.7,45.9,356,-,50
Y60,RL4,THE ROYAL WOLVERHAMPTON NHS TRUST,C_101,Urology Service,"9,824","4,575",46.60%,19.5,44.5,314,1,58
Y60,RL4,THE ROYAL WOLVERHAMPTON NHS TRUST,C_110,Trauma and Orthopaedic Service,"9,336","5,809",62.20%,12.6,38.4,81,-,5
Y60,RL4,THE ROYAL WOLVERHAMPTON NHS TRUST,C_120,Ear Nose and Throat Service,"8,449","3,766",44.60%,20.7,46.6,254,-,16
Y60,RL4,THE ROYAL WOLVERHAMPTON NHS TRUST,C_130,Ophthalmology Service,"8,446","5,819",68.90%,10.6,33.1,97,-,12
Y60,RL4,THE ROYAL WOLVERHAMPTON NHS TRUST,C_140,Oral Surgery Service,"4,737","2,070",43.70%,20.7,45.7,189,-,24
Y60,RL4,THE ROYAL WOLVERHAMPTON NHS TRUST,C_150,Neurosurgical Service,-,-,-,-,-,-,-,-
Y60,RL4,THE ROYAL WOLVERHAMPTON NHS TRUST,C_160,Plastic Surgery Service,232,99,42.70%,23,47.4,10,-,-
Y60,RL4,THE ROYAL WOLVERHAMPTON NHS TRUST,C_170,Cardiothoracic Surgery Service,-,-,-,-,-,-,-,-
Y60,RL4,THE ROYAL WOLVERHAMPTON NHS TRUST,C_300,General Internal Medicine Service,81,46,56.80%,12.8,43.5,1,-,-
Y60,RL4,THE ROYAL WOLVERHAMPTON NHS TRUST,C_301,Gastroenterology Service,"4,708","2,579",54.80%,16,40.4,3,-,-
Y60,RL4,THE ROYAL WOLVERHAMPTON NHS TRUST,C_320,Cardiology Service,"8,105","3,673",45.30%,20.1,43.1,162,-,21
Y60,RL4,THE ROYAL WOLVERHAMPTON NHS TRUST,C_330,Dermatology Service,766,702,91.60%,4.7,18.2,-,-,-
Y60,RL4,THE ROYAL WOLVERHAMPTON NHS TRUST,C_340,Respiratory Medicine Service,"2,378","1,579",66.40%,11.8,33.9,-,-,-
Y60,RL4,THE ROYAL WOLVERHAMPTON NHS TRUST,C_400,Neurology Service,"2,663","1,751",65.80%,11.3,33.8,-,-,-
Y60,RL4,THE ROYAL WOLVERHAMPTON NHS TRUST,C_410,Rheumatology Service,"3,378","1,907",56.50%,15.7,36.7,-,-,-
Y60,RL4,THE ROYAL WOLVERHAMPTON NHS TRUST,C_430,Elderly Medicine Service,96,92,95.80%,4.8,13.3,-,-,-
Y60,RL4,THE ROYAL WOLVERHAMPTON NHS TRUST,C_502,Gynaecology Service,"7,337","3,357",45.80%,20.6,45.4,238,-,32
Y60,RL4,THE ROYAL WOLVERHAMPTON NHS TRUST,X02,Other - Medical Services,"7,951","4,461",56.10%,15.5,37.2,7,-,2
Y60,RL4,THE ROYAL WOLVERHAMPTON NHS TRUST,X03,Other - Mental Health Services,-,-,-,-,-,-,-,-
Y60,RL4,THE ROYAL WOLVERHAMPTON NHS TRUST,X04,Other - Paediatric Services,"2,186","1,201",54.90%,16,39.9,33,-,2
Y60,RL4,THE ROYAL WOLVERHAMPTON NHS TRUST,X05,Other - Surgical Services,850,498,58.60%,14.6,44.7,39,-,10
Y60,RL4,THE ROYAL WOLVERHAMPTON NHS TRUST,X06,Other - Other Services,19,13,68.40%,-,-,1,-,-
Y60,RLQ,WYE VALLEY NHS TRUST,C_100,General Surgery Service,696,439,63.10%,12.7,39.3,12,-,-
Y60,RLQ,WYE VALLEY NHS TRUST,C_101,Urology Service,"1,611",889,55.20%,15.9,41.8,42,1,3
Y60,RLQ,WYE VALLEY NHS TRUST,C_110,Trauma and Orthopaedic Service,"2,974","1,371",46.10%,20.4,53.4,267,3,60
Y60,RLQ,WYE VALLEY NHS TRUST,C_120,Ear Nose and Throat Service,"2,712","1,320",48.70%,18.5,48.8,129,-,5
Y60,RLQ,WYE VALLEY NHS TRUST,C_130,Ophthalmology Service,"3,609","1,883",52.20%,16.9,54,345,3,58
Y60,RLQ,WYE VALLEY NHS TRUST,C_140,Oral Surgery Service,580,270,46.60%,18.7,49.4,41,-,11
Y60,RLQ,WYE VALLEY NHS TRUST,C_150,Neurosurgical Service,-,-,-,-,-,-,-,-
Y60,RLQ,WYE VALLEY NHS TRUST,C_160,Plastic Surgery Service,307,196,63.80%,12.3,34.7,1,-,-
Y60,RLQ,WYE VALLEY NHS TRUST,C_170,Cardiothoracic Surgery Service,22,15,68.20%,11,32.1,-,-,-
Y60,RLQ,WYE VALLEY NHS TRUST,C_300,General Internal Medicine Service,43,25,58.10%,10.5,41.5,1,-,1
Y60,RLQ,WYE VALLEY NHS TRUST,C_301,Gastroenterology Service,"1,819",989,54.40%,16.3,39.3,25,-,3
Y60,RLQ,WYE VALLEY NHS TRUST,C_320,Cardiology Service,"1,734",840,48.40%,18.7,47.4,63,-,5
Y60,RLQ,WYE VALLEY NHS TRUST,C_330,Dermatology Service,"1,349",844,62.60%,13.5,39.5,14,1,1
Y60,RLQ,WYE VALLEY NHS TRUST,C_340,Respiratory Medicine Service,"1,125",713,63.40%,11.9,38.9,19,-,3
Y60,RLQ,WYE VALLEY NHS TRUST,C_400,Neurology Service,322,205,63.70%,14.7,32.6,1,-,-
Y60,RLQ,WYE VALLEY NHS TRUST,C_410,Rheumatology Service,475,289,60.80%,14.7,35.4,1,-,-
Y60,RLQ,WYE VALLEY NHS TRUST,C_430,Elderly Medicine Service,71,52,73.20%,7.3,34.2,-,-,-
Y60,RLQ,WYE VALLEY NHS TRUST,C_502,Gynaecology Service,"1,861","1,028",55.20%,15.9,40.3,51,-,3
Y60,RLQ,WYE VALLEY NHS TRUST,X02,Other - Medical Services,"1,564","1,147",73.30%,8.9,34.3,5,-,-
Y60,RLQ,WYE VALLEY NHS TRUST,X03,Other - Mental Health Services,-,-,-,-,-,-,-,-
Y60,RLQ,WYE VALLEY NHS TRUST,X04,Other - Paediatric Services,263,202,76.80%,9.2,28.3,-,-,-
Y60,RLQ,WYE VALLEY NHS TRUST,X05,Other - Surgical Services,"1,623","1,111",68.50%,9.4,36.4,21,-,3
Y60,RLQ,WYE VALLEY NHS TRUST,X06,Other - Other Services,1,1,100.00%,-,-,-,-,-
Y60,RLT,GEORGE ELIOT HOSPITAL NHS TRUST,C_100,General Surgery Service,"1,983","1,050",53.00%,16.8,46.9,92,-,2
Y60,RLT,GEORGE ELIOT HOSPITAL NHS TRUST,C_101,Urology Service,901,650,72.10%,8.7,38.4,4,-,-
Y60,RLT,GEORGE ELIOT HOSPITAL NHS TRUST,C_110,Trauma and Orthopaedic Service,"1,966","1,223",62.20%,13.4,36.5,14,-,-
Y60,RLT,GEORGE ELIOT HOSPITAL NHS TRUST,C_120,Ear Nose and Throat Service,"2,479","1,021",41.20%,22,39.9,1,-,-
Y60,RLT,GEORGE ELIOT HOSPITAL NHS TRUST,C_130,Ophthalmology Service,364,208,57.10%,16.7,37,1,-,-
Y60,RLT,GEORGE ELIOT HOSPITAL NHS TRUST,C_140,Oral Surgery Service,158,116,73.40%,8.9,35.4,-,-,-
Y60,RLT,GEORGE ELIOT HOSPITAL NHS TRUST,C_150,Neurosurgical Service,-,-,-,-,-,-,-,-
Y60,RLT,GEORGE ELIOT HOSPITAL NHS TRUST,C_160,Plastic Surgery Service,406,174,42.90%,20.9,47.4,14,-,-
Y60,RLT,GEORGE ELIOT HOSPITAL NHS TRUST,C_170,Cardiothoracic Surgery Service,-,-,-,-,-,-,-,-
Y60,RLT,GEORGE ELIOT HOSPITAL NHS TRUST,C_300,General Internal Medicine Service,529,370,69.90%,11.1,29.6,2,-,-
Y60,RLT,GEORGE ELIOT HOSPITAL NHS TRUST,C_301,Gastroenterology Service,612,489,79.90%,10.1,24.8,-,-,-
Y60,RLT,GEORGE ELIOT HOSPITAL NHS TRUST,C_320,Cardiology Service,"1,644","1,018",61.90%,14.4,38.4,34,-,1
Y60,RLT,GEORGE ELIOT HOSPITAL NHS TRUST,C_330,Dermatology Service,-,-,-,-,-,-,-,-
Y60,RLT,GEORGE ELIOT HOSPITAL NHS TRUST,C_340,Respiratory Medicine Service,520,389,74.80%,10.7,24.9,1,-,-
Y60,RLT,GEORGE ELIOT HOSPITAL NHS TRUST,C_400,Neurology Service,-,-,-,-,-,-,-,-
Y60,RLT,GEORGE ELIOT HOSPITAL NHS TRUST,C_410,Rheumatology Service,474,406,85.70%,9.5,21.8,-,-,-
Y60,RLT,GEORGE ELIOT HOSPITAL NHS TRUST,C_430,Elderly Medicine Service,78,75,96.20%,5.6,13.9,-,-,-
Y60,RLT,GEORGE ELIOT HOSPITAL NHS TRUST,C_502,Gynaecology Service,"2,082","1,015",48.80%,18.6,42.5,54,-,6
Y60,RLT,GEORGE ELIOT HOSPITAL NHS TRUST,X02,Other - Medical Services,666,587,88.10%,8.4,20.4,3,-,-
Y60,RLT,GEORGE ELIOT HOSPITAL NHS TRUST,X03,Other - Mental Health Services,-,-,-,-,-,-,-,-
Y60,RLT,GEORGE ELIOT HOSPITAL NHS TRUST,X04,Other - Paediatric Services,469,403,85.90%,6.3,23.6,-,-,-
Y60,RLT,GEORGE ELIOT HOSPITAL NHS TRUST,X05,Other - Surgical Services,628,501,79.80%,6.2,32.7,4,-,-
Y60,RLT,GEORGE ELIOT HOSPITAL NHS TRUST,X06,Other - Other Services,999,597,59.80%,15.3,33.8,1,-,-
Y60,RNA,THE DUDLEY GROUP NHS FOUNDATION TRUST,C_100,General Surgery Service,"2,712","1,238",45.60%,20.1,56.4,314,-,81
Y60,RNA,THE DUDLEY GROUP NHS FOUNDATION TRUST,C_101,Urology Service,"2,883","1,600",55.50%,16.3,38.6,36,-,-
Y60,RNA,THE DUDLEY GROUP NHS FOUNDATION TRUST,C_110,Trauma and Orthopaedic Service,"4,911","2,938",59.80%,14.2,43.1,156,-,13
Y60,RNA,THE DUDLEY GROUP NHS FOUNDATION TRUST,C_120,Ear Nose and Throat Service,"4,436","2,793",63.00%,13.7,35.4,112,-,17
Y60,RNA,THE DUDLEY GROUP NHS FOUNDATION TRUST,C_130,Ophthalmology Service,"3,612","2,542",70.40%,10.3,32.9,11,-,-
Y60,RNA,THE DUDLEY GROUP NHS FOUNDATION TRUST,C_140,Oral Surgery Service,"1,932",909,47.00%,20,50.4,113,-,15
Y60,RNA,THE DUDLEY GROUP NHS FOUNDATION TRUST,C_150,Neurosurgical Service,-,-,-,-,-,-,-,-
Y60,RNA,THE DUDLEY GROUP NHS FOUNDATION TRUST,C_160,Plastic Surgery Service,"1,708","1,008",59.00%,10.9,48.6,84,-,6
Y60,RNA,THE DUDLEY GROUP NHS FOUNDATION TRUST,C_170,Cardiothoracic Surgery Service,-,-,-,-,-,-,-,-
Y60,RNA,THE DUDLEY GROUP NHS FOUNDATION TRUST,C_300,General Internal Medicine Service,2,2,100.00%,-,-,-,-,-
Y60,RNA,THE DUDLEY GROUP NHS FOUNDATION TRUST,C_301,Gastroenterology Service,"1,702","1,187",69.70%,10.1,31.9,10,-,2
Y60,RNA,THE DUDLEY GROUP NHS FOUNDATION TRUST,C_320,Cardiology Service,"1,504","1,199",79.70%,8.2,34.1,36,-,5
Y60,RNA,THE DUDLEY GROUP NHS FOUNDATION TRUST,C_330,Dermatology Service,"4,366","2,282",52.30%,16.1,49.8,233,-,5
Y60,RNA,THE DUDLEY GROUP NHS FOUNDATION TRUST,C_340,Respiratory Medicine Service,"1,179",851,72.20%,9.4,29.8,13,-,-
Y60,RNA,THE DUDLEY GROUP NHS FOUNDATION TRUST,C_400,Neurology Service,"1,770",800,45.20%,20.1,49.2,74,-,3
Y60,RNA,THE DUDLEY GROUP NHS FOUNDATION TRUST,C_410,Rheumatology Service,"1,115",693,62.20%,13.9,38.1,9,-,-
Y60,RNA,THE DUDLEY GROUP NHS FOUNDATION TRUST,C_430,Elderly Medicine Service,134,125,93.30%,6.8,14.8,1,-,-
Y60,RNA,THE DUDLEY GROUP NHS FOUNDATION TRUST,C_502,Gynaecology Service,"3,864","1,921",49.70%,18.2,50,237,-,50
Y60,RNA,THE DUDLEY GROUP NHS FOUNDATION TRUST,X02,Other - Medical Services,"4,319","2,280",52.80%,16.8,52.6,371,-,57
Y60,RNA,THE DUDLEY GROUP NHS FOUNDATION TRUST,X03,Other - Mental Health Services,1,1,100.00%,-,-,-,-,-
Y60,RNA,THE DUDLEY GROUP NHS FOUNDATION TRUST,X04,Other - Paediatric Services,"1,981","1,299",65.60%,12.1,42.8,45,-,3
Y60,RNA,THE DUDLEY GROUP NHS FOUNDATION TRUST,X05,Other - Surgical Services,"2,209","1,640",74.20%,8.8,33.5,21,-,3
Y60,RNA,THE DUDLEY GROUP NHS FOUNDATION TRUST,X06,Other - Other Services,"2,347","1,215",51.80%,17.2,52.5,202,-,27
Y60,RNQ,KETTERING GENERAL HOSPITAL NHS FOUNDATION TRUST,C_100,General Surgery Service,"1,227",851,69.40%,10.9,34.8,13,-,-
Y60,RNQ,KETTERING GENERAL HOSPITAL NHS FOUNDATION TRUST,C_101,Urology Service,"1,673","1,181",70.60%,10.1,33.4,10,-,-
Y60,RNQ,KETTERING GENERAL HOSPITAL NHS FOUNDATION TRUST,C_110,Trauma and Orthopaedic Service,"2,140","1,223",57.10%,15.3,41.8,43,-,-
Y60,RNQ,KETTERING GENERAL HOSPITAL NHS FOUNDATION TRUST,C_120,Ear Nose and Throat Service,"2,220","1,471",66.30%,10.5,38,48,-,2
Y60,RNQ,KETTERING GENERAL HOSPITAL NHS FOUNDATION TRUST,C_130,Ophthalmology Service,"2,151","1,659",77.10%,9.6,29.9,2,-,-
Y60,RNQ,KETTERING GENERAL HOSPITAL NHS FOUNDATION TRUST,C_140,Oral Surgery Service,"2,406",897,37.30%,23,43.3,36,-,2
Y60,RNQ,KETTERING GENERAL HOSPITAL NHS FOUNDATION TRUST,C_150,Neurosurgical Service,-,-,-,-,-,-,-,-
Y60,RNQ,KETTERING GENERAL HOSPITAL NHS FOUNDATION TRUST,C_160,Plastic Surgery Service,97,62,63.90%,9.8,38.2,-,-,-
Y60,RNQ,KETTERING GENERAL HOSPITAL NHS FOUNDATION TRUST,C_170,Cardiothoracic Surgery Service,-,-,-,-,-,-,-,-
Y60,RNQ,KETTERING GENERAL HOSPITAL NHS FOUNDATION TRUST,C_300,General Internal Medicine Service,-,-,-,-,-,-,-,-
Y60,RNQ,KETTERING GENERAL HOSPITAL NHS FOUNDATION TRUST,C_301,Gastroenterology Service,"1,394",835,59.90%,13.1,40.6,34,-,-
Y60,RNQ,KETTERING GENERAL HOSPITAL NHS FOUNDATION TRUST,C_320,Cardiology Service,"1,806","1,375",76.10%,9.6,28,1,-,-
Y60,RNQ,KETTERING GENERAL HOSPITAL NHS FOUNDATION TRUST,C_330,Dermatology Service,"1,260",843,66.90%,10.2,35.6,7,-,-
Y60,RNQ,KETTERING GENERAL HOSPITAL NHS FOUNDATION TRUST,C_340,Respiratory Medicine Service,"1,349",639,47.40%,19.9,53.3,131,-,15
Y60,RNQ,KETTERING GENERAL HOSPITAL NHS FOUNDATION TRUST,C_400,Neurology Service,819,338,41.30%,20.7,41.6,15,-,6
Y60,RNQ,KETTERING GENERAL HOSPITAL NHS FOUNDATION TRUST,C_410,Rheumatology Service,761,656,86.20%,6.9,21.3,1,-,-
Y60,RNQ,KETTERING GENERAL HOSPITAL NHS FOUNDATION TRUST,C_430,Elderly Medicine Service,151,114,75.50%,8.5,33.7,3,-,-
Y60,RNQ,KETTERING GENERAL HOSPITAL NHS FOUNDATION TRUST,C_502,Gynaecology Service,"1,916","1,132",59.10%,13.9,40.4,12,-,-
Y60,RNQ,KETTERING GENERAL HOSPITAL NHS FOUNDATION TRUST,X02,Other - Medical Services,"3,272","2,163",66.10%,11.1,34.3,9,-,-
Y60,RNQ,KETTERING GENERAL HOSPITAL NHS FOUNDATION TRUST,X03,Other - Mental Health Services,-,-,-,-,-,-,-,-
Y60,RNQ,KETTERING GENERAL HOSPITAL NHS FOUNDATION TRUST,X04,Other - Paediatric Services,451,309,68.50%,10.3,35.3,1,-,-
Y60,RNQ,KETTERING GENERAL HOSPITAL NHS FOUNDATION TRUST,X05,Other - Surgical Services,"1,912","1,076",56.30%,15.1,46.3,48,-,-
Y60,RNQ,KETTERING GENERAL HOSPITAL NHS FOUNDATION TRUST,X06,Other - Other Services,85,74,87.10%,6.3,25.2,-,-,-
Y60,RNS,NORTHAMPTON GENERAL HOSPITAL NHS TRUST,C_100,General Surgery Service,"3,501","1,922",54.90%,15.2,53.2,302,1,91
Y60,RNS,NORTHAMPTON GENERAL HOSPITAL NHS TRUST,C_101,Urology Service,"2,503","1,695",67.70%,10.6,42.8,93,-,20
Y60,RNS,NORTHAMPTON GENERAL HOSPITAL NHS TRUST,C_110,Trauma and Orthopaedic Service,"3,441","1,217",35.40%,27.2,54.6,347,-,80
Y60,RNS,NORTHAMPTON GENERAL HOSPITAL NHS TRUST,C_120,Ear Nose and Throat Service,"3,483","2,272",65.20%,12.5,43.4,144,-,26
Y60,RNS,NORTHAMPTON GENERAL HOSPITAL NHS TRUST,C_130,Ophthalmology Service,"2,163","2,019",93.30%,5.9,17,-,-,-
Y60,RNS,NORTHAMPTON GENERAL HOSPITAL NHS TRUST,C_140,Oral Surgery Service,"2,549","1,058",41.50%,22.3,49.8,161,-,20
Y60,RNS,NORTHAMPTON GENERAL HOSPITAL NHS TRUST,C_150,Neurosurgical Service,64,36,56.30%,16,41.4,-,-,-
Y60,RNS,NORTHAMPTON GENERAL HOSPITAL NHS TRUST,C_160,Plastic Surgery Service,300,191,63.70%,9.5,50,17,-,5
Y60,RNS,NORTHAMPTON GENERAL HOSPITAL NHS TRUST,C_170,Cardiothoracic Surgery Service,20,15,75.00%,10,33.4,-,-,-
Y60,RNS,NORTHAMPTON GENERAL HOSPITAL NHS TRUST,C_300,General Internal Medicine Service,468,416,88.90%,4.9,19.9,-,-,-
Y60,RNS,NORTHAMPTON GENERAL HOSPITAL NHS TRUST,C_301,Gastroenterology Service,"3,337","2,824",84.60%,9.7,24.7,1,-,-
Y60,RNS,NORTHAMPTON GENERAL HOSPITAL NHS TRUST,C_320,Cardiology Service,"4,056","2,557",63.00%,13.8,38.8,11,-,-
Y60,RNS,NORTHAMPTON GENERAL HOSPITAL NHS TRUST,C_330,Dermatology Service,"3,188","2,395",75.10%,9.8,25.6,-,-,-
Y60,RNS,NORTHAMPTON GENERAL HOSPITAL NHS TRUST,C_340,Respiratory Medicine Service,"2,903","2,263",78.00%,10.4,24.9,1,-,-
Y60,RNS,NORTHAMPTON GENERAL HOSPITAL NHS TRUST,C_400,Neurology Service,863,797,92.40%,6.8,17.8,-,-,-
Y60,RNS,NORTHAMPTON GENERAL HOSPITAL NHS TRUST,C_410,Rheumatology Service,464,398,85.80%,7,22.6,1,-,-
Y60,RNS,NORTHAMPTON GENERAL HOSPITAL NHS TRUST,C_430,Elderly Medicine Service,192,129,67.20%,12.9,27.7,-,-,-
Y60,RNS,NORTHAMPTON GENERAL HOSPITAL NHS TRUST,C_502,Gynaecology Service,"3,777","2,091",55.40%,16,42.2,73,-,6
Y60,RNS,NORTHAMPTON GENERAL HOSPITAL NHS TRUST,X02,Other - Medical Services,"3,147","2,079",66.10%,11.5,40.6,12,-,-
Y60,RNS,NORTHAMPTON GENERAL HOSPITAL NHS TRUST,X03,Other - Mental Health Services,-,-,-,-,-,-,-,-
Y60,RNS,NORTHAMPTON GENERAL HOSPITAL NHS TRUST,X04,Other - Paediatric Services,444,372,83.80%,8.2,23.9,5,-,-
Y60,RNS,NORTHAMPTON GENERAL HOSPITAL NHS TRUST,X05,Other - Surgical Services,894,486,54.40%,16.6,47.5,41,-,8
Y60,RNS,NORTHAMPTON GENERAL HOSPITAL NHS TRUST,X06,Other - Other Services,444,405,91.20%,5.9,19.1,1,-,-
Y60,RP7,LINCOLNSHIRE PARTNERSHIP NHS FOUNDATION TRUST,C_100,General Surgery Service,-,-,-,-,-,-,-,-
Y60,RP7,LINCOLNSHIRE PARTNERSHIP NHS FOUNDATION TRUST,C_101,Urology Service,-,-,-,-,-,-,-,-
Y60,RP7,LINCOLNSHIRE PARTNERSHIP NHS FOUNDATION TRUST,C_110,Trauma and Orthopaedic Service,-,-,-,-,-,-,-,-
Y60,RP7,LINCOLNSHIRE PARTNERSHIP NHS FOUNDATION TRUST,C_120,Ear Nose and Throat Service,-,-,-,-,-,-,-,-
Y60,RP7,LINCOLNSHIRE PARTNERSHIP NHS FOUNDATION TRUST,C_130,Ophthalmology Service,-,-,-,-,-,-,-,-
Y60,RP7,LINCOLNSHIRE PARTNERSHIP NHS FOUNDATION TRUST,C_140,Oral Surgery Service,-,-,-,-,-,-,-,-
Y60,RP7,LINCOLNSHIRE PARTNERSHIP NHS FOUNDATION TRUST,C_150,Neurosurgical Service,-,-,-,-,-,-,-,-
Y60,RP7,LINCOLNSHIRE PARTNERSHIP NHS FOUNDATION TRUST,C_160,Plastic Surgery Service,-,-,-,-,-,-,-,-
Y60,RP7,LINCOLNSHIRE PARTNERSHIP NHS FOUNDATION TRUST,C_170,Cardiothoracic Surgery Service,-,-,-,-,-,-,-,-
Y60,RP7,LINCOLNSHIRE PARTNERSHIP NHS FOUNDATION TRUST,C_300,General Internal Medicine Service,-,-,-,-,-,-,-,-
Y60,RP7,LINCOLNSHIRE PARTNERSHIP NHS FOUNDATION TRUST,C_301,Gastroenterology Service,-,-,-,-,-,-,-,-
Y60,RP7,LINCOLNSHIRE PARTNERSHIP NHS FOUNDATION TRUST,C_320,Cardiology Service,-,-,-,-,-,-,-,-
Y60,RP7,LINCOLNSHIRE PARTNERSHIP NHS FOUNDATION TRUST,C_330,Dermatology Service,-,-,-,-,-,-,-,-
Y60,RP7,LINCOLNSHIRE PARTNERSHIP NHS FOUNDATION TRUST,C_340,Respiratory Medicine Service,-,-,-,-,-,-,-,-
Y60,RP7,LINCOLNSHIRE PARTNERSHIP NHS FOUNDATION TRUST,C_400,Neurology Service,-,-,-,-,-,-,-,-
Y60,RP7,LINCOLNSHIRE PARTNERSHIP NHS FOUNDATION TRUST,C_410,Rheumatology Service,-,-,-,-,-,-,-,-
Y60,RP7,LINCOLNSHIRE PARTNERSHIP NHS FOUNDATION TRUST,C_430,Elderly Medicine Service,-,-,-,-,-,-,-,-
Y60,RP7,LINCOLNSHIRE PARTNERSHIP NHS FOUNDATION TRUST,C_502,Gynaecology Service,-,-,-,-,-,-,-,-
Y60,RP7,LINCOLNSHIRE PARTNERSHIP NHS FOUNDATION TRUST,X02,Other - Medical Services,-,-,-,-,-,-,-,-
Y60,RP7,LINCOLNSHIRE PARTNERSHIP NHS FOUNDATION TRUST,X03,Other - Mental Health Services,114,90,78.90%,8.7,29.2,-,-,-
Y60,RP7,LINCOLNSHIRE PARTNERSHIP NHS FOUNDATION TRUST,X04,Other - Paediatric Services,-,-,-,-,-,-,-,-
Y60,RP7,LINCOLNSHIRE PARTNERSHIP NHS FOUNDATION TRUST,X05,Other - Surgical Services,-,-,-,-,-,-,-,-
Y60,RP7,LINCOLNSHIRE PARTNERSHIP NHS FOUNDATION TRUST,X06,Other - Other Services,-,-,-,-,-,-,-,-
Y60,RQ3,BIRMINGHAM WOMEN'S AND CHILDREN'S NHS FOUNDATION TRUST,C_100,General Surgery Service,-,-,-,-,-,-,-,-
Y60,RQ3,BIRMINGHAM WOMEN'S AND CHILDREN'S NHS FOUNDATION TRUST,C_101,Urology Service,-,-,-,-,-,-,-,-
Y60,RQ3,BIRMINGHAM WOMEN'S AND CHILDREN'S NHS FOUNDATION TRUST,C_110,Trauma and Orthopaedic Service,-,-,-,-,-,-,-,-
Y60,RQ3,BIRMINGHAM WOMEN'S AND CHILDREN'S NHS FOUNDATION TRUST,C_120,Ear Nose and Throat Service,-,-,-,-,-,-,-,-
Y60,RQ3,BIRMINGHAM WOMEN'S AND CHILDREN'S NHS FOUNDATION TRUST,C_130,Ophthalmology Service,-,-,-,-,-,-,-,-
Y60,RQ3,BIRMINGHAM WOMEN'S AND CHILDREN'S NHS FOUNDATION TRUST,C_140,Oral Surgery Service,-,-,-,-,-,-,-,-
Y60,RQ3,BIRMINGHAM WOMEN'S AND CHILDREN'S NHS FOUNDATION TRUST,C_150,Neurosurgical Service,-,-,-,-,-,-,-,-
Y60,RQ3,BIRMINGHAM WOMEN'S AND CHILDREN'S NHS FOUNDATION TRUST,C_160,Plastic Surgery Service,-,-,-,-,-,-,-,-
Y60,RQ3,BIRMINGHAM WOMEN'S AND CHILDREN'S NHS FOUNDATION TRUST,C_170,Cardiothoracic Surgery Service,-,-,-,-,-,-,-,-
Y60,RQ3,BIRMINGHAM WOMEN'S AND CHILDREN'S NHS FOUNDATION TRUST,C_300,General Internal Medicine Service,-,-,-,-,-,-,-,-
Y60,RQ3,BIRMINGHAM WOMEN'S AND CHILDREN'S NHS FOUNDATION TRUST,C_301,Gastroenterology Service,-,-,-,-,-,-,-,-
Y60,RQ3,BIRMINGHAM WOMEN'S AND CHILDREN'S NHS FOUNDATION TRUST,C_320,Cardiology Service,-,-,-,-,-,-,-,-
Y60,RQ3,BIRMINGHAM WOMEN'S AND CHILDREN'S NHS FOUNDATION TRUST,C_330,Dermatology Service,-,-,-,-,-,-,-,-
Y60,RQ3,BIRMINGHAM WOMEN'S AND CHILDREN'S NHS FOUNDATION TRUST,C_340,Respiratory Medicine Service,-,-,-,-,-,-,-,-
Y60,RQ3,BIRMINGHAM WOMEN'S AND CHILDREN'S NHS FOUNDATION TRUST,C_400,Neurology Service,-,-,-,-,-,-,-,-
Y60,RQ3,BIRMINGHAM WOMEN'S AND CHILDREN'S NHS FOUNDATION TRUST,C_410,Rheumatology Service,-,-,-,-,-,-,-,-
Y60,RQ3,BIRMINGHAM WOMEN'S AND CHILDREN'S NHS FOUNDATION TRUST,C_430,Elderly Medicine Service,-,-,-,-,-,-,-,-
Y60,RQ3,BIRMINGHAM WOMEN'S AND CHILDREN'S NHS FOUNDATION TRUST,C_502,Gynaecology Service,"8,651","4,628",53.50%,16,46.8,308,-,1
Y60,RQ3,BIRMINGHAM WOMEN'S AND CHILDREN'S NHS FOUNDATION TRUST,X02,Other - Medical Services,-,-,-,-,-,-,-,-
Y60,RQ3,BIRMINGHAM WOMEN'S AND CHILDREN'S NHS FOUNDATION TRUST,X03,Other - Mental Health Services,-,-,-,-,-,-,-,-
Y60,RQ3,BIRMINGHAM WOMEN'S AND CHILDREN'S NHS FOUNDATION TRUST,X04,Other - Paediatric Services,"13,276","8,068",60.80%,13.5,43.2,398,-,1
Y60,RQ3,BIRMINGHAM WOMEN'S AND CHILDREN'S NHS FOUNDATION TRUST,X05,Other - Surgical Services,-,-,-,-,-,-,-,-
Y60,RQ3,BIRMINGHAM WOMEN'S AND CHILDREN'S NHS FOUNDATION TRUST,X06,Other - Other Services,"5,345","3,654",68.40%,12.1,30.2,21,-,2
Y60,RRE,MIDLANDS PARTNERSHIP NHS FOUNDATION TRUST,C_100,General Surgery Service,-,-,-,-,-,-,-,-
Y60,RRE,MIDLANDS PARTNERSHIP NHS FOUNDATION TRUST,C_101,Urology Service,-,-,-,-,-,-,-,-
Y60,RRE,MIDLANDS PARTNERSHIP NHS FOUNDATION TRUST,C_110,Trauma and Orthopaedic Service,-,-,-,-,-,-,-,-
Y60,RRE,MIDLANDS PARTNERSHIP NHS FOUNDATION TRUST,C_120,Ear Nose and Throat Service,-,-,-,-,-,-,-,-
Y60,RRE,MIDLANDS PARTNERSHIP NHS FOUNDATION TRUST,C_130,Ophthalmology Service,-,-,-,-,-,-,-,-
Y60,RRE,MIDLANDS PARTNERSHIP NHS FOUNDATION TRUST,C_140,Oral Surgery Service,-,-,-,-,-,-,-,-
Y60,RRE,MIDLANDS PARTNERSHIP NHS FOUNDATION TRUST,C_150,Neurosurgical Service,-,-,-,-,-,-,-,-
Y60,RRE,MIDLANDS PARTNERSHIP NHS FOUNDATION TRUST,C_160,Plastic Surgery Service,-,-,-,-,-,-,-,-
Y60,RRE,MIDLANDS PARTNERSHIP NHS FOUNDATION TRUST,C_170,Cardiothoracic Surgery Service,-,-,-,-,-,-,-,-
Y60,RRE,MIDLANDS PARTNERSHIP NHS FOUNDATION TRUST,C_300,General Internal Medicine Service,-,-,-,-,-,-,-,-
Y60,RRE,MIDLANDS PARTNERSHIP NHS FOUNDATION TRUST,C_301,Gastroenterology Service,-,-,-,-,-,-,-,-
Y60,RRE,MIDLANDS PARTNERSHIP NHS FOUNDATION TRUST,C_320,Cardiology Service,-,-,-,-,-,-,-,-
Y60,RRE,MIDLANDS PARTNERSHIP NHS FOUNDATION TRUST,C_330,Dermatology Service,-,-,-,-,-,-,-,-
Y60,RRE,MIDLANDS PARTNERSHIP NHS FOUNDATION TRUST,C_340,Respiratory Medicine Service,-,-,-,-,-,-,-,-
Y60,RRE,MIDLANDS PARTNERSHIP NHS FOUNDATION TRUST,C_400,Neurology Service,85,42,49.40%,18.3,41.6,-,-,-
Y60,RRE,MIDLANDS PARTNERSHIP NHS FOUNDATION TRUST,C_410,Rheumatology Service,"3,565","3,415",95.80%,2,13.8,-,-,-
Y60,RRE,MIDLANDS PARTNERSHIP NHS FOUNDATION TRUST,C_430,Elderly Medicine Service,5,5,100.00%,-,-,-,-,-
Y60,RRE,MIDLANDS PARTNERSHIP NHS FOUNDATION TRUST,C_502,Gynaecology Service,-,-,-,-,-,-,-,-
Y60,RRE,MIDLANDS PARTNERSHIP NHS FOUNDATION TRUST,X02,Other - Medical Services,54,38,70.40%,11.7,30.7,-,-,-
Y60,RRE,MIDLANDS PARTNERSHIP NHS FOUNDATION TRUST,X03,Other - Mental Health Services,-,-,-,-,-,-,-,-
Y60,RRE,MIDLANDS PARTNERSHIP NHS FOUNDATION TRUST,X04,Other - Paediatric Services,-,-,-,-,-,-,-,-
Y60,RRE,MIDLANDS PARTNERSHIP NHS FOUNDATION TRUST,X05,Other - Surgical Services,-,-,-,-,-,-,-,-
Y60,RRE,MIDLANDS PARTNERSHIP NHS FOUNDATION TRUST,X06,Other - Other Services,"2,086","2,076",99.50%,3.7,9,-,-,-
Y60,RRJ,THE ROYAL ORTHOPAEDIC HOSPITAL NHS FOUNDATION TRUST,C_100,General Surgery Service,-,-,-,-,-,-,-,-
Y60,RRJ,THE ROYAL ORTHOPAEDIC HOSPITAL NHS FOUNDATION TRUST,C_101,Urology Service,-,-,-,-,-,-,-,-
Y60,RRJ,THE ROYAL ORTHOPAEDIC HOSPITAL NHS FOUNDATION TRUST,C_110,Trauma and Orthopaedic Service,"13,399","6,356",47.40%,19.2,47.6,565,-,34
Y60,RRJ,THE ROYAL ORTHOPAEDIC HOSPITAL NHS FOUNDATION TRUST,C_120,Ear Nose and Throat Service,-,-,-,-,-,-,-,-
Y60,RRJ,THE ROYAL ORTHOPAEDIC HOSPITAL NHS FOUNDATION TRUST,C_130,Ophthalmology Service,-,-,-,-,-,-,-,-
Y60,RRJ,THE ROYAL ORTHOPAEDIC HOSPITAL NHS FOUNDATION TRUST,C_140,Oral Surgery Service,-,-,-,-,-,-,-,-
Y60,RRJ,THE ROYAL ORTHOPAEDIC HOSPITAL NHS FOUNDATION TRUST,C_150,Neurosurgical Service,1,1,100.00%,-,-,-,-,-
Y60,RRJ,THE ROYAL ORTHOPAEDIC HOSPITAL NHS FOUNDATION TRUST,C_160,Plastic Surgery Service,-,-,-,-,-,-,-,-
Y60,RRJ,THE ROYAL ORTHOPAEDIC HOSPITAL NHS FOUNDATION TRUST,C_170,Cardiothoracic Surgery Service,-,-,-,-,-,-,-,-
Y60,RRJ,THE ROYAL ORTHOPAEDIC HOSPITAL NHS FOUNDATION TRUST,C_300,General Internal Medicine Service,157,118,75.20%,10.4,39.4,4,-,-
Y60,RRJ,THE ROYAL ORTHOPAEDIC HOSPITAL NHS FOUNDATION TRUST,C_301,Gastroenterology Service,-,-,-,-,-,-,-,-
Y60,RRJ,THE ROYAL ORTHOPAEDIC HOSPITAL NHS FOUNDATION TRUST,C_320,Cardiology Service,-,-,-,-,-,-,-,-
Y60,RRJ,THE ROYAL ORTHOPAEDIC HOSPITAL NHS FOUNDATION TRUST,C_330,Dermatology Service,-,-,-,-,-,-,-,-
Y60,RRJ,THE ROYAL ORTHOPAEDIC HOSPITAL NHS FOUNDATION TRUST,C_340,Respiratory Medicine Service,-,-,-,-,-,-,-,-
Y60,RRJ,THE ROYAL ORTHOPAEDIC HOSPITAL NHS FOUNDATION TRUST,C_400,Neurology Service,-,-,-,-,-,-,-,-
Y60,RRJ,THE ROYAL ORTHOPAEDIC HOSPITAL NHS FOUNDATION TRUST,C_410,Rheumatology Service,-,-,-,-,-,-,-,-
Y60,RRJ,THE ROYAL ORTHOPAEDIC HOSPITAL NHS FOUNDATION TRUST,C_430,Elderly Medicine Service,-,-,-,-,-,-,-,-
Y60,RRJ,THE ROYAL ORTHOPAEDIC HOSPITAL NHS FOUNDATION TRUST,C_502,Gynaecology Service,-,-,-,-,-,-,-,-
Y60,RRJ,THE ROYAL ORTHOPAEDIC HOSPITAL NHS FOUNDATION TRUST,X02,Other - Medical Services,"1,064",658,61.80%,14.1,32,7,-,1
Y60,RRJ,THE ROYAL ORTHOPAEDIC HOSPITAL NHS FOUNDATION TRUST,X03,Other - Mental Health Services,-,-,-,-,-,-,-,-
Y60,RRJ,THE ROYAL ORTHOPAEDIC HOSPITAL NHS FOUNDATION TRUST,X04,Other - Paediatric Services,-,-,-,-,-,-,-,-
Y60,RRJ,THE ROYAL ORTHOPAEDIC HOSPITAL NHS FOUNDATION TRUST,X05,Other - Surgical Services,-,-,-,-,-,-,-,-
Y60,RRJ,THE ROYAL ORTHOPAEDIC HOSPITAL NHS FOUNDATION TRUST,X06,Other - Other Services,852,719,84.40%,6.6,27.2,-,-,-
Y60,RRK,UNIVERSITY HOSPITALS BIRMINGHAM NHS FOUNDATION TRUST,C_100,General Surgery Service,"6,648","2,890",43.50%,21,48.9,274,-,5
Y60,RRK,UNIVERSITY HOSPITALS BIRMINGHAM NHS FOUNDATION TRUST,C_101,Urology Service,"8,424","4,116",48.90%,18.5,48.1,372,-,31
Y60,RRK,UNIVERSITY HOSPITALS BIRMINGHAM NHS FOUNDATION TRUST,C_110,Trauma and Orthopaedic Service,"4,156","2,404",57.80%,14.7,40.3,86,-,1
Y60,RRK,UNIVERSITY HOSPITALS BIRMINGHAM NHS FOUNDATION TRUST,C_120,Ear Nose and Throat Service,"16,296","6,494",39.90%,22.7,52.8,"1,497",1,116
Y60,RRK,UNIVERSITY HOSPITALS BIRMINGHAM NHS FOUNDATION TRUST,C_130,Ophthalmology Service,"13,435","6,255",46.60%,19.9,49.3,727,-,-
Y60,RRK,UNIVERSITY HOSPITALS BIRMINGHAM NHS FOUNDATION TRUST,C_140,Oral Surgery Service,"2,670",876,32.80%,29.1,55.4,360,1,3
Y60,RRK,UNIVERSITY HOSPITALS BIRMINGHAM NHS FOUNDATION TRUST,C_150,Neurosurgical Service,"1,793","1,139",63.50%,12.3,38.2,20,-,-
Y60,RRK,UNIVERSITY HOSPITALS BIRMINGHAM NHS FOUNDATION TRUST,C_160,Plastic Surgery Service,"1,086",603,55.50%,15.6,47.6,53,-,1
Y60,RRK,UNIVERSITY HOSPITALS BIRMINGHAM NHS FOUNDATION TRUST,C_170,Cardiothoracic Surgery Service,155,121,78.10%,7.9,25.8,-,-,-
Y60,RRK,UNIVERSITY HOSPITALS BIRMINGHAM NHS FOUNDATION TRUST,C_300,General Internal Medicine Service,"1,408",707,50.20%,17.9,37.5,4,-,-
Y60,RRK,UNIVERSITY HOSPITALS BIRMINGHAM NHS FOUNDATION TRUST,C_301,Gastroenterology Service,"6,707","3,405",50.80%,17.4,44,123,-,3
Y60,RRK,UNIVERSITY HOSPITALS BIRMINGHAM NHS FOUNDATION TRUST,C_320,Cardiology Service,"7,232","4,543",62.80%,12.8,34,19,-,1
Y60,RRK,UNIVERSITY HOSPITALS BIRMINGHAM NHS FOUNDATION TRUST,C_330,Dermatology Service,"5,203","3,547",68.20%,9.6,37.6,59,1,1
Y60,RRK,UNIVERSITY HOSPITALS BIRMINGHAM NHS FOUNDATION TRUST,C_340,Respiratory Medicine Service,"5,676","2,672",47.10%,19.5,50,356,-,14
Y60,RRK,UNIVERSITY HOSPITALS BIRMINGHAM NHS FOUNDATION TRUST,C_400,Neurology Service,"4,179","2,056",49.20%,18.4,41.9,42,-,-
Y60,RRK,UNIVERSITY HOSPITALS BIRMINGHAM NHS FOUNDATION TRUST,C_410,Rheumatology Service,924,772,83.50%,8.3,26.4,3,-,-
Y60,RRK,UNIVERSITY HOSPITALS BIRMINGHAM NHS FOUNDATION TRUST,C_430,Elderly Medicine Service,161,158,98.10%,3.2,11.7,-,-,-
Y60,RRK,UNIVERSITY HOSPITALS BIRMINGHAM NHS FOUNDATION TRUST,C_502,Gynaecology Service,"7,641","3,894",51.00%,17.1,49.5,470,1,3
Y60,RRK,UNIVERSITY HOSPITALS BIRMINGHAM NHS FOUNDATION TRUST,X02,Other - Medical Services,"15,667","8,693",55.50%,15.7,46.2,746,-,6
Y60,RRK,UNIVERSITY HOSPITALS BIRMINGHAM NHS FOUNDATION TRUST,X03,Other - Mental Health Services,24,23,95.80%,2.3,14.1,-,-,-
Y60,RRK,UNIVERSITY HOSPITALS BIRMINGHAM NHS FOUNDATION TRUST,X04,Other - Paediatric Services,"4,006","1,793",44.80%,20.3,45.5,124,-,2
Y60,RRK,UNIVERSITY HOSPITALS BIRMINGHAM NHS FOUNDATION TRUST,X05,Other - Surgical Services,"8,707","4,615",53.00%,16.4,46.3,277,-,1
Y60,RRK,UNIVERSITY HOSPITALS BIRMINGHAM NHS FOUNDATION TRUST,X06,Other - Other Services,"3,117","1,623",52.10%,16.8,45.6,54,-,13
Y60,RTG,UNIVERSITY HOSPITALS OF DERBY AND BURTON NHS FOUNDATION TRUST,C_100,General Surgery Service,"5,891","3,018",51.20%,17.4,47.8,308,-,69
Y60,RTG,UNIVERSITY HOSPITALS OF DERBY AND BURTON NHS FOUNDATION TRUST,C_101,Urology Service,"4,438","2,303",51.90%,17,46.5,191,1,51
Y60,RTG,UNIVERSITY HOSPITALS OF DERBY AND BURTON NHS FOUNDATION TRUST,C_110,Trauma and Orthopaedic Service,"16,133","7,775",48.20%,18.7,52.1,"1,304",7,319
Y60,RTG,UNIVERSITY HOSPITALS OF DERBY AND BURTON NHS FOUNDATION TRUST,C_120,Ear Nose and Throat Service,"9,174","4,308",47.00%,19.3,48.9,509,-,74
Y60,RTG,UNIVERSITY HOSPITALS OF DERBY AND BURTON NHS FOUNDATION TRUST,C_130,Ophthalmology Service,"11,032","6,428",58.30%,14.9,40.4,88,-,3
Y60,RTG,UNIVERSITY HOSPITALS OF DERBY AND BURTON NHS FOUNDATION TRUST,C_140,Oral Surgery Service,"2,021","1,300",64.30%,12,41.6,45,-,9
Y60,RTG,UNIVERSITY HOSPITALS OF DERBY AND BURTON NHS FOUNDATION TRUST,C_150,Neurosurgical Service,187,74,39.60%,23.1,47,1,-,-
Y60,RTG,UNIVERSITY HOSPITALS OF DERBY AND BURTON NHS FOUNDATION TRUST,C_160,Plastic Surgery Service,455,309,67.90%,12.1,45.6,25,-,2
Y60,RTG,UNIVERSITY HOSPITALS OF DERBY AND BURTON NHS FOUNDATION TRUST,C_170,Cardiothoracic Surgery Service,25,10,40.00%,27.5,41,-,-,-
Y60,RTG,UNIVERSITY HOSPITALS OF DERBY AND BURTON NHS FOUNDATION TRUST,C_300,General Internal Medicine Service,8,8,100.00%,-,-,-,-,-
Y60,RTG,UNIVERSITY HOSPITALS OF DERBY AND BURTON NHS FOUNDATION TRUST,C_301,Gastroenterology Service,"4,578","2,726",59.50%,14,40.6,61,-,9
Y60,RTG,UNIVERSITY HOSPITALS OF DERBY AND BURTON NHS FOUNDATION TRUST,C_320,Cardiology Service,"4,386","2,453",55.90%,15.9,40.8,81,-,11
Y60,RTG,UNIVERSITY HOSPITALS OF DERBY AND BURTON NHS FOUNDATION TRUST,C_330,Dermatology Service,"6,726","3,866",57.50%,14.9,44.1,107,-,8
Y60,RTG,UNIVERSITY HOSPITALS OF DERBY AND BURTON NHS FOUNDATION TRUST,C_340,Respiratory Medicine Service,"1,935","1,337",69.10%,12.4,29,2,-,1
Y60,RTG,UNIVERSITY HOSPITALS OF DERBY AND BURTON NHS FOUNDATION TRUST,C_400,Neurology Service,"3,459","1,759",50.90%,17.7,42.7,23,-,3
Y60,RTG,UNIVERSITY HOSPITALS OF DERBY AND BURTON NHS FOUNDATION TRUST,C_410,Rheumatology Service,"2,777","1,347",48.50%,18.4,42.6,46,-,5
Y60,RTG,UNIVERSITY HOSPITALS OF DERBY AND BURTON NHS FOUNDATION TRUST,C_430,Elderly Medicine Service,334,281,84.10%,7.9,23.1,1,-,-
Y60,RTG,UNIVERSITY HOSPITALS OF DERBY AND BURTON NHS FOUNDATION TRUST,C_502,Gynaecology Service,"9,387","4,950",52.70%,16.8,47.6,528,1,168
Y60,RTG,UNIVERSITY HOSPITALS OF DERBY AND BURTON NHS FOUNDATION TRUST,X02,Other - Medical Services,"11,867","6,956",58.60%,14.8,42.1,307,1,40
Y60,RTG,UNIVERSITY HOSPITALS OF DERBY AND BURTON NHS FOUNDATION TRUST,X03,Other - Mental Health Services,2,2,100.00%,-,-,-,-,-
Y60,RTG,UNIVERSITY HOSPITALS OF DERBY AND BURTON NHS FOUNDATION TRUST,X04,Other - Paediatric Services,"3,862","1,973",51.10%,17.4,48.2,181,-,40
Y60,RTG,UNIVERSITY HOSPITALS OF DERBY AND BURTON NHS FOUNDATION TRUST,X05,Other - Surgical Services,"7,269","3,929",54.10%,16.2,48.4,398,1,109
Y60,RTG,UNIVERSITY HOSPITALS OF DERBY AND BURTON NHS FOUNDATION TRUST,X06,Other - Other Services,"1,524","1,149",75.40%,9,35.3,20,-,3
Y60,RWD,UNITED LINCOLNSHIRE HOSPITALS NHS TRUST,C_100,General Surgery Service,"3,569","2,353",65.90%,11.5,37.5,30,-,2
Y60,RWD,UNITED LINCOLNSHIRE HOSPITALS NHS TRUST,C_101,Urology Service,"4,235","2,107",49.80%,18.2,43.6,43,-,-
Y60,RWD,UNITED LINCOLNSHIRE HOSPITALS NHS TRUST,C_110,Trauma and Orthopaedic Service,"4,415","3,131",70.90%,10.2,30.7,26,-,1
Y60,RWD,UNITED LINCOLNSHIRE HOSPITALS NHS TRUST,C_120,Ear Nose and Throat Service,"10,592","4,057",38.30%,24.2,55.1,"1,156",2,178
Y60,RWD,UNITED LINCOLNSHIRE HOSPITALS NHS TRUST,C_130,Ophthalmology Service,"6,624","4,091",61.80%,13.9,34.1,20,1,1
Y60,RWD,UNITED LINCOLNSHIRE HOSPITALS NHS TRUST,C_140,Oral Surgery Service,"3,198","1,294",40.50%,23.5,58.7,446,-,138
Y60,RWD,UNITED LINCOLNSHIRE HOSPITALS NHS TRUST,C_150,Neurosurgical Service,-,-,-,-,-,-,-,-
Y60,RWD,UNITED LINCOLNSHIRE HOSPITALS NHS TRUST,C_160,Plastic Surgery Service,-,-,-,-,-,-,-,-
Y60,RWD,UNITED LINCOLNSHIRE HOSPITALS NHS TRUST,C_170,Cardiothoracic Surgery Service,34,11,32.40%,28,51.1,1,-,-
Y60,RWD,UNITED LINCOLNSHIRE HOSPITALS NHS TRUST,C_300,General Internal Medicine Service,403,197,48.90%,19,50.2,27,-,4
Y60,RWD,UNITED LINCOLNSHIRE HOSPITALS NHS TRUST,C_301,Gastroenterology Service,"5,267","2,331",44.30%,20.7,46.7,203,-,27
Y60,RWD,UNITED LINCOLNSHIRE HOSPITALS NHS TRUST,C_320,Cardiology Service,"3,234","1,839",56.90%,14.8,40.5,4,-,2
Y60,RWD,UNITED LINCOLNSHIRE HOSPITALS NHS TRUST,C_330,Dermatology Service,"4,429","2,532",57.20%,14.8,39.4,29,-,-
Y60,RWD,UNITED LINCOLNSHIRE HOSPITALS NHS TRUST,C_340,Respiratory Medicine Service,"2,470","1,031",41.70%,22.1,52.2,203,-,-
Y60,RWD,UNITED LINCOLNSHIRE HOSPITALS NHS TRUST,C_400,Neurology Service,"2,825","1,404",49.70%,18.2,41.2,50,-,-
Y60,RWD,UNITED LINCOLNSHIRE HOSPITALS NHS TRUST,C_410,Rheumatology Service,"2,011",755,37.50%,26.3,54.1,212,-,16
Y60,RWD,UNITED LINCOLNSHIRE HOSPITALS NHS TRUST,C_430,Elderly Medicine Service,163,134,82.20%,5.9,34.5,-,-,-
Y60,RWD,UNITED LINCOLNSHIRE HOSPITALS NHS TRUST,C_502,Gynaecology Service,"5,222","2,670",51.10%,17.5,42.6,148,-,8
Y60,RWD,UNITED LINCOLNSHIRE HOSPITALS NHS TRUST,X02,Other - Medical Services,"7,101","4,113",57.90%,14.5,46.2,406,1,113
Y60,RWD,UNITED LINCOLNSHIRE HOSPITALS NHS TRUST,X03,Other - Mental Health Services,-,-,-,-,-,-,-,-
Y60,RWD,UNITED LINCOLNSHIRE HOSPITALS NHS TRUST,X04,Other - Paediatric Services,"1,680",886,52.70%,17.1,41.9,73,-,15
Y60,RWD,UNITED LINCOLNSHIRE HOSPITALS NHS TRUST,X05,Other - Surgical Services,"3,639","2,031",55.80%,14.9,48.9,181,-,1
Y60,RWD,UNITED LINCOLNSHIRE HOSPITALS NHS TRUST,X06,Other - Other Services,261,227,87.00%,7,31,1,-,1
Y60,RWE,UNIVERSITY HOSPITALS OF LEICESTER NHS TRUST,C_100,General Surgery Service,"5,628","2,976",52.90%,16.9,40.2,124,4,33
Y60,RWE,UNIVERSITY HOSPITALS OF LEICESTER NHS TRUST,C_101,Urology Service,"5,137","3,110",60.50%,14.4,39.6,101,-,9
Y60,RWE,UNIVERSITY HOSPITALS OF LEICESTER NHS TRUST,C_110,Trauma and Orthopaedic Service,"10,471","5,010",47.80%,19,45.4,371,-,45
Y60,RWE,UNIVERSITY HOSPITALS OF LEICESTER NHS TRUST,C_120,Ear Nose and Throat Service,"7,057","3,662",51.90%,17.4,41.1,143,1,22
Y60,RWE,UNIVERSITY HOSPITALS OF LEICESTER NHS TRUST,C_130,Ophthalmology Service,"13,914","7,891",56.70%,15.1,41.3,192,-,6
Y60,RWE,UNIVERSITY HOSPITALS OF LEICESTER NHS TRUST,C_140,Oral Surgery Service,"6,161","3,076",49.90%,18,39.3,65,1,8
Y60,RWE,UNIVERSITY HOSPITALS OF LEICESTER NHS TRUST,C_150,Neurosurgical Service,35,26,74.30%,11.8,23.3,-,-,-
Y60,RWE,UNIVERSITY HOSPITALS OF LEICESTER NHS TRUST,C_160,Plastic Surgery Service,"1,214",800,65.90%,10.7,43.6,47,-,6
Y60,RWE,UNIVERSITY HOSPITALS OF LEICESTER NHS TRUST,C_170,Cardiothoracic Surgery Service,482,365,75.70%,7.7,32.5,1,-,1
Y60,RWE,UNIVERSITY HOSPITALS OF LEICESTER NHS TRUST,C_300,General Internal Medicine Service,157,154,98.10%,3,8.2,-,-,-
Y60,RWE,UNIVERSITY HOSPITALS OF LEICESTER NHS TRUST,C_301,Gastroenterology Service,"7,892","4,715",59.70%,14.3,40.2,141,1,6
Y60,RWE,UNIVERSITY HOSPITALS OF LEICESTER NHS TRUST,C_320,Cardiology Service,"8,181","4,072",49.80%,18.1,42.7,191,1,7
Y60,RWE,UNIVERSITY HOSPITALS OF LEICESTER NHS TRUST,C_330,Dermatology Service,"3,168","2,759",87.10%,6,22,-,-,-
Y60,RWE,UNIVERSITY HOSPITALS OF LEICESTER NHS TRUST,C_340,Respiratory Medicine Service,"1,814","1,465",80.80%,9.3,26.7,1,-,-
Y60,RWE,UNIVERSITY HOSPITALS OF LEICESTER NHS TRUST,C_400,Neurology Service,"1,707","1,559",91.30%,7.9,18.4,-,-,-
Y60,RWE,UNIVERSITY HOSPITALS OF LEICESTER NHS TRUST,C_410,Rheumatology Service,"3,239","2,340",72.20%,10.6,32.6,10,-,-
Y60,RWE,UNIVERSITY HOSPITALS OF LEICESTER NHS TRUST,C_430,Elderly Medicine Service,458,408,89.10%,6.1,21.9,-,-,-
Y60,RWE,UNIVERSITY HOSPITALS OF LEICESTER NHS TRUST,C_502,Gynaecology Service,"7,974","4,006",50.20%,17.9,46.6,361,-,20
Y60,RWE,UNIVERSITY HOSPITALS OF LEICESTER NHS TRUST,X02,Other - Medical Services,"12,099","8,229",68.00%,11.9,31.8,74,1,6
Y60,RWE,UNIVERSITY HOSPITALS OF LEICESTER NHS TRUST,X03,Other - Mental Health Services,-,-,-,-,-,-,-,-
Y60,RWE,UNIVERSITY HOSPITALS OF LEICESTER NHS TRUST,X04,Other - Paediatric Services,"8,520","5,480",64.30%,12.9,38.3,231,1,25
Y60,RWE,UNIVERSITY HOSPITALS OF LEICESTER NHS TRUST,X05,Other - Surgical Services,"2,757","1,913",69.40%,9.4,37.1,47,-,3
Y60,RWE,UNIVERSITY HOSPITALS OF LEICESTER NHS TRUST,X06,Other - Other Services,"4,573","2,584",56.50%,15.5,42.9,76,-,2
Y60,RWP,WORCESTERSHIRE ACUTE HOSPITALS NHS TRUST,C_100,General Surgery Service,"5,000","2,122",42.40%,21.1,42.8,125,1,13
Y60,RWP,WORCESTERSHIRE ACUTE HOSPITALS NHS TRUST,C_101,Urology Service,"5,903","3,093",52.40%,17.1,47.4,262,-,8
Y60,RWP,WORCESTERSHIRE ACUTE HOSPITALS NHS TRUST,C_110,Trauma and Orthopaedic Service,"4,986","2,738",54.90%,16.1,41.6,136,-,14
Y60,RWP,WORCESTERSHIRE ACUTE HOSPITALS NHS TRUST,C_120,Ear Nose and Throat Service,"8,052","3,738",46.40%,19.4,46.6,380,-,102
Y60,RWP,WORCESTERSHIRE ACUTE HOSPITALS NHS TRUST,C_130,Ophthalmology Service,"5,549","3,514",63.30%,12.7,36,40,-,7
Y60,RWP,WORCESTERSHIRE ACUTE HOSPITALS NHS TRUST,C_140,Oral Surgery Service,"4,479","1,483",33.10%,29.4,60.2,651,3,231
Y60,RWP,WORCESTERSHIRE ACUTE HOSPITALS NHS TRUST,C_150,Neurosurgical Service,-,-,-,-,-,-,-,-
Y60,RWP,WORCESTERSHIRE ACUTE HOSPITALS NHS TRUST,C_160,Plastic Surgery Service,9,7,77.80%,-,-,-,-,-
Y60,RWP,WORCESTERSHIRE ACUTE HOSPITALS NHS TRUST,C_170,Cardiothoracic Surgery Service,-,-,-,-,-,-,-,-
Y60,RWP,WORCESTERSHIRE ACUTE HOSPITALS NHS TRUST,C_300,General Internal Medicine Service,51,47,92.20%,9.5,16,-,-,-
Y60,RWP,WORCESTERSHIRE ACUTE HOSPITALS NHS TRUST,C_301,Gastroenterology Service,"4,122","2,607",63.20%,13.9,37.4,74,-,2
Y60,RWP,WORCESTERSHIRE ACUTE HOSPITALS NHS TRUST,C_320,Cardiology Service,"2,505","1,865",74.50%,10.5,29.8,1,-,-
Y60,RWP,WORCESTERSHIRE ACUTE HOSPITALS NHS TRUST,C_330,Dermatology Service,"2,814","1,687",60.00%,13.6,48.2,162,-,16
Y60,RWP,WORCESTERSHIRE ACUTE HOSPITALS NHS TRUST,C_340,Respiratory Medicine Service,"1,924","1,089",56.60%,15.5,40.2,16,-,-
Y60,RWP,WORCESTERSHIRE ACUTE HOSPITALS NHS TRUST,C_400,Neurology Service,"1,525",946,62.00%,15,30.5,-,-,-
Y60,RWP,WORCESTERSHIRE ACUTE HOSPITALS NHS TRUST,C_410,Rheumatology Service,"1,054",673,63.90%,13.1,33.8,-,-,-
Y60,RWP,WORCESTERSHIRE ACUTE HOSPITALS NHS TRUST,C_430,Elderly Medicine Service,-,-,-,-,-,-,-,-
Y60,RWP,WORCESTERSHIRE ACUTE HOSPITALS NHS TRUST,C_502,Gynaecology Service,"4,350","2,721",62.60%,13.5,33.5,12,-,-
Y60,RWP,WORCESTERSHIRE ACUTE HOSPITALS NHS TRUST,X02,Other - Medical Services,"4,789","3,135",65.50%,11.9,39,52,-,2
Y60,RWP,WORCESTERSHIRE ACUTE HOSPITALS NHS TRUST,X03,Other - Mental Health Services,-,-,-,-,-,-,-,-
Y60,RWP,WORCESTERSHIRE ACUTE HOSPITALS NHS TRUST,X04,Other - Paediatric Services,184,141,76.60%,8.5,29.3,-,-,-
Y60,RWP,WORCESTERSHIRE ACUTE HOSPITALS NHS TRUST,X05,Other - Surgical Services,"2,728","2,052",75.20%,7.4,39.1,58,-,4
Y60,RWP,WORCESTERSHIRE ACUTE HOSPITALS NHS TRUST,X06,Other - Other Services,"1,994","1,149",57.60%,15.7,38.4,9,-,3
Y60,RX1,NOTTINGHAM UNIVERSITY HOSPITALS NHS TRUST,C_100,General Surgery Service,"1,969",858,43.60%,20.9,49.8,131,-,39
Y60,RX1,NOTTINGHAM UNIVERSITY HOSPITALS NHS TRUST,C_101,Urology Service,"4,556","2,433",53.40%,16.7,38.9,90,-,9
Y60,RX1,NOTTINGHAM UNIVERSITY HOSPITALS NHS TRUST,C_110,Trauma and Orthopaedic Service,"8,020","4,313",53.80%,16.4,44.2,274,-,41
Y60,RX1,NOTTINGHAM UNIVERSITY HOSPITALS NHS TRUST,C_120,Ear Nose and Throat Service,"11,644","4,759",40.90%,23.6,56.6,"1,603",-,217
Y60,RX1,NOTTINGHAM UNIVERSITY HOSPITALS NHS TRUST,C_130,Ophthalmology Service,"6,093","3,959",65.00%,12.4,39.9,160,-,6
Y60,RX1,NOTTINGHAM UNIVERSITY HOSPITALS NHS TRUST,C_140,Oral Surgery Service,"2,859",959,33.50%,25.4,50.2,167,-,19
Y60,RX1,NOTTINGHAM UNIVERSITY HOSPITALS NHS TRUST,C_150,Neurosurgical Service,907,626,69.00%,11.2,36.5,18,-,-
Y60,RX1,NOTTINGHAM UNIVERSITY HOSPITALS NHS TRUST,C_160,Plastic Surgery Service,"1,222",723,59.20%,14.7,44.1,34,-,3
Y60,RX1,NOTTINGHAM UNIVERSITY HOSPITALS NHS TRUST,C_170,Cardiothoracic Surgery Service,255,191,74.90%,8.2,28.9,7,-,1
Y60,RX1,NOTTINGHAM UNIVERSITY HOSPITALS NHS TRUST,C_300,General Internal Medicine Service,3,1,33.30%,-,-,-,-,-
Y60,RX1,NOTTINGHAM UNIVERSITY HOSPITALS NHS TRUST,C_301,Gastroenterology Service,"5,466","2,952",54.00%,16.5,39.8,89,-,13
Y60,RX1,NOTTINGHAM UNIVERSITY HOSPITALS NHS TRUST,C_320,Cardiology Service,"3,531","1,941",55.00%,15.9,46.4,104,-,10
Y60,RX1,NOTTINGHAM UNIVERSITY HOSPITALS NHS TRUST,C_330,Dermatology Service,"6,333","3,801",60.00%,12.9,38.5,9,-,1
Y60,RX1,NOTTINGHAM UNIVERSITY HOSPITALS NHS TRUST,C_340,Respiratory Medicine Service,"2,017","1,275",63.20%,11.6,35.8,15,-,1
Y60,RX1,NOTTINGHAM UNIVERSITY HOSPITALS NHS TRUST,C_400,Neurology Service,"1,180",984,83.40%,9.5,23.6,-,-,-
Y60,RX1,NOTTINGHAM UNIVERSITY HOSPITALS NHS TRUST,C_410,Rheumatology Service,505,477,94.50%,6.8,15.9,1,-,-
Y60,RX1,NOTTINGHAM UNIVERSITY HOSPITALS NHS TRUST,C_430,Elderly Medicine Service,486,352,72.40%,11.3,31.7,6,-,-
Y60,RX1,NOTTINGHAM UNIVERSITY HOSPITALS NHS TRUST,C_502,Gynaecology Service,"4,507","2,801",62.10%,13.4,44,152,-,15
Y60,RX1,NOTTINGHAM UNIVERSITY HOSPITALS NHS TRUST,X02,Other - Medical Services,"12,550","7,583",60.40%,14,42.7,367,-,46
Y60,RX1,NOTTINGHAM UNIVERSITY HOSPITALS NHS TRUST,X03,Other - Mental Health Services,2,2,100.00%,-,-,-,-,-
Y60,RX1,NOTTINGHAM UNIVERSITY HOSPITALS NHS TRUST,X04,Other - Paediatric Services,"2,911","2,336",80.20%,8.3,29.3,6,-,-
Y60,RX1,NOTTINGHAM UNIVERSITY HOSPITALS NHS TRUST,X05,Other - Surgical Services,"8,598","4,353",50.60%,17.7,47.2,438,-,104
Y60,RX1,NOTTINGHAM UNIVERSITY HOSPITALS NHS TRUST,X06,Other - Other Services,"1,047",980,93.60%,6.5,15.4,5,-,1
Y60,RXK,SANDWELL AND WEST BIRMINGHAM HOSPITALS NHS TRUST,C_100,General Surgery Service,"6,546","3,013",46.00%,20.3,51.6,492,-,62
Y60,RXK,SANDWELL AND WEST BIRMINGHAM HOSPITALS NHS TRUST,C_101,Urology Service,"4,870","2,098",43.10%,21.1,49.4,248,-,15
Y60,RXK,SANDWELL AND WEST BIRMINGHAM HOSPITALS NHS TRUST,C_110,Trauma and Orthopaedic Service,"7,594","3,781",49.80%,18.1,51.8,590,-,88
Y60,RXK,SANDWELL AND WEST BIRMINGHAM HOSPITALS NHS TRUST,C_120,Ear Nose and Throat Service,"6,162","2,388",38.80%,23.6,52.9,532,-,151
Y60,RXK,SANDWELL AND WEST BIRMINGHAM HOSPITALS NHS TRUST,C_130,Ophthalmology Service,"11,763","7,566",64.30%,12,35.2,75,-,7
Y60,RXK,SANDWELL AND WEST BIRMINGHAM HOSPITALS NHS TRUST,C_140,Oral Surgery Service,"4,612","1,275",27.60%,32,55.6,649,-,69
Y60,RXK,SANDWELL AND WEST BIRMINGHAM HOSPITALS NHS TRUST,C_150,Neurosurgical Service,-,-,-,-,-,-,-,-
Y60,RXK,SANDWELL AND WEST BIRMINGHAM HOSPITALS NHS TRUST,C_160,Plastic Surgery Service,424,214,50.50%,17.8,40,7,-,-
Y60,RXK,SANDWELL AND WEST BIRMINGHAM HOSPITALS NHS TRUST,C_170,Cardiothoracic Surgery Service,17,17,100.00%,-,-,-,-,-
Y60,RXK,SANDWELL AND WEST BIRMINGHAM HOSPITALS NHS TRUST,C_300,General Internal Medicine Service,-,-,-,-,-,-,-,-
Y60,RXK,SANDWELL AND WEST BIRMINGHAM HOSPITALS NHS TRUST,C_301,Gastroenterology Service,"2,256","1,282",56.80%,16.1,38,35,-,3
Y60,RXK,SANDWELL AND WEST BIRMINGHAM HOSPITALS NHS TRUST,C_320,Cardiology Service,"5,506","2,729",49.60%,18.2,43.2,56,-,-
Y60,RXK,SANDWELL AND WEST BIRMINGHAM HOSPITALS NHS TRUST,C_330,Dermatology Service,"3,417","1,771",51.80%,16.7,51.7,266,-,40
Y60,RXK,SANDWELL AND WEST BIRMINGHAM HOSPITALS NHS TRUST,C_340,Respiratory Medicine Service,"1,075",883,82.10%,7.8,21.9,-,-,-
Y60,RXK,SANDWELL AND WEST BIRMINGHAM HOSPITALS NHS TRUST,C_400,Neurology Service,"1,457",487,33.40%,24.7,43.3,7,-,-
Y60,RXK,SANDWELL AND WEST BIRMINGHAM HOSPITALS NHS TRUST,C_410,Rheumatology Service,825,596,72.20%,8.4,39.8,17,-,-
Y60,RXK,SANDWELL AND WEST BIRMINGHAM HOSPITALS NHS TRUST,C_430,Elderly Medicine Service,54,52,96.30%,4.6,13.9,-,-,-
Y60,RXK,SANDWELL AND WEST BIRMINGHAM HOSPITALS NHS TRUST,C_502,Gynaecology Service,"4,677","2,629",56.20%,15.6,39.1,92,-,17
Y60,RXK,SANDWELL AND WEST BIRMINGHAM HOSPITALS NHS TRUST,X02,Other - Medical Services,"3,636","2,494",68.60%,11.7,32.7,23,-,1
Y60,RXK,SANDWELL AND WEST BIRMINGHAM HOSPITALS NHS TRUST,X03,Other - Mental Health Services,-,-,-,-,-,-,-,-
Y60,RXK,SANDWELL AND WEST BIRMINGHAM HOSPITALS NHS TRUST,X04,Other - Paediatric Services,"6,775","3,421",50.50%,17.8,49,383,-,74
Y60,RXK,SANDWELL AND WEST BIRMINGHAM HOSPITALS NHS TRUST,X05,Other - Surgical Services,"4,244","3,585",84.50%,10.1,20.9,19,-,4
Y60,RXK,SANDWELL AND WEST BIRMINGHAM HOSPITALS NHS TRUST,X06,Other - Other Services,371,256,69.00%,10.2,34.3,7,-,-
Y60,RXW,THE SHREWSBURY AND TELFORD HOSPITAL NHS TRUST,C_100,General Surgery Service,"6,135","2,877",46.90%,19.4,54.6,617,-,184
Y60,RXW,THE SHREWSBURY AND TELFORD HOSPITAL NHS TRUST,C_101,Urology Service,"3,015","1,820",60.40%,13.9,38.7,88,-,13
Y60,RXW,THE SHREWSBURY AND TELFORD HOSPITAL NHS TRUST,C_110,Trauma and Orthopaedic Service,"1,409",400,28.40%,31.6,66.3,265,-,122
Y60,RXW,THE SHREWSBURY AND TELFORD HOSPITAL NHS TRUST,C_120,Ear Nose and Throat Service,"5,617","2,113",37.60%,24.5,59.7,811,-,288
Y60,RXW,THE SHREWSBURY AND TELFORD HOSPITAL NHS TRUST,C_130,Ophthalmology Service,"4,541","2,388",52.60%,17.1,43.4,159,-,20
Y60,RXW,THE SHREWSBURY AND TELFORD HOSPITAL NHS TRUST,C_140,Oral Surgery Service,"3,380","1,224",36.20%,26.1,62.2,645,-,185
Y60,RXW,THE SHREWSBURY AND TELFORD HOSPITAL NHS TRUST,C_150,Neurosurgical Service,-,-,-,-,-,-,-,-
Y60,RXW,THE SHREWSBURY AND TELFORD HOSPITAL NHS TRUST,C_160,Plastic Surgery Service,-,-,-,-,-,-,-,-
Y60,RXW,THE SHREWSBURY AND TELFORD HOSPITAL NHS TRUST,C_170,Cardiothoracic Surgery Service,60,36,60.00%,12,35.6,-,-,-
Y60,RXW,THE SHREWSBURY AND TELFORD HOSPITAL NHS TRUST,C_300,General Internal Medicine Service,"1,614",795,49.30%,18.3,49.5,103,-,2
Y60,RXW,THE SHREWSBURY AND TELFORD HOSPITAL NHS TRUST,C_301,Gastroenterology Service,"4,927","2,968",60.20%,13.8,41.5,62,-,10
Y60,RXW,THE SHREWSBURY AND TELFORD HOSPITAL NHS TRUST,C_320,Cardiology Service,"2,886","1,329",46.00%,19.6,52.9,255,-,52
Y60,RXW,THE SHREWSBURY AND TELFORD HOSPITAL NHS TRUST,C_330,Dermatology Service,"3,973","2,628",66.10%,11.1,46.4,179,-,53
Y60,RXW,THE SHREWSBURY AND TELFORD HOSPITAL NHS TRUST,C_340,Respiratory Medicine Service,"2,072",862,41.60%,22.3,60.4,307,-,102
Y60,RXW,THE SHREWSBURY AND TELFORD HOSPITAL NHS TRUST,C_400,Neurology Service,-,-,-,-,-,-,-,-
Y60,RXW,THE SHREWSBURY AND TELFORD HOSPITAL NHS TRUST,C_410,Rheumatology Service,-,-,-,-,-,-,-,-
Y60,RXW,THE SHREWSBURY AND TELFORD HOSPITAL NHS TRUST,C_430,Elderly Medicine Service,158,152,96.20%,7.8,15.2,-,-,-
Y60,RXW,THE SHREWSBURY AND TELFORD HOSPITAL NHS TRUST,C_502,Gynaecology Service,"4,197","1,838",43.80%,21.2,53.4,370,-,104
Y60,RXW,THE SHREWSBURY AND TELFORD HOSPITAL NHS TRUST,X02,Other - Medical Services,561,136,24.20%,29.5,51,42,-,12
Y60,RXW,THE SHREWSBURY AND TELFORD HOSPITAL NHS TRUST,X03,Other - Mental Health Services,7,6,85.70%,-,-,-,-,-
Y60,RXW,THE SHREWSBURY AND TELFORD HOSPITAL NHS TRUST,X04,Other - Paediatric Services,"1,170",681,58.20%,15.9,34.9,19,-,3
Y60,RXW,THE SHREWSBURY AND TELFORD HOSPITAL NHS TRUST,X05,Other - Surgical Services,743,235,31.60%,25.1,55.7,136,-,15
Y60,RXW,THE SHREWSBURY AND TELFORD HOSPITAL NHS TRUST,X06,Other - Other Services,"1,098",863,78.60%,8.1,48.4,73,-,20
Y60,RYW,BIRMINGHAM COMMUNITY HEALTHCARE NHS FOUNDATION TRUST,C_100,General Surgery Service,-,-,-,-,-,-,-,-
Y60,RYW,BIRMINGHAM COMMUNITY HEALTHCARE NHS FOUNDATION TRUST,C_101,Urology Service,-,-,-,-,-,-,-,-
Y60,RYW,BIRMINGHAM COMMUNITY HEALTHCARE NHS FOUNDATION TRUST,C_110,Trauma and Orthopaedic Service,338,217,64.20%,12.9,27.4,-,-,-
Y60,RYW,BIRMINGHAM COMMUNITY HEALTHCARE NHS FOUNDATION TRUST,C_120,Ear Nose and Throat Service,-,-,-,-,-,-,-,-
Y60,RYW,BIRMINGHAM COMMUNITY HEALTHCARE NHS FOUNDATION TRUST,C_130,Ophthalmology Service,-,-,-,-,-,-,-,-
Y60,RYW,BIRMINGHAM COMMUNITY HEALTHCARE NHS FOUNDATION TRUST,C_140,Oral Surgery Service,"4,709","3,107",66.00%,13.8,29.9,20,-,-
Y60,RYW,BIRMINGHAM COMMUNITY HEALTHCARE NHS FOUNDATION TRUST,C_150,Neurosurgical Service,-,-,-,-,-,-,-,-
Y60,RYW,BIRMINGHAM COMMUNITY HEALTHCARE NHS FOUNDATION TRUST,C_160,Plastic Surgery Service,-,-,-,-,-,-,-,-
Y60,RYW,BIRMINGHAM COMMUNITY HEALTHCARE NHS FOUNDATION TRUST,C_170,Cardiothoracic Surgery Service,-,-,-,-,-,-,-,-
Y60,RYW,BIRMINGHAM COMMUNITY HEALTHCARE NHS FOUNDATION TRUST,C_300,General Internal Medicine Service,-,-,-,-,-,-,-,-
Y60,RYW,BIRMINGHAM COMMUNITY HEALTHCARE NHS FOUNDATION TRUST,C_301,Gastroenterology Service,-,-,-,-,-,-,-,-
Y60,RYW,BIRMINGHAM COMMUNITY HEALTHCARE NHS FOUNDATION TRUST,C_320,Cardiology Service,-,-,-,-,-,-,-,-
Y60,RYW,BIRMINGHAM COMMUNITY HEALTHCARE NHS FOUNDATION TRUST,C_330,Dermatology Service,-,-,-,-,-,-,-,-
Y60,RYW,BIRMINGHAM COMMUNITY HEALTHCARE NHS FOUNDATION TRUST,C_340,Respiratory Medicine Service,-,-,-,-,-,-,-,-
Y60,RYW,BIRMINGHAM COMMUNITY HEALTHCARE NHS FOUNDATION TRUST,C_400,Neurology Service,-,-,-,-,-,-,-,-
Y60,RYW,BIRMINGHAM COMMUNITY HEALTHCARE NHS FOUNDATION TRUST,C_410,Rheumatology Service,-,-,-,-,-,-,-,-
Y60,RYW,BIRMINGHAM COMMUNITY HEALTHCARE NHS FOUNDATION TRUST,C_430,Elderly Medicine Service,-,-,-,-,-,-,-,-
Y60,RYW,BIRMINGHAM COMMUNITY HEALTHCARE NHS FOUNDATION TRUST,C_502,Gynaecology Service,-,-,-,-,-,-,-,-
Y60,RYW,BIRMINGHAM COMMUNITY HEALTHCARE NHS FOUNDATION TRUST,X02,Other - Medical Services,"3,796","3,082",81.20%,8,28.9,3,-,-
Y60,RYW,BIRMINGHAM COMMUNITY HEALTHCARE NHS FOUNDATION TRUST,X03,Other - Mental Health Services,3,3,100.00%,-,-,-,-,-
Y60,RYW,BIRMINGHAM COMMUNITY HEALTHCARE NHS FOUNDATION TRUST,X04,Other - Paediatric Services,919,569,61.90%,13.2,36.7,2,-,-
Y60,RYW,BIRMINGHAM COMMUNITY HEALTHCARE NHS FOUNDATION TRUST,X05,Other - Surgical Services,"6,353","3,686",58.00%,15.1,38,33,-,-
Y60,RYW,BIRMINGHAM COMMUNITY HEALTHCARE NHS FOUNDATION TRUST,X06,Other - Other Services,-,-,-,-,-,-,-,-
Y61,R1L,ESSEX PARTNERSHIP UNIVERSITY NHS FOUNDATION TRUST,C_100,General Surgery Service,-,-,-,-,-,-,-,-
Y61,R1L,ESSEX PARTNERSHIP UNIVERSITY NHS FOUNDATION TRUST,C_101,Urology Service,-,-,-,-,-,-,-,-
Y61,R1L,ESSEX PARTNERSHIP UNIVERSITY NHS FOUNDATION TRUST,C_110,Trauma and Orthopaedic Service,-,-,-,-,-,-,-,-
Y61,R1L,ESSEX PARTNERSHIP UNIVERSITY NHS FOUNDATION TRUST,C_120,Ear Nose and Throat Service,-,-,-,-,-,-,-,-
Y61,R1L,ESSEX PARTNERSHIP UNIVERSITY NHS FOUNDATION TRUST,C_130,Ophthalmology Service,-,-,-,-,-,-,-,-
Y61,R1L,ESSEX PARTNERSHIP UNIVERSITY NHS FOUNDATION TRUST,C_140,Oral Surgery Service,-,-,-,-,-,-,-,-
Y61,R1L,ESSEX PARTNERSHIP UNIVERSITY NHS FOUNDATION TRUST,C_150,Neurosurgical Service,-,-,-,-,-,-,-,-
Y61,R1L,ESSEX PARTNERSHIP UNIVERSITY NHS FOUNDATION TRUST,C_160,Plastic Surgery Service,-,-,-,-,-,-,-,-
Y61,R1L,ESSEX PARTNERSHIP UNIVERSITY NHS FOUNDATION TRUST,C_170,Cardiothoracic Surgery Service,-,-,-,-,-,-,-,-
Y61,R1L,ESSEX PARTNERSHIP UNIVERSITY NHS FOUNDATION TRUST,C_300,General Internal Medicine Service,-,-,-,-,-,-,-,-
Y61,R1L,ESSEX PARTNERSHIP UNIVERSITY NHS FOUNDATION TRUST,C_301,Gastroenterology Service,-,-,-,-,-,-,-,-
Y61,R1L,ESSEX PARTNERSHIP UNIVERSITY NHS FOUNDATION TRUST,C_320,Cardiology Service,-,-,-,-,-,-,-,-
Y61,R1L,ESSEX PARTNERSHIP UNIVERSITY NHS FOUNDATION TRUST,C_330,Dermatology Service,-,-,-,-,-,-,-,-
Y61,R1L,ESSEX PARTNERSHIP UNIVERSITY NHS FOUNDATION TRUST,C_340,Respiratory Medicine Service,-,-,-,-,-,-,-,-
Y61,R1L,ESSEX PARTNERSHIP UNIVERSITY NHS FOUNDATION TRUST,C_400,Neurology Service,-,-,-,-,-,-,-,-
Y61,R1L,ESSEX PARTNERSHIP UNIVERSITY NHS FOUNDATION TRUST,C_410,Rheumatology Service,-,-,-,-,-,-,-,-
Y61,R1L,ESSEX PARTNERSHIP UNIVERSITY NHS FOUNDATION TRUST,C_430,Elderly Medicine Service,-,-,-,-,-,-,-,-
Y61,R1L,ESSEX PARTNERSHIP UNIVERSITY NHS FOUNDATION TRUST,C_502,Gynaecology Service,-,-,-,-,-,-,-,-
Y61,R1L,ESSEX PARTNERSHIP UNIVERSITY NHS FOUNDATION TRUST,X02,Other - Medical Services,-,-,-,-,-,-,-,-
Y61,R1L,ESSEX PARTNERSHIP UNIVERSITY NHS FOUNDATION TRUST,X03,Other - Mental Health Services,-,-,-,-,-,-,-,-
Y61,R1L,ESSEX PARTNERSHIP UNIVERSITY NHS FOUNDATION TRUST,X04,Other - Paediatric Services,"1,210",920,76.00%,10.3,22.9,-,-,-
Y61,R1L,ESSEX PARTNERSHIP UNIVERSITY NHS FOUNDATION TRUST,X05,Other - Surgical Services,-,-,-,-,-,-,-,-
Y61,R1L,ESSEX PARTNERSHIP UNIVERSITY NHS FOUNDATION TRUST,X06,Other - Other Services,-,-,-,-,-,-,-,-
Y61,RAJ,MID AND SOUTH ESSEX NHS FOUNDATION TRUST,C_100,General Surgery Service,"8,770","4,057",46.30%,19.9,47.1,427,-,89
Y61,RAJ,MID AND SOUTH ESSEX NHS FOUNDATION TRUST,C_101,Urology Service,"9,481","5,046",53.20%,16.8,45.1,347,-,86
Y61,RAJ,MID AND SOUTH ESSEX NHS FOUNDATION TRUST,C_110,Trauma and Orthopaedic Service,"16,255","7,509",46.20%,19.7,52.6,"1,379",1,364
Y61,RAJ,MID AND SOUTH ESSEX NHS FOUNDATION TRUST,C_120,Ear Nose and Throat Service,"14,722","6,100",41.40%,21.6,55.8,"1,613",2,313
Y61,RAJ,MID AND SOUTH ESSEX NHS FOUNDATION TRUST,C_130,Ophthalmology Service,"13,613","7,104",52.20%,17,48.3,766,-,75
Y61,RAJ,MID AND SOUTH ESSEX NHS FOUNDATION TRUST,C_140,Oral Surgery Service,"4,889","1,665",34.10%,29.5,59.8,838,8,210
Y61,RAJ,MID AND SOUTH ESSEX NHS FOUNDATION TRUST,C_150,Neurosurgical Service,92,44,47.80%,18.5,48.3,5,-,2
Y61,RAJ,MID AND SOUTH ESSEX NHS FOUNDATION TRUST,C_160,Plastic Surgery Service,"5,314","2,904",54.60%,15.7,52.2,434,7,161
Y61,RAJ,MID AND SOUTH ESSEX NHS FOUNDATION TRUST,C_170,Cardiothoracic Surgery Service,16,2,12.50%,-,-,-,-,-
Y61,RAJ,MID AND SOUTH ESSEX NHS FOUNDATION TRUST,C_300,General Internal Medicine Service,"1,866","1,335",71.50%,10.4,33.1,13,-,3
Y61,RAJ,MID AND SOUTH ESSEX NHS FOUNDATION TRUST,C_301,Gastroenterology Service,"9,595","5,283",55.10%,16,46.5,468,-,134
Y61,RAJ,MID AND SOUTH ESSEX NHS FOUNDATION TRUST,C_320,Cardiology Service,"11,997","7,001",58.40%,14.8,39.8,230,-,33
Y61,RAJ,MID AND SOUTH ESSEX NHS FOUNDATION TRUST,C_330,Dermatology Service,"11,360","6,054",53.30%,16.6,45.6,152,-,2
Y61,RAJ,MID AND SOUTH ESSEX NHS FOUNDATION TRUST,C_340,Respiratory Medicine Service,"5,049","3,274",64.80%,13.2,32.9,13,-,1
Y61,RAJ,MID AND SOUTH ESSEX NHS FOUNDATION TRUST,C_400,Neurology Service,"5,577","2,778",49.80%,18.1,42.3,212,-,67
Y61,RAJ,MID AND SOUTH ESSEX NHS FOUNDATION TRUST,C_410,Rheumatology Service,"2,818","1,675",59.40%,13.5,37.9,35,-,1
Y61,RAJ,MID AND SOUTH ESSEX NHS FOUNDATION TRUST,C_430,Elderly Medicine Service,823,638,77.50%,7.8,28.5,-,-,-
Y61,RAJ,MID AND SOUTH ESSEX NHS FOUNDATION TRUST,C_502,Gynaecology Service,"12,446","6,525",52.40%,17.2,42.2,384,-,52
Y61,RAJ,MID AND SOUTH ESSEX NHS FOUNDATION TRUST,X02,Other - Medical Services,"17,003","10,640",62.60%,12.6,41.7,521,-,134
Y61,RAJ,MID AND SOUTH ESSEX NHS FOUNDATION TRUST,X03,Other - Mental Health Services,-,-,-,-,-,-,-,-
Y61,RAJ,MID AND SOUTH ESSEX NHS FOUNDATION TRUST,X04,Other - Paediatric Services,"4,399","1,974",44.90%,20.3,52.7,376,-,95
Y61,RAJ,MID AND SOUTH ESSEX NHS FOUNDATION TRUST,X05,Other - Surgical Services,"7,400","4,097",55.40%,14.8,49.5,473,-,141
Y61,RAJ,MID AND SOUTH ESSEX NHS FOUNDATION TRUST,X06,Other - Other Services,"4,555","3,357",73.70%,7.6,37.3,53,-,7
Y61,RC9,BEDFORDSHIRE HOSPITALS NHS FOUNDATION TRUST,C_100,General Surgery Service,"4,733","2,287",48.30%,18.9,49.7,299,-,68
Y61,RC9,BEDFORDSHIRE HOSPITALS NHS FOUNDATION TRUST,C_101,Urology Service,"6,144","3,069",50.00%,18,52.8,519,-,114
Y61,RC9,BEDFORDSHIRE HOSPITALS NHS FOUNDATION TRUST,C_110,Trauma and Orthopaedic Service,"6,410","2,924",45.60%,19.7,51.9,509,2,116
Y61,RC9,BEDFORDSHIRE HOSPITALS NHS FOUNDATION TRUST,C_120,Ear Nose and Throat Service,"8,452","4,234",50.10%,18,51.2,614,1,89
Y61,RC9,BEDFORDSHIRE HOSPITALS NHS FOUNDATION TRUST,C_130,Ophthalmology Service,"10,240","5,372",52.50%,16.9,39.3,167,-,10
Y61,RC9,BEDFORDSHIRE HOSPITALS NHS FOUNDATION TRUST,C_140,Oral Surgery Service,"6,669","2,886",43.30%,21.8,57.6,872,-,189
Y61,RC9,BEDFORDSHIRE HOSPITALS NHS FOUNDATION TRUST,C_150,Neurosurgical Service,-,-,-,-,-,-,-,-
Y61,RC9,BEDFORDSHIRE HOSPITALS NHS FOUNDATION TRUST,C_160,Plastic Surgery Service,"1,761",937,53.20%,16.3,51.1,131,2,36
Y61,RC9,BEDFORDSHIRE HOSPITALS NHS FOUNDATION TRUST,C_170,Cardiothoracic Surgery Service,-,-,-,-,-,-,-,-
Y61,RC9,BEDFORDSHIRE HOSPITALS NHS FOUNDATION TRUST,C_300,General Internal Medicine Service,"3,069","2,034",66.30%,13,26.1,1,-,-
Y61,RC9,BEDFORDSHIRE HOSPITALS NHS FOUNDATION TRUST,C_301,Gastroenterology Service,"3,738","2,003",53.60%,16.2,46,131,-,24
Y61,RC9,BEDFORDSHIRE HOSPITALS NHS FOUNDATION TRUST,C_320,Cardiology Service,"7,382","3,934",53.30%,16.8,47,299,-,19
Y61,RC9,BEDFORDSHIRE HOSPITALS NHS FOUNDATION TRUST,C_330,Dermatology Service,"5,169","3,623",70.10%,10.5,41.3,76,-,8
Y61,RC9,BEDFORDSHIRE HOSPITALS NHS FOUNDATION TRUST,C_340,Respiratory Medicine Service,"3,951","2,596",65.70%,13,40.2,119,-,30
Y61,RC9,BEDFORDSHIRE HOSPITALS NHS FOUNDATION TRUST,C_400,Neurology Service,"3,648","1,613",44.20%,20.2,44.3,49,-,5
Y61,RC9,BEDFORDSHIRE HOSPITALS NHS FOUNDATION TRUST,C_410,Rheumatology Service,"1,099",927,84.30%,8.5,27.2,5,-,2
Y61,RC9,BEDFORDSHIRE HOSPITALS NHS FOUNDATION TRUST,C_430,Elderly Medicine Service,380,332,87.40%,7.9,20.9,-,-,-
Y61,RC9,BEDFORDSHIRE HOSPITALS NHS FOUNDATION TRUST,C_502,Gynaecology Service,"9,601","4,786",49.80%,18.1,54.8,917,20,281
Y61,RC9,BEDFORDSHIRE HOSPITALS NHS FOUNDATION TRUST,X02,Other - Medical Services,"2,901","1,994",68.70%,10.4,37.8,49,-,10
Y61,RC9,BEDFORDSHIRE HOSPITALS NHS FOUNDATION TRUST,X03,Other - Mental Health Services,-,-,-,-,-,-,-,-
Y61,RC9,BEDFORDSHIRE HOSPITALS NHS FOUNDATION TRUST,X04,Other - Paediatric Services,"6,086","3,682",60.50%,14.6,41,221,-,30
Y61,RC9,BEDFORDSHIRE HOSPITALS NHS FOUNDATION TRUST,X05,Other - Surgical Services,"8,111","4,237",52.20%,16.9,48,399,-,33
Y61,RC9,BEDFORDSHIRE HOSPITALS NHS FOUNDATION TRUST,X06,Other - Other Services,"1,638",887,54.20%,16.3,43.6,37,-,6
Y61,RCX,"THE QUEEN ELIZABETH HOSPITAL, KING'S LYNN, NHS FOUNDATION TRUST",C_100,General Surgery Service,"1,665",833,50.00%,18,42.8,56,-,-
Y61,RCX,"THE QUEEN ELIZABETH HOSPITAL, KING'S LYNN, NHS FOUNDATION TRUST",C_101,Urology Service,"1,397",820,58.70%,14.7,33.8,14,-,1
Y61,RCX,"THE QUEEN ELIZABETH HOSPITAL, KING'S LYNN, NHS FOUNDATION TRUST",C_110,Trauma and Orthopaedic Service,"2,480","1,372",55.30%,15.8,44,94,2,9
Y61,RCX,"THE QUEEN ELIZABETH HOSPITAL, KING'S LYNN, NHS FOUNDATION TRUST",C_120,Ear Nose and Throat Service,"2,370","1,618",68.30%,11.8,37.9,80,-,4
Y61,RCX,"THE QUEEN ELIZABETH HOSPITAL, KING'S LYNN, NHS FOUNDATION TRUST",C_130,Ophthalmology Service,"2,310","1,480",64.10%,12.3,38,50,-,1
Y61,RCX,"THE QUEEN ELIZABETH HOSPITAL, KING'S LYNN, NHS FOUNDATION TRUST",C_140,Oral Surgery Service,533,287,53.80%,16.5,45.5,19,-,-
Y61,RCX,"THE QUEEN ELIZABETH HOSPITAL, KING'S LYNN, NHS FOUNDATION TRUST",C_150,Neurosurgical Service,-,-,-,-,-,-,-,-
Y61,RCX,"THE QUEEN ELIZABETH HOSPITAL, KING'S LYNN, NHS FOUNDATION TRUST",C_160,Plastic Surgery Service,98,69,70.40%,10.2,33.5,-,-,-
Y61,RCX,"THE QUEEN ELIZABETH HOSPITAL, KING'S LYNN, NHS FOUNDATION TRUST",C_170,Cardiothoracic Surgery Service,6,6,100.00%,-,-,-,-,-
Y61,RCX,"THE QUEEN ELIZABETH HOSPITAL, KING'S LYNN, NHS FOUNDATION TRUST",C_300,General Internal Medicine Service,224,201,89.70%,1.1,29,3,-,-
Y61,RCX,"THE QUEEN ELIZABETH HOSPITAL, KING'S LYNN, NHS FOUNDATION TRUST",C_301,Gastroenterology Service,"1,354",830,61.30%,14.6,30,1,-,-
Y61,RCX,"THE QUEEN ELIZABETH HOSPITAL, KING'S LYNN, NHS FOUNDATION TRUST",C_320,Cardiology Service,"1,727","1,088",63.00%,14.4,34.7,4,-,1
Y61,RCX,"THE QUEEN ELIZABETH HOSPITAL, KING'S LYNN, NHS FOUNDATION TRUST",C_330,Dermatology Service,"2,686","1,456",54.20%,16.2,44,70,-,-
Y61,RCX,"THE QUEEN ELIZABETH HOSPITAL, KING'S LYNN, NHS FOUNDATION TRUST",C_340,Respiratory Medicine Service,"1,061",424,40.00%,23.8,48.4,31,-,-
Y61,RCX,"THE QUEEN ELIZABETH HOSPITAL, KING'S LYNN, NHS FOUNDATION TRUST",C_400,Neurology Service,"1,121",596,53.20%,16.6,37.6,8,-,-
Y61,RCX,"THE QUEEN ELIZABETH HOSPITAL, KING'S LYNN, NHS FOUNDATION TRUST",C_410,Rheumatology Service,900,509,56.60%,15.1,36.5,-,-,-
Y61,RCX,"THE QUEEN ELIZABETH HOSPITAL, KING'S LYNN, NHS FOUNDATION TRUST",C_430,Elderly Medicine Service,44,42,95.50%,4.4,14.5,-,-,-
Y61,RCX,"THE QUEEN ELIZABETH HOSPITAL, KING'S LYNN, NHS FOUNDATION TRUST",C_502,Gynaecology Service,"2,323","1,038",44.70%,20.5,50.5,153,-,5
Y61,RCX,"THE QUEEN ELIZABETH HOSPITAL, KING'S LYNN, NHS FOUNDATION TRUST",X02,Other - Medical Services,"1,550",960,61.90%,13.3,38.7,6,-,-
Y61,RCX,"THE QUEEN ELIZABETH HOSPITAL, KING'S LYNN, NHS FOUNDATION TRUST",X03,Other - Mental Health Services,-,-,-,-,-,-,-,-
Y61,RCX,"THE QUEEN ELIZABETH HOSPITAL, KING'S LYNN, NHS FOUNDATION TRUST",X04,Other - Paediatric Services,691,590,85.40%,6.7,23.6,-,-,-
Y61,RCX,"THE QUEEN ELIZABETH HOSPITAL, KING'S LYNN, NHS FOUNDATION TRUST",X05,Other - Surgical Services,"1,823","1,228",67.40%,10.7,31.8,8,-,-
Y61,RCX,"THE QUEEN ELIZABETH HOSPITAL, KING'S LYNN, NHS FOUNDATION TRUST",X06,Other - Other Services,399,241,60.40%,14.6,45.8,12,-,-
Y61,RD8,MILTON KEYNES UNIVERSITY HOSPITAL NHS FOUNDATION TRUST,C_100,General Surgery Service,"1,716",793,46.20%,19.8,53.5,157,9,70
Y61,RD8,MILTON KEYNES UNIVERSITY HOSPITAL NHS FOUNDATION TRUST,C_101,Urology Service,"2,344",749,32.00%,35.5,67.8,576,18,251
Y61,RD8,MILTON KEYNES UNIVERSITY HOSPITAL NHS FOUNDATION TRUST,C_110,Trauma and Orthopaedic Service,"3,756","1,330",35.40%,26.4,58.8,499,4,133
Y61,RD8,MILTON KEYNES UNIVERSITY HOSPITAL NHS FOUNDATION TRUST,C_120,Ear Nose and Throat Service,"2,693","1,110",41.20%,21.5,58.5,322,3,111
Y61,RD8,MILTON KEYNES UNIVERSITY HOSPITAL NHS FOUNDATION TRUST,C_130,Ophthalmology Service,"3,511","1,200",34.20%,28.4,56.6,449,1,92
Y61,RD8,MILTON KEYNES UNIVERSITY HOSPITAL NHS FOUNDATION TRUST,C_140,Oral Surgery Service,"2,066",646,31.30%,29,58.5,260,3,94
Y61,RD8,MILTON KEYNES UNIVERSITY HOSPITAL NHS FOUNDATION TRUST,C_150,Neurosurgical Service,-,-,-,-,-,-,-,-
Y61,RD8,MILTON KEYNES UNIVERSITY HOSPITAL NHS FOUNDATION TRUST,C_160,Plastic Surgery Service,-,-,-,-,-,-,-,-
Y61,RD8,MILTON KEYNES UNIVERSITY HOSPITAL NHS FOUNDATION TRUST,C_170,Cardiothoracic Surgery Service,-,-,-,-,-,-,-,-
Y61,RD8,MILTON KEYNES UNIVERSITY HOSPITAL NHS FOUNDATION TRUST,C_300,General Internal Medicine Service,262,217,82.80%,8.7,25.3,1,-,-
Y61,RD8,MILTON KEYNES UNIVERSITY HOSPITAL NHS FOUNDATION TRUST,C_301,Gastroenterology Service,"1,279",323,25.30%,28.1,48.7,65,-,8
Y61,RD8,MILTON KEYNES UNIVERSITY HOSPITAL NHS FOUNDATION TRUST,C_320,Cardiology Service,"1,003",376,37.50%,25.2,45.5,24,-,4
Y61,RD8,MILTON KEYNES UNIVERSITY HOSPITAL NHS FOUNDATION TRUST,C_330,Dermatology Service,"1,059",994,93.90%,4.7,15,-,-,-
Y61,RD8,MILTON KEYNES UNIVERSITY HOSPITAL NHS FOUNDATION TRUST,C_340,Respiratory Medicine Service,"1,545",781,50.60%,17.8,46.4,51,-,5
Y61,RD8,MILTON KEYNES UNIVERSITY HOSPITAL NHS FOUNDATION TRUST,C_400,Neurology Service,"1,312",223,17.00%,29.9,57.4,237,2,37
Y61,RD8,MILTON KEYNES UNIVERSITY HOSPITAL NHS FOUNDATION TRUST,C_410,Rheumatology Service,"1,028",479,46.60%,19.2,44.3,30,-,2
Y61,RD8,MILTON KEYNES UNIVERSITY HOSPITAL NHS FOUNDATION TRUST,C_430,Elderly Medicine Service,22,16,72.70%,10.7,35.2,-,-,-
Y61,RD8,MILTON KEYNES UNIVERSITY HOSPITAL NHS FOUNDATION TRUST,C_502,Gynaecology Service,"3,277",704,21.50%,34.2,60.4,558,5,162
Y61,RD8,MILTON KEYNES UNIVERSITY HOSPITAL NHS FOUNDATION TRUST,X02,Other - Medical Services,"5,444","2,107",38.70%,23.6,55,545,-,137
Y61,RD8,MILTON KEYNES UNIVERSITY HOSPITAL NHS FOUNDATION TRUST,X03,Other - Mental Health Services,-,-,-,-,-,-,-,-
Y61,RD8,MILTON KEYNES UNIVERSITY HOSPITAL NHS FOUNDATION TRUST,X04,Other - Paediatric Services,"1,404",693,49.40%,18.3,60.1,171,2,89
Y61,RD8,MILTON KEYNES UNIVERSITY HOSPITAL NHS FOUNDATION TRUST,X05,Other - Surgical Services,"2,051","1,087",53.00%,16.5,56.8,227,10,93
Y61,RD8,MILTON KEYNES UNIVERSITY HOSPITAL NHS FOUNDATION TRUST,X06,Other - Other Services,313,12,3.80%,44.7,48.9,2,-,-
Y61,RDE,EAST SUFFOLK AND NORTH ESSEX NHS FOUNDATION TRUST,C_100,General Surgery Service,"12,292","6,267",51.00%,17.5,49.3,701,-,87
Y61,RDE,EAST SUFFOLK AND NORTH ESSEX NHS FOUNDATION TRUST,C_101,Urology Service,"6,345","3,287",51.80%,17,48,367,-,94
Y61,RDE,EAST SUFFOLK AND NORTH ESSEX NHS FOUNDATION TRUST,C_110,Trauma and Orthopaedic Service,"12,726","5,332",41.90%,22.1,54.4,"1,251",4,329
Y61,RDE,EAST SUFFOLK AND NORTH ESSEX NHS FOUNDATION TRUST,C_120,Ear Nose and Throat Service,"9,148","5,461",59.70%,14.9,39.3,339,-,37
Y61,RDE,EAST SUFFOLK AND NORTH ESSEX NHS FOUNDATION TRUST,C_130,Ophthalmology Service,"9,297","6,175",66.40%,12.3,37.4,188,8,21
Y61,RDE,EAST SUFFOLK AND NORTH ESSEX NHS FOUNDATION TRUST,C_140,Oral Surgery Service,"2,691","1,573",58.50%,15.1,40.6,91,-,-
Y61,RDE,EAST SUFFOLK AND NORTH ESSEX NHS FOUNDATION TRUST,C_150,Neurosurgical Service,1,1,100.00%,-,-,-,-,-
Y61,RDE,EAST SUFFOLK AND NORTH ESSEX NHS FOUNDATION TRUST,C_160,Plastic Surgery Service,347,199,57.30%,15.2,38.1,4,-,-
Y61,RDE,EAST SUFFOLK AND NORTH ESSEX NHS FOUNDATION TRUST,C_170,Cardiothoracic Surgery Service,-,-,-,-,-,-,-,-
Y61,RDE,EAST SUFFOLK AND NORTH ESSEX NHS FOUNDATION TRUST,C_300,General Internal Medicine Service,298,198,66.40%,10.3,30.6,3,-,2
Y61,RDE,EAST SUFFOLK AND NORTH ESSEX NHS FOUNDATION TRUST,C_301,Gastroenterology Service,"4,560","2,754",60.40%,13.4,46.4,161,-,15
Y61,RDE,EAST SUFFOLK AND NORTH ESSEX NHS FOUNDATION TRUST,C_320,Cardiology Service,"2,962","2,011",67.90%,10.8,36.1,28,-,-
Y61,RDE,EAST SUFFOLK AND NORTH ESSEX NHS FOUNDATION TRUST,C_330,Dermatology Service,"7,905","5,245",66.40%,11.1,36.4,37,-,-
Y61,RDE,EAST SUFFOLK AND NORTH ESSEX NHS FOUNDATION TRUST,C_340,Respiratory Medicine Service,"2,088","1,424",68.20%,10.7,35.3,10,-,1
Y61,RDE,EAST SUFFOLK AND NORTH ESSEX NHS FOUNDATION TRUST,C_400,Neurology Service,"3,023","1,612",53.30%,16.7,46.6,102,-,-
Y61,RDE,EAST SUFFOLK AND NORTH ESSEX NHS FOUNDATION TRUST,C_410,Rheumatology Service,"1,129","1,068",94.60%,5.9,16,-,-,-
Y61,RDE,EAST SUFFOLK AND NORTH ESSEX NHS FOUNDATION TRUST,C_430,Elderly Medicine Service,173,167,96.50%,2.6,11.2,-,-,-
Y61,RDE,EAST SUFFOLK AND NORTH ESSEX NHS FOUNDATION TRUST,C_502,Gynaecology Service,"7,954","4,208",52.90%,16.7,45.2,309,-,47
Y61,RDE,EAST SUFFOLK AND NORTH ESSEX NHS FOUNDATION TRUST,X02,Other - Medical Services,"5,289","3,635",68.70%,10,42,196,-,24
Y61,RDE,EAST SUFFOLK AND NORTH ESSEX NHS FOUNDATION TRUST,X03,Other - Mental Health Services,2,2,100.00%,-,-,-,-,-
Y61,RDE,EAST SUFFOLK AND NORTH ESSEX NHS FOUNDATION TRUST,X04,Other - Paediatric Services,437,283,64.80%,11,61.1,68,-,21
Y61,RDE,EAST SUFFOLK AND NORTH ESSEX NHS FOUNDATION TRUST,X05,Other - Surgical Services,103,96,93.20%,2.4,11.8,-,-,-
Y61,RDE,EAST SUFFOLK AND NORTH ESSEX NHS FOUNDATION TRUST,X06,Other - Other Services,216,172,79.60%,7.6,40.7,9,-,2
Y61,RGM,ROYAL PAPWORTH HOSPITAL NHS FOUNDATION TRUST,C_100,General Surgery Service,-,-,-,-,-,-,-,-
Y61,RGM,ROYAL PAPWORTH HOSPITAL NHS FOUNDATION TRUST,C_101,Urology Service,-,-,-,-,-,-,-,-
Y61,RGM,ROYAL PAPWORTH HOSPITAL NHS FOUNDATION TRUST,C_110,Trauma and Orthopaedic Service,-,-,-,-,-,-,-,-
Y61,RGM,ROYAL PAPWORTH HOSPITAL NHS FOUNDATION TRUST,C_120,Ear Nose and Throat Service,-,-,-,-,-,-,-,-
Y61,RGM,ROYAL PAPWORTH HOSPITAL NHS FOUNDATION TRUST,C_130,Ophthalmology Service,-,-,-,-,-,-,-,-
Y61,RGM,ROYAL PAPWORTH HOSPITAL NHS FOUNDATION TRUST,C_140,Oral Surgery Service,-,-,-,-,-,-,-,-
Y61,RGM,ROYAL PAPWORTH HOSPITAL NHS FOUNDATION TRUST,C_150,Neurosurgical Service,-,-,-,-,-,-,-,-
Y61,RGM,ROYAL PAPWORTH HOSPITAL NHS FOUNDATION TRUST,C_160,Plastic Surgery Service,-,-,-,-,-,-,-,-
Y61,RGM,ROYAL PAPWORTH HOSPITAL NHS FOUNDATION TRUST,C_170,Cardiothoracic Surgery Service,714,410,57.40%,15,38.3,11,1,1
Y61,RGM,ROYAL PAPWORTH HOSPITAL NHS FOUNDATION TRUST,C_300,General Internal Medicine Service,-,-,-,-,-,-,-,-
Y61,RGM,ROYAL PAPWORTH HOSPITAL NHS FOUNDATION TRUST,C_301,Gastroenterology Service,-,-,-,-,-,-,-,-
Y61,RGM,ROYAL PAPWORTH HOSPITAL NHS FOUNDATION TRUST,C_320,Cardiology Service,"2,293","1,474",64.30%,12.8,36.1,34,2,4
Y61,RGM,ROYAL PAPWORTH HOSPITAL NHS FOUNDATION TRUST,C_330,Dermatology Service,-,-,-,-,-,-,-,-
Y61,RGM,ROYAL PAPWORTH HOSPITAL NHS FOUNDATION TRUST,C_340,Respiratory Medicine Service,"4,041","2,827",70.00%,11.3,30.5,6,-,1
Y61,RGM,ROYAL PAPWORTH HOSPITAL NHS FOUNDATION TRUST,C_400,Neurology Service,-,-,-,-,-,-,-,-
Y61,RGM,ROYAL PAPWORTH HOSPITAL NHS FOUNDATION TRUST,C_410,Rheumatology Service,-,-,-,-,-,-,-,-
Y61,RGM,ROYAL PAPWORTH HOSPITAL NHS FOUNDATION TRUST,C_430,Elderly Medicine Service,-,-,-,-,-,-,-,-
Y61,RGM,ROYAL PAPWORTH HOSPITAL NHS FOUNDATION TRUST,C_502,Gynaecology Service,-,-,-,-,-,-,-,-
Y61,RGM,ROYAL PAPWORTH HOSPITAL NHS FOUNDATION TRUST,X02,Other - Medical Services,-,-,-,-,-,-,-,-
Y61,RGM,ROYAL PAPWORTH HOSPITAL NHS FOUNDATION TRUST,X03,Other - Mental Health Services,-,-,-,-,-,-,-,-
Y61,RGM,ROYAL PAPWORTH HOSPITAL NHS FOUNDATION TRUST,X04,Other - Paediatric Services,-,-,-,-,-,-,-,-
Y61,RGM,ROYAL PAPWORTH HOSPITAL NHS FOUNDATION TRUST,X05,Other - Surgical Services,-,-,-,-,-,-,-,-
Y61,RGM,ROYAL PAPWORTH HOSPITAL NHS FOUNDATION TRUST,X06,Other - Other Services,-,-,-,-,-,-,-,-
Y61,RGN,NORTH WEST ANGLIA NHS FOUNDATION TRUST,C_100,General Surgery Service,"6,874","3,881",56.50%,15.1,46.1,300,-,37
Y61,RGN,NORTH WEST ANGLIA NHS FOUNDATION TRUST,C_101,Urology Service,"7,413","3,436",46.40%,20.2,56.3,850,1,271
Y61,RGN,NORTH WEST ANGLIA NHS FOUNDATION TRUST,C_110,Trauma and Orthopaedic Service,"5,836","3,019",51.70%,17.3,47.5,298,-,59
Y61,RGN,NORTH WEST ANGLIA NHS FOUNDATION TRUST,C_120,Ear Nose and Throat Service,"9,280","3,787",40.80%,22.7,56.4,"1,125",-,226
Y61,RGN,NORTH WEST ANGLIA NHS FOUNDATION TRUST,C_130,Ophthalmology Service,"9,732","4,672",48.00%,19.3,56.1,"1,127",2,297
Y61,RGN,NORTH WEST ANGLIA NHS FOUNDATION TRUST,C_140,Oral Surgery Service,"2,983","1,220",40.90%,23.5,56.5,385,-,42
Y61,RGN,NORTH WEST ANGLIA NHS FOUNDATION TRUST,C_150,Neurosurgical Service,-,-,-,-,-,-,-,-
Y61,RGN,NORTH WEST ANGLIA NHS FOUNDATION TRUST,C_160,Plastic Surgery Service,"1,553",964,62.10%,12.7,39.8,27,-,7
Y61,RGN,NORTH WEST ANGLIA NHS FOUNDATION TRUST,C_170,Cardiothoracic Surgery Service,-,-,-,-,-,-,-,-
Y61,RGN,NORTH WEST ANGLIA NHS FOUNDATION TRUST,C_300,General Internal Medicine Service,9,8,88.90%,-,-,1,-,1
Y61,RGN,NORTH WEST ANGLIA NHS FOUNDATION TRUST,C_301,Gastroenterology Service,"4,347","2,194",50.50%,17.6,50,288,-,37
Y61,RGN,NORTH WEST ANGLIA NHS FOUNDATION TRUST,C_320,Cardiology Service,"7,434","3,441",46.30%,19.6,44.6,160,1,5
Y61,RGN,NORTH WEST ANGLIA NHS FOUNDATION TRUST,C_330,Dermatology Service,"3,998","2,064",51.60%,17.1,45.4,105,-,20
Y61,RGN,NORTH WEST ANGLIA NHS FOUNDATION TRUST,C_340,Respiratory Medicine Service,"1,555","1,328",85.40%,8.2,21,1,-,-
Y61,RGN,NORTH WEST ANGLIA NHS FOUNDATION TRUST,C_400,Neurology Service,"1,251",892,71.30%,10.9,35,3,-,-
Y61,RGN,NORTH WEST ANGLIA NHS FOUNDATION TRUST,C_410,Rheumatology Service,"1,857",817,44.00%,21.1,52.6,159,-,1
Y61,RGN,NORTH WEST ANGLIA NHS FOUNDATION TRUST,C_430,Elderly Medicine Service,637,343,53.80%,15.8,43.3,8,-,1
Y61,RGN,NORTH WEST ANGLIA NHS FOUNDATION TRUST,C_502,Gynaecology Service,"6,969","3,748",53.80%,16.2,46.4,299,-,35
Y61,RGN,NORTH WEST ANGLIA NHS FOUNDATION TRUST,X02,Other - Medical Services,"6,473","3,837",59.30%,14,44.3,233,-,14
Y61,RGN,NORTH WEST ANGLIA NHS FOUNDATION TRUST,X03,Other - Mental Health Services,2,1,50.00%,-,-,1,-,-
Y61,RGN,NORTH WEST ANGLIA NHS FOUNDATION TRUST,X04,Other - Paediatric Services,"1,042",657,63.10%,13.2,40.1,13,-,1
Y61,RGN,NORTH WEST ANGLIA NHS FOUNDATION TRUST,X05,Other - Surgical Services,383,374,97.70%,2.5,10.6,-,-,-
Y61,RGN,NORTH WEST ANGLIA NHS FOUNDATION TRUST,X06,Other - Other Services,639,290,45.40%,20.1,52.2,54,-,3
Y61,RGP,JAMES PAGET UNIVERSITY HOSPITALS NHS FOUNDATION TRUST,C_100,General Surgery Service,"4,292","2,026",47.20%,19.5,56.9,503,-,144
Y61,RGP,JAMES PAGET UNIVERSITY HOSPITALS NHS FOUNDATION TRUST,C_101,Urology Service,"2,324","1,150",49.50%,18.3,52.3,189,3,56
Y61,RGP,JAMES PAGET UNIVERSITY HOSPITALS NHS FOUNDATION TRUST,C_110,Trauma and Orthopaedic Service,"3,354","1,231",36.70%,27.5,60,572,2,158
Y61,RGP,JAMES PAGET UNIVERSITY HOSPITALS NHS FOUNDATION TRUST,C_120,Ear Nose and Throat Service,"2,303",895,38.90%,25.3,58.2,287,2,99
Y61,RGP,JAMES PAGET UNIVERSITY HOSPITALS NHS FOUNDATION TRUST,C_130,Ophthalmology Service,"2,897","1,956",67.50%,11.4,34.8,17,-,1
Y61,RGP,JAMES PAGET UNIVERSITY HOSPITALS NHS FOUNDATION TRUST,C_140,Oral Surgery Service,"1,031",458,44.40%,21.4,48.6,54,-,1
Y61,RGP,JAMES PAGET UNIVERSITY HOSPITALS NHS FOUNDATION TRUST,C_150,Neurosurgical Service,-,-,-,-,-,-,-,-
Y61,RGP,JAMES PAGET UNIVERSITY HOSPITALS NHS FOUNDATION TRUST,C_160,Plastic Surgery Service,327,140,42.80%,24.8,62.2,64,1,18
Y61,RGP,JAMES PAGET UNIVERSITY HOSPITALS NHS FOUNDATION TRUST,C_170,Cardiothoracic Surgery Service,-,-,-,-,-,-,-,-
Y61,RGP,JAMES PAGET UNIVERSITY HOSPITALS NHS FOUNDATION TRUST,C_300,General Internal Medicine Service,10,9,90.00%,-,-,-,-,-
Y61,RGP,JAMES PAGET UNIVERSITY HOSPITALS NHS FOUNDATION TRUST,C_301,Gastroenterology Service,"1,452",671,46.20%,20.4,56.6,150,7,68
Y61,RGP,JAMES PAGET UNIVERSITY HOSPITALS NHS FOUNDATION TRUST,C_320,Cardiology Service,"1,894",894,47.20%,19.3,49.2,107,-,14
Y61,RGP,JAMES PAGET UNIVERSITY HOSPITALS NHS FOUNDATION TRUST,C_330,Dermatology Service,"1,263",946,74.90%,8,35.7,30,-,6
Y61,RGP,JAMES PAGET UNIVERSITY HOSPITALS NHS FOUNDATION TRUST,C_340,Respiratory Medicine Service,"1,139",654,57.40%,15.3,31.9,-,-,-
Y61,RGP,JAMES PAGET UNIVERSITY HOSPITALS NHS FOUNDATION TRUST,C_400,Neurology Service,"1,572",636,40.50%,22.6,51.5,116,-,7
Y61,RGP,JAMES PAGET UNIVERSITY HOSPITALS NHS FOUNDATION TRUST,C_410,Rheumatology Service,411,374,91.00%,8.1,20.7,1,-,-
Y61,RGP,JAMES PAGET UNIVERSITY HOSPITALS NHS FOUNDATION TRUST,C_430,Elderly Medicine Service,10,4,40.00%,-,-,-,-,-
Y61,RGP,JAMES PAGET UNIVERSITY HOSPITALS NHS FOUNDATION TRUST,C_502,Gynaecology Service,"2,139",771,36.00%,28,58.8,281,2,104
Y61,RGP,JAMES PAGET UNIVERSITY HOSPITALS NHS FOUNDATION TRUST,X02,Other - Medical Services,568,426,75.00%,10.1,33.6,5,-,-
Y61,RGP,JAMES PAGET UNIVERSITY HOSPITALS NHS FOUNDATION TRUST,X03,Other - Mental Health Services,-,-,-,-,-,-,-,-
Y61,RGP,JAMES PAGET UNIVERSITY HOSPITALS NHS FOUNDATION TRUST,X04,Other - Paediatric Services,"2,230","1,196",53.60%,16.6,60,305,-,98
Y61,RGP,JAMES PAGET UNIVERSITY HOSPITALS NHS FOUNDATION TRUST,X05,Other - Surgical Services,"1,124",825,73.40%,9.6,46.7,60,1,18
Y61,RGP,JAMES PAGET UNIVERSITY HOSPITALS NHS FOUNDATION TRUST,X06,Other - Other Services,-,-,-,-,-,-,-,-
Y61,RGR,WEST SUFFOLK NHS FOUNDATION TRUST,C_100,General Surgery Service,"2,775","1,317",47.50%,19.2,53.3,245,1,63
Y61,RGR,WEST SUFFOLK NHS FOUNDATION TRUST,C_101,Urology Service,"2,144","1,248",58.20%,14.2,40.2,78,1,27
Y61,RGR,WEST SUFFOLK NHS FOUNDATION TRUST,C_110,Trauma and Orthopaedic Service,"4,858","2,091",43.00%,21.4,58.2,603,7,178
Y61,RGR,WEST SUFFOLK NHS FOUNDATION TRUST,C_120,Ear Nose and Throat Service,"2,918","1,673",57.30%,14.8,50,199,1,41
Y61,RGR,WEST SUFFOLK NHS FOUNDATION TRUST,C_130,Ophthalmology Service,"2,250","1,230",54.70%,15.9,47.6,83,1,4
Y61,RGR,WEST SUFFOLK NHS FOUNDATION TRUST,C_140,Oral Surgery Service,-,-,-,-,-,-,-,-
Y61,RGR,WEST SUFFOLK NHS FOUNDATION TRUST,C_150,Neurosurgical Service,-,-,-,-,-,-,-,-
Y61,RGR,WEST SUFFOLK NHS FOUNDATION TRUST,C_160,Plastic Surgery Service,"1,004",366,36.50%,28.8,58.9,166,2,39
Y61,RGR,WEST SUFFOLK NHS FOUNDATION TRUST,C_170,Cardiothoracic Surgery Service,-,-,-,-,-,-,-,-
Y61,RGR,WEST SUFFOLK NHS FOUNDATION TRUST,C_300,General Internal Medicine Service,626,428,68.40%,11,32.8,3,1,1
Y61,RGR,WEST SUFFOLK NHS FOUNDATION TRUST,C_301,Gastroenterology Service,963,584,60.60%,14,41.6,34,1,6
Y61,RGR,WEST SUFFOLK NHS FOUNDATION TRUST,C_320,Cardiology Service,675,633,93.80%,5.1,16.9,1,-,-
Y61,RGR,WEST SUFFOLK NHS FOUNDATION TRUST,C_330,Dermatology Service,"4,092","2,666",65.20%,11,38.3,62,3,16
Y61,RGR,WEST SUFFOLK NHS FOUNDATION TRUST,C_340,Respiratory Medicine Service,"1,275",713,55.90%,15.5,40.5,38,-,8
Y61,RGR,WEST SUFFOLK NHS FOUNDATION TRUST,C_400,Neurology Service,"1,086",681,62.70%,13.4,36.4,24,-,8
Y61,RGR,WEST SUFFOLK NHS FOUNDATION TRUST,C_410,Rheumatology Service,280,244,87.10%,4.3,20.8,2,-,-
Y61,RGR,WEST SUFFOLK NHS FOUNDATION TRUST,C_430,Elderly Medicine Service,16,14,87.50%,-,-,-,-,-
Y61,RGR,WEST SUFFOLK NHS FOUNDATION TRUST,C_502,Gynaecology Service,"2,356","1,494",63.40%,11.9,54.5,211,42,109
Y61,RGR,WEST SUFFOLK NHS FOUNDATION TRUST,X02,Other - Medical Services,"2,340","1,430",61.10%,13.7,38.4,48,-,8
Y61,RGR,WEST SUFFOLK NHS FOUNDATION TRUST,X03,Other - Mental Health Services,22,9,40.90%,27.5,35.2,-,-,-
Y61,RGR,WEST SUFFOLK NHS FOUNDATION TRUST,X04,Other - Paediatric Services,"1,447",745,51.50%,17,48.2,69,-,5
Y61,RGR,WEST SUFFOLK NHS FOUNDATION TRUST,X05,Other - Surgical Services,"3,842","2,330",60.60%,13.4,39.5,100,-,13
Y61,RGR,WEST SUFFOLK NHS FOUNDATION TRUST,X06,Other - Other Services,233,76,32.60%,28.1,52.8,22,-,6
Y61,RGT,CAMBRIDGE UNIVERSITY HOSPITALS NHS FOUNDATION TRUST,C_100,General Surgery Service,"1,304",621,47.60%,19.5,50,86,-,9
Y61,RGT,CAMBRIDGE UNIVERSITY HOSPITALS NHS FOUNDATION TRUST,C_101,Urology Service,"3,682","1,817",49.30%,18.3,48.1,186,-,21
Y61,RGT,CAMBRIDGE UNIVERSITY HOSPITALS NHS FOUNDATION TRUST,C_110,Trauma and Orthopaedic Service,"4,450","2,083",46.80%,19.5,48.6,250,1,39
Y61,RGT,CAMBRIDGE UNIVERSITY HOSPITALS NHS FOUNDATION TRUST,C_120,Ear Nose and Throat Service,"4,995","2,292",45.90%,19.8,49.8,330,4,66
Y61,RGT,CAMBRIDGE UNIVERSITY HOSPITALS NHS FOUNDATION TRUST,C_130,Ophthalmology Service,"6,663","3,626",54.40%,16.1,43.9,234,5,29
Y61,RGT,CAMBRIDGE UNIVERSITY HOSPITALS NHS FOUNDATION TRUST,C_140,Oral Surgery Service,"3,433","1,581",46.10%,19.8,50.3,247,1,26
Y61,RGT,CAMBRIDGE UNIVERSITY HOSPITALS NHS FOUNDATION TRUST,C_150,Neurosurgical Service,"1,475","1,108",75.10%,8.8,34.3,30,2,11
Y61,RGT,CAMBRIDGE UNIVERSITY HOSPITALS NHS FOUNDATION TRUST,C_160,Plastic Surgery Service,"2,406","1,243",51.70%,16.8,50.9,178,2,12
Y61,RGT,CAMBRIDGE UNIVERSITY HOSPITALS NHS FOUNDATION TRUST,C_170,Cardiothoracic Surgery Service,-,-,-,-,-,-,-,-
Y61,RGT,CAMBRIDGE UNIVERSITY HOSPITALS NHS FOUNDATION TRUST,C_300,General Internal Medicine Service,590,231,39.20%,21.9,45.2,9,-,-
Y61,RGT,CAMBRIDGE UNIVERSITY HOSPITALS NHS FOUNDATION TRUST,C_301,Gastroenterology Service,"2,151","1,552",72.20%,9.6,31.3,3,-,-
Y61,RGT,CAMBRIDGE UNIVERSITY HOSPITALS NHS FOUNDATION TRUST,C_320,Cardiology Service,"2,691","1,257",46.70%,19.9,52.6,231,2,35
Y61,RGT,CAMBRIDGE UNIVERSITY HOSPITALS NHS FOUNDATION TRUST,C_330,Dermatology Service,"4,506","2,231",49.50%,18.3,52.6,379,-,15
Y61,RGT,CAMBRIDGE UNIVERSITY HOSPITALS NHS FOUNDATION TRUST,C_340,Respiratory Medicine Service,"1,002",694,69.30%,10.3,30.4,-,-,-
Y61,RGT,CAMBRIDGE UNIVERSITY HOSPITALS NHS FOUNDATION TRUST,C_400,Neurology Service,"1,201","1,034",86.10%,9.2,20.8,3,-,-
Y61,RGT,CAMBRIDGE UNIVERSITY HOSPITALS NHS FOUNDATION TRUST,C_410,Rheumatology Service,"1,875","1,522",81.20%,8.9,28.5,2,-,-
Y61,RGT,CAMBRIDGE UNIVERSITY HOSPITALS NHS FOUNDATION TRUST,C_430,Elderly Medicine Service,68,52,76.50%,9,23.6,-,-,-
Y61,RGT,CAMBRIDGE UNIVERSITY HOSPITALS NHS FOUNDATION TRUST,C_502,Gynaecology Service,"3,686","1,858",50.40%,17.8,50.9,264,1,47
Y61,RGT,CAMBRIDGE UNIVERSITY HOSPITALS NHS FOUNDATION TRUST,X02,Other - Medical Services,"7,651","6,028",78.80%,8.3,32.1,133,4,16
Y61,RGT,CAMBRIDGE UNIVERSITY HOSPITALS NHS FOUNDATION TRUST,X03,Other - Mental Health Services,25,13,52.00%,15.5,48,2,-,-
Y61,RGT,CAMBRIDGE UNIVERSITY HOSPITALS NHS FOUNDATION TRUST,X04,Other - Paediatric Services,"5,386","3,274",60.80%,13.7,47.4,297,2,67
Y61,RGT,CAMBRIDGE UNIVERSITY HOSPITALS NHS FOUNDATION TRUST,X05,Other - Surgical Services,"3,912","2,786",71.20%,8.3,40.2,128,2,16
Y61,RGT,CAMBRIDGE UNIVERSITY HOSPITALS NHS FOUNDATION TRUST,X06,Other - Other Services,965,615,63.70%,10.2,45,34,-,1
Y61,RM1,NORFOLK AND NORWICH UNIVERSITY HOSPITALS NHS FOUNDATION TRUST,C_100,General Surgery Service,"7,425","3,836",51.70%,17.1,51.2,562,21,178
Y61,RM1,NORFOLK AND NORWICH UNIVERSITY HOSPITALS NHS FOUNDATION TRUST,C_101,Urology Service,"4,419","2,569",58.10%,14.4,50.5,322,2,108
Y61,RM1,NORFOLK AND NORWICH UNIVERSITY HOSPITALS NHS FOUNDATION TRUST,C_110,Trauma and Orthopaedic Service,"12,211","4,011",32.80%,28.7,61.9,"2,136",91,780
Y61,RM1,NORFOLK AND NORWICH UNIVERSITY HOSPITALS NHS FOUNDATION TRUST,C_120,Ear Nose and Throat Service,"7,422","3,495",47.10%,19.3,47.8,440,8,134
Y61,RM1,NORFOLK AND NORWICH UNIVERSITY HOSPITALS NHS FOUNDATION TRUST,C_130,Ophthalmology Service,"5,616","3,315",59.00%,14.1,49.8,390,21,153
Y61,RM1,NORFOLK AND NORWICH UNIVERSITY HOSPITALS NHS FOUNDATION TRUST,C_140,Oral Surgery Service,"2,636","1,426",54.10%,16.3,46.2,133,-,12
Y61,RM1,NORFOLK AND NORWICH UNIVERSITY HOSPITALS NHS FOUNDATION TRUST,C_150,Neurosurgical Service,-,-,-,-,-,-,-,-
Y61,RM1,NORFOLK AND NORWICH UNIVERSITY HOSPITALS NHS FOUNDATION TRUST,C_160,Plastic Surgery Service,"2,053",780,38.00%,24.9,61.8,310,24,120
Y61,RM1,NORFOLK AND NORWICH UNIVERSITY HOSPITALS NHS FOUNDATION TRUST,C_170,Cardiothoracic Surgery Service,-,-,-,-,-,-,-,-
Y61,RM1,NORFOLK AND NORWICH UNIVERSITY HOSPITALS NHS FOUNDATION TRUST,C_300,General Internal Medicine Service,-,-,-,-,-,-,-,-
Y61,RM1,NORFOLK AND NORWICH UNIVERSITY HOSPITALS NHS FOUNDATION TRUST,C_301,Gastroenterology Service,"4,222","3,208",76.00%,9,34.1,34,1,2
Y61,RM1,NORFOLK AND NORWICH UNIVERSITY HOSPITALS NHS FOUNDATION TRUST,C_320,Cardiology Service,"4,249","2,544",59.90%,13.7,44.3,137,-,15
Y61,RM1,NORFOLK AND NORWICH UNIVERSITY HOSPITALS NHS FOUNDATION TRUST,C_330,Dermatology Service,"6,311","3,692",58.50%,13.8,49.2,363,5,43
Y61,RM1,NORFOLK AND NORWICH UNIVERSITY HOSPITALS NHS FOUNDATION TRUST,C_340,Respiratory Medicine Service,"2,307","1,076",46.60%,19.8,50.4,146,-,13
Y61,RM1,NORFOLK AND NORWICH UNIVERSITY HOSPITALS NHS FOUNDATION TRUST,C_400,Neurology Service,"3,575","1,764",49.30%,18.3,39.2,38,1,3
Y61,RM1,NORFOLK AND NORWICH UNIVERSITY HOSPITALS NHS FOUNDATION TRUST,C_410,Rheumatology Service,"1,089",914,83.90%,7.1,25.5,8,1,1
Y61,RM1,NORFOLK AND NORWICH UNIVERSITY HOSPITALS NHS FOUNDATION TRUST,C_430,Elderly Medicine Service,46,43,93.50%,4.3,16.3,-,-,-
Y61,RM1,NORFOLK AND NORWICH UNIVERSITY HOSPITALS NHS FOUNDATION TRUST,C_502,Gynaecology Service,"7,205","3,014",41.80%,22.3,58,879,35,320
Y61,RM1,NORFOLK AND NORWICH UNIVERSITY HOSPITALS NHS FOUNDATION TRUST,X02,Other - Medical Services,"8,268","4,357",52.70%,16.8,49.1,440,4,38
Y61,RM1,NORFOLK AND NORWICH UNIVERSITY HOSPITALS NHS FOUNDATION TRUST,X03,Other - Mental Health Services,1,1,100.00%,-,-,-,-,-
Y61,RM1,NORFOLK AND NORWICH UNIVERSITY HOSPITALS NHS FOUNDATION TRUST,X04,Other - Paediatric Services,"5,692","3,029",53.20%,16.7,52.7,488,7,134
Y61,RM1,NORFOLK AND NORWICH UNIVERSITY HOSPITALS NHS FOUNDATION TRUST,X05,Other - Surgical Services,"1,290",856,66.40%,10.8,42.3,65,-,17
Y61,RM1,NORFOLK AND NORWICH UNIVERSITY HOSPITALS NHS FOUNDATION TRUST,X06,Other - Other Services,776,585,75.40%,7.4,39.6,26,2,8
Y61,RQW,THE PRINCESS ALEXANDRA HOSPITAL NHS TRUST,C_100,General Surgery Service,"4,164","2,066",49.60%,18.1,45.8,165,2,30
Y61,RQW,THE PRINCESS ALEXANDRA HOSPITAL NHS TRUST,C_101,Urology Service,"2,195","1,180",53.80%,15.9,46.5,95,1,9
Y61,RQW,THE PRINCESS ALEXANDRA HOSPITAL NHS TRUST,C_110,Trauma and Orthopaedic Service,"3,506","1,561",44.50%,21.4,64.6,642,13,272
Y61,RQW,THE PRINCESS ALEXANDRA HOSPITAL NHS TRUST,C_120,Ear Nose and Throat Service,"2,382",935,39.30%,25.4,63.5,517,1,156
Y61,RQW,THE PRINCESS ALEXANDRA HOSPITAL NHS TRUST,C_130,Ophthalmology Service,"1,864",839,45.00%,20.2,44.2,67,1,13
Y61,RQW,THE PRINCESS ALEXANDRA HOSPITAL NHS TRUST,C_140,Oral Surgery Service,"1,393",734,52.70%,16.7,58.9,177,4,52
Y61,RQW,THE PRINCESS ALEXANDRA HOSPITAL NHS TRUST,C_150,Neurosurgical Service,-,-,-,-,-,-,-,-
Y61,RQW,THE PRINCESS ALEXANDRA HOSPITAL NHS TRUST,C_160,Plastic Surgery Service,-,-,-,-,-,-,-,-
Y61,RQW,THE PRINCESS ALEXANDRA HOSPITAL NHS TRUST,C_170,Cardiothoracic Surgery Service,-,-,-,-,-,-,-,-
Y61,RQW,THE PRINCESS ALEXANDRA HOSPITAL NHS TRUST,C_300,General Internal Medicine Service,879,284,32.30%,32.8,51.6,65,-,7
Y61,RQW,THE PRINCESS ALEXANDRA HOSPITAL NHS TRUST,C_301,Gastroenterology Service,"2,855","1,734",60.70%,14.3,37.2,6,1,1
Y61,RQW,THE PRINCESS ALEXANDRA HOSPITAL NHS TRUST,C_320,Cardiology Service,"3,064","1,063",34.70%,24.8,46.8,126,-,5
Y61,RQW,THE PRINCESS ALEXANDRA HOSPITAL NHS TRUST,C_330,Dermatology Service,"2,641","1,643",62.20%,14.6,42.7,61,-,2
Y61,RQW,THE PRINCESS ALEXANDRA HOSPITAL NHS TRUST,C_340,Respiratory Medicine Service,888,397,44.70%,19.7,31.7,-,-,-
Y61,RQW,THE PRINCESS ALEXANDRA HOSPITAL NHS TRUST,C_400,Neurology Service,930,396,42.60%,20.3,40.6,14,-,-
Y61,RQW,THE PRINCESS ALEXANDRA HOSPITAL NHS TRUST,C_410,Rheumatology Service,955,510,53.40%,17,50.7,67,-,16
Y61,RQW,THE PRINCESS ALEXANDRA HOSPITAL NHS TRUST,C_430,Elderly Medicine Service,17,15,88.20%,-,-,-,-,-
Y61,RQW,THE PRINCESS ALEXANDRA HOSPITAL NHS TRUST,C_502,Gynaecology Service,"1,947","1,290",66.30%,8,48,114,1,28
Y61,RQW,THE PRINCESS ALEXANDRA HOSPITAL NHS TRUST,X02,Other - Medical Services,615,246,40.00%,20.9,46.7,28,-,3
Y61,RQW,THE PRINCESS ALEXANDRA HOSPITAL NHS TRUST,X03,Other - Mental Health Services,-,-,-,-,-,-,-,-
Y61,RQW,THE PRINCESS ALEXANDRA HOSPITAL NHS TRUST,X04,Other - Paediatric Services,940,686,73.00%,11.7,37.3,4,-,2
Y61,RQW,THE PRINCESS ALEXANDRA HOSPITAL NHS TRUST,X05,Other - Surgical Services,15,14,93.30%,-,-,-,-,-
Y61,RQW,THE PRINCESS ALEXANDRA HOSPITAL NHS TRUST,X06,Other - Other Services,678,552,81.40%,7.4,29,-,-,-
Y61,RT1,CAMBRIDGESHIRE AND PETERBOROUGH NHS FOUNDATION TRUST,C_100,General Surgery Service,-,-,-,-,-,-,-,-
Y61,RT1,CAMBRIDGESHIRE AND PETERBOROUGH NHS FOUNDATION TRUST,C_101,Urology Service,-,-,-,-,-,-,-,-
Y61,RT1,CAMBRIDGESHIRE AND PETERBOROUGH NHS FOUNDATION TRUST,C_110,Trauma and Orthopaedic Service,-,-,-,-,-,-,-,-
Y61,RT1,CAMBRIDGESHIRE AND PETERBOROUGH NHS FOUNDATION TRUST,C_120,Ear Nose and Throat Service,-,-,-,-,-,-,-,-
Y61,RT1,CAMBRIDGESHIRE AND PETERBOROUGH NHS FOUNDATION TRUST,C_130,Ophthalmology Service,-,-,-,-,-,-,-,-
Y61,RT1,CAMBRIDGESHIRE AND PETERBOROUGH NHS FOUNDATION TRUST,C_140,Oral Surgery Service,-,-,-,-,-,-,-,-
Y61,RT1,CAMBRIDGESHIRE AND PETERBOROUGH NHS FOUNDATION TRUST,C_150,Neurosurgical Service,-,-,-,-,-,-,-,-
Y61,RT1,CAMBRIDGESHIRE AND PETERBOROUGH NHS FOUNDATION TRUST,C_160,Plastic Surgery Service,-,-,-,-,-,-,-,-
Y61,RT1,CAMBRIDGESHIRE AND PETERBOROUGH NHS FOUNDATION TRUST,C_170,Cardiothoracic Surgery Service,-,-,-,-,-,-,-,-
Y61,RT1,CAMBRIDGESHIRE AND PETERBOROUGH NHS FOUNDATION TRUST,C_300,General Internal Medicine Service,-,-,-,-,-,-,-,-
Y61,RT1,CAMBRIDGESHIRE AND PETERBOROUGH NHS FOUNDATION TRUST,C_301,Gastroenterology Service,-,-,-,-,-,-,-,-
Y61,RT1,CAMBRIDGESHIRE AND PETERBOROUGH NHS FOUNDATION TRUST,C_320,Cardiology Service,-,-,-,-,-,-,-,-
Y61,RT1,CAMBRIDGESHIRE AND PETERBOROUGH NHS FOUNDATION TRUST,C_330,Dermatology Service,-,-,-,-,-,-,-,-
Y61,RT1,CAMBRIDGESHIRE AND PETERBOROUGH NHS FOUNDATION TRUST,C_340,Respiratory Medicine Service,-,-,-,-,-,-,-,-
Y61,RT1,CAMBRIDGESHIRE AND PETERBOROUGH NHS FOUNDATION TRUST,C_400,Neurology Service,-,-,-,-,-,-,-,-
Y61,RT1,CAMBRIDGESHIRE AND PETERBOROUGH NHS FOUNDATION TRUST,C_410,Rheumatology Service,-,-,-,-,-,-,-,-
Y61,RT1,CAMBRIDGESHIRE AND PETERBOROUGH NHS FOUNDATION TRUST,C_430,Elderly Medicine Service,-,-,-,-,-,-,-,-
Y61,RT1,CAMBRIDGESHIRE AND PETERBOROUGH NHS FOUNDATION TRUST,C_502,Gynaecology Service,-,-,-,-,-,-,-,-
Y61,RT1,CAMBRIDGESHIRE AND PETERBOROUGH NHS FOUNDATION TRUST,X02,Other - Medical Services,-,-,-,-,-,-,-,-
Y61,RT1,CAMBRIDGESHIRE AND PETERBOROUGH NHS FOUNDATION TRUST,X03,Other - Mental Health Services,-,-,-,-,-,-,-,-
Y61,RT1,CAMBRIDGESHIRE AND PETERBOROUGH NHS FOUNDATION TRUST,X04,Other - Paediatric Services,-,-,-,-,-,-,-,-
Y61,RT1,CAMBRIDGESHIRE AND PETERBOROUGH NHS FOUNDATION TRUST,X05,Other - Surgical Services,-,-,-,-,-,-,-,-
Y61,RT1,CAMBRIDGESHIRE AND PETERBOROUGH NHS FOUNDATION TRUST,X06,Other - Other Services,325,119,36.60%,23,49,23,3,14
Y61,RWG,WEST HERTFORDSHIRE TEACHING HOSPITALS NHS TRUST,C_100,General Surgery Service,"4,410","2,297",52.10%,17,48.2,239,-,47
Y61,RWG,WEST HERTFORDSHIRE TEACHING HOSPITALS NHS TRUST,C_101,Urology Service,"3,390","2,030",59.90%,14.5,39.5,89,-,7
Y61,RWG,WEST HERTFORDSHIRE TEACHING HOSPITALS NHS TRUST,C_110,Trauma and Orthopaedic Service,"4,061","1,862",45.90%,19.4,46.4,167,-,8
Y61,RWG,WEST HERTFORDSHIRE TEACHING HOSPITALS NHS TRUST,C_120,Ear Nose and Throat Service,"4,752","2,420",50.90%,17.6,50.3,342,-,74
Y61,RWG,WEST HERTFORDSHIRE TEACHING HOSPITALS NHS TRUST,C_130,Ophthalmology Service,"1,902","1,244",65.40%,12.6,40,61,-,9
Y61,RWG,WEST HERTFORDSHIRE TEACHING HOSPITALS NHS TRUST,C_140,Oral Surgery Service,"2,503","1,630",65.10%,12.9,38,60,-,2
Y61,RWG,WEST HERTFORDSHIRE TEACHING HOSPITALS NHS TRUST,C_150,Neurosurgical Service,-,-,-,-,-,-,-,-
Y61,RWG,WEST HERTFORDSHIRE TEACHING HOSPITALS NHS TRUST,C_160,Plastic Surgery Service,-,-,-,-,-,-,-,-
Y61,RWG,WEST HERTFORDSHIRE TEACHING HOSPITALS NHS TRUST,C_170,Cardiothoracic Surgery Service,-,-,-,-,-,-,-,-
Y61,RWG,WEST HERTFORDSHIRE TEACHING HOSPITALS NHS TRUST,C_300,General Internal Medicine Service,471,455,96.60%,8,16.7,3,-,1
Y61,RWG,WEST HERTFORDSHIRE TEACHING HOSPITALS NHS TRUST,C_301,Gastroenterology Service,"3,772","1,843",48.90%,18.3,32.8,33,-,3
Y61,RWG,WEST HERTFORDSHIRE TEACHING HOSPITALS NHS TRUST,C_320,Cardiology Service,"5,945","2,770",46.60%,20,53.9,589,-,69
Y61,RWG,WEST HERTFORDSHIRE TEACHING HOSPITALS NHS TRUST,C_330,Dermatology Service,"4,886","2,456",50.30%,17.9,44.2,189,-,24
Y61,RWG,WEST HERTFORDSHIRE TEACHING HOSPITALS NHS TRUST,C_340,Respiratory Medicine Service,"3,384","1,880",55.60%,16,38.2,50,-,5
Y61,RWG,WEST HERTFORDSHIRE TEACHING HOSPITALS NHS TRUST,C_400,Neurology Service,"2,515","1,170",46.50%,19,41.3,41,-,2
Y61,RWG,WEST HERTFORDSHIRE TEACHING HOSPITALS NHS TRUST,C_410,Rheumatology Service,855,467,54.60%,16.7,66,120,-,77
Y61,RWG,WEST HERTFORDSHIRE TEACHING HOSPITALS NHS TRUST,C_430,Elderly Medicine Service,73,59,80.80%,6.9,29.2,-,-,-
Y61,RWG,WEST HERTFORDSHIRE TEACHING HOSPITALS NHS TRUST,C_502,Gynaecology Service,"2,677","1,475",55.10%,15.8,42.5,79,-,8
Y61,RWG,WEST HERTFORDSHIRE TEACHING HOSPITALS NHS TRUST,X02,Other - Medical Services,"5,041","3,384",67.10%,11.7,36.1,43,-,3
Y61,RWG,WEST HERTFORDSHIRE TEACHING HOSPITALS NHS TRUST,X03,Other - Mental Health Services,28,25,89.30%,3.6,19.8,-,-,-
Y61,RWG,WEST HERTFORDSHIRE TEACHING HOSPITALS NHS TRUST,X04,Other - Paediatric Services,848,563,66.40%,11.8,36.2,13,-,-
Y61,RWG,WEST HERTFORDSHIRE TEACHING HOSPITALS NHS TRUST,X05,Other - Surgical Services,"1,528","1,178",77.10%,10.5,35.8,31,-,4
Y61,RWG,WEST HERTFORDSHIRE TEACHING HOSPITALS NHS TRUST,X06,Other - Other Services,363,214,59.00%,12.8,37.3,6,-,-
Y61,RWH,EAST AND NORTH HERTFORDSHIRE NHS TRUST,C_100,General Surgery Service,"2,080","1,167",56.10%,15.3,46,82,-,1
Y61,RWH,EAST AND NORTH HERTFORDSHIRE NHS TRUST,C_101,Urology Service,"4,088","2,567",62.80%,13.9,41.6,113,-,3
Y61,RWH,EAST AND NORTH HERTFORDSHIRE NHS TRUST,C_110,Trauma and Orthopaedic Service,"5,223","2,134",40.90%,23.1,56.7,594,4,211
Y61,RWH,EAST AND NORTH HERTFORDSHIRE NHS TRUST,C_120,Ear Nose and Throat Service,"5,322","3,169",59.50%,15.2,40.8,129,-,6
Y61,RWH,EAST AND NORTH HERTFORDSHIRE NHS TRUST,C_130,Ophthalmology Service,"5,103","2,756",54.00%,16.5,45.2,196,-,17
Y61,RWH,EAST AND NORTH HERTFORDSHIRE NHS TRUST,C_140,Oral Surgery Service,"3,042","1,453",47.80%,18.8,50.1,197,1,48
Y61,RWH,EAST AND NORTH HERTFORDSHIRE NHS TRUST,C_150,Neurosurgical Service,-,-,-,-,-,-,-,-
Y61,RWH,EAST AND NORTH HERTFORDSHIRE NHS TRUST,C_160,Plastic Surgery Service,"1,813","1,418",78.20%,7.6,30,12,-,1
Y61,RWH,EAST AND NORTH HERTFORDSHIRE NHS TRUST,C_170,Cardiothoracic Surgery Service,120,81,67.50%,10,36.4,-,-,-
Y61,RWH,EAST AND NORTH HERTFORDSHIRE NHS TRUST,C_300,General Internal Medicine Service,197,157,79.70%,8.4,23.1,-,-,-
Y61,RWH,EAST AND NORTH HERTFORDSHIRE NHS TRUST,C_301,Gastroenterology Service,"3,189","1,356",42.50%,22.1,55.2,336,-,14
Y61,RWH,EAST AND NORTH HERTFORDSHIRE NHS TRUST,C_320,Cardiology Service,"4,198","3,533",84.20%,9.4,21.7,2,-,2
Y61,RWH,EAST AND NORTH HERTFORDSHIRE NHS TRUST,C_330,Dermatology Service,"1,448",825,57.00%,15.4,39.9,16,-,2
Y61,RWH,EAST AND NORTH HERTFORDSHIRE NHS TRUST,C_340,Respiratory Medicine Service,"1,354",986,72.80%,10.6,30.7,8,-,1
Y61,RWH,EAST AND NORTH HERTFORDSHIRE NHS TRUST,C_400,Neurology Service,509,474,93.10%,5.4,17.7,2,-,1
Y61,RWH,EAST AND NORTH HERTFORDSHIRE NHS TRUST,C_410,Rheumatology Service,"1,250",614,49.10%,18.2,38.4,13,-,3
Y61,RWH,EAST AND NORTH HERTFORDSHIRE NHS TRUST,C_430,Elderly Medicine Service,116,100,86.20%,5,20.9,-,-,-
Y61,RWH,EAST AND NORTH HERTFORDSHIRE NHS TRUST,C_502,Gynaecology Service,"3,892","2,654",68.20%,12.4,33,27,-,1
Y61,RWH,EAST AND NORTH HERTFORDSHIRE NHS TRUST,X02,Other - Medical Services,-,-,-,-,-,-,-,-
Y61,RWH,EAST AND NORTH HERTFORDSHIRE NHS TRUST,X03,Other - Mental Health Services,-,-,-,-,-,-,-,-
Y61,RWH,EAST AND NORTH HERTFORDSHIRE NHS TRUST,X04,Other - Paediatric Services,-,-,-,-,-,-,-,-
Y61,RWH,EAST AND NORTH HERTFORDSHIRE NHS TRUST,X05,Other - Surgical Services,-,-,-,-,-,-,-,-
Y61,RWH,EAST AND NORTH HERTFORDSHIRE NHS TRUST,X06,Other - Other Services,"16,067","10,060",62.60%,12.6,43.7,556,2,57
Y62,R0A,MANCHESTER UNIVERSITY NHS FOUNDATION TRUST,C_100,General Surgery Service,"6,965","2,852",40.90%,22.7,54,683,-,44
Y62,R0A,MANCHESTER UNIVERSITY NHS FOUNDATION TRUST,C_101,Urology Service,"7,077","3,144",44.40%,20.8,51,486,-,32
Y62,R0A,MANCHESTER UNIVERSITY NHS FOUNDATION TRUST,C_110,Trauma and Orthopaedic Service,"9,056","3,735",41.20%,22.9,54.5,947,2,154
Y62,R0A,MANCHESTER UNIVERSITY NHS FOUNDATION TRUST,C_120,Ear Nose and Throat Service,"10,186","3,682",36.10%,24.8,53.1,882,-,38
Y62,R0A,MANCHESTER UNIVERSITY NHS FOUNDATION TRUST,C_130,Ophthalmology Service,"12,270","6,918",56.40%,15.2,47.5,613,4,20
Y62,R0A,MANCHESTER UNIVERSITY NHS FOUNDATION TRUST,C_140,Oral Surgery Service,"19,380","7,881",40.70%,21.9,50.4,"1,280",-,145
Y62,R0A,MANCHESTER UNIVERSITY NHS FOUNDATION TRUST,C_150,Neurosurgical Service,-,-,-,-,-,-,-,-
Y62,R0A,MANCHESTER UNIVERSITY NHS FOUNDATION TRUST,C_160,Plastic Surgery Service,"4,149","1,667",40.20%,22.6,53.2,369,-,65
Y62,R0A,MANCHESTER UNIVERSITY NHS FOUNDATION TRUST,C_170,Cardiothoracic Surgery Service,2,1,50.00%,-,-,-,-,-
Y62,R0A,MANCHESTER UNIVERSITY NHS FOUNDATION TRUST,C_300,General Internal Medicine Service,333,214,64.30%,10.8,47.1,11,-,-
Y62,R0A,MANCHESTER UNIVERSITY NHS FOUNDATION TRUST,C_301,Gastroenterology Service,"10,051","5,421",53.90%,16.3,46.4,358,-,21
Y62,R0A,MANCHESTER UNIVERSITY NHS FOUNDATION TRUST,C_320,Cardiology Service,"10,227","5,106",49.90%,18,46,416,-,30
Y62,R0A,MANCHESTER UNIVERSITY NHS FOUNDATION TRUST,C_330,Dermatology Service,"3,032","1,451",47.90%,19.5,48,131,-,1
Y62,R0A,MANCHESTER UNIVERSITY NHS FOUNDATION TRUST,C_340,Respiratory Medicine Service,"9,790","5,795",59.20%,14.6,39.5,96,-,3
Y62,R0A,MANCHESTER UNIVERSITY NHS FOUNDATION TRUST,C_400,Neurology Service,191,110,57.60%,16.3,58.1,22,-,2
Y62,R0A,MANCHESTER UNIVERSITY NHS FOUNDATION TRUST,C_410,Rheumatology Service,"1,548","1,327",85.70%,7.4,21.8,1,-,-
Y62,R0A,MANCHESTER UNIVERSITY NHS FOUNDATION TRUST,C_430,Elderly Medicine Service,"1,094",608,55.60%,15.2,40.2,24,-,-
Y62,R0A,MANCHESTER UNIVERSITY NHS FOUNDATION TRUST,C_502,Gynaecology Service,"18,453","7,187",38.90%,23.7,53.9,"1,823",-,277
Y62,R0A,MANCHESTER UNIVERSITY NHS FOUNDATION TRUST,X02,Other - Medical Services,"24,329","13,592",55.90%,15.3,44.9,877,2,36
Y62,R0A,MANCHESTER UNIVERSITY NHS FOUNDATION TRUST,X03,Other - Mental Health Services,20,7,35.00%,20.5,45.4,1,-,-
Y62,R0A,MANCHESTER UNIVERSITY NHS FOUNDATION TRUST,X04,Other - Paediatric Services,"18,893","8,676",45.90%,19.6,50.6,"1,302",-,140
Y62,R0A,MANCHESTER UNIVERSITY NHS FOUNDATION TRUST,X05,Other - Surgical Services,"15,613","8,598",55.10%,15.8,44.9,620,27,133
Y62,R0A,MANCHESTER UNIVERSITY NHS FOUNDATION TRUST,X06,Other - Other Services,"5,622","3,010",53.50%,16.3,51,407,1,54
Y62,RBL,WIRRAL UNIVERSITY TEACHING HOSPITAL NHS FOUNDATION TRUST,C_100,General Surgery Service,174,127,73.00%,6.9,35,2,-,-
Y62,RBL,WIRRAL UNIVERSITY TEACHING HOSPITAL NHS FOUNDATION TRUST,C_101,Urology Service,"1,985","1,355",68.30%,10.8,34.9,21,-,1
Y62,RBL,WIRRAL UNIVERSITY TEACHING HOSPITAL NHS FOUNDATION TRUST,C_110,Trauma and Orthopaedic Service,"1,776","1,181",66.50%,12.1,35.6,24,-,3
Y62,RBL,WIRRAL UNIVERSITY TEACHING HOSPITAL NHS FOUNDATION TRUST,C_120,Ear Nose and Throat Service,"3,765","1,686",44.80%,20.5,48.2,128,-,3
Y62,RBL,WIRRAL UNIVERSITY TEACHING HOSPITAL NHS FOUNDATION TRUST,C_130,Ophthalmology Service,"3,459","1,711",49.50%,18.2,49.9,218,-,16
Y62,RBL,WIRRAL UNIVERSITY TEACHING HOSPITAL NHS FOUNDATION TRUST,C_140,Oral Surgery Service,"1,830","1,176",64.30%,12.3,42.3,33,-,1
Y62,RBL,WIRRAL UNIVERSITY TEACHING HOSPITAL NHS FOUNDATION TRUST,C_150,Neurosurgical Service,-,-,-,-,-,-,-,-
Y62,RBL,WIRRAL UNIVERSITY TEACHING HOSPITAL NHS FOUNDATION TRUST,C_160,Plastic Surgery Service,-,-,-,-,-,-,-,-
Y62,RBL,WIRRAL UNIVERSITY TEACHING HOSPITAL NHS FOUNDATION TRUST,C_170,Cardiothoracic Surgery Service,-,-,-,-,-,-,-,-
Y62,RBL,WIRRAL UNIVERSITY TEACHING HOSPITAL NHS FOUNDATION TRUST,C_300,General Internal Medicine Service,47,43,91.50%,3.6,18.2,-,-,-
Y62,RBL,WIRRAL UNIVERSITY TEACHING HOSPITAL NHS FOUNDATION TRUST,C_301,Gastroenterology Service,"2,707","1,779",65.70%,12.9,36.1,51,-,11
Y62,RBL,WIRRAL UNIVERSITY TEACHING HOSPITAL NHS FOUNDATION TRUST,C_320,Cardiology Service,"2,250","1,140",50.70%,17.7,43.9,23,-,-
Y62,RBL,WIRRAL UNIVERSITY TEACHING HOSPITAL NHS FOUNDATION TRUST,C_330,Dermatology Service,"3,707","2,064",55.70%,15.7,41.7,13,-,1
Y62,RBL,WIRRAL UNIVERSITY TEACHING HOSPITAL NHS FOUNDATION TRUST,C_340,Respiratory Medicine Service,"3,192","1,886",59.10%,15,36,15,-,3
Y62,RBL,WIRRAL UNIVERSITY TEACHING HOSPITAL NHS FOUNDATION TRUST,C_400,Neurology Service,-,-,-,-,-,-,-,-
Y62,RBL,WIRRAL UNIVERSITY TEACHING HOSPITAL NHS FOUNDATION TRUST,C_410,Rheumatology Service,973,528,54.30%,16.3,38.9,2,-,-
Y62,RBL,WIRRAL UNIVERSITY TEACHING HOSPITAL NHS FOUNDATION TRUST,C_430,Elderly Medicine Service,124,109,87.90%,5.3,20.5,-,-,-
Y62,RBL,WIRRAL UNIVERSITY TEACHING HOSPITAL NHS FOUNDATION TRUST,C_502,Gynaecology Service,"4,471","1,743",39.00%,25,59.5,777,-,188
Y62,RBL,WIRRAL UNIVERSITY TEACHING HOSPITAL NHS FOUNDATION TRUST,X02,Other - Medical Services,"3,203","2,249",70.20%,10.3,31.9,10,-,3
Y62,RBL,WIRRAL UNIVERSITY TEACHING HOSPITAL NHS FOUNDATION TRUST,X03,Other - Mental Health Services,-,-,-,-,-,-,-,-
Y62,RBL,WIRRAL UNIVERSITY TEACHING HOSPITAL NHS FOUNDATION TRUST,X04,Other - Paediatric Services,"3,082","2,294",74.40%,10.2,32.7,4,-,-
Y62,RBL,WIRRAL UNIVERSITY TEACHING HOSPITAL NHS FOUNDATION TRUST,X05,Other - Surgical Services,"4,371","2,496",57.10%,15.3,51,327,-,70
Y62,RBL,WIRRAL UNIVERSITY TEACHING HOSPITAL NHS FOUNDATION TRUST,X06,Other - Other Services,"3,108","2,718",87.50%,6.1,23.8,38,-,1
Y62,RBN,MERSEY AND WEST LANCASHIRE TEACHING HOSPITALS NHS TRUST,C_100,General Surgery Service,"6,563","3,997",60.90%,13.1,42.2,281,-,63
Y62,RBN,MERSEY AND WEST LANCASHIRE TEACHING HOSPITALS NHS TRUST,C_101,Urology Service,"6,336","3,759",59.30%,14.3,40.4,155,-,23
Y62,RBN,MERSEY AND WEST LANCASHIRE TEACHING HOSPITALS NHS TRUST,C_110,Trauma and Orthopaedic Service,"7,417","4,941",66.60%,9.9,43.3,300,2,52
Y62,RBN,MERSEY AND WEST LANCASHIRE TEACHING HOSPITALS NHS TRUST,C_120,Ear Nose and Throat Service,"6,571","4,504",68.50%,10.9,39.5,156,-,27
Y62,RBN,MERSEY AND WEST LANCASHIRE TEACHING HOSPITALS NHS TRUST,C_130,Ophthalmology Service,"4,273","2,812",65.80%,11.7,35.8,87,-,16
Y62,RBN,MERSEY AND WEST LANCASHIRE TEACHING HOSPITALS NHS TRUST,C_140,Oral Surgery Service,"1,379",992,71.90%,10.3,31.3,4,-,-
Y62,RBN,MERSEY AND WEST LANCASHIRE TEACHING HOSPITALS NHS TRUST,C_150,Neurosurgical Service,52,28,53.80%,17.5,37.5,-,-,-
Y62,RBN,MERSEY AND WEST LANCASHIRE TEACHING HOSPITALS NHS TRUST,C_160,Plastic Surgery Service,"7,447","3,209",43.10%,21.9,58.3,978,-,253
Y62,RBN,MERSEY AND WEST LANCASHIRE TEACHING HOSPITALS NHS TRUST,C_170,Cardiothoracic Surgery Service,1,-,-,-,-,-,-,-
Y62,RBN,MERSEY AND WEST LANCASHIRE TEACHING HOSPITALS NHS TRUST,C_300,General Internal Medicine Service,621,562,90.50%,6.8,20.6,-,-,-
Y62,RBN,MERSEY AND WEST LANCASHIRE TEACHING HOSPITALS NHS TRUST,C_301,Gastroenterology Service,"6,842","4,308",63.00%,13.1,33.7,12,-,2
Y62,RBN,MERSEY AND WEST LANCASHIRE TEACHING HOSPITALS NHS TRUST,C_320,Cardiology Service,"3,537","2,153",60.90%,14,35.5,21,-,5
Y62,RBN,MERSEY AND WEST LANCASHIRE TEACHING HOSPITALS NHS TRUST,C_330,Dermatology Service,"7,803","4,872",62.40%,12.1,37.7,151,1,17
Y62,RBN,MERSEY AND WEST LANCASHIRE TEACHING HOSPITALS NHS TRUST,C_340,Respiratory Medicine Service,"1,279",881,68.90%,10.9,31.5,2,-,-
Y62,RBN,MERSEY AND WEST LANCASHIRE TEACHING HOSPITALS NHS TRUST,C_400,Neurology Service,-,-,-,-,-,-,-,-
Y62,RBN,MERSEY AND WEST LANCASHIRE TEACHING HOSPITALS NHS TRUST,C_410,Rheumatology Service,"1,022",789,77.20%,8.7,33.7,8,-,1
Y62,RBN,MERSEY AND WEST LANCASHIRE TEACHING HOSPITALS NHS TRUST,C_430,Elderly Medicine Service,337,260,77.20%,8.5,28,-,-,-
Y62,RBN,MERSEY AND WEST LANCASHIRE TEACHING HOSPITALS NHS TRUST,C_502,Gynaecology Service,"7,209","3,868",53.70%,16.5,42.1,244,-,37
Y62,RBN,MERSEY AND WEST LANCASHIRE TEACHING HOSPITALS NHS TRUST,X02,Other - Medical Services,"7,763","4,777",61.50%,13.3,37,121,-,4
Y62,RBN,MERSEY AND WEST LANCASHIRE TEACHING HOSPITALS NHS TRUST,X03,Other - Mental Health Services,-,-,-,-,-,-,-,-
Y62,RBN,MERSEY AND WEST LANCASHIRE TEACHING HOSPITALS NHS TRUST,X04,Other - Paediatric Services,"2,661","1,862",70.00%,11.4,31,2,-,-
Y62,RBN,MERSEY AND WEST LANCASHIRE TEACHING HOSPITALS NHS TRUST,X05,Other - Surgical Services,"2,605","1,326",50.90%,17.5,51.8,203,-,11
Y62,RBN,MERSEY AND WEST LANCASHIRE TEACHING HOSPITALS NHS TRUST,X06,Other - Other Services,195,131,67.20%,6.1,32.9,3,-,-
Y62,RBQ,LIVERPOOL HEART AND CHEST HOSPITAL NHS FOUNDATION TRUST,C_100,General Surgery Service,-,-,-,-,-,-,-,-
Y62,RBQ,LIVERPOOL HEART AND CHEST HOSPITAL NHS FOUNDATION TRUST,C_101,Urology Service,-,-,-,-,-,-,-,-
Y62,RBQ,LIVERPOOL HEART AND CHEST HOSPITAL NHS FOUNDATION TRUST,C_110,Trauma and Orthopaedic Service,-,-,-,-,-,-,-,-
Y62,RBQ,LIVERPOOL HEART AND CHEST HOSPITAL NHS FOUNDATION TRUST,C_120,Ear Nose and Throat Service,-,-,-,-,-,-,-,-
Y62,RBQ,LIVERPOOL HEART AND CHEST HOSPITAL NHS FOUNDATION TRUST,C_130,Ophthalmology Service,-,-,-,-,-,-,-,-
Y62,RBQ,LIVERPOOL HEART AND CHEST HOSPITAL NHS FOUNDATION TRUST,C_140,Oral Surgery Service,-,-,-,-,-,-,-,-
Y62,RBQ,LIVERPOOL HEART AND CHEST HOSPITAL NHS FOUNDATION TRUST,C_150,Neurosurgical Service,-,-,-,-,-,-,-,-
Y62,RBQ,LIVERPOOL HEART AND CHEST HOSPITAL NHS FOUNDATION TRUST,C_160,Plastic Surgery Service,-,-,-,-,-,-,-,-
Y62,RBQ,LIVERPOOL HEART AND CHEST HOSPITAL NHS FOUNDATION TRUST,C_170,Cardiothoracic Surgery Service,940,489,52.00%,17.1,52.9,83,3,31
Y62,RBQ,LIVERPOOL HEART AND CHEST HOSPITAL NHS FOUNDATION TRUST,C_300,General Internal Medicine Service,-,-,-,-,-,-,-,-
Y62,RBQ,LIVERPOOL HEART AND CHEST HOSPITAL NHS FOUNDATION TRUST,C_301,Gastroenterology Service,-,-,-,-,-,-,-,-
Y62,RBQ,LIVERPOOL HEART AND CHEST HOSPITAL NHS FOUNDATION TRUST,C_320,Cardiology Service,"3,531","2,684",76.00%,9.8,28.2,6,-,-
Y62,RBQ,LIVERPOOL HEART AND CHEST HOSPITAL NHS FOUNDATION TRUST,C_330,Dermatology Service,-,-,-,-,-,-,-,-
Y62,RBQ,LIVERPOOL HEART AND CHEST HOSPITAL NHS FOUNDATION TRUST,C_340,Respiratory Medicine Service,916,872,95.20%,5.1,14.8,-,-,-
Y62,RBQ,LIVERPOOL HEART AND CHEST HOSPITAL NHS FOUNDATION TRUST,C_400,Neurology Service,-,-,-,-,-,-,-,-
Y62,RBQ,LIVERPOOL HEART AND CHEST HOSPITAL NHS FOUNDATION TRUST,C_410,Rheumatology Service,-,-,-,-,-,-,-,-
Y62,RBQ,LIVERPOOL HEART AND CHEST HOSPITAL NHS FOUNDATION TRUST,C_430,Elderly Medicine Service,-,-,-,-,-,-,-,-
Y62,RBQ,LIVERPOOL HEART AND CHEST HOSPITAL NHS FOUNDATION TRUST,C_502,Gynaecology Service,-,-,-,-,-,-,-,-
Y62,RBQ,LIVERPOOL HEART AND CHEST HOSPITAL NHS FOUNDATION TRUST,X02,Other - Medical Services,-,-,-,-,-,-,-,-
Y62,RBQ,LIVERPOOL HEART AND CHEST HOSPITAL NHS FOUNDATION TRUST,X03,Other - Mental Health Services,-,-,-,-,-,-,-,-
Y62,RBQ,LIVERPOOL HEART AND CHEST HOSPITAL NHS FOUNDATION TRUST,X04,Other - Paediatric Services,-,-,-,-,-,-,-,-
Y62,RBQ,LIVERPOOL HEART AND CHEST HOSPITAL NHS FOUNDATION TRUST,X05,Other - Surgical Services,-,-,-,-,-,-,-,-
Y62,RBQ,LIVERPOOL HEART AND CHEST HOSPITAL NHS FOUNDATION TRUST,X06,Other - Other Services,-,-,-,-,-,-,-,-
Y62,RBS,ALDER HEY CHILDREN'S NHS FOUNDATION TRUST,C_100,General Surgery Service,-,-,-,-,-,-,-,-
Y62,RBS,ALDER HEY CHILDREN'S NHS FOUNDATION TRUST,C_101,Urology Service,-,-,-,-,-,-,-,-
Y62,RBS,ALDER HEY CHILDREN'S NHS FOUNDATION TRUST,C_110,Trauma and Orthopaedic Service,-,-,-,-,-,-,-,-
Y62,RBS,ALDER HEY CHILDREN'S NHS FOUNDATION TRUST,C_120,Ear Nose and Throat Service,-,-,-,-,-,-,-,-
Y62,RBS,ALDER HEY CHILDREN'S NHS FOUNDATION TRUST,C_130,Ophthalmology Service,-,-,-,-,-,-,-,-
Y62,RBS,ALDER HEY CHILDREN'S NHS FOUNDATION TRUST,C_140,Oral Surgery Service,-,-,-,-,-,-,-,-
Y62,RBS,ALDER HEY CHILDREN'S NHS FOUNDATION TRUST,C_150,Neurosurgical Service,-,-,-,-,-,-,-,-
Y62,RBS,ALDER HEY CHILDREN'S NHS FOUNDATION TRUST,C_160,Plastic Surgery Service,-,-,-,-,-,-,-,-
Y62,RBS,ALDER HEY CHILDREN'S NHS FOUNDATION TRUST,C_170,Cardiothoracic Surgery Service,-,-,-,-,-,-,-,-
Y62,RBS,ALDER HEY CHILDREN'S NHS FOUNDATION TRUST,C_300,General Internal Medicine Service,-,-,-,-,-,-,-,-
Y62,RBS,ALDER HEY CHILDREN'S NHS FOUNDATION TRUST,C_301,Gastroenterology Service,-,-,-,-,-,-,-,-
Y62,RBS,ALDER HEY CHILDREN'S NHS FOUNDATION TRUST,C_320,Cardiology Service,-,-,-,-,-,-,-,-
Y62,RBS,ALDER HEY CHILDREN'S NHS FOUNDATION TRUST,C_330,Dermatology Service,-,-,-,-,-,-,-,-
Y62,RBS,ALDER HEY CHILDREN'S NHS FOUNDATION TRUST,C_340,Respiratory Medicine Service,-,-,-,-,-,-,-,-
Y62,RBS,ALDER HEY CHILDREN'S NHS FOUNDATION TRUST,C_400,Neurology Service,-,-,-,-,-,-,-,-
Y62,RBS,ALDER HEY CHILDREN'S NHS FOUNDATION TRUST,C_410,Rheumatology Service,-,-,-,-,-,-,-,-
Y62,RBS,ALDER HEY CHILDREN'S NHS FOUNDATION TRUST,C_430,Elderly Medicine Service,-,-,-,-,-,-,-,-
Y62,RBS,ALDER HEY CHILDREN'S NHS FOUNDATION TRUST,C_502,Gynaecology Service,-,-,-,-,-,-,-,-
Y62,RBS,ALDER HEY CHILDREN'S NHS FOUNDATION TRUST,X02,Other - Medical Services,-,-,-,-,-,-,-,-
Y62,RBS,ALDER HEY CHILDREN'S NHS FOUNDATION TRUST,X03,Other - Mental Health Services,-,-,-,-,-,-,-,-
Y62,RBS,ALDER HEY CHILDREN'S NHS FOUNDATION TRUST,X04,Other - Paediatric Services,"23,994","13,348",55.60%,15.9,42.2,716,-,84
Y62,RBS,ALDER HEY CHILDREN'S NHS FOUNDATION TRUST,X05,Other - Surgical Services,-,-,-,-,-,-,-,-
Y62,RBS,ALDER HEY CHILDREN'S NHS FOUNDATION TRUST,X06,Other - Other Services,-,-,-,-,-,-,-,-
Y62,RBT,MID CHESHIRE HOSPITALS NHS FOUNDATION TRUST,C_100,General Surgery Service,"4,948","2,700",54.60%,15.9,48.3,266,-,24
Y62,RBT,MID CHESHIRE HOSPITALS NHS FOUNDATION TRUST,C_101,Urology Service,"1,835","1,458",79.50%,8.8,30.4,7,-,-
Y62,RBT,MID CHESHIRE HOSPITALS NHS FOUNDATION TRUST,C_110,Trauma and Orthopaedic Service,"4,338","1,714",39.50%,23.2,51.3,313,-,32
Y62,RBT,MID CHESHIRE HOSPITALS NHS FOUNDATION TRUST,C_120,Ear Nose and Throat Service,"5,618","2,750",48.90%,18.5,48.2,217,-,12
Y62,RBT,MID CHESHIRE HOSPITALS NHS FOUNDATION TRUST,C_130,Ophthalmology Service,"4,088","2,342",57.30%,14.4,48,198,-,18
Y62,RBT,MID CHESHIRE HOSPITALS NHS FOUNDATION TRUST,C_140,Oral Surgery Service,-,-,-,-,-,-,-,-
Y62,RBT,MID CHESHIRE HOSPITALS NHS FOUNDATION TRUST,C_150,Neurosurgical Service,-,-,-,-,-,-,-,-
Y62,RBT,MID CHESHIRE HOSPITALS NHS FOUNDATION TRUST,C_160,Plastic Surgery Service,-,-,-,-,-,-,-,-
Y62,RBT,MID CHESHIRE HOSPITALS NHS FOUNDATION TRUST,C_170,Cardiothoracic Surgery Service,-,-,-,-,-,-,-,-
Y62,RBT,MID CHESHIRE HOSPITALS NHS FOUNDATION TRUST,C_300,General Internal Medicine Service,150,117,78.00%,11.9,28.7,-,-,-
Y62,RBT,MID CHESHIRE HOSPITALS NHS FOUNDATION TRUST,C_301,Gastroenterology Service,771,517,67.10%,11.9,38.7,19,2,5
Y62,RBT,MID CHESHIRE HOSPITALS NHS FOUNDATION TRUST,C_320,Cardiology Service,"3,068","1,204",39.20%,24.8,55.2,360,2,93
Y62,RBT,MID CHESHIRE HOSPITALS NHS FOUNDATION TRUST,C_330,Dermatology Service,"5,556","3,037",54.70%,15.7,43,47,-,-
Y62,RBT,MID CHESHIRE HOSPITALS NHS FOUNDATION TRUST,C_340,Respiratory Medicine Service,748,371,49.60%,18.3,44.9,24,-,8
Y62,RBT,MID CHESHIRE HOSPITALS NHS FOUNDATION TRUST,C_400,Neurology Service,-,-,-,-,-,-,-,-
Y62,RBT,MID CHESHIRE HOSPITALS NHS FOUNDATION TRUST,C_410,Rheumatology Service,"1,512",485,32.10%,31,60.4,311,-,36
Y62,RBT,MID CHESHIRE HOSPITALS NHS FOUNDATION TRUST,C_430,Elderly Medicine Service,18,15,83.30%,-,-,-,-,-
Y62,RBT,MID CHESHIRE HOSPITALS NHS FOUNDATION TRUST,C_502,Gynaecology Service,"2,160","1,311",60.70%,13.5,41.7,67,-,8
Y62,RBT,MID CHESHIRE HOSPITALS NHS FOUNDATION TRUST,X02,Other - Medical Services,"1,826","1,341",73.40%,9.5,35.3,12,-,3
Y62,RBT,MID CHESHIRE HOSPITALS NHS FOUNDATION TRUST,X03,Other - Mental Health Services,-,-,-,-,-,-,-,-
Y62,RBT,MID CHESHIRE HOSPITALS NHS FOUNDATION TRUST,X04,Other - Paediatric Services,-,-,-,-,-,-,-,-
Y62,RBT,MID CHESHIRE HOSPITALS NHS FOUNDATION TRUST,X05,Other - Surgical Services,400,394,98.50%,2.7,10.7,-,-,-
Y62,RBT,MID CHESHIRE HOSPITALS NHS FOUNDATION TRUST,X06,Other - Other Services,776,759,97.80%,3.3,10.8,-,-,-
Y62,RBV,THE CHRISTIE NHS FOUNDATION TRUST,C_100,General Surgery Service,-,-,-,-,-,-,-,-
Y62,RBV,THE CHRISTIE NHS FOUNDATION TRUST,C_101,Urology Service,128,106,82.80%,8.8,21,-,-,-
Y62,RBV,THE CHRISTIE NHS FOUNDATION TRUST,C_110,Trauma and Orthopaedic Service,-,-,-,-,-,-,-,-
Y62,RBV,THE CHRISTIE NHS FOUNDATION TRUST,C_120,Ear Nose and Throat Service,-,-,-,-,-,-,-,-
Y62,RBV,THE CHRISTIE NHS FOUNDATION TRUST,C_130,Ophthalmology Service,-,-,-,-,-,-,-,-
Y62,RBV,THE CHRISTIE NHS FOUNDATION TRUST,C_140,Oral Surgery Service,-,-,-,-,-,-,-,-
Y62,RBV,THE CHRISTIE NHS FOUNDATION TRUST,C_150,Neurosurgical Service,-,-,-,-,-,-,-,-
Y62,RBV,THE CHRISTIE NHS FOUNDATION TRUST,C_160,Plastic Surgery Service,210,194,92.40%,4.6,17.8,-,-,-
Y62,RBV,THE CHRISTIE NHS FOUNDATION TRUST,C_170,Cardiothoracic Surgery Service,-,-,-,-,-,-,-,-
Y62,RBV,THE CHRISTIE NHS FOUNDATION TRUST,C_300,General Internal Medicine Service,-,-,-,-,-,-,-,-
Y62,RBV,THE CHRISTIE NHS FOUNDATION TRUST,C_301,Gastroenterology Service,-,-,-,-,-,-,-,-
Y62,RBV,THE CHRISTIE NHS FOUNDATION TRUST,C_320,Cardiology Service,-,-,-,-,-,-,-,-
Y62,RBV,THE CHRISTIE NHS FOUNDATION TRUST,C_330,Dermatology Service,-,-,-,-,-,-,-,-
Y62,RBV,THE CHRISTIE NHS FOUNDATION TRUST,C_340,Respiratory Medicine Service,-,-,-,-,-,-,-,-
Y62,RBV,THE CHRISTIE NHS FOUNDATION TRUST,C_400,Neurology Service,-,-,-,-,-,-,-,-
Y62,RBV,THE CHRISTIE NHS FOUNDATION TRUST,C_410,Rheumatology Service,-,-,-,-,-,-,-,-
Y62,RBV,THE CHRISTIE NHS FOUNDATION TRUST,C_430,Elderly Medicine Service,-,-,-,-,-,-,-,-
Y62,RBV,THE CHRISTIE NHS FOUNDATION TRUST,C_502,Gynaecology Service,30,30,100.00%,6.2,11.6,-,-,-
Y62,RBV,THE CHRISTIE NHS FOUNDATION TRUST,X02,Other - Medical Services,"1,808","1,788",98.90%,3.9,11.1,-,-,-
Y62,RBV,THE CHRISTIE NHS FOUNDATION TRUST,X03,Other - Mental Health Services,-,-,-,-,-,-,-,-
Y62,RBV,THE CHRISTIE NHS FOUNDATION TRUST,X04,Other - Paediatric Services,-,-,-,-,-,-,-,-
Y62,RBV,THE CHRISTIE NHS FOUNDATION TRUST,X05,Other - Surgical Services,113,106,93.80%,5.1,16,-,-,-
Y62,RBV,THE CHRISTIE NHS FOUNDATION TRUST,X06,Other - Other Services,-,-,-,-,-,-,-,-
Y62,REM,LIVERPOOL UNIVERSITY HOSPITALS NHS FOUNDATION TRUST,C_100,General Surgery Service,"3,221","1,195",37.10%,24,49.3,149,-,-
Y62,REM,LIVERPOOL UNIVERSITY HOSPITALS NHS FOUNDATION TRUST,C_101,Urology Service,"3,529","2,175",61.60%,13.4,37.3,42,-,-
Y62,REM,LIVERPOOL UNIVERSITY HOSPITALS NHS FOUNDATION TRUST,C_110,Trauma and Orthopaedic Service,"6,063","2,781",45.90%,20.2,50.1,364,-,27
Y62,REM,LIVERPOOL UNIVERSITY HOSPITALS NHS FOUNDATION TRUST,C_120,Ear Nose and Throat Service,"6,847","2,857",41.70%,21.4,49.5,433,-,69
Y62,REM,LIVERPOOL UNIVERSITY HOSPITALS NHS FOUNDATION TRUST,C_130,Ophthalmology Service,"9,577","5,352",55.90%,15.2,41.1,128,-,3
Y62,REM,LIVERPOOL UNIVERSITY HOSPITALS NHS FOUNDATION TRUST,C_140,Oral Surgery Service,"5,711","2,735",47.90%,19.1,46.7,216,-,26
Y62,REM,LIVERPOOL UNIVERSITY HOSPITALS NHS FOUNDATION TRUST,C_150,Neurosurgical Service,-,-,-,-,-,-,-,-
Y62,REM,LIVERPOOL UNIVERSITY HOSPITALS NHS FOUNDATION TRUST,C_160,Plastic Surgery Service,424,185,43.60%,21.4,42.4,2,-,-
Y62,REM,LIVERPOOL UNIVERSITY HOSPITALS NHS FOUNDATION TRUST,C_170,Cardiothoracic Surgery Service,-,-,-,-,-,-,-,-
Y62,REM,LIVERPOOL UNIVERSITY HOSPITALS NHS FOUNDATION TRUST,C_300,General Internal Medicine Service,40,30,75.00%,6,27.8,-,-,-
Y62,REM,LIVERPOOL UNIVERSITY HOSPITALS NHS FOUNDATION TRUST,C_301,Gastroenterology Service,"6,645","3,651",54.90%,15.4,44.8,226,-,4
Y62,REM,LIVERPOOL UNIVERSITY HOSPITALS NHS FOUNDATION TRUST,C_320,Cardiology Service,"3,599","2,928",81.40%,7.8,23.7,-,-,-
Y62,REM,LIVERPOOL UNIVERSITY HOSPITALS NHS FOUNDATION TRUST,C_330,Dermatology Service,"3,560","1,824",51.20%,17.5,45,32,-,-
Y62,REM,LIVERPOOL UNIVERSITY HOSPITALS NHS FOUNDATION TRUST,C_340,Respiratory Medicine Service,"1,609","1,258",78.20%,9.6,26.8,1,-,-
Y62,REM,LIVERPOOL UNIVERSITY HOSPITALS NHS FOUNDATION TRUST,C_400,Neurology Service,-,-,-,-,-,-,-,-
Y62,REM,LIVERPOOL UNIVERSITY HOSPITALS NHS FOUNDATION TRUST,C_410,Rheumatology Service,634,533,84.10%,7.9,21,-,-,-
Y62,REM,LIVERPOOL UNIVERSITY HOSPITALS NHS FOUNDATION TRUST,C_430,Elderly Medicine Service,385,369,95.80%,4.9,14.6,-,-,-
Y62,REM,LIVERPOOL UNIVERSITY HOSPITALS NHS FOUNDATION TRUST,C_502,Gynaecology Service,-,-,-,-,-,-,-,-
Y62,REM,LIVERPOOL UNIVERSITY HOSPITALS NHS FOUNDATION TRUST,X02,Other - Medical Services,"9,198","4,684",50.90%,17.5,47.6,373,-,14
Y62,REM,LIVERPOOL UNIVERSITY HOSPITALS NHS FOUNDATION TRUST,X03,Other - Mental Health Services,-,-,-,-,-,-,-,-
Y62,REM,LIVERPOOL UNIVERSITY HOSPITALS NHS FOUNDATION TRUST,X04,Other - Paediatric Services,"1,070",436,40.70%,24.3,53.8,101,-,-
Y62,REM,LIVERPOOL UNIVERSITY HOSPITALS NHS FOUNDATION TRUST,X05,Other - Surgical Services,"10,950","5,916",54.00%,16.3,43.4,277,-,12
Y62,REM,LIVERPOOL UNIVERSITY HOSPITALS NHS FOUNDATION TRUST,X06,Other - Other Services,"2,899","2,065",71.20%,10.3,31.5,7,-,-
Y62,REN,THE CLATTERBRIDGE CANCER CENTRE NHS FOUNDATION TRUST,C_100,General Surgery Service,-,-,-,-,-,-,-,-
Y62,REN,THE CLATTERBRIDGE CANCER CENTRE NHS FOUNDATION TRUST,C_101,Urology Service,-,-,-,-,-,-,-,-
Y62,REN,THE CLATTERBRIDGE CANCER CENTRE NHS FOUNDATION TRUST,C_110,Trauma and Orthopaedic Service,-,-,-,-,-,-,-,-
Y62,REN,THE CLATTERBRIDGE CANCER CENTRE NHS FOUNDATION TRUST,C_120,Ear Nose and Throat Service,-,-,-,-,-,-,-,-
Y62,REN,THE CLATTERBRIDGE CANCER CENTRE NHS FOUNDATION TRUST,C_130,Ophthalmology Service,-,-,-,-,-,-,-,-
Y62,REN,THE CLATTERBRIDGE CANCER CENTRE NHS FOUNDATION TRUST,C_140,Oral Surgery Service,-,-,-,-,-,-,-,-
Y62,REN,THE CLATTERBRIDGE CANCER CENTRE NHS FOUNDATION TRUST,C_150,Neurosurgical Service,-,-,-,-,-,-,-,-
Y62,REN,THE CLATTERBRIDGE CANCER CENTRE NHS FOUNDATION TRUST,C_160,Plastic Surgery Service,-,-,-,-,-,-,-,-
Y62,REN,THE CLATTERBRIDGE CANCER CENTRE NHS FOUNDATION TRUST,C_170,Cardiothoracic Surgery Service,-,-,-,-,-,-,-,-
Y62,REN,THE CLATTERBRIDGE CANCER CENTRE NHS FOUNDATION TRUST,C_300,General Internal Medicine Service,-,-,-,-,-,-,-,-
Y62,REN,THE CLATTERBRIDGE CANCER CENTRE NHS FOUNDATION TRUST,C_301,Gastroenterology Service,-,-,-,-,-,-,-,-
Y62,REN,THE CLATTERBRIDGE CANCER CENTRE NHS FOUNDATION TRUST,C_320,Cardiology Service,-,-,-,-,-,-,-,-
Y62,REN,THE CLATTERBRIDGE CANCER CENTRE NHS FOUNDATION TRUST,C_330,Dermatology Service,-,-,-,-,-,-,-,-
Y62,REN,THE CLATTERBRIDGE CANCER CENTRE NHS FOUNDATION TRUST,C_340,Respiratory Medicine Service,-,-,-,-,-,-,-,-
Y62,REN,THE CLATTERBRIDGE CANCER CENTRE NHS FOUNDATION TRUST,C_400,Neurology Service,-,-,-,-,-,-,-,-
Y62,REN,THE CLATTERBRIDGE CANCER CENTRE NHS FOUNDATION TRUST,C_410,Rheumatology Service,-,-,-,-,-,-,-,-
Y62,REN,THE CLATTERBRIDGE CANCER CENTRE NHS FOUNDATION TRUST,C_430,Elderly Medicine Service,-,-,-,-,-,-,-,-
Y62,REN,THE CLATTERBRIDGE CANCER CENTRE NHS FOUNDATION TRUST,C_502,Gynaecology Service,-,-,-,-,-,-,-,-
Y62,REN,THE CLATTERBRIDGE CANCER CENTRE NHS FOUNDATION TRUST,X02,Other - Medical Services,756,725,95.90%,5.8,14.9,1,-,-
Y62,REN,THE CLATTERBRIDGE CANCER CENTRE NHS FOUNDATION TRUST,X03,Other - Mental Health Services,-,-,-,-,-,-,-,-
Y62,REN,THE CLATTERBRIDGE CANCER CENTRE NHS FOUNDATION TRUST,X04,Other - Paediatric Services,-,-,-,-,-,-,-,-
Y62,REN,THE CLATTERBRIDGE CANCER CENTRE NHS FOUNDATION TRUST,X05,Other - Surgical Services,-,-,-,-,-,-,-,-
Y62,REN,THE CLATTERBRIDGE CANCER CENTRE NHS FOUNDATION TRUST,X06,Other - Other Services,366,350,95.60%,5.8,14.4,1,-,-
Y62,REP,LIVERPOOL WOMEN'S NHS FOUNDATION TRUST,C_100,General Surgery Service,-,-,-,-,-,-,-,-
Y62,REP,LIVERPOOL WOMEN'S NHS FOUNDATION TRUST,C_101,Urology Service,-,-,-,-,-,-,-,-
Y62,REP,LIVERPOOL WOMEN'S NHS FOUNDATION TRUST,C_110,Trauma and Orthopaedic Service,-,-,-,-,-,-,-,-
Y62,REP,LIVERPOOL WOMEN'S NHS FOUNDATION TRUST,C_120,Ear Nose and Throat Service,-,-,-,-,-,-,-,-
Y62,REP,LIVERPOOL WOMEN'S NHS FOUNDATION TRUST,C_130,Ophthalmology Service,-,-,-,-,-,-,-,-
Y62,REP,LIVERPOOL WOMEN'S NHS FOUNDATION TRUST,C_140,Oral Surgery Service,-,-,-,-,-,-,-,-
Y62,REP,LIVERPOOL WOMEN'S NHS FOUNDATION TRUST,C_150,Neurosurgical Service,-,-,-,-,-,-,-,-
Y62,REP,LIVERPOOL WOMEN'S NHS FOUNDATION TRUST,C_160,Plastic Surgery Service,-,-,-,-,-,-,-,-
Y62,REP,LIVERPOOL WOMEN'S NHS FOUNDATION TRUST,C_170,Cardiothoracic Surgery Service,-,-,-,-,-,-,-,-
Y62,REP,LIVERPOOL WOMEN'S NHS FOUNDATION TRUST,C_300,General Internal Medicine Service,-,-,-,-,-,-,-,-
Y62,REP,LIVERPOOL WOMEN'S NHS FOUNDATION TRUST,C_301,Gastroenterology Service,-,-,-,-,-,-,-,-
Y62,REP,LIVERPOOL WOMEN'S NHS FOUNDATION TRUST,C_320,Cardiology Service,-,-,-,-,-,-,-,-
Y62,REP,LIVERPOOL WOMEN'S NHS FOUNDATION TRUST,C_330,Dermatology Service,-,-,-,-,-,-,-,-
Y62,REP,LIVERPOOL WOMEN'S NHS FOUNDATION TRUST,C_340,Respiratory Medicine Service,-,-,-,-,-,-,-,-
Y62,REP,LIVERPOOL WOMEN'S NHS FOUNDATION TRUST,C_400,Neurology Service,-,-,-,-,-,-,-,-
Y62,REP,LIVERPOOL WOMEN'S NHS FOUNDATION TRUST,C_410,Rheumatology Service,-,-,-,-,-,-,-,-
Y62,REP,LIVERPOOL WOMEN'S NHS FOUNDATION TRUST,C_430,Elderly Medicine Service,-,-,-,-,-,-,-,-
Y62,REP,LIVERPOOL WOMEN'S NHS FOUNDATION TRUST,C_502,Gynaecology Service,"15,907","7,329",46.10%,20,49.8,985,-,91
Y62,REP,LIVERPOOL WOMEN'S NHS FOUNDATION TRUST,X02,Other - Medical Services,-,-,-,-,-,-,-,-
Y62,REP,LIVERPOOL WOMEN'S NHS FOUNDATION TRUST,X03,Other - Mental Health Services,-,-,-,-,-,-,-,-
Y62,REP,LIVERPOOL WOMEN'S NHS FOUNDATION TRUST,X04,Other - Paediatric Services,-,-,-,-,-,-,-,-
Y62,REP,LIVERPOOL WOMEN'S NHS FOUNDATION TRUST,X05,Other - Surgical Services,-,-,-,-,-,-,-,-
Y62,REP,LIVERPOOL WOMEN'S NHS FOUNDATION TRUST,X06,Other - Other Services,"1,716","1,027",59.80%,13.8,45.7,5,-,-
Y62,RET,THE WALTON CENTRE NHS FOUNDATION TRUST,C_100,General Surgery Service,-,-,-,-,-,-,-,-
Y62,RET,THE WALTON CENTRE NHS FOUNDATION TRUST,C_101,Urology Service,-,-,-,-,-,-,-,-
Y62,RET,THE WALTON CENTRE NHS FOUNDATION TRUST,C_110,Trauma and Orthopaedic Service,-,-,-,-,-,-,-,-
Y62,RET,THE WALTON CENTRE NHS FOUNDATION TRUST,C_120,Ear Nose and Throat Service,-,-,-,-,-,-,-,-
Y62,RET,THE WALTON CENTRE NHS FOUNDATION TRUST,C_130,Ophthalmology Service,17,17,100.00%,-,-,-,-,-
Y62,RET,THE WALTON CENTRE NHS FOUNDATION TRUST,C_140,Oral Surgery Service,-,-,-,-,-,-,-,-
Y62,RET,THE WALTON CENTRE NHS FOUNDATION TRUST,C_150,Neurosurgical Service,"3,487","2,712",77.80%,9.1,31.2,19,-,-
Y62,RET,THE WALTON CENTRE NHS FOUNDATION TRUST,C_160,Plastic Surgery Service,-,-,-,-,-,-,-,-
Y62,RET,THE WALTON CENTRE NHS FOUNDATION TRUST,C_170,Cardiothoracic Surgery Service,-,-,-,-,-,-,-,-
Y62,RET,THE WALTON CENTRE NHS FOUNDATION TRUST,C_300,General Internal Medicine Service,-,-,-,-,-,-,-,-
Y62,RET,THE WALTON CENTRE NHS FOUNDATION TRUST,C_301,Gastroenterology Service,-,-,-,-,-,-,-,-
Y62,RET,THE WALTON CENTRE NHS FOUNDATION TRUST,C_320,Cardiology Service,-,-,-,-,-,-,-,-
Y62,RET,THE WALTON CENTRE NHS FOUNDATION TRUST,C_330,Dermatology Service,-,-,-,-,-,-,-,-
Y62,RET,THE WALTON CENTRE NHS FOUNDATION TRUST,C_340,Respiratory Medicine Service,-,-,-,-,-,-,-,-
Y62,RET,THE WALTON CENTRE NHS FOUNDATION TRUST,C_400,Neurology Service,"10,380","4,701",45.30%,20.7,47,114,-,-
Y62,RET,THE WALTON CENTRE NHS FOUNDATION TRUST,C_410,Rheumatology Service,-,-,-,-,-,-,-,-
Y62,RET,THE WALTON CENTRE NHS FOUNDATION TRUST,C_430,Elderly Medicine Service,-,-,-,-,-,-,-,-
Y62,RET,THE WALTON CENTRE NHS FOUNDATION TRUST,C_502,Gynaecology Service,-,-,-,-,-,-,-,-
Y62,RET,THE WALTON CENTRE NHS FOUNDATION TRUST,X02,Other - Medical Services,"2,749","1,826",66.40%,11.5,33.2,22,-,-
Y62,RET,THE WALTON CENTRE NHS FOUNDATION TRUST,X03,Other - Mental Health Services,5,5,100.00%,-,-,-,-,-
Y62,RET,THE WALTON CENTRE NHS FOUNDATION TRUST,X04,Other - Paediatric Services,-,-,-,-,-,-,-,-
Y62,RET,THE WALTON CENTRE NHS FOUNDATION TRUST,X05,Other - Surgical Services,398,228,57.30%,14.9,42.6,12,-,-
Y62,RET,THE WALTON CENTRE NHS FOUNDATION TRUST,X06,Other - Other Services,-,-,-,-,-,-,-,-
Y62,RJN,EAST CHESHIRE NHS TRUST,C_100,General Surgery Service,"1,394",818,58.70%,14.1,45.9,57,-,8
Y62,RJN,EAST CHESHIRE NHS TRUST,C_101,Urology Service,868,561,64.60%,13.5,33.7,4,-,-
Y62,RJN,EAST CHESHIRE NHS TRUST,C_110,Trauma and Orthopaedic Service,"1,336",866,64.80%,11.6,37,31,-,3
Y62,RJN,EAST CHESHIRE NHS TRUST,C_120,Ear Nose and Throat Service,"1,460",714,48.90%,18.5,42.5,37,1,3
Y62,RJN,EAST CHESHIRE NHS TRUST,C_130,Ophthalmology Service,"1,715","1,399",81.60%,8.5,27.6,7,-,-
Y62,RJN,EAST CHESHIRE NHS TRUST,C_140,Oral Surgery Service,-,-,-,-,-,-,-,-
Y62,RJN,EAST CHESHIRE NHS TRUST,C_150,Neurosurgical Service,-,-,-,-,-,-,-,-
Y62,RJN,EAST CHESHIRE NHS TRUST,C_160,Plastic Surgery Service,57,46,80.70%,9.6,23.7,-,-,-
Y62,RJN,EAST CHESHIRE NHS TRUST,C_170,Cardiothoracic Surgery Service,-,-,-,-,-,-,-,-
Y62,RJN,EAST CHESHIRE NHS TRUST,C_300,General Internal Medicine Service,17,10,58.80%,-,-,1,-,-
Y62,RJN,EAST CHESHIRE NHS TRUST,C_301,Gastroenterology Service,"1,345",650,48.30%,18.8,51.1,95,-,9
Y62,RJN,EAST CHESHIRE NHS TRUST,C_320,Cardiology Service,844,419,49.60%,18.1,46.4,30,-,8
Y62,RJN,EAST CHESHIRE NHS TRUST,C_330,Dermatology Service,-,-,-,-,-,-,-,-
Y62,RJN,EAST CHESHIRE NHS TRUST,C_340,Respiratory Medicine Service,529,329,62.20%,12.2,37,10,-,4
Y62,RJN,EAST CHESHIRE NHS TRUST,C_400,Neurology Service,-,-,-,-,-,-,-,-
Y62,RJN,EAST CHESHIRE NHS TRUST,C_410,Rheumatology Service,-,-,-,-,-,-,-,-
Y62,RJN,EAST CHESHIRE NHS TRUST,C_430,Elderly Medicine Service,114,47,41.20%,23.2,50,5,-,1
Y62,RJN,EAST CHESHIRE NHS TRUST,C_502,Gynaecology Service,"1,457",820,56.30%,15,45.4,34,-,4
Y62,RJN,EAST CHESHIRE NHS TRUST,X02,Other - Medical Services,497,373,75.10%,8.8,35.1,5,-,-
Y62,RJN,EAST CHESHIRE NHS TRUST,X03,Other - Mental Health Services,-,-,-,-,-,-,-,-
Y62,RJN,EAST CHESHIRE NHS TRUST,X04,Other - Paediatric Services,191,81,42.40%,21.6,49.4,9,-,-
Y62,RJN,EAST CHESHIRE NHS TRUST,X05,Other - Surgical Services,683,412,60.30%,12,44.1,20,-,-
Y62,RJN,EAST CHESHIRE NHS TRUST,X06,Other - Other Services,2,2,100.00%,-,-,-,-,-
Y62,RJR,COUNTESS OF CHESTER HOSPITAL NHS FOUNDATION TRUST,C_100,General Surgery Service,"1,200",461,38.40%,24,52.4,102,3,11
Y62,RJR,COUNTESS OF CHESTER HOSPITAL NHS FOUNDATION TRUST,C_101,Urology Service,"1,808",784,43.40%,21.7,54.1,173,-,20
Y62,RJR,COUNTESS OF CHESTER HOSPITAL NHS FOUNDATION TRUST,C_110,Trauma and Orthopaedic Service,"1,816",955,52.60%,16.7,45.5,79,-,20
Y62,RJR,COUNTESS OF CHESTER HOSPITAL NHS FOUNDATION TRUST,C_120,Ear Nose and Throat Service,"5,069","1,855",36.60%,24.8,57.4,642,6,116
Y62,RJR,COUNTESS OF CHESTER HOSPITAL NHS FOUNDATION TRUST,C_130,Ophthalmology Service,"1,539","1,082",70.30%,10.4,42.7,67,4,12
Y62,RJR,COUNTESS OF CHESTER HOSPITAL NHS FOUNDATION TRUST,C_140,Oral Surgery Service,"1,261",646,51.20%,17.4,51.9,99,3,16
Y62,RJR,COUNTESS OF CHESTER HOSPITAL NHS FOUNDATION TRUST,C_150,Neurosurgical Service,-,-,-,-,-,-,-,-
Y62,RJR,COUNTESS OF CHESTER HOSPITAL NHS FOUNDATION TRUST,C_160,Plastic Surgery Service,"1,078",684,63.50%,9.9,47.7,52,-,1
Y62,RJR,COUNTESS OF CHESTER HOSPITAL NHS FOUNDATION TRUST,C_170,Cardiothoracic Surgery Service,-,-,-,-,-,-,-,-
Y62,RJR,COUNTESS OF CHESTER HOSPITAL NHS FOUNDATION TRUST,C_300,General Internal Medicine Service,93,71,76.30%,9.3,22.8,-,-,-
Y62,RJR,COUNTESS OF CHESTER HOSPITAL NHS FOUNDATION TRUST,C_301,Gastroenterology Service,"1,075",645,60.00%,12.2,44.8,33,-,2
Y62,RJR,COUNTESS OF CHESTER HOSPITAL NHS FOUNDATION TRUST,C_320,Cardiology Service,"1,336",651,48.70%,18.5,49,69,-,5
Y62,RJR,COUNTESS OF CHESTER HOSPITAL NHS FOUNDATION TRUST,C_330,Dermatology Service,"2,098","1,102",52.50%,16.4,47.7,86,-,-
Y62,RJR,COUNTESS OF CHESTER HOSPITAL NHS FOUNDATION TRUST,C_340,Respiratory Medicine Service,"1,257",825,65.60%,10.6,44.6,40,1,6
Y62,RJR,COUNTESS OF CHESTER HOSPITAL NHS FOUNDATION TRUST,C_400,Neurology Service,-,-,-,-,-,-,-,-
Y62,RJR,COUNTESS OF CHESTER HOSPITAL NHS FOUNDATION TRUST,C_410,Rheumatology Service,577,314,54.40%,16,46.5,10,-,-
Y62,RJR,COUNTESS OF CHESTER HOSPITAL NHS FOUNDATION TRUST,C_430,Elderly Medicine Service,138,117,84.80%,9,23.5,-,-,-
Y62,RJR,COUNTESS OF CHESTER HOSPITAL NHS FOUNDATION TRUST,C_502,Gynaecology Service,"2,648","1,433",54.10%,16.3,40.4,62,-,13
Y62,RJR,COUNTESS OF CHESTER HOSPITAL NHS FOUNDATION TRUST,X02,Other - Medical Services,"2,270","1,587",69.90%,11.7,34.8,33,1,3
Y62,RJR,COUNTESS OF CHESTER HOSPITAL NHS FOUNDATION TRUST,X03,Other - Mental Health Services,-,-,-,-,-,-,-,-
Y62,RJR,COUNTESS OF CHESTER HOSPITAL NHS FOUNDATION TRUST,X04,Other - Paediatric Services,-,-,-,-,-,-,-,-
Y62,RJR,COUNTESS OF CHESTER HOSPITAL NHS FOUNDATION TRUST,X05,Other - Surgical Services,"6,231","3,049",48.90%,18.7,51.6,481,4,34
Y62,RJR,COUNTESS OF CHESTER HOSPITAL NHS FOUNDATION TRUST,X06,Other - Other Services,118,106,89.80%,6.5,19.6,-,-,-
Y62,RM3,NORTHERN CARE ALLIANCE NHS FOUNDATION TRUST,C_100,General Surgery Service,"4,859","2,457",50.60%,17.7,47.8,225,-,16
Y62,RM3,NORTHERN CARE ALLIANCE NHS FOUNDATION TRUST,C_101,Urology Service,"7,838","3,863",49.30%,18.4,47.7,420,2,97
Y62,RM3,NORTHERN CARE ALLIANCE NHS FOUNDATION TRUST,C_110,Trauma and Orthopaedic Service,"13,976","7,742",55.40%,15.7,46.3,693,4,123
Y62,RM3,NORTHERN CARE ALLIANCE NHS FOUNDATION TRUST,C_120,Ear Nose and Throat Service,"11,993","5,519",46.00%,19.9,49.4,732,2,87
Y62,RM3,NORTHERN CARE ALLIANCE NHS FOUNDATION TRUST,C_130,Ophthalmology Service,"7,015","3,460",49.30%,18.3,46.9,349,-,56
Y62,RM3,NORTHERN CARE ALLIANCE NHS FOUNDATION TRUST,C_140,Oral Surgery Service,"2,187",964,44.10%,21.1,52.5,184,-,33
Y62,RM3,NORTHERN CARE ALLIANCE NHS FOUNDATION TRUST,C_150,Neurosurgical Service,"5,075","3,147",62.00%,13.7,39,97,-,34
Y62,RM3,NORTHERN CARE ALLIANCE NHS FOUNDATION TRUST,C_160,Plastic Surgery Service,855,638,74.60%,9.1,36.4,26,-,9
Y62,RM3,NORTHERN CARE ALLIANCE NHS FOUNDATION TRUST,C_170,Cardiothoracic Surgery Service,2,2,100.00%,-,-,-,-,-
Y62,RM3,NORTHERN CARE ALLIANCE NHS FOUNDATION TRUST,C_300,General Internal Medicine Service,55,51,92.70%,7.2,17.8,1,-,1
Y62,RM3,NORTHERN CARE ALLIANCE NHS FOUNDATION TRUST,C_301,Gastroenterology Service,"11,498","6,755",58.70%,14.8,42.6,247,-,26
Y62,RM3,NORTHERN CARE ALLIANCE NHS FOUNDATION TRUST,C_320,Cardiology Service,"6,988","3,285",47.00%,19.2,45.2,199,-,3
Y62,RM3,NORTHERN CARE ALLIANCE NHS FOUNDATION TRUST,C_330,Dermatology Service,"17,086","7,984",46.70%,19.6,53.5,"1,565",-,103
Y62,RM3,NORTHERN CARE ALLIANCE NHS FOUNDATION TRUST,C_340,Respiratory Medicine Service,"2,503","1,607",64.20%,12.3,36.2,3,-,1
Y62,RM3,NORTHERN CARE ALLIANCE NHS FOUNDATION TRUST,C_400,Neurology Service,"17,266","9,566",55.40%,15.8,50,"1,074",-,85
Y62,RM3,NORTHERN CARE ALLIANCE NHS FOUNDATION TRUST,C_410,Rheumatology Service,"2,539","1,315",51.80%,17.1,43.5,59,-,1
Y62,RM3,NORTHERN CARE ALLIANCE NHS FOUNDATION TRUST,C_430,Elderly Medicine Service,335,253,75.50%,12.1,29,-,-,-
Y62,RM3,NORTHERN CARE ALLIANCE NHS FOUNDATION TRUST,C_502,Gynaecology Service,"9,680","4,152",42.90%,21.3,52.4,799,-,70
Y62,RM3,NORTHERN CARE ALLIANCE NHS FOUNDATION TRUST,X02,Other - Medical Services,"6,291","4,593",73.00%,10.8,30.9,6,-,-
Y62,RM3,NORTHERN CARE ALLIANCE NHS FOUNDATION TRUST,X03,Other - Mental Health Services,-,-,-,-,-,-,-,-
Y62,RM3,NORTHERN CARE ALLIANCE NHS FOUNDATION TRUST,X04,Other - Paediatric Services,"7,020","3,190",45.40%,20.1,48.7,416,-,50
Y62,RM3,NORTHERN CARE ALLIANCE NHS FOUNDATION TRUST,X05,Other - Surgical Services,"8,330","5,069",60.90%,13,39.6,220,-,25
Y62,RM3,NORTHERN CARE ALLIANCE NHS FOUNDATION TRUST,X06,Other - Other Services,73,48,65.80%,11.8,37.1,-,-,-
Y62,RMC,BOLTON NHS FOUNDATION TRUST,C_100,General Surgery Service,"3,833","2,139",55.80%,15.2,53.3,333,-,115
Y62,RMC,BOLTON NHS FOUNDATION TRUST,C_101,Urology Service,"2,781","1,139",41.00%,23.8,59.2,471,-,96
Y62,RMC,BOLTON NHS FOUNDATION TRUST,C_110,Trauma and Orthopaedic Service,"5,734","2,685",46.80%,19.3,45.8,254,1,54
Y62,RMC,BOLTON NHS FOUNDATION TRUST,C_120,Ear Nose and Throat Service,"6,744","2,319",34.40%,28.3,62.6,"1,326",1,373
Y62,RMC,BOLTON NHS FOUNDATION TRUST,C_130,Ophthalmology Service,"3,781","2,716",71.80%,9.2,34.2,57,10,22
Y62,RMC,BOLTON NHS FOUNDATION TRUST,C_140,Oral Surgery Service,"3,294","1,270",38.60%,24.1,52.3,271,-,74
Y62,RMC,BOLTON NHS FOUNDATION TRUST,C_150,Neurosurgical Service,-,-,-,-,-,-,-,-
Y62,RMC,BOLTON NHS FOUNDATION TRUST,C_160,Plastic Surgery Service,794,268,33.80%,29.4,66.1,168,-,69
Y62,RMC,BOLTON NHS FOUNDATION TRUST,C_170,Cardiothoracic Surgery Service,34,21,61.80%,8.7,49.3,1,-,-
Y62,RMC,BOLTON NHS FOUNDATION TRUST,C_300,General Internal Medicine Service,3,3,100.00%,-,-,-,-,-
Y62,RMC,BOLTON NHS FOUNDATION TRUST,C_301,Gastroenterology Service,"1,765","1,238",70.10%,10.6,32.3,-,-,-
Y62,RMC,BOLTON NHS FOUNDATION TRUST,C_320,Cardiology Service,"3,334","1,963",58.90%,14.7,41.5,67,-,2
Y62,RMC,BOLTON NHS FOUNDATION TRUST,C_330,Dermatology Service,"2,597","1,568",60.40%,14,36.3,15,-,1
Y62,RMC,BOLTON NHS FOUNDATION TRUST,C_340,Respiratory Medicine Service,"1,022",729,71.30%,10.7,32,8,-,-
Y62,RMC,BOLTON NHS FOUNDATION TRUST,C_400,Neurology Service,17,17,100.00%,-,-,-,-,-
Y62,RMC,BOLTON NHS FOUNDATION TRUST,C_410,Rheumatology Service,"1,115",474,42.50%,22,56.5,161,-,11
Y62,RMC,BOLTON NHS FOUNDATION TRUST,C_430,Elderly Medicine Service,312,280,89.70%,7.1,18.8,-,-,-
Y62,RMC,BOLTON NHS FOUNDATION TRUST,C_502,Gynaecology Service,"3,624","1,537",42.40%,21.7,51.1,269,-,99
Y62,RMC,BOLTON NHS FOUNDATION TRUST,X02,Other - Medical Services,"2,984","1,805",60.50%,14.4,46.9,154,1,24
Y62,RMC,BOLTON NHS FOUNDATION TRUST,X03,Other - Mental Health Services,-,-,-,-,-,-,-,-
Y62,RMC,BOLTON NHS FOUNDATION TRUST,X04,Other - Paediatric Services,505,154,30.50%,27.6,54.6,56,-,10
Y62,RMC,BOLTON NHS FOUNDATION TRUST,X05,Other - Surgical Services,839,372,44.30%,20.6,50.7,63,-,13
Y62,RMC,BOLTON NHS FOUNDATION TRUST,X06,Other - Other Services,21,15,71.40%,17.1,21.3,-,-,-
Y62,RMP,TAMESIDE AND GLOSSOP INTEGRATED CARE NHS FOUNDATION TRUST,C_100,General Surgery Service,"1,524",792,52.00%,16.6,43.5,19,-,-
Y62,RMP,TAMESIDE AND GLOSSOP INTEGRATED CARE NHS FOUNDATION TRUST,C_101,Urology Service,"1,412",766,54.20%,16.2,42.2,19,-,-
Y62,RMP,TAMESIDE AND GLOSSOP INTEGRATED CARE NHS FOUNDATION TRUST,C_110,Trauma and Orthopaedic Service,"2,406","1,654",68.70%,11.1,36.4,20,-,-
Y62,RMP,TAMESIDE AND GLOSSOP INTEGRATED CARE NHS FOUNDATION TRUST,C_120,Ear Nose and Throat Service,"1,850","1,038",56.10%,15.5,35.2,10,-,-
Y62,RMP,TAMESIDE AND GLOSSOP INTEGRATED CARE NHS FOUNDATION TRUST,C_130,Ophthalmology Service,32,28,87.50%,5,33.2,-,-,-
Y62,RMP,TAMESIDE AND GLOSSOP INTEGRATED CARE NHS FOUNDATION TRUST,C_140,Oral Surgery Service,"1,565",803,51.30%,17.4,55.1,190,-,-
Y62,RMP,TAMESIDE AND GLOSSOP INTEGRATED CARE NHS FOUNDATION TRUST,C_150,Neurosurgical Service,-,-,-,-,-,-,-,-
Y62,RMP,TAMESIDE AND GLOSSOP INTEGRATED CARE NHS FOUNDATION TRUST,C_160,Plastic Surgery Service,-,-,-,-,-,-,-,-
Y62,RMP,TAMESIDE AND GLOSSOP INTEGRATED CARE NHS FOUNDATION TRUST,C_170,Cardiothoracic Surgery Service,18,13,72.20%,-,-,-,-,-
Y62,RMP,TAMESIDE AND GLOSSOP INTEGRATED CARE NHS FOUNDATION TRUST,C_300,General Internal Medicine Service,49,42,85.70%,7.5,19.1,-,-,-
Y62,RMP,TAMESIDE AND GLOSSOP INTEGRATED CARE NHS FOUNDATION TRUST,C_301,Gastroenterology Service,"1,466",887,60.50%,13.3,35.2,-,-,-
Y62,RMP,TAMESIDE AND GLOSSOP INTEGRATED CARE NHS FOUNDATION TRUST,C_320,Cardiology Service,992,764,77.00%,9.4,28.7,-,-,-
Y62,RMP,TAMESIDE AND GLOSSOP INTEGRATED CARE NHS FOUNDATION TRUST,C_330,Dermatology Service,211,194,91.90%,7,18.1,-,-,-
Y62,RMP,TAMESIDE AND GLOSSOP INTEGRATED CARE NHS FOUNDATION TRUST,C_340,Respiratory Medicine Service,690,516,74.80%,9.5,29.7,-,-,-
Y62,RMP,TAMESIDE AND GLOSSOP INTEGRATED CARE NHS FOUNDATION TRUST,C_400,Neurology Service,-,-,-,-,-,-,-,-
Y62,RMP,TAMESIDE AND GLOSSOP INTEGRATED CARE NHS FOUNDATION TRUST,C_410,Rheumatology Service,435,412,94.70%,4.1,15.9,1,-,-
Y62,RMP,TAMESIDE AND GLOSSOP INTEGRATED CARE NHS FOUNDATION TRUST,C_430,Elderly Medicine Service,20,19,95.00%,5.3,16.4,-,-,-
Y62,RMP,TAMESIDE AND GLOSSOP INTEGRATED CARE NHS FOUNDATION TRUST,C_502,Gynaecology Service,"3,043","1,694",55.70%,15.6,42.6,72,-,-
Y62,RMP,TAMESIDE AND GLOSSOP INTEGRATED CARE NHS FOUNDATION TRUST,X02,Other - Medical Services,"1,394",800,57.40%,15.4,38.9,6,-,-
Y62,RMP,TAMESIDE AND GLOSSOP INTEGRATED CARE NHS FOUNDATION TRUST,X03,Other - Mental Health Services,-,-,-,-,-,-,-,-
Y62,RMP,TAMESIDE AND GLOSSOP INTEGRATED CARE NHS FOUNDATION TRUST,X04,Other - Paediatric Services,"1,994","1,520",76.20%,9.8,30.2,9,-,-
Y62,RMP,TAMESIDE AND GLOSSOP INTEGRATED CARE NHS FOUNDATION TRUST,X05,Other - Surgical Services,"2,247","1,253",55.80%,15.8,43,91,-,-
Y62,RMP,TAMESIDE AND GLOSSOP INTEGRATED CARE NHS FOUNDATION TRUST,X06,Other - Other Services,-,-,-,-,-,-,-,-
Y62,RRF,"WRIGHTINGTON, WIGAN AND LEIGH NHS FOUNDATION TRUST",C_100,General Surgery Service,"1,958",943,48.20%,18.9,51.7,153,1,26
Y62,RRF,"WRIGHTINGTON, WIGAN AND LEIGH NHS FOUNDATION TRUST",C_101,Urology Service,"2,828","1,473",52.10%,17.2,44.6,89,1,5
Y62,RRF,"WRIGHTINGTON, WIGAN AND LEIGH NHS FOUNDATION TRUST",C_110,Trauma and Orthopaedic Service,"8,231","5,445",66.20%,12.1,38.7,147,1,13
Y62,RRF,"WRIGHTINGTON, WIGAN AND LEIGH NHS FOUNDATION TRUST",C_120,Ear Nose and Throat Service,"4,807","2,778",57.80%,16.3,46,228,1,10
Y62,RRF,"WRIGHTINGTON, WIGAN AND LEIGH NHS FOUNDATION TRUST",C_130,Ophthalmology Service,"2,943","1,695",57.60%,14.6,42.9,83,-,5
Y62,RRF,"WRIGHTINGTON, WIGAN AND LEIGH NHS FOUNDATION TRUST",C_140,Oral Surgery Service,"1,939","1,040",53.60%,16.6,40.5,56,-,6
Y62,RRF,"WRIGHTINGTON, WIGAN AND LEIGH NHS FOUNDATION TRUST",C_150,Neurosurgical Service,26,12,46.20%,20,50.9,2,-,-
Y62,RRF,"WRIGHTINGTON, WIGAN AND LEIGH NHS FOUNDATION TRUST",C_160,Plastic Surgery Service,882,387,43.90%,20.6,47.8,38,-,-
Y62,RRF,"WRIGHTINGTON, WIGAN AND LEIGH NHS FOUNDATION TRUST",C_170,Cardiothoracic Surgery Service,55,34,61.80%,9.5,39.6,-,-,-
Y62,RRF,"WRIGHTINGTON, WIGAN AND LEIGH NHS FOUNDATION TRUST",C_300,General Internal Medicine Service,186,137,73.70%,10,43.1,5,-,-
Y62,RRF,"WRIGHTINGTON, WIGAN AND LEIGH NHS FOUNDATION TRUST",C_301,Gastroenterology Service,"4,004","2,337",58.40%,14.6,43.9,137,-,7
Y62,RRF,"WRIGHTINGTON, WIGAN AND LEIGH NHS FOUNDATION TRUST",C_320,Cardiology Service,"5,413","4,325",79.90%,9,35.3,63,-,1
Y62,RRF,"WRIGHTINGTON, WIGAN AND LEIGH NHS FOUNDATION TRUST",C_330,Dermatology Service,"3,856","1,793",46.50%,19.8,50.2,206,-,-
Y62,RRF,"WRIGHTINGTON, WIGAN AND LEIGH NHS FOUNDATION TRUST",C_340,Respiratory Medicine Service,"2,638","1,441",54.60%,16.1,42.5,65,-,-
Y62,RRF,"WRIGHTINGTON, WIGAN AND LEIGH NHS FOUNDATION TRUST",C_400,Neurology Service,1,-,-,-,-,-,-,-
Y62,RRF,"WRIGHTINGTON, WIGAN AND LEIGH NHS FOUNDATION TRUST",C_410,Rheumatology Service,"1,247",997,80.00%,10.3,24.2,1,-,-
Y62,RRF,"WRIGHTINGTON, WIGAN AND LEIGH NHS FOUNDATION TRUST",C_430,Elderly Medicine Service,466,242,51.90%,17.4,50.7,30,-,-
Y62,RRF,"WRIGHTINGTON, WIGAN AND LEIGH NHS FOUNDATION TRUST",C_502,Gynaecology Service,"4,923","2,090",42.50%,22.1,61.1,716,4,241
Y62,RRF,"WRIGHTINGTON, WIGAN AND LEIGH NHS FOUNDATION TRUST",X02,Other - Medical Services,"1,946",828,42.50%,22.3,57.2,249,-,64
Y62,RRF,"WRIGHTINGTON, WIGAN AND LEIGH NHS FOUNDATION TRUST",X03,Other - Mental Health Services,-,-,-,-,-,-,-,-
Y62,RRF,"WRIGHTINGTON, WIGAN AND LEIGH NHS FOUNDATION TRUST",X04,Other - Paediatric Services,"2,866","1,789",62.40%,12,46.3,131,-,11
Y62,RRF,"WRIGHTINGTON, WIGAN AND LEIGH NHS FOUNDATION TRUST",X05,Other - Surgical Services,"5,427","3,078",56.70%,15.3,48.5,302,-,27
Y62,RRF,"WRIGHTINGTON, WIGAN AND LEIGH NHS FOUNDATION TRUST",X06,Other - Other Services,74,62,83.80%,1.2,37.1,4,-,1
Y62,RTX,UNIVERSITY HOSPITALS OF MORECAMBE BAY NHS FOUNDATION TRUST,C_100,General Surgery Service,"2,368","1,484",62.70%,12.4,39.3,36,-,-
Y62,RTX,UNIVERSITY HOSPITALS OF MORECAMBE BAY NHS FOUNDATION TRUST,C_101,Urology Service,"2,141","1,366",63.80%,12.8,36.9,31,-,-
Y62,RTX,UNIVERSITY HOSPITALS OF MORECAMBE BAY NHS FOUNDATION TRUST,C_110,Trauma and Orthopaedic Service,"5,288","2,828",53.50%,16.3,44.5,192,1,9
Y62,RTX,UNIVERSITY HOSPITALS OF MORECAMBE BAY NHS FOUNDATION TRUST,C_120,Ear Nose and Throat Service,"3,264","2,284",70.00%,11.4,30.1,10,-,-
Y62,RTX,UNIVERSITY HOSPITALS OF MORECAMBE BAY NHS FOUNDATION TRUST,C_130,Ophthalmology Service,"3,147","2,436",77.40%,9.1,30.2,8,-,-
Y62,RTX,UNIVERSITY HOSPITALS OF MORECAMBE BAY NHS FOUNDATION TRUST,C_140,Oral Surgery Service,"1,584","1,124",71.00%,10.4,29.7,7,-,-
Y62,RTX,UNIVERSITY HOSPITALS OF MORECAMBE BAY NHS FOUNDATION TRUST,C_150,Neurosurgical Service,-,-,-,-,-,-,-,-
Y62,RTX,UNIVERSITY HOSPITALS OF MORECAMBE BAY NHS FOUNDATION TRUST,C_160,Plastic Surgery Service,74,66,89.20%,4,23.1,-,-,-
Y62,RTX,UNIVERSITY HOSPITALS OF MORECAMBE BAY NHS FOUNDATION TRUST,C_170,Cardiothoracic Surgery Service,22,22,100.00%,4.5,13.4,-,-,-
Y62,RTX,UNIVERSITY HOSPITALS OF MORECAMBE BAY NHS FOUNDATION TRUST,C_300,General Internal Medicine Service,132,125,94.70%,8,15.7,1,-,-
Y62,RTX,UNIVERSITY HOSPITALS OF MORECAMBE BAY NHS FOUNDATION TRUST,C_301,Gastroenterology Service,"1,095",948,86.60%,6.7,20.9,-,-,-
Y62,RTX,UNIVERSITY HOSPITALS OF MORECAMBE BAY NHS FOUNDATION TRUST,C_320,Cardiology Service,890,808,90.80%,8.2,18.5,-,-,-
Y62,RTX,UNIVERSITY HOSPITALS OF MORECAMBE BAY NHS FOUNDATION TRUST,C_330,Dermatology Service,"1,418","1,281",90.30%,4.4,19.2,1,-,-
Y62,RTX,UNIVERSITY HOSPITALS OF MORECAMBE BAY NHS FOUNDATION TRUST,C_340,Respiratory Medicine Service,495,441,89.10%,7.8,20.6,-,-,-
Y62,RTX,UNIVERSITY HOSPITALS OF MORECAMBE BAY NHS FOUNDATION TRUST,C_400,Neurology Service,-,-,-,-,-,-,-,-
Y62,RTX,UNIVERSITY HOSPITALS OF MORECAMBE BAY NHS FOUNDATION TRUST,C_410,Rheumatology Service,715,665,93.00%,5.9,17.5,2,-,-
Y62,RTX,UNIVERSITY HOSPITALS OF MORECAMBE BAY NHS FOUNDATION TRUST,C_430,Elderly Medicine Service,151,147,97.40%,4.4,12.3,-,-,-
Y62,RTX,UNIVERSITY HOSPITALS OF MORECAMBE BAY NHS FOUNDATION TRUST,C_502,Gynaecology Service,"2,263","1,559",68.90%,11.4,34.5,19,-,-
Y62,RTX,UNIVERSITY HOSPITALS OF MORECAMBE BAY NHS FOUNDATION TRUST,X02,Other - Medical Services,"2,439","1,686",69.10%,11.4,37.6,21,-,-
Y62,RTX,UNIVERSITY HOSPITALS OF MORECAMBE BAY NHS FOUNDATION TRUST,X03,Other - Mental Health Services,-,-,-,-,-,-,-,-
Y62,RTX,UNIVERSITY HOSPITALS OF MORECAMBE BAY NHS FOUNDATION TRUST,X04,Other - Paediatric Services,"1,920","1,419",73.90%,10.2,33.2,17,-,-
Y62,RTX,UNIVERSITY HOSPITALS OF MORECAMBE BAY NHS FOUNDATION TRUST,X05,Other - Surgical Services,"1,383","1,041",75.30%,8.8,38.4,50,-,10
Y62,RTX,UNIVERSITY HOSPITALS OF MORECAMBE BAY NHS FOUNDATION TRUST,X06,Other - Other Services,517,469,90.70%,3.5,19.7,5,-,1
Y62,RW4,MERSEY CARE NHS FOUNDATION TRUST,C_100,General Surgery Service,-,-,-,-,-,-,-,-
Y62,RW4,MERSEY CARE NHS FOUNDATION TRUST,C_101,Urology Service,-,-,-,-,-,-,-,-
Y62,RW4,MERSEY CARE NHS FOUNDATION TRUST,C_110,Trauma and Orthopaedic Service,-,-,-,-,-,-,-,-
Y62,RW4,MERSEY CARE NHS FOUNDATION TRUST,C_120,Ear Nose and Throat Service,-,-,-,-,-,-,-,-
Y62,RW4,MERSEY CARE NHS FOUNDATION TRUST,C_130,Ophthalmology Service,-,-,-,-,-,-,-,-
Y62,RW4,MERSEY CARE NHS FOUNDATION TRUST,C_140,Oral Surgery Service,-,-,-,-,-,-,-,-
Y62,RW4,MERSEY CARE NHS FOUNDATION TRUST,C_150,Neurosurgical Service,-,-,-,-,-,-,-,-
Y62,RW4,MERSEY CARE NHS FOUNDATION TRUST,C_160,Plastic Surgery Service,-,-,-,-,-,-,-,-
Y62,RW4,MERSEY CARE NHS FOUNDATION TRUST,C_170,Cardiothoracic Surgery Service,-,-,-,-,-,-,-,-
Y62,RW4,MERSEY CARE NHS FOUNDATION TRUST,C_300,General Internal Medicine Service,-,-,-,-,-,-,-,-
Y62,RW4,MERSEY CARE NHS FOUNDATION TRUST,C_301,Gastroenterology Service,-,-,-,-,-,-,-,-
Y62,RW4,MERSEY CARE NHS FOUNDATION TRUST,C_320,Cardiology Service,-,-,-,-,-,-,-,-
Y62,RW4,MERSEY CARE NHS FOUNDATION TRUST,C_330,Dermatology Service,-,-,-,-,-,-,-,-
Y62,RW4,MERSEY CARE NHS FOUNDATION TRUST,C_340,Respiratory Medicine Service,-,-,-,-,-,-,-,-
Y62,RW4,MERSEY CARE NHS FOUNDATION TRUST,C_400,Neurology Service,-,-,-,-,-,-,-,-
Y62,RW4,MERSEY CARE NHS FOUNDATION TRUST,C_410,Rheumatology Service,-,-,-,-,-,-,-,-
Y62,RW4,MERSEY CARE NHS FOUNDATION TRUST,C_430,Elderly Medicine Service,-,-,-,-,-,-,-,-
Y62,RW4,MERSEY CARE NHS FOUNDATION TRUST,C_502,Gynaecology Service,-,-,-,-,-,-,-,-
Y62,RW4,MERSEY CARE NHS FOUNDATION TRUST,X02,Other - Medical Services,-,-,-,-,-,-,-,-
Y62,RW4,MERSEY CARE NHS FOUNDATION TRUST,X03,Other - Mental Health Services,50,45,90.00%,1.4,19,2,-,1
Y62,RW4,MERSEY CARE NHS FOUNDATION TRUST,X04,Other - Paediatric Services,-,-,-,-,-,-,-,-
Y62,RW4,MERSEY CARE NHS FOUNDATION TRUST,X05,Other - Surgical Services,-,-,-,-,-,-,-,-
Y62,RW4,MERSEY CARE NHS FOUNDATION TRUST,X06,Other - Other Services,-,-,-,-,-,-,-,-
Y62,RW5,LANCASHIRE & SOUTH CUMBRIA NHS FOUNDATION TRUST,C_100,General Surgery Service,-,-,-,-,-,-,-,-
Y62,RW5,LANCASHIRE & SOUTH CUMBRIA NHS FOUNDATION TRUST,C_101,Urology Service,-,-,-,-,-,-,-,-
Y62,RW5,LANCASHIRE & SOUTH CUMBRIA NHS FOUNDATION TRUST,C_110,Trauma and Orthopaedic Service,"1,148","1,142",99.50%,1.3,7,-,-,-
Y62,RW5,LANCASHIRE & SOUTH CUMBRIA NHS FOUNDATION TRUST,C_120,Ear Nose and Throat Service,-,-,-,-,-,-,-,-
Y62,RW5,LANCASHIRE & SOUTH CUMBRIA NHS FOUNDATION TRUST,C_130,Ophthalmology Service,-,-,-,-,-,-,-,-
Y62,RW5,LANCASHIRE & SOUTH CUMBRIA NHS FOUNDATION TRUST,C_140,Oral Surgery Service,-,-,-,-,-,-,-,-
Y62,RW5,LANCASHIRE & SOUTH CUMBRIA NHS FOUNDATION TRUST,C_150,Neurosurgical Service,-,-,-,-,-,-,-,-
Y62,RW5,LANCASHIRE & SOUTH CUMBRIA NHS FOUNDATION TRUST,C_160,Plastic Surgery Service,-,-,-,-,-,-,-,-
Y62,RW5,LANCASHIRE & SOUTH CUMBRIA NHS FOUNDATION TRUST,C_170,Cardiothoracic Surgery Service,-,-,-,-,-,-,-,-
Y62,RW5,LANCASHIRE & SOUTH CUMBRIA NHS FOUNDATION TRUST,C_300,General Internal Medicine Service,-,-,-,-,-,-,-,-
Y62,RW5,LANCASHIRE & SOUTH CUMBRIA NHS FOUNDATION TRUST,C_301,Gastroenterology Service,-,-,-,-,-,-,-,-
Y62,RW5,LANCASHIRE & SOUTH CUMBRIA NHS FOUNDATION TRUST,C_320,Cardiology Service,-,-,-,-,-,-,-,-
Y62,RW5,LANCASHIRE & SOUTH CUMBRIA NHS FOUNDATION TRUST,C_330,Dermatology Service,-,-,-,-,-,-,-,-
Y62,RW5,LANCASHIRE & SOUTH CUMBRIA NHS FOUNDATION TRUST,C_340,Respiratory Medicine Service,-,-,-,-,-,-,-,-
Y62,RW5,LANCASHIRE & SOUTH CUMBRIA NHS FOUNDATION TRUST,C_400,Neurology Service,-,-,-,-,-,-,-,-
Y62,RW5,LANCASHIRE & SOUTH CUMBRIA NHS FOUNDATION TRUST,C_410,Rheumatology Service,396,381,96.20%,5.8,15.2,-,-,-
Y62,RW5,LANCASHIRE & SOUTH CUMBRIA NHS FOUNDATION TRUST,C_430,Elderly Medicine Service,-,-,-,-,-,-,-,-
Y62,RW5,LANCASHIRE & SOUTH CUMBRIA NHS FOUNDATION TRUST,C_502,Gynaecology Service,-,-,-,-,-,-,-,-
Y62,RW5,LANCASHIRE & SOUTH CUMBRIA NHS FOUNDATION TRUST,X02,Other - Medical Services,-,-,-,-,-,-,-,-
Y62,RW5,LANCASHIRE & SOUTH CUMBRIA NHS FOUNDATION TRUST,X03,Other - Mental Health Services,-,-,-,-,-,-,-,-
Y62,RW5,LANCASHIRE & SOUTH CUMBRIA NHS FOUNDATION TRUST,X04,Other - Paediatric Services,-,-,-,-,-,-,-,-
Y62,RW5,LANCASHIRE & SOUTH CUMBRIA NHS FOUNDATION TRUST,X05,Other - Surgical Services,-,-,-,-,-,-,-,-
Y62,RW5,LANCASHIRE & SOUTH CUMBRIA NHS FOUNDATION TRUST,X06,Other - Other Services,-,-,-,-,-,-,-,-
Y62,RWJ,STOCKPORT NHS FOUNDATION TRUST,C_100,General Surgery Service,"3,991","2,075",52.00%,17,45.5,163,3,31
Y62,RWJ,STOCKPORT NHS FOUNDATION TRUST,C_101,Urology Service,"2,431","1,398",57.50%,14.4,50,180,-,65
Y62,RWJ,STOCKPORT NHS FOUNDATION TRUST,C_110,Trauma and Orthopaedic Service,"5,568","3,288",59.10%,14.7,41.5,148,-,3
Y62,RWJ,STOCKPORT NHS FOUNDATION TRUST,C_120,Ear Nose and Throat Service,"4,620","2,554",55.30%,16,48.6,294,-,81
Y62,RWJ,STOCKPORT NHS FOUNDATION TRUST,C_130,Ophthalmology Service,"2,481","1,552",62.60%,13.1,46.3,124,-,9
Y62,RWJ,STOCKPORT NHS FOUNDATION TRUST,C_140,Oral Surgery Service,819,84,10.30%,52.6,70.5,423,1,184
Y62,RWJ,STOCKPORT NHS FOUNDATION TRUST,C_150,Neurosurgical Service,-,-,-,-,-,-,-,-
Y62,RWJ,STOCKPORT NHS FOUNDATION TRUST,C_160,Plastic Surgery Service,-,-,-,-,-,-,-,-
Y62,RWJ,STOCKPORT NHS FOUNDATION TRUST,C_170,Cardiothoracic Surgery Service,6,5,83.30%,-,-,-,-,-
Y62,RWJ,STOCKPORT NHS FOUNDATION TRUST,C_300,General Internal Medicine Service,4,3,75.00%,-,-,-,-,-
Y62,RWJ,STOCKPORT NHS FOUNDATION TRUST,C_301,Gastroenterology Service,"3,306","1,688",51.10%,17.5,40.8,52,-,9
Y62,RWJ,STOCKPORT NHS FOUNDATION TRUST,C_320,Cardiology Service,"4,315","1,791",41.50%,21.7,50.4,284,-,28
Y62,RWJ,STOCKPORT NHS FOUNDATION TRUST,C_330,Dermatology Service,-,-,-,-,-,-,-,-
Y62,RWJ,STOCKPORT NHS FOUNDATION TRUST,C_340,Respiratory Medicine Service,"1,330",491,36.90%,24.9,50.7,91,-,14
Y62,RWJ,STOCKPORT NHS FOUNDATION TRUST,C_400,Neurology Service,-,-,-,-,-,-,-,-
Y62,RWJ,STOCKPORT NHS FOUNDATION TRUST,C_410,Rheumatology Service,883,570,64.60%,11.5,34,3,-,-
Y62,RWJ,STOCKPORT NHS FOUNDATION TRUST,C_430,Elderly Medicine Service,124,113,91.10%,2.5,18.5,-,-,-
Y62,RWJ,STOCKPORT NHS FOUNDATION TRUST,C_502,Gynaecology Service,"3,872","1,819",47.00%,19.5,48.8,180,-,19
Y62,RWJ,STOCKPORT NHS FOUNDATION TRUST,X02,Other - Medical Services,"3,180","2,031",63.90%,11.9,46.7,167,-,20
Y62,RWJ,STOCKPORT NHS FOUNDATION TRUST,X03,Other - Mental Health Services,-,-,-,-,-,-,-,-
Y62,RWJ,STOCKPORT NHS FOUNDATION TRUST,X04,Other - Paediatric Services,235,185,78.70%,8.1,31.6,5,-,-
Y62,RWJ,STOCKPORT NHS FOUNDATION TRUST,X05,Other - Surgical Services,297,116,39.10%,25.2,47.4,4,-,-
Y62,RWJ,STOCKPORT NHS FOUNDATION TRUST,X06,Other - Other Services,425,129,30.40%,29.7,60,90,-,15
Y62,RWW,WARRINGTON AND HALTON TEACHING HOSPITALS NHS FOUNDATION TRUST,C_100,General Surgery Service,653,416,63.70%,11.9,48.4,38,1,10
Y62,RWW,WARRINGTON AND HALTON TEACHING HOSPITALS NHS FOUNDATION TRUST,C_101,Urology Service,"2,415","1,527",63.20%,13.7,47.3,130,3,57
Y62,RWW,WARRINGTON AND HALTON TEACHING HOSPITALS NHS FOUNDATION TRUST,C_110,Trauma and Orthopaedic Service,"3,578","1,696",47.40%,19.8,53.8,327,4,106
Y62,RWW,WARRINGTON AND HALTON TEACHING HOSPITALS NHS FOUNDATION TRUST,C_120,Ear Nose and Throat Service,"3,147","1,916",60.90%,15,48,181,1,70
Y62,RWW,WARRINGTON AND HALTON TEACHING HOSPITALS NHS FOUNDATION TRUST,C_130,Ophthalmology Service,"3,300","2,411",73.10%,9.8,34.9,18,-,5
Y62,RWW,WARRINGTON AND HALTON TEACHING HOSPITALS NHS FOUNDATION TRUST,C_140,Oral Surgery Service,-,-,-,-,-,-,-,-
Y62,RWW,WARRINGTON AND HALTON TEACHING HOSPITALS NHS FOUNDATION TRUST,C_150,Neurosurgical Service,-,-,-,-,-,-,-,-
Y62,RWW,WARRINGTON AND HALTON TEACHING HOSPITALS NHS FOUNDATION TRUST,C_160,Plastic Surgery Service,-,-,-,-,-,-,-,-
Y62,RWW,WARRINGTON AND HALTON TEACHING HOSPITALS NHS FOUNDATION TRUST,C_170,Cardiothoracic Surgery Service,-,-,-,-,-,-,-,-
Y62,RWW,WARRINGTON AND HALTON TEACHING HOSPITALS NHS FOUNDATION TRUST,C_300,General Internal Medicine Service,36,35,97.20%,11.3,16.7,-,-,-
Y62,RWW,WARRINGTON AND HALTON TEACHING HOSPITALS NHS FOUNDATION TRUST,C_301,Gastroenterology Service,"2,814","1,958",69.60%,11.1,46.6,134,1,8
Y62,RWW,WARRINGTON AND HALTON TEACHING HOSPITALS NHS FOUNDATION TRUST,C_320,Cardiology Service,"1,941","1,075",55.40%,15.6,49.1,88,-,3
Y62,RWW,WARRINGTON AND HALTON TEACHING HOSPITALS NHS FOUNDATION TRUST,C_330,Dermatology Service,-,-,-,-,-,-,-,-
Y62,RWW,WARRINGTON AND HALTON TEACHING HOSPITALS NHS FOUNDATION TRUST,C_340,Respiratory Medicine Service,"1,550",855,55.20%,16.1,48.2,65,-,-
Y62,RWW,WARRINGTON AND HALTON TEACHING HOSPITALS NHS FOUNDATION TRUST,C_400,Neurology Service,-,-,-,-,-,-,-,-
Y62,RWW,WARRINGTON AND HALTON TEACHING HOSPITALS NHS FOUNDATION TRUST,C_410,Rheumatology Service,632,540,85.40%,8.3,20.6,-,-,-
Y62,RWW,WARRINGTON AND HALTON TEACHING HOSPITALS NHS FOUNDATION TRUST,C_430,Elderly Medicine Service,130,97,74.60%,10.4,21,-,-,-
Y62,RWW,WARRINGTON AND HALTON TEACHING HOSPITALS NHS FOUNDATION TRUST,C_502,Gynaecology Service,"4,507","2,348",52.10%,16.9,57.6,525,11,150
Y62,RWW,WARRINGTON AND HALTON TEACHING HOSPITALS NHS FOUNDATION TRUST,X02,Other - Medical Services,"3,721","2,122",57.00%,15.2,47.7,156,-,10
Y62,RWW,WARRINGTON AND HALTON TEACHING HOSPITALS NHS FOUNDATION TRUST,X03,Other - Mental Health Services,-,-,-,-,-,-,-,-
Y62,RWW,WARRINGTON AND HALTON TEACHING HOSPITALS NHS FOUNDATION TRUST,X04,Other - Paediatric Services,"1,536","1,293",84.20%,7.3,28,5,-,-
Y62,RWW,WARRINGTON AND HALTON TEACHING HOSPITALS NHS FOUNDATION TRUST,X05,Other - Surgical Services,"5,789","3,113",53.80%,16.5,46.8,261,2,65
Y62,RWW,WARRINGTON AND HALTON TEACHING HOSPITALS NHS FOUNDATION TRUST,X06,Other - Other Services,372,244,65.60%,14.7,27.9,-,-,-
Y62,RXL,BLACKPOOL TEACHING HOSPITALS NHS FOUNDATION TRUST,C_100,General Surgery Service,"1,085",590,54.40%,16.2,45.9,41,-,1
Y62,RXL,BLACKPOOL TEACHING HOSPITALS NHS FOUNDATION TRUST,C_101,Urology Service,"1,839","1,175",63.90%,13,38.4,41,-,1
Y62,RXL,BLACKPOOL TEACHING HOSPITALS NHS FOUNDATION TRUST,C_110,Trauma and Orthopaedic Service,"2,591","1,388",53.60%,16.3,46.1,96,-,4
Y62,RXL,BLACKPOOL TEACHING HOSPITALS NHS FOUNDATION TRUST,C_120,Ear Nose and Throat Service,"2,647","1,741",65.80%,11.3,41.4,51,-,6
Y62,RXL,BLACKPOOL TEACHING HOSPITALS NHS FOUNDATION TRUST,C_130,Ophthalmology Service,"3,324","1,759",52.90%,16.6,47,126,-,6
Y62,RXL,BLACKPOOL TEACHING HOSPITALS NHS FOUNDATION TRUST,C_140,Oral Surgery Service,"2,458",995,40.50%,22.5,53.1,223,-,46
Y62,RXL,BLACKPOOL TEACHING HOSPITALS NHS FOUNDATION TRUST,C_150,Neurosurgical Service,-,-,-,-,-,-,-,-
Y62,RXL,BLACKPOOL TEACHING HOSPITALS NHS FOUNDATION TRUST,C_160,Plastic Surgery Service,56,52,92.90%,4.7,15.8,-,-,-
Y62,RXL,BLACKPOOL TEACHING HOSPITALS NHS FOUNDATION TRUST,C_170,Cardiothoracic Surgery Service,659,359,54.50%,16.4,52,53,-,12
Y62,RXL,BLACKPOOL TEACHING HOSPITALS NHS FOUNDATION TRUST,C_300,General Internal Medicine Service,1,1,100.00%,-,-,-,-,-
Y62,RXL,BLACKPOOL TEACHING HOSPITALS NHS FOUNDATION TRUST,C_301,Gastroenterology Service,"2,913","1,503",51.60%,17.2,44.7,52,-,5
Y62,RXL,BLACKPOOL TEACHING HOSPITALS NHS FOUNDATION TRUST,C_320,Cardiology Service,"4,194","2,108",50.30%,17.9,44.7,168,-,45
Y62,RXL,BLACKPOOL TEACHING HOSPITALS NHS FOUNDATION TRUST,C_330,Dermatology Service,"1,457","1,437",98.60%,4.9,13.5,-,-,-
Y62,RXL,BLACKPOOL TEACHING HOSPITALS NHS FOUNDATION TRUST,C_340,Respiratory Medicine Service,511,452,88.50%,7.3,20.4,-,-,-
Y62,RXL,BLACKPOOL TEACHING HOSPITALS NHS FOUNDATION TRUST,C_400,Neurology Service,-,-,-,-,-,-,-,-
Y62,RXL,BLACKPOOL TEACHING HOSPITALS NHS FOUNDATION TRUST,C_410,Rheumatology Service,819,478,58.40%,15.2,34.8,3,-,-
Y62,RXL,BLACKPOOL TEACHING HOSPITALS NHS FOUNDATION TRUST,C_430,Elderly Medicine Service,44,42,95.50%,4.9,15.7,-,-,-
Y62,RXL,BLACKPOOL TEACHING HOSPITALS NHS FOUNDATION TRUST,C_502,Gynaecology Service,"3,734","1,340",35.90%,26.6,60.9,621,2,138
Y62,RXL,BLACKPOOL TEACHING HOSPITALS NHS FOUNDATION TRUST,X02,Other - Medical Services,"3,064","1,828",59.70%,13.8,45.6,65,-,-
Y62,RXL,BLACKPOOL TEACHING HOSPITALS NHS FOUNDATION TRUST,X03,Other - Mental Health Services,-,-,-,-,-,-,-,-
Y62,RXL,BLACKPOOL TEACHING HOSPITALS NHS FOUNDATION TRUST,X04,Other - Paediatric Services,"1,158",659,56.90%,15.9,39,5,-,2
Y62,RXL,BLACKPOOL TEACHING HOSPITALS NHS FOUNDATION TRUST,X05,Other - Surgical Services,"1,463","1,037",70.90%,7.8,35.6,14,1,2
Y62,RXL,BLACKPOOL TEACHING HOSPITALS NHS FOUNDATION TRUST,X06,Other - Other Services,-,-,-,-,-,-,-,-
Y62,RXN,LANCASHIRE TEACHING HOSPITALS NHS FOUNDATION TRUST,C_100,General Surgery Service,139,62,44.60%,19.6,52.6,13,-,2
Y62,RXN,LANCASHIRE TEACHING HOSPITALS NHS FOUNDATION TRUST,C_101,Urology Service,"1,915",955,49.90%,18.1,50.7,126,-,-
Y62,RXN,LANCASHIRE TEACHING HOSPITALS NHS FOUNDATION TRUST,C_110,Trauma and Orthopaedic Service,"3,601","2,389",66.30%,12,37.9,49,-,2
Y62,RXN,LANCASHIRE TEACHING HOSPITALS NHS FOUNDATION TRUST,C_120,Ear Nose and Throat Service,"2,347","1,583",67.40%,10.3,41,73,-,8
Y62,RXN,LANCASHIRE TEACHING HOSPITALS NHS FOUNDATION TRUST,C_130,Ophthalmology Service,"4,279","2,583",60.40%,14,41.6,148,-,30
Y62,RXN,LANCASHIRE TEACHING HOSPITALS NHS FOUNDATION TRUST,C_140,Oral Surgery Service,"4,650","2,059",44.30%,21,56.9,511,-,196
Y62,RXN,LANCASHIRE TEACHING HOSPITALS NHS FOUNDATION TRUST,C_150,Neurosurgical Service,"3,489","1,898",54.40%,16.5,44.6,98,-,-
Y62,RXN,LANCASHIRE TEACHING HOSPITALS NHS FOUNDATION TRUST,C_160,Plastic Surgery Service,"3,084","1,672",54.20%,16.2,47.9,164,-,-
Y62,RXN,LANCASHIRE TEACHING HOSPITALS NHS FOUNDATION TRUST,C_170,Cardiothoracic Surgery Service,-,-,-,-,-,-,-,-
Y62,RXN,LANCASHIRE TEACHING HOSPITALS NHS FOUNDATION TRUST,C_300,General Internal Medicine Service,"2,258","1,257",55.70%,15.4,42.9,45,-,4
Y62,RXN,LANCASHIRE TEACHING HOSPITALS NHS FOUNDATION TRUST,C_301,Gastroenterology Service,"1,848",753,40.70%,22.3,49.2,88,-,1
Y62,RXN,LANCASHIRE TEACHING HOSPITALS NHS FOUNDATION TRUST,C_320,Cardiology Service,"3,147","1,793",57.00%,15,38.1,51,-,2
Y62,RXN,LANCASHIRE TEACHING HOSPITALS NHS FOUNDATION TRUST,C_330,Dermatology Service,"2,180","1,686",77.30%,9.9,29,4,-,-
Y62,RXN,LANCASHIRE TEACHING HOSPITALS NHS FOUNDATION TRUST,C_340,Respiratory Medicine Service,-,-,-,-,-,-,-,-
Y62,RXN,LANCASHIRE TEACHING HOSPITALS NHS FOUNDATION TRUST,C_400,Neurology Service,"6,838","3,579",52.30%,17.1,45.8,197,-,11
Y62,RXN,LANCASHIRE TEACHING HOSPITALS NHS FOUNDATION TRUST,C_410,Rheumatology Service,-,-,-,-,-,-,-,-
Y62,RXN,LANCASHIRE TEACHING HOSPITALS NHS FOUNDATION TRUST,C_430,Elderly Medicine Service,154,115,74.70%,7.6,30.7,2,-,-
Y62,RXN,LANCASHIRE TEACHING HOSPITALS NHS FOUNDATION TRUST,C_502,Gynaecology Service,"1,966","1,037",52.70%,16.9,41.8,24,-,-
Y62,RXN,LANCASHIRE TEACHING HOSPITALS NHS FOUNDATION TRUST,X02,Other - Medical Services,"5,457","2,995",54.90%,16.2,50.5,389,-,37
Y62,RXN,LANCASHIRE TEACHING HOSPITALS NHS FOUNDATION TRUST,X03,Other - Mental Health Services,-,-,-,-,-,-,-,-
Y62,RXN,LANCASHIRE TEACHING HOSPITALS NHS FOUNDATION TRUST,X04,Other - Paediatric Services,"2,533","1,183",46.70%,19.4,50.3,172,-,27
Y62,RXN,LANCASHIRE TEACHING HOSPITALS NHS FOUNDATION TRUST,X05,Other - Surgical Services,"7,817","4,332",55.40%,15.9,47.1,336,-,18
Y62,RXN,LANCASHIRE TEACHING HOSPITALS NHS FOUNDATION TRUST,X06,Other - Other Services,597,506,84.80%,5.3,27.3,2,-,-
Y62,RXR,EAST LANCASHIRE HOSPITALS NHS TRUST,C_100,General Surgery Service,"5,307","2,409",45.40%,20.1,51.8,413,-,32
Y62,RXR,EAST LANCASHIRE HOSPITALS NHS TRUST,C_101,Urology Service,"3,363","1,963",58.40%,14.9,33.9,22,-,1
Y62,RXR,EAST LANCASHIRE HOSPITALS NHS TRUST,C_110,Trauma and Orthopaedic Service,"8,267","4,710",57.00%,13.5,51.8,647,-,105
Y62,RXR,EAST LANCASHIRE HOSPITALS NHS TRUST,C_120,Ear Nose and Throat Service,"7,129","4,148",58.20%,15.4,37.2,158,-,10
Y62,RXR,EAST LANCASHIRE HOSPITALS NHS TRUST,C_130,Ophthalmology Service,"5,687","3,909",68.70%,11.6,33.6,86,-,-
Y62,RXR,EAST LANCASHIRE HOSPITALS NHS TRUST,C_140,Oral Surgery Service,"5,763","2,395",41.60%,21.9,52.9,508,-,24
Y62,RXR,EAST LANCASHIRE HOSPITALS NHS TRUST,C_150,Neurosurgical Service,-,-,-,-,-,-,-,-
Y62,RXR,EAST LANCASHIRE HOSPITALS NHS TRUST,C_160,Plastic Surgery Service,-,-,-,-,-,-,-,-
Y62,RXR,EAST LANCASHIRE HOSPITALS NHS TRUST,C_170,Cardiothoracic Surgery Service,-,-,-,-,-,-,-,-
Y62,RXR,EAST LANCASHIRE HOSPITALS NHS TRUST,C_300,General Internal Medicine Service,6,5,83.30%,-,-,-,-,-
Y62,RXR,EAST LANCASHIRE HOSPITALS NHS TRUST,C_301,Gastroenterology Service,"6,058","2,295",37.90%,24.8,52.8,537,-,5
Y62,RXR,EAST LANCASHIRE HOSPITALS NHS TRUST,C_320,Cardiology Service,"5,484","2,165",39.50%,23.2,51.9,430,-,-
Y62,RXR,EAST LANCASHIRE HOSPITALS NHS TRUST,C_330,Dermatology Service,"3,167","1,311",41.40%,23.2,57.2,404,-,45
Y62,RXR,EAST LANCASHIRE HOSPITALS NHS TRUST,C_340,Respiratory Medicine Service,"1,005",904,90.00%,6.3,19.1,1,-,-
Y62,RXR,EAST LANCASHIRE HOSPITALS NHS TRUST,C_400,Neurology Service,-,-,-,-,-,-,-,-
Y62,RXR,EAST LANCASHIRE HOSPITALS NHS TRUST,C_410,Rheumatology Service,"1,279",683,53.40%,16.8,42.3,16,-,-
Y62,RXR,EAST LANCASHIRE HOSPITALS NHS TRUST,C_430,Elderly Medicine Service,45,44,97.80%,4.5,17.1,-,-,-
Y62,RXR,EAST LANCASHIRE HOSPITALS NHS TRUST,C_502,Gynaecology Service,"8,179","3,739",45.70%,20.1,48.4,416,-,21
Y62,RXR,EAST LANCASHIRE HOSPITALS NHS TRUST,X02,Other - Medical Services,"3,428","2,390",69.70%,11.2,31,119,-,36
Y62,RXR,EAST LANCASHIRE HOSPITALS NHS TRUST,X03,Other - Mental Health Services,-,-,-,-,-,-,-,-
Y62,RXR,EAST LANCASHIRE HOSPITALS NHS TRUST,X04,Other - Paediatric Services,"3,660","2,110",57.70%,15.4,36.6,52,-,11
Y62,RXR,EAST LANCASHIRE HOSPITALS NHS TRUST,X05,Other - Surgical Services,"3,591","2,263",63.00%,12.6,37.8,41,-,-
Y62,RXR,EAST LANCASHIRE HOSPITALS NHS TRUST,X06,Other - Other Services,56,41,73.20%,8,38.3,-,-,-
Y63,R0B,SOUTH TYNESIDE AND SUNDERLAND NHS FOUNDATION TRUST,C_100,General Surgery Service,"4,876","3,794",77.80%,8.1,30.3,-,-,-
Y63,R0B,SOUTH TYNESIDE AND SUNDERLAND NHS FOUNDATION TRUST,C_101,Urology Service,"5,888","4,175",70.90%,10.6,34.7,17,-,-
Y63,R0B,SOUTH TYNESIDE AND SUNDERLAND NHS FOUNDATION TRUST,C_110,Trauma and Orthopaedic Service,"8,935","4,344",48.60%,18.7,50.5,602,-,88
Y63,R0B,SOUTH TYNESIDE AND SUNDERLAND NHS FOUNDATION TRUST,C_120,Ear Nose and Throat Service,"4,848","3,683",76.00%,8.9,28.1,7,-,1
Y63,R0B,SOUTH TYNESIDE AND SUNDERLAND NHS FOUNDATION TRUST,C_130,Ophthalmology Service,"9,178","6,592",71.80%,10.1,31.9,55,9,10
Y63,R0B,SOUTH TYNESIDE AND SUNDERLAND NHS FOUNDATION TRUST,C_140,Oral Surgery Service,"4,062","2,661",65.50%,12.9,32.7,-,-,-
Y63,R0B,SOUTH TYNESIDE AND SUNDERLAND NHS FOUNDATION TRUST,C_150,Neurosurgical Service,-,-,-,-,-,-,-,-
Y63,R0B,SOUTH TYNESIDE AND SUNDERLAND NHS FOUNDATION TRUST,C_160,Plastic Surgery Service,-,-,-,-,-,-,-,-
Y63,R0B,SOUTH TYNESIDE AND SUNDERLAND NHS FOUNDATION TRUST,C_170,Cardiothoracic Surgery Service,-,-,-,-,-,-,-,-
Y63,R0B,SOUTH TYNESIDE AND SUNDERLAND NHS FOUNDATION TRUST,C_300,General Internal Medicine Service,-,-,-,-,-,-,-,-
Y63,R0B,SOUTH TYNESIDE AND SUNDERLAND NHS FOUNDATION TRUST,C_301,Gastroenterology Service,"1,137","1,097",96.50%,3.8,13.9,-,-,-
Y63,R0B,SOUTH TYNESIDE AND SUNDERLAND NHS FOUNDATION TRUST,C_320,Cardiology Service,"1,856","1,549",83.50%,7.3,23.2,-,-,-
Y63,R0B,SOUTH TYNESIDE AND SUNDERLAND NHS FOUNDATION TRUST,C_330,Dermatology Service,-,-,-,-,-,-,-,-
Y63,R0B,SOUTH TYNESIDE AND SUNDERLAND NHS FOUNDATION TRUST,C_340,Respiratory Medicine Service,"2,856","2,048",71.70%,10.2,30.9,-,-,-
Y63,R0B,SOUTH TYNESIDE AND SUNDERLAND NHS FOUNDATION TRUST,C_400,Neurology Service,"1,198","1,047",87.40%,7,20.8,-,-,-
Y63,R0B,SOUTH TYNESIDE AND SUNDERLAND NHS FOUNDATION TRUST,C_410,Rheumatology Service,"1,218",919,75.50%,8.9,24.9,-,-,-
Y63,R0B,SOUTH TYNESIDE AND SUNDERLAND NHS FOUNDATION TRUST,C_430,Elderly Medicine Service,639,600,93.90%,4.1,15.8,-,-,-
Y63,R0B,SOUTH TYNESIDE AND SUNDERLAND NHS FOUNDATION TRUST,C_502,Gynaecology Service,"2,961","2,427",82.00%,7.9,24.9,-,-,-
Y63,R0B,SOUTH TYNESIDE AND SUNDERLAND NHS FOUNDATION TRUST,X02,Other - Medical Services,"1,693","1,405",83.00%,7,23.7,-,-,-
Y63,R0B,SOUTH TYNESIDE AND SUNDERLAND NHS FOUNDATION TRUST,X03,Other - Mental Health Services,-,-,-,-,-,-,-,-
Y63,R0B,SOUTH TYNESIDE AND SUNDERLAND NHS FOUNDATION TRUST,X04,Other - Paediatric Services,"2,353","1,675",71.20%,8.9,33.8,-,-,-
Y63,R0B,SOUTH TYNESIDE AND SUNDERLAND NHS FOUNDATION TRUST,X05,Other - Surgical Services,152,83,54.60%,15.7,37.4,-,-,-
Y63,R0B,SOUTH TYNESIDE AND SUNDERLAND NHS FOUNDATION TRUST,X06,Other - Other Services,"7,912","6,778",85.70%,8.9,20.7,1,-,-
Y63,RAE,BRADFORD TEACHING HOSPITALS NHS FOUNDATION TRUST,C_100,General Surgery Service,"1,333",719,53.90%,16.1,41.2,12,-,-
Y63,RAE,BRADFORD TEACHING HOSPITALS NHS FOUNDATION TRUST,C_101,Urology Service,"2,267","1,490",65.70%,12.3,33.3,1,-,-
Y63,RAE,BRADFORD TEACHING HOSPITALS NHS FOUNDATION TRUST,C_110,Trauma and Orthopaedic Service,"2,132",950,44.60%,21.3,55.6,235,-,72
Y63,RAE,BRADFORD TEACHING HOSPITALS NHS FOUNDATION TRUST,C_120,Ear Nose and Throat Service,"4,001","2,240",56.00%,15.7,41,76,-,3
Y63,RAE,BRADFORD TEACHING HOSPITALS NHS FOUNDATION TRUST,C_130,Ophthalmology Service,"2,877","1,908",66.30%,12.8,33,4,-,-
Y63,RAE,BRADFORD TEACHING HOSPITALS NHS FOUNDATION TRUST,C_140,Oral Surgery Service,"1,686",978,58.00%,14.9,39.4,36,-,-
Y63,RAE,BRADFORD TEACHING HOSPITALS NHS FOUNDATION TRUST,C_150,Neurosurgical Service,-,-,-,-,-,-,-,-
Y63,RAE,BRADFORD TEACHING HOSPITALS NHS FOUNDATION TRUST,C_160,Plastic Surgery Service,922,593,64.30%,12,35.9,14,-,1
Y63,RAE,BRADFORD TEACHING HOSPITALS NHS FOUNDATION TRUST,C_170,Cardiothoracic Surgery Service,-,-,-,-,-,-,-,-
Y63,RAE,BRADFORD TEACHING HOSPITALS NHS FOUNDATION TRUST,C_300,General Internal Medicine Service,44,36,81.80%,5,28.5,-,-,-
Y63,RAE,BRADFORD TEACHING HOSPITALS NHS FOUNDATION TRUST,C_301,Gastroenterology Service,"1,351",959,71.00%,10.1,30.8,2,-,-
Y63,RAE,BRADFORD TEACHING HOSPITALS NHS FOUNDATION TRUST,C_320,Cardiology Service,"1,647","1,117",67.80%,11.8,30.3,-,-,-
Y63,RAE,BRADFORD TEACHING HOSPITALS NHS FOUNDATION TRUST,C_330,Dermatology Service,"1,402","1,156",82.50%,7.6,25.1,-,-,-
Y63,RAE,BRADFORD TEACHING HOSPITALS NHS FOUNDATION TRUST,C_340,Respiratory Medicine Service,"1,126",774,68.70%,12.1,31.5,-,-,-
Y63,RAE,BRADFORD TEACHING HOSPITALS NHS FOUNDATION TRUST,C_400,Neurology Service,"1,079",523,48.50%,19,38.7,4,-,-
Y63,RAE,BRADFORD TEACHING HOSPITALS NHS FOUNDATION TRUST,C_410,Rheumatology Service,443,396,89.40%,5,20.2,-,-,-
Y63,RAE,BRADFORD TEACHING HOSPITALS NHS FOUNDATION TRUST,C_430,Elderly Medicine Service,83,79,95.20%,3.3,16.3,-,-,-
Y63,RAE,BRADFORD TEACHING HOSPITALS NHS FOUNDATION TRUST,C_502,Gynaecology Service,"3,234","2,053",63.50%,13.6,38.3,33,-,-
Y63,RAE,BRADFORD TEACHING HOSPITALS NHS FOUNDATION TRUST,X02,Other - Medical Services,"3,856","2,871",74.50%,10,28.7,2,-,-
Y63,RAE,BRADFORD TEACHING HOSPITALS NHS FOUNDATION TRUST,X03,Other - Mental Health Services,-,-,-,-,-,-,-,-
Y63,RAE,BRADFORD TEACHING HOSPITALS NHS FOUNDATION TRUST,X04,Other - Paediatric Services,"1,934","1,245",64.40%,12.3,37.7,9,-,-
Y63,RAE,BRADFORD TEACHING HOSPITALS NHS FOUNDATION TRUST,X05,Other - Surgical Services,"3,456","2,228",64.50%,11.8,37.5,36,-,-
Y63,RAE,BRADFORD TEACHING HOSPITALS NHS FOUNDATION TRUST,X06,Other - Other Services,498,432,86.70%,6.7,21.5,-,-,-
Y63,RCB,YORK AND SCARBOROUGH TEACHING HOSPITALS NHS FOUNDATION TRUST,C_100,General Surgery Service,362,358,98.90%,1.8,3.9,-,-,-
Y63,RCB,YORK AND SCARBOROUGH TEACHING HOSPITALS NHS FOUNDATION TRUST,C_101,Urology Service,"3,209","1,617",50.40%,17.8,46.5,124,-,13
Y63,RCB,YORK AND SCARBOROUGH TEACHING HOSPITALS NHS FOUNDATION TRUST,C_110,Trauma and Orthopaedic Service,"3,925","2,251",57.40%,14.7,45.3,140,-,7
Y63,RCB,YORK AND SCARBOROUGH TEACHING HOSPITALS NHS FOUNDATION TRUST,C_120,Ear Nose and Throat Service,"5,963","2,936",49.20%,18.3,47.1,204,-,32
Y63,RCB,YORK AND SCARBOROUGH TEACHING HOSPITALS NHS FOUNDATION TRUST,C_130,Ophthalmology Service,"6,005","3,699",61.60%,13.2,41.8,148,-,8
Y63,RCB,YORK AND SCARBOROUGH TEACHING HOSPITALS NHS FOUNDATION TRUST,C_140,Oral Surgery Service,"2,016","1,001",49.70%,18.2,49,121,-,23
Y63,RCB,YORK AND SCARBOROUGH TEACHING HOSPITALS NHS FOUNDATION TRUST,C_150,Neurosurgical Service,-,-,-,-,-,-,-,-
Y63,RCB,YORK AND SCARBOROUGH TEACHING HOSPITALS NHS FOUNDATION TRUST,C_160,Plastic Surgery Service,173,127,73.40%,8.2,32.6,3,-,-
Y63,RCB,YORK AND SCARBOROUGH TEACHING HOSPITALS NHS FOUNDATION TRUST,C_170,Cardiothoracic Surgery Service,50,7,14.00%,42.5,51,4,-,2
Y63,RCB,YORK AND SCARBOROUGH TEACHING HOSPITALS NHS FOUNDATION TRUST,C_300,General Internal Medicine Service,2,1,50.00%,-,-,-,-,-
Y63,RCB,YORK AND SCARBOROUGH TEACHING HOSPITALS NHS FOUNDATION TRUST,C_301,Gastroenterology Service,"1,567",795,50.70%,17.8,49,90,-,2
Y63,RCB,YORK AND SCARBOROUGH TEACHING HOSPITALS NHS FOUNDATION TRUST,C_320,Cardiology Service,"2,207","1,119",50.70%,17.7,43.2,37,-,2
Y63,RCB,YORK AND SCARBOROUGH TEACHING HOSPITALS NHS FOUNDATION TRUST,C_330,Dermatology Service,"2,995","1,394",46.50%,20.3,44.1,47,-,-
Y63,RCB,YORK AND SCARBOROUGH TEACHING HOSPITALS NHS FOUNDATION TRUST,C_340,Respiratory Medicine Service,"1,239",669,54.00%,15.5,49.6,81,-,-
Y63,RCB,YORK AND SCARBOROUGH TEACHING HOSPITALS NHS FOUNDATION TRUST,C_400,Neurology Service,"1,669",732,43.90%,21.5,53.4,160,-,16
Y63,RCB,YORK AND SCARBOROUGH TEACHING HOSPITALS NHS FOUNDATION TRUST,C_410,Rheumatology Service,589,479,81.30%,8.1,24.8,2,-,-
Y63,RCB,YORK AND SCARBOROUGH TEACHING HOSPITALS NHS FOUNDATION TRUST,C_430,Elderly Medicine Service,185,177,95.70%,4.2,13.1,1,-,-
Y63,RCB,YORK AND SCARBOROUGH TEACHING HOSPITALS NHS FOUNDATION TRUST,C_502,Gynaecology Service,"2,884","1,389",48.20%,18.8,48.9,154,-,8
Y63,RCB,YORK AND SCARBOROUGH TEACHING HOSPITALS NHS FOUNDATION TRUST,X02,Other - Medical Services,"5,336","3,469",65.00%,12.3,39.4,55,-,1
Y63,RCB,YORK AND SCARBOROUGH TEACHING HOSPITALS NHS FOUNDATION TRUST,X03,Other - Mental Health Services,-,-,-,-,-,-,-,-
Y63,RCB,YORK AND SCARBOROUGH TEACHING HOSPITALS NHS FOUNDATION TRUST,X04,Other - Paediatric Services,-,-,-,-,-,-,-,-
Y63,RCB,YORK AND SCARBOROUGH TEACHING HOSPITALS NHS FOUNDATION TRUST,X05,Other - Surgical Services,"5,086","2,961",58.20%,14.6,44.6,168,-,18
Y63,RCB,YORK AND SCARBOROUGH TEACHING HOSPITALS NHS FOUNDATION TRUST,X06,Other - Other Services,106,81,76.40%,12.4,25.1,-,-,-
Y63,RCD,HARROGATE AND DISTRICT NHS FOUNDATION TRUST,C_100,General Surgery Service,"2,287","1,399",61.20%,13.4,43.3,75,-,-
Y63,RCD,HARROGATE AND DISTRICT NHS FOUNDATION TRUST,C_101,Urology Service,"1,275",845,66.30%,11.2,41.4,43,-,-
Y63,RCD,HARROGATE AND DISTRICT NHS FOUNDATION TRUST,C_110,Trauma and Orthopaedic Service,"3,311","1,955",59.00%,14.3,44.6,120,-,-
Y63,RCD,HARROGATE AND DISTRICT NHS FOUNDATION TRUST,C_120,Ear Nose and Throat Service,"3,074","1,946",63.30%,13.8,33.7,38,-,-
Y63,RCD,HARROGATE AND DISTRICT NHS FOUNDATION TRUST,C_130,Ophthalmology Service,"1,878","1,232",65.60%,11.9,44.6,35,-,-
Y63,RCD,HARROGATE AND DISTRICT NHS FOUNDATION TRUST,C_140,Oral Surgery Service,755,498,66.00%,11.1,42.3,22,-,-
Y63,RCD,HARROGATE AND DISTRICT NHS FOUNDATION TRUST,C_150,Neurosurgical Service,-,-,-,-,-,-,-,-
Y63,RCD,HARROGATE AND DISTRICT NHS FOUNDATION TRUST,C_160,Plastic Surgery Service,-,-,-,-,-,-,-,-
Y63,RCD,HARROGATE AND DISTRICT NHS FOUNDATION TRUST,C_170,Cardiothoracic Surgery Service,-,-,-,-,-,-,-,-
Y63,RCD,HARROGATE AND DISTRICT NHS FOUNDATION TRUST,C_300,General Internal Medicine Service,1,1,100.00%,-,-,-,-,-
Y63,RCD,HARROGATE AND DISTRICT NHS FOUNDATION TRUST,C_301,Gastroenterology Service,"1,017",596,58.60%,14.1,42.9,18,-,-
Y63,RCD,HARROGATE AND DISTRICT NHS FOUNDATION TRUST,C_320,Cardiology Service,"1,328",854,64.30%,13.2,32.7,1,-,-
Y63,RCD,HARROGATE AND DISTRICT NHS FOUNDATION TRUST,C_330,Dermatology Service,"1,723","1,553",90.10%,6.2,19.6,-,-,-
Y63,RCD,HARROGATE AND DISTRICT NHS FOUNDATION TRUST,C_340,Respiratory Medicine Service,433,289,66.70%,12.8,31.8,1,-,-
Y63,RCD,HARROGATE AND DISTRICT NHS FOUNDATION TRUST,C_400,Neurology Service,907,457,50.40%,17.8,40.7,-,-,-
Y63,RCD,HARROGATE AND DISTRICT NHS FOUNDATION TRUST,C_410,Rheumatology Service,403,358,88.80%,7,21.9,1,-,-
Y63,RCD,HARROGATE AND DISTRICT NHS FOUNDATION TRUST,C_430,Elderly Medicine Service,37,33,89.20%,5.3,31,-,-,-
Y63,RCD,HARROGATE AND DISTRICT NHS FOUNDATION TRUST,C_502,Gynaecology Service,"1,917","1,107",57.70%,15,39,52,-,-
Y63,RCD,HARROGATE AND DISTRICT NHS FOUNDATION TRUST,X02,Other - Medical Services,"1,030",766,74.40%,9.9,29.8,-,-,-
Y63,RCD,HARROGATE AND DISTRICT NHS FOUNDATION TRUST,X03,Other - Mental Health Services,-,-,-,-,-,-,-,-
Y63,RCD,HARROGATE AND DISTRICT NHS FOUNDATION TRUST,X04,Other - Paediatric Services,757,554,73.20%,10.1,31.4,3,-,-
Y63,RCD,HARROGATE AND DISTRICT NHS FOUNDATION TRUST,X05,Other - Surgical Services,774,552,71.30%,8.5,34.8,10,-,1
Y63,RCD,HARROGATE AND DISTRICT NHS FOUNDATION TRUST,X06,Other - Other Services,9,9,100.00%,-,-,-,-,-
Y63,RCF,AIREDALE NHS FOUNDATION TRUST,C_100,General Surgery Service,"1,970","1,133",57.50%,14,48.1,99,-,2
Y63,RCF,AIREDALE NHS FOUNDATION TRUST,C_101,Urology Service,"1,080",690,63.90%,11.1,44.3,33,-,-
Y63,RCF,AIREDALE NHS FOUNDATION TRUST,C_110,Trauma and Orthopaedic Service,"1,513",761,50.30%,17.8,51,106,-,3
Y63,RCF,AIREDALE NHS FOUNDATION TRUST,C_120,Ear Nose and Throat Service,"1,388",736,53.00%,16.9,38.2,5,-,-
Y63,RCF,AIREDALE NHS FOUNDATION TRUST,C_130,Ophthalmology Service,679,624,91.90%,6,18.1,-,-,-
Y63,RCF,AIREDALE NHS FOUNDATION TRUST,C_140,Oral Surgery Service,169,143,84.60%,5.3,27.5,-,-,-
Y63,RCF,AIREDALE NHS FOUNDATION TRUST,C_150,Neurosurgical Service,-,-,-,-,-,-,-,-
Y63,RCF,AIREDALE NHS FOUNDATION TRUST,C_160,Plastic Surgery Service,171,65,38.00%,23.5,41.4,1,-,-
Y63,RCF,AIREDALE NHS FOUNDATION TRUST,C_170,Cardiothoracic Surgery Service,-,-,-,-,-,-,-,-
Y63,RCF,AIREDALE NHS FOUNDATION TRUST,C_300,General Internal Medicine Service,6,6,100.00%,-,-,-,-,-
Y63,RCF,AIREDALE NHS FOUNDATION TRUST,C_301,Gastroenterology Service,692,380,54.90%,15.2,45.3,7,-,1
Y63,RCF,AIREDALE NHS FOUNDATION TRUST,C_320,Cardiology Service,"1,171",921,78.70%,7.9,26.8,-,-,-
Y63,RCF,AIREDALE NHS FOUNDATION TRUST,C_330,Dermatology Service,57,57,100.00%,6.3,10.7,-,-,-
Y63,RCF,AIREDALE NHS FOUNDATION TRUST,C_340,Respiratory Medicine Service,729,548,75.20%,10,29.4,3,-,-
Y63,RCF,AIREDALE NHS FOUNDATION TRUST,C_400,Neurology Service,754,512,67.90%,12.8,28.1,1,-,-
Y63,RCF,AIREDALE NHS FOUNDATION TRUST,C_410,Rheumatology Service,324,297,91.70%,6.9,18.2,-,-,-
Y63,RCF,AIREDALE NHS FOUNDATION TRUST,C_430,Elderly Medicine Service,33,31,93.90%,7.1,17.4,-,-,-
Y63,RCF,AIREDALE NHS FOUNDATION TRUST,C_502,Gynaecology Service,"1,804",911,50.50%,17.9,48.3,98,-,1
Y63,RCF,AIREDALE NHS FOUNDATION TRUST,X02,Other - Medical Services,"1,103",765,69.40%,11.1,37.4,3,-,-
Y63,RCF,AIREDALE NHS FOUNDATION TRUST,X03,Other - Mental Health Services,-,-,-,-,-,-,-,-
Y63,RCF,AIREDALE NHS FOUNDATION TRUST,X04,Other - Paediatric Services,918,527,57.40%,14.5,40.1,29,-,-
Y63,RCF,AIREDALE NHS FOUNDATION TRUST,X05,Other - Surgical Services,76,31,40.80%,22.5,51.5,4,-,-
Y63,RCF,AIREDALE NHS FOUNDATION TRUST,X06,Other - Other Services,-,-,-,-,-,-,-,-
Y63,RCU,SHEFFIELD CHILDREN'S NHS FOUNDATION TRUST,C_100,General Surgery Service,-,-,-,-,-,-,-,-
Y63,RCU,SHEFFIELD CHILDREN'S NHS FOUNDATION TRUST,C_101,Urology Service,-,-,-,-,-,-,-,-
Y63,RCU,SHEFFIELD CHILDREN'S NHS FOUNDATION TRUST,C_110,Trauma and Orthopaedic Service,-,-,-,-,-,-,-,-
Y63,RCU,SHEFFIELD CHILDREN'S NHS FOUNDATION TRUST,C_120,Ear Nose and Throat Service,-,-,-,-,-,-,-,-
Y63,RCU,SHEFFIELD CHILDREN'S NHS FOUNDATION TRUST,C_130,Ophthalmology Service,-,-,-,-,-,-,-,-
Y63,RCU,SHEFFIELD CHILDREN'S NHS FOUNDATION TRUST,C_140,Oral Surgery Service,175,37,21.10%,35.4,55,21,-,-
Y63,RCU,SHEFFIELD CHILDREN'S NHS FOUNDATION TRUST,C_150,Neurosurgical Service,-,-,-,-,-,-,-,-
Y63,RCU,SHEFFIELD CHILDREN'S NHS FOUNDATION TRUST,C_160,Plastic Surgery Service,-,-,-,-,-,-,-,-
Y63,RCU,SHEFFIELD CHILDREN'S NHS FOUNDATION TRUST,C_170,Cardiothoracic Surgery Service,-,-,-,-,-,-,-,-
Y63,RCU,SHEFFIELD CHILDREN'S NHS FOUNDATION TRUST,C_300,General Internal Medicine Service,-,-,-,-,-,-,-,-
Y63,RCU,SHEFFIELD CHILDREN'S NHS FOUNDATION TRUST,C_301,Gastroenterology Service,-,-,-,-,-,-,-,-
Y63,RCU,SHEFFIELD CHILDREN'S NHS FOUNDATION TRUST,C_320,Cardiology Service,-,-,-,-,-,-,-,-
Y63,RCU,SHEFFIELD CHILDREN'S NHS FOUNDATION TRUST,C_330,Dermatology Service,-,-,-,-,-,-,-,-
Y63,RCU,SHEFFIELD CHILDREN'S NHS FOUNDATION TRUST,C_340,Respiratory Medicine Service,-,-,-,-,-,-,-,-
Y63,RCU,SHEFFIELD CHILDREN'S NHS FOUNDATION TRUST,C_400,Neurology Service,-,-,-,-,-,-,-,-
Y63,RCU,SHEFFIELD CHILDREN'S NHS FOUNDATION TRUST,C_410,Rheumatology Service,-,-,-,-,-,-,-,-
Y63,RCU,SHEFFIELD CHILDREN'S NHS FOUNDATION TRUST,C_430,Elderly Medicine Service,-,-,-,-,-,-,-,-
Y63,RCU,SHEFFIELD CHILDREN'S NHS FOUNDATION TRUST,C_502,Gynaecology Service,-,-,-,-,-,-,-,-
Y63,RCU,SHEFFIELD CHILDREN'S NHS FOUNDATION TRUST,X02,Other - Medical Services,-,-,-,-,-,-,-,-
Y63,RCU,SHEFFIELD CHILDREN'S NHS FOUNDATION TRUST,X03,Other - Mental Health Services,-,-,-,-,-,-,-,-
Y63,RCU,SHEFFIELD CHILDREN'S NHS FOUNDATION TRUST,X04,Other - Paediatric Services,"13,381","8,642",64.60%,11.7,41.9,452,2,87
Y63,RCU,SHEFFIELD CHILDREN'S NHS FOUNDATION TRUST,X05,Other - Surgical Services,-,-,-,-,-,-,-,-
Y63,RCU,SHEFFIELD CHILDREN'S NHS FOUNDATION TRUST,X06,Other - Other Services,-,-,-,-,-,-,-,-
Y63,RFF,BARNSLEY HOSPITAL NHS FOUNDATION TRUST,C_100,General Surgery Service,"1,681","1,282",76.30%,8.3,31.5,11,-,1
Y63,RFF,BARNSLEY HOSPITAL NHS FOUNDATION TRUST,C_101,Urology Service,"1,076",803,74.60%,9.3,30.6,9,-,1
Y63,RFF,BARNSLEY HOSPITAL NHS FOUNDATION TRUST,C_110,Trauma and Orthopaedic Service,"2,544","1,511",59.40%,14.9,39.7,44,-,5
Y63,RFF,BARNSLEY HOSPITAL NHS FOUNDATION TRUST,C_120,Ear Nose and Throat Service,"2,987","2,112",70.70%,12.3,27.4,6,-,-
Y63,RFF,BARNSLEY HOSPITAL NHS FOUNDATION TRUST,C_130,Ophthalmology Service,"2,281","1,926",84.40%,6.5,25,11,-,-
Y63,RFF,BARNSLEY HOSPITAL NHS FOUNDATION TRUST,C_140,Oral Surgery Service,"1,944","1,134",58.30%,14.7,40.2,19,-,3
Y63,RFF,BARNSLEY HOSPITAL NHS FOUNDATION TRUST,C_150,Neurosurgical Service,-,-,-,-,-,-,-,-
Y63,RFF,BARNSLEY HOSPITAL NHS FOUNDATION TRUST,C_160,Plastic Surgery Service,-,-,-,-,-,-,-,-
Y63,RFF,BARNSLEY HOSPITAL NHS FOUNDATION TRUST,C_170,Cardiothoracic Surgery Service,-,-,-,-,-,-,-,-
Y63,RFF,BARNSLEY HOSPITAL NHS FOUNDATION TRUST,C_300,General Internal Medicine Service,23,22,95.70%,4.2,13.2,-,-,-
Y63,RFF,BARNSLEY HOSPITAL NHS FOUNDATION TRUST,C_301,Gastroenterology Service,"1,182","1,090",92.20%,6.5,17.8,-,-,-
Y63,RFF,BARNSLEY HOSPITAL NHS FOUNDATION TRUST,C_320,Cardiology Service,733,707,96.50%,6.4,16,-,-,-
Y63,RFF,BARNSLEY HOSPITAL NHS FOUNDATION TRUST,C_330,Dermatology Service,"2,138","1,434",67.10%,11.3,32.4,-,-,-
Y63,RFF,BARNSLEY HOSPITAL NHS FOUNDATION TRUST,C_340,Respiratory Medicine Service,830,559,67.30%,10.7,31.2,1,-,-
Y63,RFF,BARNSLEY HOSPITAL NHS FOUNDATION TRUST,C_400,Neurology Service,-,-,-,-,-,-,-,-
Y63,RFF,BARNSLEY HOSPITAL NHS FOUNDATION TRUST,C_410,Rheumatology Service,206,202,98.10%,3.1,12.4,-,-,-
Y63,RFF,BARNSLEY HOSPITAL NHS FOUNDATION TRUST,C_430,Elderly Medicine Service,153,150,98.00%,4.9,12.8,-,-,-
Y63,RFF,BARNSLEY HOSPITAL NHS FOUNDATION TRUST,C_502,Gynaecology Service,"2,270","1,497",65.90%,12.2,38.3,38,-,1
Y63,RFF,BARNSLEY HOSPITAL NHS FOUNDATION TRUST,X02,Other - Medical Services,881,662,75.10%,10.4,27.9,-,-,-
Y63,RFF,BARNSLEY HOSPITAL NHS FOUNDATION TRUST,X03,Other - Mental Health Services,-,-,-,-,-,-,-,-
Y63,RFF,BARNSLEY HOSPITAL NHS FOUNDATION TRUST,X04,Other - Paediatric Services,851,625,73.40%,11.3,24.4,-,-,-
Y63,RFF,BARNSLEY HOSPITAL NHS FOUNDATION TRUST,X05,Other - Surgical Services,-,-,-,-,-,-,-,-
Y63,RFF,BARNSLEY HOSPITAL NHS FOUNDATION TRUST,X06,Other - Other Services,308,187,60.70%,12.6,47.5,10,-,1
Y63,RFR,THE ROTHERHAM NHS FOUNDATION TRUST,C_100,General Surgery Service,"1,710",943,55.10%,15,45.7,77,-,-
Y63,RFR,THE ROTHERHAM NHS FOUNDATION TRUST,C_101,Urology Service,"1,836","1,348",73.40%,10.2,31.7,3,-,-
Y63,RFR,THE ROTHERHAM NHS FOUNDATION TRUST,C_110,Trauma and Orthopaedic Service,"4,576","2,030",44.40%,20.8,48.3,216,-,-
Y63,RFR,THE ROTHERHAM NHS FOUNDATION TRUST,C_120,Ear Nose and Throat Service,"4,223","1,922",45.50%,20.1,47.2,160,-,-
Y63,RFR,THE ROTHERHAM NHS FOUNDATION TRUST,C_130,Ophthalmology Service,"1,990","1,450",72.90%,9.6,32.4,5,-,-
Y63,RFR,THE ROTHERHAM NHS FOUNDATION TRUST,C_140,Oral Surgery Service,"3,364","1,578",46.90%,19.5,48.8,170,-,1
Y63,RFR,THE ROTHERHAM NHS FOUNDATION TRUST,C_150,Neurosurgical Service,-,-,-,-,-,-,-,-
Y63,RFR,THE ROTHERHAM NHS FOUNDATION TRUST,C_160,Plastic Surgery Service,-,-,-,-,-,-,-,-
Y63,RFR,THE ROTHERHAM NHS FOUNDATION TRUST,C_170,Cardiothoracic Surgery Service,-,-,-,-,-,-,-,-
Y63,RFR,THE ROTHERHAM NHS FOUNDATION TRUST,C_300,General Internal Medicine Service,15,15,100.00%,-,-,-,-,-
Y63,RFR,THE ROTHERHAM NHS FOUNDATION TRUST,C_301,Gastroenterology Service,"1,256",878,69.90%,11.1,30.2,-,-,-
Y63,RFR,THE ROTHERHAM NHS FOUNDATION TRUST,C_320,Cardiology Service,"1,677","1,071",63.90%,12.5,35.4,1,-,-
Y63,RFR,THE ROTHERHAM NHS FOUNDATION TRUST,C_330,Dermatology Service,"1,942","1,618",83.30%,8.5,24.6,-,-,-
Y63,RFR,THE ROTHERHAM NHS FOUNDATION TRUST,C_340,Respiratory Medicine Service,"1,085","1,032",95.10%,6.1,15.8,-,-,-
Y63,RFR,THE ROTHERHAM NHS FOUNDATION TRUST,C_400,Neurology Service,-,-,-,-,-,-,-,-
Y63,RFR,THE ROTHERHAM NHS FOUNDATION TRUST,C_410,Rheumatology Service,512,486,94.90%,3.5,15,-,-,-
Y63,RFR,THE ROTHERHAM NHS FOUNDATION TRUST,C_430,Elderly Medicine Service,111,110,99.10%,3.9,12.7,-,-,-
Y63,RFR,THE ROTHERHAM NHS FOUNDATION TRUST,C_502,Gynaecology Service,"3,496","2,005",57.40%,14.8,43.3,110,-,-
Y63,RFR,THE ROTHERHAM NHS FOUNDATION TRUST,X02,Other - Medical Services,798,562,70.40%,9.9,27.8,-,-,-
Y63,RFR,THE ROTHERHAM NHS FOUNDATION TRUST,X03,Other - Mental Health Services,-,-,-,-,-,-,-,-
Y63,RFR,THE ROTHERHAM NHS FOUNDATION TRUST,X04,Other - Paediatric Services,881,718,81.50%,10.2,22.4,-,-,-
Y63,RFR,THE ROTHERHAM NHS FOUNDATION TRUST,X05,Other - Surgical Services,"2,231","1,657",74.30%,9.1,33.4,15,-,-
Y63,RFR,THE ROTHERHAM NHS FOUNDATION TRUST,X06,Other - Other Services,-,-,-,-,-,-,-,-
Y63,RHQ,SHEFFIELD TEACHING HOSPITALS NHS FOUNDATION TRUST,C_100,General Surgery Service,"1,416",798,56.40%,15.2,49.2,87,-,3
Y63,RHQ,SHEFFIELD TEACHING HOSPITALS NHS FOUNDATION TRUST,C_101,Urology Service,"5,637","2,872",50.90%,17.6,49.8,364,-,15
Y63,RHQ,SHEFFIELD TEACHING HOSPITALS NHS FOUNDATION TRUST,C_110,Trauma and Orthopaedic Service,"8,231","4,690",57.00%,14.9,41.6,182,1,17
Y63,RHQ,SHEFFIELD TEACHING HOSPITALS NHS FOUNDATION TRUST,C_120,Ear Nose and Throat Service,"5,068","2,756",54.40%,16.2,41.7,93,-,12
Y63,RHQ,SHEFFIELD TEACHING HOSPITALS NHS FOUNDATION TRUST,C_130,Ophthalmology Service,"4,691","3,722",79.30%,8.3,28.5,82,11,35
Y63,RHQ,SHEFFIELD TEACHING HOSPITALS NHS FOUNDATION TRUST,C_140,Oral Surgery Service,"5,206","2,621",50.30%,17.8,40.9,74,-,-
Y63,RHQ,SHEFFIELD TEACHING HOSPITALS NHS FOUNDATION TRUST,C_150,Neurosurgical Service,"2,242","1,188",53.00%,16.1,56.8,238,1,87
Y63,RHQ,SHEFFIELD TEACHING HOSPITALS NHS FOUNDATION TRUST,C_160,Plastic Surgery Service,"3,017","1,454",48.20%,18.9,53.9,313,-,62
Y63,RHQ,SHEFFIELD TEACHING HOSPITALS NHS FOUNDATION TRUST,C_170,Cardiothoracic Surgery Service,545,458,84.00%,8.6,23.4,1,-,-
Y63,RHQ,SHEFFIELD TEACHING HOSPITALS NHS FOUNDATION TRUST,C_300,General Internal Medicine Service,4,4,100.00%,-,-,-,-,-
Y63,RHQ,SHEFFIELD TEACHING HOSPITALS NHS FOUNDATION TRUST,C_301,Gastroenterology Service,"4,141","3,377",81.60%,8.6,27.4,-,-,-
Y63,RHQ,SHEFFIELD TEACHING HOSPITALS NHS FOUNDATION TRUST,C_320,Cardiology Service,"5,594","3,471",62.00%,13.6,39.6,47,-,-
Y63,RHQ,SHEFFIELD TEACHING HOSPITALS NHS FOUNDATION TRUST,C_330,Dermatology Service,"5,370","2,843",52.90%,17,44.8,167,-,-
Y63,RHQ,SHEFFIELD TEACHING HOSPITALS NHS FOUNDATION TRUST,C_340,Respiratory Medicine Service,"2,048","1,720",84.00%,6.6,25.6,-,-,-
Y63,RHQ,SHEFFIELD TEACHING HOSPITALS NHS FOUNDATION TRUST,C_400,Neurology Service,"9,236","3,868",41.90%,24.1,58.3,"1,380",-,330
Y63,RHQ,SHEFFIELD TEACHING HOSPITALS NHS FOUNDATION TRUST,C_410,Rheumatology Service,"1,018",867,85.20%,7,21.9,1,-,-
Y63,RHQ,SHEFFIELD TEACHING HOSPITALS NHS FOUNDATION TRUST,C_430,Elderly Medicine Service,98,90,91.80%,5.9,19.2,-,-,-
Y63,RHQ,SHEFFIELD TEACHING HOSPITALS NHS FOUNDATION TRUST,C_502,Gynaecology Service,"6,680","3,685",55.20%,15.5,46,187,-,19
Y63,RHQ,SHEFFIELD TEACHING HOSPITALS NHS FOUNDATION TRUST,X02,Other - Medical Services,"11,392","8,315",73.00%,10,32.8,128,-,16
Y63,RHQ,SHEFFIELD TEACHING HOSPITALS NHS FOUNDATION TRUST,X03,Other - Mental Health Services,-,-,-,-,-,-,-,-
Y63,RHQ,SHEFFIELD TEACHING HOSPITALS NHS FOUNDATION TRUST,X04,Other - Paediatric Services,-,-,-,-,-,-,-,-
Y63,RHQ,SHEFFIELD TEACHING HOSPITALS NHS FOUNDATION TRUST,X05,Other - Surgical Services,"9,657","6,803",70.40%,10,37,188,-,12
Y63,RHQ,SHEFFIELD TEACHING HOSPITALS NHS FOUNDATION TRUST,X06,Other - Other Services,"2,723","2,240",82.30%,7.3,25.9,8,-,5
Y63,RJL,NORTHERN LINCOLNSHIRE AND GOOLE NHS FOUNDATION TRUST,C_100,General Surgery Service,"4,677","3,066",65.60%,12.2,36.7,38,-,-
Y63,RJL,NORTHERN LINCOLNSHIRE AND GOOLE NHS FOUNDATION TRUST,C_101,Urology Service,"4,312","2,455",56.90%,15,42.3,65,-,1
Y63,RJL,NORTHERN LINCOLNSHIRE AND GOOLE NHS FOUNDATION TRUST,C_110,Trauma and Orthopaedic Service,"4,682","2,453",52.40%,16.9,46,158,-,4
Y63,RJL,NORTHERN LINCOLNSHIRE AND GOOLE NHS FOUNDATION TRUST,C_120,Ear Nose and Throat Service,"6,905","3,509",50.80%,17.7,41.4,135,-,3
Y63,RJL,NORTHERN LINCOLNSHIRE AND GOOLE NHS FOUNDATION TRUST,C_130,Ophthalmology Service,"4,905","3,433",70.00%,11.7,34.5,6,-,-
Y63,RJL,NORTHERN LINCOLNSHIRE AND GOOLE NHS FOUNDATION TRUST,C_140,Oral Surgery Service,"1,914",862,45.00%,20.3,47.9,110,-,43
Y63,RJL,NORTHERN LINCOLNSHIRE AND GOOLE NHS FOUNDATION TRUST,C_150,Neurosurgical Service,2,1,50.00%,-,-,-,-,-
Y63,RJL,NORTHERN LINCOLNSHIRE AND GOOLE NHS FOUNDATION TRUST,C_160,Plastic Surgery Service,-,-,-,-,-,-,-,-
Y63,RJL,NORTHERN LINCOLNSHIRE AND GOOLE NHS FOUNDATION TRUST,C_170,Cardiothoracic Surgery Service,-,-,-,-,-,-,-,-
Y63,RJL,NORTHERN LINCOLNSHIRE AND GOOLE NHS FOUNDATION TRUST,C_300,General Internal Medicine Service,110,106,96.40%,3.7,10.3,-,-,-
Y63,RJL,NORTHERN LINCOLNSHIRE AND GOOLE NHS FOUNDATION TRUST,C_301,Gastroenterology Service,"2,626","1,588",60.50%,13.2,37.1,17,-,1
Y63,RJL,NORTHERN LINCOLNSHIRE AND GOOLE NHS FOUNDATION TRUST,C_320,Cardiology Service,"2,422","1,706",70.40%,12.2,27.7,4,-,-
Y63,RJL,NORTHERN LINCOLNSHIRE AND GOOLE NHS FOUNDATION TRUST,C_330,Dermatology Service,-,-,-,-,-,-,-,-
Y63,RJL,NORTHERN LINCOLNSHIRE AND GOOLE NHS FOUNDATION TRUST,C_340,Respiratory Medicine Service,"2,122","1,207",56.90%,15.8,38.1,14,-,-
Y63,RJL,NORTHERN LINCOLNSHIRE AND GOOLE NHS FOUNDATION TRUST,C_400,Neurology Service,-,-,-,-,-,-,-,-
Y63,RJL,NORTHERN LINCOLNSHIRE AND GOOLE NHS FOUNDATION TRUST,C_410,Rheumatology Service,872,595,68.20%,13.1,30.8,1,-,-
Y63,RJL,NORTHERN LINCOLNSHIRE AND GOOLE NHS FOUNDATION TRUST,C_430,Elderly Medicine Service,200,185,92.50%,6.4,17.7,-,-,-
Y63,RJL,NORTHERN LINCOLNSHIRE AND GOOLE NHS FOUNDATION TRUST,C_502,Gynaecology Service,"4,978","2,828",56.80%,14.9,42.3,126,-,8
Y63,RJL,NORTHERN LINCOLNSHIRE AND GOOLE NHS FOUNDATION TRUST,X02,Other - Medical Services,"4,263","2,515",59.00%,14.7,39.8,42,-,1
Y63,RJL,NORTHERN LINCOLNSHIRE AND GOOLE NHS FOUNDATION TRUST,X03,Other - Mental Health Services,-,-,-,-,-,-,-,-
Y63,RJL,NORTHERN LINCOLNSHIRE AND GOOLE NHS FOUNDATION TRUST,X04,Other - Paediatric Services,634,379,59.80%,15.5,38,2,-,-
Y63,RJL,NORTHERN LINCOLNSHIRE AND GOOLE NHS FOUNDATION TRUST,X05,Other - Surgical Services,743,626,84.30%,6.6,22.2,1,-,-
Y63,RJL,NORTHERN LINCOLNSHIRE AND GOOLE NHS FOUNDATION TRUST,X06,Other - Other Services,357,251,70.30%,9.8,37.4,-,-,-
Y63,RNN,NORTH CUMBRIA INTEGRATED CARE NHS FOUNDATION TRUST,C_100,General Surgery Service,930,483,51.90%,16.8,41.5,15,-,-
Y63,RNN,NORTH CUMBRIA INTEGRATED CARE NHS FOUNDATION TRUST,C_101,Urology Service,"3,315","1,360",41.00%,22.2,60.6,415,12,181
Y63,RNN,NORTH CUMBRIA INTEGRATED CARE NHS FOUNDATION TRUST,C_110,Trauma and Orthopaedic Service,"3,297","1,840",55.80%,15.9,42.1,72,-,1
Y63,RNN,NORTH CUMBRIA INTEGRATED CARE NHS FOUNDATION TRUST,C_120,Ear Nose and Throat Service,"5,141","2,371",46.10%,19.6,43.8,99,-,5
Y63,RNN,NORTH CUMBRIA INTEGRATED CARE NHS FOUNDATION TRUST,C_130,Ophthalmology Service,"3,255","2,432",74.70%,10.3,30.8,30,-,1
Y63,RNN,NORTH CUMBRIA INTEGRATED CARE NHS FOUNDATION TRUST,C_140,Oral Surgery Service,"1,163",736,63.30%,13.4,41.7,34,-,5
Y63,RNN,NORTH CUMBRIA INTEGRATED CARE NHS FOUNDATION TRUST,C_150,Neurosurgical Service,-,-,-,-,-,-,-,-
Y63,RNN,NORTH CUMBRIA INTEGRATED CARE NHS FOUNDATION TRUST,C_160,Plastic Surgery Service,-,-,-,-,-,-,-,-
Y63,RNN,NORTH CUMBRIA INTEGRATED CARE NHS FOUNDATION TRUST,C_170,Cardiothoracic Surgery Service,-,-,-,-,-,-,-,-
Y63,RNN,NORTH CUMBRIA INTEGRATED CARE NHS FOUNDATION TRUST,C_300,General Internal Medicine Service,126,77,61.10%,15.2,38.6,-,-,-
Y63,RNN,NORTH CUMBRIA INTEGRATED CARE NHS FOUNDATION TRUST,C_301,Gastroenterology Service,"1,536",960,62.50%,13.4,35.4,13,-,3
Y63,RNN,NORTH CUMBRIA INTEGRATED CARE NHS FOUNDATION TRUST,C_320,Cardiology Service,"2,501","1,579",63.10%,13.1,33.9,19,-,-
Y63,RNN,NORTH CUMBRIA INTEGRATED CARE NHS FOUNDATION TRUST,C_330,Dermatology Service,"2,540","1,736",68.30%,10.4,31,2,-,-
Y63,RNN,NORTH CUMBRIA INTEGRATED CARE NHS FOUNDATION TRUST,C_340,Respiratory Medicine Service,901,518,57.50%,15.5,37.8,13,-,-
Y63,RNN,NORTH CUMBRIA INTEGRATED CARE NHS FOUNDATION TRUST,C_400,Neurology Service,"2,534","1,085",42.80%,21.5,50.1,154,1,11
Y63,RNN,NORTH CUMBRIA INTEGRATED CARE NHS FOUNDATION TRUST,C_410,Rheumatology Service,922,460,49.90%,18,43.1,27,-,2
Y63,RNN,NORTH CUMBRIA INTEGRATED CARE NHS FOUNDATION TRUST,C_430,Elderly Medicine Service,406,241,59.40%,15.7,32.1,5,-,1
Y63,RNN,NORTH CUMBRIA INTEGRATED CARE NHS FOUNDATION TRUST,C_502,Gynaecology Service,"2,930","1,796",61.30%,13.8,44.9,112,-,1
Y63,RNN,NORTH CUMBRIA INTEGRATED CARE NHS FOUNDATION TRUST,X02,Other - Medical Services,"1,505","1,119",74.40%,9.9,28,4,-,1
Y63,RNN,NORTH CUMBRIA INTEGRATED CARE NHS FOUNDATION TRUST,X03,Other - Mental Health Services,-,-,-,-,-,-,-,-
Y63,RNN,NORTH CUMBRIA INTEGRATED CARE NHS FOUNDATION TRUST,X04,Other - Paediatric Services,419,380,90.70%,9.2,18.9,-,-,-
Y63,RNN,NORTH CUMBRIA INTEGRATED CARE NHS FOUNDATION TRUST,X05,Other - Surgical Services,"4,800","3,044",63.40%,13.2,36.7,52,1,2
Y63,RNN,NORTH CUMBRIA INTEGRATED CARE NHS FOUNDATION TRUST,X06,Other - Other Services,"1,651","1,356",82.10%,6.2,27.1,29,-,-
Y63,RP5,DONCASTER AND BASSETLAW TEACHING HOSPITALS NHS FOUNDATION TRUST,C_100,General Surgery Service,"2,769","2,094",75.60%,8.6,31.3,-,-,-
Y63,RP5,DONCASTER AND BASSETLAW TEACHING HOSPITALS NHS FOUNDATION TRUST,C_101,Urology Service,"3,425","1,870",54.60%,16,50.7,241,-,27
Y63,RP5,DONCASTER AND BASSETLAW TEACHING HOSPITALS NHS FOUNDATION TRUST,C_110,Trauma and Orthopaedic Service,"9,576","5,532",57.80%,14.5,46.7,452,1,26
Y63,RP5,DONCASTER AND BASSETLAW TEACHING HOSPITALS NHS FOUNDATION TRUST,C_120,Ear Nose and Throat Service,"7,535","3,417",45.30%,20.5,53.8,731,-,98
Y63,RP5,DONCASTER AND BASSETLAW TEACHING HOSPITALS NHS FOUNDATION TRUST,C_130,Ophthalmology Service,"3,802","2,460",64.70%,12.6,34.4,29,1,9
Y63,RP5,DONCASTER AND BASSETLAW TEACHING HOSPITALS NHS FOUNDATION TRUST,C_140,Oral Surgery Service,"2,528","1,569",62.10%,13.7,36.7,4,-,1
Y63,RP5,DONCASTER AND BASSETLAW TEACHING HOSPITALS NHS FOUNDATION TRUST,C_150,Neurosurgical Service,-,-,-,-,-,-,-,-
Y63,RP5,DONCASTER AND BASSETLAW TEACHING HOSPITALS NHS FOUNDATION TRUST,C_160,Plastic Surgery Service,-,-,-,-,-,-,-,-
Y63,RP5,DONCASTER AND BASSETLAW TEACHING HOSPITALS NHS FOUNDATION TRUST,C_170,Cardiothoracic Surgery Service,-,-,-,-,-,-,-,-
Y63,RP5,DONCASTER AND BASSETLAW TEACHING HOSPITALS NHS FOUNDATION TRUST,C_300,General Internal Medicine Service,489,310,63.40%,13.8,36.3,-,-,-
Y63,RP5,DONCASTER AND BASSETLAW TEACHING HOSPITALS NHS FOUNDATION TRUST,C_301,Gastroenterology Service,"2,969","1,895",63.80%,12.1,41,67,-,-
Y63,RP5,DONCASTER AND BASSETLAW TEACHING HOSPITALS NHS FOUNDATION TRUST,C_320,Cardiology Service,"3,424","2,124",62.00%,13.6,34.1,26,-,1
Y63,RP5,DONCASTER AND BASSETLAW TEACHING HOSPITALS NHS FOUNDATION TRUST,C_330,Dermatology Service,"5,119","3,218",62.90%,11.8,37.2,62,-,-
Y63,RP5,DONCASTER AND BASSETLAW TEACHING HOSPITALS NHS FOUNDATION TRUST,C_340,Respiratory Medicine Service,"1,630",755,46.30%,20.3,40.2,16,1,1
Y63,RP5,DONCASTER AND BASSETLAW TEACHING HOSPITALS NHS FOUNDATION TRUST,C_400,Neurology Service,-,-,-,-,-,-,-,-
Y63,RP5,DONCASTER AND BASSETLAW TEACHING HOSPITALS NHS FOUNDATION TRUST,C_410,Rheumatology Service,"1,044",750,71.80%,11.4,29.4,1,-,-
Y63,RP5,DONCASTER AND BASSETLAW TEACHING HOSPITALS NHS FOUNDATION TRUST,C_430,Elderly Medicine Service,324,252,77.80%,8.8,30,-,-,-
Y63,RP5,DONCASTER AND BASSETLAW TEACHING HOSPITALS NHS FOUNDATION TRUST,C_502,Gynaecology Service,"4,166","2,429",58.30%,14.3,46.7,194,-,10
Y63,RP5,DONCASTER AND BASSETLAW TEACHING HOSPITALS NHS FOUNDATION TRUST,X02,Other - Medical Services,"4,698","3,285",69.90%,11.1,32.9,22,-,-
Y63,RP5,DONCASTER AND BASSETLAW TEACHING HOSPITALS NHS FOUNDATION TRUST,X03,Other - Mental Health Services,-,-,-,-,-,-,-,-
Y63,RP5,DONCASTER AND BASSETLAW TEACHING HOSPITALS NHS FOUNDATION TRUST,X04,Other - Paediatric Services,331,234,70.70%,11.3,35.5,1,-,-
Y63,RP5,DONCASTER AND BASSETLAW TEACHING HOSPITALS NHS FOUNDATION TRUST,X05,Other - Surgical Services,"1,714","1,232",71.90%,9.3,34.6,16,-,2
Y63,RP5,DONCASTER AND BASSETLAW TEACHING HOSPITALS NHS FOUNDATION TRUST,X06,Other - Other Services,453,226,49.90%,18,46.4,22,-,2
Y63,RR7,GATESHEAD HEALTH NHS FOUNDATION TRUST,C_100,General Surgery Service,"1,935","1,499",77.50%,7.8,31.3,1,-,-
Y63,RR7,GATESHEAD HEALTH NHS FOUNDATION TRUST,C_101,Urology Service,909,590,64.90%,12.1,41.1,20,-,-
Y63,RR7,GATESHEAD HEALTH NHS FOUNDATION TRUST,C_110,Trauma and Orthopaedic Service,"1,618",849,52.50%,16.9,45.4,45,-,-
Y63,RR7,GATESHEAD HEALTH NHS FOUNDATION TRUST,C_120,Ear Nose and Throat Service,-,-,-,-,-,-,-,-
Y63,RR7,GATESHEAD HEALTH NHS FOUNDATION TRUST,C_130,Ophthalmology Service,-,-,-,-,-,-,-,-
Y63,RR7,GATESHEAD HEALTH NHS FOUNDATION TRUST,C_140,Oral Surgery Service,-,-,-,-,-,-,-,-
Y63,RR7,GATESHEAD HEALTH NHS FOUNDATION TRUST,C_150,Neurosurgical Service,-,-,-,-,-,-,-,-
Y63,RR7,GATESHEAD HEALTH NHS FOUNDATION TRUST,C_160,Plastic Surgery Service,-,-,-,-,-,-,-,-
Y63,RR7,GATESHEAD HEALTH NHS FOUNDATION TRUST,C_170,Cardiothoracic Surgery Service,-,-,-,-,-,-,-,-
Y63,RR7,GATESHEAD HEALTH NHS FOUNDATION TRUST,C_300,General Internal Medicine Service,51,34,66.70%,8.3,35.9,-,-,-
Y63,RR7,GATESHEAD HEALTH NHS FOUNDATION TRUST,C_301,Gastroenterology Service,"1,381","1,122",81.20%,8.3,26.2,-,-,-
Y63,RR7,GATESHEAD HEALTH NHS FOUNDATION TRUST,C_320,Cardiology Service,753,549,72.90%,11.3,31.9,-,-,-
Y63,RR7,GATESHEAD HEALTH NHS FOUNDATION TRUST,C_330,Dermatology Service,-,-,-,-,-,-,-,-
Y63,RR7,GATESHEAD HEALTH NHS FOUNDATION TRUST,C_340,Respiratory Medicine Service,506,429,84.80%,6.7,24.6,-,-,-
Y63,RR7,GATESHEAD HEALTH NHS FOUNDATION TRUST,C_400,Neurology Service,-,-,-,-,-,-,-,-
Y63,RR7,GATESHEAD HEALTH NHS FOUNDATION TRUST,C_410,Rheumatology Service,375,323,86.10%,7.6,22.5,-,-,-
Y63,RR7,GATESHEAD HEALTH NHS FOUNDATION TRUST,C_430,Elderly Medicine Service,295,240,81.40%,7.1,23.3,-,-,-
Y63,RR7,GATESHEAD HEALTH NHS FOUNDATION TRUST,C_502,Gynaecology Service,"2,113","1,196",56.60%,15.6,37.8,18,-,-
Y63,RR7,GATESHEAD HEALTH NHS FOUNDATION TRUST,X02,Other - Medical Services,"1,008",874,86.70%,6.7,22.1,-,-,-
Y63,RR7,GATESHEAD HEALTH NHS FOUNDATION TRUST,X03,Other - Mental Health Services,138,132,95.70%,5.5,15.7,-,-,-
Y63,RR7,GATESHEAD HEALTH NHS FOUNDATION TRUST,X04,Other - Paediatric Services,-,-,-,-,-,-,-,-
Y63,RR7,GATESHEAD HEALTH NHS FOUNDATION TRUST,X05,Other - Surgical Services,11,9,81.80%,-,-,-,-,-
Y63,RR7,GATESHEAD HEALTH NHS FOUNDATION TRUST,X06,Other - Other Services,679,459,67.60%,10.2,38.6,4,-,-
Y63,RR8,LEEDS TEACHING HOSPITALS NHS TRUST,C_100,General Surgery Service,"1,477","1,144",77.50%,8.7,30.8,28,-,7
Y63,RR8,LEEDS TEACHING HOSPITALS NHS TRUST,C_101,Urology Service,"3,449","2,357",68.30%,10.7,38.6,101,-,3
Y63,RR8,LEEDS TEACHING HOSPITALS NHS TRUST,C_110,Trauma and Orthopaedic Service,"8,505","3,390",39.90%,23.5,54.4,922,-,145
Y63,RR8,LEEDS TEACHING HOSPITALS NHS TRUST,C_120,Ear Nose and Throat Service,"3,238","1,900",58.70%,12.4,55.7,333,2,95
Y63,RR8,LEEDS TEACHING HOSPITALS NHS TRUST,C_130,Ophthalmology Service,"4,517","3,563",78.90%,8.1,27.6,15,-,2
Y63,RR8,LEEDS TEACHING HOSPITALS NHS TRUST,C_140,Oral Surgery Service,"1,828","1,438",78.70%,8.9,29.2,13,-,-
Y63,RR8,LEEDS TEACHING HOSPITALS NHS TRUST,C_150,Neurosurgical Service,464,314,67.70%,11.1,40.4,20,1,5
Y63,RR8,LEEDS TEACHING HOSPITALS NHS TRUST,C_160,Plastic Surgery Service,"3,384","1,371",40.50%,23.4,53,314,1,74
Y63,RR8,LEEDS TEACHING HOSPITALS NHS TRUST,C_170,Cardiothoracic Surgery Service,447,352,78.70%,7,28.1,-,-,-
Y63,RR8,LEEDS TEACHING HOSPITALS NHS TRUST,C_300,General Internal Medicine Service,2,2,100.00%,-,-,-,-,-
Y63,RR8,LEEDS TEACHING HOSPITALS NHS TRUST,C_301,Gastroenterology Service,"1,825","1,705",93.40%,4.7,16.3,5,-,-
Y63,RR8,LEEDS TEACHING HOSPITALS NHS TRUST,C_320,Cardiology Service,"3,478","3,288",94.50%,5.6,15.7,-,-,-
Y63,RR8,LEEDS TEACHING HOSPITALS NHS TRUST,C_330,Dermatology Service,"6,630","4,200",63.30%,11.1,46.6,355,-,66
Y63,RR8,LEEDS TEACHING HOSPITALS NHS TRUST,C_340,Respiratory Medicine Service,"1,275",967,75.80%,8.7,31,-,-,-
Y63,RR8,LEEDS TEACHING HOSPITALS NHS TRUST,C_400,Neurology Service,"2,453","2,008",81.90%,8.7,23.9,1,-,-
Y63,RR8,LEEDS TEACHING HOSPITALS NHS TRUST,C_410,Rheumatology Service,"2,344","1,975",84.30%,8,21,-,-,-
Y63,RR8,LEEDS TEACHING HOSPITALS NHS TRUST,C_430,Elderly Medicine Service,24,24,100.00%,2.8,8,-,-,-
Y63,RR8,LEEDS TEACHING HOSPITALS NHS TRUST,C_502,Gynaecology Service,"10,588","5,926",56.00%,15.2,48.2,650,-,103
Y63,RR8,LEEDS TEACHING HOSPITALS NHS TRUST,X02,Other - Medical Services,"14,161","10,025",70.80%,10.1,35.3,59,-,9
Y63,RR8,LEEDS TEACHING HOSPITALS NHS TRUST,X03,Other - Mental Health Services,-,-,-,-,-,-,-,-
Y63,RR8,LEEDS TEACHING HOSPITALS NHS TRUST,X04,Other - Paediatric Services,"10,205","5,877",57.60%,14.4,49.2,660,1,166
Y63,RR8,LEEDS TEACHING HOSPITALS NHS TRUST,X05,Other - Surgical Services,"9,524","5,859",61.50%,12.4,44.6,398,1,51
Y63,RR8,LEEDS TEACHING HOSPITALS NHS TRUST,X06,Other - Other Services,"1,080","1,017",94.20%,5.3,16.3,1,-,1
Y63,RTD,THE NEWCASTLE UPON TYNE HOSPITALS NHS FOUNDATION TRUST,C_100,General Surgery Service,776,623,80.30%,9.8,32.5,4,-,-
Y63,RTD,THE NEWCASTLE UPON TYNE HOSPITALS NHS FOUNDATION TRUST,C_101,Urology Service,"3,076","2,378",77.30%,8.8,31.1,32,1,4
Y63,RTD,THE NEWCASTLE UPON TYNE HOSPITALS NHS FOUNDATION TRUST,C_110,Trauma and Orthopaedic Service,"8,417","4,921",58.50%,14.3,50.7,609,1,151
Y63,RTD,THE NEWCASTLE UPON TYNE HOSPITALS NHS FOUNDATION TRUST,C_120,Ear Nose and Throat Service,"11,496","6,738",58.60%,15.1,40.9,249,-,5
Y63,RTD,THE NEWCASTLE UPON TYNE HOSPITALS NHS FOUNDATION TRUST,C_130,Ophthalmology Service,"10,399","7,515",72.30%,9.3,41.9,376,7,17
Y63,RTD,THE NEWCASTLE UPON TYNE HOSPITALS NHS FOUNDATION TRUST,C_140,Oral Surgery Service,"1,823","1,185",65.00%,12.8,33.5,-,-,-
Y63,RTD,THE NEWCASTLE UPON TYNE HOSPITALS NHS FOUNDATION TRUST,C_150,Neurosurgical Service,"1,035",765,73.90%,10.6,32.6,14,-,5
Y63,RTD,THE NEWCASTLE UPON TYNE HOSPITALS NHS FOUNDATION TRUST,C_160,Plastic Surgery Service,"1,776","1,223",68.90%,11.5,40.7,47,-,-
Y63,RTD,THE NEWCASTLE UPON TYNE HOSPITALS NHS FOUNDATION TRUST,C_170,Cardiothoracic Surgery Service,78,60,76.90%,9.7,24.9,-,-,-
Y63,RTD,THE NEWCASTLE UPON TYNE HOSPITALS NHS FOUNDATION TRUST,C_300,General Internal Medicine Service,"1,176",801,68.10%,10.8,31.3,3,-,1
Y63,RTD,THE NEWCASTLE UPON TYNE HOSPITALS NHS FOUNDATION TRUST,C_301,Gastroenterology Service,"1,290",896,69.50%,10.4,31.5,4,-,-
Y63,RTD,THE NEWCASTLE UPON TYNE HOSPITALS NHS FOUNDATION TRUST,C_320,Cardiology Service,"3,799","3,252",85.60%,8.3,25,21,-,-
Y63,RTD,THE NEWCASTLE UPON TYNE HOSPITALS NHS FOUNDATION TRUST,C_330,Dermatology Service,"8,861","5,696",64.30%,10.7,43.9,273,6,25
Y63,RTD,THE NEWCASTLE UPON TYNE HOSPITALS NHS FOUNDATION TRUST,C_340,Respiratory Medicine Service,"1,704","1,211",71.10%,10.3,31.9,1,-,-
Y63,RTD,THE NEWCASTLE UPON TYNE HOSPITALS NHS FOUNDATION TRUST,C_400,Neurology Service,"1,885","1,620",85.90%,8.3,20.4,1,-,-
Y63,RTD,THE NEWCASTLE UPON TYNE HOSPITALS NHS FOUNDATION TRUST,C_410,Rheumatology Service,"1,057",627,59.30%,13.1,51.9,84,-,1
Y63,RTD,THE NEWCASTLE UPON TYNE HOSPITALS NHS FOUNDATION TRUST,C_430,Elderly Medicine Service,447,324,72.50%,8.9,33.8,1,-,-
Y63,RTD,THE NEWCASTLE UPON TYNE HOSPITALS NHS FOUNDATION TRUST,C_502,Gynaecology Service,"5,755","3,479",60.50%,14.4,35.9,31,-,-
Y63,RTD,THE NEWCASTLE UPON TYNE HOSPITALS NHS FOUNDATION TRUST,X02,Other - Medical Services,"11,951","8,657",72.40%,9.9,33.8,256,-,1
Y63,RTD,THE NEWCASTLE UPON TYNE HOSPITALS NHS FOUNDATION TRUST,X03,Other - Mental Health Services,396,396,100.00%,5.2,14.1,-,-,-
Y63,RTD,THE NEWCASTLE UPON TYNE HOSPITALS NHS FOUNDATION TRUST,X04,Other - Paediatric Services,"8,555","6,836",79.90%,8.7,30.8,55,-,-
Y63,RTD,THE NEWCASTLE UPON TYNE HOSPITALS NHS FOUNDATION TRUST,X05,Other - Surgical Services,"10,260","6,876",67.00%,11.9,40.7,271,-,23
Y63,RTD,THE NEWCASTLE UPON TYNE HOSPITALS NHS FOUNDATION TRUST,X06,Other - Other Services,"5,762","4,077",70.80%,10.7,30.2,23,-,2
Y63,RTF,NORTHUMBRIA HEALTHCARE NHS FOUNDATION TRUST,C_100,General Surgery Service,"6,424","5,756",89.60%,9.2,20.8,7,-,2
Y63,RTF,NORTHUMBRIA HEALTHCARE NHS FOUNDATION TRUST,C_101,Urology Service,"3,112","2,389",76.80%,10.4,30.5,3,-,-
Y63,RTF,NORTHUMBRIA HEALTHCARE NHS FOUNDATION TRUST,C_110,Trauma and Orthopaedic Service,"8,313","5,505",66.20%,12.6,36.4,36,-,-
Y63,RTF,NORTHUMBRIA HEALTHCARE NHS FOUNDATION TRUST,C_120,Ear Nose and Throat Service,-,-,-,-,-,-,-,-
Y63,RTF,NORTHUMBRIA HEALTHCARE NHS FOUNDATION TRUST,C_130,Ophthalmology Service,-,-,-,-,-,-,-,-
Y63,RTF,NORTHUMBRIA HEALTHCARE NHS FOUNDATION TRUST,C_140,Oral Surgery Service,"1,490",941,63.20%,13.7,36.9,1,-,-
Y63,RTF,NORTHUMBRIA HEALTHCARE NHS FOUNDATION TRUST,C_150,Neurosurgical Service,-,-,-,-,-,-,-,-
Y63,RTF,NORTHUMBRIA HEALTHCARE NHS FOUNDATION TRUST,C_160,Plastic Surgery Service,"1,641","1,062",64.70%,12.1,41.8,1,-,-
Y63,RTF,NORTHUMBRIA HEALTHCARE NHS FOUNDATION TRUST,C_170,Cardiothoracic Surgery Service,-,-,-,-,-,-,-,-
Y63,RTF,NORTHUMBRIA HEALTHCARE NHS FOUNDATION TRUST,C_300,General Internal Medicine Service,"1,375","1,314",95.60%,7.7,16.7,-,-,-
Y63,RTF,NORTHUMBRIA HEALTHCARE NHS FOUNDATION TRUST,C_301,Gastroenterology Service,"1,615","1,545",95.70%,8.4,17.2,-,-,-
Y63,RTF,NORTHUMBRIA HEALTHCARE NHS FOUNDATION TRUST,C_320,Cardiology Service,"1,898","1,775",93.50%,7.9,17.6,-,-,-
Y63,RTF,NORTHUMBRIA HEALTHCARE NHS FOUNDATION TRUST,C_330,Dermatology Service,-,-,-,-,-,-,-,-
Y63,RTF,NORTHUMBRIA HEALTHCARE NHS FOUNDATION TRUST,C_340,Respiratory Medicine Service,"2,127","1,999",94.00%,8.9,17.5,-,-,-
Y63,RTF,NORTHUMBRIA HEALTHCARE NHS FOUNDATION TRUST,C_400,Neurology Service,-,-,-,-,-,-,-,-
Y63,RTF,NORTHUMBRIA HEALTHCARE NHS FOUNDATION TRUST,C_410,Rheumatology Service,"1,009",751,74.40%,10.2,30.6,-,-,-
Y63,RTF,NORTHUMBRIA HEALTHCARE NHS FOUNDATION TRUST,C_430,Elderly Medicine Service,794,777,97.90%,5.2,15.2,-,-,-
Y63,RTF,NORTHUMBRIA HEALTHCARE NHS FOUNDATION TRUST,C_502,Gynaecology Service,"3,196","2,678",83.80%,9.3,25.5,1,-,-
Y63,RTF,NORTHUMBRIA HEALTHCARE NHS FOUNDATION TRUST,X02,Other - Medical Services,-,-,-,-,-,-,-,-
Y63,RTF,NORTHUMBRIA HEALTHCARE NHS FOUNDATION TRUST,X03,Other - Mental Health Services,-,-,-,-,-,-,-,-
Y63,RTF,NORTHUMBRIA HEALTHCARE NHS FOUNDATION TRUST,X04,Other - Paediatric Services,-,-,-,-,-,-,-,-
Y63,RTF,NORTHUMBRIA HEALTHCARE NHS FOUNDATION TRUST,X05,Other - Surgical Services,-,-,-,-,-,-,-,-
Y63,RTF,NORTHUMBRIA HEALTHCARE NHS FOUNDATION TRUST,X06,Other - Other Services,"1,993","1,908",95.70%,6.7,17,-,-,-
Y63,RTR,SOUTH TEES HOSPITALS NHS FOUNDATION TRUST,C_100,General Surgery Service,"1,605","1,101",68.60%,11.3,35.3,23,-,7
Y63,RTR,SOUTH TEES HOSPITALS NHS FOUNDATION TRUST,C_101,Urology Service,"4,206","2,417",57.50%,14.9,43.6,166,-,42
Y63,RTR,SOUTH TEES HOSPITALS NHS FOUNDATION TRUST,C_110,Trauma and Orthopaedic Service,"5,824","3,333",57.20%,15.3,47.4,299,-,60
Y63,RTR,SOUTH TEES HOSPITALS NHS FOUNDATION TRUST,C_120,Ear Nose and Throat Service,"6,615","3,506",53.00%,16.7,38.6,88,-,7
Y63,RTR,SOUTH TEES HOSPITALS NHS FOUNDATION TRUST,C_130,Ophthalmology Service,"3,992","2,785",69.80%,11.4,35.8,27,-,3
Y63,RTR,SOUTH TEES HOSPITALS NHS FOUNDATION TRUST,C_140,Oral Surgery Service,150,65,43.30%,20.4,67.5,34,-,23
Y63,RTR,SOUTH TEES HOSPITALS NHS FOUNDATION TRUST,C_150,Neurosurgical Service,"1,152",924,80.20%,9.8,26.7,6,-,2
Y63,RTR,SOUTH TEES HOSPITALS NHS FOUNDATION TRUST,C_160,Plastic Surgery Service,"2,246","1,337",59.50%,13.9,37.7,19,-,2
Y63,RTR,SOUTH TEES HOSPITALS NHS FOUNDATION TRUST,C_170,Cardiothoracic Surgery Service,186,150,80.60%,8.7,25.6,3,-,-
Y63,RTR,SOUTH TEES HOSPITALS NHS FOUNDATION TRUST,C_300,General Internal Medicine Service,132,125,94.70%,3.1,11.7,-,-,-
Y63,RTR,SOUTH TEES HOSPITALS NHS FOUNDATION TRUST,C_301,Gastroenterology Service,"1,472","1,173",79.70%,7.6,25.6,6,-,3
Y63,RTR,SOUTH TEES HOSPITALS NHS FOUNDATION TRUST,C_320,Cardiology Service,"1,642","1,355",82.50%,9,24,11,-,-
Y63,RTR,SOUTH TEES HOSPITALS NHS FOUNDATION TRUST,C_330,Dermatology Service,"2,649","1,670",63.00%,12.9,41.3,52,-,13
Y63,RTR,SOUTH TEES HOSPITALS NHS FOUNDATION TRUST,C_340,Respiratory Medicine Service,"1,050",891,84.90%,8.1,22.8,-,-,-
Y63,RTR,SOUTH TEES HOSPITALS NHS FOUNDATION TRUST,C_400,Neurology Service,"4,001","1,628",40.70%,22.6,54.9,473,-,75
Y63,RTR,SOUTH TEES HOSPITALS NHS FOUNDATION TRUST,C_410,Rheumatology Service,"1,275",799,62.70%,13.8,38.3,14,-,1
Y63,RTR,SOUTH TEES HOSPITALS NHS FOUNDATION TRUST,C_430,Elderly Medicine Service,36,35,97.20%,4.4,9.1,-,-,-
Y63,RTR,SOUTH TEES HOSPITALS NHS FOUNDATION TRUST,C_502,Gynaecology Service,"3,294","2,049",62.20%,13.6,37.2,37,-,1
Y63,RTR,SOUTH TEES HOSPITALS NHS FOUNDATION TRUST,X02,Other - Medical Services,"4,664","3,122",66.90%,11,48.8,295,2,66
Y63,RTR,SOUTH TEES HOSPITALS NHS FOUNDATION TRUST,X03,Other - Mental Health Services,-,-,-,-,-,-,-,-
Y63,RTR,SOUTH TEES HOSPITALS NHS FOUNDATION TRUST,X04,Other - Paediatric Services,"2,089","1,267",60.70%,14.5,41.9,64,-,8
Y63,RTR,SOUTH TEES HOSPITALS NHS FOUNDATION TRUST,X05,Other - Surgical Services,"7,283","3,771",51.80%,17.1,50.4,480,-,66
Y63,RTR,SOUTH TEES HOSPITALS NHS FOUNDATION TRUST,X06,Other - Other Services,731,669,91.50%,5.5,19.1,1,-,-
Y63,RVW,NORTH TEES AND HARTLEPOOL NHS FOUNDATION TRUST,C_100,General Surgery Service,"2,080","1,361",65.40%,12.3,37.4,16,-,-
Y63,RVW,NORTH TEES AND HARTLEPOOL NHS FOUNDATION TRUST,C_101,Urology Service,"1,904","1,315",69.10%,11.8,33.6,13,-,-
Y63,RVW,NORTH TEES AND HARTLEPOOL NHS FOUNDATION TRUST,C_110,Trauma and Orthopaedic Service,"5,823","4,708",80.90%,8.3,30.1,35,-,-
Y63,RVW,NORTH TEES AND HARTLEPOOL NHS FOUNDATION TRUST,C_120,Ear Nose and Throat Service,-,-,-,-,-,-,-,-
Y63,RVW,NORTH TEES AND HARTLEPOOL NHS FOUNDATION TRUST,C_130,Ophthalmology Service,-,-,-,-,-,-,-,-
Y63,RVW,NORTH TEES AND HARTLEPOOL NHS FOUNDATION TRUST,C_140,Oral Surgery Service,-,-,-,-,-,-,-,-
Y63,RVW,NORTH TEES AND HARTLEPOOL NHS FOUNDATION TRUST,C_150,Neurosurgical Service,-,-,-,-,-,-,-,-
Y63,RVW,NORTH TEES AND HARTLEPOOL NHS FOUNDATION TRUST,C_160,Plastic Surgery Service,-,-,-,-,-,-,-,-
Y63,RVW,NORTH TEES AND HARTLEPOOL NHS FOUNDATION TRUST,C_170,Cardiothoracic Surgery Service,-,-,-,-,-,-,-,-
Y63,RVW,NORTH TEES AND HARTLEPOOL NHS FOUNDATION TRUST,C_300,General Internal Medicine Service,328,303,92.40%,6.4,17.8,-,-,-
Y63,RVW,NORTH TEES AND HARTLEPOOL NHS FOUNDATION TRUST,C_301,Gastroenterology Service,989,817,82.60%,9,25.7,4,-,-
Y63,RVW,NORTH TEES AND HARTLEPOOL NHS FOUNDATION TRUST,C_320,Cardiology Service,598,531,88.80%,6.4,21,1,-,-
Y63,RVW,NORTH TEES AND HARTLEPOOL NHS FOUNDATION TRUST,C_330,Dermatology Service,-,-,-,-,-,-,-,-
Y63,RVW,NORTH TEES AND HARTLEPOOL NHS FOUNDATION TRUST,C_340,Respiratory Medicine Service,806,552,68.50%,11,33.9,4,-,-
Y63,RVW,NORTH TEES AND HARTLEPOOL NHS FOUNDATION TRUST,C_400,Neurology Service,-,-,-,-,-,-,-,-
Y63,RVW,NORTH TEES AND HARTLEPOOL NHS FOUNDATION TRUST,C_410,Rheumatology Service,529,326,61.60%,11.8,32.6,-,-,-
Y63,RVW,NORTH TEES AND HARTLEPOOL NHS FOUNDATION TRUST,C_430,Elderly Medicine Service,161,152,94.40%,5,15.1,-,-,-
Y63,RVW,NORTH TEES AND HARTLEPOOL NHS FOUNDATION TRUST,C_502,Gynaecology Service,"2,364","1,510",63.90%,12.7,38.5,41,-,1
Y63,RVW,NORTH TEES AND HARTLEPOOL NHS FOUNDATION TRUST,X02,Other - Medical Services,-,-,-,-,-,-,-,-
Y63,RVW,NORTH TEES AND HARTLEPOOL NHS FOUNDATION TRUST,X03,Other - Mental Health Services,-,-,-,-,-,-,-,-
Y63,RVW,NORTH TEES AND HARTLEPOOL NHS FOUNDATION TRUST,X04,Other - Paediatric Services,"1,606","1,045",65.10%,13.9,31.2,4,-,-
Y63,RVW,NORTH TEES AND HARTLEPOOL NHS FOUNDATION TRUST,X05,Other - Surgical Services,"1,520","1,219",80.20%,4.7,32.9,25,-,-
Y63,RVW,NORTH TEES AND HARTLEPOOL NHS FOUNDATION TRUST,X06,Other - Other Services,"2,347","1,357",57.80%,14.9,37.9,16,-,-
Y63,RWA,HULL UNIVERSITY TEACHING HOSPITALS NHS TRUST,C_100,General Surgery Service,"7,082","4,241",59.90%,13.3,45.2,249,-,1
Y63,RWA,HULL UNIVERSITY TEACHING HOSPITALS NHS TRUST,C_101,Urology Service,"3,159","2,112",66.90%,11,35.1,40,-,3
Y63,RWA,HULL UNIVERSITY TEACHING HOSPITALS NHS TRUST,C_110,Trauma and Orthopaedic Service,"3,828","2,364",61.80%,12.9,37.9,55,-,-
Y63,RWA,HULL UNIVERSITY TEACHING HOSPITALS NHS TRUST,C_120,Ear Nose and Throat Service,"8,130","3,353",41.20%,22.6,47.9,355,-,3
Y63,RWA,HULL UNIVERSITY TEACHING HOSPITALS NHS TRUST,C_130,Ophthalmology Service,"8,115","4,887",60.20%,13.7,42.3,139,-,-
Y63,RWA,HULL UNIVERSITY TEACHING HOSPITALS NHS TRUST,C_140,Oral Surgery Service,"3,015","1,801",59.70%,14.6,35.3,34,-,-
Y63,RWA,HULL UNIVERSITY TEACHING HOSPITALS NHS TRUST,C_150,Neurosurgical Service,"2,839","1,723",60.70%,12.5,44.1,85,-,1
Y63,RWA,HULL UNIVERSITY TEACHING HOSPITALS NHS TRUST,C_160,Plastic Surgery Service,"3,350","1,511",45.10%,20.5,50.1,204,-,5
Y63,RWA,HULL UNIVERSITY TEACHING HOSPITALS NHS TRUST,C_170,Cardiothoracic Surgery Service,351,261,74.40%,9.4,33.5,3,-,-
Y63,RWA,HULL UNIVERSITY TEACHING HOSPITALS NHS TRUST,C_300,General Internal Medicine Service,273,251,91.90%,6.1,18.1,-,-,-
Y63,RWA,HULL UNIVERSITY TEACHING HOSPITALS NHS TRUST,C_301,Gastroenterology Service,"3,178","1,872",58.90%,14.5,38.9,36,-,-
Y63,RWA,HULL UNIVERSITY TEACHING HOSPITALS NHS TRUST,C_320,Cardiology Service,"5,603","2,652",47.30%,19.1,42.6,116,-,1
Y63,RWA,HULL UNIVERSITY TEACHING HOSPITALS NHS TRUST,C_330,Dermatology Service,"5,416","3,342",61.70%,13.4,36.8,57,-,-
Y63,RWA,HULL UNIVERSITY TEACHING HOSPITALS NHS TRUST,C_340,Respiratory Medicine Service,"2,640","1,879",71.20%,10.7,31.9,16,-,-
Y63,RWA,HULL UNIVERSITY TEACHING HOSPITALS NHS TRUST,C_400,Neurology Service,"4,438","2,624",59.10%,14.9,39.6,88,-,1
Y63,RWA,HULL UNIVERSITY TEACHING HOSPITALS NHS TRUST,C_410,Rheumatology Service,"2,049",776,37.90%,24.5,49.2,77,-,-
Y63,RWA,HULL UNIVERSITY TEACHING HOSPITALS NHS TRUST,C_430,Elderly Medicine Service,62,49,79.00%,8.8,25,-,-,-
Y63,RWA,HULL UNIVERSITY TEACHING HOSPITALS NHS TRUST,C_502,Gynaecology Service,"4,198","2,618",62.40%,11.5,48.2,230,-,5
Y63,RWA,HULL UNIVERSITY TEACHING HOSPITALS NHS TRUST,X02,Other - Medical Services,"4,606","3,525",76.50%,10.1,28.1,28,-,-
Y63,RWA,HULL UNIVERSITY TEACHING HOSPITALS NHS TRUST,X03,Other - Mental Health Services,8,4,50.00%,-,-,-,-,-
Y63,RWA,HULL UNIVERSITY TEACHING HOSPITALS NHS TRUST,X04,Other - Paediatric Services,"1,088",877,80.60%,6.8,27.9,3,-,-
Y63,RWA,HULL UNIVERSITY TEACHING HOSPITALS NHS TRUST,X05,Other - Surgical Services,"1,225",941,76.80%,4.5,36.1,26,-,-
Y63,RWA,HULL UNIVERSITY TEACHING HOSPITALS NHS TRUST,X06,Other - Other Services,"2,552","1,796",70.40%,9.1,39,72,-,-
Y63,RWY,CALDERDALE AND HUDDERSFIELD NHS FOUNDATION TRUST,C_100,General Surgery Service,"5,023","3,707",73.80%,8.9,30.1,-,-,-
Y63,RWY,CALDERDALE AND HUDDERSFIELD NHS FOUNDATION TRUST,C_101,Urology Service,"2,079","1,483",71.30%,10.9,28.6,-,-,-
Y63,RWY,CALDERDALE AND HUDDERSFIELD NHS FOUNDATION TRUST,C_110,Trauma and Orthopaedic Service,"3,123","2,393",76.60%,9.9,25.8,-,-,-
Y63,RWY,CALDERDALE AND HUDDERSFIELD NHS FOUNDATION TRUST,C_120,Ear Nose and Throat Service,"5,904","2,915",49.40%,18.2,40.8,65,-,16
Y63,RWY,CALDERDALE AND HUDDERSFIELD NHS FOUNDATION TRUST,C_130,Ophthalmology Service,"2,465","2,190",88.80%,6.4,20.6,-,-,-
Y63,RWY,CALDERDALE AND HUDDERSFIELD NHS FOUNDATION TRUST,C_140,Oral Surgery Service,"1,661",993,59.80%,14.2,32.9,1,-,-
Y63,RWY,CALDERDALE AND HUDDERSFIELD NHS FOUNDATION TRUST,C_150,Neurosurgical Service,-,-,-,-,-,-,-,-
Y63,RWY,CALDERDALE AND HUDDERSFIELD NHS FOUNDATION TRUST,C_160,Plastic Surgery Service,735,421,57.30%,15.3,37.8,-,-,-
Y63,RWY,CALDERDALE AND HUDDERSFIELD NHS FOUNDATION TRUST,C_170,Cardiothoracic Surgery Service,-,-,-,-,-,-,-,-
Y63,RWY,CALDERDALE AND HUDDERSFIELD NHS FOUNDATION TRUST,C_300,General Internal Medicine Service,67,46,68.70%,8.2,21.8,-,-,-
Y63,RWY,CALDERDALE AND HUDDERSFIELD NHS FOUNDATION TRUST,C_301,Gastroenterology Service,"2,228","1,755",78.80%,7.9,28.9,-,-,-
Y63,RWY,CALDERDALE AND HUDDERSFIELD NHS FOUNDATION TRUST,C_320,Cardiology Service,"1,934","1,449",74.90%,10.1,28.8,1,-,-
Y63,RWY,CALDERDALE AND HUDDERSFIELD NHS FOUNDATION TRUST,C_330,Dermatology Service,"1,416","1,158",81.80%,5.5,27.2,-,-,-
Y63,RWY,CALDERDALE AND HUDDERSFIELD NHS FOUNDATION TRUST,C_340,Respiratory Medicine Service,859,677,78.80%,9.1,24.8,-,-,-
Y63,RWY,CALDERDALE AND HUDDERSFIELD NHS FOUNDATION TRUST,C_400,Neurology Service,"1,248",880,70.50%,10.7,28.4,2,-,1
Y63,RWY,CALDERDALE AND HUDDERSFIELD NHS FOUNDATION TRUST,C_410,Rheumatology Service,974,788,80.90%,9.3,24.4,1,-,-
Y63,RWY,CALDERDALE AND HUDDERSFIELD NHS FOUNDATION TRUST,C_430,Elderly Medicine Service,141,93,66.00%,9.9,29.9,1,-,-
Y63,RWY,CALDERDALE AND HUDDERSFIELD NHS FOUNDATION TRUST,C_502,Gynaecology Service,"3,158","2,167",68.60%,11.6,29.7,-,-,-
Y63,RWY,CALDERDALE AND HUDDERSFIELD NHS FOUNDATION TRUST,X02,Other - Medical Services,"1,303","1,040",79.80%,8.4,25.8,-,-,-
Y63,RWY,CALDERDALE AND HUDDERSFIELD NHS FOUNDATION TRUST,X03,Other - Mental Health Services,-,-,-,-,-,-,-,-
Y63,RWY,CALDERDALE AND HUDDERSFIELD NHS FOUNDATION TRUST,X04,Other - Paediatric Services,"1,080","1,012",93.70%,6.4,16.7,-,-,-
Y63,RWY,CALDERDALE AND HUDDERSFIELD NHS FOUNDATION TRUST,X05,Other - Surgical Services,276,271,98.20%,6.5,12.9,-,-,-
Y63,RWY,CALDERDALE AND HUDDERSFIELD NHS FOUNDATION TRUST,X06,Other - Other Services,196,182,92.90%,6.9,17.6,-,-,-
Y63,RX4,"CUMBRIA, NORTHUMBERLAND, TYNE AND WEAR NHS FOUNDATION TRUST",C_100,General Surgery Service,-,-,-,-,-,-,-,-
Y63,RX4,"CUMBRIA, NORTHUMBERLAND, TYNE AND WEAR NHS FOUNDATION TRUST",C_101,Urology Service,-,-,-,-,-,-,-,-
Y63,RX4,"CUMBRIA, NORTHUMBERLAND, TYNE AND WEAR NHS FOUNDATION TRUST",C_110,Trauma and Orthopaedic Service,-,-,-,-,-,-,-,-
Y63,RX4,"CUMBRIA, NORTHUMBERLAND, TYNE AND WEAR NHS FOUNDATION TRUST",C_120,Ear Nose and Throat Service,-,-,-,-,-,-,-,-
Y63,RX4,"CUMBRIA, NORTHUMBERLAND, TYNE AND WEAR NHS FOUNDATION TRUST",C_130,Ophthalmology Service,-,-,-,-,-,-,-,-
Y63,RX4,"CUMBRIA, NORTHUMBERLAND, TYNE AND WEAR NHS FOUNDATION TRUST",C_140,Oral Surgery Service,-,-,-,-,-,-,-,-
Y63,RX4,"CUMBRIA, NORTHUMBERLAND, TYNE AND WEAR NHS FOUNDATION TRUST",C_150,Neurosurgical Service,-,-,-,-,-,-,-,-
Y63,RX4,"CUMBRIA, NORTHUMBERLAND, TYNE AND WEAR NHS FOUNDATION TRUST",C_160,Plastic Surgery Service,-,-,-,-,-,-,-,-
Y63,RX4,"CUMBRIA, NORTHUMBERLAND, TYNE AND WEAR NHS FOUNDATION TRUST",C_170,Cardiothoracic Surgery Service,-,-,-,-,-,-,-,-
Y63,RX4,"CUMBRIA, NORTHUMBERLAND, TYNE AND WEAR NHS FOUNDATION TRUST",C_300,General Internal Medicine Service,-,-,-,-,-,-,-,-
Y63,RX4,"CUMBRIA, NORTHUMBERLAND, TYNE AND WEAR NHS FOUNDATION TRUST",C_301,Gastroenterology Service,-,-,-,-,-,-,-,-
Y63,RX4,"CUMBRIA, NORTHUMBERLAND, TYNE AND WEAR NHS FOUNDATION TRUST",C_320,Cardiology Service,-,-,-,-,-,-,-,-
Y63,RX4,"CUMBRIA, NORTHUMBERLAND, TYNE AND WEAR NHS FOUNDATION TRUST",C_330,Dermatology Service,-,-,-,-,-,-,-,-
Y63,RX4,"CUMBRIA, NORTHUMBERLAND, TYNE AND WEAR NHS FOUNDATION TRUST",C_340,Respiratory Medicine Service,-,-,-,-,-,-,-,-
Y63,RX4,"CUMBRIA, NORTHUMBERLAND, TYNE AND WEAR NHS FOUNDATION TRUST",C_400,Neurology Service,-,-,-,-,-,-,-,-
Y63,RX4,"CUMBRIA, NORTHUMBERLAND, TYNE AND WEAR NHS FOUNDATION TRUST",C_410,Rheumatology Service,-,-,-,-,-,-,-,-
Y63,RX4,"CUMBRIA, NORTHUMBERLAND, TYNE AND WEAR NHS FOUNDATION TRUST",C_430,Elderly Medicine Service,-,-,-,-,-,-,-,-
Y63,RX4,"CUMBRIA, NORTHUMBERLAND, TYNE AND WEAR NHS FOUNDATION TRUST",C_502,Gynaecology Service,-,-,-,-,-,-,-,-
Y63,RX4,"CUMBRIA, NORTHUMBERLAND, TYNE AND WEAR NHS FOUNDATION TRUST",X02,Other - Medical Services,-,-,-,-,-,-,-,-
Y63,RX4,"CUMBRIA, NORTHUMBERLAND, TYNE AND WEAR NHS FOUNDATION TRUST",X03,Other - Mental Health Services,-,-,-,-,-,-,-,-
Y63,RX4,"CUMBRIA, NORTHUMBERLAND, TYNE AND WEAR NHS FOUNDATION TRUST",X04,Other - Paediatric Services,-,-,-,-,-,-,-,-
Y63,RX4,"CUMBRIA, NORTHUMBERLAND, TYNE AND WEAR NHS FOUNDATION TRUST",X05,Other - Surgical Services,-,-,-,-,-,-,-,-
Y63,RX4,"CUMBRIA, NORTHUMBERLAND, TYNE AND WEAR NHS FOUNDATION TRUST",X06,Other - Other Services,188,188,100.00%,5.2,13.5,-,-,-
Y63,RXF,MID YORKSHIRE TEACHING NHS TRUST,C_100,General Surgery Service,"2,154",851,39.50%,22.5,50.1,138,-,3
Y63,RXF,MID YORKSHIRE TEACHING NHS TRUST,C_101,Urology Service,"3,252","2,029",62.40%,12.1,44.9,140,-,13
Y63,RXF,MID YORKSHIRE TEACHING NHS TRUST,C_110,Trauma and Orthopaedic Service,"5,531","2,423",43.80%,21.3,49.1,292,-,8
Y63,RXF,MID YORKSHIRE TEACHING NHS TRUST,C_120,Ear Nose and Throat Service,"6,024","3,422",56.80%,15,49.9,415,-,155
Y63,RXF,MID YORKSHIRE TEACHING NHS TRUST,C_130,Ophthalmology Service,"4,996","3,240",64.90%,11.5,39.3,110,-,6
Y63,RXF,MID YORKSHIRE TEACHING NHS TRUST,C_140,Oral Surgery Service,"2,607","1,793",68.80%,9.5,42.2,76,-,13
Y63,RXF,MID YORKSHIRE TEACHING NHS TRUST,C_150,Neurosurgical Service,-,-,-,-,-,-,-,-
Y63,RXF,MID YORKSHIRE TEACHING NHS TRUST,C_160,Plastic Surgery Service,"1,977","1,181",59.70%,12.8,40.8,44,-,4
Y63,RXF,MID YORKSHIRE TEACHING NHS TRUST,C_170,Cardiothoracic Surgery Service,-,-,-,-,-,-,-,-
Y63,RXF,MID YORKSHIRE TEACHING NHS TRUST,C_300,General Internal Medicine Service,46,44,95.70%,4.2,15.3,-,-,-
Y63,RXF,MID YORKSHIRE TEACHING NHS TRUST,C_301,Gastroenterology Service,"2,875","2,182",75.90%,7.8,26,20,-,5
Y63,RXF,MID YORKSHIRE TEACHING NHS TRUST,C_320,Cardiology Service,"1,066",783,73.50%,10.3,25.6,-,-,-
Y63,RXF,MID YORKSHIRE TEACHING NHS TRUST,C_330,Dermatology Service,"1,048",840,80.20%,6.2,28.5,2,-,-
Y63,RXF,MID YORKSHIRE TEACHING NHS TRUST,C_340,Respiratory Medicine Service,"1,736",975,56.20%,14.8,43.3,61,-,-
Y63,RXF,MID YORKSHIRE TEACHING NHS TRUST,C_400,Neurology Service,"1,882",794,42.20%,21.7,50,97,-,-
Y63,RXF,MID YORKSHIRE TEACHING NHS TRUST,C_410,Rheumatology Service,857,551,64.30%,12.9,32.3,4,-,-
Y63,RXF,MID YORKSHIRE TEACHING NHS TRUST,C_430,Elderly Medicine Service,194,115,59.30%,15.5,35.5,1,-,-
Y63,RXF,MID YORKSHIRE TEACHING NHS TRUST,C_502,Gynaecology Service,"5,545","3,423",61.70%,14.1,53,477,-,123
Y63,RXF,MID YORKSHIRE TEACHING NHS TRUST,X02,Other - Medical Services,"7,531","3,970",52.70%,16.7,49.6,458,-,25
Y63,RXF,MID YORKSHIRE TEACHING NHS TRUST,X03,Other - Mental Health Services,-,-,-,-,-,-,-,-
Y63,RXF,MID YORKSHIRE TEACHING NHS TRUST,X04,Other - Paediatric Services,437,369,84.40%,8,24.7,9,-,4
Y63,RXF,MID YORKSHIRE TEACHING NHS TRUST,X05,Other - Surgical Services,"5,708","3,498",61.30%,12.4,47,258,-,15
Y63,RXF,MID YORKSHIRE TEACHING NHS TRUST,X06,Other - Other Services,227,162,71.40%,6.7,34.5,1,-,-
Y63,RXG,SOUTH WEST YORKSHIRE PARTNERSHIP NHS FOUNDATION TRUST,C_100,General Surgery Service,-,-,-,-,-,-,-,-
Y63,RXG,SOUTH WEST YORKSHIRE PARTNERSHIP NHS FOUNDATION TRUST,C_101,Urology Service,-,-,-,-,-,-,-,-
Y63,RXG,SOUTH WEST YORKSHIRE PARTNERSHIP NHS FOUNDATION TRUST,C_110,Trauma and Orthopaedic Service,-,-,-,-,-,-,-,-
Y63,RXG,SOUTH WEST YORKSHIRE PARTNERSHIP NHS FOUNDATION TRUST,C_120,Ear Nose and Throat Service,-,-,-,-,-,-,-,-
Y63,RXG,SOUTH WEST YORKSHIRE PARTNERSHIP NHS FOUNDATION TRUST,C_130,Ophthalmology Service,-,-,-,-,-,-,-,-
Y63,RXG,SOUTH WEST YORKSHIRE PARTNERSHIP NHS FOUNDATION TRUST,C_140,Oral Surgery Service,-,-,-,-,-,-,-,-
Y63,RXG,SOUTH WEST YORKSHIRE PARTNERSHIP NHS FOUNDATION TRUST,C_150,Neurosurgical Service,-,-,-,-,-,-,-,-
Y63,RXG,SOUTH WEST YORKSHIRE PARTNERSHIP NHS FOUNDATION TRUST,C_160,Plastic Surgery Service,-,-,-,-,-,-,-,-
Y63,RXG,SOUTH WEST YORKSHIRE PARTNERSHIP NHS FOUNDATION TRUST,C_170,Cardiothoracic Surgery Service,-,-,-,-,-,-,-,-
Y63,RXG,SOUTH WEST YORKSHIRE PARTNERSHIP NHS FOUNDATION TRUST,C_300,General Internal Medicine Service,-,-,-,-,-,-,-,-
Y63,RXG,SOUTH WEST YORKSHIRE PARTNERSHIP NHS FOUNDATION TRUST,C_301,Gastroenterology Service,-,-,-,-,-,-,-,-
Y63,RXG,SOUTH WEST YORKSHIRE PARTNERSHIP NHS FOUNDATION TRUST,C_320,Cardiology Service,-,-,-,-,-,-,-,-
Y63,RXG,SOUTH WEST YORKSHIRE PARTNERSHIP NHS FOUNDATION TRUST,C_330,Dermatology Service,-,-,-,-,-,-,-,-
Y63,RXG,SOUTH WEST YORKSHIRE PARTNERSHIP NHS FOUNDATION TRUST,C_340,Respiratory Medicine Service,-,-,-,-,-,-,-,-
Y63,RXG,SOUTH WEST YORKSHIRE PARTNERSHIP NHS FOUNDATION TRUST,C_400,Neurology Service,-,-,-,-,-,-,-,-
Y63,RXG,SOUTH WEST YORKSHIRE PARTNERSHIP NHS FOUNDATION TRUST,C_410,Rheumatology Service,-,-,-,-,-,-,-,-
Y63,RXG,SOUTH WEST YORKSHIRE PARTNERSHIP NHS FOUNDATION TRUST,C_430,Elderly Medicine Service,-,-,-,-,-,-,-,-
Y63,RXG,SOUTH WEST YORKSHIRE PARTNERSHIP NHS FOUNDATION TRUST,C_502,Gynaecology Service,-,-,-,-,-,-,-,-
Y63,RXG,SOUTH WEST YORKSHIRE PARTNERSHIP NHS FOUNDATION TRUST,X02,Other - Medical Services,-,-,-,-,-,-,-,-
Y63,RXG,SOUTH WEST YORKSHIRE PARTNERSHIP NHS FOUNDATION TRUST,X03,Other - Mental Health Services,-,-,-,-,-,-,-,-
Y63,RXG,SOUTH WEST YORKSHIRE PARTNERSHIP NHS FOUNDATION TRUST,X04,Other - Paediatric Services,-,-,-,-,-,-,-,-
Y63,RXG,SOUTH WEST YORKSHIRE PARTNERSHIP NHS FOUNDATION TRUST,X05,Other - Surgical Services,-,-,-,-,-,-,-,-
Y63,RXG,SOUTH WEST YORKSHIRE PARTNERSHIP NHS FOUNDATION TRUST,X06,Other - Other Services,"3,268","3,265",99.90%,3.8,10,-,-,-
Y63,RXP,COUNTY DURHAM AND DARLINGTON NHS FOUNDATION TRUST,C_100,General Surgery Service,"4,821","3,187",66.10%,10.6,39.6,75,-,1
Y63,RXP,COUNTY DURHAM AND DARLINGTON NHS FOUNDATION TRUST,C_101,Urology Service,-,-,-,-,-,-,-,-
Y63,RXP,COUNTY DURHAM AND DARLINGTON NHS FOUNDATION TRUST,C_110,Trauma and Orthopaedic Service,"6,127","4,912",80.20%,6.1,35.5,86,-,1
Y63,RXP,COUNTY DURHAM AND DARLINGTON NHS FOUNDATION TRUST,C_120,Ear Nose and Throat Service,"2,907","1,408",48.40%,18.4,35.3,17,-,-
Y63,RXP,COUNTY DURHAM AND DARLINGTON NHS FOUNDATION TRUST,C_130,Ophthalmology Service,"2,897","1,890",65.20%,11.4,38.1,46,1,2
Y63,RXP,COUNTY DURHAM AND DARLINGTON NHS FOUNDATION TRUST,C_140,Oral Surgery Service,891,485,54.40%,16.2,43,13,-,-
Y63,RXP,COUNTY DURHAM AND DARLINGTON NHS FOUNDATION TRUST,C_150,Neurosurgical Service,-,-,-,-,-,-,-,-
Y63,RXP,COUNTY DURHAM AND DARLINGTON NHS FOUNDATION TRUST,C_160,Plastic Surgery Service,"1,821","1,007",55.30%,15.1,47.4,86,-,-
Y63,RXP,COUNTY DURHAM AND DARLINGTON NHS FOUNDATION TRUST,C_170,Cardiothoracic Surgery Service,2,1,50.00%,-,-,-,-,-
Y63,RXP,COUNTY DURHAM AND DARLINGTON NHS FOUNDATION TRUST,C_300,General Internal Medicine Service,"1,330",778,58.50%,13.9,43.9,39,-,-
Y63,RXP,COUNTY DURHAM AND DARLINGTON NHS FOUNDATION TRUST,C_301,Gastroenterology Service,"2,553","1,479",57.90%,14.2,46.3,87,-,-
Y63,RXP,COUNTY DURHAM AND DARLINGTON NHS FOUNDATION TRUST,C_320,Cardiology Service,"1,916","1,401",73.10%,10,30.6,7,-,-
Y63,RXP,COUNTY DURHAM AND DARLINGTON NHS FOUNDATION TRUST,C_330,Dermatology Service,"4,139","2,958",71.50%,10.1,39.1,105,-,-
Y63,RXP,COUNTY DURHAM AND DARLINGTON NHS FOUNDATION TRUST,C_340,Respiratory Medicine Service,"1,484",901,60.70%,12.6,43.6,31,-,-
Y63,RXP,COUNTY DURHAM AND DARLINGTON NHS FOUNDATION TRUST,C_400,Neurology Service,-,-,-,-,-,-,-,-
Y63,RXP,COUNTY DURHAM AND DARLINGTON NHS FOUNDATION TRUST,C_410,Rheumatology Service,796,384,48.20%,18.5,43.3,13,-,-
Y63,RXP,COUNTY DURHAM AND DARLINGTON NHS FOUNDATION TRUST,C_430,Elderly Medicine Service,237,223,94.10%,5.2,16,-,-,-
Y63,RXP,COUNTY DURHAM AND DARLINGTON NHS FOUNDATION TRUST,C_502,Gynaecology Service,"4,382","2,876",65.60%,12.4,39.4,75,-,-
Y63,RXP,COUNTY DURHAM AND DARLINGTON NHS FOUNDATION TRUST,X02,Other - Medical Services,88,78,88.60%,5.8,18.6,-,-,-
Y63,RXP,COUNTY DURHAM AND DARLINGTON NHS FOUNDATION TRUST,X03,Other - Mental Health Services,684,447,65.40%,12.8,35.5,4,-,-
Y63,RXP,COUNTY DURHAM AND DARLINGTON NHS FOUNDATION TRUST,X04,Other - Paediatric Services,"4,093","2,570",62.80%,14.3,34.4,51,-,9
Y63,RXP,COUNTY DURHAM AND DARLINGTON NHS FOUNDATION TRUST,X05,Other - Surgical Services,-,-,-,-,-,-,-,-
Y63,RXP,COUNTY DURHAM AND DARLINGTON NHS FOUNDATION TRUST,X06,Other - Other Services,-,-,-,-,-,-,-,-
Y63,RY6,LEEDS COMMUNITY HEALTHCARE NHS TRUST,C_100,General Surgery Service,-,-,-,-,-,-,-,-
Y63,RY6,LEEDS COMMUNITY HEALTHCARE NHS TRUST,C_101,Urology Service,-,-,-,-,-,-,-,-
Y63,RY6,LEEDS COMMUNITY HEALTHCARE NHS TRUST,C_110,Trauma and Orthopaedic Service,-,-,-,-,-,-,-,-
Y63,RY6,LEEDS COMMUNITY HEALTHCARE NHS TRUST,C_120,Ear Nose and Throat Service,-,-,-,-,-,-,-,-
Y63,RY6,LEEDS COMMUNITY HEALTHCARE NHS TRUST,C_130,Ophthalmology Service,-,-,-,-,-,-,-,-
Y63,RY6,LEEDS COMMUNITY HEALTHCARE NHS TRUST,C_140,Oral Surgery Service,-,-,-,-,-,-,-,-
Y63,RY6,LEEDS COMMUNITY HEALTHCARE NHS TRUST,C_150,Neurosurgical Service,-,-,-,-,-,-,-,-
Y63,RY6,LEEDS COMMUNITY HEALTHCARE NHS TRUST,C_160,Plastic Surgery Service,-,-,-,-,-,-,-,-
Y63,RY6,LEEDS COMMUNITY HEALTHCARE NHS TRUST,C_170,Cardiothoracic Surgery Service,-,-,-,-,-,-,-,-
Y63,RY6,LEEDS COMMUNITY HEALTHCARE NHS TRUST,C_300,General Internal Medicine Service,-,-,-,-,-,-,-,-
Y63,RY6,LEEDS COMMUNITY HEALTHCARE NHS TRUST,C_301,Gastroenterology Service,-,-,-,-,-,-,-,-
Y63,RY6,LEEDS COMMUNITY HEALTHCARE NHS TRUST,C_320,Cardiology Service,-,-,-,-,-,-,-,-
Y63,RY6,LEEDS COMMUNITY HEALTHCARE NHS TRUST,C_330,Dermatology Service,-,-,-,-,-,-,-,-
Y63,RY6,LEEDS COMMUNITY HEALTHCARE NHS TRUST,C_340,Respiratory Medicine Service,-,-,-,-,-,-,-,-
Y63,RY6,LEEDS COMMUNITY HEALTHCARE NHS TRUST,C_400,Neurology Service,-,-,-,-,-,-,-,-
Y63,RY6,LEEDS COMMUNITY HEALTHCARE NHS TRUST,C_410,Rheumatology Service,-,-,-,-,-,-,-,-
Y63,RY6,LEEDS COMMUNITY HEALTHCARE NHS TRUST,C_430,Elderly Medicine Service,-,-,-,-,-,-,-,-
Y63,RY6,LEEDS COMMUNITY HEALTHCARE NHS TRUST,C_502,Gynaecology Service,316,7,2.20%,35.6,49.1,8,-,3
Y63,RY6,LEEDS COMMUNITY HEALTHCARE NHS TRUST,X02,Other - Medical Services,-,-,-,-,-,-,-,-
Y63,RY6,LEEDS COMMUNITY HEALTHCARE NHS TRUST,X03,Other - Mental Health Services,-,-,-,-,-,-,-,-
Y63,RY6,LEEDS COMMUNITY HEALTHCARE NHS TRUST,X04,Other - Paediatric Services,-,-,-,-,-,-,-,-
Y63,RY6,LEEDS COMMUNITY HEALTHCARE NHS TRUST,X05,Other - Surgical Services,-,-,-,-,-,-,-,-
Y63,RY6,LEEDS COMMUNITY HEALTHCARE NHS TRUST,X06,Other - Other Services,-,-,-,-,-,-,-,-
Y63,TAD,BRADFORD DISTRICT CARE NHS FOUNDATION TRUST,C_100,General Surgery Service,-,-,-,-,-,-,-,-
Y63,TAD,BRADFORD DISTRICT CARE NHS FOUNDATION TRUST,C_101,Urology Service,-,-,-,-,-,-,-,-
Y63,TAD,BRADFORD DISTRICT CARE NHS FOUNDATION TRUST,C_110,Trauma and Orthopaedic Service,-,-,-,-,-,-,-,-
Y63,TAD,BRADFORD DISTRICT CARE NHS FOUNDATION TRUST,C_120,Ear Nose and Throat Service,-,-,-,-,-,-,-,-
Y63,TAD,BRADFORD DISTRICT CARE NHS FOUNDATION TRUST,C_130,Ophthalmology Service,-,-,-,-,-,-,-,-
Y63,TAD,BRADFORD DISTRICT CARE NHS FOUNDATION TRUST,C_140,Oral Surgery Service,-,-,-,-,-,-,-,-
Y63,TAD,BRADFORD DISTRICT CARE NHS FOUNDATION TRUST,C_150,Neurosurgical Service,-,-,-,-,-,-,-,-
Y63,TAD,BRADFORD DISTRICT CARE NHS FOUNDATION TRUST,C_160,Plastic Surgery Service,-,-,-,-,-,-,-,-
Y63,TAD,BRADFORD DISTRICT CARE NHS FOUNDATION TRUST,C_170,Cardiothoracic Surgery Service,-,-,-,-,-,-,-,-
Y63,TAD,BRADFORD DISTRICT CARE NHS FOUNDATION TRUST,C_300,General Internal Medicine Service,-,-,-,-,-,-,-,-
Y63,TAD,BRADFORD DISTRICT CARE NHS FOUNDATION TRUST,C_301,Gastroenterology Service,-,-,-,-,-,-,-,-
Y63,TAD,BRADFORD DISTRICT CARE NHS FOUNDATION TRUST,C_320,Cardiology Service,-,-,-,-,-,-,-,-
Y63,TAD,BRADFORD DISTRICT CARE NHS FOUNDATION TRUST,C_330,Dermatology Service,-,-,-,-,-,-,-,-
Y63,TAD,BRADFORD DISTRICT CARE NHS FOUNDATION TRUST,C_340,Respiratory Medicine Service,-,-,-,-,-,-,-,-
Y63,TAD,BRADFORD DISTRICT CARE NHS FOUNDATION TRUST,C_400,Neurology Service,-,-,-,-,-,-,-,-
Y63,TAD,BRADFORD DISTRICT CARE NHS FOUNDATION TRUST,C_410,Rheumatology Service,-,-,-,-,-,-,-,-
Y63,TAD,BRADFORD DISTRICT CARE NHS FOUNDATION TRUST,C_430,Elderly Medicine Service,-,-,-,-,-,-,-,-
Y63,TAD,BRADFORD DISTRICT CARE NHS FOUNDATION TRUST,C_502,Gynaecology Service,-,-,-,-,-,-,-,-
Y63,TAD,BRADFORD DISTRICT CARE NHS FOUNDATION TRUST,X02,Other - Medical Services,450,259,57.60%,14.9,45.6,8,-,1
Y63,TAD,BRADFORD DISTRICT CARE NHS FOUNDATION TRUST,X03,Other - Mental Health Services,-,-,-,-,-,-,-,-
Y63,TAD,BRADFORD DISTRICT CARE NHS FOUNDATION TRUST,X04,Other - Paediatric Services,-,-,-,-,-,-,-,-
Y63,TAD,BRADFORD DISTRICT CARE NHS FOUNDATION TRUST,X05,Other - Surgical Services,-,-,-,-,-,-,-,-
Y63,TAD,BRADFORD DISTRICT CARE NHS FOUNDATION TRUST,X06,Other - Other Services,-,-,-,-,-,-,-,-
