Region Code,Provider Code,Provider Name,Treatment Function Code,Treatment Function,Total number of incomplete pathways,Total within 18 weeks,% within 18 weeks,Average (median) waiting time (in weeks),92nd percentile waiting time (in weeks),Total 52 plus weeks,Total 78 plus weeks,Total 65 plus weeks
Y56,R1H,BARTS HEALTH NHS TRUST,C_100,General Surgery Service,"4,102","2,188",53.30%,16.6,45.6,170,3,20
Y56,R1H,BARTS HEALTH NHS TRUST,C_101,Urology Service,"5,562","2,899",52.10%,17,45.6,199,1,19
Y56,R1H,BARTS HEALTH NHS TRUST,C_110,Trauma and Orthopaedic Service,"8,123","4,400",54.20%,16.3,42.1,190,-,7
Y56,R1H,BARTS HEALTH NHS TRUST,C_120,Ear Nose and Throat Service,"7,078","3,286",46.40%,19.6,50.7,500,5,70
Y56,R1H,BARTS HEALTH NHS TRUST,C_130,Ophthalmology Service,"4,781","3,329",69.60%,12.1,33.3,18,-,2
Y56,R1H,BARTS HEALTH NHS TRUST,C_140,Oral Surgery Service,"6,568","3,049",46.40%,19.4,48.5,340,4,33
Y56,R1H,BARTS HEALTH NHS TRUST,C_150,Neurosurgical Service,"1,294",881,68.10%,11.1,33.8,10,-,1
Y56,R1H,BARTS HEALTH NHS TRUST,C_160,Plastic Surgery Service,"1,276",677,53.10%,17.2,45.9,41,-,2
Y56,R1H,BARTS HEALTH NHS TRUST,C_170,Cardiothoracic Surgery Service,6,6,100.00%,-,-,-,-,-
Y56,R1H,BARTS HEALTH NHS TRUST,C_300,General Internal Medicine Service,33,22,66.70%,16.1,33.4,-,-,-
Y56,R1H,BARTS HEALTH NHS TRUST,C_301,Gastroenterology Service,"7,497","3,837",51.20%,17.5,41.9,168,-,2
Y56,R1H,BARTS HEALTH NHS TRUST,C_320,Cardiology Service,"9,691","6,405",66.10%,12.5,33.7,16,-,-
Y56,R1H,BARTS HEALTH NHS TRUST,C_330,Dermatology Service,"6,363","3,079",48.40%,18.7,44.1,63,-,-
Y56,R1H,BARTS HEALTH NHS TRUST,C_340,Respiratory Medicine Service,"6,752","3,678",54.50%,16.4,42,110,-,-
Y56,R1H,BARTS HEALTH NHS TRUST,C_400,Neurology Service,"2,524","1,219",48.30%,18.8,42.8,13,-,-
Y56,R1H,BARTS HEALTH NHS TRUST,C_410,Rheumatology Service,"1,413","1,131",80.00%,9.7,28.9,2,-,-
Y56,R1H,BARTS HEALTH NHS TRUST,C_430,Elderly Medicine Service,568,371,65.30%,11.4,36.3,-,-,-
Y56,R1H,BARTS HEALTH NHS TRUST,C_502,Gynaecology Service,"10,763","5,320",49.40%,18.3,44.2,316,-,22
Y56,R1H,BARTS HEALTH NHS TRUST,X02,Other - Medical Services,"19,267","11,373",59.00%,14.1,42.3,481,-,11
Y56,R1H,BARTS HEALTH NHS TRUST,X03,Other - Mental Health Services,-,-,-,-,-,-,-,-
Y56,R1H,BARTS HEALTH NHS TRUST,X04,Other - Paediatric Services,"8,917","4,607",51.70%,17.3,45.5,307,2,27
Y56,R1H,BARTS HEALTH NHS TRUST,X05,Other - Surgical Services,"14,343","8,176",57.00%,15,44.6,411,2,20
Y56,R1H,BARTS HEALTH NHS TRUST,X06,Other - Other Services,776,563,72.60%,7.7,36.9,10,-,3
Y56,R1K,LONDON NORTH WEST UNIVERSITY HEALTHCARE NHS TRUST,C_100,General Surgery Service,"2,688","1,630",60.60%,14.2,43.9,91,-,-
Y56,R1K,LONDON NORTH WEST UNIVERSITY HEALTHCARE NHS TRUST,C_101,Urology Service,"4,019","2,300",57.20%,14.9,43.7,91,-,1
Y56,R1K,LONDON NORTH WEST UNIVERSITY HEALTHCARE NHS TRUST,C_110,Trauma and Orthopaedic Service,"7,521","3,152",41.90%,21.6,50.5,530,-,75
Y56,R1K,LONDON NORTH WEST UNIVERSITY HEALTHCARE NHS TRUST,C_120,Ear Nose and Throat Service,"7,644","2,524",33.00%,25.8,50,435,-,10
Y56,R1K,LONDON NORTH WEST UNIVERSITY HEALTHCARE NHS TRUST,C_130,Ophthalmology Service,"2,397","1,251",52.20%,16.9,44.5,26,-,-
Y56,R1K,LONDON NORTH WEST UNIVERSITY HEALTHCARE NHS TRUST,C_140,Oral Surgery Service,"6,831","3,533",51.70%,17.2,43.9,244,-,4
Y56,R1K,LONDON NORTH WEST UNIVERSITY HEALTHCARE NHS TRUST,C_150,Neurosurgical Service,-,-,-,-,-,-,-,-
Y56,R1K,LONDON NORTH WEST UNIVERSITY HEALTHCARE NHS TRUST,C_160,Plastic Surgery Service,63,50,79.40%,14.2,39,2,-,-
Y56,R1K,LONDON NORTH WEST UNIVERSITY HEALTHCARE NHS TRUST,C_170,Cardiothoracic Surgery Service,-,-,-,-,-,-,-,-
Y56,R1K,LONDON NORTH WEST UNIVERSITY HEALTHCARE NHS TRUST,C_300,General Internal Medicine Service,14,6,42.90%,-,-,1,-,-
Y56,R1K,LONDON NORTH WEST UNIVERSITY HEALTHCARE NHS TRUST,C_301,Gastroenterology Service,"9,667","5,134",53.10%,16.7,46.7,395,-,7
Y56,R1K,LONDON NORTH WEST UNIVERSITY HEALTHCARE NHS TRUST,C_320,Cardiology Service,"10,974","4,893",44.60%,20.1,51.9,870,-,21
Y56,R1K,LONDON NORTH WEST UNIVERSITY HEALTHCARE NHS TRUST,C_330,Dermatology Service,"5,603","1,992",35.60%,24.6,47.5,233,-,3
Y56,R1K,LONDON NORTH WEST UNIVERSITY HEALTHCARE NHS TRUST,C_340,Respiratory Medicine Service,"4,023","1,992",49.50%,18.2,46.1,122,-,-
Y56,R1K,LONDON NORTH WEST UNIVERSITY HEALTHCARE NHS TRUST,C_400,Neurology Service,"2,908","1,364",46.90%,19.3,43.4,21,-,-
Y56,R1K,LONDON NORTH WEST UNIVERSITY HEALTHCARE NHS TRUST,C_410,Rheumatology Service,657,545,83.00%,7.4,24.2,-,-,-
Y56,R1K,LONDON NORTH WEST UNIVERSITY HEALTHCARE NHS TRUST,C_430,Elderly Medicine Service,81,32,39.50%,34.7,43.8,-,-,-
Y56,R1K,LONDON NORTH WEST UNIVERSITY HEALTHCARE NHS TRUST,C_502,Gynaecology Service,"3,846","1,882",48.90%,18.4,42.7,81,-,-
Y56,R1K,LONDON NORTH WEST UNIVERSITY HEALTHCARE NHS TRUST,X02,Other - Medical Services,"11,479","7,256",63.20%,13.3,36.6,109,-,1
Y56,R1K,LONDON NORTH WEST UNIVERSITY HEALTHCARE NHS TRUST,X03,Other - Mental Health Services,26,12,46.20%,18.5,41,1,-,-
Y56,R1K,LONDON NORTH WEST UNIVERSITY HEALTHCARE NHS TRUST,X04,Other - Paediatric Services,"3,200","1,819",56.80%,15.3,44.6,91,-,-
Y56,R1K,LONDON NORTH WEST UNIVERSITY HEALTHCARE NHS TRUST,X05,Other - Surgical Services,"8,490","4,884",57.50%,15,39.6,120,-,1
Y56,R1K,LONDON NORTH WEST UNIVERSITY HEALTHCARE NHS TRUST,X06,Other - Other Services,17,16,94.10%,-,-,-,-,-
Y56,RAL,ROYAL FREE LONDON NHS FOUNDATION TRUST,C_100,General Surgery Service,"3,456","1,483",42.90%,21.8,49.8,195,-,4
Y56,RAL,ROYAL FREE LONDON NHS FOUNDATION TRUST,C_101,Urology Service,"9,588","4,787",49.90%,18,49.7,590,1,40
Y56,RAL,ROYAL FREE LONDON NHS FOUNDATION TRUST,C_110,Trauma and Orthopaedic Service,"10,203","5,846",57.30%,15.4,40.5,178,3,15
Y56,RAL,ROYAL FREE LONDON NHS FOUNDATION TRUST,C_120,Ear Nose and Throat Service,"11,533","5,726",49.60%,18.2,48.3,594,11,47
Y56,RAL,ROYAL FREE LONDON NHS FOUNDATION TRUST,C_130,Ophthalmology Service,"6,713","4,736",70.50%,10.7,33.4,20,-,-
Y56,RAL,ROYAL FREE LONDON NHS FOUNDATION TRUST,C_140,Oral Surgery Service,3,1,33.30%,-,-,-,-,-
Y56,RAL,ROYAL FREE LONDON NHS FOUNDATION TRUST,C_150,Neurosurgical Service,-,-,-,-,-,-,-,-
Y56,RAL,ROYAL FREE LONDON NHS FOUNDATION TRUST,C_160,Plastic Surgery Service,"2,947","1,468",49.80%,18.1,51.8,229,7,37
Y56,RAL,ROYAL FREE LONDON NHS FOUNDATION TRUST,C_170,Cardiothoracic Surgery Service,-,-,-,-,-,-,-,-
Y56,RAL,ROYAL FREE LONDON NHS FOUNDATION TRUST,C_300,General Internal Medicine Service,249,187,75.10%,8.4,34.4,-,-,-
Y56,RAL,ROYAL FREE LONDON NHS FOUNDATION TRUST,C_301,Gastroenterology Service,"7,493","4,464",59.60%,14.2,41.2,138,-,2
Y56,RAL,ROYAL FREE LONDON NHS FOUNDATION TRUST,C_320,Cardiology Service,"8,311","5,281",63.50%,13.6,32.6,7,-,-
Y56,RAL,ROYAL FREE LONDON NHS FOUNDATION TRUST,C_330,Dermatology Service,"11,981","6,738",56.20%,15.6,42.3,91,-,2
Y56,RAL,ROYAL FREE LONDON NHS FOUNDATION TRUST,C_340,Respiratory Medicine Service,"6,209","3,880",62.50%,14.2,41,72,-,-
Y56,RAL,ROYAL FREE LONDON NHS FOUNDATION TRUST,C_400,Neurology Service,"4,882","2,501",51.20%,17.6,44.1,72,-,-
Y56,RAL,ROYAL FREE LONDON NHS FOUNDATION TRUST,C_410,Rheumatology Service,"3,617","2,195",60.70%,14.5,38.7,1,-,-
Y56,RAL,ROYAL FREE LONDON NHS FOUNDATION TRUST,C_430,Elderly Medicine Service,129,90,69.80%,6.9,42.3,2,-,-
Y56,RAL,ROYAL FREE LONDON NHS FOUNDATION TRUST,C_502,Gynaecology Service,"8,971","4,966",55.40%,15.9,43.6,247,2,29
Y56,RAL,ROYAL FREE LONDON NHS FOUNDATION TRUST,X02,Other - Medical Services,"19,774","12,821",64.80%,12.7,37.6,186,-,15
Y56,RAL,ROYAL FREE LONDON NHS FOUNDATION TRUST,X03,Other - Mental Health Services,1,-,-,-,-,-,-,-
Y56,RAL,ROYAL FREE LONDON NHS FOUNDATION TRUST,X04,Other - Paediatric Services,"6,302","3,628",57.60%,14.9,46.3,271,7,53
Y56,RAL,ROYAL FREE LONDON NHS FOUNDATION TRUST,X05,Other - Surgical Services,"18,913","10,693",56.50%,15.3,42.1,392,1,16
Y56,RAL,ROYAL FREE LONDON NHS FOUNDATION TRUST,X06,Other - Other Services,"1,875","1,107",59.00%,14.7,46.1,65,-,1
Y56,RAN,ROYAL NATIONAL ORTHOPAEDIC HOSPITAL NHS TRUST,C_100,General Surgery Service,-,-,-,-,-,-,-,-
Y56,RAN,ROYAL NATIONAL ORTHOPAEDIC HOSPITAL NHS TRUST,C_101,Urology Service,91,56,61.50%,14.1,37.9,-,-,-
Y56,RAN,ROYAL NATIONAL ORTHOPAEDIC HOSPITAL NHS TRUST,C_110,Trauma and Orthopaedic Service,"6,262","4,468",71.40%,10.3,33.7,44,2,3
Y56,RAN,ROYAL NATIONAL ORTHOPAEDIC HOSPITAL NHS TRUST,C_120,Ear Nose and Throat Service,-,-,-,-,-,-,-,-
Y56,RAN,ROYAL NATIONAL ORTHOPAEDIC HOSPITAL NHS TRUST,C_130,Ophthalmology Service,-,-,-,-,-,-,-,-
Y56,RAN,ROYAL NATIONAL ORTHOPAEDIC HOSPITAL NHS TRUST,C_140,Oral Surgery Service,-,-,-,-,-,-,-,-
Y56,RAN,ROYAL NATIONAL ORTHOPAEDIC HOSPITAL NHS TRUST,C_150,Neurosurgical Service,-,-,-,-,-,-,-,-
Y56,RAN,ROYAL NATIONAL ORTHOPAEDIC HOSPITAL NHS TRUST,C_160,Plastic Surgery Service,4,4,100.00%,-,-,-,-,-
Y56,RAN,ROYAL NATIONAL ORTHOPAEDIC HOSPITAL NHS TRUST,C_170,Cardiothoracic Surgery Service,-,-,-,-,-,-,-,-
Y56,RAN,ROYAL NATIONAL ORTHOPAEDIC HOSPITAL NHS TRUST,C_300,General Internal Medicine Service,-,-,-,-,-,-,-,-
Y56,RAN,ROYAL NATIONAL ORTHOPAEDIC HOSPITAL NHS TRUST,C_301,Gastroenterology Service,16,11,68.80%,-,-,-,-,-
Y56,RAN,ROYAL NATIONAL ORTHOPAEDIC HOSPITAL NHS TRUST,C_320,Cardiology Service,-,-,-,-,-,-,-,-
Y56,RAN,ROYAL NATIONAL ORTHOPAEDIC HOSPITAL NHS TRUST,C_330,Dermatology Service,-,-,-,-,-,-,-,-
Y56,RAN,ROYAL NATIONAL ORTHOPAEDIC HOSPITAL NHS TRUST,C_340,Respiratory Medicine Service,-,-,-,-,-,-,-,-
Y56,RAN,ROYAL NATIONAL ORTHOPAEDIC HOSPITAL NHS TRUST,C_400,Neurology Service,-,-,-,-,-,-,-,-
Y56,RAN,ROYAL NATIONAL ORTHOPAEDIC HOSPITAL NHS TRUST,C_410,Rheumatology Service,116,103,88.80%,8,22.7,-,-,-
Y56,RAN,ROYAL NATIONAL ORTHOPAEDIC HOSPITAL NHS TRUST,C_430,Elderly Medicine Service,-,-,-,-,-,-,-,-
Y56,RAN,ROYAL NATIONAL ORTHOPAEDIC HOSPITAL NHS TRUST,C_502,Gynaecology Service,-,-,-,-,-,-,-,-
Y56,RAN,ROYAL NATIONAL ORTHOPAEDIC HOSPITAL NHS TRUST,X02,Other - Medical Services,"1,349",700,51.90%,16.8,44.5,45,-,1
Y56,RAN,ROYAL NATIONAL ORTHOPAEDIC HOSPITAL NHS TRUST,X03,Other - Mental Health Services,3,3,100.00%,-,-,-,-,-
Y56,RAN,ROYAL NATIONAL ORTHOPAEDIC HOSPITAL NHS TRUST,X04,Other - Paediatric Services,484,386,79.80%,8,29.8,4,-,1
Y56,RAN,ROYAL NATIONAL ORTHOPAEDIC HOSPITAL NHS TRUST,X05,Other - Surgical Services,-,-,-,-,-,-,-,-
Y56,RAN,ROYAL NATIONAL ORTHOPAEDIC HOSPITAL NHS TRUST,X06,Other - Other Services,17,14,82.40%,-,-,-,-,-
Y56,RAS,THE HILLINGDON HOSPITALS NHS FOUNDATION TRUST,C_100,General Surgery Service,"1,233",668,54.20%,16.3,41.5,22,2,11
Y56,RAS,THE HILLINGDON HOSPITALS NHS FOUNDATION TRUST,C_101,Urology Service,"2,150",970,45.10%,19.8,42.9,20,-,-
Y56,RAS,THE HILLINGDON HOSPITALS NHS FOUNDATION TRUST,C_110,Trauma and Orthopaedic Service,"3,707","1,319",35.60%,22.5,41.6,47,-,-
Y56,RAS,THE HILLINGDON HOSPITALS NHS FOUNDATION TRUST,C_120,Ear Nose and Throat Service,"1,399",374,26.70%,27.3,34.8,3,-,-
Y56,RAS,THE HILLINGDON HOSPITALS NHS FOUNDATION TRUST,C_130,Ophthalmology Service,"1,972","1,337",67.80%,11.4,33.5,-,-,-
Y56,RAS,THE HILLINGDON HOSPITALS NHS FOUNDATION TRUST,C_140,Oral Surgery Service,"1,339",591,44.10%,18.9,37.6,3,-,-
Y56,RAS,THE HILLINGDON HOSPITALS NHS FOUNDATION TRUST,C_150,Neurosurgical Service,-,-,-,-,-,-,-,-
Y56,RAS,THE HILLINGDON HOSPITALS NHS FOUNDATION TRUST,C_160,Plastic Surgery Service,5,2,40.00%,-,-,-,-,-
Y56,RAS,THE HILLINGDON HOSPITALS NHS FOUNDATION TRUST,C_170,Cardiothoracic Surgery Service,-,-,-,-,-,-,-,-
Y56,RAS,THE HILLINGDON HOSPITALS NHS FOUNDATION TRUST,C_300,General Internal Medicine Service,83,60,72.30%,8.4,49.4,4,-,-
Y56,RAS,THE HILLINGDON HOSPITALS NHS FOUNDATION TRUST,C_301,Gastroenterology Service,810,502,62.00%,12.6,45.7,26,-,-
Y56,RAS,THE HILLINGDON HOSPITALS NHS FOUNDATION TRUST,C_320,Cardiology Service,"1,325",737,55.60%,16.1,36.6,9,-,5
Y56,RAS,THE HILLINGDON HOSPITALS NHS FOUNDATION TRUST,C_330,Dermatology Service,"1,094",787,71.90%,11.3,29.4,1,-,-
Y56,RAS,THE HILLINGDON HOSPITALS NHS FOUNDATION TRUST,C_340,Respiratory Medicine Service,"1,083",501,46.30%,19.5,39.1,8,-,-
Y56,RAS,THE HILLINGDON HOSPITALS NHS FOUNDATION TRUST,C_400,Neurology Service,"1,446",361,25.00%,27.8,47.4,48,-,-
Y56,RAS,THE HILLINGDON HOSPITALS NHS FOUNDATION TRUST,C_410,Rheumatology Service,940,155,16.50%,29.1,46.7,17,-,-
Y56,RAS,THE HILLINGDON HOSPITALS NHS FOUNDATION TRUST,C_430,Elderly Medicine Service,302,189,62.60%,13,39.4,2,-,-
Y56,RAS,THE HILLINGDON HOSPITALS NHS FOUNDATION TRUST,C_502,Gynaecology Service,"1,700","1,045",61.50%,13,34.1,-,-,-
Y56,RAS,THE HILLINGDON HOSPITALS NHS FOUNDATION TRUST,X02,Other - Medical Services,"2,863","2,013",70.30%,11.3,32.7,24,-,-
Y56,RAS,THE HILLINGDON HOSPITALS NHS FOUNDATION TRUST,X03,Other - Mental Health Services,-,-,-,-,-,-,-,-
Y56,RAS,THE HILLINGDON HOSPITALS NHS FOUNDATION TRUST,X04,Other - Paediatric Services,879,585,66.60%,12.3,32.3,3,-,-
Y56,RAS,THE HILLINGDON HOSPITALS NHS FOUNDATION TRUST,X05,Other - Surgical Services,"2,076","1,111",53.50%,16.4,39.2,17,-,-
Y56,RAS,THE HILLINGDON HOSPITALS NHS FOUNDATION TRUST,X06,Other - Other Services,724,480,66.30%,11.5,31.8,1,-,-
Y56,RAX,KINGSTON AND RICHMOND NHS FOUNDATION TRUST,C_100,General Surgery Service,"1,059",637,60.20%,14.7,32.8,-,-,-
Y56,RAX,KINGSTON AND RICHMOND NHS FOUNDATION TRUST,C_101,Urology Service,"1,608","1,227",76.30%,9.6,27.3,5,-,-
Y56,RAX,KINGSTON AND RICHMOND NHS FOUNDATION TRUST,C_110,Trauma and Orthopaedic Service,"3,037","1,575",51.90%,17.3,40.4,19,-,-
Y56,RAX,KINGSTON AND RICHMOND NHS FOUNDATION TRUST,C_120,Ear Nose and Throat Service,"4,686","2,816",60.10%,14.5,33,-,-,-
Y56,RAX,KINGSTON AND RICHMOND NHS FOUNDATION TRUST,C_130,Ophthalmology Service,"4,190","3,003",71.70%,10.5,33.3,-,-,-
Y56,RAX,KINGSTON AND RICHMOND NHS FOUNDATION TRUST,C_140,Oral Surgery Service,"1,151","1,006",87.40%,8.7,20.5,-,-,-
Y56,RAX,KINGSTON AND RICHMOND NHS FOUNDATION TRUST,C_150,Neurosurgical Service,-,-,-,-,-,-,-,-
Y56,RAX,KINGSTON AND RICHMOND NHS FOUNDATION TRUST,C_160,Plastic Surgery Service,370,288,77.80%,10.7,26.1,-,-,-
Y56,RAX,KINGSTON AND RICHMOND NHS FOUNDATION TRUST,C_170,Cardiothoracic Surgery Service,-,-,-,-,-,-,-,-
Y56,RAX,KINGSTON AND RICHMOND NHS FOUNDATION TRUST,C_300,General Internal Medicine Service,694,283,40.80%,22.9,50.6,45,1,1
Y56,RAX,KINGSTON AND RICHMOND NHS FOUNDATION TRUST,C_301,Gastroenterology Service,"2,686","1,026",38.20%,24.2,47.1,74,-,-
Y56,RAX,KINGSTON AND RICHMOND NHS FOUNDATION TRUST,C_320,Cardiology Service,"1,230","1,060",86.20%,8.2,22.2,-,-,-
Y56,RAX,KINGSTON AND RICHMOND NHS FOUNDATION TRUST,C_330,Dermatology Service,"2,906","1,922",66.10%,13.5,28.3,-,-,-
Y56,RAX,KINGSTON AND RICHMOND NHS FOUNDATION TRUST,C_340,Respiratory Medicine Service,"1,132",524,46.30%,20.2,42.2,-,-,-
Y56,RAX,KINGSTON AND RICHMOND NHS FOUNDATION TRUST,C_400,Neurology Service,799,601,75.20%,10.9,27.8,-,-,-
Y56,RAX,KINGSTON AND RICHMOND NHS FOUNDATION TRUST,C_410,Rheumatology Service,636,617,97.00%,7,15.6,-,-,-
Y56,RAX,KINGSTON AND RICHMOND NHS FOUNDATION TRUST,C_430,Elderly Medicine Service,10,10,100.00%,-,-,-,-,-
Y56,RAX,KINGSTON AND RICHMOND NHS FOUNDATION TRUST,C_502,Gynaecology Service,"4,149","2,501",60.30%,14.8,37.5,31,-,1
Y56,RAX,KINGSTON AND RICHMOND NHS FOUNDATION TRUST,X02,Other - Medical Services,948,871,91.90%,7.1,18.2,-,-,-
Y56,RAX,KINGSTON AND RICHMOND NHS FOUNDATION TRUST,X03,Other - Mental Health Services,-,-,-,-,-,-,-,-
Y56,RAX,KINGSTON AND RICHMOND NHS FOUNDATION TRUST,X04,Other - Paediatric Services,"1,604","1,132",70.60%,10.7,34.4,-,-,-
Y56,RAX,KINGSTON AND RICHMOND NHS FOUNDATION TRUST,X05,Other - Surgical Services,"6,092","3,511",57.60%,14.9,38.8,6,-,-
Y56,RAX,KINGSTON AND RICHMOND NHS FOUNDATION TRUST,X06,Other - Other Services,102,65,63.70%,14,40.6,-,-,-
Y56,RF4,"BARKING, HAVERING AND REDBRIDGE UNIVERSITY HOSPITALS NHS TRUST",C_100,General Surgery Service,"4,050","2,593",64.00%,12.5,36.1,34,-,1
Y56,RF4,"BARKING, HAVERING AND REDBRIDGE UNIVERSITY HOSPITALS NHS TRUST",C_101,Urology Service,"2,138","1,805",84.40%,8.5,22.8,2,-,-
Y56,RF4,"BARKING, HAVERING AND REDBRIDGE UNIVERSITY HOSPITALS NHS TRUST",C_110,Trauma and Orthopaedic Service,"4,988","3,207",64.30%,12.9,37,48,-,1
Y56,RF4,"BARKING, HAVERING AND REDBRIDGE UNIVERSITY HOSPITALS NHS TRUST",C_120,Ear Nose and Throat Service,"4,784","3,237",67.70%,11.1,38.4,32,2,4
Y56,RF4,"BARKING, HAVERING AND REDBRIDGE UNIVERSITY HOSPITALS NHS TRUST",C_130,Ophthalmology Service,"4,008","3,239",80.80%,8.7,24.9,-,-,-
Y56,RF4,"BARKING, HAVERING AND REDBRIDGE UNIVERSITY HOSPITALS NHS TRUST",C_140,Oral Surgery Service,"1,477","1,041",70.50%,10.2,35.7,4,-,-
Y56,RF4,"BARKING, HAVERING AND REDBRIDGE UNIVERSITY HOSPITALS NHS TRUST",C_150,Neurosurgical Service,"3,393","1,901",56.00%,15.5,36.8,32,-,2
Y56,RF4,"BARKING, HAVERING AND REDBRIDGE UNIVERSITY HOSPITALS NHS TRUST",C_160,Plastic Surgery Service,-,-,-,-,-,-,-,-
Y56,RF4,"BARKING, HAVERING AND REDBRIDGE UNIVERSITY HOSPITALS NHS TRUST",C_170,Cardiothoracic Surgery Service,-,-,-,-,-,-,-,-
Y56,RF4,"BARKING, HAVERING AND REDBRIDGE UNIVERSITY HOSPITALS NHS TRUST",C_300,General Internal Medicine Service,4,4,100.00%,-,-,-,-,-
Y56,RF4,"BARKING, HAVERING AND REDBRIDGE UNIVERSITY HOSPITALS NHS TRUST",C_301,Gastroenterology Service,"1,867","1,735",92.90%,8.3,17.5,-,-,-
Y56,RF4,"BARKING, HAVERING AND REDBRIDGE UNIVERSITY HOSPITALS NHS TRUST",C_320,Cardiology Service,"3,364","2,720",80.90%,9.2,22,-,-,-
Y56,RF4,"BARKING, HAVERING AND REDBRIDGE UNIVERSITY HOSPITALS NHS TRUST",C_330,Dermatology Service,"2,378","1,825",76.70%,9.8,24.1,1,-,-
Y56,RF4,"BARKING, HAVERING AND REDBRIDGE UNIVERSITY HOSPITALS NHS TRUST",C_340,Respiratory Medicine Service,"2,937","1,912",65.10%,11,36,10,-,-
Y56,RF4,"BARKING, HAVERING AND REDBRIDGE UNIVERSITY HOSPITALS NHS TRUST",C_400,Neurology Service,"3,051","1,798",58.90%,15.1,39.6,9,-,-
Y56,RF4,"BARKING, HAVERING AND REDBRIDGE UNIVERSITY HOSPITALS NHS TRUST",C_410,Rheumatology Service,260,238,91.50%,4.5,18.6,-,-,-
Y56,RF4,"BARKING, HAVERING AND REDBRIDGE UNIVERSITY HOSPITALS NHS TRUST",C_430,Elderly Medicine Service,161,135,83.90%,10.3,20.7,-,-,-
Y56,RF4,"BARKING, HAVERING AND REDBRIDGE UNIVERSITY HOSPITALS NHS TRUST",C_502,Gynaecology Service,"7,393","3,705",50.10%,17.9,52.2,604,18,152
Y56,RF4,"BARKING, HAVERING AND REDBRIDGE UNIVERSITY HOSPITALS NHS TRUST",X02,Other - Medical Services,"4,718","3,477",73.70%,9,35.9,26,-,-
Y56,RF4,"BARKING, HAVERING AND REDBRIDGE UNIVERSITY HOSPITALS NHS TRUST",X03,Other - Mental Health Services,-,-,-,-,-,-,-,-
Y56,RF4,"BARKING, HAVERING AND REDBRIDGE UNIVERSITY HOSPITALS NHS TRUST",X04,Other - Paediatric Services,521,469,90.00%,8.4,18.9,-,-,-
Y56,RF4,"BARKING, HAVERING AND REDBRIDGE UNIVERSITY HOSPITALS NHS TRUST",X05,Other - Surgical Services,"2,748","1,896",69.00%,10,38.7,24,-,2
Y56,RF4,"BARKING, HAVERING AND REDBRIDGE UNIVERSITY HOSPITALS NHS TRUST",X06,Other - Other Services,384,317,82.60%,6.7,37.1,22,1,4
Y56,RJ1,GUY'S AND ST THOMAS' NHS FOUNDATION TRUST,C_100,General Surgery Service,788,530,67.30%,10.1,39.7,13,-,-
Y56,RJ1,GUY'S AND ST THOMAS' NHS FOUNDATION TRUST,C_101,Urology Service,"7,247","3,117",43.00%,22.3,52.5,630,-,22
Y56,RJ1,GUY'S AND ST THOMAS' NHS FOUNDATION TRUST,C_110,Trauma and Orthopaedic Service,"4,379","2,577",58.80%,14.6,41.3,88,-,3
Y56,RJ1,GUY'S AND ST THOMAS' NHS FOUNDATION TRUST,C_120,Ear Nose and Throat Service,"9,697","3,514",36.20%,25.6,49.3,456,1,6
Y56,RJ1,GUY'S AND ST THOMAS' NHS FOUNDATION TRUST,C_130,Ophthalmology Service,"4,372","2,983",68.20%,12.3,33.5,27,-,2
Y56,RJ1,GUY'S AND ST THOMAS' NHS FOUNDATION TRUST,C_140,Oral Surgery Service,"6,186","4,387",70.90%,10.6,33.6,12,-,1
Y56,RJ1,GUY'S AND ST THOMAS' NHS FOUNDATION TRUST,C_150,Neurosurgical Service,11,2,18.20%,-,-,2,-,-
Y56,RJ1,GUY'S AND ST THOMAS' NHS FOUNDATION TRUST,C_160,Plastic Surgery Service,"3,234","1,572",48.60%,18.6,48.4,177,2,22
Y56,RJ1,GUY'S AND ST THOMAS' NHS FOUNDATION TRUST,C_170,Cardiothoracic Surgery Service,64,51,79.70%,8.7,25.4,-,-,-
Y56,RJ1,GUY'S AND ST THOMAS' NHS FOUNDATION TRUST,C_300,General Internal Medicine Service,315,272,86.30%,8.9,25.9,-,-,-
Y56,RJ1,GUY'S AND ST THOMAS' NHS FOUNDATION TRUST,C_301,Gastroenterology Service,"3,237","2,706",83.60%,9.4,22.7,3,-,-
Y56,RJ1,GUY'S AND ST THOMAS' NHS FOUNDATION TRUST,C_320,Cardiology Service,"11,762","6,664",56.70%,15.5,38.1,100,2,9
Y56,RJ1,GUY'S AND ST THOMAS' NHS FOUNDATION TRUST,C_330,Dermatology Service,"9,019","5,077",56.30%,15.8,37.8,84,-,-
Y56,RJ1,GUY'S AND ST THOMAS' NHS FOUNDATION TRUST,C_340,Respiratory Medicine Service,"10,209","5,891",57.70%,14.6,40.7,154,-,4
Y56,RJ1,GUY'S AND ST THOMAS' NHS FOUNDATION TRUST,C_400,Neurology Service,"2,344",889,37.90%,24.2,44,17,-,-
Y56,RJ1,GUY'S AND ST THOMAS' NHS FOUNDATION TRUST,C_410,Rheumatology Service,356,341,95.80%,4.5,14,-,-,-
Y56,RJ1,GUY'S AND ST THOMAS' NHS FOUNDATION TRUST,C_430,Elderly Medicine Service,583,511,87.70%,7.5,25.1,2,-,-
Y56,RJ1,GUY'S AND ST THOMAS' NHS FOUNDATION TRUST,C_502,Gynaecology Service,"6,019","3,263",54.20%,16.3,39.8,121,1,16
Y56,RJ1,GUY'S AND ST THOMAS' NHS FOUNDATION TRUST,X02,Other - Medical Services,"19,011","12,738",67.00%,11.5,38,213,1,1
Y56,RJ1,GUY'S AND ST THOMAS' NHS FOUNDATION TRUST,X03,Other - Mental Health Services,28,15,53.60%,15,41.8,-,-,-
Y56,RJ1,GUY'S AND ST THOMAS' NHS FOUNDATION TRUST,X04,Other - Paediatric Services,"10,783","7,482",69.40%,10.9,37.3,105,-,4
Y56,RJ1,GUY'S AND ST THOMAS' NHS FOUNDATION TRUST,X05,Other - Surgical Services,"11,966","7,621",63.70%,12.4,41.6,246,-,6
Y56,RJ1,GUY'S AND ST THOMAS' NHS FOUNDATION TRUST,X06,Other - Other Services,"1,030",493,47.90%,19,41.2,8,-,2
Y56,RJ2,LEWISHAM AND GREENWICH NHS TRUST,C_100,General Surgery Service,"8,918","5,050",56.60%,14.7,45.9,373,6,56
Y56,RJ2,LEWISHAM AND GREENWICH NHS TRUST,C_101,Urology Service,"3,199","1,853",57.90%,14.6,42.7,65,-,8
Y56,RJ2,LEWISHAM AND GREENWICH NHS TRUST,C_110,Trauma and Orthopaedic Service,"6,630","3,497",52.70%,16.8,47.6,328,2,22
Y56,RJ2,LEWISHAM AND GREENWICH NHS TRUST,C_120,Ear Nose and Throat Service,"9,497","4,711",49.60%,18.2,47.7,518,22,139
Y56,RJ2,LEWISHAM AND GREENWICH NHS TRUST,C_130,Ophthalmology Service,-,-,-,-,-,-,-,-
Y56,RJ2,LEWISHAM AND GREENWICH NHS TRUST,C_140,Oral Surgery Service,-,-,-,-,-,-,-,-
Y56,RJ2,LEWISHAM AND GREENWICH NHS TRUST,C_150,Neurosurgical Service,-,-,-,-,-,-,-,-
Y56,RJ2,LEWISHAM AND GREENWICH NHS TRUST,C_160,Plastic Surgery Service,15,10,66.70%,-,-,1,-,-
Y56,RJ2,LEWISHAM AND GREENWICH NHS TRUST,C_170,Cardiothoracic Surgery Service,-,-,-,-,-,-,-,-
Y56,RJ2,LEWISHAM AND GREENWICH NHS TRUST,C_300,General Internal Medicine Service,"1,248","1,116",89.40%,7.5,19.6,2,-,-
Y56,RJ2,LEWISHAM AND GREENWICH NHS TRUST,C_301,Gastroenterology Service,"5,800","3,087",53.20%,16.4,50.6,388,1,15
Y56,RJ2,LEWISHAM AND GREENWICH NHS TRUST,C_320,Cardiology Service,"3,800","2,245",59.10%,14.7,43.3,75,-,-
Y56,RJ2,LEWISHAM AND GREENWICH NHS TRUST,C_330,Dermatology Service,"3,013","2,092",69.40%,9.3,45.3,65,-,3
Y56,RJ2,LEWISHAM AND GREENWICH NHS TRUST,C_340,Respiratory Medicine Service,"1,935","1,403",72.50%,11.3,38.7,52,-,-
Y56,RJ2,LEWISHAM AND GREENWICH NHS TRUST,C_400,Neurology Service,"3,500","1,428",40.80%,23.1,50.6,230,-,5
Y56,RJ2,LEWISHAM AND GREENWICH NHS TRUST,C_410,Rheumatology Service,"1,041",814,78.20%,8.7,32.5,1,-,-
Y56,RJ2,LEWISHAM AND GREENWICH NHS TRUST,C_430,Elderly Medicine Service,187,174,93.00%,5.1,17,-,-,-
Y56,RJ2,LEWISHAM AND GREENWICH NHS TRUST,C_502,Gynaecology Service,"7,950","4,029",50.70%,17.7,47.9,445,2,38
Y56,RJ2,LEWISHAM AND GREENWICH NHS TRUST,X02,Other - Medical Services,"2,421","2,074",85.70%,8.8,28,21,-,3
Y56,RJ2,LEWISHAM AND GREENWICH NHS TRUST,X03,Other - Mental Health Services,-,-,-,-,-,-,-,-
Y56,RJ2,LEWISHAM AND GREENWICH NHS TRUST,X04,Other - Paediatric Services,"2,243","1,676",74.70%,9.7,31.3,10,-,3
Y56,RJ2,LEWISHAM AND GREENWICH NHS TRUST,X05,Other - Surgical Services,"1,977",940,47.50%,19,46.4,65,-,4
Y56,RJ2,LEWISHAM AND GREENWICH NHS TRUST,X06,Other - Other Services,25,24,96.00%,4.8,16,-,-,-
Y56,RJ6,CROYDON HEALTH SERVICES NHS TRUST,C_100,General Surgery Service,"2,138","1,418",66.30%,12,41.7,25,-,-
Y56,RJ6,CROYDON HEALTH SERVICES NHS TRUST,C_101,Urology Service,"1,851","1,521",82.20%,8.6,28.5,3,-,-
Y56,RJ6,CROYDON HEALTH SERVICES NHS TRUST,C_110,Trauma and Orthopaedic Service,"5,396","3,775",70.00%,12.7,36.4,81,-,9
Y56,RJ6,CROYDON HEALTH SERVICES NHS TRUST,C_120,Ear Nose and Throat Service,"2,706","1,404",51.90%,17.4,44.8,83,-,2
Y56,RJ6,CROYDON HEALTH SERVICES NHS TRUST,C_130,Ophthalmology Service,-,-,-,-,-,-,-,-
Y56,RJ6,CROYDON HEALTH SERVICES NHS TRUST,C_140,Oral Surgery Service,"2,090","1,416",67.80%,13.4,40.5,49,-,8
Y56,RJ6,CROYDON HEALTH SERVICES NHS TRUST,C_150,Neurosurgical Service,-,-,-,-,-,-,-,-
Y56,RJ6,CROYDON HEALTH SERVICES NHS TRUST,C_160,Plastic Surgery Service,50,27,54.00%,15,47,1,-,-
Y56,RJ6,CROYDON HEALTH SERVICES NHS TRUST,C_170,Cardiothoracic Surgery Service,-,-,-,-,-,-,-,-
Y56,RJ6,CROYDON HEALTH SERVICES NHS TRUST,C_300,General Internal Medicine Service,19,19,100.00%,-,-,-,-,-
Y56,RJ6,CROYDON HEALTH SERVICES NHS TRUST,C_301,Gastroenterology Service,"2,440","1,883",77.20%,10.2,32.7,2,-,-
Y56,RJ6,CROYDON HEALTH SERVICES NHS TRUST,C_320,Cardiology Service,905,849,93.80%,6.4,17.5,-,-,-
Y56,RJ6,CROYDON HEALTH SERVICES NHS TRUST,C_330,Dermatology Service,"2,439","1,283",52.60%,15.9,48.8,93,7,11
Y56,RJ6,CROYDON HEALTH SERVICES NHS TRUST,C_340,Respiratory Medicine Service,966,910,94.20%,4.7,15.7,-,-,-
Y56,RJ6,CROYDON HEALTH SERVICES NHS TRUST,C_400,Neurology Service,620,554,89.40%,8.4,22.6,1,-,-
Y56,RJ6,CROYDON HEALTH SERVICES NHS TRUST,C_410,Rheumatology Service,987,640,64.80%,13.5,29.9,-,-,-
Y56,RJ6,CROYDON HEALTH SERVICES NHS TRUST,C_430,Elderly Medicine Service,197,177,89.80%,9.2,20.1,-,-,-
Y56,RJ6,CROYDON HEALTH SERVICES NHS TRUST,C_502,Gynaecology Service,"3,253","1,751",53.80%,16.4,40.7,47,-,3
Y56,RJ6,CROYDON HEALTH SERVICES NHS TRUST,X02,Other - Medical Services,"3,087","2,021",65.50%,11.8,43.6,101,-,8
Y56,RJ6,CROYDON HEALTH SERVICES NHS TRUST,X03,Other - Mental Health Services,-,-,-,-,-,-,-,-
Y56,RJ6,CROYDON HEALTH SERVICES NHS TRUST,X04,Other - Paediatric Services,490,380,77.60%,9.7,28.6,1,-,-
Y56,RJ6,CROYDON HEALTH SERVICES NHS TRUST,X05,Other - Surgical Services,"3,701","2,928",79.10%,7.7,36.1,17,-,1
Y56,RJ6,CROYDON HEALTH SERVICES NHS TRUST,X06,Other - Other Services,2,1,50.00%,-,-,-,-,-
Y56,RJ7,ST GEORGE'S UNIVERSITY HOSPITALS NHS FOUNDATION TRUST,C_100,General Surgery Service,"1,056",468,44.30%,22.2,54.4,112,-,10
Y56,RJ7,ST GEORGE'S UNIVERSITY HOSPITALS NHS FOUNDATION TRUST,C_101,Urology Service,"3,017","2,170",71.90%,10.4,33.4,9,-,-
Y56,RJ7,ST GEORGE'S UNIVERSITY HOSPITALS NHS FOUNDATION TRUST,C_110,Trauma and Orthopaedic Service,"3,992","2,621",65.70%,12.8,35.1,12,-,-
Y56,RJ7,ST GEORGE'S UNIVERSITY HOSPITALS NHS FOUNDATION TRUST,C_120,Ear Nose and Throat Service,"4,446","2,666",60.00%,14.3,35.8,13,-,-
Y56,RJ7,ST GEORGE'S UNIVERSITY HOSPITALS NHS FOUNDATION TRUST,C_130,Ophthalmology Service,72,40,55.60%,16.5,39.6,-,-,-
Y56,RJ7,ST GEORGE'S UNIVERSITY HOSPITALS NHS FOUNDATION TRUST,C_140,Oral Surgery Service,"1,633",965,59.10%,14.8,42,43,2,4
Y56,RJ7,ST GEORGE'S UNIVERSITY HOSPITALS NHS FOUNDATION TRUST,C_150,Neurosurgical Service,"4,282","1,961",45.80%,20,50.9,287,-,4
Y56,RJ7,ST GEORGE'S UNIVERSITY HOSPITALS NHS FOUNDATION TRUST,C_160,Plastic Surgery Service,"1,548","1,043",67.40%,11.6,36.5,18,-,-
Y56,RJ7,ST GEORGE'S UNIVERSITY HOSPITALS NHS FOUNDATION TRUST,C_170,Cardiothoracic Surgery Service,271,208,76.80%,6.5,33.2,-,-,-
Y56,RJ7,ST GEORGE'S UNIVERSITY HOSPITALS NHS FOUNDATION TRUST,C_300,General Internal Medicine Service,86,59,68.60%,9.5,30.1,-,-,-
Y56,RJ7,ST GEORGE'S UNIVERSITY HOSPITALS NHS FOUNDATION TRUST,C_301,Gastroenterology Service,"2,719","1,811",66.60%,12,33.7,15,1,3
Y56,RJ7,ST GEORGE'S UNIVERSITY HOSPITALS NHS FOUNDATION TRUST,C_320,Cardiology Service,"5,522","3,714",67.30%,12,37.4,44,-,-
Y56,RJ7,ST GEORGE'S UNIVERSITY HOSPITALS NHS FOUNDATION TRUST,C_330,Dermatology Service,"4,711","3,138",66.60%,11.7,34.9,19,-,2
Y56,RJ7,ST GEORGE'S UNIVERSITY HOSPITALS NHS FOUNDATION TRUST,C_340,Respiratory Medicine Service,"3,260","2,209",67.80%,10.9,35.2,7,-,1
Y56,RJ7,ST GEORGE'S UNIVERSITY HOSPITALS NHS FOUNDATION TRUST,C_400,Neurology Service,"4,135","2,503",60.50%,14.1,36.3,5,-,-
Y56,RJ7,ST GEORGE'S UNIVERSITY HOSPITALS NHS FOUNDATION TRUST,C_410,Rheumatology Service,"1,078",810,75.10%,10.4,29.3,9,-,-
Y56,RJ7,ST GEORGE'S UNIVERSITY HOSPITALS NHS FOUNDATION TRUST,C_430,Elderly Medicine Service,42,41,97.60%,2.6,10.6,-,-,-
Y56,RJ7,ST GEORGE'S UNIVERSITY HOSPITALS NHS FOUNDATION TRUST,C_502,Gynaecology Service,"4,289","2,312",53.90%,16.3,43.4,114,-,13
Y56,RJ7,ST GEORGE'S UNIVERSITY HOSPITALS NHS FOUNDATION TRUST,X02,Other - Medical Services,"10,863","7,351",67.70%,12,34.5,56,-,2
Y56,RJ7,ST GEORGE'S UNIVERSITY HOSPITALS NHS FOUNDATION TRUST,X03,Other - Mental Health Services,-,-,-,-,-,-,-,-
Y56,RJ7,ST GEORGE'S UNIVERSITY HOSPITALS NHS FOUNDATION TRUST,X04,Other - Paediatric Services,"2,497","1,779",71.20%,10.8,31.5,3,-,-
Y56,RJ7,ST GEORGE'S UNIVERSITY HOSPITALS NHS FOUNDATION TRUST,X05,Other - Surgical Services,"6,326","3,307",52.30%,16.8,45,253,1,20
Y56,RJ7,ST GEORGE'S UNIVERSITY HOSPITALS NHS FOUNDATION TRUST,X06,Other - Other Services,"3,217","1,485",46.20%,20,42.7,36,-,1
Y56,RJZ,KING'S COLLEGE HOSPITAL NHS FOUNDATION TRUST,C_100,General Surgery Service,"4,005","1,938",48.40%,18.8,51.6,312,8,68
Y56,RJZ,KING'S COLLEGE HOSPITAL NHS FOUNDATION TRUST,C_101,Urology Service,"3,982","2,536",63.70%,12.4,40.1,74,-,5
Y56,RJZ,KING'S COLLEGE HOSPITAL NHS FOUNDATION TRUST,C_110,Trauma and Orthopaedic Service,"4,541","2,608",57.40%,15.6,41.6,118,-,18
Y56,RJZ,KING'S COLLEGE HOSPITAL NHS FOUNDATION TRUST,C_120,Ear Nose and Throat Service,493,422,85.60%,7.6,22.4,4,-,2
Y56,RJZ,KING'S COLLEGE HOSPITAL NHS FOUNDATION TRUST,C_130,Ophthalmology Service,"12,493","7,292",58.40%,14.7,41.8,342,4,46
Y56,RJZ,KING'S COLLEGE HOSPITAL NHS FOUNDATION TRUST,C_140,Oral Surgery Service,"10,842","6,384",58.90%,15.7,36,170,2,39
Y56,RJZ,KING'S COLLEGE HOSPITAL NHS FOUNDATION TRUST,C_150,Neurosurgical Service,"3,307","1,857",56.20%,15.8,44.5,122,4,7
Y56,RJZ,KING'S COLLEGE HOSPITAL NHS FOUNDATION TRUST,C_160,Plastic Surgery Service,47,24,51.10%,17.8,53.2,4,-,-
Y56,RJZ,KING'S COLLEGE HOSPITAL NHS FOUNDATION TRUST,C_170,Cardiothoracic Surgery Service,141,95,67.40%,9.9,35.7,-,-,-
Y56,RJZ,KING'S COLLEGE HOSPITAL NHS FOUNDATION TRUST,C_300,General Internal Medicine Service,322,286,88.80%,6.6,20.8,-,-,-
Y56,RJZ,KING'S COLLEGE HOSPITAL NHS FOUNDATION TRUST,C_301,Gastroenterology Service,"2,538","1,581",62.30%,12.9,40,25,-,5
Y56,RJZ,KING'S COLLEGE HOSPITAL NHS FOUNDATION TRUST,C_320,Cardiology Service,"4,698","3,047",64.90%,12.2,38.4,34,-,1
Y56,RJZ,KING'S COLLEGE HOSPITAL NHS FOUNDATION TRUST,C_330,Dermatology Service,"2,929","1,805",61.60%,13.2,40.9,27,-,1
Y56,RJZ,KING'S COLLEGE HOSPITAL NHS FOUNDATION TRUST,C_340,Respiratory Medicine Service,"2,973","1,898",63.80%,12.2,37.8,3,-,1
Y56,RJZ,KING'S COLLEGE HOSPITAL NHS FOUNDATION TRUST,C_400,Neurology Service,"2,803","1,894",67.60%,11.7,35.6,11,2,2
Y56,RJZ,KING'S COLLEGE HOSPITAL NHS FOUNDATION TRUST,C_410,Rheumatology Service,"1,084",856,79.00%,8.8,27.2,-,-,-
Y56,RJZ,KING'S COLLEGE HOSPITAL NHS FOUNDATION TRUST,C_430,Elderly Medicine Service,448,409,91.30%,6.3,18.8,1,-,-
Y56,RJZ,KING'S COLLEGE HOSPITAL NHS FOUNDATION TRUST,C_502,Gynaecology Service,"8,084","4,913",60.80%,14.2,37.5,73,2,4
Y56,RJZ,KING'S COLLEGE HOSPITAL NHS FOUNDATION TRUST,X02,Other - Medical Services,"9,303","7,779",83.60%,8,28.9,66,-,10
Y56,RJZ,KING'S COLLEGE HOSPITAL NHS FOUNDATION TRUST,X03,Other - Mental Health Services,10,8,80.00%,-,-,-,-,-
Y56,RJZ,KING'S COLLEGE HOSPITAL NHS FOUNDATION TRUST,X04,Other - Paediatric Services,"3,591","2,727",75.90%,10.4,35.3,40,1,2
Y56,RJZ,KING'S COLLEGE HOSPITAL NHS FOUNDATION TRUST,X05,Other - Surgical Services,"10,424","6,028",57.80%,15.1,44,358,11,86
Y56,RJZ,KING'S COLLEGE HOSPITAL NHS FOUNDATION TRUST,X06,Other - Other Services,417,286,68.60%,11.7,39.3,5,-,-
Y56,RKE,WHITTINGTON HEALTH NHS TRUST,C_100,General Surgery Service,"5,225","2,964",56.70%,14.6,40.2,77,-,3
Y56,RKE,WHITTINGTON HEALTH NHS TRUST,C_101,Urology Service,"3,385","1,580",46.70%,20.7,46.5,53,-,7
Y56,RKE,WHITTINGTON HEALTH NHS TRUST,C_110,Trauma and Orthopaedic Service,"2,495","1,753",70.30%,10,36.1,55,-,3
Y56,RKE,WHITTINGTON HEALTH NHS TRUST,C_120,Ear Nose and Throat Service,741,385,52.00%,16.7,36.1,1,-,-
Y56,RKE,WHITTINGTON HEALTH NHS TRUST,C_130,Ophthalmology Service,"1,216",870,71.50%,11.2,31.7,2,-,-
Y56,RKE,WHITTINGTON HEALTH NHS TRUST,C_140,Oral Surgery Service,335,114,34.00%,24.9,48.8,9,-,-
Y56,RKE,WHITTINGTON HEALTH NHS TRUST,C_150,Neurosurgical Service,-,-,-,-,-,-,-,-
Y56,RKE,WHITTINGTON HEALTH NHS TRUST,C_160,Plastic Surgery Service,185,70,37.80%,22.9,40.4,3,-,3
Y56,RKE,WHITTINGTON HEALTH NHS TRUST,C_170,Cardiothoracic Surgery Service,-,-,-,-,-,-,-,-
Y56,RKE,WHITTINGTON HEALTH NHS TRUST,C_300,General Internal Medicine Service,268,101,37.70%,22.7,60.7,33,-,10
Y56,RKE,WHITTINGTON HEALTH NHS TRUST,C_301,Gastroenterology Service,"1,822","1,472",80.80%,9,22.9,-,-,-
Y56,RKE,WHITTINGTON HEALTH NHS TRUST,C_320,Cardiology Service,"1,374",851,61.90%,12.5,35.4,-,-,-
Y56,RKE,WHITTINGTON HEALTH NHS TRUST,C_330,Dermatology Service,"2,242","1,070",47.70%,19,38.8,-,-,-
Y56,RKE,WHITTINGTON HEALTH NHS TRUST,C_340,Respiratory Medicine Service,855,702,82.10%,6.8,23.4,-,-,-
Y56,RKE,WHITTINGTON HEALTH NHS TRUST,C_400,Neurology Service,"1,255",636,50.70%,17.7,39.7,-,-,-
Y56,RKE,WHITTINGTON HEALTH NHS TRUST,C_410,Rheumatology Service,387,294,76.00%,8.5,22.8,-,-,-
Y56,RKE,WHITTINGTON HEALTH NHS TRUST,C_430,Elderly Medicine Service,134,128,95.50%,6.9,15.1,-,-,-
Y56,RKE,WHITTINGTON HEALTH NHS TRUST,C_502,Gynaecology Service,"2,254","1,599",70.90%,10.4,33,14,-,-
Y56,RKE,WHITTINGTON HEALTH NHS TRUST,X02,Other - Medical Services,"2,268","1,917",84.50%,7.9,23.5,-,-,-
Y56,RKE,WHITTINGTON HEALTH NHS TRUST,X03,Other - Mental Health Services,-,-,-,-,-,-,-,-
Y56,RKE,WHITTINGTON HEALTH NHS TRUST,X04,Other - Paediatric Services,5,3,60.00%,-,-,-,-,-
Y56,RKE,WHITTINGTON HEALTH NHS TRUST,X05,Other - Surgical Services,-,-,-,-,-,-,-,-
Y56,RKE,WHITTINGTON HEALTH NHS TRUST,X06,Other - Other Services,-,-,-,-,-,-,-,-
Y56,RP4,GREAT ORMOND STREET HOSPITAL FOR CHILDREN NHS FOUNDATION TRUST,C_100,General Surgery Service,-,-,-,-,-,-,-,-
Y56,RP4,GREAT ORMOND STREET HOSPITAL FOR CHILDREN NHS FOUNDATION TRUST,C_101,Urology Service,-,-,-,-,-,-,-,-
Y56,RP4,GREAT ORMOND STREET HOSPITAL FOR CHILDREN NHS FOUNDATION TRUST,C_110,Trauma and Orthopaedic Service,-,-,-,-,-,-,-,-
Y56,RP4,GREAT ORMOND STREET HOSPITAL FOR CHILDREN NHS FOUNDATION TRUST,C_120,Ear Nose and Throat Service,-,-,-,-,-,-,-,-
Y56,RP4,GREAT ORMOND STREET HOSPITAL FOR CHILDREN NHS FOUNDATION TRUST,C_130,Ophthalmology Service,-,-,-,-,-,-,-,-
Y56,RP4,GREAT ORMOND STREET HOSPITAL FOR CHILDREN NHS FOUNDATION TRUST,C_140,Oral Surgery Service,-,-,-,-,-,-,-,-
Y56,RP4,GREAT ORMOND STREET HOSPITAL FOR CHILDREN NHS FOUNDATION TRUST,C_150,Neurosurgical Service,-,-,-,-,-,-,-,-
Y56,RP4,GREAT ORMOND STREET HOSPITAL FOR CHILDREN NHS FOUNDATION TRUST,C_160,Plastic Surgery Service,-,-,-,-,-,-,-,-
Y56,RP4,GREAT ORMOND STREET HOSPITAL FOR CHILDREN NHS FOUNDATION TRUST,C_170,Cardiothoracic Surgery Service,-,-,-,-,-,-,-,-
Y56,RP4,GREAT ORMOND STREET HOSPITAL FOR CHILDREN NHS FOUNDATION TRUST,C_300,General Internal Medicine Service,-,-,-,-,-,-,-,-
Y56,RP4,GREAT ORMOND STREET HOSPITAL FOR CHILDREN NHS FOUNDATION TRUST,C_301,Gastroenterology Service,-,-,-,-,-,-,-,-
Y56,RP4,GREAT ORMOND STREET HOSPITAL FOR CHILDREN NHS FOUNDATION TRUST,C_320,Cardiology Service,-,-,-,-,-,-,-,-
Y56,RP4,GREAT ORMOND STREET HOSPITAL FOR CHILDREN NHS FOUNDATION TRUST,C_330,Dermatology Service,-,-,-,-,-,-,-,-
Y56,RP4,GREAT ORMOND STREET HOSPITAL FOR CHILDREN NHS FOUNDATION TRUST,C_340,Respiratory Medicine Service,-,-,-,-,-,-,-,-
Y56,RP4,GREAT ORMOND STREET HOSPITAL FOR CHILDREN NHS FOUNDATION TRUST,C_400,Neurology Service,-,-,-,-,-,-,-,-
Y56,RP4,GREAT ORMOND STREET HOSPITAL FOR CHILDREN NHS FOUNDATION TRUST,C_410,Rheumatology Service,-,-,-,-,-,-,-,-
Y56,RP4,GREAT ORMOND STREET HOSPITAL FOR CHILDREN NHS FOUNDATION TRUST,C_430,Elderly Medicine Service,-,-,-,-,-,-,-,-
Y56,RP4,GREAT ORMOND STREET HOSPITAL FOR CHILDREN NHS FOUNDATION TRUST,C_502,Gynaecology Service,-,-,-,-,-,-,-,-
Y56,RP4,GREAT ORMOND STREET HOSPITAL FOR CHILDREN NHS FOUNDATION TRUST,X02,Other - Medical Services,"1,577","1,238",78.50%,8.4,28,9,-,3
Y56,RP4,GREAT ORMOND STREET HOSPITAL FOR CHILDREN NHS FOUNDATION TRUST,X03,Other - Mental Health Services,143,97,67.80%,12.8,29.2,-,-,-
Y56,RP4,GREAT ORMOND STREET HOSPITAL FOR CHILDREN NHS FOUNDATION TRUST,X04,Other - Paediatric Services,"6,247","4,090",65.50%,12.2,39.9,176,18,57
Y56,RP4,GREAT ORMOND STREET HOSPITAL FOR CHILDREN NHS FOUNDATION TRUST,X05,Other - Surgical Services,46,25,54.30%,16,45.3,1,-,-
Y56,RP4,GREAT ORMOND STREET HOSPITAL FOR CHILDREN NHS FOUNDATION TRUST,X06,Other - Other Services,64,47,73.40%,12.8,33.4,-,-,-
Y56,RP6,MOORFIELDS EYE HOSPITAL NHS FOUNDATION TRUST,C_100,General Surgery Service,-,-,-,-,-,-,-,-
Y56,RP6,MOORFIELDS EYE HOSPITAL NHS FOUNDATION TRUST,C_101,Urology Service,-,-,-,-,-,-,-,-
Y56,RP6,MOORFIELDS EYE HOSPITAL NHS FOUNDATION TRUST,C_110,Trauma and Orthopaedic Service,-,-,-,-,-,-,-,-
Y56,RP6,MOORFIELDS EYE HOSPITAL NHS FOUNDATION TRUST,C_120,Ear Nose and Throat Service,-,-,-,-,-,-,-,-
Y56,RP6,MOORFIELDS EYE HOSPITAL NHS FOUNDATION TRUST,C_130,Ophthalmology Service,"32,691","26,462",80.90%,8.6,27.1,9,1,2
Y56,RP6,MOORFIELDS EYE HOSPITAL NHS FOUNDATION TRUST,C_140,Oral Surgery Service,-,-,-,-,-,-,-,-
Y56,RP6,MOORFIELDS EYE HOSPITAL NHS FOUNDATION TRUST,C_150,Neurosurgical Service,-,-,-,-,-,-,-,-
Y56,RP6,MOORFIELDS EYE HOSPITAL NHS FOUNDATION TRUST,C_160,Plastic Surgery Service,-,-,-,-,-,-,-,-
Y56,RP6,MOORFIELDS EYE HOSPITAL NHS FOUNDATION TRUST,C_170,Cardiothoracic Surgery Service,-,-,-,-,-,-,-,-
Y56,RP6,MOORFIELDS EYE HOSPITAL NHS FOUNDATION TRUST,C_300,General Internal Medicine Service,-,-,-,-,-,-,-,-
Y56,RP6,MOORFIELDS EYE HOSPITAL NHS FOUNDATION TRUST,C_301,Gastroenterology Service,-,-,-,-,-,-,-,-
Y56,RP6,MOORFIELDS EYE HOSPITAL NHS FOUNDATION TRUST,C_320,Cardiology Service,-,-,-,-,-,-,-,-
Y56,RP6,MOORFIELDS EYE HOSPITAL NHS FOUNDATION TRUST,C_330,Dermatology Service,-,-,-,-,-,-,-,-
Y56,RP6,MOORFIELDS EYE HOSPITAL NHS FOUNDATION TRUST,C_340,Respiratory Medicine Service,-,-,-,-,-,-,-,-
Y56,RP6,MOORFIELDS EYE HOSPITAL NHS FOUNDATION TRUST,C_400,Neurology Service,-,-,-,-,-,-,-,-
Y56,RP6,MOORFIELDS EYE HOSPITAL NHS FOUNDATION TRUST,C_410,Rheumatology Service,-,-,-,-,-,-,-,-
Y56,RP6,MOORFIELDS EYE HOSPITAL NHS FOUNDATION TRUST,C_430,Elderly Medicine Service,-,-,-,-,-,-,-,-
Y56,RP6,MOORFIELDS EYE HOSPITAL NHS FOUNDATION TRUST,C_502,Gynaecology Service,-,-,-,-,-,-,-,-
Y56,RP6,MOORFIELDS EYE HOSPITAL NHS FOUNDATION TRUST,X02,Other - Medical Services,-,-,-,-,-,-,-,-
Y56,RP6,MOORFIELDS EYE HOSPITAL NHS FOUNDATION TRUST,X03,Other - Mental Health Services,-,-,-,-,-,-,-,-
Y56,RP6,MOORFIELDS EYE HOSPITAL NHS FOUNDATION TRUST,X04,Other - Paediatric Services,-,-,-,-,-,-,-,-
Y56,RP6,MOORFIELDS EYE HOSPITAL NHS FOUNDATION TRUST,X05,Other - Surgical Services,-,-,-,-,-,-,-,-
Y56,RP6,MOORFIELDS EYE HOSPITAL NHS FOUNDATION TRUST,X06,Other - Other Services,-,-,-,-,-,-,-,-
Y56,RPG,OXLEAS NHS FOUNDATION TRUST,C_100,General Surgery Service,-,-,-,-,-,-,-,-
Y56,RPG,OXLEAS NHS FOUNDATION TRUST,C_101,Urology Service,-,-,-,-,-,-,-,-
Y56,RPG,OXLEAS NHS FOUNDATION TRUST,C_110,Trauma and Orthopaedic Service,-,-,-,-,-,-,-,-
Y56,RPG,OXLEAS NHS FOUNDATION TRUST,C_120,Ear Nose and Throat Service,-,-,-,-,-,-,-,-
Y56,RPG,OXLEAS NHS FOUNDATION TRUST,C_130,Ophthalmology Service,-,-,-,-,-,-,-,-
Y56,RPG,OXLEAS NHS FOUNDATION TRUST,C_140,Oral Surgery Service,-,-,-,-,-,-,-,-
Y56,RPG,OXLEAS NHS FOUNDATION TRUST,C_150,Neurosurgical Service,-,-,-,-,-,-,-,-
Y56,RPG,OXLEAS NHS FOUNDATION TRUST,C_160,Plastic Surgery Service,-,-,-,-,-,-,-,-
Y56,RPG,OXLEAS NHS FOUNDATION TRUST,C_170,Cardiothoracic Surgery Service,-,-,-,-,-,-,-,-
Y56,RPG,OXLEAS NHS FOUNDATION TRUST,C_300,General Internal Medicine Service,-,-,-,-,-,-,-,-
Y56,RPG,OXLEAS NHS FOUNDATION TRUST,C_301,Gastroenterology Service,-,-,-,-,-,-,-,-
Y56,RPG,OXLEAS NHS FOUNDATION TRUST,C_320,Cardiology Service,-,-,-,-,-,-,-,-
Y56,RPG,OXLEAS NHS FOUNDATION TRUST,C_330,Dermatology Service,-,-,-,-,-,-,-,-
Y56,RPG,OXLEAS NHS FOUNDATION TRUST,C_340,Respiratory Medicine Service,-,-,-,-,-,-,-,-
Y56,RPG,OXLEAS NHS FOUNDATION TRUST,C_400,Neurology Service,-,-,-,-,-,-,-,-
Y56,RPG,OXLEAS NHS FOUNDATION TRUST,C_410,Rheumatology Service,-,-,-,-,-,-,-,-
Y56,RPG,OXLEAS NHS FOUNDATION TRUST,C_430,Elderly Medicine Service,-,-,-,-,-,-,-,-
Y56,RPG,OXLEAS NHS FOUNDATION TRUST,C_502,Gynaecology Service,-,-,-,-,-,-,-,-
Y56,RPG,OXLEAS NHS FOUNDATION TRUST,X02,Other - Medical Services,-,-,-,-,-,-,-,-
Y56,RPG,OXLEAS NHS FOUNDATION TRUST,X03,Other - Mental Health Services,-,-,-,-,-,-,-,-
Y56,RPG,OXLEAS NHS FOUNDATION TRUST,X04,Other - Paediatric Services,-,-,-,-,-,-,-,-
Y56,RPG,OXLEAS NHS FOUNDATION TRUST,X05,Other - Surgical Services,-,-,-,-,-,-,-,-
Y56,RPG,OXLEAS NHS FOUNDATION TRUST,X06,Other - Other Services,"1,797",842,46.90%,21.4,59.5,247,-,-
Y56,RPY,THE ROYAL MARSDEN NHS FOUNDATION TRUST,C_100,General Surgery Service,128,112,87.50%,7.7,20.8,1,-,-
Y56,RPY,THE ROYAL MARSDEN NHS FOUNDATION TRUST,C_101,Urology Service,85,83,97.60%,3,13.6,-,-,-
Y56,RPY,THE ROYAL MARSDEN NHS FOUNDATION TRUST,C_110,Trauma and Orthopaedic Service,-,-,-,-,-,-,-,-
Y56,RPY,THE ROYAL MARSDEN NHS FOUNDATION TRUST,C_120,Ear Nose and Throat Service,-,-,-,-,-,-,-,-
Y56,RPY,THE ROYAL MARSDEN NHS FOUNDATION TRUST,C_130,Ophthalmology Service,-,-,-,-,-,-,-,-
Y56,RPY,THE ROYAL MARSDEN NHS FOUNDATION TRUST,C_140,Oral Surgery Service,119,107,89.90%,3.6,23.5,-,-,-
Y56,RPY,THE ROYAL MARSDEN NHS FOUNDATION TRUST,C_150,Neurosurgical Service,-,-,-,-,-,-,-,-
Y56,RPY,THE ROYAL MARSDEN NHS FOUNDATION TRUST,C_160,Plastic Surgery Service,54,45,83.30%,8.3,36.7,1,-,-
Y56,RPY,THE ROYAL MARSDEN NHS FOUNDATION TRUST,C_170,Cardiothoracic Surgery Service,-,-,-,-,-,-,-,-
Y56,RPY,THE ROYAL MARSDEN NHS FOUNDATION TRUST,C_300,General Internal Medicine Service,-,-,-,-,-,-,-,-
Y56,RPY,THE ROYAL MARSDEN NHS FOUNDATION TRUST,C_301,Gastroenterology Service,51,49,96.10%,2.7,14,-,-,-
Y56,RPY,THE ROYAL MARSDEN NHS FOUNDATION TRUST,C_320,Cardiology Service,3,3,100.00%,-,-,-,-,-
Y56,RPY,THE ROYAL MARSDEN NHS FOUNDATION TRUST,C_330,Dermatology Service,10,8,80.00%,-,-,-,-,-
Y56,RPY,THE ROYAL MARSDEN NHS FOUNDATION TRUST,C_340,Respiratory Medicine Service,1,1,100.00%,-,-,-,-,-
Y56,RPY,THE ROYAL MARSDEN NHS FOUNDATION TRUST,C_400,Neurology Service,-,-,-,-,-,-,-,-
Y56,RPY,THE ROYAL MARSDEN NHS FOUNDATION TRUST,C_410,Rheumatology Service,-,-,-,-,-,-,-,-
Y56,RPY,THE ROYAL MARSDEN NHS FOUNDATION TRUST,C_430,Elderly Medicine Service,-,-,-,-,-,-,-,-
Y56,RPY,THE ROYAL MARSDEN NHS FOUNDATION TRUST,C_502,Gynaecology Service,-,-,-,-,-,-,-,-
Y56,RPY,THE ROYAL MARSDEN NHS FOUNDATION TRUST,X02,Other - Medical Services,598,578,96.70%,3.5,13.5,1,1,1
Y56,RPY,THE ROYAL MARSDEN NHS FOUNDATION TRUST,X03,Other - Mental Health Services,-,-,-,-,-,-,-,-
Y56,RPY,THE ROYAL MARSDEN NHS FOUNDATION TRUST,X04,Other - Paediatric Services,17,17,100.00%,-,-,-,-,-
Y56,RPY,THE ROYAL MARSDEN NHS FOUNDATION TRUST,X05,Other - Surgical Services,513,487,94.90%,2.1,13.9,-,-,-
Y56,RPY,THE ROYAL MARSDEN NHS FOUNDATION TRUST,X06,Other - Other Services,357,330,92.40%,4.6,17.5,1,-,1
Y56,RQM,CHELSEA AND WESTMINSTER HOSPITAL NHS FOUNDATION TRUST,C_100,General Surgery Service,"4,231","2,334",55.20%,16,40.6,64,-,-
Y56,RQM,CHELSEA AND WESTMINSTER HOSPITAL NHS FOUNDATION TRUST,C_101,Urology Service,"6,624","3,875",58.50%,14.7,35.4,35,-,1
Y56,RQM,CHELSEA AND WESTMINSTER HOSPITAL NHS FOUNDATION TRUST,C_110,Trauma and Orthopaedic Service,"4,723","2,535",53.70%,16.8,40,96,-,-
Y56,RQM,CHELSEA AND WESTMINSTER HOSPITAL NHS FOUNDATION TRUST,C_120,Ear Nose and Throat Service,"5,229","2,515",48.10%,18.8,40.6,102,-,5
Y56,RQM,CHELSEA AND WESTMINSTER HOSPITAL NHS FOUNDATION TRUST,C_130,Ophthalmology Service,"1,809","1,089",60.20%,14.6,37.8,29,-,-
Y56,RQM,CHELSEA AND WESTMINSTER HOSPITAL NHS FOUNDATION TRUST,C_140,Oral Surgery Service,"1,333",799,59.90%,14.8,32.7,3,-,-
Y56,RQM,CHELSEA AND WESTMINSTER HOSPITAL NHS FOUNDATION TRUST,C_150,Neurosurgical Service,-,-,-,-,-,-,-,-
Y56,RQM,CHELSEA AND WESTMINSTER HOSPITAL NHS FOUNDATION TRUST,C_160,Plastic Surgery Service,"2,739","1,256",45.90%,19.8,41.7,91,-,1
Y56,RQM,CHELSEA AND WESTMINSTER HOSPITAL NHS FOUNDATION TRUST,C_170,Cardiothoracic Surgery Service,-,-,-,-,-,-,-,-
Y56,RQM,CHELSEA AND WESTMINSTER HOSPITAL NHS FOUNDATION TRUST,C_300,General Internal Medicine Service,30,25,83.30%,9.5,30.8,-,-,-
Y56,RQM,CHELSEA AND WESTMINSTER HOSPITAL NHS FOUNDATION TRUST,C_301,Gastroenterology Service,"1,500","1,202",80.10%,9.6,28.9,-,-,-
Y56,RQM,CHELSEA AND WESTMINSTER HOSPITAL NHS FOUNDATION TRUST,C_320,Cardiology Service,"1,342","1,165",86.80%,8.1,23.2,-,-,-
Y56,RQM,CHELSEA AND WESTMINSTER HOSPITAL NHS FOUNDATION TRUST,C_330,Dermatology Service,"3,178","2,660",83.70%,7.8,25.8,13,-,1
Y56,RQM,CHELSEA AND WESTMINSTER HOSPITAL NHS FOUNDATION TRUST,C_340,Respiratory Medicine Service,"1,656","1,273",76.90%,10.2,27.6,-,-,-
Y56,RQM,CHELSEA AND WESTMINSTER HOSPITAL NHS FOUNDATION TRUST,C_400,Neurology Service,"2,826","1,612",57.00%,15.5,34.3,-,-,-
Y56,RQM,CHELSEA AND WESTMINSTER HOSPITAL NHS FOUNDATION TRUST,C_410,Rheumatology Service,"1,207",829,68.70%,11.8,30.4,1,-,-
Y56,RQM,CHELSEA AND WESTMINSTER HOSPITAL NHS FOUNDATION TRUST,C_430,Elderly Medicine Service,231,194,84.00%,9.1,22.5,-,-,-
Y56,RQM,CHELSEA AND WESTMINSTER HOSPITAL NHS FOUNDATION TRUST,C_502,Gynaecology Service,"5,749","4,339",75.50%,9.9,31,9,-,-
Y56,RQM,CHELSEA AND WESTMINSTER HOSPITAL NHS FOUNDATION TRUST,X02,Other - Medical Services,991,812,81.90%,8.3,24.7,1,-,-
Y56,RQM,CHELSEA AND WESTMINSTER HOSPITAL NHS FOUNDATION TRUST,X03,Other - Mental Health Services,-,-,-,-,-,-,-,-
Y56,RQM,CHELSEA AND WESTMINSTER HOSPITAL NHS FOUNDATION TRUST,X04,Other - Paediatric Services,"7,301","4,568",62.60%,13.5,37.8,52,-,3
Y56,RQM,CHELSEA AND WESTMINSTER HOSPITAL NHS FOUNDATION TRUST,X05,Other - Surgical Services,"6,008","3,093",51.50%,17.4,42,141,1,10
Y56,RQM,CHELSEA AND WESTMINSTER HOSPITAL NHS FOUNDATION TRUST,X06,Other - Other Services,"5,716","3,754",65.70%,13,33.9,31,-,-
Y56,RQX,HOMERTON HEALTHCARE NHS FOUNDATION TRUST,C_100,General Surgery Service,"5,515","3,377",61.20%,15,40.1,41,-,-
Y56,RQX,HOMERTON HEALTHCARE NHS FOUNDATION TRUST,C_101,Urology Service,"3,039","1,864",61.30%,14.5,35.6,19,-,-
Y56,RQX,HOMERTON HEALTHCARE NHS FOUNDATION TRUST,C_110,Trauma and Orthopaedic Service,"2,862","1,570",54.90%,16,40,10,-,-
Y56,RQX,HOMERTON HEALTHCARE NHS FOUNDATION TRUST,C_120,Ear Nose and Throat Service,"3,160","2,060",65.20%,12.7,42.8,63,-,1
Y56,RQX,HOMERTON HEALTHCARE NHS FOUNDATION TRUST,C_130,Ophthalmology Service,19,19,100.00%,-,-,-,-,-
Y56,RQX,HOMERTON HEALTHCARE NHS FOUNDATION TRUST,C_140,Oral Surgery Service,"3,647","2,534",69.50%,12,33.8,7,-,-
Y56,RQX,HOMERTON HEALTHCARE NHS FOUNDATION TRUST,C_150,Neurosurgical Service,-,-,-,-,-,-,-,-
Y56,RQX,HOMERTON HEALTHCARE NHS FOUNDATION TRUST,C_160,Plastic Surgery Service,543,243,44.80%,19.5,37.7,-,-,-
Y56,RQX,HOMERTON HEALTHCARE NHS FOUNDATION TRUST,C_170,Cardiothoracic Surgery Service,-,-,-,-,-,-,-,-
Y56,RQX,HOMERTON HEALTHCARE NHS FOUNDATION TRUST,C_300,General Internal Medicine Service,493,162,32.90%,26,46.6,-,-,-
Y56,RQX,HOMERTON HEALTHCARE NHS FOUNDATION TRUST,C_301,Gastroenterology Service,942,795,84.40%,7.6,23.6,-,-,-
Y56,RQX,HOMERTON HEALTHCARE NHS FOUNDATION TRUST,C_320,Cardiology Service,"1,152",870,75.50%,10,28.2,-,-,-
Y56,RQX,HOMERTON HEALTHCARE NHS FOUNDATION TRUST,C_330,Dermatology Service,"1,877",924,49.20%,18.4,42.9,7,-,-
Y56,RQX,HOMERTON HEALTHCARE NHS FOUNDATION TRUST,C_340,Respiratory Medicine Service,746,691,92.60%,7.9,17.7,-,-,-
Y56,RQX,HOMERTON HEALTHCARE NHS FOUNDATION TRUST,C_400,Neurology Service,640,582,90.90%,6.6,19.6,-,-,-
Y56,RQX,HOMERTON HEALTHCARE NHS FOUNDATION TRUST,C_410,Rheumatology Service,137,137,100.00%,3.2,9.8,-,-,-
Y56,RQX,HOMERTON HEALTHCARE NHS FOUNDATION TRUST,C_430,Elderly Medicine Service,197,174,88.30%,9.2,19.7,-,-,-
Y56,RQX,HOMERTON HEALTHCARE NHS FOUNDATION TRUST,C_502,Gynaecology Service,"4,220","2,840",67.30%,12.5,35.9,35,-,-
Y56,RQX,HOMERTON HEALTHCARE NHS FOUNDATION TRUST,X02,Other - Medical Services,"1,972","1,558",79.00%,8.6,29.6,3,-,-
Y56,RQX,HOMERTON HEALTHCARE NHS FOUNDATION TRUST,X03,Other - Mental Health Services,-,-,-,-,-,-,-,-
Y56,RQX,HOMERTON HEALTHCARE NHS FOUNDATION TRUST,X04,Other - Paediatric Services,"3,086","1,815",58.80%,14.1,40,5,-,-
Y56,RQX,HOMERTON HEALTHCARE NHS FOUNDATION TRUST,X05,Other - Surgical Services,346,345,99.70%,1.2,7.7,-,-,-
Y56,RQX,HOMERTON HEALTHCARE NHS FOUNDATION TRUST,X06,Other - Other Services,298,98,32.90%,24.8,37,-,-,-
Y56,RRV,UNIVERSITY COLLEGE LONDON HOSPITALS NHS FOUNDATION TRUST,C_100,General Surgery Service,38,27,71.10%,10.5,34,-,-,-
Y56,RRV,UNIVERSITY COLLEGE LONDON HOSPITALS NHS FOUNDATION TRUST,C_101,Urology Service,"5,247","2,750",52.40%,17,42.5,138,-,14
Y56,RRV,UNIVERSITY COLLEGE LONDON HOSPITALS NHS FOUNDATION TRUST,C_110,Trauma and Orthopaedic Service,"3,858","2,602",67.40%,12.8,34.1,24,-,-
Y56,RRV,UNIVERSITY COLLEGE LONDON HOSPITALS NHS FOUNDATION TRUST,C_120,Ear Nose and Throat Service,"7,057","3,580",50.70%,17.6,46.3,251,-,1
Y56,RRV,UNIVERSITY COLLEGE LONDON HOSPITALS NHS FOUNDATION TRUST,C_130,Ophthalmology Service,-,-,-,-,-,-,-,-
Y56,RRV,UNIVERSITY COLLEGE LONDON HOSPITALS NHS FOUNDATION TRUST,C_140,Oral Surgery Service,"3,499","2,613",74.70%,10.5,30.9,22,-,1
Y56,RRV,UNIVERSITY COLLEGE LONDON HOSPITALS NHS FOUNDATION TRUST,C_150,Neurosurgical Service,"3,896","2,071",53.20%,16.8,45.2,154,2,10
Y56,RRV,UNIVERSITY COLLEGE LONDON HOSPITALS NHS FOUNDATION TRUST,C_160,Plastic Surgery Service,-,-,-,-,-,-,-,-
Y56,RRV,UNIVERSITY COLLEGE LONDON HOSPITALS NHS FOUNDATION TRUST,C_170,Cardiothoracic Surgery Service,129,112,86.80%,6.1,26.8,-,-,-
Y56,RRV,UNIVERSITY COLLEGE LONDON HOSPITALS NHS FOUNDATION TRUST,C_300,General Internal Medicine Service,"3,748","2,713",72.40%,11.6,24.5,-,-,-
Y56,RRV,UNIVERSITY COLLEGE LONDON HOSPITALS NHS FOUNDATION TRUST,C_301,Gastroenterology Service,"3,033","2,334",77.00%,10.2,28.8,1,-,-
Y56,RRV,UNIVERSITY COLLEGE LONDON HOSPITALS NHS FOUNDATION TRUST,C_320,Cardiology Service,"1,150",710,61.70%,13.4,33.3,1,-,-
Y56,RRV,UNIVERSITY COLLEGE LONDON HOSPITALS NHS FOUNDATION TRUST,C_330,Dermatology Service,"2,269","1,251",55.10%,16.4,41.3,46,-,1
Y56,RRV,UNIVERSITY COLLEGE LONDON HOSPITALS NHS FOUNDATION TRUST,C_340,Respiratory Medicine Service,787,591,75.10%,9.6,34,7,-,-
Y56,RRV,UNIVERSITY COLLEGE LONDON HOSPITALS NHS FOUNDATION TRUST,C_400,Neurology Service,"5,447","3,214",59.00%,14.7,36.5,22,-,-
Y56,RRV,UNIVERSITY COLLEGE LONDON HOSPITALS NHS FOUNDATION TRUST,C_410,Rheumatology Service,"1,453",785,54.00%,16.2,41.3,34,-,1
Y56,RRV,UNIVERSITY COLLEGE LONDON HOSPITALS NHS FOUNDATION TRUST,C_430,Elderly Medicine Service,48,42,87.50%,8,20.6,-,-,-
Y56,RRV,UNIVERSITY COLLEGE LONDON HOSPITALS NHS FOUNDATION TRUST,C_502,Gynaecology Service,"5,956","2,664",44.70%,20.7,51.5,449,-,53
Y56,RRV,UNIVERSITY COLLEGE LONDON HOSPITALS NHS FOUNDATION TRUST,X02,Other - Medical Services,"11,367","6,659",58.60%,14.6,40.2,82,-,-
Y56,RRV,UNIVERSITY COLLEGE LONDON HOSPITALS NHS FOUNDATION TRUST,X03,Other - Mental Health Services,570,356,62.50%,12.6,34.3,-,-,-
Y56,RRV,UNIVERSITY COLLEGE LONDON HOSPITALS NHS FOUNDATION TRUST,X04,Other - Paediatric Services,"5,503","3,070",55.80%,15.7,41.2,120,-,1
Y56,RRV,UNIVERSITY COLLEGE LONDON HOSPITALS NHS FOUNDATION TRUST,X05,Other - Surgical Services,"8,003","4,643",58.00%,14.9,38.6,58,-,1
Y56,RRV,UNIVERSITY COLLEGE LONDON HOSPITALS NHS FOUNDATION TRUST,X06,Other - Other Services,942,726,77.10%,8.7,29.1,5,-,-
Y56,RV3,CENTRAL AND NORTH WEST LONDON NHS FOUNDATION TRUST,C_100,General Surgery Service,-,-,-,-,-,-,-,-
Y56,RV3,CENTRAL AND NORTH WEST LONDON NHS FOUNDATION TRUST,C_101,Urology Service,-,-,-,-,-,-,-,-
Y56,RV3,CENTRAL AND NORTH WEST LONDON NHS FOUNDATION TRUST,C_110,Trauma and Orthopaedic Service,-,-,-,-,-,-,-,-
Y56,RV3,CENTRAL AND NORTH WEST LONDON NHS FOUNDATION TRUST,C_120,Ear Nose and Throat Service,-,-,-,-,-,-,-,-
Y56,RV3,CENTRAL AND NORTH WEST LONDON NHS FOUNDATION TRUST,C_130,Ophthalmology Service,-,-,-,-,-,-,-,-
Y56,RV3,CENTRAL AND NORTH WEST LONDON NHS FOUNDATION TRUST,C_140,Oral Surgery Service,-,-,-,-,-,-,-,-
Y56,RV3,CENTRAL AND NORTH WEST LONDON NHS FOUNDATION TRUST,C_150,Neurosurgical Service,-,-,-,-,-,-,-,-
Y56,RV3,CENTRAL AND NORTH WEST LONDON NHS FOUNDATION TRUST,C_160,Plastic Surgery Service,-,-,-,-,-,-,-,-
Y56,RV3,CENTRAL AND NORTH WEST LONDON NHS FOUNDATION TRUST,C_170,Cardiothoracic Surgery Service,-,-,-,-,-,-,-,-
Y56,RV3,CENTRAL AND NORTH WEST LONDON NHS FOUNDATION TRUST,C_300,General Internal Medicine Service,-,-,-,-,-,-,-,-
Y56,RV3,CENTRAL AND NORTH WEST LONDON NHS FOUNDATION TRUST,C_301,Gastroenterology Service,-,-,-,-,-,-,-,-
Y56,RV3,CENTRAL AND NORTH WEST LONDON NHS FOUNDATION TRUST,C_320,Cardiology Service,-,-,-,-,-,-,-,-
Y56,RV3,CENTRAL AND NORTH WEST LONDON NHS FOUNDATION TRUST,C_330,Dermatology Service,-,-,-,-,-,-,-,-
Y56,RV3,CENTRAL AND NORTH WEST LONDON NHS FOUNDATION TRUST,C_340,Respiratory Medicine Service,-,-,-,-,-,-,-,-
Y56,RV3,CENTRAL AND NORTH WEST LONDON NHS FOUNDATION TRUST,C_400,Neurology Service,-,-,-,-,-,-,-,-
Y56,RV3,CENTRAL AND NORTH WEST LONDON NHS FOUNDATION TRUST,C_410,Rheumatology Service,-,-,-,-,-,-,-,-
Y56,RV3,CENTRAL AND NORTH WEST LONDON NHS FOUNDATION TRUST,C_430,Elderly Medicine Service,-,-,-,-,-,-,-,-
Y56,RV3,CENTRAL AND NORTH WEST LONDON NHS FOUNDATION TRUST,C_502,Gynaecology Service,-,-,-,-,-,-,-,-
Y56,RV3,CENTRAL AND NORTH WEST LONDON NHS FOUNDATION TRUST,X02,Other - Medical Services,-,-,-,-,-,-,-,-
Y56,RV3,CENTRAL AND NORTH WEST LONDON NHS FOUNDATION TRUST,X03,Other - Mental Health Services,-,-,-,-,-,-,-,-
Y56,RV3,CENTRAL AND NORTH WEST LONDON NHS FOUNDATION TRUST,X04,Other - Paediatric Services,"2,078",785,37.80%,31.9,77.3,588,159,363
Y56,RV3,CENTRAL AND NORTH WEST LONDON NHS FOUNDATION TRUST,X05,Other - Surgical Services,-,-,-,-,-,-,-,-
Y56,RV3,CENTRAL AND NORTH WEST LONDON NHS FOUNDATION TRUST,X06,Other - Other Services,-,-,-,-,-,-,-,-
Y56,RVR,EPSOM AND ST HELIER UNIVERSITY HOSPITALS NHS TRUST,C_100,General Surgery Service,"4,214","2,648",62.80%,13.4,37.5,65,-,2
Y56,RVR,EPSOM AND ST HELIER UNIVERSITY HOSPITALS NHS TRUST,C_101,Urology Service,"2,458","1,617",65.80%,12.4,30.6,6,1,1
Y56,RVR,EPSOM AND ST HELIER UNIVERSITY HOSPITALS NHS TRUST,C_110,Trauma and Orthopaedic Service,"6,132","3,719",60.60%,14,38.6,53,-,1
Y56,RVR,EPSOM AND ST HELIER UNIVERSITY HOSPITALS NHS TRUST,C_120,Ear Nose and Throat Service,"2,311","1,535",66.40%,12,36.1,17,-,2
Y56,RVR,EPSOM AND ST HELIER UNIVERSITY HOSPITALS NHS TRUST,C_130,Ophthalmology Service,"2,154","2,018",93.70%,5.8,16.2,-,-,-
Y56,RVR,EPSOM AND ST HELIER UNIVERSITY HOSPITALS NHS TRUST,C_140,Oral Surgery Service,"1,661","1,282",77.20%,11.8,27.4,7,-,1
Y56,RVR,EPSOM AND ST HELIER UNIVERSITY HOSPITALS NHS TRUST,C_150,Neurosurgical Service,-,-,-,-,-,-,-,-
Y56,RVR,EPSOM AND ST HELIER UNIVERSITY HOSPITALS NHS TRUST,C_160,Plastic Surgery Service,18,13,72.20%,-,-,-,-,-
Y56,RVR,EPSOM AND ST HELIER UNIVERSITY HOSPITALS NHS TRUST,C_170,Cardiothoracic Surgery Service,-,-,-,-,-,-,-,-
Y56,RVR,EPSOM AND ST HELIER UNIVERSITY HOSPITALS NHS TRUST,C_300,General Internal Medicine Service,233,132,56.70%,15.6,35.7,5,1,2
Y56,RVR,EPSOM AND ST HELIER UNIVERSITY HOSPITALS NHS TRUST,C_301,Gastroenterology Service,"4,154","2,345",56.50%,15.3,38.1,47,1,4
Y56,RVR,EPSOM AND ST HELIER UNIVERSITY HOSPITALS NHS TRUST,C_320,Cardiology Service,"2,423","1,457",60.10%,14.6,37.8,25,-,3
Y56,RVR,EPSOM AND ST HELIER UNIVERSITY HOSPITALS NHS TRUST,C_330,Dermatology Service,"3,772","1,647",43.70%,20.9,46.1,95,-,3
Y56,RVR,EPSOM AND ST HELIER UNIVERSITY HOSPITALS NHS TRUST,C_340,Respiratory Medicine Service,"1,347",871,64.70%,13.1,43.6,36,-,4
Y56,RVR,EPSOM AND ST HELIER UNIVERSITY HOSPITALS NHS TRUST,C_400,Neurology Service,"1,539","1,035",67.30%,12.5,34.1,24,1,2
Y56,RVR,EPSOM AND ST HELIER UNIVERSITY HOSPITALS NHS TRUST,C_410,Rheumatology Service,473,368,77.80%,8.5,37,8,-,1
Y56,RVR,EPSOM AND ST HELIER UNIVERSITY HOSPITALS NHS TRUST,C_430,Elderly Medicine Service,119,75,63.00%,12.5,37.5,1,-,-
Y56,RVR,EPSOM AND ST HELIER UNIVERSITY HOSPITALS NHS TRUST,C_502,Gynaecology Service,"5,189","3,237",62.40%,13.1,38,128,2,12
Y56,RVR,EPSOM AND ST HELIER UNIVERSITY HOSPITALS NHS TRUST,X02,Other - Medical Services,"5,251","3,885",74.00%,10.1,32.3,42,-,3
Y56,RVR,EPSOM AND ST HELIER UNIVERSITY HOSPITALS NHS TRUST,X03,Other - Mental Health Services,-,-,-,-,-,-,-,-
Y56,RVR,EPSOM AND ST HELIER UNIVERSITY HOSPITALS NHS TRUST,X04,Other - Paediatric Services,"3,797","2,585",68.10%,11,38.3,31,-,-
Y56,RVR,EPSOM AND ST HELIER UNIVERSITY HOSPITALS NHS TRUST,X05,Other - Surgical Services,661,357,54.00%,15.8,45.8,33,-,3
Y56,RVR,EPSOM AND ST HELIER UNIVERSITY HOSPITALS NHS TRUST,X06,Other - Other Services,"1,026",903,88.00%,7.7,20.5,-,-,-
Y56,RYJ,IMPERIAL COLLEGE HEALTHCARE NHS TRUST,C_100,General Surgery Service,"2,358","1,002",42.50%,22.6,50.8,145,1,7
Y56,RYJ,IMPERIAL COLLEGE HEALTHCARE NHS TRUST,C_101,Urology Service,"2,844","1,814",63.80%,12.4,38.8,48,-,3
Y56,RYJ,IMPERIAL COLLEGE HEALTHCARE NHS TRUST,C_110,Trauma and Orthopaedic Service,"3,010","1,567",52.10%,17.2,45.4,113,1,8
Y56,RYJ,IMPERIAL COLLEGE HEALTHCARE NHS TRUST,C_120,Ear Nose and Throat Service,"6,346","4,012",63.20%,13.4,45,283,3,35
Y56,RYJ,IMPERIAL COLLEGE HEALTHCARE NHS TRUST,C_130,Ophthalmology Service,"5,707","3,710",65.00%,12.7,35.8,43,1,3
Y56,RYJ,IMPERIAL COLLEGE HEALTHCARE NHS TRUST,C_140,Oral Surgery Service,196,188,95.90%,7.6,17.2,-,-,-
Y56,RYJ,IMPERIAL COLLEGE HEALTHCARE NHS TRUST,C_150,Neurosurgical Service,"4,963","2,375",47.90%,18.9,53.4,433,48,134
Y56,RYJ,IMPERIAL COLLEGE HEALTHCARE NHS TRUST,C_160,Plastic Surgery Service,"1,987",811,40.80%,20.9,46.6,79,-,2
Y56,RYJ,IMPERIAL COLLEGE HEALTHCARE NHS TRUST,C_170,Cardiothoracic Surgery Service,405,285,70.40%,10.4,35.4,5,-,1
Y56,RYJ,IMPERIAL COLLEGE HEALTHCARE NHS TRUST,C_300,General Internal Medicine Service,146,104,71.20%,13.3,29.7,1,-,-
Y56,RYJ,IMPERIAL COLLEGE HEALTHCARE NHS TRUST,C_301,Gastroenterology Service,"2,642","2,239",84.70%,9.4,24.3,4,-,-
Y56,RYJ,IMPERIAL COLLEGE HEALTHCARE NHS TRUST,C_320,Cardiology Service,"8,021","4,697",58.60%,14.7,38,70,-,3
Y56,RYJ,IMPERIAL COLLEGE HEALTHCARE NHS TRUST,C_330,Dermatology Service,"3,055","1,701",55.70%,15.8,38.9,1,-,-
Y56,RYJ,IMPERIAL COLLEGE HEALTHCARE NHS TRUST,C_340,Respiratory Medicine Service,"2,917","1,985",68.00%,11.4,34,2,-,-
Y56,RYJ,IMPERIAL COLLEGE HEALTHCARE NHS TRUST,C_400,Neurology Service,"6,069","2,528",41.70%,21.9,54.3,578,8,35
Y56,RYJ,IMPERIAL COLLEGE HEALTHCARE NHS TRUST,C_410,Rheumatology Service,"1,006",654,65.00%,13.9,31.2,1,-,-
Y56,RYJ,IMPERIAL COLLEGE HEALTHCARE NHS TRUST,C_430,Elderly Medicine Service,265,179,67.50%,13.4,28.6,-,-,-
Y56,RYJ,IMPERIAL COLLEGE HEALTHCARE NHS TRUST,C_502,Gynaecology Service,"8,229","4,356",52.90%,16.5,44.5,148,1,2
Y56,RYJ,IMPERIAL COLLEGE HEALTHCARE NHS TRUST,X02,Other - Medical Services,"16,102","9,460",58.80%,14.7,39.8,213,6,8
Y56,RYJ,IMPERIAL COLLEGE HEALTHCARE NHS TRUST,X03,Other - Mental Health Services,-,-,-,-,-,-,-,-
Y56,RYJ,IMPERIAL COLLEGE HEALTHCARE NHS TRUST,X04,Other - Paediatric Services,"4,830","3,472",71.90%,11.7,31.3,29,2,6
Y56,RYJ,IMPERIAL COLLEGE HEALTHCARE NHS TRUST,X05,Other - Surgical Services,"9,135","4,759",52.10%,16.8,45.8,260,-,12
Y56,RYJ,IMPERIAL COLLEGE HEALTHCARE NHS TRUST,X06,Other - Other Services,300,270,90.00%,8.2,23.5,-,-,-
Y58,R0D,UNIVERSITY HOSPITALS DORSET NHS FOUNDATION TRUST,C_100,General Surgery Service,943,804,85.30%,2.8,21.1,6,-,-
Y58,R0D,UNIVERSITY HOSPITALS DORSET NHS FOUNDATION TRUST,C_101,Urology Service,"3,691","2,126",57.60%,15,44.5,124,-,3
Y58,R0D,UNIVERSITY HOSPITALS DORSET NHS FOUNDATION TRUST,C_110,Trauma and Orthopaedic Service,"7,564","3,589",47.40%,19.1,48.4,367,-,1
Y58,R0D,UNIVERSITY HOSPITALS DORSET NHS FOUNDATION TRUST,C_120,Ear Nose and Throat Service,"5,620","3,047",54.20%,16.4,43.6,159,-,1
Y58,R0D,UNIVERSITY HOSPITALS DORSET NHS FOUNDATION TRUST,C_130,Ophthalmology Service,"3,914","3,121",79.70%,9.4,27.5,25,-,8
Y58,R0D,UNIVERSITY HOSPITALS DORSET NHS FOUNDATION TRUST,C_140,Oral Surgery Service,"3,702","1,888",51.00%,17.6,48.6,190,-,1
Y58,R0D,UNIVERSITY HOSPITALS DORSET NHS FOUNDATION TRUST,C_150,Neurosurgical Service,-,-,-,-,-,-,-,-
Y58,R0D,UNIVERSITY HOSPITALS DORSET NHS FOUNDATION TRUST,C_160,Plastic Surgery Service,-,-,-,-,-,-,-,-
Y58,R0D,UNIVERSITY HOSPITALS DORSET NHS FOUNDATION TRUST,C_170,Cardiothoracic Surgery Service,-,-,-,-,-,-,-,-
Y58,R0D,UNIVERSITY HOSPITALS DORSET NHS FOUNDATION TRUST,C_300,General Internal Medicine Service,98,66,67.30%,12.7,22.4,-,-,-
Y58,R0D,UNIVERSITY HOSPITALS DORSET NHS FOUNDATION TRUST,C_301,Gastroenterology Service,"5,362","3,644",68.00%,12.2,35.1,71,-,1
Y58,R0D,UNIVERSITY HOSPITALS DORSET NHS FOUNDATION TRUST,C_320,Cardiology Service,"4,266","3,091",72.50%,11.4,32,37,-,-
Y58,R0D,UNIVERSITY HOSPITALS DORSET NHS FOUNDATION TRUST,C_330,Dermatology Service,"3,315","2,206",66.50%,12,37.9,61,-,-
Y58,R0D,UNIVERSITY HOSPITALS DORSET NHS FOUNDATION TRUST,C_340,Respiratory Medicine Service,"1,576",881,55.90%,16.1,40.9,29,-,-
Y58,R0D,UNIVERSITY HOSPITALS DORSET NHS FOUNDATION TRUST,C_400,Neurology Service,"3,101","1,465",47.20%,19.5,47.4,126,-,-
Y58,R0D,UNIVERSITY HOSPITALS DORSET NHS FOUNDATION TRUST,C_410,Rheumatology Service,"1,363",987,72.40%,10.7,27.7,8,-,-
Y58,R0D,UNIVERSITY HOSPITALS DORSET NHS FOUNDATION TRUST,C_430,Elderly Medicine Service,332,303,91.30%,4.8,19.7,2,-,-
Y58,R0D,UNIVERSITY HOSPITALS DORSET NHS FOUNDATION TRUST,C_502,Gynaecology Service,"6,751","3,256",48.20%,19,51.1,492,-,5
Y58,R0D,UNIVERSITY HOSPITALS DORSET NHS FOUNDATION TRUST,X02,Other - Medical Services,"4,003","3,035",75.80%,9.7,26.4,14,-,-
Y58,R0D,UNIVERSITY HOSPITALS DORSET NHS FOUNDATION TRUST,X03,Other - Mental Health Services,-,-,-,-,-,-,-,-
Y58,R0D,UNIVERSITY HOSPITALS DORSET NHS FOUNDATION TRUST,X04,Other - Paediatric Services,"2,070","1,370",66.20%,12.6,36.6,30,-,-
Y58,R0D,UNIVERSITY HOSPITALS DORSET NHS FOUNDATION TRUST,X05,Other - Surgical Services,"8,861","5,094",57.50%,14.8,46.2,422,-,9
Y58,R0D,UNIVERSITY HOSPITALS DORSET NHS FOUNDATION TRUST,X06,Other - Other Services,987,962,97.50%,6.5,12.6,-,-,-
Y58,RA7,UNIVERSITY HOSPITALS BRISTOL AND WESTON NHS FOUNDATION TRUST,C_100,General Surgery Service,33,21,63.60%,14.5,33.4,-,-,-
Y58,RA7,UNIVERSITY HOSPITALS BRISTOL AND WESTON NHS FOUNDATION TRUST,C_101,Urology Service,-,-,-,-,-,-,-,-
Y58,RA7,UNIVERSITY HOSPITALS BRISTOL AND WESTON NHS FOUNDATION TRUST,C_110,Trauma and Orthopaedic Service,"1,570",996,63.40%,12.9,34,1,-,-
Y58,RA7,UNIVERSITY HOSPITALS BRISTOL AND WESTON NHS FOUNDATION TRUST,C_120,Ear Nose and Throat Service,"5,518","3,846",69.70%,11,33.4,92,-,-
Y58,RA7,UNIVERSITY HOSPITALS BRISTOL AND WESTON NHS FOUNDATION TRUST,C_130,Ophthalmology Service,"6,779","5,203",76.80%,8.8,32.2,84,-,24
Y58,RA7,UNIVERSITY HOSPITALS BRISTOL AND WESTON NHS FOUNDATION TRUST,C_140,Oral Surgery Service,"3,275","1,394",42.60%,21.6,46.5,142,-,12
Y58,RA7,UNIVERSITY HOSPITALS BRISTOL AND WESTON NHS FOUNDATION TRUST,C_150,Neurosurgical Service,-,-,-,-,-,-,-,-
Y58,RA7,UNIVERSITY HOSPITALS BRISTOL AND WESTON NHS FOUNDATION TRUST,C_160,Plastic Surgery Service,-,-,-,-,-,-,-,-
Y58,RA7,UNIVERSITY HOSPITALS BRISTOL AND WESTON NHS FOUNDATION TRUST,C_170,Cardiothoracic Surgery Service,338,235,69.50%,11.2,32.3,3,-,-
Y58,RA7,UNIVERSITY HOSPITALS BRISTOL AND WESTON NHS FOUNDATION TRUST,C_300,General Internal Medicine Service,27,26,96.30%,8.5,16.8,-,-,-
Y58,RA7,UNIVERSITY HOSPITALS BRISTOL AND WESTON NHS FOUNDATION TRUST,C_301,Gastroenterology Service,"1,351",997,73.80%,10.3,36.1,21,-,-
Y58,RA7,UNIVERSITY HOSPITALS BRISTOL AND WESTON NHS FOUNDATION TRUST,C_320,Cardiology Service,"4,724","2,775",58.70%,13.7,41.1,102,-,-
Y58,RA7,UNIVERSITY HOSPITALS BRISTOL AND WESTON NHS FOUNDATION TRUST,C_330,Dermatology Service,"2,244","1,638",73.00%,10,30.1,1,-,-
Y58,RA7,UNIVERSITY HOSPITALS BRISTOL AND WESTON NHS FOUNDATION TRUST,C_340,Respiratory Medicine Service,"1,040",817,78.60%,7.3,30.3,4,-,-
Y58,RA7,UNIVERSITY HOSPITALS BRISTOL AND WESTON NHS FOUNDATION TRUST,C_400,Neurology Service,579,386,66.70%,11.7,36.8,8,-,-
Y58,RA7,UNIVERSITY HOSPITALS BRISTOL AND WESTON NHS FOUNDATION TRUST,C_410,Rheumatology Service,812,543,66.90%,11.2,41.4,11,-,-
Y58,RA7,UNIVERSITY HOSPITALS BRISTOL AND WESTON NHS FOUNDATION TRUST,C_430,Elderly Medicine Service,184,166,90.20%,6.6,18.8,-,-,-
Y58,RA7,UNIVERSITY HOSPITALS BRISTOL AND WESTON NHS FOUNDATION TRUST,C_502,Gynaecology Service,"3,659","2,462",67.30%,11.8,38.6,48,-,-
Y58,RA7,UNIVERSITY HOSPITALS BRISTOL AND WESTON NHS FOUNDATION TRUST,X02,Other - Medical Services,"5,937","4,116",69.30%,11.3,35.6,30,-,3
Y58,RA7,UNIVERSITY HOSPITALS BRISTOL AND WESTON NHS FOUNDATION TRUST,X03,Other - Mental Health Services,28,25,89.30%,4,20.3,-,-,-
Y58,RA7,UNIVERSITY HOSPITALS BRISTOL AND WESTON NHS FOUNDATION TRUST,X04,Other - Paediatric Services,"9,576","5,083",53.10%,16.6,44.7,262,-,5
Y58,RA7,UNIVERSITY HOSPITALS BRISTOL AND WESTON NHS FOUNDATION TRUST,X05,Other - Surgical Services,"5,758","3,402",59.10%,14.3,41.6,126,-,18
Y58,RA7,UNIVERSITY HOSPITALS BRISTOL AND WESTON NHS FOUNDATION TRUST,X06,Other - Other Services,826,585,70.80%,9.7,37.1,3,-,-
Y58,RA9,TORBAY AND SOUTH DEVON NHS FOUNDATION TRUST,C_100,General Surgery Service,-,-,-,-,-,-,-,-
Y58,RA9,TORBAY AND SOUTH DEVON NHS FOUNDATION TRUST,C_101,Urology Service,"2,034","1,443",70.90%,9.9,37.3,27,-,1
Y58,RA9,TORBAY AND SOUTH DEVON NHS FOUNDATION TRUST,C_110,Trauma and Orthopaedic Service,"2,980","1,591",53.40%,16.4,49.3,177,6,55
Y58,RA9,TORBAY AND SOUTH DEVON NHS FOUNDATION TRUST,C_120,Ear Nose and Throat Service,"3,349","1,622",48.40%,18.8,50.7,237,-,41
Y58,RA9,TORBAY AND SOUTH DEVON NHS FOUNDATION TRUST,C_130,Ophthalmology Service,"3,536","2,793",79.00%,7.6,29.5,9,-,-
Y58,RA9,TORBAY AND SOUTH DEVON NHS FOUNDATION TRUST,C_140,Oral Surgery Service,"2,815","1,147",40.70%,23,55.9,350,3,48
Y58,RA9,TORBAY AND SOUTH DEVON NHS FOUNDATION TRUST,C_150,Neurosurgical Service,-,-,-,-,-,-,-,-
Y58,RA9,TORBAY AND SOUTH DEVON NHS FOUNDATION TRUST,C_160,Plastic Surgery Service,183,123,67.20%,11.4,35.2,3,-,1
Y58,RA9,TORBAY AND SOUTH DEVON NHS FOUNDATION TRUST,C_170,Cardiothoracic Surgery Service,5,5,100.00%,-,-,-,-,-
Y58,RA9,TORBAY AND SOUTH DEVON NHS FOUNDATION TRUST,C_300,General Internal Medicine Service,66,45,68.20%,8.7,46.7,4,-,-
Y58,RA9,TORBAY AND SOUTH DEVON NHS FOUNDATION TRUST,C_301,Gastroenterology Service,"1,604","1,319",82.20%,5,25.4,3,-,-
Y58,RA9,TORBAY AND SOUTH DEVON NHS FOUNDATION TRUST,C_320,Cardiology Service,"3,422","2,130",62.20%,13.2,42.9,61,-,1
Y58,RA9,TORBAY AND SOUTH DEVON NHS FOUNDATION TRUST,C_330,Dermatology Service,"1,882","1,295",68.80%,9.4,34.2,11,-,-
Y58,RA9,TORBAY AND SOUTH DEVON NHS FOUNDATION TRUST,C_340,Respiratory Medicine Service,920,638,69.30%,11.8,31.1,-,-,-
Y58,RA9,TORBAY AND SOUTH DEVON NHS FOUNDATION TRUST,C_400,Neurology Service,"1,068",617,57.80%,14.8,39.2,-,-,-
Y58,RA9,TORBAY AND SOUTH DEVON NHS FOUNDATION TRUST,C_410,Rheumatology Service,590,489,82.90%,6.5,26,3,-,-
Y58,RA9,TORBAY AND SOUTH DEVON NHS FOUNDATION TRUST,C_430,Elderly Medicine Service,359,201,56.00%,15.5,33.8,-,-,-
Y58,RA9,TORBAY AND SOUTH DEVON NHS FOUNDATION TRUST,C_502,Gynaecology Service,"3,070","1,541",50.20%,17.9,51.9,242,1,42
Y58,RA9,TORBAY AND SOUTH DEVON NHS FOUNDATION TRUST,X02,Other - Medical Services,"2,133","1,332",62.40%,12.1,38.7,17,-,1
Y58,RA9,TORBAY AND SOUTH DEVON NHS FOUNDATION TRUST,X03,Other - Mental Health Services,-,-,-,-,-,-,-,-
Y58,RA9,TORBAY AND SOUTH DEVON NHS FOUNDATION TRUST,X04,Other - Paediatric Services,856,586,68.50%,10.3,35.2,9,-,-
Y58,RA9,TORBAY AND SOUTH DEVON NHS FOUNDATION TRUST,X05,Other - Surgical Services,"3,054","1,815",59.40%,13.9,45.7,84,-,9
Y58,RA9,TORBAY AND SOUTH DEVON NHS FOUNDATION TRUST,X06,Other - Other Services,326,275,84.40%,3.9,26,1,-,-
Y58,RBD,DORSET COUNTY HOSPITAL NHS FOUNDATION TRUST,C_100,General Surgery Service,"1,085",508,46.80%,19.5,44.8,26,-,-
Y58,RBD,DORSET COUNTY HOSPITAL NHS FOUNDATION TRUST,C_101,Urology Service,"1,088",805,74.00%,9.5,28.5,5,-,-
Y58,RBD,DORSET COUNTY HOSPITAL NHS FOUNDATION TRUST,C_110,Trauma and Orthopaedic Service,"3,266","1,550",47.50%,19.2,46.9,122,-,7
Y58,RBD,DORSET COUNTY HOSPITAL NHS FOUNDATION TRUST,C_120,Ear Nose and Throat Service,"3,126","1,622",51.90%,17.1,43.7,57,-,1
Y58,RBD,DORSET COUNTY HOSPITAL NHS FOUNDATION TRUST,C_130,Ophthalmology Service,"2,640","1,745",66.10%,11.8,37.9,18,-,-
Y58,RBD,DORSET COUNTY HOSPITAL NHS FOUNDATION TRUST,C_140,Oral Surgery Service,"1,910",824,43.10%,20.9,45.8,63,-,-
Y58,RBD,DORSET COUNTY HOSPITAL NHS FOUNDATION TRUST,C_150,Neurosurgical Service,-,-,-,-,-,-,-,-
Y58,RBD,DORSET COUNTY HOSPITAL NHS FOUNDATION TRUST,C_160,Plastic Surgery Service,-,-,-,-,-,-,-,-
Y58,RBD,DORSET COUNTY HOSPITAL NHS FOUNDATION TRUST,C_170,Cardiothoracic Surgery Service,-,-,-,-,-,-,-,-
Y58,RBD,DORSET COUNTY HOSPITAL NHS FOUNDATION TRUST,C_300,General Internal Medicine Service,10,6,60.00%,-,-,-,-,-
Y58,RBD,DORSET COUNTY HOSPITAL NHS FOUNDATION TRUST,C_301,Gastroenterology Service,"1,076",644,59.90%,12.9,42.4,21,-,-
Y58,RBD,DORSET COUNTY HOSPITAL NHS FOUNDATION TRUST,C_320,Cardiology Service,"1,019",703,69.00%,10.2,30.6,3,-,-
Y58,RBD,DORSET COUNTY HOSPITAL NHS FOUNDATION TRUST,C_330,Dermatology Service,"1,273",750,58.90%,14.5,38,11,-,-
Y58,RBD,DORSET COUNTY HOSPITAL NHS FOUNDATION TRUST,C_340,Respiratory Medicine Service,338,252,74.60%,10.3,25.7,-,-,-
Y58,RBD,DORSET COUNTY HOSPITAL NHS FOUNDATION TRUST,C_400,Neurology Service,-,-,-,-,-,-,-,-
Y58,RBD,DORSET COUNTY HOSPITAL NHS FOUNDATION TRUST,C_410,Rheumatology Service,3,-,-,-,-,-,-,-
Y58,RBD,DORSET COUNTY HOSPITAL NHS FOUNDATION TRUST,C_430,Elderly Medicine Service,56,47,83.90%,11.7,24.5,-,-,-
Y58,RBD,DORSET COUNTY HOSPITAL NHS FOUNDATION TRUST,C_502,Gynaecology Service,"1,589",914,57.50%,15.1,39.3,16,-,-
Y58,RBD,DORSET COUNTY HOSPITAL NHS FOUNDATION TRUST,X02,Other - Medical Services,"1,033",844,81.70%,8.1,26,2,-,-
Y58,RBD,DORSET COUNTY HOSPITAL NHS FOUNDATION TRUST,X03,Other - Mental Health Services,-,-,-,-,-,-,-,-
Y58,RBD,DORSET COUNTY HOSPITAL NHS FOUNDATION TRUST,X04,Other - Paediatric Services,221,121,54.80%,15,44.7,7,-,-
Y58,RBD,DORSET COUNTY HOSPITAL NHS FOUNDATION TRUST,X05,Other - Surgical Services,"1,100",902,82.00%,6.9,28.7,7,-,-
Y58,RBD,DORSET COUNTY HOSPITAL NHS FOUNDATION TRUST,X06,Other - Other Services,2,2,100.00%,-,-,-,-,-
Y58,RD1,ROYAL UNITED HOSPITALS BATH NHS FOUNDATION TRUST,C_100,General Surgery Service,"4,275","2,693",63.00%,12.9,38.1,52,-,-
Y58,RD1,ROYAL UNITED HOSPITALS BATH NHS FOUNDATION TRUST,C_101,Urology Service,"2,170","1,374",63.30%,12.1,39.1,48,-,-
Y58,RD1,ROYAL UNITED HOSPITALS BATH NHS FOUNDATION TRUST,C_110,Trauma and Orthopaedic Service,"2,571","1,422",55.30%,15.9,44.7,85,-,3
Y58,RD1,ROYAL UNITED HOSPITALS BATH NHS FOUNDATION TRUST,C_120,Ear Nose and Throat Service,"3,839","1,715",44.70%,20.8,47.4,108,-,-
Y58,RD1,ROYAL UNITED HOSPITALS BATH NHS FOUNDATION TRUST,C_130,Ophthalmology Service,"2,900","2,133",73.60%,10.8,32.7,29,3,5
Y58,RD1,ROYAL UNITED HOSPITALS BATH NHS FOUNDATION TRUST,C_140,Oral Surgery Service,"3,656","2,309",63.20%,13.9,32.8,23,-,-
Y58,RD1,ROYAL UNITED HOSPITALS BATH NHS FOUNDATION TRUST,C_150,Neurosurgical Service,-,-,-,-,-,-,-,-
Y58,RD1,ROYAL UNITED HOSPITALS BATH NHS FOUNDATION TRUST,C_160,Plastic Surgery Service,-,-,-,-,-,-,-,-
Y58,RD1,ROYAL UNITED HOSPITALS BATH NHS FOUNDATION TRUST,C_170,Cardiothoracic Surgery Service,-,-,-,-,-,-,-,-
Y58,RD1,ROYAL UNITED HOSPITALS BATH NHS FOUNDATION TRUST,C_300,General Internal Medicine Service,87,87,100.00%,4.6,10.2,-,-,-
Y58,RD1,ROYAL UNITED HOSPITALS BATH NHS FOUNDATION TRUST,C_301,Gastroenterology Service,"3,979","1,942",48.80%,18.6,47.5,197,-,-
Y58,RD1,ROYAL UNITED HOSPITALS BATH NHS FOUNDATION TRUST,C_320,Cardiology Service,"4,122","2,222",53.90%,16.5,39.5,22,-,-
Y58,RD1,ROYAL UNITED HOSPITALS BATH NHS FOUNDATION TRUST,C_330,Dermatology Service,"2,036",999,49.10%,18.4,42.4,18,-,-
Y58,RD1,ROYAL UNITED HOSPITALS BATH NHS FOUNDATION TRUST,C_340,Respiratory Medicine Service,483,475,98.30%,6.3,14.9,-,-,-
Y58,RD1,ROYAL UNITED HOSPITALS BATH NHS FOUNDATION TRUST,C_400,Neurology Service,"1,160",808,69.70%,12.5,26.2,-,-,-
Y58,RD1,ROYAL UNITED HOSPITALS BATH NHS FOUNDATION TRUST,C_410,Rheumatology Service,"1,343",986,73.40%,11,25.4,-,-,-
Y58,RD1,ROYAL UNITED HOSPITALS BATH NHS FOUNDATION TRUST,C_430,Elderly Medicine Service,240,204,85.00%,11,21.5,-,-,-
Y58,RD1,ROYAL UNITED HOSPITALS BATH NHS FOUNDATION TRUST,C_502,Gynaecology Service,"2,880","1,535",53.30%,16.6,39.4,21,-,-
Y58,RD1,ROYAL UNITED HOSPITALS BATH NHS FOUNDATION TRUST,X02,Other - Medical Services,"1,096",755,68.90%,11.9,31.5,5,-,-
Y58,RD1,ROYAL UNITED HOSPITALS BATH NHS FOUNDATION TRUST,X03,Other - Mental Health Services,-,-,-,-,-,-,-,-
Y58,RD1,ROYAL UNITED HOSPITALS BATH NHS FOUNDATION TRUST,X04,Other - Paediatric Services,"1,200",928,77.30%,9.2,31,9,-,1
Y58,RD1,ROYAL UNITED HOSPITALS BATH NHS FOUNDATION TRUST,X05,Other - Surgical Services,"1,312",865,65.90%,12.4,30.9,4,-,-
Y58,RD1,ROYAL UNITED HOSPITALS BATH NHS FOUNDATION TRUST,X06,Other - Other Services,565,563,99.60%,4.2,11.1,-,-,-
Y58,REF,ROYAL CORNWALL HOSPITALS NHS TRUST,C_100,General Surgery Service,"1,837","1,180",64.20%,11.9,39.2,30,-,1
Y58,REF,ROYAL CORNWALL HOSPITALS NHS TRUST,C_101,Urology Service,"1,877","1,189",63.30%,12.8,34.8,3,-,1
Y58,REF,ROYAL CORNWALL HOSPITALS NHS TRUST,C_110,Trauma and Orthopaedic Service,"4,918","2,280",46.40%,19.5,48.5,281,2,31
Y58,REF,ROYAL CORNWALL HOSPITALS NHS TRUST,C_120,Ear Nose and Throat Service,"2,680","1,998",74.60%,10,35.6,23,-,-
Y58,REF,ROYAL CORNWALL HOSPITALS NHS TRUST,C_130,Ophthalmology Service,"4,349","3,224",74.10%,10.1,30.7,18,-,1
Y58,REF,ROYAL CORNWALL HOSPITALS NHS TRUST,C_140,Oral Surgery Service,"2,513","1,730",68.80%,11.6,39.4,44,-,-
Y58,REF,ROYAL CORNWALL HOSPITALS NHS TRUST,C_150,Neurosurgical Service,-,-,-,-,-,-,-,-
Y58,REF,ROYAL CORNWALL HOSPITALS NHS TRUST,C_160,Plastic Surgery Service,-,-,-,-,-,-,-,-
Y58,REF,ROYAL CORNWALL HOSPITALS NHS TRUST,C_170,Cardiothoracic Surgery Service,-,-,-,-,-,-,-,-
Y58,REF,ROYAL CORNWALL HOSPITALS NHS TRUST,C_300,General Internal Medicine Service,-,-,-,-,-,-,-,-
Y58,REF,ROYAL CORNWALL HOSPITALS NHS TRUST,C_301,Gastroenterology Service,"1,461","1,318",90.20%,5.2,19.8,-,-,-
Y58,REF,ROYAL CORNWALL HOSPITALS NHS TRUST,C_320,Cardiology Service,"2,071","1,512",73.00%,10.8,29.3,1,-,-
Y58,REF,ROYAL CORNWALL HOSPITALS NHS TRUST,C_330,Dermatology Service,"3,138","2,373",75.60%,9.2,32,3,-,-
Y58,REF,ROYAL CORNWALL HOSPITALS NHS TRUST,C_340,Respiratory Medicine Service,633,377,59.60%,13.8,38.4,9,-,-
Y58,REF,ROYAL CORNWALL HOSPITALS NHS TRUST,C_400,Neurology Service,"1,821",983,54.00%,16.6,41.9,13,-,-
Y58,REF,ROYAL CORNWALL HOSPITALS NHS TRUST,C_410,Rheumatology Service,632,612,96.80%,6.3,14.8,-,-,-
Y58,REF,ROYAL CORNWALL HOSPITALS NHS TRUST,C_430,Elderly Medicine Service,447,347,77.60%,10.7,27.2,-,-,-
Y58,REF,ROYAL CORNWALL HOSPITALS NHS TRUST,C_502,Gynaecology Service,"2,804","1,776",63.30%,12.5,38.5,17,-,-
Y58,REF,ROYAL CORNWALL HOSPITALS NHS TRUST,X02,Other - Medical Services,"5,774","4,265",73.90%,9.5,31,42,-,-
Y58,REF,ROYAL CORNWALL HOSPITALS NHS TRUST,X03,Other - Mental Health Services,-,-,-,-,-,-,-,-
Y58,REF,ROYAL CORNWALL HOSPITALS NHS TRUST,X04,Other - Paediatric Services,593,456,76.90%,8.9,28.9,2,-,-
Y58,REF,ROYAL CORNWALL HOSPITALS NHS TRUST,X05,Other - Surgical Services,"2,307","1,419",61.50%,11.8,41.6,55,1,1
Y58,REF,ROYAL CORNWALL HOSPITALS NHS TRUST,X06,Other - Other Services,869,761,87.60%,3.9,25.1,1,-,-
Y58,RH5,SOMERSET NHS FOUNDATION TRUST,C_100,General Surgery Service,"2,044","1,372",67.10%,11.6,36.8,51,-,6
Y58,RH5,SOMERSET NHS FOUNDATION TRUST,C_101,Urology Service,"3,679","2,023",55.00%,15.8,45.7,171,-,18
Y58,RH5,SOMERSET NHS FOUNDATION TRUST,C_110,Trauma and Orthopaedic Service,"8,226","4,825",58.70%,13.9,47.7,442,3,63
Y58,RH5,SOMERSET NHS FOUNDATION TRUST,C_120,Ear Nose and Throat Service,"5,075","2,687",52.90%,16.8,44,180,-,13
Y58,RH5,SOMERSET NHS FOUNDATION TRUST,C_130,Ophthalmology Service,"4,897","3,276",66.90%,12.1,33.2,27,-,-
Y58,RH5,SOMERSET NHS FOUNDATION TRUST,C_140,Oral Surgery Service,"2,914","1,600",54.90%,16,39.8,29,-,1
Y58,RH5,SOMERSET NHS FOUNDATION TRUST,C_150,Neurosurgical Service,-,-,-,-,-,-,-,-
Y58,RH5,SOMERSET NHS FOUNDATION TRUST,C_160,Plastic Surgery Service,191,120,62.80%,12.9,33.6,1,-,-
Y58,RH5,SOMERSET NHS FOUNDATION TRUST,C_170,Cardiothoracic Surgery Service,38,19,50.00%,15,42.5,-,-,-
Y58,RH5,SOMERSET NHS FOUNDATION TRUST,C_300,General Internal Medicine Service,66,37,56.10%,16,31.6,-,-,-
Y58,RH5,SOMERSET NHS FOUNDATION TRUST,C_301,Gastroenterology Service,"2,781","1,589",57.10%,15.1,35.4,47,-,7
Y58,RH5,SOMERSET NHS FOUNDATION TRUST,C_320,Cardiology Service,"3,603","2,616",72.60%,10.5,32.8,5,-,-
Y58,RH5,SOMERSET NHS FOUNDATION TRUST,C_330,Dermatology Service,"2,942","1,982",67.40%,11.2,37.1,16,-,2
Y58,RH5,SOMERSET NHS FOUNDATION TRUST,C_340,Respiratory Medicine Service,"1,837","1,233",67.10%,12,35.3,5,-,-
Y58,RH5,SOMERSET NHS FOUNDATION TRUST,C_400,Neurology Service,"1,938","1,084",55.90%,15.7,39.5,20,-,1
Y58,RH5,SOMERSET NHS FOUNDATION TRUST,C_410,Rheumatology Service,836,585,70.00%,12,32.2,2,-,-
Y58,RH5,SOMERSET NHS FOUNDATION TRUST,C_430,Elderly Medicine Service,545,413,75.80%,8.4,33.6,1,-,-
Y58,RH5,SOMERSET NHS FOUNDATION TRUST,C_502,Gynaecology Service,"4,800","2,770",57.70%,15.2,40.6,86,-,3
Y58,RH5,SOMERSET NHS FOUNDATION TRUST,X02,Other - Medical Services,"3,307","2,278",68.90%,11.3,33.8,5,-,-
Y58,RH5,SOMERSET NHS FOUNDATION TRUST,X03,Other - Mental Health Services,-,-,-,-,-,-,-,-
Y58,RH5,SOMERSET NHS FOUNDATION TRUST,X04,Other - Paediatric Services,"1,649","1,132",68.60%,11.1,38.3,14,-,1
Y58,RH5,SOMERSET NHS FOUNDATION TRUST,X05,Other - Surgical Services,"6,354","3,898",61.30%,13.5,45.5,276,1,31
Y58,RH5,SOMERSET NHS FOUNDATION TRUST,X06,Other - Other Services,"1,307",916,70.10%,11.1,37.5,10,-,-
Y58,RH8,ROYAL DEVON UNIVERSITY HEALTHCARE NHS FOUNDATION TRUST,C_100,General Surgery Service,"1,344",583,43.40%,20.3,50.9,97,-,11
Y58,RH8,ROYAL DEVON UNIVERSITY HEALTHCARE NHS FOUNDATION TRUST,C_101,Urology Service,"3,327","2,186",65.70%,12.1,38.4,77,-,12
Y58,RH8,ROYAL DEVON UNIVERSITY HEALTHCARE NHS FOUNDATION TRUST,C_110,Trauma and Orthopaedic Service,"10,319","4,854",47.00%,19.2,47,498,6,97
Y58,RH8,ROYAL DEVON UNIVERSITY HEALTHCARE NHS FOUNDATION TRUST,C_120,Ear Nose and Throat Service,"4,209","2,444",58.10%,15.2,41.3,74,-,2
Y58,RH8,ROYAL DEVON UNIVERSITY HEALTHCARE NHS FOUNDATION TRUST,C_130,Ophthalmology Service,"8,246","4,595",55.70%,15.4,45,244,-,31
Y58,RH8,ROYAL DEVON UNIVERSITY HEALTHCARE NHS FOUNDATION TRUST,C_140,Oral Surgery Service,"2,970","1,851",62.30%,14,39,60,-,3
Y58,RH8,ROYAL DEVON UNIVERSITY HEALTHCARE NHS FOUNDATION TRUST,C_150,Neurosurgical Service,-,-,-,-,-,-,-,-
Y58,RH8,ROYAL DEVON UNIVERSITY HEALTHCARE NHS FOUNDATION TRUST,C_160,Plastic Surgery Service,"1,284",782,60.90%,14.1,39.3,18,-,1
Y58,RH8,ROYAL DEVON UNIVERSITY HEALTHCARE NHS FOUNDATION TRUST,C_170,Cardiothoracic Surgery Service,-,-,-,-,-,-,-,-
Y58,RH8,ROYAL DEVON UNIVERSITY HEALTHCARE NHS FOUNDATION TRUST,C_300,General Internal Medicine Service,238,144,60.50%,13.8,36.5,2,-,-
Y58,RH8,ROYAL DEVON UNIVERSITY HEALTHCARE NHS FOUNDATION TRUST,C_301,Gastroenterology Service,"2,808","2,079",74.00%,10.5,31.7,22,-,3
Y58,RH8,ROYAL DEVON UNIVERSITY HEALTHCARE NHS FOUNDATION TRUST,C_320,Cardiology Service,"5,767","3,128",54.20%,16,49.5,349,3,69
Y58,RH8,ROYAL DEVON UNIVERSITY HEALTHCARE NHS FOUNDATION TRUST,C_330,Dermatology Service,"4,589","2,737",59.60%,13.8,42,131,-,11
Y58,RH8,ROYAL DEVON UNIVERSITY HEALTHCARE NHS FOUNDATION TRUST,C_340,Respiratory Medicine Service,"2,356","1,376",58.40%,15.3,40.6,40,2,4
Y58,RH8,ROYAL DEVON UNIVERSITY HEALTHCARE NHS FOUNDATION TRUST,C_400,Neurology Service,"1,761","1,013",57.50%,15.2,37.3,29,-,6
Y58,RH8,ROYAL DEVON UNIVERSITY HEALTHCARE NHS FOUNDATION TRUST,C_410,Rheumatology Service,529,413,78.10%,8.5,29.9,4,-,-
Y58,RH8,ROYAL DEVON UNIVERSITY HEALTHCARE NHS FOUNDATION TRUST,C_430,Elderly Medicine Service,199,171,85.90%,7.4,24,3,-,2
Y58,RH8,ROYAL DEVON UNIVERSITY HEALTHCARE NHS FOUNDATION TRUST,C_502,Gynaecology Service,"3,913","2,356",60.20%,14.3,42.9,149,-,23
Y58,RH8,ROYAL DEVON UNIVERSITY HEALTHCARE NHS FOUNDATION TRUST,X02,Other - Medical Services,"6,213","4,255",68.50%,11.5,37.8,88,1,8
Y58,RH8,ROYAL DEVON UNIVERSITY HEALTHCARE NHS FOUNDATION TRUST,X03,Other - Mental Health Services,-,-,-,-,-,-,-,-
Y58,RH8,ROYAL DEVON UNIVERSITY HEALTHCARE NHS FOUNDATION TRUST,X04,Other - Paediatric Services,"1,269",673,53.00%,16.4,43.6,32,-,3
Y58,RH8,ROYAL DEVON UNIVERSITY HEALTHCARE NHS FOUNDATION TRUST,X05,Other - Surgical Services,"7,241","4,183",57.80%,14.1,45.2,272,7,57
Y58,RH8,ROYAL DEVON UNIVERSITY HEALTHCARE NHS FOUNDATION TRUST,X06,Other - Other Services,"2,309","1,870",81.00%,8.6,29.1,11,-,2
Y58,RJ8,CORNWALL PARTNERSHIP NHS FOUNDATION TRUST,C_100,General Surgery Service,-,-,-,-,-,-,-,-
Y58,RJ8,CORNWALL PARTNERSHIP NHS FOUNDATION TRUST,C_101,Urology Service,-,-,-,-,-,-,-,-
Y58,RJ8,CORNWALL PARTNERSHIP NHS FOUNDATION TRUST,C_110,Trauma and Orthopaedic Service,104,104,100.00%,6.7,12.1,-,-,-
Y58,RJ8,CORNWALL PARTNERSHIP NHS FOUNDATION TRUST,C_120,Ear Nose and Throat Service,-,-,-,-,-,-,-,-
Y58,RJ8,CORNWALL PARTNERSHIP NHS FOUNDATION TRUST,C_130,Ophthalmology Service,-,-,-,-,-,-,-,-
Y58,RJ8,CORNWALL PARTNERSHIP NHS FOUNDATION TRUST,C_140,Oral Surgery Service,-,-,-,-,-,-,-,-
Y58,RJ8,CORNWALL PARTNERSHIP NHS FOUNDATION TRUST,C_150,Neurosurgical Service,-,-,-,-,-,-,-,-
Y58,RJ8,CORNWALL PARTNERSHIP NHS FOUNDATION TRUST,C_160,Plastic Surgery Service,-,-,-,-,-,-,-,-
Y58,RJ8,CORNWALL PARTNERSHIP NHS FOUNDATION TRUST,C_170,Cardiothoracic Surgery Service,-,-,-,-,-,-,-,-
Y58,RJ8,CORNWALL PARTNERSHIP NHS FOUNDATION TRUST,C_300,General Internal Medicine Service,-,-,-,-,-,-,-,-
Y58,RJ8,CORNWALL PARTNERSHIP NHS FOUNDATION TRUST,C_301,Gastroenterology Service,-,-,-,-,-,-,-,-
Y58,RJ8,CORNWALL PARTNERSHIP NHS FOUNDATION TRUST,C_320,Cardiology Service,-,-,-,-,-,-,-,-
Y58,RJ8,CORNWALL PARTNERSHIP NHS FOUNDATION TRUST,C_330,Dermatology Service,-,-,-,-,-,-,-,-
Y58,RJ8,CORNWALL PARTNERSHIP NHS FOUNDATION TRUST,C_340,Respiratory Medicine Service,-,-,-,-,-,-,-,-
Y58,RJ8,CORNWALL PARTNERSHIP NHS FOUNDATION TRUST,C_400,Neurology Service,-,-,-,-,-,-,-,-
Y58,RJ8,CORNWALL PARTNERSHIP NHS FOUNDATION TRUST,C_410,Rheumatology Service,-,-,-,-,-,-,-,-
Y58,RJ8,CORNWALL PARTNERSHIP NHS FOUNDATION TRUST,C_430,Elderly Medicine Service,-,-,-,-,-,-,-,-
Y58,RJ8,CORNWALL PARTNERSHIP NHS FOUNDATION TRUST,C_502,Gynaecology Service,-,-,-,-,-,-,-,-
Y58,RJ8,CORNWALL PARTNERSHIP NHS FOUNDATION TRUST,X02,Other - Medical Services,314,308,98.10%,7.2,14.8,-,-,-
Y58,RJ8,CORNWALL PARTNERSHIP NHS FOUNDATION TRUST,X03,Other - Mental Health Services,-,-,-,-,-,-,-,-
Y58,RJ8,CORNWALL PARTNERSHIP NHS FOUNDATION TRUST,X04,Other - Paediatric Services,-,-,-,-,-,-,-,-
Y58,RJ8,CORNWALL PARTNERSHIP NHS FOUNDATION TRUST,X05,Other - Surgical Services,-,-,-,-,-,-,-,-
Y58,RJ8,CORNWALL PARTNERSHIP NHS FOUNDATION TRUST,X06,Other - Other Services,-,-,-,-,-,-,-,-
Y58,RK9,UNIVERSITY HOSPITALS PLYMOUTH NHS TRUST,C_100,General Surgery Service,27,25,92.60%,4.3,11.8,-,-,-
Y58,RK9,UNIVERSITY HOSPITALS PLYMOUTH NHS TRUST,C_101,Urology Service,"2,640","1,790",67.80%,10.3,39.9,64,-,7
Y58,RK9,UNIVERSITY HOSPITALS PLYMOUTH NHS TRUST,C_110,Trauma and Orthopaedic Service,"3,532","1,772",50.20%,17.9,50.2,232,3,37
Y58,RK9,UNIVERSITY HOSPITALS PLYMOUTH NHS TRUST,C_120,Ear Nose and Throat Service,"4,073","2,315",56.80%,15.1,44.4,91,-,6
Y58,RK9,UNIVERSITY HOSPITALS PLYMOUTH NHS TRUST,C_130,Ophthalmology Service,"6,428","3,500",54.40%,15.6,48.7,348,1,40
Y58,RK9,UNIVERSITY HOSPITALS PLYMOUTH NHS TRUST,C_140,Oral Surgery Service,-,-,-,-,-,-,-,-
Y58,RK9,UNIVERSITY HOSPITALS PLYMOUTH NHS TRUST,C_150,Neurosurgical Service,"1,436",841,58.60%,14.2,42.7,55,2,12
Y58,RK9,UNIVERSITY HOSPITALS PLYMOUTH NHS TRUST,C_160,Plastic Surgery Service,"1,155",924,80.00%,6.1,31.8,10,-,-
Y58,RK9,UNIVERSITY HOSPITALS PLYMOUTH NHS TRUST,C_170,Cardiothoracic Surgery Service,553,229,41.40%,23.1,53.9,50,2,16
Y58,RK9,UNIVERSITY HOSPITALS PLYMOUTH NHS TRUST,C_300,General Internal Medicine Service,28,24,85.70%,8.5,31.8,2,-,-
Y58,RK9,UNIVERSITY HOSPITALS PLYMOUTH NHS TRUST,C_301,Gastroenterology Service,"1,361","1,006",73.90%,8.8,32,11,-,1
Y58,RK9,UNIVERSITY HOSPITALS PLYMOUTH NHS TRUST,C_320,Cardiology Service,"3,038","1,544",50.80%,17.7,46.2,137,-,18
Y58,RK9,UNIVERSITY HOSPITALS PLYMOUTH NHS TRUST,C_330,Dermatology Service,"1,900","1,485",78.20%,9,29.1,1,-,-
Y58,RK9,UNIVERSITY HOSPITALS PLYMOUTH NHS TRUST,C_340,Respiratory Medicine Service,"1,806",907,50.20%,17.9,44.9,95,-,30
Y58,RK9,UNIVERSITY HOSPITALS PLYMOUTH NHS TRUST,C_400,Neurology Service,"3,592","2,104",58.60%,13.9,49.6,233,14,36
Y58,RK9,UNIVERSITY HOSPITALS PLYMOUTH NHS TRUST,C_410,Rheumatology Service,538,440,81.80%,9.2,28.7,14,-,4
Y58,RK9,UNIVERSITY HOSPITALS PLYMOUTH NHS TRUST,C_430,Elderly Medicine Service,64,33,51.60%,17.5,49.9,3,-,-
Y58,RK9,UNIVERSITY HOSPITALS PLYMOUTH NHS TRUST,C_502,Gynaecology Service,"3,842","1,865",48.50%,18.6,44.7,124,-,4
Y58,RK9,UNIVERSITY HOSPITALS PLYMOUTH NHS TRUST,X02,Other - Medical Services,"4,461","3,044",68.20%,11.7,34.8,60,-,5
Y58,RK9,UNIVERSITY HOSPITALS PLYMOUTH NHS TRUST,X03,Other - Mental Health Services,-,-,-,-,-,-,-,-
Y58,RK9,UNIVERSITY HOSPITALS PLYMOUTH NHS TRUST,X04,Other - Paediatric Services,"1,618",814,50.30%,17.8,48.4,62,-,1
Y58,RK9,UNIVERSITY HOSPITALS PLYMOUTH NHS TRUST,X05,Other - Surgical Services,"5,873","3,576",60.90%,13.2,44,180,-,18
Y58,RK9,UNIVERSITY HOSPITALS PLYMOUTH NHS TRUST,X06,Other - Other Services,721,632,87.70%,7.6,22.7,3,-,-
Y58,RN3,GREAT WESTERN HOSPITALS NHS FOUNDATION TRUST,C_100,General Surgery Service,"4,713","2,743",58.20%,14.3,45,170,-,4
Y58,RN3,GREAT WESTERN HOSPITALS NHS FOUNDATION TRUST,C_101,Urology Service,"2,781","1,379",49.60%,18.3,51.5,208,-,7
Y58,RN3,GREAT WESTERN HOSPITALS NHS FOUNDATION TRUST,C_110,Trauma and Orthopaedic Service,"4,945","2,623",53.00%,16.8,44,170,-,2
Y58,RN3,GREAT WESTERN HOSPITALS NHS FOUNDATION TRUST,C_120,Ear Nose and Throat Service,"3,644","1,875",51.50%,17.3,40.5,48,-,3
Y58,RN3,GREAT WESTERN HOSPITALS NHS FOUNDATION TRUST,C_130,Ophthalmology Service,"2,018","1,233",61.10%,13.9,38.2,21,-,3
Y58,RN3,GREAT WESTERN HOSPITALS NHS FOUNDATION TRUST,C_140,Oral Surgery Service,"2,778","1,400",50.40%,17.8,41.4,58,-,-
Y58,RN3,GREAT WESTERN HOSPITALS NHS FOUNDATION TRUST,C_150,Neurosurgical Service,-,-,-,-,-,-,-,-
Y58,RN3,GREAT WESTERN HOSPITALS NHS FOUNDATION TRUST,C_160,Plastic Surgery Service,324,200,61.70%,12.6,49.2,20,-,6
Y58,RN3,GREAT WESTERN HOSPITALS NHS FOUNDATION TRUST,C_170,Cardiothoracic Surgery Service,-,-,-,-,-,-,-,-
Y58,RN3,GREAT WESTERN HOSPITALS NHS FOUNDATION TRUST,C_300,General Internal Medicine Service,-,-,-,-,-,-,-,-
Y58,RN3,GREAT WESTERN HOSPITALS NHS FOUNDATION TRUST,C_301,Gastroenterology Service,"3,417","2,153",63.00%,13.8,32.6,20,2,4
Y58,RN3,GREAT WESTERN HOSPITALS NHS FOUNDATION TRUST,C_320,Cardiology Service,"1,341",788,58.80%,14,45,30,-,-
Y58,RN3,GREAT WESTERN HOSPITALS NHS FOUNDATION TRUST,C_330,Dermatology Service,"2,568","1,497",58.30%,14.5,35.2,51,-,1
Y58,RN3,GREAT WESTERN HOSPITALS NHS FOUNDATION TRUST,C_340,Respiratory Medicine Service,850,417,49.10%,18.7,48.2,30,-,-
Y58,RN3,GREAT WESTERN HOSPITALS NHS FOUNDATION TRUST,C_400,Neurology Service,"1,591",558,35.10%,26.5,57.5,229,-,4
Y58,RN3,GREAT WESTERN HOSPITALS NHS FOUNDATION TRUST,C_410,Rheumatology Service,305,236,77.40%,7.3,28.3,-,-,-
Y58,RN3,GREAT WESTERN HOSPITALS NHS FOUNDATION TRUST,C_430,Elderly Medicine Service,185,121,65.40%,12.9,30.9,-,-,-
Y58,RN3,GREAT WESTERN HOSPITALS NHS FOUNDATION TRUST,C_502,Gynaecology Service,"3,376","1,710",50.70%,17.6,46,133,-,5
Y58,RN3,GREAT WESTERN HOSPITALS NHS FOUNDATION TRUST,X02,Other - Medical Services,"1,722",977,56.70%,14.9,40.9,31,1,1
Y58,RN3,GREAT WESTERN HOSPITALS NHS FOUNDATION TRUST,X03,Other - Mental Health Services,-,-,-,-,-,-,-,-
Y58,RN3,GREAT WESTERN HOSPITALS NHS FOUNDATION TRUST,X04,Other - Paediatric Services,"1,583",727,45.90%,19.7,48.6,62,-,2
Y58,RN3,GREAT WESTERN HOSPITALS NHS FOUNDATION TRUST,X05,Other - Surgical Services,787,532,67.60%,9.1,32.9,6,-,-
Y58,RN3,GREAT WESTERN HOSPITALS NHS FOUNDATION TRUST,X06,Other - Other Services,863,626,72.50%,10.5,31.2,3,-,-
Y58,RNZ,SALISBURY NHS FOUNDATION TRUST,C_100,General Surgery Service,"1,131",574,50.80%,17.7,51.3,83,-,-
Y58,RNZ,SALISBURY NHS FOUNDATION TRUST,C_101,Urology Service,"2,113","1,444",68.30%,12.1,41.5,62,-,-
Y58,RNZ,SALISBURY NHS FOUNDATION TRUST,C_110,Trauma and Orthopaedic Service,"2,513","1,483",59.00%,15,40,53,-,-
Y58,RNZ,SALISBURY NHS FOUNDATION TRUST,C_120,Ear Nose and Throat Service,"2,266","1,600",70.60%,12.6,33.5,10,-,-
Y58,RNZ,SALISBURY NHS FOUNDATION TRUST,C_130,Ophthalmology Service,"2,633","1,560",59.20%,15,37.6,16,-,2
Y58,RNZ,SALISBURY NHS FOUNDATION TRUST,C_140,Oral Surgery Service,"2,120",953,45.00%,19.7,49.4,130,-,-
Y58,RNZ,SALISBURY NHS FOUNDATION TRUST,C_150,Neurosurgical Service,-,-,-,-,-,-,-,-
Y58,RNZ,SALISBURY NHS FOUNDATION TRUST,C_160,Plastic Surgery Service,"1,951","1,082",55.50%,15.7,48.1,102,-,4
Y58,RNZ,SALISBURY NHS FOUNDATION TRUST,C_170,Cardiothoracic Surgery Service,-,-,-,-,-,-,-,-
Y58,RNZ,SALISBURY NHS FOUNDATION TRUST,C_300,General Internal Medicine Service,22,19,86.40%,7.7,22.2,-,-,-
Y58,RNZ,SALISBURY NHS FOUNDATION TRUST,C_301,Gastroenterology Service,"1,064",767,72.10%,11.1,30.9,1,-,-
Y58,RNZ,SALISBURY NHS FOUNDATION TRUST,C_320,Cardiology Service,"2,131","1,322",62.00%,13.8,39.5,10,-,-
Y58,RNZ,SALISBURY NHS FOUNDATION TRUST,C_330,Dermatology Service,957,66,6.90%,38.5,52.6,87,-,2
Y58,RNZ,SALISBURY NHS FOUNDATION TRUST,C_340,Respiratory Medicine Service,"1,074",613,57.10%,15.7,48.4,48,-,-
Y58,RNZ,SALISBURY NHS FOUNDATION TRUST,C_400,Neurology Service,-,-,-,-,-,-,-,-
Y58,RNZ,SALISBURY NHS FOUNDATION TRUST,C_410,Rheumatology Service,862,415,48.10%,18.8,43.2,4,-,-
Y58,RNZ,SALISBURY NHS FOUNDATION TRUST,C_430,Elderly Medicine Service,264,220,83.30%,9.5,22.9,3,-,-
Y58,RNZ,SALISBURY NHS FOUNDATION TRUST,C_502,Gynaecology Service,"2,377","1,523",64.10%,13,34.1,13,-,-
Y58,RNZ,SALISBURY NHS FOUNDATION TRUST,X02,Other - Medical Services,"3,186","2,200",69.10%,12.3,33.3,35,-,-
Y58,RNZ,SALISBURY NHS FOUNDATION TRUST,X03,Other - Mental Health Services,84,60,71.40%,9.6,21.9,-,-,-
Y58,RNZ,SALISBURY NHS FOUNDATION TRUST,X04,Other - Paediatric Services,193,125,64.80%,13.6,37.1,-,-,-
Y58,RNZ,SALISBURY NHS FOUNDATION TRUST,X05,Other - Surgical Services,"1,629","1,102",67.60%,11.4,34.2,11,-,-
Y58,RNZ,SALISBURY NHS FOUNDATION TRUST,X06,Other - Other Services,750,586,78.10%,10,22,6,-,-
Y58,RTE,GLOUCESTERSHIRE HOSPITALS NHS FOUNDATION TRUST,C_100,General Surgery Service,27,17,63.00%,12.5,43.8,1,-,-
Y58,RTE,GLOUCESTERSHIRE HOSPITALS NHS FOUNDATION TRUST,C_101,Urology Service,"4,155","3,149",75.80%,8.5,40.7,114,-,-
Y58,RTE,GLOUCESTERSHIRE HOSPITALS NHS FOUNDATION TRUST,C_110,Trauma and Orthopaedic Service,"9,317","5,321",57.10%,16,41.6,182,-,3
Y58,RTE,GLOUCESTERSHIRE HOSPITALS NHS FOUNDATION TRUST,C_120,Ear Nose and Throat Service,"7,365","3,425",46.50%,20.2,48.7,338,-,-
Y58,RTE,GLOUCESTERSHIRE HOSPITALS NHS FOUNDATION TRUST,C_130,Ophthalmology Service,"4,790","3,080",64.30%,12.2,35.3,20,-,9
Y58,RTE,GLOUCESTERSHIRE HOSPITALS NHS FOUNDATION TRUST,C_140,Oral Surgery Service,"3,522","1,956",55.50%,15.8,39.9,71,-,-
Y58,RTE,GLOUCESTERSHIRE HOSPITALS NHS FOUNDATION TRUST,C_150,Neurosurgical Service,-,-,-,-,-,-,-,-
Y58,RTE,GLOUCESTERSHIRE HOSPITALS NHS FOUNDATION TRUST,C_160,Plastic Surgery Service,-,-,-,-,-,-,-,-
Y58,RTE,GLOUCESTERSHIRE HOSPITALS NHS FOUNDATION TRUST,C_170,Cardiothoracic Surgery Service,18,18,100.00%,-,-,-,-,-
Y58,RTE,GLOUCESTERSHIRE HOSPITALS NHS FOUNDATION TRUST,C_300,General Internal Medicine Service,248,205,82.70%,7.2,26.6,3,-,-
Y58,RTE,GLOUCESTERSHIRE HOSPITALS NHS FOUNDATION TRUST,C_301,Gastroenterology Service,"3,769","3,165",84.00%,7.1,25.4,11,-,-
Y58,RTE,GLOUCESTERSHIRE HOSPITALS NHS FOUNDATION TRUST,C_320,Cardiology Service,"6,738","5,048",74.90%,8.9,33.9,36,-,-
Y58,RTE,GLOUCESTERSHIRE HOSPITALS NHS FOUNDATION TRUST,C_330,Dermatology Service,"4,903","2,701",55.10%,16.1,37,15,-,-
Y58,RTE,GLOUCESTERSHIRE HOSPITALS NHS FOUNDATION TRUST,C_340,Respiratory Medicine Service,"1,079",923,85.50%,8.3,22.6,2,-,-
Y58,RTE,GLOUCESTERSHIRE HOSPITALS NHS FOUNDATION TRUST,C_400,Neurology Service,"2,457","1,413",57.50%,14.3,38.4,21,-,-
Y58,RTE,GLOUCESTERSHIRE HOSPITALS NHS FOUNDATION TRUST,C_410,Rheumatology Service,"1,132",730,64.50%,11.6,34.1,5,-,-
Y58,RTE,GLOUCESTERSHIRE HOSPITALS NHS FOUNDATION TRUST,C_430,Elderly Medicine Service,325,288,88.60%,7.4,21.8,-,-,-
Y58,RTE,GLOUCESTERSHIRE HOSPITALS NHS FOUNDATION TRUST,C_502,Gynaecology Service,"3,417","2,362",69.10%,10,32.2,2,-,-
Y58,RTE,GLOUCESTERSHIRE HOSPITALS NHS FOUNDATION TRUST,X02,Other - Medical Services,"8,184","6,941",84.80%,7,26.2,3,-,-
Y58,RTE,GLOUCESTERSHIRE HOSPITALS NHS FOUNDATION TRUST,X03,Other - Mental Health Services,-,-,-,-,-,-,-,-
Y58,RTE,GLOUCESTERSHIRE HOSPITALS NHS FOUNDATION TRUST,X04,Other - Paediatric Services,"1,401",873,62.30%,12.9,35.9,14,-,-
Y58,RTE,GLOUCESTERSHIRE HOSPITALS NHS FOUNDATION TRUST,X05,Other - Surgical Services,"6,958","4,899",70.40%,9.8,37,95,-,-
Y58,RTE,GLOUCESTERSHIRE HOSPITALS NHS FOUNDATION TRUST,X06,Other - Other Services,762,711,93.30%,5.6,16.6,-,-,-
Y58,RVJ,NORTH BRISTOL NHS TRUST,C_100,General Surgery Service,835,461,55.20%,16.4,43.7,25,-,-
Y58,RVJ,NORTH BRISTOL NHS TRUST,C_101,Urology Service,"6,817","4,474",65.60%,11.9,39.6,98,-,2
Y58,RVJ,NORTH BRISTOL NHS TRUST,C_110,Trauma and Orthopaedic Service,"5,479","3,194",58.30%,14.5,41,103,-,-
Y58,RVJ,NORTH BRISTOL NHS TRUST,C_120,Ear Nose and Throat Service,-,-,-,-,-,-,-,-
Y58,RVJ,NORTH BRISTOL NHS TRUST,C_130,Ophthalmology Service,-,-,-,-,-,-,-,-
Y58,RVJ,NORTH BRISTOL NHS TRUST,C_140,Oral Surgery Service,-,-,-,-,-,-,-,-
Y58,RVJ,NORTH BRISTOL NHS TRUST,C_150,Neurosurgical Service,"1,357","1,004",74.00%,9.3,32.5,-,-,-
Y58,RVJ,NORTH BRISTOL NHS TRUST,C_160,Plastic Surgery Service,"2,546","1,535",60.30%,13.7,36.9,15,-,1
Y58,RVJ,NORTH BRISTOL NHS TRUST,C_170,Cardiothoracic Surgery Service,8,8,100.00%,-,-,-,-,-
Y58,RVJ,NORTH BRISTOL NHS TRUST,C_300,General Internal Medicine Service,-,-,-,-,-,-,-,-
Y58,RVJ,NORTH BRISTOL NHS TRUST,C_301,Gastroenterology Service,"1,046",586,56.00%,15.3,36.2,4,-,-
Y58,RVJ,NORTH BRISTOL NHS TRUST,C_320,Cardiology Service,"1,674","1,220",72.90%,10.4,28.1,5,-,-
Y58,RVJ,NORTH BRISTOL NHS TRUST,C_330,Dermatology Service,"1,957","1,279",65.40%,13.7,40,1,-,-
Y58,RVJ,NORTH BRISTOL NHS TRUST,C_340,Respiratory Medicine Service,769,701,91.20%,6.9,18.5,-,-,-
Y58,RVJ,NORTH BRISTOL NHS TRUST,C_400,Neurology Service,"4,378","2,465",56.30%,15.3,38.7,-,-,-
Y58,RVJ,NORTH BRISTOL NHS TRUST,C_410,Rheumatology Service,685,597,87.20%,7.6,20.8,-,-,-
Y58,RVJ,NORTH BRISTOL NHS TRUST,C_430,Elderly Medicine Service,222,194,87.40%,7.8,22.7,-,-,-
Y58,RVJ,NORTH BRISTOL NHS TRUST,C_502,Gynaecology Service,"4,831","3,070",63.50%,12.7,44.4,148,-,1
Y58,RVJ,NORTH BRISTOL NHS TRUST,X02,Other - Medical Services,"6,017","3,958",65.80%,12.7,32,2,-,-
Y58,RVJ,NORTH BRISTOL NHS TRUST,X03,Other - Mental Health Services,-,-,-,-,-,-,-,-
Y58,RVJ,NORTH BRISTOL NHS TRUST,X04,Other - Paediatric Services,7,7,100.00%,-,-,-,-,-
Y58,RVJ,NORTH BRISTOL NHS TRUST,X05,Other - Surgical Services,"5,157","3,872",75.10%,8.9,32,33,-,-
Y58,RVJ,NORTH BRISTOL NHS TRUST,X06,Other - Other Services,147,145,98.60%,6.1,15.4,-,-,-
Y59,R1F,ISLE OF WIGHT NHS TRUST,C_100,General Surgery Service,798,410,51.40%,17.5,42,6,-,-
Y59,R1F,ISLE OF WIGHT NHS TRUST,C_101,Urology Service,842,537,63.80%,10.6,37.2,1,-,-
Y59,R1F,ISLE OF WIGHT NHS TRUST,C_110,Trauma and Orthopaedic Service,"2,264","1,027",45.40%,19.7,41.5,44,1,1
Y59,R1F,ISLE OF WIGHT NHS TRUST,C_120,Ear Nose and Throat Service,"1,425",540,37.90%,22.5,41.2,3,-,-
Y59,R1F,ISLE OF WIGHT NHS TRUST,C_130,Ophthalmology Service,"2,253","1,378",61.20%,13.9,39.1,26,-,-
Y59,R1F,ISLE OF WIGHT NHS TRUST,C_140,Oral Surgery Service,723,330,45.60%,20.7,46.1,21,-,-
Y59,R1F,ISLE OF WIGHT NHS TRUST,C_150,Neurosurgical Service,-,-,-,-,-,-,-,-
Y59,R1F,ISLE OF WIGHT NHS TRUST,C_160,Plastic Surgery Service,-,-,-,-,-,-,-,-
Y59,R1F,ISLE OF WIGHT NHS TRUST,C_170,Cardiothoracic Surgery Service,-,-,-,-,-,-,-,-
Y59,R1F,ISLE OF WIGHT NHS TRUST,C_300,General Internal Medicine Service,1,1,100.00%,-,-,-,-,-
Y59,R1F,ISLE OF WIGHT NHS TRUST,C_301,Gastroenterology Service,769,460,59.80%,13.4,36.1,-,-,-
Y59,R1F,ISLE OF WIGHT NHS TRUST,C_320,Cardiology Service,905,354,39.10%,22.4,44.2,12,-,-
Y59,R1F,ISLE OF WIGHT NHS TRUST,C_330,Dermatology Service,-,-,-,-,-,-,-,-
Y59,R1F,ISLE OF WIGHT NHS TRUST,C_340,Respiratory Medicine Service,263,156,59.30%,14.3,32.7,2,-,-
Y59,R1F,ISLE OF WIGHT NHS TRUST,C_400,Neurology Service,-,-,-,-,-,-,-,-
Y59,R1F,ISLE OF WIGHT NHS TRUST,C_410,Rheumatology Service,496,440,88.70%,7.2,19.1,-,-,-
Y59,R1F,ISLE OF WIGHT NHS TRUST,C_430,Elderly Medicine Service,42,40,95.20%,4,13.3,-,-,-
Y59,R1F,ISLE OF WIGHT NHS TRUST,C_502,Gynaecology Service,"1,079",553,51.30%,17.6,41.8,12,-,-
Y59,R1F,ISLE OF WIGHT NHS TRUST,X02,Other - Medical Services,483,345,71.40%,11.3,32.1,1,-,-
Y59,R1F,ISLE OF WIGHT NHS TRUST,X03,Other - Mental Health Services,3,2,66.70%,-,-,-,-,-
Y59,R1F,ISLE OF WIGHT NHS TRUST,X04,Other - Paediatric Services,-,-,-,-,-,-,-,-
Y59,R1F,ISLE OF WIGHT NHS TRUST,X05,Other - Surgical Services,"1,155",897,77.70%,8.9,32.1,1,-,-
Y59,R1F,ISLE OF WIGHT NHS TRUST,X06,Other - Other Services,75,43,57.30%,14.5,39.6,-,-,-
Y59,RA2,ROYAL SURREY COUNTY HOSPITAL NHS FOUNDATION TRUST,C_100,General Surgery Service,"2,887","2,042",70.70%,11.3,41.3,95,1,6
Y59,RA2,ROYAL SURREY COUNTY HOSPITAL NHS FOUNDATION TRUST,C_101,Urology Service,"1,606","1,304",81.20%,8.8,31.3,8,-,-
Y59,RA2,ROYAL SURREY COUNTY HOSPITAL NHS FOUNDATION TRUST,C_110,Trauma and Orthopaedic Service,"6,124","2,785",45.50%,20.5,50.1,393,10,54
Y59,RA2,ROYAL SURREY COUNTY HOSPITAL NHS FOUNDATION TRUST,C_120,Ear Nose and Throat Service,"3,279","1,709",52.10%,17.3,43.2,103,-,2
Y59,RA2,ROYAL SURREY COUNTY HOSPITAL NHS FOUNDATION TRUST,C_130,Ophthalmology Service,"2,159","1,481",68.60%,12.4,28.7,3,-,-
Y59,RA2,ROYAL SURREY COUNTY HOSPITAL NHS FOUNDATION TRUST,C_140,Oral Surgery Service,"4,509","1,669",37.00%,26.7,52.8,400,5,20
Y59,RA2,ROYAL SURREY COUNTY HOSPITAL NHS FOUNDATION TRUST,C_150,Neurosurgical Service,-,-,-,-,-,-,-,-
Y59,RA2,ROYAL SURREY COUNTY HOSPITAL NHS FOUNDATION TRUST,C_160,Plastic Surgery Service,113,107,94.70%,8.4,16,-,-,-
Y59,RA2,ROYAL SURREY COUNTY HOSPITAL NHS FOUNDATION TRUST,C_170,Cardiothoracic Surgery Service,-,-,-,-,-,-,-,-
Y59,RA2,ROYAL SURREY COUNTY HOSPITAL NHS FOUNDATION TRUST,C_300,General Internal Medicine Service,-,-,-,-,-,-,-,-
Y59,RA2,ROYAL SURREY COUNTY HOSPITAL NHS FOUNDATION TRUST,C_301,Gastroenterology Service,"1,053",744,70.70%,12.5,35.4,22,-,-
Y59,RA2,ROYAL SURREY COUNTY HOSPITAL NHS FOUNDATION TRUST,C_320,Cardiology Service,"1,573",859,54.60%,16.5,46.4,75,-,2
Y59,RA2,ROYAL SURREY COUNTY HOSPITAL NHS FOUNDATION TRUST,C_330,Dermatology Service,-,-,-,-,-,-,-,-
Y59,RA2,ROYAL SURREY COUNTY HOSPITAL NHS FOUNDATION TRUST,C_340,Respiratory Medicine Service,"1,115",559,50.10%,17.9,48.7,42,-,-
Y59,RA2,ROYAL SURREY COUNTY HOSPITAL NHS FOUNDATION TRUST,C_400,Neurology Service,"1,178",509,43.20%,21.6,48.9,42,-,-
Y59,RA2,ROYAL SURREY COUNTY HOSPITAL NHS FOUNDATION TRUST,C_410,Rheumatology Service,240,227,94.60%,6.1,17,-,-,-
Y59,RA2,ROYAL SURREY COUNTY HOSPITAL NHS FOUNDATION TRUST,C_430,Elderly Medicine Service,25,23,92.00%,8.8,16,-,-,-
Y59,RA2,ROYAL SURREY COUNTY HOSPITAL NHS FOUNDATION TRUST,C_502,Gynaecology Service,"1,762","1,278",72.50%,10.7,36.4,17,-,2
Y59,RA2,ROYAL SURREY COUNTY HOSPITAL NHS FOUNDATION TRUST,X02,Other - Medical Services,"3,309","2,235",67.50%,12.2,35.4,22,-,-
Y59,RA2,ROYAL SURREY COUNTY HOSPITAL NHS FOUNDATION TRUST,X03,Other - Mental Health Services,-,-,-,-,-,-,-,-
Y59,RA2,ROYAL SURREY COUNTY HOSPITAL NHS FOUNDATION TRUST,X04,Other - Paediatric Services,807,588,72.90%,11.5,28.5,-,-,-
Y59,RA2,ROYAL SURREY COUNTY HOSPITAL NHS FOUNDATION TRUST,X05,Other - Surgical Services,"1,088",822,75.60%,10.1,31.8,9,-,-
Y59,RA2,ROYAL SURREY COUNTY HOSPITAL NHS FOUNDATION TRUST,X06,Other - Other Services,"1,227","1,000",81.50%,9.3,31.9,4,-,-
Y59,RDR,SUSSEX COMMUNITY NHS FOUNDATION TRUST,C_100,General Surgery Service,-,-,-,-,-,-,-,-
Y59,RDR,SUSSEX COMMUNITY NHS FOUNDATION TRUST,C_101,Urology Service,-,-,-,-,-,-,-,-
Y59,RDR,SUSSEX COMMUNITY NHS FOUNDATION TRUST,C_110,Trauma and Orthopaedic Service,"9,978","7,295",73.10%,10.5,29.7,1,-,-
Y59,RDR,SUSSEX COMMUNITY NHS FOUNDATION TRUST,C_120,Ear Nose and Throat Service,-,-,-,-,-,-,-,-
Y59,RDR,SUSSEX COMMUNITY NHS FOUNDATION TRUST,C_130,Ophthalmology Service,-,-,-,-,-,-,-,-
Y59,RDR,SUSSEX COMMUNITY NHS FOUNDATION TRUST,C_140,Oral Surgery Service,-,-,-,-,-,-,-,-
Y59,RDR,SUSSEX COMMUNITY NHS FOUNDATION TRUST,C_150,Neurosurgical Service,-,-,-,-,-,-,-,-
Y59,RDR,SUSSEX COMMUNITY NHS FOUNDATION TRUST,C_160,Plastic Surgery Service,-,-,-,-,-,-,-,-
Y59,RDR,SUSSEX COMMUNITY NHS FOUNDATION TRUST,C_170,Cardiothoracic Surgery Service,-,-,-,-,-,-,-,-
Y59,RDR,SUSSEX COMMUNITY NHS FOUNDATION TRUST,C_300,General Internal Medicine Service,-,-,-,-,-,-,-,-
Y59,RDR,SUSSEX COMMUNITY NHS FOUNDATION TRUST,C_301,Gastroenterology Service,-,-,-,-,-,-,-,-
Y59,RDR,SUSSEX COMMUNITY NHS FOUNDATION TRUST,C_320,Cardiology Service,-,-,-,-,-,-,-,-
Y59,RDR,SUSSEX COMMUNITY NHS FOUNDATION TRUST,C_330,Dermatology Service,-,-,-,-,-,-,-,-
Y59,RDR,SUSSEX COMMUNITY NHS FOUNDATION TRUST,C_340,Respiratory Medicine Service,-,-,-,-,-,-,-,-
Y59,RDR,SUSSEX COMMUNITY NHS FOUNDATION TRUST,C_400,Neurology Service,-,-,-,-,-,-,-,-
Y59,RDR,SUSSEX COMMUNITY NHS FOUNDATION TRUST,C_410,Rheumatology Service,409,356,87.00%,7.9,21.2,-,-,-
Y59,RDR,SUSSEX COMMUNITY NHS FOUNDATION TRUST,C_430,Elderly Medicine Service,-,-,-,-,-,-,-,-
Y59,RDR,SUSSEX COMMUNITY NHS FOUNDATION TRUST,C_502,Gynaecology Service,-,-,-,-,-,-,-,-
Y59,RDR,SUSSEX COMMUNITY NHS FOUNDATION TRUST,X02,Other - Medical Services,-,-,-,-,-,-,-,-
Y59,RDR,SUSSEX COMMUNITY NHS FOUNDATION TRUST,X03,Other - Mental Health Services,-,-,-,-,-,-,-,-
Y59,RDR,SUSSEX COMMUNITY NHS FOUNDATION TRUST,X04,Other - Paediatric Services,-,-,-,-,-,-,-,-
Y59,RDR,SUSSEX COMMUNITY NHS FOUNDATION TRUST,X05,Other - Surgical Services,133,106,79.70%,3.5,29.2,-,-,-
Y59,RDR,SUSSEX COMMUNITY NHS FOUNDATION TRUST,X06,Other - Other Services,-,-,-,-,-,-,-,-
Y59,RDU,FRIMLEY HEALTH NHS FOUNDATION TRUST,C_100,General Surgery Service,"1,441",769,53.40%,16.4,50.4,99,-,4
Y59,RDU,FRIMLEY HEALTH NHS FOUNDATION TRUST,C_101,Urology Service,"5,446","2,673",49.10%,18.5,49.1,255,-,8
Y59,RDU,FRIMLEY HEALTH NHS FOUNDATION TRUST,C_110,Trauma and Orthopaedic Service,"12,501","6,076",48.60%,18.6,44.4,375,-,36
Y59,RDU,FRIMLEY HEALTH NHS FOUNDATION TRUST,C_120,Ear Nose and Throat Service,"7,380","3,433",46.50%,19.8,46.9,273,-,2
Y59,RDU,FRIMLEY HEALTH NHS FOUNDATION TRUST,C_130,Ophthalmology Service,"4,310","3,106",72.10%,9.7,38.1,43,-,5
Y59,RDU,FRIMLEY HEALTH NHS FOUNDATION TRUST,C_140,Oral Surgery Service,"3,104",837,27.00%,32.5,58.5,510,-,34
Y59,RDU,FRIMLEY HEALTH NHS FOUNDATION TRUST,C_150,Neurosurgical Service,-,-,-,-,-,-,-,-
Y59,RDU,FRIMLEY HEALTH NHS FOUNDATION TRUST,C_160,Plastic Surgery Service,"2,674","1,265",47.30%,19.4,48.2,114,-,8
Y59,RDU,FRIMLEY HEALTH NHS FOUNDATION TRUST,C_170,Cardiothoracic Surgery Service,-,-,-,-,-,-,-,-
Y59,RDU,FRIMLEY HEALTH NHS FOUNDATION TRUST,C_300,General Internal Medicine Service,37,33,89.20%,6.1,34,1,-,-
Y59,RDU,FRIMLEY HEALTH NHS FOUNDATION TRUST,C_301,Gastroenterology Service,"2,246","1,387",61.80%,12.7,44.6,71,-,-
Y59,RDU,FRIMLEY HEALTH NHS FOUNDATION TRUST,C_320,Cardiology Service,"4,834","2,891",59.80%,13.6,39,28,-,3
Y59,RDU,FRIMLEY HEALTH NHS FOUNDATION TRUST,C_330,Dermatology Service,"7,565","2,710",35.80%,26,57.4,"1,016",1,89
Y59,RDU,FRIMLEY HEALTH NHS FOUNDATION TRUST,C_340,Respiratory Medicine Service,"2,440","1,536",63.00%,13,39.5,5,-,-
Y59,RDU,FRIMLEY HEALTH NHS FOUNDATION TRUST,C_400,Neurology Service,"3,478","1,546",44.50%,20.4,42,58,-,-
Y59,RDU,FRIMLEY HEALTH NHS FOUNDATION TRUST,C_410,Rheumatology Service,697,561,80.50%,8.2,24.7,1,-,-
Y59,RDU,FRIMLEY HEALTH NHS FOUNDATION TRUST,C_430,Elderly Medicine Service,34,30,88.20%,6,20.3,-,-,-
Y59,RDU,FRIMLEY HEALTH NHS FOUNDATION TRUST,C_502,Gynaecology Service,"4,728","2,925",61.90%,12.9,46.3,216,-,7
Y59,RDU,FRIMLEY HEALTH NHS FOUNDATION TRUST,X02,Other - Medical Services,"6,780","3,419",50.40%,17.8,48.7,333,-,4
Y59,RDU,FRIMLEY HEALTH NHS FOUNDATION TRUST,X03,Other - Mental Health Services,2,-,-,-,-,-,-,-
Y59,RDU,FRIMLEY HEALTH NHS FOUNDATION TRUST,X04,Other - Paediatric Services,149,42,28.20%,30.5,55,21,-,1
Y59,RDU,FRIMLEY HEALTH NHS FOUNDATION TRUST,X05,Other - Surgical Services,"8,125","4,199",51.70%,17,47.9,383,-,61
Y59,RDU,FRIMLEY HEALTH NHS FOUNDATION TRUST,X06,Other - Other Services,982,480,48.90%,18.4,47.9,49,-,7
Y59,RHM,UNIVERSITY HOSPITAL SOUTHAMPTON NHS FOUNDATION TRUST,C_100,General Surgery Service,"1,065",563,52.90%,16.6,51.2,79,-,-
Y59,RHM,UNIVERSITY HOSPITAL SOUTHAMPTON NHS FOUNDATION TRUST,C_101,Urology Service,"3,143","1,877",59.70%,14,45.3,126,-,2
Y59,RHM,UNIVERSITY HOSPITAL SOUTHAMPTON NHS FOUNDATION TRUST,C_110,Trauma and Orthopaedic Service,"4,078","2,142",52.50%,17,45.6,173,-,4
Y59,RHM,UNIVERSITY HOSPITAL SOUTHAMPTON NHS FOUNDATION TRUST,C_120,Ear Nose and Throat Service,"1,543",857,55.50%,15.2,46.8,70,-,2
Y59,RHM,UNIVERSITY HOSPITAL SOUTHAMPTON NHS FOUNDATION TRUST,C_130,Ophthalmology Service,"5,916","4,068",68.80%,10.8,41.6,113,1,15
Y59,RHM,UNIVERSITY HOSPITAL SOUTHAMPTON NHS FOUNDATION TRUST,C_140,Oral Surgery Service,"3,222","1,425",44.20%,21.1,49.2,177,-,3
Y59,RHM,UNIVERSITY HOSPITAL SOUTHAMPTON NHS FOUNDATION TRUST,C_150,Neurosurgical Service,"1,041",704,67.60%,12,39.5,13,-,-
Y59,RHM,UNIVERSITY HOSPITAL SOUTHAMPTON NHS FOUNDATION TRUST,C_160,Plastic Surgery Service,-,-,-,-,-,-,-,-
Y59,RHM,UNIVERSITY HOSPITAL SOUTHAMPTON NHS FOUNDATION TRUST,C_170,Cardiothoracic Surgery Service,895,561,62.70%,14.3,34.6,2,-,1
Y59,RHM,UNIVERSITY HOSPITAL SOUTHAMPTON NHS FOUNDATION TRUST,C_300,General Internal Medicine Service,89,70,78.70%,6.1,31.9,-,-,-
Y59,RHM,UNIVERSITY HOSPITAL SOUTHAMPTON NHS FOUNDATION TRUST,C_301,Gastroenterology Service,"1,375","1,061",77.20%,10.4,26,6,-,-
Y59,RHM,UNIVERSITY HOSPITAL SOUTHAMPTON NHS FOUNDATION TRUST,C_320,Cardiology Service,"3,117","1,902",61.00%,14.2,34.9,5,-,-
Y59,RHM,UNIVERSITY HOSPITAL SOUTHAMPTON NHS FOUNDATION TRUST,C_330,Dermatology Service,"3,734","2,316",62.00%,12.4,36.8,13,-,-
Y59,RHM,UNIVERSITY HOSPITAL SOUTHAMPTON NHS FOUNDATION TRUST,C_340,Respiratory Medicine Service,"1,119",861,76.90%,9.9,28.9,3,-,-
Y59,RHM,UNIVERSITY HOSPITAL SOUTHAMPTON NHS FOUNDATION TRUST,C_400,Neurology Service,"4,787","3,008",62.80%,12.7,39.3,12,-,-
Y59,RHM,UNIVERSITY HOSPITAL SOUTHAMPTON NHS FOUNDATION TRUST,C_410,Rheumatology Service,675,512,75.90%,9.5,29.4,2,-,-
Y59,RHM,UNIVERSITY HOSPITAL SOUTHAMPTON NHS FOUNDATION TRUST,C_430,Elderly Medicine Service,147,118,80.30%,10.7,29.1,-,-,-
Y59,RHM,UNIVERSITY HOSPITAL SOUTHAMPTON NHS FOUNDATION TRUST,C_502,Gynaecology Service,"4,433","2,342",52.80%,16.8,46.5,179,-,2
Y59,RHM,UNIVERSITY HOSPITAL SOUTHAMPTON NHS FOUNDATION TRUST,X02,Other - Medical Services,"8,369","5,451",65.10%,13.3,33.9,62,-,1
Y59,RHM,UNIVERSITY HOSPITAL SOUTHAMPTON NHS FOUNDATION TRUST,X03,Other - Mental Health Services,1,1,100.00%,-,-,-,-,-
Y59,RHM,UNIVERSITY HOSPITAL SOUTHAMPTON NHS FOUNDATION TRUST,X04,Other - Paediatric Services,"6,793","4,290",63.20%,12.9,38.1,66,-,4
Y59,RHM,UNIVERSITY HOSPITAL SOUTHAMPTON NHS FOUNDATION TRUST,X05,Other - Surgical Services,"4,831","3,149",65.20%,10.9,40.3,116,-,5
Y59,RHM,UNIVERSITY HOSPITAL SOUTHAMPTON NHS FOUNDATION TRUST,X06,Other - Other Services,532,466,87.60%,4.7,22.4,2,-,-
Y59,RHU,PORTSMOUTH HOSPITALS UNIVERSITY NATIONAL HEALTH SERVICE TRUST,C_100,General Surgery Service,"5,481","3,261",59.50%,13.2,47,301,2,75
Y59,RHU,PORTSMOUTH HOSPITALS UNIVERSITY NATIONAL HEALTH SERVICE TRUST,C_101,Urology Service,"3,302","1,914",58.00%,14.8,39.3,13,-,-
Y59,RHU,PORTSMOUTH HOSPITALS UNIVERSITY NATIONAL HEALTH SERVICE TRUST,C_110,Trauma and Orthopaedic Service,"5,620","2,778",49.40%,18.3,45.1,141,-,3
Y59,RHU,PORTSMOUTH HOSPITALS UNIVERSITY NATIONAL HEALTH SERVICE TRUST,C_120,Ear Nose and Throat Service,"8,116","3,494",43.10%,21.9,49.3,449,7,59
Y59,RHU,PORTSMOUTH HOSPITALS UNIVERSITY NATIONAL HEALTH SERVICE TRUST,C_130,Ophthalmology Service,"5,126","3,424",66.80%,11.9,34.5,20,-,4
Y59,RHU,PORTSMOUTH HOSPITALS UNIVERSITY NATIONAL HEALTH SERVICE TRUST,C_140,Oral Surgery Service,"3,793","1,676",44.20%,20.6,49.1,205,9,49
Y59,RHU,PORTSMOUTH HOSPITALS UNIVERSITY NATIONAL HEALTH SERVICE TRUST,C_150,Neurosurgical Service,-,-,-,-,-,-,-,-
Y59,RHU,PORTSMOUTH HOSPITALS UNIVERSITY NATIONAL HEALTH SERVICE TRUST,C_160,Plastic Surgery Service,636,309,48.60%,18.5,47.7,33,-,3
Y59,RHU,PORTSMOUTH HOSPITALS UNIVERSITY NATIONAL HEALTH SERVICE TRUST,C_170,Cardiothoracic Surgery Service,-,-,-,-,-,-,-,-
Y59,RHU,PORTSMOUTH HOSPITALS UNIVERSITY NATIONAL HEALTH SERVICE TRUST,C_300,General Internal Medicine Service,-,-,-,-,-,-,-,-
Y59,RHU,PORTSMOUTH HOSPITALS UNIVERSITY NATIONAL HEALTH SERVICE TRUST,C_301,Gastroenterology Service,"6,836","3,009",44.00%,20.9,46.6,273,-,12
Y59,RHU,PORTSMOUTH HOSPITALS UNIVERSITY NATIONAL HEALTH SERVICE TRUST,C_320,Cardiology Service,"3,859","2,318",60.10%,14.3,38,31,-,-
Y59,RHU,PORTSMOUTH HOSPITALS UNIVERSITY NATIONAL HEALTH SERVICE TRUST,C_330,Dermatology Service,"3,014","2,130",70.70%,11.4,31.5,4,-,1
Y59,RHU,PORTSMOUTH HOSPITALS UNIVERSITY NATIONAL HEALTH SERVICE TRUST,C_340,Respiratory Medicine Service,721,697,96.70%,6.4,15.8,-,-,-
Y59,RHU,PORTSMOUTH HOSPITALS UNIVERSITY NATIONAL HEALTH SERVICE TRUST,C_400,Neurology Service,-,-,-,-,-,-,-,-
Y59,RHU,PORTSMOUTH HOSPITALS UNIVERSITY NATIONAL HEALTH SERVICE TRUST,C_410,Rheumatology Service,331,326,98.50%,2.4,9.1,-,-,-
Y59,RHU,PORTSMOUTH HOSPITALS UNIVERSITY NATIONAL HEALTH SERVICE TRUST,C_430,Elderly Medicine Service,65,60,92.30%,7.8,17.9,-,-,-
Y59,RHU,PORTSMOUTH HOSPITALS UNIVERSITY NATIONAL HEALTH SERVICE TRUST,C_502,Gynaecology Service,"5,774","2,723",47.20%,19,46.3,167,1,2
Y59,RHU,PORTSMOUTH HOSPITALS UNIVERSITY NATIONAL HEALTH SERVICE TRUST,X02,Other - Medical Services,"3,186","1,957",61.40%,13,42.8,100,-,6
Y59,RHU,PORTSMOUTH HOSPITALS UNIVERSITY NATIONAL HEALTH SERVICE TRUST,X03,Other - Mental Health Services,-,-,-,-,-,-,-,-
Y59,RHU,PORTSMOUTH HOSPITALS UNIVERSITY NATIONAL HEALTH SERVICE TRUST,X04,Other - Paediatric Services,530,475,89.60%,5.9,20.5,-,-,-
Y59,RHU,PORTSMOUTH HOSPITALS UNIVERSITY NATIONAL HEALTH SERVICE TRUST,X05,Other - Surgical Services,826,246,29.80%,27.6,49.7,48,2,9
Y59,RHU,PORTSMOUTH HOSPITALS UNIVERSITY NATIONAL HEALTH SERVICE TRUST,X06,Other - Other Services,"3,481","1,528",43.90%,21.7,58.8,500,1,61
Y59,RHW,ROYAL BERKSHIRE NHS FOUNDATION TRUST,C_100,General Surgery Service,"2,558","2,034",79.50%,10.5,26.9,2,-,-
Y59,RHW,ROYAL BERKSHIRE NHS FOUNDATION TRUST,C_101,Urology Service,"2,537","2,124",83.70%,9.1,24.8,6,-,-
Y59,RHW,ROYAL BERKSHIRE NHS FOUNDATION TRUST,C_110,Trauma and Orthopaedic Service,"2,327","1,977",85.00%,9.6,22.1,3,-,-
Y59,RHW,ROYAL BERKSHIRE NHS FOUNDATION TRUST,C_120,Ear Nose and Throat Service,"3,326","2,525",75.90%,11.5,27.1,9,-,-
Y59,RHW,ROYAL BERKSHIRE NHS FOUNDATION TRUST,C_130,Ophthalmology Service,"6,331","5,151",81.40%,10.3,24.8,6,-,-
Y59,RHW,ROYAL BERKSHIRE NHS FOUNDATION TRUST,C_140,Oral Surgery Service,445,379,85.20%,8.8,22.3,-,-,-
Y59,RHW,ROYAL BERKSHIRE NHS FOUNDATION TRUST,C_150,Neurosurgical Service,-,-,-,-,-,-,-,-
Y59,RHW,ROYAL BERKSHIRE NHS FOUNDATION TRUST,C_160,Plastic Surgery Service,310,245,79.00%,10.3,27.4,-,-,-
Y59,RHW,ROYAL BERKSHIRE NHS FOUNDATION TRUST,C_170,Cardiothoracic Surgery Service,-,-,-,-,-,-,-,-
Y59,RHW,ROYAL BERKSHIRE NHS FOUNDATION TRUST,C_300,General Internal Medicine Service,-,-,-,-,-,-,-,-
Y59,RHW,ROYAL BERKSHIRE NHS FOUNDATION TRUST,C_301,Gastroenterology Service,"4,249","3,223",75.90%,11,28.8,1,-,-
Y59,RHW,ROYAL BERKSHIRE NHS FOUNDATION TRUST,C_320,Cardiology Service,"3,335","2,550",76.50%,11.1,28.8,-,-,-
Y59,RHW,ROYAL BERKSHIRE NHS FOUNDATION TRUST,C_330,Dermatology Service,"2,550","1,973",77.40%,11.2,27,5,-,-
Y59,RHW,ROYAL BERKSHIRE NHS FOUNDATION TRUST,C_340,Respiratory Medicine Service,"1,966","1,711",87.00%,10.7,20.8,1,-,-
Y59,RHW,ROYAL BERKSHIRE NHS FOUNDATION TRUST,C_400,Neurology Service,"1,113",883,79.30%,10.4,25.9,2,-,-
Y59,RHW,ROYAL BERKSHIRE NHS FOUNDATION TRUST,C_410,Rheumatology Service,229,196,85.60%,8.9,20.7,-,-,-
Y59,RHW,ROYAL BERKSHIRE NHS FOUNDATION TRUST,C_430,Elderly Medicine Service,-,-,-,-,-,-,-,-
Y59,RHW,ROYAL BERKSHIRE NHS FOUNDATION TRUST,C_502,Gynaecology Service,"2,973","2,398",80.70%,10.3,25.2,1,-,-
Y59,RHW,ROYAL BERKSHIRE NHS FOUNDATION TRUST,X02,Other - Medical Services,"1,353","1,114",82.30%,10.2,23.7,-,-,-
Y59,RHW,ROYAL BERKSHIRE NHS FOUNDATION TRUST,X03,Other - Mental Health Services,-,-,-,-,-,-,-,-
Y59,RHW,ROYAL BERKSHIRE NHS FOUNDATION TRUST,X04,Other - Paediatric Services,"1,982","1,653",83.40%,8.9,24.2,-,-,-
Y59,RHW,ROYAL BERKSHIRE NHS FOUNDATION TRUST,X05,Other - Surgical Services,21,14,66.70%,11.5,41.3,-,-,-
Y59,RHW,ROYAL BERKSHIRE NHS FOUNDATION TRUST,X06,Other - Other Services,544,396,72.80%,12.3,29.1,-,-,-
Y59,RN5,HAMPSHIRE HOSPITALS NHS FOUNDATION TRUST,C_100,General Surgery Service,"2,853","1,320",46.30%,19.6,48.4,151,-,12
Y59,RN5,HAMPSHIRE HOSPITALS NHS FOUNDATION TRUST,C_101,Urology Service,"2,727","1,810",66.40%,11.2,42.1,73,-,6
Y59,RN5,HAMPSHIRE HOSPITALS NHS FOUNDATION TRUST,C_110,Trauma and Orthopaedic Service,"5,745","3,152",54.90%,16.4,44.8,239,-,15
Y59,RN5,HAMPSHIRE HOSPITALS NHS FOUNDATION TRUST,C_120,Ear Nose and Throat Service,"4,590","2,316",50.50%,17.7,47.7,242,2,29
Y59,RN5,HAMPSHIRE HOSPITALS NHS FOUNDATION TRUST,C_130,Ophthalmology Service,"2,651","1,941",73.20%,9.8,33.1,41,-,1
Y59,RN5,HAMPSHIRE HOSPITALS NHS FOUNDATION TRUST,C_140,Oral Surgery Service,"2,382",999,41.90%,21.9,50.1,151,-,10
Y59,RN5,HAMPSHIRE HOSPITALS NHS FOUNDATION TRUST,C_150,Neurosurgical Service,-,-,-,-,-,-,-,-
Y59,RN5,HAMPSHIRE HOSPITALS NHS FOUNDATION TRUST,C_160,Plastic Surgery Service,-,-,-,-,-,-,-,-
Y59,RN5,HAMPSHIRE HOSPITALS NHS FOUNDATION TRUST,C_170,Cardiothoracic Surgery Service,-,-,-,-,-,-,-,-
Y59,RN5,HAMPSHIRE HOSPITALS NHS FOUNDATION TRUST,C_300,General Internal Medicine Service,193,177,91.70%,6.8,18.2,-,-,-
Y59,RN5,HAMPSHIRE HOSPITALS NHS FOUNDATION TRUST,C_301,Gastroenterology Service,"4,686","2,824",60.30%,13.8,40,113,-,10
Y59,RN5,HAMPSHIRE HOSPITALS NHS FOUNDATION TRUST,C_320,Cardiology Service,"3,498","2,102",60.10%,15,36.9,25,-,2
Y59,RN5,HAMPSHIRE HOSPITALS NHS FOUNDATION TRUST,C_330,Dermatology Service,"2,604","1,859",71.40%,11,29.2,19,-,4
Y59,RN5,HAMPSHIRE HOSPITALS NHS FOUNDATION TRUST,C_340,Respiratory Medicine Service,"1,587","1,003",63.20%,13.3,40.8,18,-,2
Y59,RN5,HAMPSHIRE HOSPITALS NHS FOUNDATION TRUST,C_400,Neurology Service,"1,787","1,079",60.40%,14.7,38.9,20,-,-
Y59,RN5,HAMPSHIRE HOSPITALS NHS FOUNDATION TRUST,C_410,Rheumatology Service,"1,891","1,063",56.20%,15.6,44.3,74,-,2
Y59,RN5,HAMPSHIRE HOSPITALS NHS FOUNDATION TRUST,C_430,Elderly Medicine Service,99,86,86.90%,6.9,21.4,-,-,-
Y59,RN5,HAMPSHIRE HOSPITALS NHS FOUNDATION TRUST,C_502,Gynaecology Service,"4,352","2,652",60.90%,13.7,37.7,57,-,1
Y59,RN5,HAMPSHIRE HOSPITALS NHS FOUNDATION TRUST,X02,Other - Medical Services,"3,973","2,329",58.60%,13.2,46,161,-,2
Y59,RN5,HAMPSHIRE HOSPITALS NHS FOUNDATION TRUST,X03,Other - Mental Health Services,-,-,-,-,-,-,-,-
Y59,RN5,HAMPSHIRE HOSPITALS NHS FOUNDATION TRUST,X04,Other - Paediatric Services,"1,754","1,172",66.80%,12,38.6,33,-,1
Y59,RN5,HAMPSHIRE HOSPITALS NHS FOUNDATION TRUST,X05,Other - Surgical Services,"4,516","2,314",51.20%,17.5,45,142,2,11
Y59,RN5,HAMPSHIRE HOSPITALS NHS FOUNDATION TRUST,X06,Other - Other Services,63,37,58.70%,14.5,35.7,-,-,-
Y59,RN7,DARTFORD AND GRAVESHAM NHS TRUST,C_100,General Surgery Service,"7,555","4,271",56.50%,15.5,45.1,262,1,35
Y59,RN7,DARTFORD AND GRAVESHAM NHS TRUST,C_101,Urology Service,"2,650","1,729",65.20%,11.8,37.5,5,-,-
Y59,RN7,DARTFORD AND GRAVESHAM NHS TRUST,C_110,Trauma and Orthopaedic Service,"4,609","2,622",56.90%,15.5,39.2,57,-,1
Y59,RN7,DARTFORD AND GRAVESHAM NHS TRUST,C_120,Ear Nose and Throat Service,-,-,-,-,-,-,-,-
Y59,RN7,DARTFORD AND GRAVESHAM NHS TRUST,C_130,Ophthalmology Service,-,-,-,-,-,-,-,-
Y59,RN7,DARTFORD AND GRAVESHAM NHS TRUST,C_140,Oral Surgery Service,-,-,-,-,-,-,-,-
Y59,RN7,DARTFORD AND GRAVESHAM NHS TRUST,C_150,Neurosurgical Service,-,-,-,-,-,-,-,-
Y59,RN7,DARTFORD AND GRAVESHAM NHS TRUST,C_160,Plastic Surgery Service,-,-,-,-,-,-,-,-
Y59,RN7,DARTFORD AND GRAVESHAM NHS TRUST,C_170,Cardiothoracic Surgery Service,-,-,-,-,-,-,-,-
Y59,RN7,DARTFORD AND GRAVESHAM NHS TRUST,C_300,General Internal Medicine Service,"1,394",957,68.70%,10.4,40.7,27,1,2
Y59,RN7,DARTFORD AND GRAVESHAM NHS TRUST,C_301,Gastroenterology Service,"3,372","1,720",51.00%,17.4,46.7,149,1,3
Y59,RN7,DARTFORD AND GRAVESHAM NHS TRUST,C_320,Cardiology Service,"2,312","1,498",64.80%,9.8,37.5,1,-,-
Y59,RN7,DARTFORD AND GRAVESHAM NHS TRUST,C_330,Dermatology Service,-,-,-,-,-,-,-,-
Y59,RN7,DARTFORD AND GRAVESHAM NHS TRUST,C_340,Respiratory Medicine Service,"1,380",887,64.30%,14,38.6,8,-,-
Y59,RN7,DARTFORD AND GRAVESHAM NHS TRUST,C_400,Neurology Service,"1,036",673,65.00%,11.8,37.9,10,-,2
Y59,RN7,DARTFORD AND GRAVESHAM NHS TRUST,C_410,Rheumatology Service,-,-,-,-,-,-,-,-
Y59,RN7,DARTFORD AND GRAVESHAM NHS TRUST,C_430,Elderly Medicine Service,601,402,66.90%,13.5,35.7,1,-,-
Y59,RN7,DARTFORD AND GRAVESHAM NHS TRUST,C_502,Gynaecology Service,"4,593","3,468",75.50%,9.4,30.6,13,-,-
Y59,RN7,DARTFORD AND GRAVESHAM NHS TRUST,X02,Other - Medical Services,393,336,85.50%,7,23.2,-,-,-
Y59,RN7,DARTFORD AND GRAVESHAM NHS TRUST,X03,Other - Mental Health Services,-,-,-,-,-,-,-,-
Y59,RN7,DARTFORD AND GRAVESHAM NHS TRUST,X04,Other - Paediatric Services,645,606,94.00%,4.1,16.7,-,-,-
Y59,RN7,DARTFORD AND GRAVESHAM NHS TRUST,X05,Other - Surgical Services,"1,035",755,72.90%,10.9,38.5,13,-,-
Y59,RN7,DARTFORD AND GRAVESHAM NHS TRUST,X06,Other - Other Services,62,57,91.90%,4.7,18,-,-,-
Y59,RPA,MEDWAY NHS FOUNDATION TRUST,C_100,General Surgery Service,824,556,67.50%,11.3,39.5,11,-,4
Y59,RPA,MEDWAY NHS FOUNDATION TRUST,C_101,Urology Service,"2,433","1,765",72.50%,10.5,30.6,-,-,-
Y59,RPA,MEDWAY NHS FOUNDATION TRUST,C_110,Trauma and Orthopaedic Service,"2,457","1,400",57.00%,15.6,35.8,24,1,3
Y59,RPA,MEDWAY NHS FOUNDATION TRUST,C_120,Ear Nose and Throat Service,"6,921","2,327",33.60%,27.8,54.7,772,5,31
Y59,RPA,MEDWAY NHS FOUNDATION TRUST,C_130,Ophthalmology Service,-,-,-,-,-,-,-,-
Y59,RPA,MEDWAY NHS FOUNDATION TRUST,C_140,Oral Surgery Service,-,-,-,-,-,-,-,-
Y59,RPA,MEDWAY NHS FOUNDATION TRUST,C_150,Neurosurgical Service,-,-,-,-,-,-,-,-
Y59,RPA,MEDWAY NHS FOUNDATION TRUST,C_160,Plastic Surgery Service,-,-,-,-,-,-,-,-
Y59,RPA,MEDWAY NHS FOUNDATION TRUST,C_170,Cardiothoracic Surgery Service,-,-,-,-,-,-,-,-
Y59,RPA,MEDWAY NHS FOUNDATION TRUST,C_300,General Internal Medicine Service,160,99,61.90%,14.3,39.4,3,-,1
Y59,RPA,MEDWAY NHS FOUNDATION TRUST,C_301,Gastroenterology Service,"3,328","1,822",54.70%,15.6,37.9,38,-,1
Y59,RPA,MEDWAY NHS FOUNDATION TRUST,C_320,Cardiology Service,"3,784","1,498",39.60%,24.6,60.3,574,6,164
Y59,RPA,MEDWAY NHS FOUNDATION TRUST,C_330,Dermatology Service,-,-,-,-,-,-,-,-
Y59,RPA,MEDWAY NHS FOUNDATION TRUST,C_340,Respiratory Medicine Service,"1,241",657,52.90%,16.6,39.6,5,-,-
Y59,RPA,MEDWAY NHS FOUNDATION TRUST,C_400,Neurology Service,"1,557",612,39.30%,22,42.2,23,-,6
Y59,RPA,MEDWAY NHS FOUNDATION TRUST,C_410,Rheumatology Service,"3,066","1,038",33.90%,26.3,51.9,244,-,31
Y59,RPA,MEDWAY NHS FOUNDATION TRUST,C_430,Elderly Medicine Service,91,79,86.80%,3.4,22.4,-,-,-
Y59,RPA,MEDWAY NHS FOUNDATION TRUST,C_502,Gynaecology Service,"3,737","2,370",63.40%,13.1,31.8,-,-,-
Y59,RPA,MEDWAY NHS FOUNDATION TRUST,X02,Other - Medical Services,"6,304","3,343",53.00%,16.8,41.9,48,-,1
Y59,RPA,MEDWAY NHS FOUNDATION TRUST,X03,Other - Mental Health Services,-,-,-,-,-,-,-,-
Y59,RPA,MEDWAY NHS FOUNDATION TRUST,X04,Other - Paediatric Services,25,24,96.00%,8.8,17,-,-,-
Y59,RPA,MEDWAY NHS FOUNDATION TRUST,X05,Other - Surgical Services,"3,809","2,432",63.80%,11.3,39.6,65,1,7
Y59,RPA,MEDWAY NHS FOUNDATION TRUST,X06,Other - Other Services,157,150,95.50%,2.9,12.7,-,-,-
Y59,RPC,QUEEN VICTORIA HOSPITAL NHS FOUNDATION TRUST,C_100,General Surgery Service,-,-,-,-,-,-,-,-
Y59,RPC,QUEEN VICTORIA HOSPITAL NHS FOUNDATION TRUST,C_101,Urology Service,-,-,-,-,-,-,-,-
Y59,RPC,QUEEN VICTORIA HOSPITAL NHS FOUNDATION TRUST,C_110,Trauma and Orthopaedic Service,-,-,-,-,-,-,-,-
Y59,RPC,QUEEN VICTORIA HOSPITAL NHS FOUNDATION TRUST,C_120,Ear Nose and Throat Service,134,97,72.40%,9.3,34.1,4,2,2
Y59,RPC,QUEEN VICTORIA HOSPITAL NHS FOUNDATION TRUST,C_130,Ophthalmology Service,"2,117","1,305",61.60%,13.4,40,49,2,17
Y59,RPC,QUEEN VICTORIA HOSPITAL NHS FOUNDATION TRUST,C_140,Oral Surgery Service,"6,979","3,721",53.30%,17,41.2,127,-,15
Y59,RPC,QUEEN VICTORIA HOSPITAL NHS FOUNDATION TRUST,C_150,Neurosurgical Service,-,-,-,-,-,-,-,-
Y59,RPC,QUEEN VICTORIA HOSPITAL NHS FOUNDATION TRUST,C_160,Plastic Surgery Service,"6,225","3,022",48.50%,18.5,46.4,279,2,51
Y59,RPC,QUEEN VICTORIA HOSPITAL NHS FOUNDATION TRUST,C_170,Cardiothoracic Surgery Service,-,-,-,-,-,-,-,-
Y59,RPC,QUEEN VICTORIA HOSPITAL NHS FOUNDATION TRUST,C_300,General Internal Medicine Service,-,-,-,-,-,-,-,-
Y59,RPC,QUEEN VICTORIA HOSPITAL NHS FOUNDATION TRUST,C_301,Gastroenterology Service,-,-,-,-,-,-,-,-
Y59,RPC,QUEEN VICTORIA HOSPITAL NHS FOUNDATION TRUST,C_320,Cardiology Service,195,110,56.40%,15.8,37.4,3,-,-
Y59,RPC,QUEEN VICTORIA HOSPITAL NHS FOUNDATION TRUST,C_330,Dermatology Service,-,-,-,-,-,-,-,-
Y59,RPC,QUEEN VICTORIA HOSPITAL NHS FOUNDATION TRUST,C_340,Respiratory Medicine Service,73,41,56.20%,14.8,30.6,-,-,-
Y59,RPC,QUEEN VICTORIA HOSPITAL NHS FOUNDATION TRUST,C_400,Neurology Service,-,-,-,-,-,-,-,-
Y59,RPC,QUEEN VICTORIA HOSPITAL NHS FOUNDATION TRUST,C_410,Rheumatology Service,28,24,85.70%,11.5,20.9,-,-,-
Y59,RPC,QUEEN VICTORIA HOSPITAL NHS FOUNDATION TRUST,C_430,Elderly Medicine Service,-,-,-,-,-,-,-,-
Y59,RPC,QUEEN VICTORIA HOSPITAL NHS FOUNDATION TRUST,C_502,Gynaecology Service,-,-,-,-,-,-,-,-
Y59,RPC,QUEEN VICTORIA HOSPITAL NHS FOUNDATION TRUST,X02,Other - Medical Services,27,22,81.50%,8.5,24.4,-,-,-
Y59,RPC,QUEEN VICTORIA HOSPITAL NHS FOUNDATION TRUST,X03,Other - Mental Health Services,-,-,-,-,-,-,-,-
Y59,RPC,QUEEN VICTORIA HOSPITAL NHS FOUNDATION TRUST,X04,Other - Paediatric Services,90,58,64.40%,14.3,26.4,-,-,-
Y59,RPC,QUEEN VICTORIA HOSPITAL NHS FOUNDATION TRUST,X05,Other - Surgical Services,1,1,100.00%,-,-,-,-,-
Y59,RPC,QUEEN VICTORIA HOSPITAL NHS FOUNDATION TRUST,X06,Other - Other Services,"3,485","2,381",68.30%,12.8,29.9,1,-,-
Y59,RTH,OXFORD UNIVERSITY HOSPITALS NHS FOUNDATION TRUST,C_100,General Surgery Service,"1,784","1,094",61.30%,14.1,40.3,28,-,-
Y59,RTH,OXFORD UNIVERSITY HOSPITALS NHS FOUNDATION TRUST,C_101,Urology Service,"5,359","2,745",51.20%,17.4,51.1,390,10,100
Y59,RTH,OXFORD UNIVERSITY HOSPITALS NHS FOUNDATION TRUST,C_110,Trauma and Orthopaedic Service,"8,178","4,008",49.00%,18.5,50.3,543,19,134
Y59,RTH,OXFORD UNIVERSITY HOSPITALS NHS FOUNDATION TRUST,C_120,Ear Nose and Throat Service,"6,849","3,195",46.60%,19.9,50.9,468,19,99
Y59,RTH,OXFORD UNIVERSITY HOSPITALS NHS FOUNDATION TRUST,C_130,Ophthalmology Service,"5,836","3,096",53.10%,16.9,44.1,163,5,42
Y59,RTH,OXFORD UNIVERSITY HOSPITALS NHS FOUNDATION TRUST,C_140,Oral Surgery Service,"3,334","1,232",37.00%,25.1,51.2,245,-,23
Y59,RTH,OXFORD UNIVERSITY HOSPITALS NHS FOUNDATION TRUST,C_150,Neurosurgical Service,"1,050",684,65.10%,12.9,37.4,23,-,4
Y59,RTH,OXFORD UNIVERSITY HOSPITALS NHS FOUNDATION TRUST,C_160,Plastic Surgery Service,"1,859",919,49.40%,18.3,46.8,86,-,20
Y59,RTH,OXFORD UNIVERSITY HOSPITALS NHS FOUNDATION TRUST,C_170,Cardiothoracic Surgery Service,2,2,100.00%,-,-,-,-,-
Y59,RTH,OXFORD UNIVERSITY HOSPITALS NHS FOUNDATION TRUST,C_300,General Internal Medicine Service,148,67,45.30%,20,38.4,-,-,-
Y59,RTH,OXFORD UNIVERSITY HOSPITALS NHS FOUNDATION TRUST,C_301,Gastroenterology Service,"5,191","3,608",69.50%,12.6,28.5,7,-,-
Y59,RTH,OXFORD UNIVERSITY HOSPITALS NHS FOUNDATION TRUST,C_320,Cardiology Service,"3,901","2,872",73.60%,11,30.3,20,-,-
Y59,RTH,OXFORD UNIVERSITY HOSPITALS NHS FOUNDATION TRUST,C_330,Dermatology Service,"6,392","3,120",48.80%,18.5,42.3,187,-,-
Y59,RTH,OXFORD UNIVERSITY HOSPITALS NHS FOUNDATION TRUST,C_340,Respiratory Medicine Service,"1,466","1,150",78.40%,8.9,25.3,-,-,-
Y59,RTH,OXFORD UNIVERSITY HOSPITALS NHS FOUNDATION TRUST,C_400,Neurology Service,"3,543","1,982",55.90%,15.8,42.6,82,-,6
Y59,RTH,OXFORD UNIVERSITY HOSPITALS NHS FOUNDATION TRUST,C_410,Rheumatology Service,"1,892","1,174",62.10%,13.7,37,12,-,-
Y59,RTH,OXFORD UNIVERSITY HOSPITALS NHS FOUNDATION TRUST,C_430,Elderly Medicine Service,280,258,92.10%,5.5,17.8,-,-,-
Y59,RTH,OXFORD UNIVERSITY HOSPITALS NHS FOUNDATION TRUST,C_502,Gynaecology Service,"5,639","3,393",60.20%,14.2,43.7,185,-,7
Y59,RTH,OXFORD UNIVERSITY HOSPITALS NHS FOUNDATION TRUST,X02,Other - Medical Services,"14,252","8,794",61.70%,12.9,40.8,167,1,19
Y59,RTH,OXFORD UNIVERSITY HOSPITALS NHS FOUNDATION TRUST,X03,Other - Mental Health Services,9,4,44.40%,-,-,-,-,-
Y59,RTH,OXFORD UNIVERSITY HOSPITALS NHS FOUNDATION TRUST,X04,Other - Paediatric Services,"7,079","4,056",57.30%,15.2,44.8,227,5,28
Y59,RTH,OXFORD UNIVERSITY HOSPITALS NHS FOUNDATION TRUST,X05,Other - Surgical Services,"5,090","3,119",61.30%,12.7,43.8,154,-,19
Y59,RTH,OXFORD UNIVERSITY HOSPITALS NHS FOUNDATION TRUST,X06,Other - Other Services,"1,611",925,57.40%,14.4,47.9,74,1,8
Y59,RTK,ASHFORD AND ST PETER'S HOSPITALS NHS FOUNDATION TRUST,C_100,General Surgery Service,335,226,67.50%,12.3,41.3,7,-,-
Y59,RTK,ASHFORD AND ST PETER'S HOSPITALS NHS FOUNDATION TRUST,C_101,Urology Service,"2,087","1,288",61.70%,14.3,32.1,1,-,-
Y59,RTK,ASHFORD AND ST PETER'S HOSPITALS NHS FOUNDATION TRUST,C_110,Trauma and Orthopaedic Service,"7,677","5,154",67.10%,12.5,35.1,137,-,8
Y59,RTK,ASHFORD AND ST PETER'S HOSPITALS NHS FOUNDATION TRUST,C_120,Ear Nose and Throat Service,"3,121","1,403",45.00%,20.8,44,45,-,2
Y59,RTK,ASHFORD AND ST PETER'S HOSPITALS NHS FOUNDATION TRUST,C_130,Ophthalmology Service,"6,069","3,363",55.40%,16.3,38.7,17,-,3
Y59,RTK,ASHFORD AND ST PETER'S HOSPITALS NHS FOUNDATION TRUST,C_140,Oral Surgery Service,"4,196","2,364",56.30%,15.7,39,71,-,5
Y59,RTK,ASHFORD AND ST PETER'S HOSPITALS NHS FOUNDATION TRUST,C_150,Neurosurgical Service,1,-,-,-,-,-,-,-
Y59,RTK,ASHFORD AND ST PETER'S HOSPITALS NHS FOUNDATION TRUST,C_160,Plastic Surgery Service,29,28,96.60%,2.8,6.3,-,-,-
Y59,RTK,ASHFORD AND ST PETER'S HOSPITALS NHS FOUNDATION TRUST,C_170,Cardiothoracic Surgery Service,3,2,66.70%,-,-,-,-,-
Y59,RTK,ASHFORD AND ST PETER'S HOSPITALS NHS FOUNDATION TRUST,C_300,General Internal Medicine Service,116,78,67.20%,12,25.4,-,-,-
Y59,RTK,ASHFORD AND ST PETER'S HOSPITALS NHS FOUNDATION TRUST,C_301,Gastroenterology Service,"3,716","1,729",46.50%,19.2,46.6,169,-,3
Y59,RTK,ASHFORD AND ST PETER'S HOSPITALS NHS FOUNDATION TRUST,C_320,Cardiology Service,"1,871","1,198",64.00%,13.8,34,1,-,-
Y59,RTK,ASHFORD AND ST PETER'S HOSPITALS NHS FOUNDATION TRUST,C_330,Dermatology Service,"3,800","1,966",51.70%,17.3,39.2,8,-,-
Y59,RTK,ASHFORD AND ST PETER'S HOSPITALS NHS FOUNDATION TRUST,C_340,Respiratory Medicine Service,"1,037",587,56.60%,15.5,39.9,16,-,-
Y59,RTK,ASHFORD AND ST PETER'S HOSPITALS NHS FOUNDATION TRUST,C_400,Neurology Service,"1,220",729,59.80%,14.3,33,4,-,-
Y59,RTK,ASHFORD AND ST PETER'S HOSPITALS NHS FOUNDATION TRUST,C_410,Rheumatology Service,190,179,94.20%,6.5,16.9,-,-,-
Y59,RTK,ASHFORD AND ST PETER'S HOSPITALS NHS FOUNDATION TRUST,C_430,Elderly Medicine Service,226,177,78.30%,9.5,24.2,-,-,-
Y59,RTK,ASHFORD AND ST PETER'S HOSPITALS NHS FOUNDATION TRUST,C_502,Gynaecology Service,"3,429","1,902",55.50%,16,38.7,73,7,17
Y59,RTK,ASHFORD AND ST PETER'S HOSPITALS NHS FOUNDATION TRUST,X02,Other - Medical Services,"2,445","1,654",67.60%,12.1,35.5,17,-,-
Y59,RTK,ASHFORD AND ST PETER'S HOSPITALS NHS FOUNDATION TRUST,X03,Other - Mental Health Services,2,-,-,-,-,-,-,-
Y59,RTK,ASHFORD AND ST PETER'S HOSPITALS NHS FOUNDATION TRUST,X04,Other - Paediatric Services,"2,128","1,149",54.00%,15.8,39.6,4,-,-
Y59,RTK,ASHFORD AND ST PETER'S HOSPITALS NHS FOUNDATION TRUST,X05,Other - Surgical Services,"6,724","3,687",54.80%,16.3,36.1,31,-,-
Y59,RTK,ASHFORD AND ST PETER'S HOSPITALS NHS FOUNDATION TRUST,X06,Other - Other Services,"5,664","4,863",85.90%,9.4,21.1,5,-,-
Y59,RTP,SURREY AND SUSSEX HEALTHCARE NHS TRUST,C_100,General Surgery Service,"1,492",609,40.80%,22.2,45.6,58,-,5
Y59,RTP,SURREY AND SUSSEX HEALTHCARE NHS TRUST,C_101,Urology Service,"2,351","1,656",70.40%,10.7,37.4,10,-,-
Y59,RTP,SURREY AND SUSSEX HEALTHCARE NHS TRUST,C_110,Trauma and Orthopaedic Service,"3,170","1,748",55.10%,16.1,40.2,39,-,1
Y59,RTP,SURREY AND SUSSEX HEALTHCARE NHS TRUST,C_120,Ear Nose and Throat Service,"6,260","3,223",51.50%,17.6,44.3,134,1,2
Y59,RTP,SURREY AND SUSSEX HEALTHCARE NHS TRUST,C_130,Ophthalmology Service,"3,546","2,449",69.10%,11.7,34.6,5,-,-
Y59,RTP,SURREY AND SUSSEX HEALTHCARE NHS TRUST,C_140,Oral Surgery Service,"1,575",847,53.80%,16.6,44.6,14,-,-
Y59,RTP,SURREY AND SUSSEX HEALTHCARE NHS TRUST,C_150,Neurosurgical Service,-,-,-,-,-,-,-,-
Y59,RTP,SURREY AND SUSSEX HEALTHCARE NHS TRUST,C_160,Plastic Surgery Service,-,-,-,-,-,-,-,-
Y59,RTP,SURREY AND SUSSEX HEALTHCARE NHS TRUST,C_170,Cardiothoracic Surgery Service,-,-,-,-,-,-,-,-
Y59,RTP,SURREY AND SUSSEX HEALTHCARE NHS TRUST,C_300,General Internal Medicine Service,68,25,36.80%,24,40.3,-,-,-
Y59,RTP,SURREY AND SUSSEX HEALTHCARE NHS TRUST,C_301,Gastroenterology Service,"3,946","2,337",59.20%,15.6,34.9,15,-,-
Y59,RTP,SURREY AND SUSSEX HEALTHCARE NHS TRUST,C_320,Cardiology Service,"5,420","2,645",48.80%,18.5,39.4,12,-,-
Y59,RTP,SURREY AND SUSSEX HEALTHCARE NHS TRUST,C_330,Dermatology Service,"3,092","1,628",52.70%,17.2,45.5,76,-,1
Y59,RTP,SURREY AND SUSSEX HEALTHCARE NHS TRUST,C_340,Respiratory Medicine Service,"1,203",921,76.60%,10.5,27.8,-,-,-
Y59,RTP,SURREY AND SUSSEX HEALTHCARE NHS TRUST,C_400,Neurology Service,"1,905",920,48.30%,19.1,40.9,19,-,-
Y59,RTP,SURREY AND SUSSEX HEALTHCARE NHS TRUST,C_410,Rheumatology Service,825,532,64.50%,12.2,37.1,-,-,-
Y59,RTP,SURREY AND SUSSEX HEALTHCARE NHS TRUST,C_430,Elderly Medicine Service,226,178,78.80%,9.3,26,-,-,-
Y59,RTP,SURREY AND SUSSEX HEALTHCARE NHS TRUST,C_502,Gynaecology Service,"3,732","2,348",62.90%,13.5,34.6,11,-,-
Y59,RTP,SURREY AND SUSSEX HEALTHCARE NHS TRUST,X02,Other - Medical Services,"3,801","1,969",51.80%,17.4,41.1,43,-,-
Y59,RTP,SURREY AND SUSSEX HEALTHCARE NHS TRUST,X03,Other - Mental Health Services,-,-,-,-,-,-,-,-
Y59,RTP,SURREY AND SUSSEX HEALTHCARE NHS TRUST,X04,Other - Paediatric Services,"2,053","1,269",61.80%,13.7,31.5,1,-,-
Y59,RTP,SURREY AND SUSSEX HEALTHCARE NHS TRUST,X05,Other - Surgical Services,"6,893","4,137",60.00%,14.9,37.7,68,-,-
Y59,RTP,SURREY AND SUSSEX HEALTHCARE NHS TRUST,X06,Other - Other Services,429,261,60.80%,13.3,46.9,7,1,2
Y59,RVV,EAST KENT HOSPITALS UNIVERSITY NHS FOUNDATION TRUST,C_100,General Surgery Service,"8,783","4,819",54.90%,15.7,48.7,500,-,17
Y59,RVV,EAST KENT HOSPITALS UNIVERSITY NHS FOUNDATION TRUST,C_101,Urology Service,"4,275","3,175",74.30%,10.4,32.2,23,-,3
Y59,RVV,EAST KENT HOSPITALS UNIVERSITY NHS FOUNDATION TRUST,C_110,Trauma and Orthopaedic Service,"6,883","3,750",54.50%,16.5,40.4,102,-,2
Y59,RVV,EAST KENT HOSPITALS UNIVERSITY NHS FOUNDATION TRUST,C_120,Ear Nose and Throat Service,"8,926","4,216",47.20%,19.4,48.7,527,4,100
Y59,RVV,EAST KENT HOSPITALS UNIVERSITY NHS FOUNDATION TRUST,C_130,Ophthalmology Service,"6,308","3,381",53.60%,16.5,45.9,251,-,6
Y59,RVV,EAST KENT HOSPITALS UNIVERSITY NHS FOUNDATION TRUST,C_140,Oral Surgery Service,"5,989","2,407",40.20%,22.9,51,422,-,3
Y59,RVV,EAST KENT HOSPITALS UNIVERSITY NHS FOUNDATION TRUST,C_150,Neurosurgical Service,-,-,-,-,-,-,-,-
Y59,RVV,EAST KENT HOSPITALS UNIVERSITY NHS FOUNDATION TRUST,C_160,Plastic Surgery Service,-,-,-,-,-,-,-,-
Y59,RVV,EAST KENT HOSPITALS UNIVERSITY NHS FOUNDATION TRUST,C_170,Cardiothoracic Surgery Service,16,14,87.50%,-,-,-,-,-
Y59,RVV,EAST KENT HOSPITALS UNIVERSITY NHS FOUNDATION TRUST,C_300,General Internal Medicine Service,12,6,50.00%,-,-,-,-,-
Y59,RVV,EAST KENT HOSPITALS UNIVERSITY NHS FOUNDATION TRUST,C_301,Gastroenterology Service,"6,354","2,759",43.40%,21,47.2,284,-,16
Y59,RVV,EAST KENT HOSPITALS UNIVERSITY NHS FOUNDATION TRUST,C_320,Cardiology Service,"5,359","2,563",47.80%,19,45.6,201,-,12
Y59,RVV,EAST KENT HOSPITALS UNIVERSITY NHS FOUNDATION TRUST,C_330,Dermatology Service,"5,276","3,290",62.40%,13.6,39.9,50,-,-
Y59,RVV,EAST KENT HOSPITALS UNIVERSITY NHS FOUNDATION TRUST,C_340,Respiratory Medicine Service,"4,677","2,230",47.70%,19.1,45.2,117,-,3
Y59,RVV,EAST KENT HOSPITALS UNIVERSITY NHS FOUNDATION TRUST,C_400,Neurology Service,"1,647",893,54.20%,17,33,5,-,-
Y59,RVV,EAST KENT HOSPITALS UNIVERSITY NHS FOUNDATION TRUST,C_410,Rheumatology Service,"3,096","1,147",37.00%,25.2,45.6,56,-,-
Y59,RVV,EAST KENT HOSPITALS UNIVERSITY NHS FOUNDATION TRUST,C_430,Elderly Medicine Service,198,169,85.40%,7.9,24.4,-,-,-
Y59,RVV,EAST KENT HOSPITALS UNIVERSITY NHS FOUNDATION TRUST,C_502,Gynaecology Service,"5,353","3,106",58.00%,15,41.2,85,-,-
Y59,RVV,EAST KENT HOSPITALS UNIVERSITY NHS FOUNDATION TRUST,X02,Other - Medical Services,"2,697","1,777",65.90%,12.7,36.9,35,-,-
Y59,RVV,EAST KENT HOSPITALS UNIVERSITY NHS FOUNDATION TRUST,X03,Other - Mental Health Services,-,-,-,-,-,-,-,-
Y59,RVV,EAST KENT HOSPITALS UNIVERSITY NHS FOUNDATION TRUST,X04,Other - Paediatric Services,589,571,96.90%,2.5,10.9,1,-,1
Y59,RVV,EAST KENT HOSPITALS UNIVERSITY NHS FOUNDATION TRUST,X05,Other - Surgical Services,"4,415","2,072",46.90%,19.2,47.4,200,-,1
Y59,RVV,EAST KENT HOSPITALS UNIVERSITY NHS FOUNDATION TRUST,X06,Other - Other Services,293,237,80.90%,5.7,25.6,2,-,-
Y59,RW1,HAMPSHIRE AND ISLE OF WIGHT HEALTHCARE NHS FOUNDATION TRUST,C_100,General Surgery Service,1,1,100.00%,-,-,-,-,-
Y59,RW1,HAMPSHIRE AND ISLE OF WIGHT HEALTHCARE NHS FOUNDATION TRUST,C_101,Urology Service,-,-,-,-,-,-,-,-
Y59,RW1,HAMPSHIRE AND ISLE OF WIGHT HEALTHCARE NHS FOUNDATION TRUST,C_110,Trauma and Orthopaedic Service,"2,186","1,966",89.90%,6.9,18.9,-,-,-
Y59,RW1,HAMPSHIRE AND ISLE OF WIGHT HEALTHCARE NHS FOUNDATION TRUST,C_120,Ear Nose and Throat Service,80,77,96.30%,1.3,9.9,-,-,-
Y59,RW1,HAMPSHIRE AND ISLE OF WIGHT HEALTHCARE NHS FOUNDATION TRUST,C_130,Ophthalmology Service,-,-,-,-,-,-,-,-
Y59,RW1,HAMPSHIRE AND ISLE OF WIGHT HEALTHCARE NHS FOUNDATION TRUST,C_140,Oral Surgery Service,-,-,-,-,-,-,-,-
Y59,RW1,HAMPSHIRE AND ISLE OF WIGHT HEALTHCARE NHS FOUNDATION TRUST,C_150,Neurosurgical Service,-,-,-,-,-,-,-,-
Y59,RW1,HAMPSHIRE AND ISLE OF WIGHT HEALTHCARE NHS FOUNDATION TRUST,C_160,Plastic Surgery Service,-,-,-,-,-,-,-,-
Y59,RW1,HAMPSHIRE AND ISLE OF WIGHT HEALTHCARE NHS FOUNDATION TRUST,C_170,Cardiothoracic Surgery Service,-,-,-,-,-,-,-,-
Y59,RW1,HAMPSHIRE AND ISLE OF WIGHT HEALTHCARE NHS FOUNDATION TRUST,C_300,General Internal Medicine Service,182,182,100.00%,2.8,12.5,-,-,-
Y59,RW1,HAMPSHIRE AND ISLE OF WIGHT HEALTHCARE NHS FOUNDATION TRUST,C_301,Gastroenterology Service,191,181,94.80%,2.8,14.9,-,-,-
Y59,RW1,HAMPSHIRE AND ISLE OF WIGHT HEALTHCARE NHS FOUNDATION TRUST,C_320,Cardiology Service,200,189,94.50%,9.3,17,-,-,-
Y59,RW1,HAMPSHIRE AND ISLE OF WIGHT HEALTHCARE NHS FOUNDATION TRUST,C_330,Dermatology Service,-,-,-,-,-,-,-,-
Y59,RW1,HAMPSHIRE AND ISLE OF WIGHT HEALTHCARE NHS FOUNDATION TRUST,C_340,Respiratory Medicine Service,24,24,100.00%,1.6,3.5,-,-,-
Y59,RW1,HAMPSHIRE AND ISLE OF WIGHT HEALTHCARE NHS FOUNDATION TRUST,C_400,Neurology Service,-,-,-,-,-,-,-,-
Y59,RW1,HAMPSHIRE AND ISLE OF WIGHT HEALTHCARE NHS FOUNDATION TRUST,C_410,Rheumatology Service,66,66,100.00%,3.2,10.9,-,-,-
Y59,RW1,HAMPSHIRE AND ISLE OF WIGHT HEALTHCARE NHS FOUNDATION TRUST,C_430,Elderly Medicine Service,13,13,100.00%,-,-,-,-,-
Y59,RW1,HAMPSHIRE AND ISLE OF WIGHT HEALTHCARE NHS FOUNDATION TRUST,C_502,Gynaecology Service,-,-,-,-,-,-,-,-
Y59,RW1,HAMPSHIRE AND ISLE OF WIGHT HEALTHCARE NHS FOUNDATION TRUST,X02,Other - Medical Services,169,165,97.60%,2.5,9.7,-,-,-
Y59,RW1,HAMPSHIRE AND ISLE OF WIGHT HEALTHCARE NHS FOUNDATION TRUST,X03,Other - Mental Health Services,280,274,97.90%,4.6,13.6,-,-,-
Y59,RW1,HAMPSHIRE AND ISLE OF WIGHT HEALTHCARE NHS FOUNDATION TRUST,X04,Other - Paediatric Services,11,11,100.00%,-,-,-,-,-
Y59,RW1,HAMPSHIRE AND ISLE OF WIGHT HEALTHCARE NHS FOUNDATION TRUST,X05,Other - Surgical Services,93,92,98.90%,8.3,16.1,-,-,-
Y59,RW1,HAMPSHIRE AND ISLE OF WIGHT HEALTHCARE NHS FOUNDATION TRUST,X06,Other - Other Services,-,-,-,-,-,-,-,-
Y59,RWF,MAIDSTONE AND TUNBRIDGE WELLS NHS TRUST,C_100,General Surgery Service,"5,972","3,983",66.70%,11.7,33.9,-,-,-
Y59,RWF,MAIDSTONE AND TUNBRIDGE WELLS NHS TRUST,C_101,Urology Service,"2,725","2,270",83.30%,8.5,23.5,-,-,-
Y59,RWF,MAIDSTONE AND TUNBRIDGE WELLS NHS TRUST,C_110,Trauma and Orthopaedic Service,"4,010","2,993",74.60%,10.7,28.3,-,-,-
Y59,RWF,MAIDSTONE AND TUNBRIDGE WELLS NHS TRUST,C_120,Ear Nose and Throat Service,"5,871","3,407",58.00%,15,34.6,-,-,-
Y59,RWF,MAIDSTONE AND TUNBRIDGE WELLS NHS TRUST,C_130,Ophthalmology Service,"5,507","4,244",77.10%,9.9,26.7,-,-,-
Y59,RWF,MAIDSTONE AND TUNBRIDGE WELLS NHS TRUST,C_140,Oral Surgery Service,-,-,-,-,-,-,-,-
Y59,RWF,MAIDSTONE AND TUNBRIDGE WELLS NHS TRUST,C_150,Neurosurgical Service,-,-,-,-,-,-,-,-
Y59,RWF,MAIDSTONE AND TUNBRIDGE WELLS NHS TRUST,C_160,Plastic Surgery Service,-,-,-,-,-,-,-,-
Y59,RWF,MAIDSTONE AND TUNBRIDGE WELLS NHS TRUST,C_170,Cardiothoracic Surgery Service,34,34,100.00%,8,13.3,-,-,-
Y59,RWF,MAIDSTONE AND TUNBRIDGE WELLS NHS TRUST,C_300,General Internal Medicine Service,1,1,100.00%,-,-,-,-,-
Y59,RWF,MAIDSTONE AND TUNBRIDGE WELLS NHS TRUST,C_301,Gastroenterology Service,"2,380","1,647",69.20%,11.7,29.3,-,-,-
Y59,RWF,MAIDSTONE AND TUNBRIDGE WELLS NHS TRUST,C_320,Cardiology Service,"2,754","1,682",61.10%,13.9,33.1,-,-,-
Y59,RWF,MAIDSTONE AND TUNBRIDGE WELLS NHS TRUST,C_330,Dermatology Service,-,-,-,-,-,-,-,-
Y59,RWF,MAIDSTONE AND TUNBRIDGE WELLS NHS TRUST,C_340,Respiratory Medicine Service,948,851,89.80%,7.1,19,-,-,-
Y59,RWF,MAIDSTONE AND TUNBRIDGE WELLS NHS TRUST,C_400,Neurology Service,"1,047",850,81.20%,9.2,23.6,-,-,-
Y59,RWF,MAIDSTONE AND TUNBRIDGE WELLS NHS TRUST,C_410,Rheumatology Service,639,486,76.10%,8.1,29.9,-,-,-
Y59,RWF,MAIDSTONE AND TUNBRIDGE WELLS NHS TRUST,C_430,Elderly Medicine Service,115,109,94.80%,5.3,16.9,-,-,-
Y59,RWF,MAIDSTONE AND TUNBRIDGE WELLS NHS TRUST,C_502,Gynaecology Service,"3,452","2,660",77.10%,9.5,30,-,-,-
Y59,RWF,MAIDSTONE AND TUNBRIDGE WELLS NHS TRUST,X02,Other - Medical Services,"4,079","3,472",85.10%,8.1,22.7,-,-,-
Y59,RWF,MAIDSTONE AND TUNBRIDGE WELLS NHS TRUST,X03,Other - Mental Health Services,-,-,-,-,-,-,-,-
Y59,RWF,MAIDSTONE AND TUNBRIDGE WELLS NHS TRUST,X04,Other - Paediatric Services,"3,467","1,988",57.30%,14.9,40.7,-,-,-
Y59,RWF,MAIDSTONE AND TUNBRIDGE WELLS NHS TRUST,X05,Other - Surgical Services,"1,216","1,165",95.80%,2.9,13.4,-,-,-
Y59,RWF,MAIDSTONE AND TUNBRIDGE WELLS NHS TRUST,X06,Other - Other Services,-,-,-,-,-,-,-,-
Y59,RWX,BERKSHIRE HEALTHCARE NHS FOUNDATION TRUST,C_100,General Surgery Service,-,-,-,-,-,-,-,-
Y59,RWX,BERKSHIRE HEALTHCARE NHS FOUNDATION TRUST,C_101,Urology Service,-,-,-,-,-,-,-,-
Y59,RWX,BERKSHIRE HEALTHCARE NHS FOUNDATION TRUST,C_110,Trauma and Orthopaedic Service,-,-,-,-,-,-,-,-
Y59,RWX,BERKSHIRE HEALTHCARE NHS FOUNDATION TRUST,C_120,Ear Nose and Throat Service,-,-,-,-,-,-,-,-
Y59,RWX,BERKSHIRE HEALTHCARE NHS FOUNDATION TRUST,C_130,Ophthalmology Service,-,-,-,-,-,-,-,-
Y59,RWX,BERKSHIRE HEALTHCARE NHS FOUNDATION TRUST,C_140,Oral Surgery Service,-,-,-,-,-,-,-,-
Y59,RWX,BERKSHIRE HEALTHCARE NHS FOUNDATION TRUST,C_150,Neurosurgical Service,-,-,-,-,-,-,-,-
Y59,RWX,BERKSHIRE HEALTHCARE NHS FOUNDATION TRUST,C_160,Plastic Surgery Service,-,-,-,-,-,-,-,-
Y59,RWX,BERKSHIRE HEALTHCARE NHS FOUNDATION TRUST,C_170,Cardiothoracic Surgery Service,-,-,-,-,-,-,-,-
Y59,RWX,BERKSHIRE HEALTHCARE NHS FOUNDATION TRUST,C_300,General Internal Medicine Service,-,-,-,-,-,-,-,-
Y59,RWX,BERKSHIRE HEALTHCARE NHS FOUNDATION TRUST,C_301,Gastroenterology Service,-,-,-,-,-,-,-,-
Y59,RWX,BERKSHIRE HEALTHCARE NHS FOUNDATION TRUST,C_320,Cardiology Service,-,-,-,-,-,-,-,-
Y59,RWX,BERKSHIRE HEALTHCARE NHS FOUNDATION TRUST,C_330,Dermatology Service,-,-,-,-,-,-,-,-
Y59,RWX,BERKSHIRE HEALTHCARE NHS FOUNDATION TRUST,C_340,Respiratory Medicine Service,-,-,-,-,-,-,-,-
Y59,RWX,BERKSHIRE HEALTHCARE NHS FOUNDATION TRUST,C_400,Neurology Service,-,-,-,-,-,-,-,-
Y59,RWX,BERKSHIRE HEALTHCARE NHS FOUNDATION TRUST,C_410,Rheumatology Service,-,-,-,-,-,-,-,-
Y59,RWX,BERKSHIRE HEALTHCARE NHS FOUNDATION TRUST,C_430,Elderly Medicine Service,-,-,-,-,-,-,-,-
Y59,RWX,BERKSHIRE HEALTHCARE NHS FOUNDATION TRUST,C_502,Gynaecology Service,-,-,-,-,-,-,-,-
Y59,RWX,BERKSHIRE HEALTHCARE NHS FOUNDATION TRUST,X02,Other - Medical Services,-,-,-,-,-,-,-,-
Y59,RWX,BERKSHIRE HEALTHCARE NHS FOUNDATION TRUST,X03,Other - Mental Health Services,-,-,-,-,-,-,-,-
Y59,RWX,BERKSHIRE HEALTHCARE NHS FOUNDATION TRUST,X04,Other - Paediatric Services,83,83,100.00%,7.8,12.8,-,-,-
Y59,RWX,BERKSHIRE HEALTHCARE NHS FOUNDATION TRUST,X05,Other - Surgical Services,-,-,-,-,-,-,-,-
Y59,RWX,BERKSHIRE HEALTHCARE NHS FOUNDATION TRUST,X06,Other - Other Services,-,-,-,-,-,-,-,-
Y59,RXC,EAST SUSSEX HEALTHCARE NHS TRUST,C_100,General Surgery Service,"5,276","2,896",54.90%,15.3,44,70,-,15
Y59,RXC,EAST SUSSEX HEALTHCARE NHS TRUST,C_101,Urology Service,"4,750","2,427",51.10%,17.5,44.4,87,1,2
Y59,RXC,EAST SUSSEX HEALTHCARE NHS TRUST,C_110,Trauma and Orthopaedic Service,"3,437","1,947",56.60%,15.7,39.4,65,2,4
Y59,RXC,EAST SUSSEX HEALTHCARE NHS TRUST,C_120,Ear Nose and Throat Service,"8,742","3,422",39.10%,24.4,49.4,450,-,21
Y59,RXC,EAST SUSSEX HEALTHCARE NHS TRUST,C_130,Ophthalmology Service,"4,060","2,801",69.00%,11.6,31.5,21,-,1
Y59,RXC,EAST SUSSEX HEALTHCARE NHS TRUST,C_140,Oral Surgery Service,"2,048","1,027",50.10%,18,37.5,11,-,-
Y59,RXC,EAST SUSSEX HEALTHCARE NHS TRUST,C_150,Neurosurgical Service,-,-,-,-,-,-,-,-
Y59,RXC,EAST SUSSEX HEALTHCARE NHS TRUST,C_160,Plastic Surgery Service,-,-,-,-,-,-,-,-
Y59,RXC,EAST SUSSEX HEALTHCARE NHS TRUST,C_170,Cardiothoracic Surgery Service,-,-,-,-,-,-,-,-
Y59,RXC,EAST SUSSEX HEALTHCARE NHS TRUST,C_300,General Internal Medicine Service,44,39,88.60%,2.8,18.7,-,-,-
Y59,RXC,EAST SUSSEX HEALTHCARE NHS TRUST,C_301,Gastroenterology Service,"3,033","1,929",63.60%,13.7,30.2,20,-,-
Y59,RXC,EAST SUSSEX HEALTHCARE NHS TRUST,C_320,Cardiology Service,"3,600","2,336",64.90%,13.2,32.5,50,-,-
Y59,RXC,EAST SUSSEX HEALTHCARE NHS TRUST,C_330,Dermatology Service,"1,006",866,86.10%,3.3,21.4,-,-,-
Y59,RXC,EAST SUSSEX HEALTHCARE NHS TRUST,C_340,Respiratory Medicine Service,"3,132","1,514",48.30%,18.9,44,15,-,-
Y59,RXC,EAST SUSSEX HEALTHCARE NHS TRUST,C_400,Neurology Service,"1,945","1,155",59.40%,14.9,37.1,13,-,-
Y59,RXC,EAST SUSSEX HEALTHCARE NHS TRUST,C_410,Rheumatology Service,653,620,94.90%,5.5,16.3,-,-,-
Y59,RXC,EAST SUSSEX HEALTHCARE NHS TRUST,C_430,Elderly Medicine Service,117,110,94.00%,7.1,16.4,-,-,-
Y59,RXC,EAST SUSSEX HEALTHCARE NHS TRUST,C_502,Gynaecology Service,"5,421","2,597",47.90%,18.7,43.1,127,-,4
Y59,RXC,EAST SUSSEX HEALTHCARE NHS TRUST,X02,Other - Medical Services,"3,795","2,535",66.80%,12.1,38.5,13,-,1
Y59,RXC,EAST SUSSEX HEALTHCARE NHS TRUST,X03,Other - Mental Health Services,-,-,-,-,-,-,-,-
Y59,RXC,EAST SUSSEX HEALTHCARE NHS TRUST,X04,Other - Paediatric Services,330,234,70.90%,13.4,29.5,3,-,-
Y59,RXC,EAST SUSSEX HEALTHCARE NHS TRUST,X05,Other - Surgical Services,"4,531","2,241",49.50%,18.2,37.9,69,-,3
Y59,RXC,EAST SUSSEX HEALTHCARE NHS TRUST,X06,Other - Other Services,"1,568",690,44.00%,20.6,48.8,89,-,-
Y59,RXQ,BUCKINGHAMSHIRE HEALTHCARE NHS TRUST,C_100,General Surgery Service,"2,604","1,513",58.10%,15.1,45.9,88,-,-
Y59,RXQ,BUCKINGHAMSHIRE HEALTHCARE NHS TRUST,C_101,Urology Service,"3,007","1,999",66.50%,12.7,37.7,28,-,1
Y59,RXQ,BUCKINGHAMSHIRE HEALTHCARE NHS TRUST,C_110,Trauma and Orthopaedic Service,"5,007","2,525",50.40%,17.9,49,264,-,2
Y59,RXQ,BUCKINGHAMSHIRE HEALTHCARE NHS TRUST,C_120,Ear Nose and Throat Service,"3,911","2,484",63.50%,13.4,37.5,58,-,-
Y59,RXQ,BUCKINGHAMSHIRE HEALTHCARE NHS TRUST,C_130,Ophthalmology Service,"5,446","3,475",63.80%,13.7,36,34,-,-
Y59,RXQ,BUCKINGHAMSHIRE HEALTHCARE NHS TRUST,C_140,Oral Surgery Service,"1,070",772,72.10%,11.6,36.2,9,-,-
Y59,RXQ,BUCKINGHAMSHIRE HEALTHCARE NHS TRUST,C_150,Neurosurgical Service,-,-,-,-,-,-,-,-
Y59,RXQ,BUCKINGHAMSHIRE HEALTHCARE NHS TRUST,C_160,Plastic Surgery Service,"1,089",685,62.90%,12.8,39.3,21,-,1
Y59,RXQ,BUCKINGHAMSHIRE HEALTHCARE NHS TRUST,C_170,Cardiothoracic Surgery Service,-,-,-,-,-,-,-,-
Y59,RXQ,BUCKINGHAMSHIRE HEALTHCARE NHS TRUST,C_300,General Internal Medicine Service,-,-,-,-,-,-,-,-
Y59,RXQ,BUCKINGHAMSHIRE HEALTHCARE NHS TRUST,C_301,Gastroenterology Service,"2,969","1,939",65.30%,14,41.1,54,-,-
Y59,RXQ,BUCKINGHAMSHIRE HEALTHCARE NHS TRUST,C_320,Cardiology Service,"1,594",739,46.40%,20.9,48.7,55,-,-
Y59,RXQ,BUCKINGHAMSHIRE HEALTHCARE NHS TRUST,C_330,Dermatology Service,"2,376",977,41.10%,28.8,50.2,121,-,-
Y59,RXQ,BUCKINGHAMSHIRE HEALTHCARE NHS TRUST,C_340,Respiratory Medicine Service,"1,132",677,59.80%,13.6,45,4,-,-
Y59,RXQ,BUCKINGHAMSHIRE HEALTHCARE NHS TRUST,C_400,Neurology Service,"2,551","1,007",39.50%,24.6,49.6,109,-,-
Y59,RXQ,BUCKINGHAMSHIRE HEALTHCARE NHS TRUST,C_410,Rheumatology Service,"1,063",499,46.90%,19.6,48.8,34,-,-
Y59,RXQ,BUCKINGHAMSHIRE HEALTHCARE NHS TRUST,C_430,Elderly Medicine Service,121,119,98.30%,2.2,12.5,-,-,-
Y59,RXQ,BUCKINGHAMSHIRE HEALTHCARE NHS TRUST,C_502,Gynaecology Service,"3,574","1,650",46.20%,19.6,44.6,120,-,-
Y59,RXQ,BUCKINGHAMSHIRE HEALTHCARE NHS TRUST,X02,Other - Medical Services,"4,842","2,965",61.20%,14.1,40.7,52,-,-
Y59,RXQ,BUCKINGHAMSHIRE HEALTHCARE NHS TRUST,X03,Other - Mental Health Services,-,-,-,-,-,-,-,-
Y59,RXQ,BUCKINGHAMSHIRE HEALTHCARE NHS TRUST,X04,Other - Paediatric Services,832,460,55.30%,16.2,45.8,9,-,-
Y59,RXQ,BUCKINGHAMSHIRE HEALTHCARE NHS TRUST,X05,Other - Surgical Services,"1,243","1,017",81.80%,8.5,27.3,12,-,-
Y59,RXQ,BUCKINGHAMSHIRE HEALTHCARE NHS TRUST,X06,Other - Other Services,551,450,81.70%,5.4,35.5,-,-,-
Y59,RYR,UNIVERSITY HOSPITALS SUSSEX NHS FOUNDATION TRUST,C_100,General Surgery Service,"2,936","1,131",38.50%,24.9,56.5,359,22,125
Y59,RYR,UNIVERSITY HOSPITALS SUSSEX NHS FOUNDATION TRUST,C_101,Urology Service,"6,025","3,213",53.30%,16.4,46,200,1,22
Y59,RYR,UNIVERSITY HOSPITALS SUSSEX NHS FOUNDATION TRUST,C_110,Trauma and Orthopaedic Service,"7,833","3,402",43.40%,21,51.8,610,38,134
Y59,RYR,UNIVERSITY HOSPITALS SUSSEX NHS FOUNDATION TRUST,C_120,Ear Nose and Throat Service,"8,090","3,594",44.40%,20.6,58.9,963,173,446
Y59,RYR,UNIVERSITY HOSPITALS SUSSEX NHS FOUNDATION TRUST,C_130,Ophthalmology Service,"13,249","6,773",51.10%,17.5,46.6,557,31,121
Y59,RYR,UNIVERSITY HOSPITALS SUSSEX NHS FOUNDATION TRUST,C_140,Oral Surgery Service,"6,625","2,876",43.40%,21.4,52.1,539,24,112
Y59,RYR,UNIVERSITY HOSPITALS SUSSEX NHS FOUNDATION TRUST,C_150,Neurosurgical Service,539,268,49.70%,18.1,49.1,26,-,8
Y59,RYR,UNIVERSITY HOSPITALS SUSSEX NHS FOUNDATION TRUST,C_160,Plastic Surgery Service,-,-,-,-,-,-,-,-
Y59,RYR,UNIVERSITY HOSPITALS SUSSEX NHS FOUNDATION TRUST,C_170,Cardiothoracic Surgery Service,152,133,87.50%,8.4,22.9,-,-,-
Y59,RYR,UNIVERSITY HOSPITALS SUSSEX NHS FOUNDATION TRUST,C_300,General Internal Medicine Service,6,6,100.00%,-,-,-,-,-
Y59,RYR,UNIVERSITY HOSPITALS SUSSEX NHS FOUNDATION TRUST,C_301,Gastroenterology Service,"6,232","3,311",53.10%,16.8,45.2,247,7,59
Y59,RYR,UNIVERSITY HOSPITALS SUSSEX NHS FOUNDATION TRUST,C_320,Cardiology Service,"8,211","4,434",54.00%,16.6,47.2,335,-,-
Y59,RYR,UNIVERSITY HOSPITALS SUSSEX NHS FOUNDATION TRUST,C_330,Dermatology Service,"8,331","3,822",45.90%,20.5,54.2,833,58,335
Y59,RYR,UNIVERSITY HOSPITALS SUSSEX NHS FOUNDATION TRUST,C_340,Respiratory Medicine Service,"1,700","1,132",66.60%,12.2,34.6,30,-,2
Y59,RYR,UNIVERSITY HOSPITALS SUSSEX NHS FOUNDATION TRUST,C_400,Neurology Service,"4,846","2,185",45.10%,20.3,50.2,294,-,3
Y59,RYR,UNIVERSITY HOSPITALS SUSSEX NHS FOUNDATION TRUST,C_410,Rheumatology Service,"2,128",958,45.00%,21.4,52,171,-,24
Y59,RYR,UNIVERSITY HOSPITALS SUSSEX NHS FOUNDATION TRUST,C_430,Elderly Medicine Service,203,140,69.00%,12.9,34.9,-,-,-
Y59,RYR,UNIVERSITY HOSPITALS SUSSEX NHS FOUNDATION TRUST,C_502,Gynaecology Service,"8,600","4,378",50.90%,17.6,48.7,506,19,100
Y59,RYR,UNIVERSITY HOSPITALS SUSSEX NHS FOUNDATION TRUST,X02,Other - Medical Services,"7,235","3,535",48.90%,18.6,47.6,247,1,19
Y59,RYR,UNIVERSITY HOSPITALS SUSSEX NHS FOUNDATION TRUST,X03,Other - Mental Health Services,-,-,-,-,-,-,-,-
Y59,RYR,UNIVERSITY HOSPITALS SUSSEX NHS FOUNDATION TRUST,X04,Other - Paediatric Services,"8,320","3,618",43.50%,21.7,52.5,706,17,104
Y59,RYR,UNIVERSITY HOSPITALS SUSSEX NHS FOUNDATION TRUST,X05,Other - Surgical Services,"16,043","7,658",47.70%,19.1,50.8,"1,109",85,330
Y59,RYR,UNIVERSITY HOSPITALS SUSSEX NHS FOUNDATION TRUST,X06,Other - Other Services,"1,219",549,45.00%,20.5,53.5,116,14,38
Y59,RYY,KENT COMMUNITY HEALTH NHS FOUNDATION TRUST,C_100,General Surgery Service,-,-,-,-,-,-,-,-
Y59,RYY,KENT COMMUNITY HEALTH NHS FOUNDATION TRUST,C_101,Urology Service,-,-,-,-,-,-,-,-
Y59,RYY,KENT COMMUNITY HEALTH NHS FOUNDATION TRUST,C_110,Trauma and Orthopaedic Service,"1,613","1,612",99.90%,2.8,8.3,-,-,-
Y59,RYY,KENT COMMUNITY HEALTH NHS FOUNDATION TRUST,C_120,Ear Nose and Throat Service,-,-,-,-,-,-,-,-
Y59,RYY,KENT COMMUNITY HEALTH NHS FOUNDATION TRUST,C_130,Ophthalmology Service,-,-,-,-,-,-,-,-
Y59,RYY,KENT COMMUNITY HEALTH NHS FOUNDATION TRUST,C_140,Oral Surgery Service,-,-,-,-,-,-,-,-
Y59,RYY,KENT COMMUNITY HEALTH NHS FOUNDATION TRUST,C_150,Neurosurgical Service,-,-,-,-,-,-,-,-
Y59,RYY,KENT COMMUNITY HEALTH NHS FOUNDATION TRUST,C_160,Plastic Surgery Service,-,-,-,-,-,-,-,-
Y59,RYY,KENT COMMUNITY HEALTH NHS FOUNDATION TRUST,C_170,Cardiothoracic Surgery Service,-,-,-,-,-,-,-,-
Y59,RYY,KENT COMMUNITY HEALTH NHS FOUNDATION TRUST,C_300,General Internal Medicine Service,-,-,-,-,-,-,-,-
Y59,RYY,KENT COMMUNITY HEALTH NHS FOUNDATION TRUST,C_301,Gastroenterology Service,-,-,-,-,-,-,-,-
Y59,RYY,KENT COMMUNITY HEALTH NHS FOUNDATION TRUST,C_320,Cardiology Service,-,-,-,-,-,-,-,-
Y59,RYY,KENT COMMUNITY HEALTH NHS FOUNDATION TRUST,C_330,Dermatology Service,-,-,-,-,-,-,-,-
Y59,RYY,KENT COMMUNITY HEALTH NHS FOUNDATION TRUST,C_340,Respiratory Medicine Service,-,-,-,-,-,-,-,-
Y59,RYY,KENT COMMUNITY HEALTH NHS FOUNDATION TRUST,C_400,Neurology Service,-,-,-,-,-,-,-,-
Y59,RYY,KENT COMMUNITY HEALTH NHS FOUNDATION TRUST,C_410,Rheumatology Service,-,-,-,-,-,-,-,-
Y59,RYY,KENT COMMUNITY HEALTH NHS FOUNDATION TRUST,C_430,Elderly Medicine Service,-,-,-,-,-,-,-,-
Y59,RYY,KENT COMMUNITY HEALTH NHS FOUNDATION TRUST,C_502,Gynaecology Service,-,-,-,-,-,-,-,-
Y59,RYY,KENT COMMUNITY HEALTH NHS FOUNDATION TRUST,X02,Other - Medical Services,521,520,99.80%,4.8,8,-,-,-
Y59,RYY,KENT COMMUNITY HEALTH NHS FOUNDATION TRUST,X03,Other - Mental Health Services,-,-,-,-,-,-,-,-
Y59,RYY,KENT COMMUNITY HEALTH NHS FOUNDATION TRUST,X04,Other - Paediatric Services,-,-,-,-,-,-,-,-
Y59,RYY,KENT COMMUNITY HEALTH NHS FOUNDATION TRUST,X05,Other - Surgical Services,-,-,-,-,-,-,-,-
Y59,RYY,KENT COMMUNITY HEALTH NHS FOUNDATION TRUST,X06,Other - Other Services,-,-,-,-,-,-,-,-
Y60,R1A,HEREFORDSHIRE AND WORCESTERSHIRE HEALTH AND CARE NHS TRUST,C_100,General Surgery Service,-,-,-,-,-,-,-,-
Y60,R1A,HEREFORDSHIRE AND WORCESTERSHIRE HEALTH AND CARE NHS TRUST,C_101,Urology Service,-,-,-,-,-,-,-,-
Y60,R1A,HEREFORDSHIRE AND WORCESTERSHIRE HEALTH AND CARE NHS TRUST,C_110,Trauma and Orthopaedic Service,56,54,96.40%,6.7,16.3,-,-,-
Y60,R1A,HEREFORDSHIRE AND WORCESTERSHIRE HEALTH AND CARE NHS TRUST,C_120,Ear Nose and Throat Service,-,-,-,-,-,-,-,-
Y60,R1A,HEREFORDSHIRE AND WORCESTERSHIRE HEALTH AND CARE NHS TRUST,C_130,Ophthalmology Service,-,-,-,-,-,-,-,-
Y60,R1A,HEREFORDSHIRE AND WORCESTERSHIRE HEALTH AND CARE NHS TRUST,C_140,Oral Surgery Service,-,-,-,-,-,-,-,-
Y60,R1A,HEREFORDSHIRE AND WORCESTERSHIRE HEALTH AND CARE NHS TRUST,C_150,Neurosurgical Service,-,-,-,-,-,-,-,-
Y60,R1A,HEREFORDSHIRE AND WORCESTERSHIRE HEALTH AND CARE NHS TRUST,C_160,Plastic Surgery Service,-,-,-,-,-,-,-,-
Y60,R1A,HEREFORDSHIRE AND WORCESTERSHIRE HEALTH AND CARE NHS TRUST,C_170,Cardiothoracic Surgery Service,-,-,-,-,-,-,-,-
Y60,R1A,HEREFORDSHIRE AND WORCESTERSHIRE HEALTH AND CARE NHS TRUST,C_300,General Internal Medicine Service,-,-,-,-,-,-,-,-
Y60,R1A,HEREFORDSHIRE AND WORCESTERSHIRE HEALTH AND CARE NHS TRUST,C_301,Gastroenterology Service,-,-,-,-,-,-,-,-
Y60,R1A,HEREFORDSHIRE AND WORCESTERSHIRE HEALTH AND CARE NHS TRUST,C_320,Cardiology Service,-,-,-,-,-,-,-,-
Y60,R1A,HEREFORDSHIRE AND WORCESTERSHIRE HEALTH AND CARE NHS TRUST,C_330,Dermatology Service,-,-,-,-,-,-,-,-
Y60,R1A,HEREFORDSHIRE AND WORCESTERSHIRE HEALTH AND CARE NHS TRUST,C_340,Respiratory Medicine Service,-,-,-,-,-,-,-,-
Y60,R1A,HEREFORDSHIRE AND WORCESTERSHIRE HEALTH AND CARE NHS TRUST,C_400,Neurology Service,-,-,-,-,-,-,-,-
Y60,R1A,HEREFORDSHIRE AND WORCESTERSHIRE HEALTH AND CARE NHS TRUST,C_410,Rheumatology Service,-,-,-,-,-,-,-,-
Y60,R1A,HEREFORDSHIRE AND WORCESTERSHIRE HEALTH AND CARE NHS TRUST,C_430,Elderly Medicine Service,-,-,-,-,-,-,-,-
Y60,R1A,HEREFORDSHIRE AND WORCESTERSHIRE HEALTH AND CARE NHS TRUST,C_502,Gynaecology Service,-,-,-,-,-,-,-,-
Y60,R1A,HEREFORDSHIRE AND WORCESTERSHIRE HEALTH AND CARE NHS TRUST,X02,Other - Medical Services,-,-,-,-,-,-,-,-
Y60,R1A,HEREFORDSHIRE AND WORCESTERSHIRE HEALTH AND CARE NHS TRUST,X03,Other - Mental Health Services,-,-,-,-,-,-,-,-
Y60,R1A,HEREFORDSHIRE AND WORCESTERSHIRE HEALTH AND CARE NHS TRUST,X04,Other - Paediatric Services,-,-,-,-,-,-,-,-
Y60,R1A,HEREFORDSHIRE AND WORCESTERSHIRE HEALTH AND CARE NHS TRUST,X05,Other - Surgical Services,-,-,-,-,-,-,-,-
Y60,R1A,HEREFORDSHIRE AND WORCESTERSHIRE HEALTH AND CARE NHS TRUST,X06,Other - Other Services,-,-,-,-,-,-,-,-
Y60,R1D,SHROPSHIRE COMMUNITY HEALTH NHS TRUST,C_100,General Surgery Service,61,44,72.10%,8.9,34.6,-,-,-
Y60,R1D,SHROPSHIRE COMMUNITY HEALTH NHS TRUST,C_101,Urology Service,-,-,-,-,-,-,-,-
Y60,R1D,SHROPSHIRE COMMUNITY HEALTH NHS TRUST,C_110,Trauma and Orthopaedic Service,"9,569","5,438",56.80%,15.9,43.4,376,-,1
Y60,R1D,SHROPSHIRE COMMUNITY HEALTH NHS TRUST,C_120,Ear Nose and Throat Service,625,328,52.50%,17.3,34.4,2,-,-
Y60,R1D,SHROPSHIRE COMMUNITY HEALTH NHS TRUST,C_130,Ophthalmology Service,-,-,-,-,-,-,-,-
Y60,R1D,SHROPSHIRE COMMUNITY HEALTH NHS TRUST,C_140,Oral Surgery Service,237,156,65.80%,14.4,30.3,-,-,-
Y60,R1D,SHROPSHIRE COMMUNITY HEALTH NHS TRUST,C_150,Neurosurgical Service,-,-,-,-,-,-,-,-
Y60,R1D,SHROPSHIRE COMMUNITY HEALTH NHS TRUST,C_160,Plastic Surgery Service,-,-,-,-,-,-,-,-
Y60,R1D,SHROPSHIRE COMMUNITY HEALTH NHS TRUST,C_170,Cardiothoracic Surgery Service,-,-,-,-,-,-,-,-
Y60,R1D,SHROPSHIRE COMMUNITY HEALTH NHS TRUST,C_300,General Internal Medicine Service,-,-,-,-,-,-,-,-
Y60,R1D,SHROPSHIRE COMMUNITY HEALTH NHS TRUST,C_301,Gastroenterology Service,-,-,-,-,-,-,-,-
Y60,R1D,SHROPSHIRE COMMUNITY HEALTH NHS TRUST,C_320,Cardiology Service,82,62,75.60%,11.3,24.2,-,-,-
Y60,R1D,SHROPSHIRE COMMUNITY HEALTH NHS TRUST,C_330,Dermatology Service,-,-,-,-,-,-,-,-
Y60,R1D,SHROPSHIRE COMMUNITY HEALTH NHS TRUST,C_340,Respiratory Medicine Service,95,34,35.80%,24.8,40.6,1,-,-
Y60,R1D,SHROPSHIRE COMMUNITY HEALTH NHS TRUST,C_400,Neurology Service,-,-,-,-,-,-,-,-
Y60,R1D,SHROPSHIRE COMMUNITY HEALTH NHS TRUST,C_410,Rheumatology Service,5,4,80.00%,-,-,-,-,-
Y60,R1D,SHROPSHIRE COMMUNITY HEALTH NHS TRUST,C_430,Elderly Medicine Service,-,-,-,-,-,-,-,-
Y60,R1D,SHROPSHIRE COMMUNITY HEALTH NHS TRUST,C_502,Gynaecology Service,134,104,77.60%,11.9,23.6,-,-,-
Y60,R1D,SHROPSHIRE COMMUNITY HEALTH NHS TRUST,X02,Other - Medical Services,-,-,-,-,-,-,-,-
Y60,R1D,SHROPSHIRE COMMUNITY HEALTH NHS TRUST,X03,Other - Mental Health Services,-,-,-,-,-,-,-,-
Y60,R1D,SHROPSHIRE COMMUNITY HEALTH NHS TRUST,X04,Other - Paediatric Services,23,23,100.00%,6.5,14.2,-,-,-
Y60,R1D,SHROPSHIRE COMMUNITY HEALTH NHS TRUST,X05,Other - Surgical Services,-,-,-,-,-,-,-,-
Y60,R1D,SHROPSHIRE COMMUNITY HEALTH NHS TRUST,X06,Other - Other Services,-,-,-,-,-,-,-,-
Y60,RBK,WALSALL HEALTHCARE NHS TRUST,C_100,General Surgery Service,"1,153",705,61.10%,13.2,40.4,24,-,1
Y60,RBK,WALSALL HEALTHCARE NHS TRUST,C_101,Urology Service,-,-,-,-,-,-,-,-
Y60,RBK,WALSALL HEALTHCARE NHS TRUST,C_110,Trauma and Orthopaedic Service,"3,584","2,189",61.10%,13.9,40.4,102,-,1
Y60,RBK,WALSALL HEALTHCARE NHS TRUST,C_120,Ear Nose and Throat Service,"3,280","1,742",53.10%,16.9,37.3,39,-,-
Y60,RBK,WALSALL HEALTHCARE NHS TRUST,C_130,Ophthalmology Service,"1,046",818,78.20%,9.2,29.2,2,-,-
Y60,RBK,WALSALL HEALTHCARE NHS TRUST,C_140,Oral Surgery Service,"1,342",759,56.60%,15.4,41,18,-,-
Y60,RBK,WALSALL HEALTHCARE NHS TRUST,C_150,Neurosurgical Service,-,-,-,-,-,-,-,-
Y60,RBK,WALSALL HEALTHCARE NHS TRUST,C_160,Plastic Surgery Service,118,74,62.70%,13.8,32.9,2,-,-
Y60,RBK,WALSALL HEALTHCARE NHS TRUST,C_170,Cardiothoracic Surgery Service,-,-,-,-,-,-,-,-
Y60,RBK,WALSALL HEALTHCARE NHS TRUST,C_300,General Internal Medicine Service,-,-,-,-,-,-,-,-
Y60,RBK,WALSALL HEALTHCARE NHS TRUST,C_301,Gastroenterology Service,"2,164","1,566",72.40%,9.9,32,-,-,-
Y60,RBK,WALSALL HEALTHCARE NHS TRUST,C_320,Cardiology Service,"1,493","1,402",93.90%,7.7,17,-,-,-
Y60,RBK,WALSALL HEALTHCARE NHS TRUST,C_330,Dermatology Service,"1,265",712,56.30%,15.2,36.1,3,-,-
Y60,RBK,WALSALL HEALTHCARE NHS TRUST,C_340,Respiratory Medicine Service,886,800,90.30%,9.1,18.9,-,-,-
Y60,RBK,WALSALL HEALTHCARE NHS TRUST,C_400,Neurology Service,898,808,90.00%,10.2,18.3,-,-,-
Y60,RBK,WALSALL HEALTHCARE NHS TRUST,C_410,Rheumatology Service,"1,048",563,53.70%,16.4,35.7,5,-,-
Y60,RBK,WALSALL HEALTHCARE NHS TRUST,C_430,Elderly Medicine Service,137,136,99.30%,4.6,14.3,-,-,-
Y60,RBK,WALSALL HEALTHCARE NHS TRUST,C_502,Gynaecology Service,"2,191","1,727",78.80%,10.5,30.1,-,-,-
Y60,RBK,WALSALL HEALTHCARE NHS TRUST,X02,Other - Medical Services,"2,533","1,576",62.20%,13.6,40,17,-,-
Y60,RBK,WALSALL HEALTHCARE NHS TRUST,X03,Other - Mental Health Services,-,-,-,-,-,-,-,-
Y60,RBK,WALSALL HEALTHCARE NHS TRUST,X04,Other - Paediatric Services,"2,739","1,996",72.90%,9.8,33.4,8,-,-
Y60,RBK,WALSALL HEALTHCARE NHS TRUST,X05,Other - Surgical Services,"2,724","1,777",65.20%,11.3,37.2,26,-,-
Y60,RBK,WALSALL HEALTHCARE NHS TRUST,X06,Other - Other Services,350,251,71.70%,11.8,27.8,-,-,-
Y60,RFS,CHESTERFIELD ROYAL HOSPITAL NHS FOUNDATION TRUST,C_100,General Surgery Service,"1,653",792,47.90%,19.1,55.1,189,-,30
Y60,RFS,CHESTERFIELD ROYAL HOSPITAL NHS FOUNDATION TRUST,C_101,Urology Service,"1,771","1,161",65.60%,12.7,37.9,23,-,-
Y60,RFS,CHESTERFIELD ROYAL HOSPITAL NHS FOUNDATION TRUST,C_110,Trauma and Orthopaedic Service,"2,843","1,309",46.00%,19.8,50.9,203,-,9
Y60,RFS,CHESTERFIELD ROYAL HOSPITAL NHS FOUNDATION TRUST,C_120,Ear Nose and Throat Service,"2,828","1,514",53.50%,16.7,38.8,63,-,-
Y60,RFS,CHESTERFIELD ROYAL HOSPITAL NHS FOUNDATION TRUST,C_130,Ophthalmology Service,"1,801","1,266",70.30%,12.4,28.1,-,-,-
Y60,RFS,CHESTERFIELD ROYAL HOSPITAL NHS FOUNDATION TRUST,C_140,Oral Surgery Service,"1,900",905,47.60%,19.1,42,23,-,-
Y60,RFS,CHESTERFIELD ROYAL HOSPITAL NHS FOUNDATION TRUST,C_150,Neurosurgical Service,-,-,-,-,-,-,-,-
Y60,RFS,CHESTERFIELD ROYAL HOSPITAL NHS FOUNDATION TRUST,C_160,Plastic Surgery Service,-,-,-,-,-,-,-,-
Y60,RFS,CHESTERFIELD ROYAL HOSPITAL NHS FOUNDATION TRUST,C_170,Cardiothoracic Surgery Service,-,-,-,-,-,-,-,-
Y60,RFS,CHESTERFIELD ROYAL HOSPITAL NHS FOUNDATION TRUST,C_300,General Internal Medicine Service,345,217,62.90%,12.9,35.9,1,-,-
Y60,RFS,CHESTERFIELD ROYAL HOSPITAL NHS FOUNDATION TRUST,C_301,Gastroenterology Service,"1,829","1,129",61.70%,12.7,42.2,39,-,3
Y60,RFS,CHESTERFIELD ROYAL HOSPITAL NHS FOUNDATION TRUST,C_320,Cardiology Service,"1,179",492,41.70%,23,51,84,-,3
Y60,RFS,CHESTERFIELD ROYAL HOSPITAL NHS FOUNDATION TRUST,C_330,Dermatology Service,"3,143","1,334",42.40%,21.6,50.9,215,-,16
Y60,RFS,CHESTERFIELD ROYAL HOSPITAL NHS FOUNDATION TRUST,C_340,Respiratory Medicine Service,475,270,56.80%,14.4,39.1,6,-,-
Y60,RFS,CHESTERFIELD ROYAL HOSPITAL NHS FOUNDATION TRUST,C_400,Neurology Service,-,-,-,-,-,-,-,-
Y60,RFS,CHESTERFIELD ROYAL HOSPITAL NHS FOUNDATION TRUST,C_410,Rheumatology Service,953,461,48.40%,19,40.9,29,-,1
Y60,RFS,CHESTERFIELD ROYAL HOSPITAL NHS FOUNDATION TRUST,C_430,Elderly Medicine Service,-,-,-,-,-,-,-,-
Y60,RFS,CHESTERFIELD ROYAL HOSPITAL NHS FOUNDATION TRUST,C_502,Gynaecology Service,"2,468","1,413",57.30%,15.3,46.1,96,-,5
Y60,RFS,CHESTERFIELD ROYAL HOSPITAL NHS FOUNDATION TRUST,X02,Other - Medical Services,"1,613","1,066",66.10%,12.2,37.1,22,-,1
Y60,RFS,CHESTERFIELD ROYAL HOSPITAL NHS FOUNDATION TRUST,X03,Other - Mental Health Services,-,-,-,-,-,-,-,-
Y60,RFS,CHESTERFIELD ROYAL HOSPITAL NHS FOUNDATION TRUST,X04,Other - Paediatric Services,"2,114","1,294",61.20%,13.9,36.9,35,-,2
Y60,RFS,CHESTERFIELD ROYAL HOSPITAL NHS FOUNDATION TRUST,X05,Other - Surgical Services,"2,008","1,431",71.30%,10.7,38.6,52,-,7
Y60,RFS,CHESTERFIELD ROYAL HOSPITAL NHS FOUNDATION TRUST,X06,Other - Other Services,-,-,-,-,-,-,-,-
Y60,RJC,SOUTH WARWICKSHIRE UNIVERSITY NHS FOUNDATION TRUST,C_100,General Surgery Service,"1,615",872,54.00%,16.5,44.1,56,-,-
Y60,RJC,SOUTH WARWICKSHIRE UNIVERSITY NHS FOUNDATION TRUST,C_101,Urology Service,"2,259","1,411",62.50%,14,40.5,53,-,-
Y60,RJC,SOUTH WARWICKSHIRE UNIVERSITY NHS FOUNDATION TRUST,C_110,Trauma and Orthopaedic Service,"4,079","2,985",73.20%,10.5,29.4,6,-,-
Y60,RJC,SOUTH WARWICKSHIRE UNIVERSITY NHS FOUNDATION TRUST,C_120,Ear Nose and Throat Service,"4,393","2,059",46.90%,19.8,43.5,120,-,-
Y60,RJC,SOUTH WARWICKSHIRE UNIVERSITY NHS FOUNDATION TRUST,C_130,Ophthalmology Service,"2,443","2,203",90.20%,7.5,19.5,3,-,-
Y60,RJC,SOUTH WARWICKSHIRE UNIVERSITY NHS FOUNDATION TRUST,C_140,Oral Surgery Service,983,454,46.20%,19.8,42.3,20,-,1
Y60,RJC,SOUTH WARWICKSHIRE UNIVERSITY NHS FOUNDATION TRUST,C_150,Neurosurgical Service,-,-,-,-,-,-,-,-
Y60,RJC,SOUTH WARWICKSHIRE UNIVERSITY NHS FOUNDATION TRUST,C_160,Plastic Surgery Service,306,213,69.60%,12.4,31.9,4,-,-
Y60,RJC,SOUTH WARWICKSHIRE UNIVERSITY NHS FOUNDATION TRUST,C_170,Cardiothoracic Surgery Service,-,-,-,-,-,-,-,-
Y60,RJC,SOUTH WARWICKSHIRE UNIVERSITY NHS FOUNDATION TRUST,C_300,General Internal Medicine Service,85,81,95.30%,5.6,17.5,-,-,-
Y60,RJC,SOUTH WARWICKSHIRE UNIVERSITY NHS FOUNDATION TRUST,C_301,Gastroenterology Service,"2,053","1,255",61.10%,14.3,40.1,21,-,-
Y60,RJC,SOUTH WARWICKSHIRE UNIVERSITY NHS FOUNDATION TRUST,C_320,Cardiology Service,623,420,67.40%,10.5,29.8,2,-,-
Y60,RJC,SOUTH WARWICKSHIRE UNIVERSITY NHS FOUNDATION TRUST,C_330,Dermatology Service,"3,186","1,543",48.40%,19.1,46.1,37,-,-
Y60,RJC,SOUTH WARWICKSHIRE UNIVERSITY NHS FOUNDATION TRUST,C_340,Respiratory Medicine Service,869,520,59.80%,14.7,38.2,1,-,-
Y60,RJC,SOUTH WARWICKSHIRE UNIVERSITY NHS FOUNDATION TRUST,C_400,Neurology Service,-,-,-,-,-,-,-,-
Y60,RJC,SOUTH WARWICKSHIRE UNIVERSITY NHS FOUNDATION TRUST,C_410,Rheumatology Service,524,448,85.50%,10,23.8,-,-,-
Y60,RJC,SOUTH WARWICKSHIRE UNIVERSITY NHS FOUNDATION TRUST,C_430,Elderly Medicine Service,85,81,95.30%,6.1,13.6,-,-,-
Y60,RJC,SOUTH WARWICKSHIRE UNIVERSITY NHS FOUNDATION TRUST,C_502,Gynaecology Service,"3,229","1,873",58.00%,15.3,42,40,-,-
Y60,RJC,SOUTH WARWICKSHIRE UNIVERSITY NHS FOUNDATION TRUST,X02,Other - Medical Services,"1,752","1,430",81.60%,9.2,26.3,6,-,-
Y60,RJC,SOUTH WARWICKSHIRE UNIVERSITY NHS FOUNDATION TRUST,X03,Other - Mental Health Services,1,1,100.00%,-,-,-,-,-
Y60,RJC,SOUTH WARWICKSHIRE UNIVERSITY NHS FOUNDATION TRUST,X04,Other - Paediatric Services,419,270,64.40%,12.3,46.6,12,-,-
Y60,RJC,SOUTH WARWICKSHIRE UNIVERSITY NHS FOUNDATION TRUST,X05,Other - Surgical Services,"2,565","1,911",74.50%,10.9,37.6,122,5,38
Y60,RJC,SOUTH WARWICKSHIRE UNIVERSITY NHS FOUNDATION TRUST,X06,Other - Other Services,538,525,97.60%,3,13.7,-,-,-
Y60,RJE,UNIVERSITY HOSPITALS OF NORTH MIDLANDS NHS TRUST,C_100,General Surgery Service,"7,415","4,818",65.00%,12.2,39.1,197,4,34
Y60,RJE,UNIVERSITY HOSPITALS OF NORTH MIDLANDS NHS TRUST,C_101,Urology Service,"3,150","2,078",66.00%,11.1,37.3,6,-,-
Y60,RJE,UNIVERSITY HOSPITALS OF NORTH MIDLANDS NHS TRUST,C_110,Trauma and Orthopaedic Service,"6,428","3,593",55.90%,15.2,47.6,356,1,57
Y60,RJE,UNIVERSITY HOSPITALS OF NORTH MIDLANDS NHS TRUST,C_120,Ear Nose and Throat Service,"4,468","2,225",49.80%,18.1,46.5,192,5,31
Y60,RJE,UNIVERSITY HOSPITALS OF NORTH MIDLANDS NHS TRUST,C_130,Ophthalmology Service,"5,155","2,922",56.70%,16,40.3,139,-,19
Y60,RJE,UNIVERSITY HOSPITALS OF NORTH MIDLANDS NHS TRUST,C_140,Oral Surgery Service,"3,313","1,699",51.30%,17.5,43.5,107,-,12
Y60,RJE,UNIVERSITY HOSPITALS OF NORTH MIDLANDS NHS TRUST,C_150,Neurosurgical Service,631,362,57.40%,15.1,42.2,23,-,5
Y60,RJE,UNIVERSITY HOSPITALS OF NORTH MIDLANDS NHS TRUST,C_160,Plastic Surgery Service,"1,394",843,60.50%,12,40.3,29,-,2
Y60,RJE,UNIVERSITY HOSPITALS OF NORTH MIDLANDS NHS TRUST,C_170,Cardiothoracic Surgery Service,328,213,64.90%,10.8,30,2,-,1
Y60,RJE,UNIVERSITY HOSPITALS OF NORTH MIDLANDS NHS TRUST,C_300,General Internal Medicine Service,-,-,-,-,-,-,-,-
Y60,RJE,UNIVERSITY HOSPITALS OF NORTH MIDLANDS NHS TRUST,C_301,Gastroenterology Service,"6,487","3,675",56.70%,15.9,37.3,31,5,6
Y60,RJE,UNIVERSITY HOSPITALS OF NORTH MIDLANDS NHS TRUST,C_320,Cardiology Service,"4,203","2,619",62.30%,12.8,42.8,110,-,1
Y60,RJE,UNIVERSITY HOSPITALS OF NORTH MIDLANDS NHS TRUST,C_330,Dermatology Service,"1,529","1,202",78.60%,7.8,29.3,1,-,-
Y60,RJE,UNIVERSITY HOSPITALS OF NORTH MIDLANDS NHS TRUST,C_340,Respiratory Medicine Service,"8,417","4,062",48.30%,19,43.2,287,-,-
Y60,RJE,UNIVERSITY HOSPITALS OF NORTH MIDLANDS NHS TRUST,C_400,Neurology Service,"3,627","2,153",59.40%,13.7,42.8,50,-,-
Y60,RJE,UNIVERSITY HOSPITALS OF NORTH MIDLANDS NHS TRUST,C_410,Rheumatology Service,5,3,60.00%,-,-,-,-,-
Y60,RJE,UNIVERSITY HOSPITALS OF NORTH MIDLANDS NHS TRUST,C_430,Elderly Medicine Service,33,32,97.00%,3.9,16.7,-,-,-
Y60,RJE,UNIVERSITY HOSPITALS OF NORTH MIDLANDS NHS TRUST,C_502,Gynaecology Service,"5,248","2,489",47.40%,19.2,49.7,334,-,10
Y60,RJE,UNIVERSITY HOSPITALS OF NORTH MIDLANDS NHS TRUST,X02,Other - Medical Services,"9,168","5,648",61.60%,13.8,41.6,263,-,6
Y60,RJE,UNIVERSITY HOSPITALS OF NORTH MIDLANDS NHS TRUST,X03,Other - Mental Health Services,-,-,-,-,-,-,-,-
Y60,RJE,UNIVERSITY HOSPITALS OF NORTH MIDLANDS NHS TRUST,X04,Other - Paediatric Services,"1,612","1,283",79.60%,7.8,28.3,6,-,-
Y60,RJE,UNIVERSITY HOSPITALS OF NORTH MIDLANDS NHS TRUST,X05,Other - Surgical Services,32,21,65.60%,9,32.4,-,-,-
Y60,RJE,UNIVERSITY HOSPITALS OF NORTH MIDLANDS NHS TRUST,X06,Other - Other Services,378,282,74.60%,11.3,39.4,3,-,-
Y60,RK5,SHERWOOD FOREST HOSPITALS NHS FOUNDATION TRUST,C_100,General Surgery Service,"4,085","2,560",62.70%,13,40.9,95,-,1
Y60,RK5,SHERWOOD FOREST HOSPITALS NHS FOUNDATION TRUST,C_101,Urology Service,"2,482","1,777",71.60%,11.7,35,49,-,-
Y60,RK5,SHERWOOD FOREST HOSPITALS NHS FOUNDATION TRUST,C_110,Trauma and Orthopaedic Service,"3,462","1,945",56.20%,15.9,43.1,112,-,4
Y60,RK5,SHERWOOD FOREST HOSPITALS NHS FOUNDATION TRUST,C_120,Ear Nose and Throat Service,"3,958","2,066",52.20%,17.1,47.1,184,2,23
Y60,RK5,SHERWOOD FOREST HOSPITALS NHS FOUNDATION TRUST,C_130,Ophthalmology Service,"3,589","2,198",61.20%,14.5,34,32,-,-
Y60,RK5,SHERWOOD FOREST HOSPITALS NHS FOUNDATION TRUST,C_140,Oral Surgery Service,963,485,50.40%,17.7,48.5,50,-,-
Y60,RK5,SHERWOOD FOREST HOSPITALS NHS FOUNDATION TRUST,C_150,Neurosurgical Service,-,-,-,-,-,-,-,-
Y60,RK5,SHERWOOD FOREST HOSPITALS NHS FOUNDATION TRUST,C_160,Plastic Surgery Service,150,125,83.30%,8.5,24.5,-,-,-
Y60,RK5,SHERWOOD FOREST HOSPITALS NHS FOUNDATION TRUST,C_170,Cardiothoracic Surgery Service,-,-,-,-,-,-,-,-
Y60,RK5,SHERWOOD FOREST HOSPITALS NHS FOUNDATION TRUST,C_300,General Internal Medicine Service,-,-,-,-,-,-,-,-
Y60,RK5,SHERWOOD FOREST HOSPITALS NHS FOUNDATION TRUST,C_301,Gastroenterology Service,"3,360","2,139",63.70%,12.9,34.2,12,-,-
Y60,RK5,SHERWOOD FOREST HOSPITALS NHS FOUNDATION TRUST,C_320,Cardiology Service,"2,394","1,365",57.00%,15.3,40.1,47,-,-
Y60,RK5,SHERWOOD FOREST HOSPITALS NHS FOUNDATION TRUST,C_330,Dermatology Service,"1,744","1,341",76.90%,9.9,26.3,-,-,-
Y60,RK5,SHERWOOD FOREST HOSPITALS NHS FOUNDATION TRUST,C_340,Respiratory Medicine Service,"1,664","1,326",79.70%,9.2,26.1,-,-,-
Y60,RK5,SHERWOOD FOREST HOSPITALS NHS FOUNDATION TRUST,C_400,Neurology Service,-,-,-,-,-,-,-,-
Y60,RK5,SHERWOOD FOREST HOSPITALS NHS FOUNDATION TRUST,C_410,Rheumatology Service,243,222,91.40%,7.3,18.5,-,-,-
Y60,RK5,SHERWOOD FOREST HOSPITALS NHS FOUNDATION TRUST,C_430,Elderly Medicine Service,106,103,97.20%,3.5,13.5,-,-,-
Y60,RK5,SHERWOOD FOREST HOSPITALS NHS FOUNDATION TRUST,C_502,Gynaecology Service,"2,554","1,729",67.70%,11.6,36.5,9,-,-
Y60,RK5,SHERWOOD FOREST HOSPITALS NHS FOUNDATION TRUST,X02,Other - Medical Services,"2,380","1,484",62.40%,13.7,34.7,19,-,-
Y60,RK5,SHERWOOD FOREST HOSPITALS NHS FOUNDATION TRUST,X03,Other - Mental Health Services,-,-,-,-,-,-,-,-
Y60,RK5,SHERWOOD FOREST HOSPITALS NHS FOUNDATION TRUST,X04,Other - Paediatric Services,579,462,79.80%,6.3,26.5,-,-,-
Y60,RK5,SHERWOOD FOREST HOSPITALS NHS FOUNDATION TRUST,X05,Other - Surgical Services,164,119,72.60%,9.4,28.9,-,-,-
Y60,RK5,SHERWOOD FOREST HOSPITALS NHS FOUNDATION TRUST,X06,Other - Other Services,-,-,-,-,-,-,-,-
Y60,RKB,UNIVERSITY HOSPITALS COVENTRY AND WARWICKSHIRE NHS TRUST,C_100,General Surgery Service,"9,257","5,002",54.00%,16.4,43.6,277,-,4
Y60,RKB,UNIVERSITY HOSPITALS COVENTRY AND WARWICKSHIRE NHS TRUST,C_101,Urology Service,"3,930","2,031",51.70%,17,42.5,82,-,1
Y60,RKB,UNIVERSITY HOSPITALS COVENTRY AND WARWICKSHIRE NHS TRUST,C_110,Trauma and Orthopaedic Service,"9,383","4,521",48.20%,18.8,46.4,373,-,16
Y60,RKB,UNIVERSITY HOSPITALS COVENTRY AND WARWICKSHIRE NHS TRUST,C_120,Ear Nose and Throat Service,"6,796","3,268",48.10%,18.9,42.7,173,-,3
Y60,RKB,UNIVERSITY HOSPITALS COVENTRY AND WARWICKSHIRE NHS TRUST,C_130,Ophthalmology Service,"6,123","3,160",51.60%,17.5,44.9,195,-,2
Y60,RKB,UNIVERSITY HOSPITALS COVENTRY AND WARWICKSHIRE NHS TRUST,C_140,Oral Surgery Service,"4,061","2,269",55.90%,15.4,42.1,101,-,-
Y60,RKB,UNIVERSITY HOSPITALS COVENTRY AND WARWICKSHIRE NHS TRUST,C_150,Neurosurgical Service,"3,713","1,817",48.90%,18.4,43.6,76,-,4
Y60,RKB,UNIVERSITY HOSPITALS COVENTRY AND WARWICKSHIRE NHS TRUST,C_160,Plastic Surgery Service,880,444,50.50%,17.8,50,54,-,5
Y60,RKB,UNIVERSITY HOSPITALS COVENTRY AND WARWICKSHIRE NHS TRUST,C_170,Cardiothoracic Surgery Service,457,317,69.40%,9.8,38.6,14,-,-
Y60,RKB,UNIVERSITY HOSPITALS COVENTRY AND WARWICKSHIRE NHS TRUST,C_300,General Internal Medicine Service,"1,104",699,63.30%,13.7,34.5,-,-,-
Y60,RKB,UNIVERSITY HOSPITALS COVENTRY AND WARWICKSHIRE NHS TRUST,C_301,Gastroenterology Service,"2,966","1,939",65.40%,11.9,35.3,19,-,-
Y60,RKB,UNIVERSITY HOSPITALS COVENTRY AND WARWICKSHIRE NHS TRUST,C_320,Cardiology Service,"3,116","2,254",72.30%,11.4,29.9,1,-,-
Y60,RKB,UNIVERSITY HOSPITALS COVENTRY AND WARWICKSHIRE NHS TRUST,C_330,Dermatology Service,"5,096","2,752",54.00%,16.6,37.2,11,-,-
Y60,RKB,UNIVERSITY HOSPITALS COVENTRY AND WARWICKSHIRE NHS TRUST,C_340,Respiratory Medicine Service,"2,577","1,740",67.50%,11.8,33.4,3,-,-
Y60,RKB,UNIVERSITY HOSPITALS COVENTRY AND WARWICKSHIRE NHS TRUST,C_400,Neurology Service,"3,931","2,053",52.20%,17,44.6,87,-,2
Y60,RKB,UNIVERSITY HOSPITALS COVENTRY AND WARWICKSHIRE NHS TRUST,C_410,Rheumatology Service,844,685,81.20%,9,23.8,1,-,-
Y60,RKB,UNIVERSITY HOSPITALS COVENTRY AND WARWICKSHIRE NHS TRUST,C_430,Elderly Medicine Service,118,115,97.50%,5.2,12.2,-,-,-
Y60,RKB,UNIVERSITY HOSPITALS COVENTRY AND WARWICKSHIRE NHS TRUST,C_502,Gynaecology Service,"6,865","3,876",56.50%,15.6,40.7,149,-,2
Y60,RKB,UNIVERSITY HOSPITALS COVENTRY AND WARWICKSHIRE NHS TRUST,X02,Other - Medical Services,"9,978","5,196",52.10%,17.2,39.7,94,-,2
Y60,RKB,UNIVERSITY HOSPITALS COVENTRY AND WARWICKSHIRE NHS TRUST,X03,Other - Mental Health Services,-,-,-,-,-,-,-,-
Y60,RKB,UNIVERSITY HOSPITALS COVENTRY AND WARWICKSHIRE NHS TRUST,X04,Other - Paediatric Services,"1,885",981,52.00%,17.2,50.4,126,-,18
Y60,RKB,UNIVERSITY HOSPITALS COVENTRY AND WARWICKSHIRE NHS TRUST,X05,Other - Surgical Services,-,-,-,-,-,-,-,-
Y60,RKB,UNIVERSITY HOSPITALS COVENTRY AND WARWICKSHIRE NHS TRUST,X06,Other - Other Services,385,234,60.80%,14.5,32.2,2,-,1
Y60,RL1,THE ROBERT JONES AND AGNES HUNT ORTHOPAEDIC HOSPITAL NHS FOUNDATION TRUST,C_100,General Surgery Service,-,-,-,-,-,-,-,-
Y60,RL1,THE ROBERT JONES AND AGNES HUNT ORTHOPAEDIC HOSPITAL NHS FOUNDATION TRUST,C_101,Urology Service,-,-,-,-,-,-,-,-
Y60,RL1,THE ROBERT JONES AND AGNES HUNT ORTHOPAEDIC HOSPITAL NHS FOUNDATION TRUST,C_110,Trauma and Orthopaedic Service,"11,163","4,534",40.60%,22.5,51.8,871,11,45
Y60,RL1,THE ROBERT JONES AND AGNES HUNT ORTHOPAEDIC HOSPITAL NHS FOUNDATION TRUST,C_120,Ear Nose and Throat Service,-,-,-,-,-,-,-,-
Y60,RL1,THE ROBERT JONES AND AGNES HUNT ORTHOPAEDIC HOSPITAL NHS FOUNDATION TRUST,C_130,Ophthalmology Service,-,-,-,-,-,-,-,-
Y60,RL1,THE ROBERT JONES AND AGNES HUNT ORTHOPAEDIC HOSPITAL NHS FOUNDATION TRUST,C_140,Oral Surgery Service,-,-,-,-,-,-,-,-
Y60,RL1,THE ROBERT JONES AND AGNES HUNT ORTHOPAEDIC HOSPITAL NHS FOUNDATION TRUST,C_150,Neurosurgical Service,-,-,-,-,-,-,-,-
Y60,RL1,THE ROBERT JONES AND AGNES HUNT ORTHOPAEDIC HOSPITAL NHS FOUNDATION TRUST,C_160,Plastic Surgery Service,-,-,-,-,-,-,-,-
Y60,RL1,THE ROBERT JONES AND AGNES HUNT ORTHOPAEDIC HOSPITAL NHS FOUNDATION TRUST,C_170,Cardiothoracic Surgery Service,-,-,-,-,-,-,-,-
Y60,RL1,THE ROBERT JONES AND AGNES HUNT ORTHOPAEDIC HOSPITAL NHS FOUNDATION TRUST,C_300,General Internal Medicine Service,"2,884","1,887",65.40%,12.8,29.4,5,-,-
Y60,RL1,THE ROBERT JONES AND AGNES HUNT ORTHOPAEDIC HOSPITAL NHS FOUNDATION TRUST,C_301,Gastroenterology Service,-,-,-,-,-,-,-,-
Y60,RL1,THE ROBERT JONES AND AGNES HUNT ORTHOPAEDIC HOSPITAL NHS FOUNDATION TRUST,C_320,Cardiology Service,-,-,-,-,-,-,-,-
Y60,RL1,THE ROBERT JONES AND AGNES HUNT ORTHOPAEDIC HOSPITAL NHS FOUNDATION TRUST,C_330,Dermatology Service,-,-,-,-,-,-,-,-
Y60,RL1,THE ROBERT JONES AND AGNES HUNT ORTHOPAEDIC HOSPITAL NHS FOUNDATION TRUST,C_340,Respiratory Medicine Service,-,-,-,-,-,-,-,-
Y60,RL1,THE ROBERT JONES AND AGNES HUNT ORTHOPAEDIC HOSPITAL NHS FOUNDATION TRUST,C_400,Neurology Service,434,297,68.40%,12.6,30.6,3,-,-
Y60,RL1,THE ROBERT JONES AND AGNES HUNT ORTHOPAEDIC HOSPITAL NHS FOUNDATION TRUST,C_410,Rheumatology Service,"1,696",648,38.20%,23.8,49.5,92,-,1
Y60,RL1,THE ROBERT JONES AND AGNES HUNT ORTHOPAEDIC HOSPITAL NHS FOUNDATION TRUST,C_430,Elderly Medicine Service,22,22,100.00%,6,13.2,-,-,-
Y60,RL1,THE ROBERT JONES AND AGNES HUNT ORTHOPAEDIC HOSPITAL NHS FOUNDATION TRUST,C_502,Gynaecology Service,-,-,-,-,-,-,-,-
Y60,RL1,THE ROBERT JONES AND AGNES HUNT ORTHOPAEDIC HOSPITAL NHS FOUNDATION TRUST,X02,Other - Medical Services,52,39,75.00%,11.5,26.8,-,-,-
Y60,RL1,THE ROBERT JONES AND AGNES HUNT ORTHOPAEDIC HOSPITAL NHS FOUNDATION TRUST,X03,Other - Mental Health Services,-,-,-,-,-,-,-,-
Y60,RL1,THE ROBERT JONES AND AGNES HUNT ORTHOPAEDIC HOSPITAL NHS FOUNDATION TRUST,X04,Other - Paediatric Services,-,-,-,-,-,-,-,-
Y60,RL1,THE ROBERT JONES AND AGNES HUNT ORTHOPAEDIC HOSPITAL NHS FOUNDATION TRUST,X05,Other - Surgical Services,-,-,-,-,-,-,-,-
Y60,RL1,THE ROBERT JONES AND AGNES HUNT ORTHOPAEDIC HOSPITAL NHS FOUNDATION TRUST,X06,Other - Other Services,356,248,69.70%,12,38.8,10,-,2
Y60,RL4,THE ROYAL WOLVERHAMPTON NHS TRUST,C_100,General Surgery Service,"8,527","4,094",48.00%,19,43.4,246,-,1
Y60,RL4,THE ROYAL WOLVERHAMPTON NHS TRUST,C_101,Urology Service,"9,460","4,521",47.80%,19.1,43.2,250,-,-
Y60,RL4,THE ROYAL WOLVERHAMPTON NHS TRUST,C_110,Trauma and Orthopaedic Service,"8,156","4,854",59.50%,14.5,36.8,74,-,-
Y60,RL4,THE ROYAL WOLVERHAMPTON NHS TRUST,C_120,Ear Nose and Throat Service,"8,660","3,510",40.50%,23.3,47.9,273,-,-
Y60,RL4,THE ROYAL WOLVERHAMPTON NHS TRUST,C_130,Ophthalmology Service,"10,352","6,282",60.70%,14.4,40.7,134,-,-
Y60,RL4,THE ROYAL WOLVERHAMPTON NHS TRUST,C_140,Oral Surgery Service,"4,863","1,880",38.70%,23.7,48,231,-,-
Y60,RL4,THE ROYAL WOLVERHAMPTON NHS TRUST,C_150,Neurosurgical Service,-,-,-,-,-,-,-,-
Y60,RL4,THE ROYAL WOLVERHAMPTON NHS TRUST,C_160,Plastic Surgery Service,195,100,51.30%,17.2,48.5,9,-,-
Y60,RL4,THE ROYAL WOLVERHAMPTON NHS TRUST,C_170,Cardiothoracic Surgery Service,-,-,-,-,-,-,-,-
Y60,RL4,THE ROYAL WOLVERHAMPTON NHS TRUST,C_300,General Internal Medicine Service,83,47,56.60%,16.3,34.3,-,-,-
Y60,RL4,THE ROYAL WOLVERHAMPTON NHS TRUST,C_301,Gastroenterology Service,"4,383","2,559",58.40%,15.2,38.3,9,-,-
Y60,RL4,THE ROYAL WOLVERHAMPTON NHS TRUST,C_320,Cardiology Service,"7,732","3,122",40.40%,22.7,49.7,434,-,-
Y60,RL4,THE ROYAL WOLVERHAMPTON NHS TRUST,C_330,Dermatology Service,661,531,80.30%,8.4,26.8,2,-,-
Y60,RL4,THE ROYAL WOLVERHAMPTON NHS TRUST,C_340,Respiratory Medicine Service,"2,197","1,417",64.50%,12.4,33.2,-,-,-
Y60,RL4,THE ROYAL WOLVERHAMPTON NHS TRUST,C_400,Neurology Service,"2,467","1,719",69.70%,12.1,28.4,-,-,-
Y60,RL4,THE ROYAL WOLVERHAMPTON NHS TRUST,C_410,Rheumatology Service,"2,961","1,382",46.70%,19.2,37.1,2,-,-
Y60,RL4,THE ROYAL WOLVERHAMPTON NHS TRUST,C_430,Elderly Medicine Service,78,77,98.70%,3.7,14.8,-,-,-
Y60,RL4,THE ROYAL WOLVERHAMPTON NHS TRUST,C_502,Gynaecology Service,"6,873","2,956",43.00%,21.6,47.6,388,-,-
Y60,RL4,THE ROYAL WOLVERHAMPTON NHS TRUST,X02,Other - Medical Services,"6,942","4,171",60.10%,13.9,39,73,-,-
Y60,RL4,THE ROYAL WOLVERHAMPTON NHS TRUST,X03,Other - Mental Health Services,-,-,-,-,-,-,-,-
Y60,RL4,THE ROYAL WOLVERHAMPTON NHS TRUST,X04,Other - Paediatric Services,"2,135","1,146",53.70%,16.5,37.6,5,-,-
Y60,RL4,THE ROYAL WOLVERHAMPTON NHS TRUST,X05,Other - Surgical Services,"2,074","1,314",63.40%,14.4,37.2,39,-,-
Y60,RL4,THE ROYAL WOLVERHAMPTON NHS TRUST,X06,Other - Other Services,18,11,61.10%,-,-,2,-,-
Y60,RLQ,WYE VALLEY NHS TRUST,C_100,General Surgery Service,614,390,63.50%,13.6,34.6,4,-,-
Y60,RLQ,WYE VALLEY NHS TRUST,C_101,Urology Service,"1,493",957,64.10%,11.9,37.7,17,-,-
Y60,RLQ,WYE VALLEY NHS TRUST,C_110,Trauma and Orthopaedic Service,"3,138","1,600",51.00%,17.6,47.3,160,-,6
Y60,RLQ,WYE VALLEY NHS TRUST,C_120,Ear Nose and Throat Service,"2,798","1,241",44.40%,20.7,48.8,161,-,5
Y60,RLQ,WYE VALLEY NHS TRUST,C_130,Ophthalmology Service,"3,032","1,779",58.70%,14.6,41.4,54,-,3
Y60,RLQ,WYE VALLEY NHS TRUST,C_140,Oral Surgery Service,587,331,56.40%,15.6,51.6,44,-,1
Y60,RLQ,WYE VALLEY NHS TRUST,C_150,Neurosurgical Service,-,-,-,-,-,-,-,-
Y60,RLQ,WYE VALLEY NHS TRUST,C_160,Plastic Surgery Service,403,202,50.10%,18,31.6,-,-,-
Y60,RLQ,WYE VALLEY NHS TRUST,C_170,Cardiothoracic Surgery Service,28,16,57.10%,13,49.8,2,-,-
Y60,RLQ,WYE VALLEY NHS TRUST,C_300,General Internal Medicine Service,42,16,38.10%,23,39.3,1,-,-
Y60,RLQ,WYE VALLEY NHS TRUST,C_301,Gastroenterology Service,"1,178",567,48.10%,19,42,25,-,-
Y60,RLQ,WYE VALLEY NHS TRUST,C_320,Cardiology Service,"1,621",784,48.40%,18.9,47,62,-,4
Y60,RLQ,WYE VALLEY NHS TRUST,C_330,Dermatology Service,985,624,63.40%,12.5,35.1,2,-,-
Y60,RLQ,WYE VALLEY NHS TRUST,C_340,Respiratory Medicine Service,998,627,62.80%,11.8,38.5,17,-,-
Y60,RLQ,WYE VALLEY NHS TRUST,C_400,Neurology Service,310,223,71.90%,12.1,29.2,-,-,-
Y60,RLQ,WYE VALLEY NHS TRUST,C_410,Rheumatology Service,506,314,62.10%,12.9,36.1,1,-,-
Y60,RLQ,WYE VALLEY NHS TRUST,C_430,Elderly Medicine Service,84,51,60.70%,12,36.6,-,-,-
Y60,RLQ,WYE VALLEY NHS TRUST,C_502,Gynaecology Service,"1,891",934,49.40%,18.2,42.7,34,-,1
Y60,RLQ,WYE VALLEY NHS TRUST,X02,Other - Medical Services,"1,707","1,069",62.60%,13.5,33.7,7,-,-
Y60,RLQ,WYE VALLEY NHS TRUST,X03,Other - Mental Health Services,-,-,-,-,-,-,-,-
Y60,RLQ,WYE VALLEY NHS TRUST,X04,Other - Paediatric Services,208,160,76.90%,10.3,28.5,-,-,-
Y60,RLQ,WYE VALLEY NHS TRUST,X05,Other - Surgical Services,"1,583","1,118",70.60%,9.5,33.8,9,-,1
Y60,RLQ,WYE VALLEY NHS TRUST,X06,Other - Other Services,-,-,-,-,-,-,-,-
Y60,RLT,GEORGE ELIOT HOSPITAL NHS TRUST,C_100,General Surgery Service,"2,021","1,008",49.90%,18,46.8,92,-,4
Y60,RLT,GEORGE ELIOT HOSPITAL NHS TRUST,C_101,Urology Service,"1,036",777,75.00%,10.3,29.3,-,-,-
Y60,RLT,GEORGE ELIOT HOSPITAL NHS TRUST,C_110,Trauma and Orthopaedic Service,"1,865","1,092",58.60%,14.6,36.9,9,-,-
Y60,RLT,GEORGE ELIOT HOSPITAL NHS TRUST,C_120,Ear Nose and Throat Service,"2,599",773,29.70%,30.3,53,258,-,3
Y60,RLT,GEORGE ELIOT HOSPITAL NHS TRUST,C_130,Ophthalmology Service,986,577,58.50%,15.3,30.5,5,-,1
Y60,RLT,GEORGE ELIOT HOSPITAL NHS TRUST,C_140,Oral Surgery Service,17,8,47.10%,-,-,1,-,-
Y60,RLT,GEORGE ELIOT HOSPITAL NHS TRUST,C_150,Neurosurgical Service,-,-,-,-,-,-,-,-
Y60,RLT,GEORGE ELIOT HOSPITAL NHS TRUST,C_160,Plastic Surgery Service,247,113,45.70%,21.8,50.6,13,1,1
Y60,RLT,GEORGE ELIOT HOSPITAL NHS TRUST,C_170,Cardiothoracic Surgery Service,-,-,-,-,-,-,-,-
Y60,RLT,GEORGE ELIOT HOSPITAL NHS TRUST,C_300,General Internal Medicine Service,533,384,72.00%,12.7,29.2,3,-,-
Y60,RLT,GEORGE ELIOT HOSPITAL NHS TRUST,C_301,Gastroenterology Service,678,487,71.80%,11,27.1,-,-,-
Y60,RLT,GEORGE ELIOT HOSPITAL NHS TRUST,C_320,Cardiology Service,"1,185",822,69.40%,12,36.7,24,-,-
Y60,RLT,GEORGE ELIOT HOSPITAL NHS TRUST,C_330,Dermatology Service,-,-,-,-,-,-,-,-
Y60,RLT,GEORGE ELIOT HOSPITAL NHS TRUST,C_340,Respiratory Medicine Service,486,395,81.30%,10.1,26.6,-,-,-
Y60,RLT,GEORGE ELIOT HOSPITAL NHS TRUST,C_400,Neurology Service,-,-,-,-,-,-,-,-
Y60,RLT,GEORGE ELIOT HOSPITAL NHS TRUST,C_410,Rheumatology Service,257,245,95.30%,7,16.5,-,-,-
Y60,RLT,GEORGE ELIOT HOSPITAL NHS TRUST,C_430,Elderly Medicine Service,80,72,90.00%,8.5,20.3,-,-,-
Y60,RLT,GEORGE ELIOT HOSPITAL NHS TRUST,C_502,Gynaecology Service,"2,248","1,013",45.10%,20.6,46,80,-,4
Y60,RLT,GEORGE ELIOT HOSPITAL NHS TRUST,X02,Other - Medical Services,910,776,85.30%,8.2,22.9,-,-,-
Y60,RLT,GEORGE ELIOT HOSPITAL NHS TRUST,X03,Other - Mental Health Services,-,-,-,-,-,-,-,-
Y60,RLT,GEORGE ELIOT HOSPITAL NHS TRUST,X04,Other - Paediatric Services,498,410,82.30%,10.1,23.5,-,-,-
Y60,RLT,GEORGE ELIOT HOSPITAL NHS TRUST,X05,Other - Surgical Services,675,470,69.60%,10.8,33,5,-,-
Y60,RLT,GEORGE ELIOT HOSPITAL NHS TRUST,X06,Other - Other Services,"1,245",710,57.00%,15,38.8,1,-,-
Y60,RNA,THE DUDLEY GROUP NHS FOUNDATION TRUST,C_100,General Surgery Service,"2,655","1,296",48.80%,18.6,47.5,104,-,-
Y60,RNA,THE DUDLEY GROUP NHS FOUNDATION TRUST,C_101,Urology Service,"2,113","1,422",67.30%,12.1,36.8,18,-,-
Y60,RNA,THE DUDLEY GROUP NHS FOUNDATION TRUST,C_110,Trauma and Orthopaedic Service,"4,517","2,558",56.60%,15.3,42.5,117,-,-
Y60,RNA,THE DUDLEY GROUP NHS FOUNDATION TRUST,C_120,Ear Nose and Throat Service,"4,424","2,362",53.40%,16.5,38.5,39,-,-
Y60,RNA,THE DUDLEY GROUP NHS FOUNDATION TRUST,C_130,Ophthalmology Service,"3,422","2,165",63.30%,12.4,39.4,63,-,1
Y60,RNA,THE DUDLEY GROUP NHS FOUNDATION TRUST,C_140,Oral Surgery Service,"1,837",727,39.60%,22.8,49.9,112,-,-
Y60,RNA,THE DUDLEY GROUP NHS FOUNDATION TRUST,C_150,Neurosurgical Service,-,-,-,-,-,-,-,-
Y60,RNA,THE DUDLEY GROUP NHS FOUNDATION TRUST,C_160,Plastic Surgery Service,"1,475",881,59.70%,13.4,41.4,50,-,-
Y60,RNA,THE DUDLEY GROUP NHS FOUNDATION TRUST,C_170,Cardiothoracic Surgery Service,-,-,-,-,-,-,-,-
Y60,RNA,THE DUDLEY GROUP NHS FOUNDATION TRUST,C_300,General Internal Medicine Service,1,1,100.00%,-,-,-,-,-
Y60,RNA,THE DUDLEY GROUP NHS FOUNDATION TRUST,C_301,Gastroenterology Service,"2,177","1,370",62.90%,12.9,38.4,32,-,-
Y60,RNA,THE DUDLEY GROUP NHS FOUNDATION TRUST,C_320,Cardiology Service,"1,481","1,265",85.40%,7.3,24.5,9,-,-
Y60,RNA,THE DUDLEY GROUP NHS FOUNDATION TRUST,C_330,Dermatology Service,"3,345","1,984",59.30%,13.9,44.7,87,-,-
Y60,RNA,THE DUDLEY GROUP NHS FOUNDATION TRUST,C_340,Respiratory Medicine Service,877,617,70.40%,10.6,32.4,4,-,-
Y60,RNA,THE DUDLEY GROUP NHS FOUNDATION TRUST,C_400,Neurology Service,"1,796",697,38.80%,24.1,49.1,101,-,-
Y60,RNA,THE DUDLEY GROUP NHS FOUNDATION TRUST,C_410,Rheumatology Service,762,474,62.20%,13.2,34.6,4,-,-
Y60,RNA,THE DUDLEY GROUP NHS FOUNDATION TRUST,C_430,Elderly Medicine Service,135,130,96.30%,7.2,13.1,1,-,-
Y60,RNA,THE DUDLEY GROUP NHS FOUNDATION TRUST,C_502,Gynaecology Service,"3,899","1,981",50.80%,17.6,48.3,198,-,-
Y60,RNA,THE DUDLEY GROUP NHS FOUNDATION TRUST,X02,Other - Medical Services,"3,138","2,048",65.30%,12.9,36.1,21,-,-
Y60,RNA,THE DUDLEY GROUP NHS FOUNDATION TRUST,X03,Other - Mental Health Services,-,-,-,-,-,-,-,-
Y60,RNA,THE DUDLEY GROUP NHS FOUNDATION TRUST,X04,Other - Paediatric Services,"1,710","1,035",60.50%,13.4,39.1,9,-,-
Y60,RNA,THE DUDLEY GROUP NHS FOUNDATION TRUST,X05,Other - Surgical Services,"2,355","1,674",71.10%,9.7,36.6,22,-,-
Y60,RNA,THE DUDLEY GROUP NHS FOUNDATION TRUST,X06,Other - Other Services,"2,650","1,580",59.60%,13.9,38.6,19,-,-
Y60,RNQ,KETTERING GENERAL HOSPITAL NHS FOUNDATION TRUST,C_100,General Surgery Service,"1,279",978,76.50%,9.8,31.9,14,-,-
Y60,RNQ,KETTERING GENERAL HOSPITAL NHS FOUNDATION TRUST,C_101,Urology Service,"1,528","1,105",72.30%,10.5,32.4,-,-,-
Y60,RNQ,KETTERING GENERAL HOSPITAL NHS FOUNDATION TRUST,C_110,Trauma and Orthopaedic Service,"1,803","1,020",56.60%,15.8,40.8,23,-,-
Y60,RNQ,KETTERING GENERAL HOSPITAL NHS FOUNDATION TRUST,C_120,Ear Nose and Throat Service,"2,371","1,697",71.60%,10.8,34.1,12,-,-
Y60,RNQ,KETTERING GENERAL HOSPITAL NHS FOUNDATION TRUST,C_130,Ophthalmology Service,"2,015","1,304",64.70%,13.3,30.2,2,-,-
Y60,RNQ,KETTERING GENERAL HOSPITAL NHS FOUNDATION TRUST,C_140,Oral Surgery Service,"2,836","1,035",36.50%,23.4,50.4,169,-,-
Y60,RNQ,KETTERING GENERAL HOSPITAL NHS FOUNDATION TRUST,C_150,Neurosurgical Service,-,-,-,-,-,-,-,-
Y60,RNQ,KETTERING GENERAL HOSPITAL NHS FOUNDATION TRUST,C_160,Plastic Surgery Service,146,87,59.60%,15.3,36.4,-,-,-
Y60,RNQ,KETTERING GENERAL HOSPITAL NHS FOUNDATION TRUST,C_170,Cardiothoracic Surgery Service,-,-,-,-,-,-,-,-
Y60,RNQ,KETTERING GENERAL HOSPITAL NHS FOUNDATION TRUST,C_300,General Internal Medicine Service,-,-,-,-,-,-,-,-
Y60,RNQ,KETTERING GENERAL HOSPITAL NHS FOUNDATION TRUST,C_301,Gastroenterology Service,892,578,64.80%,11.7,32.4,1,-,-
Y60,RNQ,KETTERING GENERAL HOSPITAL NHS FOUNDATION TRUST,C_320,Cardiology Service,"1,355","1,142",84.30%,9.2,22.6,-,-,-
Y60,RNQ,KETTERING GENERAL HOSPITAL NHS FOUNDATION TRUST,C_330,Dermatology Service,"1,156",753,65.10%,13.3,30,3,-,-
Y60,RNQ,KETTERING GENERAL HOSPITAL NHS FOUNDATION TRUST,C_340,Respiratory Medicine Service,991,572,57.70%,15.1,36.1,2,-,-
Y60,RNQ,KETTERING GENERAL HOSPITAL NHS FOUNDATION TRUST,C_400,Neurology Service,626,484,77.30%,9.1,29.5,5,-,-
Y60,RNQ,KETTERING GENERAL HOSPITAL NHS FOUNDATION TRUST,C_410,Rheumatology Service,"1,040",824,79.20%,9.5,27,1,-,-
Y60,RNQ,KETTERING GENERAL HOSPITAL NHS FOUNDATION TRUST,C_430,Elderly Medicine Service,152,149,98.00%,6.3,14,-,-,-
Y60,RNQ,KETTERING GENERAL HOSPITAL NHS FOUNDATION TRUST,C_502,Gynaecology Service,"1,934","1,344",69.50%,10.8,32.8,4,-,-
Y60,RNQ,KETTERING GENERAL HOSPITAL NHS FOUNDATION TRUST,X02,Other - Medical Services,"3,391","2,356",69.50%,11.8,33,10,-,-
Y60,RNQ,KETTERING GENERAL HOSPITAL NHS FOUNDATION TRUST,X03,Other - Mental Health Services,-,-,-,-,-,-,-,-
Y60,RNQ,KETTERING GENERAL HOSPITAL NHS FOUNDATION TRUST,X04,Other - Paediatric Services,353,251,71.10%,11.5,31.9,1,-,-
Y60,RNQ,KETTERING GENERAL HOSPITAL NHS FOUNDATION TRUST,X05,Other - Surgical Services,"1,518",853,56.20%,12.9,46.6,62,-,-
Y60,RNQ,KETTERING GENERAL HOSPITAL NHS FOUNDATION TRUST,X06,Other - Other Services,29,25,86.20%,6.8,20.7,-,-,-
Y60,RNS,NORTHAMPTON GENERAL HOSPITAL NHS TRUST,C_100,General Surgery Service,"2,803","1,498",53.40%,16.6,47.1,145,-,11
Y60,RNS,NORTHAMPTON GENERAL HOSPITAL NHS TRUST,C_101,Urology Service,"2,275","1,391",61.10%,14.1,40.2,43,-,-
Y60,RNS,NORTHAMPTON GENERAL HOSPITAL NHS TRUST,C_110,Trauma and Orthopaedic Service,"2,853","1,309",45.90%,19.9,49.8,172,2,10
Y60,RNS,NORTHAMPTON GENERAL HOSPITAL NHS TRUST,C_120,Ear Nose and Throat Service,"4,831","2,601",53.80%,16.5,38.8,47,-,2
Y60,RNS,NORTHAMPTON GENERAL HOSPITAL NHS TRUST,C_130,Ophthalmology Service,"2,495","2,175",87.20%,8.5,22.1,1,1,1
Y60,RNS,NORTHAMPTON GENERAL HOSPITAL NHS TRUST,C_140,Oral Surgery Service,"2,354","1,060",45.00%,20.8,46.9,80,-,1
Y60,RNS,NORTHAMPTON GENERAL HOSPITAL NHS TRUST,C_150,Neurosurgical Service,-,-,-,-,-,-,-,-
Y60,RNS,NORTHAMPTON GENERAL HOSPITAL NHS TRUST,C_160,Plastic Surgery Service,155,44,28.40%,25.1,50.3,7,-,1
Y60,RNS,NORTHAMPTON GENERAL HOSPITAL NHS TRUST,C_170,Cardiothoracic Surgery Service,19,16,84.20%,-,-,-,-,-
Y60,RNS,NORTHAMPTON GENERAL HOSPITAL NHS TRUST,C_300,General Internal Medicine Service,539,405,75.10%,8.1,33.3,1,-,-
Y60,RNS,NORTHAMPTON GENERAL HOSPITAL NHS TRUST,C_301,Gastroenterology Service,"2,728","2,220",81.40%,9.5,23.1,-,-,-
Y60,RNS,NORTHAMPTON GENERAL HOSPITAL NHS TRUST,C_320,Cardiology Service,"4,258","2,433",57.10%,14.9,45.2,77,-,-
Y60,RNS,NORTHAMPTON GENERAL HOSPITAL NHS TRUST,C_330,Dermatology Service,"3,172","1,869",58.90%,14.3,33.8,-,-,-
Y60,RNS,NORTHAMPTON GENERAL HOSPITAL NHS TRUST,C_340,Respiratory Medicine Service,"2,979","2,239",75.20%,11.2,27.8,-,-,-
Y60,RNS,NORTHAMPTON GENERAL HOSPITAL NHS TRUST,C_400,Neurology Service,"1,354",933,68.90%,12.2,26.8,-,-,-
Y60,RNS,NORTHAMPTON GENERAL HOSPITAL NHS TRUST,C_410,Rheumatology Service,373,340,91.20%,6.2,18.8,-,-,-
Y60,RNS,NORTHAMPTON GENERAL HOSPITAL NHS TRUST,C_430,Elderly Medicine Service,119,84,70.60%,9.8,28.5,-,-,-
Y60,RNS,NORTHAMPTON GENERAL HOSPITAL NHS TRUST,C_502,Gynaecology Service,"3,236","1,913",59.10%,14.9,42.2,34,-,-
Y60,RNS,NORTHAMPTON GENERAL HOSPITAL NHS TRUST,X02,Other - Medical Services,"3,387","2,094",61.80%,12,45.1,127,-,1
Y60,RNS,NORTHAMPTON GENERAL HOSPITAL NHS TRUST,X03,Other - Mental Health Services,-,-,-,-,-,-,-,-
Y60,RNS,NORTHAMPTON GENERAL HOSPITAL NHS TRUST,X04,Other - Paediatric Services,617,474,76.80%,9.2,29.1,4,-,-
Y60,RNS,NORTHAMPTON GENERAL HOSPITAL NHS TRUST,X05,Other - Surgical Services,834,495,59.40%,14.6,39,14,-,-
Y60,RNS,NORTHAMPTON GENERAL HOSPITAL NHS TRUST,X06,Other - Other Services,371,306,82.50%,7.2,21.3,-,-,-
Y60,RP7,LINCOLNSHIRE PARTNERSHIP NHS FOUNDATION TRUST,C_100,General Surgery Service,-,-,-,-,-,-,-,-
Y60,RP7,LINCOLNSHIRE PARTNERSHIP NHS FOUNDATION TRUST,C_101,Urology Service,-,-,-,-,-,-,-,-
Y60,RP7,LINCOLNSHIRE PARTNERSHIP NHS FOUNDATION TRUST,C_110,Trauma and Orthopaedic Service,-,-,-,-,-,-,-,-
Y60,RP7,LINCOLNSHIRE PARTNERSHIP NHS FOUNDATION TRUST,C_120,Ear Nose and Throat Service,-,-,-,-,-,-,-,-
Y60,RP7,LINCOLNSHIRE PARTNERSHIP NHS FOUNDATION TRUST,C_130,Ophthalmology Service,-,-,-,-,-,-,-,-
Y60,RP7,LINCOLNSHIRE PARTNERSHIP NHS FOUNDATION TRUST,C_140,Oral Surgery Service,-,-,-,-,-,-,-,-
Y60,RP7,LINCOLNSHIRE PARTNERSHIP NHS FOUNDATION TRUST,C_150,Neurosurgical Service,-,-,-,-,-,-,-,-
Y60,RP7,LINCOLNSHIRE PARTNERSHIP NHS FOUNDATION TRUST,C_160,Plastic Surgery Service,-,-,-,-,-,-,-,-
Y60,RP7,LINCOLNSHIRE PARTNERSHIP NHS FOUNDATION TRUST,C_170,Cardiothoracic Surgery Service,-,-,-,-,-,-,-,-
Y60,RP7,LINCOLNSHIRE PARTNERSHIP NHS FOUNDATION TRUST,C_300,General Internal Medicine Service,-,-,-,-,-,-,-,-
Y60,RP7,LINCOLNSHIRE PARTNERSHIP NHS FOUNDATION TRUST,C_301,Gastroenterology Service,-,-,-,-,-,-,-,-
Y60,RP7,LINCOLNSHIRE PARTNERSHIP NHS FOUNDATION TRUST,C_320,Cardiology Service,-,-,-,-,-,-,-,-
Y60,RP7,LINCOLNSHIRE PARTNERSHIP NHS FOUNDATION TRUST,C_330,Dermatology Service,-,-,-,-,-,-,-,-
Y60,RP7,LINCOLNSHIRE PARTNERSHIP NHS FOUNDATION TRUST,C_340,Respiratory Medicine Service,-,-,-,-,-,-,-,-
Y60,RP7,LINCOLNSHIRE PARTNERSHIP NHS FOUNDATION TRUST,C_400,Neurology Service,-,-,-,-,-,-,-,-
Y60,RP7,LINCOLNSHIRE PARTNERSHIP NHS FOUNDATION TRUST,C_410,Rheumatology Service,-,-,-,-,-,-,-,-
Y60,RP7,LINCOLNSHIRE PARTNERSHIP NHS FOUNDATION TRUST,C_430,Elderly Medicine Service,-,-,-,-,-,-,-,-
Y60,RP7,LINCOLNSHIRE PARTNERSHIP NHS FOUNDATION TRUST,C_502,Gynaecology Service,-,-,-,-,-,-,-,-
Y60,RP7,LINCOLNSHIRE PARTNERSHIP NHS FOUNDATION TRUST,X02,Other - Medical Services,-,-,-,-,-,-,-,-
Y60,RP7,LINCOLNSHIRE PARTNERSHIP NHS FOUNDATION TRUST,X03,Other - Mental Health Services,39,39,100.00%,4.5,8.9,-,-,-
Y60,RP7,LINCOLNSHIRE PARTNERSHIP NHS FOUNDATION TRUST,X04,Other - Paediatric Services,-,-,-,-,-,-,-,-
Y60,RP7,LINCOLNSHIRE PARTNERSHIP NHS FOUNDATION TRUST,X05,Other - Surgical Services,-,-,-,-,-,-,-,-
Y60,RP7,LINCOLNSHIRE PARTNERSHIP NHS FOUNDATION TRUST,X06,Other - Other Services,-,-,-,-,-,-,-,-
Y60,RQ3,BIRMINGHAM WOMEN'S AND CHILDREN'S NHS FOUNDATION TRUST,C_100,General Surgery Service,-,-,-,-,-,-,-,-
Y60,RQ3,BIRMINGHAM WOMEN'S AND CHILDREN'S NHS FOUNDATION TRUST,C_101,Urology Service,-,-,-,-,-,-,-,-
Y60,RQ3,BIRMINGHAM WOMEN'S AND CHILDREN'S NHS FOUNDATION TRUST,C_110,Trauma and Orthopaedic Service,-,-,-,-,-,-,-,-
Y60,RQ3,BIRMINGHAM WOMEN'S AND CHILDREN'S NHS FOUNDATION TRUST,C_120,Ear Nose and Throat Service,-,-,-,-,-,-,-,-
Y60,RQ3,BIRMINGHAM WOMEN'S AND CHILDREN'S NHS FOUNDATION TRUST,C_130,Ophthalmology Service,-,-,-,-,-,-,-,-
Y60,RQ3,BIRMINGHAM WOMEN'S AND CHILDREN'S NHS FOUNDATION TRUST,C_140,Oral Surgery Service,-,-,-,-,-,-,-,-
Y60,RQ3,BIRMINGHAM WOMEN'S AND CHILDREN'S NHS FOUNDATION TRUST,C_150,Neurosurgical Service,-,-,-,-,-,-,-,-
Y60,RQ3,BIRMINGHAM WOMEN'S AND CHILDREN'S NHS FOUNDATION TRUST,C_160,Plastic Surgery Service,-,-,-,-,-,-,-,-
Y60,RQ3,BIRMINGHAM WOMEN'S AND CHILDREN'S NHS FOUNDATION TRUST,C_170,Cardiothoracic Surgery Service,-,-,-,-,-,-,-,-
Y60,RQ3,BIRMINGHAM WOMEN'S AND CHILDREN'S NHS FOUNDATION TRUST,C_300,General Internal Medicine Service,-,-,-,-,-,-,-,-
Y60,RQ3,BIRMINGHAM WOMEN'S AND CHILDREN'S NHS FOUNDATION TRUST,C_301,Gastroenterology Service,-,-,-,-,-,-,-,-
Y60,RQ3,BIRMINGHAM WOMEN'S AND CHILDREN'S NHS FOUNDATION TRUST,C_320,Cardiology Service,-,-,-,-,-,-,-,-
Y60,RQ3,BIRMINGHAM WOMEN'S AND CHILDREN'S NHS FOUNDATION TRUST,C_330,Dermatology Service,-,-,-,-,-,-,-,-
Y60,RQ3,BIRMINGHAM WOMEN'S AND CHILDREN'S NHS FOUNDATION TRUST,C_340,Respiratory Medicine Service,-,-,-,-,-,-,-,-
Y60,RQ3,BIRMINGHAM WOMEN'S AND CHILDREN'S NHS FOUNDATION TRUST,C_400,Neurology Service,-,-,-,-,-,-,-,-
Y60,RQ3,BIRMINGHAM WOMEN'S AND CHILDREN'S NHS FOUNDATION TRUST,C_410,Rheumatology Service,-,-,-,-,-,-,-,-
Y60,RQ3,BIRMINGHAM WOMEN'S AND CHILDREN'S NHS FOUNDATION TRUST,C_430,Elderly Medicine Service,-,-,-,-,-,-,-,-
Y60,RQ3,BIRMINGHAM WOMEN'S AND CHILDREN'S NHS FOUNDATION TRUST,C_502,Gynaecology Service,"7,705","4,332",56.20%,15.6,42.4,110,-,-
Y60,RQ3,BIRMINGHAM WOMEN'S AND CHILDREN'S NHS FOUNDATION TRUST,X02,Other - Medical Services,-,-,-,-,-,-,-,-
Y60,RQ3,BIRMINGHAM WOMEN'S AND CHILDREN'S NHS FOUNDATION TRUST,X03,Other - Mental Health Services,-,-,-,-,-,-,-,-
Y60,RQ3,BIRMINGHAM WOMEN'S AND CHILDREN'S NHS FOUNDATION TRUST,X04,Other - Paediatric Services,"12,559","7,228",57.60%,14.9,41,282,-,-
Y60,RQ3,BIRMINGHAM WOMEN'S AND CHILDREN'S NHS FOUNDATION TRUST,X05,Other - Surgical Services,-,-,-,-,-,-,-,-
Y60,RQ3,BIRMINGHAM WOMEN'S AND CHILDREN'S NHS FOUNDATION TRUST,X06,Other - Other Services,"5,391","3,329",61.80%,13.7,38.4,87,-,1
Y60,RRE,MIDLANDS PARTNERSHIP UNIVERSITY NHS FOUNDATION TRUST,C_100,General Surgery Service,-,-,-,-,-,-,-,-
Y60,RRE,MIDLANDS PARTNERSHIP UNIVERSITY NHS FOUNDATION TRUST,C_101,Urology Service,-,-,-,-,-,-,-,-
Y60,RRE,MIDLANDS PARTNERSHIP UNIVERSITY NHS FOUNDATION TRUST,C_110,Trauma and Orthopaedic Service,-,-,-,-,-,-,-,-
Y60,RRE,MIDLANDS PARTNERSHIP UNIVERSITY NHS FOUNDATION TRUST,C_120,Ear Nose and Throat Service,-,-,-,-,-,-,-,-
Y60,RRE,MIDLANDS PARTNERSHIP UNIVERSITY NHS FOUNDATION TRUST,C_130,Ophthalmology Service,-,-,-,-,-,-,-,-
Y60,RRE,MIDLANDS PARTNERSHIP UNIVERSITY NHS FOUNDATION TRUST,C_140,Oral Surgery Service,-,-,-,-,-,-,-,-
Y60,RRE,MIDLANDS PARTNERSHIP UNIVERSITY NHS FOUNDATION TRUST,C_150,Neurosurgical Service,-,-,-,-,-,-,-,-
Y60,RRE,MIDLANDS PARTNERSHIP UNIVERSITY NHS FOUNDATION TRUST,C_160,Plastic Surgery Service,-,-,-,-,-,-,-,-
Y60,RRE,MIDLANDS PARTNERSHIP UNIVERSITY NHS FOUNDATION TRUST,C_170,Cardiothoracic Surgery Service,-,-,-,-,-,-,-,-
Y60,RRE,MIDLANDS PARTNERSHIP UNIVERSITY NHS FOUNDATION TRUST,C_300,General Internal Medicine Service,-,-,-,-,-,-,-,-
Y60,RRE,MIDLANDS PARTNERSHIP UNIVERSITY NHS FOUNDATION TRUST,C_301,Gastroenterology Service,-,-,-,-,-,-,-,-
Y60,RRE,MIDLANDS PARTNERSHIP UNIVERSITY NHS FOUNDATION TRUST,C_320,Cardiology Service,-,-,-,-,-,-,-,-
Y60,RRE,MIDLANDS PARTNERSHIP UNIVERSITY NHS FOUNDATION TRUST,C_330,Dermatology Service,-,-,-,-,-,-,-,-
Y60,RRE,MIDLANDS PARTNERSHIP UNIVERSITY NHS FOUNDATION TRUST,C_340,Respiratory Medicine Service,-,-,-,-,-,-,-,-
Y60,RRE,MIDLANDS PARTNERSHIP UNIVERSITY NHS FOUNDATION TRUST,C_400,Neurology Service,86,47,54.70%,17.2,36.1,-,-,-
Y60,RRE,MIDLANDS PARTNERSHIP UNIVERSITY NHS FOUNDATION TRUST,C_410,Rheumatology Service,"3,473","3,339",96.10%,2,13,-,-,-
Y60,RRE,MIDLANDS PARTNERSHIP UNIVERSITY NHS FOUNDATION TRUST,C_430,Elderly Medicine Service,18,13,72.20%,-,-,-,-,-
Y60,RRE,MIDLANDS PARTNERSHIP UNIVERSITY NHS FOUNDATION TRUST,C_502,Gynaecology Service,-,-,-,-,-,-,-,-
Y60,RRE,MIDLANDS PARTNERSHIP UNIVERSITY NHS FOUNDATION TRUST,X02,Other - Medical Services,47,44,93.60%,7.5,15.2,-,-,-
Y60,RRE,MIDLANDS PARTNERSHIP UNIVERSITY NHS FOUNDATION TRUST,X03,Other - Mental Health Services,-,-,-,-,-,-,-,-
Y60,RRE,MIDLANDS PARTNERSHIP UNIVERSITY NHS FOUNDATION TRUST,X04,Other - Paediatric Services,-,-,-,-,-,-,-,-
Y60,RRE,MIDLANDS PARTNERSHIP UNIVERSITY NHS FOUNDATION TRUST,X05,Other - Surgical Services,-,-,-,-,-,-,-,-
Y60,RRE,MIDLANDS PARTNERSHIP UNIVERSITY NHS FOUNDATION TRUST,X06,Other - Other Services,"1,425","1,422",99.80%,1.9,8,-,-,-
Y60,RRJ,THE ROYAL ORTHOPAEDIC HOSPITAL NHS FOUNDATION TRUST,C_100,General Surgery Service,-,-,-,-,-,-,-,-
Y60,RRJ,THE ROYAL ORTHOPAEDIC HOSPITAL NHS FOUNDATION TRUST,C_101,Urology Service,-,-,-,-,-,-,-,-
Y60,RRJ,THE ROYAL ORTHOPAEDIC HOSPITAL NHS FOUNDATION TRUST,C_110,Trauma and Orthopaedic Service,"11,809","5,728",48.50%,18.7,49.8,742,-,17
Y60,RRJ,THE ROYAL ORTHOPAEDIC HOSPITAL NHS FOUNDATION TRUST,C_120,Ear Nose and Throat Service,-,-,-,-,-,-,-,-
Y60,RRJ,THE ROYAL ORTHOPAEDIC HOSPITAL NHS FOUNDATION TRUST,C_130,Ophthalmology Service,-,-,-,-,-,-,-,-
Y60,RRJ,THE ROYAL ORTHOPAEDIC HOSPITAL NHS FOUNDATION TRUST,C_140,Oral Surgery Service,-,-,-,-,-,-,-,-
Y60,RRJ,THE ROYAL ORTHOPAEDIC HOSPITAL NHS FOUNDATION TRUST,C_150,Neurosurgical Service,-,-,-,-,-,-,-,-
Y60,RRJ,THE ROYAL ORTHOPAEDIC HOSPITAL NHS FOUNDATION TRUST,C_160,Plastic Surgery Service,-,-,-,-,-,-,-,-
Y60,RRJ,THE ROYAL ORTHOPAEDIC HOSPITAL NHS FOUNDATION TRUST,C_170,Cardiothoracic Surgery Service,-,-,-,-,-,-,-,-
Y60,RRJ,THE ROYAL ORTHOPAEDIC HOSPITAL NHS FOUNDATION TRUST,C_300,General Internal Medicine Service,208,126,60.60%,15,30.8,-,-,-
Y60,RRJ,THE ROYAL ORTHOPAEDIC HOSPITAL NHS FOUNDATION TRUST,C_301,Gastroenterology Service,-,-,-,-,-,-,-,-
Y60,RRJ,THE ROYAL ORTHOPAEDIC HOSPITAL NHS FOUNDATION TRUST,C_320,Cardiology Service,-,-,-,-,-,-,-,-
Y60,RRJ,THE ROYAL ORTHOPAEDIC HOSPITAL NHS FOUNDATION TRUST,C_330,Dermatology Service,-,-,-,-,-,-,-,-
Y60,RRJ,THE ROYAL ORTHOPAEDIC HOSPITAL NHS FOUNDATION TRUST,C_340,Respiratory Medicine Service,-,-,-,-,-,-,-,-
Y60,RRJ,THE ROYAL ORTHOPAEDIC HOSPITAL NHS FOUNDATION TRUST,C_400,Neurology Service,-,-,-,-,-,-,-,-
Y60,RRJ,THE ROYAL ORTHOPAEDIC HOSPITAL NHS FOUNDATION TRUST,C_410,Rheumatology Service,-,-,-,-,-,-,-,-
Y60,RRJ,THE ROYAL ORTHOPAEDIC HOSPITAL NHS FOUNDATION TRUST,C_430,Elderly Medicine Service,-,-,-,-,-,-,-,-
Y60,RRJ,THE ROYAL ORTHOPAEDIC HOSPITAL NHS FOUNDATION TRUST,C_502,Gynaecology Service,-,-,-,-,-,-,-,-
Y60,RRJ,THE ROYAL ORTHOPAEDIC HOSPITAL NHS FOUNDATION TRUST,X02,Other - Medical Services,"1,002",643,64.20%,13.8,28,4,-,2
Y60,RRJ,THE ROYAL ORTHOPAEDIC HOSPITAL NHS FOUNDATION TRUST,X03,Other - Mental Health Services,-,-,-,-,-,-,-,-
Y60,RRJ,THE ROYAL ORTHOPAEDIC HOSPITAL NHS FOUNDATION TRUST,X04,Other - Paediatric Services,-,-,-,-,-,-,-,-
Y60,RRJ,THE ROYAL ORTHOPAEDIC HOSPITAL NHS FOUNDATION TRUST,X05,Other - Surgical Services,-,-,-,-,-,-,-,-
Y60,RRJ,THE ROYAL ORTHOPAEDIC HOSPITAL NHS FOUNDATION TRUST,X06,Other - Other Services,758,668,88.10%,6.4,20.8,-,-,-
Y60,RRK,UNIVERSITY HOSPITALS BIRMINGHAM NHS FOUNDATION TRUST,C_100,General Surgery Service,"6,006","2,666",44.40%,20.5,48.5,246,-,-
Y60,RRK,UNIVERSITY HOSPITALS BIRMINGHAM NHS FOUNDATION TRUST,C_101,Urology Service,"7,130","3,742",52.50%,16.4,50.3,429,-,10
Y60,RRK,UNIVERSITY HOSPITALS BIRMINGHAM NHS FOUNDATION TRUST,C_110,Trauma and Orthopaedic Service,"3,213","2,262",70.40%,11.4,36.2,54,-,1
Y60,RRK,UNIVERSITY HOSPITALS BIRMINGHAM NHS FOUNDATION TRUST,C_120,Ear Nose and Throat Service,"14,777","5,606",37.90%,24.6,49.4,613,-,8
Y60,RRK,UNIVERSITY HOSPITALS BIRMINGHAM NHS FOUNDATION TRUST,C_130,Ophthalmology Service,"11,831","5,372",45.40%,20.5,52,945,-,11
Y60,RRK,UNIVERSITY HOSPITALS BIRMINGHAM NHS FOUNDATION TRUST,C_140,Oral Surgery Service,"2,207",995,45.10%,20.5,48.6,98,-,-
Y60,RRK,UNIVERSITY HOSPITALS BIRMINGHAM NHS FOUNDATION TRUST,C_150,Neurosurgical Service,"1,952","1,136",58.20%,14.8,39.7,28,-,-
Y60,RRK,UNIVERSITY HOSPITALS BIRMINGHAM NHS FOUNDATION TRUST,C_160,Plastic Surgery Service,806,414,51.40%,17,48.8,39,-,-
Y60,RRK,UNIVERSITY HOSPITALS BIRMINGHAM NHS FOUNDATION TRUST,C_170,Cardiothoracic Surgery Service,204,160,78.40%,9.3,25.6,-,-,-
Y60,RRK,UNIVERSITY HOSPITALS BIRMINGHAM NHS FOUNDATION TRUST,C_300,General Internal Medicine Service,"1,941","1,873",96.50%,8.4,15.1,1,-,-
Y60,RRK,UNIVERSITY HOSPITALS BIRMINGHAM NHS FOUNDATION TRUST,C_301,Gastroenterology Service,"6,376","4,310",67.60%,11,37.3,38,-,-
Y60,RRK,UNIVERSITY HOSPITALS BIRMINGHAM NHS FOUNDATION TRUST,C_320,Cardiology Service,"5,818","3,922",67.40%,11.6,37.6,26,-,-
Y60,RRK,UNIVERSITY HOSPITALS BIRMINGHAM NHS FOUNDATION TRUST,C_330,Dermatology Service,"4,815","2,748",57.10%,14.9,40.5,89,-,-
Y60,RRK,UNIVERSITY HOSPITALS BIRMINGHAM NHS FOUNDATION TRUST,C_340,Respiratory Medicine Service,"5,001","2,163",43.30%,21.3,50.6,347,-,-
Y60,RRK,UNIVERSITY HOSPITALS BIRMINGHAM NHS FOUNDATION TRUST,C_400,Neurology Service,"4,352","2,105",48.40%,18.8,43.7,29,-,-
Y60,RRK,UNIVERSITY HOSPITALS BIRMINGHAM NHS FOUNDATION TRUST,C_410,Rheumatology Service,677,579,85.50%,6.7,23.3,1,-,-
Y60,RRK,UNIVERSITY HOSPITALS BIRMINGHAM NHS FOUNDATION TRUST,C_430,Elderly Medicine Service,223,215,96.40%,5.5,13.9,-,-,-
Y60,RRK,UNIVERSITY HOSPITALS BIRMINGHAM NHS FOUNDATION TRUST,C_502,Gynaecology Service,"6,088","2,857",46.90%,20,41.3,95,-,-
Y60,RRK,UNIVERSITY HOSPITALS BIRMINGHAM NHS FOUNDATION TRUST,X02,Other - Medical Services,"14,793","7,934",53.60%,16.6,42.9,338,-,-
Y60,RRK,UNIVERSITY HOSPITALS BIRMINGHAM NHS FOUNDATION TRUST,X03,Other - Mental Health Services,72,70,97.20%,6.9,15.7,-,-,-
Y60,RRK,UNIVERSITY HOSPITALS BIRMINGHAM NHS FOUNDATION TRUST,X04,Other - Paediatric Services,"3,370","1,347",40.00%,24.2,52,270,-,5
Y60,RRK,UNIVERSITY HOSPITALS BIRMINGHAM NHS FOUNDATION TRUST,X05,Other - Surgical Services,"7,640","4,095",53.60%,16,48.1,329,-,-
Y60,RRK,UNIVERSITY HOSPITALS BIRMINGHAM NHS FOUNDATION TRUST,X06,Other - Other Services,"3,108","1,472",47.40%,19.7,51,217,-,5
Y60,RTG,UNIVERSITY HOSPITALS OF DERBY AND BURTON NHS FOUNDATION TRUST,C_100,General Surgery Service,"6,048","3,070",50.80%,17.7,45.6,148,-,5
Y60,RTG,UNIVERSITY HOSPITALS OF DERBY AND BURTON NHS FOUNDATION TRUST,C_101,Urology Service,"5,079","2,552",50.20%,17.9,47,213,-,9
Y60,RTG,UNIVERSITY HOSPITALS OF DERBY AND BURTON NHS FOUNDATION TRUST,C_110,Trauma and Orthopaedic Service,"16,625","7,962",47.90%,18.9,46.3,694,2,47
Y60,RTG,UNIVERSITY HOSPITALS OF DERBY AND BURTON NHS FOUNDATION TRUST,C_120,Ear Nose and Throat Service,"8,338","3,879",46.50%,19.7,45.5,188,-,1
Y60,RTG,UNIVERSITY HOSPITALS OF DERBY AND BURTON NHS FOUNDATION TRUST,C_130,Ophthalmology Service,"11,323","5,773",51.00%,17.7,43.5,114,-,4
Y60,RTG,UNIVERSITY HOSPITALS OF DERBY AND BURTON NHS FOUNDATION TRUST,C_140,Oral Surgery Service,"2,137","1,282",60.00%,14,42.3,38,-,1
Y60,RTG,UNIVERSITY HOSPITALS OF DERBY AND BURTON NHS FOUNDATION TRUST,C_150,Neurosurgical Service,208,91,43.80%,21.4,49.2,11,-,-
Y60,RTG,UNIVERSITY HOSPITALS OF DERBY AND BURTON NHS FOUNDATION TRUST,C_160,Plastic Surgery Service,356,270,75.80%,11.1,32.5,3,-,-
Y60,RTG,UNIVERSITY HOSPITALS OF DERBY AND BURTON NHS FOUNDATION TRUST,C_170,Cardiothoracic Surgery Service,37,21,56.80%,13.5,37.5,-,-,-
Y60,RTG,UNIVERSITY HOSPITALS OF DERBY AND BURTON NHS FOUNDATION TRUST,C_300,General Internal Medicine Service,15,15,100.00%,-,-,-,-,-
Y60,RTG,UNIVERSITY HOSPITALS OF DERBY AND BURTON NHS FOUNDATION TRUST,C_301,Gastroenterology Service,"4,762","2,901",60.90%,13.1,40.8,57,-,-
Y60,RTG,UNIVERSITY HOSPITALS OF DERBY AND BURTON NHS FOUNDATION TRUST,C_320,Cardiology Service,"4,721","2,310",48.90%,18.5,49.9,305,-,4
Y60,RTG,UNIVERSITY HOSPITALS OF DERBY AND BURTON NHS FOUNDATION TRUST,C_330,Dermatology Service,"7,617","3,923",51.50%,17.1,45.8,252,-,1
Y60,RTG,UNIVERSITY HOSPITALS OF DERBY AND BURTON NHS FOUNDATION TRUST,C_340,Respiratory Medicine Service,"2,061","1,284",62.30%,13.5,33.5,1,-,-
Y60,RTG,UNIVERSITY HOSPITALS OF DERBY AND BURTON NHS FOUNDATION TRUST,C_400,Neurology Service,"3,917","1,867",47.70%,19,47.1,74,-,-
Y60,RTG,UNIVERSITY HOSPITALS OF DERBY AND BURTON NHS FOUNDATION TRUST,C_410,Rheumatology Service,"2,434","1,298",53.30%,16.8,43.9,38,-,-
Y60,RTG,UNIVERSITY HOSPITALS OF DERBY AND BURTON NHS FOUNDATION TRUST,C_430,Elderly Medicine Service,321,273,85.00%,8.4,20.9,-,-,-
Y60,RTG,UNIVERSITY HOSPITALS OF DERBY AND BURTON NHS FOUNDATION TRUST,C_502,Gynaecology Service,"10,600","5,210",49.20%,18.3,45.9,355,1,27
Y60,RTG,UNIVERSITY HOSPITALS OF DERBY AND BURTON NHS FOUNDATION TRUST,X02,Other - Medical Services,"11,360","6,297",55.40%,15.5,46,499,-,7
Y60,RTG,UNIVERSITY HOSPITALS OF DERBY AND BURTON NHS FOUNDATION TRUST,X03,Other - Mental Health Services,-,-,-,-,-,-,-,-
Y60,RTG,UNIVERSITY HOSPITALS OF DERBY AND BURTON NHS FOUNDATION TRUST,X04,Other - Paediatric Services,"3,320","1,713",51.60%,17.4,39.9,42,-,6
Y60,RTG,UNIVERSITY HOSPITALS OF DERBY AND BURTON NHS FOUNDATION TRUST,X05,Other - Surgical Services,"7,215","4,112",57.00%,15,41.2,183,3,14
Y60,RTG,UNIVERSITY HOSPITALS OF DERBY AND BURTON NHS FOUNDATION TRUST,X06,Other - Other Services,"1,176",842,71.60%,10,33.6,28,-,2
Y60,RWD,UNITED LINCOLNSHIRE TEACHING HOSPITALS NHS TRUST,C_100,General Surgery Service,"4,004","2,748",68.60%,11.6,35.1,48,-,4
Y60,RWD,UNITED LINCOLNSHIRE TEACHING HOSPITALS NHS TRUST,C_101,Urology Service,"4,247","2,399",56.50%,15.5,45,103,-,1
Y60,RWD,UNITED LINCOLNSHIRE TEACHING HOSPITALS NHS TRUST,C_110,Trauma and Orthopaedic Service,"5,702","3,424",60.00%,14.7,36.8,26,-,-
Y60,RWD,UNITED LINCOLNSHIRE TEACHING HOSPITALS NHS TRUST,C_120,Ear Nose and Throat Service,"10,074","4,052",40.20%,24.2,49.8,533,-,8
Y60,RWD,UNITED LINCOLNSHIRE TEACHING HOSPITALS NHS TRUST,C_130,Ophthalmology Service,"6,132","3,485",56.80%,15.3,37.8,19,-,-
Y60,RWD,UNITED LINCOLNSHIRE TEACHING HOSPITALS NHS TRUST,C_140,Oral Surgery Service,"2,601","1,262",48.50%,18.6,43.6,43,-,-
Y60,RWD,UNITED LINCOLNSHIRE TEACHING HOSPITALS NHS TRUST,C_150,Neurosurgical Service,-,-,-,-,-,-,-,-
Y60,RWD,UNITED LINCOLNSHIRE TEACHING HOSPITALS NHS TRUST,C_160,Plastic Surgery Service,-,-,-,-,-,-,-,-
Y60,RWD,UNITED LINCOLNSHIRE TEACHING HOSPITALS NHS TRUST,C_170,Cardiothoracic Surgery Service,44,19,43.20%,20.5,50.5,3,-,-
Y60,RWD,UNITED LINCOLNSHIRE TEACHING HOSPITALS NHS TRUST,C_300,General Internal Medicine Service,400,192,48.00%,19.3,46.2,4,-,-
Y60,RWD,UNITED LINCOLNSHIRE TEACHING HOSPITALS NHS TRUST,C_301,Gastroenterology Service,"5,975","3,299",55.20%,15.8,40.1,81,-,4
Y60,RWD,UNITED LINCOLNSHIRE TEACHING HOSPITALS NHS TRUST,C_320,Cardiology Service,"2,477","1,490",60.20%,13.5,37.8,17,-,-
Y60,RWD,UNITED LINCOLNSHIRE TEACHING HOSPITALS NHS TRUST,C_330,Dermatology Service,"3,908","2,414",61.80%,14.3,33.1,2,-,-
Y60,RWD,UNITED LINCOLNSHIRE TEACHING HOSPITALS NHS TRUST,C_340,Respiratory Medicine Service,"1,579","1,005",63.60%,12.3,36,7,-,-
Y60,RWD,UNITED LINCOLNSHIRE TEACHING HOSPITALS NHS TRUST,C_400,Neurology Service,"3,236","1,407",43.50%,21.3,46.3,53,-,-
Y60,RWD,UNITED LINCOLNSHIRE TEACHING HOSPITALS NHS TRUST,C_410,Rheumatology Service,"1,793",766,42.70%,21.1,49.1,83,-,1
Y60,RWD,UNITED LINCOLNSHIRE TEACHING HOSPITALS NHS TRUST,C_430,Elderly Medicine Service,280,229,81.80%,7.8,29.3,-,-,-
Y60,RWD,UNITED LINCOLNSHIRE TEACHING HOSPITALS NHS TRUST,C_502,Gynaecology Service,"6,000","2,994",49.90%,18,43.3,148,-,-
Y60,RWD,UNITED LINCOLNSHIRE TEACHING HOSPITALS NHS TRUST,X02,Other - Medical Services,"7,451","4,117",55.30%,15.5,44.7,251,-,11
Y60,RWD,UNITED LINCOLNSHIRE TEACHING HOSPITALS NHS TRUST,X03,Other - Mental Health Services,-,-,-,-,-,-,-,-
Y60,RWD,UNITED LINCOLNSHIRE TEACHING HOSPITALS NHS TRUST,X04,Other - Paediatric Services,"1,696",813,47.90%,19.4,42.5,11,-,-
Y60,RWD,UNITED LINCOLNSHIRE TEACHING HOSPITALS NHS TRUST,X05,Other - Surgical Services,"3,691","2,041",55.30%,15,43.7,115,-,1
Y60,RWD,UNITED LINCOLNSHIRE TEACHING HOSPITALS NHS TRUST,X06,Other - Other Services,341,295,86.50%,6.7,25.7,5,-,-
Y60,RWE,UNIVERSITY HOSPITALS OF LEICESTER NHS TRUST,C_100,General Surgery Service,"5,407","2,495",46.10%,19.5,45.3,174,-,15
Y60,RWE,UNIVERSITY HOSPITALS OF LEICESTER NHS TRUST,C_101,Urology Service,"4,614","2,606",56.50%,15.8,34.6,23,-,1
Y60,RWE,UNIVERSITY HOSPITALS OF LEICESTER NHS TRUST,C_110,Trauma and Orthopaedic Service,"10,857","4,332",39.90%,21.9,47.7,543,1,28
Y60,RWE,UNIVERSITY HOSPITALS OF LEICESTER NHS TRUST,C_120,Ear Nose and Throat Service,"7,473","3,579",47.90%,19,47.8,347,-,15
Y60,RWE,UNIVERSITY HOSPITALS OF LEICESTER NHS TRUST,C_130,Ophthalmology Service,"12,436","6,873",55.30%,16,42.6,124,-,3
Y60,RWE,UNIVERSITY HOSPITALS OF LEICESTER NHS TRUST,C_140,Oral Surgery Service,"7,364","2,834",38.50%,23.8,48,270,-,10
Y60,RWE,UNIVERSITY HOSPITALS OF LEICESTER NHS TRUST,C_150,Neurosurgical Service,60,52,86.70%,5.5,19.1,-,-,-
Y60,RWE,UNIVERSITY HOSPITALS OF LEICESTER NHS TRUST,C_160,Plastic Surgery Service,"1,281",829,64.70%,12.7,36.8,19,-,1
Y60,RWE,UNIVERSITY HOSPITALS OF LEICESTER NHS TRUST,C_170,Cardiothoracic Surgery Service,650,454,69.80%,10.7,32.5,3,-,-
Y60,RWE,UNIVERSITY HOSPITALS OF LEICESTER NHS TRUST,C_300,General Internal Medicine Service,185,173,93.50%,2.9,17.4,-,-,-
Y60,RWE,UNIVERSITY HOSPITALS OF LEICESTER NHS TRUST,C_301,Gastroenterology Service,"8,280","5,076",61.30%,13.7,32.5,38,-,-
Y60,RWE,UNIVERSITY HOSPITALS OF LEICESTER NHS TRUST,C_320,Cardiology Service,"7,017","3,597",51.30%,17.5,40.5,82,1,3
Y60,RWE,UNIVERSITY HOSPITALS OF LEICESTER NHS TRUST,C_330,Dermatology Service,"3,198","2,271",71.00%,10.8,32.4,-,-,-
Y60,RWE,UNIVERSITY HOSPITALS OF LEICESTER NHS TRUST,C_340,Respiratory Medicine Service,"1,976","1,656",83.80%,9.5,21.4,-,-,-
Y60,RWE,UNIVERSITY HOSPITALS OF LEICESTER NHS TRUST,C_400,Neurology Service,"1,756","1,453",82.70%,10.8,20.9,4,-,1
Y60,RWE,UNIVERSITY HOSPITALS OF LEICESTER NHS TRUST,C_410,Rheumatology Service,"3,919","2,519",64.30%,13.3,36.7,50,-,1
Y60,RWE,UNIVERSITY HOSPITALS OF LEICESTER NHS TRUST,C_430,Elderly Medicine Service,319,283,88.70%,6.3,23.2,2,-,-
Y60,RWE,UNIVERSITY HOSPITALS OF LEICESTER NHS TRUST,C_502,Gynaecology Service,"7,141","3,458",48.40%,18.5,41.2,180,-,2
Y60,RWE,UNIVERSITY HOSPITALS OF LEICESTER NHS TRUST,X02,Other - Medical Services,"13,047","7,685",58.90%,14.8,35.5,31,1,2
Y60,RWE,UNIVERSITY HOSPITALS OF LEICESTER NHS TRUST,X03,Other - Mental Health Services,-,-,-,-,-,-,-,-
Y60,RWE,UNIVERSITY HOSPITALS OF LEICESTER NHS TRUST,X04,Other - Paediatric Services,"7,405","4,486",60.60%,14.3,41,182,1,16
Y60,RWE,UNIVERSITY HOSPITALS OF LEICESTER NHS TRUST,X05,Other - Surgical Services,"2,831","2,153",76.10%,8.3,31.3,22,-,-
Y60,RWE,UNIVERSITY HOSPITALS OF LEICESTER NHS TRUST,X06,Other - Other Services,"4,539","2,442",53.80%,16.6,44.5,181,-,2
Y60,RWP,WORCESTERSHIRE ACUTE HOSPITALS NHS TRUST,C_100,General Surgery Service,"3,256","1,301",40.00%,24.3,49,149,-,8
Y60,RWP,WORCESTERSHIRE ACUTE HOSPITALS NHS TRUST,C_101,Urology Service,"4,770","2,835",59.40%,13.9,36.7,59,1,6
Y60,RWP,WORCESTERSHIRE ACUTE HOSPITALS NHS TRUST,C_110,Trauma and Orthopaedic Service,"4,862","1,972",40.60%,22.1,41.9,98,-,-
Y60,RWP,WORCESTERSHIRE ACUTE HOSPITALS NHS TRUST,C_120,Ear Nose and Throat Service,"7,394","2,487",33.60%,26.6,48.4,317,-,6
Y60,RWP,WORCESTERSHIRE ACUTE HOSPITALS NHS TRUST,C_130,Ophthalmology Service,"5,044","3,324",65.90%,11.5,34.2,60,-,8
Y60,RWP,WORCESTERSHIRE ACUTE HOSPITALS NHS TRUST,C_140,Oral Surgery Service,"3,677","1,357",36.90%,24.6,51.4,272,-,9
Y60,RWP,WORCESTERSHIRE ACUTE HOSPITALS NHS TRUST,C_150,Neurosurgical Service,-,-,-,-,-,-,-,-
Y60,RWP,WORCESTERSHIRE ACUTE HOSPITALS NHS TRUST,C_160,Plastic Surgery Service,9,5,55.60%,-,-,-,-,-
Y60,RWP,WORCESTERSHIRE ACUTE HOSPITALS NHS TRUST,C_170,Cardiothoracic Surgery Service,-,-,-,-,-,-,-,-
Y60,RWP,WORCESTERSHIRE ACUTE HOSPITALS NHS TRUST,C_300,General Internal Medicine Service,391,207,52.90%,15.5,28.2,-,-,-
Y60,RWP,WORCESTERSHIRE ACUTE HOSPITALS NHS TRUST,C_301,Gastroenterology Service,"3,315","2,247",67.80%,11.8,31,5,2,2
Y60,RWP,WORCESTERSHIRE ACUTE HOSPITALS NHS TRUST,C_320,Cardiology Service,"2,149","1,651",76.80%,9.5,25,-,-,-
Y60,RWP,WORCESTERSHIRE ACUTE HOSPITALS NHS TRUST,C_330,Dermatology Service,"2,825","1,528",54.10%,15.7,39.9,27,-,-
Y60,RWP,WORCESTERSHIRE ACUTE HOSPITALS NHS TRUST,C_340,Respiratory Medicine Service,"1,459",952,65.30%,11.8,32.1,-,-,-
Y60,RWP,WORCESTERSHIRE ACUTE HOSPITALS NHS TRUST,C_400,Neurology Service,"1,455",905,62.20%,15.2,28.1,-,-,-
Y60,RWP,WORCESTERSHIRE ACUTE HOSPITALS NHS TRUST,C_410,Rheumatology Service,699,484,69.20%,10.7,30.3,-,-,-
Y60,RWP,WORCESTERSHIRE ACUTE HOSPITALS NHS TRUST,C_430,Elderly Medicine Service,8,8,100.00%,-,-,-,-,-
Y60,RWP,WORCESTERSHIRE ACUTE HOSPITALS NHS TRUST,C_502,Gynaecology Service,"4,812","2,996",62.30%,14.1,31.3,3,-,-
Y60,RWP,WORCESTERSHIRE ACUTE HOSPITALS NHS TRUST,X02,Other - Medical Services,"4,449","2,783",62.60%,12.8,40.9,16,-,-
Y60,RWP,WORCESTERSHIRE ACUTE HOSPITALS NHS TRUST,X03,Other - Mental Health Services,-,-,-,-,-,-,-,-
Y60,RWP,WORCESTERSHIRE ACUTE HOSPITALS NHS TRUST,X04,Other - Paediatric Services,120,99,82.50%,6.8,26.8,-,-,-
Y60,RWP,WORCESTERSHIRE ACUTE HOSPITALS NHS TRUST,X05,Other - Surgical Services,"2,830","1,990",70.30%,9,33.4,13,-,-
Y60,RWP,WORCESTERSHIRE ACUTE HOSPITALS NHS TRUST,X06,Other - Other Services,"2,009","1,554",77.40%,11.1,26.9,2,-,-
Y60,RX1,NOTTINGHAM UNIVERSITY HOSPITALS NHS TRUST,C_100,General Surgery Service,"1,817",834,45.90%,20.1,47.3,87,-,2
Y60,RX1,NOTTINGHAM UNIVERSITY HOSPITALS NHS TRUST,C_101,Urology Service,"5,555","2,983",53.70%,16.3,46.6,160,-,10
Y60,RX1,NOTTINGHAM UNIVERSITY HOSPITALS NHS TRUST,C_110,Trauma and Orthopaedic Service,"8,464","4,289",50.70%,17.7,41,100,-,-
Y60,RX1,NOTTINGHAM UNIVERSITY HOSPITALS NHS TRUST,C_120,Ear Nose and Throat Service,"8,387","4,350",51.90%,17.3,47,321,-,12
Y60,RX1,NOTTINGHAM UNIVERSITY HOSPITALS NHS TRUST,C_130,Ophthalmology Service,"6,244","3,966",63.50%,13.2,36.6,67,3,15
Y60,RX1,NOTTINGHAM UNIVERSITY HOSPITALS NHS TRUST,C_140,Oral Surgery Service,"3,063","1,076",35.10%,27.4,53.4,318,-,8
Y60,RX1,NOTTINGHAM UNIVERSITY HOSPITALS NHS TRUST,C_150,Neurosurgical Service,933,718,77.00%,9.5,25.7,2,-,-
Y60,RX1,NOTTINGHAM UNIVERSITY HOSPITALS NHS TRUST,C_160,Plastic Surgery Service,"1,497",785,52.40%,17.2,41.2,17,-,-
Y60,RX1,NOTTINGHAM UNIVERSITY HOSPITALS NHS TRUST,C_170,Cardiothoracic Surgery Service,296,260,87.80%,6.4,20.3,-,-,-
Y60,RX1,NOTTINGHAM UNIVERSITY HOSPITALS NHS TRUST,C_300,General Internal Medicine Service,2,-,-,-,-,1,-,-
Y60,RX1,NOTTINGHAM UNIVERSITY HOSPITALS NHS TRUST,C_301,Gastroenterology Service,"6,181","3,097",50.10%,18,40,26,-,-
Y60,RX1,NOTTINGHAM UNIVERSITY HOSPITALS NHS TRUST,C_320,Cardiology Service,"3,345","1,978",59.10%,14.1,44.5,107,-,-
Y60,RX1,NOTTINGHAM UNIVERSITY HOSPITALS NHS TRUST,C_330,Dermatology Service,"6,272","3,260",52.00%,16.9,43.1,81,-,-
Y60,RX1,NOTTINGHAM UNIVERSITY HOSPITALS NHS TRUST,C_340,Respiratory Medicine Service,"1,942","1,322",68.10%,9.9,34.8,6,-,-
Y60,RX1,NOTTINGHAM UNIVERSITY HOSPITALS NHS TRUST,C_400,Neurology Service,"1,500","1,280",85.30%,9.3,21,-,-,-
Y60,RX1,NOTTINGHAM UNIVERSITY HOSPITALS NHS TRUST,C_410,Rheumatology Service,728,513,70.50%,10.7,27.9,-,-,-
Y60,RX1,NOTTINGHAM UNIVERSITY HOSPITALS NHS TRUST,C_430,Elderly Medicine Service,755,427,56.60%,15.6,32.2,1,-,-
Y60,RX1,NOTTINGHAM UNIVERSITY HOSPITALS NHS TRUST,C_502,Gynaecology Service,"5,193","2,755",53.10%,16.5,42.6,135,-,-
Y60,RX1,NOTTINGHAM UNIVERSITY HOSPITALS NHS TRUST,X02,Other - Medical Services,"11,302","7,118",63.00%,12.9,41.7,300,-,12
Y60,RX1,NOTTINGHAM UNIVERSITY HOSPITALS NHS TRUST,X03,Other - Mental Health Services,1,1,100.00%,-,-,-,-,-
Y60,RX1,NOTTINGHAM UNIVERSITY HOSPITALS NHS TRUST,X04,Other - Paediatric Services,"3,017","2,224",73.70%,10.2,31,8,-,-
Y60,RX1,NOTTINGHAM UNIVERSITY HOSPITALS NHS TRUST,X05,Other - Surgical Services,"7,844","4,452",56.80%,15.2,44.8,185,-,2
Y60,RX1,NOTTINGHAM UNIVERSITY HOSPITALS NHS TRUST,X06,Other - Other Services,"1,872","1,452",77.60%,8.3,31.4,17,-,-
Y60,RXK,SANDWELL AND WEST BIRMINGHAM HOSPITALS NHS TRUST,C_100,General Surgery Service,"5,889","3,159",53.60%,16.6,42.7,136,-,1
Y60,RXK,SANDWELL AND WEST BIRMINGHAM HOSPITALS NHS TRUST,C_101,Urology Service,"4,250","2,013",47.40%,19.3,44.1,106,-,1
Y60,RXK,SANDWELL AND WEST BIRMINGHAM HOSPITALS NHS TRUST,C_110,Trauma and Orthopaedic Service,"6,302","2,796",44.40%,20.6,49.9,387,-,-
Y60,RXK,SANDWELL AND WEST BIRMINGHAM HOSPITALS NHS TRUST,C_120,Ear Nose and Throat Service,"6,778","2,651",39.10%,23.9,49.5,363,-,7
Y60,RXK,SANDWELL AND WEST BIRMINGHAM HOSPITALS NHS TRUST,C_130,Ophthalmology Service,"8,602","6,175",71.80%,10.1,31.7,20,-,-
Y60,RXK,SANDWELL AND WEST BIRMINGHAM HOSPITALS NHS TRUST,C_140,Oral Surgery Service,"3,403",546,16.00%,37.5,59.3,677,-,16
Y60,RXK,SANDWELL AND WEST BIRMINGHAM HOSPITALS NHS TRUST,C_150,Neurosurgical Service,-,-,-,-,-,-,-,-
Y60,RXK,SANDWELL AND WEST BIRMINGHAM HOSPITALS NHS TRUST,C_160,Plastic Surgery Service,505,194,38.40%,21.2,44.8,19,-,-
Y60,RXK,SANDWELL AND WEST BIRMINGHAM HOSPITALS NHS TRUST,C_170,Cardiothoracic Surgery Service,18,14,77.80%,-,-,-,-,-
Y60,RXK,SANDWELL AND WEST BIRMINGHAM HOSPITALS NHS TRUST,C_300,General Internal Medicine Service,-,-,-,-,-,-,-,-
Y60,RXK,SANDWELL AND WEST BIRMINGHAM HOSPITALS NHS TRUST,C_301,Gastroenterology Service,"2,750","1,841",66.90%,12.9,33.3,1,-,-
Y60,RXK,SANDWELL AND WEST BIRMINGHAM HOSPITALS NHS TRUST,C_320,Cardiology Service,"5,543","2,649",47.80%,19.1,41.6,107,-,1
Y60,RXK,SANDWELL AND WEST BIRMINGHAM HOSPITALS NHS TRUST,C_330,Dermatology Service,"2,845","1,276",44.90%,20.4,49,172,-,-
Y60,RXK,SANDWELL AND WEST BIRMINGHAM HOSPITALS NHS TRUST,C_340,Respiratory Medicine Service,"1,424","1,312",92.10%,6.8,17.9,-,-,-
Y60,RXK,SANDWELL AND WEST BIRMINGHAM HOSPITALS NHS TRUST,C_400,Neurology Service,"1,869",700,37.50%,24.3,55.6,230,-,-
Y60,RXK,SANDWELL AND WEST BIRMINGHAM HOSPITALS NHS TRUST,C_410,Rheumatology Service,725,453,62.50%,12.6,34.3,9,-,-
Y60,RXK,SANDWELL AND WEST BIRMINGHAM HOSPITALS NHS TRUST,C_430,Elderly Medicine Service,61,60,98.40%,3.4,11.4,-,-,-
Y60,RXK,SANDWELL AND WEST BIRMINGHAM HOSPITALS NHS TRUST,C_502,Gynaecology Service,"5,093","2,378",46.70%,19.4,42.9,108,-,-
Y60,RXK,SANDWELL AND WEST BIRMINGHAM HOSPITALS NHS TRUST,X02,Other - Medical Services,"3,024","1,822",60.30%,15,32.1,13,-,-
Y60,RXK,SANDWELL AND WEST BIRMINGHAM HOSPITALS NHS TRUST,X03,Other - Mental Health Services,-,-,-,-,-,-,-,-
Y60,RXK,SANDWELL AND WEST BIRMINGHAM HOSPITALS NHS TRUST,X04,Other - Paediatric Services,"6,009","3,220",53.60%,16.7,42.5,160,-,1
Y60,RXK,SANDWELL AND WEST BIRMINGHAM HOSPITALS NHS TRUST,X05,Other - Surgical Services,"4,980","3,465",69.60%,13.9,24,3,-,-
Y60,RXK,SANDWELL AND WEST BIRMINGHAM HOSPITALS NHS TRUST,X06,Other - Other Services,482,305,63.30%,12.2,48.4,30,-,-
Y60,RXW,THE SHREWSBURY AND TELFORD HOSPITAL NHS TRUST,C_100,General Surgery Service,"6,189","2,908",47.00%,19.5,49.6,357,-,1
Y60,RXW,THE SHREWSBURY AND TELFORD HOSPITAL NHS TRUST,C_101,Urology Service,"2,570","1,707",66.40%,12.3,42.3,58,-,-
Y60,RXW,THE SHREWSBURY AND TELFORD HOSPITAL NHS TRUST,C_110,Trauma and Orthopaedic Service,"1,228",542,44.10%,21.3,53.1,120,-,-
Y60,RXW,THE SHREWSBURY AND TELFORD HOSPITAL NHS TRUST,C_120,Ear Nose and Throat Service,"5,887","2,137",36.30%,25.5,52.8,521,2,81
Y60,RXW,THE SHREWSBURY AND TELFORD HOSPITAL NHS TRUST,C_130,Ophthalmology Service,"4,819","2,132",44.20%,20.6,48.2,265,-,28
Y60,RXW,THE SHREWSBURY AND TELFORD HOSPITAL NHS TRUST,C_140,Oral Surgery Service,"2,747","1,094",39.80%,24.5,52.2,225,2,29
Y60,RXW,THE SHREWSBURY AND TELFORD HOSPITAL NHS TRUST,C_150,Neurosurgical Service,-,-,-,-,-,-,-,-
Y60,RXW,THE SHREWSBURY AND TELFORD HOSPITAL NHS TRUST,C_160,Plastic Surgery Service,-,-,-,-,-,-,-,-
Y60,RXW,THE SHREWSBURY AND TELFORD HOSPITAL NHS TRUST,C_170,Cardiothoracic Surgery Service,29,18,62.10%,14.2,40.7,-,-,-
Y60,RXW,THE SHREWSBURY AND TELFORD HOSPITAL NHS TRUST,C_300,General Internal Medicine Service,"1,633",878,53.80%,16.6,40.3,18,-,-
Y60,RXW,THE SHREWSBURY AND TELFORD HOSPITAL NHS TRUST,C_301,Gastroenterology Service,"3,798","2,159",56.80%,15,45.5,128,-,2
Y60,RXW,THE SHREWSBURY AND TELFORD HOSPITAL NHS TRUST,C_320,Cardiology Service,"2,407","1,475",61.30%,14,36.6,24,-,-
Y60,RXW,THE SHREWSBURY AND TELFORD HOSPITAL NHS TRUST,C_330,Dermatology Service,"3,846","1,764",45.90%,19.7,47.1,90,-,-
Y60,RXW,THE SHREWSBURY AND TELFORD HOSPITAL NHS TRUST,C_340,Respiratory Medicine Service,"2,313",891,38.50%,23,49.8,141,-,-
Y60,RXW,THE SHREWSBURY AND TELFORD HOSPITAL NHS TRUST,C_400,Neurology Service,-,-,-,-,-,-,-,-
Y60,RXW,THE SHREWSBURY AND TELFORD HOSPITAL NHS TRUST,C_410,Rheumatology Service,-,-,-,-,-,-,-,-
Y60,RXW,THE SHREWSBURY AND TELFORD HOSPITAL NHS TRUST,C_430,Elderly Medicine Service,97,93,95.90%,4.4,13.7,-,-,-
Y60,RXW,THE SHREWSBURY AND TELFORD HOSPITAL NHS TRUST,C_502,Gynaecology Service,"4,036","2,197",54.40%,16.1,51.3,298,-,14
Y60,RXW,THE SHREWSBURY AND TELFORD HOSPITAL NHS TRUST,X02,Other - Medical Services,351,234,66.70%,13.8,48.8,19,-,-
Y60,RXW,THE SHREWSBURY AND TELFORD HOSPITAL NHS TRUST,X03,Other - Mental Health Services,2,1,50.00%,-,-,-,-,-
Y60,RXW,THE SHREWSBURY AND TELFORD HOSPITAL NHS TRUST,X04,Other - Paediatric Services,"1,486",714,48.00%,18.7,42,26,-,7
Y60,RXW,THE SHREWSBURY AND TELFORD HOSPITAL NHS TRUST,X05,Other - Surgical Services,454,140,30.80%,30.7,54.4,67,-,2
Y60,RXW,THE SHREWSBURY AND TELFORD HOSPITAL NHS TRUST,X06,Other - Other Services,519,304,58.60%,15.2,50.7,35,-,2
Y60,RYW,BIRMINGHAM COMMUNITY HEALTHCARE NHS FOUNDATION TRUST,C_100,General Surgery Service,-,-,-,-,-,-,-,-
Y60,RYW,BIRMINGHAM COMMUNITY HEALTHCARE NHS FOUNDATION TRUST,C_101,Urology Service,-,-,-,-,-,-,-,-
Y60,RYW,BIRMINGHAM COMMUNITY HEALTHCARE NHS FOUNDATION TRUST,C_110,Trauma and Orthopaedic Service,299,194,64.90%,12.9,28,-,-,-
Y60,RYW,BIRMINGHAM COMMUNITY HEALTHCARE NHS FOUNDATION TRUST,C_120,Ear Nose and Throat Service,-,-,-,-,-,-,-,-
Y60,RYW,BIRMINGHAM COMMUNITY HEALTHCARE NHS FOUNDATION TRUST,C_130,Ophthalmology Service,-,-,-,-,-,-,-,-
Y60,RYW,BIRMINGHAM COMMUNITY HEALTHCARE NHS FOUNDATION TRUST,C_140,Oral Surgery Service,"6,100","3,722",61.00%,15,31.3,5,-,-
Y60,RYW,BIRMINGHAM COMMUNITY HEALTHCARE NHS FOUNDATION TRUST,C_150,Neurosurgical Service,-,-,-,-,-,-,-,-
Y60,RYW,BIRMINGHAM COMMUNITY HEALTHCARE NHS FOUNDATION TRUST,C_160,Plastic Surgery Service,-,-,-,-,-,-,-,-
Y60,RYW,BIRMINGHAM COMMUNITY HEALTHCARE NHS FOUNDATION TRUST,C_170,Cardiothoracic Surgery Service,-,-,-,-,-,-,-,-
Y60,RYW,BIRMINGHAM COMMUNITY HEALTHCARE NHS FOUNDATION TRUST,C_300,General Internal Medicine Service,-,-,-,-,-,-,-,-
Y60,RYW,BIRMINGHAM COMMUNITY HEALTHCARE NHS FOUNDATION TRUST,C_301,Gastroenterology Service,-,-,-,-,-,-,-,-
Y60,RYW,BIRMINGHAM COMMUNITY HEALTHCARE NHS FOUNDATION TRUST,C_320,Cardiology Service,-,-,-,-,-,-,-,-
Y60,RYW,BIRMINGHAM COMMUNITY HEALTHCARE NHS FOUNDATION TRUST,C_330,Dermatology Service,-,-,-,-,-,-,-,-
Y60,RYW,BIRMINGHAM COMMUNITY HEALTHCARE NHS FOUNDATION TRUST,C_340,Respiratory Medicine Service,-,-,-,-,-,-,-,-
Y60,RYW,BIRMINGHAM COMMUNITY HEALTHCARE NHS FOUNDATION TRUST,C_400,Neurology Service,-,-,-,-,-,-,-,-
Y60,RYW,BIRMINGHAM COMMUNITY HEALTHCARE NHS FOUNDATION TRUST,C_410,Rheumatology Service,-,-,-,-,-,-,-,-
Y60,RYW,BIRMINGHAM COMMUNITY HEALTHCARE NHS FOUNDATION TRUST,C_430,Elderly Medicine Service,-,-,-,-,-,-,-,-
Y60,RYW,BIRMINGHAM COMMUNITY HEALTHCARE NHS FOUNDATION TRUST,C_502,Gynaecology Service,-,-,-,-,-,-,-,-
Y60,RYW,BIRMINGHAM COMMUNITY HEALTHCARE NHS FOUNDATION TRUST,X02,Other - Medical Services,"3,056","2,633",86.20%,7.1,24.1,2,-,-
Y60,RYW,BIRMINGHAM COMMUNITY HEALTHCARE NHS FOUNDATION TRUST,X03,Other - Mental Health Services,765,576,75.30%,9.8,27.7,-,-,-
Y60,RYW,BIRMINGHAM COMMUNITY HEALTHCARE NHS FOUNDATION TRUST,X04,Other - Paediatric Services,-,-,-,-,-,-,-,-
Y60,RYW,BIRMINGHAM COMMUNITY HEALTHCARE NHS FOUNDATION TRUST,X05,Other - Surgical Services,"6,173","3,939",63.80%,12.9,38.9,31,-,-
Y60,RYW,BIRMINGHAM COMMUNITY HEALTHCARE NHS FOUNDATION TRUST,X06,Other - Other Services,-,-,-,-,-,-,-,-
Y61,RAJ,MID AND SOUTH ESSEX NHS FOUNDATION TRUST,C_100,General Surgery Service,"9,023","4,231",46.90%,19.6,51,630,1,60
Y61,RAJ,MID AND SOUTH ESSEX NHS FOUNDATION TRUST,C_101,Urology Service,"9,770","5,031",51.50%,17.4,48.7,533,-,47
Y61,RAJ,MID AND SOUTH ESSEX NHS FOUNDATION TRUST,C_110,Trauma and Orthopaedic Service,"18,753","7,610",40.60%,22,51.1,"1,359",1,256
Y61,RAJ,MID AND SOUTH ESSEX NHS FOUNDATION TRUST,C_120,Ear Nose and Throat Service,"16,705","5,598",33.50%,26.9,53.8,"1,816",5,211
Y61,RAJ,MID AND SOUTH ESSEX NHS FOUNDATION TRUST,C_130,Ophthalmology Service,"12,527","6,908",55.10%,15.7,45.1,398,1,8
Y61,RAJ,MID AND SOUTH ESSEX NHS FOUNDATION TRUST,C_140,Oral Surgery Service,"4,584","1,823",39.80%,24.5,59.2,638,6,171
Y61,RAJ,MID AND SOUTH ESSEX NHS FOUNDATION TRUST,C_150,Neurosurgical Service,88,23,26.10%,29.5,49.3,5,-,-
Y61,RAJ,MID AND SOUTH ESSEX NHS FOUNDATION TRUST,C_160,Plastic Surgery Service,"5,532","2,947",53.30%,16.6,47,259,3,28
Y61,RAJ,MID AND SOUTH ESSEX NHS FOUNDATION TRUST,C_170,Cardiothoracic Surgery Service,-,-,-,-,-,-,-,-
Y61,RAJ,MID AND SOUTH ESSEX NHS FOUNDATION TRUST,C_300,General Internal Medicine Service,"2,329","1,501",64.40%,13.4,36.1,15,-,-
Y61,RAJ,MID AND SOUTH ESSEX NHS FOUNDATION TRUST,C_301,Gastroenterology Service,"10,158","5,120",50.40%,17.8,47.1,502,-,18
Y61,RAJ,MID AND SOUTH ESSEX NHS FOUNDATION TRUST,C_320,Cardiology Service,"10,997","7,214",65.60%,12.8,34.1,49,-,1
Y61,RAJ,MID AND SOUTH ESSEX NHS FOUNDATION TRUST,C_330,Dermatology Service,"13,679","6,551",47.90%,18.9,51.1,"1,005",-,17
Y61,RAJ,MID AND SOUTH ESSEX NHS FOUNDATION TRUST,C_340,Respiratory Medicine Service,"4,697","2,548",54.20%,16.2,39.7,54,-,-
Y61,RAJ,MID AND SOUTH ESSEX NHS FOUNDATION TRUST,C_400,Neurology Service,"5,958","2,933",49.20%,18.3,49.5,341,1,13
Y61,RAJ,MID AND SOUTH ESSEX NHS FOUNDATION TRUST,C_410,Rheumatology Service,"2,610","1,557",59.70%,14.2,42.4,45,-,-
Y61,RAJ,MID AND SOUTH ESSEX NHS FOUNDATION TRUST,C_430,Elderly Medicine Service,898,741,82.50%,8.2,24.3,1,-,-
Y61,RAJ,MID AND SOUTH ESSEX NHS FOUNDATION TRUST,C_502,Gynaecology Service,"13,101","6,576",50.20%,17.9,41.6,380,1,27
Y61,RAJ,MID AND SOUTH ESSEX NHS FOUNDATION TRUST,X02,Other - Medical Services,"13,437","8,622",64.20%,13,42.2,390,3,29
Y61,RAJ,MID AND SOUTH ESSEX NHS FOUNDATION TRUST,X03,Other - Mental Health Services,-,-,-,-,-,-,-,-
Y61,RAJ,MID AND SOUTH ESSEX NHS FOUNDATION TRUST,X04,Other - Paediatric Services,"3,621","1,558",43.00%,21.3,52.1,292,1,54
Y61,RAJ,MID AND SOUTH ESSEX NHS FOUNDATION TRUST,X05,Other - Surgical Services,"6,685","4,265",63.80%,11.5,42.9,222,4,44
Y61,RAJ,MID AND SOUTH ESSEX NHS FOUNDATION TRUST,X06,Other - Other Services,"2,738","1,690",61.70%,11.6,47,128,1,12
Y61,RC9,BEDFORDSHIRE HOSPITALS NHS FOUNDATION TRUST,C_100,General Surgery Service,"4,254","1,991",46.80%,19.7,47.2,158,-,-
Y61,RC9,BEDFORDSHIRE HOSPITALS NHS FOUNDATION TRUST,C_101,Urology Service,"5,364","2,816",52.50%,16.8,45.2,128,-,-
Y61,RC9,BEDFORDSHIRE HOSPITALS NHS FOUNDATION TRUST,C_110,Trauma and Orthopaedic Service,"6,675","2,854",42.80%,21.6,49.5,334,1,17
Y61,RC9,BEDFORDSHIRE HOSPITALS NHS FOUNDATION TRUST,C_120,Ear Nose and Throat Service,"7,917","3,895",49.20%,18.3,47,298,-,-
Y61,RC9,BEDFORDSHIRE HOSPITALS NHS FOUNDATION TRUST,C_130,Ophthalmology Service,"8,731","5,086",58.30%,15.2,39.2,68,-,-
Y61,RC9,BEDFORDSHIRE HOSPITALS NHS FOUNDATION TRUST,C_140,Oral Surgery Service,"6,139","2,669",43.50%,21,48.5,332,2,9
Y61,RC9,BEDFORDSHIRE HOSPITALS NHS FOUNDATION TRUST,C_150,Neurosurgical Service,-,-,-,-,-,-,-,-
Y61,RC9,BEDFORDSHIRE HOSPITALS NHS FOUNDATION TRUST,C_160,Plastic Surgery Service,"1,735",842,48.50%,18.8,45.8,62,-,-
Y61,RC9,BEDFORDSHIRE HOSPITALS NHS FOUNDATION TRUST,C_170,Cardiothoracic Surgery Service,-,-,-,-,-,-,-,-
Y61,RC9,BEDFORDSHIRE HOSPITALS NHS FOUNDATION TRUST,C_300,General Internal Medicine Service,"3,354","1,570",46.80%,19.2,36.2,16,-,-
Y61,RC9,BEDFORDSHIRE HOSPITALS NHS FOUNDATION TRUST,C_301,Gastroenterology Service,"3,865","2,225",57.60%,15,41.4,73,-,-
Y61,RC9,BEDFORDSHIRE HOSPITALS NHS FOUNDATION TRUST,C_320,Cardiology Service,"7,663","3,587",46.80%,19.4,49,387,-,-
Y61,RC9,BEDFORDSHIRE HOSPITALS NHS FOUNDATION TRUST,C_330,Dermatology Service,"5,501","3,215",58.40%,14.5,37.1,56,-,-
Y61,RC9,BEDFORDSHIRE HOSPITALS NHS FOUNDATION TRUST,C_340,Respiratory Medicine Service,"3,976","2,440",61.40%,14.1,40.1,69,-,-
Y61,RC9,BEDFORDSHIRE HOSPITALS NHS FOUNDATION TRUST,C_400,Neurology Service,"4,040","1,747",43.20%,21.4,49.1,216,-,-
Y61,RC9,BEDFORDSHIRE HOSPITALS NHS FOUNDATION TRUST,C_410,Rheumatology Service,"1,070",722,67.50%,11.3,33.7,6,-,-
Y61,RC9,BEDFORDSHIRE HOSPITALS NHS FOUNDATION TRUST,C_430,Elderly Medicine Service,394,281,71.30%,10.6,31.5,-,-,-
Y61,RC9,BEDFORDSHIRE HOSPITALS NHS FOUNDATION TRUST,C_502,Gynaecology Service,"9,149","4,288",46.90%,19.3,44.6,242,-,-
Y61,RC9,BEDFORDSHIRE HOSPITALS NHS FOUNDATION TRUST,X02,Other - Medical Services,"2,872","1,892",65.90%,11.9,36.9,38,-,-
Y61,RC9,BEDFORDSHIRE HOSPITALS NHS FOUNDATION TRUST,X03,Other - Mental Health Services,-,-,-,-,-,-,-,-
Y61,RC9,BEDFORDSHIRE HOSPITALS NHS FOUNDATION TRUST,X04,Other - Paediatric Services,"6,163","3,228",52.40%,17,44.5,100,-,2
Y61,RC9,BEDFORDSHIRE HOSPITALS NHS FOUNDATION TRUST,X05,Other - Surgical Services,"8,104","3,983",49.10%,18.4,44.3,174,-,3
Y61,RC9,BEDFORDSHIRE HOSPITALS NHS FOUNDATION TRUST,X06,Other - Other Services,"1,306",756,57.90%,15.1,42.6,32,1,3
Y61,RCX,"THE QUEEN ELIZABETH HOSPITAL, KING'S LYNN, NHS FOUNDATION TRUST",C_100,General Surgery Service,"1,431",739,51.60%,17.4,42.4,43,-,-
Y61,RCX,"THE QUEEN ELIZABETH HOSPITAL, KING'S LYNN, NHS FOUNDATION TRUST",C_101,Urology Service,"1,354",889,65.70%,12.3,32.6,10,-,-
Y61,RCX,"THE QUEEN ELIZABETH HOSPITAL, KING'S LYNN, NHS FOUNDATION TRUST",C_110,Trauma and Orthopaedic Service,"1,907","1,109",58.20%,14.7,44.8,68,-,-
Y61,RCX,"THE QUEEN ELIZABETH HOSPITAL, KING'S LYNN, NHS FOUNDATION TRUST",C_120,Ear Nose and Throat Service,"2,259","1,404",62.20%,13.9,41.5,69,-,-
Y61,RCX,"THE QUEEN ELIZABETH HOSPITAL, KING'S LYNN, NHS FOUNDATION TRUST",C_130,Ophthalmology Service,"1,636","1,138",69.60%,10.2,40.9,54,-,-
Y61,RCX,"THE QUEEN ELIZABETH HOSPITAL, KING'S LYNN, NHS FOUNDATION TRUST",C_140,Oral Surgery Service,470,288,61.30%,12.2,47.1,19,-,-
Y61,RCX,"THE QUEEN ELIZABETH HOSPITAL, KING'S LYNN, NHS FOUNDATION TRUST",C_150,Neurosurgical Service,-,-,-,-,-,-,-,-
Y61,RCX,"THE QUEEN ELIZABETH HOSPITAL, KING'S LYNN, NHS FOUNDATION TRUST",C_160,Plastic Surgery Service,116,58,50.00%,18,51.2,6,-,-
Y61,RCX,"THE QUEEN ELIZABETH HOSPITAL, KING'S LYNN, NHS FOUNDATION TRUST",C_170,Cardiothoracic Surgery Service,4,4,100.00%,-,-,-,-,-
Y61,RCX,"THE QUEEN ELIZABETH HOSPITAL, KING'S LYNN, NHS FOUNDATION TRUST",C_300,General Internal Medicine Service,172,134,77.90%,8.1,44.1,3,-,-
Y61,RCX,"THE QUEEN ELIZABETH HOSPITAL, KING'S LYNN, NHS FOUNDATION TRUST",C_301,Gastroenterology Service,"1,590",900,56.60%,15.9,31.7,1,-,-
Y61,RCX,"THE QUEEN ELIZABETH HOSPITAL, KING'S LYNN, NHS FOUNDATION TRUST",C_320,Cardiology Service,"2,003",901,45.00%,20.4,45.7,17,-,-
Y61,RCX,"THE QUEEN ELIZABETH HOSPITAL, KING'S LYNN, NHS FOUNDATION TRUST",C_330,Dermatology Service,"1,983","1,131",57.00%,15.6,40.8,30,-,-
Y61,RCX,"THE QUEEN ELIZABETH HOSPITAL, KING'S LYNN, NHS FOUNDATION TRUST",C_340,Respiratory Medicine Service,"1,061",468,44.10%,22,48.1,31,-,-
Y61,RCX,"THE QUEEN ELIZABETH HOSPITAL, KING'S LYNN, NHS FOUNDATION TRUST",C_400,Neurology Service,"1,539",572,37.20%,25,54.4,167,-,-
Y61,RCX,"THE QUEEN ELIZABETH HOSPITAL, KING'S LYNN, NHS FOUNDATION TRUST",C_410,Rheumatology Service,905,438,48.40%,19.3,46.6,18,-,-
Y61,RCX,"THE QUEEN ELIZABETH HOSPITAL, KING'S LYNN, NHS FOUNDATION TRUST",C_430,Elderly Medicine Service,90,87,96.70%,7.7,14.9,-,-,-
Y61,RCX,"THE QUEEN ELIZABETH HOSPITAL, KING'S LYNN, NHS FOUNDATION TRUST",C_502,Gynaecology Service,"1,603",839,52.30%,16.9,48.2,92,-,-
Y61,RCX,"THE QUEEN ELIZABETH HOSPITAL, KING'S LYNN, NHS FOUNDATION TRUST",X02,Other - Medical Services,"1,565",821,52.50%,17.1,40.4,19,-,-
Y61,RCX,"THE QUEEN ELIZABETH HOSPITAL, KING'S LYNN, NHS FOUNDATION TRUST",X03,Other - Mental Health Services,-,-,-,-,-,-,-,-
Y61,RCX,"THE QUEEN ELIZABETH HOSPITAL, KING'S LYNN, NHS FOUNDATION TRUST",X04,Other - Paediatric Services,688,596,86.60%,7.6,21.2,-,-,-
Y61,RCX,"THE QUEEN ELIZABETH HOSPITAL, KING'S LYNN, NHS FOUNDATION TRUST",X05,Other - Surgical Services,"1,916","1,227",64.00%,11.3,36.3,14,-,-
Y61,RCX,"THE QUEEN ELIZABETH HOSPITAL, KING'S LYNN, NHS FOUNDATION TRUST",X06,Other - Other Services,286,180,62.90%,13.6,37.6,1,-,-
Y61,RD8,MILTON KEYNES UNIVERSITY HOSPITAL NHS FOUNDATION TRUST,C_100,General Surgery Service,"1,159",472,40.70%,22,47.3,58,1,4
Y61,RD8,MILTON KEYNES UNIVERSITY HOSPITAL NHS FOUNDATION TRUST,C_101,Urology Service,"2,404","1,266",52.70%,16.8,47.8,101,2,8
Y61,RD8,MILTON KEYNES UNIVERSITY HOSPITAL NHS FOUNDATION TRUST,C_110,Trauma and Orthopaedic Service,"3,812","1,410",37.00%,23.3,50.9,256,1,15
Y61,RD8,MILTON KEYNES UNIVERSITY HOSPITAL NHS FOUNDATION TRUST,C_120,Ear Nose and Throat Service,"2,883","1,369",47.50%,19.1,46.1,117,-,7
Y61,RD8,MILTON KEYNES UNIVERSITY HOSPITAL NHS FOUNDATION TRUST,C_130,Ophthalmology Service,"3,500","1,335",38.10%,23.9,51.7,266,2,14
Y61,RD8,MILTON KEYNES UNIVERSITY HOSPITAL NHS FOUNDATION TRUST,C_140,Oral Surgery Service,"2,115",690,32.60%,24.1,53.9,198,-,25
Y61,RD8,MILTON KEYNES UNIVERSITY HOSPITAL NHS FOUNDATION TRUST,C_150,Neurosurgical Service,-,-,-,-,-,-,-,-
Y61,RD8,MILTON KEYNES UNIVERSITY HOSPITAL NHS FOUNDATION TRUST,C_160,Plastic Surgery Service,-,-,-,-,-,-,-,-
Y61,RD8,MILTON KEYNES UNIVERSITY HOSPITAL NHS FOUNDATION TRUST,C_170,Cardiothoracic Surgery Service,-,-,-,-,-,-,-,-
Y61,RD8,MILTON KEYNES UNIVERSITY HOSPITAL NHS FOUNDATION TRUST,C_300,General Internal Medicine Service,254,243,95.70%,6.5,13.8,1,-,-
Y61,RD8,MILTON KEYNES UNIVERSITY HOSPITAL NHS FOUNDATION TRUST,C_301,Gastroenterology Service,"1,190",454,38.20%,22,41.4,22,-,-
Y61,RD8,MILTON KEYNES UNIVERSITY HOSPITAL NHS FOUNDATION TRUST,C_320,Cardiology Service,"1,280",670,52.30%,17.3,38.9,18,-,1
Y61,RD8,MILTON KEYNES UNIVERSITY HOSPITAL NHS FOUNDATION TRUST,C_330,Dermatology Service,858,805,93.80%,2.2,15.3,-,-,-
Y61,RD8,MILTON KEYNES UNIVERSITY HOSPITAL NHS FOUNDATION TRUST,C_340,Respiratory Medicine Service,"2,159",957,44.30%,20.7,47.5,66,1,3
Y61,RD8,MILTON KEYNES UNIVERSITY HOSPITAL NHS FOUNDATION TRUST,C_400,Neurology Service,670,359,53.60%,15.4,40.1,16,1,5
Y61,RD8,MILTON KEYNES UNIVERSITY HOSPITAL NHS FOUNDATION TRUST,C_410,Rheumatology Service,977,327,33.50%,24.2,46.4,35,-,-
Y61,RD8,MILTON KEYNES UNIVERSITY HOSPITAL NHS FOUNDATION TRUST,C_430,Elderly Medicine Service,14,8,57.10%,-,-,-,-,-
Y61,RD8,MILTON KEYNES UNIVERSITY HOSPITAL NHS FOUNDATION TRUST,C_502,Gynaecology Service,"4,199","1,141",27.20%,29.5,54.2,464,4,28
Y61,RD8,MILTON KEYNES UNIVERSITY HOSPITAL NHS FOUNDATION TRUST,X02,Other - Medical Services,"3,115","1,910",61.30%,13.5,42,95,-,1
Y61,RD8,MILTON KEYNES UNIVERSITY HOSPITAL NHS FOUNDATION TRUST,X03,Other - Mental Health Services,-,-,-,-,-,-,-,-
Y61,RD8,MILTON KEYNES UNIVERSITY HOSPITAL NHS FOUNDATION TRUST,X04,Other - Paediatric Services,656,290,44.20%,25.1,52.4,55,-,1
Y61,RD8,MILTON KEYNES UNIVERSITY HOSPITAL NHS FOUNDATION TRUST,X05,Other - Surgical Services,"1,910","1,076",56.30%,14.9,46.1,96,5,14
Y61,RD8,MILTON KEYNES UNIVERSITY HOSPITAL NHS FOUNDATION TRUST,X06,Other - Other Services,112,93,83.00%,10.8,21.3,-,-,-
Y61,RDE,EAST SUFFOLK AND NORTH ESSEX NHS FOUNDATION TRUST,C_100,General Surgery Service,"13,222","6,706",50.70%,17.7,48,685,-,2
Y61,RDE,EAST SUFFOLK AND NORTH ESSEX NHS FOUNDATION TRUST,C_101,Urology Service,"7,631","3,690",48.40%,18.9,50.8,514,-,8
Y61,RDE,EAST SUFFOLK AND NORTH ESSEX NHS FOUNDATION TRUST,C_110,Trauma and Orthopaedic Service,"13,348","5,745",43.00%,20.8,49.9,824,-,4
Y61,RDE,EAST SUFFOLK AND NORTH ESSEX NHS FOUNDATION TRUST,C_120,Ear Nose and Throat Service,"10,801","4,832",44.70%,20.3,44.7,232,-,-
Y61,RDE,EAST SUFFOLK AND NORTH ESSEX NHS FOUNDATION TRUST,C_130,Ophthalmology Service,"8,274","5,601",67.70%,11.9,35.9,165,-,3
Y61,RDE,EAST SUFFOLK AND NORTH ESSEX NHS FOUNDATION TRUST,C_140,Oral Surgery Service,"3,277","1,894",57.80%,15,38,55,-,-
Y61,RDE,EAST SUFFOLK AND NORTH ESSEX NHS FOUNDATION TRUST,C_150,Neurosurgical Service,-,-,-,-,-,-,-,-
Y61,RDE,EAST SUFFOLK AND NORTH ESSEX NHS FOUNDATION TRUST,C_160,Plastic Surgery Service,380,152,40.00%,21.8,47.7,14,-,-
Y61,RDE,EAST SUFFOLK AND NORTH ESSEX NHS FOUNDATION TRUST,C_170,Cardiothoracic Surgery Service,-,-,-,-,-,-,-,-
Y61,RDE,EAST SUFFOLK AND NORTH ESSEX NHS FOUNDATION TRUST,C_300,General Internal Medicine Service,369,318,86.20%,9.6,20.5,3,-,-
Y61,RDE,EAST SUFFOLK AND NORTH ESSEX NHS FOUNDATION TRUST,C_301,Gastroenterology Service,"3,848","2,477",64.40%,12.2,39.8,62,-,-
Y61,RDE,EAST SUFFOLK AND NORTH ESSEX NHS FOUNDATION TRUST,C_320,Cardiology Service,"2,937","2,206",75.10%,9.8,30.6,5,-,-
Y61,RDE,EAST SUFFOLK AND NORTH ESSEX NHS FOUNDATION TRUST,C_330,Dermatology Service,"6,643","4,139",62.30%,13.4,33.9,49,-,1
Y61,RDE,EAST SUFFOLK AND NORTH ESSEX NHS FOUNDATION TRUST,C_340,Respiratory Medicine Service,"2,077","1,168",56.20%,15,43.8,14,-,-
Y61,RDE,EAST SUFFOLK AND NORTH ESSEX NHS FOUNDATION TRUST,C_400,Neurology Service,"3,048","1,609",52.80%,16.8,43.8,65,-,-
Y61,RDE,EAST SUFFOLK AND NORTH ESSEX NHS FOUNDATION TRUST,C_410,Rheumatology Service,"1,264","1,160",91.80%,7.3,18.1,-,-,-
Y61,RDE,EAST SUFFOLK AND NORTH ESSEX NHS FOUNDATION TRUST,C_430,Elderly Medicine Service,192,184,95.80%,5.3,11.8,-,-,-
Y61,RDE,EAST SUFFOLK AND NORTH ESSEX NHS FOUNDATION TRUST,C_502,Gynaecology Service,"9,205","4,382",47.60%,19.1,48.5,467,-,6
Y61,RDE,EAST SUFFOLK AND NORTH ESSEX NHS FOUNDATION TRUST,X02,Other - Medical Services,"4,028","2,945",73.10%,9.8,33.9,44,-,-
Y61,RDE,EAST SUFFOLK AND NORTH ESSEX NHS FOUNDATION TRUST,X03,Other - Mental Health Services,3,3,100.00%,-,-,-,-,-
Y61,RDE,EAST SUFFOLK AND NORTH ESSEX NHS FOUNDATION TRUST,X04,Other - Paediatric Services,455,309,67.90%,13.5,31.5,14,-,-
Y61,RDE,EAST SUFFOLK AND NORTH ESSEX NHS FOUNDATION TRUST,X05,Other - Surgical Services,98,93,94.90%,1.9,8.6,1,-,-
Y61,RDE,EAST SUFFOLK AND NORTH ESSEX NHS FOUNDATION TRUST,X06,Other - Other Services,186,153,82.30%,7.4,34.6,6,-,-
Y61,RGM,ROYAL PAPWORTH HOSPITAL NHS FOUNDATION TRUST,C_100,General Surgery Service,-,-,-,-,-,-,-,-
Y61,RGM,ROYAL PAPWORTH HOSPITAL NHS FOUNDATION TRUST,C_101,Urology Service,-,-,-,-,-,-,-,-
Y61,RGM,ROYAL PAPWORTH HOSPITAL NHS FOUNDATION TRUST,C_110,Trauma and Orthopaedic Service,-,-,-,-,-,-,-,-
Y61,RGM,ROYAL PAPWORTH HOSPITAL NHS FOUNDATION TRUST,C_120,Ear Nose and Throat Service,-,-,-,-,-,-,-,-
Y61,RGM,ROYAL PAPWORTH HOSPITAL NHS FOUNDATION TRUST,C_130,Ophthalmology Service,-,-,-,-,-,-,-,-
Y61,RGM,ROYAL PAPWORTH HOSPITAL NHS FOUNDATION TRUST,C_140,Oral Surgery Service,-,-,-,-,-,-,-,-
Y61,RGM,ROYAL PAPWORTH HOSPITAL NHS FOUNDATION TRUST,C_150,Neurosurgical Service,-,-,-,-,-,-,-,-
Y61,RGM,ROYAL PAPWORTH HOSPITAL NHS FOUNDATION TRUST,C_160,Plastic Surgery Service,-,-,-,-,-,-,-,-
Y61,RGM,ROYAL PAPWORTH HOSPITAL NHS FOUNDATION TRUST,C_170,Cardiothoracic Surgery Service,648,429,66.20%,11.9,36.1,12,-,2
Y61,RGM,ROYAL PAPWORTH HOSPITAL NHS FOUNDATION TRUST,C_300,General Internal Medicine Service,-,-,-,-,-,-,-,-
Y61,RGM,ROYAL PAPWORTH HOSPITAL NHS FOUNDATION TRUST,C_301,Gastroenterology Service,-,-,-,-,-,-,-,-
Y61,RGM,ROYAL PAPWORTH HOSPITAL NHS FOUNDATION TRUST,C_320,Cardiology Service,"2,293","1,433",62.50%,13.6,39.6,39,1,6
Y61,RGM,ROYAL PAPWORTH HOSPITAL NHS FOUNDATION TRUST,C_330,Dermatology Service,-,-,-,-,-,-,-,-
Y61,RGM,ROYAL PAPWORTH HOSPITAL NHS FOUNDATION TRUST,C_340,Respiratory Medicine Service,"4,565","2,921",64.00%,13.7,32.8,11,-,2
Y61,RGM,ROYAL PAPWORTH HOSPITAL NHS FOUNDATION TRUST,C_400,Neurology Service,-,-,-,-,-,-,-,-
Y61,RGM,ROYAL PAPWORTH HOSPITAL NHS FOUNDATION TRUST,C_410,Rheumatology Service,-,-,-,-,-,-,-,-
Y61,RGM,ROYAL PAPWORTH HOSPITAL NHS FOUNDATION TRUST,C_430,Elderly Medicine Service,-,-,-,-,-,-,-,-
Y61,RGM,ROYAL PAPWORTH HOSPITAL NHS FOUNDATION TRUST,C_502,Gynaecology Service,-,-,-,-,-,-,-,-
Y61,RGM,ROYAL PAPWORTH HOSPITAL NHS FOUNDATION TRUST,X02,Other - Medical Services,-,-,-,-,-,-,-,-
Y61,RGM,ROYAL PAPWORTH HOSPITAL NHS FOUNDATION TRUST,X03,Other - Mental Health Services,-,-,-,-,-,-,-,-
Y61,RGM,ROYAL PAPWORTH HOSPITAL NHS FOUNDATION TRUST,X04,Other - Paediatric Services,-,-,-,-,-,-,-,-
Y61,RGM,ROYAL PAPWORTH HOSPITAL NHS FOUNDATION TRUST,X05,Other - Surgical Services,-,-,-,-,-,-,-,-
Y61,RGM,ROYAL PAPWORTH HOSPITAL NHS FOUNDATION TRUST,X06,Other - Other Services,-,-,-,-,-,-,-,-
Y61,RGN,NORTH WEST ANGLIA NHS FOUNDATION TRUST,C_100,General Surgery Service,"6,896","3,695",53.60%,16.3,46.5,240,-,1
Y61,RGN,NORTH WEST ANGLIA NHS FOUNDATION TRUST,C_101,Urology Service,"6,891","3,091",44.90%,20.5,51.2,494,-,8
Y61,RGN,NORTH WEST ANGLIA NHS FOUNDATION TRUST,C_110,Trauma and Orthopaedic Service,"5,849","3,539",60.50%,14.4,40.5,127,1,3
Y61,RGN,NORTH WEST ANGLIA NHS FOUNDATION TRUST,C_120,Ear Nose and Throat Service,"8,767","3,755",42.80%,22.1,50.5,492,-,-
Y61,RGN,NORTH WEST ANGLIA NHS FOUNDATION TRUST,C_130,Ophthalmology Service,"8,501","4,083",48.00%,19.1,49.6,497,-,1
Y61,RGN,NORTH WEST ANGLIA NHS FOUNDATION TRUST,C_140,Oral Surgery Service,"2,845","1,259",44.30%,20.9,45.8,68,-,-
Y61,RGN,NORTH WEST ANGLIA NHS FOUNDATION TRUST,C_150,Neurosurgical Service,-,-,-,-,-,-,-,-
Y61,RGN,NORTH WEST ANGLIA NHS FOUNDATION TRUST,C_160,Plastic Surgery Service,"1,351",831,61.50%,14.2,32.7,2,-,-
Y61,RGN,NORTH WEST ANGLIA NHS FOUNDATION TRUST,C_170,Cardiothoracic Surgery Service,-,-,-,-,-,-,-,-
Y61,RGN,NORTH WEST ANGLIA NHS FOUNDATION TRUST,C_300,General Internal Medicine Service,3,3,100.00%,-,-,-,-,-
Y61,RGN,NORTH WEST ANGLIA NHS FOUNDATION TRUST,C_301,Gastroenterology Service,"4,664","2,683",57.50%,14.9,40.3,51,-,-
Y61,RGN,NORTH WEST ANGLIA NHS FOUNDATION TRUST,C_320,Cardiology Service,"6,495","2,608",40.20%,22.7,47.6,266,-,15
Y61,RGN,NORTH WEST ANGLIA NHS FOUNDATION TRUST,C_330,Dermatology Service,"3,298","1,873",56.80%,13.9,40,3,-,-
Y61,RGN,NORTH WEST ANGLIA NHS FOUNDATION TRUST,C_340,Respiratory Medicine Service,"1,567","1,092",69.70%,10.2,31.5,-,-,-
Y61,RGN,NORTH WEST ANGLIA NHS FOUNDATION TRUST,C_400,Neurology Service,"1,279",860,67.20%,12.4,29,5,-,-
Y61,RGN,NORTH WEST ANGLIA NHS FOUNDATION TRUST,C_410,Rheumatology Service,"1,918",978,51.00%,17.5,50.7,116,-,-
Y61,RGN,NORTH WEST ANGLIA NHS FOUNDATION TRUST,C_430,Elderly Medicine Service,295,194,65.80%,9.4,33.7,-,-,-
Y61,RGN,NORTH WEST ANGLIA NHS FOUNDATION TRUST,C_502,Gynaecology Service,"6,984","3,842",55.00%,15.8,46.2,208,-,-
Y61,RGN,NORTH WEST ANGLIA NHS FOUNDATION TRUST,X02,Other - Medical Services,"6,642","4,171",62.80%,12.7,38.5,75,-,2
Y61,RGN,NORTH WEST ANGLIA NHS FOUNDATION TRUST,X03,Other - Mental Health Services,7,7,100.00%,-,-,-,-,-
Y61,RGN,NORTH WEST ANGLIA NHS FOUNDATION TRUST,X04,Other - Paediatric Services,"1,034",652,63.10%,12.8,35.4,-,-,-
Y61,RGN,NORTH WEST ANGLIA NHS FOUNDATION TRUST,X05,Other - Surgical Services,445,431,96.90%,1.5,11.4,-,-,-
Y61,RGN,NORTH WEST ANGLIA NHS FOUNDATION TRUST,X06,Other - Other Services,643,284,44.20%,20.6,42,6,-,-
Y61,RGP,JAMES PAGET UNIVERSITY HOSPITALS NHS FOUNDATION TRUST,C_100,General Surgery Service,"3,887","1,953",50.20%,17.9,45.7,135,2,11
Y61,RGP,JAMES PAGET UNIVERSITY HOSPITALS NHS FOUNDATION TRUST,C_101,Urology Service,"2,591","1,182",45.60%,20.8,52.3,215,-,27
Y61,RGP,JAMES PAGET UNIVERSITY HOSPITALS NHS FOUNDATION TRUST,C_110,Trauma and Orthopaedic Service,"3,179","1,342",42.20%,21.9,56.3,354,-,70
Y61,RGP,JAMES PAGET UNIVERSITY HOSPITALS NHS FOUNDATION TRUST,C_120,Ear Nose and Throat Service,"2,975","1,471",49.40%,18.2,47.7,150,1,20
Y61,RGP,JAMES PAGET UNIVERSITY HOSPITALS NHS FOUNDATION TRUST,C_130,Ophthalmology Service,"3,166","1,893",59.80%,13.6,42.2,59,-,1
Y61,RGP,JAMES PAGET UNIVERSITY HOSPITALS NHS FOUNDATION TRUST,C_140,Oral Surgery Service,935,480,51.30%,17.6,43.1,25,-,-
Y61,RGP,JAMES PAGET UNIVERSITY HOSPITALS NHS FOUNDATION TRUST,C_150,Neurosurgical Service,-,-,-,-,-,-,-,-
Y61,RGP,JAMES PAGET UNIVERSITY HOSPITALS NHS FOUNDATION TRUST,C_160,Plastic Surgery Service,213,66,31.00%,33.9,56,36,3,7
Y61,RGP,JAMES PAGET UNIVERSITY HOSPITALS NHS FOUNDATION TRUST,C_170,Cardiothoracic Surgery Service,-,-,-,-,-,-,-,-
Y61,RGP,JAMES PAGET UNIVERSITY HOSPITALS NHS FOUNDATION TRUST,C_300,General Internal Medicine Service,171,108,63.20%,13.5,30.3,-,-,-
Y61,RGP,JAMES PAGET UNIVERSITY HOSPITALS NHS FOUNDATION TRUST,C_301,Gastroenterology Service,"1,315",818,62.20%,13.1,36.1,14,1,1
Y61,RGP,JAMES PAGET UNIVERSITY HOSPITALS NHS FOUNDATION TRUST,C_320,Cardiology Service,"1,990",932,46.80%,19.7,51.2,137,-,7
Y61,RGP,JAMES PAGET UNIVERSITY HOSPITALS NHS FOUNDATION TRUST,C_330,Dermatology Service,"1,063",997,93.80%,4.9,16.7,1,-,-
Y61,RGP,JAMES PAGET UNIVERSITY HOSPITALS NHS FOUNDATION TRUST,C_340,Respiratory Medicine Service,"1,062",703,66.20%,12.4,33.7,2,-,-
Y61,RGP,JAMES PAGET UNIVERSITY HOSPITALS NHS FOUNDATION TRUST,C_400,Neurology Service,"1,677",811,48.40%,18.7,49.7,94,-,1
Y61,RGP,JAMES PAGET UNIVERSITY HOSPITALS NHS FOUNDATION TRUST,C_410,Rheumatology Service,260,247,95.00%,5.9,16,-,-,-
Y61,RGP,JAMES PAGET UNIVERSITY HOSPITALS NHS FOUNDATION TRUST,C_430,Elderly Medicine Service,68,55,80.90%,11.5,21.6,-,-,-
Y61,RGP,JAMES PAGET UNIVERSITY HOSPITALS NHS FOUNDATION TRUST,C_502,Gynaecology Service,"2,704","1,247",46.10%,20.1,50.2,169,1,17
Y61,RGP,JAMES PAGET UNIVERSITY HOSPITALS NHS FOUNDATION TRUST,X02,Other - Medical Services,585,479,81.90%,9.3,26.7,4,-,-
Y61,RGP,JAMES PAGET UNIVERSITY HOSPITALS NHS FOUNDATION TRUST,X03,Other - Mental Health Services,-,-,-,-,-,-,-,-
Y61,RGP,JAMES PAGET UNIVERSITY HOSPITALS NHS FOUNDATION TRUST,X04,Other - Paediatric Services,"2,391","1,451",60.70%,13.3,45.5,98,3,10
Y61,RGP,JAMES PAGET UNIVERSITY HOSPITALS NHS FOUNDATION TRUST,X05,Other - Surgical Services,"1,724","1,242",72.00%,11.4,33.1,28,-,8
Y61,RGP,JAMES PAGET UNIVERSITY HOSPITALS NHS FOUNDATION TRUST,X06,Other - Other Services,-,-,-,-,-,-,-,-
Y61,RGR,WEST SUFFOLK NHS FOUNDATION TRUST,C_100,General Surgery Service,"2,378","1,238",52.10%,17.1,45,87,-,3
Y61,RGR,WEST SUFFOLK NHS FOUNDATION TRUST,C_101,Urology Service,"2,071","1,326",64.00%,13,37.2,34,2,4
Y61,RGR,WEST SUFFOLK NHS FOUNDATION TRUST,C_110,Trauma and Orthopaedic Service,"4,341","1,991",45.90%,19.9,48.1,214,-,11
Y61,RGR,WEST SUFFOLK NHS FOUNDATION TRUST,C_120,Ear Nose and Throat Service,"3,038","1,706",56.20%,15.3,46.1,119,-,1
Y61,RGR,WEST SUFFOLK NHS FOUNDATION TRUST,C_130,Ophthalmology Service,"2,615","1,482",56.70%,15.1,45.2,97,-,3
Y61,RGR,WEST SUFFOLK NHS FOUNDATION TRUST,C_140,Oral Surgery Service,-,-,-,-,-,-,-,-
Y61,RGR,WEST SUFFOLK NHS FOUNDATION TRUST,C_150,Neurosurgical Service,-,-,-,-,-,-,-,-
Y61,RGR,WEST SUFFOLK NHS FOUNDATION TRUST,C_160,Plastic Surgery Service,"1,192",487,40.90%,22.8,53.8,117,-,8
Y61,RGR,WEST SUFFOLK NHS FOUNDATION TRUST,C_170,Cardiothoracic Surgery Service,-,-,-,-,-,-,-,-
Y61,RGR,WEST SUFFOLK NHS FOUNDATION TRUST,C_300,General Internal Medicine Service,626,448,71.60%,11.3,28.9,1,-,-
Y61,RGR,WEST SUFFOLK NHS FOUNDATION TRUST,C_301,Gastroenterology Service,"1,062",662,62.30%,14.4,32.7,9,-,-
Y61,RGR,WEST SUFFOLK NHS FOUNDATION TRUST,C_320,Cardiology Service,851,762,89.50%,6.7,19.5,-,-,-
Y61,RGR,WEST SUFFOLK NHS FOUNDATION TRUST,C_330,Dermatology Service,"4,070","1,877",46.10%,19.9,46.7,133,1,18
Y61,RGR,WEST SUFFOLK NHS FOUNDATION TRUST,C_340,Respiratory Medicine Service,"1,056",600,56.80%,15.2,42.5,32,-,-
Y61,RGR,WEST SUFFOLK NHS FOUNDATION TRUST,C_400,Neurology Service,"1,069",704,65.90%,13.4,36.1,11,-,1
Y61,RGR,WEST SUFFOLK NHS FOUNDATION TRUST,C_410,Rheumatology Service,255,226,88.60%,3,22.3,-,-,-
Y61,RGR,WEST SUFFOLK NHS FOUNDATION TRUST,C_430,Elderly Medicine Service,10,5,50.00%,-,-,1,-,-
Y61,RGR,WEST SUFFOLK NHS FOUNDATION TRUST,C_502,Gynaecology Service,"2,582","1,527",59.10%,14.2,44.3,106,7,34
Y61,RGR,WEST SUFFOLK NHS FOUNDATION TRUST,X02,Other - Medical Services,"2,454","1,373",55.90%,15.6,44,72,-,3
Y61,RGR,WEST SUFFOLK NHS FOUNDATION TRUST,X03,Other - Mental Health Services,9,1,11.10%,-,-,-,-,-
Y61,RGR,WEST SUFFOLK NHS FOUNDATION TRUST,X04,Other - Paediatric Services,"1,297",772,59.50%,13.7,43.2,27,-,2
Y61,RGR,WEST SUFFOLK NHS FOUNDATION TRUST,X05,Other - Surgical Services,"3,301","2,289",69.30%,11,37,60,-,4
Y61,RGR,WEST SUFFOLK NHS FOUNDATION TRUST,X06,Other - Other Services,145,42,29.00%,28.5,51.2,10,-,-
Y61,RGT,CAMBRIDGE UNIVERSITY HOSPITALS NHS FOUNDATION TRUST,C_100,General Surgery Service,"1,334",706,52.90%,17,46.3,56,-,-
Y61,RGT,CAMBRIDGE UNIVERSITY HOSPITALS NHS FOUNDATION TRUST,C_101,Urology Service,"4,028","1,878",46.60%,19.7,50,216,-,7
Y61,RGT,CAMBRIDGE UNIVERSITY HOSPITALS NHS FOUNDATION TRUST,C_110,Trauma and Orthopaedic Service,"4,324","2,306",53.30%,16.9,41.1,121,-,3
Y61,RGT,CAMBRIDGE UNIVERSITY HOSPITALS NHS FOUNDATION TRUST,C_120,Ear Nose and Throat Service,"5,341","2,373",44.40%,21,47.6,239,-,6
Y61,RGT,CAMBRIDGE UNIVERSITY HOSPITALS NHS FOUNDATION TRUST,C_130,Ophthalmology Service,"5,984","3,205",53.60%,16.5,43.4,129,-,6
Y61,RGT,CAMBRIDGE UNIVERSITY HOSPITALS NHS FOUNDATION TRUST,C_140,Oral Surgery Service,"3,833","1,560",40.70%,24.1,51.6,284,-,3
Y61,RGT,CAMBRIDGE UNIVERSITY HOSPITALS NHS FOUNDATION TRUST,C_150,Neurosurgical Service,"1,573","1,105",70.20%,10.7,34.3,23,-,2
Y61,RGT,CAMBRIDGE UNIVERSITY HOSPITALS NHS FOUNDATION TRUST,C_160,Plastic Surgery Service,"2,149","1,118",52.00%,16.5,48.6,114,-,-
Y61,RGT,CAMBRIDGE UNIVERSITY HOSPITALS NHS FOUNDATION TRUST,C_170,Cardiothoracic Surgery Service,-,-,-,-,-,-,-,-
Y61,RGT,CAMBRIDGE UNIVERSITY HOSPITALS NHS FOUNDATION TRUST,C_300,General Internal Medicine Service,638,250,39.20%,24.2,51.1,39,-,-
Y61,RGT,CAMBRIDGE UNIVERSITY HOSPITALS NHS FOUNDATION TRUST,C_301,Gastroenterology Service,"2,378","1,851",77.80%,7.6,28.3,5,-,-
Y61,RGT,CAMBRIDGE UNIVERSITY HOSPITALS NHS FOUNDATION TRUST,C_320,Cardiology Service,"3,194","1,726",54.00%,16.2,45.7,125,1,3
Y61,RGT,CAMBRIDGE UNIVERSITY HOSPITALS NHS FOUNDATION TRUST,C_330,Dermatology Service,"4,210","2,003",47.60%,19.7,46.9,160,-,10
Y61,RGT,CAMBRIDGE UNIVERSITY HOSPITALS NHS FOUNDATION TRUST,C_340,Respiratory Medicine Service,869,699,80.40%,9,24.1,-,-,-
Y61,RGT,CAMBRIDGE UNIVERSITY HOSPITALS NHS FOUNDATION TRUST,C_400,Neurology Service,"1,390","1,061",76.30%,11.4,26.6,-,-,-
Y61,RGT,CAMBRIDGE UNIVERSITY HOSPITALS NHS FOUNDATION TRUST,C_410,Rheumatology Service,"1,904","1,551",81.50%,8.3,26,2,-,-
Y61,RGT,CAMBRIDGE UNIVERSITY HOSPITALS NHS FOUNDATION TRUST,C_430,Elderly Medicine Service,66,63,95.50%,6,15.9,-,-,-
Y61,RGT,CAMBRIDGE UNIVERSITY HOSPITALS NHS FOUNDATION TRUST,C_502,Gynaecology Service,"3,718","1,868",50.20%,17.9,46.4,115,-,3
Y61,RGT,CAMBRIDGE UNIVERSITY HOSPITALS NHS FOUNDATION TRUST,X02,Other - Medical Services,"8,350","6,581",78.80%,9.3,26.1,11,-,-
Y61,RGT,CAMBRIDGE UNIVERSITY HOSPITALS NHS FOUNDATION TRUST,X03,Other - Mental Health Services,30,13,43.30%,22,50.6,2,-,-
Y61,RGT,CAMBRIDGE UNIVERSITY HOSPITALS NHS FOUNDATION TRUST,X04,Other - Paediatric Services,"4,840","2,861",59.10%,13.9,45.4,156,1,5
Y61,RGT,CAMBRIDGE UNIVERSITY HOSPITALS NHS FOUNDATION TRUST,X05,Other - Surgical Services,"4,025","2,907",72.20%,8.3,38.5,78,-,1
Y61,RGT,CAMBRIDGE UNIVERSITY HOSPITALS NHS FOUNDATION TRUST,X06,Other - Other Services,829,599,72.30%,8.3,41.6,11,-,-
Y61,RM1,NORFOLK AND NORWICH UNIVERSITY HOSPITALS NHS FOUNDATION TRUST,C_100,General Surgery Service,"6,499","3,587",55.20%,15.5,47.6,311,2,12
Y61,RM1,NORFOLK AND NORWICH UNIVERSITY HOSPITALS NHS FOUNDATION TRUST,C_101,Urology Service,"4,652","2,918",62.70%,12.7,44.2,159,1,2
Y61,RM1,NORFOLK AND NORWICH UNIVERSITY HOSPITALS NHS FOUNDATION TRUST,C_110,Trauma and Orthopaedic Service,"11,053","4,548",41.10%,22.7,53.9,"1,108",6,108
Y61,RM1,NORFOLK AND NORWICH UNIVERSITY HOSPITALS NHS FOUNDATION TRUST,C_120,Ear Nose and Throat Service,"8,594","3,704",43.10%,21.2,45.6,306,3,18
Y61,RM1,NORFOLK AND NORWICH UNIVERSITY HOSPITALS NHS FOUNDATION TRUST,C_130,Ophthalmology Service,"4,859","3,105",63.90%,12.2,42.8,129,-,2
Y61,RM1,NORFOLK AND NORWICH UNIVERSITY HOSPITALS NHS FOUNDATION TRUST,C_140,Oral Surgery Service,"1,964","1,258",64.10%,12.5,50.5,138,-,9
Y61,RM1,NORFOLK AND NORWICH UNIVERSITY HOSPITALS NHS FOUNDATION TRUST,C_150,Neurosurgical Service,-,-,-,-,-,-,-,-
Y61,RM1,NORFOLK AND NORWICH UNIVERSITY HOSPITALS NHS FOUNDATION TRUST,C_160,Plastic Surgery Service,"1,517",731,48.20%,18.7,48,78,2,10
Y61,RM1,NORFOLK AND NORWICH UNIVERSITY HOSPITALS NHS FOUNDATION TRUST,C_170,Cardiothoracic Surgery Service,-,-,-,-,-,-,-,-
Y61,RM1,NORFOLK AND NORWICH UNIVERSITY HOSPITALS NHS FOUNDATION TRUST,C_300,General Internal Medicine Service,-,-,-,-,-,-,-,-
Y61,RM1,NORFOLK AND NORWICH UNIVERSITY HOSPITALS NHS FOUNDATION TRUST,C_301,Gastroenterology Service,"5,262","3,585",68.10%,11.5,34.2,34,-,1
Y61,RM1,NORFOLK AND NORWICH UNIVERSITY HOSPITALS NHS FOUNDATION TRUST,C_320,Cardiology Service,"3,987","2,448",61.40%,13.6,37.8,57,-,-
Y61,RM1,NORFOLK AND NORWICH UNIVERSITY HOSPITALS NHS FOUNDATION TRUST,C_330,Dermatology Service,"5,001","2,626",52.50%,17.1,37.1,99,-,2
Y61,RM1,NORFOLK AND NORWICH UNIVERSITY HOSPITALS NHS FOUNDATION TRUST,C_340,Respiratory Medicine Service,"2,167","1,003",46.30%,19.5,50.5,148,-,-
Y61,RM1,NORFOLK AND NORWICH UNIVERSITY HOSPITALS NHS FOUNDATION TRUST,C_400,Neurology Service,"3,626","1,778",49.00%,18.4,40.7,39,-,3
Y61,RM1,NORFOLK AND NORWICH UNIVERSITY HOSPITALS NHS FOUNDATION TRUST,C_410,Rheumatology Service,798,669,83.80%,8.2,25.5,1,-,-
Y61,RM1,NORFOLK AND NORWICH UNIVERSITY HOSPITALS NHS FOUNDATION TRUST,C_430,Elderly Medicine Service,29,29,100.00%,2.1,8.7,-,-,-
Y61,RM1,NORFOLK AND NORWICH UNIVERSITY HOSPITALS NHS FOUNDATION TRUST,C_502,Gynaecology Service,"7,284","3,033",41.60%,23.6,56,858,8,136
Y61,RM1,NORFOLK AND NORWICH UNIVERSITY HOSPITALS NHS FOUNDATION TRUST,X02,Other - Medical Services,"8,404","4,257",50.70%,17.7,48.4,388,1,11
Y61,RM1,NORFOLK AND NORWICH UNIVERSITY HOSPITALS NHS FOUNDATION TRUST,X03,Other - Mental Health Services,2,2,100.00%,-,-,-,-,-
Y61,RM1,NORFOLK AND NORWICH UNIVERSITY HOSPITALS NHS FOUNDATION TRUST,X04,Other - Paediatric Services,"5,031","2,671",53.10%,16.6,46,184,3,13
Y61,RM1,NORFOLK AND NORWICH UNIVERSITY HOSPITALS NHS FOUNDATION TRUST,X05,Other - Surgical Services,"1,207",751,62.20%,12.9,37.6,19,-,2
Y61,RM1,NORFOLK AND NORWICH UNIVERSITY HOSPITALS NHS FOUNDATION TRUST,X06,Other - Other Services,808,621,76.90%,7.1,46.3,29,1,5
Y61,RQW,THE PRINCESS ALEXANDRA HOSPITAL NHS TRUST,C_100,General Surgery Service,"6,149","2,479",40.30%,23,48.1,201,-,-
Y61,RQW,THE PRINCESS ALEXANDRA HOSPITAL NHS TRUST,C_101,Urology Service,"3,541","1,567",44.30%,20.8,48.3,136,-,-
Y61,RQW,THE PRINCESS ALEXANDRA HOSPITAL NHS TRUST,C_110,Trauma and Orthopaedic Service,"7,072","2,533",35.80%,24.9,48.7,388,-,34
Y61,RQW,THE PRINCESS ALEXANDRA HOSPITAL NHS TRUST,C_120,Ear Nose and Throat Service,"6,900","2,719",39.40%,25.6,54.6,679,-,56
Y61,RQW,THE PRINCESS ALEXANDRA HOSPITAL NHS TRUST,C_130,Ophthalmology Service,"3,088","2,169",70.20%,10.8,45.2,150,-,3
Y61,RQW,THE PRINCESS ALEXANDRA HOSPITAL NHS TRUST,C_140,Oral Surgery Service,"2,103","1,086",51.60%,17.3,46.6,84,-,2
Y61,RQW,THE PRINCESS ALEXANDRA HOSPITAL NHS TRUST,C_150,Neurosurgical Service,-,-,-,-,-,-,-,-
Y61,RQW,THE PRINCESS ALEXANDRA HOSPITAL NHS TRUST,C_160,Plastic Surgery Service,-,-,-,-,-,-,-,-
Y61,RQW,THE PRINCESS ALEXANDRA HOSPITAL NHS TRUST,C_170,Cardiothoracic Surgery Service,-,-,-,-,-,-,-,-
Y61,RQW,THE PRINCESS ALEXANDRA HOSPITAL NHS TRUST,C_300,General Internal Medicine Service,10,9,90.00%,-,-,-,-,-
Y61,RQW,THE PRINCESS ALEXANDRA HOSPITAL NHS TRUST,C_301,Gastroenterology Service,"3,501","1,425",40.70%,21.7,44.4,39,-,-
Y61,RQW,THE PRINCESS ALEXANDRA HOSPITAL NHS TRUST,C_320,Cardiology Service,"5,515","2,330",42.20%,21.6,46.3,143,-,-
Y61,RQW,THE PRINCESS ALEXANDRA HOSPITAL NHS TRUST,C_330,Dermatology Service,"1,783",791,44.40%,21.1,45.2,30,-,-
Y61,RQW,THE PRINCESS ALEXANDRA HOSPITAL NHS TRUST,C_340,Respiratory Medicine Service,"1,992",924,46.40%,20,46.8,60,-,-
Y61,RQW,THE PRINCESS ALEXANDRA HOSPITAL NHS TRUST,C_400,Neurology Service,"2,027",881,43.50%,21.6,47,62,-,-
Y61,RQW,THE PRINCESS ALEXANDRA HOSPITAL NHS TRUST,C_410,Rheumatology Service,"1,292",651,50.40%,17.9,41.9,33,-,1
Y61,RQW,THE PRINCESS ALEXANDRA HOSPITAL NHS TRUST,C_430,Elderly Medicine Service,31,21,67.70%,8.5,26.8,-,-,-
Y61,RQW,THE PRINCESS ALEXANDRA HOSPITAL NHS TRUST,C_502,Gynaecology Service,"3,811","1,366",35.80%,25.7,47,108,-,1
Y61,RQW,THE PRINCESS ALEXANDRA HOSPITAL NHS TRUST,X02,Other - Medical Services,"1,569",650,41.40%,21.6,46,51,-,-
Y61,RQW,THE PRINCESS ALEXANDRA HOSPITAL NHS TRUST,X03,Other - Mental Health Services,2,2,100.00%,-,-,-,-,-
Y61,RQW,THE PRINCESS ALEXANDRA HOSPITAL NHS TRUST,X04,Other - Paediatric Services,"1,066",847,79.50%,10.4,29.2,6,-,-
Y61,RQW,THE PRINCESS ALEXANDRA HOSPITAL NHS TRUST,X05,Other - Surgical Services,"1,288",512,39.80%,22.4,47.7,43,-,-
Y61,RQW,THE PRINCESS ALEXANDRA HOSPITAL NHS TRUST,X06,Other - Other Services,"1,683","1,151",68.40%,10.8,42.6,48,-,-
Y61,RT1,CAMBRIDGESHIRE AND PETERBOROUGH NHS FOUNDATION TRUST,C_100,General Surgery Service,-,-,-,-,-,-,-,-
Y61,RT1,CAMBRIDGESHIRE AND PETERBOROUGH NHS FOUNDATION TRUST,C_101,Urology Service,-,-,-,-,-,-,-,-
Y61,RT1,CAMBRIDGESHIRE AND PETERBOROUGH NHS FOUNDATION TRUST,C_110,Trauma and Orthopaedic Service,-,-,-,-,-,-,-,-
Y61,RT1,CAMBRIDGESHIRE AND PETERBOROUGH NHS FOUNDATION TRUST,C_120,Ear Nose and Throat Service,-,-,-,-,-,-,-,-
Y61,RT1,CAMBRIDGESHIRE AND PETERBOROUGH NHS FOUNDATION TRUST,C_130,Ophthalmology Service,-,-,-,-,-,-,-,-
Y61,RT1,CAMBRIDGESHIRE AND PETERBOROUGH NHS FOUNDATION TRUST,C_140,Oral Surgery Service,-,-,-,-,-,-,-,-
Y61,RT1,CAMBRIDGESHIRE AND PETERBOROUGH NHS FOUNDATION TRUST,C_150,Neurosurgical Service,-,-,-,-,-,-,-,-
Y61,RT1,CAMBRIDGESHIRE AND PETERBOROUGH NHS FOUNDATION TRUST,C_160,Plastic Surgery Service,-,-,-,-,-,-,-,-
Y61,RT1,CAMBRIDGESHIRE AND PETERBOROUGH NHS FOUNDATION TRUST,C_170,Cardiothoracic Surgery Service,-,-,-,-,-,-,-,-
Y61,RT1,CAMBRIDGESHIRE AND PETERBOROUGH NHS FOUNDATION TRUST,C_300,General Internal Medicine Service,-,-,-,-,-,-,-,-
Y61,RT1,CAMBRIDGESHIRE AND PETERBOROUGH NHS FOUNDATION TRUST,C_301,Gastroenterology Service,-,-,-,-,-,-,-,-
Y61,RT1,CAMBRIDGESHIRE AND PETERBOROUGH NHS FOUNDATION TRUST,C_320,Cardiology Service,-,-,-,-,-,-,-,-
Y61,RT1,CAMBRIDGESHIRE AND PETERBOROUGH NHS FOUNDATION TRUST,C_330,Dermatology Service,-,-,-,-,-,-,-,-
Y61,RT1,CAMBRIDGESHIRE AND PETERBOROUGH NHS FOUNDATION TRUST,C_340,Respiratory Medicine Service,-,-,-,-,-,-,-,-
Y61,RT1,CAMBRIDGESHIRE AND PETERBOROUGH NHS FOUNDATION TRUST,C_400,Neurology Service,-,-,-,-,-,-,-,-
Y61,RT1,CAMBRIDGESHIRE AND PETERBOROUGH NHS FOUNDATION TRUST,C_410,Rheumatology Service,-,-,-,-,-,-,-,-
Y61,RT1,CAMBRIDGESHIRE AND PETERBOROUGH NHS FOUNDATION TRUST,C_430,Elderly Medicine Service,-,-,-,-,-,-,-,-
Y61,RT1,CAMBRIDGESHIRE AND PETERBOROUGH NHS FOUNDATION TRUST,C_502,Gynaecology Service,-,-,-,-,-,-,-,-
Y61,RT1,CAMBRIDGESHIRE AND PETERBOROUGH NHS FOUNDATION TRUST,X02,Other - Medical Services,-,-,-,-,-,-,-,-
Y61,RT1,CAMBRIDGESHIRE AND PETERBOROUGH NHS FOUNDATION TRUST,X03,Other - Mental Health Services,-,-,-,-,-,-,-,-
Y61,RT1,CAMBRIDGESHIRE AND PETERBOROUGH NHS FOUNDATION TRUST,X04,Other - Paediatric Services,-,-,-,-,-,-,-,-
Y61,RT1,CAMBRIDGESHIRE AND PETERBOROUGH NHS FOUNDATION TRUST,X05,Other - Surgical Services,-,-,-,-,-,-,-,-
Y61,RT1,CAMBRIDGESHIRE AND PETERBOROUGH NHS FOUNDATION TRUST,X06,Other - Other Services,338,122,36.10%,32.1,64.2,68,2,23
Y61,RWG,WEST HERTFORDSHIRE TEACHING HOSPITALS NHS TRUST,C_100,General Surgery Service,"3,334","1,853",55.60%,15.9,47,151,-,-
Y61,RWG,WEST HERTFORDSHIRE TEACHING HOSPITALS NHS TRUST,C_101,Urology Service,"2,356","1,487",63.10%,13.5,43.7,73,-,-
Y61,RWG,WEST HERTFORDSHIRE TEACHING HOSPITALS NHS TRUST,C_110,Trauma and Orthopaedic Service,"3,805","2,124",55.80%,16.2,45.3,118,-,1
Y61,RWG,WEST HERTFORDSHIRE TEACHING HOSPITALS NHS TRUST,C_120,Ear Nose and Throat Service,"3,391","1,433",42.30%,21.8,48.2,162,-,-
Y61,RWG,WEST HERTFORDSHIRE TEACHING HOSPITALS NHS TRUST,C_130,Ophthalmology Service,"1,897","1,266",66.70%,11.7,33.6,26,-,-
Y61,RWG,WEST HERTFORDSHIRE TEACHING HOSPITALS NHS TRUST,C_140,Oral Surgery Service,"2,737","1,565",57.20%,15.5,46,92,-,-
Y61,RWG,WEST HERTFORDSHIRE TEACHING HOSPITALS NHS TRUST,C_150,Neurosurgical Service,2,2,100.00%,-,-,-,-,-
Y61,RWG,WEST HERTFORDSHIRE TEACHING HOSPITALS NHS TRUST,C_160,Plastic Surgery Service,-,-,-,-,-,-,-,-
Y61,RWG,WEST HERTFORDSHIRE TEACHING HOSPITALS NHS TRUST,C_170,Cardiothoracic Surgery Service,-,-,-,-,-,-,-,-
Y61,RWG,WEST HERTFORDSHIRE TEACHING HOSPITALS NHS TRUST,C_300,General Internal Medicine Service,184,183,99.50%,6.4,10.7,-,-,-
Y61,RWG,WEST HERTFORDSHIRE TEACHING HOSPITALS NHS TRUST,C_301,Gastroenterology Service,"4,275","3,321",77.70%,10.4,30.4,9,-,-
Y61,RWG,WEST HERTFORDSHIRE TEACHING HOSPITALS NHS TRUST,C_320,Cardiology Service,"4,142","2,627",63.40%,13.5,37.3,37,-,-
Y61,RWG,WEST HERTFORDSHIRE TEACHING HOSPITALS NHS TRUST,C_330,Dermatology Service,"3,849","2,458",63.90%,13.5,33.2,20,-,-
Y61,RWG,WEST HERTFORDSHIRE TEACHING HOSPITALS NHS TRUST,C_340,Respiratory Medicine Service,"2,990","1,631",54.50%,16.4,41.4,35,-,-
Y61,RWG,WEST HERTFORDSHIRE TEACHING HOSPITALS NHS TRUST,C_400,Neurology Service,"2,411","1,205",50.00%,18,44.5,40,-,-
Y61,RWG,WEST HERTFORDSHIRE TEACHING HOSPITALS NHS TRUST,C_410,Rheumatology Service,598,446,74.60%,10.8,30.3,5,-,-
Y61,RWG,WEST HERTFORDSHIRE TEACHING HOSPITALS NHS TRUST,C_430,Elderly Medicine Service,44,38,86.40%,7.4,20.5,-,-,-
Y61,RWG,WEST HERTFORDSHIRE TEACHING HOSPITALS NHS TRUST,C_502,Gynaecology Service,"2,116","1,409",66.60%,12.3,43.2,41,-,-
Y61,RWG,WEST HERTFORDSHIRE TEACHING HOSPITALS NHS TRUST,X02,Other - Medical Services,"5,291","3,295",62.30%,13.9,42.2,107,-,-
Y61,RWG,WEST HERTFORDSHIRE TEACHING HOSPITALS NHS TRUST,X03,Other - Mental Health Services,3,3,100.00%,-,-,-,-,-
Y61,RWG,WEST HERTFORDSHIRE TEACHING HOSPITALS NHS TRUST,X04,Other - Paediatric Services,988,504,51.00%,17.5,39.4,1,-,-
Y61,RWG,WEST HERTFORDSHIRE TEACHING HOSPITALS NHS TRUST,X05,Other - Surgical Services,"1,095",749,68.40%,10.3,37.7,7,-,-
Y61,RWG,WEST HERTFORDSHIRE TEACHING HOSPITALS NHS TRUST,X06,Other - Other Services,184,177,96.20%,3.9,10.3,-,-,-
Y61,RWH,EAST AND NORTH HERTFORDSHIRE NHS TRUST,C_100,General Surgery Service,"1,868","1,084",58.00%,14.8,38.3,30,-,-
Y61,RWH,EAST AND NORTH HERTFORDSHIRE NHS TRUST,C_101,Urology Service,"4,281","2,484",58.00%,15.1,44.2,129,-,-
Y61,RWH,EAST AND NORTH HERTFORDSHIRE NHS TRUST,C_110,Trauma and Orthopaedic Service,"4,988","2,259",45.30%,20,49,292,-,34
Y61,RWH,EAST AND NORTH HERTFORDSHIRE NHS TRUST,C_120,Ear Nose and Throat Service,"5,903","3,711",62.90%,13.8,34.6,15,-,-
Y61,RWH,EAST AND NORTH HERTFORDSHIRE NHS TRUST,C_130,Ophthalmology Service,"2,866","1,926",67.20%,13,32.8,23,-,-
Y61,RWH,EAST AND NORTH HERTFORDSHIRE NHS TRUST,C_140,Oral Surgery Service,"3,305","1,664",50.30%,17.8,48.4,124,-,-
Y61,RWH,EAST AND NORTH HERTFORDSHIRE NHS TRUST,C_150,Neurosurgical Service,-,-,-,-,-,-,-,-
Y61,RWH,EAST AND NORTH HERTFORDSHIRE NHS TRUST,C_160,Plastic Surgery Service,"1,813","1,273",70.20%,11.1,32.8,13,-,-
Y61,RWH,EAST AND NORTH HERTFORDSHIRE NHS TRUST,C_170,Cardiothoracic Surgery Service,179,152,84.90%,7.1,24.2,-,-,-
Y61,RWH,EAST AND NORTH HERTFORDSHIRE NHS TRUST,C_300,General Internal Medicine Service,274,260,94.90%,2.7,5.7,-,-,-
Y61,RWH,EAST AND NORTH HERTFORDSHIRE NHS TRUST,C_301,Gastroenterology Service,"2,467","1,100",44.60%,20.8,46.4,57,-,-
Y61,RWH,EAST AND NORTH HERTFORDSHIRE NHS TRUST,C_320,Cardiology Service,"4,419","3,609",81.70%,9.7,23.1,-,-,-
Y61,RWH,EAST AND NORTH HERTFORDSHIRE NHS TRUST,C_330,Dermatology Service,"1,342",791,58.90%,14.9,39.6,15,-,-
Y61,RWH,EAST AND NORTH HERTFORDSHIRE NHS TRUST,C_340,Respiratory Medicine Service,"1,443","1,043",72.30%,11.8,28.4,1,-,-
Y61,RWH,EAST AND NORTH HERTFORDSHIRE NHS TRUST,C_400,Neurology Service,561,508,90.60%,5.8,18.5,-,-,-
Y61,RWH,EAST AND NORTH HERTFORDSHIRE NHS TRUST,C_410,Rheumatology Service,"1,116",582,52.20%,17,36.9,9,-,-
Y61,RWH,EAST AND NORTH HERTFORDSHIRE NHS TRUST,C_430,Elderly Medicine Service,105,88,83.80%,8.9,23.8,-,-,-
Y61,RWH,EAST AND NORTH HERTFORDSHIRE NHS TRUST,C_502,Gynaecology Service,"3,934","2,581",65.60%,13.2,33.6,11,-,-
Y61,RWH,EAST AND NORTH HERTFORDSHIRE NHS TRUST,X02,Other - Medical Services,-,-,-,-,-,-,-,-
Y61,RWH,EAST AND NORTH HERTFORDSHIRE NHS TRUST,X03,Other - Mental Health Services,-,-,-,-,-,-,-,-
Y61,RWH,EAST AND NORTH HERTFORDSHIRE NHS TRUST,X04,Other - Paediatric Services,-,-,-,-,-,-,-,-
Y61,RWH,EAST AND NORTH HERTFORDSHIRE NHS TRUST,X05,Other - Surgical Services,-,-,-,-,-,-,-,-
Y61,RWH,EAST AND NORTH HERTFORDSHIRE NHS TRUST,X06,Other - Other Services,"13,821","8,322",60.20%,13.7,40.1,248,-,1
Y62,R0A,MANCHESTER UNIVERSITY NHS FOUNDATION TRUST,C_100,General Surgery Service,"7,185","3,369",46.90%,19.8,50,461,-,-
Y62,R0A,MANCHESTER UNIVERSITY NHS FOUNDATION TRUST,C_101,Urology Service,"8,378","4,021",48.00%,19.1,51.3,605,-,-
Y62,R0A,MANCHESTER UNIVERSITY NHS FOUNDATION TRUST,C_110,Trauma and Orthopaedic Service,"13,824","6,176",44.70%,20.7,49.7,824,-,57
Y62,R0A,MANCHESTER UNIVERSITY NHS FOUNDATION TRUST,C_120,Ear Nose and Throat Service,"13,031","5,835",44.80%,20.5,49.9,766,-,-
Y62,R0A,MANCHESTER UNIVERSITY NHS FOUNDATION TRUST,C_130,Ophthalmology Service,"11,607","6,205",53.50%,16.4,48.6,607,1,38
Y62,R0A,MANCHESTER UNIVERSITY NHS FOUNDATION TRUST,C_140,Oral Surgery Service,"19,343","7,567",39.10%,23.3,50.8,"1,298",-,-
Y62,R0A,MANCHESTER UNIVERSITY NHS FOUNDATION TRUST,C_150,Neurosurgical Service,-,-,-,-,-,-,-,-
Y62,R0A,MANCHESTER UNIVERSITY NHS FOUNDATION TRUST,C_160,Plastic Surgery Service,"4,058","1,656",40.80%,24.2,51.4,286,-,1
Y62,R0A,MANCHESTER UNIVERSITY NHS FOUNDATION TRUST,C_170,Cardiothoracic Surgery Service,954,588,61.60%,14.1,40.3,16,-,-
Y62,R0A,MANCHESTER UNIVERSITY NHS FOUNDATION TRUST,C_300,General Internal Medicine Service,355,271,76.30%,10.8,36.9,6,-,-
Y62,R0A,MANCHESTER UNIVERSITY NHS FOUNDATION TRUST,C_301,Gastroenterology Service,"12,873","7,485",58.10%,14.8,43.9,321,-,1
Y62,R0A,MANCHESTER UNIVERSITY NHS FOUNDATION TRUST,C_320,Cardiology Service,"9,832","5,288",53.80%,16.4,44.8,266,-,1
Y62,R0A,MANCHESTER UNIVERSITY NHS FOUNDATION TRUST,C_330,Dermatology Service,"2,194","1,039",47.40%,19.6,48.5,94,-,-
Y62,R0A,MANCHESTER UNIVERSITY NHS FOUNDATION TRUST,C_340,Respiratory Medicine Service,"3,840","2,873",74.80%,9.7,33.4,1,-,-
Y62,R0A,MANCHESTER UNIVERSITY NHS FOUNDATION TRUST,C_400,Neurology Service,137,122,89.10%,8.4,18.8,-,-,-
Y62,R0A,MANCHESTER UNIVERSITY NHS FOUNDATION TRUST,C_410,Rheumatology Service,"1,583",986,62.30%,12.2,39.5,1,-,-
Y62,R0A,MANCHESTER UNIVERSITY NHS FOUNDATION TRUST,C_430,Elderly Medicine Service,939,613,65.30%,13.2,33,2,-,-
Y62,R0A,MANCHESTER UNIVERSITY NHS FOUNDATION TRUST,C_502,Gynaecology Service,"19,952","8,525",42.70%,21.8,50.1,"1,207",3,52
Y62,R0A,MANCHESTER UNIVERSITY NHS FOUNDATION TRUST,X02,Other - Medical Services,"28,407","15,253",53.70%,16.3,43.4,742,-,1
Y62,R0A,MANCHESTER UNIVERSITY NHS FOUNDATION TRUST,X03,Other - Mental Health Services,35,25,71.40%,14.2,36.2,-,-,-
Y62,R0A,MANCHESTER UNIVERSITY NHS FOUNDATION TRUST,X04,Other - Paediatric Services,"21,208","9,450",44.60%,20.7,48.7,"1,058",-,1
Y62,R0A,MANCHESTER UNIVERSITY NHS FOUNDATION TRUST,X05,Other - Surgical Services,"15,774","9,162",58.10%,14.9,42.6,388,-,1
Y62,R0A,MANCHESTER UNIVERSITY NHS FOUNDATION TRUST,X06,Other - Other Services,"2,905","1,975",68.00%,11.2,36.7,59,-,3
Y62,RBL,WIRRAL UNIVERSITY TEACHING HOSPITAL NHS FOUNDATION TRUST,C_100,General Surgery Service,334,260,77.80%,10.2,31.2,4,-,-
Y62,RBL,WIRRAL UNIVERSITY TEACHING HOSPITAL NHS FOUNDATION TRUST,C_101,Urology Service,"2,160","1,447",67.00%,12.8,33.2,11,-,-
Y62,RBL,WIRRAL UNIVERSITY TEACHING HOSPITAL NHS FOUNDATION TRUST,C_110,Trauma and Orthopaedic Service,"1,931","1,111",57.50%,15.6,42.3,63,2,10
Y62,RBL,WIRRAL UNIVERSITY TEACHING HOSPITAL NHS FOUNDATION TRUST,C_120,Ear Nose and Throat Service,"4,557","2,073",45.50%,20.7,50.5,271,-,6
Y62,RBL,WIRRAL UNIVERSITY TEACHING HOSPITAL NHS FOUNDATION TRUST,C_130,Ophthalmology Service,"3,260","1,689",51.80%,17.2,45.8,114,1,14
Y62,RBL,WIRRAL UNIVERSITY TEACHING HOSPITAL NHS FOUNDATION TRUST,C_140,Oral Surgery Service,"2,395","1,356",56.60%,16.1,45.8,94,-,1
Y62,RBL,WIRRAL UNIVERSITY TEACHING HOSPITAL NHS FOUNDATION TRUST,C_150,Neurosurgical Service,-,-,-,-,-,-,-,-
Y62,RBL,WIRRAL UNIVERSITY TEACHING HOSPITAL NHS FOUNDATION TRUST,C_160,Plastic Surgery Service,-,-,-,-,-,-,-,-
Y62,RBL,WIRRAL UNIVERSITY TEACHING HOSPITAL NHS FOUNDATION TRUST,C_170,Cardiothoracic Surgery Service,-,-,-,-,-,-,-,-
Y62,RBL,WIRRAL UNIVERSITY TEACHING HOSPITAL NHS FOUNDATION TRUST,C_300,General Internal Medicine Service,68,38,55.90%,12.5,29.8,1,-,-
Y62,RBL,WIRRAL UNIVERSITY TEACHING HOSPITAL NHS FOUNDATION TRUST,C_301,Gastroenterology Service,"3,325","1,804",54.30%,16.6,34.1,13,-,-
Y62,RBL,WIRRAL UNIVERSITY TEACHING HOSPITAL NHS FOUNDATION TRUST,C_320,Cardiology Service,"2,383","1,085",45.50%,20,43.4,15,-,-
Y62,RBL,WIRRAL UNIVERSITY TEACHING HOSPITAL NHS FOUNDATION TRUST,C_330,Dermatology Service,"3,815","1,858",48.70%,18.5,41.8,25,-,-
Y62,RBL,WIRRAL UNIVERSITY TEACHING HOSPITAL NHS FOUNDATION TRUST,C_340,Respiratory Medicine Service,"3,826","1,914",50.00%,18,44.3,10,-,1
Y62,RBL,WIRRAL UNIVERSITY TEACHING HOSPITAL NHS FOUNDATION TRUST,C_400,Neurology Service,-,-,-,-,-,-,-,-
Y62,RBL,WIRRAL UNIVERSITY TEACHING HOSPITAL NHS FOUNDATION TRUST,C_410,Rheumatology Service,"1,087",458,42.10%,22.2,46.1,24,-,-
Y62,RBL,WIRRAL UNIVERSITY TEACHING HOSPITAL NHS FOUNDATION TRUST,C_430,Elderly Medicine Service,132,114,86.40%,5,22.5,-,-,-
Y62,RBL,WIRRAL UNIVERSITY TEACHING HOSPITAL NHS FOUNDATION TRUST,C_502,Gynaecology Service,"4,467","2,048",45.80%,19.5,49.7,288,2,52
Y62,RBL,WIRRAL UNIVERSITY TEACHING HOSPITAL NHS FOUNDATION TRUST,X02,Other - Medical Services,"3,367","2,393",71.10%,11.1,32.7,23,1,4
Y62,RBL,WIRRAL UNIVERSITY TEACHING HOSPITAL NHS FOUNDATION TRUST,X03,Other - Mental Health Services,-,-,-,-,-,-,-,-
Y62,RBL,WIRRAL UNIVERSITY TEACHING HOSPITAL NHS FOUNDATION TRUST,X04,Other - Paediatric Services,"2,357","1,315",55.80%,16.1,35.7,5,-,-
Y62,RBL,WIRRAL UNIVERSITY TEACHING HOSPITAL NHS FOUNDATION TRUST,X05,Other - Surgical Services,"4,648","2,650",57.00%,15.5,43.5,138,-,-
Y62,RBL,WIRRAL UNIVERSITY TEACHING HOSPITAL NHS FOUNDATION TRUST,X06,Other - Other Services,"3,250","2,696",83.00%,8,28.3,73,-,-
Y62,RBN,MERSEY AND WEST LANCASHIRE TEACHING HOSPITALS NHS TRUST,C_100,General Surgery Service,"6,641","4,147",62.40%,12.8,42.5,199,-,10
Y62,RBN,MERSEY AND WEST LANCASHIRE TEACHING HOSPITALS NHS TRUST,C_101,Urology Service,"6,419","3,819",59.50%,14,49.4,410,1,53
Y62,RBN,MERSEY AND WEST LANCASHIRE TEACHING HOSPITALS NHS TRUST,C_110,Trauma and Orthopaedic Service,"6,790","4,442",65.40%,11.1,41.7,200,-,4
Y62,RBN,MERSEY AND WEST LANCASHIRE TEACHING HOSPITALS NHS TRUST,C_120,Ear Nose and Throat Service,"7,313","4,118",56.30%,15.1,43.7,175,-,3
Y62,RBN,MERSEY AND WEST LANCASHIRE TEACHING HOSPITALS NHS TRUST,C_130,Ophthalmology Service,"3,761","2,366",62.90%,12.6,38.3,42,2,9
Y62,RBN,MERSEY AND WEST LANCASHIRE TEACHING HOSPITALS NHS TRUST,C_140,Oral Surgery Service,"1,713","1,417",82.70%,9.1,26.5,4,-,-
Y62,RBN,MERSEY AND WEST LANCASHIRE TEACHING HOSPITALS NHS TRUST,C_150,Neurosurgical Service,48,24,50.00%,18,42.2,2,-,-
Y62,RBN,MERSEY AND WEST LANCASHIRE TEACHING HOSPITALS NHS TRUST,C_160,Plastic Surgery Service,"6,920","3,016",43.60%,21.5,52.3,567,-,42
Y62,RBN,MERSEY AND WEST LANCASHIRE TEACHING HOSPITALS NHS TRUST,C_170,Cardiothoracic Surgery Service,-,-,-,-,-,-,-,-
Y62,RBN,MERSEY AND WEST LANCASHIRE TEACHING HOSPITALS NHS TRUST,C_300,General Internal Medicine Service,469,431,91.90%,7.4,18.2,3,-,1
Y62,RBN,MERSEY AND WEST LANCASHIRE TEACHING HOSPITALS NHS TRUST,C_301,Gastroenterology Service,"5,458","4,017",73.60%,9.4,35.5,14,-,-
Y62,RBN,MERSEY AND WEST LANCASHIRE TEACHING HOSPITALS NHS TRUST,C_320,Cardiology Service,"2,857","1,943",68.00%,11.9,30.5,10,-,-
Y62,RBN,MERSEY AND WEST LANCASHIRE TEACHING HOSPITALS NHS TRUST,C_330,Dermatology Service,"7,403","4,023",54.30%,16.1,38.5,110,-,5
Y62,RBN,MERSEY AND WEST LANCASHIRE TEACHING HOSPITALS NHS TRUST,C_340,Respiratory Medicine Service,"1,305",953,73.00%,10.1,33.7,-,-,-
Y62,RBN,MERSEY AND WEST LANCASHIRE TEACHING HOSPITALS NHS TRUST,C_400,Neurology Service,-,-,-,-,-,-,-,-
Y62,RBN,MERSEY AND WEST LANCASHIRE TEACHING HOSPITALS NHS TRUST,C_410,Rheumatology Service,"1,336",809,60.60%,13.7,37.7,10,-,-
Y62,RBN,MERSEY AND WEST LANCASHIRE TEACHING HOSPITALS NHS TRUST,C_430,Elderly Medicine Service,348,288,82.80%,7,24.8,-,-,-
Y62,RBN,MERSEY AND WEST LANCASHIRE TEACHING HOSPITALS NHS TRUST,C_502,Gynaecology Service,"5,824","3,328",57.10%,15.1,42.3,184,-,7
Y62,RBN,MERSEY AND WEST LANCASHIRE TEACHING HOSPITALS NHS TRUST,X02,Other - Medical Services,"7,588","4,570",60.20%,14.3,40.2,164,-,-
Y62,RBN,MERSEY AND WEST LANCASHIRE TEACHING HOSPITALS NHS TRUST,X03,Other - Mental Health Services,-,-,-,-,-,-,-,-
Y62,RBN,MERSEY AND WEST LANCASHIRE TEACHING HOSPITALS NHS TRUST,X04,Other - Paediatric Services,"2,297","1,630",71.00%,10.7,35.8,14,-,-
Y62,RBN,MERSEY AND WEST LANCASHIRE TEACHING HOSPITALS NHS TRUST,X05,Other - Surgical Services,"2,421","1,268",52.40%,17.1,44.9,112,-,9
Y62,RBN,MERSEY AND WEST LANCASHIRE TEACHING HOSPITALS NHS TRUST,X06,Other - Other Services,245,189,77.10%,7.1,36.7,2,-,-
Y62,RBQ,LIVERPOOL HEART AND CHEST HOSPITAL NHS FOUNDATION TRUST,C_100,General Surgery Service,-,-,-,-,-,-,-,-
Y62,RBQ,LIVERPOOL HEART AND CHEST HOSPITAL NHS FOUNDATION TRUST,C_101,Urology Service,-,-,-,-,-,-,-,-
Y62,RBQ,LIVERPOOL HEART AND CHEST HOSPITAL NHS FOUNDATION TRUST,C_110,Trauma and Orthopaedic Service,-,-,-,-,-,-,-,-
Y62,RBQ,LIVERPOOL HEART AND CHEST HOSPITAL NHS FOUNDATION TRUST,C_120,Ear Nose and Throat Service,-,-,-,-,-,-,-,-
Y62,RBQ,LIVERPOOL HEART AND CHEST HOSPITAL NHS FOUNDATION TRUST,C_130,Ophthalmology Service,-,-,-,-,-,-,-,-
Y62,RBQ,LIVERPOOL HEART AND CHEST HOSPITAL NHS FOUNDATION TRUST,C_140,Oral Surgery Service,-,-,-,-,-,-,-,-
Y62,RBQ,LIVERPOOL HEART AND CHEST HOSPITAL NHS FOUNDATION TRUST,C_150,Neurosurgical Service,-,-,-,-,-,-,-,-
Y62,RBQ,LIVERPOOL HEART AND CHEST HOSPITAL NHS FOUNDATION TRUST,C_160,Plastic Surgery Service,-,-,-,-,-,-,-,-
Y62,RBQ,LIVERPOOL HEART AND CHEST HOSPITAL NHS FOUNDATION TRUST,C_170,Cardiothoracic Surgery Service,837,479,57.20%,15.4,44.8,36,-,6
Y62,RBQ,LIVERPOOL HEART AND CHEST HOSPITAL NHS FOUNDATION TRUST,C_300,General Internal Medicine Service,-,-,-,-,-,-,-,-
Y62,RBQ,LIVERPOOL HEART AND CHEST HOSPITAL NHS FOUNDATION TRUST,C_301,Gastroenterology Service,-,-,-,-,-,-,-,-
Y62,RBQ,LIVERPOOL HEART AND CHEST HOSPITAL NHS FOUNDATION TRUST,C_320,Cardiology Service,"3,856","2,712",70.30%,11.6,30.3,2,-,-
Y62,RBQ,LIVERPOOL HEART AND CHEST HOSPITAL NHS FOUNDATION TRUST,C_330,Dermatology Service,-,-,-,-,-,-,-,-
Y62,RBQ,LIVERPOOL HEART AND CHEST HOSPITAL NHS FOUNDATION TRUST,C_340,Respiratory Medicine Service,"1,105",947,85.70%,8.8,21.4,-,-,-
Y62,RBQ,LIVERPOOL HEART AND CHEST HOSPITAL NHS FOUNDATION TRUST,C_400,Neurology Service,-,-,-,-,-,-,-,-
Y62,RBQ,LIVERPOOL HEART AND CHEST HOSPITAL NHS FOUNDATION TRUST,C_410,Rheumatology Service,-,-,-,-,-,-,-,-
Y62,RBQ,LIVERPOOL HEART AND CHEST HOSPITAL NHS FOUNDATION TRUST,C_430,Elderly Medicine Service,-,-,-,-,-,-,-,-
Y62,RBQ,LIVERPOOL HEART AND CHEST HOSPITAL NHS FOUNDATION TRUST,C_502,Gynaecology Service,-,-,-,-,-,-,-,-
Y62,RBQ,LIVERPOOL HEART AND CHEST HOSPITAL NHS FOUNDATION TRUST,X02,Other - Medical Services,-,-,-,-,-,-,-,-
Y62,RBQ,LIVERPOOL HEART AND CHEST HOSPITAL NHS FOUNDATION TRUST,X03,Other - Mental Health Services,-,-,-,-,-,-,-,-
Y62,RBQ,LIVERPOOL HEART AND CHEST HOSPITAL NHS FOUNDATION TRUST,X04,Other - Paediatric Services,-,-,-,-,-,-,-,-
Y62,RBQ,LIVERPOOL HEART AND CHEST HOSPITAL NHS FOUNDATION TRUST,X05,Other - Surgical Services,-,-,-,-,-,-,-,-
Y62,RBQ,LIVERPOOL HEART AND CHEST HOSPITAL NHS FOUNDATION TRUST,X06,Other - Other Services,-,-,-,-,-,-,-,-
Y62,RBS,ALDER HEY CHILDREN'S NHS FOUNDATION TRUST,C_100,General Surgery Service,-,-,-,-,-,-,-,-
Y62,RBS,ALDER HEY CHILDREN'S NHS FOUNDATION TRUST,C_101,Urology Service,-,-,-,-,-,-,-,-
Y62,RBS,ALDER HEY CHILDREN'S NHS FOUNDATION TRUST,C_110,Trauma and Orthopaedic Service,-,-,-,-,-,-,-,-
Y62,RBS,ALDER HEY CHILDREN'S NHS FOUNDATION TRUST,C_120,Ear Nose and Throat Service,-,-,-,-,-,-,-,-
Y62,RBS,ALDER HEY CHILDREN'S NHS FOUNDATION TRUST,C_130,Ophthalmology Service,-,-,-,-,-,-,-,-
Y62,RBS,ALDER HEY CHILDREN'S NHS FOUNDATION TRUST,C_140,Oral Surgery Service,-,-,-,-,-,-,-,-
Y62,RBS,ALDER HEY CHILDREN'S NHS FOUNDATION TRUST,C_150,Neurosurgical Service,-,-,-,-,-,-,-,-
Y62,RBS,ALDER HEY CHILDREN'S NHS FOUNDATION TRUST,C_160,Plastic Surgery Service,-,-,-,-,-,-,-,-
Y62,RBS,ALDER HEY CHILDREN'S NHS FOUNDATION TRUST,C_170,Cardiothoracic Surgery Service,-,-,-,-,-,-,-,-
Y62,RBS,ALDER HEY CHILDREN'S NHS FOUNDATION TRUST,C_300,General Internal Medicine Service,-,-,-,-,-,-,-,-
Y62,RBS,ALDER HEY CHILDREN'S NHS FOUNDATION TRUST,C_301,Gastroenterology Service,-,-,-,-,-,-,-,-
Y62,RBS,ALDER HEY CHILDREN'S NHS FOUNDATION TRUST,C_320,Cardiology Service,-,-,-,-,-,-,-,-
Y62,RBS,ALDER HEY CHILDREN'S NHS FOUNDATION TRUST,C_330,Dermatology Service,-,-,-,-,-,-,-,-
Y62,RBS,ALDER HEY CHILDREN'S NHS FOUNDATION TRUST,C_340,Respiratory Medicine Service,-,-,-,-,-,-,-,-
Y62,RBS,ALDER HEY CHILDREN'S NHS FOUNDATION TRUST,C_400,Neurology Service,-,-,-,-,-,-,-,-
Y62,RBS,ALDER HEY CHILDREN'S NHS FOUNDATION TRUST,C_410,Rheumatology Service,-,-,-,-,-,-,-,-
Y62,RBS,ALDER HEY CHILDREN'S NHS FOUNDATION TRUST,C_430,Elderly Medicine Service,-,-,-,-,-,-,-,-
Y62,RBS,ALDER HEY CHILDREN'S NHS FOUNDATION TRUST,C_502,Gynaecology Service,-,-,-,-,-,-,-,-
Y62,RBS,ALDER HEY CHILDREN'S NHS FOUNDATION TRUST,X02,Other - Medical Services,-,-,-,-,-,-,-,-
Y62,RBS,ALDER HEY CHILDREN'S NHS FOUNDATION TRUST,X03,Other - Mental Health Services,-,-,-,-,-,-,-,-
Y62,RBS,ALDER HEY CHILDREN'S NHS FOUNDATION TRUST,X04,Other - Paediatric Services,"21,619","12,689",58.70%,14.9,40.3,286,-,8
Y62,RBS,ALDER HEY CHILDREN'S NHS FOUNDATION TRUST,X05,Other - Surgical Services,-,-,-,-,-,-,-,-
Y62,RBS,ALDER HEY CHILDREN'S NHS FOUNDATION TRUST,X06,Other - Other Services,-,-,-,-,-,-,-,-
Y62,RBT,MID CHESHIRE HOSPITALS NHS FOUNDATION TRUST,C_100,General Surgery Service,"1,437",722,50.20%,17.9,48.6,81,-,-
Y62,RBT,MID CHESHIRE HOSPITALS NHS FOUNDATION TRUST,C_101,Urology Service,"1,971","1,583",80.30%,9.3,29.6,7,-,-
Y62,RBT,MID CHESHIRE HOSPITALS NHS FOUNDATION TRUST,C_110,Trauma and Orthopaedic Service,"4,708","1,775",37.70%,24.2,56.6,569,7,153
Y62,RBT,MID CHESHIRE HOSPITALS NHS FOUNDATION TRUST,C_120,Ear Nose and Throat Service,"5,654","2,342",41.40%,23,49.4,255,-,2
Y62,RBT,MID CHESHIRE HOSPITALS NHS FOUNDATION TRUST,C_130,Ophthalmology Service,"3,398","2,267",66.70%,11.5,36.6,35,2,4
Y62,RBT,MID CHESHIRE HOSPITALS NHS FOUNDATION TRUST,C_140,Oral Surgery Service,-,-,-,-,-,-,-,-
Y62,RBT,MID CHESHIRE HOSPITALS NHS FOUNDATION TRUST,C_150,Neurosurgical Service,-,-,-,-,-,-,-,-
Y62,RBT,MID CHESHIRE HOSPITALS NHS FOUNDATION TRUST,C_160,Plastic Surgery Service,-,-,-,-,-,-,-,-
Y62,RBT,MID CHESHIRE HOSPITALS NHS FOUNDATION TRUST,C_170,Cardiothoracic Surgery Service,-,-,-,-,-,-,-,-
Y62,RBT,MID CHESHIRE HOSPITALS NHS FOUNDATION TRUST,C_300,General Internal Medicine Service,119,64,53.80%,16.5,28.7,1,-,-
Y62,RBT,MID CHESHIRE HOSPITALS NHS FOUNDATION TRUST,C_301,Gastroenterology Service,945,787,83.30%,9.6,25.8,4,-,1
Y62,RBT,MID CHESHIRE HOSPITALS NHS FOUNDATION TRUST,C_320,Cardiology Service,"3,482","1,544",44.30%,20.2,55,345,3,88
Y62,RBT,MID CHESHIRE HOSPITALS NHS FOUNDATION TRUST,C_330,Dermatology Service,"6,154","2,897",47.10%,19.6,47.5,233,-,6
Y62,RBT,MID CHESHIRE HOSPITALS NHS FOUNDATION TRUST,C_340,Respiratory Medicine Service,830,385,46.40%,19.9,48.1,31,-,1
Y62,RBT,MID CHESHIRE HOSPITALS NHS FOUNDATION TRUST,C_400,Neurology Service,-,-,-,-,-,-,-,-
Y62,RBT,MID CHESHIRE HOSPITALS NHS FOUNDATION TRUST,C_410,Rheumatology Service,"1,339",468,35.00%,25.6,56,165,-,23
Y62,RBT,MID CHESHIRE HOSPITALS NHS FOUNDATION TRUST,C_430,Elderly Medicine Service,20,18,90.00%,6.7,18.4,-,-,-
Y62,RBT,MID CHESHIRE HOSPITALS NHS FOUNDATION TRUST,C_502,Gynaecology Service,"2,009","1,159",57.70%,15.5,41.2,53,-,-
Y62,RBT,MID CHESHIRE HOSPITALS NHS FOUNDATION TRUST,X02,Other - Medical Services,"1,433","1,120",78.20%,8.4,28.2,2,-,-
Y62,RBT,MID CHESHIRE HOSPITALS NHS FOUNDATION TRUST,X03,Other - Mental Health Services,-,-,-,-,-,-,-,-
Y62,RBT,MID CHESHIRE HOSPITALS NHS FOUNDATION TRUST,X04,Other - Paediatric Services,-,-,-,-,-,-,-,-
Y62,RBT,MID CHESHIRE HOSPITALS NHS FOUNDATION TRUST,X05,Other - Surgical Services,"3,511","2,205",62.80%,11.9,41.7,93,-,7
Y62,RBT,MID CHESHIRE HOSPITALS NHS FOUNDATION TRUST,X06,Other - Other Services,686,604,88.00%,3.1,26,-,-,-
Y62,RBV,THE CHRISTIE NHS FOUNDATION TRUST,C_100,General Surgery Service,-,-,-,-,-,-,-,-
Y62,RBV,THE CHRISTIE NHS FOUNDATION TRUST,C_101,Urology Service,165,141,85.50%,7,21.4,-,-,-
Y62,RBV,THE CHRISTIE NHS FOUNDATION TRUST,C_110,Trauma and Orthopaedic Service,-,-,-,-,-,-,-,-
Y62,RBV,THE CHRISTIE NHS FOUNDATION TRUST,C_120,Ear Nose and Throat Service,-,-,-,-,-,-,-,-
Y62,RBV,THE CHRISTIE NHS FOUNDATION TRUST,C_130,Ophthalmology Service,-,-,-,-,-,-,-,-
Y62,RBV,THE CHRISTIE NHS FOUNDATION TRUST,C_140,Oral Surgery Service,-,-,-,-,-,-,-,-
Y62,RBV,THE CHRISTIE NHS FOUNDATION TRUST,C_150,Neurosurgical Service,-,-,-,-,-,-,-,-
Y62,RBV,THE CHRISTIE NHS FOUNDATION TRUST,C_160,Plastic Surgery Service,242,232,95.90%,4.5,14.3,-,-,-
Y62,RBV,THE CHRISTIE NHS FOUNDATION TRUST,C_170,Cardiothoracic Surgery Service,-,-,-,-,-,-,-,-
Y62,RBV,THE CHRISTIE NHS FOUNDATION TRUST,C_300,General Internal Medicine Service,-,-,-,-,-,-,-,-
Y62,RBV,THE CHRISTIE NHS FOUNDATION TRUST,C_301,Gastroenterology Service,-,-,-,-,-,-,-,-
Y62,RBV,THE CHRISTIE NHS FOUNDATION TRUST,C_320,Cardiology Service,-,-,-,-,-,-,-,-
Y62,RBV,THE CHRISTIE NHS FOUNDATION TRUST,C_330,Dermatology Service,-,-,-,-,-,-,-,-
Y62,RBV,THE CHRISTIE NHS FOUNDATION TRUST,C_340,Respiratory Medicine Service,-,-,-,-,-,-,-,-
Y62,RBV,THE CHRISTIE NHS FOUNDATION TRUST,C_400,Neurology Service,-,-,-,-,-,-,-,-
Y62,RBV,THE CHRISTIE NHS FOUNDATION TRUST,C_410,Rheumatology Service,-,-,-,-,-,-,-,-
Y62,RBV,THE CHRISTIE NHS FOUNDATION TRUST,C_430,Elderly Medicine Service,-,-,-,-,-,-,-,-
Y62,RBV,THE CHRISTIE NHS FOUNDATION TRUST,C_502,Gynaecology Service,55,55,100.00%,5.9,13.6,-,-,-
Y62,RBV,THE CHRISTIE NHS FOUNDATION TRUST,X02,Other - Medical Services,"2,252","2,209",98.10%,3.9,12.5,-,-,-
Y62,RBV,THE CHRISTIE NHS FOUNDATION TRUST,X03,Other - Mental Health Services,-,-,-,-,-,-,-,-
Y62,RBV,THE CHRISTIE NHS FOUNDATION TRUST,X04,Other - Paediatric Services,-,-,-,-,-,-,-,-
Y62,RBV,THE CHRISTIE NHS FOUNDATION TRUST,X05,Other - Surgical Services,154,146,94.80%,6.4,16.8,-,-,-
Y62,RBV,THE CHRISTIE NHS FOUNDATION TRUST,X06,Other - Other Services,-,-,-,-,-,-,-,-
Y62,REM,LIVERPOOL UNIVERSITY HOSPITALS NHS FOUNDATION TRUST,C_100,General Surgery Service,"2,708",866,32.00%,25.2,48.3,98,-,-
Y62,REM,LIVERPOOL UNIVERSITY HOSPITALS NHS FOUNDATION TRUST,C_101,Urology Service,"3,902","2,217",56.80%,15.2,40.8,32,-,-
Y62,REM,LIVERPOOL UNIVERSITY HOSPITALS NHS FOUNDATION TRUST,C_110,Trauma and Orthopaedic Service,"5,233","2,689",51.40%,17.3,47.4,220,-,5
Y62,REM,LIVERPOOL UNIVERSITY HOSPITALS NHS FOUNDATION TRUST,C_120,Ear Nose and Throat Service,"7,228","2,576",35.60%,26.7,55.4,888,3,200
Y62,REM,LIVERPOOL UNIVERSITY HOSPITALS NHS FOUNDATION TRUST,C_130,Ophthalmology Service,"8,025","4,642",57.80%,14.7,40.7,70,-,-
Y62,REM,LIVERPOOL UNIVERSITY HOSPITALS NHS FOUNDATION TRUST,C_140,Oral Surgery Service,"6,204","2,765",44.60%,21.8,52.7,544,2,101
Y62,REM,LIVERPOOL UNIVERSITY HOSPITALS NHS FOUNDATION TRUST,C_150,Neurosurgical Service,-,-,-,-,-,-,-,-
Y62,REM,LIVERPOOL UNIVERSITY HOSPITALS NHS FOUNDATION TRUST,C_160,Plastic Surgery Service,276,55,19.90%,26,40.8,3,-,-
Y62,REM,LIVERPOOL UNIVERSITY HOSPITALS NHS FOUNDATION TRUST,C_170,Cardiothoracic Surgery Service,-,-,-,-,-,-,-,-
Y62,REM,LIVERPOOL UNIVERSITY HOSPITALS NHS FOUNDATION TRUST,C_300,General Internal Medicine Service,395,296,74.90%,9.7,24.6,-,-,-
Y62,REM,LIVERPOOL UNIVERSITY HOSPITALS NHS FOUNDATION TRUST,C_301,Gastroenterology Service,"6,947","3,922",56.50%,15.5,45,243,-,5
Y62,REM,LIVERPOOL UNIVERSITY HOSPITALS NHS FOUNDATION TRUST,C_320,Cardiology Service,"2,696","1,941",72.00%,11.3,32.4,1,-,-
Y62,REM,LIVERPOOL UNIVERSITY HOSPITALS NHS FOUNDATION TRUST,C_330,Dermatology Service,"3,660","1,851",50.60%,17.6,42,20,-,-
Y62,REM,LIVERPOOL UNIVERSITY HOSPITALS NHS FOUNDATION TRUST,C_340,Respiratory Medicine Service,"1,457","1,124",77.10%,9.8,26.2,-,-,-
Y62,REM,LIVERPOOL UNIVERSITY HOSPITALS NHS FOUNDATION TRUST,C_400,Neurology Service,-,-,-,-,-,-,-,-
Y62,REM,LIVERPOOL UNIVERSITY HOSPITALS NHS FOUNDATION TRUST,C_410,Rheumatology Service,586,469,80.00%,9.2,24.4,-,-,-
Y62,REM,LIVERPOOL UNIVERSITY HOSPITALS NHS FOUNDATION TRUST,C_430,Elderly Medicine Service,692,646,93.40%,7.5,16.8,-,-,-
Y62,REM,LIVERPOOL UNIVERSITY HOSPITALS NHS FOUNDATION TRUST,C_502,Gynaecology Service,-,-,-,-,-,-,-,-
Y62,REM,LIVERPOOL UNIVERSITY HOSPITALS NHS FOUNDATION TRUST,X02,Other - Medical Services,"6,117","3,610",59.00%,15.1,37.5,87,-,-
Y62,REM,LIVERPOOL UNIVERSITY HOSPITALS NHS FOUNDATION TRUST,X03,Other - Mental Health Services,-,-,-,-,-,-,-,-
Y62,REM,LIVERPOOL UNIVERSITY HOSPITALS NHS FOUNDATION TRUST,X04,Other - Paediatric Services,"1,000",454,45.40%,20.4,46.3,11,-,-
Y62,REM,LIVERPOOL UNIVERSITY HOSPITALS NHS FOUNDATION TRUST,X05,Other - Surgical Services,"11,072","6,088",55.00%,15.7,42.3,115,-,1
Y62,REM,LIVERPOOL UNIVERSITY HOSPITALS NHS FOUNDATION TRUST,X06,Other - Other Services,"2,431","1,687",69.40%,12.1,33.6,16,-,-
Y62,REN,THE CLATTERBRIDGE CANCER CENTRE NHS FOUNDATION TRUST,C_100,General Surgery Service,-,-,-,-,-,-,-,-
Y62,REN,THE CLATTERBRIDGE CANCER CENTRE NHS FOUNDATION TRUST,C_101,Urology Service,-,-,-,-,-,-,-,-
Y62,REN,THE CLATTERBRIDGE CANCER CENTRE NHS FOUNDATION TRUST,C_110,Trauma and Orthopaedic Service,-,-,-,-,-,-,-,-
Y62,REN,THE CLATTERBRIDGE CANCER CENTRE NHS FOUNDATION TRUST,C_120,Ear Nose and Throat Service,-,-,-,-,-,-,-,-
Y62,REN,THE CLATTERBRIDGE CANCER CENTRE NHS FOUNDATION TRUST,C_130,Ophthalmology Service,-,-,-,-,-,-,-,-
Y62,REN,THE CLATTERBRIDGE CANCER CENTRE NHS FOUNDATION TRUST,C_140,Oral Surgery Service,-,-,-,-,-,-,-,-
Y62,REN,THE CLATTERBRIDGE CANCER CENTRE NHS FOUNDATION TRUST,C_150,Neurosurgical Service,-,-,-,-,-,-,-,-
Y62,REN,THE CLATTERBRIDGE CANCER CENTRE NHS FOUNDATION TRUST,C_160,Plastic Surgery Service,-,-,-,-,-,-,-,-
Y62,REN,THE CLATTERBRIDGE CANCER CENTRE NHS FOUNDATION TRUST,C_170,Cardiothoracic Surgery Service,-,-,-,-,-,-,-,-
Y62,REN,THE CLATTERBRIDGE CANCER CENTRE NHS FOUNDATION TRUST,C_300,General Internal Medicine Service,-,-,-,-,-,-,-,-
Y62,REN,THE CLATTERBRIDGE CANCER CENTRE NHS FOUNDATION TRUST,C_301,Gastroenterology Service,-,-,-,-,-,-,-,-
Y62,REN,THE CLATTERBRIDGE CANCER CENTRE NHS FOUNDATION TRUST,C_320,Cardiology Service,-,-,-,-,-,-,-,-
Y62,REN,THE CLATTERBRIDGE CANCER CENTRE NHS FOUNDATION TRUST,C_330,Dermatology Service,-,-,-,-,-,-,-,-
Y62,REN,THE CLATTERBRIDGE CANCER CENTRE NHS FOUNDATION TRUST,C_340,Respiratory Medicine Service,-,-,-,-,-,-,-,-
Y62,REN,THE CLATTERBRIDGE CANCER CENTRE NHS FOUNDATION TRUST,C_400,Neurology Service,-,-,-,-,-,-,-,-
Y62,REN,THE CLATTERBRIDGE CANCER CENTRE NHS FOUNDATION TRUST,C_410,Rheumatology Service,-,-,-,-,-,-,-,-
Y62,REN,THE CLATTERBRIDGE CANCER CENTRE NHS FOUNDATION TRUST,C_430,Elderly Medicine Service,-,-,-,-,-,-,-,-
Y62,REN,THE CLATTERBRIDGE CANCER CENTRE NHS FOUNDATION TRUST,C_502,Gynaecology Service,-,-,-,-,-,-,-,-
Y62,REN,THE CLATTERBRIDGE CANCER CENTRE NHS FOUNDATION TRUST,X02,Other - Medical Services,401,390,97.30%,6.5,15.5,-,-,-
Y62,REN,THE CLATTERBRIDGE CANCER CENTRE NHS FOUNDATION TRUST,X03,Other - Mental Health Services,-,-,-,-,-,-,-,-
Y62,REN,THE CLATTERBRIDGE CANCER CENTRE NHS FOUNDATION TRUST,X04,Other - Paediatric Services,-,-,-,-,-,-,-,-
Y62,REN,THE CLATTERBRIDGE CANCER CENTRE NHS FOUNDATION TRUST,X05,Other - Surgical Services,-,-,-,-,-,-,-,-
Y62,REN,THE CLATTERBRIDGE CANCER CENTRE NHS FOUNDATION TRUST,X06,Other - Other Services,370,357,96.50%,5.5,13.7,-,-,-
Y62,REP,LIVERPOOL WOMEN'S NHS FOUNDATION TRUST,C_100,General Surgery Service,-,-,-,-,-,-,-,-
Y62,REP,LIVERPOOL WOMEN'S NHS FOUNDATION TRUST,C_101,Urology Service,-,-,-,-,-,-,-,-
Y62,REP,LIVERPOOL WOMEN'S NHS FOUNDATION TRUST,C_110,Trauma and Orthopaedic Service,-,-,-,-,-,-,-,-
Y62,REP,LIVERPOOL WOMEN'S NHS FOUNDATION TRUST,C_120,Ear Nose and Throat Service,-,-,-,-,-,-,-,-
Y62,REP,LIVERPOOL WOMEN'S NHS FOUNDATION TRUST,C_130,Ophthalmology Service,-,-,-,-,-,-,-,-
Y62,REP,LIVERPOOL WOMEN'S NHS FOUNDATION TRUST,C_140,Oral Surgery Service,-,-,-,-,-,-,-,-
Y62,REP,LIVERPOOL WOMEN'S NHS FOUNDATION TRUST,C_150,Neurosurgical Service,-,-,-,-,-,-,-,-
Y62,REP,LIVERPOOL WOMEN'S NHS FOUNDATION TRUST,C_160,Plastic Surgery Service,-,-,-,-,-,-,-,-
Y62,REP,LIVERPOOL WOMEN'S NHS FOUNDATION TRUST,C_170,Cardiothoracic Surgery Service,-,-,-,-,-,-,-,-
Y62,REP,LIVERPOOL WOMEN'S NHS FOUNDATION TRUST,C_300,General Internal Medicine Service,-,-,-,-,-,-,-,-
Y62,REP,LIVERPOOL WOMEN'S NHS FOUNDATION TRUST,C_301,Gastroenterology Service,-,-,-,-,-,-,-,-
Y62,REP,LIVERPOOL WOMEN'S NHS FOUNDATION TRUST,C_320,Cardiology Service,-,-,-,-,-,-,-,-
Y62,REP,LIVERPOOL WOMEN'S NHS FOUNDATION TRUST,C_330,Dermatology Service,-,-,-,-,-,-,-,-
Y62,REP,LIVERPOOL WOMEN'S NHS FOUNDATION TRUST,C_340,Respiratory Medicine Service,-,-,-,-,-,-,-,-
Y62,REP,LIVERPOOL WOMEN'S NHS FOUNDATION TRUST,C_400,Neurology Service,-,-,-,-,-,-,-,-
Y62,REP,LIVERPOOL WOMEN'S NHS FOUNDATION TRUST,C_410,Rheumatology Service,-,-,-,-,-,-,-,-
Y62,REP,LIVERPOOL WOMEN'S NHS FOUNDATION TRUST,C_430,Elderly Medicine Service,-,-,-,-,-,-,-,-
Y62,REP,LIVERPOOL WOMEN'S NHS FOUNDATION TRUST,C_502,Gynaecology Service,"15,405","7,517",48.80%,18.5,45.4,462,-,-
Y62,REP,LIVERPOOL WOMEN'S NHS FOUNDATION TRUST,X02,Other - Medical Services,-,-,-,-,-,-,-,-
Y62,REP,LIVERPOOL WOMEN'S NHS FOUNDATION TRUST,X03,Other - Mental Health Services,-,-,-,-,-,-,-,-
Y62,REP,LIVERPOOL WOMEN'S NHS FOUNDATION TRUST,X04,Other - Paediatric Services,-,-,-,-,-,-,-,-
Y62,REP,LIVERPOOL WOMEN'S NHS FOUNDATION TRUST,X05,Other - Surgical Services,-,-,-,-,-,-,-,-
Y62,REP,LIVERPOOL WOMEN'S NHS FOUNDATION TRUST,X06,Other - Other Services,"1,271",934,73.50%,10.5,26,1,-,-
Y62,RET,THE WALTON CENTRE NHS FOUNDATION TRUST,C_100,General Surgery Service,-,-,-,-,-,-,-,-
Y62,RET,THE WALTON CENTRE NHS FOUNDATION TRUST,C_101,Urology Service,-,-,-,-,-,-,-,-
Y62,RET,THE WALTON CENTRE NHS FOUNDATION TRUST,C_110,Trauma and Orthopaedic Service,-,-,-,-,-,-,-,-
Y62,RET,THE WALTON CENTRE NHS FOUNDATION TRUST,C_120,Ear Nose and Throat Service,-,-,-,-,-,-,-,-
Y62,RET,THE WALTON CENTRE NHS FOUNDATION TRUST,C_130,Ophthalmology Service,9,8,88.90%,-,-,-,-,-
Y62,RET,THE WALTON CENTRE NHS FOUNDATION TRUST,C_140,Oral Surgery Service,-,-,-,-,-,-,-,-
Y62,RET,THE WALTON CENTRE NHS FOUNDATION TRUST,C_150,Neurosurgical Service,"4,402","3,035",68.90%,11.6,37.1,31,-,-
Y62,RET,THE WALTON CENTRE NHS FOUNDATION TRUST,C_160,Plastic Surgery Service,-,-,-,-,-,-,-,-
Y62,RET,THE WALTON CENTRE NHS FOUNDATION TRUST,C_170,Cardiothoracic Surgery Service,-,-,-,-,-,-,-,-
Y62,RET,THE WALTON CENTRE NHS FOUNDATION TRUST,C_300,General Internal Medicine Service,-,-,-,-,-,-,-,-
Y62,RET,THE WALTON CENTRE NHS FOUNDATION TRUST,C_301,Gastroenterology Service,-,-,-,-,-,-,-,-
Y62,RET,THE WALTON CENTRE NHS FOUNDATION TRUST,C_320,Cardiology Service,-,-,-,-,-,-,-,-
Y62,RET,THE WALTON CENTRE NHS FOUNDATION TRUST,C_330,Dermatology Service,-,-,-,-,-,-,-,-
Y62,RET,THE WALTON CENTRE NHS FOUNDATION TRUST,C_340,Respiratory Medicine Service,-,-,-,-,-,-,-,-
Y62,RET,THE WALTON CENTRE NHS FOUNDATION TRUST,C_400,Neurology Service,"7,825","3,826",48.90%,18.6,41.4,24,-,-
Y62,RET,THE WALTON CENTRE NHS FOUNDATION TRUST,C_410,Rheumatology Service,-,-,-,-,-,-,-,-
Y62,RET,THE WALTON CENTRE NHS FOUNDATION TRUST,C_430,Elderly Medicine Service,-,-,-,-,-,-,-,-
Y62,RET,THE WALTON CENTRE NHS FOUNDATION TRUST,C_502,Gynaecology Service,-,-,-,-,-,-,-,-
Y62,RET,THE WALTON CENTRE NHS FOUNDATION TRUST,X02,Other - Medical Services,"2,721","1,924",70.70%,10.7,35.3,21,-,-
Y62,RET,THE WALTON CENTRE NHS FOUNDATION TRUST,X03,Other - Mental Health Services,1,1,100.00%,-,-,-,-,-
Y62,RET,THE WALTON CENTRE NHS FOUNDATION TRUST,X04,Other - Paediatric Services,-,-,-,-,-,-,-,-
Y62,RET,THE WALTON CENTRE NHS FOUNDATION TRUST,X05,Other - Surgical Services,606,295,48.70%,18.5,44.5,18,-,1
Y62,RET,THE WALTON CENTRE NHS FOUNDATION TRUST,X06,Other - Other Services,-,-,-,-,-,-,-,-
Y62,RJN,EAST CHESHIRE NHS TRUST,C_100,General Surgery Service,"1,284",718,55.90%,15.7,44.4,49,-,1
Y62,RJN,EAST CHESHIRE NHS TRUST,C_101,Urology Service,"1,017",577,56.70%,15.8,42.6,13,-,-
Y62,RJN,EAST CHESHIRE NHS TRUST,C_110,Trauma and Orthopaedic Service,"1,390",912,65.60%,12.1,34.3,8,-,-
Y62,RJN,EAST CHESHIRE NHS TRUST,C_120,Ear Nose and Throat Service,"1,463",678,46.30%,19.4,40.2,22,-,1
Y62,RJN,EAST CHESHIRE NHS TRUST,C_130,Ophthalmology Service,"1,448","1,145",79.10%,9.7,27.7,5,-,-
Y62,RJN,EAST CHESHIRE NHS TRUST,C_140,Oral Surgery Service,-,-,-,-,-,-,-,-
Y62,RJN,EAST CHESHIRE NHS TRUST,C_150,Neurosurgical Service,-,-,-,-,-,-,-,-
Y62,RJN,EAST CHESHIRE NHS TRUST,C_160,Plastic Surgery Service,29,25,86.20%,8.5,23.3,-,-,-
Y62,RJN,EAST CHESHIRE NHS TRUST,C_170,Cardiothoracic Surgery Service,-,-,-,-,-,-,-,-
Y62,RJN,EAST CHESHIRE NHS TRUST,C_300,General Internal Medicine Service,27,16,59.30%,9.5,37.8,-,-,-
Y62,RJN,EAST CHESHIRE NHS TRUST,C_301,Gastroenterology Service,"1,462",807,55.20%,15.9,41.8,35,-,3
Y62,RJN,EAST CHESHIRE NHS TRUST,C_320,Cardiology Service,907,412,45.40%,19.9,44.3,9,-,1
Y62,RJN,EAST CHESHIRE NHS TRUST,C_330,Dermatology Service,-,-,-,-,-,-,-,-
Y62,RJN,EAST CHESHIRE NHS TRUST,C_340,Respiratory Medicine Service,700,394,56.30%,16.1,40.9,11,-,1
Y62,RJN,EAST CHESHIRE NHS TRUST,C_400,Neurology Service,-,-,-,-,-,-,-,-
Y62,RJN,EAST CHESHIRE NHS TRUST,C_410,Rheumatology Service,-,-,-,-,-,-,-,-
Y62,RJN,EAST CHESHIRE NHS TRUST,C_430,Elderly Medicine Service,105,38,36.20%,26.5,46.9,4,-,-
Y62,RJN,EAST CHESHIRE NHS TRUST,C_502,Gynaecology Service,"1,812","1,075",59.30%,15.1,39.9,38,1,6
Y62,RJN,EAST CHESHIRE NHS TRUST,X02,Other - Medical Services,558,437,78.30%,8.4,32.9,3,-,-
Y62,RJN,EAST CHESHIRE NHS TRUST,X03,Other - Mental Health Services,-,-,-,-,-,-,-,-
Y62,RJN,EAST CHESHIRE NHS TRUST,X04,Other - Paediatric Services,90,52,57.80%,14.5,39.9,1,-,-
Y62,RJN,EAST CHESHIRE NHS TRUST,X05,Other - Surgical Services,639,400,62.60%,11.1,37.1,8,-,2
Y62,RJN,EAST CHESHIRE NHS TRUST,X06,Other - Other Services,-,-,-,-,-,-,-,-
Y62,RJR,COUNTESS OF CHESTER HOSPITAL NHS FOUNDATION TRUST,C_100,General Surgery Service,"1,109",430,38.80%,24.2,52.7,98,1,7
Y62,RJR,COUNTESS OF CHESTER HOSPITAL NHS FOUNDATION TRUST,C_101,Urology Service,"1,770",740,41.80%,22.2,51.8,138,-,20
Y62,RJR,COUNTESS OF CHESTER HOSPITAL NHS FOUNDATION TRUST,C_110,Trauma and Orthopaedic Service,"1,964","1,046",53.30%,16.6,47.2,106,2,13
Y62,RJR,COUNTESS OF CHESTER HOSPITAL NHS FOUNDATION TRUST,C_120,Ear Nose and Throat Service,"5,139","1,799",35.00%,25.4,52.4,435,4,32
Y62,RJR,COUNTESS OF CHESTER HOSPITAL NHS FOUNDATION TRUST,C_130,Ophthalmology Service,"2,017","1,134",56.20%,15.9,37.4,43,1,9
Y62,RJR,COUNTESS OF CHESTER HOSPITAL NHS FOUNDATION TRUST,C_140,Oral Surgery Service,"1,525",766,50.20%,17.9,50.5,102,-,9
Y62,RJR,COUNTESS OF CHESTER HOSPITAL NHS FOUNDATION TRUST,C_150,Neurosurgical Service,-,-,-,-,-,-,-,-
Y62,RJR,COUNTESS OF CHESTER HOSPITAL NHS FOUNDATION TRUST,C_160,Plastic Surgery Service,"1,241",707,57.00%,15.2,44.2,51,-,8
Y62,RJR,COUNTESS OF CHESTER HOSPITAL NHS FOUNDATION TRUST,C_170,Cardiothoracic Surgery Service,-,-,-,-,-,-,-,-
Y62,RJR,COUNTESS OF CHESTER HOSPITAL NHS FOUNDATION TRUST,C_300,General Internal Medicine Service,116,98,84.50%,11.1,20.9,-,-,-
Y62,RJR,COUNTESS OF CHESTER HOSPITAL NHS FOUNDATION TRUST,C_301,Gastroenterology Service,"1,120",608,54.30%,15.8,49.6,71,-,3
Y62,RJR,COUNTESS OF CHESTER HOSPITAL NHS FOUNDATION TRUST,C_320,Cardiology Service,"1,493",758,50.80%,17.5,51.7,115,-,9
Y62,RJR,COUNTESS OF CHESTER HOSPITAL NHS FOUNDATION TRUST,C_330,Dermatology Service,"2,675","1,142",42.70%,22,51.5,203,-,-
Y62,RJR,COUNTESS OF CHESTER HOSPITAL NHS FOUNDATION TRUST,C_340,Respiratory Medicine Service,"1,290",933,72.30%,9.5,37.5,35,-,3
Y62,RJR,COUNTESS OF CHESTER HOSPITAL NHS FOUNDATION TRUST,C_400,Neurology Service,-,-,-,-,-,-,-,-
Y62,RJR,COUNTESS OF CHESTER HOSPITAL NHS FOUNDATION TRUST,C_410,Rheumatology Service,625,272,43.50%,21.6,46.9,19,-,-
Y62,RJR,COUNTESS OF CHESTER HOSPITAL NHS FOUNDATION TRUST,C_430,Elderly Medicine Service,199,140,70.40%,11.1,26,-,-,-
Y62,RJR,COUNTESS OF CHESTER HOSPITAL NHS FOUNDATION TRUST,C_502,Gynaecology Service,"1,983",998,50.30%,17.9,48.3,97,-,6
Y62,RJR,COUNTESS OF CHESTER HOSPITAL NHS FOUNDATION TRUST,X02,Other - Medical Services,"2,704","1,701",62.90%,13.8,36.1,56,-,3
Y62,RJR,COUNTESS OF CHESTER HOSPITAL NHS FOUNDATION TRUST,X03,Other - Mental Health Services,-,-,-,-,-,-,-,-
Y62,RJR,COUNTESS OF CHESTER HOSPITAL NHS FOUNDATION TRUST,X04,Other - Paediatric Services,-,-,-,-,-,-,-,-
Y62,RJR,COUNTESS OF CHESTER HOSPITAL NHS FOUNDATION TRUST,X05,Other - Surgical Services,"6,418","2,857",44.50%,20.3,51.9,509,3,48
Y62,RJR,COUNTESS OF CHESTER HOSPITAL NHS FOUNDATION TRUST,X06,Other - Other Services,227,176,77.50%,9.8,22.9,1,-,-
Y62,RM3,NORTHERN CARE ALLIANCE NHS FOUNDATION TRUST,C_100,General Surgery Service,"5,103","2,442",47.90%,19.1,50.2,308,-,5
Y62,RM3,NORTHERN CARE ALLIANCE NHS FOUNDATION TRUST,C_101,Urology Service,"7,712","3,686",47.80%,19,47.9,278,-,2
Y62,RM3,NORTHERN CARE ALLIANCE NHS FOUNDATION TRUST,C_110,Trauma and Orthopaedic Service,"15,180","7,643",50.30%,17.9,44.8,496,-,2
Y62,RM3,NORTHERN CARE ALLIANCE NHS FOUNDATION TRUST,C_120,Ear Nose and Throat Service,"11,954","5,053",42.30%,21.9,48.5,560,-,-
Y62,RM3,NORTHERN CARE ALLIANCE NHS FOUNDATION TRUST,C_130,Ophthalmology Service,"7,125","3,704",52.00%,16.7,44.9,193,-,1
Y62,RM3,NORTHERN CARE ALLIANCE NHS FOUNDATION TRUST,C_140,Oral Surgery Service,"1,922",857,44.60%,19.7,42.4,37,-,1
Y62,RM3,NORTHERN CARE ALLIANCE NHS FOUNDATION TRUST,C_150,Neurosurgical Service,"4,924","2,905",59.00%,14.6,37.1,52,-,2
Y62,RM3,NORTHERN CARE ALLIANCE NHS FOUNDATION TRUST,C_160,Plastic Surgery Service,"1,059",630,59.50%,14.5,40.4,20,-,1
Y62,RM3,NORTHERN CARE ALLIANCE NHS FOUNDATION TRUST,C_170,Cardiothoracic Surgery Service,7,7,100.00%,-,-,-,-,-
Y62,RM3,NORTHERN CARE ALLIANCE NHS FOUNDATION TRUST,C_300,General Internal Medicine Service,54,41,75.90%,12.7,26.7,-,-,-
Y62,RM3,NORTHERN CARE ALLIANCE NHS FOUNDATION TRUST,C_301,Gastroenterology Service,"11,597","7,203",62.10%,13.6,36.2,99,-,-
Y62,RM3,NORTHERN CARE ALLIANCE NHS FOUNDATION TRUST,C_320,Cardiology Service,"7,590","3,641",48.00%,18.7,45.4,132,-,-
Y62,RM3,NORTHERN CARE ALLIANCE NHS FOUNDATION TRUST,C_330,Dermatology Service,"13,396","5,507",41.10%,22,46,455,-,4
Y62,RM3,NORTHERN CARE ALLIANCE NHS FOUNDATION TRUST,C_340,Respiratory Medicine Service,"2,484","1,541",62.00%,13.4,38.5,16,-,-
Y62,RM3,NORTHERN CARE ALLIANCE NHS FOUNDATION TRUST,C_400,Neurology Service,"18,351","9,984",54.40%,16.2,50.8,"1,256",-,19
Y62,RM3,NORTHERN CARE ALLIANCE NHS FOUNDATION TRUST,C_410,Rheumatology Service,"2,486","1,414",56.90%,15.8,40.5,38,-,-
Y62,RM3,NORTHERN CARE ALLIANCE NHS FOUNDATION TRUST,C_430,Elderly Medicine Service,353,326,92.40%,9.3,17.8,-,-,-
Y62,RM3,NORTHERN CARE ALLIANCE NHS FOUNDATION TRUST,C_502,Gynaecology Service,"7,345","3,903",53.10%,16.7,48.6,426,-,1
Y62,RM3,NORTHERN CARE ALLIANCE NHS FOUNDATION TRUST,X02,Other - Medical Services,"6,441","4,397",68.30%,12.5,33.9,18,-,-
Y62,RM3,NORTHERN CARE ALLIANCE NHS FOUNDATION TRUST,X03,Other - Mental Health Services,-,-,-,-,-,-,-,-
Y62,RM3,NORTHERN CARE ALLIANCE NHS FOUNDATION TRUST,X04,Other - Paediatric Services,"6,231","2,337",37.50%,25.1,47.5,203,-,-
Y62,RM3,NORTHERN CARE ALLIANCE NHS FOUNDATION TRUST,X05,Other - Surgical Services,"7,655","4,739",61.90%,12.8,40.6,103,-,-
Y62,RM3,NORTHERN CARE ALLIANCE NHS FOUNDATION TRUST,X06,Other - Other Services,70,39,55.70%,15.5,37.1,-,-,-
Y62,RMC,BOLTON NHS FOUNDATION TRUST,C_100,General Surgery Service,"3,193","1,961",61.40%,12.9,41.2,78,-,1
Y62,RMC,BOLTON NHS FOUNDATION TRUST,C_101,Urology Service,"2,301","1,156",50.20%,17.9,46.4,92,-,13
Y62,RMC,BOLTON NHS FOUNDATION TRUST,C_110,Trauma and Orthopaedic Service,"5,161","2,415",46.80%,19.3,48.8,256,-,21
Y62,RMC,BOLTON NHS FOUNDATION TRUST,C_120,Ear Nose and Throat Service,"4,415","2,278",51.60%,17.4,49.3,249,-,26
Y62,RMC,BOLTON NHS FOUNDATION TRUST,C_130,Ophthalmology Service,"3,883","2,801",72.10%,9.8,37.3,110,4,24
Y62,RMC,BOLTON NHS FOUNDATION TRUST,C_140,Oral Surgery Service,"3,240","1,262",39.00%,24,49.6,191,-,19
Y62,RMC,BOLTON NHS FOUNDATION TRUST,C_150,Neurosurgical Service,-,-,-,-,-,-,-,-
Y62,RMC,BOLTON NHS FOUNDATION TRUST,C_160,Plastic Surgery Service,709,269,37.90%,25.9,55.5,76,-,12
Y62,RMC,BOLTON NHS FOUNDATION TRUST,C_170,Cardiothoracic Surgery Service,25,10,40.00%,30.5,38,-,-,-
Y62,RMC,BOLTON NHS FOUNDATION TRUST,C_300,General Internal Medicine Service,64,52,81.30%,10,19.9,-,-,-
Y62,RMC,BOLTON NHS FOUNDATION TRUST,C_301,Gastroenterology Service,"1,409","1,114",79.10%,9.4,25.2,-,-,-
Y62,RMC,BOLTON NHS FOUNDATION TRUST,C_320,Cardiology Service,"3,430","1,648",48.00%,18.8,43.5,65,-,-
Y62,RMC,BOLTON NHS FOUNDATION TRUST,C_330,Dermatology Service,"3,018","1,509",50.00%,18,42.1,10,-,-
Y62,RMC,BOLTON NHS FOUNDATION TRUST,C_340,Respiratory Medicine Service,"1,225",816,66.60%,12.2,30.5,1,-,-
Y62,RMC,BOLTON NHS FOUNDATION TRUST,C_400,Neurology Service,55,45,81.80%,8.3,25.3,-,-,-
Y62,RMC,BOLTON NHS FOUNDATION TRUST,C_410,Rheumatology Service,777,442,56.90%,15.3,41,2,-,-
Y62,RMC,BOLTON NHS FOUNDATION TRUST,C_430,Elderly Medicine Service,222,216,97.30%,6.6,13.5,-,-,-
Y62,RMC,BOLTON NHS FOUNDATION TRUST,C_502,Gynaecology Service,"3,670","1,728",47.10%,19.5,45.7,150,1,3
Y62,RMC,BOLTON NHS FOUNDATION TRUST,X02,Other - Medical Services,"2,428","1,819",74.90%,10.7,29.3,9,-,-
Y62,RMC,BOLTON NHS FOUNDATION TRUST,X03,Other - Mental Health Services,-,-,-,-,-,-,-,-
Y62,RMC,BOLTON NHS FOUNDATION TRUST,X04,Other - Paediatric Services,435,166,38.20%,27.3,55.7,57,-,1
Y62,RMC,BOLTON NHS FOUNDATION TRUST,X05,Other - Surgical Services,717,297,41.40%,22.7,53.6,75,-,14
Y62,RMC,BOLTON NHS FOUNDATION TRUST,X06,Other - Other Services,14,-,-,-,-,-,-,-
Y62,RMP,TAMESIDE AND GLOSSOP INTEGRATED CARE NHS FOUNDATION TRUST,C_100,General Surgery Service,"1,264",813,64.30%,12.4,33.4,-,-,-
Y62,RMP,TAMESIDE AND GLOSSOP INTEGRATED CARE NHS FOUNDATION TRUST,C_101,Urology Service,465,446,95.90%,3.5,14.5,-,-,-
Y62,RMP,TAMESIDE AND GLOSSOP INTEGRATED CARE NHS FOUNDATION TRUST,C_110,Trauma and Orthopaedic Service,"2,725","1,691",62.10%,14.4,35.7,-,-,-
Y62,RMP,TAMESIDE AND GLOSSOP INTEGRATED CARE NHS FOUNDATION TRUST,C_120,Ear Nose and Throat Service,"1,686","1,140",67.60%,12.3,29.3,-,-,-
Y62,RMP,TAMESIDE AND GLOSSOP INTEGRATED CARE NHS FOUNDATION TRUST,C_130,Ophthalmology Service,22,19,86.40%,3,28.2,-,-,-
Y62,RMP,TAMESIDE AND GLOSSOP INTEGRATED CARE NHS FOUNDATION TRUST,C_140,Oral Surgery Service,"1,003",480,47.90%,18.8,38.5,-,-,-
Y62,RMP,TAMESIDE AND GLOSSOP INTEGRATED CARE NHS FOUNDATION TRUST,C_150,Neurosurgical Service,-,-,-,-,-,-,-,-
Y62,RMP,TAMESIDE AND GLOSSOP INTEGRATED CARE NHS FOUNDATION TRUST,C_160,Plastic Surgery Service,-,-,-,-,-,-,-,-
Y62,RMP,TAMESIDE AND GLOSSOP INTEGRATED CARE NHS FOUNDATION TRUST,C_170,Cardiothoracic Surgery Service,5,5,100.00%,-,-,-,-,-
Y62,RMP,TAMESIDE AND GLOSSOP INTEGRATED CARE NHS FOUNDATION TRUST,C_300,General Internal Medicine Service,20,16,80.00%,7,28.4,-,-,-
Y62,RMP,TAMESIDE AND GLOSSOP INTEGRATED CARE NHS FOUNDATION TRUST,C_301,Gastroenterology Service,"1,309",944,72.10%,10.9,29.2,-,-,-
Y62,RMP,TAMESIDE AND GLOSSOP INTEGRATED CARE NHS FOUNDATION TRUST,C_320,Cardiology Service,952,785,82.50%,8.8,25.5,-,-,-
Y62,RMP,TAMESIDE AND GLOSSOP INTEGRATED CARE NHS FOUNDATION TRUST,C_330,Dermatology Service,237,196,82.70%,6.2,26.2,-,-,-
Y62,RMP,TAMESIDE AND GLOSSOP INTEGRATED CARE NHS FOUNDATION TRUST,C_340,Respiratory Medicine Service,660,486,73.60%,11.7,31.2,-,-,-
Y62,RMP,TAMESIDE AND GLOSSOP INTEGRATED CARE NHS FOUNDATION TRUST,C_400,Neurology Service,-,-,-,-,-,-,-,-
Y62,RMP,TAMESIDE AND GLOSSOP INTEGRATED CARE NHS FOUNDATION TRUST,C_410,Rheumatology Service,334,315,94.30%,7.8,14.9,-,-,-
Y62,RMP,TAMESIDE AND GLOSSOP INTEGRATED CARE NHS FOUNDATION TRUST,C_430,Elderly Medicine Service,10,9,90.00%,-,-,-,-,-
Y62,RMP,TAMESIDE AND GLOSSOP INTEGRATED CARE NHS FOUNDATION TRUST,C_502,Gynaecology Service,"2,310","1,479",64.00%,12.8,33.3,-,-,-
Y62,RMP,TAMESIDE AND GLOSSOP INTEGRATED CARE NHS FOUNDATION TRUST,X02,Other - Medical Services,"1,295",858,66.30%,12.7,32.8,-,-,-
Y62,RMP,TAMESIDE AND GLOSSOP INTEGRATED CARE NHS FOUNDATION TRUST,X03,Other - Mental Health Services,-,-,-,-,-,-,-,-
Y62,RMP,TAMESIDE AND GLOSSOP INTEGRATED CARE NHS FOUNDATION TRUST,X04,Other - Paediatric Services,"1,473","1,197",81.30%,8.8,27.9,-,-,-
Y62,RMP,TAMESIDE AND GLOSSOP INTEGRATED CARE NHS FOUNDATION TRUST,X05,Other - Surgical Services,"1,504","1,132",75.30%,9.4,27.2,-,-,-
Y62,RMP,TAMESIDE AND GLOSSOP INTEGRATED CARE NHS FOUNDATION TRUST,X06,Other - Other Services,-,-,-,-,-,-,-,-
Y62,RRF,"WRIGHTINGTON, WIGAN AND LEIGH NHS FOUNDATION TRUST",C_100,General Surgery Service,"1,760",765,43.50%,22.4,51.5,132,-,19
Y62,RRF,"WRIGHTINGTON, WIGAN AND LEIGH NHS FOUNDATION TRUST",C_101,Urology Service,"2,252","1,271",56.40%,14.9,47.5,90,1,11
Y62,RRF,"WRIGHTINGTON, WIGAN AND LEIGH NHS FOUNDATION TRUST",C_110,Trauma and Orthopaedic Service,"8,544","4,906",57.40%,15.5,41.1,224,3,18
Y62,RRF,"WRIGHTINGTON, WIGAN AND LEIGH NHS FOUNDATION TRUST",C_120,Ear Nose and Throat Service,"4,961","2,454",49.50%,18.3,46.7,237,-,18
Y62,RRF,"WRIGHTINGTON, WIGAN AND LEIGH NHS FOUNDATION TRUST",C_130,Ophthalmology Service,"1,714","1,225",71.50%,9.5,38.6,25,-,1
Y62,RRF,"WRIGHTINGTON, WIGAN AND LEIGH NHS FOUNDATION TRUST",C_140,Oral Surgery Service,"1,396",867,62.10%,12,46.1,59,-,3
Y62,RRF,"WRIGHTINGTON, WIGAN AND LEIGH NHS FOUNDATION TRUST",C_150,Neurosurgical Service,10,6,60.00%,-,-,-,-,-
Y62,RRF,"WRIGHTINGTON, WIGAN AND LEIGH NHS FOUNDATION TRUST",C_160,Plastic Surgery Service,"1,022",369,36.10%,24.1,48.1,46,-,8
Y62,RRF,"WRIGHTINGTON, WIGAN AND LEIGH NHS FOUNDATION TRUST",C_170,Cardiothoracic Surgery Service,56,24,42.90%,21,41.5,2,-,-
Y62,RRF,"WRIGHTINGTON, WIGAN AND LEIGH NHS FOUNDATION TRUST",C_300,General Internal Medicine Service,204,153,75.00%,10.9,31.3,1,-,-
Y62,RRF,"WRIGHTINGTON, WIGAN AND LEIGH NHS FOUNDATION TRUST",C_301,Gastroenterology Service,"4,569","2,337",51.10%,17.3,45.1,122,-,2
Y62,RRF,"WRIGHTINGTON, WIGAN AND LEIGH NHS FOUNDATION TRUST",C_320,Cardiology Service,"1,962","1,127",57.40%,14.5,47.6,88,-,1
Y62,RRF,"WRIGHTINGTON, WIGAN AND LEIGH NHS FOUNDATION TRUST",C_330,Dermatology Service,"3,792","1,434",37.80%,25.1,55.3,326,-,38
Y62,RRF,"WRIGHTINGTON, WIGAN AND LEIGH NHS FOUNDATION TRUST",C_340,Respiratory Medicine Service,"2,362","1,441",61.00%,13.6,39.6,34,-,-
Y62,RRF,"WRIGHTINGTON, WIGAN AND LEIGH NHS FOUNDATION TRUST",C_400,Neurology Service,1,-,-,-,-,-,-,-
Y62,RRF,"WRIGHTINGTON, WIGAN AND LEIGH NHS FOUNDATION TRUST",C_410,Rheumatology Service,"1,100",733,66.60%,14.2,27.8,2,-,-
Y62,RRF,"WRIGHTINGTON, WIGAN AND LEIGH NHS FOUNDATION TRUST",C_430,Elderly Medicine Service,541,336,62.10%,14.9,39.6,4,-,1
Y62,RRF,"WRIGHTINGTON, WIGAN AND LEIGH NHS FOUNDATION TRUST",C_502,Gynaecology Service,"3,977","1,896",47.70%,19.4,51.5,295,8,46
Y62,RRF,"WRIGHTINGTON, WIGAN AND LEIGH NHS FOUNDATION TRUST",X02,Other - Medical Services,"1,494",642,43.00%,22.8,50.6,99,-,6
Y62,RRF,"WRIGHTINGTON, WIGAN AND LEIGH NHS FOUNDATION TRUST",X03,Other - Mental Health Services,-,-,-,-,-,-,-,-
Y62,RRF,"WRIGHTINGTON, WIGAN AND LEIGH NHS FOUNDATION TRUST",X04,Other - Paediatric Services,"2,689","1,464",54.40%,16.2,49.1,162,-,12
Y62,RRF,"WRIGHTINGTON, WIGAN AND LEIGH NHS FOUNDATION TRUST",X05,Other - Surgical Services,"5,344","2,864",53.60%,15.9,46.8,230,1,14
Y62,RRF,"WRIGHTINGTON, WIGAN AND LEIGH NHS FOUNDATION TRUST",X06,Other - Other Services,880,801,91.00%,6.9,18.3,2,-,1
Y62,RTX,UNIVERSITY HOSPITALS OF MORECAMBE BAY NHS FOUNDATION TRUST,C_100,General Surgery Service,"2,489","1,317",52.90%,16.9,40.2,13,-,-
Y62,RTX,UNIVERSITY HOSPITALS OF MORECAMBE BAY NHS FOUNDATION TRUST,C_101,Urology Service,"2,585","1,727",66.80%,11.5,37.5,20,-,-
Y62,RTX,UNIVERSITY HOSPITALS OF MORECAMBE BAY NHS FOUNDATION TRUST,C_110,Trauma and Orthopaedic Service,"5,559","3,621",65.10%,12.8,37.6,62,-,-
Y62,RTX,UNIVERSITY HOSPITALS OF MORECAMBE BAY NHS FOUNDATION TRUST,C_120,Ear Nose and Throat Service,"3,598","2,259",62.80%,13.9,39.4,18,-,-
Y62,RTX,UNIVERSITY HOSPITALS OF MORECAMBE BAY NHS FOUNDATION TRUST,C_130,Ophthalmology Service,"3,011","2,186",72.60%,10.4,32.9,9,-,-
Y62,RTX,UNIVERSITY HOSPITALS OF MORECAMBE BAY NHS FOUNDATION TRUST,C_140,Oral Surgery Service,"1,786","1,296",72.60%,11,33.5,7,-,-
Y62,RTX,UNIVERSITY HOSPITALS OF MORECAMBE BAY NHS FOUNDATION TRUST,C_150,Neurosurgical Service,-,-,-,-,-,-,-,-
Y62,RTX,UNIVERSITY HOSPITALS OF MORECAMBE BAY NHS FOUNDATION TRUST,C_160,Plastic Surgery Service,65,61,93.80%,2.8,16.8,-,-,-
Y62,RTX,UNIVERSITY HOSPITALS OF MORECAMBE BAY NHS FOUNDATION TRUST,C_170,Cardiothoracic Surgery Service,46,46,100.00%,9.2,14.4,-,-,-
Y62,RTX,UNIVERSITY HOSPITALS OF MORECAMBE BAY NHS FOUNDATION TRUST,C_300,General Internal Medicine Service,89,85,95.50%,6.1,14.9,-,-,-
Y62,RTX,UNIVERSITY HOSPITALS OF MORECAMBE BAY NHS FOUNDATION TRUST,C_301,Gastroenterology Service,"1,417","1,268",89.50%,7.8,19.6,2,-,-
Y62,RTX,UNIVERSITY HOSPITALS OF MORECAMBE BAY NHS FOUNDATION TRUST,C_320,Cardiology Service,"1,223",972,79.50%,10.7,25.9,-,-,-
Y62,RTX,UNIVERSITY HOSPITALS OF MORECAMBE BAY NHS FOUNDATION TRUST,C_330,Dermatology Service,597,455,76.20%,7.1,32.7,-,-,-
Y62,RTX,UNIVERSITY HOSPITALS OF MORECAMBE BAY NHS FOUNDATION TRUST,C_340,Respiratory Medicine Service,485,427,88.00%,9,21.8,2,-,-
Y62,RTX,UNIVERSITY HOSPITALS OF MORECAMBE BAY NHS FOUNDATION TRUST,C_400,Neurology Service,-,-,-,-,-,-,-,-
Y62,RTX,UNIVERSITY HOSPITALS OF MORECAMBE BAY NHS FOUNDATION TRUST,C_410,Rheumatology Service,680,617,90.70%,6.6,19.3,-,-,-
Y62,RTX,UNIVERSITY HOSPITALS OF MORECAMBE BAY NHS FOUNDATION TRUST,C_430,Elderly Medicine Service,160,153,95.60%,6.1,16,-,-,-
Y62,RTX,UNIVERSITY HOSPITALS OF MORECAMBE BAY NHS FOUNDATION TRUST,C_502,Gynaecology Service,"2,267","1,484",65.50%,12.7,35.1,11,-,-
Y62,RTX,UNIVERSITY HOSPITALS OF MORECAMBE BAY NHS FOUNDATION TRUST,X02,Other - Medical Services,"3,166","2,076",65.60%,12.1,40.2,60,-,-
Y62,RTX,UNIVERSITY HOSPITALS OF MORECAMBE BAY NHS FOUNDATION TRUST,X03,Other - Mental Health Services,-,-,-,-,-,-,-,-
Y62,RTX,UNIVERSITY HOSPITALS OF MORECAMBE BAY NHS FOUNDATION TRUST,X04,Other - Paediatric Services,"1,656","1,195",72.20%,10.1,37.6,9,-,1
Y62,RTX,UNIVERSITY HOSPITALS OF MORECAMBE BAY NHS FOUNDATION TRUST,X05,Other - Surgical Services,"1,553","1,162",74.80%,8.7,32.8,5,-,-
Y62,RTX,UNIVERSITY HOSPITALS OF MORECAMBE BAY NHS FOUNDATION TRUST,X06,Other - Other Services,540,494,91.50%,3.7,21.6,1,-,-
Y62,RW4,MERSEY CARE NHS FOUNDATION TRUST,C_100,General Surgery Service,-,-,-,-,-,-,-,-
Y62,RW4,MERSEY CARE NHS FOUNDATION TRUST,C_101,Urology Service,-,-,-,-,-,-,-,-
Y62,RW4,MERSEY CARE NHS FOUNDATION TRUST,C_110,Trauma and Orthopaedic Service,-,-,-,-,-,-,-,-
Y62,RW4,MERSEY CARE NHS FOUNDATION TRUST,C_120,Ear Nose and Throat Service,-,-,-,-,-,-,-,-
Y62,RW4,MERSEY CARE NHS FOUNDATION TRUST,C_130,Ophthalmology Service,-,-,-,-,-,-,-,-
Y62,RW4,MERSEY CARE NHS FOUNDATION TRUST,C_140,Oral Surgery Service,-,-,-,-,-,-,-,-
Y62,RW4,MERSEY CARE NHS FOUNDATION TRUST,C_150,Neurosurgical Service,-,-,-,-,-,-,-,-
Y62,RW4,MERSEY CARE NHS FOUNDATION TRUST,C_160,Plastic Surgery Service,-,-,-,-,-,-,-,-
Y62,RW4,MERSEY CARE NHS FOUNDATION TRUST,C_170,Cardiothoracic Surgery Service,-,-,-,-,-,-,-,-
Y62,RW4,MERSEY CARE NHS FOUNDATION TRUST,C_300,General Internal Medicine Service,-,-,-,-,-,-,-,-
Y62,RW4,MERSEY CARE NHS FOUNDATION TRUST,C_301,Gastroenterology Service,-,-,-,-,-,-,-,-
Y62,RW4,MERSEY CARE NHS FOUNDATION TRUST,C_320,Cardiology Service,-,-,-,-,-,-,-,-
Y62,RW4,MERSEY CARE NHS FOUNDATION TRUST,C_330,Dermatology Service,-,-,-,-,-,-,-,-
Y62,RW4,MERSEY CARE NHS FOUNDATION TRUST,C_340,Respiratory Medicine Service,-,-,-,-,-,-,-,-
Y62,RW4,MERSEY CARE NHS FOUNDATION TRUST,C_400,Neurology Service,-,-,-,-,-,-,-,-
Y62,RW4,MERSEY CARE NHS FOUNDATION TRUST,C_410,Rheumatology Service,-,-,-,-,-,-,-,-
Y62,RW4,MERSEY CARE NHS FOUNDATION TRUST,C_430,Elderly Medicine Service,-,-,-,-,-,-,-,-
Y62,RW4,MERSEY CARE NHS FOUNDATION TRUST,C_502,Gynaecology Service,-,-,-,-,-,-,-,-
Y62,RW4,MERSEY CARE NHS FOUNDATION TRUST,X02,Other - Medical Services,-,-,-,-,-,-,-,-
Y62,RW4,MERSEY CARE NHS FOUNDATION TRUST,X03,Other - Mental Health Services,57,55,96.50%,1.9,12.8,2,1,2
Y62,RW4,MERSEY CARE NHS FOUNDATION TRUST,X04,Other - Paediatric Services,-,-,-,-,-,-,-,-
Y62,RW4,MERSEY CARE NHS FOUNDATION TRUST,X05,Other - Surgical Services,-,-,-,-,-,-,-,-
Y62,RW4,MERSEY CARE NHS FOUNDATION TRUST,X06,Other - Other Services,-,-,-,-,-,-,-,-
Y62,RW5,LANCASHIRE & SOUTH CUMBRIA NHS FOUNDATION TRUST,C_100,General Surgery Service,-,-,-,-,-,-,-,-
Y62,RW5,LANCASHIRE & SOUTH CUMBRIA NHS FOUNDATION TRUST,C_101,Urology Service,-,-,-,-,-,-,-,-
Y62,RW5,LANCASHIRE & SOUTH CUMBRIA NHS FOUNDATION TRUST,C_110,Trauma and Orthopaedic Service,"2,421","2,381",98.30%,3.9,9.8,-,-,-
Y62,RW5,LANCASHIRE & SOUTH CUMBRIA NHS FOUNDATION TRUST,C_120,Ear Nose and Throat Service,-,-,-,-,-,-,-,-
Y62,RW5,LANCASHIRE & SOUTH CUMBRIA NHS FOUNDATION TRUST,C_130,Ophthalmology Service,-,-,-,-,-,-,-,-
Y62,RW5,LANCASHIRE & SOUTH CUMBRIA NHS FOUNDATION TRUST,C_140,Oral Surgery Service,-,-,-,-,-,-,-,-
Y62,RW5,LANCASHIRE & SOUTH CUMBRIA NHS FOUNDATION TRUST,C_150,Neurosurgical Service,-,-,-,-,-,-,-,-
Y62,RW5,LANCASHIRE & SOUTH CUMBRIA NHS FOUNDATION TRUST,C_160,Plastic Surgery Service,-,-,-,-,-,-,-,-
Y62,RW5,LANCASHIRE & SOUTH CUMBRIA NHS FOUNDATION TRUST,C_170,Cardiothoracic Surgery Service,-,-,-,-,-,-,-,-
Y62,RW5,LANCASHIRE & SOUTH CUMBRIA NHS FOUNDATION TRUST,C_300,General Internal Medicine Service,-,-,-,-,-,-,-,-
Y62,RW5,LANCASHIRE & SOUTH CUMBRIA NHS FOUNDATION TRUST,C_301,Gastroenterology Service,-,-,-,-,-,-,-,-
Y62,RW5,LANCASHIRE & SOUTH CUMBRIA NHS FOUNDATION TRUST,C_320,Cardiology Service,-,-,-,-,-,-,-,-
Y62,RW5,LANCASHIRE & SOUTH CUMBRIA NHS FOUNDATION TRUST,C_330,Dermatology Service,-,-,-,-,-,-,-,-
Y62,RW5,LANCASHIRE & SOUTH CUMBRIA NHS FOUNDATION TRUST,C_340,Respiratory Medicine Service,-,-,-,-,-,-,-,-
Y62,RW5,LANCASHIRE & SOUTH CUMBRIA NHS FOUNDATION TRUST,C_400,Neurology Service,-,-,-,-,-,-,-,-
Y62,RW5,LANCASHIRE & SOUTH CUMBRIA NHS FOUNDATION TRUST,C_410,Rheumatology Service,437,393,89.90%,7.3,18.6,-,-,-
Y62,RW5,LANCASHIRE & SOUTH CUMBRIA NHS FOUNDATION TRUST,C_430,Elderly Medicine Service,-,-,-,-,-,-,-,-
Y62,RW5,LANCASHIRE & SOUTH CUMBRIA NHS FOUNDATION TRUST,C_502,Gynaecology Service,-,-,-,-,-,-,-,-
Y62,RW5,LANCASHIRE & SOUTH CUMBRIA NHS FOUNDATION TRUST,X02,Other - Medical Services,-,-,-,-,-,-,-,-
Y62,RW5,LANCASHIRE & SOUTH CUMBRIA NHS FOUNDATION TRUST,X03,Other - Mental Health Services,-,-,-,-,-,-,-,-
Y62,RW5,LANCASHIRE & SOUTH CUMBRIA NHS FOUNDATION TRUST,X04,Other - Paediatric Services,-,-,-,-,-,-,-,-
Y62,RW5,LANCASHIRE & SOUTH CUMBRIA NHS FOUNDATION TRUST,X05,Other - Surgical Services,-,-,-,-,-,-,-,-
Y62,RW5,LANCASHIRE & SOUTH CUMBRIA NHS FOUNDATION TRUST,X06,Other - Other Services,-,-,-,-,-,-,-,-
Y62,RWJ,STOCKPORT NHS FOUNDATION TRUST,C_100,General Surgery Service,"3,812","1,924",50.50%,17.8,47.9,204,-,11
Y62,RWJ,STOCKPORT NHS FOUNDATION TRUST,C_101,Urology Service,"2,218","1,449",65.30%,11,41.6,72,-,2
Y62,RWJ,STOCKPORT NHS FOUNDATION TRUST,C_110,Trauma and Orthopaedic Service,"6,115","3,077",50.30%,17.9,45.1,230,-,2
Y62,RWJ,STOCKPORT NHS FOUNDATION TRUST,C_120,Ear Nose and Throat Service,"4,463","2,427",54.40%,15.9,50.1,290,-,12
Y62,RWJ,STOCKPORT NHS FOUNDATION TRUST,C_130,Ophthalmology Service,"1,822","1,505",82.60%,8.3,26.5,6,-,-
Y62,RWJ,STOCKPORT NHS FOUNDATION TRUST,C_140,Oral Surgery Service,29,22,75.90%,7.3,23.7,2,-,-
Y62,RWJ,STOCKPORT NHS FOUNDATION TRUST,C_150,Neurosurgical Service,-,-,-,-,-,-,-,-
Y62,RWJ,STOCKPORT NHS FOUNDATION TRUST,C_160,Plastic Surgery Service,-,-,-,-,-,-,-,-
Y62,RWJ,STOCKPORT NHS FOUNDATION TRUST,C_170,Cardiothoracic Surgery Service,9,9,100.00%,-,-,-,-,-
Y62,RWJ,STOCKPORT NHS FOUNDATION TRUST,C_300,General Internal Medicine Service,5,4,80.00%,-,-,-,-,-
Y62,RWJ,STOCKPORT NHS FOUNDATION TRUST,C_301,Gastroenterology Service,"3,582","1,689",47.20%,19.6,47.8,163,-,7
Y62,RWJ,STOCKPORT NHS FOUNDATION TRUST,C_320,Cardiology Service,"4,358","2,012",46.20%,19.9,50.4,304,-,5
Y62,RWJ,STOCKPORT NHS FOUNDATION TRUST,C_330,Dermatology Service,-,-,-,-,-,-,-,-
Y62,RWJ,STOCKPORT NHS FOUNDATION TRUST,C_340,Respiratory Medicine Service,989,506,51.20%,17.2,49.8,56,-,-
Y62,RWJ,STOCKPORT NHS FOUNDATION TRUST,C_400,Neurology Service,-,-,-,-,-,-,-,-
Y62,RWJ,STOCKPORT NHS FOUNDATION TRUST,C_410,Rheumatology Service,"1,173",659,56.20%,14.9,41.9,6,-,-
Y62,RWJ,STOCKPORT NHS FOUNDATION TRUST,C_430,Elderly Medicine Service,76,75,98.70%,2.6,9,-,-,-
Y62,RWJ,STOCKPORT NHS FOUNDATION TRUST,C_502,Gynaecology Service,"3,645","1,787",49.00%,18.5,48.4,152,-,4
Y62,RWJ,STOCKPORT NHS FOUNDATION TRUST,X02,Other - Medical Services,"2,849","1,944",68.20%,10.5,42.1,79,-,2
Y62,RWJ,STOCKPORT NHS FOUNDATION TRUST,X03,Other - Mental Health Services,-,-,-,-,-,-,-,-
Y62,RWJ,STOCKPORT NHS FOUNDATION TRUST,X04,Other - Paediatric Services,206,178,86.40%,7.3,21.6,3,-,-
Y62,RWJ,STOCKPORT NHS FOUNDATION TRUST,X05,Other - Surgical Services,347,116,33.40%,30.4,56.4,61,-,-
Y62,RWJ,STOCKPORT NHS FOUNDATION TRUST,X06,Other - Other Services,445,170,38.20%,25.4,56.1,64,-,2
Y62,RWW,WARRINGTON AND HALTON TEACHING HOSPITALS NHS FOUNDATION TRUST,C_100,General Surgery Service,783,535,68.30%,12.8,37.3,17,-,3
Y62,RWW,WARRINGTON AND HALTON TEACHING HOSPITALS NHS FOUNDATION TRUST,C_101,Urology Service,"2,335","1,413",60.50%,14.4,44.7,98,1,13
Y62,RWW,WARRINGTON AND HALTON TEACHING HOSPITALS NHS FOUNDATION TRUST,C_110,Trauma and Orthopaedic Service,"3,571","1,676",46.90%,19.5,48.4,207,2,27
Y62,RWW,WARRINGTON AND HALTON TEACHING HOSPITALS NHS FOUNDATION TRUST,C_120,Ear Nose and Throat Service,"3,175","1,762",55.50%,15.9,40.7,83,1,11
Y62,RWW,WARRINGTON AND HALTON TEACHING HOSPITALS NHS FOUNDATION TRUST,C_130,Ophthalmology Service,"2,713","2,231",82.20%,8.8,29.6,7,-,1
Y62,RWW,WARRINGTON AND HALTON TEACHING HOSPITALS NHS FOUNDATION TRUST,C_140,Oral Surgery Service,-,-,-,-,-,-,-,-
Y62,RWW,WARRINGTON AND HALTON TEACHING HOSPITALS NHS FOUNDATION TRUST,C_150,Neurosurgical Service,-,-,-,-,-,-,-,-
Y62,RWW,WARRINGTON AND HALTON TEACHING HOSPITALS NHS FOUNDATION TRUST,C_160,Plastic Surgery Service,-,-,-,-,-,-,-,-
Y62,RWW,WARRINGTON AND HALTON TEACHING HOSPITALS NHS FOUNDATION TRUST,C_170,Cardiothoracic Surgery Service,-,-,-,-,-,-,-,-
Y62,RWW,WARRINGTON AND HALTON TEACHING HOSPITALS NHS FOUNDATION TRUST,C_300,General Internal Medicine Service,54,51,94.40%,4.7,16.8,-,-,-
Y62,RWW,WARRINGTON AND HALTON TEACHING HOSPITALS NHS FOUNDATION TRUST,C_301,Gastroenterology Service,"2,349","1,566",66.70%,12.2,45.4,82,-,2
Y62,RWW,WARRINGTON AND HALTON TEACHING HOSPITALS NHS FOUNDATION TRUST,C_320,Cardiology Service,"2,093","1,373",65.60%,12.7,41.9,32,-,2
Y62,RWW,WARRINGTON AND HALTON TEACHING HOSPITALS NHS FOUNDATION TRUST,C_330,Dermatology Service,-,-,-,-,-,-,-,-
Y62,RWW,WARRINGTON AND HALTON TEACHING HOSPITALS NHS FOUNDATION TRUST,C_340,Respiratory Medicine Service,"1,337",875,65.40%,12.4,40.5,12,-,2
Y62,RWW,WARRINGTON AND HALTON TEACHING HOSPITALS NHS FOUNDATION TRUST,C_400,Neurology Service,-,-,-,-,-,-,-,-
Y62,RWW,WARRINGTON AND HALTON TEACHING HOSPITALS NHS FOUNDATION TRUST,C_410,Rheumatology Service,710,459,64.60%,13.9,29.5,1,-,-
Y62,RWW,WARRINGTON AND HALTON TEACHING HOSPITALS NHS FOUNDATION TRUST,C_430,Elderly Medicine Service,128,93,72.70%,11.5,38.8,1,-,-
Y62,RWW,WARRINGTON AND HALTON TEACHING HOSPITALS NHS FOUNDATION TRUST,C_502,Gynaecology Service,"3,330","2,084",62.60%,13.4,49.1,206,1,33
Y62,RWW,WARRINGTON AND HALTON TEACHING HOSPITALS NHS FOUNDATION TRUST,X02,Other - Medical Services,"3,643","1,596",43.80%,21.6,49.8,208,-,2
Y62,RWW,WARRINGTON AND HALTON TEACHING HOSPITALS NHS FOUNDATION TRUST,X03,Other - Mental Health Services,-,-,-,-,-,-,-,-
Y62,RWW,WARRINGTON AND HALTON TEACHING HOSPITALS NHS FOUNDATION TRUST,X04,Other - Paediatric Services,"1,252",934,74.60%,9.1,33.1,4,-,-
Y62,RWW,WARRINGTON AND HALTON TEACHING HOSPITALS NHS FOUNDATION TRUST,X05,Other - Surgical Services,"5,749","2,900",50.40%,17.8,48.9,330,4,32
Y62,RWW,WARRINGTON AND HALTON TEACHING HOSPITALS NHS FOUNDATION TRUST,X06,Other - Other Services,533,233,43.70%,21,42.4,3,-,1
Y62,RXL,BLACKPOOL TEACHING HOSPITALS NHS FOUNDATION TRUST,C_100,General Surgery Service,"1,155",653,56.50%,15.4,44.1,28,-,-
Y62,RXL,BLACKPOOL TEACHING HOSPITALS NHS FOUNDATION TRUST,C_101,Urology Service,"1,805","1,137",63.00%,12.7,38.8,29,-,-
Y62,RXL,BLACKPOOL TEACHING HOSPITALS NHS FOUNDATION TRUST,C_110,Trauma and Orthopaedic Service,"2,884","1,580",54.80%,16.2,40.4,68,-,-
Y62,RXL,BLACKPOOL TEACHING HOSPITALS NHS FOUNDATION TRUST,C_120,Ear Nose and Throat Service,"3,207","1,864",58.10%,14.7,37.6,41,-,2
Y62,RXL,BLACKPOOL TEACHING HOSPITALS NHS FOUNDATION TRUST,C_130,Ophthalmology Service,"2,841","1,745",61.40%,14.1,40.3,59,-,1
Y62,RXL,BLACKPOOL TEACHING HOSPITALS NHS FOUNDATION TRUST,C_140,Oral Surgery Service,"2,141",875,40.90%,21.5,47.5,85,-,2
Y62,RXL,BLACKPOOL TEACHING HOSPITALS NHS FOUNDATION TRUST,C_150,Neurosurgical Service,-,-,-,-,-,-,-,-
Y62,RXL,BLACKPOOL TEACHING HOSPITALS NHS FOUNDATION TRUST,C_160,Plastic Surgery Service,38,34,89.50%,4,19,-,-,-
Y62,RXL,BLACKPOOL TEACHING HOSPITALS NHS FOUNDATION TRUST,C_170,Cardiothoracic Surgery Service,610,388,63.60%,12.7,44.1,29,-,4
Y62,RXL,BLACKPOOL TEACHING HOSPITALS NHS FOUNDATION TRUST,C_300,General Internal Medicine Service,-,-,-,-,-,-,-,-
Y62,RXL,BLACKPOOL TEACHING HOSPITALS NHS FOUNDATION TRUST,C_301,Gastroenterology Service,"3,241","1,870",57.70%,14.9,38,46,-,-
Y62,RXL,BLACKPOOL TEACHING HOSPITALS NHS FOUNDATION TRUST,C_320,Cardiology Service,"4,013","2,259",56.30%,15.3,41.2,87,-,2
Y62,RXL,BLACKPOOL TEACHING HOSPITALS NHS FOUNDATION TRUST,C_330,Dermatology Service,894,874,97.80%,3.7,12.6,1,-,-
Y62,RXL,BLACKPOOL TEACHING HOSPITALS NHS FOUNDATION TRUST,C_340,Respiratory Medicine Service,626,554,88.50%,7.8,20.2,-,-,-
Y62,RXL,BLACKPOOL TEACHING HOSPITALS NHS FOUNDATION TRUST,C_400,Neurology Service,-,-,-,-,-,-,-,-
Y62,RXL,BLACKPOOL TEACHING HOSPITALS NHS FOUNDATION TRUST,C_410,Rheumatology Service,775,448,57.80%,14.6,35,-,-,-
Y62,RXL,BLACKPOOL TEACHING HOSPITALS NHS FOUNDATION TRUST,C_430,Elderly Medicine Service,62,60,96.80%,4,16,-,-,-
Y62,RXL,BLACKPOOL TEACHING HOSPITALS NHS FOUNDATION TRUST,C_502,Gynaecology Service,"3,552","1,294",36.40%,26.6,60.7,569,23,187
Y62,RXL,BLACKPOOL TEACHING HOSPITALS NHS FOUNDATION TRUST,X02,Other - Medical Services,"3,219","1,699",52.80%,16.8,53.6,303,-,43
Y62,RXL,BLACKPOOL TEACHING HOSPITALS NHS FOUNDATION TRUST,X03,Other - Mental Health Services,-,-,-,-,-,-,-,-
Y62,RXL,BLACKPOOL TEACHING HOSPITALS NHS FOUNDATION TRUST,X04,Other - Paediatric Services,692,490,70.80%,12,29.8,-,-,-
Y62,RXL,BLACKPOOL TEACHING HOSPITALS NHS FOUNDATION TRUST,X05,Other - Surgical Services,"1,348","1,134",84.10%,4.7,27.1,8,-,-
Y62,RXL,BLACKPOOL TEACHING HOSPITALS NHS FOUNDATION TRUST,X06,Other - Other Services,-,-,-,-,-,-,-,-
Y62,RXN,LANCASHIRE TEACHING HOSPITALS NHS FOUNDATION TRUST,C_100,General Surgery Service,170,88,51.80%,17.4,47.2,7,-,-
Y62,RXN,LANCASHIRE TEACHING HOSPITALS NHS FOUNDATION TRUST,C_101,Urology Service,"1,667",982,58.90%,13.7,45.6,58,-,2
Y62,RXN,LANCASHIRE TEACHING HOSPITALS NHS FOUNDATION TRUST,C_110,Trauma and Orthopaedic Service,"4,032","2,468",61.20%,15.1,37.9,37,-,1
Y62,RXN,LANCASHIRE TEACHING HOSPITALS NHS FOUNDATION TRUST,C_120,Ear Nose and Throat Service,"2,982","1,883",63.10%,13.5,40.8,67,-,-
Y62,RXN,LANCASHIRE TEACHING HOSPITALS NHS FOUNDATION TRUST,C_130,Ophthalmology Service,"3,940","2,605",66.10%,12.7,37.5,61,-,-
Y62,RXN,LANCASHIRE TEACHING HOSPITALS NHS FOUNDATION TRUST,C_140,Oral Surgery Service,"4,470","2,219",49.60%,18.2,49.1,256,-,11
Y62,RXN,LANCASHIRE TEACHING HOSPITALS NHS FOUNDATION TRUST,C_150,Neurosurgical Service,"2,965","1,824",61.50%,13.8,37.9,23,-,-
Y62,RXN,LANCASHIRE TEACHING HOSPITALS NHS FOUNDATION TRUST,C_160,Plastic Surgery Service,"3,249","1,817",55.90%,15.7,42.6,91,-,-
Y62,RXN,LANCASHIRE TEACHING HOSPITALS NHS FOUNDATION TRUST,C_170,Cardiothoracic Surgery Service,-,-,-,-,-,-,-,-
Y62,RXN,LANCASHIRE TEACHING HOSPITALS NHS FOUNDATION TRUST,C_300,General Internal Medicine Service,"2,033","1,386",68.20%,11.8,32.3,17,-,-
Y62,RXN,LANCASHIRE TEACHING HOSPITALS NHS FOUNDATION TRUST,C_301,Gastroenterology Service,"1,915",949,49.60%,18.3,41,31,-,-
Y62,RXN,LANCASHIRE TEACHING HOSPITALS NHS FOUNDATION TRUST,C_320,Cardiology Service,"3,564","2,119",59.50%,15.2,37.2,24,-,1
Y62,RXN,LANCASHIRE TEACHING HOSPITALS NHS FOUNDATION TRUST,C_330,Dermatology Service,"1,883",956,50.80%,17.4,41.6,17,-,-
Y62,RXN,LANCASHIRE TEACHING HOSPITALS NHS FOUNDATION TRUST,C_340,Respiratory Medicine Service,-,-,-,-,-,-,-,-
Y62,RXN,LANCASHIRE TEACHING HOSPITALS NHS FOUNDATION TRUST,C_400,Neurology Service,"7,785","3,615",46.40%,19.7,46.9,257,-,-
Y62,RXN,LANCASHIRE TEACHING HOSPITALS NHS FOUNDATION TRUST,C_410,Rheumatology Service,-,-,-,-,-,-,-,-
Y62,RXN,LANCASHIRE TEACHING HOSPITALS NHS FOUNDATION TRUST,C_430,Elderly Medicine Service,160,130,81.30%,11,27.2,1,-,-
Y62,RXN,LANCASHIRE TEACHING HOSPITALS NHS FOUNDATION TRUST,C_502,Gynaecology Service,"2,441","1,674",68.60%,12.5,37.7,20,-,-
Y62,RXN,LANCASHIRE TEACHING HOSPITALS NHS FOUNDATION TRUST,X02,Other - Medical Services,"5,771","2,951",51.10%,17.4,46.5,261,-,4
Y62,RXN,LANCASHIRE TEACHING HOSPITALS NHS FOUNDATION TRUST,X03,Other - Mental Health Services,-,-,-,-,-,-,-,-
Y62,RXN,LANCASHIRE TEACHING HOSPITALS NHS FOUNDATION TRUST,X04,Other - Paediatric Services,"2,656","1,353",50.90%,17.6,48,133,-,-
Y62,RXN,LANCASHIRE TEACHING HOSPITALS NHS FOUNDATION TRUST,X05,Other - Surgical Services,"7,150","4,013",56.10%,15.7,42.6,197,-,2
Y62,RXN,LANCASHIRE TEACHING HOSPITALS NHS FOUNDATION TRUST,X06,Other - Other Services,478,379,79.30%,5.5,29.8,-,-,-
Y62,RXR,EAST LANCASHIRE HOSPITALS NHS TRUST,C_100,General Surgery Service,"4,458","2,315",51.90%,16.9,44.9,173,-,-
Y62,RXR,EAST LANCASHIRE HOSPITALS NHS TRUST,C_101,Urology Service,"2,992","2,210",73.90%,10.4,31.3,9,-,-
Y62,RXR,EAST LANCASHIRE HOSPITALS NHS TRUST,C_110,Trauma and Orthopaedic Service,"6,291","4,169",66.30%,10.2,41.9,205,-,-
Y62,RXR,EAST LANCASHIRE HOSPITALS NHS TRUST,C_120,Ear Nose and Throat Service,"6,616","3,990",60.30%,14.3,38.5,110,-,-
Y62,RXR,EAST LANCASHIRE HOSPITALS NHS TRUST,C_130,Ophthalmology Service,"4,715","3,534",75.00%,10.5,32.2,48,-,9
Y62,RXR,EAST LANCASHIRE HOSPITALS NHS TRUST,C_140,Oral Surgery Service,"5,658","2,221",39.30%,24.7,53.7,603,-,-
Y62,RXR,EAST LANCASHIRE HOSPITALS NHS TRUST,C_150,Neurosurgical Service,-,-,-,-,-,-,-,-
Y62,RXR,EAST LANCASHIRE HOSPITALS NHS TRUST,C_160,Plastic Surgery Service,-,-,-,-,-,-,-,-
Y62,RXR,EAST LANCASHIRE HOSPITALS NHS TRUST,C_170,Cardiothoracic Surgery Service,-,-,-,-,-,-,-,-
Y62,RXR,EAST LANCASHIRE HOSPITALS NHS TRUST,C_300,General Internal Medicine Service,3,3,100.00%,-,-,-,-,-
Y62,RXR,EAST LANCASHIRE HOSPITALS NHS TRUST,C_301,Gastroenterology Service,"5,195","2,308",44.40%,21,54.6,568,-,-
Y62,RXR,EAST LANCASHIRE HOSPITALS NHS TRUST,C_320,Cardiology Service,"4,815","2,040",42.40%,22.2,49.4,254,-,-
Y62,RXR,EAST LANCASHIRE HOSPITALS NHS TRUST,C_330,Dermatology Service,"2,751","1,298",47.20%,19.7,44.8,57,-,-
Y62,RXR,EAST LANCASHIRE HOSPITALS NHS TRUST,C_340,Respiratory Medicine Service,"1,143",996,87.10%,8.2,22,-,-,-
Y62,RXR,EAST LANCASHIRE HOSPITALS NHS TRUST,C_400,Neurology Service,-,-,-,-,-,-,-,-
Y62,RXR,EAST LANCASHIRE HOSPITALS NHS TRUST,C_410,Rheumatology Service,993,654,65.90%,12.6,32.4,-,-,-
Y62,RXR,EAST LANCASHIRE HOSPITALS NHS TRUST,C_430,Elderly Medicine Service,61,59,96.70%,6.2,13.4,-,-,-
Y62,RXR,EAST LANCASHIRE HOSPITALS NHS TRUST,C_502,Gynaecology Service,"6,591","3,281",49.80%,18.1,44.9,172,-,-
Y62,RXR,EAST LANCASHIRE HOSPITALS NHS TRUST,X02,Other - Medical Services,"4,616","2,713",58.80%,14.5,45.8,226,-,-
Y62,RXR,EAST LANCASHIRE HOSPITALS NHS TRUST,X03,Other - Mental Health Services,-,-,-,-,-,-,-,-
Y62,RXR,EAST LANCASHIRE HOSPITALS NHS TRUST,X04,Other - Paediatric Services,"3,407","1,924",56.50%,15.7,47.2,123,-,-
Y62,RXR,EAST LANCASHIRE HOSPITALS NHS TRUST,X05,Other - Surgical Services,"2,852","2,222",77.90%,10.5,26,8,-,-
Y62,RXR,EAST LANCASHIRE HOSPITALS NHS TRUST,X06,Other - Other Services,15,14,93.30%,-,-,-,-,-
Y63,R0B,SOUTH TYNESIDE AND SUNDERLAND NHS FOUNDATION TRUST,C_100,General Surgery Service,"4,855","3,793",78.10%,8.6,28.1,-,-,-
Y63,R0B,SOUTH TYNESIDE AND SUNDERLAND NHS FOUNDATION TRUST,C_101,Urology Service,"5,614","3,996",71.20%,10.8,31.6,1,-,-
Y63,R0B,SOUTH TYNESIDE AND SUNDERLAND NHS FOUNDATION TRUST,C_110,Trauma and Orthopaedic Service,"7,806","4,583",58.70%,14.9,37.7,54,-,-
Y63,R0B,SOUTH TYNESIDE AND SUNDERLAND NHS FOUNDATION TRUST,C_120,Ear Nose and Throat Service,"4,650","3,765",81.00%,8.8,25.8,-,-,-
Y63,R0B,SOUTH TYNESIDE AND SUNDERLAND NHS FOUNDATION TRUST,C_130,Ophthalmology Service,"8,405","6,252",74.40%,9.8,31.2,39,1,15
Y63,R0B,SOUTH TYNESIDE AND SUNDERLAND NHS FOUNDATION TRUST,C_140,Oral Surgery Service,"4,237","2,695",63.60%,13.1,36.5,4,-,-
Y63,R0B,SOUTH TYNESIDE AND SUNDERLAND NHS FOUNDATION TRUST,C_150,Neurosurgical Service,-,-,-,-,-,-,-,-
Y63,R0B,SOUTH TYNESIDE AND SUNDERLAND NHS FOUNDATION TRUST,C_160,Plastic Surgery Service,-,-,-,-,-,-,-,-
Y63,R0B,SOUTH TYNESIDE AND SUNDERLAND NHS FOUNDATION TRUST,C_170,Cardiothoracic Surgery Service,-,-,-,-,-,-,-,-
Y63,R0B,SOUTH TYNESIDE AND SUNDERLAND NHS FOUNDATION TRUST,C_300,General Internal Medicine Service,-,-,-,-,-,-,-,-
Y63,R0B,SOUTH TYNESIDE AND SUNDERLAND NHS FOUNDATION TRUST,C_301,Gastroenterology Service,"1,105","1,064",96.30%,3.5,13.5,-,-,-
Y63,R0B,SOUTH TYNESIDE AND SUNDERLAND NHS FOUNDATION TRUST,C_320,Cardiology Service,"2,096","1,641",78.30%,8.8,27,-,-,-
Y63,R0B,SOUTH TYNESIDE AND SUNDERLAND NHS FOUNDATION TRUST,C_330,Dermatology Service,-,-,-,-,-,-,-,-
Y63,R0B,SOUTH TYNESIDE AND SUNDERLAND NHS FOUNDATION TRUST,C_340,Respiratory Medicine Service,"2,391","1,862",77.90%,8.5,27,-,-,-
Y63,R0B,SOUTH TYNESIDE AND SUNDERLAND NHS FOUNDATION TRUST,C_400,Neurology Service,"1,084",954,88.00%,7.1,20,-,-,-
Y63,R0B,SOUTH TYNESIDE AND SUNDERLAND NHS FOUNDATION TRUST,C_410,Rheumatology Service,"1,427",987,69.20%,11,30.4,-,-,-
Y63,R0B,SOUTH TYNESIDE AND SUNDERLAND NHS FOUNDATION TRUST,C_430,Elderly Medicine Service,"1,052",955,90.80%,7.5,18.7,-,-,-
Y63,R0B,SOUTH TYNESIDE AND SUNDERLAND NHS FOUNDATION TRUST,C_502,Gynaecology Service,"3,179","2,634",82.90%,9.1,24.2,-,-,-
Y63,R0B,SOUTH TYNESIDE AND SUNDERLAND NHS FOUNDATION TRUST,X02,Other - Medical Services,"2,202","1,750",79.50%,8.2,29.8,-,-,-
Y63,R0B,SOUTH TYNESIDE AND SUNDERLAND NHS FOUNDATION TRUST,X03,Other - Mental Health Services,-,-,-,-,-,-,-,-
Y63,R0B,SOUTH TYNESIDE AND SUNDERLAND NHS FOUNDATION TRUST,X04,Other - Paediatric Services,"2,266","1,641",72.40%,8.8,34.9,-,-,-
Y63,R0B,SOUTH TYNESIDE AND SUNDERLAND NHS FOUNDATION TRUST,X05,Other - Surgical Services,143,91,63.60%,10.9,34.8,-,-,-
Y63,R0B,SOUTH TYNESIDE AND SUNDERLAND NHS FOUNDATION TRUST,X06,Other - Other Services,"5,706","5,030",88.20%,7.5,20.6,-,-,-
Y63,RAE,BRADFORD TEACHING HOSPITALS NHS FOUNDATION TRUST,C_100,General Surgery Service,703,363,51.60%,17.2,37.8,2,-,-
Y63,RAE,BRADFORD TEACHING HOSPITALS NHS FOUNDATION TRUST,C_101,Urology Service,"2,140","1,278",59.70%,14.6,36.5,3,-,-
Y63,RAE,BRADFORD TEACHING HOSPITALS NHS FOUNDATION TRUST,C_110,Trauma and Orthopaedic Service,"2,175","1,032",47.40%,19.3,45.5,96,1,9
Y63,RAE,BRADFORD TEACHING HOSPITALS NHS FOUNDATION TRUST,C_120,Ear Nose and Throat Service,"4,135","2,074",50.20%,17.9,40.7,45,-,-
Y63,RAE,BRADFORD TEACHING HOSPITALS NHS FOUNDATION TRUST,C_130,Ophthalmology Service,"2,568","1,680",65.40%,12.8,33.4,10,-,1
Y63,RAE,BRADFORD TEACHING HOSPITALS NHS FOUNDATION TRUST,C_140,Oral Surgery Service,"1,624",728,44.80%,19.8,36.6,6,-,-
Y63,RAE,BRADFORD TEACHING HOSPITALS NHS FOUNDATION TRUST,C_150,Neurosurgical Service,-,-,-,-,-,-,-,-
Y63,RAE,BRADFORD TEACHING HOSPITALS NHS FOUNDATION TRUST,C_160,Plastic Surgery Service,895,514,57.40%,15.8,36.5,7,-,1
Y63,RAE,BRADFORD TEACHING HOSPITALS NHS FOUNDATION TRUST,C_170,Cardiothoracic Surgery Service,-,-,-,-,-,-,-,-
Y63,RAE,BRADFORD TEACHING HOSPITALS NHS FOUNDATION TRUST,C_300,General Internal Medicine Service,47,36,76.60%,5.8,30.2,-,-,-
Y63,RAE,BRADFORD TEACHING HOSPITALS NHS FOUNDATION TRUST,C_301,Gastroenterology Service,"1,013",699,69.00%,10.2,31.9,1,-,-
Y63,RAE,BRADFORD TEACHING HOSPITALS NHS FOUNDATION TRUST,C_320,Cardiology Service,"1,326",829,62.50%,13.8,34.4,-,-,-
Y63,RAE,BRADFORD TEACHING HOSPITALS NHS FOUNDATION TRUST,C_330,Dermatology Service,994,898,90.30%,5.6,19.8,1,-,-
Y63,RAE,BRADFORD TEACHING HOSPITALS NHS FOUNDATION TRUST,C_340,Respiratory Medicine Service,"1,230",643,52.30%,16,38.3,2,-,-
Y63,RAE,BRADFORD TEACHING HOSPITALS NHS FOUNDATION TRUST,C_400,Neurology Service,947,539,56.90%,15.8,35.8,2,-,-
Y63,RAE,BRADFORD TEACHING HOSPITALS NHS FOUNDATION TRUST,C_410,Rheumatology Service,449,396,88.20%,6.1,20.6,-,-,-
Y63,RAE,BRADFORD TEACHING HOSPITALS NHS FOUNDATION TRUST,C_430,Elderly Medicine Service,66,59,89.40%,6.7,18.9,-,-,-
Y63,RAE,BRADFORD TEACHING HOSPITALS NHS FOUNDATION TRUST,C_502,Gynaecology Service,"2,949","1,928",65.40%,12.8,34.9,22,-,1
Y63,RAE,BRADFORD TEACHING HOSPITALS NHS FOUNDATION TRUST,X02,Other - Medical Services,"3,752","2,496",66.50%,12.9,33.2,1,-,-
Y63,RAE,BRADFORD TEACHING HOSPITALS NHS FOUNDATION TRUST,X03,Other - Mental Health Services,-,-,-,-,-,-,-,-
Y63,RAE,BRADFORD TEACHING HOSPITALS NHS FOUNDATION TRUST,X04,Other - Paediatric Services,"1,614",932,57.70%,15,39.9,11,-,-
Y63,RAE,BRADFORD TEACHING HOSPITALS NHS FOUNDATION TRUST,X05,Other - Surgical Services,"3,169","2,044",64.50%,12.2,34.4,6,-,-
Y63,RAE,BRADFORD TEACHING HOSPITALS NHS FOUNDATION TRUST,X06,Other - Other Services,458,383,83.60%,8.1,26.6,-,-,-
Y63,RCB,YORK AND SCARBOROUGH TEACHING HOSPITALS NHS FOUNDATION TRUST,C_100,General Surgery Service,32,28,87.50%,11,26.7,-,-,-
Y63,RCB,YORK AND SCARBOROUGH TEACHING HOSPITALS NHS FOUNDATION TRUST,C_101,Urology Service,"3,334","1,895",56.80%,15.1,44.4,78,-,1
Y63,RCB,YORK AND SCARBOROUGH TEACHING HOSPITALS NHS FOUNDATION TRUST,C_110,Trauma and Orthopaedic Service,"4,187","2,399",57.30%,15.3,41.8,82,-,-
Y63,RCB,YORK AND SCARBOROUGH TEACHING HOSPITALS NHS FOUNDATION TRUST,C_120,Ear Nose and Throat Service,"5,566","2,354",42.30%,21.1,44,143,-,-
Y63,RCB,YORK AND SCARBOROUGH TEACHING HOSPITALS NHS FOUNDATION TRUST,C_130,Ophthalmology Service,"4,939","3,103",62.80%,13.8,37,41,-,-
Y63,RCB,YORK AND SCARBOROUGH TEACHING HOSPITALS NHS FOUNDATION TRUST,C_140,Oral Surgery Service,"1,891",827,43.70%,21.7,52.7,156,-,7
Y63,RCB,YORK AND SCARBOROUGH TEACHING HOSPITALS NHS FOUNDATION TRUST,C_150,Neurosurgical Service,-,-,-,-,-,-,-,-
Y63,RCB,YORK AND SCARBOROUGH TEACHING HOSPITALS NHS FOUNDATION TRUST,C_160,Plastic Surgery Service,222,145,65.30%,12.8,36.1,3,-,-
Y63,RCB,YORK AND SCARBOROUGH TEACHING HOSPITALS NHS FOUNDATION TRUST,C_170,Cardiothoracic Surgery Service,-,-,-,-,-,-,-,-
Y63,RCB,YORK AND SCARBOROUGH TEACHING HOSPITALS NHS FOUNDATION TRUST,C_300,General Internal Medicine Service,10,9,90.00%,-,-,-,-,-
Y63,RCB,YORK AND SCARBOROUGH TEACHING HOSPITALS NHS FOUNDATION TRUST,C_301,Gastroenterology Service,"1,396",715,51.20%,17.6,49.8,90,-,-
Y63,RCB,YORK AND SCARBOROUGH TEACHING HOSPITALS NHS FOUNDATION TRUST,C_320,Cardiology Service,"2,116",920,43.50%,21.4,46.1,49,-,-
Y63,RCB,YORK AND SCARBOROUGH TEACHING HOSPITALS NHS FOUNDATION TRUST,C_330,Dermatology Service,"2,348",877,37.40%,23.2,41.1,20,-,-
Y63,RCB,YORK AND SCARBOROUGH TEACHING HOSPITALS NHS FOUNDATION TRUST,C_340,Respiratory Medicine Service,"1,216",627,51.60%,17.3,40.9,14,-,2
Y63,RCB,YORK AND SCARBOROUGH TEACHING HOSPITALS NHS FOUNDATION TRUST,C_400,Neurology Service,"1,672",703,42.00%,23.2,55.7,210,-,20
Y63,RCB,YORK AND SCARBOROUGH TEACHING HOSPITALS NHS FOUNDATION TRUST,C_410,Rheumatology Service,319,228,71.50%,10.2,32.4,4,-,-
Y63,RCB,YORK AND SCARBOROUGH TEACHING HOSPITALS NHS FOUNDATION TRUST,C_430,Elderly Medicine Service,111,109,98.20%,5.1,13.1,-,-,-
Y63,RCB,YORK AND SCARBOROUGH TEACHING HOSPITALS NHS FOUNDATION TRUST,C_502,Gynaecology Service,"2,610","1,426",54.60%,16.6,46.6,92,-,3
Y63,RCB,YORK AND SCARBOROUGH TEACHING HOSPITALS NHS FOUNDATION TRUST,X02,Other - Medical Services,"5,012","2,836",56.60%,15.5,40.2,49,-,-
Y63,RCB,YORK AND SCARBOROUGH TEACHING HOSPITALS NHS FOUNDATION TRUST,X03,Other - Mental Health Services,-,-,-,-,-,-,-,-
Y63,RCB,YORK AND SCARBOROUGH TEACHING HOSPITALS NHS FOUNDATION TRUST,X04,Other - Paediatric Services,-,-,-,-,-,-,-,-
Y63,RCB,YORK AND SCARBOROUGH TEACHING HOSPITALS NHS FOUNDATION TRUST,X05,Other - Surgical Services,"5,477","3,641",66.50%,11.3,39.4,97,-,1
Y63,RCB,YORK AND SCARBOROUGH TEACHING HOSPITALS NHS FOUNDATION TRUST,X06,Other - Other Services,91,78,85.70%,11.3,23.4,-,-,-
Y63,RCD,HARROGATE AND DISTRICT NHS FOUNDATION TRUST,C_100,General Surgery Service,"2,091","1,361",65.10%,12,36,20,-,-
Y63,RCD,HARROGATE AND DISTRICT NHS FOUNDATION TRUST,C_101,Urology Service,992,762,76.80%,8.1,33,5,-,-
Y63,RCD,HARROGATE AND DISTRICT NHS FOUNDATION TRUST,C_110,Trauma and Orthopaedic Service,"3,368","2,024",60.10%,14.4,40.8,50,-,-
Y63,RCD,HARROGATE AND DISTRICT NHS FOUNDATION TRUST,C_120,Ear Nose and Throat Service,"2,864","1,750",61.10%,14.8,37,32,-,-
Y63,RCD,HARROGATE AND DISTRICT NHS FOUNDATION TRUST,C_130,Ophthalmology Service,"1,812","1,211",66.80%,11.5,45.3,71,-,-
Y63,RCD,HARROGATE AND DISTRICT NHS FOUNDATION TRUST,C_140,Oral Surgery Service,793,510,64.30%,12,38.6,23,-,-
Y63,RCD,HARROGATE AND DISTRICT NHS FOUNDATION TRUST,C_150,Neurosurgical Service,-,-,-,-,-,-,-,-
Y63,RCD,HARROGATE AND DISTRICT NHS FOUNDATION TRUST,C_160,Plastic Surgery Service,-,-,-,-,-,-,-,-
Y63,RCD,HARROGATE AND DISTRICT NHS FOUNDATION TRUST,C_170,Cardiothoracic Surgery Service,-,-,-,-,-,-,-,-
Y63,RCD,HARROGATE AND DISTRICT NHS FOUNDATION TRUST,C_300,General Internal Medicine Service,3,3,100.00%,-,-,-,-,-
Y63,RCD,HARROGATE AND DISTRICT NHS FOUNDATION TRUST,C_301,Gastroenterology Service,837,559,66.80%,12.4,27.6,1,-,-
Y63,RCD,HARROGATE AND DISTRICT NHS FOUNDATION TRUST,C_320,Cardiology Service,"1,014",677,66.80%,12.7,32,1,-,-
Y63,RCD,HARROGATE AND DISTRICT NHS FOUNDATION TRUST,C_330,Dermatology Service,"1,928","1,603",83.10%,9.1,23.7,-,-,-
Y63,RCD,HARROGATE AND DISTRICT NHS FOUNDATION TRUST,C_340,Respiratory Medicine Service,334,254,76.00%,9,25.2,-,-,-
Y63,RCD,HARROGATE AND DISTRICT NHS FOUNDATION TRUST,C_400,Neurology Service,786,477,60.70%,14.5,32.3,1,-,-
Y63,RCD,HARROGATE AND DISTRICT NHS FOUNDATION TRUST,C_410,Rheumatology Service,379,305,80.50%,8.7,23.9,-,-,-
Y63,RCD,HARROGATE AND DISTRICT NHS FOUNDATION TRUST,C_430,Elderly Medicine Service,48,43,89.60%,4.8,19.1,-,-,-
Y63,RCD,HARROGATE AND DISTRICT NHS FOUNDATION TRUST,C_502,Gynaecology Service,"1,770","1,031",58.20%,14.8,38,46,-,-
Y63,RCD,HARROGATE AND DISTRICT NHS FOUNDATION TRUST,X02,Other - Medical Services,990,794,80.20%,8.7,25,-,-,-
Y63,RCD,HARROGATE AND DISTRICT NHS FOUNDATION TRUST,X03,Other - Mental Health Services,-,-,-,-,-,-,-,-
Y63,RCD,HARROGATE AND DISTRICT NHS FOUNDATION TRUST,X04,Other - Paediatric Services,725,551,76.00%,10.1,25.4,-,-,-
Y63,RCD,HARROGATE AND DISTRICT NHS FOUNDATION TRUST,X05,Other - Surgical Services,727,500,68.80%,9.5,34.1,11,-,-
Y63,RCD,HARROGATE AND DISTRICT NHS FOUNDATION TRUST,X06,Other - Other Services,153,76,49.70%,18.1,37.9,-,-,-
Y63,RCF,AIREDALE NHS FOUNDATION TRUST,C_100,General Surgery Service,"1,876","1,283",68.40%,10.2,35.7,36,-,1
Y63,RCF,AIREDALE NHS FOUNDATION TRUST,C_101,Urology Service,"1,049",793,75.60%,8.7,36.7,16,-,-
Y63,RCF,AIREDALE NHS FOUNDATION TRUST,C_110,Trauma and Orthopaedic Service,"1,554",943,60.70%,13.3,49.1,83,-,-
Y63,RCF,AIREDALE NHS FOUNDATION TRUST,C_120,Ear Nose and Throat Service,912,647,70.90%,10.5,34,5,-,-
Y63,RCF,AIREDALE NHS FOUNDATION TRUST,C_130,Ophthalmology Service,599,543,90.70%,6.8,18.7,-,-,-
Y63,RCF,AIREDALE NHS FOUNDATION TRUST,C_140,Oral Surgery Service,197,175,88.80%,3.6,21.2,-,-,-
Y63,RCF,AIREDALE NHS FOUNDATION TRUST,C_150,Neurosurgical Service,-,-,-,-,-,-,-,-
Y63,RCF,AIREDALE NHS FOUNDATION TRUST,C_160,Plastic Surgery Service,131,74,56.50%,13.9,52.4,13,-,-
Y63,RCF,AIREDALE NHS FOUNDATION TRUST,C_170,Cardiothoracic Surgery Service,-,-,-,-,-,-,-,-
Y63,RCF,AIREDALE NHS FOUNDATION TRUST,C_300,General Internal Medicine Service,10,8,80.00%,-,-,-,-,-
Y63,RCF,AIREDALE NHS FOUNDATION TRUST,C_301,Gastroenterology Service,832,544,65.40%,11.7,40.5,7,-,-
Y63,RCF,AIREDALE NHS FOUNDATION TRUST,C_320,Cardiology Service,"1,222",903,73.90%,10.2,32.9,2,-,-
Y63,RCF,AIREDALE NHS FOUNDATION TRUST,C_330,Dermatology Service,62,61,98.40%,3.5,12,-,-,-
Y63,RCF,AIREDALE NHS FOUNDATION TRUST,C_340,Respiratory Medicine Service,666,485,72.80%,9.1,33.1,1,-,-
Y63,RCF,AIREDALE NHS FOUNDATION TRUST,C_400,Neurology Service,"1,140",559,49.00%,18.4,41.8,31,-,-
Y63,RCF,AIREDALE NHS FOUNDATION TRUST,C_410,Rheumatology Service,326,292,89.60%,8.7,20.4,-,-,-
Y63,RCF,AIREDALE NHS FOUNDATION TRUST,C_430,Elderly Medicine Service,40,36,90.00%,4,25.4,-,-,-
Y63,RCF,AIREDALE NHS FOUNDATION TRUST,C_502,Gynaecology Service,"1,621",918,56.60%,14.6,43,29,-,-
Y63,RCF,AIREDALE NHS FOUNDATION TRUST,X02,Other - Medical Services,988,850,86.00%,7.8,20.4,1,-,-
Y63,RCF,AIREDALE NHS FOUNDATION TRUST,X03,Other - Mental Health Services,-,-,-,-,-,-,-,-
Y63,RCF,AIREDALE NHS FOUNDATION TRUST,X04,Other - Paediatric Services,586,402,68.60%,10.2,35.4,8,-,-
Y63,RCF,AIREDALE NHS FOUNDATION TRUST,X05,Other - Surgical Services,73,63,86.30%,6.7,25.3,1,-,-
Y63,RCF,AIREDALE NHS FOUNDATION TRUST,X06,Other - Other Services,-,-,-,-,-,-,-,-
Y63,RCU,SHEFFIELD CHILDREN'S NHS FOUNDATION TRUST,C_100,General Surgery Service,-,-,-,-,-,-,-,-
Y63,RCU,SHEFFIELD CHILDREN'S NHS FOUNDATION TRUST,C_101,Urology Service,-,-,-,-,-,-,-,-
Y63,RCU,SHEFFIELD CHILDREN'S NHS FOUNDATION TRUST,C_110,Trauma and Orthopaedic Service,-,-,-,-,-,-,-,-
Y63,RCU,SHEFFIELD CHILDREN'S NHS FOUNDATION TRUST,C_120,Ear Nose and Throat Service,-,-,-,-,-,-,-,-
Y63,RCU,SHEFFIELD CHILDREN'S NHS FOUNDATION TRUST,C_130,Ophthalmology Service,-,-,-,-,-,-,-,-
Y63,RCU,SHEFFIELD CHILDREN'S NHS FOUNDATION TRUST,C_140,Oral Surgery Service,139,31,22.30%,31.9,53.5,17,-,-
Y63,RCU,SHEFFIELD CHILDREN'S NHS FOUNDATION TRUST,C_150,Neurosurgical Service,-,-,-,-,-,-,-,-
Y63,RCU,SHEFFIELD CHILDREN'S NHS FOUNDATION TRUST,C_160,Plastic Surgery Service,-,-,-,-,-,-,-,-
Y63,RCU,SHEFFIELD CHILDREN'S NHS FOUNDATION TRUST,C_170,Cardiothoracic Surgery Service,-,-,-,-,-,-,-,-
Y63,RCU,SHEFFIELD CHILDREN'S NHS FOUNDATION TRUST,C_300,General Internal Medicine Service,-,-,-,-,-,-,-,-
Y63,RCU,SHEFFIELD CHILDREN'S NHS FOUNDATION TRUST,C_301,Gastroenterology Service,-,-,-,-,-,-,-,-
Y63,RCU,SHEFFIELD CHILDREN'S NHS FOUNDATION TRUST,C_320,Cardiology Service,-,-,-,-,-,-,-,-
Y63,RCU,SHEFFIELD CHILDREN'S NHS FOUNDATION TRUST,C_330,Dermatology Service,-,-,-,-,-,-,-,-
Y63,RCU,SHEFFIELD CHILDREN'S NHS FOUNDATION TRUST,C_340,Respiratory Medicine Service,-,-,-,-,-,-,-,-
Y63,RCU,SHEFFIELD CHILDREN'S NHS FOUNDATION TRUST,C_400,Neurology Service,-,-,-,-,-,-,-,-
Y63,RCU,SHEFFIELD CHILDREN'S NHS FOUNDATION TRUST,C_410,Rheumatology Service,-,-,-,-,-,-,-,-
Y63,RCU,SHEFFIELD CHILDREN'S NHS FOUNDATION TRUST,C_430,Elderly Medicine Service,-,-,-,-,-,-,-,-
Y63,RCU,SHEFFIELD CHILDREN'S NHS FOUNDATION TRUST,C_502,Gynaecology Service,-,-,-,-,-,-,-,-
Y63,RCU,SHEFFIELD CHILDREN'S NHS FOUNDATION TRUST,X02,Other - Medical Services,-,-,-,-,-,-,-,-
Y63,RCU,SHEFFIELD CHILDREN'S NHS FOUNDATION TRUST,X03,Other - Mental Health Services,-,-,-,-,-,-,-,-
Y63,RCU,SHEFFIELD CHILDREN'S NHS FOUNDATION TRUST,X04,Other - Paediatric Services,"12,022","7,887",65.60%,11.3,40.5,367,6,74
Y63,RCU,SHEFFIELD CHILDREN'S NHS FOUNDATION TRUST,X05,Other - Surgical Services,-,-,-,-,-,-,-,-
Y63,RCU,SHEFFIELD CHILDREN'S NHS FOUNDATION TRUST,X06,Other - Other Services,-,-,-,-,-,-,-,-
Y63,RFF,BARNSLEY HOSPITAL NHS FOUNDATION TRUST,C_100,General Surgery Service,"1,621","1,246",76.90%,7.5,30.2,7,-,1
Y63,RFF,BARNSLEY HOSPITAL NHS FOUNDATION TRUST,C_101,Urology Service,"1,276",905,70.90%,11.6,33.3,1,-,-
Y63,RFF,BARNSLEY HOSPITAL NHS FOUNDATION TRUST,C_110,Trauma and Orthopaedic Service,"2,814","1,586",56.40%,16,39.4,55,-,1
Y63,RFF,BARNSLEY HOSPITAL NHS FOUNDATION TRUST,C_120,Ear Nose and Throat Service,"2,398","1,889",78.80%,10.2,23.9,1,-,-
Y63,RFF,BARNSLEY HOSPITAL NHS FOUNDATION TRUST,C_130,Ophthalmology Service,"2,324","2,093",90.10%,6.7,19.5,-,-,-
Y63,RFF,BARNSLEY HOSPITAL NHS FOUNDATION TRUST,C_140,Oral Surgery Service,"1,645",962,58.50%,15,40.9,10,-,-
Y63,RFF,BARNSLEY HOSPITAL NHS FOUNDATION TRUST,C_150,Neurosurgical Service,-,-,-,-,-,-,-,-
Y63,RFF,BARNSLEY HOSPITAL NHS FOUNDATION TRUST,C_160,Plastic Surgery Service,-,-,-,-,-,-,-,-
Y63,RFF,BARNSLEY HOSPITAL NHS FOUNDATION TRUST,C_170,Cardiothoracic Surgery Service,-,-,-,-,-,-,-,-
Y63,RFF,BARNSLEY HOSPITAL NHS FOUNDATION TRUST,C_300,General Internal Medicine Service,41,39,95.10%,7.8,17.4,-,-,-
Y63,RFF,BARNSLEY HOSPITAL NHS FOUNDATION TRUST,C_301,Gastroenterology Service,"1,427","1,166",81.70%,9.5,22.5,-,-,-
Y63,RFF,BARNSLEY HOSPITAL NHS FOUNDATION TRUST,C_320,Cardiology Service,"1,014",933,92.00%,8.2,18,-,-,-
Y63,RFF,BARNSLEY HOSPITAL NHS FOUNDATION TRUST,C_330,Dermatology Service,"1,977","1,205",61.00%,14.7,30.9,-,-,-
Y63,RFF,BARNSLEY HOSPITAL NHS FOUNDATION TRUST,C_340,Respiratory Medicine Service,414,390,94.20%,6.5,15.6,-,-,-
Y63,RFF,BARNSLEY HOSPITAL NHS FOUNDATION TRUST,C_400,Neurology Service,-,-,-,-,-,-,-,-
Y63,RFF,BARNSLEY HOSPITAL NHS FOUNDATION TRUST,C_410,Rheumatology Service,276,259,93.80%,6.4,17.5,-,-,-
Y63,RFF,BARNSLEY HOSPITAL NHS FOUNDATION TRUST,C_430,Elderly Medicine Service,190,181,95.30%,6.9,16.3,-,-,-
Y63,RFF,BARNSLEY HOSPITAL NHS FOUNDATION TRUST,C_502,Gynaecology Service,"2,648","1,598",60.30%,14.5,35.4,18,-,-
Y63,RFF,BARNSLEY HOSPITAL NHS FOUNDATION TRUST,X02,Other - Medical Services,"1,072",754,70.30%,11.1,30.9,-,-,-
Y63,RFF,BARNSLEY HOSPITAL NHS FOUNDATION TRUST,X03,Other - Mental Health Services,-,-,-,-,-,-,-,-
Y63,RFF,BARNSLEY HOSPITAL NHS FOUNDATION TRUST,X04,Other - Paediatric Services,767,660,86.00%,8.9,21.2,-,-,-
Y63,RFF,BARNSLEY HOSPITAL NHS FOUNDATION TRUST,X05,Other - Surgical Services,-,-,-,-,-,-,-,-
Y63,RFF,BARNSLEY HOSPITAL NHS FOUNDATION TRUST,X06,Other - Other Services,199,189,95.00%,10.7,16.9,-,-,-
Y63,RFR,THE ROTHERHAM NHS FOUNDATION TRUST,C_100,General Surgery Service,"1,737",913,52.60%,17.1,47.6,86,-,-
Y63,RFR,THE ROTHERHAM NHS FOUNDATION TRUST,C_101,Urology Service,"2,120","1,299",61.30%,13.1,36.6,16,-,-
Y63,RFR,THE ROTHERHAM NHS FOUNDATION TRUST,C_110,Trauma and Orthopaedic Service,"4,774","2,216",46.40%,19.7,49.8,303,-,3
Y63,RFR,THE ROTHERHAM NHS FOUNDATION TRUST,C_120,Ear Nose and Throat Service,"2,787","1,697",60.90%,13.6,46,122,-,-
Y63,RFR,THE ROTHERHAM NHS FOUNDATION TRUST,C_130,Ophthalmology Service,"1,351","1,150",85.10%,6.1,29.5,11,-,-
Y63,RFR,THE ROTHERHAM NHS FOUNDATION TRUST,C_140,Oral Surgery Service,"3,250","1,417",43.60%,21.2,50.2,200,-,-
Y63,RFR,THE ROTHERHAM NHS FOUNDATION TRUST,C_150,Neurosurgical Service,-,-,-,-,-,-,-,-
Y63,RFR,THE ROTHERHAM NHS FOUNDATION TRUST,C_160,Plastic Surgery Service,-,-,-,-,-,-,-,-
Y63,RFR,THE ROTHERHAM NHS FOUNDATION TRUST,C_170,Cardiothoracic Surgery Service,-,-,-,-,-,-,-,-
Y63,RFR,THE ROTHERHAM NHS FOUNDATION TRUST,C_300,General Internal Medicine Service,24,22,91.70%,7,18.1,-,-,-
Y63,RFR,THE ROTHERHAM NHS FOUNDATION TRUST,C_301,Gastroenterology Service,"1,605","1,170",72.90%,11.6,28.3,1,-,-
Y63,RFR,THE ROTHERHAM NHS FOUNDATION TRUST,C_320,Cardiology Service,"1,894","1,472",77.70%,11.1,33.2,4,-,-
Y63,RFR,THE ROTHERHAM NHS FOUNDATION TRUST,C_330,Dermatology Service,"2,195","1,661",75.70%,11.4,27.7,-,-,-
Y63,RFR,THE ROTHERHAM NHS FOUNDATION TRUST,C_340,Respiratory Medicine Service,"1,359","1,271",93.50%,8.7,17.4,-,-,-
Y63,RFR,THE ROTHERHAM NHS FOUNDATION TRUST,C_400,Neurology Service,-,-,-,-,-,-,-,-
Y63,RFR,THE ROTHERHAM NHS FOUNDATION TRUST,C_410,Rheumatology Service,892,768,86.10%,10.5,21.1,1,-,-
Y63,RFR,THE ROTHERHAM NHS FOUNDATION TRUST,C_430,Elderly Medicine Service,48,48,100.00%,2.5,13,-,-,-
Y63,RFR,THE ROTHERHAM NHS FOUNDATION TRUST,C_502,Gynaecology Service,"3,743","2,035",54.40%,16.1,44.7,138,-,-
Y63,RFR,THE ROTHERHAM NHS FOUNDATION TRUST,X02,Other - Medical Services,825,683,82.80%,9.1,24.9,-,-,-
Y63,RFR,THE ROTHERHAM NHS FOUNDATION TRUST,X03,Other - Mental Health Services,-,-,-,-,-,-,-,-
Y63,RFR,THE ROTHERHAM NHS FOUNDATION TRUST,X04,Other - Paediatric Services,731,683,93.40%,7.8,17.3,-,-,-
Y63,RFR,THE ROTHERHAM NHS FOUNDATION TRUST,X05,Other - Surgical Services,"1,891","1,386",73.30%,8.3,34.8,21,-,-
Y63,RFR,THE ROTHERHAM NHS FOUNDATION TRUST,X06,Other - Other Services,-,-,-,-,-,-,-,-
Y63,RHQ,SHEFFIELD TEACHING HOSPITALS NHS FOUNDATION TRUST,C_100,General Surgery Service,"1,447",791,54.70%,15.8,48.5,85,-,17
Y63,RHQ,SHEFFIELD TEACHING HOSPITALS NHS FOUNDATION TRUST,C_101,Urology Service,"5,560","2,769",49.80%,18.1,48.9,236,-,-
Y63,RHQ,SHEFFIELD TEACHING HOSPITALS NHS FOUNDATION TRUST,C_110,Trauma and Orthopaedic Service,"9,513","6,131",64.40%,13.7,36.3,60,-,2
Y63,RHQ,SHEFFIELD TEACHING HOSPITALS NHS FOUNDATION TRUST,C_120,Ear Nose and Throat Service,"4,525","2,463",54.40%,16.3,40.3,112,-,1
Y63,RHQ,SHEFFIELD TEACHING HOSPITALS NHS FOUNDATION TRUST,C_130,Ophthalmology Service,"4,820","3,968",82.30%,8.8,27.2,53,1,20
Y63,RHQ,SHEFFIELD TEACHING HOSPITALS NHS FOUNDATION TRUST,C_140,Oral Surgery Service,"4,671","2,299",49.20%,18.3,41,54,-,-
Y63,RHQ,SHEFFIELD TEACHING HOSPITALS NHS FOUNDATION TRUST,C_150,Neurosurgical Service,"1,635","1,054",64.50%,12.6,36.2,27,-,-
Y63,RHQ,SHEFFIELD TEACHING HOSPITALS NHS FOUNDATION TRUST,C_160,Plastic Surgery Service,"3,320","1,807",54.40%,16.1,44.6,124,-,-
Y63,RHQ,SHEFFIELD TEACHING HOSPITALS NHS FOUNDATION TRUST,C_170,Cardiothoracic Surgery Service,506,445,87.90%,7.4,20.2,-,-,-
Y63,RHQ,SHEFFIELD TEACHING HOSPITALS NHS FOUNDATION TRUST,C_300,General Internal Medicine Service,25,23,92.00%,5.5,9,-,-,-
Y63,RHQ,SHEFFIELD TEACHING HOSPITALS NHS FOUNDATION TRUST,C_301,Gastroenterology Service,"3,516","2,335",66.40%,11.3,34,7,-,-
Y63,RHQ,SHEFFIELD TEACHING HOSPITALS NHS FOUNDATION TRUST,C_320,Cardiology Service,"5,199","3,258",62.70%,12.6,38,75,-,-
Y63,RHQ,SHEFFIELD TEACHING HOSPITALS NHS FOUNDATION TRUST,C_330,Dermatology Service,"4,509","2,059",45.70%,20.1,46.2,75,-,1
Y63,RHQ,SHEFFIELD TEACHING HOSPITALS NHS FOUNDATION TRUST,C_340,Respiratory Medicine Service,"1,998","1,345",67.30%,10.9,34.1,-,-,-
Y63,RHQ,SHEFFIELD TEACHING HOSPITALS NHS FOUNDATION TRUST,C_400,Neurology Service,"7,963","3,548",44.60%,20.8,49.3,467,5,93
Y63,RHQ,SHEFFIELD TEACHING HOSPITALS NHS FOUNDATION TRUST,C_410,Rheumatology Service,"1,382","1,040",75.30%,9.7,27.2,5,-,-
Y63,RHQ,SHEFFIELD TEACHING HOSPITALS NHS FOUNDATION TRUST,C_430,Elderly Medicine Service,71,65,91.50%,4.9,18.3,-,-,-
Y63,RHQ,SHEFFIELD TEACHING HOSPITALS NHS FOUNDATION TRUST,C_502,Gynaecology Service,"6,453","3,730",57.80%,14,47.7,359,-,7
Y63,RHQ,SHEFFIELD TEACHING HOSPITALS NHS FOUNDATION TRUST,X02,Other - Medical Services,"12,160","8,387",69.00%,10.9,36.5,114,-,2
Y63,RHQ,SHEFFIELD TEACHING HOSPITALS NHS FOUNDATION TRUST,X03,Other - Mental Health Services,-,-,-,-,-,-,-,-
Y63,RHQ,SHEFFIELD TEACHING HOSPITALS NHS FOUNDATION TRUST,X04,Other - Paediatric Services,-,-,-,-,-,-,-,-
Y63,RHQ,SHEFFIELD TEACHING HOSPITALS NHS FOUNDATION TRUST,X05,Other - Surgical Services,"10,387","6,762",65.10%,11.7,38.2,153,-,1
Y63,RHQ,SHEFFIELD TEACHING HOSPITALS NHS FOUNDATION TRUST,X06,Other - Other Services,"4,756","3,999",84.10%,6.3,24.9,21,-,2
Y63,RJL,NORTHERN LINCOLNSHIRE AND GOOLE NHS FOUNDATION TRUST,C_100,General Surgery Service,"3,976","2,742",69.00%,10.6,35.6,24,-,1
Y63,RJL,NORTHERN LINCOLNSHIRE AND GOOLE NHS FOUNDATION TRUST,C_101,Urology Service,"3,549","2,166",61.00%,12.1,46.4,86,-,1
Y63,RJL,NORTHERN LINCOLNSHIRE AND GOOLE NHS FOUNDATION TRUST,C_110,Trauma and Orthopaedic Service,"4,184","2,234",53.40%,16.9,45,114,-,-
Y63,RJL,NORTHERN LINCOLNSHIRE AND GOOLE NHS FOUNDATION TRUST,C_120,Ear Nose and Throat Service,"6,562","3,157",48.10%,19,46.9,188,-,1
Y63,RJL,NORTHERN LINCOLNSHIRE AND GOOLE NHS FOUNDATION TRUST,C_130,Ophthalmology Service,"4,427","2,872",64.90%,12.3,37.8,11,-,-
Y63,RJL,NORTHERN LINCOLNSHIRE AND GOOLE NHS FOUNDATION TRUST,C_140,Oral Surgery Service,"1,873","1,130",60.30%,13.2,41.4,28,-,1
Y63,RJL,NORTHERN LINCOLNSHIRE AND GOOLE NHS FOUNDATION TRUST,C_150,Neurosurgical Service,-,-,-,-,-,-,-,-
Y63,RJL,NORTHERN LINCOLNSHIRE AND GOOLE NHS FOUNDATION TRUST,C_160,Plastic Surgery Service,4,3,75.00%,-,-,-,-,-
Y63,RJL,NORTHERN LINCOLNSHIRE AND GOOLE NHS FOUNDATION TRUST,C_170,Cardiothoracic Surgery Service,1,1,100.00%,-,-,-,-,-
Y63,RJL,NORTHERN LINCOLNSHIRE AND GOOLE NHS FOUNDATION TRUST,C_300,General Internal Medicine Service,92,68,73.90%,8,32.3,-,-,-
Y63,RJL,NORTHERN LINCOLNSHIRE AND GOOLE NHS FOUNDATION TRUST,C_301,Gastroenterology Service,"2,406","1,694",70.40%,12.3,27.4,4,-,1
Y63,RJL,NORTHERN LINCOLNSHIRE AND GOOLE NHS FOUNDATION TRUST,C_320,Cardiology Service,"3,361","2,315",68.90%,12.3,31.1,8,-,-
Y63,RJL,NORTHERN LINCOLNSHIRE AND GOOLE NHS FOUNDATION TRUST,C_330,Dermatology Service,-,-,-,-,-,-,-,-
Y63,RJL,NORTHERN LINCOLNSHIRE AND GOOLE NHS FOUNDATION TRUST,C_340,Respiratory Medicine Service,"1,941","1,163",59.90%,13.6,37.4,3,-,-
Y63,RJL,NORTHERN LINCOLNSHIRE AND GOOLE NHS FOUNDATION TRUST,C_400,Neurology Service,-,-,-,-,-,-,-,-
Y63,RJL,NORTHERN LINCOLNSHIRE AND GOOLE NHS FOUNDATION TRUST,C_410,Rheumatology Service,877,505,57.60%,15.6,32.3,-,-,-
Y63,RJL,NORTHERN LINCOLNSHIRE AND GOOLE NHS FOUNDATION TRUST,C_430,Elderly Medicine Service,228,216,94.70%,6,15,-,-,-
Y63,RJL,NORTHERN LINCOLNSHIRE AND GOOLE NHS FOUNDATION TRUST,C_502,Gynaecology Service,"3,774","2,378",63.00%,12.6,42.4,109,-,2
Y63,RJL,NORTHERN LINCOLNSHIRE AND GOOLE NHS FOUNDATION TRUST,X02,Other - Medical Services,"3,376","2,034",60.20%,13.9,39,78,-,2
Y63,RJL,NORTHERN LINCOLNSHIRE AND GOOLE NHS FOUNDATION TRUST,X03,Other - Mental Health Services,1,1,100.00%,-,-,-,-,-
Y63,RJL,NORTHERN LINCOLNSHIRE AND GOOLE NHS FOUNDATION TRUST,X04,Other - Paediatric Services,681,364,53.50%,16.8,38.8,2,-,-
Y63,RJL,NORTHERN LINCOLNSHIRE AND GOOLE NHS FOUNDATION TRUST,X05,Other - Surgical Services,723,610,84.40%,3.4,32.4,5,-,-
Y63,RJL,NORTHERN LINCOLNSHIRE AND GOOLE NHS FOUNDATION TRUST,X06,Other - Other Services,473,369,78.00%,9.3,32.9,8,-,-
Y63,RNN,NORTH CUMBRIA INTEGRATED CARE NHS FOUNDATION TRUST,C_100,General Surgery Service,978,504,51.50%,17.4,42.6,11,-,-
Y63,RNN,NORTH CUMBRIA INTEGRATED CARE NHS FOUNDATION TRUST,C_101,Urology Service,"2,345","1,416",60.40%,13.9,40.5,20,-,1
Y63,RNN,NORTH CUMBRIA INTEGRATED CARE NHS FOUNDATION TRUST,C_110,Trauma and Orthopaedic Service,"3,456","1,736",50.20%,17.9,46.6,147,-,-
Y63,RNN,NORTH CUMBRIA INTEGRATED CARE NHS FOUNDATION TRUST,C_120,Ear Nose and Throat Service,"4,855","1,969",40.60%,24.2,49.3,190,-,1
Y63,RNN,NORTH CUMBRIA INTEGRATED CARE NHS FOUNDATION TRUST,C_130,Ophthalmology Service,"2,886","1,877",65.00%,13,32,18,-,3
Y63,RNN,NORTH CUMBRIA INTEGRATED CARE NHS FOUNDATION TRUST,C_140,Oral Surgery Service,996,644,64.70%,13.1,38.8,10,-,-
Y63,RNN,NORTH CUMBRIA INTEGRATED CARE NHS FOUNDATION TRUST,C_150,Neurosurgical Service,-,-,-,-,-,-,-,-
Y63,RNN,NORTH CUMBRIA INTEGRATED CARE NHS FOUNDATION TRUST,C_160,Plastic Surgery Service,-,-,-,-,-,-,-,-
Y63,RNN,NORTH CUMBRIA INTEGRATED CARE NHS FOUNDATION TRUST,C_170,Cardiothoracic Surgery Service,-,-,-,-,-,-,-,-
Y63,RNN,NORTH CUMBRIA INTEGRATED CARE NHS FOUNDATION TRUST,C_300,General Internal Medicine Service,109,61,56.00%,14.3,45.8,3,-,-
Y63,RNN,NORTH CUMBRIA INTEGRATED CARE NHS FOUNDATION TRUST,C_301,Gastroenterology Service,"1,939","1,031",53.20%,16.6,39.6,10,-,-
Y63,RNN,NORTH CUMBRIA INTEGRATED CARE NHS FOUNDATION TRUST,C_320,Cardiology Service,"2,318","1,449",62.50%,12.8,36.2,8,-,-
Y63,RNN,NORTH CUMBRIA INTEGRATED CARE NHS FOUNDATION TRUST,C_330,Dermatology Service,"3,403","1,657",48.70%,18.6,49.2,179,-,-
Y63,RNN,NORTH CUMBRIA INTEGRATED CARE NHS FOUNDATION TRUST,C_340,Respiratory Medicine Service,826,492,59.60%,14.2,39.2,-,-,-
Y63,RNN,NORTH CUMBRIA INTEGRATED CARE NHS FOUNDATION TRUST,C_400,Neurology Service,"2,649","1,091",41.20%,22,47.5,164,-,1
Y63,RNN,NORTH CUMBRIA INTEGRATED CARE NHS FOUNDATION TRUST,C_410,Rheumatology Service,"1,146",632,55.10%,15.9,36.6,16,-,-
Y63,RNN,NORTH CUMBRIA INTEGRATED CARE NHS FOUNDATION TRUST,C_430,Elderly Medicine Service,384,219,57.00%,16,35.8,2,-,-
Y63,RNN,NORTH CUMBRIA INTEGRATED CARE NHS FOUNDATION TRUST,C_502,Gynaecology Service,"2,878","1,611",56.00%,15,47.8,147,-,-
Y63,RNN,NORTH CUMBRIA INTEGRATED CARE NHS FOUNDATION TRUST,X02,Other - Medical Services,"1,622","1,030",63.50%,12.8,33.3,2,-,-
Y63,RNN,NORTH CUMBRIA INTEGRATED CARE NHS FOUNDATION TRUST,X03,Other - Mental Health Services,-,-,-,-,-,-,-,-
Y63,RNN,NORTH CUMBRIA INTEGRATED CARE NHS FOUNDATION TRUST,X04,Other - Paediatric Services,278,264,95.00%,3.9,15.8,-,-,-
Y63,RNN,NORTH CUMBRIA INTEGRATED CARE NHS FOUNDATION TRUST,X05,Other - Surgical Services,"4,381","2,871",65.50%,11.8,39.8,67,-,-
Y63,RNN,NORTH CUMBRIA INTEGRATED CARE NHS FOUNDATION TRUST,X06,Other - Other Services,"1,817","1,485",81.70%,7,27.9,1,-,-
Y63,RP5,DONCASTER AND BASSETLAW TEACHING HOSPITALS NHS FOUNDATION TRUST,C_100,General Surgery Service,"2,926","2,266",77.40%,9,27.4,2,-,-
Y63,RP5,DONCASTER AND BASSETLAW TEACHING HOSPITALS NHS FOUNDATION TRUST,C_101,Urology Service,"3,227","1,902",58.90%,14.2,42.3,59,-,2
Y63,RP5,DONCASTER AND BASSETLAW TEACHING HOSPITALS NHS FOUNDATION TRUST,C_110,Trauma and Orthopaedic Service,"10,601","5,552",52.40%,16.8,49.8,675,1,75
Y63,RP5,DONCASTER AND BASSETLAW TEACHING HOSPITALS NHS FOUNDATION TRUST,C_120,Ear Nose and Throat Service,"7,601","3,076",40.50%,23.5,51.6,566,57,155
Y63,RP5,DONCASTER AND BASSETLAW TEACHING HOSPITALS NHS FOUNDATION TRUST,C_130,Ophthalmology Service,"3,952","2,325",58.80%,14.9,38.8,31,2,4
Y63,RP5,DONCASTER AND BASSETLAW TEACHING HOSPITALS NHS FOUNDATION TRUST,C_140,Oral Surgery Service,"2,321","1,502",64.70%,12.1,37,3,-,-
Y63,RP5,DONCASTER AND BASSETLAW TEACHING HOSPITALS NHS FOUNDATION TRUST,C_150,Neurosurgical Service,-,-,-,-,-,-,-,-
Y63,RP5,DONCASTER AND BASSETLAW TEACHING HOSPITALS NHS FOUNDATION TRUST,C_160,Plastic Surgery Service,-,-,-,-,-,-,-,-
Y63,RP5,DONCASTER AND BASSETLAW TEACHING HOSPITALS NHS FOUNDATION TRUST,C_170,Cardiothoracic Surgery Service,-,-,-,-,-,-,-,-
Y63,RP5,DONCASTER AND BASSETLAW TEACHING HOSPITALS NHS FOUNDATION TRUST,C_300,General Internal Medicine Service,71,61,85.90%,4.1,30.3,-,-,-
Y63,RP5,DONCASTER AND BASSETLAW TEACHING HOSPITALS NHS FOUNDATION TRUST,C_301,Gastroenterology Service,"3,898","2,386",61.20%,14.4,41.3,128,-,-
Y63,RP5,DONCASTER AND BASSETLAW TEACHING HOSPITALS NHS FOUNDATION TRUST,C_320,Cardiology Service,"3,078","2,129",69.20%,12.2,34.6,28,-,-
Y63,RP5,DONCASTER AND BASSETLAW TEACHING HOSPITALS NHS FOUNDATION TRUST,C_330,Dermatology Service,"3,384","2,242",66.30%,11.4,31.4,4,-,-
Y63,RP5,DONCASTER AND BASSETLAW TEACHING HOSPITALS NHS FOUNDATION TRUST,C_340,Respiratory Medicine Service,"1,787",864,48.30%,18.5,40.3,14,-,3
Y63,RP5,DONCASTER AND BASSETLAW TEACHING HOSPITALS NHS FOUNDATION TRUST,C_400,Neurology Service,-,-,-,-,-,-,-,-
Y63,RP5,DONCASTER AND BASSETLAW TEACHING HOSPITALS NHS FOUNDATION TRUST,C_410,Rheumatology Service,"1,155",671,58.10%,14.7,31.3,1,-,-
Y63,RP5,DONCASTER AND BASSETLAW TEACHING HOSPITALS NHS FOUNDATION TRUST,C_430,Elderly Medicine Service,243,209,86.00%,9.1,26.3,-,-,-
Y63,RP5,DONCASTER AND BASSETLAW TEACHING HOSPITALS NHS FOUNDATION TRUST,C_502,Gynaecology Service,"3,630","2,437",67.10%,10.2,42,80,-,-
Y63,RP5,DONCASTER AND BASSETLAW TEACHING HOSPITALS NHS FOUNDATION TRUST,X02,Other - Medical Services,"5,104","3,211",62.90%,12.4,37.1,33,-,-
Y63,RP5,DONCASTER AND BASSETLAW TEACHING HOSPITALS NHS FOUNDATION TRUST,X03,Other - Mental Health Services,-,-,-,-,-,-,-,-
Y63,RP5,DONCASTER AND BASSETLAW TEACHING HOSPITALS NHS FOUNDATION TRUST,X04,Other - Paediatric Services,252,185,73.40%,8.9,37.6,-,-,-
Y63,RP5,DONCASTER AND BASSETLAW TEACHING HOSPITALS NHS FOUNDATION TRUST,X05,Other - Surgical Services,"1,811","1,329",73.40%,8.5,33.2,7,-,-
Y63,RP5,DONCASTER AND BASSETLAW TEACHING HOSPITALS NHS FOUNDATION TRUST,X06,Other - Other Services,297,186,62.60%,13.4,42.7,7,-,1
Y63,RR7,GATESHEAD HEALTH NHS FOUNDATION TRUST,C_100,General Surgery Service,"1,847","1,545",83.60%,6.9,27.4,-,-,-
Y63,RR7,GATESHEAD HEALTH NHS FOUNDATION TRUST,C_101,Urology Service,"1,006",605,60.10%,14.5,33.9,-,-,-
Y63,RR7,GATESHEAD HEALTH NHS FOUNDATION TRUST,C_110,Trauma and Orthopaedic Service,"1,583",819,51.70%,17.3,48.4,74,-,-
Y63,RR7,GATESHEAD HEALTH NHS FOUNDATION TRUST,C_120,Ear Nose and Throat Service,-,-,-,-,-,-,-,-
Y63,RR7,GATESHEAD HEALTH NHS FOUNDATION TRUST,C_130,Ophthalmology Service,-,-,-,-,-,-,-,-
Y63,RR7,GATESHEAD HEALTH NHS FOUNDATION TRUST,C_140,Oral Surgery Service,-,-,-,-,-,-,-,-
Y63,RR7,GATESHEAD HEALTH NHS FOUNDATION TRUST,C_150,Neurosurgical Service,-,-,-,-,-,-,-,-
Y63,RR7,GATESHEAD HEALTH NHS FOUNDATION TRUST,C_160,Plastic Surgery Service,-,-,-,-,-,-,-,-
Y63,RR7,GATESHEAD HEALTH NHS FOUNDATION TRUST,C_170,Cardiothoracic Surgery Service,-,-,-,-,-,-,-,-
Y63,RR7,GATESHEAD HEALTH NHS FOUNDATION TRUST,C_300,General Internal Medicine Service,47,37,78.70%,10.3,27.6,-,-,-
Y63,RR7,GATESHEAD HEALTH NHS FOUNDATION TRUST,C_301,Gastroenterology Service,"1,287","1,075",83.50%,7.7,25.1,1,-,-
Y63,RR7,GATESHEAD HEALTH NHS FOUNDATION TRUST,C_320,Cardiology Service,"1,134",816,72.00%,11.7,31.2,-,-,-
Y63,RR7,GATESHEAD HEALTH NHS FOUNDATION TRUST,C_330,Dermatology Service,-,-,-,-,-,-,-,-
Y63,RR7,GATESHEAD HEALTH NHS FOUNDATION TRUST,C_340,Respiratory Medicine Service,509,417,81.90%,8.1,27.4,-,-,-
Y63,RR7,GATESHEAD HEALTH NHS FOUNDATION TRUST,C_400,Neurology Service,-,-,-,-,-,-,-,-
Y63,RR7,GATESHEAD HEALTH NHS FOUNDATION TRUST,C_410,Rheumatology Service,515,370,71.80%,12.3,26,-,-,-
Y63,RR7,GATESHEAD HEALTH NHS FOUNDATION TRUST,C_430,Elderly Medicine Service,467,347,74.30%,11.4,26.8,-,-,-
Y63,RR7,GATESHEAD HEALTH NHS FOUNDATION TRUST,C_502,Gynaecology Service,"2,282","1,273",55.80%,15.9,38.3,8,-,-
Y63,RR7,GATESHEAD HEALTH NHS FOUNDATION TRUST,X02,Other - Medical Services,"1,209","1,030",85.20%,7.4,24.2,-,-,-
Y63,RR7,GATESHEAD HEALTH NHS FOUNDATION TRUST,X03,Other - Mental Health Services,167,161,96.40%,7.2,16.5,-,-,-
Y63,RR7,GATESHEAD HEALTH NHS FOUNDATION TRUST,X04,Other - Paediatric Services,-,-,-,-,-,-,-,-
Y63,RR7,GATESHEAD HEALTH NHS FOUNDATION TRUST,X05,Other - Surgical Services,18,15,83.30%,-,-,-,-,-
Y63,RR7,GATESHEAD HEALTH NHS FOUNDATION TRUST,X06,Other - Other Services,797,574,72.00%,8.2,37.3,-,-,-
Y63,RR8,LEEDS TEACHING HOSPITALS NHS TRUST,C_100,General Surgery Service,"1,301","1,125",86.50%,7.6,24.3,6,-,-
Y63,RR8,LEEDS TEACHING HOSPITALS NHS TRUST,C_101,Urology Service,"3,053","2,287",74.90%,9.2,35.9,46,-,-
Y63,RR8,LEEDS TEACHING HOSPITALS NHS TRUST,C_110,Trauma and Orthopaedic Service,"7,820","3,625",46.40%,19.8,50.5,533,-,25
Y63,RR8,LEEDS TEACHING HOSPITALS NHS TRUST,C_120,Ear Nose and Throat Service,"3,528","1,947",55.20%,16.1,44.5,148,-,14
Y63,RR8,LEEDS TEACHING HOSPITALS NHS TRUST,C_130,Ophthalmology Service,"4,181","3,152",75.40%,9.3,32.1,18,-,-
Y63,RR8,LEEDS TEACHING HOSPITALS NHS TRUST,C_140,Oral Surgery Service,"2,027","1,484",73.20%,9.9,31.4,4,-,-
Y63,RR8,LEEDS TEACHING HOSPITALS NHS TRUST,C_150,Neurosurgical Service,522,346,66.30%,11.3,43.1,13,-,1
Y63,RR8,LEEDS TEACHING HOSPITALS NHS TRUST,C_160,Plastic Surgery Service,"2,925","1,333",45.60%,20.4,52.4,245,-,37
Y63,RR8,LEEDS TEACHING HOSPITALS NHS TRUST,C_170,Cardiothoracic Surgery Service,455,361,79.30%,7.9,29.2,1,-,-
Y63,RR8,LEEDS TEACHING HOSPITALS NHS TRUST,C_300,General Internal Medicine Service,3,3,100.00%,-,-,-,-,-
Y63,RR8,LEEDS TEACHING HOSPITALS NHS TRUST,C_301,Gastroenterology Service,"1,578","1,383",87.60%,5.6,21.5,3,-,-
Y63,RR8,LEEDS TEACHING HOSPITALS NHS TRUST,C_320,Cardiology Service,"3,199","3,102",97.00%,5.2,13.9,1,-,-
Y63,RR8,LEEDS TEACHING HOSPITALS NHS TRUST,C_330,Dermatology Service,"5,681","3,200",56.30%,15.2,48.1,294,-,-
Y63,RR8,LEEDS TEACHING HOSPITALS NHS TRUST,C_340,Respiratory Medicine Service,"1,397",971,69.50%,10.5,30.8,-,-,-
Y63,RR8,LEEDS TEACHING HOSPITALS NHS TRUST,C_400,Neurology Service,"2,013","1,901",94.40%,8.4,17,-,-,-
Y63,RR8,LEEDS TEACHING HOSPITALS NHS TRUST,C_410,Rheumatology Service,"2,502","1,780",71.10%,11.3,26.9,-,-,-
Y63,RR8,LEEDS TEACHING HOSPITALS NHS TRUST,C_430,Elderly Medicine Service,20,20,100.00%,2,10.2,-,-,-
Y63,RR8,LEEDS TEACHING HOSPITALS NHS TRUST,C_502,Gynaecology Service,"10,635","6,076",57.10%,14.9,41.7,201,-,-
Y63,RR8,LEEDS TEACHING HOSPITALS NHS TRUST,X02,Other - Medical Services,"12,914","8,494",65.80%,11.1,39.5,198,-,-
Y63,RR8,LEEDS TEACHING HOSPITALS NHS TRUST,X03,Other - Mental Health Services,-,-,-,-,-,-,-,-
Y63,RR8,LEEDS TEACHING HOSPITALS NHS TRUST,X04,Other - Paediatric Services,"9,101","5,196",57.10%,14.7,46.4,392,-,13
Y63,RR8,LEEDS TEACHING HOSPITALS NHS TRUST,X05,Other - Surgical Services,"9,609","5,751",59.90%,13.4,40.8,253,-,6
Y63,RR8,LEEDS TEACHING HOSPITALS NHS TRUST,X06,Other - Other Services,"1,231","1,134",92.10%,4.8,17.8,5,-,-
Y63,RTD,THE NEWCASTLE UPON TYNE HOSPITALS NHS FOUNDATION TRUST,C_100,General Surgery Service,982,771,78.50%,9.5,37.1,29,-,-
Y63,RTD,THE NEWCASTLE UPON TYNE HOSPITALS NHS FOUNDATION TRUST,C_101,Urology Service,"3,309","2,457",74.30%,9.6,34.7,9,-,-
Y63,RTD,THE NEWCASTLE UPON TYNE HOSPITALS NHS FOUNDATION TRUST,C_110,Trauma and Orthopaedic Service,"8,220","5,220",63.50%,13.1,46.1,411,13,92
Y63,RTD,THE NEWCASTLE UPON TYNE HOSPITALS NHS FOUNDATION TRUST,C_120,Ear Nose and Throat Service,"10,508","6,530",62.10%,13.4,39.9,222,-,8
Y63,RTD,THE NEWCASTLE UPON TYNE HOSPITALS NHS FOUNDATION TRUST,C_130,Ophthalmology Service,"9,175","7,027",76.60%,9.8,33,147,8,19
Y63,RTD,THE NEWCASTLE UPON TYNE HOSPITALS NHS FOUNDATION TRUST,C_140,Oral Surgery Service,"1,362","1,068",78.40%,8.3,27.1,-,-,-
Y63,RTD,THE NEWCASTLE UPON TYNE HOSPITALS NHS FOUNDATION TRUST,C_150,Neurosurgical Service,"1,111",861,77.50%,10.3,34.4,15,-,-
Y63,RTD,THE NEWCASTLE UPON TYNE HOSPITALS NHS FOUNDATION TRUST,C_160,Plastic Surgery Service,"1,918","1,340",69.90%,11.4,35.9,34,-,1
Y63,RTD,THE NEWCASTLE UPON TYNE HOSPITALS NHS FOUNDATION TRUST,C_170,Cardiothoracic Surgery Service,89,67,75.30%,8.8,25.9,-,-,-
Y63,RTD,THE NEWCASTLE UPON TYNE HOSPITALS NHS FOUNDATION TRUST,C_300,General Internal Medicine Service,"1,268",704,55.50%,15.1,33.3,4,-,1
Y63,RTD,THE NEWCASTLE UPON TYNE HOSPITALS NHS FOUNDATION TRUST,C_301,Gastroenterology Service,"1,279",819,64.00%,11.4,32.4,2,-,-
Y63,RTD,THE NEWCASTLE UPON TYNE HOSPITALS NHS FOUNDATION TRUST,C_320,Cardiology Service,"5,142","4,519",87.90%,9.1,22.4,8,-,-
Y63,RTD,THE NEWCASTLE UPON TYNE HOSPITALS NHS FOUNDATION TRUST,C_330,Dermatology Service,"7,845","4,825",61.50%,12.4,39.4,170,-,7
Y63,RTD,THE NEWCASTLE UPON TYNE HOSPITALS NHS FOUNDATION TRUST,C_340,Respiratory Medicine Service,"1,548","1,227",79.30%,8.7,27.9,-,-,-
Y63,RTD,THE NEWCASTLE UPON TYNE HOSPITALS NHS FOUNDATION TRUST,C_400,Neurology Service,"1,964","1,796",91.40%,8.5,18.7,2,-,-
Y63,RTD,THE NEWCASTLE UPON TYNE HOSPITALS NHS FOUNDATION TRUST,C_410,Rheumatology Service,"1,177",856,72.70%,11.9,34,16,-,-
Y63,RTD,THE NEWCASTLE UPON TYNE HOSPITALS NHS FOUNDATION TRUST,C_430,Elderly Medicine Service,304,291,95.70%,4.9,14.6,-,-,-
Y63,RTD,THE NEWCASTLE UPON TYNE HOSPITALS NHS FOUNDATION TRUST,C_502,Gynaecology Service,"5,624","3,366",59.90%,14.5,41.1,159,-,2
Y63,RTD,THE NEWCASTLE UPON TYNE HOSPITALS NHS FOUNDATION TRUST,X02,Other - Medical Services,"11,778","8,303",70.50%,10.8,35.5,201,-,-
Y63,RTD,THE NEWCASTLE UPON TYNE HOSPITALS NHS FOUNDATION TRUST,X03,Other - Mental Health Services,-,-,-,-,-,-,-,-
Y63,RTD,THE NEWCASTLE UPON TYNE HOSPITALS NHS FOUNDATION TRUST,X04,Other - Paediatric Services,"7,461","6,087",81.60%,9,29.2,70,1,2
Y63,RTD,THE NEWCASTLE UPON TYNE HOSPITALS NHS FOUNDATION TRUST,X05,Other - Surgical Services,"10,488","6,898",65.80%,12.5,37,157,-,5
Y63,RTD,THE NEWCASTLE UPON TYNE HOSPITALS NHS FOUNDATION TRUST,X06,Other - Other Services,"5,008","3,076",61.40%,12.5,44,121,-,1
Y63,RTF,NORTHUMBRIA HEALTHCARE NHS FOUNDATION TRUST,C_100,General Surgery Service,"6,305","5,553",88.10%,9.5,22.3,3,-,-
Y63,RTF,NORTHUMBRIA HEALTHCARE NHS FOUNDATION TRUST,C_101,Urology Service,"3,318","2,360",71.10%,12.3,36.6,5,-,-
Y63,RTF,NORTHUMBRIA HEALTHCARE NHS FOUNDATION TRUST,C_110,Trauma and Orthopaedic Service,"8,340","5,733",68.70%,12.1,34.2,5,-,-
Y63,RTF,NORTHUMBRIA HEALTHCARE NHS FOUNDATION TRUST,C_120,Ear Nose and Throat Service,-,-,-,-,-,-,-,-
Y63,RTF,NORTHUMBRIA HEALTHCARE NHS FOUNDATION TRUST,C_130,Ophthalmology Service,-,-,-,-,-,-,-,-
Y63,RTF,NORTHUMBRIA HEALTHCARE NHS FOUNDATION TRUST,C_140,Oral Surgery Service,"2,351","1,213",51.60%,17.4,39.5,2,-,-
Y63,RTF,NORTHUMBRIA HEALTHCARE NHS FOUNDATION TRUST,C_150,Neurosurgical Service,-,-,-,-,-,-,-,-
Y63,RTF,NORTHUMBRIA HEALTHCARE NHS FOUNDATION TRUST,C_160,Plastic Surgery Service,"1,378",828,60.10%,14,40.5,6,-,-
Y63,RTF,NORTHUMBRIA HEALTHCARE NHS FOUNDATION TRUST,C_170,Cardiothoracic Surgery Service,-,-,-,-,-,-,-,-
Y63,RTF,NORTHUMBRIA HEALTHCARE NHS FOUNDATION TRUST,C_300,General Internal Medicine Service,"1,397","1,261",90.30%,8.5,20.2,-,-,-
Y63,RTF,NORTHUMBRIA HEALTHCARE NHS FOUNDATION TRUST,C_301,Gastroenterology Service,"1,497","1,422",95.00%,9.1,17.4,-,-,-
Y63,RTF,NORTHUMBRIA HEALTHCARE NHS FOUNDATION TRUST,C_320,Cardiology Service,"1,953","1,771",90.70%,8.4,19.9,-,-,-
Y63,RTF,NORTHUMBRIA HEALTHCARE NHS FOUNDATION TRUST,C_330,Dermatology Service,-,-,-,-,-,-,-,-
Y63,RTF,NORTHUMBRIA HEALTHCARE NHS FOUNDATION TRUST,C_340,Respiratory Medicine Service,"2,023","1,957",96.70%,7.1,16.5,-,-,-
Y63,RTF,NORTHUMBRIA HEALTHCARE NHS FOUNDATION TRUST,C_400,Neurology Service,-,-,-,-,-,-,-,-
Y63,RTF,NORTHUMBRIA HEALTHCARE NHS FOUNDATION TRUST,C_410,Rheumatology Service,804,729,90.70%,8,18.9,-,-,-
Y63,RTF,NORTHUMBRIA HEALTHCARE NHS FOUNDATION TRUST,C_430,Elderly Medicine Service,483,476,98.60%,6.9,16.2,-,-,-
Y63,RTF,NORTHUMBRIA HEALTHCARE NHS FOUNDATION TRUST,C_502,Gynaecology Service,"3,304","2,608",78.90%,10.3,25.8,1,-,-
Y63,RTF,NORTHUMBRIA HEALTHCARE NHS FOUNDATION TRUST,X02,Other - Medical Services,-,-,-,-,-,-,-,-
Y63,RTF,NORTHUMBRIA HEALTHCARE NHS FOUNDATION TRUST,X03,Other - Mental Health Services,-,-,-,-,-,-,-,-
Y63,RTF,NORTHUMBRIA HEALTHCARE NHS FOUNDATION TRUST,X04,Other - Paediatric Services,-,-,-,-,-,-,-,-
Y63,RTF,NORTHUMBRIA HEALTHCARE NHS FOUNDATION TRUST,X05,Other - Surgical Services,-,-,-,-,-,-,-,-
Y63,RTF,NORTHUMBRIA HEALTHCARE NHS FOUNDATION TRUST,X06,Other - Other Services,"1,959","1,838",93.80%,7.7,17.5,-,-,-
Y63,RTR,SOUTH TEES HOSPITALS NHS FOUNDATION TRUST,C_100,General Surgery Service,"1,861","1,234",66.30%,12.2,36.7,19,-,-
Y63,RTR,SOUTH TEES HOSPITALS NHS FOUNDATION TRUST,C_101,Urology Service,"4,429","2,536",57.30%,15.2,44.9,144,-,22
Y63,RTR,SOUTH TEES HOSPITALS NHS FOUNDATION TRUST,C_110,Trauma and Orthopaedic Service,"5,672","3,170",55.90%,15.8,47.1,272,-,12
Y63,RTR,SOUTH TEES HOSPITALS NHS FOUNDATION TRUST,C_120,Ear Nose and Throat Service,"6,963","3,552",51.00%,17.6,43,169,-,2
Y63,RTR,SOUTH TEES HOSPITALS NHS FOUNDATION TRUST,C_130,Ophthalmology Service,"3,848","2,862",74.40%,11.2,29,7,-,-
Y63,RTR,SOUTH TEES HOSPITALS NHS FOUNDATION TRUST,C_140,Oral Surgery Service,115,41,35.70%,22.9,59.4,14,-,-
Y63,RTR,SOUTH TEES HOSPITALS NHS FOUNDATION TRUST,C_150,Neurosurgical Service,"1,351",995,73.60%,12,30.4,5,-,-
Y63,RTR,SOUTH TEES HOSPITALS NHS FOUNDATION TRUST,C_160,Plastic Surgery Service,"2,184","1,148",52.60%,16.9,44.4,30,-,-
Y63,RTR,SOUTH TEES HOSPITALS NHS FOUNDATION TRUST,C_170,Cardiothoracic Surgery Service,259,217,83.80%,8.9,25.3,1,-,-
Y63,RTR,SOUTH TEES HOSPITALS NHS FOUNDATION TRUST,C_300,General Internal Medicine Service,108,105,97.20%,3.9,11.8,-,-,-
Y63,RTR,SOUTH TEES HOSPITALS NHS FOUNDATION TRUST,C_301,Gastroenterology Service,"1,771","1,575",88.90%,6.6,20.4,13,-,1
Y63,RTR,SOUTH TEES HOSPITALS NHS FOUNDATION TRUST,C_320,Cardiology Service,"2,112","1,291",61.10%,14,39.2,32,-,1
Y63,RTR,SOUTH TEES HOSPITALS NHS FOUNDATION TRUST,C_330,Dermatology Service,"2,509","1,500",59.80%,14.3,36.8,21,-,1
Y63,RTR,SOUTH TEES HOSPITALS NHS FOUNDATION TRUST,C_340,Respiratory Medicine Service,"1,125",878,78.00%,9.3,25.6,3,-,1
Y63,RTR,SOUTH TEES HOSPITALS NHS FOUNDATION TRUST,C_400,Neurology Service,"3,682","1,392",37.80%,25.5,54.6,460,1,22
Y63,RTR,SOUTH TEES HOSPITALS NHS FOUNDATION TRUST,C_410,Rheumatology Service,"1,365",821,60.10%,14.3,36.7,19,-,-
Y63,RTR,SOUTH TEES HOSPITALS NHS FOUNDATION TRUST,C_430,Elderly Medicine Service,55,53,96.40%,7.2,14.6,-,-,-
Y63,RTR,SOUTH TEES HOSPITALS NHS FOUNDATION TRUST,C_502,Gynaecology Service,"3,484","2,134",61.30%,13.9,39.3,41,-,2
Y63,RTR,SOUTH TEES HOSPITALS NHS FOUNDATION TRUST,X02,Other - Medical Services,"4,922","3,210",65.20%,12,44,133,1,15
Y63,RTR,SOUTH TEES HOSPITALS NHS FOUNDATION TRUST,X03,Other - Mental Health Services,-,-,-,-,-,-,-,-
Y63,RTR,SOUTH TEES HOSPITALS NHS FOUNDATION TRUST,X04,Other - Paediatric Services,"1,901","1,103",58.00%,14.9,40.3,23,-,2
Y63,RTR,SOUTH TEES HOSPITALS NHS FOUNDATION TRUST,X05,Other - Surgical Services,"6,723","3,696",55.00%,15.8,46.5,252,-,30
Y63,RTR,SOUTH TEES HOSPITALS NHS FOUNDATION TRUST,X06,Other - Other Services,532,402,75.60%,7,33.1,2,-,-
Y63,RVW,NORTH TEES AND HARTLEPOOL NHS FOUNDATION TRUST,C_100,General Surgery Service,"1,961","1,455",74.20%,9.4,31.4,9,-,-
Y63,RVW,NORTH TEES AND HARTLEPOOL NHS FOUNDATION TRUST,C_101,Urology Service,"1,906","1,362",71.50%,10.1,34.9,15,-,-
Y63,RVW,NORTH TEES AND HARTLEPOOL NHS FOUNDATION TRUST,C_110,Trauma and Orthopaedic Service,"5,278","4,318",81.80%,8.1,29.9,40,-,-
Y63,RVW,NORTH TEES AND HARTLEPOOL NHS FOUNDATION TRUST,C_120,Ear Nose and Throat Service,-,-,-,-,-,-,-,-
Y63,RVW,NORTH TEES AND HARTLEPOOL NHS FOUNDATION TRUST,C_130,Ophthalmology Service,-,-,-,-,-,-,-,-
Y63,RVW,NORTH TEES AND HARTLEPOOL NHS FOUNDATION TRUST,C_140,Oral Surgery Service,-,-,-,-,-,-,-,-
Y63,RVW,NORTH TEES AND HARTLEPOOL NHS FOUNDATION TRUST,C_150,Neurosurgical Service,-,-,-,-,-,-,-,-
Y63,RVW,NORTH TEES AND HARTLEPOOL NHS FOUNDATION TRUST,C_160,Plastic Surgery Service,-,-,-,-,-,-,-,-
Y63,RVW,NORTH TEES AND HARTLEPOOL NHS FOUNDATION TRUST,C_170,Cardiothoracic Surgery Service,-,-,-,-,-,-,-,-
Y63,RVW,NORTH TEES AND HARTLEPOOL NHS FOUNDATION TRUST,C_300,General Internal Medicine Service,291,262,90.00%,7.2,19.5,-,-,-
Y63,RVW,NORTH TEES AND HARTLEPOOL NHS FOUNDATION TRUST,C_301,Gastroenterology Service,"1,052",920,87.50%,6.3,21.4,6,-,-
Y63,RVW,NORTH TEES AND HARTLEPOOL NHS FOUNDATION TRUST,C_320,Cardiology Service,656,584,89.00%,6.6,20.6,-,-,-
Y63,RVW,NORTH TEES AND HARTLEPOOL NHS FOUNDATION TRUST,C_330,Dermatology Service,-,-,-,-,-,-,-,-
Y63,RVW,NORTH TEES AND HARTLEPOOL NHS FOUNDATION TRUST,C_340,Respiratory Medicine Service,819,537,65.60%,11.2,36.9,4,-,-
Y63,RVW,NORTH TEES AND HARTLEPOOL NHS FOUNDATION TRUST,C_400,Neurology Service,-,-,-,-,-,-,-,-
Y63,RVW,NORTH TEES AND HARTLEPOOL NHS FOUNDATION TRUST,C_410,Rheumatology Service,487,403,82.80%,9.6,24.8,-,-,-
Y63,RVW,NORTH TEES AND HARTLEPOOL NHS FOUNDATION TRUST,C_430,Elderly Medicine Service,176,168,95.50%,6.5,16,-,-,-
Y63,RVW,NORTH TEES AND HARTLEPOOL NHS FOUNDATION TRUST,C_502,Gynaecology Service,"2,654","1,748",65.90%,11.1,34,7,-,-
Y63,RVW,NORTH TEES AND HARTLEPOOL NHS FOUNDATION TRUST,X02,Other - Medical Services,-,-,-,-,-,-,-,-
Y63,RVW,NORTH TEES AND HARTLEPOOL NHS FOUNDATION TRUST,X03,Other - Mental Health Services,-,-,-,-,-,-,-,-
Y63,RVW,NORTH TEES AND HARTLEPOOL NHS FOUNDATION TRUST,X04,Other - Paediatric Services,"1,298",906,69.80%,11.6,35.8,5,-,-
Y63,RVW,NORTH TEES AND HARTLEPOOL NHS FOUNDATION TRUST,X05,Other - Surgical Services,"1,151",827,71.90%,7,38.2,31,-,-
Y63,RVW,NORTH TEES AND HARTLEPOOL NHS FOUNDATION TRUST,X06,Other - Other Services,"2,375","1,232",51.90%,17,41.7,52,-,-
Y63,RWA,HULL UNIVERSITY TEACHING HOSPITALS NHS TRUST,C_100,General Surgery Service,"7,339","4,100",55.90%,15.3,45.2,246,-,6
Y63,RWA,HULL UNIVERSITY TEACHING HOSPITALS NHS TRUST,C_101,Urology Service,"3,626","2,369",65.30%,11.7,38.7,47,-,-
Y63,RWA,HULL UNIVERSITY TEACHING HOSPITALS NHS TRUST,C_110,Trauma and Orthopaedic Service,"4,273","2,477",58.00%,14.7,41.9,100,-,-
Y63,RWA,HULL UNIVERSITY TEACHING HOSPITALS NHS TRUST,C_120,Ear Nose and Throat Service,"8,364","3,026",36.20%,27.1,55.6,"1,066",-,88
Y63,RWA,HULL UNIVERSITY TEACHING HOSPITALS NHS TRUST,C_130,Ophthalmology Service,"8,010","4,966",62.00%,13.2,39.5,86,-,1
Y63,RWA,HULL UNIVERSITY TEACHING HOSPITALS NHS TRUST,C_140,Oral Surgery Service,"3,553","1,821",51.30%,17.5,39.2,59,-,2
Y63,RWA,HULL UNIVERSITY TEACHING HOSPITALS NHS TRUST,C_150,Neurosurgical Service,"2,882","1,901",66.00%,11.8,40.4,88,-,5
Y63,RWA,HULL UNIVERSITY TEACHING HOSPITALS NHS TRUST,C_160,Plastic Surgery Service,"3,264","1,504",46.10%,20.5,47.8,153,1,8
Y63,RWA,HULL UNIVERSITY TEACHING HOSPITALS NHS TRUST,C_170,Cardiothoracic Surgery Service,293,214,73.00%,11,36.9,8,-,1
Y63,RWA,HULL UNIVERSITY TEACHING HOSPITALS NHS TRUST,C_300,General Internal Medicine Service,363,291,80.20%,9.3,23.4,-,-,-
Y63,RWA,HULL UNIVERSITY TEACHING HOSPITALS NHS TRUST,C_301,Gastroenterology Service,"3,595","1,854",51.60%,17.4,41.6,72,-,1
Y63,RWA,HULL UNIVERSITY TEACHING HOSPITALS NHS TRUST,C_320,Cardiology Service,"5,535","2,490",45.00%,20.9,54.3,554,-,-
Y63,RWA,HULL UNIVERSITY TEACHING HOSPITALS NHS TRUST,C_330,Dermatology Service,"5,910","2,624",44.40%,20.6,45.1,126,-,2
Y63,RWA,HULL UNIVERSITY TEACHING HOSPITALS NHS TRUST,C_340,Respiratory Medicine Service,"3,552","2,536",71.40%,11.5,35.1,30,-,-
Y63,RWA,HULL UNIVERSITY TEACHING HOSPITALS NHS TRUST,C_400,Neurology Service,"3,724","2,295",61.60%,13.5,41.2,110,-,9
Y63,RWA,HULL UNIVERSITY TEACHING HOSPITALS NHS TRUST,C_410,Rheumatology Service,"1,037",547,52.70%,17.3,41.6,14,-,-
Y63,RWA,HULL UNIVERSITY TEACHING HOSPITALS NHS TRUST,C_430,Elderly Medicine Service,93,75,80.60%,11.3,29.6,1,-,-
Y63,RWA,HULL UNIVERSITY TEACHING HOSPITALS NHS TRUST,C_502,Gynaecology Service,"4,067","2,522",62.00%,12.8,44.4,108,-,1
Y63,RWA,HULL UNIVERSITY TEACHING HOSPITALS NHS TRUST,X02,Other - Medical Services,"5,280","3,707",70.20%,11.9,32.4,47,-,-
Y63,RWA,HULL UNIVERSITY TEACHING HOSPITALS NHS TRUST,X03,Other - Mental Health Services,18,14,77.80%,-,-,-,-,-
Y63,RWA,HULL UNIVERSITY TEACHING HOSPITALS NHS TRUST,X04,Other - Paediatric Services,"1,164",966,83.00%,6.9,26.5,1,-,-
Y63,RWA,HULL UNIVERSITY TEACHING HOSPITALS NHS TRUST,X05,Other - Surgical Services,"1,215",872,71.80%,5,39.4,26,-,-
Y63,RWA,HULL UNIVERSITY TEACHING HOSPITALS NHS TRUST,X06,Other - Other Services,"2,766","1,930",69.80%,9.8,39.3,78,-,10
Y63,RWY,CALDERDALE AND HUDDERSFIELD NHS FOUNDATION TRUST,C_100,General Surgery Service,"4,930","3,452",70.00%,10,32.5,2,-,-
Y63,RWY,CALDERDALE AND HUDDERSFIELD NHS FOUNDATION TRUST,C_101,Urology Service,"1,876","1,429",76.20%,9.3,28.6,-,-,-
Y63,RWY,CALDERDALE AND HUDDERSFIELD NHS FOUNDATION TRUST,C_110,Trauma and Orthopaedic Service,"2,984","2,132",71.40%,11.4,28.2,-,-,-
Y63,RWY,CALDERDALE AND HUDDERSFIELD NHS FOUNDATION TRUST,C_120,Ear Nose and Throat Service,"5,978","2,808",47.00%,19.2,40.5,7,-,-
Y63,RWY,CALDERDALE AND HUDDERSFIELD NHS FOUNDATION TRUST,C_130,Ophthalmology Service,"2,098","1,803",85.90%,6.6,22.3,4,-,1
Y63,RWY,CALDERDALE AND HUDDERSFIELD NHS FOUNDATION TRUST,C_140,Oral Surgery Service,"1,785",974,54.60%,16.3,35.3,6,-,-
Y63,RWY,CALDERDALE AND HUDDERSFIELD NHS FOUNDATION TRUST,C_150,Neurosurgical Service,-,-,-,-,-,-,-,-
Y63,RWY,CALDERDALE AND HUDDERSFIELD NHS FOUNDATION TRUST,C_160,Plastic Surgery Service,716,356,49.70%,18.1,37.3,-,-,-
Y63,RWY,CALDERDALE AND HUDDERSFIELD NHS FOUNDATION TRUST,C_170,Cardiothoracic Surgery Service,-,-,-,-,-,-,-,-
Y63,RWY,CALDERDALE AND HUDDERSFIELD NHS FOUNDATION TRUST,C_300,General Internal Medicine Service,49,29,59.20%,14.3,39.1,1,-,-
Y63,RWY,CALDERDALE AND HUDDERSFIELD NHS FOUNDATION TRUST,C_301,Gastroenterology Service,"2,463","1,994",81.00%,9.2,25.8,-,-,-
Y63,RWY,CALDERDALE AND HUDDERSFIELD NHS FOUNDATION TRUST,C_320,Cardiology Service,"1,882","1,500",79.70%,10.1,24,-,-,-
Y63,RWY,CALDERDALE AND HUDDERSFIELD NHS FOUNDATION TRUST,C_330,Dermatology Service,"1,226","1,015",82.80%,6.6,23.4,1,-,-
Y63,RWY,CALDERDALE AND HUDDERSFIELD NHS FOUNDATION TRUST,C_340,Respiratory Medicine Service,852,683,80.20%,9.6,24.8,-,-,-
Y63,RWY,CALDERDALE AND HUDDERSFIELD NHS FOUNDATION TRUST,C_400,Neurology Service,"1,315",810,61.60%,13.4,31.9,-,-,-
Y63,RWY,CALDERDALE AND HUDDERSFIELD NHS FOUNDATION TRUST,C_410,Rheumatology Service,"1,156",685,59.30%,15.1,31.4,-,-,-
Y63,RWY,CALDERDALE AND HUDDERSFIELD NHS FOUNDATION TRUST,C_430,Elderly Medicine Service,110,91,82.70%,9.2,21.8,-,-,-
Y63,RWY,CALDERDALE AND HUDDERSFIELD NHS FOUNDATION TRUST,C_502,Gynaecology Service,"2,761","1,989",72.00%,11.3,29.8,-,-,-
Y63,RWY,CALDERDALE AND HUDDERSFIELD NHS FOUNDATION TRUST,X02,Other - Medical Services,"1,405","1,089",77.50%,8.5,29.5,1,-,-
Y63,RWY,CALDERDALE AND HUDDERSFIELD NHS FOUNDATION TRUST,X03,Other - Mental Health Services,-,-,-,-,-,-,-,-
Y63,RWY,CALDERDALE AND HUDDERSFIELD NHS FOUNDATION TRUST,X04,Other - Paediatric Services,"1,262","1,082",85.70%,9.1,20.9,-,-,-
Y63,RWY,CALDERDALE AND HUDDERSFIELD NHS FOUNDATION TRUST,X05,Other - Surgical Services,517,388,75.00%,11.9,24.3,-,-,-
Y63,RWY,CALDERDALE AND HUDDERSFIELD NHS FOUNDATION TRUST,X06,Other - Other Services,199,186,93.50%,6.1,14.4,-,-,-
Y63,RX4,"CUMBRIA, NORTHUMBERLAND, TYNE AND WEAR NHS FOUNDATION TRUST",C_100,General Surgery Service,-,-,-,-,-,-,-,-
Y63,RX4,"CUMBRIA, NORTHUMBERLAND, TYNE AND WEAR NHS FOUNDATION TRUST",C_101,Urology Service,-,-,-,-,-,-,-,-
Y63,RX4,"CUMBRIA, NORTHUMBERLAND, TYNE AND WEAR NHS FOUNDATION TRUST",C_110,Trauma and Orthopaedic Service,-,-,-,-,-,-,-,-
Y63,RX4,"CUMBRIA, NORTHUMBERLAND, TYNE AND WEAR NHS FOUNDATION TRUST",C_120,Ear Nose and Throat Service,-,-,-,-,-,-,-,-
Y63,RX4,"CUMBRIA, NORTHUMBERLAND, TYNE AND WEAR NHS FOUNDATION TRUST",C_130,Ophthalmology Service,-,-,-,-,-,-,-,-
Y63,RX4,"CUMBRIA, NORTHUMBERLAND, TYNE AND WEAR NHS FOUNDATION TRUST",C_140,Oral Surgery Service,-,-,-,-,-,-,-,-
Y63,RX4,"CUMBRIA, NORTHUMBERLAND, TYNE AND WEAR NHS FOUNDATION TRUST",C_150,Neurosurgical Service,-,-,-,-,-,-,-,-
Y63,RX4,"CUMBRIA, NORTHUMBERLAND, TYNE AND WEAR NHS FOUNDATION TRUST",C_160,Plastic Surgery Service,-,-,-,-,-,-,-,-
Y63,RX4,"CUMBRIA, NORTHUMBERLAND, TYNE AND WEAR NHS FOUNDATION TRUST",C_170,Cardiothoracic Surgery Service,-,-,-,-,-,-,-,-
Y63,RX4,"CUMBRIA, NORTHUMBERLAND, TYNE AND WEAR NHS FOUNDATION TRUST",C_300,General Internal Medicine Service,-,-,-,-,-,-,-,-
Y63,RX4,"CUMBRIA, NORTHUMBERLAND, TYNE AND WEAR NHS FOUNDATION TRUST",C_301,Gastroenterology Service,-,-,-,-,-,-,-,-
Y63,RX4,"CUMBRIA, NORTHUMBERLAND, TYNE AND WEAR NHS FOUNDATION TRUST",C_320,Cardiology Service,-,-,-,-,-,-,-,-
Y63,RX4,"CUMBRIA, NORTHUMBERLAND, TYNE AND WEAR NHS FOUNDATION TRUST",C_330,Dermatology Service,-,-,-,-,-,-,-,-
Y63,RX4,"CUMBRIA, NORTHUMBERLAND, TYNE AND WEAR NHS FOUNDATION TRUST",C_340,Respiratory Medicine Service,-,-,-,-,-,-,-,-
Y63,RX4,"CUMBRIA, NORTHUMBERLAND, TYNE AND WEAR NHS FOUNDATION TRUST",C_400,Neurology Service,-,-,-,-,-,-,-,-
Y63,RX4,"CUMBRIA, NORTHUMBERLAND, TYNE AND WEAR NHS FOUNDATION TRUST",C_410,Rheumatology Service,-,-,-,-,-,-,-,-
Y63,RX4,"CUMBRIA, NORTHUMBERLAND, TYNE AND WEAR NHS FOUNDATION TRUST",C_430,Elderly Medicine Service,-,-,-,-,-,-,-,-
Y63,RX4,"CUMBRIA, NORTHUMBERLAND, TYNE AND WEAR NHS FOUNDATION TRUST",C_502,Gynaecology Service,-,-,-,-,-,-,-,-
Y63,RX4,"CUMBRIA, NORTHUMBERLAND, TYNE AND WEAR NHS FOUNDATION TRUST",X02,Other - Medical Services,-,-,-,-,-,-,-,-
Y63,RX4,"CUMBRIA, NORTHUMBERLAND, TYNE AND WEAR NHS FOUNDATION TRUST",X03,Other - Mental Health Services,-,-,-,-,-,-,-,-
Y63,RX4,"CUMBRIA, NORTHUMBERLAND, TYNE AND WEAR NHS FOUNDATION TRUST",X04,Other - Paediatric Services,-,-,-,-,-,-,-,-
Y63,RX4,"CUMBRIA, NORTHUMBERLAND, TYNE AND WEAR NHS FOUNDATION TRUST",X05,Other - Surgical Services,-,-,-,-,-,-,-,-
Y63,RX4,"CUMBRIA, NORTHUMBERLAND, TYNE AND WEAR NHS FOUNDATION TRUST",X06,Other - Other Services,164,160,97.60%,6.8,14,-,-,-
Y63,RXF,MID YORKSHIRE TEACHING NHS TRUST,C_100,General Surgery Service,"1,793",705,39.30%,21.7,48.3,73,-,-
Y63,RXF,MID YORKSHIRE TEACHING NHS TRUST,C_101,Urology Service,"3,497","2,167",62.00%,12.8,42,100,-,-
Y63,RXF,MID YORKSHIRE TEACHING NHS TRUST,C_110,Trauma and Orthopaedic Service,"4,533","2,315",51.10%,17.6,44.6,161,-,-
Y63,RXF,MID YORKSHIRE TEACHING NHS TRUST,C_120,Ear Nose and Throat Service,"6,366","3,692",58.00%,14.4,41.8,164,-,-
Y63,RXF,MID YORKSHIRE TEACHING NHS TRUST,C_130,Ophthalmology Service,"5,059","2,899",57.30%,14.6,40.3,86,-,6
Y63,RXF,MID YORKSHIRE TEACHING NHS TRUST,C_140,Oral Surgery Service,"2,702","1,774",65.70%,11.8,36,23,-,-
Y63,RXF,MID YORKSHIRE TEACHING NHS TRUST,C_150,Neurosurgical Service,-,-,-,-,-,-,-,-
Y63,RXF,MID YORKSHIRE TEACHING NHS TRUST,C_160,Plastic Surgery Service,"2,032","1,252",61.60%,14,36.6,13,-,-
Y63,RXF,MID YORKSHIRE TEACHING NHS TRUST,C_170,Cardiothoracic Surgery Service,-,-,-,-,-,-,-,-
Y63,RXF,MID YORKSHIRE TEACHING NHS TRUST,C_300,General Internal Medicine Service,29,28,96.60%,1.9,13.7,-,-,-
Y63,RXF,MID YORKSHIRE TEACHING NHS TRUST,C_301,Gastroenterology Service,"2,724","1,998",73.30%,8.7,31.5,17,-,-
Y63,RXF,MID YORKSHIRE TEACHING NHS TRUST,C_320,Cardiology Service,"1,092",811,74.30%,9,28.6,-,-,-
Y63,RXF,MID YORKSHIRE TEACHING NHS TRUST,C_330,Dermatology Service,707,564,79.80%,4,30.1,2,-,-
Y63,RXF,MID YORKSHIRE TEACHING NHS TRUST,C_340,Respiratory Medicine Service,"1,706",888,52.10%,17,37,5,-,-
Y63,RXF,MID YORKSHIRE TEACHING NHS TRUST,C_400,Neurology Service,"1,686",836,49.60%,18.5,52.8,155,-,-
Y63,RXF,MID YORKSHIRE TEACHING NHS TRUST,C_410,Rheumatology Service,806,461,57.20%,15.7,34.1,2,-,-
Y63,RXF,MID YORKSHIRE TEACHING NHS TRUST,C_430,Elderly Medicine Service,164,118,72.00%,11,26,-,-,-
Y63,RXF,MID YORKSHIRE TEACHING NHS TRUST,C_502,Gynaecology Service,"5,397","3,360",62.30%,12.9,44.2,161,-,-
Y63,RXF,MID YORKSHIRE TEACHING NHS TRUST,X02,Other - Medical Services,"7,186","4,061",56.50%,15.1,43.4,261,-,-
Y63,RXF,MID YORKSHIRE TEACHING NHS TRUST,X03,Other - Mental Health Services,-,-,-,-,-,-,-,-
Y63,RXF,MID YORKSHIRE TEACHING NHS TRUST,X04,Other - Paediatric Services,444,312,70.30%,11.1,28.5,7,-,-
Y63,RXF,MID YORKSHIRE TEACHING NHS TRUST,X05,Other - Surgical Services,"5,208","2,931",56.30%,15.1,40.1,87,-,-
Y63,RXF,MID YORKSHIRE TEACHING NHS TRUST,X06,Other - Other Services,295,203,68.80%,6.3,43.8,5,-,-
Y63,RXG,SOUTH WEST YORKSHIRE PARTNERSHIP NHS FOUNDATION TRUST,C_100,General Surgery Service,-,-,-,-,-,-,-,-
Y63,RXG,SOUTH WEST YORKSHIRE PARTNERSHIP NHS FOUNDATION TRUST,C_101,Urology Service,-,-,-,-,-,-,-,-
Y63,RXG,SOUTH WEST YORKSHIRE PARTNERSHIP NHS FOUNDATION TRUST,C_110,Trauma and Orthopaedic Service,-,-,-,-,-,-,-,-
Y63,RXG,SOUTH WEST YORKSHIRE PARTNERSHIP NHS FOUNDATION TRUST,C_120,Ear Nose and Throat Service,-,-,-,-,-,-,-,-
Y63,RXG,SOUTH WEST YORKSHIRE PARTNERSHIP NHS FOUNDATION TRUST,C_130,Ophthalmology Service,-,-,-,-,-,-,-,-
Y63,RXG,SOUTH WEST YORKSHIRE PARTNERSHIP NHS FOUNDATION TRUST,C_140,Oral Surgery Service,-,-,-,-,-,-,-,-
Y63,RXG,SOUTH WEST YORKSHIRE PARTNERSHIP NHS FOUNDATION TRUST,C_150,Neurosurgical Service,-,-,-,-,-,-,-,-
Y63,RXG,SOUTH WEST YORKSHIRE PARTNERSHIP NHS FOUNDATION TRUST,C_160,Plastic Surgery Service,-,-,-,-,-,-,-,-
Y63,RXG,SOUTH WEST YORKSHIRE PARTNERSHIP NHS FOUNDATION TRUST,C_170,Cardiothoracic Surgery Service,-,-,-,-,-,-,-,-
Y63,RXG,SOUTH WEST YORKSHIRE PARTNERSHIP NHS FOUNDATION TRUST,C_300,General Internal Medicine Service,-,-,-,-,-,-,-,-
Y63,RXG,SOUTH WEST YORKSHIRE PARTNERSHIP NHS FOUNDATION TRUST,C_301,Gastroenterology Service,-,-,-,-,-,-,-,-
Y63,RXG,SOUTH WEST YORKSHIRE PARTNERSHIP NHS FOUNDATION TRUST,C_320,Cardiology Service,-,-,-,-,-,-,-,-
Y63,RXG,SOUTH WEST YORKSHIRE PARTNERSHIP NHS FOUNDATION TRUST,C_330,Dermatology Service,-,-,-,-,-,-,-,-
Y63,RXG,SOUTH WEST YORKSHIRE PARTNERSHIP NHS FOUNDATION TRUST,C_340,Respiratory Medicine Service,-,-,-,-,-,-,-,-
Y63,RXG,SOUTH WEST YORKSHIRE PARTNERSHIP NHS FOUNDATION TRUST,C_400,Neurology Service,-,-,-,-,-,-,-,-
Y63,RXG,SOUTH WEST YORKSHIRE PARTNERSHIP NHS FOUNDATION TRUST,C_410,Rheumatology Service,-,-,-,-,-,-,-,-
Y63,RXG,SOUTH WEST YORKSHIRE PARTNERSHIP NHS FOUNDATION TRUST,C_430,Elderly Medicine Service,-,-,-,-,-,-,-,-
Y63,RXG,SOUTH WEST YORKSHIRE PARTNERSHIP NHS FOUNDATION TRUST,C_502,Gynaecology Service,-,-,-,-,-,-,-,-
Y63,RXG,SOUTH WEST YORKSHIRE PARTNERSHIP NHS FOUNDATION TRUST,X02,Other - Medical Services,-,-,-,-,-,-,-,-
Y63,RXG,SOUTH WEST YORKSHIRE PARTNERSHIP NHS FOUNDATION TRUST,X03,Other - Mental Health Services,-,-,-,-,-,-,-,-
Y63,RXG,SOUTH WEST YORKSHIRE PARTNERSHIP NHS FOUNDATION TRUST,X04,Other - Paediatric Services,-,-,-,-,-,-,-,-
Y63,RXG,SOUTH WEST YORKSHIRE PARTNERSHIP NHS FOUNDATION TRUST,X05,Other - Surgical Services,-,-,-,-,-,-,-,-
Y63,RXG,SOUTH WEST YORKSHIRE PARTNERSHIP NHS FOUNDATION TRUST,X06,Other - Other Services,"4,138","4,021",97.20%,6.3,15.6,-,-,-
Y63,RXP,COUNTY DURHAM AND DARLINGTON NHS FOUNDATION TRUST,C_100,General Surgery Service,"4,315","2,829",65.60%,11.9,35.9,16,-,-
Y63,RXP,COUNTY DURHAM AND DARLINGTON NHS FOUNDATION TRUST,C_101,Urology Service,-,-,-,-,-,-,-,-
Y63,RXP,COUNTY DURHAM AND DARLINGTON NHS FOUNDATION TRUST,C_110,Trauma and Orthopaedic Service,"7,546","6,097",80.80%,7.9,32.4,94,-,1
Y63,RXP,COUNTY DURHAM AND DARLINGTON NHS FOUNDATION TRUST,C_120,Ear Nose and Throat Service,"2,827","1,511",53.40%,16.7,31.6,-,-,-
Y63,RXP,COUNTY DURHAM AND DARLINGTON NHS FOUNDATION TRUST,C_130,Ophthalmology Service,"2,669","1,794",67.20%,11.6,35.6,18,-,-
Y63,RXP,COUNTY DURHAM AND DARLINGTON NHS FOUNDATION TRUST,C_140,Oral Surgery Service,698,346,49.60%,18.2,37.7,-,-,-
Y63,RXP,COUNTY DURHAM AND DARLINGTON NHS FOUNDATION TRUST,C_150,Neurosurgical Service,-,-,-,-,-,-,-,-
Y63,RXP,COUNTY DURHAM AND DARLINGTON NHS FOUNDATION TRUST,C_160,Plastic Surgery Service,"1,596",894,56.00%,15.3,41.8,31,-,-
Y63,RXP,COUNTY DURHAM AND DARLINGTON NHS FOUNDATION TRUST,C_170,Cardiothoracic Surgery Service,2,1,50.00%,-,-,-,-,-
Y63,RXP,COUNTY DURHAM AND DARLINGTON NHS FOUNDATION TRUST,C_300,General Internal Medicine Service,"1,110",782,70.50%,11.5,32.3,2,-,-
Y63,RXP,COUNTY DURHAM AND DARLINGTON NHS FOUNDATION TRUST,C_301,Gastroenterology Service,"2,587","1,736",67.10%,12,31.8,1,-,-
Y63,RXP,COUNTY DURHAM AND DARLINGTON NHS FOUNDATION TRUST,C_320,Cardiology Service,"1,521","1,225",80.50%,8.6,28,1,-,-
Y63,RXP,COUNTY DURHAM AND DARLINGTON NHS FOUNDATION TRUST,C_330,Dermatology Service,"3,417","2,426",71.00%,11.9,29.9,19,-,-
Y63,RXP,COUNTY DURHAM AND DARLINGTON NHS FOUNDATION TRUST,C_340,Respiratory Medicine Service,"1,200",774,64.50%,11.5,35.5,-,-,-
Y63,RXP,COUNTY DURHAM AND DARLINGTON NHS FOUNDATION TRUST,C_400,Neurology Service,-,-,-,-,-,-,-,-
Y63,RXP,COUNTY DURHAM AND DARLINGTON NHS FOUNDATION TRUST,C_410,Rheumatology Service,804,557,69.30%,11.5,32,1,-,-
Y63,RXP,COUNTY DURHAM AND DARLINGTON NHS FOUNDATION TRUST,C_430,Elderly Medicine Service,299,288,96.30%,6.5,14.3,-,-,-
Y63,RXP,COUNTY DURHAM AND DARLINGTON NHS FOUNDATION TRUST,C_502,Gynaecology Service,"3,828","2,327",60.80%,13.6,40.7,61,-,-
Y63,RXP,COUNTY DURHAM AND DARLINGTON NHS FOUNDATION TRUST,X02,Other - Medical Services,130,111,85.40%,4.3,28.6,-,-,-
Y63,RXP,COUNTY DURHAM AND DARLINGTON NHS FOUNDATION TRUST,X03,Other - Mental Health Services,595,465,78.20%,9.6,27.1,-,-,-
Y63,RXP,COUNTY DURHAM AND DARLINGTON NHS FOUNDATION TRUST,X04,Other - Paediatric Services,"3,521","2,575",73.10%,10.6,31.4,18,-,-
Y63,RXP,COUNTY DURHAM AND DARLINGTON NHS FOUNDATION TRUST,X05,Other - Surgical Services,-,-,-,-,-,-,-,-
Y63,RXP,COUNTY DURHAM AND DARLINGTON NHS FOUNDATION TRUST,X06,Other - Other Services,-,-,-,-,-,-,-,-
Y63,RY6,LEEDS COMMUNITY HEALTHCARE NHS TRUST,C_100,General Surgery Service,-,-,-,-,-,-,-,-
Y63,RY6,LEEDS COMMUNITY HEALTHCARE NHS TRUST,C_101,Urology Service,-,-,-,-,-,-,-,-
Y63,RY6,LEEDS COMMUNITY HEALTHCARE NHS TRUST,C_110,Trauma and Orthopaedic Service,-,-,-,-,-,-,-,-
Y63,RY6,LEEDS COMMUNITY HEALTHCARE NHS TRUST,C_120,Ear Nose and Throat Service,-,-,-,-,-,-,-,-
Y63,RY6,LEEDS COMMUNITY HEALTHCARE NHS TRUST,C_130,Ophthalmology Service,-,-,-,-,-,-,-,-
Y63,RY6,LEEDS COMMUNITY HEALTHCARE NHS TRUST,C_140,Oral Surgery Service,-,-,-,-,-,-,-,-
Y63,RY6,LEEDS COMMUNITY HEALTHCARE NHS TRUST,C_150,Neurosurgical Service,-,-,-,-,-,-,-,-
Y63,RY6,LEEDS COMMUNITY HEALTHCARE NHS TRUST,C_160,Plastic Surgery Service,-,-,-,-,-,-,-,-
Y63,RY6,LEEDS COMMUNITY HEALTHCARE NHS TRUST,C_170,Cardiothoracic Surgery Service,-,-,-,-,-,-,-,-
Y63,RY6,LEEDS COMMUNITY HEALTHCARE NHS TRUST,C_300,General Internal Medicine Service,-,-,-,-,-,-,-,-
Y63,RY6,LEEDS COMMUNITY HEALTHCARE NHS TRUST,C_301,Gastroenterology Service,-,-,-,-,-,-,-,-
Y63,RY6,LEEDS COMMUNITY HEALTHCARE NHS TRUST,C_320,Cardiology Service,-,-,-,-,-,-,-,-
Y63,RY6,LEEDS COMMUNITY HEALTHCARE NHS TRUST,C_330,Dermatology Service,-,-,-,-,-,-,-,-
Y63,RY6,LEEDS COMMUNITY HEALTHCARE NHS TRUST,C_340,Respiratory Medicine Service,-,-,-,-,-,-,-,-
Y63,RY6,LEEDS COMMUNITY HEALTHCARE NHS TRUST,C_400,Neurology Service,-,-,-,-,-,-,-,-
Y63,RY6,LEEDS COMMUNITY HEALTHCARE NHS TRUST,C_410,Rheumatology Service,-,-,-,-,-,-,-,-
Y63,RY6,LEEDS COMMUNITY HEALTHCARE NHS TRUST,C_430,Elderly Medicine Service,-,-,-,-,-,-,-,-
Y63,RY6,LEEDS COMMUNITY HEALTHCARE NHS TRUST,C_502,Gynaecology Service,115,63,54.80%,17.6,54,25,-,-
Y63,RY6,LEEDS COMMUNITY HEALTHCARE NHS TRUST,X02,Other - Medical Services,-,-,-,-,-,-,-,-
Y63,RY6,LEEDS COMMUNITY HEALTHCARE NHS TRUST,X03,Other - Mental Health Services,-,-,-,-,-,-,-,-
Y63,RY6,LEEDS COMMUNITY HEALTHCARE NHS TRUST,X04,Other - Paediatric Services,-,-,-,-,-,-,-,-
Y63,RY6,LEEDS COMMUNITY HEALTHCARE NHS TRUST,X05,Other - Surgical Services,-,-,-,-,-,-,-,-
Y63,RY6,LEEDS COMMUNITY HEALTHCARE NHS TRUST,X06,Other - Other Services,-,-,-,-,-,-,-,-
Y63,TAD,BRADFORD DISTRICT CARE NHS FOUNDATION TRUST,C_100,General Surgery Service,-,-,-,-,-,-,-,-
Y63,TAD,BRADFORD DISTRICT CARE NHS FOUNDATION TRUST,C_101,Urology Service,-,-,-,-,-,-,-,-
Y63,TAD,BRADFORD DISTRICT CARE NHS FOUNDATION TRUST,C_110,Trauma and Orthopaedic Service,-,-,-,-,-,-,-,-
Y63,TAD,BRADFORD DISTRICT CARE NHS FOUNDATION TRUST,C_120,Ear Nose and Throat Service,-,-,-,-,-,-,-,-
Y63,TAD,BRADFORD DISTRICT CARE NHS FOUNDATION TRUST,C_130,Ophthalmology Service,-,-,-,-,-,-,-,-
Y63,TAD,BRADFORD DISTRICT CARE NHS FOUNDATION TRUST,C_140,Oral Surgery Service,-,-,-,-,-,-,-,-
Y63,TAD,BRADFORD DISTRICT CARE NHS FOUNDATION TRUST,C_150,Neurosurgical Service,-,-,-,-,-,-,-,-
Y63,TAD,BRADFORD DISTRICT CARE NHS FOUNDATION TRUST,C_160,Plastic Surgery Service,-,-,-,-,-,-,-,-
Y63,TAD,BRADFORD DISTRICT CARE NHS FOUNDATION TRUST,C_170,Cardiothoracic Surgery Service,-,-,-,-,-,-,-,-
Y63,TAD,BRADFORD DISTRICT CARE NHS FOUNDATION TRUST,C_300,General Internal Medicine Service,-,-,-,-,-,-,-,-
Y63,TAD,BRADFORD DISTRICT CARE NHS FOUNDATION TRUST,C_301,Gastroenterology Service,-,-,-,-,-,-,-,-
Y63,TAD,BRADFORD DISTRICT CARE NHS FOUNDATION TRUST,C_320,Cardiology Service,-,-,-,-,-,-,-,-
Y63,TAD,BRADFORD DISTRICT CARE NHS FOUNDATION TRUST,C_330,Dermatology Service,-,-,-,-,-,-,-,-
Y63,TAD,BRADFORD DISTRICT CARE NHS FOUNDATION TRUST,C_340,Respiratory Medicine Service,-,-,-,-,-,-,-,-
Y63,TAD,BRADFORD DISTRICT CARE NHS FOUNDATION TRUST,C_400,Neurology Service,-,-,-,-,-,-,-,-
Y63,TAD,BRADFORD DISTRICT CARE NHS FOUNDATION TRUST,C_410,Rheumatology Service,-,-,-,-,-,-,-,-
Y63,TAD,BRADFORD DISTRICT CARE NHS FOUNDATION TRUST,C_430,Elderly Medicine Service,-,-,-,-,-,-,-,-
Y63,TAD,BRADFORD DISTRICT CARE NHS FOUNDATION TRUST,C_502,Gynaecology Service,-,-,-,-,-,-,-,-
Y63,TAD,BRADFORD DISTRICT CARE NHS FOUNDATION TRUST,X02,Other - Medical Services,483,290,60.00%,14.7,46.6,17,-,1
Y63,TAD,BRADFORD DISTRICT CARE NHS FOUNDATION TRUST,X03,Other - Mental Health Services,-,-,-,-,-,-,-,-
Y63,TAD,BRADFORD DISTRICT CARE NHS FOUNDATION TRUST,X04,Other - Paediatric Services,-,-,-,-,-,-,-,-
Y63,TAD,BRADFORD DISTRICT CARE NHS FOUNDATION TRUST,X05,Other - Surgical Services,-,-,-,-,-,-,-,-
Y63,TAD,BRADFORD DISTRICT CARE NHS FOUNDATION TRUST,X06,Other - Other Services,-,-,-,-,-,-,-,-
